timestamp_standard,timestamp_local,elec_total_kwh,elec_heating_kwh,elec_cooling_kwh,elec_hot_water_kwh,elec_other_kwh,gas_total_therms,gas_heating_therms,gas_hot_water_therms,gas_other_therms
2018-01-01 00:00:00,2018-01-01 00:00,0.91132,0.24477,0.0,0.06622,0.60033,0.39498,0.39272,0.0,0.00226
2018-01-01 01:00:00,2018-01-01 01:00,0.74054,0.24549,0.00399,0.0045,0.48656,0.60186,0.60147,0.0,0.0004
2018-01-01 02:00:00,2018-01-01 02:00,0.7239,0.24637,0.00157,0.00706,0.46891,0.63774,0.63756,0.0,0.00018
2018-01-01 03:00:00,2018-01-01 03:00,0.70233,0.24752,0.0,0.01237,0.44245,0.65225,0.6521,0.0,0.00015
2018-01-01 04:00:00,2018-01-01 04:00,0.70404,0.24655,0.00133,0.01676,0.43939,0.65793,0.65743,0.0,0.0005
2018-01-01 05:00:00,2018-01-01 05:00,0.73623,0.24865,0.0,0.03331,0.45427,0.6808,0.67948,0.0,0.00133
2018-01-01 06:00:00,2018-01-01 06:00,0.81959,0.24865,0.0,0.08177,0.48917,0.69419,0.69301,0.0,0.00118
2018-01-01 07:00:00,2018-01-01 07:00,1.08669,0.24865,0.0,0.16501,0.67303,0.70926,0.70646,0.0,0.0028
2018-01-01 08:00:00,2018-01-01 08:00,1.21615,0.24865,0.0,0.23026,0.73725,0.71598,0.71041,0.0,0.00557
2018-01-01 09:00:00,2018-01-01 09:00,1.23659,0.24848,0.0,0.17922,0.80889,0.71618,0.70843,0.0,0.00775
2018-01-01 10:00:00,2018-01-01 10:00,1.19896,0.24825,0.0,0.15314,0.79757,0.6886,0.68503,0.0,0.00357
2018-01-01 11:00:00,2018-01-01 11:00,1.10291,0.24865,0.0,0.14689,0.70737,0.65262,0.64836,0.0,0.00426
2018-01-01 12:00:00,2018-01-01 12:00,1.10431,0.24813,0.0,0.15623,0.69995,0.60728,0.60375,0.0,0.00353
2018-01-01 13:00:00,2018-01-01 13:00,1.15365,0.24836,0.00209,0.15695,0.74625,0.57884,0.57524,0.0,0.00359
2018-01-01 14:00:00,2018-01-01 14:00,1.15353,0.24806,0.0,0.16744,0.73802,0.53547,0.5325,0.0,0.00297
2018-01-01 15:00:00,2018-01-01 15:00,1.17313,0.24865,0.0,0.15986,0.76462,0.50999,0.5071,0.0,0.0029
2018-01-01 16:00:00,2018-01-01 16:00,1.24576,0.24865,0.0,0.16431,0.8328,0.50414,0.50136,0.0,0.00278
2018-01-01 17:00:00,2018-01-01 17:00,1.31154,0.24849,0.00098,0.17642,0.88565,0.5234,0.51865,0.0,0.00475
2018-01-01 18:00:00,2018-01-01 18:00,1.54,0.24793,0.00107,0.19011,1.1009,0.54082,0.53596,0.0,0.00486
2018-01-01 19:00:00,2018-01-01 19:00,1.81785,0.2447,0.0,0.20631,1.36684,0.55642,0.54925,0.0,0.00717
2018-01-01 20:00:00,2018-01-01 20:00,1.85153,0.24645,0.0,0.19404,1.41105,0.5698,0.56434,0.0,0.00546
2018-01-01 21:00:00,2018-01-01 21:00,1.83721,0.24618,0.00062,0.16105,1.42936,0.58026,0.57315,0.0,0.00711
2018-01-01 22:00:00,2018-01-01 22:00,1.60526,0.24516,0.0,0.13196,1.22814,0.58304,0.57698,0.0,0.00606
2018-01-01 23:00:00,2018-01-01 23:00,1.22128,0.24758,0.0,0.10991,0.86378,0.60489,0.60051,0.0,0.00438
2018-01-02 00:00:00,2018-01-02 00:00,0.90762,0.2467,0.0,0.0928,0.56813,0.60179,0.5991,0.0,0.0027
2018-01-02 01:00:00,2018-01-02 01:00,0.78664,0.24549,0.00389,0.06043,0.47683,0.59778,0.5969,0.0,0.00088
2018-01-02 02:00:00,2018-01-02 02:00,0.75056,0.24637,0.0016,0.05593,0.44667,0.6008,0.60062,0.0,0.00018
2018-01-02 03:00:00,2018-01-02 03:00,0.71932,0.24763,0.0,0.03315,0.43854,0.6126,0.61245,0.0,0.00015
2018-01-02 04:00:00,2018-01-02 04:00,0.75078,0.24655,0.00125,0.04798,0.455,0.61943,0.61863,0.0,0.0008
2018-01-02 05:00:00,2018-01-02 05:00,0.81,0.24865,0.0,0.09844,0.46292,0.64016,0.63933,0.0,0.00083
2018-01-02 06:00:00,2018-01-02 06:00,0.87151,0.24865,0.0,0.14598,0.47688,0.65648,0.65523,0.0,0.00125
2018-01-02 07:00:00,2018-01-02 07:00,1.03539,0.24865,0.0,0.20756,0.57918,0.67298,0.66923,0.0,0.00375
2018-01-02 08:00:00,2018-01-02 08:00,1.2095,0.24865,0.0,0.26141,0.69945,0.67143,0.66849,0.0,0.00293
2018-01-02 09:00:00,2018-01-02 09:00,1.24667,0.24848,0.0,0.24929,0.7489,0.66793,0.66382,0.0,0.00411
2018-01-02 10:00:00,2018-01-02 10:00,1.15976,0.24825,0.0,0.20825,0.70326,0.64591,0.6416,0.0,0.00431
2018-01-02 11:00:00,2018-01-02 11:00,1.1265,0.24851,0.0,0.17077,0.70722,0.60864,0.60175,0.0,0.00689
2018-01-02 12:00:00,2018-01-02 12:00,1.14439,0.24813,0.0,0.14773,0.74853,0.55191,0.54394,0.0,0.00797
2018-01-02 13:00:00,2018-01-02 13:00,1.19802,0.24806,0.00208,0.15363,0.79426,0.52178,0.51793,0.0,0.00385
2018-01-02 14:00:00,2018-01-02 14:00,1.14685,0.24806,0.0,0.17702,0.72177,0.49909,0.4932,0.0,0.00589
2018-01-02 15:00:00,2018-01-02 15:00,1.14761,0.24865,0.0,0.1966,0.70237,0.48478,0.48272,0.0,0.00206
2018-01-02 16:00:00,2018-01-02 16:00,1.24082,0.24865,0.0,0.16646,0.82572,0.48354,0.47848,0.0,0.00506
2018-01-02 17:00:00,2018-01-02 17:00,1.31533,0.2485,0.00075,0.17263,0.89345,0.48238,0.47647,0.0,0.00591
2018-01-02 18:00:00,2018-01-02 18:00,1.50871,0.2475,0.00094,0.17032,1.08994,0.4685,0.46189,0.0,0.00661
2018-01-02 19:00:00,2018-01-02 19:00,1.71962,0.24365,0.0,0.18446,1.29151,0.44831,0.44322,0.0,0.00508
2018-01-02 20:00:00,2018-01-02 20:00,1.90482,0.24439,0.00034,0.2346,1.42549,0.44124,0.43645,0.0,0.00479
2018-01-02 21:00:00,2018-01-02 21:00,1.88948,0.24535,0.00062,0.183,1.46051,0.43226,0.42704,0.0,0.00522
2018-01-02 22:00:00,2018-01-02 22:00,1.59095,0.24354,0.0,0.15892,1.18848,0.43035,0.42754,0.0,0.00281
2018-01-02 23:00:00,2018-01-02 23:00,1.21198,0.24683,0.0,0.128,0.83715,0.44633,0.44512,0.0,0.00122
2018-01-03 00:00:00,2018-01-03 00:00,0.91286,0.24544,0.0,0.0862,0.58122,0.45363,0.45148,0.0,0.00215
2018-01-03 01:00:00,2018-01-03 01:00,0.78091,0.24318,0.00313,0.04496,0.48965,0.45928,0.45775,0.0,0.00153
2018-01-03 02:00:00,2018-01-03 02:00,0.76351,0.24561,0.00183,0.03867,0.47739,0.47042,0.4696,0.0,0.00082
2018-01-03 03:00:00,2018-01-03 03:00,0.76619,0.24681,0.0,0.05373,0.46565,0.4876,0.48725,0.0,0.00036
2018-01-03 04:00:00,2018-01-03 04:00,0.7649,0.24551,0.00127,0.0739,0.44421,0.50238,0.5015,0.0,0.00089
2018-01-03 05:00:00,2018-01-03 05:00,0.79505,0.24852,0.0,0.08694,0.4596,0.52842,0.52754,0.0,0.00088
2018-01-03 06:00:00,2018-01-03 06:00,0.89386,0.2485,0.0,0.14023,0.50513,0.55158,0.54829,0.0,0.00329
2018-01-03 07:00:00,2018-01-03 07:00,1.11022,0.24865,0.0,0.21147,0.65011,0.56981,0.56478,0.0,0.00503
2018-01-03 08:00:00,2018-01-03 08:00,1.23938,0.2481,0.0,0.26584,0.72545,0.57062,0.56625,0.0,0.00437
2018-01-03 09:00:00,2018-01-03 09:00,1.28671,0.24832,0.0,0.25579,0.78261,0.58218,0.57821,0.0,0.00397
2018-01-03 10:00:00,2018-01-03 10:00,1.23973,0.2481,0.0,0.19448,0.79716,0.58005,0.57729,0.0,0.00276
2018-01-03 11:00:00,2018-01-03 11:00,1.12722,0.24851,0.0,0.15788,0.72083,0.55371,0.55169,0.0,0.00202
2018-01-03 12:00:00,2018-01-03 12:00,1.14888,0.24784,0.0,0.17813,0.7229,0.51251,0.50919,0.0,0.00332
2018-01-03 13:00:00,2018-01-03 13:00,1.18509,0.24806,0.00216,0.18521,0.74966,0.50002,0.49745,0.0,0.00257
2018-01-03 14:00:00,2018-01-03 14:00,1.1762,0.24806,0.0,0.18191,0.74623,0.47783,0.47363,0.0,0.0042
2018-01-03 15:00:00,2018-01-03 15:00,1.1792,0.24865,0.0,0.19175,0.7388,0.4704,0.4661,0.0,0.00429
2018-01-03 16:00:00,2018-01-03 16:00,1.2736,0.24865,0.0,0.19268,0.83227,0.47434,0.4687,0.0,0.00564
2018-01-03 17:00:00,2018-01-03 17:00,1.40699,0.24849,0.00102,0.20856,0.94893,0.49386,0.48915,0.0,0.00471
2018-01-03 18:00:00,2018-01-03 18:00,1.55434,0.24793,0.00103,0.19613,1.10925,0.508,0.50205,0.0,0.00595
2018-01-03 19:00:00,2018-01-03 19:00,1.75179,0.2441,0.0,0.20228,1.30542,0.50972,0.50597,0.0,0.00374
2018-01-03 20:00:00,2018-01-03 20:00,1.85395,0.24571,9e-05,0.20535,1.40282,0.52227,0.51983,0.0,0.00243
2018-01-03 21:00:00,2018-01-03 21:00,1.72004,0.24623,0.00058,0.14776,1.32547,0.5239,0.52162,0.0,0.00228
2018-01-03 22:00:00,2018-01-03 22:00,1.48138,0.24498,0.0,0.12337,1.11303,0.5297,0.52772,0.0,0.00198
2018-01-03 23:00:00,2018-01-03 23:00,1.18754,0.24758,0.0,0.07961,0.86034,0.55464,0.5533,0.0,0.00134
2018-01-04 00:00:00,2018-01-04 00:00,0.91926,0.24606,0.0,0.06575,0.60745,0.55737,0.55613,0.0,0.00124
2018-01-04 01:00:00,2018-01-04 01:00,0.78414,0.24468,0.00392,0.05558,0.47995,0.54895,0.54836,0.0,0.0006
2018-01-04 02:00:00,2018-01-04 02:00,0.7588,0.24585,0.00179,0.05637,0.45479,0.54735,0.5467,0.0,0.00064
2018-01-04 03:00:00,2018-01-04 03:00,0.73683,0.24738,0.0,0.04618,0.44326,0.55664,0.55646,0.0,0.00018
2018-01-04 04:00:00,2018-01-04 04:00,0.73788,0.24655,0.00126,0.04816,0.44191,0.56861,0.56763,0.0,0.00098
2018-01-04 05:00:00,2018-01-04 05:00,0.79209,0.24852,0.0,0.07048,0.47309,0.59621,0.59485,0.0,0.00135
2018-01-04 06:00:00,2018-01-04 06:00,0.89229,0.24865,0.0,0.13029,0.51335,0.60985,0.60837,0.0,0.00148
2018-01-04 07:00:00,2018-01-04 07:00,1.05255,0.24865,0.0,0.19174,0.61216,0.6211,0.61699,0.0,0.00412
2018-01-04 08:00:00,2018-01-04 08:00,1.17178,0.24865,0.0,0.21697,0.70616,0.61785,0.6129,0.0,0.00495
2018-01-04 09:00:00,2018-01-04 09:00,1.15567,0.24832,0.0,0.22464,0.68271,0.61379,0.61065,0.0,0.00314
2018-01-04 10:00:00,2018-01-04 10:00,1.16685,0.2481,0.0,0.24965,0.66911,0.60142,0.60025,0.0,0.00116
2018-01-04 11:00:00,2018-01-04 11:00,1.10353,0.24851,0.0,0.18365,0.67136,0.57943,0.57642,0.0,0.00301
2018-01-04 12:00:00,2018-01-04 12:00,1.13515,0.24813,0.0,0.17205,0.71497,0.5371,0.53462,0.0,0.00248
2018-01-04 13:00:00,2018-01-04 13:00,1.17949,0.24806,0.00219,0.17718,0.75207,0.51614,0.51159,0.0,0.00455
2018-01-04 14:00:00,2018-01-04 14:00,1.16686,0.24806,0.0,0.17503,0.74377,0.47631,0.47183,0.0,0.00448
2018-01-04 15:00:00,2018-01-04 15:00,1.2174,0.24865,0.0,0.17704,0.79172,0.45601,0.45149,0.0,0.00452
2018-01-04 16:00:00,2018-01-04 16:00,1.27813,0.24865,0.0,0.1984,0.83108,0.45338,0.44932,0.0,0.00406
2018-01-04 17:00:00,2018-01-04 17:00,1.40774,0.24849,0.00104,0.21559,0.94262,0.4731,0.46853,0.0,0.00457
2018-01-04 18:00:00,2018-01-04 18:00,1.5421,0.24793,0.00103,0.17385,1.11929,0.49893,0.49143,0.0,0.00749
2018-01-04 19:00:00,2018-01-04 19:00,1.80694,0.24447,0.0,0.18534,1.37713,0.50619,0.49968,0.0,0.00652
2018-01-04 20:00:00,2018-01-04 20:00,1.86985,0.2457,0.00036,0.18651,1.43728,0.51421,0.51056,0.0,0.00365
2018-01-04 21:00:00,2018-01-04 21:00,1.79512,0.246,0.00061,0.16121,1.3873,0.52205,0.51824,0.0,0.00381
2018-01-04 22:00:00,2018-01-04 22:00,1.54154,0.24516,0.0,0.12359,1.17279,0.53635,0.53352,0.0,0.00283
2018-01-04 23:00:00,2018-01-04 23:00,1.15492,0.24758,0.0,0.09868,0.80866,0.56791,0.56569,0.0,0.00222
2018-01-05 00:00:00,2018-01-05 00:00,0.92573,0.24629,0.0,0.09344,0.58599,0.57528,0.5724,0.0,0.00288
2018-01-05 01:00:00,2018-01-05 01:00,0.79278,0.24469,0.00413,0.06647,0.47749,0.57994,0.5788,0.0,0.00114
2018-01-05 02:00:00,2018-01-05 02:00,0.73876,0.24617,0.00167,0.04527,0.44565,0.58831,0.58813,0.0,0.00018
2018-01-05 03:00:00,2018-01-05 03:00,0.71667,0.24775,0.0,0.03245,0.43647,0.60551,0.60535,0.0,0.00015
2018-01-05 04:00:00,2018-01-05 04:00,0.73848,0.24656,0.00118,0.05849,0.43226,0.61406,0.61373,0.0,0.00033
2018-01-05 05:00:00,2018-01-05 05:00,0.77767,0.24852,0.0,0.08843,0.44073,0.6356,0.63489,0.0,0.00071
2018-01-05 06:00:00,2018-01-05 06:00,0.86703,0.24865,0.0,0.14172,0.47666,0.65245,0.65072,0.0,0.00173
2018-01-05 07:00:00,2018-01-05 07:00,1.08777,0.24865,0.0,0.22484,0.61429,0.66788,0.66534,0.0,0.00254
2018-01-05 08:00:00,2018-01-05 08:00,1.20648,0.24865,0.0,0.25185,0.70598,0.6758,0.67236,0.0,0.00344
2018-01-05 09:00:00,2018-01-05 09:00,1.26773,0.24848,0.0,0.26434,0.7549,0.676,0.67146,0.0,0.00455
2018-01-05 10:00:00,2018-01-05 10:00,1.17874,0.24825,0.0,0.19813,0.73236,0.65097,0.64662,0.0,0.00435
2018-01-05 11:00:00,2018-01-05 11:00,1.16677,0.24851,0.0,0.17054,0.74771,0.61433,0.60979,0.0,0.00453
2018-01-05 12:00:00,2018-01-05 12:00,1.09017,0.24813,0.0,0.1478,0.69424,0.56524,0.55856,0.0,0.00668
2018-01-05 13:00:00,2018-01-05 13:00,1.15202,0.24806,0.00218,0.16554,0.73624,0.53145,0.52811,0.0,0.00334
2018-01-05 14:00:00,2018-01-05 14:00,1.15219,0.24806,0.0,0.15502,0.74911,0.49469,0.49056,0.0,0.00413
2018-01-05 15:00:00,2018-01-05 15:00,1.13218,0.24865,0.0,0.17251,0.71102,0.47105,0.46964,0.0,0.00141
2018-01-05 16:00:00,2018-01-05 16:00,1.2882,0.24865,0.0,0.18223,0.85732,0.47191,0.46823,0.0,0.00368
2018-01-05 17:00:00,2018-01-05 17:00,1.42424,0.24849,0.00102,0.17664,0.99809,0.49899,0.48982,0.0,0.00917
2018-01-05 18:00:00,2018-01-05 18:00,1.66192,0.24793,0.00106,0.21509,1.19784,0.51448,0.50916,0.0,0.00532
2018-01-05 19:00:00,2018-01-05 19:00,1.74707,0.24462,0.0,0.17573,1.32672,0.52149,0.51581,0.0,0.00568
2018-01-05 20:00:00,2018-01-05 20:00,1.81597,0.24599,0.00014,0.17301,1.39684,0.54662,0.54233,0.0,0.00429
2018-01-05 21:00:00,2018-01-05 21:00,1.86299,0.247,0.00058,0.18285,1.43257,0.56042,0.55668,0.0,0.00374
2018-01-05 22:00:00,2018-01-05 22:00,1.51503,0.24516,0.0,0.1239,1.14597,0.57209,0.56723,0.0,0.00486
2018-01-05 23:00:00,2018-01-05 23:00,1.21807,0.24758,0.0,0.12211,0.84838,0.59914,0.59523,0.0,0.00391
2018-01-06 00:00:00,2018-01-06 00:00,0.91961,0.24629,0.0,0.08241,0.59091,0.60175,0.59952,0.0,0.00223
2018-01-06 01:00:00,2018-01-06 01:00,0.80968,0.24498,0.00411,0.05266,0.50792,0.60257,0.60151,0.0,0.00106
2018-01-06 02:00:00,2018-01-06 02:00,0.75496,0.24672,0.00154,0.03846,0.46825,0.61301,0.61259,0.0,0.00043
2018-01-06 03:00:00,2018-01-06 03:00,0.73294,0.24775,0.0,0.04258,0.44261,0.63378,0.63363,0.0,0.00015
2018-01-06 04:00:00,2018-01-06 04:00,0.72787,0.24656,0.0011,0.04609,0.43412,0.64232,0.64213,0.0,0.00019
2018-01-06 05:00:00,2018-01-06 05:00,0.74319,0.24865,0.0,0.0495,0.44504,0.66467,0.66438,0.0,0.00029
2018-01-06 06:00:00,2018-01-06 06:00,0.82213,0.24865,0.0,0.0998,0.47368,0.68172,0.68085,0.0,0.00086
2018-01-06 07:00:00,2018-01-06 07:00,0.87429,0.24865,0.0,0.11944,0.5062,0.69575,0.69437,0.0,0.00138
2018-01-06 08:00:00,2018-01-06 08:00,1.01698,0.24865,0.0,0.14854,0.6198,0.69913,0.69576,0.0,0.00338
2018-01-06 09:00:00,2018-01-06 09:00,1.17882,0.24865,0.0,0.20343,0.72674,0.68616,0.67946,0.0,0.0067
2018-01-06 10:00:00,2018-01-06 10:00,1.33489,0.24865,0.0,0.22859,0.85765,0.6473,0.6402,0.0,0.0071
2018-01-06 11:00:00,2018-01-06 11:00,1.3604,0.24865,0.0,0.20847,0.90329,0.59823,0.59267,0.0,0.00556
2018-01-06 12:00:00,2018-01-06 12:00,1.29861,0.24865,0.0,0.19984,0.85012,0.54638,0.54028,0.0,0.0061
2018-01-06 13:00:00,2018-01-06 13:00,1.35703,0.24865,0.0,0.20716,0.90123,0.51867,0.51132,0.0,0.00734
2018-01-06 14:00:00,2018-01-06 14:00,1.354,0.24865,0.0,0.20427,0.90108,0.48136,0.4758,0.0,0.00556
2018-01-06 15:00:00,2018-01-06 15:00,1.4092,0.24865,0.0,0.22521,0.93534,0.46625,0.4606,0.0,0.00565
2018-01-06 16:00:00,2018-01-06 16:00,1.49696,0.24865,0.0,0.21952,1.02879,0.45766,0.45291,0.0,0.00475
2018-01-06 17:00:00,2018-01-06 17:00,1.54109,0.24865,0.0,0.23398,1.05846,0.4679,0.46281,0.0,0.00509
2018-01-06 18:00:00,2018-01-06 18:00,1.66994,0.24763,0.00084,0.1989,1.22256,0.47517,0.46852,0.0,0.00665
2018-01-06 19:00:00,2018-01-06 19:00,1.78763,0.24391,0.0,0.15863,1.38509,0.46483,0.46026,0.0,0.00457
2018-01-06 20:00:00,2018-01-06 20:00,1.96829,0.24523,0.00047,0.16058,1.56201,0.46688,0.46204,0.0,0.00484
2018-01-06 21:00:00,2018-01-06 21:00,1.90667,0.2458,0.0007,0.17228,1.48789,0.45773,0.45404,0.0,0.00369
2018-01-06 22:00:00,2018-01-06 22:00,1.73781,0.24376,0.0,0.13262,1.36143,0.45688,0.45272,0.0,0.00416
2018-01-06 23:00:00,2018-01-06 23:00,1.31788,0.24707,0.0,0.12586,0.94496,0.45922,0.45759,0.0,0.00163
2018-01-07 00:00:00,2018-01-07 00:00,0.96475,0.24554,0.0,0.10358,0.61562,0.44542,0.44399,0.0,0.00142
2018-01-07 01:00:00,2018-01-07 01:00,0.84001,0.24318,0.00314,0.07918,0.51452,0.43489,0.43351,0.0,0.00138
2018-01-07 02:00:00,2018-01-07 02:00,0.77059,0.24503,0.002,0.05637,0.46718,0.42582,0.42486,0.0,0.00096
2018-01-07 03:00:00,2018-01-07 03:00,0.76502,0.24583,0.0,0.06115,0.45805,0.42631,0.42599,0.0,0.00032
2018-01-07 04:00:00,2018-01-07 04:00,0.73996,0.24462,0.00114,0.05081,0.44339,0.42076,0.41993,0.0,0.00083
2018-01-07 05:00:00,2018-01-07 05:00,0.74974,0.24853,0.0,0.05257,0.44864,0.42998,0.42952,0.0,0.00046
2018-01-07 06:00:00,2018-01-07 06:00,0.80264,0.24865,0.0,0.08664,0.46735,0.43341,0.43289,0.0,0.00053
2018-01-07 07:00:00,2018-01-07 07:00,0.90627,0.24865,0.0,0.12641,0.53122,0.43951,0.43622,0.0,0.00328
2018-01-07 08:00:00,2018-01-07 08:00,1.08257,0.24865,0.0,0.19034,0.64358,0.43233,0.42957,0.0,0.00276
2018-01-07 09:00:00,2018-01-07 09:00,1.2817,0.24865,0.0,0.25153,0.78152,0.42917,0.42318,0.0,0.00599
2018-01-07 10:00:00,2018-01-07 10:00,1.33042,0.24865,0.0,0.24431,0.83747,0.41284,0.4062,0.0,0.00664
2018-01-07 11:00:00,2018-01-07 11:00,1.32937,0.24865,0.0,0.21366,0.86707,0.38151,0.37705,0.0,0.00446
2018-01-07 12:00:00,2018-01-07 12:00,1.31981,0.24865,0.0,0.18927,0.88189,0.34503,0.34006,0.0,0.00497
2018-01-07 13:00:00,2018-01-07 13:00,1.33558,0.24865,0.0,0.20036,0.88656,0.32843,0.32254,0.0,0.00589
2018-01-07 14:00:00,2018-01-07 14:00,1.30268,0.24865,0.0,0.20206,0.85196,0.30377,0.29987,0.0,0.0039
2018-01-07 15:00:00,2018-01-07 15:00,1.40015,0.24865,0.0,0.20254,0.94897,0.29242,0.28856,0.0,0.00385
2018-01-07 16:00:00,2018-01-07 16:00,1.41797,0.24865,0.0,0.21085,0.95848,0.27682,0.27439,0.0,0.00243
2018-01-07 17:00:00,2018-01-07 17:00,1.53117,0.24865,0.0,0.19154,1.09098,0.28519,0.28004,0.0,0.00514
2018-01-07 18:00:00,2018-01-07 18:00,1.78034,0.24611,0.0012,0.20573,1.32731,0.29013,0.2857,0.0,0.00443
2018-01-07 19:00:00,2018-01-07 19:00,1.87859,0.24243,0.0,0.21173,1.42443,0.28036,0.2765,0.0,0.00386
2018-01-07 20:00:00,2018-01-07 20:00,1.97159,0.24202,0.00124,0.15868,1.56965,0.27837,0.27259,0.0,0.00578
2018-01-07 21:00:00,2018-01-07 21:00,1.88484,0.23972,0.00119,0.15017,1.49375,0.26794,0.26261,0.0,0.00532
2018-01-07 22:00:00,2018-01-07 22:00,1.64192,0.23728,0.0,0.13138,1.27325,0.26329,0.25842,0.0,0.00487
2018-01-07 23:00:00,2018-01-07 23:00,1.23514,0.24359,0.0,0.10085,0.89069,0.27126,0.26744,0.0,0.00382
2018-01-08 00:00:00,2018-01-08 00:00,0.90799,0.2422,0.0,0.07999,0.5858,0.26407,0.26303,0.0,0.00104
2018-01-08 01:00:00,2018-01-08 01:00,0.82713,0.23983,0.00326,0.08357,0.50047,0.2629,0.26162,0.0,0.00128
2018-01-08 02:00:00,2018-01-08 02:00,0.7801,0.24276,0.00171,0.07032,0.46531,0.26932,0.26912,0.0,0.0002
2018-01-08 03:00:00,2018-01-08 03:00,0.75297,0.24379,0.0,0.05676,0.45242,0.28556,0.28541,0.0,0.00015
2018-01-08 04:00:00,2018-01-08 04:00,0.74416,0.24179,0.001,0.05509,0.44628,0.29623,0.29569,0.0,0.00054
2018-01-08 05:00:00,2018-01-08 05:00,0.76975,0.24667,0.0,0.07075,0.45233,0.31013,0.30899,0.0,0.00114
2018-01-08 06:00:00,2018-01-08 06:00,0.85717,0.24791,0.0,0.10829,0.50098,0.32306,0.32177,0.0,0.00129
2018-01-08 07:00:00,2018-01-08 07:00,1.12298,0.24818,0.0,0.2421,0.6327,0.33767,0.33523,0.0,0.00243
2018-01-08 08:00:00,2018-01-08 08:00,1.23467,0.24787,0.0,0.25289,0.73391,0.33433,0.32899,0.0,0.00534
2018-01-08 09:00:00,2018-01-08 09:00,1.27019,0.24815,0.0,0.21202,0.81002,0.33892,0.33467,0.0,0.00425
2018-01-08 10:00:00,2018-01-08 10:00,1.24443,0.2477,0.0,0.19336,0.80338,0.33275,0.33031,0.0,0.00244
2018-01-08 11:00:00,2018-01-08 11:00,1.26528,0.24787,0.0,0.20137,0.81604,0.30812,0.30253,0.0,0.00559
2018-01-08 12:00:00,2018-01-08 12:00,1.16723,0.24649,0.0,0.16023,0.7605,0.27098,0.26651,0.0,0.00447
2018-01-08 13:00:00,2018-01-08 13:00,1.33181,0.38858,0.00168,0.15169,0.78985,0.23636,0.23229,0.0,0.00407
2018-01-08 14:00:00,2018-01-08 14:00,1.61927,0.70499,0.0,0.16635,0.74792,0.16514,0.1601,0.0,0.00504
2018-01-08 15:00:00,2018-01-08 15:00,2.20587,1.15496,0.0,0.17198,0.87893,0.0912,0.08706,0.0,0.00415
2018-01-08 16:00:00,2018-01-08 16:00,2.57546,1.58478,0.0,0.17003,0.82066,0.02543,0.02266,0.0,0.00277
2018-01-08 17:00:00,2018-01-08 17:00,2.32192,1.15112,0.00077,0.1606,1.00942,0.09726,0.09414,0.0,0.00312
2018-01-08 18:00:00,2018-01-08 18:00,1.57471,0.24517,0.00143,0.16203,1.16608,0.23974,0.23161,0.0,0.00813
2018-01-08 19:00:00,2018-01-08 19:00,1.72504,0.24057,0.0,0.19253,1.29194,0.247,0.24273,0.0,0.00427
2018-01-08 20:00:00,2018-01-08 20:00,1.86396,0.24181,0.00159,0.21824,1.40232,0.26934,0.2647,0.0,0.00463
2018-01-08 21:00:00,2018-01-08 21:00,1.8177,0.24113,0.0014,0.14846,1.42671,0.27284,0.26809,0.0,0.00475
2018-01-08 22:00:00,2018-01-08 22:00,1.61828,0.23818,0.0,0.11762,1.26249,0.2721,0.26811,0.0,0.004
2018-01-08 23:00:00,2018-01-08 23:00,1.24827,0.24378,0.0,0.12296,0.88153,0.28276,0.2804,0.0,0.00236
2018-01-09 00:00:00,2018-01-09 00:00,0.95712,0.24275,0.0,0.08057,0.6338,0.28404,0.28307,0.0,0.00097
2018-01-09 01:00:00,2018-01-09 01:00,0.77657,0.23983,0.00342,0.04877,0.48456,0.27753,0.27617,0.0,0.00136
2018-01-09 02:00:00,2018-01-09 02:00,0.74435,0.24297,0.00178,0.04255,0.45705,0.27459,0.27391,0.0,0.00069
2018-01-09 03:00:00,2018-01-09 03:00,0.72383,0.24388,0.0,0.02966,0.45028,0.28235,0.28209,0.0,0.00026
2018-01-09 04:00:00,2018-01-09 04:00,0.76022,0.24168,0.00101,0.06621,0.45131,0.28495,0.28442,0.0,0.00053
2018-01-09 05:00:00,2018-01-09 05:00,0.81076,0.2461,0.0,0.09475,0.4699,0.29137,0.29004,0.0,0.00133
2018-01-09 06:00:00,2018-01-09 06:00,0.92708,0.24791,0.0,0.16301,0.51616,0.29856,0.29492,0.0,0.00363
2018-01-09 07:00:00,2018-01-09 07:00,1.09946,0.24818,0.0,0.20913,0.64214,0.30818,0.30316,0.0,0.00502
2018-01-09 08:00:00,2018-01-09 08:00,1.18316,0.24763,0.0,0.22879,0.70673,0.29752,0.29141,0.0,0.00611
2018-01-09 09:00:00,2018-01-09 09:00,1.18232,0.24752,0.0,0.2022,0.73259,0.29358,0.28874,0.0,0.00483
2018-01-09 10:00:00,2018-01-09 10:00,1.34147,0.36302,0.0,0.1853,0.79315,0.27339,0.26795,0.0,0.00544
2018-01-09 11:00:00,2018-01-09 11:00,1.9681,1.01477,0.0,0.18584,0.76749,0.15768,0.15081,0.0,0.00687
2018-01-09 12:00:00,2018-01-09 12:00,2.79474,1.85658,0.0,0.17471,0.76345,0.00618,0.0,0.0,0.00618
2018-01-09 13:00:00,2018-01-09 13:00,2.6234,1.74983,0.0,0.14209,0.73147,0.00279,0.0,0.0,0.00279
2018-01-09 14:00:00,2018-01-09 14:00,2.39265,1.54821,0.0,0.15612,0.68832,0.00403,0.0,0.0,0.00403
2018-01-09 15:00:00,2018-01-09 15:00,2.30085,1.38507,0.0,0.1517,0.76408,0.00318,0.0,0.0,0.00318
2018-01-09 16:00:00,2018-01-09 16:00,2.42096,1.35938,0.0,0.19143,0.87015,0.0043,0.0,0.0,0.0043
2018-01-09 17:00:00,2018-01-09 17:00,2.68698,1.54285,0.00078,0.17679,0.96656,0.00612,0.0,0.0,0.00612
2018-01-09 18:00:00,2018-01-09 18:00,3.0448,1.70508,0.00184,0.19318,1.1447,0.00481,0.0,0.0,0.00481
2018-01-09 19:00:00,2018-01-09 19:00,3.26935,1.74197,0.00015,0.20479,1.32245,0.00609,0.0,0.0,0.00609
2018-01-09 20:00:00,2018-01-09 20:00,3.41739,1.78266,0.00193,0.16315,1.46964,0.00617,0.0,0.0,0.00617
2018-01-09 21:00:00,2018-01-09 21:00,3.28923,1.77695,0.00183,0.12514,1.38531,0.00413,0.0,0.0,0.00413
2018-01-09 22:00:00,2018-01-09 22:00,3.00568,1.76579,0.0,0.11447,1.12542,0.00304,0.0,0.0,0.00304
2018-01-09 23:00:00,2018-01-09 23:00,2.74567,1.83808,2e-05,0.08413,0.82345,0.00115,0.0,0.0,0.00115
2018-01-10 00:00:00,2018-01-10 00:00,2.3347,1.67263,0.0,0.07291,0.58915,0.0315,0.02948,0.0,0.00202
2018-01-10 01:00:00,2018-01-10 01:00,1.86045,1.30943,0.0026,0.0587,0.48971,0.08316,0.08179,0.0,0.00138
2018-01-10 02:00:00,2018-01-10 02:00,0.94549,0.43595,0.00171,0.05427,0.45357,0.23185,0.23131,0.0,0.00054
2018-01-10 03:00:00,2018-01-10 03:00,0.88339,0.40143,0.0,0.0327,0.44926,0.23216,0.23152,0.0,0.00064
2018-01-10 04:00:00,2018-01-10 04:00,1.33421,0.84294,0.00102,0.04006,0.45019,0.16593,0.1654,0.0,0.00053
2018-01-10 05:00:00,2018-01-10 05:00,1.88402,1.32038,0.0,0.06645,0.49719,0.10064,0.10008,0.0,0.00056
2018-01-10 06:00:00,2018-01-10 06:00,2.01626,1.33927,0.0,0.13185,0.54514,0.10542,0.10354,0.0,0.00188
2018-01-10 07:00:00,2018-01-10 07:00,2.21772,1.3429,0.00028,0.21382,0.66071,0.10929,0.10515,0.0,0.00414
2018-01-10 08:00:00,2018-01-10 08:00,2.34241,1.32727,0.0,0.23153,0.78361,0.10892,0.1036,0.0,0.00532
2018-01-10 09:00:00,2018-01-10 09:00,2.37076,1.33306,0.0,0.22633,0.81136,0.11215,0.10775,0.0,0.0044
2018-01-10 10:00:00,2018-01-10 10:00,2.92659,1.92404,0.0,0.19114,0.8114,0.02268,0.0185,0.0,0.00418
2018-01-10 11:00:00,2018-01-10 11:00,2.94995,2.03733,0.0,0.17261,0.74001,0.00422,0.0,0.0,0.00422
2018-01-10 12:00:00,2018-01-10 12:00,2.9248,2.02585,0.0,0.13772,0.76123,0.00333,0.0,0.0,0.00333
2018-01-10 13:00:00,2018-01-10 13:00,2.89744,2.03325,0.0,0.15614,0.70806,0.00221,0.0,0.0,0.00221
2018-01-10 14:00:00,2018-01-10 14:00,2.8963,2.02302,0.0,0.16518,0.70811,0.00382,0.0,0.0,0.00382
2018-01-10 15:00:00,2018-01-10 15:00,2.89059,2.01013,0.0,0.14919,0.73128,0.00311,0.0,0.0,0.00311
2018-01-10 16:00:00,2018-01-10 16:00,2.90672,2.00907,0.0,0.14572,0.75193,0.00342,0.0,0.0,0.00342
2018-01-10 17:00:00,2018-01-10 17:00,3.14978,2.00502,0.0008,0.17886,0.9651,0.00336,0.0,0.0,0.00336
2018-01-10 18:00:00,2018-01-10 18:00,3.40213,1.97937,0.00154,0.18344,1.23777,0.0069,0.0,0.0,0.0069
2018-01-10 19:00:00,2018-01-10 19:00,3.44237,1.92881,0.0,0.18852,1.32504,0.00848,0.0,0.0,0.00848
2018-01-10 20:00:00,2018-01-10 20:00,3.41729,1.90559,0.0,0.15624,1.35546,0.00739,0.0,0.0,0.00739
2018-01-10 21:00:00,2018-01-10 21:00,3.34241,1.88127,0.00081,0.12128,1.33906,0.00433,0.0,0.0,0.00433
2018-01-10 22:00:00,2018-01-10 22:00,3.12798,1.86248,0.0,0.09857,1.16693,0.00321,0.0,0.0,0.00321
2018-01-10 23:00:00,2018-01-10 23:00,2.89165,1.87457,0.0,0.09677,0.92031,0.00176,0.0,0.0,0.00176
2018-01-11 00:00:00,2018-01-11 00:00,2.14088,1.46669,0.0,0.08989,0.58431,0.08574,0.08448,0.0,0.00126
2018-01-11 01:00:00,2018-01-11 01:00,2.06754,1.5269,0.0,0.06565,0.47499,0.06167,0.06107,0.0,0.00061
2018-01-11 02:00:00,2018-01-11 02:00,1.9342,1.44379,0.00115,0.04181,0.44745,0.11384,0.11366,0.0,0.00018
2018-01-11 03:00:00,2018-01-11 03:00,0.97941,0.50497,0.0,0.03006,0.44437,0.29397,0.29382,0.0,0.00015
2018-01-11 04:00:00,2018-01-11 04:00,0.73736,0.24338,0.00103,0.05169,0.44125,0.31217,0.31159,0.0,0.00058
2018-01-11 05:00:00,2018-01-11 05:00,0.75833,0.24709,0.0,0.06679,0.44445,0.32965,0.32878,0.0,0.00087
2018-01-11 06:00:00,2018-01-11 06:00,0.85405,0.24837,0.0,0.10382,0.50186,0.35223,0.34965,0.0,0.00258
2018-01-11 07:00:00,2018-01-11 07:00,1.04399,0.24865,0.0,0.16199,0.63335,0.38418,0.38019,0.0,0.00399
2018-01-11 08:00:00,2018-01-11 08:00,1.31407,0.2481,0.0,0.24654,0.81943,0.40199,0.39729,0.0,0.0047
2018-01-11 09:00:00,2018-01-11 09:00,1.2349,0.24832,0.0,0.24444,0.74214,0.4275,0.42223,0.0,0.00526
2018-01-11 10:00:00,2018-01-11 10:00,1.18298,0.2481,0.0,0.18834,0.74654,0.44362,0.43855,0.0,0.00506
2018-01-11 11:00:00,2018-01-11 11:00,1.22023,0.24834,0.0,0.16063,0.81126,0.4533,0.44745,0.0,0.00584
2018-01-11 12:00:00,2018-01-11 12:00,1.15119,0.24705,0.0,0.16727,0.73687,0.45097,0.44364,0.0,0.00733
2018-01-11 13:00:00,2018-01-11 13:00,1.10058,0.24805,0.00192,0.15184,0.69876,0.46327,0.45888,0.0,0.00439
2018-01-11 14:00:00,2018-01-11 14:00,1.07002,0.24806,0.0,0.13505,0.6869,0.46313,0.45911,0.0,0.00402
2018-01-11 15:00:00,2018-01-11 15:00,1.09927,0.24865,0.0,0.14584,0.70479,0.46621,0.46349,0.0,0.00273
2018-01-11 16:00:00,2018-01-11 16:00,1.21453,0.24865,0.0,0.17584,0.79004,0.47027,0.46712,0.0,0.00315
2018-01-11 17:00:00,2018-01-11 17:00,1.30553,0.24848,0.00096,0.16587,0.89022,0.47434,0.47036,0.0,0.00398
2018-01-11 18:00:00,2018-01-11 18:00,1.51437,0.24775,0.00093,0.16081,1.10487,0.47042,0.46387,0.0,0.00656
2018-01-11 19:00:00,2018-01-11 19:00,1.71026,0.24428,0.0,0.17801,1.28797,0.46,0.45316,0.0,0.00684
2018-01-11 20:00:00,2018-01-11 20:00,1.82083,0.24522,0.00095,0.16207,1.4126,0.46725,0.46142,0.0,0.00583
2018-01-11 21:00:00,2018-01-11 21:00,1.82253,0.24553,0.00072,0.13482,1.44146,0.47762,0.47453,0.0,0.0031
2018-01-11 22:00:00,2018-01-11 22:00,1.52375,0.24413,0.0,0.11526,1.16435,0.47357,0.4723,0.0,0.00127
2018-01-11 23:00:00,2018-01-11 23:00,1.18492,0.2474,0.0,0.09603,0.84149,0.49513,0.4944,0.0,0.00074
2018-01-12 00:00:00,2018-01-12 00:00,0.93248,0.24595,0.0,0.08245,0.60408,0.50325,0.50242,0.0,0.00083
2018-01-12 01:00:00,2018-01-12 01:00,0.79747,0.24428,0.00385,0.04511,0.50422,0.51203,0.51128,0.0,0.00074
2018-01-12 02:00:00,2018-01-12 02:00,0.75944,0.24602,0.00198,0.05139,0.46004,0.52791,0.52762,0.0,0.00029
2018-01-12 03:00:00,2018-01-12 03:00,0.7631,0.24673,0.0,0.04297,0.4734,0.55374,0.55358,0.0,0.00015
2018-01-12 04:00:00,2018-01-12 04:00,0.77592,0.24656,0.00113,0.06122,0.46702,0.56962,0.56934,0.0,0.00028
2018-01-12 05:00:00,2018-01-12 05:00,0.7486,0.24852,0.0,0.0577,0.44237,0.5946,0.59387,0.0,0.00073
2018-01-12 06:00:00,2018-01-12 06:00,0.86379,0.24865,0.0,0.13137,0.48377,0.61555,0.61422,0.0,0.00133
2018-01-12 07:00:00,2018-01-12 07:00,1.06114,0.24865,0.0,0.21617,0.59632,0.63386,0.63108,0.0,0.00278
2018-01-12 08:00:00,2018-01-12 08:00,1.2062,0.24865,0.0,0.25087,0.70668,0.64185,0.63727,0.0,0.00458
2018-01-12 09:00:00,2018-01-12 09:00,1.21036,0.24848,0.0,0.2046,0.75728,0.64626,0.64182,0.0,0.00443
2018-01-12 10:00:00,2018-01-12 10:00,1.1988,0.24825,0.0,0.21086,0.73969,0.63829,0.63195,0.0,0.00633
2018-01-12 11:00:00,2018-01-12 11:00,1.19398,0.24851,0.0,0.18732,0.75815,0.60081,0.59487,0.0,0.00594
2018-01-12 12:00:00,2018-01-12 12:00,1.10462,0.24813,0.0,0.16871,0.68777,0.54767,0.54306,0.0,0.0046
2018-01-12 13:00:00,2018-01-12 13:00,1.15212,0.24805,0.00229,0.16168,0.74011,0.52544,0.52084,0.0,0.00459
2018-01-12 14:00:00,2018-01-12 14:00,1.12144,0.24806,0.0,0.1683,0.70507,0.49208,0.48893,0.0,0.00315
2018-01-12 15:00:00,2018-01-12 15:00,1.21423,0.24865,0.0,0.18604,0.77955,0.47744,0.47465,0.0,0.00279
2018-01-12 16:00:00,2018-01-12 16:00,1.27399,0.24865,0.0,0.19098,0.83436,0.47237,0.46786,0.0,0.0045
2018-01-12 17:00:00,2018-01-12 17:00,1.37146,0.24849,0.00111,0.17456,0.94732,0.48393,0.47743,0.0,0.0065
2018-01-12 18:00:00,2018-01-12 18:00,1.61678,0.24734,0.00115,0.17018,1.1981,0.50138,0.494,0.0,0.00738
2018-01-12 19:00:00,2018-01-12 19:00,1.83884,0.24448,0.0,0.21134,1.38302,0.51117,0.50404,0.0,0.00713
2018-01-12 20:00:00,2018-01-12 20:00,1.80001,0.2457,0.0004,0.18131,1.3726,0.5229,0.51843,0.0,0.00447
2018-01-12 21:00:00,2018-01-12 21:00,1.7123,0.24599,0.00065,0.13184,1.33382,0.52753,0.5233,0.0,0.00423
2018-01-12 22:00:00,2018-01-12 22:00,1.58287,0.24534,0.0,0.1109,1.22662,0.53402,0.52951,0.0,0.00451
2018-01-12 23:00:00,2018-01-12 23:00,1.19225,0.24758,0.0,0.08244,0.86223,0.5531,0.54883,0.0,0.00427
2018-01-13 00:00:00,2018-01-13 00:00,0.90512,0.24609,0.0,0.06161,0.59743,0.54933,0.54767,0.0,0.00166
2018-01-13 01:00:00,2018-01-13 01:00,0.79425,0.24468,0.00402,0.05909,0.48645,0.55287,0.55156,0.0,0.00131
2018-01-13 02:00:00,2018-01-13 02:00,0.76862,0.24604,0.00161,0.06153,0.45944,0.56757,0.56739,0.0,0.00018
2018-01-13 03:00:00,2018-01-13 03:00,0.73645,0.2471,0.0,0.03711,0.45224,0.59181,0.59153,0.0,0.00028
2018-01-13 04:00:00,2018-01-13 04:00,0.74497,0.24656,0.00112,0.05097,0.44633,0.6059,0.60577,0.0,0.00013
2018-01-13 05:00:00,2018-01-13 05:00,0.76175,0.24865,0.0,0.05568,0.45742,0.63026,0.62992,0.0,0.00034
2018-01-13 06:00:00,2018-01-13 06:00,0.81213,0.24865,0.0,0.08918,0.47431,0.6489,0.64832,0.0,0.00058
2018-01-13 07:00:00,2018-01-13 07:00,0.90098,0.24865,0.0,0.12291,0.52943,0.6671,0.66594,0.0,0.00116
2018-01-13 08:00:00,2018-01-13 08:00,1.05609,0.24865,0.0,0.16399,0.64346,0.6757,0.67132,0.0,0.00439
2018-01-13 09:00:00,2018-01-13 09:00,1.26261,0.24865,0.0,0.22119,0.79277,0.67008,0.66366,0.0,0.00643
2018-01-13 10:00:00,2018-01-13 10:00,1.40381,0.24865,0.0,0.25371,0.90145,0.64554,0.63934,0.0,0.0062
2018-01-13 11:00:00,2018-01-13 11:00,1.32256,0.24865,0.0,0.20399,0.86992,0.602,0.59616,0.0,0.00584
2018-01-13 12:00:00,2018-01-13 12:00,1.30516,0.24865,0.0,0.1926,0.86391,0.55027,0.54719,0.0,0.00307
2018-01-13 13:00:00,2018-01-13 13:00,1.30599,0.24865,0.0,0.19521,0.86213,0.52154,0.51575,0.0,0.00579
2018-01-13 14:00:00,2018-01-13 14:00,1.27883,0.24865,0.0,0.18783,0.84235,0.47339,0.47113,0.0,0.00225
2018-01-13 15:00:00,2018-01-13 15:00,1.34449,0.24865,0.0,0.20072,0.89513,0.44798,0.44618,0.0,0.0018
2018-01-13 16:00:00,2018-01-13 16:00,1.40592,0.24865,0.0,0.19992,0.95735,0.43654,0.43356,0.0,0.00298
2018-01-13 17:00:00,2018-01-13 17:00,1.49498,0.24865,0.0,0.1882,1.05813,0.45626,0.44789,0.0,0.00837
2018-01-13 18:00:00,2018-01-13 18:00,1.71573,0.24755,0.00106,0.1989,1.2682,0.4806,0.47332,0.0,0.00727
2018-01-13 19:00:00,2018-01-13 19:00,1.8664,0.24428,0.0,0.22158,1.40054,0.49664,0.49141,0.0,0.00523
2018-01-13 20:00:00,2018-01-13 20:00,1.87217,0.2457,0.00036,0.16868,1.45743,0.51786,0.51422,0.0,0.00363
2018-01-13 21:00:00,2018-01-13 21:00,1.81363,0.246,0.00064,0.12453,1.44246,0.53153,0.52748,0.0,0.00406
2018-01-13 22:00:00,2018-01-13 22:00,1.66368,0.24516,0.0,0.12811,1.29041,0.54829,0.54499,0.0,0.00331
2018-01-13 23:00:00,2018-01-13 23:00,1.32641,0.24758,0.0,0.11748,0.96135,0.57728,0.57488,0.0,0.0024
2018-01-14 00:00:00,2018-01-14 00:00,1.04632,0.24629,0.0,0.08857,0.71146,0.58189,0.58025,0.0,0.00164
2018-01-14 01:00:00,2018-01-14 01:00,0.85885,0.24469,0.00433,0.06389,0.54594,0.57454,0.57422,0.0,0.00032
2018-01-14 02:00:00,2018-01-14 02:00,0.76147,0.24598,0.00167,0.04739,0.46644,0.57847,0.57815,0.0,0.00032
2018-01-14 03:00:00,2018-01-14 03:00,0.73865,0.24698,0.0,0.04255,0.44911,0.59951,0.59936,0.0,0.00015
2018-01-14 04:00:00,2018-01-14 04:00,0.74508,0.24656,0.00111,0.04939,0.44801,0.61004,0.60981,0.0,0.00023
2018-01-14 05:00:00,2018-01-14 05:00,0.76542,0.24865,0.0,0.05872,0.45806,0.62801,0.62746,0.0,0.00055
2018-01-14 06:00:00,2018-01-14 06:00,0.78461,0.24865,0.0,0.07226,0.4637,0.63698,0.63586,0.0,0.00112
2018-01-14 07:00:00,2018-01-14 07:00,0.89979,0.24865,0.0,0.10626,0.54488,0.63801,0.63518,0.0,0.00283
2018-01-14 08:00:00,2018-01-14 08:00,1.08689,0.24865,0.0,0.14922,0.68902,0.61876,0.61547,0.0,0.00329
2018-01-14 09:00:00,2018-01-14 09:00,1.35262,0.24865,0.0,0.24247,0.8615,0.60512,0.59813,0.0,0.007
2018-01-14 10:00:00,2018-01-14 10:00,1.42918,0.24865,0.0,0.26829,0.91224,0.58796,0.58371,0.0,0.00426
2018-01-14 11:00:00,2018-01-14 11:00,1.34527,0.24865,0.0,0.21806,0.87856,0.56449,0.55925,0.0,0.00524
2018-01-14 12:00:00,2018-01-14 12:00,1.37337,0.24865,0.0,0.21821,0.90652,0.53243,0.52607,0.0,0.00636
2018-01-14 13:00:00,2018-01-14 13:00,1.32639,0.24865,0.0,0.23947,0.83827,0.51375,0.50747,0.0,0.00628
2018-01-14 14:00:00,2018-01-14 14:00,1.34035,0.24865,0.0,0.22247,0.86923,0.48299,0.47702,0.0,0.00597
2018-01-14 15:00:00,2018-01-14 15:00,1.41194,0.24865,0.0,0.23304,0.93025,0.46639,0.46112,0.0,0.00527
2018-01-14 16:00:00,2018-01-14 16:00,1.46274,0.24865,0.0,0.23322,0.98087,0.44963,0.44674,0.0,0.00289
2018-01-14 17:00:00,2018-01-14 17:00,1.57976,0.24865,0.0,0.21788,1.11323,0.44591,0.44091,0.0,0.00501
2018-01-14 18:00:00,2018-01-14 18:00,1.65624,0.24738,0.00082,0.19863,1.20941,0.43318,0.42478,0.0,0.0084
2018-01-14 19:00:00,2018-01-14 19:00,1.79761,0.24314,0.0,0.19472,1.35975,0.41276,0.40487,0.0,0.00789
2018-01-14 20:00:00,2018-01-14 20:00,1.91073,0.24439,0.00049,0.17056,1.49529,0.40376,0.39394,0.0,0.00981
2018-01-14 21:00:00,2018-01-14 21:00,1.84206,0.24564,0.00081,0.13407,1.46155,0.38648,0.38225,0.0,0.00423
2018-01-14 22:00:00,2018-01-14 22:00,1.62216,0.24286,0.0,0.15175,1.22755,0.37651,0.3738,0.0,0.0027
2018-01-14 23:00:00,2018-01-14 23:00,1.31295,0.24642,0.0,0.10095,0.96559,0.39266,0.39111,0.0,0.00155
2018-01-15 00:00:00,2018-01-15 00:00,1.01483,0.24495,0.0,0.0881,0.68178,0.40162,0.40055,0.0,0.00108
2018-01-15 01:00:00,2018-01-15 01:00,0.90542,0.24298,0.00311,0.06757,0.59177,0.41587,0.41534,0.0,0.00054
2018-01-15 02:00:00,2018-01-15 02:00,0.81217,0.24503,0.00198,0.07308,0.49208,0.4348,0.43462,0.0,0.00018
2018-01-15 03:00:00,2018-01-15 03:00,0.75351,0.24601,0.0,0.05124,0.45626,0.45619,0.45557,0.0,0.00062
2018-01-15 04:00:00,2018-01-15 04:00,0.72856,0.24486,0.00117,0.03931,0.44323,0.46888,0.46874,0.0,0.00015
2018-01-15 05:00:00,2018-01-15 05:00,0.7494,0.24852,0.0,0.05686,0.44402,0.49453,0.49373,0.0,0.0008
2018-01-15 06:00:00,2018-01-15 06:00,0.89821,0.24837,0.0,0.13247,0.51736,0.51495,0.513,0.0,0.00195
2018-01-15 07:00:00,2018-01-15 07:00,1.13314,0.24865,0.0,0.21515,0.66934,0.54373,0.53923,0.0,0.00451
2018-01-15 08:00:00,2018-01-15 08:00,1.27268,0.2481,0.0,0.22857,0.79601,0.55252,0.5479,0.0,0.00462
2018-01-15 09:00:00,2018-01-15 09:00,1.28452,0.24832,0.0,0.23549,0.80072,0.56487,0.56112,0.0,0.00375
2018-01-15 10:00:00,2018-01-15 10:00,1.28255,0.2481,0.0,0.22798,0.80648,0.57553,0.57157,0.0,0.00396
2018-01-15 11:00:00,2018-01-15 11:00,1.10195,0.24851,0.0,0.17344,0.68,0.55819,0.55499,0.0,0.0032
2018-01-15 12:00:00,2018-01-15 12:00,1.12517,0.24784,0.0,0.1635,0.71382,0.53185,0.52863,0.0,0.00322
2018-01-15 13:00:00,2018-01-15 13:00,1.12702,0.24807,0.00179,0.15857,0.71859,0.5237,0.51988,0.0,0.00381
2018-01-15 14:00:00,2018-01-15 14:00,1.10559,0.24806,0.0,0.17509,0.68243,0.50035,0.49671,0.0,0.00363
2018-01-15 15:00:00,2018-01-15 15:00,1.11722,0.24865,0.0,0.16211,0.70646,0.49312,0.49005,0.0,0.00307
2018-01-15 16:00:00,2018-01-15 16:00,1.24858,0.24865,0.0,0.17161,0.82832,0.49718,0.49259,0.0,0.00458
2018-01-15 17:00:00,2018-01-15 17:00,1.38902,0.24849,0.00098,0.18525,0.9543,0.51065,0.50209,0.0,0.00856
2018-01-15 18:00:00,2018-01-15 18:00,1.67295,0.24793,0.00103,0.20283,1.22116,0.51881,0.50794,0.0,0.01086
2018-01-15 19:00:00,2018-01-15 19:00,1.84445,0.24428,0.0,0.19192,1.40825,0.51515,0.50576,0.0,0.0094
2018-01-15 20:00:00,2018-01-15 20:00,1.84498,0.24523,0.0003,0.17332,1.42613,0.51791,0.51302,0.0,0.00489
2018-01-15 21:00:00,2018-01-15 21:00,1.82038,0.24599,0.00064,0.14064,1.43311,0.52359,0.51768,0.0,0.00591
2018-01-15 22:00:00,2018-01-15 22:00,1.54067,0.24498,0.0,0.12433,1.17135,0.51653,0.51309,0.0,0.00344
2018-01-15 23:00:00,2018-01-15 23:00,1.22037,0.24758,0.0,0.11504,0.85775,0.5323,0.52891,0.0,0.00339
2018-01-16 00:00:00,2018-01-16 00:00,0.90723,0.24595,0.0,0.06295,0.59833,0.52671,0.52344,0.0,0.00327
2018-01-16 01:00:00,2018-01-16 01:00,0.77798,0.24423,0.00373,0.05043,0.47958,0.52011,0.51869,0.0,0.00142
2018-01-16 02:00:00,2018-01-16 02:00,0.77518,0.24584,0.00177,0.05918,0.46839,0.52654,0.52585,0.0,0.00069
2018-01-16 03:00:00,2018-01-16 03:00,0.75764,0.24698,0.0,0.0672,0.44346,0.54313,0.54287,0.0,0.00026
2018-01-16 04:00:00,2018-01-16 04:00,0.72117,0.24655,0.00117,0.04006,0.43339,0.55136,0.55123,0.0,0.00013
2018-01-16 05:00:00,2018-01-16 05:00,0.7543,0.24852,0.0,0.06688,0.4389,0.56471,0.56413,0.0,0.00057
2018-01-16 06:00:00,2018-01-16 06:00,0.87048,0.24865,0.0,0.12308,0.49875,0.57286,0.57034,0.0,0.00253
2018-01-16 07:00:00,2018-01-16 07:00,1.09687,0.24865,0.0,0.2022,0.64602,0.5871,0.58227,0.0,0.00483
2018-01-16 08:00:00,2018-01-16 08:00,1.2237,0.2481,0.0,0.24162,0.73398,0.58286,0.57716,0.0,0.0057
2018-01-16 09:00:00,2018-01-16 09:00,1.3015,0.24832,0.0,0.23011,0.82307,0.58456,0.58069,0.0,0.00386
2018-01-16 10:00:00,2018-01-16 10:00,1.21659,0.2481,0.0,0.19142,0.77707,0.582,0.57729,0.0,0.00472
2018-01-16 11:00:00,2018-01-16 11:00,1.17583,0.24851,0.0,0.16955,0.75777,0.54856,0.5436,0.0,0.00495
2018-01-16 12:00:00,2018-01-16 12:00,1.15696,0.24784,0.0,0.15847,0.75064,0.50195,0.49933,0.0,0.00262
2018-01-16 13:00:00,2018-01-16 13:00,1.14348,0.24805,0.00232,0.16339,0.72972,0.48096,0.47809,0.0,0.00286
2018-01-16 14:00:00,2018-01-16 14:00,1.11513,0.24806,0.0,0.16054,0.70653,0.44577,0.44197,0.0,0.0038
2018-01-16 15:00:00,2018-01-16 15:00,1.17916,0.24865,0.0,0.16987,0.76064,0.42918,0.42539,0.0,0.0038
2018-01-16 16:00:00,2018-01-16 16:00,1.29626,0.24865,0.0,0.19215,0.85546,0.43114,0.42719,0.0,0.00395
2018-01-16 17:00:00,2018-01-16 17:00,1.40829,0.24848,0.00102,0.1906,0.96819,0.45072,0.44609,0.0,0.00463
2018-01-16 18:00:00,2018-01-16 18:00,1.63645,0.24755,0.00099,0.19207,1.19584,0.47003,0.46537,0.0,0.00466
2018-01-16 19:00:00,2018-01-16 19:00,1.75923,0.24391,0.0,0.19579,1.31952,0.47996,0.47554,0.0,0.00441
2018-01-16 20:00:00,2018-01-16 20:00,1.86966,0.24523,0.0006,0.18871,1.43513,0.49648,0.49188,0.0,0.0046
2018-01-16 21:00:00,2018-01-16 21:00,1.81172,0.24599,0.00066,0.17861,1.38646,0.49532,0.49116,0.0,0.00416
2018-01-16 22:00:00,2018-01-16 22:00,1.51867,0.2446,0.0,0.13988,1.13419,0.49562,0.49255,0.0,0.00307
2018-01-16 23:00:00,2018-01-16 23:00,1.23948,0.24758,0.0,0.08877,0.90312,0.52052,0.51601,0.0,0.00451
2018-01-17 00:00:00,2018-01-17 00:00,0.97894,0.24595,0.0,0.08451,0.64848,0.51899,0.51807,0.0,0.00092
2018-01-17 01:00:00,2018-01-17 01:00,0.8246,0.2444,0.00395,0.05616,0.52009,0.51694,0.51613,0.0,0.00081
2018-01-17 02:00:00,2018-01-17 02:00,0.75749,0.24584,0.00196,0.04383,0.46587,0.52091,0.52071,0.0,0.0002
2018-01-17 03:00:00,2018-01-17 03:00,0.7207,0.24687,0.0,0.03443,0.43941,0.53732,0.53717,0.0,0.00015
2018-01-17 04:00:00,2018-01-17 04:00,0.72502,0.24627,0.0012,0.04368,0.43387,0.54543,0.5453,0.0,0.00013
2018-01-17 05:00:00,2018-01-17 05:00,0.76759,0.24852,0.0,0.08398,0.43509,0.56078,0.56009,0.0,0.00069
2018-01-17 06:00:00,2018-01-17 06:00,0.8385,0.24837,0.0,0.11655,0.47359,0.56859,0.56642,0.0,0.00217
2018-01-17 07:00:00,2018-01-17 07:00,1.07735,0.24865,0.0,0.23152,0.59718,0.57355,0.57097,0.0,0.00258
2018-01-17 08:00:00,2018-01-17 08:00,1.25593,0.2481,0.0,0.30299,0.70485,0.56353,0.55999,0.0,0.00354
2018-01-17 09:00:00,2018-01-17 09:00,1.27078,0.24832,0.0,0.24468,0.77778,0.55152,0.54712,0.0,0.0044
2018-01-17 10:00:00,2018-01-17 10:00,1.17182,0.2481,0.0,0.17174,0.75199,0.51918,0.51429,0.0,0.00489
2018-01-17 11:00:00,2018-01-17 11:00,1.08796,0.24834,0.0,0.17408,0.66553,0.46832,0.46513,0.0,0.00319
2018-01-17 12:00:00,2018-01-17 12:00,1.12722,0.24724,0.0,0.15045,0.72952,0.41245,0.40825,0.0,0.0042
2018-01-17 13:00:00,2018-01-17 13:00,1.14301,0.24805,0.00184,0.15084,0.74227,0.38601,0.38059,0.0,0.00542
2018-01-17 14:00:00,2018-01-17 14:00,1.13063,0.24748,0.0,0.15692,0.72623,0.33346,0.33056,0.0,0.00291
2018-01-17 15:00:00,2018-01-17 15:00,1.08042,0.24865,0.0,0.15762,0.67416,0.3038,0.30091,0.0,0.00289
2018-01-17 16:00:00,2018-01-17 16:00,1.21879,0.24865,0.0,0.17585,0.7943,0.29251,0.28899,0.0,0.00352
2018-01-17 17:00:00,2018-01-17 17:00,1.3869,0.24848,0.00081,0.17176,0.96585,0.29633,0.28995,0.0,0.00638
2018-01-17 18:00:00,2018-01-17 18:00,1.60298,0.24625,0.00104,0.19971,1.15598,0.3031,0.29644,0.0,0.00666
2018-01-17 19:00:00,2018-01-17 19:00,1.6668,0.2418,0.0,0.18455,1.24045,0.29749,0.29225,0.0,0.00524
2018-01-17 20:00:00,2018-01-17 20:00,1.85737,0.2421,0.00123,0.19095,1.42309,0.30465,0.29744,0.0,0.00721
2018-01-17 21:00:00,2018-01-17 21:00,1.78271,0.24068,0.00114,0.14571,1.39518,0.28966,0.28708,0.0,0.00258
2018-01-17 22:00:00,2018-01-17 22:00,1.53433,0.23997,0.0,0.11914,1.17521,0.28596,0.28405,0.0,0.00192
2018-01-17 23:00:00,2018-01-17 23:00,1.20062,0.24506,0.0,0.10043,0.85512,0.30056,0.29835,0.0,0.0022
2018-01-18 00:00:00,2018-01-18 00:00,0.91828,0.24345,0.0,0.07317,0.60166,0.30071,0.29922,0.0,0.00149
2018-01-18 01:00:00,2018-01-18 01:00,0.80313,0.23991,0.00327,0.06575,0.49421,0.29452,0.29368,0.0,0.00084
2018-01-18 02:00:00,2018-01-18 02:00,0.76227,0.24377,0.00175,0.05196,0.46478,0.30091,0.29991,0.0,0.001
2018-01-18 03:00:00,2018-01-18 03:00,0.73574,0.24456,0.0,0.0348,0.45638,0.31961,0.31824,0.0,0.00137
2018-01-18 04:00:00,2018-01-18 04:00,0.7175,0.24318,0.00106,0.02813,0.44514,0.32912,0.32796,0.0,0.00116
2018-01-18 05:00:00,2018-01-18 05:00,0.77533,0.24732,0.0,0.08128,0.44674,0.33817,0.33697,0.0,0.0012
2018-01-18 06:00:00,2018-01-18 06:00,0.84261,0.24791,0.0,0.11572,0.47898,0.34616,0.34407,0.0,0.00209
2018-01-18 07:00:00,2018-01-18 07:00,1.01455,0.24853,0.0,0.20251,0.56351,0.36287,0.35942,0.0,0.00346
2018-01-18 08:00:00,2018-01-18 08:00,1.11143,0.2481,0.0,0.21628,0.64705,0.36714,0.36334,0.0,0.0038
2018-01-18 09:00:00,2018-01-18 09:00,1.18186,0.24815,0.0,0.21141,0.72229,0.36859,0.36297,0.0,0.00561
2018-01-18 10:00:00,2018-01-18 10:00,1.14457,0.24775,0.0,0.19602,0.70079,0.34517,0.33938,0.0,0.00579
2018-01-18 11:00:00,2018-01-18 11:00,1.20262,0.30264,0.0,0.15819,0.74179,0.28631,0.28263,0.0,0.00368
2018-01-18 12:00:00,2018-01-18 12:00,1.84484,0.93414,0.0,0.15699,0.75371,0.14942,0.14618,0.0,0.00324
2018-01-18 13:00:00,2018-01-18 13:00,2.50408,1.55015,0.00165,0.14764,0.80465,0.03123,0.02747,0.0,0.00376
2018-01-18 14:00:00,2018-01-18 14:00,2.39453,1.5304,0.0,0.1676,0.69652,0.00409,0.0,0.0,0.00409
2018-01-18 15:00:00,2018-01-18 15:00,2.23827,1.36118,0.0,0.16734,0.70974,0.00476,0.0,0.0,0.00476
2018-01-18 16:00:00,2018-01-18 16:00,2.32886,1.35081,0.0,0.16924,0.80881,0.00505,0.0,0.0,0.00505
2018-01-18 17:00:00,2018-01-18 17:00,2.67797,1.47397,0.0008,0.16824,1.03496,0.00596,0.0,0.0,0.00596
2018-01-18 18:00:00,2018-01-18 18:00,3.04407,1.51105,0.0019,0.2285,1.30261,0.02806,0.02315,0.0,0.00491
2018-01-18 19:00:00,2018-01-18 19:00,1.84153,0.35678,4e-05,0.18575,1.29896,0.20322,0.19901,0.0,0.00422
2018-01-18 20:00:00,2018-01-18 20:00,1.79918,0.2396,0.0017,0.18731,1.37058,0.23497,0.22937,0.0,0.0056
2018-01-18 21:00:00,2018-01-18 21:00,1.83391,0.28926,0.00148,0.15859,1.38458,0.22727,0.2214,0.0,0.00587
2018-01-18 22:00:00,2018-01-18 22:00,1.69019,0.27776,0.0,0.13694,1.27549,0.22414,0.22093,0.0,0.00321
2018-01-18 23:00:00,2018-01-18 23:00,1.21412,0.24065,1e-05,0.12564,0.84782,0.24525,0.24219,0.0,0.00307
2018-01-19 00:00:00,2018-01-19 00:00,0.88169,0.24014,0.0,0.07795,0.56361,0.24749,0.24638,0.0,0.00111
2018-01-19 01:00:00,2018-01-19 01:00,0.78377,0.23903,0.00356,0.05937,0.48181,0.24452,0.24402,0.0,0.0005
2018-01-19 02:00:00,2018-01-19 02:00,0.73922,0.24195,0.0019,0.04378,0.4516,0.24707,0.24688,0.0,0.00019
2018-01-19 03:00:00,2018-01-19 03:00,0.7448,0.24359,0.0,0.05224,0.44897,0.2623,0.2621,0.0,0.0002
2018-01-19 04:00:00,2018-01-19 04:00,0.74701,0.2411,0.001,0.06162,0.44329,0.26926,0.26837,0.0,0.00089
2018-01-19 05:00:00,2018-01-19 05:00,0.76744,0.2462,0.0,0.05824,0.463,0.27828,0.27775,0.0,0.00053
2018-01-19 06:00:00,2018-01-19 06:00,0.90577,0.24758,0.0,0.13093,0.52726,0.28789,0.28665,0.0,0.00124
2018-01-19 07:00:00,2018-01-19 07:00,1.1321,0.24818,0.0,0.22117,0.66274,0.29913,0.29719,0.0,0.00194
2018-01-19 08:00:00,2018-01-19 08:00,1.24006,0.24763,0.0,0.24097,0.75146,0.29459,0.28989,0.0,0.00471
2018-01-19 09:00:00,2018-01-19 09:00,1.25369,0.24752,0.0,0.21831,0.78786,0.30249,0.297,0.0,0.00549
2018-01-19 10:00:00,2018-01-19 10:00,1.24474,0.2477,0.0,0.21063,0.78641,0.30179,0.29911,0.0,0.00268
2018-01-19 11:00:00,2018-01-19 11:00,1.57435,0.62704,0.0,0.18629,0.76102,0.23153,0.22834,0.0,0.00319
2018-01-19 12:00:00,2018-01-19 12:00,2.70094,1.80118,0.0,0.14837,0.75139,0.03788,0.03144,0.0,0.00645
2018-01-19 13:00:00,2018-01-19 13:00,2.7556,1.90232,0.00147,0.1375,0.71431,0.00359,0.0,0.0,0.00359
2018-01-19 14:00:00,2018-01-19 14:00,2.5259,1.69231,0.0,0.14138,0.69221,0.00215,0.0,0.0,0.00215
2018-01-19 15:00:00,2018-01-19 15:00,2.36404,1.44829,0.0,0.17921,0.73654,0.00244,0.0,0.0,0.00244
2018-01-19 16:00:00,2018-01-19 16:00,2.26884,1.29996,0.0,0.16397,0.80491,0.00369,0.0,0.0,0.00369
2018-01-19 17:00:00,2018-01-19 17:00,2.45539,1.26345,0.00078,0.17687,1.01429,0.00587,0.0,0.0,0.00587
2018-01-19 18:00:00,2018-01-19 18:00,2.87756,1.48326,0.00214,0.19378,1.19839,0.00588,0.0,0.0,0.00588
2018-01-19 19:00:00,2018-01-19 19:00,2.99329,1.51149,6e-05,0.18321,1.29853,0.0297,0.02389,0.0,0.00581
2018-01-19 20:00:00,2018-01-19 20:00,2.36646,0.75679,0.00177,0.17059,1.43731,0.14531,0.14132,0.0,0.00399
2018-01-19 21:00:00,2018-01-19 21:00,2.87827,1.35406,0.0016,0.11684,1.40577,0.05401,0.05127,0.0,0.00274
2018-01-19 22:00:00,2018-01-19 22:00,2.583,1.30762,0.0,0.13106,1.14432,0.05169,0.04805,0.0,0.00364
2018-01-19 23:00:00,2018-01-19 23:00,2.35657,1.38596,6e-05,0.0941,0.87644,0.05558,0.05187,0.0,0.0037
2018-01-20 00:00:00,2018-01-20 00:00,1.98943,1.34475,0.0,0.09464,0.55003,0.07057,0.06876,0.0,0.00181
2018-01-20 01:00:00,2018-01-20 01:00,1.18925,0.65599,0.00127,0.05835,0.47365,0.17073,0.16975,0.0,0.00098
2018-01-20 02:00:00,2018-01-20 02:00,0.73319,0.24093,0.00212,0.03776,0.45238,0.22529,0.22511,0.0,0.00018
2018-01-20 03:00:00,2018-01-20 03:00,0.73464,0.24359,0.0,0.04433,0.44673,0.24542,0.24527,0.0,0.00015
2018-01-20 04:00:00,2018-01-20 04:00,0.71559,0.24106,0.00102,0.02879,0.44472,0.26463,0.2645,0.0,0.00013
2018-01-20 05:00:00,2018-01-20 05:00,0.72908,0.24595,0.0,0.03492,0.4482,0.28868,0.28847,0.0,0.00021
2018-01-20 06:00:00,2018-01-20 06:00,0.79044,0.24818,0.0,0.07348,0.46878,0.30613,0.30549,0.0,0.00064
2018-01-20 07:00:00,2018-01-20 07:00,0.87164,0.24818,0.0,0.11244,0.51102,0.31756,0.31595,0.0,0.00161
2018-01-20 08:00:00,2018-01-20 08:00,1.04331,0.24818,0.0,0.16683,0.6283,0.31136,0.30797,0.0,0.00339
2018-01-20 09:00:00,2018-01-20 09:00,1.20354,0.2482,0.0,0.2073,0.74804,0.30938,0.30406,0.0,0.00532
2018-01-20 10:00:00,2018-01-20 10:00,1.33672,0.24865,0.0,0.24478,0.8433,0.29642,0.2896,0.0,0.00682
2018-01-20 11:00:00,2018-01-20 11:00,1.75583,0.68466,0.0,0.21349,0.85768,0.20478,0.19933,0.0,0.00545
2018-01-20 12:00:00,2018-01-20 12:00,2.54721,1.48752,0.0,0.19506,0.86463,0.0712,0.06751,0.0,0.00369
2018-01-20 13:00:00,2018-01-20 13:00,2.70291,1.69038,0.0,0.16691,0.84562,0.0312,0.02743,0.0,0.00378
2018-01-20 14:00:00,2018-01-20 14:00,2.74751,1.71606,0.0,0.18284,0.8486,0.00488,0.0,0.0,0.00488
2018-01-20 15:00:00,2018-01-20 15:00,2.66191,1.55277,0.0,0.19819,0.91094,0.0046,0.0,0.0,0.0046
2018-01-20 16:00:00,2018-01-20 16:00,2.6331,1.45249,0.0,0.21676,0.96385,0.00499,0.0,0.0,0.00499
2018-01-20 17:00:00,2018-01-20 17:00,2.81341,1.50921,0.0,0.19728,1.10692,0.00596,0.0,0.0,0.00596
2018-01-20 18:00:00,2018-01-20 18:00,3.03561,1.66374,0.00219,0.1879,1.18178,0.0053,0.0,0.0,0.0053
2018-01-20 19:00:00,2018-01-20 19:00,3.24405,1.73284,0.00033,0.15681,1.35407,0.00419,0.0,0.0,0.00419
2018-01-20 20:00:00,2018-01-20 20:00,2.81868,1.14995,0.00193,0.15154,1.51526,0.09292,0.08978,0.0,0.00314
2018-01-20 21:00:00,2018-01-20 21:00,2.48099,0.81859,0.00179,0.13023,1.53039,0.13255,0.13031,0.0,0.00224
2018-01-20 22:00:00,2018-01-20 22:00,1.91195,0.50723,0.0,0.11765,1.28707,0.16665,0.16524,0.0,0.00141
2018-01-20 23:00:00,2018-01-20 23:00,1.73417,0.69761,0.0,0.09231,0.94424,0.15271,0.15027,0.0,0.00243
2018-01-21 00:00:00,2018-01-21 00:00,1.7473,1.04451,0.0,0.07605,0.62673,0.1048,0.10434,0.0,0.00046
2018-01-21 01:00:00,2018-01-21 01:00,1.66184,1.11071,0.00279,0.05163,0.49671,0.09165,0.09133,0.0,0.00032
2018-01-21 02:00:00,2018-01-21 02:00,1.60279,1.0825,0.00192,0.05127,0.4671,0.10195,0.10105,0.0,0.0009
2018-01-21 03:00:00,2018-01-21 03:00,1.62175,1.11558,0.0,0.04472,0.46145,0.10597,0.10441,0.0,0.00156
2018-01-21 04:00:00,2018-01-21 04:00,0.96076,0.44326,0.00014,0.05218,0.46519,0.22798,0.2265,0.0,0.00148
2018-01-21 05:00:00,2018-01-21 05:00,0.97581,0.46382,0.0,0.05263,0.45936,0.22052,0.22008,0.0,0.00045
2018-01-21 06:00:00,2018-01-21 06:00,0.88229,0.33859,0.0,0.07974,0.46396,0.25082,0.25018,0.0,0.00063
2018-01-21 07:00:00,2018-01-21 07:00,1.01705,0.39102,0.0,0.09061,0.53543,0.25323,0.25091,0.0,0.00232
2018-01-21 08:00:00,2018-01-21 08:00,1.23709,0.51006,0.0,0.12694,0.60009,0.23041,0.22694,0.0,0.00348
2018-01-21 09:00:00,2018-01-21 09:00,1.56722,0.6275,0.0,0.20576,0.73396,0.21895,0.21348,0.0,0.00546
2018-01-21 10:00:00,2018-01-21 10:00,1.87202,0.80885,0.0,0.21882,0.84435,0.19525,0.19091,0.0,0.00434
2018-01-21 11:00:00,2018-01-21 11:00,2.85902,1.75385,0.0,0.197,0.90817,0.04642,0.04177,0.0,0.00465
2018-01-21 12:00:00,2018-01-21 12:00,3.02162,1.98201,0.0,0.19586,0.84375,0.00336,0.0,0.0,0.00336
2018-01-21 13:00:00,2018-01-21 13:00,3.02455,1.99114,0.0,0.18814,0.84527,0.00467,0.0,0.0,0.00467
2018-01-21 14:00:00,2018-01-21 14:00,3.07871,1.98155,0.0,0.19069,0.90648,0.00693,0.0,0.0,0.00693
2018-01-21 15:00:00,2018-01-21 15:00,3.09688,1.97425,0.0,0.19203,0.93059,0.00443,0.0,0.0,0.00443
2018-01-21 16:00:00,2018-01-21 16:00,3.10216,1.95736,0.0,0.17143,0.97338,0.0034,0.0,0.0,0.0034
2018-01-21 17:00:00,2018-01-21 17:00,3.21155,1.94646,0.0,0.1813,1.08378,0.00508,0.0,0.0,0.00508
2018-01-21 18:00:00,2018-01-21 18:00,3.38259,1.93472,0.00185,0.16566,1.28036,0.00816,0.0,0.0,0.00816
2018-01-21 19:00:00,2018-01-21 19:00,3.46198,1.8779,0.0,0.17444,1.40965,0.00591,0.0,0.0,0.00591
2018-01-21 20:00:00,2018-01-21 20:00,3.4905,1.84894,0.00193,0.14567,1.49396,0.0048,0.0,0.0,0.0048
2018-01-21 21:00:00,2018-01-21 21:00,3.37391,1.8151,0.00197,0.12174,1.43509,0.00186,0.0,0.0,0.00186
2018-01-21 22:00:00,2018-01-21 22:00,3.17186,1.77004,0.0,0.12184,1.27998,0.00372,0.0,0.0,0.00372
2018-01-21 23:00:00,2018-01-21 23:00,2.86973,1.82924,0.0002,0.09651,0.94378,0.00363,0.0,0.0,0.00363
2018-01-22 00:00:00,2018-01-22 00:00,2.56122,1.8397,0.0,0.07427,0.64725,0.00123,0.0,0.0,0.00123
2018-01-22 01:00:00,2018-01-22 01:00,1.88404,1.30655,0.0,0.08247,0.49502,0.1034,0.10277,0.0,0.00063
2018-01-22 02:00:00,2018-01-22 02:00,1.19865,0.68924,0.00024,0.04177,0.46741,0.18637,0.18458,0.0,0.00179
2018-01-22 03:00:00,2018-01-22 03:00,0.8498,0.36636,0.0,0.0311,0.45233,0.24516,0.24326,0.0,0.0019
2018-01-22 04:00:00,2018-01-22 04:00,0.73581,0.24163,0.00102,0.04779,0.44537,0.26465,0.26391,0.0,0.00074
2018-01-22 05:00:00,2018-01-22 05:00,0.7607,0.24586,0.0,0.06599,0.44884,0.26803,0.26729,0.0,0.00074
2018-01-22 06:00:00,2018-01-22 06:00,0.90955,0.24682,0.0,0.15612,0.50661,0.27365,0.2721,0.0,0.00155
2018-01-22 07:00:00,2018-01-22 07:00,1.09776,0.24818,0.0,0.20843,0.64115,0.29061,0.28628,0.0,0.00434
2018-01-22 08:00:00,2018-01-22 08:00,1.17828,0.24798,0.0,0.21046,0.71984,0.28885,0.286,0.0,0.00285
2018-01-22 09:00:00,2018-01-22 09:00,1.20597,0.24799,0.0,0.22189,0.73609,0.30236,0.2984,0.0,0.00396
2018-01-22 10:00:00,2018-01-22 10:00,1.15666,0.2477,0.0,0.19028,0.71869,0.31216,0.30764,0.0,0.00451
2018-01-22 11:00:00,2018-01-22 11:00,1.17819,0.24787,0.0,0.1558,0.77452,0.30928,0.30562,0.0,0.00366
2018-01-22 12:00:00,2018-01-22 12:00,1.1539,0.24672,0.0,0.14692,0.76026,0.29965,0.2956,0.0,0.00405
2018-01-22 13:00:00,2018-01-22 13:00,1.12713,0.24691,0.00177,0.14694,0.73151,0.30946,0.30722,0.0,0.00225
2018-01-22 14:00:00,2018-01-22 14:00,1.15123,0.24634,0.0,0.15491,0.74999,0.29986,0.29699,0.0,0.00288
2018-01-22 15:00:00,2018-01-22 15:00,1.12727,0.2483,0.0,0.1616,0.71737,0.29662,0.29393,0.0,0.00269
2018-01-22 16:00:00,2018-01-22 16:00,1.17247,0.24865,0.0,0.16977,0.75405,0.30434,0.30053,0.0,0.00382
2018-01-22 17:00:00,2018-01-22 17:00,1.37341,0.24848,0.00088,0.1948,0.92925,0.31831,0.31191,0.0,0.0064
2018-01-22 18:00:00,2018-01-22 18:00,1.4937,0.24672,0.00141,0.16221,1.08335,0.31738,0.30985,0.0,0.00753
2018-01-22 19:00:00,2018-01-22 19:00,1.66043,0.24285,0.0,0.15901,1.25857,0.31145,0.30601,0.0,0.00544
2018-01-22 20:00:00,2018-01-22 20:00,1.81025,0.24389,0.00152,0.16679,1.39805,0.31016,0.30523,0.0,0.00492
2018-01-22 21:00:00,2018-01-22 21:00,1.79242,0.24329,0.0015,0.13248,1.41515,0.30012,0.29509,0.0,0.00503
2018-01-22 22:00:00,2018-01-22 22:00,1.58498,0.24019,0.0,0.11546,1.22933,0.29586,0.29013,0.0,0.00573
2018-01-22 23:00:00,2018-01-22 23:00,1.23746,0.24462,0.0,0.1226,0.87024,0.30124,0.2984,0.0,0.00284
2018-01-23 00:00:00,2018-01-23 00:00,0.89725,0.24361,0.0,0.0904,0.56323,0.29848,0.29695,0.0,0.00152
2018-01-23 01:00:00,2018-01-23 01:00,0.77384,0.24016,0.00349,0.05016,0.48003,0.28941,0.2884,0.0,0.00101
2018-01-23 02:00:00,2018-01-23 02:00,0.72635,0.24377,0.00182,0.02821,0.45255,0.29041,0.29009,0.0,0.00032
2018-01-23 03:00:00,2018-01-23 03:00,0.73444,0.24407,0.0,0.0422,0.44817,0.30837,0.30822,0.0,0.00015
2018-01-23 04:00:00,2018-01-23 04:00,0.73087,0.24306,0.00111,0.04544,0.44127,0.32693,0.32672,0.0,0.00021
2018-01-23 05:00:00,2018-01-23 05:00,0.77286,0.24754,0.0,0.06507,0.46024,0.34855,0.34717,0.0,0.00138
2018-01-23 06:00:00,2018-01-23 06:00,0.87147,0.24802,0.0,0.1094,0.51405,0.36687,0.36473,0.0,0.00214
2018-01-23 07:00:00,2018-01-23 07:00,1.08281,0.24865,0.0,0.20681,0.62736,0.38638,0.38026,0.0,0.00612
2018-01-23 08:00:00,2018-01-23 08:00,1.20335,0.2481,0.0,0.22914,0.7261,0.38285,0.37807,0.0,0.00478
2018-01-23 09:00:00,2018-01-23 09:00,1.19965,0.24815,0.0,0.20112,0.75038,0.38993,0.3851,0.0,0.00483
2018-01-23 10:00:00,2018-01-23 10:00,1.21907,0.24794,0.0,0.18291,0.78822,0.38484,0.38067,0.0,0.00417
2018-01-23 11:00:00,2018-01-23 11:00,1.16412,0.24834,0.0,0.16614,0.74963,0.35552,0.35197,0.0,0.00355
2018-01-23 12:00:00,2018-01-23 12:00,1.17448,0.24672,0.0,0.14782,0.77993,0.31961,0.31627,0.0,0.00334
2018-01-23 13:00:00,2018-01-23 13:00,1.11515,0.24678,0.00191,0.12915,0.73731,0.3044,0.30012,0.0,0.00428
2018-01-23 14:00:00,2018-01-23 14:00,1.1382,0.2471,8e-05,0.12361,0.76742,0.26828,0.2642,0.0,0.00408
2018-01-23 15:00:00,2018-01-23 15:00,1.25479,0.24836,0.0,0.17829,0.82814,0.25185,0.24776,0.0,0.00409
2018-01-23 16:00:00,2018-01-23 16:00,1.21254,0.24865,0.0,0.15493,0.80896,0.23974,0.23713,0.0,0.0026
2018-01-23 17:00:00,2018-01-23 17:00,1.36392,0.24848,0.00088,0.178,0.93655,0.245,0.24117,0.0,0.00383
2018-01-23 18:00:00,2018-01-23 18:00,1.57241,0.24591,0.0015,0.19623,1.12877,0.26257,0.25796,0.0,0.00461
2018-01-23 19:00:00,2018-01-23 19:00,1.84461,0.24187,0.0,0.20006,1.40268,0.27878,0.27482,0.0,0.00396
2018-01-23 20:00:00,2018-01-23 20:00,1.92279,0.24191,0.00163,0.16301,1.51624,0.30193,0.29545,0.0,0.00649
2018-01-23 21:00:00,2018-01-23 21:00,1.87795,0.24139,0.0015,0.13836,1.4967,0.30916,0.30269,0.0,0.00646
2018-01-23 22:00:00,2018-01-23 22:00,1.62902,0.24036,0.0,0.09933,1.28934,0.316,0.31054,0.0,0.00546
2018-01-23 23:00:00,2018-01-23 23:00,1.20386,0.24563,0.0,0.10122,0.85701,0.33142,0.32867,0.0,0.00274
2018-01-24 00:00:00,2018-01-24 00:00,0.91826,0.24375,0.0,0.09273,0.58178,0.33132,0.32947,0.0,0.00185
2018-01-24 01:00:00,2018-01-24 01:00,0.81608,0.24097,0.00362,0.05567,0.51582,0.33537,0.33369,0.0,0.00168
2018-01-24 02:00:00,2018-01-24 02:00,0.75255,0.2445,0.002,0.04154,0.46451,0.34682,0.34664,0.0,0.00018
2018-01-24 03:00:00,2018-01-24 03:00,0.72569,0.24532,0.0,0.02843,0.45193,0.36805,0.3679,0.0,0.00015
2018-01-24 04:00:00,2018-01-24 04:00,0.73854,0.24365,0.00125,0.04565,0.44799,0.37839,0.37803,0.0,0.00036
2018-01-24 05:00:00,2018-01-24 05:00,0.76569,0.24817,0.0,0.06469,0.45284,0.39157,0.39072,0.0,0.00085
2018-01-24 06:00:00,2018-01-24 06:00,0.84567,0.24837,0.0,0.11846,0.47884,0.40203,0.40096,0.0,0.00106
2018-01-24 07:00:00,2018-01-24 07:00,1.046,0.24865,0.0,0.18305,0.61431,0.41254,0.40962,0.0,0.00292
2018-01-24 08:00:00,2018-01-24 08:00,1.24782,0.2481,0.0,0.2827,0.71702,0.40321,0.39862,0.0,0.00459
2018-01-24 09:00:00,2018-01-24 09:00,1.20725,0.24815,0.0,0.22036,0.73874,0.40923,0.4012,0.0,0.00802
2018-01-24 10:00:00,2018-01-24 10:00,1.15655,0.24794,0.0,0.1846,0.72401,0.40411,0.39902,0.0,0.00509
2018-01-24 11:00:00,2018-01-24 11:00,1.14148,0.24834,0.0,0.1656,0.72753,0.37999,0.37661,0.0,0.00338
2018-01-24 12:00:00,2018-01-24 12:00,1.10161,0.24672,0.0,0.13631,0.71857,0.35529,0.35037,0.0,0.00492
2018-01-24 13:00:00,2018-01-24 13:00,1.23296,0.24713,0.00187,0.17166,0.81229,0.34543,0.34144,0.0,0.00399
2018-01-24 14:00:00,2018-01-24 14:00,1.10817,0.24748,0.0,0.14914,0.71156,0.32392,0.31773,0.0,0.00619
2018-01-24 15:00:00,2018-01-24 15:00,1.14149,0.24865,0.0,0.16369,0.72915,0.31496,0.31005,0.0,0.00491
2018-01-24 16:00:00,2018-01-24 16:00,1.23749,0.24865,0.0,0.16424,0.8246,0.30958,0.3054,0.0,0.00419
2018-01-24 17:00:00,2018-01-24 17:00,1.28807,0.24848,0.00087,0.14197,0.89675,0.30827,0.30281,0.0,0.00547
2018-01-24 18:00:00,2018-01-24 18:00,1.50755,0.2466,0.00135,0.18582,1.07379,0.30281,0.29598,0.0,0.00683
2018-01-24 19:00:00,2018-01-24 19:00,1.75812,0.24217,0.0,0.20312,1.31282,0.29462,0.28959,0.0,0.00504
2018-01-24 20:00:00,2018-01-24 20:00,1.80872,0.24224,0.00117,0.17217,1.39314,0.29825,0.293,0.0,0.00525
2018-01-24 21:00:00,2018-01-24 21:00,1.7885,0.24117,0.00123,0.12494,1.42115,0.29329,0.28979,0.0,0.0035
2018-01-24 22:00:00,2018-01-24 22:00,1.59055,0.24079,0.0,0.09966,1.2501,0.29416,0.29127,0.0,0.0029
2018-01-24 23:00:00,2018-01-24 23:00,1.27635,0.24498,0.0,0.12568,0.9057,0.30465,0.30281,0.0,0.00183
2018-01-25 00:00:00,2018-01-25 00:00,0.91844,0.2432,0.0,0.0744,0.60084,0.30028,0.29896,0.0,0.00132
2018-01-25 01:00:00,2018-01-25 01:00,0.79117,0.24034,0.00347,0.05367,0.49368,0.29118,0.29071,0.0,0.00047
2018-01-25 02:00:00,2018-01-25 02:00,0.75914,0.24377,0.0018,0.04696,0.4666,0.29042,0.28968,0.0,0.00074
2018-01-25 03:00:00,2018-01-25 03:00,0.72311,0.24413,0.0,0.02772,0.45125,0.29967,0.29952,0.0,0.00015
2018-01-25 04:00:00,2018-01-25 04:00,0.74308,0.24276,0.00106,0.05455,0.4447,0.30569,0.30541,0.0,0.00027
2018-01-25 05:00:00,2018-01-25 05:00,0.77059,0.24693,0.0,0.07064,0.45303,0.31583,0.31463,0.0,0.0012
2018-01-25 06:00:00,2018-01-25 06:00,0.8787,0.24791,0.0,0.13077,0.50002,0.32528,0.32306,0.0,0.00222
2018-01-25 07:00:00,2018-01-25 07:00,1.11757,0.24818,0.0,0.20669,0.6627,0.33656,0.3328,0.0,0.00376
2018-01-25 08:00:00,2018-01-25 08:00,1.26146,0.24787,0.0,0.24941,0.76418,0.32736,0.32475,0.0,0.00261
2018-01-25 09:00:00,2018-01-25 09:00,1.24332,0.24799,0.0,0.23483,0.7605,0.33562,0.33462,0.0,0.001
2018-01-25 10:00:00,2018-01-25 10:00,1.16629,0.24782,0.0,0.20098,0.71749,0.34415,0.34296,0.0,0.00119
2018-01-25 11:00:00,2018-01-25 11:00,1.15864,0.24834,0.0,0.18941,0.72089,0.33802,0.33646,0.0,0.00156
2018-01-25 12:00:00,2018-01-25 12:00,1.14233,0.24672,0.0,0.18874,0.70686,0.32167,0.31847,0.0,0.0032
2018-01-25 13:00:00,2018-01-25 13:00,1.13742,0.24691,0.00181,0.1545,0.73421,0.32384,0.31956,0.0,0.00428
2018-01-25 14:00:00,2018-01-25 14:00,1.14436,0.24722,0.0,0.14845,0.74868,0.31055,0.30744,0.0,0.00311
2018-01-25 15:00:00,2018-01-25 15:00,1.13032,0.24865,0.0,0.14075,0.74092,0.30632,0.30471,0.0,0.00161
2018-01-25 16:00:00,2018-01-25 16:00,1.23416,0.24865,0.0,0.17978,0.80574,0.30505,0.3004,0.0,0.00464
2018-01-25 17:00:00,2018-01-25 17:00,1.39171,0.24848,0.00086,0.15428,0.98809,0.30702,0.30198,0.0,0.00504
2018-01-25 18:00:00,2018-01-25 18:00,1.58473,0.2465,0.00134,0.17481,1.16208,0.3094,0.30233,0.0,0.00707
2018-01-25 19:00:00,2018-01-25 19:00,1.79811,0.24264,0.0,0.18632,1.36915,0.3015,0.29465,0.0,0.00685
2018-01-25 20:00:00,2018-01-25 20:00,1.84318,0.24245,0.00135,0.17677,1.4226,0.29959,0.2924,0.0,0.00719
2018-01-25 21:00:00,2018-01-25 21:00,1.72444,0.24149,0.00135,0.14758,1.33402,0.28237,0.27883,0.0,0.00354
2018-01-25 22:00:00,2018-01-25 22:00,1.49903,0.23999,0.0,0.10943,1.14961,0.27297,0.26974,0.0,0.00323
2018-01-25 23:00:00,2018-01-25 23:00,1.24922,0.24427,0.0,0.09285,0.9121,0.28166,0.27935,0.0,0.00231
2018-01-26 00:00:00,2018-01-26 00:00,0.9127,0.24245,0.0,0.07365,0.5966,0.2765,0.27518,0.0,0.00133
2018-01-26 01:00:00,2018-01-26 01:00,0.79504,0.23978,0.00351,0.06475,0.48701,0.26711,0.26679,0.0,0.00032
2018-01-26 02:00:00,2018-01-26 02:00,0.74331,0.24234,0.00177,0.04674,0.45246,0.26403,0.26385,0.0,0.00018
2018-01-26 03:00:00,2018-01-26 03:00,0.73831,0.24359,0.0,0.04936,0.44536,0.27052,0.27036,0.0,0.00016
2018-01-26 04:00:00,2018-01-26 04:00,0.7501,0.24168,0.00101,0.05562,0.4518,0.26936,0.26867,0.0,0.0007
2018-01-26 05:00:00,2018-01-26 05:00,0.90501,0.35181,0.0,0.09433,0.45887,0.25536,0.25439,0.0,0.00097
2018-01-26 06:00:00,2018-01-26 06:00,1.13983,0.49234,0.0,0.14319,0.5043,0.23862,0.23774,0.0,0.00087
2018-01-26 07:00:00,2018-01-26 07:00,1.63871,0.79982,0.0,0.20984,0.62905,0.19803,0.19554,0.0,0.00249
2018-01-26 08:00:00,2018-01-26 08:00,2.64039,1.67931,0.0,0.22229,0.73879,0.05309,0.04994,0.0,0.00315
2018-01-26 09:00:00,2018-01-26 09:00,2.8275,1.85028,0.0,0.22031,0.75691,0.00697,0.0,0.0,0.00697
2018-01-26 10:00:00,2018-01-26 10:00,2.5959,1.71949,0.0,0.16676,0.70966,0.00381,0.0,0.0,0.00381
2018-01-26 11:00:00,2018-01-26 11:00,2.36043,1.53291,0.0,0.1354,0.69211,0.00457,0.0,0.0,0.00457
2018-01-26 12:00:00,2018-01-26 12:00,2.19232,1.34204,0.0,0.13209,0.7182,0.00446,0.0,0.0,0.00446
2018-01-26 13:00:00,2018-01-26 13:00,2.08205,1.24567,0.00165,0.13559,0.69915,0.0036,0.0,0.0,0.0036
2018-01-26 14:00:00,2018-01-26 14:00,1.97349,1.10062,0.00015,0.15261,0.7201,0.00517,0.0,0.0,0.00517
2018-01-26 15:00:00,2018-01-26 15:00,1.96799,1.04107,0.00022,0.16942,0.75727,0.00423,0.0,0.0,0.00423
2018-01-26 16:00:00,2018-01-26 16:00,2.04008,1.0682,0.00015,0.16682,0.80492,0.00254,0.0,0.0,0.00254
2018-01-26 17:00:00,2018-01-26 17:00,2.29365,1.12029,0.00096,0.17376,0.99864,0.00609,0.0,0.0,0.00609
2018-01-26 18:00:00,2018-01-26 18:00,2.59031,1.24947,0.00305,0.18363,1.15415,0.00683,0.0,0.0,0.00683
2018-01-26 19:00:00,2018-01-26 19:00,2.96988,1.47617,0.00027,0.16537,1.32806,0.00692,0.0,0.0,0.00692
2018-01-26 20:00:00,2018-01-26 20:00,3.30192,1.67111,0.00221,0.14977,1.47883,0.00475,0.0,0.0,0.00475
2018-01-26 21:00:00,2018-01-26 21:00,2.55102,1.04836,0.00215,0.14008,1.36043,0.11217,0.10901,0.0,0.00317
2018-01-26 22:00:00,2018-01-26 22:00,1.70356,0.40655,0.0,0.13536,1.16166,0.19148,0.18931,0.0,0.00217
2018-01-26 23:00:00,2018-01-26 23:00,1.98971,1.1082,1e-05,0.08072,0.80078,0.10131,0.09986,0.0,0.00145
2018-01-27 00:00:00,2018-01-27 00:00,2.48489,1.82555,0.0,0.0746,0.58473,0.00181,0.0,0.0,0.00181
2018-01-27 01:00:00,2018-01-27 01:00,1.22998,0.69636,0.00084,0.0461,0.48668,0.17808,0.17774,0.0,0.00033
2018-01-27 02:00:00,2018-01-27 02:00,0.73079,0.24235,0.00172,0.03462,0.4521,0.23394,0.23376,0.0,0.00018
2018-01-27 03:00:00,2018-01-27 03:00,0.72577,0.24339,0.0,0.03454,0.44784,0.25026,0.25011,0.0,0.00015
2018-01-27 04:00:00,2018-01-27 04:00,0.72857,0.24163,0.00105,0.04119,0.4447,0.26377,0.26364,0.0,0.00013
2018-01-27 05:00:00,2018-01-27 05:00,0.74784,0.24612,0.0,0.04256,0.45916,0.27804,0.27787,0.0,0.00016
2018-01-27 06:00:00,2018-01-27 06:00,0.75754,0.24793,0.0,0.05165,0.45796,0.29149,0.29122,0.0,0.00027
2018-01-27 07:00:00,2018-01-27 07:00,0.91545,0.24818,0.0,0.1451,0.52216,0.31085,0.30909,0.0,0.00177
2018-01-27 08:00:00,2018-01-27 08:00,1.06424,0.24818,0.0,0.16542,0.65063,0.31344,0.30993,0.0,0.00352
2018-01-27 09:00:00,2018-01-27 09:00,1.23764,0.24853,0.0,0.20306,0.78604,0.31605,0.31152,0.0,0.00453
2018-01-27 10:00:00,2018-01-27 10:00,1.35167,0.24865,0.0,0.22948,0.87355,0.30926,0.30186,0.0,0.0074
2018-01-27 11:00:00,2018-01-27 11:00,1.29663,0.24865,0.0,0.20685,0.84113,0.28003,0.27238,0.0,0.00765
2018-01-27 12:00:00,2018-01-27 12:00,1.27831,0.24865,0.0,0.19398,0.83568,0.2534,0.24662,0.0,0.00678
2018-01-27 13:00:00,2018-01-27 13:00,1.24597,0.24846,0.0,0.17891,0.8186,0.2515,0.24668,0.0,0.00482
2018-01-27 14:00:00,2018-01-27 14:00,1.29173,0.24865,0.0,0.21585,0.82723,0.24028,0.2345,0.0,0.00578
2018-01-27 15:00:00,2018-01-27 15:00,1.33292,0.24865,0.0,0.20771,0.87656,0.22689,0.22228,0.0,0.00461
2018-01-27 16:00:00,2018-01-27 16:00,1.39661,0.24865,0.0,0.21158,0.93638,0.21626,0.21229,0.0,0.00397
2018-01-27 17:00:00,2018-01-27 17:00,1.54224,0.24865,0.0,0.2106,1.08298,0.22014,0.21536,0.0,0.00478
2018-01-27 18:00:00,2018-01-27 18:00,1.66137,0.24603,0.00168,0.20697,1.20668,0.23752,0.23231,0.0,0.00521
2018-01-27 19:00:00,2018-01-27 19:00,1.86627,0.24152,0.0,0.18694,1.43782,0.25317,0.25052,0.0,0.00264
2018-01-27 20:00:00,2018-01-27 20:00,1.91151,0.24162,0.00173,0.17195,1.4962,0.2668,0.26351,0.0,0.00329
2018-01-27 21:00:00,2018-01-27 21:00,1.82193,0.24119,0.00158,0.1349,1.44425,0.27316,0.27091,0.0,0.00225
2018-01-27 22:00:00,2018-01-27 22:00,1.58591,0.23963,0.0,0.10495,1.24133,0.28275,0.28079,0.0,0.00196
2018-01-27 23:00:00,2018-01-27 23:00,1.20953,0.24411,0.0,0.08381,0.88161,0.30056,0.29986,0.0,0.0007
2018-01-28 00:00:00,2018-01-28 00:00,0.96219,0.24332,0.0,0.07936,0.63951,0.30435,0.30281,0.0,0.00154
2018-01-28 01:00:00,2018-01-28 01:00,0.82509,0.24032,0.00362,0.04571,0.53543,0.30596,0.30378,0.0,0.00218
2018-01-28 02:00:00,2018-01-28 02:00,0.78353,0.24377,0.00193,0.04227,0.49555,0.31527,0.31351,0.0,0.00176
2018-01-28 03:00:00,2018-01-28 03:00,0.77011,0.24399,0.0,0.03548,0.49065,0.33175,0.33111,0.0,0.00064
2018-01-28 04:00:00,2018-01-28 04:00,0.77803,0.24203,0.00115,0.06065,0.47419,0.33932,0.33919,0.0,0.00013
2018-01-28 05:00:00,2018-01-28 05:00,0.74363,0.2477,0.0,0.05083,0.44509,0.35566,0.35512,0.0,0.00053
2018-01-28 06:00:00,2018-01-28 06:00,0.77748,0.2483,0.0,0.07134,0.45784,0.37128,0.37098,0.0,0.00031
2018-01-28 07:00:00,2018-01-28 07:00,0.89315,0.24865,0.0,0.11263,0.53187,0.38967,0.38852,0.0,0.00115
2018-01-28 08:00:00,2018-01-28 08:00,1.0736,0.24865,0.0,0.16889,0.65606,0.39239,0.3896,0.0,0.0028
2018-01-28 09:00:00,2018-01-28 09:00,1.30549,0.24865,0.0,0.21696,0.83989,0.40233,0.3974,0.0,0.00493
2018-01-28 10:00:00,2018-01-28 10:00,1.4567,0.24865,0.0,0.2214,0.98665,0.40605,0.40125,0.0,0.0048
2018-01-28 11:00:00,2018-01-28 11:00,1.34477,0.24865,0.0,0.22564,0.87048,0.38998,0.38432,0.0,0.00566
2018-01-28 12:00:00,2018-01-28 12:00,1.28007,0.24865,0.0,0.18426,0.84717,0.36376,0.35747,0.0,0.00629
2018-01-28 13:00:00,2018-01-28 13:00,1.2929,0.24865,0.0,0.16532,0.87893,0.3482,0.34446,0.0,0.00374
2018-01-28 14:00:00,2018-01-28 14:00,1.38867,0.24865,0.0,0.18016,0.95986,0.32919,0.32505,0.0,0.00414
2018-01-28 15:00:00,2018-01-28 15:00,1.4166,0.24865,0.0,0.23388,0.93407,0.33097,0.32563,0.0,0.00534
2018-01-28 16:00:00,2018-01-28 16:00,1.46546,0.24865,0.0,0.21987,0.99694,0.333,0.32964,0.0,0.00336
2018-01-28 17:00:00,2018-01-28 17:00,1.54763,0.24865,0.0,0.24137,1.05762,0.34214,0.33815,0.0,0.00399
2018-01-28 18:00:00,2018-01-28 18:00,1.6535,0.2468,0.0015,0.18289,1.22232,0.34536,0.34001,0.0,0.00536
2018-01-28 19:00:00,2018-01-28 19:00,1.75952,0.24295,0.0,0.15011,1.36646,0.3446,0.34009,0.0,0.00451
2018-01-28 20:00:00,2018-01-28 20:00,1.83341,0.24337,0.00118,0.15272,1.43614,0.34913,0.34489,0.0,0.00424
2018-01-28 21:00:00,2018-01-28 21:00,1.87974,0.2437,0.00109,0.12604,1.50891,0.35029,0.34583,0.0,0.00446
2018-01-28 22:00:00,2018-01-28 22:00,1.63932,0.24253,0.0,0.12263,1.27416,0.35813,0.35348,0.0,0.00464
2018-01-28 23:00:00,2018-01-28 23:00,1.25219,0.24592,0.0,0.09693,0.90935,0.37647,0.37444,0.0,0.00202
2018-01-29 00:00:00,2018-01-29 00:00,0.95122,0.24442,0.0,0.07963,0.62717,0.38267,0.38179,0.0,0.00087
2018-01-29 01:00:00,2018-01-29 01:00,0.81603,0.2425,0.0035,0.05023,0.51979,0.3879,0.38684,0.0,0.00107
2018-01-29 02:00:00,2018-01-29 02:00,0.77641,0.24467,0.00213,0.04638,0.48324,0.39949,0.39877,0.0,0.00072
2018-01-29 03:00:00,2018-01-29 03:00,0.7651,0.24571,0.0,0.05327,0.46612,0.42077,0.42038,0.0,0.00039
2018-01-29 04:00:00,2018-01-29 04:00,0.73892,0.24462,0.00129,0.04484,0.44817,0.43373,0.4336,0.0,0.00013
2018-01-29 05:00:00,2018-01-29 05:00,0.77523,0.24852,0.0,0.07876,0.44795,0.45624,0.45574,0.0,0.0005
2018-01-29 06:00:00,2018-01-29 06:00,0.86852,0.24837,0.0,0.12138,0.49877,0.47675,0.47583,0.0,0.00092
2018-01-29 07:00:00,2018-01-29 07:00,1.06685,0.24865,0.0,0.20234,0.61587,0.50363,0.50011,0.0,0.00352
2018-01-29 08:00:00,2018-01-29 08:00,1.16511,0.2481,0.0,0.23606,0.68095,0.50799,0.50393,0.0,0.00405
2018-01-29 09:00:00,2018-01-29 09:00,1.24949,0.24832,0.0,0.22953,0.77164,0.51133,0.50881,0.0,0.00252
2018-01-29 10:00:00,2018-01-29 10:00,1.24743,0.2481,0.0,0.21572,0.78362,0.50234,0.49951,0.0,0.00283
2018-01-29 11:00:00,2018-01-29 11:00,1.18941,0.24834,0.0,0.18883,0.75224,0.46903,0.46415,0.0,0.00488
2018-01-29 12:00:00,2018-01-29 12:00,1.11001,0.24696,0.0,0.18061,0.68245,0.41816,0.41475,0.0,0.00341
2018-01-29 13:00:00,2018-01-29 13:00,1.17561,0.24805,0.00215,0.17859,0.74682,0.39752,0.3933,0.0,0.00422
2018-01-29 14:00:00,2018-01-29 14:00,1.113,0.24777,0.0,0.15902,0.7062,0.35402,0.35149,0.0,0.00252
2018-01-29 15:00:00,2018-01-29 15:00,1.11625,0.24865,0.0,0.16046,0.70714,0.33197,0.32916,0.0,0.00281
2018-01-29 16:00:00,2018-01-29 16:00,1.17784,0.24865,0.0,0.15404,0.77515,0.32062,0.31711,0.0,0.0035
2018-01-29 17:00:00,2018-01-29 17:00,1.35634,0.24848,0.00095,0.18417,0.92274,0.32845,0.32343,0.0,0.00502
2018-01-29 18:00:00,2018-01-29 18:00,1.57205,0.24669,0.0013,0.1966,1.12745,0.35008,0.34451,0.0,0.00557
2018-01-29 19:00:00,2018-01-29 19:00,1.82652,0.24318,0.0,0.20962,1.37372,0.36468,0.35597,0.0,0.00871
2018-01-29 20:00:00,2018-01-29 20:00,1.92063,0.24343,0.00122,0.19831,1.47768,0.37881,0.37342,0.0,0.00539
2018-01-29 21:00:00,2018-01-29 21:00,1.83738,0.24425,0.001,0.15625,1.43589,0.38778,0.38453,0.0,0.00325
2018-01-29 22:00:00,2018-01-29 22:00,1.65142,0.2431,0.0,0.13721,1.27111,0.40139,0.39928,0.0,0.00211
2018-01-29 23:00:00,2018-01-29 23:00,1.20412,0.24615,0.0,0.11215,0.84581,0.42695,0.42535,0.0,0.0016
2018-01-30 00:00:00,2018-01-30 00:00,0.87535,0.24508,0.0,0.07549,0.55479,0.43371,0.43272,0.0,0.00099
2018-01-30 01:00:00,2018-01-30 01:00,0.78423,0.24318,0.00379,0.05808,0.47919,0.43969,0.43899,0.0,0.0007
2018-01-30 02:00:00,2018-01-30 02:00,0.75936,0.24532,0.0023,0.05297,0.45877,0.45291,0.45248,0.0,0.00043
2018-01-30 03:00:00,2018-01-30 03:00,0.7412,0.24643,0.0,0.04429,0.45049,0.47508,0.47493,0.0,0.00015
2018-01-30 04:00:00,2018-01-30 04:00,0.75568,0.24511,0.00133,0.06563,0.44361,0.48648,0.48611,0.0,0.00036
2018-01-30 05:00:00,2018-01-30 05:00,0.77779,0.24852,0.0,0.06876,0.46051,0.50794,0.50675,0.0,0.00119
2018-01-30 06:00:00,2018-01-30 06:00,0.85747,0.24837,0.0,0.12915,0.47995,0.52215,0.51991,0.0,0.00224
2018-01-30 07:00:00,2018-01-30 07:00,1.05484,0.24865,0.0,0.20636,0.59982,0.53267,0.52993,0.0,0.00274
2018-01-30 08:00:00,2018-01-30 08:00,1.20392,0.2481,0.0,0.22109,0.73473,0.53106,0.52605,0.0,0.00501
2018-01-30 09:00:00,2018-01-30 09:00,1.18394,0.24832,0.0,0.193,0.74262,0.52628,0.52253,0.0,0.00375
2018-01-30 10:00:00,2018-01-30 10:00,1.23803,0.2481,0.0,0.18532,0.80462,0.52677,0.52194,0.0,0.00483
2018-01-30 11:00:00,2018-01-30 11:00,1.37613,0.24851,0.0,0.19036,0.93726,0.52031,0.51496,0.0,0.00534
2018-01-30 12:00:00,2018-01-30 12:00,1.18925,0.24756,0.0,0.17024,0.77145,0.48908,0.48389,0.0,0.0052
2018-01-30 13:00:00,2018-01-30 13:00,1.1662,0.24805,0.00196,0.17527,0.74092,0.46328,0.4592,0.0,0.00408
2018-01-30 14:00:00,2018-01-30 14:00,1.08943,0.24777,0.0,0.15529,0.68637,0.41659,0.41286,0.0,0.00373
2018-01-30 15:00:00,2018-01-30 15:00,1.15072,0.24865,0.0,0.16848,0.73359,0.39748,0.39351,0.0,0.00398
2018-01-30 16:00:00,2018-01-30 16:00,1.15066,0.24865,0.0,0.18972,0.71229,0.39319,0.3899,0.0,0.00329
2018-01-30 17:00:00,2018-01-30 17:00,1.34965,0.24849,0.00083,0.19087,0.90946,0.38391,0.37807,0.0,0.00584
2018-01-30 18:00:00,2018-01-30 18:00,1.55803,0.24694,0.00101,0.18205,1.12803,0.36079,0.3567,0.0,0.00409
2018-01-30 19:00:00,2018-01-30 19:00,1.72651,0.24261,0.0,0.1743,1.30959,0.34309,0.33938,0.0,0.00372
2018-01-30 20:00:00,2018-01-30 20:00,1.84226,0.2426,0.00092,0.19648,1.40226,0.33202,0.32694,0.0,0.00508
2018-01-30 21:00:00,2018-01-30 21:00,1.90223,0.24344,0.00089,0.161,1.49689,0.31888,0.31534,0.0,0.00354
2018-01-30 22:00:00,2018-01-30 22:00,1.59007,0.24122,0.0,0.11771,1.23115,0.31145,0.30716,0.0,0.00429
2018-01-30 23:00:00,2018-01-30 23:00,1.20326,0.24498,0.0,0.12502,0.83326,0.30018,0.29771,0.0,0.00247
2018-01-31 00:00:00,2018-01-31 00:00,0.89924,0.24294,0.0,0.10715,0.54915,0.27937,0.27766,0.0,0.00171
2018-01-31 01:00:00,2018-01-31 01:00,0.80173,0.23992,0.00331,0.07427,0.48423,0.26414,0.26347,0.0,0.00066
2018-01-31 02:00:00,2018-01-31 02:00,0.74197,0.24236,0.00169,0.04437,0.45356,0.26031,0.25962,0.0,0.0007
2018-01-31 03:00:00,2018-01-31 03:00,0.73456,0.24359,0.0,0.04449,0.44647,0.27088,0.27052,0.0,0.00036
2018-01-31 04:00:00,2018-01-31 04:00,0.72538,0.24172,0.00098,0.04424,0.43844,0.27614,0.2759,0.0,0.00023
2018-01-31 05:00:00,2018-01-31 05:00,0.78033,0.24612,0.0,0.08499,0.44921,0.28434,0.28248,0.0,0.00186
2018-01-31 06:00:00,2018-01-31 06:00,0.87173,0.24791,0.0,0.12601,0.49781,0.29913,0.29661,0.0,0.00252
2018-01-31 07:00:00,2018-01-31 07:00,1.09523,0.24818,0.0,0.21253,0.63452,0.32378,0.31984,0.0,0.00394
2018-01-31 08:00:00,2018-01-31 08:00,1.21381,0.24798,0.0,0.25248,0.71335,0.33142,0.32727,0.0,0.00415
2018-01-31 09:00:00,2018-01-31 09:00,1.24373,0.24815,0.0,0.22673,0.76885,0.34723,0.34288,0.0,0.00435
2018-01-31 10:00:00,2018-01-31 10:00,1.17574,0.24794,0.0,0.20397,0.72383,0.34318,0.33824,0.0,0.00493
2018-01-31 11:00:00,2018-01-31 11:00,1.16009,0.24817,0.0,0.17877,0.73316,0.3139,0.31021,0.0,0.00369
2018-01-31 12:00:00,2018-01-31 12:00,1.13123,0.24666,0.0,0.16249,0.72208,0.28141,0.27702,0.0,0.00439
2018-01-31 13:00:00,2018-01-31 13:00,1.12043,0.24642,0.00177,0.13802,0.73422,0.27251,0.26514,0.0,0.00737
2018-01-31 14:00:00,2018-01-31 14:00,1.11808,0.24616,0.0,0.16458,0.70735,0.2418,0.23874,0.0,0.00307
2018-01-31 15:00:00,2018-01-31 15:00,1.17701,0.24812,0.0,0.16705,0.76184,0.2313,0.22794,0.0,0.00335
2018-01-31 16:00:00,2018-01-31 16:00,1.31966,0.24865,0.0,0.18316,0.88785,0.23316,0.22702,0.0,0.00614
2018-01-31 17:00:00,2018-01-31 17:00,1.37596,0.24848,0.00083,0.17636,0.95029,0.23775,0.23321,0.0,0.00454
2018-01-31 18:00:00,2018-01-31 18:00,1.52203,0.2455,0.00137,0.1807,1.09446,0.24643,0.24137,0.0,0.00506
2018-01-31 19:00:00,2018-01-31 19:00,1.6915,0.24023,0.0,0.18196,1.26931,0.2485,0.24374,0.0,0.00475
2018-01-31 20:00:00,2018-01-31 20:00,1.87043,0.24081,0.00157,0.15828,1.46978,0.26199,0.25756,0.0,0.00443
2018-01-31 21:00:00,2018-01-31 21:00,1.76229,0.23978,0.00139,0.13234,1.38878,0.2946,0.29193,0.0,0.00268
2018-01-31 22:00:00,2018-01-31 22:00,1.53471,0.24069,0.0,0.11833,1.17569,0.34701,0.34378,0.0,0.00323
2018-01-31 23:00:00,2018-01-31 23:00,1.2336,0.246,0.0,0.10198,0.88563,0.39888,0.39692,0.0,0.00196
2018-02-01 00:00:00,2018-02-01 00:00,0.91783,0.24503,0.0,0.08299,0.58981,0.42655,0.42437,0.0,0.00218
2018-02-01 01:00:00,2018-02-01 01:00,0.82193,0.24349,0.0035,0.06686,0.50807,0.44765,0.4473,0.0,0.00035
2018-02-01 02:00:00,2018-02-01 02:00,0.73774,0.24534,0.00174,0.03671,0.45396,0.47323,0.47305,0.0,0.00018
2018-02-01 03:00:00,2018-02-01 03:00,0.73431,0.24662,0.0,0.0441,0.4436,0.50678,0.50662,0.0,0.00017
2018-02-01 04:00:00,2018-02-01 04:00,0.73671,0.24655,0.00115,0.04573,0.44329,0.52614,0.5254,0.0,0.00074
2018-02-01 05:00:00,2018-02-01 05:00,0.78832,0.24852,0.0,0.07738,0.46243,0.55666,0.55562,0.0,0.00105
2018-02-01 06:00:00,2018-02-01 06:00,0.9312,0.24865,0.0,0.15025,0.5323,0.57896,0.57515,0.0,0.0038
2018-02-01 07:00:00,2018-02-01 07:00,1.11141,0.24865,0.0,0.23124,0.63152,0.59548,0.58911,0.0,0.00637
2018-02-01 08:00:00,2018-02-01 08:00,1.25156,0.24865,0.0,0.26328,0.73963,0.592,0.58972,0.0,0.00228
2018-02-01 09:00:00,2018-02-01 09:00,1.26656,0.24832,0.0,0.24602,0.77222,0.59913,0.59015,0.0,0.00898
2018-02-01 10:00:00,2018-02-01 10:00,1.24112,0.2481,0.0,0.19011,0.80292,0.59841,0.58828,0.0,0.01013
2018-02-01 11:00:00,2018-02-01 11:00,1.09082,0.24851,0.0,0.17532,0.66699,0.5639,0.55867,0.0,0.00523
2018-02-01 12:00:00,2018-02-01 12:00,1.07751,0.24756,0.0,0.14092,0.68903,0.52293,0.51901,0.0,0.00391
2018-02-01 13:00:00,2018-02-01 13:00,1.24017,0.24807,0.00193,0.19258,0.7976,0.51113,0.50478,0.0,0.00636
2018-02-01 14:00:00,2018-02-01 14:00,1.11727,0.24806,0.0,0.18387,0.68533,0.47465,0.46963,0.0,0.00501
2018-02-01 15:00:00,2018-02-01 15:00,1.19228,0.24865,0.0,0.19907,0.74457,0.45004,0.44659,0.0,0.00345
2018-02-01 16:00:00,2018-02-01 16:00,1.25661,0.24865,0.0,0.2046,0.80336,0.44181,0.43522,0.0,0.00659
2018-02-01 17:00:00,2018-02-01 17:00,1.4703,0.24849,0.00101,0.19773,1.02307,0.45265,0.44573,0.0,0.00692
2018-02-01 18:00:00,2018-02-01 18:00,1.60195,0.24742,0.001,0.18407,1.16946,0.46791,0.46243,0.0,0.00548
2018-02-01 19:00:00,2018-02-01 19:00,1.74102,0.24412,0.0,0.1849,1.312,0.47063,0.46641,0.0,0.00422
2018-02-01 20:00:00,2018-02-01 20:00,1.82877,0.24523,0.00049,0.16602,1.41703,0.48339,0.4815,0.0,0.00189
2018-02-01 21:00:00,2018-02-01 21:00,1.7992,0.24599,0.00064,0.12299,1.42958,0.49099,0.48713,0.0,0.00387
2018-02-01 22:00:00,2018-02-01 22:00,1.57728,0.2446,0.0,0.11082,1.22186,0.49913,0.49548,0.0,0.00365
2018-02-01 23:00:00,2018-02-01 23:00,1.12504,0.24758,0.0,0.10042,0.77704,0.51807,0.51709,0.0,0.00098
2018-02-02 00:00:00,2018-02-02 00:00,0.84302,0.24595,0.0,0.07116,0.52592,0.51985,0.5191,0.0,0.00075
2018-02-02 01:00:00,2018-02-02 01:00,0.77164,0.24424,0.00406,0.04911,0.47422,0.52408,0.5237,0.0,0.00038
2018-02-02 02:00:00,2018-02-02 02:00,0.76312,0.24585,0.00176,0.04836,0.46715,0.5388,0.53862,0.0,0.00018
2018-02-02 03:00:00,2018-02-02 03:00,0.76421,0.24698,0.0,0.06516,0.45207,0.56343,0.5626,0.0,0.00083
2018-02-02 04:00:00,2018-02-02 04:00,0.75958,0.24655,0.00119,0.07551,0.43633,0.57476,0.57453,0.0,0.00023
2018-02-02 05:00:00,2018-02-02 05:00,0.77375,0.24852,0.0,0.07495,0.45028,0.59604,0.59483,0.0,0.00121
2018-02-02 06:00:00,2018-02-02 06:00,0.84998,0.24865,0.0,0.1111,0.49023,0.61156,0.61017,0.0,0.0014
2018-02-02 07:00:00,2018-02-02 07:00,1.05107,0.24865,0.0,0.18302,0.6194,0.62796,0.62472,0.0,0.00324
2018-02-02 08:00:00,2018-02-02 08:00,1.24214,0.24865,0.0,0.24294,0.75055,0.62563,0.6224,0.0,0.00323
2018-02-02 09:00:00,2018-02-02 09:00,1.24809,0.24848,0.0,0.2521,0.74751,0.6112,0.60762,0.0,0.00357
2018-02-02 10:00:00,2018-02-02 10:00,1.2073,0.2481,0.0,0.21414,0.74506,0.58058,0.57701,0.0,0.00357
2018-02-02 11:00:00,2018-02-02 11:00,1.14949,0.24865,0.0,0.16718,0.73366,0.54272,0.53876,0.0,0.00396
2018-02-02 12:00:00,2018-02-02 12:00,1.08515,0.24756,0.0,0.1698,0.66779,0.49597,0.49287,0.0,0.0031
2018-02-02 13:00:00,2018-02-02 13:00,1.10433,0.24805,0.00228,0.14564,0.70836,0.47076,0.46807,0.0,0.00269
2018-02-02 14:00:00,2018-02-02 14:00,1.1321,0.24806,0.0,0.1562,0.72784,0.42785,0.42412,0.0,0.00373
2018-02-02 15:00:00,2018-02-02 15:00,1.16642,0.24865,0.0,0.17376,0.74402,0.41952,0.41492,0.0,0.0046
2018-02-02 16:00:00,2018-02-02 16:00,1.26864,0.24865,0.0,0.20693,0.81306,0.42381,0.42136,0.0,0.00245
2018-02-02 17:00:00,2018-02-02 17:00,1.36722,0.24849,0.00095,0.18694,0.93085,0.43379,0.4293,0.0,0.00449
2018-02-02 18:00:00,2018-02-02 18:00,1.58514,0.24716,0.00121,0.18023,1.15653,0.43652,0.43062,0.0,0.0059
2018-02-02 19:00:00,2018-02-02 19:00,1.77057,0.24365,0.0,0.20735,1.31957,0.42895,0.42581,0.0,0.00314
2018-02-02 20:00:00,2018-02-02 20:00,1.85825,0.24465,0.00067,0.15573,1.45719,0.43208,0.42805,0.0,0.00403
2018-02-02 21:00:00,2018-02-02 21:00,1.80419,0.24598,0.00068,0.15697,1.40056,0.42136,0.41756,0.0,0.0038
2018-02-02 22:00:00,2018-02-02 22:00,1.54712,0.24354,0.0,0.12866,1.17492,0.41102,0.40849,0.0,0.00253
2018-02-02 23:00:00,2018-02-02 23:00,1.13376,0.24629,0.0,0.10266,0.78481,0.41625,0.41489,0.0,0.00135
2018-02-03 00:00:00,2018-02-03 00:00,0.87234,0.24508,0.0,0.06087,0.56639,0.40636,0.40558,0.0,0.00077
2018-02-03 01:00:00,2018-02-03 01:00,0.75965,0.24318,0.00326,0.0522,0.46101,0.39496,0.39453,0.0,0.00044
2018-02-03 02:00:00,2018-02-03 02:00,0.738,0.24503,0.002,0.04517,0.44579,0.39451,0.39433,0.0,0.00018
2018-02-03 03:00:00,2018-02-03 03:00,0.73981,0.24571,0.0,0.049,0.4451,0.40497,0.40425,0.0,0.00072
2018-02-03 04:00:00,2018-02-03 04:00,0.746,0.24446,0.00118,0.0567,0.44366,0.40829,0.40787,0.0,0.00042
2018-02-03 05:00:00,2018-02-03 05:00,0.73952,0.24853,0.0,0.05598,0.43501,0.42068,0.42051,0.0,0.00016
2018-02-03 06:00:00,2018-02-03 06:00,0.78859,0.24865,0.0,0.07761,0.46234,0.42878,0.42834,0.0,0.00045
2018-02-03 07:00:00,2018-02-03 07:00,0.95575,0.24865,0.0,0.13142,0.57568,0.43973,0.43803,0.0,0.00171
2018-02-03 08:00:00,2018-02-03 08:00,1.16993,0.24865,0.0,0.19566,0.72562,0.43749,0.43434,0.0,0.00315
2018-02-03 09:00:00,2018-02-03 09:00,1.31528,0.24865,0.0,0.21122,0.85541,0.43574,0.43132,0.0,0.00442
2018-02-03 10:00:00,2018-02-03 10:00,1.32807,0.24865,0.0,0.22836,0.85106,0.42858,0.42169,0.0,0.00689
2018-02-03 11:00:00,2018-02-03 11:00,1.32203,0.24865,0.0,0.20996,0.86342,0.39833,0.39355,0.0,0.00478
2018-02-03 12:00:00,2018-02-03 12:00,1.2512,0.24865,0.0,0.21006,0.79249,0.37018,0.3645,0.0,0.00567
2018-02-03 13:00:00,2018-02-03 13:00,1.2871,0.24865,0.0,0.16958,0.86887,0.36499,0.36119,0.0,0.00381
2018-02-03 14:00:00,2018-02-03 14:00,1.29819,0.24865,0.0,0.20625,0.84329,0.34686,0.34295,0.0,0.00391
2018-02-03 15:00:00,2018-02-03 15:00,1.34486,0.24865,0.0,0.21086,0.88535,0.34861,0.34481,0.0,0.0038
2018-02-03 16:00:00,2018-02-03 16:00,1.37941,0.24865,0.0,0.21387,0.91689,0.36496,0.3606,0.0,0.00436
2018-02-03 17:00:00,2018-02-03 17:00,1.50139,0.24865,0.0,0.21787,1.03487,0.38052,0.37389,0.0,0.00663
2018-02-03 18:00:00,2018-02-03 18:00,1.67627,0.24694,0.00103,0.21076,1.21754,0.38192,0.37656,0.0,0.00536
2018-02-03 19:00:00,2018-02-03 19:00,1.81686,0.24295,0.0,0.17893,1.39498,0.37806,0.37479,0.0,0.00327
2018-02-03 20:00:00,2018-02-03 20:00,1.89282,0.24389,0.00098,0.13857,1.50939,0.38536,0.38063,0.0,0.00473
2018-02-03 21:00:00,2018-02-03 21:00,1.79843,0.24449,0.00076,0.11871,1.43447,0.38561,0.38296,0.0,0.00265
2018-02-03 22:00:00,2018-02-03 22:00,1.54774,0.2431,0.0,0.13306,1.17158,0.39358,0.39042,0.0,0.00316
2018-02-03 23:00:00,2018-02-03 23:00,1.17589,0.2463,0.0,0.11631,0.81328,0.42124,0.41848,0.0,0.00276
2018-02-04 00:00:00,2018-02-04 00:00,0.9039,0.24539,0.0,0.08542,0.5731,0.43744,0.4353,0.0,0.00215
2018-02-04 01:00:00,2018-02-04 01:00,0.79121,0.24318,0.00341,0.04142,0.50321,0.44658,0.44541,0.0,0.00117
2018-02-04 02:00:00,2018-02-04 02:00,0.79456,0.2452,0.00209,0.05144,0.49583,0.46348,0.46284,0.0,0.00064
2018-02-04 03:00:00,2018-02-04 03:00,0.74771,0.24662,0.0,0.03867,0.46242,0.49802,0.49768,0.0,0.00034
2018-02-04 04:00:00,2018-02-04 04:00,0.75508,0.24627,0.00113,0.05643,0.45125,0.51766,0.51733,0.0,0.00033
2018-02-04 05:00:00,2018-02-04 05:00,0.77828,0.24865,0.0,0.05823,0.4714,0.53992,0.53964,0.0,0.00028
2018-02-04 06:00:00,2018-02-04 06:00,0.84009,0.24865,0.0,0.09699,0.49445,0.56004,0.55904,0.0,0.001
2018-02-04 07:00:00,2018-02-04 07:00,0.955,0.24865,0.0,0.13988,0.56647,0.58733,0.58517,0.0,0.00216
2018-02-04 08:00:00,2018-02-04 08:00,1.10768,0.24865,0.0,0.18871,0.67032,0.60403,0.59942,0.0,0.00461
2018-02-04 09:00:00,2018-02-04 09:00,1.27299,0.24865,0.0,0.23789,0.78645,0.60972,0.60366,0.0,0.00606
2018-02-04 10:00:00,2018-02-04 10:00,1.3138,0.24865,0.0,0.23312,0.83202,0.6065,0.59917,0.0,0.00733
2018-02-04 11:00:00,2018-02-04 11:00,1.3231,0.24865,0.0,0.21956,0.85489,0.58252,0.57632,0.0,0.0062
2018-02-04 12:00:00,2018-02-04 12:00,1.41028,0.24865,0.0,0.1857,0.97593,0.555,0.55016,0.0,0.00484
2018-02-04 13:00:00,2018-02-04 13:00,1.36298,0.24865,0.0,0.21245,0.90188,0.53258,0.52831,0.0,0.00427
2018-02-04 14:00:00,2018-02-04 14:00,1.32464,0.24865,0.0,0.20462,0.87138,0.49537,0.49133,0.0,0.00404
2018-02-04 15:00:00,2018-02-04 15:00,1.38727,0.24865,0.0,0.21071,0.92791,0.47613,0.47048,0.0,0.00566
2018-02-04 16:00:00,2018-02-04 16:00,1.41786,0.24865,0.0,0.2301,0.93911,0.45962,0.45483,0.0,0.0048
2018-02-04 17:00:00,2018-02-04 17:00,1.57767,0.24865,0.0,0.21544,1.11358,0.4633,0.45706,0.0,0.00623
2018-02-04 18:00:00,2018-02-04 18:00,1.68138,0.24775,0.00105,0.21359,1.21898,0.47794,0.47304,0.0,0.0049
2018-02-04 19:00:00,2018-02-04 19:00,1.80364,0.24428,0.0,0.20097,1.35839,0.48847,0.48279,0.0,0.00568
2018-02-04 20:00:00,2018-02-04 20:00,2.00926,0.24562,0.00037,0.17187,1.59141,0.49799,0.49384,0.0,0.00415
2018-02-04 21:00:00,2018-02-04 21:00,1.79697,0.24599,0.00063,0.14063,1.40972,0.50047,0.49574,0.0,0.00473
2018-02-04 22:00:00,2018-02-04 22:00,1.54132,0.24498,0.0,0.11858,1.17777,0.50033,0.49832,0.0,0.00201
2018-02-04 23:00:00,2018-02-04 23:00,1.14414,0.24747,0.0,0.08018,0.81649,0.52091,0.52009,0.0,0.00082
2018-02-05 00:00:00,2018-02-05 00:00,0.85582,0.24595,0.0,0.06913,0.54074,0.51989,0.51853,0.0,0.00136
2018-02-05 01:00:00,2018-02-05 01:00,0.78273,0.2444,0.00411,0.05864,0.47559,0.52078,0.52046,0.0,0.00032
2018-02-05 02:00:00,2018-02-05 02:00,0.77886,0.24584,0.00195,0.07294,0.45813,0.53404,0.53384,0.0,0.0002
2018-02-05 03:00:00,2018-02-05 03:00,0.765,0.24698,0.0,0.06109,0.45693,0.55598,0.55573,0.0,0.00025
2018-02-05 04:00:00,2018-02-05 04:00,0.74817,0.24655,0.00113,0.05338,0.44711,0.56671,0.56642,0.0,0.00029
2018-02-05 05:00:00,2018-02-05 05:00,0.7736,0.24852,0.0,0.06564,0.45944,0.58487,0.58446,0.0,0.00041
2018-02-05 06:00:00,2018-02-05 06:00,0.92356,0.24859,0.0,0.15476,0.52021,0.5884,0.58654,0.0,0.00186
2018-02-05 07:00:00,2018-02-05 07:00,1.09289,0.24865,0.0,0.22742,0.61682,0.58984,0.5875,0.0,0.00234
2018-02-05 08:00:00,2018-02-05 08:00,1.20859,0.2481,0.0,0.24403,0.71646,0.57737,0.57423,0.0,0.00314
2018-02-05 09:00:00,2018-02-05 09:00,1.20076,0.24832,0.0,0.23212,0.72032,0.57548,0.5711,0.0,0.00438
2018-02-05 10:00:00,2018-02-05 10:00,1.19977,0.2481,0.0,0.19002,0.76166,0.56314,0.55648,0.0,0.00666
2018-02-05 11:00:00,2018-02-05 11:00,1.14945,0.24851,0.0,0.17491,0.72602,0.51546,0.51041,0.0,0.00505
2018-02-05 12:00:00,2018-02-05 12:00,1.11975,0.24756,0.0,0.15647,0.71572,0.46053,0.45621,0.0,0.00432
2018-02-05 13:00:00,2018-02-05 13:00,1.16687,0.24805,0.00209,0.17946,0.73726,0.43596,0.43199,0.0,0.00397
2018-02-05 14:00:00,2018-02-05 14:00,1.11264,0.24777,0.0,0.16495,0.69992,0.40273,0.40039,0.0,0.00234
2018-02-05 15:00:00,2018-02-05 15:00,1.1416,0.24865,0.0,0.14619,0.74676,0.388,0.38542,0.0,0.00258
2018-02-05 16:00:00,2018-02-05 16:00,1.23653,0.24865,0.0,0.16605,0.82183,0.37644,0.37327,0.0,0.00318
2018-02-05 17:00:00,2018-02-05 17:00,1.36464,0.24848,0.00095,0.17803,0.93717,0.38117,0.37569,0.0,0.00549
2018-02-05 18:00:00,2018-02-05 18:00,1.67609,0.24693,0.0012,0.20076,1.2272,0.39592,0.39017,0.0,0.00575
2018-02-05 19:00:00,2018-02-05 19:00,1.76948,0.24318,0.0,0.19534,1.33096,0.40627,0.40035,0.0,0.00592
2018-02-05 20:00:00,2018-02-05 20:00,1.83714,0.24408,0.00067,0.15804,1.43435,0.42615,0.4198,0.0,0.00635
2018-02-05 21:00:00,2018-02-05 21:00,1.79504,0.24581,0.00063,0.14513,1.40347,0.43535,0.43202,0.0,0.00333
2018-02-05 22:00:00,2018-02-05 22:00,1.49991,0.24371,0.0,0.10603,1.15017,0.45258,0.44923,0.0,0.00336
2018-02-05 23:00:00,2018-02-05 23:00,1.19808,0.24711,0.0,0.10529,0.84569,0.48031,0.47902,0.0,0.00128
2018-02-06 00:00:00,2018-02-06 00:00,0.91479,0.24608,0.0,0.09074,0.57797,0.48876,0.48734,0.0,0.00142
2018-02-06 01:00:00,2018-02-06 01:00,0.81302,0.24401,0.00372,0.06706,0.49823,0.49217,0.49168,0.0,0.00049
2018-02-06 02:00:00,2018-02-06 02:00,0.74427,0.24584,0.00188,0.052,0.44454,0.5046,0.50427,0.0,0.00033
2018-02-06 03:00:00,2018-02-06 03:00,0.74174,0.24687,0.0,0.0547,0.44017,0.53071,0.53056,0.0,0.00015
2018-02-06 04:00:00,2018-02-06 04:00,0.75444,0.24655,0.0012,0.05951,0.44717,0.54944,0.54909,0.0,0.00035
2018-02-06 05:00:00,2018-02-06 05:00,0.83801,0.24852,0.0,0.09239,0.49709,0.57308,0.57235,0.0,0.00073
2018-02-06 06:00:00,2018-02-06 06:00,0.91434,0.24865,0.0,0.1531,0.51258,0.59393,0.59166,0.0,0.00227
2018-02-06 07:00:00,2018-02-06 07:00,1.06652,0.24865,0.0,0.19536,0.62251,0.61806,0.61526,0.0,0.0028
2018-02-06 08:00:00,2018-02-06 08:00,1.18369,0.24865,0.0,0.23132,0.70372,0.61964,0.617,0.0,0.00265
2018-02-06 09:00:00,2018-02-06 09:00,1.19634,0.24832,0.0,0.23076,0.71726,0.60169,0.59999,0.0,0.00169
2018-02-06 10:00:00,2018-02-06 10:00,1.13149,0.2481,0.0,0.19334,0.69005,0.56119,0.55961,0.0,0.00158
2018-02-06 11:00:00,2018-02-06 11:00,1.15012,0.24851,0.0,0.17809,0.72352,0.51263,0.50881,0.0,0.00383
2018-02-06 12:00:00,2018-02-06 12:00,1.11847,0.24784,0.0,0.15674,0.71389,0.46513,0.45889,0.0,0.00624
2018-02-06 13:00:00,2018-02-06 13:00,1.10077,0.24805,0.00222,0.16704,0.68347,0.44337,0.43773,0.0,0.00563
2018-02-06 14:00:00,2018-02-06 14:00,1.13702,0.24777,0.0,0.18604,0.70321,0.40595,0.40164,0.0,0.00431
2018-02-06 15:00:00,2018-02-06 15:00,1.08636,0.24865,0.0,0.17163,0.66609,0.39143,0.38611,0.0,0.00532
2018-02-06 16:00:00,2018-02-06 16:00,1.17797,0.24865,0.0,0.18952,0.7398,0.39329,0.38742,0.0,0.00587
2018-02-06 17:00:00,2018-02-06 17:00,1.41494,0.24848,0.00101,0.20197,0.96347,0.40832,0.4033,0.0,0.00502
2018-02-06 18:00:00,2018-02-06 18:00,1.62154,0.24694,0.00108,0.19733,1.17618,0.42387,0.418,0.0,0.00587
2018-02-06 19:00:00,2018-02-06 19:00,1.73107,0.24336,0.0,0.18694,1.30076,0.42769,0.42243,0.0,0.00526
2018-02-06 20:00:00,2018-02-06 20:00,1.80249,0.24465,0.00081,0.1447,1.41233,0.43908,0.4333,0.0,0.00578
2018-02-06 21:00:00,2018-02-06 21:00,1.75199,0.2458,0.00069,0.1321,1.37339,0.43864,0.43165,0.0,0.00699
2018-02-06 22:00:00,2018-02-06 22:00,1.54003,0.24354,0.0,0.13685,1.15964,0.43548,0.43172,0.0,0.00375
2018-02-06 23:00:00,2018-02-06 23:00,1.08621,0.24672,0.0,0.08147,0.75802,0.44953,0.44624,0.0,0.00329
2018-02-07 00:00:00,2018-02-07 00:00,0.86731,0.24532,0.0,0.067,0.55499,0.44287,0.44142,0.0,0.00145
2018-02-07 01:00:00,2018-02-07 01:00,0.81416,0.24256,0.00351,0.05257,0.51551,0.43599,0.43459,0.0,0.0014
2018-02-07 02:00:00,2018-02-07 02:00,0.75234,0.24471,0.00219,0.0382,0.46725,0.43839,0.43703,0.0,0.00137
2018-02-07 03:00:00,2018-02-07 03:00,0.74417,0.24543,0.0,0.05374,0.445,0.45133,0.45057,0.0,0.00076
2018-02-07 04:00:00,2018-02-07 04:00,0.75357,0.24424,0.00125,0.06838,0.43969,0.45585,0.45547,0.0,0.00038
2018-02-07 05:00:00,2018-02-07 05:00,0.78092,0.2479,0.0,0.08611,0.4469,0.47451,0.47242,0.0,0.00209
2018-02-07 06:00:00,2018-02-07 06:00,0.89382,0.24776,0.0,0.13317,0.51289,0.49893,0.49698,0.0,0.00195
2018-02-07 07:00:00,2018-02-07 07:00,1.13476,0.24803,0.0,0.21161,0.67511,0.53839,0.53609,0.0,0.00231
2018-02-07 08:00:00,2018-02-07 08:00,1.29554,0.24749,0.0,0.23904,0.80901,0.55077,0.54695,0.0,0.00381
2018-02-07 09:00:00,2018-02-07 09:00,1.29425,0.2477,0.0,0.23112,0.81543,0.53138,0.52678,0.0,0.0046
2018-02-07 10:00:00,2018-02-07 10:00,1.27779,0.24748,0.0,0.21272,0.81758,0.49687,0.49362,0.0,0.00326
2018-02-07 11:00:00,2018-02-07 11:00,1.28145,0.24773,0.0,0.19222,0.8415,0.45002,0.44745,0.0,0.00257
2018-02-07 12:00:00,2018-02-07 12:00,1.15712,0.24634,0.0,0.1844,0.72638,0.40273,0.40012,0.0,0.00261
2018-02-07 13:00:00,2018-02-07 13:00,1.17246,0.24744,0.00206,0.17727,0.74569,0.38515,0.38137,0.0,0.00378
2018-02-07 14:00:00,2018-02-07 14:00,1.07329,0.24716,0.0,0.1647,0.66143,0.34861,0.34577,0.0,0.00284
2018-02-07 15:00:00,2018-02-07 15:00,1.07964,0.24803,0.0,0.16945,0.66215,0.33438,0.33255,0.0,0.00183
2018-02-07 16:00:00,2018-02-07 16:00,1.16557,0.24803,0.0,0.16906,0.74848,0.33337,0.33,0.0,0.00336
2018-02-07 17:00:00,2018-02-07 17:00,1.45874,0.24791,0.0004,0.18599,1.02445,0.35172,0.34203,0.0,0.00969
2018-02-07 18:00:00,2018-02-07 18:00,1.62044,0.24653,0.00066,0.20254,1.17072,0.37799,0.36953,0.0,0.00845
2018-02-07 19:00:00,2018-02-07 19:00,1.77088,0.24256,0.0,0.19878,1.32953,0.39158,0.3851,0.0,0.00648
2018-02-07 20:00:00,2018-02-07 20:00,1.84468,0.24327,0.00105,0.19013,1.41023,0.4114,0.40474,0.0,0.00667
2018-02-07 21:00:00,2018-02-07 21:00,1.81211,0.24465,0.00076,0.13493,1.43177,0.41496,0.41084,0.0,0.00411
2018-02-07 22:00:00,2018-02-07 22:00,1.55972,0.24293,0.0,0.13388,1.18292,0.41762,0.41503,0.0,0.00259
2018-02-07 23:00:00,2018-02-07 23:00,1.12255,0.24611,0.0,0.11841,0.75803,0.4281,0.42531,0.0,0.0028
2018-02-08 00:00:00,2018-02-08 00:00,0.85513,0.24462,0.0,0.07143,0.53908,0.42174,0.42103,0.0,0.00071
2018-02-08 01:00:00,2018-02-08 01:00,0.78072,0.24256,0.00343,0.04552,0.48921,0.41629,0.41593,0.0,0.00036
2018-02-08 02:00:00,2018-02-08 02:00,0.7536,0.24444,0.00214,0.04441,0.46261,0.42285,0.4225,0.0,0.00035
2018-02-08 03:00:00,2018-02-08 03:00,0.74329,0.24529,0.0,0.04889,0.44911,0.4434,0.44308,0.0,0.00032
2018-02-08 04:00:00,2018-02-08 04:00,0.7369,0.24413,0.00128,0.04828,0.44321,0.45646,0.45632,0.0,0.00014
2018-02-08 05:00:00,2018-02-08 05:00,0.78167,0.2479,0.0,0.07237,0.4614,0.48159,0.48068,0.0,0.00091
2018-02-08 06:00:00,2018-02-08 06:00,0.94497,0.24776,0.0,0.17483,0.52238,0.50124,0.49859,0.0,0.00265
2018-02-08 07:00:00,2018-02-08 07:00,1.16168,0.24803,0.0,0.27041,0.64323,0.52084,0.51747,0.0,0.00337
2018-02-08 08:00:00,2018-02-08 08:00,1.24162,0.24749,0.0,0.25763,0.7365,0.52209,0.51823,0.0,0.00386
2018-02-08 09:00:00,2018-02-08 09:00,1.22845,0.2477,0.0,0.2243,0.75645,0.50586,0.50178,0.0,0.00408
2018-02-08 10:00:00,2018-02-08 10:00,1.25547,0.24748,0.0,0.17961,0.82838,0.48267,0.47895,0.0,0.00373
2018-02-08 11:00:00,2018-02-08 11:00,1.16238,0.24773,0.0,0.1548,0.75985,0.45008,0.44651,0.0,0.00356
2018-02-08 12:00:00,2018-02-08 12:00,1.12779,0.24634,0.0,0.15349,0.72796,0.40578,0.40215,0.0,0.00363
2018-02-08 13:00:00,2018-02-08 13:00,1.18322,0.24744,0.00202,0.16187,0.77189,0.38829,0.3843,0.0,0.00399
2018-02-08 14:00:00,2018-02-08 14:00,1.09108,0.24716,0.0,0.14602,0.69791,0.35216,0.34937,0.0,0.00279
2018-02-08 15:00:00,2018-02-08 15:00,1.16246,0.24803,0.0,0.18353,0.7309,0.33566,0.33346,0.0,0.0022
2018-02-08 16:00:00,2018-02-08 16:00,1.25544,0.24803,0.0,0.17488,0.83253,0.34011,0.33501,0.0,0.0051
2018-02-08 17:00:00,2018-02-08 17:00,1.40238,0.24787,0.00093,0.18131,0.97227,0.35598,0.34997,0.0,0.00601
2018-02-08 18:00:00,2018-02-08 18:00,1.57646,0.24599,0.00106,0.19429,1.13512,0.3707,0.36374,0.0,0.00696
2018-02-08 19:00:00,2018-02-08 19:00,1.74089,0.24234,0.0,0.18261,1.31594,0.37498,0.37127,0.0,0.00372
2018-02-08 20:00:00,2018-02-08 20:00,1.85174,0.24319,0.00106,0.15666,1.45083,0.38511,0.38137,0.0,0.00374
2018-02-08 21:00:00,2018-02-08 21:00,1.82647,0.24356,0.00085,0.14324,1.43881,0.3854,0.38104,0.0,0.00436
2018-02-08 22:00:00,2018-02-08 22:00,1.56963,0.24249,0.0,0.12225,1.20489,0.38826,0.38501,0.0,0.00325
2018-02-08 23:00:00,2018-02-08 23:00,1.26579,0.24573,0.0,0.10819,0.91187,0.40793,0.40516,0.0,0.00277
2018-02-09 00:00:00,2018-02-09 00:00,0.87383,0.24451,0.0,0.06112,0.5682,0.40882,0.40803,0.0,0.00079
2018-02-09 01:00:00,2018-02-09 01:00,0.78676,0.24256,0.00335,0.05874,0.48211,0.40827,0.4078,0.0,0.00046
2018-02-09 02:00:00,2018-02-09 02:00,0.75298,0.24448,0.00209,0.04995,0.45645,0.42019,0.42001,0.0,0.00018
2018-02-09 03:00:00,2018-02-09 03:00,0.74574,0.2454,0.0,0.04503,0.45532,0.44521,0.44498,0.0,0.00024
2018-02-09 04:00:00,2018-02-09 04:00,0.74792,0.24425,0.00122,0.05491,0.44754,0.45996,0.45982,0.0,0.00013
2018-02-09 05:00:00,2018-02-09 05:00,0.78641,0.2479,0.0,0.07115,0.46735,0.4835,0.48325,0.0,0.00025
2018-02-09 06:00:00,2018-02-09 06:00,0.90492,0.24776,0.0,0.1425,0.51467,0.5061,0.50225,0.0,0.00386
2018-02-09 07:00:00,2018-02-09 07:00,1.10759,0.24803,0.0,0.23209,0.62746,0.52998,0.52292,0.0,0.00706
2018-02-09 08:00:00,2018-02-09 08:00,1.20325,0.24749,0.0,0.24059,0.71517,0.53061,0.52483,0.0,0.00578
2018-02-09 09:00:00,2018-02-09 09:00,1.32882,0.2477,0.0,0.26771,0.8134,0.53162,0.52639,0.0,0.00523
2018-02-09 10:00:00,2018-02-09 10:00,1.22793,0.24748,0.0,0.20041,0.78005,0.51318,0.50935,0.0,0.00383
2018-02-09 11:00:00,2018-02-09 11:00,1.15774,0.24779,0.0,0.16605,0.7439,0.47284,0.47089,0.0,0.00194
2018-02-09 12:00:00,2018-02-09 12:00,1.12232,0.24657,0.0,0.18007,0.69567,0.43413,0.42842,0.0,0.00571
2018-02-09 13:00:00,2018-02-09 13:00,1.11754,0.24744,0.00218,0.15338,0.71454,0.41614,0.40953,0.0,0.00662
2018-02-09 14:00:00,2018-02-09 14:00,1.09349,0.24716,0.0,0.17083,0.6755,0.38163,0.3761,0.0,0.00553
2018-02-09 15:00:00,2018-02-09 15:00,1.12598,0.24803,0.0,0.18582,0.69213,0.3625,0.35726,0.0,0.00524
2018-02-09 16:00:00,2018-02-09 16:00,1.18066,0.24803,0.0,0.17524,0.75739,0.35699,0.35227,0.0,0.00472
2018-02-09 17:00:00,2018-02-09 17:00,1.37183,0.24787,0.00098,0.1762,0.94679,0.37275,0.36651,0.0,0.00624
2018-02-09 18:00:00,2018-02-09 18:00,1.5892,0.24609,0.00114,0.18378,1.15818,0.39839,0.39158,0.0,0.00681
2018-02-09 19:00:00,2018-02-09 19:00,1.69713,0.24234,0.0,0.17872,1.27608,0.40462,0.39942,0.0,0.0052
2018-02-09 20:00:00,2018-02-09 20:00,1.83911,0.24383,0.00101,0.1862,1.40807,0.42125,0.41518,0.0,0.00607
2018-02-09 21:00:00,2018-02-09 21:00,1.78699,0.24501,0.00075,0.14672,1.39452,0.42362,0.41988,0.0,0.00373
2018-02-09 22:00:00,2018-02-09 22:00,1.54478,0.24293,0.0,0.14067,1.16119,0.42934,0.42601,0.0,0.00333
2018-02-09 23:00:00,2018-02-09 23:00,1.20491,0.24646,0.0,0.11919,0.83926,0.45723,0.45411,0.0,0.00312
2018-02-10 00:00:00,2018-02-10 00:00,0.87406,0.24524,0.0,0.07978,0.54904,0.45905,0.45836,0.0,0.00069
2018-02-10 01:00:00,2018-02-10 01:00,0.7756,0.24325,0.00352,0.04696,0.48186,0.4581,0.45717,0.0,0.00093
2018-02-10 02:00:00,2018-02-10 02:00,0.73296,0.24532,0.0021,0.02792,0.45762,0.46091,0.46073,0.0,0.00018
2018-02-10 03:00:00,2018-02-10 03:00,0.7335,0.2463,0.0,0.0438,0.44339,0.47638,0.47623,0.0,0.00015
2018-02-10 04:00:00,2018-02-10 04:00,0.75477,0.24509,0.00124,0.05893,0.4495,0.48399,0.48342,0.0,0.00057
2018-02-10 05:00:00,2018-02-10 05:00,0.74757,0.24865,0.0,0.05835,0.44057,0.5048,0.50439,0.0,0.00041
2018-02-10 06:00:00,2018-02-10 06:00,0.81534,0.24865,0.0,0.08716,0.47952,0.52286,0.52214,0.0,0.00073
2018-02-10 07:00:00,2018-02-10 07:00,0.9512,0.24865,0.0,0.12368,0.57887,0.54636,0.54356,0.0,0.0028
2018-02-10 08:00:00,2018-02-10 08:00,1.13261,0.24865,0.0,0.2036,0.68037,0.55012,0.54636,0.0,0.00377
2018-02-10 09:00:00,2018-02-10 09:00,1.25058,0.24865,0.0,0.21662,0.78531,0.53894,0.53257,0.0,0.00637
2018-02-10 10:00:00,2018-02-10 10:00,1.43052,0.24865,0.0,0.2425,0.93937,0.51777,0.51087,0.0,0.00691
2018-02-10 11:00:00,2018-02-10 11:00,1.41871,0.24865,0.0,0.21955,0.95052,0.48076,0.4748,0.0,0.00597
2018-02-10 12:00:00,2018-02-10 12:00,1.31307,0.24865,0.0,0.21515,0.84927,0.43727,0.43396,0.0,0.00331
2018-02-10 13:00:00,2018-02-10 13:00,1.30468,0.24865,0.0,0.18692,0.86912,0.41132,0.40912,0.0,0.00219
2018-02-10 14:00:00,2018-02-10 14:00,1.30885,0.24865,0.0,0.21411,0.84609,0.37508,0.36914,0.0,0.00594
2018-02-10 15:00:00,2018-02-10 15:00,1.39663,0.24865,0.0,0.20117,0.9468,0.34964,0.34307,0.0,0.00658
2018-02-10 16:00:00,2018-02-10 16:00,1.46288,0.24865,0.0,0.21635,0.99788,0.32683,0.32329,0.0,0.00354
2018-02-10 17:00:00,2018-02-10 17:00,1.52376,0.24865,0.0,0.21592,1.05919,0.33122,0.32813,0.0,0.00309
2018-02-10 18:00:00,2018-02-10 18:00,1.68905,0.24677,0.00113,0.19865,1.2425,0.35559,0.35187,0.0,0.00372
2018-02-10 19:00:00,2018-02-10 19:00,1.81472,0.24299,0.0,0.16492,1.4068,0.37897,0.37178,0.0,0.0072
2018-02-10 20:00:00,2018-02-10 20:00,1.97076,0.24369,0.00107,0.15679,1.56921,0.40202,0.39583,0.0,0.00619
2018-02-10 21:00:00,2018-02-10 21:00,1.89209,0.24562,0.00076,0.1428,1.5029,0.4179,0.41199,0.0,0.00591
2018-02-10 22:00:00,2018-02-10 22:00,1.57808,0.24354,0.0,0.13762,1.19692,0.43005,0.4255,0.0,0.00455
2018-02-10 23:00:00,2018-02-10 23:00,1.16271,0.24691,0.0,0.10612,0.80968,0.4611,0.45842,0.0,0.00268
2018-02-11 00:00:00,2018-02-11 00:00,0.97405,0.24579,0.0,0.10224,0.62602,0.47405,0.47125,0.0,0.0028
2018-02-11 01:00:00,2018-02-11 01:00,0.82139,0.24369,0.00397,0.05712,0.5166,0.47714,0.47392,0.0,0.00322
2018-02-11 02:00:00,2018-02-11 02:00,0.784,0.24555,0.00211,0.05583,0.48052,0.48631,0.48522,0.0,0.0011
2018-02-11 03:00:00,2018-02-11 03:00,0.77147,0.24687,0.0,0.05409,0.47051,0.51005,0.50888,0.0,0.00116
2018-02-11 04:00:00,2018-02-11 04:00,0.73875,0.24627,0.00121,0.04903,0.44223,0.51986,0.51926,0.0,0.0006
2018-02-11 05:00:00,2018-02-11 05:00,0.75312,0.24865,0.0,0.0588,0.44567,0.53978,0.53891,0.0,0.00088
2018-02-11 06:00:00,2018-02-11 06:00,0.80727,0.24865,0.0,0.09179,0.46683,0.558,0.55575,0.0,0.00225
2018-02-11 07:00:00,2018-02-11 07:00,0.97279,0.24865,0.0,0.1683,0.55585,0.5761,0.57375,0.0,0.00235
2018-02-11 08:00:00,2018-02-11 08:00,1.2022,0.24865,0.0,0.21131,0.74224,0.57674,0.57204,0.0,0.00471
2018-02-11 09:00:00,2018-02-11 09:00,1.38354,0.24865,0.0,0.24823,0.88666,0.55707,0.55178,0.0,0.00529
2018-02-11 10:00:00,2018-02-11 10:00,1.3286,0.24865,0.0,0.23227,0.84769,0.5188,0.51251,0.0,0.00628
2018-02-11 11:00:00,2018-02-11 11:00,1.27555,0.24865,0.0,0.22463,0.80228,0.4712,0.46655,0.0,0.00465
2018-02-11 12:00:00,2018-02-11 12:00,1.24724,0.24865,0.0,0.18396,0.81463,0.42678,0.4227,0.0,0.00407
2018-02-11 13:00:00,2018-02-11 13:00,1.29227,0.24865,0.0,0.20473,0.8389,0.40313,0.39984,0.0,0.00329
2018-02-11 14:00:00,2018-02-11 14:00,1.33573,0.24865,0.0,0.20909,0.878,0.36255,0.3584,0.0,0.00415
2018-02-11 15:00:00,2018-02-11 15:00,1.32376,0.24865,0.0,0.21261,0.8625,0.3314,0.32746,0.0,0.00394
2018-02-11 16:00:00,2018-02-11 16:00,1.36262,0.24865,0.0,0.20384,0.91013,0.31353,0.31044,0.0,0.00309
2018-02-11 17:00:00,2018-02-11 17:00,1.57994,0.24865,0.0,0.20219,1.1291,0.32526,0.31982,0.0,0.00544
2018-02-11 18:00:00,2018-02-11 18:00,1.71926,0.2468,0.00111,0.22991,1.24143,0.34146,0.33522,0.0,0.00624
2018-02-11 19:00:00,2018-02-11 19:00,1.84129,0.24285,0.0,0.18476,1.41368,0.35336,0.34705,0.0,0.00631
2018-02-11 20:00:00,2018-02-11 20:00,1.91238,0.24322,0.00116,0.16344,1.50456,0.36353,0.35936,0.0,0.00417
2018-02-11 21:00:00,2018-02-11 21:00,1.89342,0.24447,0.00097,0.13114,1.51685,0.3706,0.36749,0.0,0.00311
2018-02-11 22:00:00,2018-02-11 22:00,1.52971,0.24253,0.0,0.10275,1.18443,0.38262,0.37912,0.0,0.0035
2018-02-11 23:00:00,2018-02-11 23:00,1.14226,0.24628,0.0,0.10584,0.79015,0.41008,0.40852,0.0,0.00156
2018-02-12 00:00:00,2018-02-12 00:00,0.933,0.24508,0.0,0.09238,0.59553,0.41692,0.41457,0.0,0.00235
2018-02-12 01:00:00,2018-02-12 01:00,0.80755,0.24318,0.00333,0.08924,0.4718,0.4174,0.41708,0.0,0.00032
2018-02-12 02:00:00,2018-02-12 02:00,0.75056,0.24482,0.00214,0.05297,0.45063,0.43161,0.43142,0.0,0.00019
2018-02-12 03:00:00,2018-02-12 03:00,0.74295,0.2463,0.0,0.04893,0.44772,0.45721,0.45682,0.0,0.00039
2018-02-12 04:00:00,2018-02-12 04:00,0.7607,0.24486,0.0013,0.08032,0.43423,0.4759,0.47553,0.0,0.00037
2018-02-12 05:00:00,2018-02-12 05:00,0.76948,0.24852,0.0,0.07649,0.44448,0.50591,0.5049,0.0,0.00101
2018-02-12 06:00:00,2018-02-12 06:00,0.88821,0.24837,0.0,0.14578,0.49406,0.52542,0.5239,0.0,0.00152
2018-02-12 07:00:00,2018-02-12 07:00,1.11099,0.24865,0.0,0.21442,0.64792,0.54555,0.54185,0.0,0.0037
2018-02-12 08:00:00,2018-02-12 08:00,1.15002,0.2481,0.0,0.23294,0.66898,0.54918,0.54437,0.0,0.00481
2018-02-12 09:00:00,2018-02-12 09:00,1.22166,0.24832,0.0,0.21715,0.75619,0.54206,0.53941,0.0,0.00265
2018-02-12 10:00:00,2018-02-12 10:00,1.16737,0.2481,0.0,0.21933,0.69995,0.52202,0.51951,0.0,0.0025
2018-02-12 11:00:00,2018-02-12 11:00,1.13725,0.24841,0.0,0.1751,0.71374,0.49459,0.49208,0.0,0.0025
2018-02-12 12:00:00,2018-02-12 12:00,1.14581,0.24756,0.0,0.15489,0.74336,0.4683,0.46585,0.0,0.00246
2018-02-12 13:00:00,2018-02-12 13:00,1.09454,0.24806,0.00199,0.16138,0.68311,0.45284,0.44996,0.0,0.00289
2018-02-12 14:00:00,2018-02-12 14:00,1.14623,0.24777,0.0,0.16232,0.73614,0.41283,0.4091,0.0,0.00373
2018-02-12 15:00:00,2018-02-12 15:00,1.18089,0.24865,0.0,0.19129,0.74096,0.38637,0.3838,0.0,0.00256
2018-02-12 16:00:00,2018-02-12 16:00,1.27995,0.24865,0.0,0.18475,0.84655,0.37621,0.37055,0.0,0.00566
2018-02-12 17:00:00,2018-02-12 17:00,1.39374,0.24848,0.00097,0.16886,0.97543,0.37291,0.36721,0.0,0.0057
2018-02-12 18:00:00,2018-02-12 18:00,1.59226,0.24684,0.00106,0.19679,1.14757,0.38294,0.37603,0.0,0.00691
2018-02-12 19:00:00,2018-02-12 19:00,1.71331,0.24295,0.0,0.18511,1.28524,0.39628,0.39208,0.0,0.0042
2018-02-12 20:00:00,2018-02-12 20:00,1.8523,0.24427,0.00099,0.15884,1.4482,0.4254,0.4208,0.0,0.0046
2018-02-12 21:00:00,2018-02-12 21:00,1.76664,0.24535,0.00077,0.14219,1.37833,0.43302,0.43038,0.0,0.00264
2018-02-12 22:00:00,2018-02-12 22:00,1.4849,0.24354,0.0,0.11633,1.12503,0.4404,0.43887,0.0,0.00153
2018-02-12 23:00:00,2018-02-12 23:00,1.08557,0.24695,0.0,0.08614,0.75249,0.46578,0.46417,0.0,0.00161
2018-02-13 00:00:00,2018-02-13 00:00,0.85536,0.24578,0.0,0.07081,0.53876,0.46239,0.46168,0.0,0.00071
2018-02-13 01:00:00,2018-02-13 01:00,0.79369,0.24338,0.00369,0.06995,0.47668,0.44696,0.44603,0.0,0.00093
2018-02-13 02:00:00,2018-02-13 02:00,0.73834,0.24532,0.00221,0.04128,0.44953,0.4408,0.44019,0.0,0.00061
2018-02-13 03:00:00,2018-02-13 03:00,0.72945,0.24601,0.0,0.0401,0.44334,0.44835,0.44745,0.0,0.0009
2018-02-13 04:00:00,2018-02-13 04:00,0.74618,0.24474,0.00122,0.06127,0.43895,0.44794,0.44691,0.0,0.00103
2018-02-13 05:00:00,2018-02-13 05:00,0.77346,0.24852,0.0,0.06679,0.45815,0.45362,0.45283,0.0,0.00079
2018-02-13 06:00:00,2018-02-13 06:00,0.92927,0.24837,0.0,0.14371,0.5372,0.45887,0.45623,0.0,0.00264
2018-02-13 07:00:00,2018-02-13 07:00,1.15292,0.24865,0.0,0.25487,0.6494,0.47017,0.46643,0.0,0.00373
2018-02-13 08:00:00,2018-02-13 08:00,1.25596,0.2481,0.0,0.24061,0.76726,0.4646,0.45921,0.0,0.00539
2018-02-13 09:00:00,2018-02-13 09:00,1.2921,0.24832,0.0,0.23974,0.80405,0.46307,0.45946,0.0,0.00362
2018-02-13 10:00:00,2018-02-13 10:00,1.22577,0.2481,0.0,0.19484,0.78283,0.45588,0.45407,0.0,0.00181
2018-02-13 11:00:00,2018-02-13 11:00,1.11231,0.24834,0.0,0.21336,0.65061,0.42856,0.42538,0.0,0.00318
2018-02-13 12:00:00,2018-02-13 12:00,1.1369,0.24677,0.0,0.19195,0.69818,0.38679,0.37926,0.0,0.00753
2018-02-13 13:00:00,2018-02-13 13:00,1.11761,0.24752,0.00177,0.16583,0.70247,0.35235,0.34639,0.0,0.00596
2018-02-13 14:00:00,2018-02-13 14:00,1.1808,0.24748,0.0,0.16393,0.76938,0.30508,0.30053,0.0,0.00455
2018-02-13 15:00:00,2018-02-13 15:00,1.19236,0.24865,0.0,0.19185,0.75186,0.27129,0.26897,0.0,0.00232
2018-02-13 16:00:00,2018-02-13 16:00,1.29395,0.24865,0.0,0.18767,0.85764,0.25863,0.25372,0.0,0.00491
2018-02-13 17:00:00,2018-02-13 17:00,1.42807,0.24848,0.00078,0.19724,0.98156,0.2611,0.25349,0.0,0.00761
2018-02-13 18:00:00,2018-02-13 18:00,1.56208,0.24591,0.00123,0.16836,1.14657,0.26506,0.26064,0.0,0.00442
2018-02-13 19:00:00,2018-02-13 19:00,1.74442,0.2419,0.0,0.20521,1.29732,0.27501,0.2702,0.0,0.00481
2018-02-13 20:00:00,2018-02-13 20:00,1.83931,0.24151,0.00138,0.20722,1.3892,0.28665,0.28299,0.0,0.00366
2018-02-13 21:00:00,2018-02-13 21:00,1.78957,0.241,0.00122,0.15109,1.39626,0.2888,0.28466,0.0,0.00415
2018-02-13 22:00:00,2018-02-13 22:00,1.48978,0.2402,0.0,0.11307,1.13651,0.29105,0.28804,0.0,0.00301
2018-02-13 23:00:00,2018-02-13 23:00,1.17746,0.24497,0.0,0.10318,0.82931,0.3062,0.30382,0.0,0.00238
2018-02-14 00:00:00,2018-02-14 00:00,0.90693,0.24361,0.0,0.07542,0.58791,0.30694,0.30616,0.0,0.00079
2018-02-14 01:00:00,2018-02-14 01:00,0.78676,0.24035,0.00336,0.05825,0.4848,0.30561,0.30529,0.0,0.00032
2018-02-14 02:00:00,2018-02-14 02:00,0.81479,0.24397,0.00188,0.0444,0.52453,0.31437,0.31419,0.0,0.00018
2018-02-14 03:00:00,2018-02-14 03:00,0.77434,0.24462,0.0,0.046,0.48372,0.32996,0.32981,0.0,0.00015
2018-02-14 04:00:00,2018-02-14 04:00,0.73744,0.24334,0.00107,0.05604,0.43699,0.34374,0.34293,0.0,0.00082
2018-02-14 05:00:00,2018-02-14 05:00,0.76154,0.2478,0.0,0.06766,0.44609,0.36279,0.3621,0.0,0.00069
2018-02-14 06:00:00,2018-02-14 06:00,0.90473,0.24814,0.0,0.1394,0.51719,0.37331,0.37159,0.0,0.00172
2018-02-14 07:00:00,2018-02-14 07:00,1.14461,0.24865,0.0,0.22701,0.66895,0.38501,0.37962,0.0,0.00539
2018-02-14 08:00:00,2018-02-14 08:00,1.31235,0.24785,0.0,0.28505,0.77945,0.38126,0.37521,0.0,0.00606
2018-02-14 09:00:00,2018-02-14 09:00,1.21097,0.24815,0.0,0.20759,0.75522,0.36434,0.35872,0.0,0.00562
2018-02-14 10:00:00,2018-02-14 10:00,1.21381,0.2477,0.0,0.19442,0.7717,0.33251,0.3275,0.0,0.00501
2018-02-14 11:00:00,2018-02-14 11:00,1.14279,0.24775,0.0,0.19808,0.69697,0.2841,0.27982,0.0,0.00428
2018-02-14 12:00:00,2018-02-14 12:00,1.24225,0.33881,0.0,0.14699,0.75645,0.22458,0.21988,0.0,0.00469
2018-02-14 13:00:00,2018-02-14 13:00,2.13039,1.21123,0.00167,0.15624,0.76125,0.07651,0.07335,0.0,0.00316
2018-02-14 14:00:00,2018-02-14 14:00,2.48961,1.53759,4e-05,0.20484,0.74713,0.00374,0.0,0.0,0.00374
2018-02-14 15:00:00,2018-02-14 15:00,2.31901,1.37854,0.00028,0.17632,0.76388,0.00566,0.0,0.0,0.00566
2018-02-14 16:00:00,2018-02-14 16:00,2.16961,1.21615,0.00019,0.14176,0.8115,0.00593,0.0,0.0,0.00593
2018-02-14 17:00:00,2018-02-14 17:00,2.40319,1.22519,0.00085,0.16201,1.01514,0.0061,0.0,0.0,0.0061
2018-02-14 18:00:00,2018-02-14 18:00,2.75631,1.35983,0.00258,0.17861,1.21529,0.00636,0.0,0.0,0.00636
2018-02-14 19:00:00,2018-02-14 19:00,2.99303,1.46453,0.00011,0.19711,1.33128,0.01718,0.01241,0.0,0.00478
2018-02-14 20:00:00,2018-02-14 20:00,2.90748,1.25739,0.00133,0.16247,1.48629,0.05783,0.05301,0.0,0.00481
2018-02-14 21:00:00,2018-02-14 21:00,2.82292,1.23817,0.0016,0.15124,1.43191,0.05911,0.05677,0.0,0.00234
2018-02-14 22:00:00,2018-02-14 22:00,2.78301,1.40961,0.0,0.12864,1.24476,0.03813,0.03526,0.0,0.00288
2018-02-14 23:00:00,2018-02-14 23:00,2.58982,1.69115,0.0,0.0938,0.80488,0.01297,0.01097,0.0,0.002
2018-02-15 00:00:00,2018-02-15 00:00,1.84078,1.1642,0.0,0.06752,0.60906,0.09725,0.09612,0.0,0.00112
2018-02-15 01:00:00,2018-02-15 01:00,1.48292,0.91552,0.00181,0.04826,0.51734,0.12426,0.12362,0.0,0.00064
2018-02-15 02:00:00,2018-02-15 02:00,0.97266,0.47016,0.00173,0.04662,0.45414,0.17923,0.17897,0.0,0.00026
2018-02-15 03:00:00,2018-02-15 03:00,0.92024,0.43202,0.0,0.03797,0.45026,0.198,0.1975,0.0,0.0005
2018-02-15 04:00:00,2018-02-15 04:00,0.8964,0.39401,0.00102,0.04782,0.45355,0.2158,0.21509,0.0,0.00071
2018-02-15 05:00:00,2018-02-15 05:00,0.79566,0.24472,0.0,0.08441,0.46653,0.25132,0.25025,0.0,0.00107
2018-02-15 06:00:00,2018-02-15 06:00,0.91689,0.24682,0.0,0.14672,0.52334,0.26953,0.26764,0.0,0.0019
2018-02-15 07:00:00,2018-02-15 07:00,1.12896,0.24818,0.0,0.21971,0.66107,0.2874,0.28378,0.0,0.00361
2018-02-15 08:00:00,2018-02-15 08:00,1.23089,0.24763,0.0,0.26713,0.71612,0.2828,0.27675,0.0,0.00605
2018-02-15 09:00:00,2018-02-15 09:00,1.29201,0.30391,0.0,0.23431,0.75378,0.26154,0.25587,0.0,0.00567
2018-02-15 10:00:00,2018-02-15 10:00,1.49971,0.55064,0.0,0.20497,0.74409,0.20687,0.20243,0.0,0.00444
2018-02-15 11:00:00,2018-02-15 11:00,2.63769,1.75993,0.0,0.16447,0.71329,0.01882,0.01328,0.0,0.00554
2018-02-15 12:00:00,2018-02-15 12:00,2.74697,1.83305,0.0,0.13172,0.7822,0.00687,0.0,0.0,0.00687
2018-02-15 13:00:00,2018-02-15 13:00,2.76962,1.86618,0.0,0.15108,0.75236,0.00484,0.0,0.0,0.00484
2018-02-15 14:00:00,2018-02-15 14:00,2.30213,1.35694,8e-05,0.15721,0.7879,0.07873,0.07685,0.0,0.00187
2018-02-15 15:00:00,2018-02-15 15:00,1.70928,0.79609,0.0,0.17782,0.73537,0.14945,0.1476,0.0,0.00185
2018-02-15 16:00:00,2018-02-15 16:00,1.2881,0.27925,0.0,0.16346,0.84539,0.21812,0.21229,0.0,0.00583
2018-02-15 17:00:00,2018-02-15 17:00,1.4123,0.24848,0.00079,0.18585,0.97717,0.22294,0.21743,0.0,0.0055
2018-02-15 18:00:00,2018-02-15 18:00,1.60967,0.24496,0.00177,0.19088,1.17207,0.23413,0.22512,0.0,0.00901
2018-02-15 19:00:00,2018-02-15 19:00,1.78036,0.2407,0.0,0.17072,1.36894,0.24406,0.23672,0.0,0.00734
2018-02-15 20:00:00,2018-02-15 20:00,1.88234,0.24112,0.00169,0.16884,1.47068,0.25945,0.2553,0.0,0.00415
2018-02-15 21:00:00,2018-02-15 21:00,1.90451,0.24105,0.00155,0.13127,1.53064,0.27464,0.27075,0.0,0.00389
2018-02-15 22:00:00,2018-02-15 22:00,1.55699,0.23917,0.0,0.1243,1.19351,0.28193,0.27957,0.0,0.00237
2018-02-15 23:00:00,2018-02-15 23:00,1.13815,0.24455,0.0,0.09823,0.79536,0.31325,0.312,0.0,0.00125
2018-02-16 00:00:00,2018-02-16 00:00,0.86397,0.24361,0.0,0.06267,0.55769,0.34301,0.34226,0.0,0.00075
2018-02-16 01:00:00,2018-02-16 01:00,0.78169,0.24129,0.00321,0.04138,0.49581,0.37411,0.37361,0.0,0.00051
2018-02-16 02:00:00,2018-02-16 02:00,0.74959,0.24499,0.00209,0.0408,0.46172,0.40766,0.40733,0.0,0.00032
2018-02-16 03:00:00,2018-02-16 03:00,0.7504,0.2463,0.0,0.05719,0.44691,0.44119,0.44104,0.0,0.00015
2018-02-16 04:00:00,2018-02-16 04:00,0.75672,0.24515,0.00131,0.06842,0.44184,0.46704,0.46643,0.0,0.00062
2018-02-16 05:00:00,2018-02-16 05:00,0.77199,0.24852,0.0,0.07,0.45347,0.49495,0.49391,0.0,0.00104
2018-02-16 06:00:00,2018-02-16 06:00,0.88348,0.24837,0.0,0.12698,0.50814,0.51046,0.50857,0.0,0.00189
2018-02-16 07:00:00,2018-02-16 07:00,1.10204,0.24865,0.0,0.21859,0.63481,0.52985,0.52365,0.0,0.0062
2018-02-16 08:00:00,2018-02-16 08:00,1.16069,0.2481,0.0,0.2242,0.68839,0.52232,0.51723,0.0,0.00509
2018-02-16 09:00:00,2018-02-16 09:00,1.21294,0.24832,0.0,0.20798,0.75665,0.50545,0.50087,0.0,0.00458
2018-02-16 10:00:00,2018-02-16 10:00,1.17534,0.24797,0.0,0.1847,0.74267,0.48058,0.47624,0.0,0.00433
2018-02-16 11:00:00,2018-02-16 11:00,1.11725,0.24834,0.0,0.16687,0.70204,0.43652,0.43445,0.0,0.00208
2018-02-16 12:00:00,2018-02-16 12:00,1.11823,0.24696,0.0,0.15025,0.72102,0.39463,0.39045,0.0,0.00419
2018-02-16 13:00:00,2018-02-16 13:00,1.20146,0.24787,0.00211,0.15561,0.79587,0.37715,0.37173,0.0,0.00542
2018-02-16 14:00:00,2018-02-16 14:00,1.12093,0.24777,0.0,0.14478,0.72838,0.33821,0.3335,0.0,0.00472
2018-02-16 15:00:00,2018-02-16 15:00,1.13544,0.24865,0.0,0.17548,0.71131,0.31235,0.30823,0.0,0.00411
2018-02-16 16:00:00,2018-02-16 16:00,1.36513,0.24865,0.0,0.19686,0.91962,0.30513,0.30076,0.0,0.00437
2018-02-16 17:00:00,2018-02-16 17:00,1.46915,0.24848,0.00091,0.17812,1.04163,0.31225,0.30765,0.0,0.00461
2018-02-16 18:00:00,2018-02-16 18:00,1.57826,0.24672,0.00128,0.17377,1.1565,0.32974,0.32228,0.0,0.00746
2018-02-16 19:00:00,2018-02-16 19:00,1.73464,0.24217,0.0,0.17986,1.31262,0.34582,0.33954,0.0,0.00628
2018-02-16 20:00:00,2018-02-16 20:00,1.85886,0.24308,0.00122,0.16731,1.44725,0.35551,0.35406,0.0,0.00145
2018-02-16 21:00:00,2018-02-16 21:00,1.84608,0.24365,0.00102,0.16416,1.43725,0.35952,0.35781,0.0,0.00171
2018-02-16 22:00:00,2018-02-16 22:00,1.6276,0.24244,0.0,0.14533,1.23984,0.36182,0.35863,0.0,0.00318
2018-02-16 23:00:00,2018-02-16 23:00,1.17752,0.24619,0.0,0.11592,0.81541,0.3692,0.36591,0.0,0.00328
2018-02-17 00:00:00,2018-02-17 00:00,0.89202,0.24433,0.0,0.07276,0.57493,0.35754,0.35591,0.0,0.00163
2018-02-17 01:00:00,2018-02-17 01:00,0.78149,0.24154,0.00333,0.04002,0.4966,0.34651,0.34454,0.0,0.00197
2018-02-17 02:00:00,2018-02-17 02:00,0.75319,0.24423,0.00193,0.0318,0.47523,0.34193,0.34116,0.0,0.00077
2018-02-17 03:00:00,2018-02-17 03:00,0.77212,0.2453,0.0,0.0527,0.47412,0.34491,0.34476,0.0,0.00015
2018-02-17 04:00:00,2018-02-17 04:00,0.73752,0.24337,0.00107,0.05091,0.44216,0.34218,0.34169,0.0,0.00049
2018-02-17 05:00:00,2018-02-17 05:00,0.75021,0.24793,0.0,0.06369,0.43859,0.34701,0.3465,0.0,0.0005
2018-02-17 06:00:00,2018-02-17 06:00,0.84038,0.2483,0.0,0.086,0.50608,0.34795,0.34698,0.0,0.00097
2018-02-17 07:00:00,2018-02-17 07:00,0.9921,0.24865,0.0,0.12246,0.62099,0.3495,0.34735,0.0,0.00216
2018-02-17 08:00:00,2018-02-17 08:00,1.1186,0.24865,0.0,0.19122,0.67874,0.33709,0.33179,0.0,0.0053
2018-02-17 09:00:00,2018-02-17 09:00,1.34242,0.24865,0.0,0.24948,0.8443,0.32691,0.31974,0.0,0.00717
2018-02-17 10:00:00,2018-02-17 10:00,1.33709,0.24865,0.0,0.21749,0.87096,0.31244,0.30611,0.0,0.00633
2018-02-17 11:00:00,2018-02-17 11:00,1.39572,0.24865,0.0,0.21675,0.93032,0.28471,0.28175,0.0,0.00296
2018-02-17 12:00:00,2018-02-17 12:00,1.38681,0.24865,0.0,0.19695,0.94121,0.25621,0.25295,0.0,0.00326
2018-02-17 13:00:00,2018-02-17 13:00,1.32537,0.24846,0.0,0.18084,0.89607,0.23922,0.23437,0.0,0.00484
2018-02-17 14:00:00,2018-02-17 14:00,1.49285,0.42199,0.0,0.21686,0.854,0.18433,0.17985,0.0,0.00449
2018-02-17 15:00:00,2018-02-17 15:00,1.90935,0.75196,0.0,0.24227,0.91512,0.11891,0.11627,0.0,0.00264
2018-02-17 16:00:00,2018-02-17 16:00,2.82705,1.56283,0.0,0.22318,1.04104,0.00415,0.0,0.0,0.00415
2018-02-17 17:00:00,2018-02-17 17:00,2.37399,0.99387,0.0,0.20495,1.17517,0.09161,0.08422,0.0,0.0074
2018-02-17 18:00:00,2018-02-17 18:00,1.75114,0.28987,0.0015,0.2025,1.25727,0.2014,0.1948,0.0,0.0066
2018-02-17 19:00:00,2018-02-17 19:00,1.83684,0.2389,0.0,0.15652,1.44142,0.22142,0.2159,0.0,0.00552
2018-02-17 20:00:00,2018-02-17 20:00,1.88047,0.23934,0.00177,0.15699,1.48236,0.2351,0.22947,0.0,0.00564
2018-02-17 21:00:00,2018-02-17 21:00,1.7804,0.23905,0.00152,0.14977,1.39006,0.24392,0.23994,0.0,0.00398
2018-02-17 22:00:00,2018-02-17 22:00,1.50149,0.2359,0.0,0.11483,1.15076,0.24791,0.24612,0.0,0.00178
2018-02-17 23:00:00,2018-02-17 23:00,1.08211,0.24318,0.0,0.08538,0.75355,0.27314,0.27212,0.0,0.00102
2018-02-18 00:00:00,2018-02-18 00:00,0.84381,0.24255,0.0,0.05945,0.54181,0.28722,0.28539,0.0,0.00184
2018-02-18 01:00:00,2018-02-18 01:00,0.76021,0.24017,0.0035,0.04589,0.47065,0.29696,0.29664,0.0,0.00032
2018-02-18 02:00:00,2018-02-18 02:00,0.76102,0.24377,0.0019,0.05996,0.45538,0.31311,0.31223,0.0,0.00088
2018-02-18 03:00:00,2018-02-18 03:00,0.78514,0.24433,0.0,0.06401,0.4768,0.33021,0.32996,0.0,0.00025
2018-02-18 04:00:00,2018-02-18 04:00,0.77697,0.24329,0.00114,0.05403,0.4785,0.3342,0.33407,0.0,0.00013
2018-02-18 05:00:00,2018-02-18 05:00,0.75535,0.2477,0.0,0.05572,0.45193,0.34036,0.34012,0.0,0.00024
2018-02-18 06:00:00,2018-02-18 06:00,0.82045,0.2483,0.0,0.07025,0.50189,0.35063,0.35022,0.0,0.00041
2018-02-18 07:00:00,2018-02-18 07:00,0.99794,0.24865,0.0,0.12728,0.62201,0.36779,0.366,0.0,0.00179
2018-02-18 08:00:00,2018-02-18 08:00,1.12066,0.24865,0.0,0.17578,0.69623,0.36212,0.35959,0.0,0.00253
2018-02-18 09:00:00,2018-02-18 09:00,1.32627,0.24865,0.0,0.23158,0.84604,0.37062,0.36448,0.0,0.00613
2018-02-18 10:00:00,2018-02-18 10:00,1.33677,0.24865,0.0,0.21521,0.87291,0.37452,0.36861,0.0,0.00591
2018-02-18 11:00:00,2018-02-18 11:00,1.36244,0.24865,0.0,0.18745,0.92634,0.35801,0.35383,0.0,0.00418
2018-02-18 12:00:00,2018-02-18 12:00,1.54078,0.43127,0.0,0.18295,0.92656,0.30561,0.30053,0.0,0.00508
2018-02-18 13:00:00,2018-02-18 13:00,2.40029,1.29151,0.0,0.20611,0.90267,0.14842,0.14358,0.0,0.00484
2018-02-18 14:00:00,2018-02-18 14:00,2.14984,1.06783,0.0,0.20139,0.88062,0.17872,0.17234,0.0,0.00638
2018-02-18 15:00:00,2018-02-18 15:00,2.10449,0.99853,0.0,0.21433,0.89163,0.18414,0.17957,0.0,0.00457
2018-02-18 16:00:00,2018-02-18 16:00,2.07552,0.89592,0.0,0.22243,0.95718,0.18432,0.18086,0.0,0.00347
2018-02-18 17:00:00,2018-02-18 17:00,2.1252,0.82451,0.0,0.20281,1.09788,0.17425,0.16951,0.0,0.00474
2018-02-18 18:00:00,2018-02-18 18:00,2.35073,0.88011,0.00133,0.17861,1.29069,0.16733,0.16142,0.0,0.00591
2018-02-18 19:00:00,2018-02-18 19:00,2.48818,0.92231,0.0,0.15609,1.40978,0.17126,0.16425,0.0,0.00701
2018-02-18 20:00:00,2018-02-18 20:00,2.57039,0.93932,0.00184,0.14611,1.48312,0.16884,0.16349,0.0,0.00535
2018-02-18 21:00:00,2018-02-18 21:00,2.53381,0.96117,0.00175,0.13684,1.43404,0.14998,0.14412,0.0,0.00586
2018-02-18 22:00:00,2018-02-18 22:00,1.62542,0.35548,0.0,0.09564,1.1743,0.2189,0.21459,0.0,0.00431
2018-02-18 23:00:00,2018-02-18 23:00,1.14059,0.24222,0.0,0.0972,0.80118,0.25387,0.25036,0.0,0.00351
2018-02-19 00:00:00,2018-02-19 00:00,0.87766,0.24075,0.0,0.07552,0.56139,0.26484,0.26365,0.0,0.00119
2018-02-19 01:00:00,2018-02-19 01:00,0.83045,0.2396,0.00333,0.05948,0.52803,0.26775,0.26652,0.0,0.00123
2018-02-19 02:00:00,2018-02-19 02:00,0.79115,0.24284,0.00178,0.05205,0.49448,0.26685,0.26661,0.0,0.00024
2018-02-19 03:00:00,2018-02-19 03:00,0.75853,0.24379,0.0,0.04126,0.47349,0.28568,0.28553,0.0,0.00015
2018-02-19 04:00:00,2018-02-19 04:00,0.73806,0.24264,0.00104,0.05346,0.44092,0.30365,0.30326,0.0,0.00039
2018-02-19 05:00:00,2018-02-19 05:00,0.77017,0.24667,0.0,0.07556,0.44793,0.32747,0.3264,0.0,0.00107
2018-02-19 06:00:00,2018-02-19 06:00,0.90048,0.24802,0.0,0.13707,0.51539,0.34557,0.34244,0.0,0.00314
2018-02-19 07:00:00,2018-02-19 07:00,1.10261,0.24865,0.0,0.21284,0.64112,0.36694,0.36261,0.0,0.00433
2018-02-19 08:00:00,2018-02-19 08:00,1.31221,0.2481,0.0,0.28517,0.77894,0.36825,0.36441,0.0,0.00384
2018-02-19 09:00:00,2018-02-19 09:00,1.27069,0.24815,0.0,0.22665,0.79589,0.37988,0.37571,0.0,0.00417
2018-02-19 10:00:00,2018-02-19 10:00,1.24194,0.24782,0.0,0.19205,0.80207,0.38614,0.3812,0.0,0.00494
2018-02-19 11:00:00,2018-02-19 11:00,1.18239,0.24834,0.0,0.14842,0.78563,0.37717,0.37405,0.0,0.00312
2018-02-19 12:00:00,2018-02-19 12:00,1.11439,0.24672,0.0,0.16038,0.70728,0.36559,0.36139,0.0,0.00421
2018-02-19 13:00:00,2018-02-19 13:00,1.12709,0.24721,0.00183,0.15552,0.72254,0.36517,0.36228,0.0,0.00289
2018-02-19 14:00:00,2018-02-19 14:00,1.19321,0.24777,0.0,0.15166,0.79378,0.35291,0.34848,0.0,0.00444
2018-02-19 15:00:00,2018-02-19 15:00,1.1576,0.24865,0.0,0.16741,0.74154,0.35069,0.34627,0.0,0.00442
2018-02-19 16:00:00,2018-02-19 16:00,1.23111,0.24865,0.0,0.20041,0.78206,0.34176,0.33701,0.0,0.00475
2018-02-19 17:00:00,2018-02-19 17:00,1.34407,0.24848,0.00088,0.17859,0.91611,0.34228,0.33729,0.0,0.00499
2018-02-19 18:00:00,2018-02-19 18:00,1.54728,0.2467,0.00118,0.18654,1.11286,0.34044,0.33521,0.0,0.00522
2018-02-19 19:00:00,2018-02-19 19:00,1.67471,0.24276,0.0,0.18628,1.24566,0.33816,0.33345,0.0,0.00471
2018-02-19 20:00:00,2018-02-19 20:00,1.78975,0.2436,0.00124,0.17525,1.36966,0.34369,0.3395,0.0,0.0042
2018-02-19 21:00:00,2018-02-19 21:00,1.77921,0.24373,0.00118,0.14487,1.38942,0.3381,0.3349,0.0,0.00319
2018-02-19 22:00:00,2018-02-19 22:00,1.47354,0.24143,0.0,0.09881,1.1333,0.33377,0.33003,0.0,0.00374
2018-02-19 23:00:00,2018-02-19 23:00,1.11143,0.24655,0.0,0.09399,0.77089,0.34198,0.33947,0.0,0.00252
2018-02-20 00:00:00,2018-02-20 00:00,0.87607,0.24457,0.0,0.07956,0.55195,0.33302,0.33116,0.0,0.00185
2018-02-20 01:00:00,2018-02-20 01:00,0.78378,0.24077,0.00333,0.06127,0.47842,0.32118,0.32022,0.0,0.00095
2018-02-20 02:00:00,2018-02-20 02:00,0.71612,0.24397,0.00186,0.02531,0.44498,0.32061,0.3202,0.0,0.0004
2018-02-20 03:00:00,2018-02-20 03:00,0.71479,0.24491,0.0,0.02773,0.44215,0.33318,0.33303,0.0,0.00015
2018-02-20 04:00:00,2018-02-20 04:00,0.73427,0.24337,0.0011,0.049,0.4408,0.33736,0.33704,0.0,0.00031
2018-02-20 05:00:00,2018-02-20 05:00,0.77711,0.24757,0.0,0.06775,0.46179,0.34824,0.34736,0.0,0.00088
2018-02-20 06:00:00,2018-02-20 06:00,0.91705,0.24814,0.0,0.15973,0.50918,0.35918,0.35775,0.0,0.00143
2018-02-20 07:00:00,2018-02-20 07:00,1.09737,0.24865,0.0,0.23424,0.61449,0.36981,0.36842,0.0,0.0014
2018-02-20 08:00:00,2018-02-20 08:00,1.19805,0.2481,0.0,0.24496,0.70499,0.36498,0.36144,0.0,0.00353
2018-02-20 09:00:00,2018-02-20 09:00,1.25621,0.24815,0.0,0.23868,0.76938,0.36723,0.365,0.0,0.00223
2018-02-20 10:00:00,2018-02-20 10:00,1.22534,0.24782,0.0,0.19346,0.78406,0.36955,0.36755,0.0,0.002
2018-02-20 11:00:00,2018-02-20 11:00,1.15273,0.24834,0.0,0.14908,0.7553,0.35696,0.35378,0.0,0.00318
2018-02-20 12:00:00,2018-02-20 12:00,1.15751,0.24672,0.0,0.1492,0.76158,0.33409,0.33021,0.0,0.00388
2018-02-20 13:00:00,2018-02-20 13:00,1.09267,0.24691,0.0019,0.14829,0.69557,0.33765,0.3341,0.0,0.00355
2018-02-20 14:00:00,2018-02-20 14:00,1.14203,0.24741,0.0,0.17726,0.71735,0.32032,0.31603,0.0,0.00429
2018-02-20 15:00:00,2018-02-20 15:00,1.13743,0.24865,0.0,0.19366,0.69512,0.3153,0.31224,0.0,0.00307
2018-02-20 16:00:00,2018-02-20 16:00,1.19979,0.24865,0.0,0.1735,0.77764,0.31438,0.30917,0.0,0.00522
2018-02-20 17:00:00,2018-02-20 17:00,1.32185,0.24848,0.00092,0.17163,0.90081,0.31754,0.31246,0.0,0.00507
2018-02-20 18:00:00,2018-02-20 18:00,1.53338,0.2467,0.00127,0.19303,1.09238,0.33164,0.32401,0.0,0.00763
2018-02-20 19:00:00,2018-02-20 19:00,1.70876,0.24243,0.0,0.16825,1.29809,0.34412,0.3387,0.0,0.00542
2018-02-20 20:00:00,2018-02-20 20:00,1.82095,0.24322,0.00123,0.14137,1.43513,0.36372,0.35788,0.0,0.00584
2018-02-20 21:00:00,2018-02-20 21:00,1.75421,0.24428,0.00105,0.15615,1.35273,0.37863,0.37338,0.0,0.00525
2018-02-20 22:00:00,2018-02-20 22:00,1.47241,0.24314,0.0,0.10364,1.12563,0.39716,0.3911,0.0,0.00606
2018-02-20 23:00:00,2018-02-20 23:00,1.12913,0.24657,0.0,0.08716,0.7954,0.41734,0.41591,0.0,0.00143
2018-02-21 00:00:00,2018-02-21 00:00,0.85388,0.2449,0.0,0.06464,0.54434,0.41717,0.41643,0.0,0.00073
2018-02-21 01:00:00,2018-02-21 01:00,0.75182,0.24318,0.0035,0.0331,0.47205,0.41426,0.41394,0.0,0.00032
2018-02-21 02:00:00,2018-02-21 02:00,0.73578,0.24503,0.00218,0.03971,0.44885,0.42272,0.42254,0.0,0.00018
2018-02-21 03:00:00,2018-02-21 03:00,0.73262,0.2459,0.0,0.04485,0.44187,0.4428,0.44265,0.0,0.00015
2018-02-21 04:00:00,2018-02-21 04:00,0.73969,0.24481,0.00135,0.05531,0.43823,0.45663,0.4565,0.0,0.00013
2018-02-21 05:00:00,2018-02-21 05:00,0.78472,0.24852,0.0,0.0828,0.4534,0.47881,0.47822,0.0,0.0006
2018-02-21 06:00:00,2018-02-21 06:00,0.89297,0.24837,0.0,0.13646,0.50814,0.49766,0.49563,0.0,0.00204
2018-02-21 07:00:00,2018-02-21 07:00,1.05483,0.24865,0.0,0.15953,0.64664,0.52022,0.51483,0.0,0.00539
2018-02-21 08:00:00,2018-02-21 08:00,1.2404,0.2481,0.0,0.22426,0.76804,0.51177,0.50729,0.0,0.00448
2018-02-21 09:00:00,2018-02-21 09:00,1.26907,0.24832,0.0,0.22719,0.79356,0.49361,0.48973,0.0,0.00388
2018-02-21 10:00:00,2018-02-21 10:00,1.16764,0.24797,0.0,0.18176,0.73791,0.46091,0.45876,0.0,0.00215
2018-02-21 11:00:00,2018-02-21 11:00,1.14741,0.24834,0.0,0.18044,0.71862,0.41734,0.41381,0.0,0.00353
2018-02-21 12:00:00,2018-02-21 12:00,1.11551,0.24694,0.0,0.17006,0.69851,0.36984,0.36743,0.0,0.00242
2018-02-21 13:00:00,2018-02-21 13:00,1.21854,0.24765,0.00201,0.1702,0.79867,0.35058,0.34743,0.0,0.00314
2018-02-21 14:00:00,2018-02-21 14:00,1.20245,0.24748,0.0,0.1647,0.79027,0.31596,0.3118,0.0,0.00416
2018-02-21 15:00:00,2018-02-21 15:00,1.19739,0.24865,0.0,0.15287,0.79586,0.29079,0.28806,0.0,0.00273
2018-02-21 16:00:00,2018-02-21 16:00,1.31448,0.24865,0.0,0.18011,0.88572,0.27899,0.27592,0.0,0.00307
2018-02-21 17:00:00,2018-02-21 17:00,1.4269,0.24848,0.0009,0.17867,0.99884,0.28423,0.27976,0.0,0.00446
2018-02-21 18:00:00,2018-02-21 18:00,1.69093,0.24591,0.0013,0.20127,1.24245,0.29914,0.29148,0.0,0.00767
2018-02-21 19:00:00,2018-02-21 19:00,1.75518,0.24193,0.0,0.20668,1.30656,0.3149,0.30773,0.0,0.00716
2018-02-21 20:00:00,2018-02-21 20:00,1.81673,0.24276,0.00154,0.16996,1.40246,0.33683,0.32988,0.0,0.00695
2018-02-21 21:00:00,2018-02-21 21:00,1.85872,0.2435,0.00132,0.15831,1.4556,0.34519,0.34224,0.0,0.00296
2018-02-21 22:00:00,2018-02-21 22:00,1.53896,0.24187,0.0,0.11539,1.1817,0.36288,0.35915,0.0,0.00373
2018-02-21 23:00:00,2018-02-21 23:00,1.1563,0.24622,0.0,0.12387,0.78622,0.38778,0.38703,0.0,0.00075
2018-02-22 00:00:00,2018-02-22 00:00,0.90374,0.24515,0.0,0.07871,0.57987,0.39804,0.39756,0.0,0.00049
2018-02-22 01:00:00,2018-02-22 01:00,0.80213,0.24318,0.00359,0.04836,0.507,0.40525,0.4045,0.0,0.00075
2018-02-22 02:00:00,2018-02-22 02:00,0.76865,0.24503,0.00216,0.0431,0.47835,0.41904,0.41884,0.0,0.0002
2018-02-22 03:00:00,2018-02-22 03:00,0.73912,0.2459,0.0,0.05241,0.4408,0.44394,0.44379,0.0,0.00015
2018-02-22 04:00:00,2018-02-22 04:00,0.72552,0.24486,0.00137,0.03837,0.44092,0.45866,0.45853,0.0,0.00013
2018-02-22 05:00:00,2018-02-22 05:00,0.77219,0.24852,0.0,0.06981,0.45387,0.47702,0.47603,0.0,0.00099
2018-02-22 06:00:00,2018-02-22 06:00,0.89063,0.24837,0.0,0.12425,0.51801,0.47852,0.47728,0.0,0.00124
2018-02-22 07:00:00,2018-02-22 07:00,1.0646,0.24865,0.0,0.19742,0.61852,0.47745,0.47453,0.0,0.00293
2018-02-22 08:00:00,2018-02-22 08:00,1.16706,0.2481,0.0,0.23332,0.68563,0.45942,0.45505,0.0,0.00437
2018-02-22 09:00:00,2018-02-22 09:00,1.18978,0.24815,0.0,0.21372,0.7279,0.4469,0.44253,0.0,0.00437
2018-02-22 10:00:00,2018-02-22 10:00,1.14601,0.2481,0.0,0.18495,0.71296,0.42746,0.42465,0.0,0.00281
2018-02-22 11:00:00,2018-02-22 11:00,1.09307,0.24834,0.0,0.1448,0.69993,0.3936,0.38978,0.0,0.00381
2018-02-22 12:00:00,2018-02-22 12:00,1.153,0.24672,0.0,0.18225,0.72403,0.3497,0.34677,0.0,0.00293
2018-02-22 13:00:00,2018-02-22 13:00,1.112,0.24743,0.00177,0.16334,0.69946,0.33263,0.32899,0.0,0.00364
2018-02-22 14:00:00,2018-02-22 14:00,1.11953,0.24748,0.0,0.17322,0.69883,0.29505,0.29279,0.0,0.00226
2018-02-22 15:00:00,2018-02-22 15:00,1.16525,0.24865,0.0,0.17824,0.73836,0.27479,0.27143,0.0,0.00336
2018-02-22 16:00:00,2018-02-22 16:00,1.22838,0.24865,0.0,0.19512,0.78462,0.26335,0.26054,0.0,0.00281
2018-02-22 17:00:00,2018-02-22 17:00,1.4204,0.24848,0.00081,0.22103,0.95007,0.26853,0.26351,0.0,0.00502
2018-02-22 18:00:00,2018-02-22 18:00,1.61932,0.24643,0.00126,0.21573,1.15591,0.27169,0.26554,0.0,0.00615
2018-02-22 19:00:00,2018-02-22 19:00,1.74069,0.24204,0.0,0.20483,1.29382,0.27021,0.2646,0.0,0.00561
2018-02-22 20:00:00,2018-02-22 20:00,1.83873,0.24157,0.00151,0.17329,1.42236,0.27953,0.27419,0.0,0.00534
2018-02-22 21:00:00,2018-02-22 21:00,1.80745,0.24051,0.00136,0.14491,1.42067,0.27428,0.27055,0.0,0.00373
2018-02-22 22:00:00,2018-02-22 22:00,1.53382,0.23879,0.0,0.10633,1.18869,0.27263,0.26877,0.0,0.00386
2018-02-22 23:00:00,2018-02-22 23:00,1.20478,0.24433,0.0,0.10218,0.85827,0.27879,0.27729,0.0,0.0015
2018-02-23 00:00:00,2018-02-23 00:00,0.92843,0.24262,0.0,0.09304,0.59277,0.27546,0.27492,0.0,0.00055
2018-02-23 01:00:00,2018-02-23 01:00,0.78571,0.23983,0.0034,0.03593,0.50655,0.27168,0.27136,0.0,0.00032
2018-02-23 02:00:00,2018-02-23 02:00,0.74213,0.24259,0.00175,0.04239,0.45539,0.27358,0.27331,0.0,0.00027
2018-02-23 03:00:00,2018-02-23 03:00,0.72384,0.24383,0.0,0.03728,0.44273,0.28561,0.28546,0.0,0.00015
2018-02-23 04:00:00,2018-02-23 04:00,0.72795,0.2425,0.00103,0.04591,0.43851,0.28745,0.28729,0.0,0.00016
2018-02-23 05:00:00,2018-02-23 05:00,0.78484,0.24666,0.0,0.07228,0.4659,0.29411,0.29362,0.0,0.0005
2018-02-23 06:00:00,2018-02-23 06:00,0.90375,0.24791,0.0,0.14855,0.50729,0.30179,0.30111,0.0,0.00067
2018-02-23 07:00:00,2018-02-23 07:00,1.06633,0.24818,0.0,0.20137,0.61677,0.3149,0.31098,0.0,0.00392
2018-02-23 08:00:00,2018-02-23 08:00,1.2107,0.24787,0.0,0.2573,0.70554,0.31546,0.30869,0.0,0.00677
2018-02-23 09:00:00,2018-02-23 09:00,1.27393,0.24815,0.0,0.22908,0.7967,0.32462,0.31945,0.0,0.00518
2018-02-23 10:00:00,2018-02-23 10:00,1.21509,0.24782,0.0,0.20791,0.75936,0.32598,0.31987,0.0,0.00611
2018-02-23 11:00:00,2018-02-23 11:00,1.1433,0.24787,0.0,0.15379,0.74164,0.30348,0.29961,0.0,0.00387
2018-02-23 12:00:00,2018-02-23 12:00,1.10593,0.24649,0.0,0.14377,0.71567,0.28144,0.27477,0.0,0.00666
2018-02-23 13:00:00,2018-02-23 13:00,1.08004,0.24642,0.00174,0.14848,0.6834,0.26744,0.26352,0.0,0.00392
2018-02-23 14:00:00,2018-02-23 14:00,1.10351,0.24634,0.0,0.15087,0.7063,0.23217,0.2295,0.0,0.00266
2018-02-23 15:00:00,2018-02-23 15:00,1.10031,0.24663,0.0,0.14638,0.7073,0.20914,0.20662,0.0,0.00251
2018-02-23 16:00:00,2018-02-23 16:00,1.18942,0.24652,0.0,0.1848,0.75811,0.19788,0.19431,0.0,0.00357
2018-02-23 17:00:00,2018-02-23 17:00,1.31617,0.24592,0.00084,0.15293,0.91647,0.2046,0.19708,0.0,0.00752
2018-02-23 18:00:00,2018-02-23 18:00,1.57324,0.24347,0.00176,0.1801,1.14791,0.21768,0.2089,0.0,0.00879
2018-02-23 19:00:00,2018-02-23 19:00,1.72667,0.24,0.0,0.21693,1.26973,0.23489,0.22833,0.0,0.00656
2018-02-23 20:00:00,2018-02-23 20:00,1.85582,0.23996,0.00162,0.17412,1.44012,0.2562,0.25036,0.0,0.00584
2018-02-23 21:00:00,2018-02-23 21:00,1.80953,0.23929,0.00141,0.13847,1.43036,0.2652,0.26243,0.0,0.00276
2018-02-23 22:00:00,2018-02-23 22:00,1.55814,0.23753,0.0,0.11923,1.20138,0.27593,0.27385,0.0,0.00207
2018-02-23 23:00:00,2018-02-23 23:00,1.19337,0.244,0.0,0.09225,0.85712,0.30589,0.30358,0.0,0.00231
2018-02-24 00:00:00,2018-02-24 00:00,0.89827,0.24393,0.0,0.07018,0.58416,0.32111,0.31953,0.0,0.00158
2018-02-24 01:00:00,2018-02-24 01:00,0.75238,0.24097,0.00359,0.03372,0.47409,0.33018,0.32985,0.0,0.00032
2018-02-24 02:00:00,2018-02-24 02:00,0.73565,0.24446,0.00199,0.03494,0.45426,0.35336,0.3531,0.0,0.00026
2018-02-24 03:00:00,2018-02-24 03:00,0.73371,0.24533,0.0,0.0373,0.45107,0.38643,0.38616,0.0,0.00027
2018-02-24 04:00:00,2018-02-24 04:00,0.73557,0.24398,0.00132,0.04201,0.44826,0.40219,0.40147,0.0,0.00072
2018-02-24 05:00:00,2018-02-24 05:00,0.75303,0.24853,0.0,0.04758,0.45692,0.41764,0.41667,0.0,0.00097
2018-02-24 06:00:00,2018-02-24 06:00,0.81991,0.24865,0.0,0.07691,0.49435,0.42931,0.42687,0.0,0.00245
2018-02-24 07:00:00,2018-02-24 07:00,0.97783,0.24865,0.0,0.13328,0.59589,0.442,0.43885,0.0,0.00315
2018-02-24 08:00:00,2018-02-24 08:00,1.14414,0.24865,0.0,0.15913,0.73636,0.43654,0.43088,0.0,0.00565
2018-02-24 09:00:00,2018-02-24 09:00,1.39506,0.24865,0.0,0.23475,0.91166,0.42559,0.42004,0.0,0.00555
2018-02-24 10:00:00,2018-02-24 10:00,1.39509,0.24865,0.0,0.2413,0.90514,0.3937,0.38738,0.0,0.00631
2018-02-24 11:00:00,2018-02-24 11:00,1.34141,0.24865,0.0,0.20524,0.88753,0.35289,0.34858,0.0,0.00431
2018-02-24 12:00:00,2018-02-24 12:00,1.33786,0.24865,0.0,0.1832,0.90601,0.31944,0.31517,0.0,0.00427
2018-02-24 13:00:00,2018-02-24 13:00,1.34195,0.24846,0.0,0.19949,0.894,0.29984,0.29456,0.0,0.00528
2018-02-24 14:00:00,2018-02-24 14:00,1.38026,0.24865,0.0,0.2143,0.91732,0.26686,0.26287,0.0,0.00399
2018-02-24 15:00:00,2018-02-24 15:00,1.36872,0.24865,0.0,0.21409,0.90598,0.24905,0.24684,0.0,0.00222
2018-02-24 16:00:00,2018-02-24 16:00,1.41244,0.24865,0.0,0.21396,0.94983,0.24813,0.24342,0.0,0.00471
2018-02-24 17:00:00,2018-02-24 17:00,1.52362,0.24865,0.0,0.17583,1.09914,0.25676,0.25064,0.0,0.00611
2018-02-24 18:00:00,2018-02-24 18:00,1.82301,0.24591,0.00128,0.19528,1.38054,0.24935,0.24544,0.0,0.00391
2018-02-24 19:00:00,2018-02-24 19:00,1.92402,0.24145,0.0,0.19158,1.49099,0.25161,0.24474,0.0,0.00687
2018-02-24 20:00:00,2018-02-24 20:00,1.94156,0.24076,0.00163,0.14072,1.55844,0.24528,0.24089,0.0,0.00439
2018-02-24 21:00:00,2018-02-24 21:00,1.81604,0.2392,0.00147,0.11062,1.46476,0.2376,0.23358,0.0,0.00402
2018-02-24 22:00:00,2018-02-24 22:00,1.52173,0.23641,0.0,0.08819,1.19713,0.23291,0.23002,0.0,0.00289
2018-02-24 23:00:00,2018-02-24 23:00,1.19461,0.24321,0.0,0.08256,0.86884,0.2479,0.24588,0.0,0.00201
2018-02-25 00:00:00,2018-02-25 00:00,0.85738,0.24131,0.0,0.06829,0.54778,0.26108,0.26,0.0,0.00108
2018-02-25 01:00:00,2018-02-25 01:00,0.78141,0.24016,0.00335,0.05146,0.48644,0.28191,0.28135,0.0,0.00056
2018-02-25 02:00:00,2018-02-25 02:00,0.75554,0.24377,0.00181,0.05267,0.45728,0.30031,0.30013,0.0,0.00018
2018-02-25 03:00:00,2018-02-25 03:00,0.74217,0.24432,0.0,0.04118,0.45667,0.33046,0.33031,0.0,0.00015
2018-02-25 04:00:00,2018-02-25 04:00,0.7513,0.24353,0.00113,0.05014,0.45651,0.35145,0.35083,0.0,0.00062
2018-02-25 05:00:00,2018-02-25 05:00,0.75122,0.24793,0.0,0.0499,0.45339,0.3664,0.36544,0.0,0.00096
2018-02-25 06:00:00,2018-02-25 06:00,0.83576,0.24842,0.0,0.08361,0.50374,0.37352,0.37258,0.0,0.00095
2018-02-25 07:00:00,2018-02-25 07:00,1.00185,0.24865,0.0,0.14592,0.60729,0.38282,0.3804,0.0,0.00242
2018-02-25 08:00:00,2018-02-25 08:00,1.08987,0.24865,0.0,0.1788,0.66242,0.37602,0.37205,0.0,0.00398
2018-02-25 09:00:00,2018-02-25 09:00,1.20233,0.24865,0.0,0.19687,0.75681,0.37474,0.37012,0.0,0.00462
2018-02-25 10:00:00,2018-02-25 10:00,1.31168,0.24842,0.0,0.20921,0.85405,0.36254,0.35702,0.0,0.00551
2018-02-25 11:00:00,2018-02-25 11:00,1.41874,0.24865,0.0,0.18178,0.98831,0.33754,0.33354,0.0,0.00401
2018-02-25 12:00:00,2018-02-25 12:00,1.40481,0.24865,0.0,0.19915,0.95702,0.31818,0.31064,0.0,0.00753
2018-02-25 13:00:00,2018-02-25 13:00,1.34296,0.24865,0.0,0.19218,0.90213,0.30561,0.29709,0.0,0.00852
2018-02-25 14:00:00,2018-02-25 14:00,1.33137,0.24865,0.0,0.19041,0.89231,0.27803,0.27297,0.0,0.00506
2018-02-25 15:00:00,2018-02-25 15:00,1.46492,0.24865,0.0,0.20504,1.01124,0.26746,0.2619,0.0,0.00556
2018-02-25 16:00:00,2018-02-25 16:00,1.44218,0.24865,0.0,0.22463,0.9689,0.24386,0.23876,0.0,0.0051
2018-02-25 17:00:00,2018-02-25 17:00,1.65163,0.24865,0.0,0.20828,1.1947,0.23481,0.22995,0.0,0.00486
2018-02-25 18:00:00,2018-02-25 18:00,1.71549,0.24571,0.00143,0.17473,1.29363,0.23785,0.23025,0.0,0.00759
2018-02-25 19:00:00,2018-02-25 19:00,1.86361,0.24047,0.0,0.16463,1.4585,0.24458,0.23789,0.0,0.00669
2018-02-25 20:00:00,2018-02-25 20:00,1.92081,0.24078,0.00157,0.15619,1.52227,0.24698,0.24325,0.0,0.00373
2018-02-25 21:00:00,2018-02-25 21:00,1.8192,0.24116,0.00148,0.1346,1.44197,0.25332,0.24922,0.0,0.00411
2018-02-25 22:00:00,2018-02-25 22:00,1.49301,0.23812,0.0,0.10494,1.14995,0.25547,0.25418,0.0,0.00129
2018-02-25 23:00:00,2018-02-25 23:00,1.19787,0.24375,0.0,0.08882,0.86531,0.27929,0.27861,0.0,0.00068
2018-02-26 00:00:00,2018-02-26 00:00,0.91484,0.24244,0.0,0.06686,0.60554,0.28758,0.28686,0.0,0.00072
2018-02-26 01:00:00,2018-02-26 01:00,0.78003,0.24028,0.00352,0.0446,0.49163,0.29292,0.29224,0.0,0.00068
2018-02-26 02:00:00,2018-02-26 02:00,0.74127,0.24377,0.00192,0.03832,0.45725,0.31175,0.31136,0.0,0.00039
2018-02-26 03:00:00,2018-02-26 03:00,0.74089,0.24429,0.0,0.04566,0.45093,0.33708,0.33692,0.0,0.00015
2018-02-26 04:00:00,2018-02-26 04:00,0.74932,0.24337,0.00118,0.04892,0.45585,0.35212,0.35174,0.0,0.00037
2018-02-26 05:00:00,2018-02-26 05:00,0.78368,0.2478,0.0,0.0764,0.45948,0.37383,0.37314,0.0,0.00069
2018-02-26 06:00:00,2018-02-26 06:00,0.9012,0.24825,0.0,0.13596,0.51699,0.38821,0.38489,0.0,0.00332
2018-02-26 07:00:00,2018-02-26 07:00,1.13101,0.24865,0.0,0.24183,0.64053,0.40116,0.39719,0.0,0.00397
2018-02-26 08:00:00,2018-02-26 08:00,1.15681,0.2481,0.0,0.2254,0.68332,0.38733,0.38183,0.0,0.0055
2018-02-26 09:00:00,2018-02-26 09:00,1.18369,0.24815,0.0,0.21444,0.7211,0.35721,0.35368,0.0,0.00353
2018-02-26 10:00:00,2018-02-26 10:00,1.21081,0.2477,0.0,0.16781,0.7953,0.31601,0.31246,0.0,0.00356
2018-02-26 11:00:00,2018-02-26 11:00,1.25832,0.29907,0.0,0.16642,0.79282,0.26159,0.25654,0.0,0.00505
2018-02-26 12:00:00,2018-02-26 12:00,1.6886,0.82229,0.0,0.15647,0.70984,0.1426,0.13855,0.0,0.00405
2018-02-26 13:00:00,2018-02-26 13:00,2.49843,1.59203,0.00166,0.13581,0.76893,0.00443,0.0,0.0,0.00443
2018-02-26 14:00:00,2018-02-26 14:00,2.33329,1.38206,3e-05,0.14556,0.80564,0.00363,0.0,0.0,0.00363
2018-02-26 15:00:00,2018-02-26 15:00,2.00159,1.13753,0.00028,0.1426,0.72118,0.00494,0.0,0.0,0.00494
2018-02-26 16:00:00,2018-02-26 16:00,2.00499,0.99598,0.00046,0.15929,0.84926,0.00246,0.0,0.0,0.00246
2018-02-26 17:00:00,2018-02-26 17:00,2.10388,0.97616,0.00113,0.17308,0.95351,0.00723,0.0,0.0,0.00723
2018-02-26 18:00:00,2018-02-26 18:00,2.41716,1.07322,0.00348,0.17593,1.16453,0.0071,0.0,0.0,0.0071
2018-02-26 19:00:00,2018-02-26 19:00,2.82241,1.27741,0.00042,0.18491,1.35966,0.01587,0.00955,0.0,0.00633
2018-02-26 20:00:00,2018-02-26 20:00,2.60479,0.93788,0.00224,0.17028,1.49439,0.07933,0.07465,0.0,0.00469
2018-02-26 21:00:00,2018-02-26 21:00,2.49545,0.91146,0.0017,0.13267,1.44961,0.08635,0.08443,0.0,0.00192
2018-02-26 22:00:00,2018-02-26 22:00,1.90909,0.50822,0.00019,0.13109,1.26959,0.15097,0.1486,0.0,0.00237
2018-02-26 23:00:00,2018-02-26 23:00,1.21191,0.27532,0.00012,0.09399,0.84248,0.19913,0.19788,0.0,0.00124
2018-02-27 00:00:00,2018-02-27 00:00,0.93287,0.23627,0.0,0.08446,0.61214,0.22002,0.21916,0.0,0.00086
2018-02-27 01:00:00,2018-02-27 01:00,0.80375,0.23652,0.00373,0.04144,0.52206,0.23203,0.23133,0.0,0.0007
2018-02-27 02:00:00,2018-02-27 02:00,0.73664,0.24092,0.00181,0.035,0.45891,0.24634,0.24616,0.0,0.00018
2018-02-27 03:00:00,2018-02-27 03:00,0.72058,0.24359,0.0,0.03211,0.44488,0.26193,0.26177,0.0,0.00015
2018-02-27 04:00:00,2018-02-27 04:00,0.72614,0.24083,0.00103,0.0416,0.44267,0.26954,0.26882,0.0,0.00072
2018-02-27 05:00:00,2018-02-27 05:00,0.78647,0.24653,0.0,0.06598,0.47396,0.28985,0.28899,0.0,0.00085
2018-02-27 06:00:00,2018-02-27 06:00,0.96257,0.24791,0.0,0.12658,0.58809,0.31374,0.31213,0.0,0.00161
2018-02-27 07:00:00,2018-02-27 07:00,1.17234,0.24807,0.0,0.21404,0.71024,0.3399,0.33581,0.0,0.00409
2018-02-27 08:00:00,2018-02-27 08:00,1.20956,0.24798,0.0,0.24795,0.71363,0.33212,0.32585,0.0,0.00627
2018-02-27 09:00:00,2018-02-27 09:00,1.2012,0.24799,0.0,0.20346,0.74975,0.30524,0.30112,0.0,0.00412
2018-02-27 10:00:00,2018-02-27 10:00,1.1486,0.2477,0.0,0.15928,0.74163,0.27347,0.26997,0.0,0.0035
2018-02-27 11:00:00,2018-02-27 11:00,1.22573,0.35677,0.0,0.14669,0.72226,0.21788,0.21419,0.0,0.00369
2018-02-27 12:00:00,2018-02-27 12:00,2.27578,1.40269,0.0,0.12492,0.74817,0.03802,0.0331,0.0,0.00492
2018-02-27 13:00:00,2018-02-27 13:00,2.24289,1.32745,0.00164,0.14358,0.77022,0.0038,0.0,0.0,0.0038
2018-02-27 14:00:00,2018-02-27 14:00,1.90549,1.01194,3e-05,0.1439,0.74962,0.00237,0.0,0.0,0.00237
2018-02-27 15:00:00,2018-02-27 15:00,1.74013,0.83332,2e-05,0.15611,0.75067,0.0051,0.0,0.0,0.0051
2018-02-27 16:00:00,2018-02-27 16:00,1.70163,0.70212,0.00074,0.16325,0.83553,0.00326,0.0,0.0,0.00326
2018-02-27 17:00:00,2018-02-27 17:00,1.81811,0.66827,0.00259,0.1667,0.98056,0.0045,0.0,0.0,0.0045
2018-02-27 18:00:00,2018-02-27 18:00,2.05517,0.73027,0.00609,0.16163,1.15718,0.00622,0.0,0.0,0.00622
2018-02-27 19:00:00,2018-02-27 19:00,2.40604,0.94948,0.00074,0.14735,1.30847,0.00683,0.0,0.0,0.00683
2018-02-27 20:00:00,2018-02-27 20:00,2.74109,1.19094,0.00281,0.15505,1.39228,0.00394,0.0,0.0,0.00394
2018-02-27 21:00:00,2018-02-27 21:00,2.50123,0.95947,0.00233,0.1235,1.41594,0.05233,0.04642,0.0,0.00591
2018-02-27 22:00:00,2018-02-27 22:00,1.92883,0.67087,0.00039,0.10698,1.15058,0.10574,0.10178,0.0,0.00397
2018-02-27 23:00:00,2018-02-27 23:00,1.43982,0.50527,0.0,0.10298,0.83158,0.15182,0.14916,0.0,0.00266
2018-02-28 00:00:00,2018-02-28 00:00,0.85871,0.2353,0.0,0.06288,0.56053,0.19555,0.19362,0.0,0.00193
2018-02-28 01:00:00,2018-02-28 01:00,0.7586,0.23326,0.00376,0.04328,0.47829,0.19775,0.19743,0.0,0.00032
2018-02-28 02:00:00,2018-02-28 02:00,0.7413,0.2389,0.00183,0.04932,0.45125,0.21275,0.21225,0.0,0.00051
2018-02-28 03:00:00,2018-02-28 03:00,0.72434,0.24112,0.0,0.034,0.44922,0.23807,0.23761,0.0,0.00047
2018-02-28 04:00:00,2018-02-28 04:00,0.72624,0.24006,0.00108,0.04146,0.44364,0.25543,0.25504,0.0,0.00039
2018-02-28 05:00:00,2018-02-28 05:00,0.77371,0.24536,0.0,0.07515,0.4532,0.27131,0.27023,0.0,0.00108
2018-02-28 06:00:00,2018-02-28 06:00,0.8972,0.24739,0.0,0.13267,0.51714,0.2863,0.28494,0.0,0.00136
2018-02-28 07:00:00,2018-02-28 07:00,1.11662,0.2481,0.0,0.22084,0.64768,0.31103,0.30778,0.0,0.00325
2018-02-28 08:00:00,2018-02-28 08:00,1.16987,0.24775,0.0,0.22415,0.69796,0.30573,0.30058,0.0,0.00515
2018-02-28 09:00:00,2018-02-28 09:00,1.15479,0.2477,0.0,0.18997,0.71712,0.278,0.27414,0.0,0.00386
2018-02-28 10:00:00,2018-02-28 10:00,1.22481,0.29241,0.0,0.17683,0.75557,0.23832,0.23491,0.0,0.00341
2018-02-28 11:00:00,2018-02-28 11:00,1.80124,0.88134,0.0,0.1651,0.7548,0.11572,0.1127,0.0,0.00303
2018-02-28 12:00:00,2018-02-28 12:00,2.28961,1.39537,0.0,0.15202,0.74222,0.00519,0.0,0.0,0.00519
2018-02-28 13:00:00,2018-02-28 13:00,2.08578,1.19424,0.00165,0.13588,0.75401,0.00547,0.0,0.0,0.00547
2018-02-28 14:00:00,2018-02-28 14:00,1.80978,0.90166,2e-05,0.12972,0.77837,0.00376,0.0,0.0,0.00376
2018-02-28 15:00:00,2018-02-28 15:00,1.6197,0.71326,0.00051,0.14177,0.76416,0.00347,0.0,0.0,0.00347
2018-02-28 16:00:00,2018-02-28 16:00,1.59562,0.60188,0.00153,0.16323,0.82899,0.00495,0.0,0.0,0.00495
2018-02-28 17:00:00,2018-02-28 17:00,1.74563,0.58324,0.00362,0.16266,0.99611,0.00394,0.0,0.0,0.00394
2018-02-28 18:00:00,2018-02-28 18:00,1.96607,0.64326,0.00703,0.16061,1.15517,0.00459,0.0,0.0,0.00459
2018-02-28 19:00:00,2018-02-28 19:00,2.40489,0.88169,0.0011,0.17428,1.34783,0.00344,0.0,0.0,0.00344
2018-02-28 20:00:00,2018-02-28 20:00,2.75338,1.15925,0.00315,0.14452,1.44646,0.00314,0.0,0.0,0.00314
2018-02-28 21:00:00,2018-02-28 21:00,2.44869,0.97508,0.0025,0.1289,1.34221,0.04092,0.03768,0.0,0.00324
2018-02-28 22:00:00,2018-02-28 22:00,2.63182,1.36311,0.00052,0.11789,1.1503,0.00345,0.0,0.0,0.00345
2018-02-28 23:00:00,2018-02-28 23:00,2.38093,1.46456,0.0002,0.09693,0.81924,0.00365,0.0,0.0,0.00365
2018-03-01 00:00:00,2018-03-01 00:00,2.18519,1.51009,0.0,0.08041,0.59469,0.00252,0.0,0.0,0.00252
2018-03-01 01:00:00,2018-03-01 01:00,1.5192,0.94048,0.00354,0.05488,0.5203,0.07941,0.07906,0.0,0.00035
2018-03-01 02:00:00,2018-03-01 02:00,1.27848,0.73582,0.00051,0.0383,0.50385,0.11548,0.1153,0.0,0.00019
2018-03-01 03:00:00,2018-03-01 03:00,0.91589,0.387,0.0,0.04249,0.4864,0.18347,0.18332,0.0,0.00015
2018-03-01 04:00:00,2018-03-01 04:00,0.74132,0.23733,0.00104,0.03379,0.46916,0.22105,0.2208,0.0,0.00025
2018-03-01 05:00:00,2018-03-01 05:00,0.80176,0.24312,0.0,0.0833,0.47533,0.24171,0.24095,0.0,0.00076
2018-03-01 06:00:00,2018-03-01 06:00,0.89162,0.24658,0.0,0.12618,0.51886,0.26087,0.2598,0.0,0.00107
2018-03-01 07:00:00,2018-03-01 07:00,1.09031,0.24786,8e-05,0.18667,0.65569,0.29059,0.28746,0.0,0.00312
2018-03-01 08:00:00,2018-03-01 08:00,1.19991,0.24763,0.0,0.19739,0.75488,0.28741,0.28391,0.0,0.0035
2018-03-01 09:00:00,2018-03-01 09:00,1.25952,0.24752,0.0,0.20849,0.8035,0.2723,0.26849,0.0,0.00381
2018-03-01 10:00:00,2018-03-01 10:00,1.21356,0.24722,0.0,0.18478,0.78156,0.24807,0.24376,0.0,0.00431
2018-03-01 11:00:00,2018-03-01 11:00,1.18408,0.24713,0.0,0.16282,0.77414,0.21524,0.21191,0.0,0.00333
2018-03-01 12:00:00,2018-03-01 12:00,1.57811,0.5963,0.0,0.16498,0.81684,0.13842,0.13459,0.0,0.00383
2018-03-01 13:00:00,2018-03-01 13:00,2.14034,1.18743,0.00169,0.14185,0.80937,0.04529,0.03981,0.0,0.00548
2018-03-01 14:00:00,2018-03-01 14:00,2.08155,1.24067,6e-05,0.15738,0.68344,0.00427,0.0,0.0,0.00427
2018-03-01 15:00:00,2018-03-01 15:00,1.92307,1.08029,0.00048,0.1422,0.7001,0.00362,0.0,0.0,0.00362
2018-03-01 16:00:00,2018-03-01 16:00,1.88943,0.96522,0.00066,0.15408,0.76948,0.00418,0.0,0.0,0.00418
2018-03-01 17:00:00,2018-03-01 17:00,1.98818,0.91779,0.00156,0.177,0.89183,0.00557,0.0,0.0,0.00557
2018-03-01 18:00:00,2018-03-01 18:00,2.11305,0.96362,0.00452,0.1404,1.00451,0.00761,0.0,0.0,0.00761
2018-03-01 19:00:00,2018-03-01 19:00,2.45213,1.13265,0.00079,0.14903,1.16966,0.01349,0.0085,0.0,0.00499
2018-03-01 20:00:00,2018-03-01 20:00,2.30425,0.85441,0.00262,0.14912,1.29809,0.0774,0.07275,0.0,0.00465
2018-03-01 21:00:00,2018-03-01 21:00,1.82082,0.29651,0.00218,0.13624,1.38589,0.16608,0.15982,0.0,0.00626
2018-03-01 22:00:00,2018-03-01 22:00,1.5076,0.23008,0.00029,0.13519,1.14203,0.18506,0.18294,0.0,0.00212
2018-03-01 23:00:00,2018-03-01 23:00,1.1128,0.23588,8e-05,0.08876,0.78808,0.20699,0.20396,0.0,0.00303
2018-03-02 00:00:00,2018-03-02 00:00,0.89013,0.236,3e-05,0.07174,0.58236,0.21736,0.21484,0.0,0.00252
2018-03-02 01:00:00,2018-03-02 01:00,0.80899,0.23622,0.00386,0.05655,0.51237,0.22603,0.22531,0.0,0.00072
2018-03-02 02:00:00,2018-03-02 02:00,0.76732,0.24008,0.00188,0.03883,0.48654,0.24502,0.24417,0.0,0.00085
2018-03-02 03:00:00,2018-03-02 03:00,0.76432,0.24353,0.0,0.03935,0.48143,0.27486,0.2747,0.0,0.00015
2018-03-02 04:00:00,2018-03-02 04:00,0.75655,0.24222,0.00116,0.03889,0.47429,0.29556,0.29503,0.0,0.00053
2018-03-02 05:00:00,2018-03-02 05:00,0.7709,0.24667,0.0,0.0483,0.47593,0.32064,0.31899,0.0,0.00165
2018-03-02 06:00:00,2018-03-02 06:00,0.86246,0.24791,0.0,0.11359,0.50096,0.34319,0.34109,0.0,0.00211
2018-03-02 07:00:00,2018-03-02 07:00,1.07705,0.24837,0.0,0.21703,0.61165,0.36219,0.36034,0.0,0.00185
2018-03-02 08:00:00,2018-03-02 08:00,1.24184,0.2481,0.0,0.2391,0.75465,0.35482,0.3511,0.0,0.00372
2018-03-02 09:00:00,2018-03-02 09:00,1.24916,0.24815,0.0,0.21506,0.78594,0.34871,0.34469,0.0,0.00402
2018-03-02 10:00:00,2018-03-02 10:00,1.1924,0.2477,0.0,0.17989,0.76482,0.32799,0.32526,0.0,0.00273
2018-03-02 11:00:00,2018-03-02 11:00,1.18358,0.24821,0.0,0.16684,0.76853,0.28734,0.28329,0.0,0.00405
2018-03-02 12:00:00,2018-03-02 12:00,1.16323,0.29418,0.0,0.16589,0.70315,0.22927,0.22521,0.0,0.00406
2018-03-02 13:00:00,2018-03-02 13:00,1.46982,0.64135,0.00173,0.13763,0.68911,0.1559,0.15198,0.0,0.00392
2018-03-02 14:00:00,2018-03-02 14:00,2.03892,1.202,0.0,0.14122,0.6957,0.05039,0.04488,0.0,0.00551
2018-03-02 15:00:00,2018-03-02 15:00,2.24656,1.36679,0.0,0.14967,0.73009,0.00311,0.0,0.0,0.00311
2018-03-02 16:00:00,2018-03-02 16:00,2.2073,1.25441,0.0,0.13998,0.81291,0.00314,0.0,0.0,0.00314
2018-03-02 17:00:00,2018-03-02 17:00,2.30251,1.23112,0.00089,0.16181,0.90869,0.00454,0.0,0.0,0.00454
2018-03-02 18:00:00,2018-03-02 18:00,2.49303,1.25016,0.00318,0.16277,1.07691,0.00687,0.0,0.0,0.00687
2018-03-02 19:00:00,2018-03-02 19:00,2.6511,1.33082,0.00023,0.16009,1.15996,0.00564,0.0,0.0,0.00564
2018-03-02 20:00:00,2018-03-02 20:00,2.841,1.41874,0.00234,0.15237,1.26755,0.00379,0.0,0.0,0.00379
2018-03-02 21:00:00,2018-03-02 21:00,2.90829,1.41887,0.00202,0.14789,1.33951,0.00547,0.0,0.0,0.00547
2018-03-02 22:00:00,2018-03-02 22:00,2.69584,1.40473,0.00035,0.11473,1.17603,0.00507,0.0,0.0,0.00507
2018-03-02 23:00:00,2018-03-02 23:00,2.42469,1.51218,0.00022,0.09243,0.81985,0.0021,0.0,0.0,0.0021
2018-03-03 00:00:00,2018-03-03 00:00,2.23555,1.56302,0.0,0.07403,0.5985,0.00312,0.0,0.0,0.00312
2018-03-03 01:00:00,2018-03-03 01:00,2.10112,1.49435,0.00303,0.0584,0.54534,0.01354,0.01168,0.0,0.00186
2018-03-03 02:00:00,2018-03-03 02:00,1.27479,0.75175,0.00226,0.04412,0.47665,0.11926,0.11907,0.0,0.00019
2018-03-03 03:00:00,2018-03-03 03:00,0.86767,0.35967,0.0,0.04071,0.46729,0.18272,0.18256,0.0,0.00015
2018-03-03 04:00:00,2018-03-03 04:00,1.06443,0.55073,0.00114,0.04911,0.46346,0.16398,0.16384,0.0,0.00013
2018-03-03 05:00:00,2018-03-03 05:00,2.0555,1.52602,0.0,0.0606,0.46888,0.04436,0.04396,0.0,0.0004
2018-03-03 06:00:00,2018-03-03 06:00,2.42655,1.8942,0.0,0.055,0.47735,0.0006,0.0,0.0,0.0006
2018-03-03 07:00:00,2018-03-03 07:00,2.46786,1.80571,0.0,0.10954,0.55262,0.02358,0.02186,0.0,0.00172
2018-03-03 08:00:00,2018-03-03 08:00,2.64748,1.82401,0.0,0.16141,0.66206,0.02046,0.01549,0.0,0.00497
2018-03-03 09:00:00,2018-03-03 09:00,2.78072,1.82808,0.0,0.19219,0.76045,0.00627,0.0,0.0,0.00627
2018-03-03 10:00:00,2018-03-03 10:00,2.77817,1.68264,0.0,0.22757,0.86796,0.00624,0.0,0.0,0.00624
2018-03-03 11:00:00,2018-03-03 11:00,2.67129,1.58654,0.0,0.18676,0.89798,0.00514,0.0,0.0,0.00514
2018-03-03 12:00:00,2018-03-03 12:00,2.53109,1.50037,0.0,0.16001,0.87071,0.00462,0.0,0.0,0.00462
2018-03-03 13:00:00,2018-03-03 13:00,2.35263,1.37769,0.0,0.15773,0.81721,0.00253,0.0,0.0,0.00253
2018-03-03 14:00:00,2018-03-03 14:00,2.17287,1.17771,0.0,0.18067,0.8145,0.00339,0.0,0.0,0.00339
2018-03-03 15:00:00,2018-03-03 15:00,2.10251,1.02512,0.0,0.18021,0.89717,0.0054,0.0,0.0,0.0054
2018-03-03 16:00:00,2018-03-03 16:00,1.9616,0.87725,0.00026,0.17418,0.90991,0.00407,0.0,0.0,0.00407
2018-03-03 17:00:00,2018-03-03 17:00,1.95855,0.81994,0.00088,0.18197,0.95577,0.00572,0.0,0.0,0.00572
2018-03-03 18:00:00,2018-03-03 18:00,2.10647,0.82823,0.00416,0.16428,1.1098,0.00415,0.0,0.0,0.00415
2018-03-03 19:00:00,2018-03-03 19:00,2.22577,0.89819,0.0005,0.15881,1.16827,0.00375,0.0,0.0,0.00375
2018-03-03 20:00:00,2018-03-03 20:00,2.39988,0.94519,0.00267,0.13964,1.31238,0.00627,0.0,0.0,0.00627
2018-03-03 21:00:00,2018-03-03 21:00,2.42332,0.94064,0.00226,0.09555,1.38487,0.00268,0.0,0.0,0.00268
2018-03-03 22:00:00,2018-03-03 22:00,2.31651,0.97512,0.00051,0.1014,1.23947,0.00214,0.0,0.0,0.00214
2018-03-03 23:00:00,2018-03-03 23:00,2.04017,1.0832,0.00051,0.09724,0.85921,0.00256,0.0,0.0,0.00256
2018-03-04 00:00:00,2018-03-04 00:00,1.88227,1.15551,0.0,0.07261,0.65416,0.00127,0.0,0.0,0.00127
2018-03-04 01:00:00,2018-03-04 01:00,1.80917,1.21971,0.00468,0.06135,0.52343,0.00032,0.0,0.0,0.00032
2018-03-04 02:00:00,2018-03-04 02:00,1.87125,1.34578,0.00255,0.04134,0.48158,0.00027,0.0,0.0,0.00027
2018-03-04 03:00:00,2018-03-04 03:00,2.0118,1.50364,0.0,0.03101,0.47715,0.00015,0.0,0.0,0.00015
2018-03-04 04:00:00,2018-03-04 04:00,2.09725,1.59417,0.00131,0.03268,0.46908,0.00013,0.0,0.0,0.00013
2018-03-04 05:00:00,2018-03-04 05:00,2.26461,1.73188,0.0,0.05822,0.47452,0.00088,0.0,0.0,0.00088
2018-03-04 06:00:00,2018-03-04 06:00,2.40332,1.84495,0.0,0.05925,0.49912,0.00087,0.0,0.0,0.00087
2018-03-04 07:00:00,2018-03-04 07:00,2.22059,1.55596,0.0,0.10576,0.55886,0.06013,0.05853,0.0,0.0016
2018-03-04 08:00:00,2018-03-04 08:00,1.94869,1.15009,0.0,0.16434,0.63425,0.11865,0.1152,0.0,0.00345
2018-03-04 09:00:00,2018-03-04 09:00,1.6813,0.75073,4e-05,0.19626,0.73428,0.19193,0.18581,0.0,0.00611
2018-03-04 10:00:00,2018-03-04 10:00,1.60647,0.61379,0.0,0.21502,0.77766,0.20724,0.20145,0.0,0.00579
2018-03-04 11:00:00,2018-03-04 11:00,2.24395,1.28459,0.0,0.16221,0.79714,0.10997,0.10525,0.0,0.00471
2018-03-04 12:00:00,2018-03-04 12:00,2.86791,1.91961,0.0,0.16728,0.78102,0.01328,0.00942,0.0,0.00385
2018-03-04 13:00:00,2018-03-04 13:00,2.92121,1.9302,0.0,0.16491,0.8261,0.00629,0.0,0.0,0.00629
2018-03-04 14:00:00,2018-03-04 14:00,2.90214,1.83385,0.0,0.16479,0.9035,0.00494,0.0,0.0,0.00494
2018-03-04 15:00:00,2018-03-04 15:00,2.78903,1.73054,0.0,0.18197,0.87652,0.00487,0.0,0.0,0.00487
2018-03-04 16:00:00,2018-03-04 16:00,2.58897,1.5271,0.0,0.19406,0.86781,0.00464,0.0,0.0,0.00464
2018-03-04 17:00:00,2018-03-04 17:00,2.52368,1.3549,0.0,0.18335,0.98543,0.0039,0.0,0.0,0.0039
2018-03-04 18:00:00,2018-03-04 18:00,2.57128,1.31417,0.00245,0.17033,1.08433,0.00417,0.0,0.0,0.00417
2018-03-04 19:00:00,2018-03-04 19:00,2.70762,1.34067,0.0,0.15381,1.21314,0.00541,0.0,0.0,0.00541
2018-03-04 20:00:00,2018-03-04 20:00,2.9103,1.41614,0.00223,0.12105,1.37088,0.00409,0.0,0.0,0.00409
2018-03-04 21:00:00,2018-03-04 21:00,2.90097,1.43265,0.00216,0.11951,1.34665,0.00344,0.0,0.0,0.00344
2018-03-04 22:00:00,2018-03-04 22:00,2.67738,1.39053,0.00027,0.09016,1.19642,0.00166,0.0,0.0,0.00166
2018-03-04 23:00:00,2018-03-04 23:00,2.40904,1.49563,0.00024,0.09128,0.82188,0.00105,0.0,0.0,0.00105
2018-03-05 00:00:00,2018-03-05 00:00,2.22153,1.55349,0.0,0.08299,0.58505,0.00106,0.0,0.0,0.00106
2018-03-05 01:00:00,2018-03-05 01:00,2.11735,1.56442,0.00386,0.04255,0.50651,0.00032,0.0,0.0,0.00032
2018-03-05 02:00:00,2018-03-05 02:00,1.8551,1.33978,0.00049,0.03836,0.47647,0.04541,0.04523,0.0,0.00019
2018-03-05 03:00:00,2018-03-05 03:00,1.62231,1.11654,0.0,0.03959,0.46617,0.09072,0.09044,0.0,0.00028
2018-03-05 04:00:00,2018-03-05 04:00,1.67519,1.14834,0.00112,0.05857,0.46715,0.08906,0.08883,0.0,0.00023
2018-03-05 05:00:00,2018-03-05 05:00,1.88784,1.36324,0.0,0.0626,0.462,0.06861,0.06795,0.0,0.00066
2018-03-05 06:00:00,2018-03-05 06:00,2.52561,1.91111,0.0,0.11467,0.49983,0.00197,0.0,0.0,0.00197
2018-03-05 07:00:00,2018-03-05 07:00,2.75942,1.95591,0.0,0.19153,0.61198,0.00255,0.0,0.0,0.00255
2018-03-05 08:00:00,2018-03-05 08:00,2.91999,1.95926,0.0,0.22056,0.74016,0.00422,0.0,0.0,0.00422
2018-03-05 09:00:00,2018-03-05 09:00,3.0311,1.98468,0.0,0.2185,0.82792,0.00582,0.0,0.0,0.00582
2018-03-05 10:00:00,2018-03-05 10:00,2.82819,1.82325,0.0,0.16513,0.83981,0.04627,0.04402,0.0,0.00224
2018-03-05 11:00:00,2018-03-05 11:00,1.87696,0.92681,0.0,0.14756,0.8026,0.1928,0.18918,0.0,0.00362
2018-03-05 12:00:00,2018-03-05 12:00,1.77733,0.91572,0.0,0.1327,0.72891,0.17598,0.17076,0.0,0.00522
2018-03-05 13:00:00,2018-03-05 13:00,2.29308,1.47228,0.00026,0.14491,0.67564,0.0873,0.08173,0.0,0.00557
2018-03-05 14:00:00,2018-03-05 14:00,2.80106,1.97587,0.0,0.15579,0.6694,0.00386,0.0,0.0,0.00386
2018-03-05 15:00:00,2018-03-05 15:00,1.82513,0.97478,0.0,0.16341,0.68694,0.17147,0.16932,0.0,0.00215
2018-03-05 16:00:00,2018-03-05 16:00,1.13265,0.24859,0.0,0.15889,0.72516,0.26705,0.26574,0.0,0.0013
2018-03-05 17:00:00,2018-03-05 17:00,1.28409,0.24848,0.00084,0.14696,0.88781,0.26872,0.26456,0.0,0.00416
2018-03-05 18:00:00,2018-03-05 18:00,1.40121,0.24613,0.00159,0.1435,1.00999,0.26597,0.26109,0.0,0.00488
2018-03-05 19:00:00,2018-03-05 19:00,1.60225,0.24236,0.0,0.18388,1.17601,0.26441,0.25948,0.0,0.00493
2018-03-05 20:00:00,2018-03-05 20:00,1.65627,0.24306,0.00171,0.16165,1.24985,0.27421,0.26904,0.0,0.00517
2018-03-05 21:00:00,2018-03-05 21:00,1.68338,0.24218,0.00156,0.15411,1.28553,0.26878,0.26442,0.0,0.00436
2018-03-05 22:00:00,2018-03-05 22:00,1.56321,0.24009,0.0,0.11367,1.20945,0.26699,0.26432,0.0,0.00267
2018-03-05 23:00:00,2018-03-05 23:00,1.237,0.24375,0.0,0.09214,0.9011,0.27734,0.27269,0.0,0.00466
2018-03-06 00:00:00,2018-03-06 00:00,0.90688,0.24229,0.0,0.07814,0.58645,0.2672,0.26502,0.0,0.00217
2018-03-06 01:00:00,2018-03-06 01:00,0.78037,0.23992,0.00361,0.04526,0.49158,0.25608,0.25502,0.0,0.00106
2018-03-06 02:00:00,2018-03-06 02:00,0.7382,0.24195,0.00177,0.02729,0.46718,0.2535,0.25332,0.0,0.00019
2018-03-06 03:00:00,2018-03-06 03:00,0.7435,0.24367,0.0,0.03552,0.46431,0.26377,0.26361,0.0,0.00015
2018-03-06 04:00:00,2018-03-06 04:00,0.74861,0.24112,0.00104,0.0467,0.45976,0.26763,0.26708,0.0,0.00055
2018-03-06 05:00:00,2018-03-06 05:00,0.81456,0.24591,0.0,0.07489,0.49375,0.27319,0.27211,0.0,0.00107
2018-03-06 06:00:00,2018-03-06 06:00,0.91899,0.24785,0.0,0.14086,0.53028,0.27854,0.27737,0.0,0.00117
2018-03-06 07:00:00,2018-03-06 07:00,1.08347,0.24818,0.0,0.19244,0.64284,0.29411,0.29158,0.0,0.00253
2018-03-06 08:00:00,2018-03-06 08:00,1.19942,0.24763,0.0,0.23548,0.71631,0.29038,0.28671,0.0,0.00367
2018-03-06 09:00:00,2018-03-06 09:00,1.25264,0.24764,0.0,0.22211,0.7829,0.2955,0.29075,0.0,0.00475
2018-03-06 10:00:00,2018-03-06 10:00,1.16136,0.2477,0.0,0.17039,0.74328,0.30133,0.2958,0.0,0.00552
2018-03-06 11:00:00,2018-03-06 11:00,1.11181,0.24787,0.0,0.1483,0.71565,0.28255,0.2791,0.0,0.00345
2018-03-06 12:00:00,2018-03-06 12:00,1.14249,0.24652,0.0,0.15298,0.74299,0.2617,0.25779,0.0,0.0039
2018-03-06 13:00:00,2018-03-06 13:00,1.14938,0.24642,0.00174,0.14391,0.75731,0.25433,0.25043,0.0,0.0039
2018-03-06 14:00:00,2018-03-06 14:00,1.19825,0.35641,0.0,0.14919,0.69265,0.21746,0.21458,0.0,0.00288
2018-03-06 15:00:00,2018-03-06 15:00,1.14694,0.30362,0.0,0.15376,0.68956,0.22413,0.22231,0.0,0.00182
2018-03-06 16:00:00,2018-03-06 16:00,1.21574,0.24865,0.0,0.15904,0.80805,0.23924,0.2361,0.0,0.00315
2018-03-06 17:00:00,2018-03-06 17:00,1.25943,0.24809,0.00096,0.14534,0.86505,0.24699,0.24203,0.0,0.00495
2018-03-06 18:00:00,2018-03-06 18:00,1.43121,0.2457,0.00165,0.17826,1.0056,0.24211,0.23414,0.0,0.00797
2018-03-06 19:00:00,2018-03-06 19:00,1.56098,0.24117,0.0,0.15388,1.16594,0.24072,0.23603,0.0,0.00469
2018-03-06 20:00:00,2018-03-06 20:00,1.69352,0.24095,0.00176,0.14586,1.30495,0.25538,0.25104,0.0,0.00434
2018-03-06 21:00:00,2018-03-06 21:00,1.64986,0.24003,0.00165,0.1371,1.27108,0.252,0.24945,0.0,0.00256
2018-03-06 22:00:00,2018-03-06 22:00,1.44137,0.23736,0.0,0.10859,1.09541,0.25415,0.25216,0.0,0.00199
2018-03-06 23:00:00,2018-03-06 23:00,1.13716,0.24375,0.0,0.07872,0.81469,0.27458,0.27405,0.0,0.00053
2018-03-07 00:00:00,2018-03-07 00:00,0.89124,0.24299,0.0,0.06452,0.58373,0.2791,0.27818,0.0,0.00092
2018-03-07 01:00:00,2018-03-07 01:00,0.78637,0.23965,0.0038,0.04694,0.49598,0.27994,0.27899,0.0,0.00095
2018-03-07 02:00:00,2018-03-07 02:00,0.78795,0.24358,0.0019,0.05683,0.48564,0.2916,0.2909,0.0,0.00071
2018-03-07 03:00:00,2018-03-07 03:00,0.74707,0.24416,0.0,0.02751,0.47541,0.31499,0.31371,0.0,0.00128
2018-03-07 04:00:00,2018-03-07 04:00,0.73698,0.243,0.00117,0.03459,0.45823,0.33402,0.3323,0.0,0.00171
2018-03-07 05:00:00,2018-03-07 05:00,0.79487,0.2478,0.0,0.08537,0.4617,0.3536,0.35142,0.0,0.00218
2018-03-07 06:00:00,2018-03-07 06:00,0.87259,0.24791,0.0,0.12222,0.50247,0.37082,0.36738,0.0,0.00344
2018-03-07 07:00:00,2018-03-07 07:00,1.02251,0.24818,0.0,0.17469,0.59963,0.39177,0.387,0.0,0.00477
2018-03-07 08:00:00,2018-03-07 08:00,1.156,0.24763,0.0,0.23035,0.67801,0.37612,0.37312,0.0,0.003
2018-03-07 09:00:00,2018-03-07 09:00,1.18085,0.24815,0.0,0.2116,0.7211,0.35996,0.35749,0.0,0.00247
2018-03-07 10:00:00,2018-03-07 10:00,1.11654,0.2477,0.0,0.17012,0.69873,0.3439,0.33806,0.0,0.00584
2018-03-07 11:00:00,2018-03-07 11:00,1.10467,0.24821,0.0,0.1658,0.69066,0.31059,0.30758,0.0,0.00301
2018-03-07 12:00:00,2018-03-07 12:00,1.12086,0.24672,0.0,0.15565,0.71849,0.27894,0.27648,0.0,0.00246
2018-03-07 13:00:00,2018-03-07 13:00,1.19186,0.24643,0.00184,0.14252,0.80107,0.2657,0.26208,0.0,0.00362
2018-03-07 14:00:00,2018-03-07 14:00,1.17574,0.24634,0.0,0.17286,0.75655,0.23053,0.22858,0.0,0.00194
2018-03-07 15:00:00,2018-03-07 15:00,1.22895,0.2471,0.0,0.1668,0.81504,0.21023,0.20841,0.0,0.00182
2018-03-07 16:00:00,2018-03-07 16:00,1.25684,0.24733,0.0,0.17077,0.83874,0.20237,0.19799,0.0,0.00437
2018-03-07 17:00:00,2018-03-07 17:00,1.30411,0.24678,0.00085,0.16447,0.89201,0.20154,0.19644,0.0,0.0051
2018-03-07 18:00:00,2018-03-07 18:00,1.54642,0.24398,0.0017,0.19886,1.10189,0.20694,0.20101,0.0,0.00593
2018-03-07 19:00:00,2018-03-07 19:00,1.61548,0.23984,0.0,0.19539,1.18024,0.22519,0.22011,0.0,0.00508
2018-03-07 20:00:00,2018-03-07 20:00,1.69309,0.24017,0.00183,0.16304,1.28804,0.24582,0.24022,0.0,0.0056
2018-03-07 21:00:00,2018-03-07 21:00,1.73609,0.23963,0.00156,0.12318,1.37172,0.25672,0.25476,0.0,0.00195
2018-03-07 22:00:00,2018-03-07 22:00,1.61018,0.23721,0.0,0.12122,1.25174,0.27334,0.27061,0.0,0.00273
2018-03-07 23:00:00,2018-03-07 23:00,1.17407,0.24405,0.0,0.09652,0.83349,0.29903,0.29633,0.0,0.0027
2018-03-08 00:00:00,2018-03-08 00:00,0.87533,0.24344,0.0,0.07086,0.56104,0.30784,0.30633,0.0,0.00151
2018-03-08 01:00:00,2018-03-08 01:00,0.77811,0.24059,0.00372,0.04494,0.48887,0.31053,0.30928,0.0,0.00125
2018-03-08 02:00:00,2018-03-08 02:00,0.7557,0.24397,0.002,0.04304,0.46668,0.3213,0.32111,0.0,0.00019
2018-03-08 03:00:00,2018-03-08 03:00,0.73905,0.24469,0.0,0.03211,0.46224,0.34485,0.3447,0.0,0.00015
2018-03-08 04:00:00,2018-03-08 04:00,0.73951,0.24337,0.0012,0.03761,0.45733,0.35973,0.35948,0.0,0.00025
2018-03-08 05:00:00,2018-03-08 05:00,0.79219,0.24805,0.0,0.0707,0.47343,0.37985,0.37879,0.0,0.00106
2018-03-08 06:00:00,2018-03-08 06:00,0.88873,0.24825,0.0,0.12287,0.51761,0.39549,0.39402,0.0,0.00147
2018-03-08 07:00:00,2018-03-08 07:00,1.06674,0.24865,0.0,0.21488,0.60321,0.41336,0.41054,0.0,0.00282
2018-03-08 08:00:00,2018-03-08 08:00,1.2232,0.2481,0.0,0.25741,0.71769,0.39849,0.39203,0.0,0.00647
2018-03-08 09:00:00,2018-03-08 09:00,1.18842,0.24815,0.0,0.20743,0.73284,0.37065,0.36478,0.0,0.00588
2018-03-08 10:00:00,2018-03-08 10:00,1.14796,0.2477,0.0,0.17732,0.72295,0.33562,0.33145,0.0,0.00417
2018-03-08 11:00:00,2018-03-08 11:00,1.1101,0.24809,0.0,0.15053,0.71148,0.29261,0.28966,0.0,0.00295
2018-03-08 12:00:00,2018-03-08 12:00,1.07784,0.24662,0.0,0.14273,0.68849,0.24984,0.24712,0.0,0.00271
2018-03-08 13:00:00,2018-03-08 13:00,1.17977,0.24599,0.00175,0.15694,0.7751,0.23068,0.22646,0.0,0.00421
2018-03-08 14:00:00,2018-03-08 14:00,1.23147,0.24576,0.0,0.14352,0.84219,0.2054,0.20039,0.0,0.00501
2018-03-08 15:00:00,2018-03-08 15:00,1.21623,0.24633,0.0,0.15169,0.8182,0.18561,0.18082,0.0,0.00479
2018-03-08 16:00:00,2018-03-08 16:00,1.25338,0.2467,0.0,0.17144,0.83524,0.17528,0.17107,0.0,0.0042
2018-03-08 17:00:00,2018-03-08 17:00,1.32469,0.24656,0.00094,0.14217,0.93501,0.17713,0.17065,0.0,0.00648
2018-03-08 18:00:00,2018-03-08 18:00,1.38801,0.24286,0.00248,0.16601,0.97665,0.18477,0.17844,0.0,0.00633
2018-03-08 19:00:00,2018-03-08 19:00,1.60071,0.23711,0.00022,0.18566,1.17773,0.20543,0.1991,0.0,0.00632
2018-03-08 20:00:00,2018-03-08 20:00,1.66984,0.23875,0.00181,0.18576,1.24352,0.22832,0.22287,0.0,0.00546
2018-03-08 21:00:00,2018-03-08 21:00,1.70622,0.23896,0.00151,0.12912,1.33663,0.238,0.23295,0.0,0.00504
2018-03-08 22:00:00,2018-03-08 22:00,1.6546,0.23567,0.0,0.11868,1.30025,0.25066,0.24632,0.0,0.00434
2018-03-08 23:00:00,2018-03-08 23:00,1.25351,0.24214,0.0,0.10714,0.90424,0.27007,0.2664,0.0,0.00367
2018-03-09 00:00:00,2018-03-09 00:00,0.8986,0.24153,0.0,0.07885,0.57821,0.26968,0.26652,0.0,0.00316
2018-03-09 01:00:00,2018-03-09 01:00,0.80304,0.23944,0.00371,0.0625,0.4974,0.26802,0.26584,0.0,0.00218
2018-03-09 02:00:00,2018-03-09 02:00,0.75833,0.24288,0.00184,0.04461,0.46899,0.27199,0.2714,0.0,0.00059
2018-03-09 03:00:00,2018-03-09 03:00,0.73452,0.24399,0.0,0.02745,0.46309,0.2883,0.288,0.0,0.0003
2018-03-09 04:00:00,2018-03-09 04:00,0.75267,0.24262,0.00109,0.05206,0.4569,0.29872,0.29821,0.0,0.00051
2018-03-09 05:00:00,2018-03-09 05:00,0.75612,0.24693,0.0,0.05039,0.4588,0.31698,0.31606,0.0,0.00092
2018-03-09 06:00:00,2018-03-09 06:00,0.87421,0.24791,0.0,0.11063,0.51568,0.3384,0.3367,0.0,0.00171
2018-03-09 07:00:00,2018-03-09 07:00,1.09941,0.24822,0.0,0.21415,0.63704,0.36061,0.35722,0.0,0.00338
2018-03-09 08:00:00,2018-03-09 08:00,1.17763,0.2481,0.0,0.25893,0.67059,0.34558,0.34054,0.0,0.00505
2018-03-09 09:00:00,2018-03-09 09:00,1.14482,0.24802,4e-05,0.19298,0.70378,0.31945,0.31343,0.0,0.00603
2018-03-09 10:00:00,2018-03-09 10:00,1.12554,0.24764,0.0,0.15752,0.72039,0.28774,0.2834,0.0,0.00435
2018-03-09 11:00:00,2018-03-09 11:00,1.13564,0.24776,0.0,0.15606,0.73182,0.25213,0.24768,0.0,0.00445
2018-03-09 12:00:00,2018-03-09 12:00,1.04256,0.24626,0.0,0.12522,0.67108,0.21222,0.20718,0.0,0.00504
2018-03-09 13:00:00,2018-03-09 13:00,1.12501,0.24544,0.00171,0.14032,0.73754,0.19179,0.18828,0.0,0.00351
2018-03-09 14:00:00,2018-03-09 14:00,1.24168,0.30602,0.0,0.15495,0.78071,0.15296,0.15057,0.0,0.00239
2018-03-09 15:00:00,2018-03-09 15:00,1.2956,0.3445,0.0,0.14713,0.80397,0.12582,0.12381,0.0,0.00201
2018-03-09 16:00:00,2018-03-09 16:00,1.23833,0.32629,0.0,0.13621,0.77584,0.11361,0.11016,0.0,0.00345
2018-03-09 17:00:00,2018-03-09 17:00,1.40724,0.31886,0.00098,0.15459,0.93281,0.11586,0.10854,0.0,0.00731
2018-03-09 18:00:00,2018-03-09 18:00,1.54996,0.32994,0.00345,0.1549,1.06166,0.1206,0.11716,0.0,0.00344
2018-03-09 19:00:00,2018-03-09 19:00,1.5855,0.25795,0.00028,0.17164,1.15563,0.15388,0.14915,0.0,0.00473
2018-03-09 20:00:00,2018-03-09 20:00,1.66337,0.23538,0.00203,0.18052,1.24544,0.18417,0.17858,0.0,0.00559
2018-03-09 21:00:00,2018-03-09 21:00,1.67461,0.23658,0.00171,0.15775,1.27856,0.19651,0.19152,0.0,0.00499
2018-03-09 22:00:00,2018-03-09 22:00,1.48987,0.2327,7e-05,0.09666,1.16043,0.20962,0.20483,0.0,0.00479
2018-03-09 23:00:00,2018-03-09 23:00,1.14703,0.23929,0.0,0.08419,0.82355,0.23404,0.23122,0.0,0.00282
2018-03-10 00:00:00,2018-03-10 00:00,0.90445,0.23981,0.0,0.07971,0.58493,0.24644,0.24413,0.0,0.00231
2018-03-10 01:00:00,2018-03-10 01:00,0.81138,0.23838,0.0038,0.05808,0.51112,0.24889,0.24753,0.0,0.00136
2018-03-10 02:00:00,2018-03-10 02:00,0.7549,0.24143,0.00184,0.04209,0.46955,0.25229,0.25164,0.0,0.00065
2018-03-10 03:00:00,2018-03-10 03:00,0.76813,0.24359,0.0,0.04474,0.47981,0.26788,0.26726,0.0,0.00062
2018-03-10 04:00:00,2018-03-10 04:00,0.74573,0.24134,0.00106,0.03349,0.46983,0.2734,0.27271,0.0,0.0007
2018-03-10 05:00:00,2018-03-10 05:00,0.76093,0.24662,0.0,0.05298,0.46133,0.28491,0.28441,0.0,0.00049
2018-03-10 06:00:00,2018-03-10 06:00,0.80328,0.24818,0.0,0.07722,0.47788,0.29315,0.29226,0.0,0.00089
2018-03-10 07:00:00,2018-03-10 07:00,0.88112,0.24818,0.0,0.09301,0.53993,0.30106,0.30002,0.0,0.00103
2018-03-10 08:00:00,2018-03-10 08:00,1.06878,0.24806,2e-05,0.17572,0.64498,0.2953,0.28842,0.0,0.00687
2018-03-10 09:00:00,2018-03-10 09:00,1.18942,0.24818,0.0,0.19822,0.74302,0.28598,0.28113,0.0,0.00485
2018-03-10 10:00:00,2018-03-10 10:00,1.2699,0.24818,0.0,0.20481,0.8169,0.27381,0.26822,0.0,0.00559
2018-03-10 11:00:00,2018-03-10 11:00,1.22838,0.24865,0.0,0.1942,0.78553,0.24913,0.24389,0.0,0.00524
2018-03-10 12:00:00,2018-03-10 12:00,1.21399,0.24865,0.0,0.18021,0.78514,0.22855,0.22528,0.0,0.00327
2018-03-10 13:00:00,2018-03-10 13:00,1.31737,0.24846,0.0,0.19955,0.86936,0.23372,0.22624,0.0,0.00748
2018-03-10 14:00:00,2018-03-10 14:00,1.3323,0.34234,0.0,0.17366,0.81631,0.20442,0.20013,0.0,0.00428
2018-03-10 15:00:00,2018-03-10 15:00,1.47566,0.46608,0.0,0.19336,0.81621,0.18113,0.17761,0.0,0.00352
2018-03-10 16:00:00,2018-03-10 16:00,1.59371,0.56133,0.0,0.18027,0.85211,0.16926,0.16157,0.0,0.0077
2018-03-10 17:00:00,2018-03-10 17:00,1.91191,0.79125,0.0,0.1646,0.95606,0.13813,0.1319,0.0,0.00623
2018-03-10 18:00:00,2018-03-10 18:00,1.89647,0.59677,0.00176,0.18079,1.11715,0.15827,0.15204,0.0,0.00623
2018-03-10 19:00:00,2018-03-10 19:00,1.80989,0.40926,0.0,0.18286,1.21777,0.17713,0.17143,0.0,0.0057
2018-03-10 20:00:00,2018-03-10 20:00,1.84179,0.39385,0.00176,0.15749,1.28869,0.17792,0.17347,0.0,0.00445
2018-03-10 21:00:00,2018-03-10 21:00,1.74636,0.27487,0.00157,0.12057,1.34934,0.18597,0.18161,0.0,0.00436
2018-03-10 22:00:00,2018-03-10 22:00,1.62609,0.23358,0.00019,0.11716,1.27516,0.18404,0.18214,0.0,0.0019
2018-03-10 23:00:00,2018-03-10 23:00,1.23658,0.23728,9e-05,0.08684,0.91237,0.19508,0.1938,0.0,0.00128
2018-03-11 00:00:00,2018-03-11 00:00,0.99657,0.2372,0.0,0.07986,0.67951,0.19706,0.19628,0.0,0.00078
2018-03-11 01:00:00,2018-03-11 01:00,0.78429,0.2309,0.00595,0.05632,0.49113,0.18658,0.18637,0.0,0.00021
2018-03-11 02:00:00,2018-03-11 03:00,0.76889,0.23912,0.0,0.05009,0.47968,0.20763,0.20748,0.0,0.00015
2018-03-11 03:00:00,2018-03-11 04:00,0.74428,0.23743,0.0011,0.03432,0.47143,0.21943,0.21924,0.0,0.00019
2018-03-11 04:00:00,2018-03-11 05:00,0.75454,0.2432,0.0,0.03974,0.47161,0.23143,0.23093,0.0,0.0005
2018-03-11 05:00:00,2018-03-11 06:00,0.77843,0.24552,0.0,0.05435,0.47857,0.24312,0.24258,0.0,0.00054
2018-03-11 06:00:00,2018-03-11 07:00,0.87673,0.2477,4e-05,0.10326,0.52574,0.25954,0.25646,0.0,0.00308
2018-03-11 07:00:00,2018-03-11 08:00,1.03792,0.24788,0.0,0.16847,0.62158,0.25801,0.25416,0.0,0.00385
2018-03-11 08:00:00,2018-03-11 09:00,1.22699,0.24818,0.0,0.21242,0.76638,0.26309,0.25928,0.0,0.0038
2018-03-11 09:00:00,2018-03-11 10:00,1.32338,0.24818,0.0,0.19203,0.88317,0.26208,0.2584,0.0,0.00368
2018-03-11 10:00:00,2018-03-11 11:00,1.3751,0.3518,0.0,0.18319,0.84011,0.23137,0.22614,0.0,0.00524
2018-03-11 11:00:00,2018-03-11 12:00,1.48617,0.43836,0.0,0.17774,0.87007,0.19734,0.19197,0.0,0.00537
2018-03-11 12:00:00,2018-03-11 13:00,1.88499,0.83336,0.0,0.18469,0.86694,0.14324,0.13887,0.0,0.00437
2018-03-11 13:00:00,2018-03-11 14:00,2.65505,1.65826,0.0,0.1913,0.80549,0.02679,0.02126,0.0,0.00553
2018-03-11 14:00:00,2018-03-11 15:00,2.80206,1.77759,0.0,0.19041,0.83405,0.00375,0.0,0.0,0.00375
2018-03-11 15:00:00,2018-03-11 16:00,2.83989,1.74845,0.0,0.18714,0.90431,0.00369,0.0,0.0,0.00369
2018-03-11 16:00:00,2018-03-11 17:00,2.96425,1.75588,0.0,0.17654,1.03183,0.00727,0.0,0.0,0.00727
2018-03-11 17:00:00,2018-03-11 18:00,3.07653,1.75325,0.00201,0.16896,1.15232,0.0081,0.0,0.0,0.0081
2018-03-11 18:00:00,2018-03-11 19:00,3.04999,1.67367,0.0,0.1958,1.18053,0.01495,0.0075,0.0,0.00744
2018-03-11 19:00:00,2018-03-11 20:00,2.63511,1.14889,0.00211,0.16329,1.32082,0.09034,0.0849,0.0,0.00544
2018-03-11 20:00:00,2018-03-11 21:00,2.52923,0.9978,0.00211,0.11115,1.41817,0.09803,0.09452,0.0,0.0035
2018-03-11 21:00:00,2018-03-11 22:00,2.17647,0.80226,0.0,0.10414,1.27007,0.12017,0.11842,0.0,0.00175
2018-03-11 22:00:00,2018-03-11 23:00,1.26341,0.27814,0.00022,0.09728,0.88777,0.19969,0.19765,0.0,0.00204
2018-03-11 23:00:00,2018-03-12 00:00,0.91984,0.23698,0.0,0.06614,0.61671,0.20672,0.20608,0.0,0.00064
2018-03-12 00:00:00,2018-03-12 01:00,0.80848,0.23678,0.00375,0.04191,0.52604,0.21046,0.21014,0.0,0.00032
2018-03-12 01:00:00,2018-03-12 02:00,0.76505,0.23935,0.00187,0.03848,0.48535,0.22135,0.22117,0.0,0.00019
2018-03-12 02:00:00,2018-03-12 03:00,0.76086,0.24239,0.0,0.04788,0.47059,0.24212,0.24197,0.0,0.00015
2018-03-12 03:00:00,2018-03-12 04:00,0.76741,0.24033,0.00107,0.05557,0.47045,0.25737,0.25663,0.0,0.00074
2018-03-12 04:00:00,2018-03-12 05:00,0.79629,0.24529,0.0,0.06572,0.48527,0.27489,0.27467,0.0,0.00022
2018-03-12 05:00:00,2018-03-12 06:00,0.8757,0.24765,0.0,0.12184,0.50621,0.29455,0.29259,0.0,0.00196
2018-03-12 06:00:00,2018-03-12 07:00,1.08201,0.24818,0.0,0.21316,0.62066,0.31688,0.31198,0.0,0.0049
2018-03-12 07:00:00,2018-03-12 08:00,1.19611,0.24763,0.0,0.23344,0.71504,0.31862,0.31329,0.0,0.00533
2018-03-12 08:00:00,2018-03-12 09:00,1.17073,0.24747,0.0,0.19057,0.73269,0.32245,0.31645,0.0,0.006
2018-03-12 09:00:00,2018-03-12 10:00,1.09608,0.2477,0.0,0.14895,0.69944,0.29905,0.29381,0.0,0.00524
2018-03-12 10:00:00,2018-03-12 11:00,1.11219,0.24762,0.0,0.16028,0.70428,0.25411,0.25168,0.0,0.00243
2018-03-12 11:00:00,2018-03-12 12:00,1.21359,0.37884,0.0,0.14534,0.68941,0.19653,0.19171,0.0,0.00482
2018-03-12 12:00:00,2018-03-12 13:00,1.86992,1.05402,0.0017,0.13595,0.67825,0.08267,0.08006,0.0,0.0026
2018-03-12 13:00:00,2018-03-12 14:00,2.36329,1.45925,0.0,0.13572,0.76832,0.0034,0.0,0.0,0.0034
2018-03-12 14:00:00,2018-03-12 15:00,2.18335,1.35896,0.0,0.12761,0.69678,0.00458,0.0,0.0,0.00458
2018-03-12 15:00:00,2018-03-12 16:00,2.12506,1.23598,6e-05,0.14278,0.74624,0.00546,0.0,0.0,0.00546
2018-03-12 16:00:00,2018-03-12 17:00,2.13267,1.12269,0.00137,0.13952,0.86909,0.00731,0.0,0.0,0.00731
2018-03-12 17:00:00,2018-03-12 18:00,2.16616,1.02414,0.00398,0.15843,0.97961,0.0053,0.0,0.0,0.0053
2018-03-12 18:00:00,2018-03-12 19:00,2.38822,1.06356,0.00055,0.17495,1.14916,0.00337,0.0,0.0,0.00337
2018-03-12 19:00:00,2018-03-12 20:00,2.76313,1.22189,0.00271,0.17501,1.36353,0.0055,0.0,0.0,0.0055
2018-03-12 20:00:00,2018-03-12 21:00,2.07731,0.60614,0.00235,0.13356,1.33527,0.10483,0.09825,0.0,0.00658
2018-03-12 21:00:00,2018-03-12 22:00,1.4858,0.2284,0.00036,0.11458,1.14247,0.16481,0.15988,0.0,0.00494
2018-03-12 22:00:00,2018-03-12 23:00,1.14309,0.23354,0.00023,0.09162,0.8177,0.18199,0.18018,0.0,0.00181
2018-03-12 23:00:00,2018-03-13 00:00,0.91635,0.2339,0.0,0.07756,0.6049,0.1921,0.19143,0.0,0.00067
2018-03-13 00:00:00,2018-03-13 01:00,0.81052,0.2339,0.00413,0.0505,0.522,0.20109,0.20008,0.0,0.00101
2018-03-13 01:00:00,2018-03-13 02:00,0.76045,0.23827,0.0019,0.03621,0.48407,0.21147,0.21128,0.0,0.00019
2018-03-13 02:00:00,2018-03-13 03:00,0.78133,0.24179,0.0,0.04016,0.49938,0.23435,0.2341,0.0,0.00026
2018-03-13 03:00:00,2018-03-13 04:00,0.76167,0.24106,0.00106,0.05052,0.46903,0.25046,0.25028,0.0,0.00018
2018-03-13 04:00:00,2018-03-13 05:00,0.7945,0.24551,0.0,0.05164,0.49735,0.26871,0.26767,0.0,0.00105
2018-03-13 05:00:00,2018-03-13 06:00,0.8598,0.24739,0.0,0.09013,0.52227,0.28728,0.28472,0.0,0.00256
2018-03-13 06:00:00,2018-03-13 07:00,1.0951,0.24807,2e-05,0.21349,0.63352,0.31056,0.3074,0.0,0.00316
2018-03-13 07:00:00,2018-03-13 08:00,1.19528,0.24763,0.0,0.22385,0.72379,0.31216,0.30883,0.0,0.00333
2018-03-13 08:00:00,2018-03-13 09:00,1.25091,0.24752,0.0,0.20129,0.80209,0.30689,0.30473,0.0,0.00215
2018-03-13 09:00:00,2018-03-13 10:00,1.1433,0.24723,0.0,0.14497,0.7511,0.29026,0.28628,0.0,0.00398
2018-03-13 10:00:00,2018-03-13 11:00,1.10126,0.2475,0.0,0.13858,0.71518,0.25692,0.25266,0.0,0.00426
2018-03-13 11:00:00,2018-03-13 12:00,1.14993,0.24577,0.0,0.14848,0.75568,0.22464,0.2213,0.0,0.00334
2018-03-13 12:00:00,2018-03-13 13:00,1.17907,0.24593,0.00173,0.14387,0.78754,0.214,0.21007,0.0,0.00393
2018-03-13 13:00:00,2018-03-13 14:00,1.11902,0.24539,0.0,0.14306,0.73057,0.18967,0.18284,0.0,0.00683
2018-03-13 14:00:00,2018-03-13 15:00,1.18077,0.31837,0.0,0.15012,0.71229,0.15953,0.15438,0.0,0.00515
2018-03-13 15:00:00,2018-03-13 16:00,1.33539,0.39348,0.0,0.15024,0.79166,0.12873,0.12499,0.0,0.00373
2018-03-13 16:00:00,2018-03-13 17:00,2.14276,1.05343,0.00102,0.15118,0.93714,0.03104,0.02737,0.0,0.00367
2018-03-13 17:00:00,2018-03-13 18:00,2.31634,1.13181,0.00369,0.16289,1.01795,0.00634,0.0,0.0,0.00634
2018-03-13 18:00:00,2018-03-13 19:00,2.10727,0.76754,0.00064,0.16513,1.17396,0.05698,0.0507,0.0,0.00628
2018-03-13 19:00:00,2018-03-13 20:00,1.65985,0.25955,0.00274,0.15524,1.24231,0.14936,0.14265,0.0,0.00671
2018-03-13 20:00:00,2018-03-13 21:00,1.66587,0.23244,0.00192,0.1342,1.29731,0.16373,0.15807,0.0,0.00566
2018-03-13 21:00:00,2018-03-13 22:00,1.50206,0.22989,0.0003,0.10549,1.16638,0.16948,0.16699,0.0,0.00249
2018-03-13 22:00:00,2018-03-13 23:00,1.15569,0.23568,0.00021,0.08757,0.83222,0.18684,0.18481,0.0,0.00203
2018-03-13 23:00:00,2018-03-14 00:00,0.90856,0.23538,0.0,0.09561,0.57757,0.19545,0.19398,0.0,0.00147
2018-03-14 00:00:00,2018-03-14 01:00,0.78672,0.23454,0.00398,0.04568,0.50253,0.20181,0.20055,0.0,0.00126
2018-03-14 01:00:00,2018-03-14 02:00,0.76537,0.23838,0.00196,0.03933,0.48569,0.2146,0.21321,0.0,0.00139
2018-03-14 02:00:00,2018-03-14 03:00,0.7494,0.24185,0.0,0.03897,0.46858,0.23351,0.23304,0.0,0.00047
2018-03-14 03:00:00,2018-03-14 04:00,0.75728,0.24054,0.00105,0.0438,0.4719,0.24864,0.24851,0.0,0.00013
2018-03-14 04:00:00,2018-03-14 05:00,0.76608,0.24522,0.0,0.0573,0.46355,0.26769,0.26674,0.0,0.00094
2018-03-14 05:00:00,2018-03-14 06:00,0.87339,0.24774,0.0,0.10481,0.52083,0.2872,0.28543,0.0,0.00177
2018-03-14 06:00:00,2018-03-14 07:00,1.06221,0.24812,0.0,0.18324,0.63085,0.30655,0.30204,0.0,0.00451
2018-03-14 07:00:00,2018-03-14 08:00,1.20111,0.24763,0.0,0.21598,0.7375,0.30356,0.29739,0.0,0.00617
2018-03-14 08:00:00,2018-03-14 09:00,1.16826,0.24752,0.0,0.19718,0.72355,0.29064,0.28537,0.0,0.00526
2018-03-14 09:00:00,2018-03-14 10:00,1.19498,0.24693,0.00023,0.1823,0.76551,0.26237,0.25606,0.0,0.00631
2018-03-14 10:00:00,2018-03-14 11:00,1.33572,0.40823,0.00143,0.16305,0.76301,0.20126,0.19301,0.0,0.00825
2018-03-14 11:00:00,2018-03-14 12:00,1.96575,1.07941,0.0,0.15887,0.72747,0.07169,0.0673,0.0,0.00439
2018-03-14 12:00:00,2018-03-14 13:00,2.40266,1.38549,0.00164,0.15812,0.8574,0.00326,0.0,0.0,0.00326
2018-03-14 13:00:00,2018-03-14 14:00,2.04065,1.1377,0.00012,0.15651,0.74632,0.0018,0.0,0.0,0.0018
2018-03-14 14:00:00,2018-03-14 15:00,1.72338,0.88971,0.00051,0.14712,0.68605,0.00238,0.0,0.0,0.00238
2018-03-14 15:00:00,2018-03-14 16:00,1.55747,0.70538,0.00046,0.13803,0.7136,0.00356,0.0,0.0,0.00356
2018-03-14 16:00:00,2018-03-14 17:00,1.5452,0.58379,0.00529,0.13469,0.82144,0.00775,0.0,0.0,0.00775
2018-03-14 17:00:00,2018-03-14 18:00,1.61817,0.5204,0.01064,0.13588,0.95124,0.00623,0.0,0.0,0.00623
2018-03-14 18:00:00,2018-03-14 19:00,1.83803,0.54321,0.005,0.17299,1.11683,0.00716,0.0,0.0,0.00716
2018-03-14 19:00:00,2018-03-14 20:00,2.13252,0.71478,0.0046,0.12989,1.28324,0.00616,0.0,0.0,0.00616
2018-03-14 20:00:00,2018-03-14 21:00,2.33535,0.88365,0.00365,0.12177,1.32628,0.00515,0.0,0.0,0.00515
2018-03-14 21:00:00,2018-03-14 22:00,2.33937,1.01853,0.00074,0.09783,1.22227,0.00577,0.0,0.0,0.00577
2018-03-14 22:00:00,2018-03-14 23:00,1.81395,0.83686,0.00045,0.10799,0.86865,0.05806,0.05448,0.0,0.00358
2018-03-14 23:00:00,2018-03-15 00:00,1.01633,0.26096,0.0,0.07788,0.67749,0.14644,0.14511,0.0,0.00132
2018-03-15 00:00:00,2018-03-15 01:00,0.90137,0.27027,0.00455,0.06706,0.55949,0.15072,0.1504,0.0,0.00032
2018-03-15 01:00:00,2018-03-15 02:00,0.85941,0.31794,0.00231,0.0342,0.50497,0.15698,0.1568,0.0,0.00019
2018-03-15 02:00:00,2018-03-15 03:00,0.75484,0.23709,0.0,0.03432,0.48343,0.19043,0.19028,0.0,0.00015
2018-03-15 03:00:00,2018-03-15 04:00,0.75892,0.23591,0.00111,0.03956,0.48234,0.20472,0.20459,0.0,0.00013
2018-03-15 04:00:00,2018-03-15 05:00,0.78212,0.24127,0.0,0.05242,0.48842,0.21934,0.21898,0.0,0.00036
2018-03-15 05:00:00,2018-03-15 06:00,0.8677,0.24528,0.00012,0.11624,0.50606,0.23756,0.23596,0.0,0.0016
2018-03-15 06:00:00,2018-03-15 07:00,1.0365,0.24718,0.00019,0.20055,0.58858,0.26118,0.25903,0.0,0.00216
2018-03-15 07:00:00,2018-03-15 08:00,1.14265,0.24763,0.0,0.22577,0.66925,0.26381,0.25891,0.0,0.00491
2018-03-15 08:00:00,2018-03-15 09:00,1.1622,0.24752,0.0,0.20422,0.71046,0.2582,0.25312,0.0,0.00507
2018-03-15 09:00:00,2018-03-15 10:00,1.15713,0.24691,0.0,0.16144,0.74877,0.24599,0.24176,0.0,0.00423
2018-03-15 10:00:00,2018-03-15 11:00,1.16119,0.24712,0.0,0.14037,0.7737,0.21904,0.21591,0.0,0.00312
2018-03-15 11:00:00,2018-03-15 12:00,1.19,0.2717,0.0,0.14833,0.76997,0.18618,0.18314,0.0,0.00303
2018-03-15 12:00:00,2018-03-15 13:00,1.25211,0.40167,0.00171,0.14892,0.69981,0.15481,0.15114,0.0,0.00367
2018-03-15 13:00:00,2018-03-15 14:00,1.33702,0.47464,0.0,0.14576,0.71662,0.11378,0.11114,0.0,0.00265
2018-03-15 14:00:00,2018-03-15 15:00,2.07099,1.14873,0.0,0.13849,0.78378,0.01065,0.00802,0.0,0.00263
2018-03-15 15:00:00,2018-03-15 16:00,1.98823,1.02789,0.00013,0.14631,0.8139,0.00365,0.0,0.0,0.00365
2018-03-15 16:00:00,2018-03-15 17:00,1.9499,0.91317,0.00177,0.15214,0.88283,0.00702,0.0,0.0,0.00702
2018-03-15 17:00:00,2018-03-15 18:00,2.07307,0.88095,0.00577,0.1519,1.03445,0.00793,0.0,0.0,0.00793
2018-03-15 18:00:00,2018-03-15 19:00,2.23547,0.94468,0.00104,0.13723,1.15252,0.00601,0.0,0.0,0.00601
2018-03-15 19:00:00,2018-03-15 20:00,1.74099,0.2936,0.00263,0.13414,1.31061,0.11824,0.11275,0.0,0.0055
2018-03-15 20:00:00,2018-03-15 21:00,1.65862,0.22704,0.00191,0.12883,1.30085,0.13986,0.13657,0.0,0.00329
2018-03-15 21:00:00,2018-03-15 22:00,1.48863,0.22656,0.00036,0.11461,1.14711,0.15667,0.15061,0.0,0.00606
2018-03-15 22:00:00,2018-03-15 23:00,1.1604,0.23203,0.00014,0.09587,0.83235,0.18139,0.17409,0.0,0.0073
2018-03-15 23:00:00,2018-03-16 00:00,0.87702,0.23178,0.0,0.06832,0.57692,0.18887,0.18513,0.0,0.00374
2018-03-16 00:00:00,2018-03-16 01:00,0.79953,0.23281,0.00418,0.05841,0.50413,0.19298,0.19139,0.0,0.00159
2018-03-16 01:00:00,2018-03-16 02:00,0.76322,0.23822,0.00197,0.04774,0.47529,0.20564,0.2054,0.0,0.00024
2018-03-16 02:00:00,2018-03-16 03:00,0.77803,0.24069,0.0,0.05272,0.48462,0.22816,0.22786,0.0,0.0003
2018-03-16 03:00:00,2018-03-16 04:00,0.74792,0.23928,0.00106,0.03558,0.472,0.24408,0.24383,0.0,0.00025
2018-03-16 04:00:00,2018-03-16 05:00,0.78334,0.24448,0.0,0.0494,0.48945,0.25992,0.25936,0.0,0.00056
2018-03-16 05:00:00,2018-03-16 06:00,0.86106,0.24765,0.0,0.09187,0.52154,0.28342,0.28135,0.0,0.00207
2018-03-16 06:00:00,2018-03-16 07:00,1.05998,0.24806,8e-05,0.19692,0.61491,0.30715,0.30393,0.0,0.00322
2018-03-16 07:00:00,2018-03-16 08:00,1.18094,0.24763,0.0,0.22865,0.70466,0.30452,0.30028,0.0,0.00424
2018-03-16 08:00:00,2018-03-16 09:00,1.21412,0.24752,0.0,0.20993,0.75667,0.2984,0.29313,0.0,0.00527
2018-03-16 09:00:00,2018-03-16 10:00,1.21132,0.24723,0.0,0.20238,0.76171,0.28028,0.27648,0.0,0.0038
2018-03-16 10:00:00,2018-03-16 11:00,1.13155,0.24735,0.0,0.15353,0.73067,0.24952,0.24643,0.0,0.00309
2018-03-16 11:00:00,2018-03-16 12:00,1.12357,0.24612,0.0,0.1399,0.73755,0.21377,0.21078,0.0,0.00299
2018-03-16 12:00:00,2018-03-16 13:00,1.32193,0.46808,0.00167,0.12027,0.73191,0.16571,0.16103,0.0,0.00468
2018-03-16 13:00:00,2018-03-16 14:00,2.25541,1.4126,0.0,0.14185,0.70097,0.00985,0.00686,0.0,0.00299
2018-03-16 14:00:00,2018-03-16 15:00,2.10475,1.28526,0.0,0.13309,0.68639,0.00426,0.0,0.0,0.00426
2018-03-16 15:00:00,2018-03-16 16:00,1.99899,1.14719,0.0,0.13952,0.71228,0.00326,0.0,0.0,0.00326
2018-03-16 16:00:00,2018-03-16 17:00,2.05667,1.0645,0.00107,0.13676,0.85434,0.00473,0.0,0.0,0.00473
2018-03-16 17:00:00,2018-03-16 18:00,2.16811,0.98411,0.00421,0.15518,1.02461,0.00703,0.0,0.0,0.00703
2018-03-16 18:00:00,2018-03-16 19:00,2.31885,1.00937,0.00091,0.15474,1.15383,0.00653,0.0,0.0,0.00653
2018-03-16 19:00:00,2018-03-16 20:00,2.59417,1.16367,0.00253,0.15508,1.27289,0.00435,0.0,0.0,0.00435
2018-03-16 20:00:00,2018-03-16 21:00,1.75566,0.2802,0.00196,0.14723,1.32628,0.13626,0.13078,0.0,0.00548
2018-03-16 21:00:00,2018-03-16 22:00,1.55065,0.2275,0.00041,0.0996,1.22313,0.16217,0.15675,0.0,0.00542
2018-03-16 22:00:00,2018-03-16 23:00,1.21265,0.23238,0.0001,0.11066,0.86951,0.17274,0.16929,0.0,0.00345
2018-03-16 23:00:00,2018-03-17 00:00,0.93615,0.23228,0.0,0.08558,0.61829,0.17266,0.17084,0.0,0.00182
2018-03-17 00:00:00,2018-03-17 01:00,0.84075,0.23083,0.00458,0.06267,0.54267,0.17412,0.17374,0.0,0.00038
2018-03-17 01:00:00,2018-03-17 02:00,0.79018,0.23673,0.00203,0.03889,0.51253,0.18531,0.18512,0.0,0.00019
2018-03-17 02:00:00,2018-03-17 03:00,0.77454,0.23821,0.0,0.02881,0.50752,0.20721,0.20692,0.0,0.00028
2018-03-17 03:00:00,2018-03-17 04:00,0.77298,0.2366,0.00105,0.0456,0.48974,0.22791,0.22686,0.0,0.00105
2018-03-17 04:00:00,2018-03-17 05:00,0.76482,0.24279,0.0,0.04573,0.4763,0.24528,0.24487,0.0,0.0004
2018-03-17 05:00:00,2018-03-17 06:00,0.80248,0.24703,7e-05,0.05118,0.5042,0.26298,0.26237,0.0,0.00061
2018-03-17 06:00:00,2018-03-17 07:00,0.90773,0.24806,8e-05,0.09865,0.56094,0.28853,0.28754,0.0,0.00099
2018-03-17 07:00:00,2018-03-17 08:00,1.03929,0.24818,0.0,0.14827,0.64284,0.2971,0.29187,0.0,0.00523
2018-03-17 08:00:00,2018-03-17 09:00,1.19392,0.24776,0.0,0.19575,0.75042,0.27887,0.27182,0.0,0.00705
2018-03-17 09:00:00,2018-03-17 10:00,1.34813,0.27924,0.0,0.17954,0.88935,0.23853,0.23188,0.0,0.00665
2018-03-17 10:00:00,2018-03-17 11:00,1.74086,0.77173,0.0,0.17574,0.79339,0.12217,0.11813,0.0,0.00404
2018-03-17 11:00:00,2018-03-17 12:00,2.2812,1.29791,3e-05,0.1703,0.81296,0.00485,0.0,0.0,0.00485
2018-03-17 12:00:00,2018-03-17 13:00,1.97207,0.99692,0.00013,0.16233,0.8127,0.00438,0.0,0.0,0.00438
2018-03-17 13:00:00,2018-03-17 14:00,1.70326,0.70169,0.00067,0.16573,0.83517,0.00256,0.0,0.0,0.00256
2018-03-17 14:00:00,2018-03-17 15:00,1.57255,0.51665,0.00343,0.18349,0.86898,0.0039,0.0,0.0,0.0039
2018-03-17 15:00:00,2018-03-17 16:00,1.40617,0.3594,0.01137,0.15892,0.87647,0.00312,0.0,0.0,0.00312
2018-03-17 16:00:00,2018-03-17 17:00,1.46034,0.27388,0.02108,0.16729,0.99808,0.00527,0.0,0.0,0.00527
2018-03-17 17:00:00,2018-03-17 18:00,1.57659,0.24149,0.03637,0.15626,1.14248,0.00754,0.0,0.0,0.00754
2018-03-17 18:00:00,2018-03-17 19:00,1.70416,0.26921,0.02273,0.14253,1.26968,0.00747,0.0,0.0,0.00747
2018-03-17 19:00:00,2018-03-17 20:00,1.90935,0.37386,0.01212,0.13869,1.38469,0.00539,0.0,0.0,0.00539
2018-03-17 20:00:00,2018-03-17 21:00,2.14013,0.52352,0.0058,0.14138,1.46943,0.00414,0.0,0.0,0.00414
2018-03-17 21:00:00,2018-03-17 22:00,1.9732,0.59245,0.002,0.10179,1.27696,0.02268,0.01861,0.0,0.00407
2018-03-17 22:00:00,2018-03-17 23:00,1.27697,0.34039,0.00063,0.09042,0.84553,0.09193,0.0886,0.0,0.00332
2018-03-17 23:00:00,2018-03-18 00:00,0.87895,0.21528,0.0,0.07665,0.58702,0.1314,0.12861,0.0,0.0028
2018-03-18 00:00:00,2018-03-18 01:00,0.7751,0.21905,0.00499,0.05342,0.49764,0.14445,0.14374,0.0,0.00071
2018-03-18 01:00:00,2018-03-18 02:00,0.74158,0.22934,0.00237,0.03405,0.47582,0.16257,0.16237,0.0,0.0002
2018-03-18 02:00:00,2018-03-18 03:00,0.7379,0.23492,0.0,0.03748,0.4655,0.18944,0.18929,0.0,0.00015
2018-03-18 03:00:00,2018-03-18 04:00,0.75259,0.23594,0.00111,0.04111,0.47443,0.2098,0.20942,0.0,0.00038
2018-03-18 04:00:00,2018-03-18 05:00,0.77482,0.24217,0.0,0.04441,0.48824,0.23286,0.2324,0.0,0.00047
2018-03-18 05:00:00,2018-03-18 06:00,0.80886,0.24568,7e-05,0.06512,0.49798,0.25085,0.24986,0.0,0.00099
2018-03-18 06:00:00,2018-03-18 07:00,0.88724,0.24762,0.00022,0.09675,0.54265,0.27064,0.26883,0.0,0.00181
2018-03-18 07:00:00,2018-03-18 08:00,1.01828,0.24818,0.0,0.13932,0.63077,0.26546,0.26174,0.0,0.00373
2018-03-18 08:00:00,2018-03-18 09:00,1.22189,0.24818,0.0,0.19191,0.7818,0.25474,0.25083,0.0,0.00391
2018-03-18 09:00:00,2018-03-18 10:00,1.38795,0.39842,0.0,0.18047,0.80907,0.22143,0.21641,0.0,0.00502
2018-03-18 10:00:00,2018-03-18 11:00,1.92727,0.96606,0.0,0.17869,0.78252,0.12385,0.11635,0.0,0.0075
2018-03-18 11:00:00,2018-03-18 12:00,2.66243,1.65067,0.0,0.1767,0.83506,0.00549,0.0,0.0,0.00549
2018-03-18 12:00:00,2018-03-18 13:00,2.52757,1.49797,0.0,0.1711,0.8585,0.00824,0.0,0.0,0.00824
2018-03-18 13:00:00,2018-03-18 14:00,2.36684,1.3412,0.0,0.15947,0.86617,0.0045,0.0,0.0,0.0045
2018-03-18 14:00:00,2018-03-18 15:00,2.29364,1.1998,0.0,0.169,0.92484,0.00475,0.0,0.0,0.00475
2018-03-18 15:00:00,2018-03-18 16:00,2.24898,1.10067,0.0,0.16305,0.98525,0.00586,0.0,0.0,0.00586
2018-03-18 16:00:00,2018-03-18 17:00,2.22837,1.03464,0.0,0.17082,1.02291,0.00639,0.0,0.0,0.00639
2018-03-18 17:00:00,2018-03-18 18:00,2.18737,0.9828,0.00327,0.16725,1.03404,0.00802,0.0,0.0,0.00802
2018-03-18 18:00:00,2018-03-18 19:00,2.39336,1.04797,0.0,0.1531,1.19229,0.00411,0.0,0.0,0.00411
2018-03-18 19:00:00,2018-03-18 20:00,2.76149,1.19162,0.00235,0.13605,1.43147,0.00337,0.0,0.0,0.00337
2018-03-18 20:00:00,2018-03-18 21:00,2.85922,1.24432,0.00203,0.12166,1.49122,0.00433,0.0,0.0,0.00433
2018-03-18 21:00:00,2018-03-18 22:00,2.67965,1.30633,0.00298,0.09992,1.27041,0.00423,0.0,0.0,0.00423
2018-03-18 22:00:00,2018-03-18 23:00,2.40625,1.43323,0.0028,0.08672,0.8835,0.00383,0.0,0.0,0.00383
2018-03-18 23:00:00,2018-03-19 00:00,2.17131,1.48259,0.00264,0.07636,0.60973,0.00404,0.0,0.0,0.00404
2018-03-19 00:00:00,2018-03-19 01:00,2.06033,1.48012,0.00666,0.04967,0.52387,0.00273,0.0,0.0,0.00273
2018-03-19 01:00:00,2018-03-19 02:00,2.05925,1.52686,0.00537,0.03514,0.49188,0.00174,0.0,0.0,0.00174
2018-03-19 02:00:00,2018-03-19 03:00,2.1391,1.62758,0.00302,0.03488,0.47363,0.00197,0.0,0.0,0.00197
2018-03-19 03:00:00,2018-03-19 04:00,1.5438,1.03808,0.00322,0.03392,0.46857,0.09411,0.09228,0.0,0.00183
2018-03-19 04:00:00,2018-03-19 05:00,1.46416,0.93336,0.0,0.0623,0.4685,0.10974,0.10936,0.0,0.00037
2018-03-19 05:00:00,2018-03-19 06:00,1.16722,0.5549,0.00036,0.09551,0.51646,0.17579,0.17308,0.0,0.00271
2018-03-19 06:00:00,2018-03-19 07:00,1.03672,0.24547,7e-05,0.18871,0.60247,0.23579,0.23213,0.0,0.00365
2018-03-19 07:00:00,2018-03-19 08:00,1.15261,0.24603,0.0,0.20984,0.69674,0.23076,0.22678,0.0,0.00398
2018-03-19 08:00:00,2018-03-19 09:00,1.20394,0.24724,0.0,0.18149,0.77522,0.2416,0.23585,0.0,0.00575
2018-03-19 09:00:00,2018-03-19 10:00,1.45193,0.59432,0.0,0.16056,0.69705,0.19628,0.19354,0.0,0.00275
2018-03-19 10:00:00,2018-03-19 11:00,1.9684,1.12394,0.0,0.15232,0.69213,0.11167,0.10933,0.0,0.00234
2018-03-19 11:00:00,2018-03-19 12:00,2.23554,1.42156,0.0,0.12529,0.68869,0.04707,0.04324,0.0,0.00383
2018-03-19 12:00:00,2018-03-19 13:00,2.43361,1.62592,0.0,0.13087,0.67682,0.00408,0.0,0.0,0.00408
2018-03-19 13:00:00,2018-03-19 14:00,2.29365,1.4217,0.0,0.14407,0.72788,0.00198,0.0,0.0,0.00198
2018-03-19 14:00:00,2018-03-19 15:00,2.01997,1.13529,0.0,0.13816,0.74651,0.0038,0.0,0.0,0.0038
2018-03-19 15:00:00,2018-03-19 16:00,1.92378,0.93629,0.0,0.15339,0.8341,0.0035,0.0,0.0,0.0035
2018-03-19 16:00:00,2018-03-19 17:00,1.93822,0.84431,0.00118,0.14671,0.94603,0.0061,0.0,0.0,0.0061
2018-03-19 17:00:00,2018-03-19 18:00,2.09454,0.85377,0.00429,0.1407,1.09577,0.00385,0.0,0.0,0.00385
2018-03-19 18:00:00,2018-03-19 19:00,2.28475,0.99141,0.00046,0.16655,1.12634,0.00481,0.0,0.0,0.00481
2018-03-19 19:00:00,2018-03-19 20:00,2.57871,1.14026,0.00269,0.16311,1.27265,0.00484,0.0,0.0,0.00484
2018-03-19 20:00:00,2018-03-19 21:00,2.6962,1.26441,0.00241,0.11851,1.31087,0.00531,0.0,0.0,0.00531
2018-03-19 21:00:00,2018-03-19 22:00,2.20062,0.87014,0.00043,0.10775,1.22229,0.0719,0.0667,0.0,0.0052
2018-03-19 22:00:00,2018-03-19 23:00,1.68783,0.72259,0.00028,0.09076,0.8742,0.10712,0.10261,0.0,0.00451
2018-03-19 23:00:00,2018-03-20 00:00,0.95645,0.27454,0.0,0.06506,0.61685,0.16574,0.16525,0.0,0.00049
2018-03-20 00:00:00,2018-03-20 01:00,0.80358,0.23058,0.00432,0.0364,0.53227,0.17445,0.1741,0.0,0.00035
2018-03-20 01:00:00,2018-03-20 02:00,0.75276,0.23738,0.00216,0.03821,0.47502,0.18413,0.18364,0.0,0.00048
2018-03-20 02:00:00,2018-03-20 03:00,0.74107,0.23955,0.0,0.03303,0.46848,0.20292,0.2025,0.0,0.00042
2018-03-20 03:00:00,2018-03-20 04:00,0.75071,0.2384,0.00111,0.04711,0.4641,0.21598,0.21571,0.0,0.00027
2018-03-20 04:00:00,2018-03-20 05:00,0.79365,0.24375,0.0,0.07835,0.47155,0.22838,0.22728,0.0,0.00109
2018-03-20 05:00:00,2018-03-20 06:00,0.86549,0.24587,0.00017,0.11803,0.50142,0.2397,0.23847,0.0,0.00123
2018-03-20 06:00:00,2018-03-20 07:00,1.05635,0.24744,0.00021,0.17825,0.63045,0.25728,0.25476,0.0,0.00252
2018-03-20 07:00:00,2018-03-20 08:00,1.17133,0.24679,0.00016,0.22456,0.69981,0.26016,0.25252,0.0,0.00764
2018-03-20 08:00:00,2018-03-20 09:00,1.20802,0.24662,0.00124,0.18185,0.77831,0.26676,0.25918,0.0,0.00758
2018-03-20 09:00:00,2018-03-20 10:00,1.25354,0.24676,0.00041,0.18981,0.81656,0.26571,0.26165,0.0,0.00406
2018-03-20 10:00:00,2018-03-20 11:00,1.12629,0.24762,0.0,0.14421,0.73445,0.25018,0.24609,0.0,0.00409
2018-03-20 11:00:00,2018-03-20 12:00,1.15371,0.24635,0.0,0.12765,0.77971,0.22947,0.22304,0.0,0.00643
2018-03-20 12:00:00,2018-03-20 13:00,1.10897,0.24642,0.00178,0.13522,0.72555,0.21721,0.21229,0.0,0.00491
2018-03-20 13:00:00,2018-03-20 14:00,1.02231,0.24606,0.0,0.13777,0.63849,0.18928,0.18667,0.0,0.00261
2018-03-20 14:00:00,2018-03-20 15:00,1.07231,0.24568,0.0,0.13949,0.68714,0.17683,0.17427,0.0,0.00256
2018-03-20 15:00:00,2018-03-20 16:00,1.1349,0.24615,0.0,0.15035,0.7384,0.17072,0.16598,0.0,0.00474
2018-03-20 16:00:00,2018-03-20 17:00,1.30513,0.24548,0.00089,0.16321,0.89555,0.17236,0.16681,0.0,0.00555
2018-03-20 17:00:00,2018-03-20 18:00,1.46978,0.24196,0.00241,0.15539,1.07003,0.17623,0.16884,0.0,0.00739
2018-03-20 18:00:00,2018-03-20 19:00,1.54035,0.2367,0.00066,0.1604,1.14259,0.17513,0.17171,0.0,0.00342
2018-03-20 19:00:00,2018-03-20 20:00,1.72658,0.23884,0.00216,0.16185,1.32372,0.18884,0.18578,0.0,0.00306
2018-03-20 20:00:00,2018-03-20 21:00,1.76359,0.23673,0.00193,0.14151,1.38342,0.19219,0.1875,0.0,0.00469
2018-03-20 21:00:00,2018-03-20 22:00,1.56226,0.23343,0.00021,0.09239,1.23622,0.19811,0.19391,0.0,0.0042
2018-03-20 22:00:00,2018-03-20 23:00,1.14805,0.23832,0.0,0.0942,0.81553,0.21215,0.20984,0.0,0.00231
2018-03-20 23:00:00,2018-03-21 00:00,0.91628,0.23849,0.0,0.06902,0.60878,0.22172,0.22057,0.0,0.00115
2018-03-21 00:00:00,2018-03-21 01:00,0.80458,0.23696,0.00397,0.04952,0.51413,0.23076,0.22967,0.0,0.00109
2018-03-21 01:00:00,2018-03-21 02:00,0.79017,0.23949,0.00182,0.05279,0.49607,0.24406,0.24239,0.0,0.00167
2018-03-21 02:00:00,2018-03-21 03:00,0.74669,0.24339,0.0,0.03299,0.47032,0.27391,0.27367,0.0,0.00024
2018-03-21 03:00:00,2018-03-21 04:00,0.75841,0.24187,0.00114,0.03548,0.47992,0.28106,0.28045,0.0,0.00061
2018-03-21 04:00:00,2018-03-21 05:00,0.80233,0.24626,0.0,0.07939,0.47668,0.28932,0.28782,0.0,0.00149
2018-03-21 05:00:00,2018-03-21 06:00,0.8768,0.24791,0.0,0.12107,0.50783,0.29943,0.29875,0.0,0.00068
2018-03-21 06:00:00,2018-03-21 07:00,1.04238,0.24807,0.0,0.20158,0.59273,0.3091,0.30548,0.0,0.00362
2018-03-21 07:00:00,2018-03-21 08:00,1.15923,0.24763,0.0,0.22154,0.69005,0.29959,0.29571,0.0,0.00388
2018-03-21 08:00:00,2018-03-21 09:00,1.21264,0.24752,0.0,0.19722,0.7679,0.30448,0.29856,0.0,0.00592
2018-03-21 09:00:00,2018-03-21 10:00,1.18427,0.24723,0.0,0.15745,0.77959,0.29906,0.29385,0.0,0.00521
2018-03-21 10:00:00,2018-03-21 11:00,1.10371,0.24814,0.0,0.12986,0.72572,0.26857,0.26632,0.0,0.00225
2018-03-21 11:00:00,2018-03-21 12:00,1.04951,0.24635,0.0,0.13589,0.66727,0.22892,0.22677,0.0,0.00215
2018-03-21 12:00:00,2018-03-21 13:00,1.18992,0.32779,0.00173,0.13163,0.72877,0.19798,0.19324,0.0,0.00474
2018-03-21 13:00:00,2018-03-21 14:00,1.73678,0.86564,0.0,0.11855,0.75258,0.08956,0.08572,0.0,0.00384
2018-03-21 14:00:00,2018-03-21 15:00,2.28567,1.38602,0.0,0.14681,0.75283,0.00425,0.0,0.0,0.00425
2018-03-21 15:00:00,2018-03-21 16:00,2.30471,1.30718,0.0,0.15449,0.84304,0.00628,0.0,0.0,0.00628
2018-03-21 16:00:00,2018-03-21 17:00,2.36204,1.25346,0.00123,0.15304,0.95431,0.0056,0.0,0.0,0.0056
2018-03-21 17:00:00,2018-03-21 18:00,2.33109,1.15002,0.00375,0.14641,1.0309,0.00489,0.0,0.0,0.00489
2018-03-21 18:00:00,2018-03-21 19:00,2.50699,1.19115,0.00033,0.14003,1.17548,0.00425,0.0,0.0,0.00425
2018-03-21 19:00:00,2018-03-21 20:00,2.73265,1.30082,0.00244,0.1538,1.27558,0.00625,0.0,0.0,0.00625
2018-03-21 20:00:00,2018-03-21 21:00,2.75495,1.32491,0.00225,0.14072,1.28707,0.00409,0.0,0.0,0.00409
2018-03-21 21:00:00,2018-03-21 22:00,2.06878,0.72343,0.0004,0.097,1.24794,0.08968,0.08656,0.0,0.00312
2018-03-21 22:00:00,2018-03-21 23:00,1.60613,0.67835,0.0002,0.08791,0.83967,0.10327,0.10186,0.0,0.0014
2018-03-21 23:00:00,2018-03-22 00:00,1.57144,0.86573,0.0,0.0866,0.61912,0.08743,0.08503,0.0,0.0024
2018-03-22 00:00:00,2018-03-22 01:00,1.26451,0.71611,0.00396,0.04837,0.49607,0.10298,0.10215,0.0,0.00084
2018-03-22 01:00:00,2018-03-22 02:00,0.93538,0.42599,0.00073,0.03037,0.4783,0.14444,0.14349,0.0,0.00095
2018-03-22 02:00:00,2018-03-22 03:00,0.74165,0.2376,0.0,0.03727,0.46678,0.18346,0.18235,0.0,0.00112
2018-03-22 03:00:00,2018-03-22 04:00,0.75373,0.23571,0.0012,0.05287,0.46394,0.19329,0.19275,0.0,0.00054
2018-03-22 04:00:00,2018-03-22 05:00,0.77967,0.24122,0.0,0.06625,0.4722,0.20332,0.2029,0.0,0.00042
2018-03-22 05:00:00,2018-03-22 06:00,0.87489,0.24328,0.00024,0.11501,0.51636,0.216,0.2141,0.0,0.0019
2018-03-22 06:00:00,2018-03-22 07:00,1.10037,0.24694,0.00018,0.19796,0.65529,0.23111,0.22854,0.0,0.00257
2018-03-22 07:00:00,2018-03-22 08:00,1.15782,0.24709,0.0,0.2215,0.68923,0.23017,0.22383,0.0,0.00635
2018-03-22 08:00:00,2018-03-22 09:00,1.22862,0.24752,0.0,0.19942,0.78168,0.23419,0.22725,0.0,0.00694
2018-03-22 09:00:00,2018-03-22 10:00,1.31018,0.38478,0.0,0.17033,0.75506,0.21279,0.2085,0.0,0.00429
2018-03-22 10:00:00,2018-03-22 11:00,2.18586,1.38564,0.0,0.1305,0.66971,0.06523,0.06126,0.0,0.00397
2018-03-22 11:00:00,2018-03-22 12:00,2.40825,1.62523,0.0,0.12394,0.65909,0.00216,0.0,0.0,0.00216
2018-03-22 12:00:00,2018-03-22 13:00,2.26216,1.4446,0.00165,0.12937,0.68654,0.00318,0.0,0.0,0.00318
2018-03-22 13:00:00,2018-03-22 14:00,2.121,1.26782,0.0,0.14316,0.71002,0.00232,0.0,0.0,0.00232
2018-03-22 14:00:00,2018-03-22 15:00,1.90029,1.08297,0.0,0.13337,0.68395,0.00295,0.0,0.0,0.00295
2018-03-22 15:00:00,2018-03-22 16:00,1.86416,0.98654,0.0,0.14096,0.73667,0.00324,0.0,0.0,0.00324
2018-03-22 16:00:00,2018-03-22 17:00,1.99108,0.92662,0.00123,0.12758,0.93564,0.00476,0.0,0.0,0.00476
2018-03-22 17:00:00,2018-03-22 18:00,1.9695,0.75311,0.00644,0.13212,1.07782,0.00641,0.0,0.0,0.00641
2018-03-22 18:00:00,2018-03-22 19:00,1.99905,0.71279,0.00273,0.14851,1.13501,0.00547,0.0,0.0,0.00547
2018-03-22 19:00:00,2018-03-22 20:00,2.44722,0.91212,0.00449,0.14338,1.38723,0.00451,0.0,0.0,0.00451
2018-03-22 20:00:00,2018-03-22 21:00,2.47955,0.96812,0.00353,0.10743,1.40047,0.01614,0.01428,0.0,0.00186
2018-03-22 21:00:00,2018-03-22 22:00,1.64607,0.3992,0.0007,0.09445,1.15172,0.11218,0.1096,0.0,0.00258
2018-03-22 22:00:00,2018-03-22 23:00,1.15303,0.3134,0.00022,0.08222,0.75719,0.15492,0.1512,0.0,0.00372
2018-03-22 23:00:00,2018-03-23 00:00,0.88629,0.23083,0.0,0.07718,0.57828,0.18056,0.1773,0.0,0.00326
2018-03-23 00:00:00,2018-03-23 01:00,0.7965,0.2299,0.00457,0.074,0.48803,0.18352,0.1832,0.0,0.00032
2018-03-23 01:00:00,2018-03-23 02:00,0.76219,0.23812,0.00213,0.03369,0.48824,0.19837,0.19818,0.0,0.00019
2018-03-23 02:00:00,2018-03-23 03:00,0.72165,0.23971,0.0,0.01843,0.46351,0.21995,0.2196,0.0,0.00036
2018-03-23 03:00:00,2018-03-23 04:00,0.74113,0.23849,0.00109,0.02905,0.4725,0.23276,0.23262,0.0,0.00013
2018-03-23 04:00:00,2018-03-23 05:00,0.75717,0.24416,0.0,0.04581,0.4672,0.24766,0.24722,0.0,0.00044
2018-03-23 05:00:00,2018-03-23 06:00,0.86678,0.2464,0.00013,0.11287,0.50738,0.26546,0.26331,0.0,0.00215
2018-03-23 06:00:00,2018-03-23 07:00,1.09676,0.24784,0.00012,0.19353,0.65527,0.28527,0.28158,0.0,0.00369
2018-03-23 07:00:00,2018-03-23 08:00,1.21394,0.24763,0.0,0.21995,0.74635,0.27148,0.26502,0.0,0.00646
2018-03-23 08:00:00,2018-03-23 09:00,1.2099,0.24752,0.0,0.20418,0.75819,0.24899,0.24611,0.0,0.00288
2018-03-23 09:00:00,2018-03-23 10:00,1.49008,0.62611,0.0,0.15012,0.71385,0.18174,0.17653,0.0,0.00521
2018-03-23 10:00:00,2018-03-23 11:00,2.52536,1.63685,0.0,0.15347,0.73504,0.01003,0.00837,0.0,0.00166
2018-03-23 11:00:00,2018-03-23 12:00,2.42216,1.56105,0.00039,0.14696,0.71376,0.00248,0.0,0.0,0.00248
2018-03-23 12:00:00,2018-03-23 13:00,2.42697,1.52887,0.00071,0.12644,0.77095,0.00506,0.0,0.0,0.00506
2018-03-23 13:00:00,2018-03-23 14:00,2.22293,1.41817,0.0,0.13227,0.67249,0.00609,0.0,0.0,0.00609
2018-03-23 14:00:00,2018-03-23 15:00,2.05417,1.28019,0.0,0.13076,0.64321,0.00223,0.0,0.0,0.00223
2018-03-23 15:00:00,2018-03-23 16:00,1.9917,1.13393,0.0,0.146,0.71177,0.00255,0.0,0.0,0.00255
2018-03-23 16:00:00,2018-03-23 17:00,2.09271,1.09791,0.00095,0.146,0.84785,0.00386,0.0,0.0,0.00386
2018-03-23 17:00:00,2018-03-23 18:00,2.30811,1.09753,0.00346,0.15078,1.05635,0.0043,0.0,0.0,0.0043
2018-03-23 18:00:00,2018-03-23 19:00,2.58512,1.18238,0.00051,0.18487,1.21735,0.0053,0.0,0.0,0.0053
2018-03-23 19:00:00,2018-03-23 20:00,2.76908,1.28574,0.00259,0.14484,1.33591,0.00481,0.0,0.0,0.00481
2018-03-23 20:00:00,2018-03-23 21:00,2.81101,1.30763,0.00221,0.11919,1.38199,0.00604,0.0,0.0,0.00604
2018-03-23 21:00:00,2018-03-23 22:00,2.66062,1.32306,0.00035,0.13114,1.20608,0.00549,0.0,0.0,0.00549
2018-03-23 22:00:00,2018-03-23 23:00,2.32099,1.42187,0.00031,0.10514,0.79368,0.00403,0.0,0.0,0.00403
2018-03-23 23:00:00,2018-03-24 00:00,2.07302,1.42378,0.0,0.07198,0.57725,0.00153,0.0,0.0,0.00153
2018-03-24 00:00:00,2018-03-24 01:00,1.98457,1.41364,0.00448,0.05458,0.51187,0.00084,0.0,0.0,0.00084
2018-03-24 01:00:00,2018-03-24 02:00,1.99024,1.46496,0.00094,0.04272,0.48162,0.00035,0.0,0.0,0.00035
2018-03-24 02:00:00,2018-03-24 03:00,2.09702,1.591,0.0,0.03839,0.46763,0.00032,0.0,0.0,0.00032
2018-03-24 03:00:00,2018-03-24 04:00,1.02041,0.50603,0.00123,0.04173,0.47143,0.16787,0.1675,0.0,0.00037
2018-03-24 04:00:00,2018-03-24 05:00,0.7553,0.24205,0.0,0.04469,0.46856,0.2204,0.2195,0.0,0.0009
2018-03-24 05:00:00,2018-03-24 06:00,0.78048,0.24553,0.0001,0.05186,0.48299,0.23691,0.23593,0.0,0.00098
2018-03-24 06:00:00,2018-03-24 07:00,0.86527,0.24714,0.00015,0.08215,0.53584,0.25667,0.25335,0.0,0.00332
2018-03-24 07:00:00,2018-03-24 08:00,0.99735,0.24818,0.0,0.13811,0.61106,0.25698,0.25338,0.0,0.0036
2018-03-24 08:00:00,2018-03-24 09:00,1.19964,0.24805,0.00013,0.21907,0.73239,0.27296,0.26459,0.0,0.00837
2018-03-24 09:00:00,2018-03-24 10:00,1.34176,0.24818,0.0,0.22768,0.8659,0.28224,0.27388,0.0,0.00836
2018-03-24 10:00:00,2018-03-24 11:00,1.24884,0.24865,0.0,0.18524,0.81495,0.26906,0.26075,0.0,0.00831
2018-03-24 11:00:00,2018-03-24 12:00,1.29388,0.29996,0.0,0.19522,0.7987,0.23582,0.22906,0.0,0.00676
2018-03-24 12:00:00,2018-03-24 13:00,1.49755,0.43399,0.0,0.17916,0.8844,0.20351,0.19712,0.0,0.00639
2018-03-24 13:00:00,2018-03-24 14:00,2.14862,1.14024,0.0,0.16456,0.84382,0.08057,0.07583,0.0,0.00474
2018-03-24 14:00:00,2018-03-24 15:00,2.53854,1.55388,0.0,0.17753,0.80712,0.00264,0.0,0.0,0.00264
2018-03-24 15:00:00,2018-03-24 16:00,2.5042,1.40322,0.0,0.19506,0.90592,0.00432,0.0,0.0,0.00432
2018-03-24 16:00:00,2018-03-24 17:00,2.35654,1.25448,0.0,0.1645,0.93755,0.00473,0.0,0.0,0.00473
2018-03-24 17:00:00,2018-03-24 18:00,2.34455,1.08824,0.00318,0.15637,1.09677,0.00801,0.0,0.0,0.00801
2018-03-24 18:00:00,2018-03-24 19:00,2.40792,1.06165,0.00037,0.14613,1.19976,0.00681,0.0,0.0,0.00681
2018-03-24 19:00:00,2018-03-24 20:00,2.56721,1.15798,0.00247,0.1319,1.27487,0.00613,0.0,0.0,0.00613
2018-03-24 20:00:00,2018-03-24 21:00,2.59284,1.14111,0.002,0.11901,1.33072,0.01594,0.01295,0.0,0.00299
2018-03-24 21:00:00,2018-03-24 22:00,1.68564,0.36305,0.00035,0.10861,1.21363,0.12816,0.12624,0.0,0.00191
2018-03-24 22:00:00,2018-03-24 23:00,1.15532,0.23253,0.00021,0.08164,0.84094,0.16282,0.16093,0.0,0.00189
2018-03-24 23:00:00,2018-03-25 00:00,0.89396,0.23136,0.0,0.06657,0.59603,0.17008,0.16912,0.0,0.00095
2018-03-25 00:00:00,2018-03-25 01:00,0.77733,0.22947,0.00452,0.04835,0.49499,0.17578,0.17545,0.0,0.00032
2018-03-25 01:00:00,2018-03-25 02:00,0.76177,0.23721,0.00218,0.04757,0.47481,0.18705,0.18669,0.0,0.00036
2018-03-25 02:00:00,2018-03-25 03:00,0.74112,0.239,0.0,0.0372,0.46492,0.20478,0.20456,0.0,0.00022
2018-03-25 03:00:00,2018-03-25 04:00,0.7397,0.2371,0.00111,0.03535,0.46615,0.21712,0.21698,0.0,0.00013
2018-03-25 04:00:00,2018-03-25 05:00,0.76454,0.24308,0.0,0.05556,0.46591,0.23081,0.23055,0.0,0.00025
2018-03-25 05:00:00,2018-03-25 06:00,0.81927,0.24571,1e-05,0.06235,0.5112,0.24754,0.24649,0.0,0.00105
2018-03-25 06:00:00,2018-03-25 07:00,0.88448,0.24795,0.0001,0.10135,0.53508,0.26742,0.26603,0.0,0.00138
2018-03-25 07:00:00,2018-03-25 08:00,1.0409,0.24803,0.0,0.16311,0.62976,0.26563,0.26073,0.0,0.0049
2018-03-25 08:00:00,2018-03-25 09:00,1.25862,0.24818,0.0,0.20362,0.80681,0.26544,0.25825,0.0,0.00719
2018-03-25 09:00:00,2018-03-25 10:00,1.31843,0.24818,0.0,0.2134,0.85685,0.25801,0.25016,0.0,0.00785
2018-03-25 10:00:00,2018-03-25 11:00,1.44382,0.34167,0.0,0.19889,0.90326,0.21363,0.20868,0.0,0.00495
2018-03-25 11:00:00,2018-03-25 12:00,2.11388,1.10444,0.0,0.18111,0.82834,0.08276,0.07709,0.0,0.00567
2018-03-25 12:00:00,2018-03-25 13:00,2.45617,1.49074,0.0,0.16346,0.80196,0.00238,0.0,0.0,0.00238
2018-03-25 13:00:00,2018-03-25 14:00,2.22762,1.26535,0.0,0.15347,0.8088,0.00408,0.0,0.0,0.00408
2018-03-25 14:00:00,2018-03-25 15:00,2.16047,1.06403,0.0,0.17525,0.92119,0.00454,0.0,0.0,0.00454
2018-03-25 15:00:00,2018-03-25 16:00,2.02407,0.9098,0.0,0.17936,0.93492,0.00285,0.0,0.0,0.00285
2018-03-25 16:00:00,2018-03-25 17:00,2.02733,0.88029,0.0,0.17359,0.97346,0.00577,0.0,0.0,0.00577
2018-03-25 17:00:00,2018-03-25 18:00,2.11222,0.87358,0.00395,0.1621,1.0726,0.00561,0.0,0.0,0.00561
2018-03-25 18:00:00,2018-03-25 19:00,2.22339,0.84234,0.00052,0.15602,1.22451,0.00557,0.0,0.0,0.00557
2018-03-25 19:00:00,2018-03-25 20:00,2.42441,0.86607,0.00267,0.13082,1.42485,0.005,0.0,0.0,0.005
2018-03-25 20:00:00,2018-03-25 21:00,2.42622,0.87478,0.00233,0.12713,1.42198,0.00438,0.0,0.0,0.00438
2018-03-25 21:00:00,2018-03-25 22:00,2.28744,0.888,0.00066,0.09406,1.30471,0.00303,0.0,0.0,0.00303
2018-03-25 22:00:00,2018-03-25 23:00,1.9457,0.97409,0.00047,0.0719,0.89924,0.00257,0.0,0.0,0.00257
2018-03-25 23:00:00,2018-03-26 00:00,1.69345,1.01186,0.0,0.0803,0.60129,0.00208,0.0,0.0,0.00208
2018-03-26 00:00:00,2018-03-26 01:00,1.62607,1.03125,0.00528,0.07935,0.51019,0.00076,0.0,0.0,0.00076
2018-03-26 01:00:00,2018-03-26 02:00,1.7209,1.17488,0.00275,0.05262,0.49065,0.00819,0.00688,0.0,0.00131
2018-03-26 02:00:00,2018-03-26 03:00,1.73439,1.22505,0.0,0.03551,0.47383,0.04269,0.04217,0.0,0.00053
2018-03-26 03:00:00,2018-03-26 04:00,0.88655,0.36977,0.00121,0.04153,0.47404,0.17741,0.17727,0.0,0.00013
2018-03-26 04:00:00,2018-03-26 05:00,0.77151,0.23978,0.0,0.0558,0.47593,0.19933,0.19871,0.0,0.00062
2018-03-26 05:00:00,2018-03-26 06:00,0.8772,0.2424,0.00026,0.12232,0.51222,0.2121,0.21012,0.0,0.00198
2018-03-26 06:00:00,2018-03-26 07:00,1.04969,0.24554,0.00033,0.19643,0.60739,0.22809,0.22441,0.0,0.00368
2018-03-26 07:00:00,2018-03-26 08:00,1.18452,0.24685,0.0,0.23696,0.70071,0.22677,0.22219,0.0,0.00458
2018-03-26 08:00:00,2018-03-26 09:00,1.19206,0.24747,0.0,0.23832,0.70627,0.23991,0.23508,0.0,0.00483
2018-03-26 09:00:00,2018-03-26 10:00,1.15527,0.24675,0.0,0.15856,0.74996,0.24184,0.23872,0.0,0.00313
2018-03-26 10:00:00,2018-03-26 11:00,1.23317,0.38917,0.0,0.13309,0.71091,0.21343,0.21119,0.0,0.00224
2018-03-26 11:00:00,2018-03-26 12:00,1.79619,0.9867,0.0,0.11141,0.69808,0.12232,0.11679,0.0,0.00553
2018-03-26 12:00:00,2018-03-26 13:00,2.5576,1.71752,0.00169,0.13334,0.70505,0.01862,0.01203,0.0,0.00659
2018-03-26 13:00:00,2018-03-26 14:00,2.56365,1.72072,0.0,0.15161,0.69132,0.0043,0.0,0.0,0.0043
2018-03-26 14:00:00,2018-03-26 15:00,2.51875,1.68129,0.0,0.14139,0.69606,0.00585,0.0,0.0,0.00585
2018-03-26 15:00:00,2018-03-26 16:00,2.54611,1.65649,0.0,0.13801,0.75161,0.00353,0.0,0.0,0.00353
2018-03-26 16:00:00,2018-03-26 17:00,2.2075,1.18064,0.0009,0.14054,0.88543,0.07174,0.06858,0.0,0.00317
2018-03-26 17:00:00,2018-03-26 18:00,1.94559,0.76769,0.00213,0.16222,1.01355,0.11834,0.113,0.0,0.00534
2018-03-26 18:00:00,2018-03-26 19:00,2.04345,0.69315,5e-05,0.16382,1.18643,0.12685,0.12014,0.0,0.00671
2018-03-26 19:00:00,2018-03-26 20:00,2.01453,0.55444,0.00219,0.15156,1.30634,0.14412,0.1397,0.0,0.00442
2018-03-26 20:00:00,2018-03-26 21:00,1.66723,0.23658,0.00203,0.10912,1.31949,0.17401,0.17039,0.0,0.00362
2018-03-26 21:00:00,2018-03-26 22:00,1.55105,0.23246,0.00032,0.10545,1.21282,0.17359,0.16966,0.0,0.00393
2018-03-26 22:00:00,2018-03-26 23:00,1.2027,0.23659,0.00015,0.09977,0.86618,0.18463,0.18017,0.0,0.00445
2018-03-26 23:00:00,2018-03-27 00:00,0.90618,0.23388,0.0,0.0759,0.59639,0.17965,0.17811,0.0,0.00154
2018-03-27 00:00:00,2018-03-27 01:00,0.7922,0.23257,0.00428,0.04013,0.51523,0.17441,0.17391,0.0,0.0005
2018-03-27 01:00:00,2018-03-27 02:00,0.76244,0.23819,0.00225,0.04555,0.47645,0.17878,0.17822,0.0,0.00056
2018-03-27 02:00:00,2018-03-27 03:00,0.74945,0.23915,0.0,0.04423,0.46607,0.19261,0.19214,0.0,0.00047
2018-03-27 03:00:00,2018-03-27 04:00,0.74933,0.23675,0.00117,0.03594,0.47548,0.20399,0.20385,0.0,0.00013
2018-03-27 04:00:00,2018-03-27 05:00,0.79153,0.2422,0.0,0.06508,0.48424,0.21696,0.21536,0.0,0.0016
2018-03-27 05:00:00,2018-03-27 06:00,0.87714,0.24472,0.00013,0.11553,0.51677,0.22481,0.224,0.0,0.00081
2018-03-27 06:00:00,2018-03-27 07:00,1.09646,0.24736,0.00017,0.20136,0.64757,0.23675,0.23476,0.0,0.00199
2018-03-27 07:00:00,2018-03-27 08:00,1.22813,0.24696,0.0,0.20128,0.77989,0.23274,0.22753,0.0,0.00522
2018-03-27 08:00:00,2018-03-27 09:00,1.23737,0.24739,0.0,0.18063,0.80935,0.24231,0.23583,0.0,0.00648
2018-03-27 09:00:00,2018-03-27 10:00,1.25942,0.35612,0.0,0.17133,0.73198,0.23209,0.22725,0.0,0.00484
2018-03-27 10:00:00,2018-03-27 11:00,1.72253,0.87204,0.0,0.16008,0.69041,0.14503,0.14326,0.0,0.00177
2018-03-27 11:00:00,2018-03-27 12:00,1.89164,1.07515,0.0,0.11937,0.69712,0.09379,0.09039,0.0,0.00341
2018-03-27 12:00:00,2018-03-27 13:00,2.64934,1.72891,0.00014,0.11509,0.8052,0.0032,0.0,0.0,0.0032
2018-03-27 13:00:00,2018-03-27 14:00,2.4657,1.55538,0.0,0.12127,0.78906,0.00385,0.0,0.0,0.00385
2018-03-27 14:00:00,2018-03-27 15:00,2.08325,1.19008,0.0,0.13348,0.75969,0.00253,0.0,0.0,0.00253
2018-03-27 15:00:00,2018-03-27 16:00,1.79754,0.81336,0.00022,0.1321,0.85186,0.00237,0.0,0.0,0.00237
2018-03-27 16:00:00,2018-03-27 17:00,1.66252,0.61428,0.00278,0.14771,0.89776,0.00558,0.0,0.0,0.00558
2018-03-27 17:00:00,2018-03-27 18:00,1.66196,0.48051,0.01205,0.14963,1.01977,0.00539,0.0,0.0,0.00539
2018-03-27 18:00:00,2018-03-27 19:00,1.75853,0.4652,0.00679,0.1493,1.13725,0.00817,0.0,0.0,0.00817
2018-03-27 19:00:00,2018-03-27 20:00,2.04866,0.56831,0.00505,0.14112,1.33419,0.00351,0.0,0.0,0.00351
2018-03-27 20:00:00,2018-03-27 21:00,2.19519,0.67435,0.00311,0.11986,1.39786,0.00227,0.0,0.0,0.00227
2018-03-27 21:00:00,2018-03-27 22:00,2.13143,0.84682,0.00084,0.09758,1.18619,0.00336,0.0,0.0,0.00336
2018-03-27 22:00:00,2018-03-27 23:00,2.07747,1.16947,0.00062,0.09459,0.8128,0.00288,0.0,0.0,0.00288
2018-03-27 23:00:00,2018-03-28 00:00,1.65361,0.98116,0.0,0.06195,0.61049,0.04533,0.0432,0.0,0.00213
2018-03-28 00:00:00,2018-03-28 01:00,1.20566,0.61275,0.00506,0.04745,0.5404,0.10081,0.099,0.0,0.00181
2018-03-28 01:00:00,2018-03-28 02:00,0.8539,0.29784,0.00272,0.02983,0.52351,0.14947,0.14898,0.0,0.00049
2018-03-28 02:00:00,2018-03-28 03:00,0.74359,0.23558,0.0,0.03323,0.47478,0.18015,0.17996,0.0,0.00018
2018-03-28 03:00:00,2018-03-28 04:00,0.74483,0.23423,0.00197,0.04316,0.46547,0.19422,0.19409,0.0,0.00013
2018-03-28 04:00:00,2018-03-28 05:00,0.78918,0.2409,0.0,0.06702,0.48126,0.20608,0.20579,0.0,0.00029
2018-03-28 05:00:00,2018-03-28 06:00,0.871,0.24302,0.00027,0.0996,0.52811,0.22164,0.22053,0.0,0.00111
2018-03-28 06:00:00,2018-03-28 07:00,1.0889,0.24694,0.00026,0.19612,0.64558,0.24345,0.24008,0.0,0.00337
2018-03-28 07:00:00,2018-03-28 08:00,1.27165,0.24709,0.0,0.26559,0.75897,0.23331,0.22712,0.0,0.00619
2018-03-28 08:00:00,2018-03-28 09:00,1.78469,0.85396,0.0,0.20437,0.72636,0.13917,0.1325,0.0,0.00667
2018-03-28 09:00:00,2018-03-28 10:00,2.39944,1.52163,0.0,0.17291,0.70491,0.0037,0.0,0.0,0.0037
2018-03-28 10:00:00,2018-03-28 11:00,1.97223,1.16545,0.0,0.1248,0.68198,0.00426,0.0,0.0,0.00426
2018-03-28 11:00:00,2018-03-28 12:00,1.7872,0.96872,0.0,0.12766,0.69082,0.00256,0.0,0.0,0.00256
2018-03-28 12:00:00,2018-03-28 13:00,1.66429,0.85401,0.0017,0.12197,0.68662,0.00363,0.0,0.0,0.00363
2018-03-28 13:00:00,2018-03-28 14:00,1.48663,0.68076,0.00048,0.11698,0.68841,0.00292,0.0,0.0,0.00292
2018-03-28 14:00:00,2018-03-28 15:00,1.37803,0.56566,0.00018,0.12724,0.68495,0.00475,0.0,0.0,0.00475
2018-03-28 15:00:00,2018-03-28 16:00,1.35293,0.48799,0.00205,0.139,0.72388,0.00369,0.0,0.0,0.00369
2018-03-28 16:00:00,2018-03-28 17:00,1.53974,0.46033,0.00458,0.13327,0.94157,0.00581,0.0,0.0,0.00581
2018-03-28 17:00:00,2018-03-28 18:00,1.63138,0.47067,0.01031,0.14158,1.00882,0.00414,0.0,0.0,0.00414
2018-03-28 18:00:00,2018-03-28 19:00,1.86527,0.55991,0.00341,0.13933,1.16263,0.00525,0.0,0.0,0.00525
2018-03-28 19:00:00,2018-03-28 20:00,2.12638,0.69279,0.00452,0.143,1.28606,0.00608,0.0,0.0,0.00608
2018-03-28 20:00:00,2018-03-28 21:00,2.30092,0.81956,0.00359,0.12983,1.34793,0.00391,0.0,0.0,0.00391
2018-03-28 21:00:00,2018-03-28 22:00,2.32204,1.04637,0.00094,0.09286,1.18186,0.00252,0.0,0.0,0.00252
2018-03-28 22:00:00,2018-03-28 23:00,1.79264,0.83527,0.00059,0.09363,0.86315,0.06465,0.06287,0.0,0.00178
2018-03-28 23:00:00,2018-03-29 00:00,1.08845,0.40694,0.0,0.07606,0.60545,0.13697,0.13574,0.0,0.00123
2018-03-29 00:00:00,2018-03-29 01:00,0.79729,0.22754,0.00499,0.05993,0.50483,0.17188,0.16981,0.0,0.00207
2018-03-29 01:00:00,2018-03-29 02:00,0.81835,0.23497,0.00227,0.03795,0.54315,0.18838,0.18671,0.0,0.00167
2018-03-29 02:00:00,2018-03-29 03:00,0.75857,0.23868,0.0,0.02883,0.49106,0.20677,0.20662,0.0,0.00015
2018-03-29 03:00:00,2018-03-29 04:00,0.77431,0.23729,0.00109,0.0408,0.49514,0.22686,0.22673,0.0,0.00013
2018-03-29 04:00:00,2018-03-29 05:00,0.81006,0.24325,0.0,0.06825,0.49856,0.24753,0.24679,0.0,0.00074
2018-03-29 05:00:00,2018-03-29 06:00,0.89647,0.24665,5e-05,0.11995,0.52982,0.26986,0.26808,0.0,0.00179
2018-03-29 06:00:00,2018-03-29 07:00,1.02699,0.24806,0.00012,0.16276,0.61605,0.29337,0.29143,0.0,0.00195
2018-03-29 07:00:00,2018-03-29 08:00,1.15828,0.24763,0.0,0.22143,0.68921,0.2868,0.28528,0.0,0.00153
2018-03-29 08:00:00,2018-03-29 09:00,1.17515,0.24752,0.0,0.17659,0.75104,0.27503,0.27302,0.0,0.00201
2018-03-29 09:00:00,2018-03-29 10:00,1.13426,0.24708,0.0,0.13107,0.75611,0.25759,0.25406,0.0,0.00353
2018-03-29 10:00:00,2018-03-29 11:00,1.03297,0.24734,0.0,0.12765,0.65798,0.2247,0.22257,0.0,0.00213
2018-03-29 11:00:00,2018-03-29 12:00,1.07401,0.24566,0.0,0.13254,0.69581,0.19221,0.18972,0.0,0.00249
2018-03-29 12:00:00,2018-03-29 13:00,1.20163,0.3127,0.00175,0.11602,0.77116,0.17137,0.16861,0.0,0.00276
2018-03-29 13:00:00,2018-03-29 14:00,1.60141,0.79655,0.0,0.11309,0.69177,0.08242,0.07924,0.0,0.00318
2018-03-29 14:00:00,2018-03-29 15:00,2.12697,1.24386,0.00051,0.15524,0.72737,0.00227,0.0,0.0,0.00227
2018-03-29 15:00:00,2018-03-29 16:00,1.93051,1.07913,0.00233,0.13736,0.71169,0.00483,0.0,0.0,0.00483
2018-03-29 16:00:00,2018-03-29 17:00,1.93336,0.92027,0.00578,0.12772,0.87958,0.00975,0.0,0.0,0.00975
2018-03-29 17:00:00,2018-03-29 18:00,1.98633,0.80369,0.00694,0.14845,1.02725,0.00627,0.0,0.0,0.00627
2018-03-29 18:00:00,2018-03-29 19:00,2.1369,0.82743,0.0028,0.15137,1.1553,0.00525,0.0,0.0,0.00525
2018-03-29 19:00:00,2018-03-29 20:00,2.49257,0.97961,0.00344,0.14485,1.36467,0.00407,0.0,0.0,0.00407
2018-03-29 20:00:00,2018-03-29 21:00,1.88334,0.37336,0.00274,0.12303,1.38421,0.10324,0.09956,0.0,0.00368
2018-03-29 21:00:00,2018-03-29 22:00,1.56778,0.22197,0.00058,0.09114,1.25409,0.13778,0.13601,0.0,0.00176
2018-03-29 22:00:00,2018-03-29 23:00,1.15585,0.22816,0.00026,0.10506,0.82237,0.15787,0.15612,0.0,0.00175
2018-03-29 23:00:00,2018-03-30 00:00,0.85302,0.22866,0.0,0.05728,0.56708,0.16882,0.16759,0.0,0.00124
2018-03-30 00:00:00,2018-03-30 01:00,0.81084,0.2291,0.00492,0.04492,0.5319,0.17527,0.17458,0.0,0.00069
2018-03-30 01:00:00,2018-03-30 02:00,0.7693,0.23732,0.00224,0.03979,0.48995,0.18527,0.18479,0.0,0.00048
2018-03-30 02:00:00,2018-03-30 03:00,0.7446,0.23854,0.0,0.03756,0.4685,0.20648,0.20626,0.0,0.00021
2018-03-30 03:00:00,2018-03-30 04:00,0.74064,0.23758,0.00111,0.03618,0.46577,0.22553,0.2251,0.0,0.00042
2018-03-30 04:00:00,2018-03-30 05:00,0.7714,0.24311,0.0,0.0606,0.46769,0.24353,0.2427,0.0,0.00083
2018-03-30 05:00:00,2018-03-30 06:00,0.87457,0.2455,0.00021,0.10347,0.52538,0.26084,0.2597,0.0,0.00114
2018-03-30 06:00:00,2018-03-30 07:00,1.06121,0.24806,0.00015,0.19629,0.61671,0.28227,0.28024,0.0,0.00204
2018-03-30 07:00:00,2018-03-30 08:00,1.1126,0.2475,0.00019,0.20544,0.65948,0.27426,0.27113,0.0,0.00313
2018-03-30 08:00:00,2018-03-30 09:00,1.15611,0.24748,0.0,0.17834,0.73029,0.25603,0.25218,0.0,0.00385
2018-03-30 09:00:00,2018-03-30 10:00,1.16913,0.28257,0.0,0.16561,0.72095,0.23754,0.23493,0.0,0.00262
2018-03-30 10:00:00,2018-03-30 11:00,1.74122,0.93,0.0,0.1434,0.66782,0.13047,0.12861,0.0,0.00186
2018-03-30 11:00:00,2018-03-30 12:00,2.60901,1.76471,0.00044,0.14305,0.70081,0.00401,0.0,0.0,0.00401
2018-03-30 12:00:00,2018-03-30 13:00,2.66847,1.77275,0.00113,0.11474,0.77986,0.00318,0.0,0.0,0.00318
2018-03-30 13:00:00,2018-03-30 14:00,2.65679,1.74284,0.0,0.14761,0.76634,0.00215,0.0,0.0,0.00215
2018-03-30 14:00:00,2018-03-30 15:00,2.58668,1.73191,0.0,0.16004,0.69473,0.00202,0.0,0.0,0.00202
2018-03-30 15:00:00,2018-03-30 16:00,2.56371,1.68551,0.0,0.15071,0.7275,0.00472,0.0,0.0,0.00472
2018-03-30 16:00:00,2018-03-30 17:00,2.48286,1.45129,0.00081,0.13858,0.89218,0.03055,0.02613,0.0,0.00442
2018-03-30 17:00:00,2018-03-30 18:00,2.12172,0.96212,0.00285,0.14654,1.01021,0.08036,0.07312,0.0,0.00724
2018-03-30 18:00:00,2018-03-30 19:00,1.82352,0.50155,5e-05,0.17134,1.15058,0.13216,0.12709,0.0,0.00506
2018-03-30 19:00:00,2018-03-30 20:00,1.73479,0.33372,0.00204,0.14476,1.25427,0.15897,0.15376,0.0,0.00521
2018-03-30 20:00:00,2018-03-30 21:00,1.64333,0.23554,0.002,0.11792,1.28788,0.17378,0.16857,0.0,0.00521
2018-03-30 21:00:00,2018-03-30 22:00,1.49471,0.23192,0.00028,0.10315,1.15936,0.17793,0.17394,0.0,0.00398
2018-03-30 22:00:00,2018-03-30 23:00,1.12283,0.2362,0.00022,0.0957,0.79071,0.19232,0.18844,0.0,0.00388
2018-03-30 23:00:00,2018-03-31 00:00,0.90691,0.23662,0.0,0.07582,0.59446,0.19724,0.19583,0.0,0.0014
2018-03-31 00:00:00,2018-03-31 01:00,0.87517,0.2358,0.00413,0.05254,0.5827,0.20304,0.20094,0.0,0.0021
2018-03-31 01:00:00,2018-03-31 02:00,0.77452,0.23893,0.00201,0.04902,0.48456,0.20308,0.2026,0.0,0.00048
2018-03-31 02:00:00,2018-03-31 03:00,0.74404,0.24065,0.0,0.03721,0.46618,0.21314,0.21268,0.0,0.00045
2018-03-31 03:00:00,2018-03-31 04:00,0.77244,0.27159,0.00108,0.03301,0.46677,0.20938,0.2089,0.0,0.00048
2018-03-31 04:00:00,2018-03-31 05:00,0.79365,0.2435,0.0,0.04286,0.5073,0.22309,0.22279,0.0,0.0003
2018-03-31 05:00:00,2018-03-31 06:00,0.80538,0.24595,0.00013,0.07314,0.48617,0.24998,0.24945,0.0,0.00053
2018-03-31 06:00:00,2018-03-31 07:00,0.88586,0.24792,0.00012,0.10872,0.5291,0.28802,0.28639,0.0,0.00163
2018-03-31 07:00:00,2018-03-31 08:00,1.04412,0.24818,0.0,0.14194,0.654,0.30465,0.29985,0.0,0.0048
2018-03-31 08:00:00,2018-03-31 09:00,1.20253,0.24842,0.0,0.18597,0.76815,0.32042,0.31638,0.0,0.00404
2018-03-31 09:00:00,2018-03-31 10:00,1.3138,0.24865,0.0,0.19144,0.87371,0.32972,0.32449,0.0,0.00523
2018-03-31 10:00:00,2018-03-31 11:00,1.29517,0.24865,0.0,0.17962,0.8669,0.31445,0.31157,0.0,0.00289
2018-03-31 11:00:00,2018-03-31 12:00,1.28162,0.24865,0.0,0.14882,0.88415,0.29627,0.29043,0.0,0.00584
2018-03-31 12:00:00,2018-03-31 13:00,1.25466,0.24865,0.0,0.17005,0.83596,0.28515,0.27824,0.0,0.00691
2018-03-31 13:00:00,2018-03-31 14:00,1.25561,0.24865,0.0,0.17765,0.82931,0.26348,0.25637,0.0,0.00711
2018-03-31 14:00:00,2018-03-31 15:00,1.2783,0.24865,0.0,0.16739,0.86226,0.24752,0.24482,0.0,0.0027
2018-03-31 15:00:00,2018-03-31 16:00,1.35789,0.24865,0.0,0.18484,0.92441,0.23964,0.23382,0.0,0.00582
2018-03-31 16:00:00,2018-03-31 17:00,1.46937,0.24844,0.0,0.19088,1.03005,0.23009,0.22466,0.0,0.00543
2018-03-31 17:00:00,2018-03-31 18:00,1.45396,0.24448,0.00179,0.16009,1.0476,0.22003,0.21614,0.0,0.00389
2018-03-31 18:00:00,2018-03-31 19:00,1.52226,0.2383,0.0,0.14403,1.13993,0.22987,0.22369,0.0,0.00619
2018-03-31 19:00:00,2018-03-31 20:00,1.7294,0.23896,0.00177,0.13661,1.35207,0.25833,0.25142,0.0,0.00691
2018-03-31 20:00:00,2018-03-31 21:00,1.79669,0.2406,0.00155,0.1366,1.41795,0.28026,0.2763,0.0,0.00397
2018-03-31 21:00:00,2018-03-31 22:00,1.60461,0.23875,0.0,0.12026,1.2456,0.28841,0.28582,0.0,0.00259
2018-03-31 22:00:00,2018-03-31 23:00,1.21464,0.24444,0.0,0.09314,0.87706,0.32144,0.31816,0.0,0.00328
2018-03-31 23:00:00,2018-04-01 00:00,0.93074,0.24397,0.0,0.08195,0.60482,0.32933,0.32646,0.0,0.00286
2018-04-01 00:00:00,2018-04-01 01:00,0.82712,0.24098,0.00376,0.04768,0.5347,0.32808,0.32759,0.0,0.00049
2018-04-01 01:00:00,2018-04-01 02:00,0.81995,0.24397,0.00207,0.05471,0.51919,0.33716,0.3368,0.0,0.00035
2018-04-01 02:00:00,2018-04-01 03:00,0.79815,0.24501,0.0,0.05544,0.4977,0.35492,0.35474,0.0,0.00018
2018-04-01 03:00:00,2018-04-01 04:00,0.74957,0.24325,0.00126,0.03579,0.46928,0.36529,0.3651,0.0,0.00019
2018-04-01 04:00:00,2018-04-01 05:00,0.75988,0.24818,0.0,0.04195,0.46974,0.38106,0.38075,0.0,0.0003
2018-04-01 05:00:00,2018-04-01 06:00,0.78745,0.24853,0.0,0.05351,0.4854,0.39466,0.39279,0.0,0.00187
2018-04-01 06:00:00,2018-04-01 07:00,0.88687,0.24865,0.0,0.11687,0.52136,0.41187,0.40997,0.0,0.0019
2018-04-01 07:00:00,2018-04-01 08:00,1.03252,0.24865,0.0,0.16547,0.6184,0.4046,0.40088,0.0,0.00372
2018-04-01 08:00:00,2018-04-01 09:00,1.18593,0.24865,0.0,0.21603,0.72125,0.39174,0.38452,0.0,0.00722
2018-04-01 09:00:00,2018-04-01 10:00,1.25439,0.24865,0.0,0.19735,0.80839,0.37188,0.36505,0.0,0.00684
2018-04-01 10:00:00,2018-04-01 11:00,1.29659,0.24865,0.0,0.1772,0.87074,0.34203,0.33556,0.0,0.00647
2018-04-01 11:00:00,2018-04-01 12:00,1.27031,0.24865,0.0,0.15845,0.86321,0.30874,0.30342,0.0,0.00532
2018-04-01 12:00:00,2018-04-01 13:00,1.1995,0.24846,0.0,0.15916,0.79189,0.28403,0.27926,0.0,0.00477
2018-04-01 13:00:00,2018-04-01 14:00,1.18823,0.24865,0.0,0.16672,0.77286,0.24577,0.2417,0.0,0.00407
2018-04-01 14:00:00,2018-04-01 15:00,1.17729,0.24841,0.0,0.17579,0.7531,0.22273,0.2187,0.0,0.00403
2018-04-01 15:00:00,2018-04-01 16:00,1.32112,0.24733,0.0,0.16722,0.90657,0.20461,0.19933,0.0,0.00528
2018-04-01 16:00:00,2018-04-01 17:00,1.44,0.24733,0.0,0.1687,1.02396,0.18913,0.18537,0.0,0.00376
2018-04-01 17:00:00,2018-04-01 18:00,1.46775,0.2432,0.00183,0.14999,1.07272,0.17806,0.17285,0.0,0.00521
2018-04-01 18:00:00,2018-04-01 19:00,1.53997,0.2373,0.00019,0.14549,1.15699,0.17793,0.17369,0.0,0.00424
2018-04-01 19:00:00,2018-04-01 20:00,1.63234,0.23669,0.00201,0.1616,1.23204,0.1855,0.18278,0.0,0.00272
2018-04-01 20:00:00,2018-04-01 21:00,1.76083,0.23622,0.00165,0.12775,1.39521,0.19405,0.18999,0.0,0.00405
2018-04-01 21:00:00,2018-04-01 22:00,1.59995,0.23328,0.00015,0.10343,1.26309,0.19679,0.19322,0.0,0.00357
2018-04-01 22:00:00,2018-04-01 23:00,1.23112,0.23838,0.00012,0.08443,0.90819,0.21786,0.21459,0.0,0.00327
2018-04-01 23:00:00,2018-04-02 00:00,0.92695,0.23841,0.0,0.0701,0.61845,0.22805,0.2253,0.0,0.00274
2018-04-02 00:00:00,2018-04-02 01:00,0.8533,0.23718,0.00367,0.06407,0.54838,0.23518,0.23464,0.0,0.00054
2018-04-02 01:00:00,2018-04-02 02:00,0.78002,0.24062,0.00181,0.04157,0.49602,0.24524,0.24497,0.0,0.00028
2018-04-02 02:00:00,2018-04-02 03:00,0.77589,0.24368,0.0,0.04858,0.48363,0.26444,0.26421,0.0,0.00023
2018-04-02 03:00:00,2018-04-02 04:00,0.76125,0.24101,0.00109,0.04273,0.47641,0.27505,0.27479,0.0,0.00027
2018-04-02 04:00:00,2018-04-02 05:00,0.78041,0.24654,0.0,0.06204,0.47183,0.29145,0.29073,0.0,0.00072
2018-04-02 05:00:00,2018-04-02 06:00,0.87418,0.24791,0.0,0.11979,0.50649,0.30946,0.30779,0.0,0.00166
2018-04-02 06:00:00,2018-04-02 07:00,1.03434,0.24818,0.0,0.18672,0.59944,0.32836,0.3237,0.0,0.00466
2018-04-02 07:00:00,2018-04-02 08:00,1.14613,0.24763,0.0,0.21628,0.68221,0.31619,0.31206,0.0,0.00413
2018-04-02 08:00:00,2018-04-02 09:00,1.1383,0.24798,0.0,0.1876,0.70272,0.30496,0.30261,0.0,0.00234
2018-04-02 09:00:00,2018-04-02 10:00,1.17391,0.24764,0.0,0.2013,0.72497,0.29427,0.29108,0.0,0.00319
2018-04-02 10:00:00,2018-04-02 11:00,1.09107,0.24787,0.0,0.17242,0.67079,0.26559,0.26299,0.0,0.0026
2018-04-02 11:00:00,2018-04-02 12:00,1.16974,0.34455,0.0,0.14762,0.67756,0.21804,0.21528,0.0,0.00276
2018-04-02 12:00:00,2018-04-02 13:00,1.16992,0.29429,0.00167,0.14956,0.7244,0.22037,0.21697,0.0,0.0034
2018-04-02 13:00:00,2018-04-02 14:00,1.13218,0.24606,0.0,0.14065,0.74547,0.21927,0.21433,0.0,0.00494
2018-04-02 14:00:00,2018-04-02 15:00,1.15033,0.24692,0.0,0.17444,0.72897,0.20786,0.20436,0.0,0.00349
2018-04-02 15:00:00,2018-04-02 16:00,1.12132,0.24826,0.0,0.13783,0.73523,0.19878,0.19563,0.0,0.00315
2018-04-02 16:00:00,2018-04-02 17:00,1.33305,0.24848,0.00083,0.16293,0.92081,0.1988,0.19523,0.0,0.00357
2018-04-02 17:00:00,2018-04-02 18:00,1.39705,0.24535,0.00153,0.16431,0.98586,0.19954,0.19431,0.0,0.00523
2018-04-02 18:00:00,2018-04-02 19:00,1.50784,0.23889,0.0,0.17503,1.09391,0.19729,0.19098,0.0,0.00631
2018-04-02 19:00:00,2018-04-02 20:00,1.60641,0.23925,0.00159,0.14563,1.21994,0.2046,0.19921,0.0,0.00539
2018-04-02 20:00:00,2018-04-02 21:00,1.61585,0.23761,0.00147,0.11743,1.25935,0.20462,0.20005,0.0,0.00457
2018-04-02 21:00:00,2018-04-02 22:00,1.53798,0.23628,0.00013,0.10724,1.19432,0.20783,0.20364,0.0,0.00418
2018-04-02 22:00:00,2018-04-02 23:00,1.13769,0.2403,0.0,0.09444,0.80295,0.21605,0.2141,0.0,0.00195
2018-04-02 23:00:00,2018-04-03 00:00,0.85903,0.24019,0.0,0.06155,0.55728,0.21467,0.21299,0.0,0.00168
2018-04-03 00:00:00,2018-04-03 01:00,0.78447,0.23681,0.00382,0.04868,0.49516,0.21035,0.20878,0.0,0.00157
2018-04-03 01:00:00,2018-04-03 02:00,0.76713,0.23952,0.00196,0.05315,0.47249,0.20941,0.20919,0.0,0.00022
2018-04-03 02:00:00,2018-04-03 03:00,0.75768,0.24186,0.0,0.04592,0.4699,0.22334,0.22319,0.0,0.00015
2018-04-03 03:00:00,2018-04-03 04:00,0.75555,0.23953,0.00104,0.04917,0.46581,0.23357,0.23327,0.0,0.0003
2018-04-03 04:00:00,2018-04-03 05:00,0.78651,0.24437,0.0,0.05318,0.48896,0.245,0.24392,0.0,0.00108
2018-04-03 05:00:00,2018-04-03 06:00,0.89776,0.24691,0.0,0.11401,0.53684,0.25852,0.25557,0.0,0.00295
2018-04-03 06:00:00,2018-04-03 07:00,1.05785,0.24806,6e-05,0.20189,0.60783,0.27581,0.27199,0.0,0.00382
2018-04-03 07:00:00,2018-04-03 08:00,1.16585,0.24763,0.0,0.24375,0.67446,0.26948,0.26635,0.0,0.00313
2018-04-03 08:00:00,2018-04-03 09:00,1.19313,0.24752,0.0,0.1883,0.75731,0.27333,0.27052,0.0,0.00282
2018-04-03 09:00:00,2018-04-03 10:00,1.11317,0.24691,0.0,0.20739,0.65886,0.2695,0.26695,0.0,0.00255
2018-04-03 10:00:00,2018-04-03 11:00,1.05625,0.24775,0.0,0.16524,0.64326,0.2554,0.25222,0.0,0.00318
2018-04-03 11:00:00,2018-04-03 12:00,1.09832,0.24647,0.0,0.15186,0.7,0.23691,0.23266,0.0,0.00425
2018-04-03 12:00:00,2018-04-03 13:00,1.06702,0.24642,0.00174,0.11228,0.70658,0.23326,0.22942,0.0,0.00384
2018-04-03 13:00:00,2018-04-03 14:00,1.03721,0.24615,0.0,0.11239,0.67866,0.20614,0.20519,0.0,0.00095
2018-04-03 14:00:00,2018-04-03 15:00,1.08888,0.24692,0.0,0.13201,0.70995,0.19557,0.19367,0.0,0.0019
2018-04-03 15:00:00,2018-04-03 16:00,1.08943,0.24718,0.0,0.14522,0.69704,0.19129,0.18752,0.0,0.00377
2018-04-03 16:00:00,2018-04-03 17:00,1.24379,0.24707,0.00086,0.14132,0.85454,0.19297,0.18653,0.0,0.00644
2018-04-03 17:00:00,2018-04-03 18:00,1.3086,0.24346,0.00214,0.11923,0.94377,0.19686,0.19083,0.0,0.00603
2018-04-03 18:00:00,2018-04-03 19:00,1.42125,0.23938,3e-05,0.13458,1.04726,0.20884,0.20404,0.0,0.0048
2018-04-03 19:00:00,2018-04-03 20:00,1.54442,0.24008,0.00172,0.12788,1.17475,0.22999,0.2261,0.0,0.00389
2018-04-03 20:00:00,2018-04-03 21:00,1.6564,0.23919,0.0017,0.12778,1.28773,0.23991,0.23781,0.0,0.0021
2018-04-03 21:00:00,2018-04-03 22:00,1.56562,0.23645,4e-05,0.11454,1.21458,0.25017,0.24808,0.0,0.00209
2018-04-03 22:00:00,2018-04-03 23:00,1.17635,0.2437,0.0,0.09985,0.8328,0.273,0.26974,0.0,0.00325
2018-04-03 23:00:00,2018-04-04 00:00,0.88433,0.24218,0.0,0.05701,0.58513,0.28229,0.27937,0.0,0.00292
2018-04-04 00:00:00,2018-04-04 01:00,0.78986,0.23976,0.00352,0.04345,0.50314,0.28232,0.2817,0.0,0.00063
2018-04-04 01:00:00,2018-04-04 02:00,0.79181,0.24332,0.00193,0.04709,0.49946,0.29062,0.29043,0.0,0.00019
2018-04-04 02:00:00,2018-04-04 03:00,0.74603,0.24463,0.0,0.03609,0.46531,0.31304,0.31289,0.0,0.00015
2018-04-04 03:00:00,2018-04-04 04:00,0.73006,0.24325,0.00118,0.02525,0.46038,0.33473,0.3345,0.0,0.00024
2018-04-04 04:00:00,2018-04-04 05:00,0.77464,0.2478,0.0,0.06049,0.46636,0.3617,0.36113,0.0,0.00058
2018-04-04 05:00:00,2018-04-04 06:00,0.87831,0.24814,0.0,0.12451,0.50565,0.38592,0.38465,0.0,0.00127
2018-04-04 06:00:00,2018-04-04 07:00,1.02397,0.24865,0.0,0.18266,0.59266,0.4088,0.40677,0.0,0.00203
2018-04-04 07:00:00,2018-04-04 08:00,1.15899,0.2481,0.0,0.21013,0.70076,0.40642,0.40181,0.0,0.00461
2018-04-04 08:00:00,2018-04-04 09:00,1.16868,0.24832,0.0,0.19467,0.7257,0.39615,0.39024,0.0,0.00591
2018-04-04 09:00:00,2018-04-04 10:00,1.08583,0.24782,0.0,0.14764,0.69037,0.36617,0.36097,0.0,0.0052
2018-04-04 10:00:00,2018-04-04 11:00,1.0662,0.24834,0.0,0.1314,0.68646,0.32319,0.31844,0.0,0.00475
2018-04-04 11:00:00,2018-04-04 12:00,1.06715,0.24663,0.0,0.15493,0.66559,0.27496,0.27191,0.0,0.00305
2018-04-04 12:00:00,2018-04-04 13:00,1.08783,0.24672,0.00182,0.16237,0.67692,0.25773,0.2528,0.0,0.00492
2018-04-04 13:00:00,2018-04-04 14:00,1.06692,0.24624,0.0,0.13982,0.68086,0.22278,0.21829,0.0,0.00449
2018-04-04 14:00:00,2018-04-04 15:00,1.09272,0.24728,0.0,0.13497,0.71047,0.20335,0.199,0.0,0.00435
2018-04-04 15:00:00,2018-04-04 16:00,1.16365,0.24733,0.0,0.15023,0.76609,0.19634,0.18809,0.0,0.00824
2018-04-04 16:00:00,2018-04-04 17:00,1.3169,0.24693,0.00085,0.15677,0.91234,0.18548,0.17985,0.0,0.00563
2018-04-04 17:00:00,2018-04-04 18:00,1.37497,0.24378,0.00161,0.14605,0.98353,0.17536,0.17131,0.0,0.00405
2018-04-04 18:00:00,2018-04-04 19:00,1.41233,0.2367,0.00019,0.14085,1.03459,0.17799,0.17287,0.0,0.00512
2018-04-04 19:00:00,2018-04-04 20:00,1.57212,0.23643,0.00174,0.15259,1.18135,0.19581,0.19123,0.0,0.00458
2018-04-04 20:00:00,2018-04-04 21:00,1.66974,0.23713,0.00151,0.12676,1.30434,0.20912,0.20155,0.0,0.00757
2018-04-04 21:00:00,2018-04-04 22:00,1.59951,0.23446,0.00012,0.10086,1.26408,0.21815,0.21138,0.0,0.00676
2018-04-04 22:00:00,2018-04-04 23:00,1.22765,0.24058,0.0,0.09043,0.89664,0.23551,0.23413,0.0,0.00139
2018-04-04 23:00:00,2018-04-05 00:00,0.93977,0.24054,0.0,0.07329,0.62594,0.25252,0.252,0.0,0.00052
2018-04-05 00:00:00,2018-04-05 01:00,0.78488,0.23905,0.00393,0.05524,0.48666,0.26486,0.26453,0.0,0.00032
2018-04-05 01:00:00,2018-04-05 02:00,0.76666,0.24314,0.00189,0.04586,0.47576,0.28554,0.28518,0.0,0.00037
2018-04-05 02:00:00,2018-04-05 03:00,0.75616,0.24453,0.0,0.04794,0.4637,0.3135,0.31316,0.0,0.00034
2018-04-05 03:00:00,2018-04-05 04:00,0.76626,0.24306,0.00123,0.04348,0.47849,0.33142,0.33018,0.0,0.00124
2018-04-05 04:00:00,2018-04-05 05:00,0.78606,0.24757,0.0,0.06007,0.47842,0.3499,0.34914,0.0,0.00076
2018-04-05 05:00:00,2018-04-05 06:00,0.8574,0.24802,0.0,0.0962,0.51318,0.37354,0.37153,0.0,0.002
2018-04-05 06:00:00,2018-04-05 07:00,1.01505,0.24865,0.0,0.1606,0.6058,0.39401,0.39113,0.0,0.00287
2018-04-05 07:00:00,2018-04-05 08:00,1.12746,0.2481,0.0,0.23241,0.64695,0.38091,0.37735,0.0,0.00356
2018-04-05 08:00:00,2018-04-05 09:00,1.13693,0.24815,0.0,0.19058,0.6982,0.35528,0.34994,0.0,0.00535
2018-04-05 09:00:00,2018-04-05 10:00,1.16377,0.24785,0.0,0.17163,0.74429,0.31156,0.30717,0.0,0.00439
2018-04-05 10:00:00,2018-04-05 11:00,1.14086,0.24821,0.0,0.14399,0.74866,0.26119,0.25715,0.0,0.00404
2018-04-05 11:00:00,2018-04-05 12:00,1.01982,0.24626,0.0,0.12581,0.64776,0.21219,0.20944,0.0,0.00275
2018-04-05 12:00:00,2018-04-05 13:00,1.13679,0.31701,0.00169,0.13944,0.67865,0.1816,0.17878,0.0,0.00282
2018-04-05 13:00:00,2018-04-05 14:00,1.52965,0.63285,0.0,0.13083,0.76597,0.10757,0.10539,0.0,0.00217
2018-04-05 14:00:00,2018-04-05 15:00,2.10283,1.24611,0.0,0.12741,0.72931,0.00143,0.0,0.0,0.00143
2018-04-05 15:00:00,2018-04-05 16:00,1.89617,1.04347,0.00018,0.14109,0.71142,0.00163,0.0,0.0,0.00163
2018-04-05 16:00:00,2018-04-05 17:00,1.88757,0.94667,0.00228,0.14865,0.78996,0.00482,0.0,0.0,0.00482
2018-04-05 17:00:00,2018-04-05 18:00,2.07985,0.94148,0.00522,0.1622,0.97095,0.00732,0.0,0.0,0.00732
2018-04-05 18:00:00,2018-04-05 19:00,2.37503,1.10609,0.00067,0.13608,1.13219,0.00443,0.0,0.0,0.00443
2018-04-05 19:00:00,2018-04-05 20:00,1.99032,0.63666,0.00271,0.13665,1.2143,0.08929,0.08465,0.0,0.00464
2018-04-05 20:00:00,2018-04-05 21:00,1.64079,0.27141,0.00206,0.12605,1.24126,0.14455,0.14154,0.0,0.00301
2018-04-05 21:00:00,2018-04-05 22:00,1.48924,0.22928,0.00036,0.10011,1.15949,0.16277,0.15934,0.0,0.00343
2018-04-05 22:00:00,2018-04-05 23:00,1.15944,0.23409,0.00015,0.083,0.8422,0.18273,0.18045,0.0,0.00229
2018-04-05 23:00:00,2018-04-06 00:00,0.84668,0.23452,0.0,0.05364,0.55852,0.1961,0.19487,0.0,0.00123
2018-04-06 00:00:00,2018-04-06 01:00,0.83542,0.23503,0.0037,0.0523,0.54438,0.21422,0.2139,0.0,0.00032
2018-04-06 01:00:00,2018-04-06 02:00,0.77504,0.23975,0.00175,0.04969,0.48385,0.23,0.22981,0.0,0.00019
2018-04-06 02:00:00,2018-04-06 03:00,0.75079,0.24193,0.0,0.04518,0.46368,0.2512,0.25096,0.0,0.00024
2018-04-06 03:00:00,2018-04-06 04:00,0.75737,0.2417,0.00109,0.04978,0.4648,0.27092,0.27055,0.0,0.00037
2018-04-06 04:00:00,2018-04-06 05:00,0.77186,0.24642,0.0,0.05546,0.46998,0.29879,0.29842,0.0,0.00037
2018-04-06 05:00:00,2018-04-06 06:00,0.82886,0.24791,0.0,0.09598,0.48497,0.33674,0.33568,0.0,0.00106
2018-04-06 06:00:00,2018-04-06 07:00,0.97212,0.24853,0.0,0.14959,0.574,0.37799,0.37325,0.0,0.00473
2018-04-06 07:00:00,2018-04-06 08:00,1.16761,0.2481,0.0,0.21746,0.70205,0.39839,0.39124,0.0,0.00714
2018-04-06 08:00:00,2018-04-06 09:00,1.19082,0.24815,0.0,0.21428,0.72839,0.40733,0.40446,0.0,0.00288
2018-04-06 09:00:00,2018-04-06 10:00,1.17122,0.24797,0.0,0.18986,0.73339,0.40183,0.39723,0.0,0.00459
2018-04-06 10:00:00,2018-04-06 11:00,1.06685,0.24834,0.0,0.14869,0.66982,0.37503,0.37088,0.0,0.00414
2018-04-06 11:00:00,2018-04-06 12:00,1.04632,0.24672,0.0,0.13528,0.66431,0.34918,0.34531,0.0,0.00387
2018-04-06 12:00:00,2018-04-06 13:00,1.07787,0.24703,0.00182,0.14158,0.68744,0.34063,0.33629,0.0,0.00434
2018-04-06 13:00:00,2018-04-06 14:00,1.03022,0.24777,0.0,0.12856,0.65388,0.31148,0.30793,0.0,0.00354
2018-04-06 14:00:00,2018-04-06 15:00,1.06776,0.24865,0.0,0.1588,0.66031,0.29919,0.29509,0.0,0.0041
2018-04-06 15:00:00,2018-04-06 16:00,1.15021,0.24865,0.0,0.16536,0.7362,0.28414,0.28092,0.0,0.00323
2018-04-06 16:00:00,2018-04-06 17:00,1.21713,0.24848,0.00088,0.15685,0.81092,0.27851,0.27355,0.0,0.00496
2018-04-06 17:00:00,2018-04-06 18:00,1.40891,0.24602,0.00121,0.17427,0.98742,0.26855,0.26323,0.0,0.00532
2018-04-06 18:00:00,2018-04-06 19:00,1.54223,0.24159,0.0,0.20143,1.09922,0.26793,0.2635,0.0,0.00444
2018-04-06 19:00:00,2018-04-06 20:00,1.59084,0.24183,0.00128,0.14265,1.20508,0.28711,0.28205,0.0,0.00506
2018-04-06 20:00:00,2018-04-06 21:00,1.62258,0.24181,0.00121,0.11466,1.2649,0.29588,0.29247,0.0,0.00341
2018-04-06 21:00:00,2018-04-06 22:00,1.50939,0.24127,0.0,0.1142,1.15392,0.30453,0.30053,0.0,0.00401
2018-04-06 22:00:00,2018-04-06 23:00,1.15549,0.24474,0.0,0.0981,0.81264,0.31698,0.31634,0.0,0.00064
2018-04-06 23:00:00,2018-04-07 00:00,0.90116,0.24361,0.0,0.07697,0.58058,0.32139,0.32058,0.0,0.00081
2018-04-07 00:00:00,2018-04-07 01:00,0.79676,0.24065,0.00363,0.05413,0.49835,0.32275,0.32234,0.0,0.00041
2018-04-07 01:00:00,2018-04-07 02:00,0.76824,0.24397,0.00195,0.04388,0.47844,0.33139,0.3312,0.0,0.00019
2018-04-07 02:00:00,2018-04-07 03:00,0.75066,0.24519,0.0,0.03657,0.46889,0.34831,0.34815,0.0,0.00015
2018-04-07 03:00:00,2018-04-07 04:00,0.74677,0.24325,0.00121,0.03339,0.46893,0.35723,0.3571,0.0,0.00013
2018-04-07 04:00:00,2018-04-07 05:00,0.75874,0.24793,0.0,0.04178,0.46902,0.37302,0.37285,0.0,0.00017
2018-04-07 05:00:00,2018-04-07 06:00,0.7921,0.24853,0.0,0.04716,0.49641,0.38458,0.38398,0.0,0.0006
2018-04-07 06:00:00,2018-04-07 07:00,0.86742,0.24853,0.0001,0.08895,0.52985,0.39992,0.39803,0.0,0.00188
2018-04-07 07:00:00,2018-04-07 08:00,1.00385,0.24865,0.0,0.14053,0.61467,0.38693,0.38383,0.0,0.0031
2018-04-07 08:00:00,2018-04-07 09:00,1.19833,0.24865,0.0,0.2065,0.74319,0.36744,0.36422,0.0,0.00322
2018-04-07 09:00:00,2018-04-07 10:00,1.3237,0.24865,0.0,0.205,0.87005,0.34687,0.34008,0.0,0.00678
2018-04-07 10:00:00,2018-04-07 11:00,1.32836,0.24865,0.0,0.20102,0.87869,0.30746,0.30464,0.0,0.00283
2018-04-07 11:00:00,2018-04-07 12:00,1.30477,0.24865,0.0,0.17259,0.88353,0.28706,0.27805,0.0,0.00901
2018-04-07 12:00:00,2018-04-07 13:00,1.21196,0.24846,0.0,0.175,0.7885,0.26447,0.25927,0.0,0.00519
2018-04-07 13:00:00,2018-04-07 14:00,1.28239,0.24865,0.0,0.20642,0.82732,0.23272,0.22891,0.0,0.00381
2018-04-07 14:00:00,2018-04-07 15:00,1.26968,0.24827,0.0,0.19585,0.82556,0.20842,0.20652,0.0,0.00191
2018-04-07 15:00:00,2018-04-07 16:00,1.29765,0.24733,0.0,0.18311,0.8672,0.1906,0.18818,0.0,0.00241
2018-04-07 16:00:00,2018-04-07 17:00,1.37917,0.24675,0.0004,0.17659,0.95543,0.17997,0.17557,0.0,0.00441
2018-04-07 17:00:00,2018-04-07 18:00,1.4798,0.24289,0.00193,0.19539,1.03958,0.16843,0.16242,0.0,0.006
2018-04-07 18:00:00,2018-04-07 19:00,1.5115,0.23629,0.0,0.14439,1.13082,0.16739,0.16028,0.0,0.00712
2018-04-07 19:00:00,2018-04-07 20:00,1.64712,0.23528,0.00194,0.1373,1.2726,0.17743,0.17103,0.0,0.0064
2018-04-07 20:00:00,2018-04-07 21:00,1.70148,0.23494,0.00161,0.15468,1.31026,0.18635,0.18154,0.0,0.00481
2018-04-07 21:00:00,2018-04-07 22:00,1.60277,0.23241,0.00019,0.12687,1.2433,0.19285,0.18824,0.0,0.00461
2018-04-07 22:00:00,2018-04-07 23:00,1.21215,0.23802,9e-05,0.08031,0.89373,0.21496,0.21053,0.0,0.00443
2018-04-07 23:00:00,2018-04-08 00:00,0.90721,0.23836,0.0,0.06539,0.60346,0.2272,0.22442,0.0,0.00278
2018-04-08 00:00:00,2018-04-08 01:00,0.83514,0.23734,0.0038,0.08522,0.50878,0.23618,0.23554,0.0,0.00064
2018-04-08 01:00:00,2018-04-08 02:00,0.78332,0.24062,0.00181,0.05098,0.48992,0.25376,0.25358,0.0,0.00019
2018-04-08 02:00:00,2018-04-08 03:00,0.75844,0.24368,0.0,0.03634,0.47843,0.28342,0.28327,0.0,0.00015
2018-04-08 03:00:00,2018-04-08 04:00,0.76097,0.24241,0.00117,0.04028,0.47711,0.30167,0.30153,0.0,0.00015
2018-04-08 04:00:00,2018-04-08 05:00,0.76334,0.24706,0.0,0.04051,0.47577,0.32345,0.32301,0.0,0.00044
2018-04-08 05:00:00,2018-04-08 06:00,0.78477,0.24818,0.0,0.05026,0.48632,0.34456,0.34425,0.0,0.00031
2018-04-08 06:00:00,2018-04-08 07:00,0.87969,0.24842,0.0,0.09129,0.53999,0.36959,0.36664,0.0,0.00295
2018-04-08 07:00:00,2018-04-08 08:00,1.06798,0.24865,0.0,0.15776,0.66157,0.35971,0.35543,0.0,0.00428
2018-04-08 08:00:00,2018-04-08 09:00,1.1616,0.24865,0.0,0.16752,0.74543,0.33094,0.32698,0.0,0.00396
2018-04-08 09:00:00,2018-04-08 10:00,1.30123,0.24865,0.0,0.20723,0.84535,0.3044,0.2993,0.0,0.00509
2018-04-08 10:00:00,2018-04-08 11:00,1.30062,0.24865,0.0,0.18829,0.86368,0.27572,0.26756,0.0,0.00816
2018-04-08 11:00:00,2018-04-08 12:00,1.16055,0.24865,0.0,0.15781,0.75409,0.24433,0.24026,0.0,0.00406
2018-04-08 12:00:00,2018-04-08 13:00,1.23918,0.24846,0.0,0.18057,0.81015,0.24051,0.2351,0.0,0.00542
2018-04-08 13:00:00,2018-04-08 14:00,1.26866,0.24865,0.0,0.17504,0.84498,0.21906,0.21329,0.0,0.00577
2018-04-08 14:00:00,2018-04-08 15:00,1.30346,0.24865,0.0,0.1939,0.86091,0.20177,0.198,0.0,0.00377
2018-04-08 15:00:00,2018-04-08 16:00,1.34753,0.24865,0.0,0.18348,0.91541,0.20029,0.19688,0.0,0.00341
2018-04-08 16:00:00,2018-04-08 17:00,1.39031,0.24865,0.0,0.1917,0.94997,0.20432,0.19923,0.0,0.0051
2018-04-08 17:00:00,2018-04-08 18:00,1.49457,0.2455,0.00156,0.18569,1.06182,0.20044,0.19372,0.0,0.00672
2018-04-08 18:00:00,2018-04-08 19:00,1.53351,0.2391,0.0,0.15572,1.13869,0.19287,0.18743,0.0,0.00544
2018-04-08 19:00:00,2018-04-08 20:00,1.65114,0.23942,0.00176,0.15881,1.25115,0.19233,0.18844,0.0,0.00389
2018-04-08 20:00:00,2018-04-08 21:00,1.76333,0.23782,0.00161,0.15559,1.36831,0.19702,0.19305,0.0,0.00397
2018-04-08 21:00:00,2018-04-08 22:00,1.58646,0.23441,0.00023,0.09544,1.25638,0.19971,0.19554,0.0,0.00417
2018-04-08 22:00:00,2018-04-08 23:00,1.26764,0.23822,0.00015,0.09235,0.93692,0.21141,0.20963,0.0,0.00178
2018-04-08 23:00:00,2018-04-09 00:00,0.96563,0.23861,0.0,0.07828,0.64874,0.21527,0.21402,0.0,0.00126
2018-04-09 00:00:00,2018-04-09 01:00,0.80009,0.23717,0.0036,0.05477,0.50454,0.21605,0.21542,0.0,0.00064
2018-04-09 01:00:00,2018-04-09 02:00,0.75699,0.23937,0.00183,0.03019,0.4856,0.222,0.22168,0.0,0.00032
2018-04-09 02:00:00,2018-04-09 03:00,0.76696,0.24303,0.0,0.04879,0.47514,0.23937,0.23921,0.0,0.00015
2018-04-09 03:00:00,2018-04-09 04:00,0.77084,0.24047,0.00105,0.04516,0.48417,0.2517,0.25124,0.0,0.00046
2018-04-09 04:00:00,2018-04-09 05:00,0.8085,0.24496,0.0,0.06811,0.49542,0.27023,0.2691,0.0,0.00113
2018-04-09 05:00:00,2018-04-09 06:00,0.89657,0.24781,0.0,0.13221,0.51655,0.2888,0.2845,0.0,0.0043
2018-04-09 06:00:00,2018-04-09 07:00,1.06808,0.24807,1e-05,0.19283,0.62718,0.30315,0.30002,0.0,0.00313
2018-04-09 07:00:00,2018-04-09 08:00,1.16787,0.24763,0.0,0.24527,0.67497,0.29521,0.29029,0.0,0.00492
2018-04-09 08:00:00,2018-04-09 09:00,1.21515,0.24752,0.0,0.21872,0.7489,0.28711,0.28124,0.0,0.00587
2018-04-09 09:00:00,2018-04-09 10:00,1.13597,0.2472,0.0,0.14465,0.74411,0.26126,0.25691,0.0,0.00435
2018-04-09 10:00:00,2018-04-09 11:00,1.15476,0.24724,0.0,0.13771,0.76981,0.22484,0.22086,0.0,0.00398
2018-04-09 11:00:00,2018-04-09 12:00,1.13304,0.29034,0.0,0.13535,0.70736,0.18397,0.18005,0.0,0.00392
2018-04-09 12:00:00,2018-04-09 13:00,1.46196,0.63969,0.00168,0.13306,0.68753,0.13029,0.12467,0.0,0.00563
2018-04-09 13:00:00,2018-04-09 14:00,1.83884,1.01929,0.0,0.11577,0.70378,0.05234,0.04941,0.0,0.00293
2018-04-09 14:00:00,2018-04-09 15:00,2.22912,1.32879,0.0,0.15079,0.74953,0.00219,0.0,0.0,0.00219
2018-04-09 15:00:00,2018-04-09 16:00,2.30674,1.30078,0.0,0.15721,0.84875,0.00403,0.0,0.0,0.00403
2018-04-09 16:00:00,2018-04-09 17:00,2.32271,1.29913,0.00089,0.14723,0.87545,0.00545,0.0,0.0,0.00545
2018-04-09 17:00:00,2018-04-09 18:00,2.40073,1.27337,0.00243,0.14174,0.98319,0.00726,0.0,0.0,0.00726
2018-04-09 18:00:00,2018-04-09 19:00,2.55086,1.33215,0.00027,0.1542,1.06424,0.0081,0.0,0.0,0.0081
2018-04-09 19:00:00,2018-04-09 20:00,2.23304,0.93131,0.00217,0.13604,1.16352,0.0738,0.06786,0.0,0.00594
2018-04-09 20:00:00,2018-04-09 21:00,1.72991,0.38153,0.00184,0.11289,1.23366,0.14776,0.14169,0.0,0.00607
2018-04-09 21:00:00,2018-04-09 22:00,1.52502,0.23012,0.0003,0.12132,1.17328,0.16448,0.16243,0.0,0.00204
2018-04-09 22:00:00,2018-04-09 23:00,1.18578,0.23627,4e-05,0.10248,0.84699,0.1719,0.17039,0.0,0.00151
2018-04-09 23:00:00,2018-04-10 00:00,0.9366,0.23365,0.0,0.07433,0.62862,0.17526,0.17384,0.0,0.00142
2018-04-10 00:00:00,2018-04-10 01:00,0.80332,0.23192,0.00437,0.05554,0.51149,0.17785,0.17621,0.0,0.00164
2018-04-10 01:00:00,2018-04-10 02:00,0.74479,0.23837,0.0023,0.03183,0.47229,0.18163,0.18144,0.0,0.00019
2018-04-10 02:00:00,2018-04-10 03:00,0.74262,0.23916,0.0,0.04092,0.46255,0.19695,0.1968,0.0,0.00015
2018-04-10 03:00:00,2018-04-10 04:00,0.74763,0.23668,0.0011,0.04736,0.46248,0.20844,0.2083,0.0,0.00013
2018-04-10 04:00:00,2018-04-10 05:00,0.78608,0.24253,0.0,0.06275,0.4808,0.21874,0.21834,0.0,0.00039
2018-04-10 05:00:00,2018-04-10 06:00,0.89191,0.24525,0.00015,0.10542,0.5411,0.23016,0.22852,0.0,0.00164
2018-04-10 06:00:00,2018-04-10 07:00,1.01278,0.24748,0.00016,0.16314,0.602,0.24664,0.24325,0.0,0.00338
2018-04-10 07:00:00,2018-04-10 08:00,1.22777,0.24709,0.0,0.2463,0.73438,0.24525,0.23875,0.0,0.0065
2018-04-10 08:00:00,2018-04-10 09:00,1.24701,0.24752,0.0,0.23337,0.76611,0.25479,0.24613,0.0,0.00866
2018-04-10 09:00:00,2018-04-10 10:00,1.12528,0.24691,0.0,0.18575,0.69261,0.25667,0.25316,0.0,0.00351
2018-04-10 10:00:00,2018-04-10 11:00,1.26551,0.36058,0.0,0.15396,0.75097,0.23438,0.23106,0.0,0.00333
2018-04-10 11:00:00,2018-04-10 12:00,1.28438,0.45538,0.0,0.12936,0.69963,0.19971,0.19615,0.0,0.00356
2018-04-10 12:00:00,2018-04-10 13:00,1.48421,0.66738,0.0017,0.1438,0.67133,0.17085,0.16513,0.0,0.00572
2018-04-10 13:00:00,2018-04-10 14:00,1.90238,1.05301,0.0,0.1528,0.69658,0.1021,0.09844,0.0,0.00366
2018-04-10 14:00:00,2018-04-10 15:00,2.40766,1.60487,0.0,0.13833,0.66446,0.02257,0.02016,0.0,0.00241
2018-04-10 15:00:00,2018-04-10 16:00,2.45833,1.58435,0.0,0.15162,0.72236,0.00257,0.0,0.0,0.00257
2018-04-10 16:00:00,2018-04-10 17:00,2.36807,1.39163,0.00089,0.13086,0.84468,0.00272,0.0,0.0,0.00272
2018-04-10 17:00:00,2018-04-10 18:00,2.38386,1.23156,0.00322,0.14868,1.0004,0.00452,0.0,0.0,0.00452
2018-04-10 18:00:00,2018-04-10 19:00,2.42615,1.18634,0.00045,0.16328,1.07609,0.00582,0.0,0.0,0.00582
2018-04-10 19:00:00,2018-04-10 20:00,2.58851,1.26197,0.00252,0.14342,1.1806,0.00453,0.0,0.0,0.00453
2018-04-10 20:00:00,2018-04-10 21:00,2.76246,1.35009,0.00215,0.11167,1.29855,0.00326,0.0,0.0,0.00326
2018-04-10 21:00:00,2018-04-10 22:00,2.41909,1.1978,0.0003,0.08314,1.13785,0.02787,0.02539,0.0,0.00248
2018-04-10 22:00:00,2018-04-10 23:00,1.8512,0.9163,0.00039,0.08458,0.84993,0.07832,0.07651,0.0,0.00181
2018-04-10 23:00:00,2018-04-11 00:00,1.57599,0.94597,0.0,0.06937,0.56065,0.08134,0.07919,0.0,0.00215
2018-04-11 00:00:00,2018-04-11 01:00,1.04653,0.48952,0.00328,0.05042,0.5033,0.1451,0.14373,0.0,0.00137
2018-04-11 01:00:00,2018-04-11 02:00,0.9182,0.39356,0.00238,0.04135,0.48091,0.16183,0.16115,0.0,0.00068
2018-04-11 02:00:00,2018-04-11 03:00,0.78659,0.27974,0.0,0.04225,0.4646,0.19121,0.19053,0.0,0.00068
2018-04-11 03:00:00,2018-04-11 04:00,0.7615,0.23647,0.00109,0.0488,0.47514,0.20888,0.20842,0.0,0.00046
2018-04-11 04:00:00,2018-04-11 05:00,0.77742,0.24306,0.0,0.0467,0.48766,0.22169,0.22126,0.0,0.00043
2018-04-11 05:00:00,2018-04-11 06:00,0.88239,0.24557,0.00015,0.11389,0.52278,0.23625,0.23445,0.0,0.0018
2018-04-11 06:00:00,2018-04-11 07:00,1.05745,0.2476,0.00019,0.17141,0.63825,0.25613,0.25128,0.0,0.00485
2018-04-11 07:00:00,2018-04-11 08:00,1.18282,0.24763,0.0,0.23586,0.69932,0.24601,0.23983,0.0,0.00618
2018-04-11 08:00:00,2018-04-11 09:00,1.3088,0.36149,0.0,0.20458,0.74273,0.21377,0.20526,0.0,0.00851
2018-04-11 09:00:00,2018-04-11 10:00,2.34684,1.41539,0.0,0.1807,0.75075,0.04897,0.04311,0.0,0.00586
2018-04-11 10:00:00,2018-04-11 11:00,2.3774,1.4455,0.0,0.15169,0.78021,0.00343,0.0,0.0,0.00343
2018-04-11 11:00:00,2018-04-11 12:00,1.98862,1.14693,0.0,0.12651,0.71517,0.00513,0.0,0.0,0.00513
2018-04-11 12:00:00,2018-04-11 13:00,1.86407,1.00273,0.00167,0.12545,0.73421,0.00366,0.0,0.0,0.00366
2018-04-11 13:00:00,2018-04-11 14:00,1.64693,0.82818,0.0,0.12729,0.69146,0.00252,0.0,0.0,0.00252
2018-04-11 14:00:00,2018-04-11 15:00,1.52918,0.70928,0.00049,0.11754,0.70188,0.00235,0.0,0.0,0.00235
2018-04-11 15:00:00,2018-04-11 16:00,1.41015,0.60884,0.00126,0.10114,0.6989,0.00291,0.0,0.0,0.00291
2018-04-11 16:00:00,2018-04-11 17:00,1.50345,0.57086,0.00308,0.1454,0.78411,0.00499,0.0,0.0,0.00499
2018-04-11 17:00:00,2018-04-11 18:00,1.65781,0.55592,0.0073,0.15113,0.94346,0.00557,0.0,0.0,0.00557
2018-04-11 18:00:00,2018-04-11 19:00,1.83222,0.58502,0.00094,0.13433,1.11193,0.00475,0.0,0.0,0.00475
2018-04-11 19:00:00,2018-04-11 20:00,1.94944,0.63226,0.00363,0.12316,1.19039,0.00413,0.0,0.0,0.00413
2018-04-11 20:00:00,2018-04-11 21:00,2.02995,0.64814,0.00357,0.12082,1.25742,0.00454,0.0,0.0,0.00454
2018-04-11 21:00:00,2018-04-11 22:00,1.94331,0.67773,0.00147,0.09018,1.17393,0.00362,0.0,0.0,0.00362
2018-04-11 22:00:00,2018-04-11 23:00,1.6523,0.78656,0.00063,0.0812,0.78393,0.002,0.0,0.0,0.002
2018-04-11 23:00:00,2018-04-12 00:00,1.56928,0.92378,0.0,0.06869,0.57681,0.00184,0.0,0.0,0.00184
2018-04-12 00:00:00,2018-04-12 01:00,1.59759,1.04976,0.00564,0.0472,0.49499,0.00058,0.0,0.0,0.00058
2018-04-12 01:00:00,2018-04-12 02:00,1.67535,1.15981,0.00303,0.03245,0.48005,0.00019,0.0,0.0,0.00019
2018-04-12 02:00:00,2018-04-12 03:00,1.84132,1.35213,0.0,0.02337,0.46581,0.00015,0.0,0.0,0.00015
2018-04-12 03:00:00,2018-04-12 04:00,1.96278,1.46389,0.00141,0.03194,0.46553,0.00026,0.0,0.0,0.00026
2018-04-12 04:00:00,2018-04-12 05:00,1.52927,0.99481,0.0,0.04455,0.4899,0.08146,0.08057,0.0,0.00089
2018-04-12 05:00:00,2018-04-12 06:00,1.09159,0.46559,0.00042,0.09191,0.53367,0.16514,0.16331,0.0,0.00183
2018-04-12 06:00:00,2018-04-12 07:00,1.02501,0.24322,0.00031,0.17326,0.60821,0.20673,0.20471,0.0,0.00202
2018-04-12 07:00:00,2018-04-12 08:00,1.33478,0.42665,0.0,0.24577,0.66236,0.17371,0.17132,0.0,0.00239
2018-04-12 08:00:00,2018-04-12 09:00,2.3998,1.51161,0.0,0.17488,0.7133,0.03598,0.03319,0.0,0.00279
2018-04-12 09:00:00,2018-04-12 10:00,2.42213,1.57581,0.0,0.12235,0.72397,0.00314,0.0,0.0,0.00314
2018-04-12 10:00:00,2018-04-12 11:00,2.06984,1.24244,0.0,0.12948,0.69792,0.00131,0.0,0.0,0.00131
2018-04-12 11:00:00,2018-04-12 12:00,1.85792,0.9919,0.0,0.11512,0.7509,0.00247,0.0,0.0,0.00247
2018-04-12 12:00:00,2018-04-12 13:00,1.76622,0.86332,0.0017,0.13312,0.76808,0.00343,0.0,0.0,0.00343
2018-04-12 13:00:00,2018-04-12 14:00,1.50669,0.69304,0.0,0.12923,0.68443,0.00491,0.0,0.0,0.00491
2018-04-12 14:00:00,2018-04-12 15:00,1.40447,0.56827,0.00151,0.11637,0.71832,0.0047,0.0,0.0,0.0047
2018-04-12 15:00:00,2018-04-12 16:00,1.3557,0.4646,0.00352,0.12879,0.75879,0.0028,0.0,0.0,0.0028
2018-04-12 16:00:00,2018-04-12 17:00,1.40134,0.41684,0.00757,0.13421,0.84273,0.00255,0.0,0.0,0.00255
2018-04-12 17:00:00,2018-04-12 18:00,1.49822,0.42516,0.01252,0.13477,0.92577,0.00405,0.0,0.0,0.00405
2018-04-12 18:00:00,2018-04-12 19:00,1.68037,0.47556,0.00358,0.1442,1.05703,0.0044,0.0,0.0,0.0044
2018-04-12 19:00:00,2018-04-12 20:00,1.90196,0.54616,0.00562,0.12156,1.22863,0.00559,0.0,0.0,0.00559
2018-04-12 20:00:00,2018-04-12 21:00,2.02921,0.5916,0.00479,0.10245,1.33038,0.00379,0.0,0.0,0.00379
2018-04-12 21:00:00,2018-04-12 22:00,1.9658,0.65705,0.00198,0.08953,1.21723,0.00272,0.0,0.0,0.00272
2018-04-12 22:00:00,2018-04-12 23:00,1.73528,0.79772,0.00074,0.09209,0.84473,0.00081,0.0,0.0,0.00081
2018-04-12 23:00:00,2018-04-13 00:00,1.62613,0.94016,0.0,0.06603,0.61994,0.00081,0.0,0.0,0.00081
2018-04-13 00:00:00,2018-04-13 01:00,1.62607,1.07203,0.00551,0.04438,0.50414,0.00116,0.0,0.0,0.00116
2018-04-13 01:00:00,2018-04-13 02:00,1.74075,1.21938,0.00283,0.04177,0.47676,0.00031,0.0,0.0,0.00031
2018-04-13 02:00:00,2018-04-13 03:00,1.87879,1.37892,0.0,0.03449,0.46538,0.00015,0.0,0.0,0.00015
2018-04-13 03:00:00,2018-04-13 04:00,1.9299,1.43636,0.00131,0.02719,0.46504,0.00032,0.0,0.0,0.00032
2018-04-13 04:00:00,2018-04-13 05:00,2.05795,1.54195,0.0,0.05011,0.46589,0.00086,0.0,0.0,0.00086
2018-04-13 05:00:00,2018-04-13 06:00,2.24569,1.64413,0.0,0.09904,0.50252,0.0007,0.0,0.0,0.0007
2018-04-13 06:00:00,2018-04-13 07:00,2.49033,1.7321,0.00029,0.16118,0.59676,0.00361,0.0,0.0,0.00361
2018-04-13 07:00:00,2018-04-13 08:00,2.58311,1.72069,0.0,0.20429,0.65814,0.00536,0.0,0.0,0.00536
2018-04-13 08:00:00,2018-04-13 09:00,2.58609,1.74336,0.0,0.17853,0.6642,0.00301,0.0,0.0,0.00301
2018-04-13 09:00:00,2018-04-13 10:00,2.68733,1.78862,0.0,0.16481,0.7339,0.00295,0.0,0.0,0.00295
2018-04-13 10:00:00,2018-04-13 11:00,2.62581,1.73454,0.0,0.13482,0.75645,0.00575,0.0,0.0,0.00575
2018-04-13 11:00:00,2018-04-13 12:00,2.55612,1.67202,0.0,0.12928,0.75482,0.00547,0.0,0.0,0.00547
2018-04-13 12:00:00,2018-04-13 13:00,2.56086,1.6666,0.00025,0.11431,0.77971,0.00348,0.0,0.0,0.00348
2018-04-13 13:00:00,2018-04-13 14:00,2.53886,1.68382,0.0,0.12729,0.72775,0.00198,0.0,0.0,0.00198
2018-04-13 14:00:00,2018-04-13 15:00,2.49207,1.63545,0.0,0.13322,0.7234,0.00296,0.0,0.0,0.00296
2018-04-13 15:00:00,2018-04-13 16:00,2.34336,1.48934,0.0,0.12915,0.72486,0.00449,0.0,0.0,0.00449
2018-04-13 16:00:00,2018-04-13 17:00,2.59029,1.59156,0.00083,0.1603,0.8376,0.00695,0.0,0.0,0.00695
2018-04-13 17:00:00,2018-04-13 18:00,2.73495,1.65685,0.00206,0.14625,0.9298,0.00605,0.0,0.0,0.00605
2018-04-13 18:00:00,2018-04-13 19:00,2.79852,1.67688,0.0,0.14676,0.97488,0.00391,0.0,0.0,0.00391
2018-04-13 19:00:00,2018-04-13 20:00,2.47135,1.19396,0.00214,0.12441,1.15085,0.08799,0.08515,0.0,0.00284
2018-04-13 20:00:00,2018-04-13 21:00,1.62043,0.28024,0.00195,0.09818,1.24006,0.19843,0.19566,0.0,0.00277
2018-04-13 21:00:00,2018-04-13 22:00,1.49231,0.23452,5e-05,0.10791,1.14983,0.19993,0.19876,0.0,0.00117
2018-04-13 22:00:00,2018-04-13 23:00,1.1651,0.23918,0.0,0.08779,0.83813,0.21185,0.20988,0.0,0.00197
2018-04-13 23:00:00,2018-04-14 00:00,0.90449,0.2401,0.0,0.05488,0.60951,0.21976,0.21887,0.0,0.00089
2018-04-14 00:00:00,2018-04-14 01:00,0.78381,0.23712,0.00393,0.04433,0.49843,0.22169,0.2209,0.0,0.00079
2018-04-14 01:00:00,2018-04-14 02:00,0.739,0.24018,0.00182,0.02245,0.47456,0.22068,0.22018,0.0,0.0005
2018-04-14 02:00:00,2018-04-14 03:00,0.74689,0.24179,0.0,0.04079,0.46431,0.2411,0.24095,0.0,0.00015
2018-04-14 03:00:00,2018-04-14 04:00,0.74784,0.24051,0.00105,0.03834,0.46793,0.25122,0.25083,0.0,0.00039
2018-04-14 04:00:00,2018-04-14 05:00,0.76236,0.24608,0.0,0.05042,0.46586,0.26016,0.25965,0.0,0.0005
2018-04-14 05:00:00,2018-04-14 06:00,0.79027,0.24741,0.0,0.06116,0.4817,0.27441,0.27316,0.0,0.00125
2018-04-14 06:00:00,2018-04-14 07:00,0.86468,0.24806,0.0001,0.08811,0.52841,0.28997,0.28719,0.0,0.00277
2018-04-14 07:00:00,2018-04-14 08:00,1.11276,0.24818,0.0,0.15281,0.71176,0.27777,0.27542,0.0,0.00235
2018-04-14 08:00:00,2018-04-14 09:00,1.21939,0.24818,0.0,0.2052,0.76601,0.27952,0.276,0.0,0.00352
2018-04-14 09:00:00,2018-04-14 10:00,1.29369,0.24818,0.0,0.18231,0.86319,0.30536,0.29607,0.0,0.00929
2018-04-14 10:00:00,2018-04-14 11:00,1.17798,0.24865,0.0,0.15709,0.77225,0.31052,0.30292,0.0,0.00761
2018-04-14 11:00:00,2018-04-14 12:00,1.14925,0.24865,0.0,0.15186,0.74875,0.31318,0.30596,0.0,0.00722
2018-04-14 12:00:00,2018-04-14 13:00,1.29996,0.24865,0.0,0.17629,0.87501,0.32216,0.31719,0.0,0.00497
2018-04-14 13:00:00,2018-04-14 14:00,1.34078,0.24865,0.0,0.17094,0.92119,0.30863,0.3021,0.0,0.00653
2018-04-14 14:00:00,2018-04-14 15:00,1.28842,0.24865,0.0,0.1794,0.86037,0.28627,0.27838,0.0,0.00789
2018-04-14 15:00:00,2018-04-14 16:00,1.3282,0.24865,0.0,0.18166,0.89789,0.27021,0.26421,0.0,0.006
2018-04-14 16:00:00,2018-04-14 17:00,1.33972,0.24865,0.0,0.14692,0.94415,0.27627,0.27143,0.0,0.00485
2018-04-14 17:00:00,2018-04-14 18:00,1.46428,0.24638,0.00171,0.15416,1.06203,0.28438,0.27828,0.0,0.00609
2018-04-14 18:00:00,2018-04-14 19:00,1.53923,0.24282,0.0,0.156,1.14042,0.27938,0.27554,0.0,0.00384
2018-04-14 19:00:00,2018-04-14 20:00,1.63438,0.24257,0.00174,0.14852,1.24155,0.27719,0.27353,0.0,0.00366
2018-04-14 20:00:00,2018-04-14 21:00,1.75087,0.24219,0.00166,0.13198,1.37504,0.27438,0.27022,0.0,0.00416
2018-04-14 21:00:00,2018-04-14 22:00,1.60812,0.23963,0.0,0.08567,1.28283,0.26689,0.26456,0.0,0.00233
2018-04-14 22:00:00,2018-04-14 23:00,1.26363,0.24375,0.0,0.09032,0.92956,0.27739,0.27531,0.0,0.00208
2018-04-14 23:00:00,2018-04-15 00:00,0.91979,0.24201,0.0,0.07637,0.60141,0.27761,0.27668,0.0,0.00093
2018-04-15 00:00:00,2018-04-15 01:00,0.80162,0.24007,0.00369,0.05568,0.50217,0.27614,0.27582,0.0,0.00032
2018-04-15 01:00:00,2018-04-15 02:00,0.75633,0.24308,0.00185,0.03124,0.48016,0.276,0.27581,0.0,0.00019
2018-04-15 02:00:00,2018-04-15 03:00,0.74731,0.24387,0.0,0.03881,0.46463,0.28858,0.28821,0.0,0.00037
2018-04-15 03:00:00,2018-04-15 04:00,0.76035,0.2427,0.00111,0.04339,0.47314,0.29416,0.29321,0.0,0.00095
2018-04-15 04:00:00,2018-04-15 05:00,0.77933,0.24701,0.0,0.05436,0.47797,0.30111,0.30034,0.0,0.00078
2018-04-15 05:00:00,2018-04-15 06:00,0.80822,0.24818,0.0,0.07848,0.48156,0.30732,0.30634,0.0,0.00098
2018-04-15 06:00:00,2018-04-15 07:00,0.89019,0.24818,0.0,0.10694,0.53506,0.31887,0.31796,0.0,0.00092
2018-04-15 07:00:00,2018-04-15 08:00,1.06546,0.24818,0.0,0.14755,0.66973,0.31541,0.31355,0.0,0.00187
2018-04-15 08:00:00,2018-04-15 09:00,1.16321,0.24864,0.0,0.18659,0.72798,0.31546,0.31176,0.0,0.0037
2018-04-15 09:00:00,2018-04-15 10:00,1.20723,0.24865,0.0,0.18374,0.77484,0.3179,0.3147,0.0,0.0032
2018-04-15 10:00:00,2018-04-15 11:00,1.16003,0.24865,0.0,0.14757,0.76381,0.31122,0.30651,0.0,0.00471
2018-04-15 11:00:00,2018-04-15 12:00,1.25113,0.24865,0.0,0.17452,0.82797,0.2933,0.28917,0.0,0.00413
2018-04-15 12:00:00,2018-04-15 13:00,1.2235,0.24846,0.0,0.16095,0.81409,0.28152,0.27717,0.0,0.00435
2018-04-15 13:00:00,2018-04-15 14:00,1.3036,0.24819,0.0,0.18287,0.87254,0.2622,0.25569,0.0,0.00651
2018-04-15 14:00:00,2018-04-15 15:00,1.27812,0.24865,0.0,0.17393,0.85554,0.25517,0.25028,0.0,0.00489
2018-04-15 15:00:00,2018-04-15 16:00,1.29565,0.24865,0.0,0.1662,0.8808,0.24466,0.23854,0.0,0.00612
2018-04-15 16:00:00,2018-04-15 17:00,1.36794,0.24865,0.0,0.17999,0.9393,0.24128,0.23605,0.0,0.00523
2018-04-15 17:00:00,2018-04-15 18:00,1.4091,0.24595,0.00185,0.19242,0.96887,0.23756,0.23313,0.0,0.00443
2018-04-15 18:00:00,2018-04-15 19:00,1.53124,0.24142,0.0,0.17624,1.11359,0.24249,0.23748,0.0,0.00501
2018-04-15 19:00:00,2018-04-15 20:00,1.60083,0.24059,0.00172,0.12689,1.23164,0.24946,0.24563,0.0,0.00383
2018-04-15 20:00:00,2018-04-15 21:00,1.63776,0.24032,0.00163,0.11551,1.2803,0.25079,0.24857,0.0,0.00222
2018-04-15 21:00:00,2018-04-15 22:00,1.55743,0.23837,2e-05,0.10019,1.21885,0.25296,0.24948,0.0,0.00348
2018-04-15 22:00:00,2018-04-15 23:00,1.17771,0.24332,0.0,0.07498,0.85942,0.26918,0.26673,0.0,0.00245
2018-04-15 23:00:00,2018-04-16 00:00,0.88927,0.24124,0.0,0.0417,0.60633,0.27085,0.26868,0.0,0.00217
2018-04-16 00:00:00,2018-04-16 01:00,0.81281,0.23975,0.00351,0.06288,0.50666,0.27002,0.26831,0.0,0.00171
2018-04-16 01:00:00,2018-04-16 02:00,0.7727,0.24312,0.00181,0.04868,0.47909,0.27235,0.27215,0.0,0.0002
2018-04-16 02:00:00,2018-04-16 03:00,0.75459,0.24379,0.0,0.04196,0.46884,0.28699,0.28683,0.0,0.00015
2018-04-16 03:00:00,2018-04-16 04:00,0.75424,0.24265,0.00109,0.03956,0.47094,0.29402,0.29374,0.0,0.00028
2018-04-16 04:00:00,2018-04-16 05:00,0.78252,0.24731,0.0,0.05821,0.477,0.30254,0.30114,0.0,0.00139
2018-04-16 05:00:00,2018-04-16 06:00,0.87928,0.24791,0.0,0.12986,0.50152,0.30515,0.30333,0.0,0.00182
2018-04-16 06:00:00,2018-04-16 07:00,1.04028,0.24818,0.0,0.20117,0.59092,0.31234,0.30839,0.0,0.00394
2018-04-16 07:00:00,2018-04-16 08:00,1.17359,0.24763,0.0,0.22701,0.69895,0.29649,0.29538,0.0,0.00111
2018-04-16 08:00:00,2018-04-16 09:00,1.15126,0.24752,0.0,0.18953,0.7142,0.28749,0.2852,0.0,0.00229
2018-04-16 09:00:00,2018-04-16 10:00,1.14279,0.24723,0.0,0.1857,0.70986,0.27995,0.27574,0.0,0.00421
2018-04-16 10:00:00,2018-04-16 11:00,1.13403,0.24775,0.0,0.1648,0.72149,0.26363,0.26055,0.0,0.00308
2018-04-16 11:00:00,2018-04-16 12:00,1.16897,0.24626,0.0,0.15648,0.76623,0.23989,0.23632,0.0,0.00357
2018-04-16 12:00:00,2018-04-16 13:00,1.05789,0.24641,0.00174,0.12424,0.68552,0.23449,0.23116,0.0,0.00334
2018-04-16 13:00:00,2018-04-16 14:00,1.08245,0.24634,0.0,0.14376,0.69235,0.21939,0.21734,0.0,0.00205
2018-04-16 14:00:00,2018-04-16 15:00,1.17281,0.34163,0.0,0.15538,0.6758,0.20489,0.20161,0.0,0.00328
2018-04-16 15:00:00,2018-04-16 16:00,1.50772,0.59795,0.0,0.15521,0.75456,0.16366,0.15968,0.0,0.00398
2018-04-16 16:00:00,2018-04-16 17:00,2.09739,1.08162,0.00067,0.1475,0.8676,0.09112,0.08449,0.0,0.00663
2018-04-16 17:00:00,2018-04-16 18:00,2.11888,1.06847,0.00175,0.13176,0.91691,0.07337,0.06765,0.0,0.00572
2018-04-16 18:00:00,2018-04-16 19:00,2.65025,1.39302,0.0,0.15889,1.09834,0.02454,0.0168,0.0,0.00775
2018-04-16 19:00:00,2018-04-16 20:00,2.83397,1.5004,0.00216,0.14652,1.18489,0.0049,0.0,0.0,0.0049
2018-04-16 20:00:00,2018-04-16 21:00,2.65224,1.26787,0.00198,0.11695,1.26544,0.03108,0.02821,0.0,0.00287
2018-04-16 21:00:00,2018-04-16 22:00,2.26596,0.96903,0.00026,0.10823,1.18843,0.06361,0.06149,0.0,0.00212
2018-04-16 22:00:00,2018-04-16 23:00,1.89403,0.946,0.0,0.09355,0.85448,0.08445,0.07985,0.0,0.0046
2018-04-16 23:00:00,2018-04-17 00:00,0.90494,0.23501,0.0,0.07294,0.59699,0.18565,0.18249,0.0,0.00316
2018-04-17 00:00:00,2018-04-17 01:00,0.81084,0.23273,0.00437,0.0557,0.51804,0.18661,0.1836,0.0,0.00302
2018-04-17 01:00:00,2018-04-17 02:00,0.76319,0.23842,0.00209,0.03304,0.48965,0.19605,0.19483,0.0,0.00123
2018-04-17 02:00:00,2018-04-17 03:00,0.72098,0.24061,0.0,0.01719,0.46318,0.21586,0.21556,0.0,0.0003
2018-04-17 03:00:00,2018-04-17 04:00,0.78194,0.23863,0.0011,0.03514,0.50708,0.23119,0.23105,0.0,0.00013
2018-04-17 04:00:00,2018-04-17 05:00,0.76128,0.24416,0.0,0.05291,0.4642,0.24695,0.24616,0.0,0.0008
2018-04-17 05:00:00,2018-04-17 06:00,0.85147,0.24711,0.0,0.1043,0.50005,0.26304,0.26202,0.0,0.00102
2018-04-17 06:00:00,2018-04-17 07:00,1.06756,0.24806,7e-05,0.20523,0.61419,0.28056,0.27714,0.0,0.00341
2018-04-17 07:00:00,2018-04-17 08:00,1.12609,0.24763,0.0,0.22,0.65846,0.26376,0.25819,0.0,0.00557
2018-04-17 08:00:00,2018-04-17 09:00,1.17901,0.24752,0.0,0.19716,0.73432,0.2495,0.24402,0.0,0.00548
2018-04-17 09:00:00,2018-04-17 10:00,1.12507,0.24691,0.0,0.16135,0.7168,0.23095,0.22701,0.0,0.00394
2018-04-17 10:00:00,2018-04-17 11:00,1.72255,0.8923,0.0,0.13745,0.6928,0.12053,0.1157,0.0,0.00483
2018-04-17 11:00:00,2018-04-17 12:00,2.14405,1.35985,0.0,0.12426,0.65994,0.03015,0.0252,0.0,0.00494
2018-04-17 12:00:00,2018-04-17 13:00,2.23987,1.40397,0.00165,0.10623,0.72803,0.00355,0.0,0.0,0.00355
2018-04-17 13:00:00,2018-04-17 14:00,1.9426,1.14754,0.0,0.1287,0.66635,0.00221,0.0,0.0,0.00221
2018-04-17 14:00:00,2018-04-17 15:00,1.75941,0.92652,0.00078,0.15592,0.6762,0.00329,0.0,0.0,0.00329
2018-04-17 15:00:00,2018-04-17 16:00,1.63463,0.73314,0.00275,0.14285,0.75589,0.00378,0.0,0.0,0.00378
2018-04-17 16:00:00,2018-04-17 17:00,1.60072,0.59826,0.0063,0.13457,0.86159,0.00416,0.0,0.0,0.00416
2018-04-17 17:00:00,2018-04-17 18:00,1.60881,0.52773,0.01363,0.1274,0.94005,0.0044,0.0,0.0,0.0044
2018-04-17 18:00:00,2018-04-17 19:00,1.75943,0.55072,0.00711,0.12893,1.07267,0.00403,0.0,0.0,0.00403
2018-04-17 19:00:00,2018-04-17 20:00,1.9572,0.59099,0.00698,0.12786,1.23137,0.00412,0.0,0.0,0.00412
2018-04-17 20:00:00,2018-04-17 21:00,2.02933,0.66163,0.00365,0.10576,1.2583,0.00405,0.0,0.0,0.00405
2018-04-17 21:00:00,2018-04-17 22:00,1.9916,0.7364,0.00129,0.09234,1.16157,0.00231,0.0,0.0,0.00231
2018-04-17 22:00:00,2018-04-17 23:00,1.90856,0.95228,0.00241,0.08362,0.87024,0.00837,0.0,0.0,0.00837
2018-04-17 23:00:00,2018-04-18 00:00,1.77862,1.13286,0.00013,0.05636,0.58928,0.0021,0.0,0.0,0.0021
2018-04-18 00:00:00,2018-04-18 01:00,1.80949,1.2681,0.00494,0.0437,0.49275,0.00032,0.0,0.0,0.00032
2018-04-18 01:00:00,2018-04-18 02:00,1.75745,1.23216,0.00162,0.04974,0.47393,0.01864,0.01845,0.0,0.00019
2018-04-18 02:00:00,2018-04-18 03:00,0.91241,0.4054,0.0,0.03782,0.46919,0.13546,0.1353,0.0,0.00015
2018-04-18 03:00:00,2018-04-18 04:00,0.74189,0.23293,0.00196,0.03768,0.46932,0.17443,0.17428,0.0,0.00015
2018-04-18 04:00:00,2018-04-18 05:00,0.75725,0.23923,0.0,0.05156,0.46646,0.19246,0.19178,0.0,0.00068
2018-04-18 05:00:00,2018-04-18 06:00,0.8731,0.24164,0.00047,0.09931,0.53168,0.20854,0.207,0.0,0.00154
2018-04-18 06:00:00,2018-04-18 07:00,1.05705,0.24537,0.00032,0.17575,0.63561,0.2264,0.2216,0.0,0.0048
2018-04-18 07:00:00,2018-04-18 08:00,1.21174,0.24672,0.0,0.20381,0.76122,0.22147,0.21659,0.0,0.00488
2018-04-18 08:00:00,2018-04-18 09:00,1.25108,0.24739,0.0,0.19564,0.80805,0.22676,0.22423,0.0,0.00254
2018-04-18 09:00:00,2018-04-18 10:00,1.59016,0.67825,0.0,0.18266,0.72925,0.17104,0.1678,0.0,0.00324
2018-04-18 10:00:00,2018-04-18 11:00,1.95084,1.07992,0.0,0.13829,0.73262,0.10133,0.09767,0.0,0.00366
2018-04-18 11:00:00,2018-04-18 12:00,1.83218,1.00884,0.0,0.11295,0.71039,0.09667,0.09264,0.0,0.00403
2018-04-18 12:00:00,2018-04-18 13:00,1.82713,1.0104,0.0017,0.10142,0.71361,0.08661,0.0835,0.0,0.00311
2018-04-18 13:00:00,2018-04-18 14:00,2.25165,1.35538,0.0,0.13252,0.76374,0.03391,0.0292,0.0,0.00471
2018-04-18 14:00:00,2018-04-18 15:00,2.41523,1.5267,0.0,0.11719,0.77134,0.00265,0.0,0.0,0.00265
2018-04-18 15:00:00,2018-04-18 16:00,2.27798,1.42555,0.0,0.12796,0.72448,0.00205,0.0,0.0,0.00205
2018-04-18 16:00:00,2018-04-18 17:00,2.15952,1.21186,0.00087,0.14651,0.80029,0.00498,0.0,0.0,0.00498
2018-04-18 17:00:00,2018-04-18 18:00,2.10489,1.07232,0.00327,0.12943,0.89988,0.00468,0.0,0.0,0.00468
2018-04-18 18:00:00,2018-04-18 19:00,2.23366,0.99587,0.00037,0.1483,1.08912,0.0062,0.0,0.0,0.0062
2018-04-18 19:00:00,2018-04-18 20:00,2.31396,1.00996,0.00249,0.13515,1.16636,0.00468,0.0,0.0,0.00468
2018-04-18 20:00:00,2018-04-18 21:00,2.43424,1.06033,0.00212,0.10682,1.26497,0.00283,0.0,0.0,0.00283
2018-04-18 21:00:00,2018-04-18 22:00,2.39851,1.10386,0.00044,0.07425,1.21996,0.00489,0.0,0.0,0.00489
2018-04-18 22:00:00,2018-04-18 23:00,2.22884,1.23695,0.00041,0.09288,0.8986,0.00447,0.0,0.0,0.00447
2018-04-18 23:00:00,2018-04-19 00:00,2.01532,1.32448,0.0,0.08851,0.60233,0.00085,0.0,0.0,0.00085
2018-04-19 00:00:00,2018-04-19 01:00,1.05356,0.46721,0.00513,0.04949,0.53173,0.12465,0.12433,0.0,0.00032
2018-04-19 01:00:00,2018-04-19 02:00,0.76582,0.23486,0.00239,0.03413,0.49443,0.17588,0.1757,0.0,0.00019
2018-04-19 02:00:00,2018-04-19 03:00,0.74282,0.23808,0.0,0.04123,0.46351,0.20199,0.20183,0.0,0.00015
2018-04-19 03:00:00,2018-04-19 04:00,0.74725,0.23648,0.00112,0.03795,0.4717,0.21914,0.21873,0.0,0.00041
2018-04-19 04:00:00,2018-04-19 05:00,0.76061,0.2435,0.0,0.05403,0.46308,0.23488,0.23425,0.0,0.00063
2018-04-19 05:00:00,2018-04-19 06:00,0.85645,0.24637,0.00014,0.10421,0.50573,0.24842,0.24722,0.0,0.0012
2018-04-19 06:00:00,2018-04-19 07:00,1.04347,0.24774,0.00024,0.19858,0.59692,0.26559,0.26182,0.0,0.00377
2018-04-19 07:00:00,2018-04-19 08:00,1.22463,0.24763,0.0,0.24553,0.73146,0.24842,0.24296,0.0,0.00546
2018-04-19 08:00:00,2018-04-19 09:00,1.30576,0.37216,0.0,0.19229,0.74131,0.20613,0.19917,0.0,0.00696
2018-04-19 09:00:00,2018-04-19 10:00,2.03352,1.18335,0.0,0.15944,0.69074,0.05165,0.04613,0.0,0.00552
2018-04-19 10:00:00,2018-04-19 11:00,1.98091,1.14558,0.0,0.12257,0.71276,0.00416,0.0,0.0,0.00416
2018-04-19 11:00:00,2018-04-19 12:00,1.77406,0.91978,0.0,0.1317,0.72258,0.0042,0.0,0.0,0.0042
2018-04-19 12:00:00,2018-04-19 13:00,1.60098,0.81352,0.00197,0.10939,0.6761,0.00335,0.0,0.0,0.00335
2018-04-19 13:00:00,2018-04-19 14:00,1.4339,0.64692,0.00302,0.10152,0.68244,0.00269,0.0,0.0,0.00269
2018-04-19 14:00:00,2018-04-19 15:00,1.35602,0.50472,0.00395,0.12289,0.72446,0.00241,0.0,0.0,0.00241
2018-04-19 15:00:00,2018-04-19 16:00,1.27178,0.37472,0.00757,0.14868,0.7408,0.0049,0.0,0.0,0.0049
2018-04-19 16:00:00,2018-04-19 17:00,1.29452,0.28529,0.01411,0.14109,0.85404,0.00342,0.0,0.0,0.00342
2018-04-19 17:00:00,2018-04-19 18:00,1.42302,0.21207,0.02656,0.13793,1.04646,0.00449,0.0,0.0,0.00449
2018-04-19 18:00:00,2018-04-19 19:00,1.42631,0.1927,0.02199,0.12875,1.08287,0.00358,0.0,0.0,0.00358
2018-04-19 19:00:00,2018-04-19 20:00,1.62446,0.25493,0.02023,0.12279,1.2265,0.0042,0.0,0.0,0.0042
2018-04-19 20:00:00,2018-04-19 21:00,1.7675,0.35386,0.01065,0.11377,1.28922,0.00465,0.0,0.0,0.00465
2018-04-19 21:00:00,2018-04-19 22:00,1.69045,0.44479,0.00438,0.08685,1.15444,0.002,0.0,0.0,0.002
2018-04-19 22:00:00,2018-04-19 23:00,1.58691,0.60828,0.00302,0.0798,0.89581,0.00272,0.0,0.0,0.00272
2018-04-19 23:00:00,2018-04-20 00:00,1.50127,0.8233,0.00185,0.06782,0.6083,0.00343,0.0,0.0,0.00343
2018-04-20 00:00:00,2018-04-20 01:00,0.97284,0.38056,0.00603,0.05297,0.53328,0.08346,0.08105,0.0,0.00241
2018-04-20 01:00:00,2018-04-20 02:00,0.75694,0.21632,0.00279,0.04146,0.49637,0.12419,0.12401,0.0,0.00019
2018-04-20 02:00:00,2018-04-20 03:00,0.73711,0.22789,7e-05,0.0359,0.47325,0.14808,0.14793,0.0,0.00015
2018-04-20 03:00:00,2018-04-20 04:00,0.74931,0.23007,0.00148,0.0391,0.47866,0.16913,0.169,0.0,0.00013
2018-04-20 04:00:00,2018-04-20 05:00,0.76471,0.23856,0.0,0.05415,0.472,0.1897,0.18907,0.0,0.00062
2018-04-20 05:00:00,2018-04-20 06:00,0.82659,0.24053,0.00072,0.08913,0.49621,0.2124,0.21112,0.0,0.00128
2018-04-20 06:00:00,2018-04-20 07:00,1.07837,0.24575,0.00053,0.17594,0.65616,0.23577,0.2334,0.0,0.00237
2018-04-20 07:00:00,2018-04-20 08:00,1.11547,0.24661,0.0,0.18823,0.68063,0.22062,0.21629,0.0,0.00433
2018-04-20 08:00:00,2018-04-20 09:00,1.27216,0.38179,0.0,0.18943,0.70093,0.1776,0.1736,0.0,0.004
2018-04-20 09:00:00,2018-04-20 10:00,2.27537,1.39973,0.0,0.15464,0.721,0.00898,0.00444,0.0,0.00454
2018-04-20 10:00:00,2018-04-20 11:00,1.80845,1.02512,0.0,0.11862,0.66471,0.004,0.0,0.0,0.004
2018-04-20 11:00:00,2018-04-20 12:00,1.58964,0.7419,0.0,0.11429,0.73346,0.00379,0.0,0.0,0.00379
2018-04-20 12:00:00,2018-04-20 13:00,1.4856,0.62049,0.00231,0.1115,0.75131,0.00356,0.0,0.0,0.00356
2018-04-20 13:00:00,2018-04-20 14:00,1.33335,0.46486,0.00395,0.12139,0.74313,0.00317,0.0,0.0,0.00317
2018-04-20 14:00:00,2018-04-20 15:00,1.17703,0.31981,0.00787,0.12968,0.71967,0.00508,0.0,0.0,0.00508
2018-04-20 15:00:00,2018-04-20 16:00,1.17548,0.20916,0.0144,0.12821,0.8237,0.00443,0.0,0.0,0.00443
2018-04-20 16:00:00,2018-04-20 17:00,1.20949,0.14727,0.02371,0.14252,0.89599,0.00404,0.0,0.0,0.00404
2018-04-20 17:00:00,2018-04-20 18:00,1.24236,0.11357,0.03761,0.13757,0.95361,0.00683,0.0,0.0,0.00683
2018-04-20 18:00:00,2018-04-20 19:00,1.42092,0.15817,0.02663,0.13436,1.10176,0.00765,0.0,0.0,0.00765
2018-04-20 19:00:00,2018-04-20 20:00,1.51905,0.21792,0.0211,0.11426,1.16578,0.00409,0.0,0.0,0.00409
2018-04-20 20:00:00,2018-04-20 21:00,1.65962,0.26406,0.0141,0.10264,1.27882,0.00595,0.0,0.0,0.00595
2018-04-20 21:00:00,2018-04-20 22:00,1.6165,0.34301,0.00693,0.07772,1.18884,0.00309,0.0,0.0,0.00309
2018-04-20 22:00:00,2018-04-20 23:00,1.45306,0.46647,0.00321,0.0853,0.89809,0.00114,0.0,0.0,0.00114
2018-04-20 23:00:00,2018-04-21 00:00,1.30198,0.6226,0.00029,0.06525,0.61384,0.00194,0.0,0.0,0.00194
2018-04-21 00:00:00,2018-04-21 01:00,1.35555,0.79987,0.00687,0.05134,0.49746,0.00053,0.0,0.0,0.00053
2018-04-21 01:00:00,2018-04-21 02:00,1.13424,0.6121,0.00342,0.0398,0.47892,0.04457,0.04425,0.0,0.00032
2018-04-21 02:00:00,2018-04-21 03:00,0.94005,0.42927,2e-05,0.04021,0.47055,0.09567,0.09551,0.0,0.00015
2018-04-21 03:00:00,2018-04-21 04:00,0.99527,0.49812,0.00187,0.02796,0.46731,0.10284,0.10271,0.0,0.00013
2018-04-21 04:00:00,2018-04-21 05:00,1.2355,0.73489,0.0,0.03451,0.4661,0.08747,0.0873,0.0,0.00017
2018-04-21 05:00:00,2018-04-21 06:00,1.34801,0.82689,0.00018,0.03994,0.481,0.09125,0.09028,0.0,0.00098
2018-04-21 06:00:00,2018-04-21 07:00,1.45474,0.82944,0.00075,0.07862,0.54593,0.1087,0.10663,0.0,0.00208
2018-04-21 07:00:00,2018-04-21 08:00,1.72081,0.95107,0.0,0.11788,0.65186,0.08531,0.081,0.0,0.00432
2018-04-21 08:00:00,2018-04-21 09:00,2.33904,1.35851,0.0,0.17275,0.80778,0.00319,0.0,0.0,0.00319
2018-04-21 09:00:00,2018-04-21 10:00,2.01642,0.95297,7e-05,0.17783,0.88555,0.00557,0.0,0.0,0.00557
2018-04-21 10:00:00,2018-04-21 11:00,1.74756,0.72763,0.00026,0.18072,0.83895,0.00467,0.0,0.0,0.00467
2018-04-21 11:00:00,2018-04-21 12:00,1.53794,0.5062,0.00091,0.15532,0.87552,0.00413,0.0,0.0,0.00413
2018-04-21 12:00:00,2018-04-21 13:00,1.39081,0.36938,0.00521,0.15712,0.8591,0.00576,0.0,0.0,0.00576
2018-04-21 13:00:00,2018-04-21 14:00,1.22523,0.21078,0.01399,0.15955,0.84091,0.00424,0.0,0.0,0.00424
2018-04-21 14:00:00,2018-04-21 15:00,1.15896,0.11519,0.0267,0.15365,0.86342,0.00352,0.0,0.0,0.00352
2018-04-21 15:00:00,2018-04-21 16:00,1.10658,0.05611,0.04143,0.14696,0.86208,0.00344,0.0,0.0,0.00344
2018-04-21 16:00:00,2018-04-21 17:00,1.22301,0.02818,0.06142,0.15849,0.97493,0.00395,0.0,0.0,0.00395
2018-04-21 17:00:00,2018-04-21 18:00,1.30774,0.01479,0.08787,0.15454,1.05054,0.00547,0.0,0.0,0.00547
2018-04-21 18:00:00,2018-04-21 19:00,1.31724,0.01266,0.07829,0.11497,1.11133,0.00336,0.0,0.0,0.00336
2018-04-21 19:00:00,2018-04-21 20:00,1.40862,0.01786,0.07086,0.10252,1.21738,0.00629,0.0,0.0,0.00629
2018-04-21 20:00:00,2018-04-21 21:00,1.48587,0.03853,0.04531,0.09827,1.30376,0.00473,0.0,0.0,0.00473
2018-04-21 21:00:00,2018-04-21 22:00,1.41016,0.11399,0.02392,0.08344,1.18881,0.00359,0.0,0.0,0.00359
2018-04-21 22:00:00,2018-04-21 23:00,1.22043,0.21704,0.01198,0.07434,0.91707,0.00358,0.0,0.0,0.00358
2018-04-21 23:00:00,2018-04-22 00:00,1.01517,0.34297,0.00355,0.0436,0.62505,0.00135,0.0,0.0,0.00135
2018-04-22 00:00:00,2018-04-22 01:00,1.06226,0.50088,0.00885,0.03176,0.52078,0.00078,0.0,0.0,0.00078
2018-04-22 01:00:00,2018-04-22 02:00,1.2,0.65208,0.00548,0.03828,0.50415,0.00019,0.0,0.0,0.00019
2018-04-22 02:00:00,2018-04-22 03:00,1.22432,0.68556,4e-05,0.04771,0.491,0.02181,0.02157,0.0,0.00024
2018-04-22 03:00:00,2018-04-22 04:00,1.17426,0.654,0.00141,0.03951,0.47934,0.04819,0.04789,0.0,0.0003
2018-04-22 04:00:00,2018-04-22 05:00,1.10315,0.56607,0.0,0.04642,0.49067,0.08356,0.08245,0.0,0.00111
2018-04-22 05:00:00,2018-04-22 06:00,0.78489,0.23226,0.00106,0.0563,0.49528,0.14927,0.14745,0.0,0.00182
2018-04-22 06:00:00,2018-04-22 07:00,0.88236,0.237,0.00111,0.09427,0.54997,0.169,0.16821,0.0,0.00079
2018-04-22 07:00:00,2018-04-22 08:00,1.49127,0.76528,0.00055,0.10551,0.61992,0.09543,0.09166,0.0,0.00377
2018-04-22 08:00:00,2018-04-22 09:00,2.00069,1.05505,0.00198,0.15198,0.79168,0.00743,0.0,0.0,0.00743
2018-04-22 09:00:00,2018-04-22 10:00,1.80644,0.70745,0.00061,0.17208,0.92629,0.00642,0.0,0.0,0.00642
2018-04-22 10:00:00,2018-04-22 11:00,1.50176,0.47035,0.00213,0.1487,0.88057,0.00445,0.0,0.0,0.00445
2018-04-22 11:00:00,2018-04-22 12:00,1.25811,0.28134,0.00411,0.13221,0.84044,0.00391,0.0,0.0,0.00391
2018-04-22 12:00:00,2018-04-22 13:00,1.15544,0.19996,0.01211,0.13866,0.80471,0.00326,0.0,0.0,0.00326
2018-04-22 13:00:00,2018-04-22 14:00,1.15393,0.09202,0.02344,0.12647,0.912,0.00474,0.0,0.0,0.00474
2018-04-22 14:00:00,2018-04-22 15:00,1.10906,0.04591,0.03723,0.15202,0.8739,0.00228,0.0,0.0,0.00228
2018-04-22 15:00:00,2018-04-22 16:00,1.15445,0.01758,0.0614,0.17214,0.90333,0.00429,0.0,0.0,0.00429
2018-04-22 16:00:00,2018-04-22 17:00,1.23465,0.00874,0.08658,0.16191,0.97743,0.00482,0.0,0.0,0.00482
2018-04-22 17:00:00,2018-04-22 18:00,1.32385,0.00588,0.12289,0.15347,1.0416,0.00594,0.0,0.0,0.00594
2018-04-22 18:00:00,2018-04-22 19:00,1.37675,0.00425,0.11823,0.12414,1.13012,0.00762,0.0,0.0,0.00762
2018-04-22 19:00:00,2018-04-22 20:00,1.50062,0.00527,0.10175,0.12579,1.26781,0.00564,0.0,0.0,0.00564
2018-04-22 20:00:00,2018-04-22 21:00,1.57223,0.00986,0.07501,0.09574,1.39162,0.00463,0.0,0.0,0.00463
2018-04-22 21:00:00,2018-04-22 22:00,1.4566,0.02225,0.04337,0.09002,1.30097,0.00301,0.0,0.0,0.00301
2018-04-22 22:00:00,2018-04-22 23:00,1.11621,0.09149,0.02176,0.08858,0.91439,0.00182,0.0,0.0,0.00182
2018-04-22 23:00:00,2018-04-23 00:00,0.86422,0.16749,0.01043,0.07299,0.61331,0.00086,0.0,0.0,0.00086
2018-04-23 00:00:00,2018-04-23 01:00,0.85139,0.2455,0.01215,0.04894,0.5448,0.00032,0.0,0.0,0.00032
2018-04-23 01:00:00,2018-04-23 02:00,0.91205,0.31802,0.00816,0.03509,0.55077,0.00051,0.0,0.0,0.00051
2018-04-23 02:00:00,2018-04-23 03:00,1.00137,0.47579,0.00092,0.03052,0.49414,0.00015,0.0,0.0,0.00015
2018-04-23 03:00:00,2018-04-23 04:00,1.20691,0.70291,0.00181,0.02933,0.47287,0.00013,0.0,0.0,0.00013
2018-04-23 04:00:00,2018-04-23 05:00,1.48288,0.94595,0.0,0.05226,0.48466,0.00132,0.0,0.0,0.00132
2018-04-23 05:00:00,2018-04-23 06:00,1.81319,1.14554,0.0008,0.09876,0.56809,0.00319,0.0,0.0,0.00319
2018-04-23 06:00:00,2018-04-23 07:00,2.14149,1.32192,0.00047,0.15817,0.66093,0.00348,0.0,0.0,0.00348
2018-04-23 07:00:00,2018-04-23 08:00,2.03298,1.10061,0.0,0.18501,0.74737,0.00479,0.0,0.0,0.00479
2018-04-23 08:00:00,2018-04-23 09:00,1.6836,0.70614,0.00117,0.18476,0.79153,0.00484,0.0,0.0,0.00484
2018-04-23 09:00:00,2018-04-23 10:00,1.39326,0.48355,0.00026,0.12846,0.78099,0.00466,0.0,0.0,0.00466
2018-04-23 10:00:00,2018-04-23 11:00,1.13681,0.30127,0.00289,0.11742,0.71523,0.00397,0.0,0.0,0.00397
2018-04-23 11:00:00,2018-04-23 12:00,0.98249,0.14977,0.00768,0.11461,0.71042,0.00298,0.0,0.0,0.00298
2018-04-23 12:00:00,2018-04-23 13:00,0.94597,0.10734,0.02108,0.10607,0.71148,0.00345,0.0,0.0,0.00345
2018-04-23 13:00:00,2018-04-23 14:00,0.98069,0.04343,0.03283,0.12774,0.77668,0.00508,0.0,0.0,0.00508
2018-04-23 14:00:00,2018-04-23 15:00,1.03068,0.01745,0.05556,0.148,0.80968,0.0032,0.0,0.0,0.0032
2018-04-23 15:00:00,2018-04-23 16:00,1.11626,0.00892,0.0897,0.12763,0.89002,0.0038,0.0,0.0,0.0038
2018-04-23 16:00:00,2018-04-23 17:00,1.22959,0.00562,0.13009,0.12828,0.9656,0.00448,0.0,0.0,0.00448
2018-04-23 17:00:00,2018-04-23 18:00,1.31812,0.00838,0.17881,0.12841,1.00252,0.00351,0.0,0.0,0.00351
2018-04-23 18:00:00,2018-04-23 19:00,1.40607,0.00391,0.18513,0.12051,1.09652,0.0049,0.0,0.0,0.0049
2018-04-23 19:00:00,2018-04-23 20:00,1.59027,0.00281,0.1743,0.13789,1.27527,0.0055,0.0,0.0,0.0055
2018-04-23 20:00:00,2018-04-23 21:00,1.53044,0.0097,0.13201,0.10362,1.28511,0.00345,0.0,0.0,0.00345
2018-04-23 21:00:00,2018-04-23 22:00,1.35905,0.00847,0.07628,0.09182,1.18249,0.00417,0.0,0.0,0.00417
2018-04-23 22:00:00,2018-04-23 23:00,0.98838,0.00846,0.04472,0.06211,0.87309,0.00267,0.0,0.0,0.00267
2018-04-23 23:00:00,2018-04-24 00:00,0.69154,0.03232,0.02251,0.05002,0.58669,0.00171,0.0,0.0,0.00171
2018-04-24 00:00:00,2018-04-24 01:00,0.6888,0.10711,0.02154,0.05859,0.50155,0.00069,0.0,0.0,0.00069
2018-04-24 01:00:00,2018-04-24 02:00,0.69801,0.15407,0.01865,0.03995,0.48534,0.00019,0.0,0.0,0.00019
2018-04-24 02:00:00,2018-04-24 03:00,0.74112,0.24081,0.00477,0.02047,0.47507,0.00015,0.0,0.0,0.00015
2018-04-24 03:00:00,2018-04-24 04:00,0.82463,0.30059,0.00528,0.03181,0.48695,0.00017,0.0,0.0,0.00017
2018-04-24 04:00:00,2018-04-24 05:00,0.95083,0.41948,0.00086,0.04531,0.48517,0.00076,0.0,0.0,0.00076
2018-04-24 05:00:00,2018-04-24 06:00,1.27078,0.63705,0.00032,0.10013,0.53327,0.00108,0.0,0.0,0.00108
2018-04-24 06:00:00,2018-04-24 07:00,1.55329,0.8025,0.00098,0.14102,0.60879,0.00446,0.0,0.0,0.00446
2018-04-24 07:00:00,2018-04-24 08:00,1.45774,0.58249,0.00051,0.17615,0.69858,0.0064,0.0,0.0,0.0064
2018-04-24 08:00:00,2018-04-24 09:00,1.32051,0.43693,0.00278,0.16305,0.71775,0.00695,0.0,0.0,0.00695
2018-04-24 09:00:00,2018-04-24 10:00,1.20329,0.31553,0.00444,0.1517,0.73161,0.00721,0.0,0.0,0.00721
2018-04-24 10:00:00,2018-04-24 11:00,1.11491,0.23141,0.00421,0.11318,0.76612,0.00298,0.0,0.0,0.00298
2018-04-24 11:00:00,2018-04-24 12:00,1.01103,0.15316,0.00633,0.13267,0.71887,0.00406,0.0,0.0,0.00406
2018-04-24 12:00:00,2018-04-24 13:00,0.98164,0.14382,0.01347,0.11825,0.70611,0.00256,0.0,0.0,0.00256
2018-04-24 13:00:00,2018-04-24 14:00,0.8941,0.09167,0.01422,0.12856,0.65965,0.00349,0.0,0.0,0.00349
2018-04-24 14:00:00,2018-04-24 15:00,0.8901,0.06573,0.01905,0.11263,0.69269,0.0038,0.0,0.0,0.0038
2018-04-24 15:00:00,2018-04-24 16:00,1.02254,0.06993,0.02566,0.12345,0.8035,0.00436,0.0,0.0,0.00436
2018-04-24 16:00:00,2018-04-24 17:00,1.08995,0.07581,0.029,0.11423,0.87091,0.00609,0.0,0.0,0.00609
2018-04-24 17:00:00,2018-04-24 18:00,1.1599,0.06761,0.04178,0.12242,0.92809,0.00561,0.0,0.0,0.00561
2018-04-24 18:00:00,2018-04-24 19:00,1.26874,0.06027,0.04011,0.13129,1.03708,0.00664,0.0,0.0,0.00664
2018-04-24 19:00:00,2018-04-24 20:00,1.37946,0.06572,0.0376,0.11978,1.15635,0.00612,0.0,0.0,0.00612
2018-04-24 20:00:00,2018-04-24 21:00,1.51211,0.0872,0.03034,0.10455,1.29003,0.00627,0.0,0.0,0.00627
2018-04-24 21:00:00,2018-04-24 22:00,1.51295,0.16528,0.01621,0.0972,1.23426,0.0024,0.0,0.0,0.0024
2018-04-24 22:00:00,2018-04-24 23:00,1.17047,0.2396,0.0078,0.06438,0.8587,0.00107,0.0,0.0,0.00107
2018-04-24 23:00:00,2018-04-25 00:00,0.92184,0.3044,0.00325,0.04354,0.57065,0.001,0.0,0.0,0.001
2018-04-25 00:00:00,2018-04-25 01:00,0.94812,0.37109,0.00942,0.05293,0.51468,0.00082,0.0,0.0,0.00082
2018-04-25 01:00:00,2018-04-25 02:00,0.94444,0.42963,0.00593,0.02652,0.48236,0.00044,0.0,0.0,0.00044
2018-04-25 02:00:00,2018-04-25 03:00,1.10006,0.60059,0.00054,0.02664,0.47228,0.00015,0.0,0.0,0.00015
2018-04-25 03:00:00,2018-04-25 04:00,1.32697,0.82168,0.00171,0.02888,0.4747,0.00039,0.0,0.0,0.00039
2018-04-25 04:00:00,2018-04-25 05:00,1.51623,0.9766,0.0,0.05889,0.48074,0.00739,0.00723,0.0,0.00017
2018-04-25 05:00:00,2018-04-25 06:00,1.23388,0.61974,0.00032,0.08921,0.5246,0.0757,0.07372,0.0,0.00198
2018-04-25 06:00:00,2018-04-25 07:00,1.4895,0.68296,0.00186,0.13809,0.66659,0.08958,0.0861,0.0,0.00348
2018-04-25 07:00:00,2018-04-25 08:00,1.88613,0.9604,0.0,0.18657,0.73915,0.04395,0.03904,0.0,0.00492
2018-04-25 08:00:00,2018-04-25 09:00,1.88138,1.01235,0.0,0.17893,0.6901,0.00434,0.0,0.0,0.00434
2018-04-25 09:00:00,2018-04-25 10:00,1.73277,0.79601,0.0,0.13889,0.79786,0.0059,0.0,0.0,0.0059
2018-04-25 10:00:00,2018-04-25 11:00,1.50353,0.63094,0.0002,0.1336,0.73878,0.00434,0.0,0.0,0.00434
2018-04-25 11:00:00,2018-04-25 12:00,1.31586,0.44281,0.0008,0.1152,0.75705,0.00461,0.0,0.0,0.00461
2018-04-25 12:00:00,2018-04-25 13:00,1.12642,0.31786,0.00536,0.1107,0.6925,0.00515,0.0,0.0,0.00515
2018-04-25 13:00:00,2018-04-25 14:00,0.95464,0.16483,0.00958,0.11504,0.66518,0.00273,0.0,0.0,0.00273
2018-04-25 14:00:00,2018-04-25 15:00,0.93711,0.0861,0.01746,0.11611,0.71744,0.00191,0.0,0.0,0.00191
2018-04-25 15:00:00,2018-04-25 16:00,0.99249,0.04887,0.03271,0.13178,0.77914,0.00407,0.0,0.0,0.00407
2018-04-25 16:00:00,2018-04-25 17:00,1.06355,0.02626,0.0544,0.12267,0.86022,0.00577,0.0,0.0,0.00577
2018-04-25 17:00:00,2018-04-25 18:00,1.17274,0.01936,0.08675,0.12142,0.94521,0.00712,0.0,0.0,0.00712
2018-04-25 18:00:00,2018-04-25 19:00,1.25104,0.0102,0.0836,0.12938,1.02786,0.00693,0.0,0.0,0.00693
2018-04-25 19:00:00,2018-04-25 20:00,1.36932,0.01561,0.07485,0.11481,1.16406,0.003,0.0,0.0,0.003
2018-04-25 20:00:00,2018-04-25 21:00,1.41766,0.02855,0.0523,0.10031,1.23649,0.00277,0.0,0.0,0.00277
2018-04-25 21:00:00,2018-04-25 22:00,1.37972,0.05032,0.02851,0.0748,1.22609,0.0031,0.0,0.0,0.0031
2018-04-25 22:00:00,2018-04-25 23:00,1.01591,0.10651,0.01493,0.06224,0.83224,0.00271,0.0,0.0,0.00271
2018-04-25 23:00:00,2018-04-26 00:00,0.94639,0.1872,0.00696,0.06644,0.68579,0.00171,0.0,0.0,0.00171
2018-04-26 00:00:00,2018-04-26 01:00,0.87147,0.25834,0.0116,0.03593,0.5656,0.00032,0.0,0.0,0.00032
2018-04-26 01:00:00,2018-04-26 02:00,0.82936,0.30853,0.00974,0.0286,0.48248,0.00039,0.0,0.0,0.00039
2018-04-26 02:00:00,2018-04-26 03:00,0.93109,0.42045,0.00139,0.03824,0.47101,0.0006,0.0,0.0,0.0006
2018-04-26 03:00:00,2018-04-26 04:00,1.01584,0.50267,0.00276,0.03985,0.47056,0.00073,0.0,0.0,0.00073
2018-04-26 04:00:00,2018-04-26 05:00,1.10338,0.57201,0.00016,0.05082,0.48039,0.00123,0.0,0.0,0.00123
2018-04-26 05:00:00,2018-04-26 06:00,1.30196,0.67533,0.00034,0.09546,0.53084,0.00228,0.0,0.0,0.00228
2018-04-26 06:00:00,2018-04-26 07:00,1.65241,0.85687,0.00104,0.15573,0.63877,0.00365,0.0,0.0,0.00365
2018-04-26 07:00:00,2018-04-26 08:00,1.62044,0.73308,2e-05,0.17497,0.71236,0.00432,0.0,0.0,0.00432
2018-04-26 08:00:00,2018-04-26 09:00,1.45739,0.57678,0.0006,0.1482,0.7318,0.00516,0.0,0.0,0.00516
2018-04-26 09:00:00,2018-04-26 10:00,1.29768,0.43048,0.00082,0.14256,0.72384,0.00634,0.0,0.0,0.00634
2018-04-26 10:00:00,2018-04-26 11:00,1.15009,0.31957,0.00239,0.11744,0.71068,0.00337,0.0,0.0,0.00337
2018-04-26 11:00:00,2018-04-26 12:00,1.06858,0.2057,0.00334,0.1029,0.75664,0.00513,0.0,0.0,0.00513
2018-04-26 12:00:00,2018-04-26 13:00,1.03006,0.15762,0.01183,0.10982,0.75079,0.00435,0.0,0.0,0.00435
2018-04-26 13:00:00,2018-04-26 14:00,0.9851,0.07954,0.0157,0.11791,0.77195,0.00185,0.0,0.0,0.00185
2018-04-26 14:00:00,2018-04-26 15:00,0.88198,0.04049,0.0265,0.1223,0.6927,0.00322,0.0,0.0,0.00322
2018-04-26 15:00:00,2018-04-26 16:00,0.93099,0.02309,0.04584,0.11168,0.75038,0.00236,0.0,0.0,0.00236
2018-04-26 16:00:00,2018-04-26 17:00,1.09393,0.01528,0.06959,0.12556,0.88349,0.006,0.0,0.0,0.006
2018-04-26 17:00:00,2018-04-26 18:00,1.26281,0.01371,0.09968,0.14455,1.00486,0.00476,0.0,0.0,0.00476
2018-04-26 18:00:00,2018-04-26 19:00,1.3291,0.00895,0.09572,0.13717,1.08726,0.00478,0.0,0.0,0.00478
2018-04-26 19:00:00,2018-04-26 20:00,1.51186,0.01422,0.08171,0.12424,1.29169,0.00335,0.0,0.0,0.00335
2018-04-26 20:00:00,2018-04-26 21:00,1.50017,0.02774,0.05519,0.1024,1.31484,0.00202,0.0,0.0,0.00202
2018-04-26 21:00:00,2018-04-26 22:00,1.34922,0.04091,0.03109,0.0831,1.19413,0.00314,0.0,0.0,0.00314
2018-04-26 22:00:00,2018-04-26 23:00,1.00102,0.10941,0.01519,0.06976,0.80666,0.00167,0.0,0.0,0.00167
2018-04-26 23:00:00,2018-04-27 00:00,0.83095,0.18252,0.00936,0.05038,0.5887,0.00153,0.0,0.0,0.00153
2018-04-27 00:00:00,2018-04-27 01:00,0.80055,0.23832,0.01248,0.05024,0.49951,0.00041,0.0,0.0,0.00041
2018-04-27 01:00:00,2018-04-27 02:00,0.83708,0.30906,0.00907,0.03739,0.48156,0.00019,0.0,0.0,0.00019
2018-04-27 02:00:00,2018-04-27 03:00,1.00768,0.50929,0.00131,0.027,0.47007,0.00015,0.0,0.0,0.00015
2018-04-27 03:00:00,2018-04-27 04:00,1.06385,0.54966,0.003,0.03546,0.47572,0.00013,0.0,0.0,0.00013
2018-04-27 04:00:00,2018-04-27 05:00,1.09681,0.56161,0.00016,0.05028,0.48476,0.00039,0.0,0.0,0.00039
2018-04-27 05:00:00,2018-04-27 06:00,1.23079,0.63023,0.00023,0.09049,0.50983,0.00121,0.0,0.0,0.00121
2018-04-27 06:00:00,2018-04-27 07:00,1.51301,0.72514,0.00117,0.16789,0.61881,0.00354,0.0,0.0,0.00354
2018-04-27 07:00:00,2018-04-27 08:00,1.58432,0.64549,2e-05,0.1893,0.74951,0.0036,0.0,0.0,0.0036
2018-04-27 08:00:00,2018-04-27 09:00,1.44135,0.52949,0.0008,0.15405,0.75701,0.00396,0.0,0.0,0.00396
2018-04-27 09:00:00,2018-04-27 10:00,1.32843,0.42344,0.0021,0.13957,0.76332,0.00399,0.0,0.0,0.00399
2018-04-27 10:00:00,2018-04-27 11:00,1.19666,0.30669,0.0042,0.13123,0.75454,0.00379,0.0,0.0,0.00379
2018-04-27 11:00:00,2018-04-27 12:00,1.01365,0.17763,0.0061,0.10812,0.7218,0.0037,0.0,0.0,0.0037
2018-04-27 12:00:00,2018-04-27 13:00,1.04017,0.1526,0.01148,0.1088,0.76728,0.0027,0.0,0.0,0.0027
2018-04-27 13:00:00,2018-04-27 14:00,0.9691,0.09764,0.01297,0.12589,0.73259,0.00178,0.0,0.0,0.00178
2018-04-27 14:00:00,2018-04-27 15:00,0.98232,0.07288,0.01648,0.11432,0.77864,0.00328,0.0,0.0,0.00328
2018-04-27 15:00:00,2018-04-27 16:00,1.00172,0.05696,0.02417,0.1207,0.79988,0.00415,0.0,0.0,0.00415
2018-04-27 16:00:00,2018-04-27 17:00,1.08302,0.0562,0.02839,0.13344,0.865,0.0046,0.0,0.0,0.0046
2018-04-27 17:00:00,2018-04-27 18:00,1.18479,0.06157,0.03358,0.13226,0.95738,0.00446,0.0,0.0,0.00446
2018-04-27 18:00:00,2018-04-27 19:00,1.31079,0.06963,0.02271,0.12179,1.09666,0.00469,0.0,0.0,0.00469
2018-04-27 19:00:00,2018-04-27 20:00,1.47664,0.13616,0.01883,0.1139,1.20775,0.00488,0.0,0.0,0.00488
2018-04-27 20:00:00,2018-04-27 21:00,1.6401,0.23826,0.01338,0.09281,1.29566,0.00363,0.0,0.0,0.00363
2018-04-27 21:00:00,2018-04-27 22:00,1.52057,0.3161,0.00664,0.06778,1.13005,0.00275,0.0,0.0,0.00275
2018-04-27 22:00:00,2018-04-27 23:00,1.34048,0.4108,0.00288,0.07331,0.85348,0.00196,0.0,0.0,0.00196
2018-04-27 23:00:00,2018-04-28 00:00,1.17395,0.52941,0.00042,0.06535,0.57876,0.00189,0.0,0.0,0.00189
2018-04-28 00:00:00,2018-04-28 01:00,1.26596,0.70773,0.00801,0.04549,0.50473,0.00032,0.0,0.0,0.00032
2018-04-28 01:00:00,2018-04-28 02:00,1.33701,0.80378,0.0046,0.03182,0.49681,0.00019,0.0,0.0,0.00019
2018-04-28 02:00:00,2018-04-28 03:00,1.465,0.9589,3e-05,0.0362,0.46987,0.00028,0.0,0.0,0.00028
2018-04-28 03:00:00,2018-04-28 04:00,1.57594,1.06856,0.00168,0.03584,0.46986,0.0003,0.0,0.0,0.0003
2018-04-28 04:00:00,2018-04-28 05:00,1.51158,1.00486,0.0,0.03842,0.4683,0.02486,0.0245,0.0,0.00035
2018-04-28 05:00:00,2018-04-28 06:00,1.23725,0.68201,0.0003,0.06234,0.49259,0.08099,0.07979,0.0,0.0012
2018-04-28 06:00:00,2018-04-28 07:00,1.39769,0.76678,0.00153,0.08966,0.53972,0.08515,0.08331,0.0,0.00184
2018-04-28 07:00:00,2018-04-28 08:00,2.0476,1.29198,0.0,0.10239,0.65322,0.00408,0.0,0.0,0.00408
2018-04-28 08:00:00,2018-04-28 09:00,1.83358,0.94193,0.00043,0.13736,0.75385,0.00551,0.0,0.0,0.00551
2018-04-28 09:00:00,2018-04-28 10:00,1.77317,0.73847,0.00294,0.16905,0.86271,0.00768,0.0,0.0,0.00768
2018-04-28 10:00:00,2018-04-28 11:00,1.55174,0.59114,0.0027,0.14244,0.81545,0.0074,0.0,0.0,0.0074
2018-04-28 11:00:00,2018-04-28 12:00,1.36807,0.40697,0.00334,0.14364,0.81412,0.00669,0.0,0.0,0.00669
2018-04-28 12:00:00,2018-04-28 13:00,1.26406,0.28817,0.00701,0.14074,0.82813,0.00406,0.0,0.0,0.00406
2018-04-28 13:00:00,2018-04-28 14:00,1.21909,0.16525,0.01529,0.13387,0.90468,0.00271,0.0,0.0,0.00271
2018-04-28 14:00:00,2018-04-28 15:00,1.17423,0.09264,0.02451,0.14364,0.91345,0.0031,0.0,0.0,0.0031
2018-04-28 15:00:00,2018-04-28 16:00,1.16446,0.04635,0.04113,0.15106,0.92592,0.00503,0.0,0.0,0.00503
2018-04-28 16:00:00,2018-04-28 17:00,1.26011,0.02732,0.06202,0.13011,1.04066,0.00673,0.0,0.0,0.00673
2018-04-28 17:00:00,2018-04-28 18:00,1.35543,0.01507,0.09675,0.1389,1.10471,0.00592,0.0,0.0,0.00592
2018-04-28 18:00:00,2018-04-28 19:00,1.38066,0.0104,0.09332,0.15379,1.12315,0.00423,0.0,0.0,0.00423
2018-04-28 19:00:00,2018-04-28 20:00,1.48575,0.01035,0.08905,0.12404,1.26231,0.00451,0.0,0.0,0.00451
2018-04-28 20:00:00,2018-04-28 21:00,1.52895,0.01712,0.06606,0.09278,1.35299,0.00577,0.0,0.0,0.00577
2018-04-28 21:00:00,2018-04-28 22:00,1.47795,0.06148,0.03658,0.06871,1.31117,0.00346,0.0,0.0,0.00346
2018-04-28 22:00:00,2018-04-28 23:00,1.17793,0.13068,0.0189,0.05379,0.97456,0.00259,0.0,0.0,0.00259
2018-04-28 23:00:00,2018-04-29 00:00,0.95936,0.18719,0.0099,0.05458,0.70768,0.0008,0.0,0.0,0.0008
2018-04-29 00:00:00,2018-04-29 01:00,0.85403,0.24746,0.01359,0.04101,0.55197,0.00032,0.0,0.0,0.00032
2018-04-29 01:00:00,2018-04-29 02:00,0.86625,0.31038,0.0104,0.0422,0.50327,0.00019,0.0,0.0,0.00019
2018-04-29 02:00:00,2018-04-29 03:00,0.94272,0.44002,0.00154,0.0261,0.47507,0.00028,0.0,0.0,0.00028
2018-04-29 03:00:00,2018-04-29 04:00,1.05353,0.54187,0.00261,0.0354,0.47366,0.00049,0.0,0.0,0.00049
2018-04-29 04:00:00,2018-04-29 05:00,1.22478,0.70982,3e-05,0.03831,0.47662,0.00024,0.0,0.0,0.00024
2018-04-29 05:00:00,2018-04-29 06:00,1.46584,0.92193,0.0,0.04553,0.49838,0.00031,0.0,0.0,0.00031
2018-04-29 06:00:00,2018-04-29 07:00,1.69763,1.06149,0.00058,0.09014,0.54542,0.00115,0.0,0.0,0.00115
2018-04-29 07:00:00,2018-04-29 08:00,1.65235,0.8288,0.0,0.12652,0.69703,0.00323,0.0,0.0,0.00323
2018-04-29 08:00:00,2018-04-29 09:00,1.54022,0.60323,0.00085,0.17425,0.76189,0.00402,0.0,0.0,0.00402
2018-04-29 09:00:00,2018-04-29 10:00,1.45687,0.45565,0.00294,0.16262,0.83566,0.00539,0.0,0.0,0.00539
2018-04-29 10:00:00,2018-04-29 11:00,1.41623,0.31225,0.00702,0.1421,0.95487,0.00695,0.0,0.0,0.00695
2018-04-29 11:00:00,2018-04-29 12:00,1.27734,0.18375,0.00965,0.15515,0.92879,0.00545,0.0,0.0,0.00545
2018-04-29 12:00:00,2018-04-29 13:00,1.24243,0.13366,0.01509,0.14511,0.94857,0.00275,0.0,0.0,0.00275
2018-04-29 13:00:00,2018-04-29 14:00,1.07893,0.05898,0.02469,0.13935,0.8559,0.0022,0.0,0.0,0.0022
2018-04-29 14:00:00,2018-04-29 15:00,1.0057,0.02698,0.04424,0.13979,0.79469,0.00582,0.0,0.0,0.00582
2018-04-29 15:00:00,2018-04-29 16:00,1.09017,0.01066,0.07011,0.15384,0.85557,0.00345,0.0,0.0,0.00345
2018-04-29 16:00:00,2018-04-29 17:00,1.25115,0.0041,0.10372,0.13724,1.00608,0.00718,0.0,0.0,0.00718
2018-04-29 17:00:00,2018-04-29 18:00,1.4001,0.00209,0.15287,0.13436,1.11077,0.00488,0.0,0.0,0.00488
2018-04-29 18:00:00,2018-04-29 19:00,1.44252,0.00242,0.15175,0.12358,1.16477,0.00449,0.0,0.0,0.00449
2018-04-29 19:00:00,2018-04-29 20:00,1.47084,0.00345,0.13833,0.10291,1.22615,0.00449,0.0,0.0,0.00449
2018-04-29 20:00:00,2018-04-29 21:00,1.51593,0.00467,0.11033,0.08057,1.32036,0.00473,0.0,0.0,0.00473
2018-04-29 21:00:00,2018-04-29 22:00,1.40308,0.00695,0.076,0.0836,1.23652,0.00332,0.0,0.0,0.00332
2018-04-29 22:00:00,2018-04-29 23:00,1.09203,0.01073,0.04648,0.07936,0.95546,0.00154,0.0,0.0,0.00154
2018-04-29 23:00:00,2018-04-30 00:00,0.8028,0.0222,0.03135,0.06287,0.68637,0.00171,0.0,0.0,0.00171
2018-04-30 00:00:00,2018-04-30 01:00,0.69099,0.0349,0.02479,0.0393,0.592,0.00081,0.0,0.0,0.00081
2018-04-30 01:00:00,2018-04-30 02:00,0.65617,0.04536,0.02087,0.04604,0.54391,0.00019,0.0,0.0,0.00019
2018-04-30 02:00:00,2018-04-30 03:00,0.61266,0.07754,0.008,0.03746,0.48966,0.00015,0.0,0.0,0.00015
2018-04-30 03:00:00,2018-04-30 04:00,0.60099,0.0813,0.00861,0.0296,0.48147,0.00027,0.0,0.0,0.00027
2018-04-30 04:00:00,2018-04-30 05:00,0.6507,0.11402,0.00276,0.03763,0.49628,0.00072,0.0,0.0,0.00072
2018-04-30 05:00:00,2018-04-30 06:00,0.80254,0.16077,0.00176,0.08903,0.55098,0.00117,0.0,0.0,0.00117
2018-04-30 06:00:00,2018-04-30 07:00,0.99734,0.18186,0.00415,0.17189,0.63944,0.00272,0.0,0.0,0.00272
2018-04-30 07:00:00,2018-04-30 08:00,1.16676,0.17767,0.00095,0.19171,0.79643,0.00419,0.0,0.0,0.00419
2018-04-30 08:00:00,2018-04-30 09:00,1.20202,0.2226,0.00175,0.15461,0.82307,0.00355,0.0,0.0,0.00355
2018-04-30 09:00:00,2018-04-30 10:00,1.16861,0.28485,0.00047,0.12803,0.75526,0.00176,0.0,0.0,0.00176
2018-04-30 10:00:00,2018-04-30 11:00,1.10596,0.28203,0.00097,0.12704,0.69592,0.00244,0.0,0.0,0.00244
2018-04-30 11:00:00,2018-04-30 12:00,1.04951,0.19421,0.0014,0.11423,0.73967,0.00346,0.0,0.0,0.00346
2018-04-30 12:00:00,2018-04-30 13:00,0.99323,0.12106,0.00869,0.11222,0.75127,0.00404,0.0,0.0,0.00404
2018-04-30 13:00:00,2018-04-30 14:00,0.84077,0.03249,0.01866,0.10149,0.68813,0.00328,0.0,0.0,0.00328
2018-04-30 14:00:00,2018-04-30 15:00,0.86405,0.00661,0.04957,0.1115,0.69637,0.00225,0.0,0.0,0.00225
2018-04-30 15:00:00,2018-04-30 16:00,0.93856,0.00092,0.12578,0.12057,0.69129,0.00354,0.0,0.0,0.00354
2018-04-30 16:00:00,2018-04-30 17:00,1.15562,0.0012,0.23293,0.112,0.80949,0.00348,0.0,0.0,0.00348
2018-04-30 17:00:00,2018-04-30 18:00,1.43941,0.00369,0.36616,0.11789,0.95167,0.0062,0.0,0.0,0.0062
2018-04-30 18:00:00,2018-04-30 19:00,1.66753,0.00094,0.42161,0.14004,1.10495,0.00737,0.0,0.0,0.00737
2018-04-30 19:00:00,2018-04-30 20:00,1.70022,0.00081,0.42408,0.10111,1.17422,0.00566,0.0,0.0,0.00566
2018-04-30 20:00:00,2018-04-30 21:00,1.66595,0.00523,0.35985,0.08674,1.21413,0.00585,0.0,0.0,0.00585
2018-04-30 21:00:00,2018-04-30 22:00,1.62655,0.0017,0.29657,0.083,1.24527,0.00314,0.0,0.0,0.00314
2018-04-30 22:00:00,2018-04-30 23:00,1.14864,0.00058,0.22684,0.06196,0.85926,0.0017,0.0,0.0,0.0017
2018-04-30 23:00:00,2018-05-01 00:00,0.82142,0.00078,0.16319,0.04829,0.60916,0.00246,0.0,0.0,0.00246
2018-05-01 00:00:00,2018-05-01 01:00,0.74697,0.00085,0.158,0.02832,0.55979,0.00203,0.0,0.0,0.00203
2018-05-01 01:00:00,2018-05-01 02:00,0.68183,0.00084,0.14194,0.02617,0.51289,0.00074,0.0,0.0,0.00074
2018-05-01 02:00:00,2018-05-01 03:00,0.63693,0.01072,0.09601,0.02389,0.5063,0.00017,0.0,0.0,0.00017
2018-05-01 03:00:00,2018-05-01 04:00,0.62614,0.00093,0.08186,0.03661,0.50674,0.00034,0.0,0.0,0.00034
2018-05-01 04:00:00,2018-05-01 05:00,0.5991,0.00742,0.05423,0.04766,0.4898,0.00053,0.0,0.0,0.00053
2018-05-01 05:00:00,2018-05-01 06:00,0.63298,0.00877,0.04111,0.06628,0.51682,0.00142,0.0,0.0,0.00142
2018-05-01 06:00:00,2018-05-01 07:00,0.82534,0.00917,0.03685,0.14131,0.63802,0.00426,0.0,0.0,0.00426
2018-05-01 07:00:00,2018-05-01 08:00,0.92071,0.01203,0.03012,0.1654,0.71316,0.00332,0.0,0.0,0.00332
2018-05-01 08:00:00,2018-05-01 09:00,0.9233,0.014,0.0318,0.14379,0.73372,0.00376,0.0,0.0,0.00376
2018-05-01 09:00:00,2018-05-01 10:00,0.95799,0.02174,0.04093,0.15151,0.74381,0.0036,0.0,0.0,0.0036
2018-05-01 10:00:00,2018-05-01 11:00,0.93785,0.02563,0.04902,0.11831,0.7449,0.00251,0.0,0.0,0.00251
2018-05-01 11:00:00,2018-05-01 12:00,0.87663,0.00849,0.0638,0.09895,0.70539,0.0037,0.0,0.0,0.0037
2018-05-01 12:00:00,2018-05-01 13:00,0.96976,0.009,0.07914,0.10032,0.78131,0.0038,0.0,0.0,0.0038
2018-05-01 13:00:00,2018-05-01 14:00,0.9303,0.00378,0.09715,0.1238,0.70558,0.00219,0.0,0.0,0.00219
2018-05-01 14:00:00,2018-05-01 15:00,0.9659,0.00107,0.12757,0.12354,0.71373,0.00326,0.0,0.0,0.00326
2018-05-01 15:00:00,2018-05-01 16:00,1.02927,0.00033,0.18134,0.11629,0.73131,0.00436,0.0,0.0,0.00436
2018-05-01 16:00:00,2018-05-01 17:00,1.20008,0.00185,0.21283,0.0986,0.88679,0.00436,0.0,0.0,0.00436
2018-05-01 17:00:00,2018-05-01 18:00,1.31623,0.00329,0.25672,0.10688,0.94935,0.00543,0.0,0.0,0.00543
2018-05-01 18:00:00,2018-05-01 19:00,1.48345,0.00092,0.23729,0.12565,1.11958,0.00426,0.0,0.0,0.00426
2018-05-01 19:00:00,2018-05-01 20:00,1.55355,0.00075,0.22784,0.1179,1.20706,0.00415,0.0,0.0,0.00415
2018-05-01 20:00:00,2018-05-01 21:00,1.51552,0.00693,0.21573,0.07823,1.21464,0.00269,0.0,0.0,0.00269
2018-05-01 21:00:00,2018-05-01 22:00,1.3792,0.0032,0.17114,0.06574,1.13913,0.00238,0.0,0.0,0.00238
2018-05-01 22:00:00,2018-05-01 23:00,1.00909,0.00109,0.12556,0.05725,0.82518,0.00341,0.0,0.0,0.00341
2018-05-01 23:00:00,2018-05-02 00:00,0.73645,0.00208,0.07582,0.04151,0.61703,0.00056,0.0,0.0,0.00056
2018-05-02 00:00:00,2018-05-02 01:00,0.61144,0.01125,0.04572,0.03253,0.52194,0.00032,0.0,0.0,0.00032
2018-05-02 01:00:00,2018-05-02 02:00,0.58971,0.01841,0.03923,0.03122,0.50085,0.00019,0.0,0.0,0.00019
2018-05-02 02:00:00,2018-05-02 03:00,0.57037,0.04431,0.01578,0.0291,0.48119,0.00015,0.0,0.0,0.00015
2018-05-02 03:00:00,2018-05-02 04:00,0.5689,0.04738,0.01374,0.03081,0.47697,0.0002,0.0,0.0,0.0002
2018-05-02 04:00:00,2018-05-02 05:00,0.6443,0.0875,0.00534,0.05592,0.49553,0.00076,0.0,0.0,0.00076
2018-05-02 05:00:00,2018-05-02 06:00,0.7736,0.1697,0.00264,0.08566,0.51561,0.00107,0.0,0.0,0.00107
2018-05-02 06:00:00,2018-05-02 07:00,0.97218,0.23137,0.00529,0.13105,0.60447,0.00255,0.0,0.0,0.00255
2018-05-02 07:00:00,2018-05-02 08:00,1.11888,0.23146,0.00327,0.16094,0.72321,0.00508,0.0,0.0,0.00508
2018-05-02 08:00:00,2018-05-02 09:00,1.09519,0.22011,0.00696,0.15352,0.7146,0.00625,0.0,0.0,0.00625
2018-05-02 09:00:00,2018-05-02 10:00,1.02954,0.17303,0.00943,0.12179,0.72529,0.00492,0.0,0.0,0.00492
2018-05-02 10:00:00,2018-05-02 11:00,0.97641,0.12822,0.01125,0.11271,0.72422,0.0059,0.0,0.0,0.0059
2018-05-02 11:00:00,2018-05-02 12:00,0.91044,0.05865,0.01517,0.09899,0.73763,0.00445,0.0,0.0,0.00445
2018-05-02 12:00:00,2018-05-02 13:00,0.89252,0.05082,0.02769,0.1013,0.71271,0.00203,0.0,0.0,0.00203
2018-05-02 13:00:00,2018-05-02 14:00,0.86932,0.01574,0.03974,0.10897,0.70487,0.00212,0.0,0.0,0.00212
2018-05-02 14:00:00,2018-05-02 15:00,0.85956,0.00417,0.05949,0.11327,0.68263,0.00306,0.0,0.0,0.00306
2018-05-02 15:00:00,2018-05-02 16:00,0.96697,0.0021,0.09357,0.1163,0.755,0.00315,0.0,0.0,0.00315
2018-05-02 16:00:00,2018-05-02 17:00,1.09307,0.00189,0.13317,0.08692,0.8711,0.00505,0.0,0.0,0.00505
2018-05-02 17:00:00,2018-05-02 18:00,1.33219,0.00522,0.19595,0.10186,1.02916,0.00495,0.0,0.0,0.00495
2018-05-02 18:00:00,2018-05-02 19:00,1.43834,0.00131,0.18712,0.14197,1.10793,0.00433,0.0,0.0,0.00433
2018-05-02 19:00:00,2018-05-02 20:00,1.48141,0.00105,0.16822,0.10919,1.20295,0.00215,0.0,0.0,0.00215
2018-05-02 20:00:00,2018-05-02 21:00,1.44226,0.00771,0.14762,0.08794,1.199,0.00317,0.0,0.0,0.00317
2018-05-02 21:00:00,2018-05-02 22:00,1.34884,0.00417,0.10827,0.08328,1.15312,0.00442,0.0,0.0,0.00442
2018-05-02 22:00:00,2018-05-02 23:00,0.99138,0.00196,0.07674,0.05569,0.857,0.00225,0.0,0.0,0.00225
2018-05-02 23:00:00,2018-05-03 00:00,0.68327,0.00313,0.05293,0.04398,0.58323,0.00232,0.0,0.0,0.00232
2018-05-03 00:00:00,2018-05-03 01:00,0.60364,0.00875,0.05561,0.032,0.50728,0.00067,0.0,0.0,0.00067
2018-05-03 01:00:00,2018-05-03 02:00,0.5738,0.01111,0.05211,0.01569,0.49489,0.00069,0.0,0.0,0.00069
2018-05-03 02:00:00,2018-05-03 03:00,0.5679,0.03546,0.02533,0.02696,0.48016,0.00029,0.0,0.0,0.00029
2018-05-03 03:00:00,2018-05-03 04:00,0.55946,0.03377,0.02026,0.0237,0.48172,0.00013,0.0,0.0,0.00013
2018-05-03 04:00:00,2018-05-03 05:00,0.59434,0.06449,0.01,0.04092,0.47894,0.00063,0.0,0.0,0.00063
2018-05-03 05:00:00,2018-05-03 06:00,0.72655,0.10996,0.00587,0.09924,0.51149,0.00154,0.0,0.0,0.00154
2018-05-03 06:00:00,2018-05-03 07:00,0.90738,0.16424,0.00625,0.13539,0.6015,0.0036,0.0,0.0,0.0036
2018-05-03 07:00:00,2018-05-03 08:00,0.95117,0.13018,0.00625,0.15615,0.65859,0.00282,0.0,0.0,0.00282
2018-05-03 08:00:00,2018-05-03 09:00,0.9926,0.07811,0.0152,0.13956,0.75973,0.00292,0.0,0.0,0.00292
2018-05-03 09:00:00,2018-05-03 10:00,0.92715,0.05377,0.02932,0.11984,0.72423,0.00399,0.0,0.0,0.00399
2018-05-03 10:00:00,2018-05-03 11:00,0.93383,0.03988,0.04475,0.12212,0.72708,0.00491,0.0,0.0,0.00491
2018-05-03 11:00:00,2018-05-03 12:00,0.90119,0.00721,0.06799,0.10935,0.71665,0.00268,0.0,0.0,0.00268
2018-05-03 12:00:00,2018-05-03 13:00,0.86665,0.00914,0.10828,0.0876,0.66163,0.00193,0.0,0.0,0.00193
2018-05-03 13:00:00,2018-05-03 14:00,0.94365,0.00112,0.16041,0.08014,0.70199,0.00221,0.0,0.0,0.00221
2018-05-03 14:00:00,2018-05-03 15:00,1.04727,0.00029,0.23356,0.09446,0.71896,0.00354,0.0,0.0,0.00354
2018-05-03 15:00:00,2018-05-03 16:00,1.16906,3e-05,0.30314,0.11774,0.74815,0.00315,0.0,0.0,0.00315
2018-05-03 16:00:00,2018-05-03 17:00,1.31928,0.00132,0.34543,0.1091,0.86342,0.00644,0.0,0.0,0.00644
2018-05-03 17:00:00,2018-05-03 18:00,1.45571,0.00258,0.37761,0.11466,0.96085,0.0058,0.0,0.0,0.0058
2018-05-03 18:00:00,2018-05-03 19:00,1.51567,0.00048,0.34006,0.10591,1.06922,0.00308,0.0,0.0,0.00308
2018-05-03 19:00:00,2018-05-03 20:00,1.65228,0.0002,0.33647,0.10564,1.20996,0.00452,0.0,0.0,0.00452
2018-05-03 20:00:00,2018-05-03 21:00,1.6938,0.00523,0.30988,0.10005,1.27864,0.00388,0.0,0.0,0.00388
2018-05-03 21:00:00,2018-05-03 22:00,1.56309,0.00158,0.24654,0.07965,1.23532,0.00337,0.0,0.0,0.00337
2018-05-03 22:00:00,2018-05-03 23:00,1.13431,0.00075,0.17787,0.06158,0.89411,0.00156,0.0,0.0,0.00156
2018-05-03 23:00:00,2018-05-04 00:00,0.78869,0.00116,0.1183,0.04621,0.62303,0.00112,0.0,0.0,0.00112
2018-05-04 00:00:00,2018-05-04 01:00,0.62838,0.00219,0.08459,0.031,0.5106,0.00081,0.0,0.0,0.00081
2018-05-04 01:00:00,2018-05-04 02:00,0.59146,0.00239,0.07254,0.02597,0.49056,0.00019,0.0,0.0,0.00019
2018-05-04 02:00:00,2018-05-04 03:00,0.56429,0.01976,0.03772,0.02965,0.47716,0.00015,0.0,0.0,0.00015
2018-05-04 03:00:00,2018-05-04 04:00,0.54934,0.01293,0.02986,0.02642,0.48013,0.00013,0.0,0.0,0.00013
2018-05-04 04:00:00,2018-05-04 05:00,0.58388,0.02891,0.01575,0.0538,0.48542,0.00025,0.0,0.0,0.00025
2018-05-04 05:00:00,2018-05-04 06:00,0.66309,0.05541,0.01013,0.08186,0.51569,0.00136,0.0,0.0,0.00136
2018-05-04 06:00:00,2018-05-04 07:00,0.85453,0.05989,0.01002,0.14858,0.63604,0.00299,0.0,0.0,0.00299
2018-05-04 07:00:00,2018-05-04 08:00,0.92143,0.04533,0.0166,0.17117,0.68834,0.0053,0.0,0.0,0.0053
2018-05-04 08:00:00,2018-05-04 09:00,0.89917,0.02729,0.03241,0.13072,0.70875,0.00407,0.0,0.0,0.00407
2018-05-04 09:00:00,2018-05-04 10:00,0.9063,0.02451,0.04481,0.11245,0.72453,0.00301,0.0,0.0,0.00301
2018-05-04 10:00:00,2018-05-04 11:00,0.92603,0.02428,0.06408,0.11358,0.72408,0.00329,0.0,0.0,0.00329
2018-05-04 11:00:00,2018-05-04 12:00,0.91609,0.00183,0.11074,0.09306,0.71045,0.00366,0.0,0.0,0.00366
2018-05-04 12:00:00,2018-05-04 13:00,0.97339,0.00285,0.16566,0.09555,0.70934,0.00324,0.0,0.0,0.00324
2018-05-04 13:00:00,2018-05-04 14:00,1.09941,0.00017,0.22416,0.1234,0.75169,0.00181,0.0,0.0,0.00181
2018-05-04 14:00:00,2018-05-04 15:00,1.13994,0.0,0.29057,0.116,0.73337,0.00266,0.0,0.0,0.00266
2018-05-04 15:00:00,2018-05-04 16:00,1.26649,0.0,0.37054,0.12378,0.77217,0.00253,0.0,0.0,0.00253
2018-05-04 16:00:00,2018-05-04 17:00,1.35374,0.00105,0.45303,0.10614,0.79353,0.0032,0.0,0.0,0.0032
2018-05-04 17:00:00,2018-05-04 18:00,1.62773,0.0,0.55496,0.0969,0.97587,0.00554,0.0,0.0,0.00554
2018-05-04 18:00:00,2018-05-04 19:00,1.83772,0.0,0.56386,0.12111,1.15276,0.00624,0.0,0.0,0.00624
2018-05-04 19:00:00,2018-05-04 20:00,1.8247,0.0,0.50941,0.11376,1.20153,0.00521,0.0,0.0,0.00521
2018-05-04 20:00:00,2018-05-04 21:00,1.74179,0.00497,0.39266,0.10655,1.2376,0.00691,0.0,0.0,0.00691
2018-05-04 21:00:00,2018-05-04 22:00,1.43709,0.00097,0.25441,0.08038,1.10134,0.00322,0.0,0.0,0.00322
2018-05-04 22:00:00,2018-05-04 23:00,1.09521,0.00049,0.17835,0.05568,0.86069,0.00138,0.0,0.0,0.00138
2018-05-04 23:00:00,2018-05-05 00:00,0.8005,0.00059,0.13595,0.04975,0.61422,0.00204,0.0,0.0,0.00204
2018-05-05 00:00:00,2018-05-05 01:00,0.69201,0.00068,0.15222,0.02627,0.51283,0.00095,0.0,0.0,0.00095
2018-05-05 01:00:00,2018-05-05 02:00,0.65204,0.00087,0.13202,0.02332,0.49583,0.00059,0.0,0.0,0.00059
2018-05-05 02:00:00,2018-05-05 03:00,0.61382,0.01219,0.08357,0.03705,0.48101,0.00049,0.0,0.0,0.00049
2018-05-05 03:00:00,2018-05-05 04:00,0.5882,0.00299,0.07103,0.03287,0.48131,0.00051,0.0,0.0,0.00051
2018-05-05 04:00:00,2018-05-05 05:00,0.57302,0.0112,0.04474,0.0355,0.48157,0.00031,0.0,0.0,0.00031
2018-05-05 05:00:00,2018-05-05 06:00,0.58104,0.02139,0.02565,0.02954,0.50446,0.00042,0.0,0.0,0.00042
2018-05-05 06:00:00,2018-05-05 07:00,0.67893,0.03484,0.02147,0.07213,0.55049,0.00074,0.0,0.0,0.00074
2018-05-05 07:00:00,2018-05-05 08:00,0.8343,0.02766,0.02711,0.1096,0.66993,0.00255,0.0,0.0,0.00255
2018-05-05 08:00:00,2018-05-05 09:00,0.94693,0.01273,0.04656,0.14597,0.74168,0.00339,0.0,0.0,0.00339
2018-05-05 09:00:00,2018-05-05 10:00,1.12232,0.01668,0.0757,0.14836,0.88158,0.00517,0.0,0.0,0.00517
2018-05-05 10:00:00,2018-05-05 11:00,1.17108,0.01917,0.10359,0.16694,0.88138,0.00542,0.0,0.0,0.00542
2018-05-05 11:00:00,2018-05-05 12:00,1.07939,0.00242,0.15055,0.12838,0.79805,0.00494,0.0,0.0,0.00494
2018-05-05 12:00:00,2018-05-05 13:00,1.19456,0.0032,0.22402,0.12684,0.8405,0.00343,0.0,0.0,0.00343
2018-05-05 13:00:00,2018-05-05 14:00,1.35442,0.00028,0.31471,0.12643,0.91299,0.00224,0.0,0.0,0.00224
2018-05-05 14:00:00,2018-05-05 15:00,1.52007,0.0,0.42618,0.15638,0.93751,0.00253,0.0,0.0,0.00253
2018-05-05 15:00:00,2018-05-05 16:00,1.57674,0.0,0.53542,0.12865,0.91268,0.00464,0.0,0.0,0.00464
2018-05-05 16:00:00,2018-05-05 17:00,1.72878,0.0,0.61674,0.11172,1.00033,0.0054,0.0,0.0,0.0054
2018-05-05 17:00:00,2018-05-05 18:00,1.86154,0.0,0.66084,0.12536,1.07534,0.00783,0.0,0.0,0.00783
2018-05-05 18:00:00,2018-05-05 19:00,1.71044,0.0,0.47461,0.11468,1.12115,0.00725,0.0,0.0,0.00725
2018-05-05 19:00:00,2018-05-05 20:00,1.75352,0.0,0.36262,0.11985,1.27106,0.00434,0.0,0.0,0.00434
2018-05-05 20:00:00,2018-05-05 21:00,1.71201,2e-05,0.3145,0.09871,1.29877,0.00166,0.0,0.0,0.00166
2018-05-05 21:00:00,2018-05-05 22:00,1.48819,0.00073,0.2342,0.06639,1.18687,0.00151,0.0,0.0,0.00151
2018-05-05 22:00:00,2018-05-05 23:00,1.12456,8e-05,0.16161,0.06951,0.89337,0.00067,0.0,0.0,0.00067
2018-05-05 23:00:00,2018-05-06 00:00,0.79839,0.00135,0.10249,0.04054,0.65401,0.00128,0.0,0.0,0.00128
2018-05-06 00:00:00,2018-05-06 01:00,0.65569,0.00753,0.08396,0.04413,0.52007,0.0006,0.0,0.0,0.0006
2018-05-06 01:00:00,2018-05-06 02:00,0.59738,0.0124,0.06354,0.02729,0.49415,0.00019,0.0,0.0,0.00019
2018-05-06 02:00:00,2018-05-06 03:00,0.58555,0.03607,0.03795,0.03017,0.48136,0.00034,0.0,0.0,0.00034
2018-05-06 03:00:00,2018-05-06 04:00,0.56308,0.02657,0.03041,0.0256,0.4805,0.00088,0.0,0.0,0.00088
2018-05-06 04:00:00,2018-05-06 05:00,0.58767,0.04615,0.01827,0.04138,0.48187,0.00172,0.0,0.0,0.00172
2018-05-06 05:00:00,2018-05-06 06:00,0.62906,0.07663,0.01137,0.0497,0.49136,0.0019,0.0,0.0,0.0019
2018-05-06 06:00:00,2018-05-06 07:00,0.69938,0.08654,0.01038,0.06997,0.5325,0.00092,0.0,0.0,0.00092
2018-05-06 07:00:00,2018-05-06 08:00,0.80618,0.08124,0.01358,0.10003,0.61133,0.00391,0.0,0.0,0.00391
2018-05-06 08:00:00,2018-05-06 09:00,0.93391,0.05743,0.02347,0.1343,0.71871,0.00484,0.0,0.0,0.00484
2018-05-06 09:00:00,2018-05-06 10:00,1.0418,0.04869,0.03512,0.15321,0.80477,0.00562,0.0,0.0,0.00562
2018-05-06 10:00:00,2018-05-06 11:00,1.05962,0.03646,0.05495,0.16066,0.80755,0.00537,0.0,0.0,0.00537
2018-05-06 11:00:00,2018-05-06 12:00,1.08537,0.00676,0.09314,0.12412,0.86136,0.00538,0.0,0.0,0.00538
2018-05-06 12:00:00,2018-05-06 13:00,1.06825,0.00662,0.13872,0.14316,0.77974,0.00448,0.0,0.0,0.00448
2018-05-06 13:00:00,2018-05-06 14:00,1.14744,0.00092,0.19696,0.1273,0.82225,0.0018,0.0,0.0,0.0018
2018-05-06 14:00:00,2018-05-06 15:00,1.19383,1e-05,0.28033,0.13457,0.77892,0.00318,0.0,0.0,0.00318
2018-05-06 15:00:00,2018-05-06 16:00,1.38805,0.0,0.38346,0.12244,0.88215,0.00379,0.0,0.0,0.00379
2018-05-06 16:00:00,2018-05-06 17:00,1.58049,0.0,0.47865,0.11662,0.98521,0.00526,0.0,0.0,0.00526
2018-05-06 17:00:00,2018-05-06 18:00,1.72968,0.0,0.57658,0.12844,1.02466,0.00389,0.0,0.0,0.00389
2018-05-06 18:00:00,2018-05-06 19:00,1.84011,0.0,0.60779,0.13404,1.09828,0.00515,0.0,0.0,0.00515
2018-05-06 19:00:00,2018-05-06 20:00,1.91653,0.0,0.60238,0.11869,1.19545,0.00545,0.0,0.0,0.00545
2018-05-06 20:00:00,2018-05-06 21:00,1.87872,0.0,0.50786,0.0796,1.29126,0.00304,0.0,0.0,0.00304
2018-05-06 21:00:00,2018-05-06 22:00,1.69814,0.00052,0.38846,0.05785,1.2513,0.00235,0.0,0.0,0.00235
2018-05-06 22:00:00,2018-05-06 23:00,1.34788,0.0,0.28885,0.05951,0.99952,0.00266,0.0,0.0,0.00266
2018-05-06 23:00:00,2018-05-07 00:00,0.94424,0.0001,0.19823,0.05787,0.68804,0.00179,0.0,0.0,0.00179
2018-05-07 00:00:00,2018-05-07 01:00,0.73082,0.00063,0.12225,0.05047,0.55747,0.00134,0.0,0.0,0.00134
2018-05-07 01:00:00,2018-05-07 02:00,0.65446,0.00097,0.09881,0.03285,0.52182,0.00042,0.0,0.0,0.00042
2018-05-07 02:00:00,2018-05-07 03:00,0.5956,0.01415,0.06244,0.02949,0.48953,0.00015,0.0,0.0,0.00015
2018-05-07 03:00:00,2018-05-07 04:00,0.57784,0.00378,0.05698,0.03702,0.48005,0.00088,0.0,0.0,0.00088
2018-05-07 04:00:00,2018-05-07 05:00,0.58277,0.01147,0.03822,0.05496,0.47811,0.00088,0.0,0.0,0.00088
2018-05-07 05:00:00,2018-05-07 06:00,0.64176,0.01694,0.02606,0.0816,0.51716,0.00115,0.0,0.0,0.00115
2018-05-07 06:00:00,2018-05-07 07:00,0.78937,0.01794,0.02749,0.1353,0.60863,0.00428,0.0,0.0,0.00428
2018-05-07 07:00:00,2018-05-07 08:00,0.8961,0.01395,0.04379,0.166,0.67236,0.00376,0.0,0.0,0.00376
2018-05-07 08:00:00,2018-05-07 09:00,0.91228,0.01092,0.07041,0.14465,0.6863,0.00447,0.0,0.0,0.00447
2018-05-07 09:00:00,2018-05-07 10:00,0.9453,0.01554,0.10704,0.11888,0.70384,0.00461,0.0,0.0,0.00461
2018-05-07 10:00:00,2018-05-07 11:00,1.06306,0.0132,0.17238,0.10465,0.77283,0.00449,0.0,0.0,0.00449
2018-05-07 11:00:00,2018-05-07 12:00,1.12262,0.0001,0.26258,0.10913,0.75081,0.00538,0.0,0.0,0.00538
2018-05-07 12:00:00,2018-05-07 13:00,1.29422,0.00213,0.37709,0.12263,0.79238,0.00643,0.0,0.0,0.00643
2018-05-07 13:00:00,2018-05-07 14:00,1.3182,0.0,0.49201,0.10292,0.72327,0.00292,0.0,0.0,0.00292
2018-05-07 14:00:00,2018-05-07 15:00,1.42251,0.0,0.63105,0.1026,0.68886,0.00371,0.0,0.0,0.00371
2018-05-07 15:00:00,2018-05-07 16:00,1.59997,0.0,0.75153,0.11055,0.73789,0.00324,0.0,0.0,0.00324
2018-05-07 16:00:00,2018-05-07 17:00,1.84137,0.00073,0.87366,0.10526,0.86172,0.00567,0.0,0.0,0.00567
2018-05-07 17:00:00,2018-05-07 18:00,2.06547,0.0,0.98687,0.10938,0.96922,0.00696,0.0,0.0,0.00696
2018-05-07 18:00:00,2018-05-07 19:00,2.20609,0.0,0.98457,0.11096,1.11056,0.00737,0.0,0.0,0.00737
2018-05-07 19:00:00,2018-05-07 20:00,2.21406,0.0,0.94773,0.11047,1.15587,0.00687,0.0,0.0,0.00687
2018-05-07 20:00:00,2018-05-07 21:00,2.2287,0.00354,0.80415,0.08947,1.33153,0.00559,0.0,0.0,0.00559
2018-05-07 21:00:00,2018-05-07 22:00,2.04356,0.00047,0.64116,0.0908,1.31113,0.00249,0.0,0.0,0.00249
2018-05-07 22:00:00,2018-05-07 23:00,1.51588,0.0,0.49737,0.06538,0.95313,0.00237,0.0,0.0,0.00237
2018-05-07 23:00:00,2018-05-08 00:00,1.13113,0.0,0.37403,0.04406,0.71305,0.00047,0.0,0.0,0.00047
2018-05-08 00:00:00,2018-05-08 01:00,0.95456,0.0,0.35344,0.03734,0.56377,0.0014,0.0,0.0,0.0014
2018-05-08 01:00:00,2018-05-08 02:00,0.84978,0.0,0.30781,0.04679,0.49518,0.00019,0.0,0.0,0.00019
2018-05-08 02:00:00,2018-05-08 03:00,0.75938,0.0093,0.23831,0.03016,0.48161,0.00015,0.0,0.0,0.00015
2018-05-08 03:00:00,2018-05-08 04:00,0.72878,1e-05,0.21662,0.02717,0.48498,0.00036,0.0,0.0,0.00036
2018-05-08 04:00:00,2018-05-08 05:00,0.72293,0.00547,0.17988,0.03947,0.49811,0.00089,0.0,0.0,0.00089
2018-05-08 05:00:00,2018-05-08 06:00,0.80135,0.00628,0.1442,0.09201,0.55885,0.00166,0.0,0.0,0.00166
2018-05-08 06:00:00,2018-05-08 07:00,0.99705,0.00444,0.13016,0.15174,0.7107,0.00364,0.0,0.0,0.00364
2018-05-08 07:00:00,2018-05-08 08:00,0.98678,0.00163,0.13836,0.13688,0.70991,0.0037,0.0,0.0,0.0037
2018-05-08 08:00:00,2018-05-08 09:00,0.96921,0.00236,0.15878,0.11036,0.69771,0.00247,0.0,0.0,0.00247
2018-05-08 09:00:00,2018-05-08 10:00,1.01356,0.01172,0.14114,0.1099,0.75081,0.00421,0.0,0.0,0.00421
2018-05-08 10:00:00,2018-05-08 11:00,0.98508,0.01196,0.13621,0.11596,0.72096,0.00366,0.0,0.0,0.00366
2018-05-08 11:00:00,2018-05-08 12:00,1.04883,0.00088,0.13316,0.10308,0.81172,0.00516,0.0,0.0,0.00516
2018-05-08 12:00:00,2018-05-08 13:00,0.92149,0.00275,0.11809,0.10197,0.69869,0.00361,0.0,0.0,0.00361
2018-05-08 13:00:00,2018-05-08 14:00,0.91874,0.00028,0.10037,0.10365,0.71444,0.00115,0.0,0.0,0.00115
2018-05-08 14:00:00,2018-05-08 15:00,0.9722,0.00039,0.10687,0.09913,0.76581,0.00206,0.0,0.0,0.00206
2018-05-08 15:00:00,2018-05-08 16:00,0.95225,3e-05,0.12808,0.10231,0.72184,0.00285,0.0,0.0,0.00285
2018-05-08 16:00:00,2018-05-08 17:00,1.12284,0.00204,0.13077,0.11315,0.87688,0.00662,0.0,0.0,0.00662
2018-05-08 17:00:00,2018-05-08 18:00,1.20659,0.00072,0.14143,0.12691,0.93752,0.00931,0.0,0.0,0.00931
2018-05-08 18:00:00,2018-05-08 19:00,1.35672,0.00035,0.12001,0.11969,1.11667,0.00786,0.0,0.0,0.00786
2018-05-08 19:00:00,2018-05-08 20:00,1.39039,0.00061,0.11741,0.10338,1.16899,0.00553,0.0,0.0,0.00553
2018-05-08 20:00:00,2018-05-08 21:00,1.42186,0.00777,0.12552,0.06642,1.22215,0.00347,0.0,0.0,0.00347
2018-05-08 21:00:00,2018-05-08 22:00,1.29362,0.00418,0.10218,0.07765,1.10961,0.00407,0.0,0.0,0.00407
2018-05-08 22:00:00,2018-05-08 23:00,0.96607,0.0038,0.07476,0.06558,0.82193,0.00361,0.0,0.0,0.00361
2018-05-08 23:00:00,2018-05-09 00:00,0.71493,0.00738,0.05418,0.04764,0.60573,0.00111,0.0,0.0,0.00111
2018-05-09 00:00:00,2018-05-09 01:00,0.63705,0.01298,0.0433,0.03791,0.54286,0.00032,0.0,0.0,0.00032
2018-05-09 01:00:00,2018-05-09 02:00,0.58296,0.01097,0.04287,0.02443,0.50469,0.00019,0.0,0.0,0.00019
2018-05-09 02:00:00,2018-05-09 03:00,0.5614,0.02931,0.02311,0.02984,0.47915,0.00026,0.0,0.0,0.00026
2018-05-09 03:00:00,2018-05-09 04:00,0.55469,0.02169,0.02398,0.03148,0.47754,0.00025,0.0,0.0,0.00025
2018-05-09 04:00:00,2018-05-09 05:00,0.61268,0.03557,0.01395,0.05551,0.50765,0.00142,0.0,0.0,0.00142
2018-05-09 05:00:00,2018-05-09 06:00,0.70856,0.06224,0.01005,0.08464,0.55163,0.00206,0.0,0.0,0.00206
2018-05-09 06:00:00,2018-05-09 07:00,0.87057,0.07932,0.01143,0.14886,0.63097,0.0035,0.0,0.0,0.0035
2018-05-09 07:00:00,2018-05-09 08:00,0.92416,0.09484,0.00999,0.14543,0.6739,0.00401,0.0,0.0,0.00401
2018-05-09 08:00:00,2018-05-09 09:00,0.93886,0.10275,0.00912,0.12578,0.70121,0.00344,0.0,0.0,0.00344
2018-05-09 09:00:00,2018-05-09 10:00,0.92708,0.10988,0.00858,0.12213,0.6865,0.00205,0.0,0.0,0.00205
2018-05-09 10:00:00,2018-05-09 11:00,0.92094,0.10416,0.00825,0.11164,0.6969,0.00269,0.0,0.0,0.00269
2018-05-09 11:00:00,2018-05-09 12:00,0.83317,0.05196,0.01081,0.09521,0.67519,0.00401,0.0,0.0,0.00401
2018-05-09 12:00:00,2018-05-09 13:00,0.84277,0.05037,0.01677,0.07583,0.69979,0.00176,0.0,0.0,0.00176
2018-05-09 13:00:00,2018-05-09 14:00,0.84492,0.02837,0.01481,0.09787,0.70387,0.00239,0.0,0.0,0.00239
2018-05-09 14:00:00,2018-05-09 15:00,0.82822,0.02403,0.01543,0.11474,0.67401,0.00268,0.0,0.0,0.00268
2018-05-09 15:00:00,2018-05-09 16:00,0.90684,0.02574,0.01895,0.12317,0.73898,0.00227,0.0,0.0,0.00227
2018-05-09 16:00:00,2018-05-09 17:00,1.00803,0.03013,0.02188,0.08891,0.86711,0.00498,0.0,0.0,0.00498
2018-05-09 17:00:00,2018-05-09 18:00,1.11641,0.02401,0.03966,0.11627,0.93647,0.00542,0.0,0.0,0.00542
2018-05-09 18:00:00,2018-05-09 19:00,1.21531,0.00678,0.04684,0.12676,1.03493,0.00521,0.0,0.0,0.00521
2018-05-09 19:00:00,2018-05-09 20:00,1.34315,0.00306,0.07122,0.11078,1.15809,0.0043,0.0,0.0,0.0043
2018-05-09 20:00:00,2018-05-09 21:00,1.37781,0.01072,0.07454,0.07796,1.2146,0.00289,0.0,0.0,0.00289
2018-05-09 21:00:00,2018-05-09 22:00,1.30196,0.01159,0.05136,0.06319,1.17582,0.00393,0.0,0.0,0.00393
2018-05-09 22:00:00,2018-05-09 23:00,0.96688,0.01546,0.03502,0.06035,0.85605,0.00161,0.0,0.0,0.00161
2018-05-09 23:00:00,2018-05-10 00:00,0.70792,0.03282,0.02249,0.05243,0.60017,0.00078,0.0,0.0,0.00078
2018-05-10 00:00:00,2018-05-10 01:00,0.63352,0.05533,0.0271,0.03504,0.51605,0.00038,0.0,0.0,0.00038
2018-05-10 01:00:00,2018-05-10 02:00,0.6232,0.06662,0.02709,0.03317,0.49631,0.00019,0.0,0.0,0.00019
2018-05-10 02:00:00,2018-05-10 03:00,0.61276,0.09863,0.01047,0.02935,0.47431,0.00015,0.0,0.0,0.00015
2018-05-10 03:00:00,2018-05-10 04:00,0.63152,0.10952,0.01164,0.03388,0.4765,0.00013,0.0,0.0,0.00013
2018-05-10 04:00:00,2018-05-10 05:00,0.71516,0.185,0.00327,0.04525,0.48164,0.00053,0.0,0.0,0.00053
2018-05-10 05:00:00,2018-05-10 06:00,0.89567,0.3172,0.0009,0.07576,0.50181,0.00126,0.0,0.0,0.00126
2018-05-10 06:00:00,2018-05-10 07:00,1.11148,0.39939,0.00302,0.136,0.57308,0.00403,0.0,0.0,0.00403
2018-05-10 07:00:00,2018-05-10 08:00,1.28652,0.39077,0.00014,0.16297,0.73264,0.00478,0.0,0.0,0.00478
2018-05-10 08:00:00,2018-05-10 09:00,1.2873,0.37742,0.0023,0.13908,0.7685,0.00478,0.0,0.0,0.00478
2018-05-10 09:00:00,2018-05-10 10:00,1.13993,0.31326,0.00659,0.12487,0.69521,0.00623,0.0,0.0,0.00623
2018-05-10 10:00:00,2018-05-10 11:00,1.08461,0.22424,0.00835,0.11474,0.73728,0.00454,0.0,0.0,0.00454
2018-05-10 11:00:00,2018-05-10 12:00,0.93538,0.12588,0.0097,0.10344,0.69636,0.00489,0.0,0.0,0.00489
2018-05-10 12:00:00,2018-05-10 13:00,0.96597,0.10151,0.02034,0.10208,0.74204,0.00249,0.0,0.0,0.00249
2018-05-10 13:00:00,2018-05-10 14:00,0.89789,0.04385,0.02765,0.10167,0.72473,0.00359,0.0,0.0,0.00359
2018-05-10 14:00:00,2018-05-10 15:00,0.87103,0.02077,0.0404,0.11119,0.69867,0.00353,0.0,0.0,0.00353
2018-05-10 15:00:00,2018-05-10 16:00,0.99535,0.01129,0.06075,0.11477,0.80855,0.00463,0.0,0.0,0.00463
2018-05-10 16:00:00,2018-05-10 17:00,1.10425,0.00835,0.07856,0.12997,0.88737,0.00458,0.0,0.0,0.00458
2018-05-10 17:00:00,2018-05-10 18:00,1.26868,0.00869,0.10001,0.11723,1.04274,0.00414,0.0,0.0,0.00414
2018-05-10 18:00:00,2018-05-10 19:00,1.30454,0.00558,0.08321,0.11335,1.10241,0.00547,0.0,0.0,0.00547
2018-05-10 19:00:00,2018-05-10 20:00,1.36029,0.00606,0.0814,0.11895,1.15388,0.00566,0.0,0.0,0.00566
2018-05-10 20:00:00,2018-05-10 21:00,1.36509,0.01482,0.07936,0.07184,1.19907,0.00484,0.0,0.0,0.00484
2018-05-10 21:00:00,2018-05-10 22:00,1.26696,0.01427,0.05581,0.0705,1.12638,0.00336,0.0,0.0,0.00336
2018-05-10 22:00:00,2018-05-10 23:00,0.96298,0.02112,0.03479,0.05967,0.8474,0.00233,0.0,0.0,0.00233
2018-05-10 23:00:00,2018-05-11 00:00,0.69953,0.04213,0.02508,0.04323,0.5891,0.00061,0.0,0.0,0.00061
2018-05-11 00:00:00,2018-05-11 01:00,0.67334,0.06985,0.02297,0.03938,0.54115,0.00076,0.0,0.0,0.00076
2018-05-11 01:00:00,2018-05-11 02:00,0.63115,0.08522,0.01958,0.03192,0.49444,0.00055,0.0,0.0,0.00055
2018-05-11 02:00:00,2018-05-11 03:00,0.65226,0.14216,0.00583,0.03054,0.47374,0.00015,0.0,0.0,0.00015
2018-05-11 03:00:00,2018-05-11 04:00,0.73918,0.21323,0.00726,0.04009,0.47861,0.00045,0.0,0.0,0.00045
2018-05-11 04:00:00,2018-05-11 05:00,0.7904,0.26613,0.00174,0.04111,0.48142,0.00096,0.0,0.0,0.00096
2018-05-11 05:00:00,2018-05-11 06:00,0.93382,0.33906,0.0017,0.0759,0.51716,0.00264,0.0,0.0,0.00264
2018-05-11 06:00:00,2018-05-11 07:00,1.17134,0.40406,0.00433,0.1379,0.62506,0.00499,0.0,0.0,0.00499
2018-05-11 07:00:00,2018-05-11 08:00,1.26889,0.41825,9e-05,0.16635,0.6842,0.00565,0.0,0.0,0.00565
2018-05-11 08:00:00,2018-05-11 09:00,1.35451,0.48006,0.00056,0.13246,0.74144,0.0057,0.0,0.0,0.0057
2018-05-11 09:00:00,2018-05-11 10:00,1.34386,0.49214,0.00061,0.11786,0.73325,0.00414,0.0,0.0,0.00414
2018-05-11 10:00:00,2018-05-11 11:00,1.29701,0.43364,0.00421,0.09578,0.76338,0.00519,0.0,0.0,0.00519
2018-05-11 11:00:00,2018-05-11 12:00,1.19841,0.32512,0.00336,0.10046,0.76947,0.00383,0.0,0.0,0.00383
2018-05-11 12:00:00,2018-05-11 13:00,1.1795,0.31335,0.0075,0.11976,0.73891,0.00551,0.0,0.0,0.00551
2018-05-11 13:00:00,2018-05-11 14:00,1.05911,0.26934,0.0037,0.10336,0.68272,0.00394,0.0,0.0,0.00394
2018-05-11 14:00:00,2018-05-11 15:00,1.08803,0.26093,0.00369,0.09323,0.73017,0.00323,0.0,0.0,0.00323
2018-05-11 15:00:00,2018-05-11 16:00,1.11251,0.25653,0.00494,0.10747,0.74357,0.00263,0.0,0.0,0.00263
2018-05-11 16:00:00,2018-05-11 17:00,1.25973,0.23141,0.00589,0.1311,0.89132,0.00375,0.0,0.0,0.00375
2018-05-11 17:00:00,2018-05-11 18:00,1.3176,0.19161,0.01407,0.11681,0.9951,0.00825,0.0,0.0,0.00825
2018-05-11 18:00:00,2018-05-11 19:00,1.34175,0.17284,0.00667,0.11862,1.04361,0.0072,0.0,0.0,0.0072
2018-05-11 19:00:00,2018-05-11 20:00,1.45783,0.18317,0.01055,0.10454,1.15957,0.00537,0.0,0.0,0.00537
2018-05-11 20:00:00,2018-05-11 21:00,1.53018,0.17046,0.01322,0.08879,1.25771,0.00389,0.0,0.0,0.00389
2018-05-11 21:00:00,2018-05-11 22:00,1.44375,0.17609,0.00965,0.07764,1.18037,0.00259,0.0,0.0,0.00259
2018-05-11 22:00:00,2018-05-11 23:00,1.16882,0.20604,0.00638,0.06392,0.89249,0.00574,0.0,0.0,0.00574
2018-05-11 23:00:00,2018-05-12 00:00,0.90234,0.21575,0.00272,0.0508,0.63307,0.00138,0.0,0.0,0.00138
2018-05-12 00:00:00,2018-05-12 01:00,0.81214,0.23819,0.01086,0.03817,0.52492,0.00069,0.0,0.0,0.00069
2018-05-12 01:00:00,2018-05-12 02:00,0.84349,0.28831,0.01138,0.03433,0.50947,0.00019,0.0,0.0,0.00019
2018-05-12 02:00:00,2018-05-12 03:00,0.88688,0.37384,0.00164,0.03705,0.47435,0.00015,0.0,0.0,0.00015
2018-05-12 03:00:00,2018-05-12 04:00,0.95034,0.43584,0.00378,0.03748,0.47324,0.00036,0.0,0.0,0.00036
2018-05-12 04:00:00,2018-05-12 05:00,1.0064,0.4993,0.00035,0.03151,0.47523,0.00077,0.0,0.0,0.00077
2018-05-12 05:00:00,2018-05-12 06:00,1.10925,0.5716,0.00027,0.04802,0.48936,0.00089,0.0,0.0,0.00089
2018-05-12 06:00:00,2018-05-12 07:00,1.27079,0.61842,0.00188,0.07116,0.57933,0.00145,0.0,0.0,0.00145
2018-05-12 07:00:00,2018-05-12 08:00,1.38518,0.5764,0.00015,0.1237,0.68492,0.00319,0.0,0.0,0.00319
2018-05-12 08:00:00,2018-05-12 09:00,1.45616,0.55452,0.0,0.14319,0.75845,0.00392,0.0,0.0,0.00392
2018-05-12 09:00:00,2018-05-12 10:00,1.4098,0.44457,0.0003,0.13834,0.82659,0.00589,0.0,0.0,0.00589
2018-05-12 10:00:00,2018-05-12 11:00,1.29463,0.30916,0.002,0.1491,0.83437,0.00375,0.0,0.0,0.00375
2018-05-12 11:00:00,2018-05-12 12:00,1.11712,0.19158,0.00276,0.14527,0.7775,0.00502,0.0,0.0,0.00502
2018-05-12 12:00:00,2018-05-12 13:00,1.01799,0.15187,0.00567,0.11102,0.74942,0.00265,0.0,0.0,0.00265
2018-05-12 13:00:00,2018-05-12 14:00,0.99035,0.07139,0.01361,0.11411,0.79124,0.0058,0.0,0.0,0.0058
2018-05-12 14:00:00,2018-05-12 15:00,1.00068,0.04078,0.0205,0.14709,0.7923,0.00647,0.0,0.0,0.00647
2018-05-12 15:00:00,2018-05-12 16:00,1.02815,0.02917,0.02454,0.14832,0.82613,0.00406,0.0,0.0,0.00406
2018-05-12 16:00:00,2018-05-12 17:00,1.19432,0.02797,0.02779,0.12671,1.01185,0.00569,0.0,0.0,0.00569
2018-05-12 17:00:00,2018-05-12 18:00,1.26844,0.02605,0.03734,0.1084,1.09664,0.00515,0.0,0.0,0.00515
2018-05-12 18:00:00,2018-05-12 19:00,1.28513,0.03249,0.02592,0.11411,1.11261,0.0026,0.0,0.0,0.0026
2018-05-12 19:00:00,2018-05-12 20:00,1.32174,0.0382,0.0278,0.09625,1.15949,0.00282,0.0,0.0,0.00282
2018-05-12 20:00:00,2018-05-12 21:00,1.44084,0.03952,0.03112,0.09319,1.277,0.00323,0.0,0.0,0.00323
2018-05-12 21:00:00,2018-05-12 22:00,1.41674,0.05893,0.02579,0.07771,1.25431,0.0033,0.0,0.0,0.0033
2018-05-12 22:00:00,2018-05-12 23:00,1.12306,0.08773,0.01592,0.06001,0.95941,0.0018,0.0,0.0,0.0018
2018-05-12 23:00:00,2018-05-13 00:00,0.86773,0.168,0.00801,0.05255,0.63917,0.00167,0.0,0.0,0.00167
2018-05-13 00:00:00,2018-05-13 01:00,0.85774,0.25466,0.01434,0.04777,0.54097,0.00092,0.0,0.0,0.00092
2018-05-13 01:00:00,2018-05-13 02:00,0.84732,0.29589,0.01202,0.04077,0.49864,0.00019,0.0,0.0,0.00019
2018-05-13 02:00:00,2018-05-13 03:00,0.90233,0.39371,0.00157,0.02717,0.47988,0.00015,0.0,0.0,0.00015
2018-05-13 03:00:00,2018-05-13 04:00,0.97407,0.46654,0.0034,0.02924,0.47489,0.0002,0.0,0.0,0.0002
2018-05-13 04:00:00,2018-05-13 05:00,1.06048,0.54694,0.00024,0.03484,0.47846,0.00093,0.0,0.0,0.00093
2018-05-13 05:00:00,2018-05-13 06:00,1.26036,0.71336,0.00026,0.04866,0.49809,0.00124,0.0,0.0,0.00124
2018-05-13 06:00:00,2018-05-13 07:00,1.32649,0.72905,0.0017,0.06718,0.52856,0.00164,0.0,0.0,0.00164
2018-05-13 07:00:00,2018-05-13 08:00,1.29338,0.52164,7e-05,0.1054,0.66627,0.00348,0.0,0.0,0.00348
2018-05-13 08:00:00,2018-05-13 09:00,1.26578,0.35778,0.00086,0.13058,0.77656,0.00311,0.0,0.0,0.00311
2018-05-13 09:00:00,2018-05-13 10:00,1.27051,0.27613,0.00369,0.14072,0.84997,0.00315,0.0,0.0,0.00315
2018-05-13 10:00:00,2018-05-13 11:00,1.13346,0.16641,0.01062,0.16038,0.79605,0.00597,0.0,0.0,0.00597
2018-05-13 11:00:00,2018-05-13 12:00,0.97499,0.06926,0.01988,0.10713,0.77873,0.00433,0.0,0.0,0.00433
2018-05-13 12:00:00,2018-05-13 13:00,0.97178,0.05009,0.03712,0.1105,0.77407,0.00245,0.0,0.0,0.00245
2018-05-13 13:00:00,2018-05-13 14:00,1.04411,0.0146,0.06115,0.13868,0.82969,0.00286,0.0,0.0,0.00286
2018-05-13 14:00:00,2018-05-13 15:00,1.15406,0.0047,0.09606,0.14055,0.91276,0.00392,0.0,0.0,0.00392
2018-05-13 15:00:00,2018-05-13 16:00,1.22381,0.00043,0.15055,0.13139,0.94144,0.00365,0.0,0.0,0.00365
2018-05-13 16:00:00,2018-05-13 17:00,1.30783,0.00017,0.21712,0.12318,0.96736,0.00426,0.0,0.0,0.00426
2018-05-13 17:00:00,2018-05-13 18:00,1.48895,0.0,0.30304,0.12769,1.05822,0.00679,0.0,0.0,0.00679
2018-05-13 18:00:00,2018-05-13 19:00,1.56871,0.0,0.34395,0.12153,1.10322,0.00657,0.0,0.0,0.00657
2018-05-13 19:00:00,2018-05-13 20:00,1.74208,0.0,0.35481,0.11213,1.27514,0.00322,0.0,0.0,0.00322
2018-05-13 20:00:00,2018-05-13 21:00,1.74728,0.00026,0.31378,0.08463,1.34861,0.0037,0.0,0.0,0.0037
2018-05-13 21:00:00,2018-05-13 22:00,1.62268,0.00095,0.23616,0.07866,1.30691,0.00298,0.0,0.0,0.00298
2018-05-13 22:00:00,2018-05-13 23:00,1.20128,0.00037,0.17056,0.05806,0.9723,0.00191,0.0,0.0,0.00191
2018-05-13 23:00:00,2018-05-14 00:00,0.83075,0.00064,0.12019,0.05308,0.65684,0.00139,0.0,0.0,0.00139
2018-05-14 00:00:00,2018-05-14 01:00,0.64942,0.00147,0.08688,0.03371,0.52736,0.00075,0.0,0.0,0.00075
2018-05-14 01:00:00,2018-05-14 02:00,0.61238,0.00316,0.07184,0.0386,0.49878,0.00019,0.0,0.0,0.00019
2018-05-14 02:00:00,2018-05-14 03:00,0.58011,0.02038,0.03783,0.03703,0.48488,0.00038,0.0,0.0,0.00038
2018-05-14 03:00:00,2018-05-14 04:00,0.55521,0.00886,0.03348,0.02788,0.48498,0.00019,0.0,0.0,0.00019
2018-05-14 04:00:00,2018-05-14 05:00,0.57772,0.02201,0.01807,0.04522,0.49241,0.00023,0.0,0.0,0.00023
2018-05-14 05:00:00,2018-05-14 06:00,0.66157,0.04506,0.01008,0.06358,0.54284,0.00099,0.0,0.0,0.00099
2018-05-14 06:00:00,2018-05-14 07:00,0.80646,0.05346,0.01492,0.1211,0.61698,0.00421,0.0,0.0,0.00421
2018-05-14 07:00:00,2018-05-14 08:00,0.966,0.04514,0.01522,0.15455,0.75109,0.00273,0.0,0.0,0.00273
2018-05-14 08:00:00,2018-05-14 09:00,0.97724,0.03885,0.01766,0.15119,0.76955,0.00431,0.0,0.0,0.00431
2018-05-14 09:00:00,2018-05-14 10:00,0.97449,0.03734,0.02605,0.11507,0.79603,0.00386,0.0,0.0,0.00386
2018-05-14 10:00:00,2018-05-14 11:00,0.91407,0.03152,0.03989,0.10454,0.73811,0.00403,0.0,0.0,0.00403
2018-05-14 11:00:00,2018-05-14 12:00,0.90594,0.0035,0.07321,0.10594,0.72328,0.00286,0.0,0.0,0.00286
2018-05-14 12:00:00,2018-05-14 13:00,0.94939,0.00327,0.13335,0.08847,0.7243,0.00358,0.0,0.0,0.00358
2018-05-14 13:00:00,2018-05-14 14:00,0.99213,6e-05,0.18142,0.10541,0.70523,0.00343,0.0,0.0,0.00343
2018-05-14 14:00:00,2018-05-14 15:00,1.04313,0.0,0.21515,0.11955,0.70844,0.00279,0.0,0.0,0.00279
2018-05-14 15:00:00,2018-05-14 16:00,1.04953,0.0,0.22446,0.1054,0.71967,0.00404,0.0,0.0,0.00404
2018-05-14 16:00:00,2018-05-14 17:00,1.1438,0.00144,0.19302,0.10101,0.84833,0.00445,0.0,0.0,0.00445
2018-05-14 17:00:00,2018-05-14 18:00,1.25631,0.00202,0.16792,0.09996,0.98642,0.00463,0.0,0.0,0.00463
2018-05-14 18:00:00,2018-05-14 19:00,1.33395,0.00014,0.13563,0.12586,1.07232,0.00435,0.0,0.0,0.00435
2018-05-14 19:00:00,2018-05-14 20:00,1.51021,7e-05,0.13125,0.09993,1.27896,0.00472,0.0,0.0,0.00472
2018-05-14 20:00:00,2018-05-14 21:00,1.45965,0.00684,0.13166,0.07068,1.25046,0.00344,0.0,0.0,0.00344
2018-05-14 21:00:00,2018-05-14 22:00,1.34349,0.00324,0.10473,0.06205,1.17347,0.00299,0.0,0.0,0.00299
2018-05-14 22:00:00,2018-05-14 23:00,0.95629,0.00319,0.07609,0.05038,0.82663,0.00259,0.0,0.0,0.00259
2018-05-14 23:00:00,2018-05-15 00:00,0.68877,0.00389,0.0559,0.04376,0.58522,0.00051,0.0,0.0,0.00051
2018-05-15 00:00:00,2018-05-15 01:00,0.62916,0.00951,0.06141,0.03531,0.52292,0.00088,0.0,0.0,0.00088
2018-05-15 01:00:00,2018-05-15 02:00,0.61377,0.0107,0.05619,0.02981,0.51708,0.00023,0.0,0.0,0.00023
2018-05-15 02:00:00,2018-05-15 03:00,0.56777,0.037,0.02724,0.02764,0.47589,0.00015,0.0,0.0,0.00015
2018-05-15 03:00:00,2018-05-15 04:00,0.56281,0.03294,0.02281,0.02671,0.48034,0.00112,0.0,0.0,0.00112
2018-05-15 04:00:00,2018-05-15 05:00,0.63257,0.06536,0.01223,0.054,0.50098,0.00101,0.0,0.0,0.00101
2018-05-15 05:00:00,2018-05-15 06:00,0.74946,0.10683,0.00692,0.08485,0.55086,0.00113,0.0,0.0,0.00113
2018-05-15 06:00:00,2018-05-15 07:00,0.89593,0.11466,0.01041,0.12824,0.64261,0.00256,0.0,0.0,0.00256
2018-05-15 07:00:00,2018-05-15 08:00,0.96983,0.08894,0.01293,0.14351,0.72445,0.00362,0.0,0.0,0.00362
2018-05-15 08:00:00,2018-05-15 09:00,0.95313,0.05527,0.02535,0.12978,0.74273,0.00528,0.0,0.0,0.00528
2018-05-15 09:00:00,2018-05-15 10:00,1.05533,0.03838,0.04662,0.11663,0.8537,0.00379,0.0,0.0,0.00379
2018-05-15 10:00:00,2018-05-15 11:00,0.96297,0.03221,0.06516,0.11143,0.75416,0.0041,0.0,0.0,0.0041
2018-05-15 11:00:00,2018-05-15 12:00,0.92268,0.00483,0.0968,0.09588,0.72516,0.00486,0.0,0.0,0.00486
2018-05-15 12:00:00,2018-05-15 13:00,0.93279,0.00513,0.14202,0.0982,0.68744,0.00345,0.0,0.0,0.00345
2018-05-15 13:00:00,2018-05-15 14:00,0.98222,7e-05,0.20485,0.10557,0.67174,0.00198,0.0,0.0,0.00198
2018-05-15 14:00:00,2018-05-15 15:00,1.08033,0.0,0.29994,0.09882,0.68157,0.00292,0.0,0.0,0.00292
2018-05-15 15:00:00,2018-05-15 16:00,1.27547,0.0,0.43069,0.10092,0.74387,0.00415,0.0,0.0,0.00415
2018-05-15 16:00:00,2018-05-15 17:00,1.53565,0.0012,0.57339,0.11468,0.84639,0.00534,0.0,0.0,0.00534
2018-05-15 17:00:00,2018-05-15 18:00,1.85409,0.00026,0.75952,0.10941,0.9849,0.00773,0.0,0.0,0.00773
2018-05-15 18:00:00,2018-05-15 19:00,2.01529,0.0,0.80677,0.11914,1.08938,0.00552,0.0,0.0,0.00552
2018-05-15 19:00:00,2018-05-15 20:00,2.11913,0.0,0.80195,0.09716,1.22002,0.00352,0.0,0.0,0.00352
2018-05-15 20:00:00,2018-05-15 21:00,2.00677,0.00477,0.65503,0.08326,1.2637,0.00405,0.0,0.0,0.00405
2018-05-15 21:00:00,2018-05-15 22:00,1.74523,0.0006,0.46971,0.05829,1.21663,0.0039,0.0,0.0,0.0039
2018-05-15 22:00:00,2018-05-15 23:00,1.20087,0.00056,0.30511,0.0575,0.8377,0.0012,0.0,0.0,0.0012
2018-05-15 23:00:00,2018-05-16 00:00,0.86269,0.0011,0.1886,0.0477,0.62529,0.00192,0.0,0.0,0.00192
2018-05-16 00:00:00,2018-05-16 01:00,0.68167,0.00292,0.10905,0.04175,0.52795,0.00043,0.0,0.0,0.00043
2018-05-16 01:00:00,2018-05-16 02:00,0.62602,0.0064,0.08444,0.02175,0.51343,0.00103,0.0,0.0,0.00103
2018-05-16 02:00:00,2018-05-16 03:00,0.59083,0.02864,0.04457,0.02562,0.49201,0.00067,0.0,0.0,0.00067
2018-05-16 03:00:00,2018-05-16 04:00,0.56755,0.01954,0.03959,0.02656,0.48187,0.0009,0.0,0.0,0.0009
2018-05-16 04:00:00,2018-05-16 05:00,0.57949,0.03737,0.02171,0.03505,0.48536,0.00066,0.0,0.0,0.00066
2018-05-16 05:00:00,2018-05-16 06:00,0.71333,0.07957,0.01371,0.09342,0.52664,0.00107,0.0,0.0,0.00107
2018-05-16 06:00:00,2018-05-16 07:00,0.84004,0.05243,0.01897,0.13443,0.63421,0.00226,0.0,0.0,0.00226
2018-05-16 07:00:00,2018-05-16 08:00,0.93392,0.02873,0.03338,0.15254,0.71927,0.00475,0.0,0.0,0.00475
2018-05-16 08:00:00,2018-05-16 09:00,0.96629,0.01644,0.06051,0.13219,0.75716,0.00228,0.0,0.0,0.00228
2018-05-16 09:00:00,2018-05-16 10:00,0.94268,0.01987,0.10667,0.10499,0.71115,0.00378,0.0,0.0,0.00378
2018-05-16 10:00:00,2018-05-16 11:00,1.0119,0.01399,0.18554,0.09014,0.72223,0.00464,0.0,0.0,0.00464
2018-05-16 11:00:00,2018-05-16 12:00,1.09751,0.0004,0.29549,0.10153,0.70009,0.00528,0.0,0.0,0.00528
2018-05-16 12:00:00,2018-05-16 13:00,1.21482,0.00213,0.41471,0.09278,0.7052,0.00518,0.0,0.0,0.00518
2018-05-16 13:00:00,2018-05-16 14:00,1.30653,0.0,0.54447,0.09552,0.66654,0.00402,0.0,0.0,0.00402
2018-05-16 14:00:00,2018-05-16 15:00,1.53405,0.0,0.694,0.10164,0.73842,0.00298,0.0,0.0,0.00298
2018-05-16 15:00:00,2018-05-16 16:00,1.81826,0.0,0.87153,0.12659,0.82014,0.00431,0.0,0.0,0.00431
2018-05-16 16:00:00,2018-05-16 17:00,2.07351,0.00061,1.03869,0.12059,0.91362,0.00507,0.0,0.0,0.00507
2018-05-16 17:00:00,2018-05-16 18:00,2.34619,0.0,1.21049,0.11536,1.02033,0.00631,0.0,0.0,0.00631
2018-05-16 18:00:00,2018-05-16 19:00,2.4801,0.0,1.24281,0.11676,1.12054,0.00593,0.0,0.0,0.00593
2018-05-16 19:00:00,2018-05-16 20:00,2.46321,0.0,1.19449,0.08185,1.18688,0.00551,0.0,0.0,0.00551
2018-05-16 20:00:00,2018-05-16 21:00,2.3644,0.00367,1.00603,0.08753,1.26717,0.00252,0.0,0.0,0.00252
2018-05-16 21:00:00,2018-05-16 22:00,2.02347,0.00033,0.77384,0.07481,1.17448,0.00307,0.0,0.0,0.00307
2018-05-16 22:00:00,2018-05-16 23:00,1.54214,0.0,0.57982,0.07346,0.88886,0.00369,0.0,0.0,0.00369
2018-05-16 23:00:00,2018-05-17 00:00,1.10999,0.0,0.43869,0.04575,0.62556,0.00259,0.0,0.0,0.00259
2018-05-17 00:00:00,2018-05-17 01:00,0.96954,0.0,0.40454,0.03019,0.53481,0.00129,0.0,0.0,0.00129
2018-05-17 01:00:00,2018-05-17 02:00,0.87912,0.0,0.33807,0.02305,0.51801,0.00033,0.0,0.0,0.00033
2018-05-17 02:00:00,2018-05-17 03:00,0.76281,0.00967,0.24216,0.02373,0.48725,0.00015,0.0,0.0,0.00015
2018-05-17 03:00:00,2018-05-17 04:00,0.70912,0.00027,0.19259,0.02711,0.48914,0.00013,0.0,0.0,0.00013
2018-05-17 04:00:00,2018-05-17 05:00,0.66802,0.00659,0.12825,0.04182,0.49136,0.00065,0.0,0.0,0.00065
2018-05-17 05:00:00,2018-05-17 06:00,0.68511,0.01012,0.08244,0.06097,0.53158,0.00067,0.0,0.0,0.00067
2018-05-17 06:00:00,2018-05-17 07:00,0.88434,0.01069,0.08693,0.12079,0.66592,0.00325,0.0,0.0,0.00325
2018-05-17 07:00:00,2018-05-17 08:00,0.97753,0.00731,0.11042,0.16254,0.69726,0.00496,0.0,0.0,0.00496
2018-05-17 08:00:00,2018-05-17 09:00,1.08791,0.00416,0.15119,0.13522,0.79734,0.00652,0.0,0.0,0.00652
2018-05-17 09:00:00,2018-05-17 10:00,1.02771,0.01139,0.19971,0.106,0.7106,0.00299,0.0,0.0,0.00299
2018-05-17 10:00:00,2018-05-17 11:00,1.04871,0.01135,0.26029,0.08686,0.69021,0.00139,0.0,0.0,0.00139
2018-05-17 11:00:00,2018-05-17 12:00,1.18015,7e-05,0.3577,0.10204,0.72034,0.00285,0.0,0.0,0.00285
2018-05-17 12:00:00,2018-05-17 13:00,1.35435,0.00207,0.49904,0.08747,0.76577,0.0032,0.0,0.0,0.0032
2018-05-17 13:00:00,2018-05-17 14:00,1.47456,0.0,0.65186,0.09555,0.72716,0.00234,0.0,0.0,0.00234
2018-05-17 14:00:00,2018-05-17 15:00,1.6549,0.0,0.81023,0.10131,0.74335,0.00232,0.0,0.0,0.00232
2018-05-17 15:00:00,2018-05-17 16:00,1.79062,0.0,0.95355,0.10047,0.73661,0.00456,0.0,0.0,0.00456
2018-05-17 16:00:00,2018-05-17 17:00,2.03553,0.00069,1.06069,0.10912,0.86505,0.00531,0.0,0.0,0.00531
2018-05-17 17:00:00,2018-05-17 18:00,2.29093,0.0,1.20307,0.11746,0.9704,0.00591,0.0,0.0,0.00591
2018-05-17 18:00:00,2018-05-17 19:00,2.45573,0.0,1.24158,0.11729,1.09687,0.0034,0.0,0.0,0.0034
2018-05-17 19:00:00,2018-05-17 20:00,2.44911,0.0,1.18554,0.0903,1.17327,0.00423,0.0,0.0,0.00423
2018-05-17 20:00:00,2018-05-17 21:00,2.34099,0.00349,1.01313,0.06758,1.25678,0.00267,0.0,0.0,0.00267
2018-05-17 21:00:00,2018-05-17 22:00,2.08673,0.00019,0.8391,0.08191,1.16553,0.00407,0.0,0.0,0.00407
2018-05-17 22:00:00,2018-05-17 23:00,1.61004,0.0,0.6761,0.06804,0.8659,0.00236,0.0,0.0,0.00236
2018-05-17 23:00:00,2018-05-18 00:00,1.21722,0.0,0.53228,0.03663,0.6483,0.00047,0.0,0.0,0.00047
2018-05-18 00:00:00,2018-05-18 01:00,0.97023,0.0,0.37016,0.03176,0.56831,0.00032,0.0,0.0,0.00032
2018-05-18 01:00:00,2018-05-18 02:00,0.83835,0.0,0.2805,0.03559,0.52227,0.00019,0.0,0.0,0.00019
2018-05-18 02:00:00,2018-05-18 03:00,0.70865,0.00941,0.17787,0.02764,0.49372,0.00015,0.0,0.0,0.00015
2018-05-18 03:00:00,2018-05-18 04:00,0.66401,0.00084,0.14098,0.01887,0.50332,0.00013,0.0,0.0,0.00013
2018-05-18 04:00:00,2018-05-18 05:00,0.64089,0.00732,0.09668,0.04385,0.49305,0.00034,0.0,0.0,0.00034
2018-05-18 05:00:00,2018-05-18 06:00,0.68826,0.00967,0.066,0.07396,0.53862,0.00107,0.0,0.0,0.00107
2018-05-18 06:00:00,2018-05-18 07:00,0.80015,0.009,0.0595,0.12036,0.61129,0.00407,0.0,0.0,0.00407
2018-05-18 07:00:00,2018-05-18 08:00,0.95532,0.0076,0.07027,0.15067,0.72678,0.00388,0.0,0.0,0.00388
2018-05-18 08:00:00,2018-05-18 09:00,1.05636,0.00649,0.09293,0.13322,0.82371,0.00524,0.0,0.0,0.00524
2018-05-18 09:00:00,2018-05-18 10:00,1.01394,0.01256,0.11564,0.11782,0.76793,0.00392,0.0,0.0,0.00392
2018-05-18 10:00:00,2018-05-18 11:00,1.08591,0.01338,0.16281,0.10628,0.80343,0.00437,0.0,0.0,0.00437
2018-05-18 11:00:00,2018-05-18 12:00,1.13676,0.00033,0.24902,0.09885,0.78856,0.0021,0.0,0.0,0.0021
2018-05-18 12:00:00,2018-05-18 13:00,1.2559,0.002,0.38063,0.10052,0.77275,0.00372,0.0,0.0,0.00372
2018-05-18 13:00:00,2018-05-18 14:00,1.29452,0.0,0.52268,0.09869,0.67315,0.00346,0.0,0.0,0.00346
2018-05-18 14:00:00,2018-05-18 15:00,1.48087,0.0,0.67798,0.10183,0.70106,0.00236,0.0,0.0,0.00236
2018-05-18 15:00:00,2018-05-18 16:00,1.6885,0.0,0.84788,0.09907,0.74155,0.00304,0.0,0.0,0.00304
2018-05-18 16:00:00,2018-05-18 17:00,1.9764,0.00062,0.98737,0.11763,0.87078,0.00631,0.0,0.0,0.00631
2018-05-18 17:00:00,2018-05-18 18:00,2.22448,0.0,1.11864,0.11302,0.99281,0.00743,0.0,0.0,0.00743
2018-05-18 18:00:00,2018-05-18 19:00,2.30041,0.0,1.09286,0.10341,1.10414,0.00388,0.0,0.0,0.00388
2018-05-18 19:00:00,2018-05-18 20:00,2.32995,0.0,1.01345,0.11317,1.20333,0.00295,0.0,0.0,0.00295
2018-05-18 20:00:00,2018-05-18 21:00,2.15044,0.00359,0.85939,0.07578,1.21169,0.00334,0.0,0.0,0.00334
2018-05-18 21:00:00,2018-05-18 22:00,1.82596,0.00027,0.67007,0.06838,1.08723,0.00294,0.0,0.0,0.00294
2018-05-18 22:00:00,2018-05-18 23:00,1.45395,0.0,0.52918,0.05919,0.86558,0.00232,0.0,0.0,0.00232
2018-05-18 23:00:00,2018-05-19 00:00,1.09425,0.0,0.39831,0.04346,0.65248,0.00138,0.0,0.0,0.00138
2018-05-19 00:00:00,2018-05-19 01:00,0.96453,0.0,0.38891,0.02949,0.54613,0.00068,0.0,0.0,0.00068
2018-05-19 01:00:00,2018-05-19 02:00,0.90656,0.0,0.35789,0.02812,0.52055,0.00026,0.0,0.0,0.00026
2018-05-19 02:00:00,2018-05-19 03:00,0.82473,0.00914,0.27747,0.03347,0.50465,0.00024,0.0,0.0,0.00024
2018-05-19 03:00:00,2018-05-19 04:00,0.76273,0.00012,0.22397,0.02823,0.5104,0.00037,0.0,0.0,0.00037
2018-05-19 04:00:00,2018-05-19 05:00,0.71407,0.00614,0.16651,0.02666,0.51476,0.00041,0.0,0.0,0.00041
2018-05-19 05:00:00,2018-05-19 06:00,0.68266,0.00722,0.12518,0.04028,0.50998,0.00089,0.0,0.0,0.00089
2018-05-19 06:00:00,2018-05-19 07:00,0.73481,0.00632,0.10459,0.06437,0.55952,0.0025,0.0,0.0,0.0025
2018-05-19 07:00:00,2018-05-19 08:00,0.85473,0.00792,0.09634,0.0866,0.66387,0.00414,0.0,0.0,0.00414
2018-05-19 08:00:00,2018-05-19 09:00,0.92842,0.01084,0.07799,0.12329,0.7163,0.00585,0.0,0.0,0.00585
2018-05-19 09:00:00,2018-05-19 10:00,1.08407,0.0228,0.05998,0.13882,0.86247,0.0048,0.0,0.0,0.0048
2018-05-19 10:00:00,2018-05-19 11:00,1.03262,0.02959,0.05885,0.11635,0.82783,0.00451,0.0,0.0,0.00451
2018-05-19 11:00:00,2018-05-19 12:00,1.03798,0.01319,0.06418,0.12098,0.83963,0.00366,0.0,0.0,0.00366
2018-05-19 12:00:00,2018-05-19 13:00,1.05339,0.02142,0.06684,0.10652,0.85861,0.00477,0.0,0.0,0.00477
2018-05-19 13:00:00,2018-05-19 14:00,1.05604,0.01801,0.0583,0.12495,0.85478,0.00551,0.0,0.0,0.00551
2018-05-19 14:00:00,2018-05-19 15:00,1.07981,0.02752,0.04499,0.12315,0.88415,0.00404,0.0,0.0,0.00404
2018-05-19 15:00:00,2018-05-19 16:00,1.14218,0.03066,0.04161,0.11376,0.95615,0.00338,0.0,0.0,0.00338
2018-05-19 16:00:00,2018-05-19 17:00,1.22779,0.0375,0.04038,0.11991,1.03,0.00436,0.0,0.0,0.00436
2018-05-19 17:00:00,2018-05-19 18:00,1.32018,0.03276,0.05553,0.11601,1.11588,0.00505,0.0,0.0,0.00505
2018-05-19 18:00:00,2018-05-19 19:00,1.30583,0.03588,0.04005,0.11731,1.11259,0.00396,0.0,0.0,0.00396
2018-05-19 19:00:00,2018-05-19 20:00,1.41988,0.0368,0.04654,0.08312,1.25343,0.00407,0.0,0.0,0.00407
2018-05-19 20:00:00,2018-05-19 21:00,1.53634,0.04734,0.04881,0.08623,1.35396,0.00297,0.0,0.0,0.00297
2018-05-19 21:00:00,2018-05-19 22:00,1.34306,0.05297,0.03951,0.06928,1.18129,0.00255,0.0,0.0,0.00255
2018-05-19 22:00:00,2018-05-19 23:00,1.03938,0.06197,0.02911,0.06173,0.88657,0.00155,0.0,0.0,0.00155
2018-05-19 23:00:00,2018-05-20 00:00,0.77715,0.08246,0.01993,0.06299,0.61177,0.0014,0.0,0.0,0.0014
2018-05-20 00:00:00,2018-05-20 01:00,0.72397,0.12543,0.02512,0.04232,0.5311,0.00078,0.0,0.0,0.00078
2018-05-20 01:00:00,2018-05-20 02:00,0.70269,0.15935,0.02477,0.02642,0.49215,0.00049,0.0,0.0,0.00049
2018-05-20 02:00:00,2018-05-20 03:00,0.75239,0.2378,0.00756,0.0288,0.47823,0.00042,0.0,0.0,0.00042
2018-05-20 03:00:00,2018-05-20 04:00,0.7948,0.26764,0.00874,0.04214,0.47628,0.00013,0.0,0.0,0.00013
2018-05-20 04:00:00,2018-05-20 05:00,0.83574,0.32615,0.00297,0.03219,0.47443,0.00022,0.0,0.0,0.00022
2018-05-20 05:00:00,2018-05-20 06:00,0.94246,0.40762,0.00149,0.03683,0.49653,0.00058,0.0,0.0,0.00058
2018-05-20 06:00:00,2018-05-20 07:00,1.04446,0.44399,0.00346,0.05914,0.53787,0.00117,0.0,0.0,0.00117
2018-05-20 07:00:00,2018-05-20 08:00,1.09514,0.38546,0.00195,0.09373,0.614,0.00269,0.0,0.0,0.00269
2018-05-20 08:00:00,2018-05-20 09:00,1.16877,0.31942,0.00352,0.14096,0.70487,0.00436,0.0,0.0,0.00436
2018-05-20 09:00:00,2018-05-20 10:00,1.17148,0.1995,0.01033,0.12667,0.83498,0.00772,0.0,0.0,0.00772
2018-05-20 10:00:00,2018-05-20 11:00,1.01721,0.11605,0.01873,0.09986,0.78256,0.00798,0.0,0.0,0.00798
2018-05-20 11:00:00,2018-05-20 12:00,0.99202,0.04418,0.02846,0.13449,0.78488,0.00518,0.0,0.0,0.00518
2018-05-20 12:00:00,2018-05-20 13:00,1.10961,0.03101,0.05013,0.12131,0.90717,0.00536,0.0,0.0,0.00536
2018-05-20 13:00:00,2018-05-20 14:00,1.01913,0.00636,0.08187,0.1129,0.81799,0.0086,0.0,0.0,0.0086
2018-05-20 14:00:00,2018-05-20 15:00,1.0858,0.00096,0.12829,0.1302,0.82634,0.00532,0.0,0.0,0.00532
2018-05-20 15:00:00,2018-05-20 16:00,1.20583,0.0,0.21225,0.13675,0.85683,0.00517,0.0,0.0,0.00517
2018-05-20 16:00:00,2018-05-20 17:00,1.48624,0.0,0.3236,0.10958,1.05306,0.00463,0.0,0.0,0.00463
2018-05-20 17:00:00,2018-05-20 18:00,1.59693,0.0,0.44092,0.12158,1.03444,0.00469,0.0,0.0,0.00469
2018-05-20 18:00:00,2018-05-20 19:00,1.69845,0.0,0.48698,0.10517,1.1063,0.00734,0.0,0.0,0.00734
2018-05-20 19:00:00,2018-05-20 20:00,1.81191,0.0,0.49838,0.09486,1.21867,0.00434,0.0,0.0,0.00434
2018-05-20 20:00:00,2018-05-20 21:00,1.90433,1e-05,0.43028,0.0749,1.39913,0.00316,0.0,0.0,0.00316
2018-05-20 21:00:00,2018-05-20 22:00,1.71619,0.0006,0.30767,0.09696,1.31096,0.00373,0.0,0.0,0.00373
2018-05-20 22:00:00,2018-05-20 23:00,1.20562,0.00027,0.20985,0.06464,0.93086,0.00173,0.0,0.0,0.00173
2018-05-20 23:00:00,2018-05-21 00:00,0.78381,0.00113,0.1355,0.04544,0.60174,0.00057,0.0,0.0,0.00057
2018-05-21 00:00:00,2018-05-21 01:00,0.6534,0.00328,0.08783,0.04278,0.51951,0.00032,0.0,0.0,0.00032
2018-05-21 01:00:00,2018-05-21 02:00,0.61921,0.00383,0.0846,0.03095,0.49983,0.00026,0.0,0.0,0.00026
2018-05-21 02:00:00,2018-05-21 03:00,0.59147,0.01884,0.05514,0.02687,0.49061,0.00054,0.0,0.0,0.00054
2018-05-21 03:00:00,2018-05-21 04:00,0.59139,0.00831,0.05297,0.03568,0.49442,0.00013,0.0,0.0,0.00013
2018-05-21 04:00:00,2018-05-21 05:00,0.5897,0.01527,0.03812,0.03825,0.49807,0.00022,0.0,0.0,0.00022
2018-05-21 05:00:00,2018-05-21 06:00,0.67873,0.02029,0.03038,0.08298,0.54508,0.00136,0.0,0.0,0.00136
2018-05-21 06:00:00,2018-05-21 07:00,0.78394,0.01992,0.03137,0.1181,0.61455,0.00317,0.0,0.0,0.00317
2018-05-21 07:00:00,2018-05-21 08:00,0.89809,0.01777,0.03221,0.14139,0.70672,0.00433,0.0,0.0,0.00433
2018-05-21 08:00:00,2018-05-21 09:00,0.94647,0.01942,0.0312,0.13538,0.76047,0.00471,0.0,0.0,0.00471
2018-05-21 09:00:00,2018-05-21 10:00,0.91986,0.02658,0.03163,0.11284,0.7488,0.00484,0.0,0.0,0.00484
2018-05-21 10:00:00,2018-05-21 11:00,0.8485,0.02994,0.02907,0.09779,0.69169,0.00424,0.0,0.0,0.00424
2018-05-21 11:00:00,2018-05-21 12:00,0.8237,0.00891,0.02878,0.09788,0.68813,0.00405,0.0,0.0,0.00405
2018-05-21 12:00:00,2018-05-21 13:00,0.79164,0.01138,0.03831,0.08411,0.65785,0.00356,0.0,0.0,0.00356
2018-05-21 13:00:00,2018-05-21 14:00,0.89013,0.00186,0.04756,0.09607,0.74463,0.00382,0.0,0.0,0.00382
2018-05-21 14:00:00,2018-05-21 15:00,0.91235,0.00044,0.07389,0.11512,0.7229,0.00282,0.0,0.0,0.00282
2018-05-21 15:00:00,2018-05-21 16:00,0.98272,0.00028,0.1084,0.10019,0.77385,0.00254,0.0,0.0,0.00254
2018-05-21 16:00:00,2018-05-21 17:00,1.08005,0.00171,0.1419,0.09581,0.84063,0.00384,0.0,0.0,0.00384
2018-05-21 17:00:00,2018-05-21 18:00,1.22915,0.00115,0.19442,0.12284,0.91074,0.00909,0.0,0.0,0.00909
2018-05-21 18:00:00,2018-05-21 19:00,1.38239,0.0,0.17935,0.11236,1.09068,0.00476,0.0,0.0,0.00476
2018-05-21 19:00:00,2018-05-21 20:00,1.45962,0.0,0.17817,0.07967,1.20179,0.00399,0.0,0.0,0.00399
2018-05-21 20:00:00,2018-05-21 21:00,1.4738,0.00668,0.17106,0.07437,1.22168,0.00426,0.0,0.0,0.00426
2018-05-21 21:00:00,2018-05-21 22:00,1.33956,0.00252,0.12037,0.06613,1.15054,0.0065,0.0,0.0,0.0065
2018-05-21 22:00:00,2018-05-21 23:00,0.98801,0.00231,0.08717,0.0599,0.83864,0.0028,0.0,0.0,0.0028
2018-05-21 23:00:00,2018-05-22 00:00,0.76042,0.00174,0.06504,0.058,0.63565,0.00179,0.0,0.0,0.00179
2018-05-22 00:00:00,2018-05-22 01:00,0.65266,0.00436,0.07753,0.04058,0.5302,0.0012,0.0,0.0,0.0012
2018-05-22 01:00:00,2018-05-22 02:00,0.62941,0.00569,0.0726,0.03567,0.51546,0.00062,0.0,0.0,0.00062
2018-05-22 02:00:00,2018-05-22 03:00,0.58255,0.02315,0.04303,0.02517,0.49119,0.0002,0.0,0.0,0.0002
2018-05-22 03:00:00,2018-05-22 04:00,0.57156,0.01331,0.0405,0.03484,0.48291,0.00049,0.0,0.0,0.00049
2018-05-22 04:00:00,2018-05-22 05:00,0.58513,0.02511,0.02668,0.03824,0.49511,0.00145,0.0,0.0,0.00145
2018-05-22 05:00:00,2018-05-22 06:00,0.6807,0.041,0.0181,0.08425,0.53736,0.00167,0.0,0.0,0.00167
2018-05-22 06:00:00,2018-05-22 07:00,0.82573,0.04305,0.02218,0.14327,0.61723,0.00405,0.0,0.0,0.00405
2018-05-22 07:00:00,2018-05-22 08:00,0.90811,0.02931,0.03458,0.14116,0.70306,0.00564,0.0,0.0,0.00564
2018-05-22 08:00:00,2018-05-22 09:00,0.95666,0.01706,0.0515,0.13491,0.7532,0.00595,0.0,0.0,0.00595
2018-05-22 09:00:00,2018-05-22 10:00,1.02487,0.0267,0.05636,0.12116,0.82066,0.00409,0.0,0.0,0.00409
2018-05-22 10:00:00,2018-05-22 11:00,0.90424,0.02678,0.0608,0.07837,0.73829,0.0051,0.0,0.0,0.0051
2018-05-22 11:00:00,2018-05-22 12:00,0.92853,0.00526,0.08892,0.08537,0.74899,0.00678,0.0,0.0,0.00678
2018-05-22 12:00:00,2018-05-22 13:00,0.97393,0.00336,0.13385,0.07821,0.75851,0.00344,0.0,0.0,0.00344
2018-05-22 13:00:00,2018-05-22 14:00,0.97467,0.00046,0.19506,0.08601,0.69314,0.00256,0.0,0.0,0.00256
2018-05-22 14:00:00,2018-05-22 15:00,1.0871,0.0,0.27105,0.10969,0.70636,0.00672,0.0,0.0,0.00672
2018-05-22 15:00:00,2018-05-22 16:00,1.20415,0.0,0.34048,0.10073,0.76295,0.00452,0.0,0.0,0.00452
2018-05-22 16:00:00,2018-05-22 17:00,1.46724,0.00138,0.43785,0.10812,0.91989,0.00449,0.0,0.0,0.00449
2018-05-22 17:00:00,2018-05-22 18:00,1.63993,6e-05,0.57851,0.09828,0.96308,0.007,0.0,0.0,0.007
2018-05-22 18:00:00,2018-05-22 19:00,1.87231,0.0,0.66435,0.11577,1.0922,0.00706,0.0,0.0,0.00706
2018-05-22 19:00:00,2018-05-22 20:00,2.03967,0.0,0.70166,0.09881,1.2392,0.00562,0.0,0.0,0.00562
2018-05-22 20:00:00,2018-05-22 21:00,2.00449,0.00492,0.62456,0.09027,1.28475,0.00496,0.0,0.0,0.00496
2018-05-22 21:00:00,2018-05-22 22:00,1.77829,0.00078,0.49065,0.07102,1.21584,0.00466,0.0,0.0,0.00466
2018-05-22 22:00:00,2018-05-22 23:00,1.32385,0.00043,0.36822,0.05976,0.89544,0.00324,0.0,0.0,0.00324
2018-05-22 23:00:00,2018-05-23 00:00,0.97793,0.00056,0.25946,0.04459,0.67332,0.00173,0.0,0.0,0.00173
2018-05-23 00:00:00,2018-05-23 01:00,0.73661,0.00065,0.17202,0.03396,0.52998,0.001,0.0,0.0,0.001
2018-05-23 01:00:00,2018-05-23 02:00,0.66732,0.00035,0.14458,0.02586,0.49653,0.00023,0.0,0.0,0.00023
2018-05-23 02:00:00,2018-05-23 03:00,0.61697,0.0118,0.09465,0.02884,0.48167,0.00015,0.0,0.0,0.00015
2018-05-23 03:00:00,2018-05-23 04:00,0.59737,0.00204,0.08623,0.02628,0.48282,0.00023,0.0,0.0,0.00023
2018-05-23 04:00:00,2018-05-23 05:00,0.58288,0.0088,0.0603,0.03241,0.48136,0.00075,0.0,0.0,0.00075
2018-05-23 05:00:00,2018-05-23 06:00,0.64561,0.01101,0.04856,0.07704,0.509,0.00203,0.0,0.0,0.00203
2018-05-23 06:00:00,2018-05-23 07:00,0.8163,0.00892,0.05563,0.13879,0.61296,0.0035,0.0,0.0,0.0035
2018-05-23 07:00:00,2018-05-23 08:00,0.93798,0.00722,0.0715,0.1474,0.71187,0.00479,0.0,0.0,0.00479
2018-05-23 08:00:00,2018-05-23 09:00,0.9882,0.00698,0.10189,0.12067,0.75866,0.00514,0.0,0.0,0.00514
2018-05-23 09:00:00,2018-05-23 10:00,0.9668,0.01304,0.13205,0.1015,0.72021,0.00384,0.0,0.0,0.00384
2018-05-23 10:00:00,2018-05-23 11:00,1.06781,0.01214,0.17965,0.10539,0.77063,0.00235,0.0,0.0,0.00235
2018-05-23 11:00:00,2018-05-23 12:00,1.08786,0.00039,0.2532,0.07961,0.75466,0.00375,0.0,0.0,0.00375
2018-05-23 12:00:00,2018-05-23 13:00,1.14032,0.00205,0.33791,0.09343,0.70693,0.00546,0.0,0.0,0.00546
2018-05-23 13:00:00,2018-05-23 14:00,1.20798,0.0,0.41946,0.08918,0.69935,0.0033,0.0,0.0,0.0033
2018-05-23 14:00:00,2018-05-23 15:00,1.31722,0.0,0.51259,0.10806,0.69657,0.00184,0.0,0.0,0.00184
2018-05-23 15:00:00,2018-05-23 16:00,1.4818,0.0,0.64748,0.09707,0.73725,0.00215,0.0,0.0,0.00215
2018-05-23 16:00:00,2018-05-23 17:00,1.80722,0.00104,0.84675,0.09918,0.86025,0.00451,0.0,0.0,0.00451
2018-05-23 17:00:00,2018-05-23 18:00,2.10555,0.0,1.05061,0.10084,0.9541,0.00534,0.0,0.0,0.00534
2018-05-23 18:00:00,2018-05-23 19:00,2.30432,0.0,1.10482,0.12113,1.07837,0.00727,0.0,0.0,0.00727
2018-05-23 19:00:00,2018-05-23 20:00,2.36167,0.0,1.09685,0.09444,1.17038,0.00481,0.0,0.0,0.00481
2018-05-23 20:00:00,2018-05-23 21:00,2.29246,0.00369,0.97891,0.06506,1.2448,0.0036,0.0,0.0,0.0036
2018-05-23 21:00:00,2018-05-23 22:00,2.09823,0.0003,0.81465,0.06545,1.21783,0.00215,0.0,0.0,0.00215
2018-05-23 22:00:00,2018-05-23 23:00,1.56899,0.0,0.6651,0.06236,0.84152,0.00119,0.0,0.0,0.00119
2018-05-23 23:00:00,2018-05-24 00:00,1.2259,0.0,0.5525,0.03966,0.63374,0.00086,0.0,0.0,0.00086
2018-05-24 00:00:00,2018-05-24 01:00,1.09934,0.0,0.49621,0.02707,0.57607,0.00032,0.0,0.0,0.00032
2018-05-24 01:00:00,2018-05-24 02:00,0.98788,0.0,0.45293,0.02645,0.5085,0.00019,0.0,0.0,0.00019
2018-05-24 02:00:00,2018-05-24 03:00,0.89605,0.00868,0.36485,0.03965,0.48287,0.00015,0.0,0.0,0.00015
2018-05-24 03:00:00,2018-05-24 04:00,0.843,0.0,0.33108,0.02629,0.48563,0.00034,0.0,0.0,0.00034
2018-05-24 04:00:00,2018-05-24 05:00,0.81515,0.00508,0.28232,0.03722,0.49052,0.00049,0.0,0.0,0.00049
2018-05-24 05:00:00,2018-05-24 06:00,0.89245,0.00553,0.25407,0.08435,0.5485,0.00293,0.0,0.0,0.00293
2018-05-24 06:00:00,2018-05-24 07:00,1.14891,0.00299,0.28208,0.1384,0.72545,0.00434,0.0,0.0,0.00434
2018-05-24 07:00:00,2018-05-24 08:00,1.23096,0.00072,0.35702,0.14214,0.73109,0.00795,0.0,0.0,0.00795
2018-05-24 08:00:00,2018-05-24 09:00,1.42005,0.00192,0.46749,0.11675,0.83387,0.0052,0.0,0.0,0.0052
2018-05-24 09:00:00,2018-05-24 10:00,1.62389,0.00992,0.57655,0.11092,0.9265,0.00254,0.0,0.0,0.00254
2018-05-24 10:00:00,2018-05-24 11:00,1.70721,0.00798,0.73604,0.09544,0.86775,0.00434,0.0,0.0,0.00434
2018-05-24 11:00:00,2018-05-24 12:00,1.70699,0.0,0.92102,0.07921,0.70676,0.00497,0.0,0.0,0.00497
2018-05-24 12:00:00,2018-05-24 13:00,2.01236,0.00215,1.15654,0.08397,0.76971,0.00412,0.0,0.0,0.00412
2018-05-24 13:00:00,2018-05-24 14:00,2.26052,0.0,1.38019,0.11482,0.76551,0.00282,0.0,0.0,0.00282
2018-05-24 14:00:00,2018-05-24 15:00,2.3926,0.0,1.52489,0.10674,0.76097,0.00176,0.0,0.0,0.00176
2018-05-24 15:00:00,2018-05-24 16:00,2.51181,0.0,1.59628,0.1098,0.80573,0.00425,0.0,0.0,0.00425
2018-05-24 16:00:00,2018-05-24 17:00,2.72487,0.0,1.68898,0.11551,0.92038,0.00807,0.0,0.0,0.00807
2018-05-24 17:00:00,2018-05-24 18:00,2.86839,0.0,1.77085,0.11296,0.98458,0.00665,0.0,0.0,0.00665
2018-05-24 18:00:00,2018-05-24 19:00,2.85537,0.0,1.67123,0.08922,1.09492,0.00442,0.0,0.0,0.00442
2018-05-24 19:00:00,2018-05-24 20:00,2.67023,0.0,1.41166,0.08444,1.17413,0.00368,0.0,0.0,0.00368
2018-05-24 20:00:00,2018-05-24 21:00,2.33794,0.0036,1.01473,0.06979,1.24982,0.00301,0.0,0.0,0.00301
2018-05-24 21:00:00,2018-05-24 22:00,2.11627,0.0,0.78504,0.0793,1.25193,0.00392,0.0,0.0,0.00392
2018-05-24 22:00:00,2018-05-24 23:00,1.5971,0.0,0.64275,0.03972,0.91463,0.00211,0.0,0.0,0.00211
2018-05-24 23:00:00,2018-05-25 00:00,1.20324,0.0,0.52734,0.03839,0.63751,0.00077,0.0,0.0,0.00077
2018-05-25 00:00:00,2018-05-25 01:00,1.06371,0.0,0.47372,0.03306,0.55693,0.00059,0.0,0.0,0.00059
2018-05-25 01:00:00,2018-05-25 02:00,1.00834,0.0,0.44105,0.02649,0.54081,0.0007,0.0,0.0,0.0007
2018-05-25 02:00:00,2018-05-25 03:00,0.90213,0.00866,0.34697,0.03284,0.51366,0.00031,0.0,0.0,0.00031
2018-05-25 03:00:00,2018-05-25 04:00,0.8278,0.0,0.30457,0.03884,0.48439,0.00037,0.0,0.0,0.00037
2018-05-25 04:00:00,2018-05-25 05:00,0.79845,0.00517,0.24701,0.05179,0.49447,0.00103,0.0,0.0,0.00103
2018-05-25 05:00:00,2018-05-25 06:00,0.83211,0.00575,0.20863,0.0775,0.54022,0.00289,0.0,0.0,0.00289
2018-05-25 06:00:00,2018-05-25 07:00,1.00498,0.00339,0.22159,0.11441,0.66559,0.00536,0.0,0.0,0.00536
2018-05-25 07:00:00,2018-05-25 08:00,1.184,0.00118,0.2752,0.12943,0.77819,0.00396,0.0,0.0,0.00396
2018-05-25 08:00:00,2018-05-25 09:00,1.30507,0.00209,0.36045,0.13338,0.80915,0.00476,0.0,0.0,0.00476
2018-05-25 09:00:00,2018-05-25 10:00,1.30687,0.00978,0.42531,0.09165,0.78012,0.00513,0.0,0.0,0.00513
2018-05-25 10:00:00,2018-05-25 11:00,1.38598,0.00906,0.51912,0.09839,0.75941,0.00546,0.0,0.0,0.00546
2018-05-25 11:00:00,2018-05-25 12:00,1.43372,0.0,0.64113,0.08973,0.70285,0.00645,0.0,0.0,0.00645
2018-05-25 12:00:00,2018-05-25 13:00,1.58195,0.00201,0.77868,0.09308,0.70818,0.00297,0.0,0.0,0.00297
2018-05-25 13:00:00,2018-05-25 14:00,1.72035,0.0,0.92179,0.08292,0.71564,0.00212,0.0,0.0,0.00212
2018-05-25 14:00:00,2018-05-25 15:00,1.96833,0.0,1.11602,0.10127,0.75104,0.00194,0.0,0.0,0.00194
2018-05-25 15:00:00,2018-05-25 16:00,2.18796,0.0,1.33525,0.09265,0.76005,0.0034,0.0,0.0,0.0034
2018-05-25 16:00:00,2018-05-25 17:00,2.46047,0.00023,1.46139,0.09308,0.90577,0.00609,0.0,0.0,0.00609
2018-05-25 17:00:00,2018-05-25 18:00,2.5059,0.0,1.35977,0.11478,1.03135,0.00984,0.0,0.0,0.00984
2018-05-25 18:00:00,2018-05-25 19:00,2.52041,0.0,1.26834,0.11461,1.13746,0.0074,0.0,0.0,0.0074
2018-05-25 19:00:00,2018-05-25 20:00,2.53514,0.0,1.27601,0.09257,1.16656,0.00482,0.0,0.0,0.00482
2018-05-25 20:00:00,2018-05-25 21:00,2.42825,0.00347,1.12418,0.06155,1.23906,0.00387,0.0,0.0,0.00387
2018-05-25 21:00:00,2018-05-25 22:00,2.0484,0.0004,0.86204,0.06627,1.11968,0.00282,0.0,0.0,0.00282
2018-05-25 22:00:00,2018-05-25 23:00,1.59564,0.0,0.65901,0.06474,0.87188,0.00385,0.0,0.0,0.00385
2018-05-25 23:00:00,2018-05-26 00:00,1.20969,0.0,0.52231,0.04517,0.64222,0.0024,0.0,0.0,0.0024
2018-05-26 00:00:00,2018-05-26 01:00,1.05801,0.0,0.49272,0.02447,0.54083,0.00161,0.0,0.0,0.00161
2018-05-26 01:00:00,2018-05-26 02:00,0.97445,0.0,0.44133,0.02759,0.50554,0.00055,0.0,0.0,0.00055
2018-05-26 02:00:00,2018-05-26 03:00,0.85887,0.00864,0.34068,0.0256,0.48395,0.00015,0.0,0.0,0.00015
2018-05-26 03:00:00,2018-05-26 04:00,0.81411,0.0,0.3026,0.02614,0.48537,0.00028,0.0,0.0,0.00028
2018-05-26 04:00:00,2018-05-26 05:00,0.78743,0.00525,0.24647,0.02635,0.50937,0.00054,0.0,0.0,0.00054
2018-05-26 05:00:00,2018-05-26 06:00,0.78919,0.00615,0.20339,0.04671,0.53294,0.00088,0.0,0.0,0.00088
2018-05-26 06:00:00,2018-05-26 07:00,0.82059,0.00338,0.23463,0.03896,0.54361,0.00239,0.0,0.0,0.00239
2018-05-26 07:00:00,2018-05-26 08:00,1.09277,0.00091,0.33825,0.10267,0.65094,0.00252,0.0,0.0,0.00252
2018-05-26 08:00:00,2018-05-26 09:00,1.3751,0.00051,0.47935,0.12803,0.76721,0.00521,0.0,0.0,0.00521
2018-05-26 09:00:00,2018-05-26 10:00,1.64961,0.00813,0.62049,0.11903,0.90196,0.00682,0.0,0.0,0.00682
2018-05-26 10:00:00,2018-05-26 11:00,1.85118,0.00853,0.7955,0.12292,0.92423,0.00863,0.0,0.0,0.00863
2018-05-26 11:00:00,2018-05-26 12:00,1.86778,0.0,0.99749,0.09017,0.78012,0.006,0.0,0.0,0.006
2018-05-26 12:00:00,2018-05-26 13:00,2.09543,0.00217,1.20909,0.09771,0.78645,0.00572,0.0,0.0,0.00572
2018-05-26 13:00:00,2018-05-26 14:00,2.38868,0.0,1.42483,0.10262,0.86123,0.00521,0.0,0.0,0.00521
2018-05-26 14:00:00,2018-05-26 15:00,2.61134,0.0,1.61763,0.12502,0.86869,0.00457,0.0,0.0,0.00457
2018-05-26 15:00:00,2018-05-26 16:00,2.86281,0.0,1.80035,0.1276,0.93485,0.0098,0.0,0.0,0.0098
2018-05-26 16:00:00,2018-05-26 17:00,2.98417,0.0,1.91393,0.10289,0.96735,0.00496,0.0,0.0,0.00496
2018-05-26 17:00:00,2018-05-26 18:00,3.21445,0.0,2.0015,0.09002,1.12293,0.00401,0.0,0.0,0.00401
2018-05-26 18:00:00,2018-05-26 19:00,3.18634,0.0,1.98966,0.1006,1.09607,0.00605,0.0,0.0,0.00605
2018-05-26 19:00:00,2018-05-26 20:00,3.27568,0.0,1.90524,0.09519,1.27525,0.00447,0.0,0.0,0.00447
2018-05-26 20:00:00,2018-05-26 21:00,3.02123,0.0,1.63979,0.08865,1.29279,0.0029,0.0,0.0,0.0029
2018-05-26 21:00:00,2018-05-26 22:00,2.6119,0.0,1.3029,0.0641,1.2449,0.00212,0.0,0.0,0.00212
2018-05-26 22:00:00,2018-05-26 23:00,2.02559,0.0,1.03813,0.04743,0.94003,0.00141,0.0,0.0,0.00141
2018-05-26 23:00:00,2018-05-27 00:00,1.52307,0.0,0.8234,0.03307,0.6666,0.00249,0.0,0.0,0.00249
2018-05-27 00:00:00,2018-05-27 01:00,1.29302,0.0,0.68092,0.04557,0.56653,0.00066,0.0,0.0,0.00066
2018-05-27 01:00:00,2018-05-27 02:00,1.1489,0.0,0.59184,0.02988,0.52719,0.00059,0.0,0.0,0.00059
2018-05-27 02:00:00,2018-05-27 03:00,0.99708,0.0078,0.45581,0.02991,0.50356,0.00015,0.0,0.0,0.00015
2018-05-27 03:00:00,2018-05-27 04:00,0.91339,0.0,0.38422,0.03396,0.4952,0.00013,0.0,0.0,0.00013
2018-05-27 04:00:00,2018-05-27 05:00,0.83354,0.00483,0.30133,0.03535,0.49203,0.00029,0.0,0.0,0.00029
2018-05-27 05:00:00,2018-05-27 06:00,0.7898,0.00547,0.24226,0.03327,0.50879,0.0005,0.0,0.0,0.0005
2018-05-27 06:00:00,2018-05-27 07:00,0.862,0.00283,0.25556,0.05792,0.5457,0.00118,0.0,0.0,0.00118
2018-05-27 07:00:00,2018-05-27 08:00,1.05304,0.00125,0.3344,0.08465,0.63274,0.00328,0.0,0.0,0.00328
2018-05-27 08:00:00,2018-05-27 09:00,1.29875,0.00046,0.45166,0.11334,0.7333,0.00348,0.0,0.0,0.00348
2018-05-27 09:00:00,2018-05-27 10:00,1.55719,0.00697,0.58715,0.11678,0.84629,0.00363,0.0,0.0,0.00363
2018-05-27 10:00:00,2018-05-27 11:00,1.78795,0.00811,0.77761,0.10884,0.8934,0.0034,0.0,0.0,0.0034
2018-05-27 11:00:00,2018-05-27 12:00,2.02034,0.0,0.97367,0.10663,0.94003,0.00376,0.0,0.0,0.00376
2018-05-27 12:00:00,2018-05-27 13:00,2.06326,0.00211,1.11726,0.1227,0.8212,0.00387,0.0,0.0,0.00387
2018-05-27 13:00:00,2018-05-27 14:00,2.24781,0.0,1.22866,0.13678,0.88237,0.00809,0.0,0.0,0.00809
2018-05-27 14:00:00,2018-05-27 15:00,2.24292,0.0,1.29143,0.13196,0.81953,0.00444,0.0,0.0,0.00444
2018-05-27 15:00:00,2018-05-27 16:00,2.34301,0.0,1.39195,0.11261,0.83845,0.00301,0.0,0.0,0.00301
2018-05-27 16:00:00,2018-05-27 17:00,2.54229,0.0,1.5002,0.10703,0.93506,0.00392,0.0,0.0,0.00392
2018-05-27 17:00:00,2018-05-27 18:00,2.72884,0.0,1.6055,0.11195,1.01139,0.00589,0.0,0.0,0.00589
2018-05-27 18:00:00,2018-05-27 19:00,2.90473,0.0,1.6813,0.11193,1.11149,0.00534,0.0,0.0,0.00534
2018-05-27 19:00:00,2018-05-27 20:00,2.97716,0.0,1.67278,0.09063,1.21375,0.00258,0.0,0.0,0.00258
2018-05-27 20:00:00,2018-05-27 21:00,2.87584,0.0,1.52903,0.07059,1.27622,0.00202,0.0,0.0,0.00202
2018-05-27 21:00:00,2018-05-27 22:00,2.6455,0.0,1.3427,0.0612,1.2416,0.00157,0.0,0.0,0.00157
2018-05-27 22:00:00,2018-05-27 23:00,2.12989,0.0,1.17101,0.04818,0.9107,0.00117,0.0,0.0,0.00117
2018-05-27 23:00:00,2018-05-28 00:00,1.68693,0.0,1.00229,0.04,0.64464,0.00157,0.0,0.0,0.00157
2018-05-28 00:00:00,2018-05-28 01:00,1.49327,0.0,0.91253,0.03936,0.54138,0.00076,0.0,0.0,0.00076
2018-05-28 01:00:00,2018-05-28 02:00,1.46351,0.0,0.88408,0.03622,0.54321,0.0005,0.0,0.0,0.0005
2018-05-28 02:00:00,2018-05-28 03:00,1.35265,0.00578,0.81595,0.03128,0.49963,0.00015,0.0,0.0,0.00015
2018-05-28 03:00:00,2018-05-28 04:00,1.3059,0.0,0.77829,0.02239,0.50523,0.00026,0.0,0.0,0.00026
2018-05-28 04:00:00,2018-05-28 05:00,1.21188,0.00434,0.66993,0.04307,0.49454,0.00039,0.0,0.0,0.00039
2018-05-28 05:00:00,2018-05-28 06:00,1.15423,0.00382,0.55531,0.07603,0.51907,0.00343,0.0,0.0,0.00343
2018-05-28 06:00:00,2018-05-28 07:00,1.31714,0.00141,0.54045,0.12677,0.64851,0.00444,0.0,0.0,0.00444
2018-05-28 07:00:00,2018-05-28 08:00,1.49209,0.00026,0.65864,0.12206,0.71113,0.00453,0.0,0.0,0.00453
2018-05-28 08:00:00,2018-05-28 09:00,1.76301,0.00151,0.8372,0.11263,0.81168,0.00544,0.0,0.0,0.00544
2018-05-28 09:00:00,2018-05-28 10:00,1.84379,0.00468,0.96469,0.12226,0.75215,0.00625,0.0,0.0,0.00625
2018-05-28 10:00:00,2018-05-28 11:00,1.98401,0.00579,1.12447,0.08566,0.76808,0.00453,0.0,0.0,0.00453
2018-05-28 11:00:00,2018-05-28 12:00,2.07939,0.0,1.29485,0.07922,0.70532,0.00561,0.0,0.0,0.00561
2018-05-28 12:00:00,2018-05-28 13:00,2.31436,0.00226,1.48652,0.07845,0.74714,0.00369,0.0,0.0,0.00369
2018-05-28 13:00:00,2018-05-28 14:00,2.55981,0.0,1.70275,0.10283,0.75423,0.00292,0.0,0.0,0.00292
2018-05-28 14:00:00,2018-05-28 15:00,2.75035,0.0,1.94309,0.0947,0.71256,0.00333,0.0,0.0,0.00333
2018-05-28 15:00:00,2018-05-28 16:00,3.00505,0.0,2.12463,0.10047,0.77995,0.00473,0.0,0.0,0.00473
2018-05-28 16:00:00,2018-05-28 17:00,3.06209,0.0,2.09944,0.09933,0.86332,0.00679,0.0,0.0,0.00679
2018-05-28 17:00:00,2018-05-28 18:00,2.86412,0.0,1.73663,0.10452,1.02298,0.00537,0.0,0.0,0.00537
2018-05-28 18:00:00,2018-05-28 19:00,2.58328,0.0,1.42097,0.08497,1.07734,0.00582,0.0,0.0,0.00582
2018-05-28 19:00:00,2018-05-28 20:00,2.56514,0.0,1.30805,0.0931,1.16399,0.00883,0.0,0.0,0.00883
2018-05-28 20:00:00,2018-05-28 21:00,2.58949,0.00354,1.19163,0.07416,1.32017,0.00565,0.0,0.0,0.00565
2018-05-28 21:00:00,2018-05-28 22:00,2.34193,0.0,1.06307,0.06368,1.21517,0.00318,0.0,0.0,0.00318
2018-05-28 22:00:00,2018-05-28 23:00,1.86278,0.0,0.90772,0.06783,0.88722,0.00331,0.0,0.0,0.00331
2018-05-28 23:00:00,2018-05-29 00:00,1.44476,0.0,0.74131,0.04623,0.65722,0.00207,0.0,0.0,0.00207
2018-05-29 00:00:00,2018-05-29 01:00,1.24353,0.0,0.64031,0.03942,0.5638,0.00111,0.0,0.0,0.00111
2018-05-29 01:00:00,2018-05-29 02:00,1.13226,0.0,0.60141,0.02091,0.50993,0.00089,0.0,0.0,0.00089
2018-05-29 02:00:00,2018-05-29 03:00,1.04323,0.00768,0.52723,0.01928,0.48905,0.00015,0.0,0.0,0.00015
2018-05-29 03:00:00,2018-05-29 04:00,1.01703,0.0,0.50375,0.02118,0.4921,0.00043,0.0,0.0,0.00043
2018-05-29 04:00:00,2018-05-29 05:00,0.978,0.00449,0.44656,0.04259,0.48436,0.00075,0.0,0.0,0.00075
2018-05-29 05:00:00,2018-05-29 06:00,0.98482,0.00359,0.40064,0.07015,0.51043,0.00137,0.0,0.0,0.00137
2018-05-29 06:00:00,2018-05-29 07:00,1.19245,0.00199,0.43465,0.12761,0.6282,0.0026,0.0,0.0,0.0026
2018-05-29 07:00:00,2018-05-29 08:00,1.4242,0.00069,0.5358,0.13689,0.75082,0.0047,0.0,0.0,0.0047
2018-05-29 08:00:00,2018-05-29 09:00,1.48861,0.00171,0.6523,0.11232,0.72228,0.00435,0.0,0.0,0.00435
2018-05-29 09:00:00,2018-05-29 10:00,1.63291,0.00475,0.75963,0.09782,0.77071,0.00565,0.0,0.0,0.00565
2018-05-29 10:00:00,2018-05-29 11:00,1.70897,0.00649,0.8964,0.09423,0.71184,0.00372,0.0,0.0,0.00372
2018-05-29 11:00:00,2018-05-29 12:00,1.91801,0.0,1.06769,0.09364,0.75668,0.00409,0.0,0.0,0.00409
2018-05-29 12:00:00,2018-05-29 13:00,2.06267,0.00219,1.29206,0.0635,0.70492,0.00256,0.0,0.0,0.00256
2018-05-29 13:00:00,2018-05-29 14:00,2.25358,0.0,1.49097,0.08263,0.67997,0.00186,0.0,0.0,0.00186
2018-05-29 14:00:00,2018-05-29 15:00,2.35546,0.0,1.58023,0.09554,0.6797,0.00425,0.0,0.0,0.00425
2018-05-29 15:00:00,2018-05-29 16:00,2.25798,0.0,1.44741,0.09796,0.71261,0.00491,0.0,0.0,0.00491
2018-05-29 16:00:00,2018-05-29 17:00,2.28335,0.00031,1.36695,0.08583,0.83026,0.00657,0.0,0.0,0.00657
2018-05-29 17:00:00,2018-05-29 18:00,2.37175,0.0,1.32219,0.09779,0.95178,0.00626,0.0,0.0,0.00626
2018-05-29 18:00:00,2018-05-29 19:00,2.21842,0.0,1.0515,0.11448,1.05244,0.00627,0.0,0.0,0.00627
2018-05-29 19:00:00,2018-05-29 20:00,2.1606,0.0,0.87384,0.10118,1.18559,0.00302,0.0,0.0,0.00302
2018-05-29 20:00:00,2018-05-29 21:00,2.11102,0.00443,0.7954,0.07756,1.23364,0.00357,0.0,0.0,0.00357
2018-05-29 21:00:00,2018-05-29 22:00,1.8844,0.00033,0.6855,0.05172,1.14684,0.00376,0.0,0.0,0.00376
2018-05-29 22:00:00,2018-05-29 23:00,1.51482,0.0,0.56439,0.06157,0.88886,0.00349,0.0,0.0,0.00349
2018-05-29 23:00:00,2018-05-30 00:00,1.15857,0.0,0.45596,0.04221,0.6604,0.00093,0.0,0.0,0.00093
2018-05-30 00:00:00,2018-05-30 01:00,0.98323,0.0,0.40698,0.02577,0.55048,0.00032,0.0,0.0,0.00032
2018-05-30 01:00:00,2018-05-30 02:00,0.91744,0.0,0.38593,0.03155,0.49996,0.00019,0.0,0.0,0.00019
2018-05-30 02:00:00,2018-05-30 03:00,0.82936,0.00897,0.30979,0.0239,0.48671,0.00015,0.0,0.0,0.00015
2018-05-30 03:00:00,2018-05-30 04:00,0.80977,0.0,0.2906,0.03424,0.48493,0.00037,0.0,0.0,0.00037
2018-05-30 04:00:00,2018-05-30 05:00,0.81108,0.00531,0.25706,0.03949,0.50922,0.0002,0.0,0.0,0.0002
2018-05-30 05:00:00,2018-05-30 06:00,0.88647,0.00591,0.22961,0.06283,0.58812,0.00176,0.0,0.0,0.00176
2018-05-30 06:00:00,2018-05-30 07:00,1.02805,0.00314,0.24465,0.12201,0.65826,0.00382,0.0,0.0,0.00382
2018-05-30 07:00:00,2018-05-30 08:00,1.11326,0.00111,0.28711,0.12222,0.70282,0.00397,0.0,0.0,0.00397
2018-05-30 08:00:00,2018-05-30 09:00,1.26033,0.00241,0.31426,0.12618,0.81748,0.00552,0.0,0.0,0.00552
2018-05-30 09:00:00,2018-05-30 10:00,1.13617,0.00911,0.27785,0.09424,0.75496,0.00369,0.0,0.0,0.00369
2018-05-30 10:00:00,2018-05-30 11:00,1.11741,0.01064,0.27522,0.08509,0.74646,0.00302,0.0,0.0,0.00302
2018-05-30 11:00:00,2018-05-30 12:00,1.13063,0.00015,0.28559,0.08207,0.76282,0.0027,0.0,0.0,0.0027
2018-05-30 12:00:00,2018-05-30 13:00,1.2042,0.00187,0.3057,0.08891,0.80772,0.00378,0.0,0.0,0.00378
2018-05-30 13:00:00,2018-05-30 14:00,1.15774,0.0,0.31853,0.09393,0.74528,0.00479,0.0,0.0,0.00479
2018-05-30 14:00:00,2018-05-30 15:00,1.14182,0.0,0.34524,0.08197,0.7146,0.0029,0.0,0.0,0.0029
2018-05-30 15:00:00,2018-05-30 16:00,1.20224,0.0,0.40527,0.09127,0.70569,0.00194,0.0,0.0,0.00194
2018-05-30 16:00:00,2018-05-30 17:00,1.40807,0.00148,0.47336,0.10321,0.83002,0.00637,0.0,0.0,0.00637
2018-05-30 17:00:00,2018-05-30 18:00,1.64653,0.0,0.59169,0.09294,0.96189,0.0064,0.0,0.0,0.0064
2018-05-30 18:00:00,2018-05-30 19:00,1.85083,0.0,0.62454,0.11495,1.11134,0.00338,0.0,0.0,0.00338
2018-05-30 19:00:00,2018-05-30 20:00,1.95363,0.0,0.64996,0.08212,1.22155,0.00529,0.0,0.0,0.00529
2018-05-30 20:00:00,2018-05-30 21:00,1.93888,0.00459,0.63267,0.0687,1.23292,0.00658,0.0,0.0,0.00658
2018-05-30 21:00:00,2018-05-30 22:00,1.74352,0.00047,0.54131,0.06125,1.14049,0.00301,0.0,0.0,0.00301
2018-05-30 22:00:00,2018-05-30 23:00,1.3443,0.0,0.43212,0.04901,0.86316,0.00297,0.0,0.0,0.00297
2018-05-30 23:00:00,2018-05-31 00:00,1.02798,0.0,0.33377,0.04295,0.65126,0.00164,0.0,0.0,0.00164
2018-05-31 00:00:00,2018-05-31 01:00,0.87794,0.0,0.29478,0.035,0.54816,0.00139,0.0,0.0,0.00139
2018-05-31 01:00:00,2018-05-31 02:00,0.78217,0.00032,0.26418,0.02236,0.49531,0.00019,0.0,0.0,0.00019
2018-05-31 02:00:00,2018-05-31 03:00,0.71986,0.01026,0.2038,0.02373,0.48206,0.00015,0.0,0.0,0.00015
2018-05-31 03:00:00,2018-05-31 04:00,0.70177,0.00037,0.18068,0.03005,0.49067,0.00047,0.0,0.0,0.00047
2018-05-31 04:00:00,2018-05-31 05:00,0.7014,0.0062,0.14769,0.03195,0.51556,0.00165,0.0,0.0,0.00165
2018-05-31 05:00:00,2018-05-31 06:00,0.72957,0.00705,0.12808,0.06884,0.52561,0.00208,0.0,0.0,0.00208
2018-05-31 06:00:00,2018-05-31 07:00,0.91925,0.00459,0.1581,0.11929,0.63727,0.0029,0.0,0.0,0.0029
2018-05-31 07:00:00,2018-05-31 08:00,1.06124,0.00245,0.22182,0.12867,0.70829,0.00411,0.0,0.0,0.00411
2018-05-31 08:00:00,2018-05-31 09:00,1.15619,0.00216,0.29855,0.14088,0.7146,0.00364,0.0,0.0,0.00364
2018-05-31 09:00:00,2018-05-31 10:00,1.21147,0.01092,0.37176,0.09169,0.73711,0.00348,0.0,0.0,0.00348
2018-05-31 10:00:00,2018-05-31 11:00,1.22683,0.00967,0.49402,0.0717,0.65144,0.00241,0.0,0.0,0.00241
2018-05-31 11:00:00,2018-05-31 12:00,1.42239,0.0,0.63142,0.09036,0.70061,0.00381,0.0,0.0,0.00381
2018-05-31 12:00:00,2018-05-31 13:00,1.60992,0.002,0.77882,0.08186,0.74724,0.00467,0.0,0.0,0.00467
2018-05-31 13:00:00,2018-05-31 14:00,1.67626,0.0,0.88268,0.0754,0.71818,0.00583,0.0,0.0,0.00583
2018-05-31 14:00:00,2018-05-31 15:00,1.85286,0.0,1.00097,0.10157,0.75032,0.00437,0.0,0.0,0.00437
2018-05-31 15:00:00,2018-05-31 16:00,2.03326,0.0,1.16621,0.10239,0.76465,0.00381,0.0,0.0,0.00381
2018-05-31 16:00:00,2018-05-31 17:00,2.33741,0.00062,1.31953,0.09183,0.92544,0.00451,0.0,0.0,0.00451
2018-05-31 17:00:00,2018-05-31 18:00,2.55817,0.0,1.44972,0.11136,0.99709,0.00428,0.0,0.0,0.00428
2018-05-31 18:00:00,2018-05-31 19:00,2.7491,0.0,1.48767,0.10745,1.15398,0.00687,0.0,0.0,0.00687
2018-05-31 19:00:00,2018-05-31 20:00,2.77602,0.0,1.46298,0.08916,1.22389,0.00535,0.0,0.0,0.00535
2018-05-31 20:00:00,2018-05-31 21:00,2.66343,0.00343,1.30406,0.07797,1.27797,0.00459,0.0,0.0,0.00459
2018-05-31 21:00:00,2018-05-31 22:00,2.34792,0.00016,1.05892,0.06537,1.22348,0.00223,0.0,0.0,0.00223
2018-05-31 22:00:00,2018-05-31 23:00,1.8029,0.0,0.84338,0.05244,0.90708,0.00115,0.0,0.0,0.00115
2018-05-31 23:00:00,2018-06-01 00:00,1.3407,0.0,0.67484,0.04453,0.62133,0.00072,0.0,0.0,0.00072
2018-06-01 00:00:00,2018-06-01 01:00,1.12596,0.0,0.5623,0.03301,0.53064,0.00051,0.0,0.0,0.00051
2018-06-01 01:00:00,2018-06-01 02:00,1.01714,0.0,0.50095,0.01918,0.49701,0.00018,0.0,0.0,0.00018
2018-06-01 02:00:00,2018-06-01 03:00,0.90088,0.00849,0.39099,0.01786,0.48354,0.00015,0.0,0.0,0.00015
2018-06-01 03:00:00,2018-06-01 04:00,0.8413,0.0,0.31681,0.03093,0.49356,0.00037,0.0,0.0,0.00037
2018-06-01 04:00:00,2018-06-01 05:00,0.81645,0.00501,0.25592,0.03382,0.5217,0.00076,0.0,0.0,0.00076
2018-06-01 05:00:00,2018-06-01 06:00,0.84998,0.00564,0.2266,0.08268,0.53506,0.0016,0.0,0.0,0.0016
2018-06-01 06:00:00,2018-06-01 07:00,1.00038,0.00299,0.24651,0.12961,0.62126,0.00334,0.0,0.0,0.00334
2018-06-01 07:00:00,2018-06-01 08:00,1.03653,0.00145,0.24817,0.11668,0.67022,0.003,0.0,0.0,0.003
2018-06-01 08:00:00,2018-06-01 09:00,1.06965,0.00226,0.224,0.11695,0.72644,0.00517,0.0,0.0,0.00517
2018-06-01 09:00:00,2018-06-01 10:00,1.0912,0.00852,0.2238,0.10547,0.75342,0.00394,0.0,0.0,0.00394
2018-06-01 10:00:00,2018-06-01 11:00,1.06454,0.01066,0.29043,0.08194,0.68151,0.00399,0.0,0.0,0.00399
2018-06-01 11:00:00,2018-06-01 12:00,1.20229,0.0,0.41054,0.08095,0.7108,0.0046,0.0,0.0,0.0046
2018-06-01 12:00:00,2018-06-01 13:00,1.31271,0.00194,0.53435,0.08059,0.69583,0.00517,0.0,0.0,0.00517
2018-06-01 13:00:00,2018-06-01 14:00,1.46157,0.0,0.66094,0.08442,0.71621,0.00396,0.0,0.0,0.00396
2018-06-01 14:00:00,2018-06-01 15:00,1.59405,0.0,0.7997,0.09449,0.69985,0.00249,0.0,0.0,0.00249
2018-06-01 15:00:00,2018-06-01 16:00,1.82425,0.0,0.95943,0.102,0.76282,0.00334,0.0,0.0,0.00334
2018-06-01 16:00:00,2018-06-01 17:00,2.01645,0.00072,1.1058,0.08545,0.82448,0.0056,0.0,0.0,0.0056
2018-06-01 17:00:00,2018-06-01 18:00,2.23054,0.0,1.23533,0.09503,0.90017,0.00526,0.0,0.0,0.00526
2018-06-01 18:00:00,2018-06-01 19:00,2.29882,0.0,1.23671,0.08097,0.98113,0.00629,0.0,0.0,0.00629
2018-06-01 19:00:00,2018-06-01 20:00,2.36912,0.0,1.19294,0.0995,1.07668,0.00534,0.0,0.0,0.00534
2018-06-01 20:00:00,2018-06-01 21:00,2.27611,0.00354,1.04276,0.07227,1.15754,0.00439,0.0,0.0,0.00439
2018-06-01 21:00:00,2018-06-01 22:00,1.94381,0.00018,0.80678,0.03857,1.09828,0.0035,0.0,0.0,0.0035
2018-06-01 22:00:00,2018-06-01 23:00,1.45091,0.0,0.56999,0.05441,0.82651,0.0032,0.0,0.0,0.0032
2018-06-01 23:00:00,2018-06-02 00:00,1.00904,0.0,0.3855,0.03951,0.58404,0.0012,0.0,0.0,0.0012
2018-06-02 00:00:00,2018-06-02 01:00,0.94503,0.0,0.38354,0.03289,0.52861,0.00034,0.0,0.0,0.00034
2018-06-02 01:00:00,2018-06-02 02:00,0.85943,1e-05,0.33532,0.024,0.5001,0.00018,0.0,0.0,0.00018
2018-06-02 02:00:00,2018-06-02 03:00,0.76871,0.01015,0.24272,0.03178,0.48407,0.00015,0.0,0.0,0.00015
2018-06-02 03:00:00,2018-06-02 04:00,0.73074,0.00059,0.21512,0.02498,0.49005,0.00024,0.0,0.0,0.00024
2018-06-02 04:00:00,2018-06-02 05:00,0.72069,0.00618,0.1814,0.03881,0.49431,0.00069,0.0,0.0,0.00069
2018-06-02 05:00:00,2018-06-02 06:00,0.71652,0.00861,0.13998,0.05092,0.51701,0.00061,0.0,0.0,0.00061
2018-06-02 06:00:00,2018-06-02 07:00,0.75121,0.01064,0.12404,0.05505,0.56149,0.00205,0.0,0.0,0.00205
2018-06-02 07:00:00,2018-06-02 08:00,0.86336,0.00944,0.11835,0.09168,0.64389,0.0042,0.0,0.0,0.0042
2018-06-02 08:00:00,2018-06-02 09:00,0.99928,0.00741,0.11791,0.12351,0.75045,0.00679,0.0,0.0,0.00679
2018-06-02 09:00:00,2018-06-02 10:00,1.03412,0.01493,0.10528,0.1293,0.7846,0.00658,0.0,0.0,0.00658
2018-06-02 10:00:00,2018-06-02 11:00,1.05426,0.01801,0.09227,0.1223,0.82167,0.00482,0.0,0.0,0.00482
2018-06-02 11:00:00,2018-06-02 12:00,1.03809,0.00801,0.08367,0.10381,0.8426,0.00697,0.0,0.0,0.00697
2018-06-02 12:00:00,2018-06-02 13:00,1.0361,0.01811,0.08244,0.10193,0.83362,0.00579,0.0,0.0,0.00579
2018-06-02 13:00:00,2018-06-02 14:00,0.98053,0.00853,0.08676,0.10345,0.7818,0.00419,0.0,0.0,0.00419
2018-06-02 14:00:00,2018-06-02 15:00,1.04896,0.00659,0.10126,0.09831,0.84281,0.00462,0.0,0.0,0.00462
2018-06-02 15:00:00,2018-06-02 16:00,1.09213,0.00329,0.12264,0.11675,0.84944,0.00459,0.0,0.0,0.00459
2018-06-02 16:00:00,2018-06-02 17:00,1.19213,0.00087,0.16746,0.12547,0.89832,0.00877,0.0,0.0,0.00877
2018-06-02 17:00:00,2018-06-02 18:00,1.41351,1e-05,0.30175,0.1008,1.01095,0.00655,0.0,0.0,0.00655
2018-06-02 18:00:00,2018-06-02 19:00,1.54808,0.0,0.34196,0.09553,1.11059,0.0063,0.0,0.0,0.0063
2018-06-02 19:00:00,2018-06-02 20:00,1.63434,0.0,0.32565,0.08373,1.22496,0.00525,0.0,0.0,0.00525
2018-06-02 20:00:00,2018-06-02 21:00,1.64616,0.0,0.31429,0.05955,1.27232,0.0057,0.0,0.0,0.0057
2018-06-02 21:00:00,2018-06-02 22:00,1.5311,0.00069,0.26542,0.06517,1.19981,0.00539,0.0,0.0,0.00539
2018-06-02 22:00:00,2018-06-02 23:00,1.15386,0.00017,0.19635,0.06388,0.89346,0.00072,0.0,0.0,0.00072
2018-06-02 23:00:00,2018-06-03 00:00,0.8145,0.00082,0.13883,0.03848,0.63638,0.00091,0.0,0.0,0.00091
2018-06-03 00:00:00,2018-06-03 01:00,0.72441,0.00455,0.11491,0.03507,0.56988,0.00082,0.0,0.0,0.00082
2018-06-03 01:00:00,2018-06-03 02:00,0.65858,0.00419,0.10499,0.02708,0.52231,0.00088,0.0,0.0,0.00088
2018-06-03 02:00:00,2018-06-03 03:00,0.61187,0.02221,0.07226,0.0339,0.4835,0.00043,0.0,0.0,0.00043
2018-06-03 03:00:00,2018-06-03 04:00,0.59452,0.01173,0.06888,0.02553,0.48838,0.00013,0.0,0.0,0.00013
2018-06-03 04:00:00,2018-06-03 05:00,0.57704,0.0274,0.04299,0.02675,0.4799,0.0003,0.0,0.0,0.0003
2018-06-03 05:00:00,2018-06-03 06:00,0.61657,0.04199,0.02815,0.03966,0.50677,0.00051,0.0,0.0,0.00051
2018-06-03 06:00:00,2018-06-03 07:00,0.71911,0.04191,0.02589,0.07636,0.57496,0.00267,0.0,0.0,0.00267
2018-06-03 07:00:00,2018-06-03 08:00,0.77935,0.04501,0.02467,0.08583,0.62383,0.00136,0.0,0.0,0.00136
2018-06-03 08:00:00,2018-06-03 09:00,0.94605,0.04363,0.02286,0.11686,0.7627,0.00309,0.0,0.0,0.00309
2018-06-03 09:00:00,2018-06-03 10:00,0.95704,0.05503,0.02654,0.13892,0.73656,0.00291,0.0,0.0,0.00291
2018-06-03 10:00:00,2018-06-03 11:00,0.99075,0.0598,0.03086,0.10015,0.79993,0.00363,0.0,0.0,0.00363
2018-06-03 11:00:00,2018-06-03 12:00,0.97292,0.03236,0.03353,0.10403,0.80299,0.00411,0.0,0.0,0.00411
2018-06-03 12:00:00,2018-06-03 13:00,0.94139,0.0332,0.0373,0.10747,0.76343,0.00414,0.0,0.0,0.00414
2018-06-03 13:00:00,2018-06-03 14:00,0.93398,0.01747,0.05384,0.11687,0.7458,0.00569,0.0,0.0,0.00569
2018-06-03 14:00:00,2018-06-03 15:00,1.03358,0.00658,0.08856,0.12265,0.8158,0.0034,0.0,0.0,0.0034
2018-06-03 15:00:00,2018-06-03 16:00,1.18514,0.00168,0.16279,0.11188,0.90879,0.00451,0.0,0.0,0.00451
2018-06-03 16:00:00,2018-06-03 17:00,1.41023,2e-05,0.27052,0.10346,1.03623,0.00422,0.0,0.0,0.00422
2018-06-03 17:00:00,2018-06-03 18:00,1.55585,0.0,0.41443,0.11321,1.02821,0.00945,0.0,0.0,0.00945
2018-06-03 18:00:00,2018-06-03 19:00,1.70611,0.0,0.47275,0.09947,1.1339,0.0062,0.0,0.0,0.0062
2018-06-03 19:00:00,2018-06-03 20:00,1.81898,0.0,0.50918,0.07807,1.23174,0.00475,0.0,0.0,0.00475
2018-06-03 20:00:00,2018-06-03 21:00,1.81097,1e-05,0.45358,0.06989,1.2875,0.00308,0.0,0.0,0.00308
2018-06-03 21:00:00,2018-06-03 22:00,1.67452,0.00067,0.33329,0.05499,1.28557,0.00259,0.0,0.0,0.00259
2018-06-03 22:00:00,2018-06-03 23:00,1.20694,3e-05,0.24335,0.04528,0.91828,0.00187,0.0,0.0,0.00187
2018-06-03 23:00:00,2018-06-04 00:00,0.86955,0.00048,0.1593,0.0427,0.66707,0.00271,0.0,0.0,0.00271
2018-06-04 00:00:00,2018-06-04 01:00,0.66159,0.00292,0.09419,0.03258,0.53189,0.00153,0.0,0.0,0.00153
2018-06-04 01:00:00,2018-06-04 02:00,0.62001,0.00539,0.08258,0.03224,0.49981,0.0011,0.0,0.0,0.0011
2018-06-04 02:00:00,2018-06-04 03:00,0.59377,0.02716,0.05076,0.02969,0.48616,0.00043,0.0,0.0,0.00043
2018-06-04 03:00:00,2018-06-04 04:00,0.59152,0.02104,0.04282,0.04387,0.48379,0.00021,0.0,0.0,0.00021
2018-06-04 04:00:00,2018-06-04 05:00,0.5984,0.03985,0.02471,0.04859,0.48526,0.00017,0.0,0.0,0.00017
2018-06-04 05:00:00,2018-06-04 06:00,0.69956,0.09062,0.01551,0.0774,0.51602,0.00164,0.0,0.0,0.00164
2018-06-04 06:00:00,2018-06-04 07:00,0.81241,0.06554,0.02436,0.11336,0.60916,0.00625,0.0,0.0,0.00625
2018-06-04 07:00:00,2018-06-04 08:00,0.9497,0.02965,0.04134,0.13934,0.73937,0.00491,0.0,0.0,0.00491
2018-06-04 08:00:00,2018-06-04 09:00,0.88329,0.01457,0.0754,0.1156,0.67771,0.00251,0.0,0.0,0.00251
2018-06-04 09:00:00,2018-06-04 10:00,0.9141,0.01732,0.12295,0.09874,0.67509,0.0031,0.0,0.0,0.0031
2018-06-04 10:00:00,2018-06-04 11:00,0.97937,0.01444,0.18721,0.10521,0.67251,0.00596,0.0,0.0,0.00596
2018-06-04 11:00:00,2018-06-04 12:00,1.02022,6e-05,0.27858,0.08353,0.65805,0.00498,0.0,0.0,0.00498
2018-06-04 12:00:00,2018-06-04 13:00,1.17612,0.002,0.40827,0.08337,0.68248,0.00407,0.0,0.0,0.00407
2018-06-04 13:00:00,2018-06-04 14:00,1.32847,0.0,0.52817,0.08013,0.72016,0.00326,0.0,0.0,0.00326
2018-06-04 14:00:00,2018-06-04 15:00,1.46572,0.0,0.66375,0.09979,0.70218,0.00356,0.0,0.0,0.00356
2018-06-04 15:00:00,2018-06-04 16:00,1.74672,0.0,0.86845,0.11622,0.76205,0.00298,0.0,0.0,0.00298
2018-06-04 16:00:00,2018-06-04 17:00,2.02483,0.00035,1.08593,0.09007,0.84848,0.00847,0.0,0.0,0.00847
2018-06-04 17:00:00,2018-06-04 18:00,2.37227,0.0,1.26347,0.0885,1.02031,0.00634,0.0,0.0,0.00634
2018-06-04 18:00:00,2018-06-04 19:00,2.44861,0.0,1.2968,0.10035,1.05146,0.00615,0.0,0.0,0.00615
2018-06-04 19:00:00,2018-06-04 20:00,2.53118,0.0,1.28021,0.09635,1.15462,0.006,0.0,0.0,0.006
2018-06-04 20:00:00,2018-06-04 21:00,2.38939,0.00347,1.08539,0.08484,1.21568,0.00495,0.0,0.0,0.00495
2018-06-04 21:00:00,2018-06-04 22:00,1.98215,0.00019,0.84202,0.06409,1.07585,0.00367,0.0,0.0,0.00367
2018-06-04 22:00:00,2018-06-04 23:00,1.56237,0.0,0.65549,0.04861,0.85827,0.0011,0.0,0.0,0.0011
2018-06-04 23:00:00,2018-06-05 00:00,1.21256,0.0,0.52494,0.05483,0.63279,0.00172,0.0,0.0,0.00172
2018-06-05 00:00:00,2018-06-05 01:00,1.04182,0.0,0.49209,0.02666,0.52307,0.00146,0.0,0.0,0.00146
2018-06-05 01:00:00,2018-06-05 02:00,0.96289,0.0,0.43739,0.0154,0.5101,0.00018,0.0,0.0,0.00018
2018-06-05 02:00:00,2018-06-05 03:00,0.83859,0.00865,0.32996,0.01693,0.48304,0.00015,0.0,0.0,0.00015
2018-06-05 03:00:00,2018-06-05 04:00,0.80296,0.0,0.27029,0.04265,0.49001,0.00022,0.0,0.0,0.00022
2018-06-05 04:00:00,2018-06-05 05:00,0.74657,0.00532,0.20235,0.04289,0.49601,0.00035,0.0,0.0,0.00035
2018-06-05 05:00:00,2018-06-05 06:00,0.76742,0.00669,0.15167,0.07348,0.53558,0.0009,0.0,0.0,0.0009
2018-06-05 06:00:00,2018-06-05 07:00,0.87407,0.0046,0.15878,0.12834,0.58234,0.00361,0.0,0.0,0.00361
2018-06-05 07:00:00,2018-06-05 08:00,1.03048,0.00211,0.20032,0.15112,0.67694,0.00448,0.0,0.0,0.00448
2018-06-05 08:00:00,2018-06-05 09:00,1.09075,0.00223,0.25424,0.10384,0.73044,0.00432,0.0,0.0,0.00432
2018-06-05 09:00:00,2018-06-05 10:00,1.12434,0.01033,0.28364,0.10019,0.73018,0.00422,0.0,0.0,0.00422
2018-06-05 10:00:00,2018-06-05 11:00,1.11512,0.01058,0.33074,0.10026,0.67354,0.00263,0.0,0.0,0.00263
2018-06-05 11:00:00,2018-06-05 12:00,1.10403,4e-05,0.38487,0.08385,0.63527,0.00388,0.0,0.0,0.00388
2018-06-05 12:00:00,2018-06-05 13:00,1.25549,0.00194,0.45437,0.08539,0.71379,0.00458,0.0,0.0,0.00458
2018-06-05 13:00:00,2018-06-05 14:00,1.35586,0.0,0.53896,0.08083,0.73606,0.00318,0.0,0.0,0.00318
2018-06-05 14:00:00,2018-06-05 15:00,1.48213,0.0,0.65228,0.10284,0.727,0.00302,0.0,0.0,0.00302
2018-06-05 15:00:00,2018-06-05 16:00,1.6247,0.0,0.79021,0.10102,0.73347,0.00425,0.0,0.0,0.00425
2018-06-05 16:00:00,2018-06-05 17:00,1.86734,0.00083,0.93087,0.11182,0.82382,0.00646,0.0,0.0,0.00646
2018-06-05 17:00:00,2018-06-05 18:00,2.1536,0.0,1.08915,0.09791,0.96654,0.00342,0.0,0.0,0.00342
2018-06-05 18:00:00,2018-06-05 19:00,2.27312,0.0,1.11831,0.08755,1.06726,0.00441,0.0,0.0,0.00441
2018-06-05 19:00:00,2018-06-05 20:00,2.30797,0.0,1.09906,0.07594,1.13297,0.00535,0.0,0.0,0.00535
2018-06-05 20:00:00,2018-06-05 21:00,2.23758,0.00384,0.96602,0.07026,1.19747,0.00382,0.0,0.0,0.00382
2018-06-05 21:00:00,2018-06-05 22:00,2.01853,4e-05,0.77931,0.06717,1.17201,0.0023,0.0,0.0,0.0023
2018-06-05 22:00:00,2018-06-05 23:00,1.59346,0.0,0.63433,0.06332,0.89581,0.00217,0.0,0.0,0.00217
2018-06-05 23:00:00,2018-06-06 00:00,1.17437,0.0,0.50647,0.04683,0.62108,0.00406,0.0,0.0,0.00406
2018-06-06 00:00:00,2018-06-06 01:00,0.90012,0.0,0.34798,0.0239,0.52824,0.00084,0.0,0.0,0.00084
2018-06-06 01:00:00,2018-06-06 02:00,0.83361,0.0,0.30552,0.03291,0.49519,0.00026,0.0,0.0,0.00026
2018-06-06 02:00:00,2018-06-06 03:00,0.76567,0.00869,0.24073,0.03404,0.48221,0.00015,0.0,0.0,0.00015
2018-06-06 03:00:00,2018-06-06 04:00,0.727,0.0,0.21821,0.0255,0.48329,0.00039,0.0,0.0,0.00039
2018-06-06 04:00:00,2018-06-06 05:00,0.73005,0.00517,0.18023,0.04847,0.49618,0.00043,0.0,0.0,0.00043
2018-06-06 05:00:00,2018-06-06 06:00,0.74886,0.00577,0.14489,0.07756,0.52064,0.0019,0.0,0.0,0.0019
2018-06-06 06:00:00,2018-06-06 07:00,0.87789,0.00402,0.1179,0.11029,0.64568,0.00389,0.0,0.0,0.00389
2018-06-06 07:00:00,2018-06-06 08:00,1.02382,0.00282,0.11632,0.15588,0.74881,0.00514,0.0,0.0,0.00514
2018-06-06 08:00:00,2018-06-06 09:00,1.05829,0.00518,0.13386,0.1267,0.79256,0.00554,0.0,0.0,0.00554
2018-06-06 09:00:00,2018-06-06 10:00,1.00782,0.01305,0.13769,0.09965,0.75743,0.00581,0.0,0.0,0.00581
2018-06-06 10:00:00,2018-06-06 11:00,1.06804,0.01188,0.16332,0.10684,0.78601,0.00476,0.0,0.0,0.00476
2018-06-06 11:00:00,2018-06-06 12:00,1.01613,0.00013,0.22266,0.07866,0.71467,0.00636,0.0,0.0,0.00636
2018-06-06 12:00:00,2018-06-06 13:00,1.11642,0.002,0.33074,0.08298,0.70071,0.00416,0.0,0.0,0.00416
2018-06-06 13:00:00,2018-06-06 14:00,1.22086,0.0,0.44373,0.07064,0.70649,0.00384,0.0,0.0,0.00384
2018-06-06 14:00:00,2018-06-06 15:00,1.37724,0.0,0.57691,0.09282,0.7075,0.00373,0.0,0.0,0.00373
2018-06-06 15:00:00,2018-06-06 16:00,1.59894,0.0,0.71747,0.10733,0.77414,0.00438,0.0,0.0,0.00438
2018-06-06 16:00:00,2018-06-06 17:00,1.87881,0.00069,0.87251,0.09064,0.91497,0.00564,0.0,0.0,0.00564
2018-06-06 17:00:00,2018-06-06 18:00,2.10357,0.0,1.051,0.10336,0.94921,0.00592,0.0,0.0,0.00592
2018-06-06 18:00:00,2018-06-06 19:00,2.31382,0.0,1.11843,0.1092,1.0862,0.00907,0.0,0.0,0.00907
2018-06-06 19:00:00,2018-06-06 20:00,2.36664,0.0,1.13185,0.08174,1.15305,0.00701,0.0,0.0,0.00701
2018-06-06 20:00:00,2018-06-06 21:00,2.25128,0.00362,0.99039,0.08094,1.17633,0.00306,0.0,0.0,0.00306
2018-06-06 21:00:00,2018-06-06 22:00,1.99662,0.0,0.78117,0.0584,1.15705,0.00318,0.0,0.0,0.00318
2018-06-06 22:00:00,2018-06-06 23:00,1.47827,0.0,0.59519,0.04655,0.83653,0.00229,0.0,0.0,0.00229
2018-06-06 23:00:00,2018-06-07 00:00,1.08545,0.0,0.42016,0.03795,0.62735,0.0013,0.0,0.0,0.0013
2018-06-07 00:00:00,2018-06-07 01:00,0.95828,0.0,0.40016,0.03046,0.52766,0.00032,0.0,0.0,0.00032
2018-06-07 01:00:00,2018-06-07 02:00,0.8802,0.0,0.34084,0.02795,0.5114,0.00073,0.0,0.0,0.00073
2018-06-07 02:00:00,2018-06-07 03:00,0.76893,0.00981,0.25133,0.02395,0.48385,0.00063,0.0,0.0,0.00063
2018-06-07 03:00:00,2018-06-07 04:00,0.73069,0.00034,0.2162,0.02768,0.48647,0.00013,0.0,0.0,0.00013
2018-06-07 04:00:00,2018-06-07 05:00,0.75705,0.0063,0.16299,0.03483,0.55294,0.00032,0.0,0.0,0.00032
2018-06-07 05:00:00,2018-06-07 06:00,0.73812,0.00915,0.11645,0.07752,0.535,0.00209,0.0,0.0,0.00209
2018-06-07 06:00:00,2018-06-07 07:00,0.88831,0.00909,0.11736,0.11497,0.6469,0.0038,0.0,0.0,0.0038
2018-06-07 07:00:00,2018-06-07 08:00,0.99097,0.0057,0.13585,0.13152,0.71791,0.00536,0.0,0.0,0.00536
2018-06-07 08:00:00,2018-06-07 09:00,1.10171,0.0043,0.17305,0.11601,0.80834,0.00263,0.0,0.0,0.00263
2018-06-07 09:00:00,2018-06-07 10:00,1.09226,0.01086,0.21294,0.10086,0.7676,0.00334,0.0,0.0,0.00334
2018-06-07 10:00:00,2018-06-07 11:00,1.05567,0.01096,0.28818,0.09337,0.66316,0.00507,0.0,0.0,0.00507
2018-06-07 11:00:00,2018-06-07 12:00,1.19769,2e-05,0.37206,0.09581,0.7298,0.00502,0.0,0.0,0.00502
2018-06-07 12:00:00,2018-06-07 13:00,1.27652,0.00189,0.47683,0.09047,0.70733,0.00573,0.0,0.0,0.00573
2018-06-07 13:00:00,2018-06-07 14:00,1.35511,0.0,0.59588,0.079,0.68024,0.00567,0.0,0.0,0.00567
2018-06-07 14:00:00,2018-06-07 15:00,1.46582,0.0,0.71719,0.08045,0.66818,0.00251,0.0,0.0,0.00251
2018-06-07 15:00:00,2018-06-07 16:00,1.71432,0.0,0.84874,0.10168,0.7639,0.00356,0.0,0.0,0.00356
2018-06-07 16:00:00,2018-06-07 17:00,1.8122,0.0008,0.88158,0.0915,0.83831,0.00411,0.0,0.0,0.00411
2018-06-07 17:00:00,2018-06-07 18:00,1.95063,0.0,0.89112,0.10789,0.95161,0.00623,0.0,0.0,0.00623
2018-06-07 18:00:00,2018-06-07 19:00,2.00174,0.0,0.82474,0.11465,1.06236,0.00451,0.0,0.0,0.00451
2018-06-07 19:00:00,2018-06-07 20:00,2.03535,0.0,0.79222,0.09398,1.14914,0.00233,0.0,0.0,0.00233
2018-06-07 20:00:00,2018-06-07 21:00,1.99056,0.00416,0.74351,0.06369,1.1792,0.00216,0.0,0.0,0.00216
2018-06-07 21:00:00,2018-06-07 22:00,1.94323,0.00036,0.66454,0.07605,1.20227,0.00281,0.0,0.0,0.00281
2018-06-07 22:00:00,2018-06-07 23:00,1.43351,0.0,0.5607,0.05559,0.81722,0.00354,0.0,0.0,0.00354
2018-06-07 23:00:00,2018-06-08 00:00,1.14519,0.0,0.46315,0.0472,0.63484,0.00222,0.0,0.0,0.00222
2018-06-08 00:00:00,2018-06-08 01:00,0.93464,0.0,0.36693,0.03183,0.53587,0.00032,0.0,0.0,0.00032
2018-06-08 01:00:00,2018-06-08 02:00,0.86135,0.0,0.33172,0.02673,0.5029,0.00018,0.0,0.0,0.00018
2018-06-08 02:00:00,2018-06-08 03:00,0.7671,0.00895,0.24692,0.02823,0.48299,0.00015,0.0,0.0,0.00015
2018-06-08 03:00:00,2018-06-08 04:00,0.71979,0.0,0.20813,0.02687,0.4848,0.00074,0.0,0.0,0.00074
2018-06-08 04:00:00,2018-06-08 05:00,0.69851,0.00535,0.16482,0.04292,0.48542,0.00104,0.0,0.0,0.00104
2018-06-08 05:00:00,2018-06-08 06:00,0.7464,0.00606,0.14181,0.08083,0.5177,0.0019,0.0,0.0,0.0019
2018-06-08 06:00:00,2018-06-08 07:00,0.92897,0.00357,0.14849,0.11884,0.65807,0.00357,0.0,0.0,0.00357
2018-06-08 07:00:00,2018-06-08 08:00,0.99825,0.00148,0.1536,0.12583,0.71735,0.00424,0.0,0.0,0.00424
2018-06-08 08:00:00,2018-06-08 09:00,1.00983,0.00284,0.17342,0.10473,0.72883,0.00344,0.0,0.0,0.00344
2018-06-08 09:00:00,2018-06-08 10:00,1.08408,0.01149,0.20025,0.11815,0.75419,0.00787,0.0,0.0,0.00787
2018-06-08 10:00:00,2018-06-08 11:00,1.18048,0.01106,0.22789,0.10683,0.8347,0.00756,0.0,0.0,0.00756
2018-06-08 11:00:00,2018-06-08 12:00,1.02168,0.00016,0.27597,0.08723,0.65832,0.00441,0.0,0.0,0.00441
2018-06-08 12:00:00,2018-06-08 13:00,1.11213,0.00195,0.32896,0.08694,0.69428,0.0035,0.0,0.0,0.0035
2018-06-08 13:00:00,2018-06-08 14:00,1.23427,0.0,0.35752,0.07382,0.80292,0.00233,0.0,0.0,0.00233
2018-06-08 14:00:00,2018-06-08 15:00,1.18345,0.0,0.36424,0.08409,0.73511,0.00326,0.0,0.0,0.00326
2018-06-08 15:00:00,2018-06-08 16:00,1.24306,0.0,0.41018,0.09387,0.73901,0.00431,0.0,0.0,0.00431
2018-06-08 16:00:00,2018-06-08 17:00,1.3585,0.00121,0.46069,0.10968,0.78692,0.00367,0.0,0.0,0.00367
2018-06-08 17:00:00,2018-06-08 18:00,1.67429,0.0,0.60091,0.09718,0.9762,0.00353,0.0,0.0,0.00353
2018-06-08 18:00:00,2018-06-08 19:00,1.89112,0.0,0.66418,0.12051,1.10642,0.00531,0.0,0.0,0.00531
2018-06-08 19:00:00,2018-06-08 20:00,1.91868,0.0,0.67493,0.0892,1.15455,0.00486,0.0,0.0,0.00486
2018-06-08 20:00:00,2018-06-08 21:00,1.92099,0.00456,0.62111,0.05307,1.24226,0.00353,0.0,0.0,0.00353
2018-06-08 21:00:00,2018-06-08 22:00,1.70965,0.00048,0.47298,0.05965,1.17653,0.00204,0.0,0.0,0.00204
2018-06-08 22:00:00,2018-06-08 23:00,1.2638,0.0,0.36677,0.05102,0.84601,0.00265,0.0,0.0,0.00265
2018-06-08 23:00:00,2018-06-09 00:00,0.90721,0.0,0.26991,0.04728,0.59002,0.0011,0.0,0.0,0.0011
2018-06-09 00:00:00,2018-06-09 01:00,0.87509,1e-05,0.30078,0.03664,0.53766,0.00069,0.0,0.0,0.00069
2018-06-09 01:00:00,2018-06-09 02:00,0.82891,0.0,0.28917,0.04403,0.49571,0.00026,0.0,0.0,0.00026
2018-06-09 02:00:00,2018-06-09 03:00,0.75088,0.01012,0.2294,0.02908,0.48229,0.00015,0.0,0.0,0.00015
2018-06-09 03:00:00,2018-06-09 04:00,0.71136,0.00047,0.20886,0.01534,0.48669,0.00013,0.0,0.0,0.00013
2018-06-09 04:00:00,2018-06-09 05:00,0.6859,0.00637,0.1694,0.02055,0.48959,0.00103,0.0,0.0,0.00103
2018-06-09 05:00:00,2018-06-09 06:00,0.67728,0.00738,0.13942,0.02626,0.50423,0.00055,0.0,0.0,0.00055
2018-06-09 06:00:00,2018-06-09 07:00,0.74531,0.00524,0.1388,0.06017,0.5411,0.00165,0.0,0.0,0.00165
2018-06-09 07:00:00,2018-06-09 08:00,0.945,0.00285,0.17039,0.09468,0.67708,0.00403,0.0,0.0,0.00403
2018-06-09 08:00:00,2018-06-09 09:00,1.07836,0.00145,0.21182,0.11177,0.75331,0.00486,0.0,0.0,0.00486
2018-06-09 09:00:00,2018-06-09 10:00,1.12246,0.01167,0.20913,0.11319,0.78846,0.0056,0.0,0.0,0.0056
2018-06-09 10:00:00,2018-06-09 11:00,1.19134,0.0122,0.20192,0.12478,0.85244,0.0039,0.0,0.0,0.0039
2018-06-09 11:00:00,2018-06-09 12:00,1.14912,0.00027,0.19602,0.10815,0.84468,0.00632,0.0,0.0,0.00632
2018-06-09 12:00:00,2018-06-09 13:00,1.12108,0.00248,0.19355,0.10296,0.82209,0.00448,0.0,0.0,0.00448
2018-06-09 13:00:00,2018-06-09 14:00,1.10293,0.0,0.20044,0.10078,0.8017,0.00662,0.0,0.0,0.00662
2018-06-09 14:00:00,2018-06-09 15:00,1.11718,0.0,0.21847,0.10388,0.79483,0.00499,0.0,0.0,0.00499
2018-06-09 15:00:00,2018-06-09 16:00,1.22852,0.0,0.25259,0.12022,0.85571,0.00367,0.0,0.0,0.00367
2018-06-09 16:00:00,2018-06-09 17:00,1.3623,0.0,0.29663,0.12198,0.9437,0.00409,0.0,0.0,0.00409
2018-06-09 17:00:00,2018-06-09 18:00,1.48599,0.0,0.39306,0.08691,1.00602,0.00563,0.0,0.0,0.00563
2018-06-09 18:00:00,2018-06-09 19:00,1.58446,0.0,0.44007,0.08559,1.0588,0.00371,0.0,0.0,0.00371
2018-06-09 19:00:00,2018-06-09 20:00,1.77066,0.0,0.49876,0.08556,1.18634,0.00368,0.0,0.0,0.00368
2018-06-09 20:00:00,2018-06-09 21:00,1.81351,0.0,0.51655,0.06996,1.22701,0.00426,0.0,0.0,0.00426
2018-06-09 21:00:00,2018-06-09 22:00,1.7469,0.00088,0.45348,0.05898,1.23356,0.00386,0.0,0.0,0.00386
2018-06-09 22:00:00,2018-06-09 23:00,1.36021,0.0,0.39587,0.04651,0.91783,0.00429,0.0,0.0,0.00429
2018-06-09 23:00:00,2018-06-10 00:00,0.98108,0.0,0.33165,0.03797,0.61146,0.00189,0.0,0.0,0.00189
2018-06-10 00:00:00,2018-06-10 01:00,0.87761,0.0,0.30931,0.02894,0.53937,0.00032,0.0,0.0,0.00032
2018-06-10 01:00:00,2018-06-10 02:00,0.82053,4e-05,0.29111,0.03275,0.49663,0.00018,0.0,0.0,0.00018
2018-06-10 02:00:00,2018-06-10 03:00,0.75278,0.00979,0.22886,0.02714,0.48699,0.00041,0.0,0.0,0.00041
2018-06-10 03:00:00,2018-06-10 04:00,0.71627,0.0,0.20506,0.02661,0.4846,0.00013,0.0,0.0,0.00013
2018-06-10 04:00:00,2018-06-10 05:00,0.69368,0.00573,0.16339,0.03138,0.49319,0.0002,0.0,0.0,0.0002
2018-06-10 05:00:00,2018-06-10 06:00,0.6821,0.00662,0.12985,0.0497,0.49593,0.00068,0.0,0.0,0.00068
2018-06-10 06:00:00,2018-06-10 07:00,0.76299,0.00439,0.14741,0.06109,0.5501,0.00163,0.0,0.0,0.00163
2018-06-10 07:00:00,2018-06-10 08:00,0.91003,0.00129,0.20537,0.08192,0.62144,0.00361,0.0,0.0,0.00361
2018-06-10 08:00:00,2018-06-10 09:00,1.08341,0.0009,0.25694,0.10623,0.71934,0.00733,0.0,0.0,0.00733
2018-06-10 09:00:00,2018-06-10 10:00,1.15875,0.0119,0.26877,0.1144,0.76368,0.00636,0.0,0.0,0.00636
2018-06-10 10:00:00,2018-06-10 11:00,1.16409,0.01091,0.3223,0.09691,0.73397,0.00521,0.0,0.0,0.00521
2018-06-10 11:00:00,2018-06-10 12:00,1.2404,0.00015,0.35605,0.10094,0.78326,0.00658,0.0,0.0,0.00658
2018-06-10 12:00:00,2018-06-10 13:00,1.20881,0.00203,0.36703,0.09061,0.74914,0.00448,0.0,0.0,0.00448
2018-06-10 13:00:00,2018-06-10 14:00,1.25838,0.0,0.38256,0.11864,0.75718,0.00422,0.0,0.0,0.00422
2018-06-10 14:00:00,2018-06-10 15:00,1.39536,0.0,0.44315,0.11166,0.84056,0.00323,0.0,0.0,0.00323
2018-06-10 15:00:00,2018-06-10 16:00,1.53671,0.0,0.54618,0.11704,0.87349,0.00297,0.0,0.0,0.00297
2018-06-10 16:00:00,2018-06-10 17:00,1.68606,0.0,0.66807,0.09612,0.92187,0.00612,0.0,0.0,0.00612
2018-06-10 17:00:00,2018-06-10 18:00,1.94311,0.0,0.81744,0.09376,1.03191,0.00748,0.0,0.0,0.00748
2018-06-10 18:00:00,2018-06-10 19:00,2.06987,0.0,0.88908,0.09648,1.08432,0.00604,0.0,0.0,0.00604
2018-06-10 19:00:00,2018-06-10 20:00,2.22615,0.0,0.89103,0.09337,1.24175,0.00362,0.0,0.0,0.00362
2018-06-10 20:00:00,2018-06-10 21:00,2.12897,0.0,0.80922,0.06468,1.25507,0.00388,0.0,0.0,0.00388
2018-06-10 21:00:00,2018-06-10 22:00,1.83402,0.0005,0.68488,0.06016,1.08848,0.00128,0.0,0.0,0.00128
2018-06-10 22:00:00,2018-06-10 23:00,1.47515,0.0,0.58152,0.04199,0.85164,0.00186,0.0,0.0,0.00186
2018-06-10 23:00:00,2018-06-11 00:00,1.16951,0.0,0.47576,0.04555,0.6482,0.00139,0.0,0.0,0.00139
2018-06-11 00:00:00,2018-06-11 01:00,0.90436,0.0,0.31807,0.03281,0.55347,0.00046,0.0,0.0,0.00046
2018-06-11 01:00:00,2018-06-11 02:00,0.7993,0.0,0.26118,0.02393,0.51419,0.00057,0.0,0.0,0.00057
2018-06-11 02:00:00,2018-06-11 03:00,0.71028,0.00958,0.18103,0.03283,0.48685,0.00015,0.0,0.0,0.00015
2018-06-11 03:00:00,2018-06-11 04:00,0.68345,0.00024,0.16146,0.0318,0.48995,0.00013,0.0,0.0,0.00013
2018-06-11 04:00:00,2018-06-11 05:00,0.69146,0.0059,0.13041,0.04507,0.51008,0.00069,0.0,0.0,0.00069
2018-06-11 05:00:00,2018-06-11 06:00,0.72396,0.00648,0.10571,0.07383,0.53794,0.0014,0.0,0.0,0.0014
2018-06-11 06:00:00,2018-06-11 07:00,0.82888,0.00449,0.09557,0.10958,0.61924,0.00303,0.0,0.0,0.00303
2018-06-11 07:00:00,2018-06-11 08:00,0.91965,0.00255,0.08661,0.14788,0.68261,0.00508,0.0,0.0,0.00508
2018-06-11 08:00:00,2018-06-11 09:00,0.92686,0.00484,0.09072,0.11205,0.71924,0.00623,0.0,0.0,0.00623
2018-06-11 09:00:00,2018-06-11 10:00,0.90834,0.01411,0.10117,0.0957,0.69736,0.00401,0.0,0.0,0.00401
2018-06-11 10:00:00,2018-06-11 11:00,0.93855,0.01403,0.11765,0.0977,0.70917,0.00478,0.0,0.0,0.00478
2018-06-11 11:00:00,2018-06-11 12:00,0.87768,0.00068,0.13101,0.07465,0.67135,0.00369,0.0,0.0,0.00369
2018-06-11 12:00:00,2018-06-11 13:00,0.89553,0.00265,0.16743,0.07518,0.65027,0.00255,0.0,0.0,0.00255
2018-06-11 13:00:00,2018-06-11 14:00,0.95481,0.0,0.222,0.08396,0.64885,0.00407,0.0,0.0,0.00407
2018-06-11 14:00:00,2018-06-11 15:00,1.05095,0.0,0.2487,0.10611,0.69614,0.00457,0.0,0.0,0.00457
2018-06-11 15:00:00,2018-06-11 16:00,1.08718,0.0,0.27332,0.08794,0.72592,0.00573,0.0,0.0,0.00573
2018-06-11 16:00:00,2018-06-11 17:00,1.22449,0.00134,0.29155,0.0941,0.8375,0.00385,0.0,0.0,0.00385
2018-06-11 17:00:00,2018-06-11 18:00,1.32801,0.00016,0.34121,0.09773,0.8889,0.00676,0.0,0.0,0.00676
2018-06-11 18:00:00,2018-06-11 19:00,1.45148,0.0,0.30351,0.09857,1.0494,0.0058,0.0,0.0,0.0058
2018-06-11 19:00:00,2018-06-11 20:00,1.51377,0.0,0.32439,0.07825,1.11113,0.00494,0.0,0.0,0.00494
2018-06-11 20:00:00,2018-06-11 21:00,1.64772,0.00516,0.36662,0.08311,1.19283,0.00253,0.0,0.0,0.00253
2018-06-11 21:00:00,2018-06-11 22:00,1.50718,0.00083,0.34691,0.04857,1.11088,0.00242,0.0,0.0,0.00242
2018-06-11 22:00:00,2018-06-11 23:00,1.2051,0.00011,0.29605,0.05123,0.85771,0.00375,0.0,0.0,0.00375
2018-06-11 23:00:00,2018-06-12 00:00,0.88292,9e-05,0.23686,0.04278,0.60319,0.00128,0.0,0.0,0.00128
2018-06-12 00:00:00,2018-06-12 01:00,0.76176,6e-05,0.22573,0.02435,0.51162,0.00069,0.0,0.0,0.00069
2018-06-12 01:00:00,2018-06-12 02:00,0.73803,0.00075,0.22323,0.02088,0.49316,0.00025,0.0,0.0,0.00025
2018-06-12 02:00:00,2018-06-12 03:00,0.69753,0.0106,0.18016,0.02513,0.48164,0.00067,0.0,0.0,0.00067
2018-06-12 03:00:00,2018-06-12 04:00,0.68662,0.00023,0.17106,0.02823,0.4871,0.00029,0.0,0.0,0.00029
2018-06-12 04:00:00,2018-06-12 05:00,0.67871,0.00609,0.14444,0.04675,0.48143,0.00118,0.0,0.0,0.00118
2018-06-12 05:00:00,2018-06-12 06:00,0.72897,0.00657,0.12588,0.07049,0.52604,0.0022,0.0,0.0,0.0022
2018-06-12 06:00:00,2018-06-12 07:00,0.88902,0.00451,0.15241,0.11688,0.61523,0.00428,0.0,0.0,0.00428
2018-06-12 07:00:00,2018-06-12 08:00,1.04333,0.00153,0.21144,0.12659,0.70377,0.00501,0.0,0.0,0.00501
2018-06-12 08:00:00,2018-06-12 09:00,1.04636,0.00231,0.23834,0.09258,0.71314,0.00551,0.0,0.0,0.00551
2018-06-12 09:00:00,2018-06-12 10:00,1.08052,0.01232,0.25253,0.08786,0.72781,0.00374,0.0,0.0,0.00374
2018-06-12 10:00:00,2018-06-12 11:00,1.09298,0.0115,0.29483,0.09012,0.69653,0.00395,0.0,0.0,0.00395
2018-06-12 11:00:00,2018-06-12 12:00,1.07236,9e-05,0.33164,0.0829,0.65773,0.00657,0.0,0.0,0.00657
2018-06-12 12:00:00,2018-06-12 13:00,1.15265,0.00203,0.36831,0.09545,0.68687,0.00372,0.0,0.0,0.00372
2018-06-12 13:00:00,2018-06-12 14:00,1.18543,0.0,0.42404,0.08734,0.67405,0.00387,0.0,0.0,0.00387
2018-06-12 14:00:00,2018-06-12 15:00,1.27452,0.0,0.5197,0.08485,0.66997,0.00282,0.0,0.0,0.00282
2018-06-12 15:00:00,2018-06-12 16:00,1.44026,0.0,0.65024,0.09113,0.69889,0.00232,0.0,0.0,0.00232
2018-06-12 16:00:00,2018-06-12 17:00,1.69045,0.00107,0.79324,0.09056,0.80559,0.00407,0.0,0.0,0.00407
2018-06-12 17:00:00,2018-06-12 18:00,1.94781,0.0,0.96514,0.08566,0.89702,0.00602,0.0,0.0,0.00602
2018-06-12 18:00:00,2018-06-12 19:00,2.15027,0.0,1.00449,0.082,1.06378,0.0053,0.0,0.0,0.0053
2018-06-12 19:00:00,2018-06-12 20:00,2.28884,0.0,1.01143,0.084,1.1934,0.00304,0.0,0.0,0.00304
2018-06-12 20:00:00,2018-06-12 21:00,2.2089,0.00397,0.91872,0.08461,1.20159,0.00402,0.0,0.0,0.00402
2018-06-12 21:00:00,2018-06-12 22:00,1.9694,0.00043,0.7681,0.06282,1.13806,0.00273,0.0,0.0,0.00273
2018-06-12 22:00:00,2018-06-12 23:00,1.57841,0.0,0.60547,0.05959,0.91335,0.00084,0.0,0.0,0.00084
2018-06-12 23:00:00,2018-06-13 00:00,1.1021,0.0,0.44885,0.03244,0.62081,0.0008,0.0,0.0,0.0008
2018-06-13 00:00:00,2018-06-13 01:00,0.81224,0.0,0.2576,0.02827,0.52637,0.00032,0.0,0.0,0.00032
2018-06-13 01:00:00,2018-06-13 02:00,0.74826,0.00016,0.21995,0.02468,0.50346,0.00018,0.0,0.0,0.00018
2018-06-13 02:00:00,2018-06-13 03:00,0.67447,0.01058,0.1443,0.02608,0.49351,0.00015,0.0,0.0,0.00015
2018-06-13 03:00:00,2018-06-13 04:00,0.62376,0.00109,0.11688,0.02094,0.48486,0.00013,0.0,0.0,0.00013
2018-06-13 04:00:00,2018-06-13 05:00,0.61129,0.00811,0.08105,0.02864,0.49349,0.0006,0.0,0.0,0.0006
2018-06-13 05:00:00,2018-06-13 06:00,0.69909,0.01247,0.06423,0.0789,0.5435,0.00266,0.0,0.0,0.00266
2018-06-13 06:00:00,2018-06-13 07:00,0.84238,0.00844,0.08041,0.11913,0.6344,0.00364,0.0,0.0,0.00364
2018-06-13 07:00:00,2018-06-13 08:00,1.00501,0.0041,0.12822,0.12425,0.74843,0.0032,0.0,0.0,0.0032
2018-06-13 08:00:00,2018-06-13 09:00,1.07289,0.00234,0.19882,0.13069,0.74105,0.00346,0.0,0.0,0.00346
2018-06-13 09:00:00,2018-06-13 10:00,1.17101,0.01092,0.2678,0.10376,0.78853,0.00404,0.0,0.0,0.00404
2018-06-13 10:00:00,2018-06-13 11:00,1.22612,0.01016,0.37474,0.08771,0.75351,0.00623,0.0,0.0,0.00623
2018-06-13 11:00:00,2018-06-13 12:00,1.2774,0.0,0.48016,0.07853,0.7187,0.00503,0.0,0.0,0.00503
2018-06-13 12:00:00,2018-06-13 13:00,1.46722,0.00193,0.57895,0.08789,0.79846,0.00457,0.0,0.0,0.00457
2018-06-13 13:00:00,2018-06-13 14:00,1.50067,0.0,0.66506,0.09869,0.73692,0.00251,0.0,0.0,0.00251
2018-06-13 14:00:00,2018-06-13 15:00,1.56145,0.0,0.76992,0.08123,0.7103,0.00287,0.0,0.0,0.00287
2018-06-13 15:00:00,2018-06-13 16:00,1.73978,0.0,0.89858,0.10928,0.73191,0.0027,0.0,0.0,0.0027
2018-06-13 16:00:00,2018-06-13 17:00,1.96497,0.00066,1.02881,0.10149,0.83401,0.00323,0.0,0.0,0.00323
2018-06-13 17:00:00,2018-06-13 18:00,2.24248,0.0,1.17155,0.099,0.97193,0.0042,0.0,0.0,0.0042
2018-06-13 18:00:00,2018-06-13 19:00,2.26693,0.0,1.18041,0.08772,0.9988,0.00432,0.0,0.0,0.00432
2018-06-13 19:00:00,2018-06-13 20:00,2.29579,0.0,1.10996,0.09645,1.08938,0.00447,0.0,0.0,0.00447
2018-06-13 20:00:00,2018-06-13 21:00,2.18618,0.00375,0.95851,0.08298,1.14094,0.00451,0.0,0.0,0.00451
2018-06-13 21:00:00,2018-06-13 22:00,1.90685,0.00027,0.74223,0.05673,1.10762,0.00465,0.0,0.0,0.00465
2018-06-13 22:00:00,2018-06-13 23:00,1.41485,0.0,0.54786,0.0603,0.80669,0.00455,0.0,0.0,0.00455
2018-06-13 23:00:00,2018-06-14 00:00,1.04683,0.0,0.39908,0.05222,0.59553,0.00135,0.0,0.0,0.00135
2018-06-14 00:00:00,2018-06-14 01:00,0.9623,0.0,0.39777,0.03633,0.5282,0.00051,0.0,0.0,0.00051
2018-06-14 01:00:00,2018-06-14 02:00,0.90249,0.0,0.36788,0.02245,0.51217,0.00055,0.0,0.0,0.00055
2018-06-14 02:00:00,2018-06-14 03:00,0.80534,0.00922,0.29451,0.01575,0.48586,0.00042,0.0,0.0,0.00042
2018-06-14 03:00:00,2018-06-14 04:00,0.77427,3e-05,0.26444,0.02323,0.48656,0.00013,0.0,0.0,0.00013
2018-06-14 04:00:00,2018-06-14 05:00,0.74254,0.00569,0.21543,0.04087,0.48056,0.00056,0.0,0.0,0.00056
2018-06-14 05:00:00,2018-06-14 06:00,0.7739,0.0067,0.17324,0.07092,0.52304,0.00246,0.0,0.0,0.00246
2018-06-14 06:00:00,2018-06-14 07:00,0.95797,0.00425,0.19407,0.11143,0.64822,0.00522,0.0,0.0,0.00522
2018-06-14 07:00:00,2018-06-14 08:00,1.10523,0.00173,0.22505,0.12326,0.75519,0.00483,0.0,0.0,0.00483
2018-06-14 08:00:00,2018-06-14 09:00,1.15631,0.00235,0.28963,0.11194,0.75239,0.00536,0.0,0.0,0.00536
2018-06-14 09:00:00,2018-06-14 10:00,1.1874,0.0096,0.31653,0.09932,0.76195,0.00194,0.0,0.0,0.00194
2018-06-14 10:00:00,2018-06-14 11:00,1.17121,0.00967,0.39528,0.1014,0.66486,0.00159,0.0,0.0,0.00159
2018-06-14 11:00:00,2018-06-14 12:00,1.23644,0.0,0.49874,0.08192,0.65579,0.00257,0.0,0.0,0.00257
2018-06-14 12:00:00,2018-06-14 13:00,1.42885,0.00198,0.63158,0.07784,0.71745,0.00446,0.0,0.0,0.00446
2018-06-14 13:00:00,2018-06-14 14:00,1.47919,0.0,0.7393,0.07699,0.6629,0.00368,0.0,0.0,0.00368
2018-06-14 14:00:00,2018-06-14 15:00,1.58351,0.0,0.82735,0.09015,0.66601,0.00249,0.0,0.0,0.00249
2018-06-14 15:00:00,2018-06-14 16:00,1.81195,0.0,0.93829,0.11049,0.76316,0.00431,0.0,0.0,0.00431
2018-06-14 16:00:00,2018-06-14 17:00,1.94477,0.00059,1.05273,0.09273,0.79872,0.00573,0.0,0.0,0.00573
2018-06-14 17:00:00,2018-06-14 18:00,2.23672,0.0,1.15932,0.09892,0.97848,0.00438,0.0,0.0,0.00438
2018-06-14 18:00:00,2018-06-14 19:00,2.23041,0.0,1.07562,0.09668,1.05812,0.00737,0.0,0.0,0.00737
2018-06-14 19:00:00,2018-06-14 20:00,2.18614,0.0,0.96959,0.09849,1.11806,0.00475,0.0,0.0,0.00475
2018-06-14 20:00:00,2018-06-14 21:00,2.19376,0.0039,0.87937,0.07883,1.23166,0.00236,0.0,0.0,0.00236
2018-06-14 21:00:00,2018-06-14 22:00,1.95066,0.0003,0.76845,0.05036,1.13155,0.00369,0.0,0.0,0.00369
2018-06-14 22:00:00,2018-06-14 23:00,1.5386,0.0,0.65672,0.04334,0.83854,0.00361,0.0,0.0,0.00361
2018-06-14 23:00:00,2018-06-15 00:00,1.1409,0.0,0.5307,0.03434,0.57585,0.00074,0.0,0.0,0.00074
2018-06-15 00:00:00,2018-06-15 01:00,0.91667,0.0,0.36783,0.0365,0.51235,0.00032,0.0,0.0,0.00032
2018-06-15 01:00:00,2018-06-15 02:00,0.84824,0.0,0.33125,0.02115,0.49584,0.00018,0.0,0.0,0.00018
2018-06-15 02:00:00,2018-06-15 03:00,0.77176,0.00856,0.25739,0.02278,0.48303,0.00015,0.0,0.0,0.00015
2018-06-15 03:00:00,2018-06-15 04:00,0.74502,0.0,0.2381,0.02227,0.48465,0.00039,0.0,0.0,0.00039
2018-06-15 04:00:00,2018-06-15 05:00,0.75014,0.00509,0.21087,0.03646,0.49771,0.00065,0.0,0.0,0.00065
2018-06-15 05:00:00,2018-06-15 06:00,0.81337,0.00561,0.20132,0.06752,0.53892,0.00173,0.0,0.0,0.00173
2018-06-15 06:00:00,2018-06-15 07:00,1.03878,0.00277,0.27195,0.11441,0.64965,0.00398,0.0,0.0,0.00398
2018-06-15 07:00:00,2018-06-15 08:00,1.28853,0.00086,0.40211,0.13787,0.74769,0.00357,0.0,0.0,0.00357
2018-06-15 08:00:00,2018-06-15 09:00,1.44724,0.00171,0.55664,0.1141,0.7748,0.0032,0.0,0.0,0.0032
2018-06-15 09:00:00,2018-06-15 10:00,1.46806,0.00806,0.64824,0.08271,0.72904,0.00242,0.0,0.0,0.00242
2018-06-15 10:00:00,2018-06-15 11:00,1.68917,0.00741,0.79137,0.08334,0.80705,0.00325,0.0,0.0,0.00325
2018-06-15 11:00:00,2018-06-15 12:00,1.76945,0.0,0.97357,0.07046,0.72542,0.00253,0.0,0.0,0.00253
2018-06-15 12:00:00,2018-06-15 13:00,2.05758,0.00215,1.25838,0.08259,0.71446,0.00447,0.0,0.0,0.00447
2018-06-15 13:00:00,2018-06-15 14:00,2.37998,0.0,1.55844,0.08267,0.73887,0.00293,0.0,0.0,0.00293
2018-06-15 14:00:00,2018-06-15 15:00,2.43029,0.0,1.61327,0.09147,0.72555,0.00195,0.0,0.0,0.00195
2018-06-15 15:00:00,2018-06-15 16:00,2.25644,0.0,1.39927,0.09715,0.76002,0.00318,0.0,0.0,0.00318
2018-06-15 16:00:00,2018-06-15 17:00,2.41693,0.00035,1.44607,0.10109,0.86943,0.00443,0.0,0.0,0.00443
2018-06-15 17:00:00,2018-06-15 18:00,2.69335,0.0,1.62868,0.09564,0.96903,0.00612,0.0,0.0,0.00612
2018-06-15 18:00:00,2018-06-15 19:00,2.80494,0.0,1.68877,0.10518,1.01099,0.00669,0.0,0.0,0.00669
2018-06-15 19:00:00,2018-06-15 20:00,2.93004,0.0,1.64456,0.10366,1.18181,0.00584,0.0,0.0,0.00584
2018-06-15 20:00:00,2018-06-15 21:00,2.73861,0.00345,1.49256,0.04858,1.19402,0.00552,0.0,0.0,0.00552
2018-06-15 21:00:00,2018-06-15 22:00,2.52984,0.0,1.30402,0.0602,1.16563,0.00316,0.0,0.0,0.00316
2018-06-15 22:00:00,2018-06-15 23:00,2.06239,0.0,1.11111,0.06829,0.88299,0.00117,0.0,0.0,0.00117
2018-06-15 23:00:00,2018-06-16 00:00,1.57817,0.0,0.94535,0.04556,0.58726,0.00061,0.0,0.0,0.00061
2018-06-16 00:00:00,2018-06-16 01:00,1.42411,0.0,0.86747,0.02276,0.53388,0.00089,0.0,0.0,0.00089
2018-06-16 01:00:00,2018-06-16 02:00,1.35579,0.0,0.82776,0.02614,0.50189,0.001,0.0,0.0,0.001
2018-06-16 02:00:00,2018-06-16 03:00,1.26802,0.00658,0.7424,0.02923,0.48981,0.00084,0.0,0.0,0.00084
2018-06-16 03:00:00,2018-06-16 04:00,1.2439,0.0,0.72455,0.02452,0.49483,0.0015,0.0,0.0,0.0015
2018-06-16 04:00:00,2018-06-16 05:00,1.18919,0.00448,0.66468,0.03125,0.48877,0.00122,0.0,0.0,0.00122
2018-06-16 05:00:00,2018-06-16 06:00,1.17382,0.00389,0.61024,0.04257,0.51712,0.00037,0.0,0.0,0.00037
2018-06-16 06:00:00,2018-06-16 07:00,1.28567,0.00178,0.63218,0.06728,0.58443,0.00135,0.0,0.0,0.00135
2018-06-16 07:00:00,2018-06-16 08:00,1.34953,0.00043,0.62024,0.07741,0.65144,0.00223,0.0,0.0,0.00223
2018-06-16 08:00:00,2018-06-16 09:00,1.37273,0.00058,0.52485,0.11137,0.73593,0.00265,0.0,0.0,0.00265
2018-06-16 09:00:00,2018-06-16 10:00,1.34012,0.00583,0.43951,0.11873,0.77605,0.00514,0.0,0.0,0.00514
2018-06-16 10:00:00,2018-06-16 11:00,1.35733,0.00999,0.40339,0.10433,0.83962,0.00617,0.0,0.0,0.00617
2018-06-16 11:00:00,2018-06-16 12:00,1.38403,6e-05,0.40351,0.10222,0.87823,0.00366,0.0,0.0,0.00366
2018-06-16 12:00:00,2018-06-16 13:00,1.31356,0.00198,0.42073,0.10167,0.78917,0.00608,0.0,0.0,0.00608
2018-06-16 13:00:00,2018-06-16 14:00,1.32223,0.0,0.44944,0.08631,0.78648,0.00402,0.0,0.0,0.00402
2018-06-16 14:00:00,2018-06-16 15:00,1.50679,0.0,0.55402,0.12065,0.83212,0.00183,0.0,0.0,0.00183
2018-06-16 15:00:00,2018-06-16 16:00,1.84752,0.0,0.77697,0.10632,0.96423,0.00333,0.0,0.0,0.00333
2018-06-16 16:00:00,2018-06-16 17:00,2.14328,0.0,1.05409,0.11258,0.97661,0.00537,0.0,0.0,0.00537
2018-06-16 17:00:00,2018-06-16 18:00,2.51506,0.0,1.30889,0.12419,1.08199,0.00644,0.0,0.0,0.00644
2018-06-16 18:00:00,2018-06-16 19:00,2.62629,0.0,1.4275,0.10281,1.09599,0.00422,0.0,0.0,0.00422
2018-06-16 19:00:00,2018-06-16 20:00,2.71482,0.0,1.47565,0.08955,1.14962,0.00419,0.0,0.0,0.00419
2018-06-16 20:00:00,2018-06-16 21:00,2.69719,0.0,1.40018,0.06783,1.22919,0.00698,0.0,0.0,0.00698
2018-06-16 21:00:00,2018-06-16 22:00,2.5288,0.0,1.29425,0.05038,1.18417,0.00274,0.0,0.0,0.00274
2018-06-16 22:00:00,2018-06-16 23:00,2.204,0.0,1.21924,0.05706,0.9277,0.00195,0.0,0.0,0.00195
2018-06-16 23:00:00,2018-06-17 00:00,1.87649,0.0,1.14762,0.04354,0.68533,0.00102,0.0,0.0,0.00102
2018-06-17 00:00:00,2018-06-17 01:00,1.68305,0.0,1.11083,0.02589,0.54634,0.00043,0.0,0.0,0.00043
2018-06-17 01:00:00,2018-06-17 02:00,1.62948,0.0,1.08415,0.03497,0.51036,0.00018,0.0,0.0,0.00018
2018-06-17 02:00:00,2018-06-17 03:00,1.52293,0.00469,0.9979,0.02935,0.49098,0.00015,0.0,0.0,0.00015
2018-06-17 03:00:00,2018-06-17 04:00,1.46098,0.0,0.93855,0.02625,0.49618,0.00032,0.0,0.0,0.00032
2018-06-17 04:00:00,2018-06-17 05:00,1.36332,0.00423,0.82339,0.03482,0.50088,0.00023,0.0,0.0,0.00023
2018-06-17 05:00:00,2018-06-17 06:00,1.22752,0.00276,0.67522,0.04466,0.50489,0.00048,0.0,0.0,0.00048
2018-06-17 06:00:00,2018-06-17 07:00,1.20735,0.0014,0.60242,0.06043,0.54309,0.00064,0.0,0.0,0.00064
2018-06-17 07:00:00,2018-06-17 08:00,1.38007,0.00062,0.62355,0.07656,0.67935,0.00257,0.0,0.0,0.00257
2018-06-17 08:00:00,2018-06-17 09:00,1.60027,0.00012,0.73201,0.10931,0.75882,0.00538,0.0,0.0,0.00538
2018-06-17 09:00:00,2018-06-17 10:00,1.76751,0.00486,0.89022,0.12181,0.75063,0.00526,0.0,0.0,0.00526
2018-06-17 10:00:00,2018-06-17 11:00,2.04627,0.00674,1.0861,0.09589,0.85753,0.00583,0.0,0.0,0.00583
2018-06-17 11:00:00,2018-06-17 12:00,2.23893,0.0,1.28739,0.09764,0.85389,0.00555,0.0,0.0,0.00555
2018-06-17 12:00:00,2018-06-17 13:00,2.39497,0.00216,1.42384,0.08808,0.8809,0.00561,0.0,0.0,0.00561
2018-06-17 13:00:00,2018-06-17 14:00,2.47957,0.0,1.53545,0.10148,0.84264,0.00497,0.0,0.0,0.00497
2018-06-17 14:00:00,2018-06-17 15:00,2.59831,0.0,1.62967,0.10479,0.86384,0.00771,0.0,0.0,0.00771
2018-06-17 15:00:00,2018-06-17 16:00,2.69274,0.0,1.71242,0.12527,0.85505,0.00364,0.0,0.0,0.00364
2018-06-17 16:00:00,2018-06-17 17:00,2.79082,0.0,1.7469,0.11434,0.92957,0.00511,0.0,0.0,0.00511
2018-06-17 17:00:00,2018-06-17 18:00,2.71733,0.0,1.61456,0.10128,1.0015,0.00585,0.0,0.0,0.00585
2018-06-17 18:00:00,2018-06-17 19:00,2.63329,0.0,1.44311,0.07976,1.11041,0.00411,0.0,0.0,0.00411
2018-06-17 19:00:00,2018-06-17 20:00,2.67539,0.0,1.34756,0.0905,1.23733,0.00343,0.0,0.0,0.00343
2018-06-17 20:00:00,2018-06-17 21:00,2.58053,0.0,1.21452,0.06351,1.30249,0.00276,0.0,0.0,0.00276
2018-06-17 21:00:00,2018-06-17 22:00,2.30648,0.0,1.05033,0.05859,1.19756,0.00315,0.0,0.0,0.00315
2018-06-17 22:00:00,2018-06-17 23:00,1.84501,0.0,0.89478,0.05221,0.89802,0.00184,0.0,0.0,0.00184
2018-06-17 23:00:00,2018-06-18 00:00,1.40582,0.0,0.74654,0.04283,0.61644,0.00059,0.0,0.0,0.00059
2018-06-18 00:00:00,2018-06-18 01:00,1.22566,0.0,0.66699,0.03297,0.52571,0.00079,0.0,0.0,0.00079
2018-06-18 01:00:00,2018-06-18 02:00,1.15415,0.0,0.62412,0.02462,0.50541,0.00018,0.0,0.0,0.00018
2018-06-18 02:00:00,2018-06-18 03:00,1.06449,0.00787,0.53275,0.0214,0.50247,0.00015,0.0,0.0,0.00015
2018-06-18 03:00:00,2018-06-18 04:00,1.01848,0.0,0.49335,0.02499,0.50014,0.00015,0.0,0.0,0.00015
2018-06-18 04:00:00,2018-06-18 05:00,0.99259,0.00456,0.43321,0.04144,0.51338,0.00124,0.0,0.0,0.00124
2018-06-18 05:00:00,2018-06-18 06:00,1.01092,0.00351,0.37081,0.07242,0.56418,0.0024,0.0,0.0,0.0024
2018-06-18 06:00:00,2018-06-18 07:00,1.10818,0.00255,0.34818,0.11358,0.64388,0.00389,0.0,0.0,0.00389
2018-06-18 07:00:00,2018-06-18 08:00,1.18321,0.00108,0.35512,0.13438,0.69263,0.00709,0.0,0.0,0.00709
2018-06-18 08:00:00,2018-06-18 09:00,1.1167,0.00148,0.32621,0.10508,0.68392,0.00346,0.0,0.0,0.00346
2018-06-18 09:00:00,2018-06-18 10:00,1.05058,0.00543,0.27635,0.09678,0.67201,0.00501,0.0,0.0,0.00501
2018-06-18 10:00:00,2018-06-18 11:00,1.08804,0.01065,0.27148,0.0868,0.71911,0.00327,0.0,0.0,0.00327
2018-06-18 11:00:00,2018-06-18 12:00,1.10264,0.0,0.28733,0.0792,0.7361,0.00555,0.0,0.0,0.00555
2018-06-18 12:00:00,2018-06-18 13:00,1.10833,0.00214,0.31526,0.08156,0.70936,0.00458,0.0,0.0,0.00458
2018-06-18 13:00:00,2018-06-18 14:00,1.16112,0.0,0.37025,0.07322,0.71765,0.00362,0.0,0.0,0.00362
2018-06-18 14:00:00,2018-06-18 15:00,1.23545,0.0,0.45415,0.09251,0.68879,0.00214,0.0,0.0,0.00214
2018-06-18 15:00:00,2018-06-18 16:00,1.44567,0.0,0.54712,0.1057,0.79285,0.00246,0.0,0.0,0.00246
2018-06-18 16:00:00,2018-06-18 17:00,1.63941,0.00126,0.66562,0.08414,0.88838,0.00428,0.0,0.0,0.00428
2018-06-18 17:00:00,2018-06-18 18:00,1.8888,0.0,0.79987,0.07848,1.01046,0.008,0.0,0.0,0.008
2018-06-18 18:00:00,2018-06-18 19:00,1.93437,0.0,0.78095,0.11186,1.04156,0.00732,0.0,0.0,0.00732
2018-06-18 19:00:00,2018-06-18 20:00,2.00356,0.0,0.80459,0.08126,1.11772,0.00576,0.0,0.0,0.00576
2018-06-18 20:00:00,2018-06-18 21:00,2.03507,0.00372,0.78738,0.06263,1.18134,0.00171,0.0,0.0,0.00171
2018-06-18 21:00:00,2018-06-18 22:00,1.8444,0.00066,0.69334,0.04797,1.10244,0.00383,0.0,0.0,0.00383
2018-06-18 22:00:00,2018-06-18 23:00,1.48461,0.0,0.5797,0.04255,0.86236,0.00147,0.0,0.0,0.00147
2018-06-18 23:00:00,2018-06-19 00:00,1.14058,0.0,0.46642,0.04445,0.62971,0.00088,0.0,0.0,0.00088
2018-06-19 00:00:00,2018-06-19 01:00,0.98747,0.0,0.41742,0.02993,0.54012,0.00063,0.0,0.0,0.00063
2018-06-19 01:00:00,2018-06-19 02:00,0.92854,0.0,0.37662,0.04724,0.50468,0.00056,0.0,0.0,0.00056
2018-06-19 02:00:00,2018-06-19 03:00,0.8173,0.00933,0.30193,0.0216,0.48444,0.00045,0.0,0.0,0.00045
2018-06-19 03:00:00,2018-06-19 04:00,0.79473,0.0,0.2776,0.03155,0.48558,0.00035,0.0,0.0,0.00035
2018-06-19 04:00:00,2018-06-19 05:00,0.76709,0.00526,0.2298,0.03324,0.49879,0.00125,0.0,0.0,0.00125
2018-06-19 05:00:00,2018-06-19 06:00,0.78061,0.00605,0.18695,0.05861,0.52901,0.00252,0.0,0.0,0.00252
2018-06-19 06:00:00,2018-06-19 07:00,0.91884,0.00408,0.1764,0.12758,0.61078,0.00437,0.0,0.0,0.00437
2018-06-19 07:00:00,2018-06-19 08:00,0.96855,0.00205,0.17305,0.12145,0.67199,0.00406,0.0,0.0,0.00406
2018-06-19 08:00:00,2018-06-19 09:00,1.00243,0.00333,0.16345,0.10963,0.72602,0.00433,0.0,0.0,0.00433
2018-06-19 09:00:00,2018-06-19 10:00,0.88274,0.0137,0.11421,0.10957,0.64527,0.00178,0.0,0.0,0.00178
2018-06-19 10:00:00,2018-06-19 11:00,0.84389,0.01465,0.09751,0.07962,0.6521,0.00284,0.0,0.0,0.00284
2018-06-19 11:00:00,2018-06-19 12:00,0.81827,0.00296,0.09729,0.07625,0.64177,0.00368,0.0,0.0,0.00368
2018-06-19 12:00:00,2018-06-19 13:00,0.8563,0.00516,0.11748,0.07041,0.66325,0.0042,0.0,0.0,0.0042
2018-06-19 13:00:00,2018-06-19 14:00,0.90776,0.0011,0.12864,0.08518,0.69284,0.00314,0.0,0.0,0.00314
2018-06-19 14:00:00,2018-06-19 15:00,0.89357,0.00067,0.14728,0.07351,0.67211,0.00212,0.0,0.0,0.00212
2018-06-19 15:00:00,2018-06-19 16:00,1.0462,0.0003,0.18788,0.08908,0.76894,0.00425,0.0,0.0,0.00425
2018-06-19 16:00:00,2018-06-19 17:00,1.08255,0.00172,0.21656,0.07413,0.79014,0.00571,0.0,0.0,0.00571
2018-06-19 17:00:00,2018-06-19 18:00,1.31896,0.0001,0.30245,0.0956,0.9208,0.00509,0.0,0.0,0.00509
2018-06-19 18:00:00,2018-06-19 19:00,1.41881,0.0,0.30503,0.08575,1.02803,0.00487,0.0,0.0,0.00487
2018-06-19 19:00:00,2018-06-19 20:00,1.56626,0.0,0.31117,0.07178,1.18331,0.00509,0.0,0.0,0.00509
2018-06-19 20:00:00,2018-06-19 21:00,1.62446,0.00545,0.33616,0.08643,1.19642,0.00415,0.0,0.0,0.00415
2018-06-19 21:00:00,2018-06-19 22:00,1.48312,0.0015,0.29792,0.06554,1.11816,0.00165,0.0,0.0,0.00165
2018-06-19 22:00:00,2018-06-19 23:00,1.20565,0.0005,0.25011,0.06362,0.89143,0.00246,0.0,0.0,0.00246
2018-06-19 23:00:00,2018-06-20 00:00,0.84794,0.00038,0.20513,0.03587,0.60656,0.00256,0.0,0.0,0.00256
2018-06-20 00:00:00,2018-06-20 01:00,0.71822,0.0003,0.16362,0.02368,0.53063,0.00159,0.0,0.0,0.00159
2018-06-20 01:00:00,2018-06-20 02:00,0.68203,0.00064,0.15692,0.03163,0.49283,0.00042,0.0,0.0,0.00042
2018-06-20 02:00:00,2018-06-20 03:00,0.62831,0.01127,0.11407,0.02144,0.48153,0.00041,0.0,0.0,0.00041
2018-06-20 03:00:00,2018-06-20 04:00,0.64191,0.00094,0.11438,0.03217,0.49442,0.0014,0.0,0.0,0.0014
2018-06-20 04:00:00,2018-06-20 05:00,0.63192,0.00647,0.09737,0.0346,0.49348,0.00253,0.0,0.0,0.00253
2018-06-20 05:00:00,2018-06-20 06:00,0.6807,0.00726,0.08562,0.06001,0.52781,0.002,0.0,0.0,0.002
2018-06-20 06:00:00,2018-06-20 07:00,0.83473,0.00542,0.08456,0.12272,0.62203,0.00216,0.0,0.0,0.00216
2018-06-20 07:00:00,2018-06-20 08:00,0.94935,0.00322,0.10563,0.1463,0.6942,0.00364,0.0,0.0,0.00364
2018-06-20 08:00:00,2018-06-20 09:00,1.03469,0.00368,0.15896,0.10958,0.76248,0.00479,0.0,0.0,0.00479
2018-06-20 09:00:00,2018-06-20 10:00,1.09302,0.01226,0.22206,0.0912,0.7675,0.00232,0.0,0.0,0.00232
2018-06-20 10:00:00,2018-06-20 11:00,1.17131,0.01073,0.30417,0.08246,0.77395,0.00258,0.0,0.0,0.00258
2018-06-20 11:00:00,2018-06-20 12:00,1.18758,0.0,0.39882,0.0661,0.72266,0.00422,0.0,0.0,0.00422
2018-06-20 12:00:00,2018-06-20 13:00,1.27607,0.00196,0.51456,0.07586,0.68369,0.00447,0.0,0.0,0.00447
2018-06-20 13:00:00,2018-06-20 14:00,1.38176,0.0,0.62675,0.09518,0.65983,0.00306,0.0,0.0,0.00306
2018-06-20 14:00:00,2018-06-20 15:00,1.54691,0.0,0.75054,0.09987,0.69651,0.00482,0.0,0.0,0.00482
2018-06-20 15:00:00,2018-06-20 16:00,1.67702,0.0,0.86812,0.07684,0.73206,0.00314,0.0,0.0,0.00314
2018-06-20 16:00:00,2018-06-20 17:00,1.88624,0.00067,0.98365,0.08812,0.81379,0.00272,0.0,0.0,0.00272
2018-06-20 17:00:00,2018-06-20 18:00,2.08033,0.0,1.10008,0.08486,0.89539,0.00452,0.0,0.0,0.00452
2018-06-20 18:00:00,2018-06-20 19:00,2.15,0.0,1.03541,0.10316,1.01143,0.00631,0.0,0.0,0.00631
2018-06-20 19:00:00,2018-06-20 20:00,2.23686,0.0,0.96986,0.10065,1.16635,0.00638,0.0,0.0,0.00638
2018-06-20 20:00:00,2018-06-20 21:00,2.16818,0.00372,0.89182,0.06544,1.20719,0.00592,0.0,0.0,0.00592
2018-06-20 21:00:00,2018-06-20 22:00,1.98776,0.00043,0.76825,0.05136,1.16773,0.00693,0.0,0.0,0.00693
2018-06-20 22:00:00,2018-06-20 23:00,1.56471,0.0,0.63506,0.05639,0.87326,0.00296,0.0,0.0,0.00296
2018-06-20 23:00:00,2018-06-21 00:00,1.17668,0.0,0.51987,0.04873,0.60808,0.00215,0.0,0.0,0.00215
2018-06-21 00:00:00,2018-06-21 01:00,1.04591,0.0,0.48547,0.03062,0.52983,0.00081,0.0,0.0,0.00081
2018-06-21 01:00:00,2018-06-21 02:00,0.9798,0.0,0.45587,0.02585,0.49808,0.00018,0.0,0.0,0.00018
2018-06-21 02:00:00,2018-06-21 03:00,0.88784,0.00867,0.3767,0.01959,0.48288,0.00026,0.0,0.0,0.00026
2018-06-21 03:00:00,2018-06-21 04:00,0.85251,0.0,0.34123,0.02664,0.48463,0.00047,0.0,0.0,0.00047
2018-06-21 04:00:00,2018-06-21 05:00,0.82273,0.00499,0.2825,0.04652,0.48871,0.0012,0.0,0.0,0.0012
2018-06-21 05:00:00,2018-06-21 06:00,0.82307,0.00559,0.23121,0.06227,0.524,0.00114,0.0,0.0,0.00114
2018-06-21 06:00:00,2018-06-21 07:00,0.93608,0.003,0.21635,0.10614,0.6106,0.00233,0.0,0.0,0.00233
2018-06-21 07:00:00,2018-06-21 08:00,0.98698,0.00151,0.22528,0.12795,0.63225,0.0041,0.0,0.0,0.0041
2018-06-21 08:00:00,2018-06-21 09:00,0.9899,0.00252,0.23749,0.10669,0.6432,0.00468,0.0,0.0,0.00468
2018-06-21 09:00:00,2018-06-21 10:00,1.05548,0.01079,0.24527,0.09344,0.70598,0.00228,0.0,0.0,0.00228
2018-06-21 10:00:00,2018-06-21 11:00,1.08431,0.0106,0.29049,0.0862,0.69701,0.00231,0.0,0.0,0.00231
2018-06-21 11:00:00,2018-06-21 12:00,1.11357,0.0,0.36482,0.0761,0.67265,0.00251,0.0,0.0,0.00251
2018-06-21 12:00:00,2018-06-21 13:00,1.21434,0.00191,0.45239,0.07274,0.6873,0.00245,0.0,0.0,0.00245
2018-06-21 13:00:00,2018-06-21 14:00,1.28156,0.0,0.54189,0.08456,0.65511,0.00168,0.0,0.0,0.00168
2018-06-21 14:00:00,2018-06-21 15:00,1.4301,0.0,0.63255,0.09458,0.70298,0.00255,0.0,0.0,0.00255
2018-06-21 15:00:00,2018-06-21 16:00,1.54236,0.0,0.72407,0.09131,0.72698,0.00439,0.0,0.0,0.00439
2018-06-21 16:00:00,2018-06-21 17:00,1.73199,0.00098,0.78865,0.10855,0.83381,0.00369,0.0,0.0,0.00369
2018-06-21 17:00:00,2018-06-21 18:00,1.93075,0.0,0.90958,0.08729,0.93389,0.00734,0.0,0.0,0.00734
2018-06-21 18:00:00,2018-06-21 19:00,2.10529,0.0,0.94289,0.08305,1.07935,0.00614,0.0,0.0,0.00614
2018-06-21 19:00:00,2018-06-21 20:00,2.23962,0.0,0.95628,0.09477,1.18858,0.00638,0.0,0.0,0.00638
2018-06-21 20:00:00,2018-06-21 21:00,2.27701,0.00404,0.90542,0.06889,1.29866,0.00381,0.0,0.0,0.00381
2018-06-21 21:00:00,2018-06-21 22:00,1.90222,0.00041,0.75674,0.05996,1.08511,0.00233,0.0,0.0,0.00233
2018-06-21 22:00:00,2018-06-21 23:00,1.56546,0.0,0.62131,0.06239,0.88176,0.0032,0.0,0.0,0.0032
2018-06-21 23:00:00,2018-06-22 00:00,1.17591,0.0,0.5,0.05072,0.62518,0.00169,0.0,0.0,0.00169
2018-06-22 00:00:00,2018-06-22 01:00,0.97602,0.0,0.37463,0.0341,0.5673,0.00032,0.0,0.0,0.00032
2018-06-22 01:00:00,2018-06-22 02:00,0.84704,0.0,0.31686,0.0225,0.50768,0.00018,0.0,0.0,0.00018
2018-06-22 02:00:00,2018-06-22 03:00,0.74035,0.00918,0.22575,0.01852,0.48691,0.00032,0.0,0.0,0.00032
2018-06-22 03:00:00,2018-06-22 04:00,0.71126,0.0,0.19106,0.03681,0.48339,0.00013,0.0,0.0,0.00013
2018-06-22 04:00:00,2018-06-22 05:00,0.6588,0.00534,0.14592,0.02669,0.48085,0.00017,0.0,0.0,0.00017
2018-06-22 05:00:00,2018-06-22 06:00,0.70798,0.00622,0.11769,0.06698,0.51709,0.00191,0.0,0.0,0.00191
2018-06-22 06:00:00,2018-06-22 07:00,0.84767,0.00387,0.12747,0.1079,0.60844,0.00386,0.0,0.0,0.00386
2018-06-22 07:00:00,2018-06-22 08:00,0.98135,0.00334,0.1533,0.14138,0.68333,0.0047,0.0,0.0,0.0047
2018-06-22 08:00:00,2018-06-22 09:00,1.02458,0.00348,0.19676,0.09853,0.7258,0.00456,0.0,0.0,0.00456
2018-06-22 09:00:00,2018-06-22 10:00,1.1237,0.01048,0.26434,0.11207,0.73681,0.00245,0.0,0.0,0.00245
2018-06-22 10:00:00,2018-06-22 11:00,1.14959,0.01012,0.38099,0.08728,0.6712,0.00302,0.0,0.0,0.00302
2018-06-22 11:00:00,2018-06-22 12:00,1.2388,0.0,0.49186,0.08398,0.66296,0.00636,0.0,0.0,0.00636
2018-06-22 12:00:00,2018-06-22 13:00,1.41422,0.00192,0.60815,0.06795,0.73621,0.00432,0.0,0.0,0.00432
2018-06-22 13:00:00,2018-06-22 14:00,1.51632,0.0,0.73007,0.07658,0.70968,0.00349,0.0,0.0,0.00349
2018-06-22 14:00:00,2018-06-22 15:00,1.67684,0.0,0.8699,0.09193,0.71501,0.00249,0.0,0.0,0.00249
2018-06-22 15:00:00,2018-06-22 16:00,1.86636,0.0,1.01535,0.08968,0.76133,0.00497,0.0,0.0,0.00497
2018-06-22 16:00:00,2018-06-22 17:00,2.19815,0.00077,1.17693,0.09135,0.92909,0.0075,0.0,0.0,0.0075
2018-06-22 17:00:00,2018-06-22 18:00,2.43956,0.0,1.34255,0.08602,1.011,0.00709,0.0,0.0,0.00709
2018-06-22 18:00:00,2018-06-22 19:00,2.57327,0.0,1.38097,0.10115,1.09115,0.00564,0.0,0.0,0.00564
2018-06-22 19:00:00,2018-06-22 20:00,2.56014,0.0,1.3341,0.09544,1.1306,0.00295,0.0,0.0,0.00295
2018-06-22 20:00:00,2018-06-22 21:00,2.44297,0.00338,1.18438,0.06838,1.18682,0.00317,0.0,0.0,0.00317
2018-06-22 21:00:00,2018-06-22 22:00,2.11951,0.00012,0.93373,0.05269,1.13296,0.00211,0.0,0.0,0.00211
2018-06-22 22:00:00,2018-06-22 23:00,1.64966,0.0,0.73759,0.05769,0.85438,0.00138,0.0,0.0,0.00138
2018-06-22 23:00:00,2018-06-23 00:00,1.23912,0.0,0.56755,0.04209,0.62947,0.00213,0.0,0.0,0.00213
2018-06-23 00:00:00,2018-06-23 01:00,1.08166,0.0,0.51176,0.02793,0.54197,0.00106,0.0,0.0,0.00106
2018-06-23 01:00:00,2018-06-23 02:00,0.9971,0.0,0.43856,0.03819,0.52035,0.00061,0.0,0.0,0.00061
2018-06-23 02:00:00,2018-06-23 03:00,0.84632,0.00884,0.32984,0.02339,0.48425,0.00043,0.0,0.0,0.00043
2018-06-23 03:00:00,2018-06-23 04:00,0.79707,0.0,0.27576,0.03601,0.4853,0.00033,0.0,0.0,0.00033
2018-06-23 04:00:00,2018-06-23 05:00,0.75224,0.00521,0.21233,0.0385,0.49621,0.0006,0.0,0.0,0.0006
2018-06-23 05:00:00,2018-06-23 06:00,0.70239,0.00624,0.16525,0.03834,0.49257,0.00048,0.0,0.0,0.00048
2018-06-23 06:00:00,2018-06-23 07:00,0.77305,0.00374,0.17848,0.04924,0.5416,0.00115,0.0,0.0,0.00115
2018-06-23 07:00:00,2018-06-23 08:00,0.99219,0.00298,0.26854,0.07714,0.64353,0.00401,0.0,0.0,0.00401
2018-06-23 08:00:00,2018-06-23 09:00,1.19332,0.00078,0.37873,0.09766,0.71616,0.00499,0.0,0.0,0.00499
2018-06-23 09:00:00,2018-06-23 10:00,1.3785,0.00827,0.46969,0.11936,0.78119,0.00298,0.0,0.0,0.00298
2018-06-23 10:00:00,2018-06-23 11:00,1.54787,0.00931,0.59559,0.12809,0.81488,0.00587,0.0,0.0,0.00587
2018-06-23 11:00:00,2018-06-23 12:00,1.67694,0.0,0.73978,0.10672,0.83045,0.00669,0.0,0.0,0.00669
2018-06-23 12:00:00,2018-06-23 13:00,1.75052,0.00198,0.86273,0.08744,0.79837,0.00472,0.0,0.0,0.00472
2018-06-23 13:00:00,2018-06-23 14:00,1.87138,0.0,0.96684,0.0827,0.82183,0.00409,0.0,0.0,0.00409
2018-06-23 14:00:00,2018-06-23 15:00,2.0479,0.0,1.0676,0.11513,0.86518,0.0034,0.0,0.0,0.0034
2018-06-23 15:00:00,2018-06-23 16:00,2.15037,0.0,1.16699,0.11021,0.87317,0.0043,0.0,0.0,0.0043
2018-06-23 16:00:00,2018-06-23 17:00,2.3333,0.0,1.25576,0.10323,0.97431,0.00479,0.0,0.0,0.00479
2018-06-23 17:00:00,2018-06-23 18:00,2.42139,0.0,1.3355,0.10027,0.98562,0.00466,0.0,0.0,0.00466
2018-06-23 18:00:00,2018-06-23 19:00,2.45747,0.0,1.31135,0.08463,1.06149,0.00448,0.0,0.0,0.00448
2018-06-23 19:00:00,2018-06-23 20:00,2.52905,0.0,1.22861,0.10159,1.19884,0.00294,0.0,0.0,0.00294
2018-06-23 20:00:00,2018-06-23 21:00,2.52167,0.0,1.12903,0.06666,1.32599,0.00612,0.0,0.0,0.00612
2018-06-23 21:00:00,2018-06-23 22:00,2.27464,0.00016,0.97293,0.06542,1.23612,0.00894,0.0,0.0,0.00894
2018-06-23 22:00:00,2018-06-23 23:00,1.7985,0.0,0.79048,0.05882,0.9492,0.00405,0.0,0.0,0.00405
2018-06-23 23:00:00,2018-06-24 00:00,1.29976,0.0,0.62636,0.03689,0.63651,0.00104,0.0,0.0,0.00104
2018-06-24 00:00:00,2018-06-24 01:00,1.0809,0.0,0.5231,0.03141,0.52639,0.00032,0.0,0.0,0.00032
2018-06-24 01:00:00,2018-06-24 02:00,1.00418,0.0,0.46373,0.02731,0.51313,0.0007,0.0,0.0,0.0007
2018-06-24 02:00:00,2018-06-24 03:00,0.90275,0.00852,0.36852,0.02883,0.49688,0.00053,0.0,0.0,0.00053
2018-06-24 03:00:00,2018-06-24 04:00,0.83426,0.0,0.3212,0.02485,0.48821,0.00083,0.0,0.0,0.00083
2018-06-24 04:00:00,2018-06-24 05:00,0.78138,0.00504,0.26161,0.02857,0.48615,0.00113,0.0,0.0,0.00113
2018-06-24 05:00:00,2018-06-24 06:00,0.78012,0.0057,0.21705,0.04723,0.51014,0.00061,0.0,0.0,0.00061
2018-06-24 06:00:00,2018-06-24 07:00,0.87255,0.00296,0.24404,0.06404,0.56151,0.00113,0.0,0.0,0.00113
2018-06-24 07:00:00,2018-06-24 08:00,1.06147,0.0013,0.33046,0.09148,0.63824,0.00417,0.0,0.0,0.00417
2018-06-24 08:00:00,2018-06-24 09:00,1.28894,0.00053,0.4101,0.10562,0.77269,0.00326,0.0,0.0,0.00326
2018-06-24 09:00:00,2018-06-24 10:00,1.35567,0.0073,0.44556,0.12305,0.77975,0.0061,0.0,0.0,0.0061
2018-06-24 10:00:00,2018-06-24 11:00,1.40483,0.009,0.51783,0.12157,0.75643,0.0045,0.0,0.0,0.0045
2018-06-24 11:00:00,2018-06-24 12:00,1.43324,0.0,0.58535,0.09553,0.75236,0.00704,0.0,0.0,0.00704
2018-06-24 12:00:00,2018-06-24 13:00,1.50617,0.00198,0.62511,0.08548,0.7936,0.00826,0.0,0.0,0.00826
2018-06-24 13:00:00,2018-06-24 14:00,1.55023,0.0,0.66803,0.10766,0.77453,0.00432,0.0,0.0,0.00432
2018-06-24 14:00:00,2018-06-24 15:00,1.68511,0.0,0.76134,0.11259,0.81119,0.00263,0.0,0.0,0.00263
2018-06-24 15:00:00,2018-06-24 16:00,1.83247,0.0,0.86078,0.12117,0.85053,0.00402,0.0,0.0,0.00402
2018-06-24 16:00:00,2018-06-24 17:00,2.00733,0.0,0.97958,0.09593,0.93182,0.00454,0.0,0.0,0.00454
2018-06-24 17:00:00,2018-06-24 18:00,2.19675,0.0,1.09502,0.08499,1.01674,0.00831,0.0,0.0,0.00831
2018-06-24 18:00:00,2018-06-24 19:00,2.242,0.0,1.08467,0.10091,1.05642,0.00365,0.0,0.0,0.00365
2018-06-24 19:00:00,2018-06-24 20:00,2.29969,0.0,1.06038,0.08362,1.15569,0.00464,0.0,0.0,0.00464
2018-06-24 20:00:00,2018-06-24 21:00,2.33351,0.0,0.99748,0.06536,1.27067,0.00415,0.0,0.0,0.00415
2018-06-24 21:00:00,2018-06-24 22:00,2.15379,0.00025,0.85603,0.0661,1.2314,0.00326,0.0,0.0,0.00326
2018-06-24 22:00:00,2018-06-24 23:00,1.69659,0.0,0.72172,0.05491,0.91997,0.00344,0.0,0.0,0.00344
2018-06-24 23:00:00,2018-06-25 00:00,1.26372,0.0,0.5963,0.03872,0.6287,0.00115,0.0,0.0,0.00115
2018-06-25 00:00:00,2018-06-25 01:00,1.03428,0.0,0.46868,0.03719,0.52842,0.00113,0.0,0.0,0.00113
2018-06-25 01:00:00,2018-06-25 02:00,0.92428,0.0,0.39945,0.02701,0.49782,0.00074,0.0,0.0,0.00074
2018-06-25 02:00:00,2018-06-25 03:00,0.81538,0.00866,0.29425,0.02733,0.48514,0.00015,0.0,0.0,0.00015
2018-06-25 03:00:00,2018-06-25 04:00,0.78649,0.0,0.25849,0.0394,0.4886,0.00076,0.0,0.0,0.00076
2018-06-25 04:00:00,2018-06-25 05:00,0.74101,0.00501,0.2175,0.0282,0.4903,0.00084,0.0,0.0,0.00084
2018-06-25 05:00:00,2018-06-25 06:00,0.8301,0.00556,0.21103,0.06089,0.55262,0.00193,0.0,0.0,0.00193
2018-06-25 06:00:00,2018-06-25 07:00,0.98079,0.00287,0.23189,0.12604,0.61998,0.00397,0.0,0.0,0.00397
2018-06-25 07:00:00,2018-06-25 08:00,1.09125,0.00157,0.27447,0.13203,0.68318,0.00486,0.0,0.0,0.00486
2018-06-25 08:00:00,2018-06-25 09:00,1.11564,0.00156,0.30608,0.11788,0.69013,0.00372,0.0,0.0,0.00372
2018-06-25 09:00:00,2018-06-25 10:00,1.1429,0.00814,0.35125,0.09135,0.69216,0.00296,0.0,0.0,0.00296
2018-06-25 10:00:00,2018-06-25 11:00,1.28869,0.00916,0.44677,0.07793,0.75482,0.0025,0.0,0.0,0.0025
2018-06-25 11:00:00,2018-06-25 12:00,1.3637,0.0,0.56628,0.07862,0.7188,0.00336,0.0,0.0,0.00336
2018-06-25 12:00:00,2018-06-25 13:00,1.501,0.00196,0.70554,0.0739,0.7196,0.00361,0.0,0.0,0.00361
2018-06-25 13:00:00,2018-06-25 14:00,1.59844,0.0,0.8494,0.08169,0.66735,0.00349,0.0,0.0,0.00349
2018-06-25 14:00:00,2018-06-25 15:00,1.73508,0.0,0.97755,0.09943,0.6581,0.00357,0.0,0.0,0.00357
2018-06-25 15:00:00,2018-06-25 16:00,1.97163,0.0,1.09958,0.09685,0.77519,0.003,0.0,0.0,0.003
2018-06-25 16:00:00,2018-06-25 17:00,2.11052,0.00054,1.16631,0.09216,0.85151,0.00492,0.0,0.0,0.00492
2018-06-25 17:00:00,2018-06-25 18:00,2.31823,0.0,1.26968,0.07889,0.96967,0.00483,0.0,0.0,0.00483
2018-06-25 18:00:00,2018-06-25 19:00,2.40899,0.0,1.22225,0.09124,1.0955,0.00649,0.0,0.0,0.00649
2018-06-25 19:00:00,2018-06-25 20:00,2.42055,0.0,1.1437,0.0764,1.20046,0.00533,0.0,0.0,0.00533
2018-06-25 20:00:00,2018-06-25 21:00,2.32027,0.00339,1.02206,0.07462,1.2202,0.00264,0.0,0.0,0.00264
2018-06-25 21:00:00,2018-06-25 22:00,2.12147,0.00021,0.88315,0.04883,1.18928,0.00174,0.0,0.0,0.00174
2018-06-25 22:00:00,2018-06-25 23:00,1.63166,0.0,0.74095,0.05344,0.83726,0.00162,0.0,0.0,0.00162
2018-06-25 23:00:00,2018-06-26 00:00,1.25686,0.0,0.61538,0.03623,0.60525,0.00089,0.0,0.0,0.00089
2018-06-26 00:00:00,2018-06-26 01:00,1.13043,0.0,0.58305,0.03088,0.5165,0.00076,0.0,0.0,0.00076
2018-06-26 01:00:00,2018-06-26 02:00,1.06782,0.0,0.5393,0.0274,0.50112,0.00035,0.0,0.0,0.00035
2018-06-26 02:00:00,2018-06-26 03:00,0.93732,0.00806,0.41343,0.02901,0.48682,0.00015,0.0,0.0,0.00015
2018-06-26 03:00:00,2018-06-26 04:00,0.85603,0.0,0.34541,0.02061,0.49001,0.00036,0.0,0.0,0.00036
2018-06-26 04:00:00,2018-06-26 05:00,0.8291,0.00502,0.28297,0.03652,0.50459,0.0007,0.0,0.0,0.0007
2018-06-26 05:00:00,2018-06-26 06:00,0.84792,0.00567,0.23435,0.05702,0.55087,0.00139,0.0,0.0,0.00139
2018-06-26 06:00:00,2018-06-26 07:00,1.00639,0.00297,0.2315,0.1071,0.66483,0.00216,0.0,0.0,0.00216
2018-06-26 07:00:00,2018-06-26 08:00,1.10985,0.0015,0.2567,0.13092,0.72073,0.00442,0.0,0.0,0.00442
2018-06-26 08:00:00,2018-06-26 09:00,1.12944,0.00267,0.28141,0.10939,0.73596,0.00516,0.0,0.0,0.00516
2018-06-26 09:00:00,2018-06-26 10:00,1.12457,0.00865,0.26816,0.08685,0.76092,0.00333,0.0,0.0,0.00333
2018-06-26 10:00:00,2018-06-26 11:00,1.10418,0.01062,0.28873,0.06843,0.7364,0.0032,0.0,0.0,0.0032
2018-06-26 11:00:00,2018-06-26 12:00,1.09962,5e-05,0.31302,0.09645,0.69011,0.00259,0.0,0.0,0.00259
2018-06-26 12:00:00,2018-06-26 13:00,1.13273,0.00192,0.34451,0.08698,0.69931,0.00351,0.0,0.0,0.00351
2018-06-26 13:00:00,2018-06-26 14:00,1.19905,0.0,0.35793,0.08834,0.75278,0.00405,0.0,0.0,0.00405
2018-06-26 14:00:00,2018-06-26 15:00,1.20899,0.0,0.36051,0.10756,0.74092,0.00322,0.0,0.0,0.00322
2018-06-26 15:00:00,2018-06-26 16:00,1.17791,0.0,0.37813,0.08257,0.71721,0.00271,0.0,0.0,0.00271
2018-06-26 16:00:00,2018-06-26 17:00,1.3613,0.0014,0.42041,0.09701,0.84248,0.00418,0.0,0.0,0.00418
2018-06-26 17:00:00,2018-06-26 18:00,1.60083,3e-05,0.52587,0.09648,0.97844,0.00794,0.0,0.0,0.00794
2018-06-26 18:00:00,2018-06-26 19:00,1.68252,0.0,0.55737,0.09518,1.02998,0.00543,0.0,0.0,0.00543
2018-06-26 19:00:00,2018-06-26 20:00,1.7951,0.0,0.57719,0.06395,1.15396,0.00314,0.0,0.0,0.00314
2018-06-26 20:00:00,2018-06-26 21:00,1.84025,0.00471,0.57064,0.08119,1.18372,0.00407,0.0,0.0,0.00407
2018-06-26 21:00:00,2018-06-26 22:00,1.7533,0.00053,0.51763,0.0568,1.17834,0.00253,0.0,0.0,0.00253
2018-06-26 22:00:00,2018-06-26 23:00,1.41568,0.0,0.4437,0.04976,0.92222,0.0015,0.0,0.0,0.0015
2018-06-26 23:00:00,2018-06-27 00:00,1.01673,0.0,0.36352,0.04632,0.60689,0.00072,0.0,0.0,0.00072
2018-06-27 00:00:00,2018-06-27 01:00,0.87301,0.0,0.33813,0.01954,0.51535,0.00032,0.0,0.0,0.00032
2018-06-27 01:00:00,2018-06-27 02:00,0.85269,0.0,0.32296,0.0314,0.49833,0.00018,0.0,0.0,0.00018
2018-06-27 02:00:00,2018-06-27 03:00,0.76711,0.00961,0.26208,0.0133,0.48212,0.00031,0.0,0.0,0.00031
2018-06-27 03:00:00,2018-06-27 04:00,0.75426,0.0,0.24854,0.02193,0.48379,0.00058,0.0,0.0,0.00058
2018-06-27 04:00:00,2018-06-27 05:00,0.74073,0.00545,0.21512,0.03412,0.48604,0.00058,0.0,0.0,0.00058
2018-06-27 05:00:00,2018-06-27 06:00,0.78376,0.00606,0.18812,0.06786,0.52173,0.00182,0.0,0.0,0.00182
2018-06-27 06:00:00,2018-06-27 07:00,0.93184,0.00371,0.20702,0.10667,0.61444,0.00292,0.0,0.0,0.00292
2018-06-27 07:00:00,2018-06-27 08:00,1.06427,0.00155,0.22331,0.13677,0.70264,0.00402,0.0,0.0,0.00402
2018-06-27 08:00:00,2018-06-27 09:00,1.10336,0.00257,0.22561,0.1163,0.75888,0.00302,0.0,0.0,0.00302
2018-06-27 09:00:00,2018-06-27 10:00,1.06591,0.01121,0.22331,0.07839,0.75299,0.00469,0.0,0.0,0.00469
2018-06-27 10:00:00,2018-06-27 11:00,1.06163,0.01107,0.256,0.08076,0.7138,0.00436,0.0,0.0,0.00436
2018-06-27 11:00:00,2018-06-27 12:00,1.19333,1e-05,0.33352,0.08984,0.76996,0.00462,0.0,0.0,0.00462
2018-06-27 12:00:00,2018-06-27 13:00,1.2145,0.00197,0.42605,0.07549,0.71099,0.00397,0.0,0.0,0.00397
2018-06-27 13:00:00,2018-06-27 14:00,1.30892,0.0,0.53259,0.08425,0.69208,0.00183,0.0,0.0,0.00183
2018-06-27 14:00:00,2018-06-27 15:00,1.51795,0.0,0.6788,0.08529,0.75386,0.00335,0.0,0.0,0.00335
2018-06-27 15:00:00,2018-06-27 16:00,1.66678,0.0,0.83124,0.0864,0.74914,0.00453,0.0,0.0,0.00453
2018-06-27 16:00:00,2018-06-27 17:00,1.99744,0.00095,1.00728,0.09817,0.89104,0.00643,0.0,0.0,0.00643
2018-06-27 17:00:00,2018-06-27 18:00,2.26221,0.0,1.20842,0.10796,0.94583,0.00664,0.0,0.0,0.00664
2018-06-27 18:00:00,2018-06-27 19:00,2.37701,0.0,1.28016,0.08668,1.01017,0.00672,0.0,0.0,0.00672
2018-06-27 19:00:00,2018-06-27 20:00,2.53209,0.0,1.29362,0.07274,1.16573,0.00309,0.0,0.0,0.00309
2018-06-27 20:00:00,2018-06-27 21:00,2.49342,0.00342,1.18395,0.06543,1.24063,0.00254,0.0,0.0,0.00254
2018-06-27 21:00:00,2018-06-27 22:00,2.16639,0.00023,0.97706,0.05062,1.13849,0.00348,0.0,0.0,0.00348
2018-06-27 22:00:00,2018-06-27 23:00,1.71402,0.0,0.79039,0.04328,0.88035,0.00259,0.0,0.0,0.00259
2018-06-27 23:00:00,2018-06-28 00:00,1.26518,0.0,0.63953,0.03943,0.58622,0.00153,0.0,0.0,0.00153
2018-06-28 00:00:00,2018-06-28 01:00,1.09612,0.0,0.54881,0.02912,0.51818,0.00073,0.0,0.0,0.00073
2018-06-28 01:00:00,2018-06-28 02:00,1.02279,0.0,0.49318,0.03256,0.49705,0.00018,0.0,0.0,0.00018
2018-06-28 02:00:00,2018-06-28 03:00,0.90806,0.00861,0.3897,0.02442,0.48532,0.00015,0.0,0.0,0.00015
2018-06-28 03:00:00,2018-06-28 04:00,0.85584,0.0,0.33861,0.03076,0.48646,0.00014,0.0,0.0,0.00014
2018-06-28 04:00:00,2018-06-28 05:00,0.81629,0.00502,0.2767,0.03809,0.49647,0.00031,0.0,0.0,0.00031
2018-06-28 05:00:00,2018-06-28 06:00,0.82328,0.00567,0.23222,0.06137,0.52402,0.00173,0.0,0.0,0.00173
2018-06-28 06:00:00,2018-06-28 07:00,0.99773,0.00271,0.28348,0.1062,0.60534,0.00452,0.0,0.0,0.00452
2018-06-28 07:00:00,2018-06-28 08:00,1.18857,0.00109,0.39135,0.10301,0.69312,0.00272,0.0,0.0,0.00272
2018-06-28 08:00:00,2018-06-28 09:00,1.31428,0.00193,0.5252,0.10109,0.68607,0.00283,0.0,0.0,0.00283
2018-06-28 09:00:00,2018-06-28 10:00,1.48639,0.0073,0.6376,0.1063,0.73519,0.00305,0.0,0.0,0.00305
2018-06-28 10:00:00,2018-06-28 11:00,1.54352,0.00749,0.77283,0.08113,0.68207,0.00221,0.0,0.0,0.00221
2018-06-28 11:00:00,2018-06-28 12:00,1.67693,0.0,0.90795,0.05679,0.71219,0.00285,0.0,0.0,0.00285
2018-06-28 12:00:00,2018-06-28 13:00,1.78497,0.00207,1.0601,0.07693,0.64588,0.00381,0.0,0.0,0.00381
2018-06-28 13:00:00,2018-06-28 14:00,1.98818,0.0,1.1897,0.0845,0.71399,0.00312,0.0,0.0,0.00312
2018-06-28 14:00:00,2018-06-28 15:00,2.07147,0.0,1.29244,0.07875,0.70028,0.00368,0.0,0.0,0.00368
2018-06-28 15:00:00,2018-06-28 16:00,2.17117,0.0,1.36232,0.10032,0.70854,0.00393,0.0,0.0,0.00393
2018-06-28 16:00:00,2018-06-28 17:00,2.37445,0.00029,1.46384,0.09253,0.81779,0.00449,0.0,0.0,0.00449
2018-06-28 17:00:00,2018-06-28 18:00,2.7147,0.0,1.62007,0.10817,0.98646,0.00473,0.0,0.0,0.00473
2018-06-28 18:00:00,2018-06-28 19:00,2.77388,0.0,1.65479,0.09336,1.02573,0.00402,0.0,0.0,0.00402
2018-06-28 19:00:00,2018-06-28 20:00,2.86126,0.0,1.62389,0.07763,1.15974,0.00502,0.0,0.0,0.00502
2018-06-28 20:00:00,2018-06-28 21:00,2.83085,0.00347,1.5083,0.07923,1.23985,0.00537,0.0,0.0,0.00537
2018-06-28 21:00:00,2018-06-28 22:00,2.58412,0.0,1.31742,0.06398,1.20272,0.00234,0.0,0.0,0.00234
2018-06-28 22:00:00,2018-06-28 23:00,2.02106,0.0,1.1388,0.04015,0.84211,0.00185,0.0,0.0,0.00185
2018-06-28 23:00:00,2018-06-29 00:00,1.64284,0.0,0.97566,0.04677,0.62042,0.00093,0.0,0.0,0.00093
2018-06-29 00:00:00,2018-06-29 01:00,1.46381,0.0,0.87933,0.03015,0.55432,0.00043,0.0,0.0,0.00043
2018-06-29 01:00:00,2018-06-29 02:00,1.35329,0.0,0.81582,0.02206,0.51541,0.00018,0.0,0.0,0.00018
2018-06-29 02:00:00,2018-06-29 03:00,1.21814,0.0066,0.70109,0.02371,0.48673,0.00015,0.0,0.0,0.00015
2018-06-29 03:00:00,2018-06-29 04:00,1.17152,0.0,0.6557,0.02412,0.4917,0.0004,0.0,0.0,0.0004
2018-06-29 04:00:00,2018-06-29 05:00,1.15486,0.0044,0.60108,0.04512,0.50427,0.00065,0.0,0.0,0.00065
2018-06-29 05:00:00,2018-06-29 06:00,1.16921,0.00331,0.55958,0.06886,0.53746,0.00223,0.0,0.0,0.00223
2018-06-29 06:00:00,2018-06-29 07:00,1.3275,0.00164,0.59439,0.12323,0.60824,0.00415,0.0,0.0,0.00415
2018-06-29 07:00:00,2018-06-29 08:00,1.50418,0.00042,0.6966,0.11817,0.68899,0.0043,0.0,0.0,0.0043
2018-06-29 08:00:00,2018-06-29 09:00,1.71814,0.00166,0.86036,0.11199,0.74413,0.00314,0.0,0.0,0.00314
2018-06-29 09:00:00,2018-06-29 10:00,1.84773,0.00473,1.01565,0.09676,0.7306,0.00194,0.0,0.0,0.00194
2018-06-29 10:00:00,2018-06-29 11:00,2.05708,0.0056,1.28065,0.08686,0.68397,0.00414,0.0,0.0,0.00414
2018-06-29 11:00:00,2018-06-29 12:00,2.33018,0.0,1.53893,0.07224,0.71901,0.00254,0.0,0.0,0.00254
2018-06-29 12:00:00,2018-06-29 13:00,2.54733,0.00232,1.77003,0.06814,0.70683,0.00539,0.0,0.0,0.00539
2018-06-29 13:00:00,2018-06-29 14:00,2.70054,0.0,1.96452,0.07947,0.65654,0.00471,0.0,0.0,0.00471
2018-06-29 14:00:00,2018-06-29 15:00,2.88769,0.0,2.11921,0.10728,0.6612,0.004,0.0,0.0,0.004
2018-06-29 15:00:00,2018-06-29 16:00,3.06995,0.0,2.23239,0.08482,0.75274,0.00392,0.0,0.0,0.00392
2018-06-29 16:00:00,2018-06-29 17:00,3.41166,0.0,2.30303,0.09329,1.01534,0.00442,0.0,0.0,0.00442
2018-06-29 17:00:00,2018-06-29 18:00,3.44839,0.0,2.32059,0.08581,1.04198,0.00621,0.0,0.0,0.00621
2018-06-29 18:00:00,2018-06-29 19:00,3.40413,0.0,2.28555,0.07098,1.0476,0.00771,0.0,0.0,0.00771
2018-06-29 19:00:00,2018-06-29 20:00,3.44615,0.0,2.20619,0.08727,1.15269,0.00482,0.0,0.0,0.00482
2018-06-29 20:00:00,2018-06-29 21:00,3.44348,0.0,2.09849,0.07078,1.27422,0.00222,0.0,0.0,0.00222
2018-06-29 21:00:00,2018-06-29 22:00,3.13166,0.0,1.97148,0.04892,1.11126,0.00254,0.0,0.0,0.00254
2018-06-29 22:00:00,2018-06-29 23:00,2.78229,0.0,1.85231,0.04617,0.88381,0.00162,0.0,0.0,0.00162
2018-06-29 23:00:00,2018-06-30 00:00,2.38311,0.0,1.70748,0.03154,0.64408,0.00071,0.0,0.0,0.00071
2018-06-30 00:00:00,2018-06-30 01:00,2.22167,0.0,1.60973,0.02634,0.5856,0.00098,0.0,0.0,0.00098
2018-06-30 01:00:00,2018-06-30 02:00,2.10283,0.0,1.55768,0.0215,0.52365,0.00018,0.0,0.0,0.00018
2018-06-30 02:00:00,2018-06-30 03:00,1.9826,0.00031,1.4525,0.02499,0.5048,0.00015,0.0,0.0,0.00015
2018-06-30 03:00:00,2018-06-30 04:00,1.86429,0.0,1.34865,0.02485,0.4908,0.00013,0.0,0.0,0.00013
2018-06-30 04:00:00,2018-06-30 05:00,1.76435,0.00354,1.23943,0.02571,0.49567,0.00017,0.0,0.0,0.00017
2018-06-30 05:00:00,2018-06-30 06:00,1.66087,0.00221,1.12429,0.02593,0.50844,0.00021,0.0,0.0,0.00021
2018-06-30 06:00:00,2018-06-30 07:00,1.67858,0.0,1.07787,0.04333,0.55739,0.00071,0.0,0.0,0.00071
2018-06-30 07:00:00,2018-06-30 08:00,1.82769,0.0,1.09582,0.07732,0.65454,0.00481,0.0,0.0,0.00481
2018-06-30 08:00:00,2018-06-30 09:00,1.97479,0.0,1.1399,0.09863,0.73627,0.00445,0.0,0.0,0.00445
2018-06-30 09:00:00,2018-06-30 10:00,2.09772,0.00247,1.18572,0.11203,0.7975,0.00415,0.0,0.0,0.00415
2018-06-30 10:00:00,2018-06-30 11:00,2.1269,0.00564,1.26456,0.09416,0.76254,0.00279,0.0,0.0,0.00279
2018-06-30 11:00:00,2018-06-30 12:00,2.24053,0.0,1.36244,0.09638,0.78171,0.0035,0.0,0.0,0.0035
2018-06-30 12:00:00,2018-06-30 13:00,2.39872,0.00208,1.49989,0.09934,0.7974,0.00572,0.0,0.0,0.00572
2018-06-30 13:00:00,2018-06-30 14:00,2.48869,0.0,1.62013,0.08828,0.78029,0.01205,0.0,0.0,0.01205
2018-06-30 14:00:00,2018-06-30 15:00,2.65622,0.0,1.70124,0.12011,0.83487,0.0091,0.0,0.0,0.0091
2018-06-30 15:00:00,2018-06-30 16:00,2.70362,0.0,1.70192,0.09233,0.90937,0.00859,0.0,0.0,0.00859
2018-06-30 16:00:00,2018-06-30 17:00,2.68464,0.0,1.62137,0.09704,0.96623,0.00445,0.0,0.0,0.00445
2018-06-30 17:00:00,2018-06-30 18:00,2.74209,0.0,1.57356,0.11263,1.0559,0.00428,0.0,0.0,0.00428
2018-06-30 18:00:00,2018-06-30 19:00,2.65353,0.0,1.49131,0.08881,1.0734,0.00513,0.0,0.0,0.00513
2018-06-30 19:00:00,2018-06-30 20:00,2.69162,0.0,1.41935,0.10253,1.16974,0.00334,0.0,0.0,0.00334
2018-06-30 20:00:00,2018-06-30 21:00,2.70414,0.0,1.35041,0.06049,1.29323,0.00182,0.0,0.0,0.00182
2018-06-30 21:00:00,2018-06-30 22:00,2.46956,0.0,1.23191,0.0487,1.18895,0.00211,0.0,0.0,0.00211
2018-06-30 22:00:00,2018-06-30 23:00,2.09398,0.0,1.09004,0.04139,0.96255,0.00311,0.0,0.0,0.00311
2018-06-30 23:00:00,2018-07-01 00:00,1.66683,0.0,0.94294,0.0349,0.68899,0.00069,0.0,0.0,0.00069
2018-07-01 00:00:00,2018-07-01 01:00,1.47559,0.0,0.85718,0.03545,0.58295,0.00078,0.0,0.0,0.00078
2018-07-01 01:00:00,2018-07-01 02:00,1.35552,0.0,0.80439,0.02577,0.52535,0.00018,0.0,0.0,0.00018
2018-07-01 02:00:00,2018-07-01 03:00,1.22815,0.00639,0.69276,0.02466,0.50433,0.00015,0.0,0.0,0.00015
2018-07-01 03:00:00,2018-07-01 04:00,1.1478,0.0,0.63347,0.02608,0.48825,0.00017,0.0,0.0,0.00017
2018-07-01 04:00:00,2018-07-01 05:00,1.06996,0.00442,0.55463,0.02645,0.48446,0.00026,0.0,0.0,0.00026
2018-07-01 05:00:00,2018-07-01 06:00,1.04051,0.00308,0.49014,0.04147,0.50583,0.00044,0.0,0.0,0.00044
2018-07-01 06:00:00,2018-07-01 07:00,1.10867,0.00141,0.46899,0.07452,0.56375,0.0031,0.0,0.0,0.0031
2018-07-01 07:00:00,2018-07-01 08:00,1.19453,0.00087,0.47631,0.08707,0.63028,0.00356,0.0,0.0,0.00356
2018-07-01 08:00:00,2018-07-01 09:00,1.29431,0.0,0.47302,0.10078,0.72051,0.0041,0.0,0.0,0.0041
2018-07-01 09:00:00,2018-07-01 10:00,1.2633,0.00481,0.41852,0.0988,0.74117,0.00433,0.0,0.0,0.00433
2018-07-01 10:00:00,2018-07-01 11:00,1.27184,0.00981,0.39567,0.09368,0.77268,0.00411,0.0,0.0,0.00411
2018-07-01 11:00:00,2018-07-01 12:00,1.28951,4e-05,0.35039,0.09991,0.83918,0.00414,0.0,0.0,0.00414
2018-07-01 12:00:00,2018-07-01 13:00,1.14936,0.00257,0.2662,0.09075,0.78985,0.00407,0.0,0.0,0.00407
2018-07-01 13:00:00,2018-07-01 14:00,1.18516,8e-05,0.30608,0.09872,0.78027,0.0036,0.0,0.0,0.0036
2018-07-01 14:00:00,2018-07-01 15:00,1.31966,0.0,0.40361,0.10693,0.80912,0.00183,0.0,0.0,0.00183
2018-07-01 15:00:00,2018-07-01 16:00,1.32809,0.0,0.41147,0.0983,0.81832,0.00322,0.0,0.0,0.00322
2018-07-01 16:00:00,2018-07-01 17:00,1.44711,0.0,0.41688,0.11318,0.91705,0.0039,0.0,0.0,0.0039
2018-07-01 17:00:00,2018-07-01 18:00,1.76942,0.0,0.59279,0.08711,1.08951,0.00657,0.0,0.0,0.00657
2018-07-01 18:00:00,2018-07-01 19:00,1.93464,0.0,0.73193,0.07867,1.12403,0.00522,0.0,0.0,0.00522
2018-07-01 19:00:00,2018-07-01 20:00,2.09049,0.0,0.81378,0.08288,1.19383,0.00401,0.0,0.0,0.00401
2018-07-01 20:00:00,2018-07-01 21:00,2.03601,0.0,0.78586,0.05457,1.19558,0.00417,0.0,0.0,0.00417
2018-07-01 21:00:00,2018-07-01 22:00,1.85323,0.00044,0.61518,0.06535,1.17226,0.00224,0.0,0.0,0.00224
2018-07-01 22:00:00,2018-07-01 23:00,1.47138,0.0,0.48124,0.0706,0.91955,0.00197,0.0,0.0,0.00197
2018-07-01 23:00:00,2018-07-02 00:00,1.09921,0.0,0.37583,0.04355,0.67983,0.00183,0.0,0.0,0.00183
2018-07-02 00:00:00,2018-07-02 01:00,0.84655,0.0,0.26708,0.03109,0.54838,0.00178,0.0,0.0,0.00178
2018-07-02 01:00:00,2018-07-02 02:00,0.79829,0.00015,0.26612,0.0291,0.50292,0.00018,0.0,0.0,0.00018
2018-07-02 02:00:00,2018-07-02 03:00,0.73414,0.00996,0.20974,0.02487,0.48956,0.00015,0.0,0.0,0.00015
2018-07-02 03:00:00,2018-07-02 04:00,0.73136,0.00042,0.20104,0.0366,0.4933,0.00093,0.0,0.0,0.00093
2018-07-02 04:00:00,2018-07-02 05:00,0.74335,0.00595,0.20003,0.04451,0.49285,0.00205,0.0,0.0,0.00205
2018-07-02 05:00:00,2018-07-02 06:00,0.77736,0.00681,0.19632,0.06133,0.51289,0.00201,0.0,0.0,0.00201
2018-07-02 06:00:00,2018-07-02 07:00,0.98455,0.00381,0.24751,0.11372,0.61952,0.00369,0.0,0.0,0.00369
2018-07-02 07:00:00,2018-07-02 08:00,1.18427,0.00108,0.36143,0.11312,0.70865,0.00426,0.0,0.0,0.00426
2018-07-02 08:00:00,2018-07-02 09:00,1.28018,0.00155,0.49157,0.10271,0.68435,0.00476,0.0,0.0,0.00476
2018-07-02 09:00:00,2018-07-02 10:00,1.37759,0.00818,0.57774,0.10138,0.6903,0.00343,0.0,0.0,0.00343
2018-07-02 10:00:00,2018-07-02 11:00,1.49068,0.00776,0.70183,0.08589,0.6952,0.00337,0.0,0.0,0.00337
2018-07-02 11:00:00,2018-07-02 12:00,1.56155,0.0,0.82248,0.07488,0.66419,0.00306,0.0,0.0,0.00306
2018-07-02 12:00:00,2018-07-02 13:00,1.723,0.00202,0.96003,0.08106,0.67989,0.00297,0.0,0.0,0.00297
2018-07-02 13:00:00,2018-07-02 14:00,1.89007,0.0,1.10696,0.07958,0.70352,0.00244,0.0,0.0,0.00244
2018-07-02 14:00:00,2018-07-02 15:00,2.04413,0.0,1.25984,0.10266,0.68163,0.00251,0.0,0.0,0.00251
2018-07-02 15:00:00,2018-07-02 16:00,2.24375,0.0,1.43922,0.08719,0.71734,0.00616,0.0,0.0,0.00616
2018-07-02 16:00:00,2018-07-02 17:00,2.55243,4e-05,1.60788,0.07711,0.8674,0.0055,0.0,0.0,0.0055
2018-07-02 17:00:00,2018-07-02 18:00,2.7579,0.0,1.72016,0.08697,0.95077,0.00455,0.0,0.0,0.00455
2018-07-02 18:00:00,2018-07-02 19:00,2.86226,0.0,1.71472,0.08943,1.05812,0.00581,0.0,0.0,0.00581
2018-07-02 19:00:00,2018-07-02 20:00,2.90467,0.0,1.65074,0.09425,1.15968,0.00298,0.0,0.0,0.00298
2018-07-02 20:00:00,2018-07-02 21:00,2.76501,0.00345,1.49511,0.06367,1.20278,0.00412,0.0,0.0,0.00412
2018-07-02 21:00:00,2018-07-02 22:00,2.49213,0.0,1.29581,0.05688,1.13944,0.00299,0.0,0.0,0.00299
2018-07-02 22:00:00,2018-07-02 23:00,2.03037,0.0,1.11284,0.05727,0.86027,0.00325,0.0,0.0,0.00325
2018-07-02 23:00:00,2018-07-03 00:00,1.60924,0.0,0.94119,0.04246,0.62559,0.00166,0.0,0.0,0.00166
2018-07-03 00:00:00,2018-07-03 01:00,1.41121,0.0,0.83523,0.03146,0.54451,0.00055,0.0,0.0,0.00055
2018-07-03 01:00:00,2018-07-03 02:00,1.29638,0.0,0.76475,0.02635,0.50528,0.00048,0.0,0.0,0.00048
2018-07-03 02:00:00,2018-07-03 03:00,1.17778,0.00619,0.65403,0.02561,0.49195,0.00044,0.0,0.0,0.00044
2018-07-03 03:00:00,2018-07-03 04:00,1.11488,0.0,0.60247,0.02211,0.49029,0.00013,0.0,0.0,0.00013
2018-07-03 04:00:00,2018-07-03 05:00,1.07563,0.0045,0.53285,0.04427,0.49401,0.00163,0.0,0.0,0.00163
2018-07-03 05:00:00,2018-07-03 06:00,1.04296,0.00394,0.47436,0.04451,0.52015,0.00213,0.0,0.0,0.00213
2018-07-03 06:00:00,2018-07-03 07:00,1.19532,0.00198,0.45517,0.11218,0.62599,0.00565,0.0,0.0,0.00565
2018-07-03 07:00:00,2018-07-03 08:00,1.21701,0.0009,0.43898,0.10994,0.6672,0.00642,0.0,0.0,0.00642
2018-07-03 08:00:00,2018-07-03 09:00,1.18559,0.00146,0.41009,0.10788,0.66616,0.00288,0.0,0.0,0.00288
2018-07-03 09:00:00,2018-07-03 10:00,1.1614,0.00532,0.35221,0.09466,0.7092,0.00157,0.0,0.0,0.00157
2018-07-03 10:00:00,2018-07-03 11:00,1.12041,0.0097,0.33535,0.07874,0.69662,0.0037,0.0,0.0,0.0037
2018-07-03 11:00:00,2018-07-03 12:00,1.08897,0.0,0.34443,0.06143,0.6831,0.00384,0.0,0.0,0.00384
2018-07-03 12:00:00,2018-07-03 13:00,1.15847,0.00185,0.3819,0.06907,0.70565,0.00453,0.0,0.0,0.00453
2018-07-03 13:00:00,2018-07-03 14:00,1.19419,0.0,0.41807,0.09253,0.68359,0.00176,0.0,0.0,0.00176
2018-07-03 14:00:00,2018-07-03 15:00,1.22862,0.0,0.45193,0.1046,0.67208,0.00357,0.0,0.0,0.00357
2018-07-03 15:00:00,2018-07-03 16:00,1.45396,0.0,0.59938,0.08497,0.76961,0.00437,0.0,0.0,0.00437
2018-07-03 16:00:00,2018-07-03 17:00,1.75655,0.00113,0.85948,0.07924,0.81669,0.00695,0.0,0.0,0.00695
2018-07-03 17:00:00,2018-07-03 18:00,2.18795,0.0,1.1568,0.08934,0.94181,0.00445,0.0,0.0,0.00445
2018-07-03 18:00:00,2018-07-03 19:00,2.44396,0.0,1.31267,0.09377,1.03752,0.00413,0.0,0.0,0.00413
2018-07-03 19:00:00,2018-07-03 20:00,2.6909,0.0,1.37009,0.08487,1.23594,0.00486,0.0,0.0,0.00486
2018-07-03 20:00:00,2018-07-03 21:00,2.57116,0.00346,1.27255,0.07075,1.22441,0.00463,0.0,0.0,0.00463
2018-07-03 21:00:00,2018-07-03 22:00,2.31044,0.00015,1.10055,0.0466,1.16314,0.00431,0.0,0.0,0.00431
2018-07-03 22:00:00,2018-07-03 23:00,1.82923,0.0,0.93762,0.05628,0.83533,0.00136,0.0,0.0,0.00136
2018-07-03 23:00:00,2018-07-04 00:00,1.47791,0.0,0.81402,0.0346,0.62929,0.00132,0.0,0.0,0.00132
2018-07-04 00:00:00,2018-07-04 01:00,1.33668,0.0,0.76381,0.02691,0.54597,0.00083,0.0,0.0,0.00083
2018-07-04 01:00:00,2018-07-04 02:00,1.2736,0.0,0.7423,0.02494,0.50635,0.00032,0.0,0.0,0.00032
2018-07-04 02:00:00,2018-07-04 03:00,1.17005,0.00703,0.65934,0.01665,0.48704,0.00015,0.0,0.0,0.00015
2018-07-04 03:00:00,2018-07-04 04:00,1.14353,0.0,0.62737,0.02794,0.48821,0.00013,0.0,0.0,0.00013
2018-07-04 04:00:00,2018-07-04 05:00,1.1113,0.00452,0.57652,0.04259,0.48767,0.00035,0.0,0.0,0.00035
2018-07-04 05:00:00,2018-07-04 06:00,1.13569,0.00423,0.53578,0.06976,0.52592,0.00231,0.0,0.0,0.00231
2018-07-04 06:00:00,2018-07-04 07:00,1.28619,0.00194,0.58671,0.10321,0.59433,0.00473,0.0,0.0,0.00473
2018-07-04 07:00:00,2018-07-04 08:00,1.47402,0.0004,0.6856,0.1235,0.66452,0.00274,0.0,0.0,0.00274
2018-07-04 08:00:00,2018-07-04 09:00,1.62658,0.00152,0.7816,0.11051,0.73294,0.00306,0.0,0.0,0.00306
2018-07-04 09:00:00,2018-07-04 10:00,1.57615,0.00492,0.73333,0.08433,0.75358,0.00752,0.0,0.0,0.00752
2018-07-04 10:00:00,2018-07-04 11:00,1.36128,0.00835,0.56625,0.07655,0.71014,0.00487,0.0,0.0,0.00487
2018-07-04 11:00:00,2018-07-04 12:00,1.31075,0.0,0.52052,0.07052,0.71972,0.00346,0.0,0.0,0.00346
2018-07-04 12:00:00,2018-07-04 13:00,1.34824,0.00187,0.62776,0.06591,0.65269,0.00433,0.0,0.0,0.00433
2018-07-04 13:00:00,2018-07-04 14:00,1.5544,0.0,0.77469,0.07617,0.70355,0.00243,0.0,0.0,0.00243
2018-07-04 14:00:00,2018-07-04 15:00,1.57774,0.0,0.76937,0.08378,0.72459,0.00368,0.0,0.0,0.00368
2018-07-04 15:00:00,2018-07-04 16:00,1.51768,0.0,0.69416,0.09514,0.72838,0.00349,0.0,0.0,0.00349
2018-07-04 16:00:00,2018-07-04 17:00,1.6604,0.00107,0.72725,0.08816,0.84392,0.00286,0.0,0.0,0.00286
2018-07-04 17:00:00,2018-07-04 18:00,1.95696,0.0,0.95597,0.08978,0.91121,0.00424,0.0,0.0,0.00424
2018-07-04 18:00:00,2018-07-04 19:00,2.20983,0.0,1.09538,0.08221,1.03223,0.00686,0.0,0.0,0.00686
2018-07-04 19:00:00,2018-07-04 20:00,2.34301,0.0,1.14485,0.08303,1.11514,0.0051,0.0,0.0,0.0051
2018-07-04 20:00:00,2018-07-04 21:00,2.31313,0.0035,1.07992,0.07191,1.1578,0.00233,0.0,0.0,0.00233
2018-07-04 21:00:00,2018-07-04 22:00,2.19748,0.00034,0.93063,0.06428,1.20223,0.00302,0.0,0.0,0.00302
2018-07-04 22:00:00,2018-07-04 23:00,1.6905,0.0,0.78926,0.04952,0.85173,0.0037,0.0,0.0,0.0037
2018-07-04 23:00:00,2018-07-05 00:00,1.28894,0.0,0.66271,0.03262,0.5936,0.00143,0.0,0.0,0.00143
2018-07-05 00:00:00,2018-07-05 01:00,1.14217,0.0,0.60061,0.02477,0.5168,0.00182,0.0,0.0,0.00182
2018-07-05 01:00:00,2018-07-05 02:00,1.08027,0.0,0.57091,0.01277,0.49658,0.00018,0.0,0.0,0.00018
2018-07-05 02:00:00,2018-07-05 03:00,1.00227,0.00823,0.49134,0.01916,0.48353,0.00015,0.0,0.0,0.00015
2018-07-05 03:00:00,2018-07-05 04:00,0.98966,0.0,0.47143,0.03296,0.48527,0.00026,0.0,0.0,0.00026
2018-07-05 04:00:00,2018-07-05 05:00,0.99477,0.00479,0.43778,0.04163,0.51057,0.00119,0.0,0.0,0.00119
2018-07-05 05:00:00,2018-07-05 06:00,1.02962,0.00511,0.40981,0.0671,0.5476,0.00144,0.0,0.0,0.00144
2018-07-05 06:00:00,2018-07-05 07:00,1.19743,0.00232,0.45249,0.12801,0.6146,0.00321,0.0,0.0,0.00321
2018-07-05 07:00:00,2018-07-05 08:00,1.3387,0.00059,0.54031,0.11328,0.68452,0.00368,0.0,0.0,0.00368
2018-07-05 08:00:00,2018-07-05 09:00,1.48317,0.00146,0.63474,0.11311,0.73386,0.00426,0.0,0.0,0.00426
2018-07-05 09:00:00,2018-07-05 10:00,1.4973,0.00484,0.66444,0.08197,0.74606,0.00558,0.0,0.0,0.00558
2018-07-05 10:00:00,2018-07-05 11:00,1.4644,0.00764,0.73383,0.07854,0.64439,0.00272,0.0,0.0,0.00272
2018-07-05 11:00:00,2018-07-05 12:00,1.61226,0.0,0.82591,0.07855,0.7078,0.00383,0.0,0.0,0.00383
2018-07-05 12:00:00,2018-07-05 13:00,1.7407,0.00198,0.92309,0.08578,0.72984,0.00381,0.0,0.0,0.00381
2018-07-05 13:00:00,2018-07-05 14:00,1.7744,0.0,1.00123,0.06885,0.70431,0.00314,0.0,0.0,0.00314
2018-07-05 14:00:00,2018-07-05 15:00,1.88737,0.0,1.07705,0.07845,0.73187,0.00192,0.0,0.0,0.00192
2018-07-05 15:00:00,2018-07-05 16:00,2.01672,0.0,1.18552,0.08251,0.74869,0.0034,0.0,0.0,0.0034
2018-07-05 16:00:00,2018-07-05 17:00,2.22647,0.00052,1.30201,0.08924,0.8347,0.00339,0.0,0.0,0.00339
2018-07-05 17:00:00,2018-07-05 18:00,2.51315,0.0,1.44362,0.0953,0.97423,0.00673,0.0,0.0,0.00673
2018-07-05 18:00:00,2018-07-05 19:00,2.56923,0.0,1.46441,0.08576,1.01906,0.00349,0.0,0.0,0.00349
2018-07-05 19:00:00,2018-07-05 20:00,2.6643,0.0,1.43665,0.08594,1.14172,0.00445,0.0,0.0,0.00445
2018-07-05 20:00:00,2018-07-05 21:00,2.5717,0.00333,1.28505,0.07374,1.20958,0.0048,0.0,0.0,0.0048
2018-07-05 21:00:00,2018-07-05 22:00,2.26808,0.0,1.04214,0.05415,1.1718,0.00605,0.0,0.0,0.00605
2018-07-05 22:00:00,2018-07-05 23:00,1.75158,0.0,0.82464,0.04966,0.87728,0.00383,0.0,0.0,0.00383
2018-07-05 23:00:00,2018-07-06 00:00,1.28732,0.0,0.64104,0.03981,0.60648,0.00104,0.0,0.0,0.00104
2018-07-06 00:00:00,2018-07-06 01:00,1.00923,0.0,0.45183,0.02177,0.53563,0.00032,0.0,0.0,0.00032
2018-07-06 01:00:00,2018-07-06 02:00,0.90475,0.0,0.38708,0.01906,0.4986,0.00035,0.0,0.0,0.00035
2018-07-06 02:00:00,2018-07-06 03:00,0.80416,0.00875,0.29244,0.01978,0.48318,0.00015,0.0,0.0,0.00015
2018-07-06 03:00:00,2018-07-06 04:00,0.76186,0.0,0.24757,0.02902,0.48527,0.00034,0.0,0.0,0.00034
2018-07-06 04:00:00,2018-07-06 05:00,0.74234,0.00507,0.19534,0.04617,0.49576,0.00279,0.0,0.0,0.00279
2018-07-06 05:00:00,2018-07-06 06:00,0.79534,0.00589,0.16122,0.07402,0.5542,0.00288,0.0,0.0,0.00288
2018-07-06 06:00:00,2018-07-06 07:00,0.94196,0.00317,0.19866,0.10399,0.63614,0.00342,0.0,0.0,0.00342
2018-07-06 07:00:00,2018-07-06 08:00,1.10731,0.00291,0.29563,0.1335,0.67526,0.00467,0.0,0.0,0.00467
2018-07-06 08:00:00,2018-07-06 09:00,1.18246,0.00143,0.40723,0.11006,0.66374,0.0029,0.0,0.0,0.0029
2018-07-06 09:00:00,2018-07-06 10:00,1.25435,0.00501,0.49615,0.09175,0.66144,0.00251,0.0,0.0,0.00251
2018-07-06 10:00:00,2018-07-06 11:00,1.37249,0.0083,0.60578,0.05553,0.70287,0.00273,0.0,0.0,0.00273
2018-07-06 11:00:00,2018-07-06 12:00,1.43466,0.0,0.69978,0.07426,0.66062,0.00271,0.0,0.0,0.00271
2018-07-06 12:00:00,2018-07-06 13:00,1.59065,0.00196,0.80509,0.08493,0.69867,0.00468,0.0,0.0,0.00468
2018-07-06 13:00:00,2018-07-06 14:00,1.64579,0.0,0.89921,0.06579,0.68078,0.00409,0.0,0.0,0.00409
2018-07-06 14:00:00,2018-07-06 15:00,1.7575,0.0,1.00394,0.07471,0.67884,0.00413,0.0,0.0,0.00413
2018-07-06 15:00:00,2018-07-06 16:00,1.93139,0.0,1.13983,0.09384,0.69772,0.00538,0.0,0.0,0.00538
2018-07-06 16:00:00,2018-07-06 17:00,2.15486,0.00045,1.27533,0.08066,0.79841,0.00631,0.0,0.0,0.00631
2018-07-06 17:00:00,2018-07-06 18:00,2.39032,0.0,1.37021,0.10238,0.91774,0.00739,0.0,0.0,0.00739
2018-07-06 18:00:00,2018-07-06 19:00,2.41623,0.0,1.33312,0.08945,0.99366,0.00623,0.0,0.0,0.00623
2018-07-06 19:00:00,2018-07-06 20:00,2.48437,0.0,1.29119,0.08067,1.11251,0.00518,0.0,0.0,0.00518
2018-07-06 20:00:00,2018-07-06 21:00,2.42729,0.00343,1.17973,0.05513,1.189,0.00482,0.0,0.0,0.00482
2018-07-06 21:00:00,2018-07-06 22:00,2.19755,0.0,0.99566,0.04615,1.15574,0.0045,0.0,0.0,0.0045
2018-07-06 22:00:00,2018-07-06 23:00,1.77941,0.0,0.81046,0.05464,0.91431,0.00344,0.0,0.0,0.00344
2018-07-06 23:00:00,2018-07-07 00:00,1.32024,0.0,0.64494,0.05132,0.62398,0.00174,0.0,0.0,0.00174
2018-07-07 00:00:00,2018-07-07 01:00,1.1452,0.0,0.59174,0.03509,0.51836,0.00036,0.0,0.0,0.00036
2018-07-07 01:00:00,2018-07-07 02:00,1.07323,0.0,0.54763,0.02389,0.50172,0.00089,0.0,0.0,0.00089
2018-07-07 02:00:00,2018-07-07 03:00,0.966,0.00808,0.44683,0.02254,0.48855,0.00015,0.0,0.0,0.00015
2018-07-07 03:00:00,2018-07-07 04:00,0.91524,0.0,0.398,0.02426,0.49298,0.00117,0.0,0.0,0.00117
2018-07-07 04:00:00,2018-07-07 05:00,0.86178,0.00495,0.33643,0.022,0.4984,0.0003,0.0,0.0,0.0003
2018-07-07 05:00:00,2018-07-07 06:00,0.84332,0.00552,0.29214,0.03265,0.51301,0.0004,0.0,0.0,0.0004
2018-07-07 06:00:00,2018-07-07 07:00,0.96692,0.00246,0.32631,0.04974,0.58841,0.00096,0.0,0.0,0.00096
2018-07-07 07:00:00,2018-07-07 08:00,1.16233,0.00104,0.42955,0.08933,0.6424,0.00545,0.0,0.0,0.00545
2018-07-07 08:00:00,2018-07-07 09:00,1.4019,0.0,0.56212,0.11626,0.72352,0.00844,0.0,0.0,0.00844
2018-07-07 09:00:00,2018-07-07 10:00,1.56603,0.00477,0.65563,0.10172,0.80391,0.00543,0.0,0.0,0.00543
2018-07-07 10:00:00,2018-07-07 11:00,1.66085,0.00787,0.75297,0.11616,0.78385,0.00327,0.0,0.0,0.00327
2018-07-07 11:00:00,2018-07-07 12:00,1.81385,0.0,0.85254,0.1131,0.8482,0.00492,0.0,0.0,0.00492
2018-07-07 12:00:00,2018-07-07 13:00,1.92537,0.00198,0.96308,0.0937,0.86661,0.00616,0.0,0.0,0.00616
2018-07-07 13:00:00,2018-07-07 14:00,1.99802,0.0,1.06384,0.09569,0.83849,0.00455,0.0,0.0,0.00455
2018-07-07 14:00:00,2018-07-07 15:00,2.17993,0.0,1.18687,0.10171,0.89135,0.00479,0.0,0.0,0.00479
2018-07-07 15:00:00,2018-07-07 16:00,2.25856,0.0,1.34387,0.09475,0.81994,0.0045,0.0,0.0,0.0045
2018-07-07 16:00:00,2018-07-07 17:00,2.49765,0.0,1.49183,0.09815,0.90768,0.00259,0.0,0.0,0.00259
2018-07-07 17:00:00,2018-07-07 18:00,2.68928,0.0,1.59056,0.10101,0.99772,0.00693,0.0,0.0,0.00693
2018-07-07 18:00:00,2018-07-07 19:00,2.7789,0.0,1.61178,0.08515,1.08197,0.00618,0.0,0.0,0.00618
2018-07-07 19:00:00,2018-07-07 20:00,2.7722,0.0,1.57676,0.07883,1.11661,0.00484,0.0,0.0,0.00484
2018-07-07 20:00:00,2018-07-07 21:00,2.72177,0.0,1.43205,0.06196,1.22775,0.00313,0.0,0.0,0.00313
2018-07-07 21:00:00,2018-07-07 22:00,2.45872,0.0,1.20495,0.06368,1.19009,0.00323,0.0,0.0,0.00323
2018-07-07 22:00:00,2018-07-07 23:00,1.97295,0.0,1.00567,0.04836,0.91893,0.00208,0.0,0.0,0.00208
2018-07-07 23:00:00,2018-07-08 00:00,1.52187,0.0,0.83644,0.04964,0.63579,0.00096,0.0,0.0,0.00096
2018-07-08 00:00:00,2018-07-08 01:00,1.30116,0.0,0.73603,0.03393,0.53119,0.0009,0.0,0.0,0.0009
2018-07-08 01:00:00,2018-07-08 02:00,1.19636,0.0,0.67003,0.02577,0.50056,0.00046,0.0,0.0,0.00046
2018-07-08 02:00:00,2018-07-08 03:00,1.08944,0.00728,0.56511,0.02743,0.48961,0.00055,0.0,0.0,0.00055
2018-07-08 03:00:00,2018-07-08 04:00,1.04012,0.0,0.51655,0.03562,0.48795,0.00046,0.0,0.0,0.00046
2018-07-08 04:00:00,2018-07-08 05:00,0.97522,0.00478,0.45554,0.02644,0.48846,0.0005,0.0,0.0,0.0005
2018-07-08 05:00:00,2018-07-08 06:00,0.96122,0.00456,0.40484,0.02396,0.52787,0.00098,0.0,0.0,0.00098
2018-07-08 06:00:00,2018-07-08 07:00,1.05666,0.00186,0.44528,0.05945,0.55007,0.00273,0.0,0.0,0.00273
2018-07-08 07:00:00,2018-07-08 08:00,1.31362,0.00062,0.56122,0.09416,0.65762,0.00567,0.0,0.0,0.00567
2018-07-08 08:00:00,2018-07-08 09:00,1.53384,0.0,0.68891,0.12022,0.72472,0.00437,0.0,0.0,0.00437
2018-07-08 09:00:00,2018-07-08 10:00,1.7338,0.00472,0.81148,0.09465,0.82295,0.00531,0.0,0.0,0.00531
2018-07-08 10:00:00,2018-07-08 11:00,1.87792,0.00645,0.95988,0.09109,0.82049,0.00554,0.0,0.0,0.00554
2018-07-08 11:00:00,2018-07-08 12:00,1.96696,0.0,1.0944,0.11071,0.76184,0.00435,0.0,0.0,0.00435
2018-07-08 12:00:00,2018-07-08 13:00,2.11714,0.00208,1.23093,0.09069,0.79344,0.00259,0.0,0.0,0.00259
2018-07-08 13:00:00,2018-07-08 14:00,2.26273,0.0,1.39498,0.07403,0.79372,0.0026,0.0,0.0,0.0026
2018-07-08 14:00:00,2018-07-08 15:00,2.52569,0.0,1.57524,0.09627,0.85418,0.00308,0.0,0.0,0.00308
2018-07-08 15:00:00,2018-07-08 16:00,2.67871,0.0,1.73268,0.10703,0.83899,0.00387,0.0,0.0,0.00387
2018-07-08 16:00:00,2018-07-08 17:00,2.85282,0.0,1.86136,0.09584,0.89562,0.00244,0.0,0.0,0.00244
2018-07-08 17:00:00,2018-07-08 18:00,3.00319,0.0,1.93625,0.07445,0.99249,0.00413,0.0,0.0,0.00413
2018-07-08 18:00:00,2018-07-08 19:00,3.1536,0.0,1.91962,0.08387,1.15011,0.00503,0.0,0.0,0.00503
2018-07-08 19:00:00,2018-07-08 20:00,3.11347,0.0,1.84758,0.0823,1.1836,0.00365,0.0,0.0,0.00365
2018-07-08 20:00:00,2018-07-08 21:00,3.02279,0.0,1.66788,0.07193,1.28298,0.00362,0.0,0.0,0.00362
2018-07-08 21:00:00,2018-07-08 22:00,2.75774,0.0,1.44292,0.05614,1.25869,0.0017,0.0,0.0,0.0017
2018-07-08 22:00:00,2018-07-08 23:00,2.21593,0.0,1.25307,0.04503,0.91782,0.0013,0.0,0.0,0.0013
2018-07-08 23:00:00,2018-07-09 00:00,1.73812,0.0,1.07106,0.03317,0.63389,0.00087,0.0,0.0,0.00087
2018-07-09 00:00:00,2018-07-09 01:00,1.5334,0.0,0.96159,0.03245,0.53936,0.00032,0.0,0.0,0.00032
2018-07-09 01:00:00,2018-07-09 02:00,1.41474,0.0,0.88394,0.02853,0.50226,0.00042,0.0,0.0,0.00042
2018-07-09 02:00:00,2018-07-09 03:00,1.27403,0.00582,0.76542,0.0165,0.48628,0.00045,0.0,0.0,0.00045
2018-07-09 03:00:00,2018-07-09 04:00,1.23636,0.0,0.71222,0.02799,0.49614,0.00013,0.0,0.0,0.00013
2018-07-09 04:00:00,2018-07-09 05:00,1.17196,0.00444,0.63781,0.03654,0.49318,0.00019,0.0,0.0,0.00019
2018-07-09 05:00:00,2018-07-09 06:00,1.17212,0.003,0.57822,0.06053,0.53037,0.00321,0.0,0.0,0.00321
2018-07-09 06:00:00,2018-07-09 07:00,1.30105,0.0011,0.59071,0.11881,0.59043,0.00421,0.0,0.0,0.00421
2018-07-09 07:00:00,2018-07-09 08:00,1.49003,0.00046,0.69794,0.10596,0.68566,0.00482,0.0,0.0,0.00482
2018-07-09 08:00:00,2018-07-09 09:00,1.6392,0.00148,0.79657,0.09038,0.75077,0.00536,0.0,0.0,0.00536
2018-07-09 09:00:00,2018-07-09 10:00,1.69286,0.00456,0.865,0.09213,0.73118,0.00432,0.0,0.0,0.00432
2018-07-09 10:00:00,2018-07-09 11:00,1.78271,0.00608,0.95941,0.0784,0.73883,0.00333,0.0,0.0,0.00333
2018-07-09 11:00:00,2018-07-09 12:00,1.85885,0.0,1.06774,0.06158,0.72953,0.0037,0.0,0.0,0.0037
2018-07-09 12:00:00,2018-07-09 13:00,2.04638,0.00206,1.23076,0.06747,0.74608,0.00218,0.0,0.0,0.00218
2018-07-09 13:00:00,2018-07-09 14:00,2.20958,0.0,1.37323,0.0876,0.74875,0.00332,0.0,0.0,0.00332
2018-07-09 14:00:00,2018-07-09 15:00,2.34707,0.0,1.51292,0.09748,0.73667,0.00409,0.0,0.0,0.00409
2018-07-09 15:00:00,2018-07-09 16:00,2.50341,0.0,1.6716,0.09432,0.73748,0.00269,0.0,0.0,0.00269
2018-07-09 16:00:00,2018-07-09 17:00,2.7755,0.0,1.81026,0.0846,0.88064,0.00407,0.0,0.0,0.00407
2018-07-09 17:00:00,2018-07-09 18:00,2.94565,0.0,1.91674,0.08683,0.94208,0.00468,0.0,0.0,0.00468
2018-07-09 18:00:00,2018-07-09 19:00,3.00684,0.0,1.92204,0.0724,1.0124,0.00502,0.0,0.0,0.00502
2018-07-09 19:00:00,2018-07-09 20:00,3.06136,0.0,1.86482,0.08904,1.1075,0.00485,0.0,0.0,0.00485
2018-07-09 20:00:00,2018-07-09 21:00,3.01226,0.00357,1.7038,0.08844,1.21646,0.00533,0.0,0.0,0.00533
2018-07-09 21:00:00,2018-07-09 22:00,2.60921,0.0,1.44715,0.05905,1.10301,0.00418,0.0,0.0,0.00418
2018-07-09 22:00:00,2018-07-09 23:00,2.01664,0.0,1.18841,0.04117,0.78706,0.00231,0.0,0.0,0.00231
2018-07-09 23:00:00,2018-07-10 00:00,1.586,0.0,0.95145,0.04875,0.58579,0.00127,0.0,0.0,0.00127
2018-07-10 00:00:00,2018-07-10 01:00,1.37131,0.0,0.8233,0.02894,0.51906,0.00032,0.0,0.0,0.00032
2018-07-10 01:00:00,2018-07-10 02:00,1.25924,0.0,0.72519,0.02631,0.50775,0.00029,0.0,0.0,0.00029
2018-07-10 02:00:00,2018-07-10 03:00,1.10283,0.00586,0.59256,0.01531,0.48909,0.00015,0.0,0.0,0.00015
2018-07-10 03:00:00,2018-07-10 04:00,1.0375,0.0,0.52533,0.02426,0.48792,0.00013,0.0,0.0,0.00013
2018-07-10 04:00:00,2018-07-10 05:00,0.96225,0.00445,0.44138,0.02805,0.48837,0.00027,0.0,0.0,0.00027
2018-07-10 05:00:00,2018-07-10 06:00,0.96947,0.00322,0.37611,0.06826,0.52187,0.00191,0.0,0.0,0.00191
2018-07-10 06:00:00,2018-07-10 07:00,1.14317,0.00168,0.37774,0.11765,0.6461,0.00426,0.0,0.0,0.00426
2018-07-10 07:00:00,2018-07-10 08:00,1.25225,0.00186,0.43331,0.12076,0.69631,0.00582,0.0,0.0,0.00582
2018-07-10 08:00:00,2018-07-10 09:00,1.27169,0.00167,0.44907,0.10551,0.71544,0.0036,0.0,0.0,0.0036
2018-07-10 09:00:00,2018-07-10 10:00,1.24013,0.00496,0.4096,0.10766,0.71791,0.00379,0.0,0.0,0.00379
2018-07-10 10:00:00,2018-07-10 11:00,1.13078,0.00923,0.39702,0.07529,0.64924,0.00223,0.0,0.0,0.00223
2018-07-10 11:00:00,2018-07-10 12:00,1.27835,0.0,0.44271,0.06753,0.76811,0.00364,0.0,0.0,0.00364
2018-07-10 12:00:00,2018-07-10 13:00,1.31096,0.00189,0.54156,0.08893,0.67858,0.00282,0.0,0.0,0.00282
2018-07-10 13:00:00,2018-07-10 14:00,1.44108,0.0,0.69457,0.08438,0.66213,0.00211,0.0,0.0,0.00211
2018-07-10 14:00:00,2018-07-10 15:00,1.62365,0.0,0.87415,0.09106,0.65844,0.0018,0.0,0.0,0.0018
2018-07-10 15:00:00,2018-07-10 16:00,1.98018,0.0,1.08521,0.09207,0.8029,0.00365,0.0,0.0,0.00365
2018-07-10 16:00:00,2018-07-10 17:00,2.26289,0.00062,1.29028,0.09433,0.87766,0.00251,0.0,0.0,0.00251
2018-07-10 17:00:00,2018-07-10 18:00,2.50392,0.0,1.48997,0.09669,0.91726,0.00498,0.0,0.0,0.00498
2018-07-10 18:00:00,2018-07-10 19:00,2.66113,0.0,1.54672,0.08653,1.02788,0.00345,0.0,0.0,0.00345
2018-07-10 19:00:00,2018-07-10 20:00,2.72687,0.0,1.53391,0.06052,1.13244,0.00288,0.0,0.0,0.00288
2018-07-10 20:00:00,2018-07-10 21:00,2.66439,0.00338,1.39908,0.06696,1.19496,0.00235,0.0,0.0,0.00235
2018-07-10 21:00:00,2018-07-10 22:00,2.34371,7e-05,1.1784,0.07509,1.09015,0.00276,0.0,0.0,0.00276
2018-07-10 22:00:00,2018-07-10 23:00,1.85178,0.0,0.98335,0.04677,0.82166,0.00101,0.0,0.0,0.00101
2018-07-10 23:00:00,2018-07-11 00:00,1.49786,0.0,0.83117,0.05067,0.61601,0.00164,0.0,0.0,0.00164
2018-07-11 00:00:00,2018-07-11 01:00,1.29583,0.0,0.73583,0.02343,0.53657,0.00046,0.0,0.0,0.00046
2018-07-11 01:00:00,2018-07-11 02:00,1.20227,0.0,0.66851,0.02409,0.50967,0.00018,0.0,0.0,0.00018
2018-07-11 02:00:00,2018-07-11 03:00,1.09649,0.00717,0.56415,0.02811,0.49706,0.00015,0.0,0.0,0.00015
2018-07-11 03:00:00,2018-07-11 04:00,1.03213,0.0,0.52071,0.02465,0.48677,0.00033,0.0,0.0,0.00033
2018-07-11 04:00:00,2018-07-11 05:00,0.98664,0.00461,0.45967,0.03656,0.4858,0.00148,0.0,0.0,0.00148
2018-07-11 05:00:00,2018-07-11 06:00,1.02789,0.00467,0.41465,0.06338,0.54519,0.00171,0.0,0.0,0.00171
2018-07-11 06:00:00,2018-07-11 07:00,1.23577,0.00208,0.43519,0.11608,0.68241,0.00277,0.0,0.0,0.00277
2018-07-11 07:00:00,2018-07-11 08:00,1.34093,0.00096,0.52689,0.11726,0.69582,0.00307,0.0,0.0,0.00307
2018-07-11 08:00:00,2018-07-11 09:00,1.41368,0.00146,0.62448,0.12139,0.66635,0.00523,0.0,0.0,0.00523
2018-07-11 09:00:00,2018-07-11 10:00,1.39592,0.00472,0.63125,0.08798,0.67196,0.00458,0.0,0.0,0.00458
2018-07-11 10:00:00,2018-07-11 11:00,1.46031,0.00757,0.68305,0.08465,0.68504,0.00194,0.0,0.0,0.00194
2018-07-11 11:00:00,2018-07-11 12:00,1.62772,0.0,0.8433,0.07366,0.71077,0.00291,0.0,0.0,0.00291
2018-07-11 12:00:00,2018-07-11 13:00,1.78167,0.00207,1.04279,0.07326,0.66356,0.00196,0.0,0.0,0.00196
2018-07-11 13:00:00,2018-07-11 14:00,1.96158,0.0,1.24119,0.07931,0.64108,0.00103,0.0,0.0,0.00103
2018-07-11 14:00:00,2018-07-11 15:00,2.22735,0.0,1.44345,0.09985,0.68404,0.00311,0.0,0.0,0.00311
2018-07-11 15:00:00,2018-07-11 16:00,2.41959,0.0,1.642,0.08589,0.69169,0.00375,0.0,0.0,0.00375
2018-07-11 16:00:00,2018-07-11 17:00,2.59417,0.0,1.74671,0.08761,0.75985,0.00614,0.0,0.0,0.00614
2018-07-11 17:00:00,2018-07-11 18:00,2.80698,0.0,1.78206,0.09318,0.93174,0.00655,0.0,0.0,0.00655
2018-07-11 18:00:00,2018-07-11 19:00,2.85649,0.0,1.72999,0.07944,1.04706,0.00549,0.0,0.0,0.00549
2018-07-11 19:00:00,2018-07-11 20:00,2.89871,0.0,1.72376,0.06394,1.11101,0.00533,0.0,0.0,0.00533
2018-07-11 20:00:00,2018-07-11 21:00,2.83938,0.00354,1.64381,0.06822,1.12381,0.00318,0.0,0.0,0.00318
2018-07-11 21:00:00,2018-07-11 22:00,2.62053,0.0,1.49074,0.05897,1.07081,0.00169,0.0,0.0,0.00169
2018-07-11 22:00:00,2018-07-11 23:00,2.18143,0.0,1.3389,0.04289,0.79964,0.00113,0.0,0.0,0.00113
2018-07-11 23:00:00,2018-07-12 00:00,1.81792,0.0,1.2083,0.01566,0.59396,0.00057,0.0,0.0,0.00057
2018-07-12 00:00:00,2018-07-12 01:00,1.66843,0.0,1.11854,0.02545,0.52445,0.00032,0.0,0.0,0.00032
2018-07-12 01:00:00,2018-07-12 02:00,1.60645,0.0,1.06866,0.02406,0.51374,0.00018,0.0,0.0,0.00018
2018-07-12 02:00:00,2018-07-12 03:00,1.48246,0.00375,0.96494,0.02731,0.48645,0.00015,0.0,0.0,0.00015
2018-07-12 03:00:00,2018-07-12 04:00,1.43803,0.0,0.90848,0.03518,0.49437,0.00013,0.0,0.0,0.00013
2018-07-12 04:00:00,2018-07-12 05:00,1.38537,0.00423,0.83611,0.04447,0.50057,0.00029,0.0,0.0,0.00029
2018-07-12 05:00:00,2018-07-12 06:00,1.41359,0.00282,0.77713,0.06376,0.56986,0.00145,0.0,0.0,0.00145
2018-07-12 06:00:00,2018-07-12 07:00,1.50591,0.00069,0.76442,0.09229,0.64851,0.00319,0.0,0.0,0.00319
2018-07-12 07:00:00,2018-07-12 08:00,1.58435,0.00037,0.75977,0.11918,0.70504,0.00306,0.0,0.0,0.00306
2018-07-12 08:00:00,2018-07-12 09:00,1.56202,0.00149,0.77462,0.09596,0.68996,0.00453,0.0,0.0,0.00453
2018-07-12 09:00:00,2018-07-12 10:00,1.55839,0.00475,0.7966,0.08311,0.67394,0.00499,0.0,0.0,0.00499
2018-07-12 10:00:00,2018-07-12 11:00,1.64223,0.00636,0.90034,0.07323,0.6623,0.00483,0.0,0.0,0.00483
2018-07-12 11:00:00,2018-07-12 12:00,1.74057,0.0,1.00084,0.06702,0.6727,0.00379,0.0,0.0,0.00379
2018-07-12 12:00:00,2018-07-12 13:00,1.90404,0.00208,1.1745,0.06801,0.65945,0.00529,0.0,0.0,0.00529
2018-07-12 13:00:00,2018-07-12 14:00,2.12895,0.0,1.40553,0.08281,0.64061,0.00614,0.0,0.0,0.00614
2018-07-12 14:00:00,2018-07-12 15:00,2.43309,0.0,1.65254,0.09092,0.68963,0.00288,0.0,0.0,0.00288
2018-07-12 15:00:00,2018-07-12 16:00,2.64955,0.0,1.85688,0.07814,0.71453,0.00175,0.0,0.0,0.00175
2018-07-12 16:00:00,2018-07-12 17:00,2.92001,0.0,1.97719,0.07946,0.86337,0.00485,0.0,0.0,0.00485
2018-07-12 17:00:00,2018-07-12 18:00,2.79729,0.0,1.76503,0.09254,0.93972,0.00678,0.0,0.0,0.00678
2018-07-12 18:00:00,2018-07-12 19:00,2.45331,0.0,1.36587,0.07858,1.00886,0.00509,0.0,0.0,0.00509
2018-07-12 19:00:00,2018-07-12 20:00,2.36841,0.0,1.18397,0.07025,1.11419,0.00353,0.0,0.0,0.00353
2018-07-12 20:00:00,2018-07-12 21:00,2.30852,0.00315,1.0958,0.06389,1.14567,0.00388,0.0,0.0,0.00388
2018-07-12 21:00:00,2018-07-12 22:00,2.212,0.0,1.00584,0.05865,1.14751,0.00356,0.0,0.0,0.00356
2018-07-12 22:00:00,2018-07-12 23:00,1.71093,0.0,0.87528,0.03617,0.79948,0.00292,0.0,0.0,0.00292
2018-07-12 23:00:00,2018-07-13 00:00,1.45646,0.0,0.75713,0.03386,0.66546,0.00101,0.0,0.0,0.00101
2018-07-13 00:00:00,2018-07-13 01:00,1.33552,0.0,0.70382,0.03223,0.59947,0.00055,0.0,0.0,0.00055
2018-07-13 01:00:00,2018-07-13 02:00,1.216,0.0,0.69059,0.02607,0.49934,0.00018,0.0,0.0,0.00018
2018-07-13 02:00:00,2018-07-13 03:00,1.13888,0.00725,0.60964,0.03525,0.48673,0.00015,0.0,0.0,0.00015
2018-07-13 03:00:00,2018-07-13 04:00,1.09348,0.0,0.57521,0.02345,0.49482,0.0003,0.0,0.0,0.0003
2018-07-13 04:00:00,2018-07-13 05:00,1.06696,0.00454,0.52464,0.04222,0.49556,0.00149,0.0,0.0,0.00149
2018-07-13 05:00:00,2018-07-13 06:00,1.06335,0.00313,0.48397,0.05182,0.52443,0.00154,0.0,0.0,0.00154
2018-07-13 06:00:00,2018-07-13 07:00,1.19198,0.00179,0.47213,0.10522,0.61284,0.00193,0.0,0.0,0.00193
2018-07-13 07:00:00,2018-07-13 08:00,1.27785,0.00099,0.48396,0.12417,0.66873,0.00441,0.0,0.0,0.00441
2018-07-13 08:00:00,2018-07-13 09:00,1.24426,0.0015,0.47853,0.10628,0.65795,0.00261,0.0,0.0,0.00261
2018-07-13 09:00:00,2018-07-13 10:00,1.17981,0.00489,0.42704,0.08616,0.66172,0.00246,0.0,0.0,0.00246
2018-07-13 10:00:00,2018-07-13 11:00,1.18586,0.00944,0.41632,0.07138,0.68873,0.00205,0.0,0.0,0.00205
2018-07-13 11:00:00,2018-07-13 12:00,1.22228,0.0,0.46214,0.06927,0.69087,0.00375,0.0,0.0,0.00375
2018-07-13 12:00:00,2018-07-13 13:00,1.30433,0.0019,0.57077,0.07566,0.656,0.00459,0.0,0.0,0.00459
2018-07-13 13:00:00,2018-07-13 14:00,1.41607,0.0,0.68817,0.08089,0.64702,0.00295,0.0,0.0,0.00295
2018-07-13 14:00:00,2018-07-13 15:00,1.51941,0.0,0.79999,0.0667,0.65272,0.00219,0.0,0.0,0.00219
2018-07-13 15:00:00,2018-07-13 16:00,1.68095,0.0,0.90543,0.08259,0.69293,0.00123,0.0,0.0,0.00123
2018-07-13 16:00:00,2018-07-13 17:00,1.98777,0.00066,1.07163,0.09193,0.82356,0.00516,0.0,0.0,0.00516
2018-07-13 17:00:00,2018-07-13 18:00,2.33304,0.0,1.28722,0.08797,0.95786,0.00699,0.0,0.0,0.00699
2018-07-13 18:00:00,2018-07-13 19:00,2.44032,0.0,1.39022,0.07166,0.97844,0.00646,0.0,0.0,0.00646
2018-07-13 19:00:00,2018-07-13 20:00,2.58116,0.0,1.44008,0.07181,1.06927,0.00353,0.0,0.0,0.00353
2018-07-13 20:00:00,2018-07-13 21:00,2.57972,0.00338,1.33855,0.07226,1.16553,0.00432,0.0,0.0,0.00432
2018-07-13 21:00:00,2018-07-13 22:00,2.23998,0.0,1.1203,0.06595,1.05373,0.00345,0.0,0.0,0.00345
2018-07-13 22:00:00,2018-07-13 23:00,1.80008,0.0,0.92739,0.05468,0.81801,0.00102,0.0,0.0,0.00102
2018-07-13 23:00:00,2018-07-14 00:00,1.39745,0.0,0.77115,0.03662,0.58968,0.00115,0.0,0.0,0.00115
2018-07-14 00:00:00,2018-07-14 01:00,1.25435,0.0,0.68331,0.02547,0.54557,0.0007,0.0,0.0,0.0007
2018-07-14 01:00:00,2018-07-14 02:00,1.18549,0.0,0.62891,0.02107,0.5355,0.00018,0.0,0.0,0.00018
2018-07-14 02:00:00,2018-07-14 03:00,1.04534,0.00757,0.51951,0.01873,0.49953,0.00024,0.0,0.0,0.00024
2018-07-14 03:00:00,2018-07-14 04:00,0.98851,0.0,0.46692,0.01976,0.50184,0.00035,0.0,0.0,0.00035
2018-07-14 04:00:00,2018-07-14 05:00,0.9389,0.0048,0.40123,0.031,0.50188,0.0007,0.0,0.0,0.0007
2018-07-14 05:00:00,2018-07-14 06:00,0.88698,0.00531,0.34887,0.03297,0.49983,0.00135,0.0,0.0,0.00135
2018-07-14 06:00:00,2018-07-14 07:00,0.99848,0.00232,0.38593,0.05356,0.55667,0.00245,0.0,0.0,0.00245
2018-07-14 07:00:00,2018-07-14 08:00,1.27038,0.00082,0.51001,0.08788,0.67166,0.00541,0.0,0.0,0.00541
2018-07-14 08:00:00,2018-07-14 09:00,1.54981,0.0,0.67478,0.0982,0.77683,0.00533,0.0,0.0,0.00533
2018-07-14 09:00:00,2018-07-14 10:00,1.77023,0.00472,0.83152,0.10471,0.82929,0.00438,0.0,0.0,0.00438
2018-07-14 10:00:00,2018-07-14 11:00,1.90354,0.00694,0.97875,0.11404,0.8038,0.00241,0.0,0.0,0.00241
2018-07-14 11:00:00,2018-07-14 12:00,2.0557,0.0,1.13102,0.08454,0.84014,0.00329,0.0,0.0,0.00329
2018-07-14 12:00:00,2018-07-14 13:00,2.26157,0.00209,1.30628,0.09676,0.85644,0.00444,0.0,0.0,0.00444
2018-07-14 13:00:00,2018-07-14 14:00,2.35256,0.0,1.45539,0.09249,0.80468,0.00533,0.0,0.0,0.00533
2018-07-14 14:00:00,2018-07-14 15:00,2.51299,0.0,1.57346,0.10139,0.83814,0.00421,0.0,0.0,0.00421
2018-07-14 15:00:00,2018-07-14 16:00,2.64542,0.0,1.69038,0.11398,0.84105,0.00342,0.0,0.0,0.00342
2018-07-14 16:00:00,2018-07-14 17:00,2.82088,0.0,1.80236,0.10017,0.91835,0.00463,0.0,0.0,0.00463
2018-07-14 17:00:00,2018-07-14 18:00,2.90388,0.0,1.85356,0.076,0.97432,0.0042,0.0,0.0,0.0042
2018-07-14 18:00:00,2018-07-14 19:00,2.98078,0.0,1.83396,0.0921,1.05472,0.00401,0.0,0.0,0.00401
2018-07-14 19:00:00,2018-07-14 20:00,3.08385,0.0,1.78439,0.09236,1.2071,0.00355,0.0,0.0,0.00355
2018-07-14 20:00:00,2018-07-14 21:00,2.92692,0.0,1.64268,0.05713,1.22711,0.00354,0.0,0.0,0.00354
2018-07-14 21:00:00,2018-07-14 22:00,2.61702,0.0,1.37969,0.05273,1.1846,0.0035,0.0,0.0,0.0035
2018-07-14 22:00:00,2018-07-14 23:00,2.0576,0.0,1.16089,0.04152,0.85519,0.00342,0.0,0.0,0.00342
2018-07-14 23:00:00,2018-07-15 00:00,1.68088,0.0,0.99062,0.03677,0.65349,0.00282,0.0,0.0,0.00282
2018-07-15 00:00:00,2018-07-15 01:00,1.43091,0.0,0.87439,0.03136,0.52517,0.00134,0.0,0.0,0.00134
2018-07-15 01:00:00,2018-07-15 02:00,1.32304,0.0,0.79019,0.02188,0.51097,0.00103,0.0,0.0,0.00103
2018-07-15 02:00:00,2018-07-15 03:00,1.20127,0.00628,0.66939,0.03012,0.49548,0.00043,0.0,0.0,0.00043
2018-07-15 03:00:00,2018-07-15 04:00,1.13241,0.0,0.61179,0.02609,0.49453,0.00013,0.0,0.0,0.00013
2018-07-15 04:00:00,2018-07-15 05:00,1.05086,0.00441,0.5382,0.021,0.48726,0.00017,0.0,0.0,0.00017
2018-07-15 05:00:00,2018-07-15 06:00,1.01793,0.00304,0.47785,0.02781,0.50923,0.00111,0.0,0.0,0.00111
2018-07-15 06:00:00,2018-07-15 07:00,1.09162,0.00135,0.49381,0.05084,0.54561,0.00158,0.0,0.0,0.00158
2018-07-15 07:00:00,2018-07-15 08:00,1.34716,0.00091,0.61608,0.09427,0.6359,0.00264,0.0,0.0,0.00264
2018-07-15 08:00:00,2018-07-15 09:00,1.66454,0.0,0.7988,0.11979,0.74595,0.0049,0.0,0.0,0.0049
2018-07-15 09:00:00,2018-07-15 10:00,1.89631,0.00469,0.97501,0.11139,0.80523,0.0082,0.0,0.0,0.0082
2018-07-15 10:00:00,2018-07-15 11:00,1.96915,0.00604,1.11079,0.09107,0.76124,0.00485,0.0,0.0,0.00485
2018-07-15 11:00:00,2018-07-15 12:00,2.09447,0.0,1.23587,0.10169,0.75691,0.00447,0.0,0.0,0.00447
2018-07-15 12:00:00,2018-07-15 13:00,2.25539,0.00208,1.37133,0.09809,0.78389,0.00585,0.0,0.0,0.00585
2018-07-15 13:00:00,2018-07-15 14:00,2.33364,0.0,1.48195,0.09794,0.75374,0.00287,0.0,0.0,0.00287
2018-07-15 14:00:00,2018-07-15 15:00,2.54502,0.0,1.59072,0.11053,0.84377,0.00318,0.0,0.0,0.00318
2018-07-15 15:00:00,2018-07-15 16:00,2.6562,0.0,1.71155,0.09361,0.85104,0.00531,0.0,0.0,0.00531
2018-07-15 16:00:00,2018-07-15 17:00,2.84049,0.0,1.78247,0.10822,0.94981,0.00477,0.0,0.0,0.00477
2018-07-15 17:00:00,2018-07-15 18:00,2.88801,0.0,1.79749,0.08134,1.00918,0.00774,0.0,0.0,0.00774
2018-07-15 18:00:00,2018-07-15 19:00,2.86387,0.0,1.72754,0.08191,1.05441,0.00812,0.0,0.0,0.00812
2018-07-15 19:00:00,2018-07-15 20:00,2.88595,0.0,1.61136,0.09029,1.1843,0.00354,0.0,0.0,0.00354
2018-07-15 20:00:00,2018-07-15 21:00,2.89508,0.0,1.45516,0.06498,1.37494,0.00216,0.0,0.0,0.00216
2018-07-15 21:00:00,2018-07-15 22:00,2.67195,0.0,1.25226,0.07345,1.34625,0.00205,0.0,0.0,0.00205
2018-07-15 22:00:00,2018-07-15 23:00,2.04061,0.0,1.05568,0.03772,0.94721,0.00179,0.0,0.0,0.00179
2018-07-15 23:00:00,2018-07-16 00:00,1.5858,0.0,0.88018,0.02761,0.67802,0.00046,0.0,0.0,0.00046
2018-07-16 00:00:00,2018-07-16 01:00,1.22978,0.0,0.66819,0.03068,0.53091,0.00032,0.0,0.0,0.00032
2018-07-16 01:00:00,2018-07-16 02:00,1.12847,0.0,0.57709,0.02278,0.5286,0.00018,0.0,0.0,0.00018
2018-07-16 02:00:00,2018-07-16 03:00,0.99502,0.00738,0.45581,0.03113,0.5007,0.00036,0.0,0.0,0.00036
2018-07-16 03:00:00,2018-07-16 04:00,0.91147,0.0,0.40002,0.02273,0.48872,0.00013,0.0,0.0,0.00013
2018-07-16 04:00:00,2018-07-16 05:00,0.85109,0.00463,0.32886,0.03078,0.48682,0.00041,0.0,0.0,0.00041
2018-07-16 05:00:00,2018-07-16 06:00,0.87449,0.00357,0.27679,0.06806,0.52607,0.00127,0.0,0.0,0.00127
2018-07-16 06:00:00,2018-07-16 07:00,1.05967,0.00167,0.31181,0.10615,0.64003,0.00269,0.0,0.0,0.00269
2018-07-16 07:00:00,2018-07-16 08:00,1.25722,0.00123,0.42247,0.11689,0.71663,0.00383,0.0,0.0,0.00383
2018-07-16 08:00:00,2018-07-16 09:00,1.39302,0.00167,0.56532,0.11236,0.71368,0.00355,0.0,0.0,0.00355
2018-07-16 09:00:00,2018-07-16 10:00,1.52811,0.00458,0.67595,0.10384,0.74373,0.00276,0.0,0.0,0.00276
2018-07-16 10:00:00,2018-07-16 11:00,1.5991,0.00687,0.81513,0.08867,0.68843,0.0038,0.0,0.0,0.0038
2018-07-16 11:00:00,2018-07-16 12:00,1.72261,0.0,0.94862,0.07975,0.69424,0.00193,0.0,0.0,0.00193
2018-07-16 12:00:00,2018-07-16 13:00,1.82694,0.00201,1.08123,0.06981,0.67389,0.00342,0.0,0.0,0.00342
2018-07-16 13:00:00,2018-07-16 14:00,1.96405,0.0,1.19858,0.08018,0.68529,0.00407,0.0,0.0,0.00407
2018-07-16 14:00:00,2018-07-16 15:00,2.10606,0.0,1.31493,0.0703,0.72084,0.0036,0.0,0.0,0.0036
2018-07-16 15:00:00,2018-07-16 16:00,2.2405,0.0,1.44191,0.08665,0.71194,0.00539,0.0,0.0,0.00539
2018-07-16 16:00:00,2018-07-16 17:00,2.45721,0.00011,1.56726,0.08506,0.80479,0.00616,0.0,0.0,0.00616
2018-07-16 17:00:00,2018-07-16 18:00,2.64383,0.0,1.65846,0.09002,0.89536,0.00413,0.0,0.0,0.00413
2018-07-16 18:00:00,2018-07-16 19:00,2.81432,0.0,1.64885,0.08319,1.08228,0.00356,0.0,0.0,0.00356
2018-07-16 19:00:00,2018-07-16 20:00,2.86985,0.0,1.60308,0.08233,1.18444,0.00441,0.0,0.0,0.00441
2018-07-16 20:00:00,2018-07-16 21:00,2.72167,0.00341,1.45908,0.06768,1.19151,0.00413,0.0,0.0,0.00413
2018-07-16 21:00:00,2018-07-16 22:00,2.44584,0.0,1.22906,0.06333,1.15346,0.00267,0.0,0.0,0.00267
2018-07-16 22:00:00,2018-07-16 23:00,1.89787,0.0,1.01578,0.0393,0.8428,0.00235,0.0,0.0,0.00235
2018-07-16 23:00:00,2018-07-17 00:00,1.45597,0.0,0.8312,0.03891,0.58587,0.00278,0.0,0.0,0.00278
2018-07-17 00:00:00,2018-07-17 01:00,1.31476,0.0,0.76252,0.0316,0.52064,0.00123,0.0,0.0,0.00123
2018-07-17 01:00:00,2018-07-17 02:00,1.21623,0.0,0.68692,0.02471,0.5046,0.00087,0.0,0.0,0.00087
2018-07-17 02:00:00,2018-07-17 03:00,1.09407,0.00724,0.56429,0.02834,0.4942,0.00018,0.0,0.0,0.00018
2018-07-17 03:00:00,2018-07-17 04:00,1.02718,0.0,0.50178,0.02437,0.50103,0.00026,0.0,0.0,0.00026
2018-07-17 04:00:00,2018-07-17 05:00,0.978,0.00459,0.41992,0.04515,0.50835,0.00116,0.0,0.0,0.00116
2018-07-17 05:00:00,2018-07-17 06:00,0.96833,0.00354,0.34886,0.07331,0.54263,0.00168,0.0,0.0,0.00168
2018-07-17 06:00:00,2018-07-17 07:00,1.1764,0.0022,0.37357,0.10703,0.69361,0.00399,0.0,0.0,0.00399
2018-07-17 07:00:00,2018-07-17 08:00,1.28445,0.00133,0.46494,0.11368,0.7045,0.00426,0.0,0.0,0.00426
2018-07-17 08:00:00,2018-07-17 09:00,1.42696,0.00174,0.56957,0.09774,0.75791,0.00486,0.0,0.0,0.00486
2018-07-17 09:00:00,2018-07-17 10:00,1.52579,0.00468,0.62707,0.10492,0.78912,0.00301,0.0,0.0,0.00301
2018-07-17 10:00:00,2018-07-17 11:00,1.54091,0.00752,0.70813,0.09728,0.72798,0.00311,0.0,0.0,0.00311
2018-07-17 11:00:00,2018-07-17 12:00,1.53725,0.0,0.77911,0.07193,0.68621,0.00503,0.0,0.0,0.00503
2018-07-17 12:00:00,2018-07-17 13:00,1.59584,0.00192,0.85435,0.07612,0.66346,0.00394,0.0,0.0,0.00394
2018-07-17 13:00:00,2018-07-17 14:00,1.66861,0.0,0.92173,0.08601,0.66087,0.00331,0.0,0.0,0.00331
2018-07-17 14:00:00,2018-07-17 15:00,1.84381,0.0,1.02646,0.0945,0.72285,0.00284,0.0,0.0,0.00284
2018-07-17 15:00:00,2018-07-17 16:00,2.02281,0.0,1.17439,0.09035,0.75807,0.0027,0.0,0.0,0.0027
2018-07-17 16:00:00,2018-07-17 17:00,2.23267,0.0004,1.31554,0.0775,0.83924,0.00834,0.0,0.0,0.00834
2018-07-17 17:00:00,2018-07-17 18:00,2.44674,0.0,1.44578,0.08701,0.91396,0.00681,0.0,0.0,0.00681
2018-07-17 18:00:00,2018-07-17 19:00,2.6107,0.0,1.48745,0.07882,1.04443,0.00733,0.0,0.0,0.00733
2018-07-17 19:00:00,2018-07-17 20:00,2.6733,0.0,1.45736,0.09262,1.12332,0.00623,0.0,0.0,0.00623
2018-07-17 20:00:00,2018-07-17 21:00,2.56485,0.00325,1.31646,0.06759,1.17755,0.00377,0.0,0.0,0.00377
2018-07-17 21:00:00,2018-07-17 22:00,2.24053,0.0,1.09208,0.05022,1.09824,0.00161,0.0,0.0,0.00161
2018-07-17 22:00:00,2018-07-17 23:00,1.75773,0.0,0.89365,0.04484,0.81924,0.002,0.0,0.0,0.002
2018-07-17 23:00:00,2018-07-18 00:00,1.3654,0.0,0.72342,0.02489,0.61709,0.00168,0.0,0.0,0.00168
2018-07-18 00:00:00,2018-07-18 01:00,1.08659,0.0,0.53789,0.02052,0.52818,0.00032,0.0,0.0,0.00032
2018-07-18 01:00:00,2018-07-18 02:00,0.98078,0.0,0.45858,0.02321,0.49899,0.00018,0.0,0.0,0.00018
2018-07-18 02:00:00,2018-07-18 03:00,0.87171,0.00796,0.35291,0.02585,0.48498,0.00059,0.0,0.0,0.00059
2018-07-18 03:00:00,2018-07-18 04:00,0.83203,0.0,0.30625,0.03783,0.48795,0.00034,0.0,0.0,0.00034
2018-07-18 04:00:00,2018-07-18 05:00,0.79356,0.00489,0.24718,0.0361,0.50539,0.00041,0.0,0.0,0.00041
2018-07-18 05:00:00,2018-07-18 06:00,0.80346,0.00559,0.1999,0.0633,0.53467,0.00173,0.0,0.0,0.00173
2018-07-18 06:00:00,2018-07-18 07:00,0.93913,0.00254,0.22892,0.10086,0.60681,0.00304,0.0,0.0,0.00304
2018-07-18 07:00:00,2018-07-18 08:00,1.15376,0.00283,0.32761,0.13437,0.68894,0.0046,0.0,0.0,0.0046
2018-07-18 08:00:00,2018-07-18 09:00,1.25772,0.00194,0.44721,0.11216,0.69641,0.00349,0.0,0.0,0.00349
2018-07-18 09:00:00,2018-07-18 10:00,1.39182,0.00474,0.55478,0.09194,0.74036,0.00407,0.0,0.0,0.00407
2018-07-18 10:00:00,2018-07-18 11:00,1.45151,0.00732,0.68832,0.06457,0.6913,0.00239,0.0,0.0,0.00239
2018-07-18 11:00:00,2018-07-18 12:00,1.55291,0.0,0.81889,0.06308,0.67095,0.00287,0.0,0.0,0.00287
2018-07-18 12:00:00,2018-07-18 13:00,1.70962,0.002,0.95218,0.09191,0.66354,0.00296,0.0,0.0,0.00296
2018-07-18 13:00:00,2018-07-18 14:00,1.8267,0.0,1.06617,0.08186,0.67867,0.00208,0.0,0.0,0.00208
2018-07-18 14:00:00,2018-07-18 15:00,2.03004,0.0,1.18652,0.08374,0.75978,0.00311,0.0,0.0,0.00311
2018-07-18 15:00:00,2018-07-18 16:00,2.07449,0.0,1.26795,0.08368,0.72286,0.00364,0.0,0.0,0.00364
2018-07-18 16:00:00,2018-07-18 17:00,2.27349,0.00027,1.32846,0.10484,0.83993,0.00473,0.0,0.0,0.00473
2018-07-18 17:00:00,2018-07-18 18:00,2.38469,0.0,1.39749,0.09952,0.88768,0.00601,0.0,0.0,0.00601
2018-07-18 18:00:00,2018-07-18 19:00,2.52548,0.0,1.40604,0.08627,1.03317,0.00431,0.0,0.0,0.00431
2018-07-18 19:00:00,2018-07-18 20:00,2.61448,0.0,1.37562,0.07492,1.16394,0.00587,0.0,0.0,0.00587
2018-07-18 20:00:00,2018-07-18 21:00,2.48511,0.00327,1.23809,0.07377,1.16997,0.00516,0.0,0.0,0.00516
2018-07-18 21:00:00,2018-07-18 22:00,2.19496,0.0,1.05464,0.06158,1.07875,0.00446,0.0,0.0,0.00446
2018-07-18 22:00:00,2018-07-18 23:00,1.74988,0.0,0.87999,0.06045,0.80944,0.00096,0.0,0.0,0.00096
2018-07-18 23:00:00,2018-07-19 00:00,1.35435,0.0,0.72991,0.03347,0.59097,0.00254,0.0,0.0,0.00254
2018-07-19 00:00:00,2018-07-19 01:00,1.25426,0.0,0.68827,0.01794,0.54804,0.00134,0.0,0.0,0.00134
2018-07-19 01:00:00,2018-07-19 02:00,1.16565,0.0,0.63613,0.01956,0.50995,0.00035,0.0,0.0,0.00035
2018-07-19 02:00:00,2018-07-19 03:00,1.05288,0.00726,0.53996,0.01876,0.48689,0.00038,0.0,0.0,0.00038
2018-07-19 03:00:00,2018-07-19 04:00,1.01453,0.0,0.50045,0.02519,0.48888,0.00028,0.0,0.0,0.00028
2018-07-19 04:00:00,2018-07-19 05:00,0.99747,0.00469,0.44637,0.03529,0.51112,0.00059,0.0,0.0,0.00059
2018-07-19 05:00:00,2018-07-19 06:00,1.08658,0.00512,0.39936,0.07676,0.60534,0.00112,0.0,0.0,0.00112
2018-07-19 06:00:00,2018-07-19 07:00,1.19844,0.00183,0.40508,0.12209,0.66944,0.00289,0.0,0.0,0.00289
2018-07-19 07:00:00,2018-07-19 08:00,1.2824,0.00102,0.45567,0.11798,0.70773,0.00284,0.0,0.0,0.00284
2018-07-19 08:00:00,2018-07-19 09:00,1.26951,0.00204,0.4997,0.08554,0.68223,0.00321,0.0,0.0,0.00321
2018-07-19 09:00:00,2018-07-19 10:00,1.28201,0.00462,0.47068,0.11003,0.69668,0.00338,0.0,0.0,0.00338
2018-07-19 10:00:00,2018-07-19 11:00,1.3114,0.00845,0.46867,0.09898,0.7353,0.00389,0.0,0.0,0.00389
2018-07-19 11:00:00,2018-07-19 12:00,1.25093,0.0,0.44404,0.09519,0.7117,0.00437,0.0,0.0,0.00437
2018-07-19 12:00:00,2018-07-19 13:00,1.20296,0.00183,0.45267,0.06776,0.68069,0.005,0.0,0.0,0.005
2018-07-19 13:00:00,2018-07-19 14:00,1.28553,0.0,0.46887,0.07989,0.73677,0.00309,0.0,0.0,0.00309
2018-07-19 14:00:00,2018-07-19 15:00,1.26037,0.0,0.4674,0.08332,0.70965,0.00289,0.0,0.0,0.00289
2018-07-19 15:00:00,2018-07-19 16:00,1.30661,0.0,0.45356,0.082,0.77106,0.00337,0.0,0.0,0.00337
2018-07-19 16:00:00,2018-07-19 17:00,1.36082,0.00121,0.46439,0.08,0.81522,0.00901,0.0,0.0,0.00901
2018-07-19 17:00:00,2018-07-19 18:00,1.54343,0.0,0.51023,0.07905,0.95415,0.00998,0.0,0.0,0.00998
2018-07-19 18:00:00,2018-07-19 19:00,1.58843,0.0,0.46609,0.09023,1.03211,0.00438,0.0,0.0,0.00438
2018-07-19 19:00:00,2018-07-19 20:00,1.65293,0.0,0.47095,0.08761,1.09437,0.00308,0.0,0.0,0.00308
2018-07-19 20:00:00,2018-07-19 21:00,1.69549,0.00521,0.46952,0.06381,1.15695,0.0029,0.0,0.0,0.0029
2018-07-19 21:00:00,2018-07-19 22:00,1.55087,0.00061,0.41955,0.05058,1.08013,0.00295,0.0,0.0,0.00295
2018-07-19 22:00:00,2018-07-19 23:00,1.31328,0.0,0.35705,0.05095,0.90529,0.00202,0.0,0.0,0.00202
2018-07-19 23:00:00,2018-07-20 00:00,1.02068,0.0,0.30341,0.03149,0.68578,0.00138,0.0,0.0,0.00138
2018-07-20 00:00:00,2018-07-20 01:00,0.94324,0.0,0.29479,0.02626,0.62218,0.00081,0.0,0.0,0.00081
2018-07-20 01:00:00,2018-07-20 02:00,0.84731,0.00019,0.29197,0.02371,0.53144,0.00137,0.0,0.0,0.00137
2018-07-20 02:00:00,2018-07-20 03:00,0.76557,0.01019,0.23718,0.01991,0.49829,0.00124,0.0,0.0,0.00124
2018-07-20 03:00:00,2018-07-20 04:00,0.74073,0.0006,0.22836,0.02617,0.48561,0.00028,0.0,0.0,0.00028
2018-07-20 04:00:00,2018-07-20 05:00,0.74977,0.00626,0.20405,0.03984,0.49963,0.00036,0.0,0.0,0.00036
2018-07-20 05:00:00,2018-07-20 06:00,0.79529,0.00667,0.18446,0.06169,0.54248,0.00224,0.0,0.0,0.00224
2018-07-20 06:00:00,2018-07-20 07:00,0.93605,0.00464,0.18708,0.107,0.63733,0.00364,0.0,0.0,0.00364
2018-07-20 07:00:00,2018-07-20 08:00,1.04059,0.00371,0.20047,0.12227,0.71414,0.00324,0.0,0.0,0.00324
2018-07-20 08:00:00,2018-07-20 09:00,1.06539,0.00424,0.21947,0.1133,0.72838,0.00317,0.0,0.0,0.00317
2018-07-20 09:00:00,2018-07-20 10:00,0.99714,0.01151,0.20497,0.06997,0.71069,0.00159,0.0,0.0,0.00159
2018-07-20 10:00:00,2018-07-20 11:00,1.04972,0.01104,0.24215,0.07522,0.72132,0.00154,0.0,0.0,0.00154
2018-07-20 11:00:00,2018-07-20 12:00,1.12931,0.00012,0.31884,0.08555,0.7248,0.00222,0.0,0.0,0.00222
2018-07-20 12:00:00,2018-07-20 13:00,1.25924,0.00186,0.42691,0.07701,0.75345,0.0043,0.0,0.0,0.0043
2018-07-20 13:00:00,2018-07-20 14:00,1.40272,0.0,0.5762,0.08774,0.73878,0.00335,0.0,0.0,0.00335
2018-07-20 14:00:00,2018-07-20 15:00,1.57434,0.0,0.72903,0.09511,0.7502,0.00349,0.0,0.0,0.00349
2018-07-20 15:00:00,2018-07-20 16:00,1.67624,0.0,0.8453,0.08029,0.75066,0.00414,0.0,0.0,0.00414
2018-07-20 16:00:00,2018-07-20 17:00,1.8483,0.00059,0.92154,0.07804,0.84814,0.00762,0.0,0.0,0.00762
2018-07-20 17:00:00,2018-07-20 18:00,1.94999,0.0,0.9708,0.07983,0.89935,0.00699,0.0,0.0,0.00699
2018-07-20 18:00:00,2018-07-20 19:00,1.85281,0.0,0.7766,0.0823,0.99391,0.00405,0.0,0.0,0.00405
2018-07-20 19:00:00,2018-07-20 20:00,1.8991,0.0,0.68254,0.07581,1.14075,0.00219,0.0,0.0,0.00219
2018-07-20 20:00:00,2018-07-20 21:00,1.91311,0.00456,0.64548,0.07153,1.19153,0.00238,0.0,0.0,0.00238
2018-07-20 21:00:00,2018-07-20 22:00,1.834,0.00053,0.57023,0.06626,1.19698,0.0029,0.0,0.0,0.0029
2018-07-20 22:00:00,2018-07-20 23:00,1.37851,0.0,0.46944,0.05052,0.85855,0.00253,0.0,0.0,0.00253
2018-07-20 23:00:00,2018-07-21 00:00,1.02882,0.0,0.38044,0.03151,0.61688,0.00068,0.0,0.0,0.00068
2018-07-21 00:00:00,2018-07-21 01:00,0.91504,0.0,0.35075,0.03832,0.52596,0.00039,0.0,0.0,0.00039
2018-07-21 01:00:00,2018-07-21 02:00,0.86387,0.00012,0.33443,0.02197,0.50734,0.00018,0.0,0.0,0.00018
2018-07-21 02:00:00,2018-07-21 03:00,0.78025,0.00979,0.26558,0.01835,0.48653,0.00015,0.0,0.0,0.00015
2018-07-21 03:00:00,2018-07-21 04:00,0.75651,0.00033,0.23878,0.02037,0.49702,0.00013,0.0,0.0,0.00013
2018-07-21 04:00:00,2018-07-21 05:00,0.71447,0.00604,0.20038,0.02186,0.48618,0.00017,0.0,0.0,0.00017
2018-07-21 05:00:00,2018-07-21 06:00,0.71633,0.00703,0.17241,0.04238,0.49451,0.00109,0.0,0.0,0.00109
2018-07-21 06:00:00,2018-07-21 07:00,0.76529,0.0044,0.18345,0.04451,0.53293,0.00115,0.0,0.0,0.00115
2018-07-21 07:00:00,2018-07-21 08:00,0.98634,0.00242,0.25716,0.07075,0.656,0.00241,0.0,0.0,0.00241
2018-07-21 08:00:00,2018-07-21 09:00,1.28279,0.00073,0.37465,0.11353,0.79388,0.00424,0.0,0.0,0.00424
2018-07-21 09:00:00,2018-07-21 10:00,1.42179,0.00951,0.47877,0.10173,0.83178,0.00466,0.0,0.0,0.00466
2018-07-21 10:00:00,2018-07-21 11:00,1.58648,0.00894,0.6003,0.09657,0.88067,0.00557,0.0,0.0,0.00557
2018-07-21 11:00:00,2018-07-21 12:00,1.66116,0.0,0.71915,0.09701,0.845,0.00667,0.0,0.0,0.00667
2018-07-21 12:00:00,2018-07-21 13:00,1.72138,0.00195,0.8258,0.07419,0.81945,0.00451,0.0,0.0,0.00451
2018-07-21 13:00:00,2018-07-21 14:00,1.86454,0.0,0.95461,0.1002,0.80973,0.00148,0.0,0.0,0.00148
2018-07-21 14:00:00,2018-07-21 15:00,1.94119,0.0,1.07445,0.09755,0.76919,0.00167,0.0,0.0,0.00167
2018-07-21 15:00:00,2018-07-21 16:00,2.13473,0.0,1.22125,0.08097,0.8325,0.00383,0.0,0.0,0.00383
2018-07-21 16:00:00,2018-07-21 17:00,2.42218,0.0,1.35204,0.11322,0.95692,0.00396,0.0,0.0,0.00396
2018-07-21 17:00:00,2018-07-21 18:00,2.59308,0.0,1.45358,0.08567,1.05383,0.00669,0.0,0.0,0.00669
2018-07-21 18:00:00,2018-07-21 19:00,2.6344,0.0,1.47153,0.08403,1.07883,0.00599,0.0,0.0,0.00599
2018-07-21 19:00:00,2018-07-21 20:00,2.64727,0.0,1.43076,0.0785,1.13801,0.00398,0.0,0.0,0.00398
2018-07-21 20:00:00,2018-07-21 21:00,2.61002,0.0,1.28508,0.05548,1.26946,0.00279,0.0,0.0,0.00279
2018-07-21 21:00:00,2018-07-21 22:00,2.42857,0.0,1.08093,0.04901,1.29863,0.00362,0.0,0.0,0.00362
2018-07-21 22:00:00,2018-07-21 23:00,1.86804,0.0,0.90913,0.05456,0.90435,0.00396,0.0,0.0,0.00396
2018-07-21 23:00:00,2018-07-22 00:00,1.4536,0.0,0.7535,0.04256,0.65754,0.00165,0.0,0.0,0.00165
2018-07-22 00:00:00,2018-07-22 01:00,1.20132,0.0,0.65021,0.02587,0.52524,0.00032,0.0,0.0,0.00032
2018-07-22 01:00:00,2018-07-22 02:00,1.10208,0.0,0.57842,0.02366,0.5,0.00018,0.0,0.0,0.00018
2018-07-22 02:00:00,2018-07-22 03:00,0.98581,0.00798,0.46353,0.0228,0.4915,0.00015,0.0,0.0,0.00015
2018-07-22 03:00:00,2018-07-22 04:00,0.92739,0.0,0.40709,0.02776,0.49255,0.00033,0.0,0.0,0.00033
2018-07-22 04:00:00,2018-07-22 05:00,0.88308,0.00497,0.34086,0.03088,0.50637,0.00113,0.0,0.0,0.00113
2018-07-22 05:00:00,2018-07-22 06:00,0.85915,0.00568,0.2816,0.0293,0.54257,0.00096,0.0,0.0,0.00096
2018-07-22 06:00:00,2018-07-22 07:00,0.90806,0.00262,0.28278,0.05598,0.56667,0.00092,0.0,0.0,0.00092
2018-07-22 07:00:00,2018-07-22 08:00,1.04215,0.00098,0.31345,0.08693,0.64079,0.00209,0.0,0.0,0.00209
2018-07-22 08:00:00,2018-07-22 09:00,1.21765,0.00076,0.333,0.13021,0.75369,0.00499,0.0,0.0,0.00499
2018-07-22 09:00:00,2018-07-22 10:00,1.3643,0.00543,0.40841,0.09217,0.85828,0.00509,0.0,0.0,0.00509
2018-07-22 10:00:00,2018-07-22 11:00,1.42151,0.00961,0.50779,0.11536,0.78873,0.00277,0.0,0.0,0.00277
2018-07-22 11:00:00,2018-07-22 12:00,1.47781,0.0,0.60674,0.10697,0.7641,0.0035,0.0,0.0,0.0035
2018-07-22 12:00:00,2018-07-22 13:00,1.598,0.00189,0.72135,0.07055,0.80421,0.00632,0.0,0.0,0.00632
2018-07-22 13:00:00,2018-07-22 14:00,1.70907,0.0,0.85095,0.09399,0.76413,0.00359,0.0,0.0,0.00359
2018-07-22 14:00:00,2018-07-22 15:00,1.85341,0.0,0.99392,0.11195,0.74754,0.00264,0.0,0.0,0.00264
2018-07-22 15:00:00,2018-07-22 16:00,2.08549,0.0,1.16072,0.09798,0.82679,0.00378,0.0,0.0,0.00378
2018-07-22 16:00:00,2018-07-22 17:00,2.30994,0.0,1.32355,0.08829,0.89811,0.00491,0.0,0.0,0.00491
2018-07-22 17:00:00,2018-07-22 18:00,2.45791,0.0,1.44793,0.0731,0.93688,0.00415,0.0,0.0,0.00415
2018-07-22 18:00:00,2018-07-22 19:00,2.56461,0.0,1.47371,0.08785,1.00306,0.00529,0.0,0.0,0.00529
2018-07-22 19:00:00,2018-07-22 20:00,2.69989,0.0,1.43609,0.07691,1.18689,0.00415,0.0,0.0,0.00415
2018-07-22 20:00:00,2018-07-22 21:00,2.68537,0.0,1.28096,0.07784,1.32657,0.00341,0.0,0.0,0.00341
2018-07-22 21:00:00,2018-07-22 22:00,2.31877,0.0,1.06898,0.06687,1.18292,0.00296,0.0,0.0,0.00296
2018-07-22 22:00:00,2018-07-22 23:00,1.8035,0.0,0.89229,0.04105,0.87016,0.00349,0.0,0.0,0.00349
2018-07-22 23:00:00,2018-07-23 00:00,1.39772,0.0,0.7222,0.03799,0.63752,0.00123,0.0,0.0,0.00123
2018-07-23 00:00:00,2018-07-23 01:00,1.18076,0.0,0.61417,0.02795,0.53865,0.00036,0.0,0.0,0.00036
2018-07-23 01:00:00,2018-07-23 02:00,1.08116,0.0,0.54996,0.0183,0.5129,0.00035,0.0,0.0,0.00035
2018-07-23 02:00:00,2018-07-23 03:00,0.97734,0.00805,0.44443,0.02416,0.50071,0.00066,0.0,0.0,0.00066
2018-07-23 03:00:00,2018-07-23 04:00,0.89744,0.0,0.38497,0.01848,0.49399,0.00052,0.0,0.0,0.00052
2018-07-23 04:00:00,2018-07-23 05:00,0.87523,0.00494,0.3149,0.04382,0.51157,0.0012,0.0,0.0,0.0012
2018-07-23 05:00:00,2018-07-23 06:00,0.90008,0.0056,0.26891,0.07759,0.54797,0.00169,0.0,0.0,0.00169
2018-07-23 06:00:00,2018-07-23 07:00,1.02433,0.0026,0.28083,0.12166,0.61924,0.003,0.0,0.0,0.003
2018-07-23 07:00:00,2018-07-23 08:00,1.1515,0.00193,0.34042,0.12116,0.688,0.00442,0.0,0.0,0.00442
2018-07-23 08:00:00,2018-07-23 09:00,1.19157,0.00199,0.42329,0.10581,0.66048,0.00366,0.0,0.0,0.00366
2018-07-23 09:00:00,2018-07-23 10:00,1.3219,0.00486,0.5111,0.09218,0.71377,0.00504,0.0,0.0,0.00504
2018-07-23 10:00:00,2018-07-23 11:00,1.4515,0.00803,0.64898,0.07478,0.71971,0.0037,0.0,0.0,0.0037
2018-07-23 11:00:00,2018-07-23 12:00,1.54718,0.0,0.79937,0.07284,0.67498,0.00276,0.0,0.0,0.00276
2018-07-23 12:00:00,2018-07-23 13:00,1.65581,0.002,0.92181,0.07653,0.65547,0.00298,0.0,0.0,0.00298
2018-07-23 13:00:00,2018-07-23 14:00,1.67073,0.0,0.96787,0.07332,0.62953,0.00178,0.0,0.0,0.00178
2018-07-23 14:00:00,2018-07-23 15:00,1.7787,0.0,1.03601,0.08112,0.66158,0.0021,0.0,0.0,0.0021
2018-07-23 15:00:00,2018-07-23 16:00,1.92251,0.0,1.1299,0.08159,0.71102,0.00248,0.0,0.0,0.00248
2018-07-23 16:00:00,2018-07-23 17:00,2.19056,0.00032,1.28287,0.09226,0.8151,0.0052,0.0,0.0,0.0052
2018-07-23 17:00:00,2018-07-23 18:00,2.44796,0.0,1.45913,0.07185,0.91698,0.00521,0.0,0.0,0.00521
2018-07-23 18:00:00,2018-07-23 19:00,2.61429,0.0,1.52295,0.08904,1.00231,0.00603,0.0,0.0,0.00603
2018-07-23 19:00:00,2018-07-23 20:00,2.65075,0.0,1.50909,0.0857,1.05596,0.00342,0.0,0.0,0.00342
2018-07-23 20:00:00,2018-07-23 21:00,2.55929,0.00341,1.3498,0.07898,1.12711,0.00339,0.0,0.0,0.00339
2018-07-23 21:00:00,2018-07-23 22:00,2.29309,3e-05,1.11169,0.0538,1.12758,0.00218,0.0,0.0,0.00218
2018-07-23 22:00:00,2018-07-23 23:00,1.79464,0.0,0.88013,0.05959,0.85492,0.00136,0.0,0.0,0.00136
2018-07-23 23:00:00,2018-07-24 00:00,1.36333,0.0,0.69336,0.04094,0.62902,0.00113,0.0,0.0,0.00113
2018-07-24 00:00:00,2018-07-24 01:00,1.23206,0.0,0.66248,0.02495,0.54463,0.00066,0.0,0.0,0.00066
2018-07-24 01:00:00,2018-07-24 02:00,1.12852,0.0,0.60509,0.02494,0.49849,0.00018,0.0,0.0,0.00018
2018-07-24 02:00:00,2018-07-24 03:00,1.01576,0.00777,0.49107,0.02839,0.48854,0.00015,0.0,0.0,0.00015
2018-07-24 03:00:00,2018-07-24 04:00,0.94896,0.0,0.42952,0.02361,0.49584,0.00038,0.0,0.0,0.00038
2018-07-24 04:00:00,2018-07-24 05:00,0.88965,0.00482,0.35877,0.03303,0.49302,0.00102,0.0,0.0,0.00102
2018-07-24 05:00:00,2018-07-24 06:00,0.89599,0.00548,0.2962,0.07373,0.52059,0.00099,0.0,0.0,0.00099
2018-07-24 06:00:00,2018-07-24 07:00,1.06528,0.00244,0.3241,0.09511,0.64363,0.00309,0.0,0.0,0.00309
2018-07-24 07:00:00,2018-07-24 08:00,1.19959,0.00122,0.42454,0.10237,0.67146,0.00343,0.0,0.0,0.00343
2018-07-24 08:00:00,2018-07-24 09:00,1.40641,0.00187,0.55538,0.10621,0.74295,0.0036,0.0,0.0,0.0036
2018-07-24 09:00:00,2018-07-24 10:00,1.51128,0.00477,0.63403,0.10278,0.76971,0.00376,0.0,0.0,0.00376
2018-07-24 10:00:00,2018-07-24 11:00,1.54922,0.0069,0.74536,0.06697,0.72998,0.0037,0.0,0.0,0.0037
2018-07-24 11:00:00,2018-07-24 12:00,1.69253,0.0,0.85966,0.07784,0.75502,0.00346,0.0,0.0,0.00346
2018-07-24 12:00:00,2018-07-24 13:00,1.85353,0.002,0.9714,0.08458,0.79556,0.00238,0.0,0.0,0.00238
2018-07-24 13:00:00,2018-07-24 14:00,1.88768,0.0,1.08034,0.08721,0.72013,0.00264,0.0,0.0,0.00264
2018-07-24 14:00:00,2018-07-24 15:00,1.99659,0.0,1.20392,0.10725,0.68542,0.00448,0.0,0.0,0.00448
2018-07-24 15:00:00,2018-07-24 16:00,2.14636,0.0,1.33941,0.09107,0.71588,0.0038,0.0,0.0,0.0038
2018-07-24 16:00:00,2018-07-24 17:00,2.43814,0.00016,1.4671,0.09223,0.87865,0.0036,0.0,0.0,0.0036
2018-07-24 17:00:00,2018-07-24 18:00,2.63489,0.0,1.58576,0.07103,0.97809,0.00529,0.0,0.0,0.00529
2018-07-24 18:00:00,2018-07-24 19:00,2.77227,0.0,1.58123,0.10214,1.0889,0.00418,0.0,0.0,0.00418
2018-07-24 19:00:00,2018-07-24 20:00,2.73488,0.0,1.51336,0.07362,1.14791,0.0039,0.0,0.0,0.0039
2018-07-24 20:00:00,2018-07-24 21:00,2.60362,0.00338,1.33466,0.05559,1.20999,0.00524,0.0,0.0,0.00524
2018-07-24 21:00:00,2018-07-24 22:00,2.34527,0.0,1.11401,0.0698,1.16146,0.00194,0.0,0.0,0.00194
2018-07-24 22:00:00,2018-07-24 23:00,1.8179,0.0,0.9255,0.03215,0.86025,0.00362,0.0,0.0,0.00362
2018-07-24 23:00:00,2018-07-25 00:00,1.40796,0.0,0.7654,0.03321,0.60935,0.00155,0.0,0.0,0.00155
2018-07-25 00:00:00,2018-07-25 01:00,1.21502,0.0,0.65054,0.03027,0.53422,0.00146,0.0,0.0,0.00146
2018-07-25 01:00:00,2018-07-25 02:00,1.09809,0.0,0.55362,0.039,0.50547,0.0013,0.0,0.0,0.0013
2018-07-25 02:00:00,2018-07-25 03:00,0.96154,0.00762,0.445,0.02367,0.48525,0.0004,0.0,0.0,0.0004
2018-07-25 03:00:00,2018-07-25 04:00,0.90749,0.0,0.39669,0.02461,0.48619,0.00013,0.0,0.0,0.00013
2018-07-25 04:00:00,2018-07-25 05:00,0.85492,0.00474,0.32998,0.03231,0.48789,0.00024,0.0,0.0,0.00024
2018-07-25 05:00:00,2018-07-25 06:00,0.92705,0.00533,0.3088,0.06919,0.54372,0.00116,0.0,0.0,0.00116
2018-07-25 06:00:00,2018-07-25 07:00,1.02756,0.00231,0.31228,0.10463,0.60833,0.00277,0.0,0.0,0.00277
2018-07-25 07:00:00,2018-07-25 08:00,1.136,0.0017,0.32701,0.11936,0.68793,0.00302,0.0,0.0,0.00302
2018-07-25 08:00:00,2018-07-25 09:00,1.10203,0.00239,0.34393,0.10805,0.64767,0.00483,0.0,0.0,0.00483
2018-07-25 09:00:00,2018-07-25 10:00,1.13427,0.00505,0.32789,0.08567,0.71566,0.00633,0.0,0.0,0.00633
2018-07-25 10:00:00,2018-07-25 11:00,1.11152,0.00992,0.34022,0.08588,0.6755,0.00543,0.0,0.0,0.00543
2018-07-25 11:00:00,2018-07-25 12:00,1.19004,0.0,0.43171,0.08534,0.673,0.00336,0.0,0.0,0.00336
2018-07-25 12:00:00,2018-07-25 13:00,1.34297,0.00191,0.57165,0.06782,0.70159,0.00279,0.0,0.0,0.00279
2018-07-25 13:00:00,2018-07-25 14:00,1.47785,0.0,0.71923,0.07855,0.68007,0.00105,0.0,0.0,0.00105
2018-07-25 14:00:00,2018-07-25 15:00,1.59835,0.0,0.83684,0.07874,0.68277,0.00231,0.0,0.0,0.00231
2018-07-25 15:00:00,2018-07-25 16:00,1.67254,0.0,0.82879,0.07766,0.76608,0.00318,0.0,0.0,0.00318
2018-07-25 16:00:00,2018-07-25 17:00,1.87457,0.00085,0.89735,0.09244,0.88393,0.0058,0.0,0.0,0.0058
2018-07-25 17:00:00,2018-07-25 18:00,2.10513,0.0,1.00087,0.09395,1.01031,0.00634,0.0,0.0,0.00634
2018-07-25 18:00:00,2018-07-25 19:00,2.10543,0.0,0.95604,0.0813,1.06809,0.0047,0.0,0.0,0.0047
2018-07-25 19:00:00,2018-07-25 20:00,2.15884,0.0,0.96334,0.07052,1.12499,0.00346,0.0,0.0,0.00346
2018-07-25 20:00:00,2018-07-25 21:00,2.18376,0.00379,0.84947,0.06775,1.26275,0.00418,0.0,0.0,0.00418
2018-07-25 21:00:00,2018-07-25 22:00,1.86879,0.0004,0.66624,0.06866,1.13349,0.00276,0.0,0.0,0.00276
2018-07-25 22:00:00,2018-07-25 23:00,1.38839,0.0,0.51396,0.04626,0.82817,0.00444,0.0,0.0,0.00444
2018-07-25 23:00:00,2018-07-26 00:00,1.02999,0.0,0.38837,0.03267,0.60895,0.00048,0.0,0.0,0.00048
2018-07-26 00:00:00,2018-07-26 01:00,0.99136,0.0,0.42735,0.0334,0.53061,0.00099,0.0,0.0,0.00099
2018-07-26 01:00:00,2018-07-26 02:00,0.91529,0.0,0.39496,0.02019,0.50014,0.00097,0.0,0.0,0.00097
2018-07-26 02:00:00,2018-07-26 03:00,0.83579,0.00927,0.3089,0.03419,0.48342,0.00051,0.0,0.0,0.00051
2018-07-26 03:00:00,2018-07-26 04:00,0.79584,0.00018,0.27739,0.03011,0.48816,0.00031,0.0,0.0,0.00031
2018-07-26 04:00:00,2018-07-26 05:00,0.76337,0.00575,0.22754,0.04398,0.4861,0.00089,0.0,0.0,0.00089
2018-07-26 05:00:00,2018-07-26 06:00,0.77031,0.00697,0.18025,0.06974,0.51335,0.00125,0.0,0.0,0.00125
2018-07-26 06:00:00,2018-07-26 07:00,0.86105,0.00455,0.18422,0.08526,0.58702,0.00251,0.0,0.0,0.00251
2018-07-26 07:00:00,2018-07-26 08:00,1.00881,0.00444,0.19454,0.11031,0.69951,0.00498,0.0,0.0,0.00498
2018-07-26 08:00:00,2018-07-26 09:00,0.99927,0.00548,0.1803,0.10032,0.71318,0.00412,0.0,0.0,0.00412
2018-07-26 09:00:00,2018-07-26 10:00,1.0145,0.00881,0.1554,0.0974,0.7529,0.00141,0.0,0.0,0.00141
2018-07-26 10:00:00,2018-07-26 11:00,0.96818,0.01371,0.16622,0.08053,0.70773,0.00268,0.0,0.0,0.00268
2018-07-26 11:00:00,2018-07-26 12:00,0.92662,0.00173,0.1876,0.05549,0.68179,0.00426,0.0,0.0,0.00426
2018-07-26 12:00:00,2018-07-26 13:00,1.03023,0.00242,0.21265,0.07587,0.73929,0.00313,0.0,0.0,0.00313
2018-07-26 13:00:00,2018-07-26 14:00,1.03516,3e-05,0.25543,0.08257,0.69713,0.00331,0.0,0.0,0.00331
2018-07-26 14:00:00,2018-07-26 15:00,1.11075,0.0,0.31338,0.09183,0.70553,0.00576,0.0,0.0,0.00576
2018-07-26 15:00:00,2018-07-26 16:00,1.22861,0.0,0.36267,0.08201,0.78392,0.00436,0.0,0.0,0.00436
2018-07-26 16:00:00,2018-07-26 17:00,1.37621,0.00135,0.4159,0.09884,0.86011,0.00814,0.0,0.0,0.00814
2018-07-26 17:00:00,2018-07-26 18:00,1.55967,0.0,0.52921,0.082,0.94846,0.00679,0.0,0.0,0.00679
2018-07-26 18:00:00,2018-07-26 19:00,1.65474,0.0,0.55821,0.07588,1.02066,0.00365,0.0,0.0,0.00365
2018-07-26 19:00:00,2018-07-26 20:00,1.7082,0.0,0.52796,0.08112,1.09912,0.00311,0.0,0.0,0.00311
2018-07-26 20:00:00,2018-07-26 21:00,1.73386,0.00552,0.49044,0.06333,1.17457,0.00413,0.0,0.0,0.00413
2018-07-26 21:00:00,2018-07-26 22:00,1.55153,0.00085,0.42492,0.04895,1.0768,0.00364,0.0,0.0,0.00364
2018-07-26 22:00:00,2018-07-26 23:00,1.20126,0.00013,0.35494,0.05386,0.79233,0.00246,0.0,0.0,0.00246
2018-07-26 23:00:00,2018-07-27 00:00,0.92664,6e-05,0.28725,0.04942,0.58991,0.0039,0.0,0.0,0.0039
2018-07-27 00:00:00,2018-07-27 01:00,0.75039,0.00012,0.19012,0.02989,0.53026,0.0011,0.0,0.0,0.0011
2018-07-27 01:00:00,2018-07-27 02:00,0.71758,0.00032,0.17895,0.0166,0.52172,0.00077,0.0,0.0,0.00077
2018-07-27 02:00:00,2018-07-27 03:00,0.64665,0.01212,0.12927,0.0218,0.48346,0.00022,0.0,0.0,0.00022
2018-07-27 03:00:00,2018-07-27 04:00,0.63784,0.00221,0.11779,0.03249,0.48535,0.00038,0.0,0.0,0.00038
2018-07-27 04:00:00,2018-07-27 05:00,0.62071,0.00951,0.08913,0.03436,0.4877,0.00045,0.0,0.0,0.00045
2018-07-27 05:00:00,2018-07-27 06:00,0.66886,0.01411,0.06835,0.07033,0.51606,0.0012,0.0,0.0,0.0012
2018-07-27 06:00:00,2018-07-27 07:00,0.821,0.01187,0.07912,0.10993,0.62007,0.00471,0.0,0.0,0.00471
2018-07-27 07:00:00,2018-07-27 08:00,0.93667,0.01004,0.10878,0.12614,0.69171,0.00421,0.0,0.0,0.00421
2018-07-27 08:00:00,2018-07-27 09:00,0.94996,0.00466,0.16301,0.09225,0.69004,0.00494,0.0,0.0,0.00494
2018-07-27 09:00:00,2018-07-27 10:00,1.08311,0.01128,0.21754,0.08558,0.76871,0.00527,0.0,0.0,0.00527
2018-07-27 10:00:00,2018-07-27 11:00,1.06122,0.01049,0.29393,0.07994,0.67686,0.00227,0.0,0.0,0.00227
2018-07-27 11:00:00,2018-07-27 12:00,1.15433,0.0,0.39425,0.06846,0.69161,0.00305,0.0,0.0,0.00305
2018-07-27 12:00:00,2018-07-27 13:00,1.31629,0.00187,0.49326,0.06732,0.75385,0.00364,0.0,0.0,0.00364
2018-07-27 13:00:00,2018-07-27 14:00,1.40978,0.0,0.60369,0.08119,0.72491,0.00326,0.0,0.0,0.00326
2018-07-27 14:00:00,2018-07-27 15:00,1.4814,0.0,0.70807,0.07703,0.6963,0.00271,0.0,0.0,0.00271
2018-07-27 15:00:00,2018-07-27 16:00,1.6434,0.0,0.81504,0.07906,0.7493,0.00405,0.0,0.0,0.00405
2018-07-27 16:00:00,2018-07-27 17:00,1.83422,0.00052,0.94157,0.08064,0.81149,0.00476,0.0,0.0,0.00476
2018-07-27 17:00:00,2018-07-27 18:00,2.12764,0.0,1.099,0.08236,0.94629,0.00711,0.0,0.0,0.00711
2018-07-27 18:00:00,2018-07-27 19:00,2.2291,0.0,1.10364,0.09395,1.03152,0.00411,0.0,0.0,0.00411
2018-07-27 19:00:00,2018-07-27 20:00,2.32909,0.0,1.05525,0.09265,1.18119,0.00626,0.0,0.0,0.00626
2018-07-27 20:00:00,2018-07-27 21:00,2.18804,0.00383,0.88645,0.0631,1.23466,0.00288,0.0,0.0,0.00288
2018-07-27 21:00:00,2018-07-27 22:00,1.98391,0.00025,0.68923,0.05401,1.24042,0.00327,0.0,0.0,0.00327
2018-07-27 22:00:00,2018-07-27 23:00,1.43949,0.0,0.50582,0.04705,0.88662,0.00421,0.0,0.0,0.00421
2018-07-27 23:00:00,2018-07-28 00:00,1.00492,0.0,0.36163,0.04377,0.59952,0.00173,0.0,0.0,0.00173
2018-07-28 00:00:00,2018-07-28 01:00,0.95492,0.0,0.34992,0.0314,0.5736,0.00112,0.0,0.0,0.00112
2018-07-28 01:00:00,2018-07-28 02:00,0.86464,0.00025,0.29909,0.02719,0.53811,0.00111,0.0,0.0,0.00111
2018-07-28 02:00:00,2018-07-28 03:00,0.73369,0.0126,0.21211,0.02391,0.48508,0.00095,0.0,0.0,0.00095
2018-07-28 03:00:00,2018-07-28 04:00,0.69007,0.00319,0.17464,0.02158,0.49065,0.00126,0.0,0.0,0.00126
2018-07-28 04:00:00,2018-07-28 05:00,0.6623,0.0119,0.13451,0.0255,0.49039,0.00188,0.0,0.0,0.00188
2018-07-28 05:00:00,2018-07-28 06:00,0.66281,0.01706,0.09872,0.04129,0.50573,0.00114,0.0,0.0,0.00114
2018-07-28 06:00:00,2018-07-28 07:00,0.72115,0.01655,0.10184,0.06186,0.5409,0.00156,0.0,0.0,0.00156
2018-07-28 07:00:00,2018-07-28 08:00,0.87742,0.0083,0.16219,0.07073,0.6362,0.00362,0.0,0.0,0.00362
2018-07-28 08:00:00,2018-07-28 09:00,1.15319,0.00321,0.28056,0.1105,0.75892,0.00489,0.0,0.0,0.00489
2018-07-28 09:00:00,2018-07-28 10:00,1.26746,0.00844,0.37706,0.1081,0.77386,0.00522,0.0,0.0,0.00522
2018-07-28 10:00:00,2018-07-28 11:00,1.37499,0.0099,0.4764,0.10606,0.78262,0.00388,0.0,0.0,0.00388
2018-07-28 11:00:00,2018-07-28 12:00,1.4941,0.0,0.57648,0.08749,0.83013,0.00422,0.0,0.0,0.00422
2018-07-28 12:00:00,2018-07-28 13:00,1.56297,0.00191,0.68916,0.09021,0.78168,0.00416,0.0,0.0,0.00416
2018-07-28 13:00:00,2018-07-28 14:00,1.69469,0.0,0.8259,0.09516,0.77364,0.00636,0.0,0.0,0.00636
2018-07-28 14:00:00,2018-07-28 15:00,1.87609,0.0,0.9533,0.10951,0.81328,0.00731,0.0,0.0,0.00731
2018-07-28 15:00:00,2018-07-28 16:00,2.0257,0.0,1.07554,0.1132,0.83696,0.00585,0.0,0.0,0.00585
2018-07-28 16:00:00,2018-07-28 17:00,2.24326,0.0,1.19577,0.09543,0.95206,0.00587,0.0,0.0,0.00587
2018-07-28 17:00:00,2018-07-28 18:00,2.31576,0.0,1.22827,0.10386,0.98363,0.00793,0.0,0.0,0.00793
2018-07-28 18:00:00,2018-07-28 19:00,2.23913,0.0,1.11444,0.07518,1.04952,0.00328,0.0,0.0,0.00328
2018-07-28 19:00:00,2018-07-28 20:00,2.22134,0.0,0.98421,0.07275,1.16438,0.00418,0.0,0.0,0.00418
2018-07-28 20:00:00,2018-07-28 21:00,2.12724,0.0,0.86849,0.0736,1.18515,0.00506,0.0,0.0,0.00506
2018-07-28 21:00:00,2018-07-28 22:00,1.87636,0.00038,0.71937,0.05182,1.10479,0.00215,0.0,0.0,0.00215
2018-07-28 22:00:00,2018-07-28 23:00,1.4685,0.0,0.5832,0.03711,0.84819,0.00107,0.0,0.0,0.00107
2018-07-28 23:00:00,2018-07-29 00:00,1.11198,0.0,0.45529,0.04195,0.61474,0.00084,0.0,0.0,0.00084
2018-07-29 00:00:00,2018-07-29 01:00,0.98606,0.0,0.38096,0.02665,0.57846,0.00038,0.0,0.0,0.00038
2018-07-29 01:00:00,2018-07-29 02:00,0.91655,0.00117,0.33382,0.03157,0.54999,0.00018,0.0,0.0,0.00018
2018-07-29 02:00:00,2018-07-29 03:00,0.78205,0.01048,0.24981,0.03638,0.48537,0.00015,0.0,0.0,0.00015
2018-07-29 03:00:00,2018-07-29 04:00,0.72744,0.00075,0.21534,0.02652,0.48483,0.00032,0.0,0.0,0.00032
2018-07-29 04:00:00,2018-07-29 05:00,0.698,0.00714,0.16984,0.03614,0.48487,0.00029,0.0,0.0,0.00029
2018-07-29 05:00:00,2018-07-29 06:00,0.68772,0.01045,0.13318,0.04458,0.4995,0.00108,0.0,0.0,0.00108
2018-07-29 06:00:00,2018-07-29 07:00,0.74595,0.0084,0.13927,0.05731,0.54096,0.00161,0.0,0.0,0.00161
2018-07-29 07:00:00,2018-07-29 08:00,0.92279,0.00482,0.21185,0.07041,0.63571,0.00346,0.0,0.0,0.00346
2018-07-29 08:00:00,2018-07-29 09:00,1.15964,0.00155,0.32753,0.1074,0.72316,0.00492,0.0,0.0,0.00492
2018-07-29 09:00:00,2018-07-29 10:00,1.32959,0.0082,0.42214,0.10127,0.79798,0.00427,0.0,0.0,0.00427
2018-07-29 10:00:00,2018-07-29 11:00,1.36218,0.0095,0.53745,0.09731,0.71792,0.00306,0.0,0.0,0.00306
2018-07-29 11:00:00,2018-07-29 12:00,1.56503,0.0,0.67524,0.09279,0.797,0.0034,0.0,0.0,0.0034
2018-07-29 12:00:00,2018-07-29 13:00,1.64403,0.00197,0.82605,0.09596,0.72006,0.00706,0.0,0.0,0.00706
2018-07-29 13:00:00,2018-07-29 14:00,1.80263,0.0,0.96345,0.08209,0.75708,0.00389,0.0,0.0,0.00389
2018-07-29 14:00:00,2018-07-29 15:00,1.89802,0.0,1.05905,0.10104,0.73793,0.0043,0.0,0.0,0.0043
2018-07-29 15:00:00,2018-07-29 16:00,1.99567,0.0,1.07456,0.09079,0.83032,0.00651,0.0,0.0,0.00651
2018-07-29 16:00:00,2018-07-29 17:00,2.16492,0.0,1.06173,0.11647,0.98672,0.00641,0.0,0.0,0.00641
2018-07-29 17:00:00,2018-07-29 18:00,2.23713,0.0,1.12407,0.0872,1.02586,0.00447,0.0,0.0,0.00447
2018-07-29 18:00:00,2018-07-29 19:00,2.32745,0.0,1.16539,0.08388,1.07818,0.00444,0.0,0.0,0.00444
2018-07-29 19:00:00,2018-07-29 20:00,2.3884,0.0,1.1371,0.07219,1.1791,0.00216,0.0,0.0,0.00216
2018-07-29 20:00:00,2018-07-29 21:00,2.26424,0.0,1.00912,0.06476,1.19035,0.00224,0.0,0.0,0.00224
2018-07-29 21:00:00,2018-07-29 22:00,2.06773,0.00015,0.84169,0.06623,1.15965,0.00167,0.0,0.0,0.00167
2018-07-29 22:00:00,2018-07-29 23:00,1.70344,0.0,0.69607,0.05589,0.95148,0.0012,0.0,0.0,0.0012
2018-07-29 23:00:00,2018-07-30 00:00,1.22534,0.0,0.54667,0.03295,0.64572,0.00055,0.0,0.0,0.00055
2018-07-30 00:00:00,2018-07-30 01:00,0.96722,0.0,0.3776,0.03233,0.55729,0.00047,0.0,0.0,0.00047
2018-07-30 01:00:00,2018-07-30 02:00,0.87373,0.0,0.32174,0.03438,0.5176,0.00018,0.0,0.0,0.00018
2018-07-30 02:00:00,2018-07-30 03:00,0.76323,0.00917,0.24074,0.02631,0.48701,0.00015,0.0,0.0,0.00015
2018-07-30 03:00:00,2018-07-30 04:00,0.71759,4e-05,0.20615,0.02494,0.48646,0.00013,0.0,0.0,0.00013
2018-07-30 04:00:00,2018-07-30 05:00,0.69783,0.00556,0.1634,0.03863,0.49024,0.00113,0.0,0.0,0.00113
2018-07-30 05:00:00,2018-07-30 06:00,0.74115,0.00773,0.1292,0.06488,0.53934,0.00191,0.0,0.0,0.00191
2018-07-30 06:00:00,2018-07-30 07:00,0.89602,0.00392,0.13628,0.11418,0.64164,0.00242,0.0,0.0,0.00242
2018-07-30 07:00:00,2018-07-30 08:00,1.02822,0.00331,0.19566,0.13373,0.69552,0.00319,0.0,0.0,0.00319
2018-07-30 08:00:00,2018-07-30 09:00,1.17124,0.00268,0.33032,0.11239,0.72585,0.00406,0.0,0.0,0.00406
2018-07-30 09:00:00,2018-07-30 10:00,1.30704,0.00805,0.44469,0.0916,0.7627,0.00645,0.0,0.0,0.00645
2018-07-30 10:00:00,2018-07-30 11:00,1.41207,0.00848,0.57861,0.08063,0.74435,0.00353,0.0,0.0,0.00353
2018-07-30 11:00:00,2018-07-30 12:00,1.61567,0.0,0.73383,0.08368,0.79815,0.00484,0.0,0.0,0.00484
2018-07-30 12:00:00,2018-07-30 13:00,1.68909,0.002,0.88552,0.06425,0.73732,0.00373,0.0,0.0,0.00373
2018-07-30 13:00:00,2018-07-30 14:00,1.77197,0.0,1.02349,0.09,0.65849,0.00234,0.0,0.0,0.00234
2018-07-30 14:00:00,2018-07-30 15:00,1.90118,0.0,1.15656,0.0816,0.66302,0.00169,0.0,0.0,0.00169
2018-07-30 15:00:00,2018-07-30 16:00,2.04119,0.0,1.27757,0.075,0.68861,0.00341,0.0,0.0,0.00341
2018-07-30 16:00:00,2018-07-30 17:00,2.37144,0.00019,1.40112,0.09936,0.87077,0.00481,0.0,0.0,0.00481
2018-07-30 17:00:00,2018-07-30 18:00,2.65913,0.0,1.54931,0.09006,1.01977,0.00518,0.0,0.0,0.00518
2018-07-30 18:00:00,2018-07-30 19:00,2.73104,0.0,1.52677,0.08473,1.11955,0.00697,0.0,0.0,0.00697
2018-07-30 19:00:00,2018-07-30 20:00,2.73205,0.0,1.48062,0.08726,1.16416,0.00397,0.0,0.0,0.00397
2018-07-30 20:00:00,2018-07-30 21:00,2.48521,0.00338,1.29868,0.06693,1.11622,0.00171,0.0,0.0,0.00171
2018-07-30 21:00:00,2018-07-30 22:00,2.20455,0.0,1.0298,0.05285,1.12189,0.00232,0.0,0.0,0.00232
2018-07-30 22:00:00,2018-07-30 23:00,1.65412,0.0,0.78713,0.03565,0.83134,0.00355,0.0,0.0,0.00355
2018-07-30 23:00:00,2018-07-31 00:00,1.31604,0.0,0.61251,0.03833,0.66519,0.00158,0.0,0.0,0.00158
2018-07-31 00:00:00,2018-07-31 01:00,1.17146,0.0,0.5786,0.03232,0.56055,0.00228,0.0,0.0,0.00228
2018-07-31 01:00:00,2018-07-31 02:00,1.04337,0.0,0.51198,0.02812,0.50328,0.00025,0.0,0.0,0.00025
2018-07-31 02:00:00,2018-07-31 03:00,0.92819,0.00843,0.40493,0.0296,0.48524,0.00064,0.0,0.0,0.00064
2018-07-31 03:00:00,2018-07-31 04:00,0.86743,0.0,0.35179,0.02557,0.49008,0.00023,0.0,0.0,0.00023
2018-07-31 04:00:00,2018-07-31 05:00,0.83247,0.005,0.28691,0.04095,0.49961,0.00096,0.0,0.0,0.00096
2018-07-31 05:00:00,2018-07-31 06:00,0.82562,0.00576,0.23194,0.06321,0.5247,0.00118,0.0,0.0,0.00118
2018-07-31 06:00:00,2018-07-31 07:00,0.97046,0.00283,0.24508,0.0962,0.62635,0.0028,0.0,0.0,0.0028
2018-07-31 07:00:00,2018-07-31 08:00,1.19128,0.00262,0.33762,0.11906,0.73198,0.00267,0.0,0.0,0.00267
2018-07-31 08:00:00,2018-07-31 09:00,1.29844,0.00209,0.47292,0.09754,0.72589,0.00324,0.0,0.0,0.00324
2018-07-31 09:00:00,2018-07-31 10:00,1.40272,0.00487,0.58557,0.10165,0.71062,0.00321,0.0,0.0,0.00321
2018-07-31 10:00:00,2018-07-31 11:00,1.54248,0.007,0.73639,0.07572,0.72337,0.00203,0.0,0.0,0.00203
2018-07-31 11:00:00,2018-07-31 12:00,1.73995,0.0,0.8818,0.07621,0.78194,0.00368,0.0,0.0,0.00368
2018-07-31 12:00:00,2018-07-31 13:00,1.8002,0.00202,1.01987,0.07196,0.70635,0.00626,0.0,0.0,0.00626
2018-07-31 13:00:00,2018-07-31 14:00,1.8545,0.0,1.12183,0.06723,0.66544,0.00275,0.0,0.0,0.00275
2018-07-31 14:00:00,2018-07-31 15:00,2.02253,0.0,1.23576,0.08812,0.69864,0.00135,0.0,0.0,0.00135
2018-07-31 15:00:00,2018-07-31 16:00,2.24763,0.0,1.37977,0.08908,0.77879,0.00486,0.0,0.0,0.00486
2018-07-31 16:00:00,2018-07-31 17:00,2.42354,0.00023,1.50191,0.07781,0.8436,0.00699,0.0,0.0,0.00699
2018-07-31 17:00:00,2018-07-31 18:00,2.61061,0.0,1.62436,0.09558,0.89067,0.00522,0.0,0.0,0.00522
2018-07-31 18:00:00,2018-07-31 19:00,2.75934,0.0,1.62397,0.0937,1.04167,0.00409,0.0,0.0,0.00409
2018-07-31 19:00:00,2018-07-31 20:00,2.79779,0.0,1.56564,0.07915,1.153,0.00439,0.0,0.0,0.00439
2018-07-31 20:00:00,2018-07-31 21:00,2.67092,0.0034,1.38439,0.06378,1.21934,0.00401,0.0,0.0,0.00401
2018-07-31 21:00:00,2018-07-31 22:00,2.36942,0.0,1.14413,0.06654,1.15875,0.00448,0.0,0.0,0.00448
2018-07-31 22:00:00,2018-07-31 23:00,1.84523,0.0,0.93858,0.03761,0.86904,0.0038,0.0,0.0,0.0038
2018-07-31 23:00:00,2018-08-01 00:00,1.47648,0.0,0.78775,0.04259,0.64614,0.00098,0.0,0.0,0.00098
2018-08-01 00:00:00,2018-08-01 01:00,1.21857,0.0,0.65383,0.03325,0.53149,0.00046,0.0,0.0,0.00046
2018-08-01 01:00:00,2018-08-01 02:00,1.11579,0.0,0.59153,0.02236,0.5019,0.00018,0.0,0.0,0.00018
2018-08-01 02:00:00,2018-08-01 03:00,1.02596,0.00733,0.51033,0.02273,0.48557,0.00015,0.0,0.0,0.00015
2018-08-01 03:00:00,2018-08-01 04:00,0.94805,0.0,0.4406,0.0196,0.48786,0.00042,0.0,0.0,0.00042
2018-08-01 04:00:00,2018-08-01 05:00,0.93148,0.00462,0.39179,0.04267,0.4924,0.00163,0.0,0.0,0.00163
2018-08-01 05:00:00,2018-08-01 06:00,0.94129,0.00484,0.34717,0.06644,0.52283,0.00179,0.0,0.0,0.00179
2018-08-01 06:00:00,2018-08-01 07:00,1.09456,0.0019,0.36697,0.11018,0.61552,0.00362,0.0,0.0,0.00362
2018-08-01 07:00:00,2018-08-01 08:00,1.13075,0.00116,0.3636,0.10822,0.65777,0.00549,0.0,0.0,0.00549
2018-08-01 08:00:00,2018-08-01 09:00,1.21816,0.00223,0.37677,0.11893,0.72023,0.00515,0.0,0.0,0.00515
2018-08-01 09:00:00,2018-08-01 10:00,1.15841,0.0052,0.35695,0.08908,0.70719,0.0047,0.0,0.0,0.0047
2018-08-01 10:00:00,2018-08-01 11:00,1.18123,0.00931,0.4154,0.07018,0.68634,0.00315,0.0,0.0,0.00315
2018-08-01 11:00:00,2018-08-01 12:00,1.2483,0.0,0.49744,0.06865,0.68221,0.00374,0.0,0.0,0.00374
2018-08-01 12:00:00,2018-08-01 13:00,1.31648,0.00189,0.57956,0.07286,0.66217,0.00222,0.0,0.0,0.00222
2018-08-01 13:00:00,2018-08-01 14:00,1.42578,0.0,0.67915,0.07638,0.67024,0.00378,0.0,0.0,0.00378
2018-08-01 14:00:00,2018-08-01 15:00,1.48685,0.0,0.76627,0.0733,0.64728,0.0036,0.0,0.0,0.0036
2018-08-01 15:00:00,2018-08-01 16:00,1.56068,0.0,0.75628,0.06854,0.73586,0.00339,0.0,0.0,0.00339
2018-08-01 16:00:00,2018-08-01 17:00,1.54077,0.00107,0.60778,0.10198,0.82995,0.00512,0.0,0.0,0.00512
2018-08-01 17:00:00,2018-08-01 18:00,1.54286,0.0,0.51436,0.08066,0.94784,0.00637,0.0,0.0,0.00637
2018-08-01 18:00:00,2018-08-01 19:00,1.58012,0.0,0.43209,0.07326,1.07477,0.00595,0.0,0.0,0.00595
2018-08-01 19:00:00,2018-08-01 20:00,1.6357,0.0,0.39111,0.07817,1.16641,0.0049,0.0,0.0,0.0049
2018-08-01 20:00:00,2018-08-01 21:00,1.62306,0.00554,0.34003,0.07076,1.20673,0.00345,0.0,0.0,0.00345
2018-08-01 21:00:00,2018-08-01 22:00,1.52308,0.00078,0.27642,0.05944,1.18644,0.00181,0.0,0.0,0.00181
2018-08-01 22:00:00,2018-08-01 23:00,1.09872,0.00024,0.22203,0.05091,0.82555,0.00233,0.0,0.0,0.00233
2018-08-01 23:00:00,2018-08-02 00:00,0.8655,0.00033,0.17441,0.0399,0.65086,0.0014,0.0,0.0,0.0014
2018-08-02 00:00:00,2018-08-02 01:00,0.78381,0.00105,0.21142,0.02577,0.54557,0.00196,0.0,0.0,0.00196
2018-08-02 01:00:00,2018-08-02 02:00,0.74497,0.00196,0.20599,0.02062,0.51639,0.00191,0.0,0.0,0.00191
2018-08-02 02:00:00,2018-08-02 03:00,0.6695,0.01602,0.15375,0.01678,0.48294,0.00028,0.0,0.0,0.00028
2018-08-02 03:00:00,2018-08-02 04:00,0.65266,0.00534,0.14041,0.02013,0.48678,0.00022,0.0,0.0,0.00022
2018-08-02 04:00:00,2018-08-02 05:00,0.66304,0.0129,0.11507,0.04391,0.49117,0.0009,0.0,0.0,0.0009
2018-08-02 05:00:00,2018-08-02 06:00,0.72105,0.01902,0.08991,0.06355,0.54858,0.0014,0.0,0.0,0.0014
2018-08-02 06:00:00,2018-08-02 07:00,0.86768,0.02156,0.08208,0.10585,0.6582,0.00237,0.0,0.0,0.00237
2018-08-02 07:00:00,2018-08-02 08:00,0.97603,0.02251,0.08771,0.11661,0.74919,0.00337,0.0,0.0,0.00337
2018-08-02 08:00:00,2018-08-02 09:00,0.99643,0.01985,0.10268,0.11715,0.75675,0.0041,0.0,0.0,0.0041
2018-08-02 09:00:00,2018-08-02 10:00,0.99251,0.022,0.10692,0.08935,0.77425,0.0023,0.0,0.0,0.0023
2018-08-02 10:00:00,2018-08-02 11:00,0.96382,0.01638,0.13046,0.07801,0.73897,0.00368,0.0,0.0,0.00368
2018-08-02 11:00:00,2018-08-02 12:00,0.93529,0.00187,0.16455,0.05959,0.70928,0.00349,0.0,0.0,0.00349
2018-08-02 12:00:00,2018-08-02 13:00,0.98807,0.0045,0.21433,0.08471,0.68453,0.00581,0.0,0.0,0.00581
2018-08-02 13:00:00,2018-08-02 14:00,1.04832,0.0,0.28587,0.09508,0.66737,0.00708,0.0,0.0,0.00708
2018-08-02 14:00:00,2018-08-02 15:00,1.16229,0.0,0.37313,0.08777,0.7014,0.00346,0.0,0.0,0.00346
2018-08-02 15:00:00,2018-08-02 16:00,1.2792,0.0,0.50674,0.06881,0.70365,0.00296,0.0,0.0,0.00296
2018-08-02 16:00:00,2018-08-02 17:00,1.50238,0.00116,0.65446,0.07162,0.77514,0.00473,0.0,0.0,0.00473
2018-08-02 17:00:00,2018-08-02 18:00,1.92156,0.0,0.81689,0.11218,0.99249,0.00555,0.0,0.0,0.00555
2018-08-02 18:00:00,2018-08-02 19:00,2.12833,0.0,0.87566,0.07459,1.17808,0.00546,0.0,0.0,0.00546
2018-08-02 19:00:00,2018-08-02 20:00,2.19102,0.0,0.8885,0.07089,1.23163,0.00489,0.0,0.0,0.00489
2018-08-02 20:00:00,2018-08-02 21:00,2.11066,0.00471,0.7769,0.06971,1.25934,0.00348,0.0,0.0,0.00348
2018-08-02 21:00:00,2018-08-02 22:00,1.80411,0.00039,0.6088,0.05332,1.14159,0.00256,0.0,0.0,0.00256
2018-08-02 22:00:00,2018-08-02 23:00,1.39956,0.0,0.46615,0.05186,0.88155,0.00481,0.0,0.0,0.00481
2018-08-02 23:00:00,2018-08-03 00:00,1.06125,0.0,0.35058,0.04721,0.66346,0.00238,0.0,0.0,0.00238
2018-08-03 00:00:00,2018-08-03 01:00,0.81305,0.0,0.22856,0.02268,0.56182,0.00208,0.0,0.0,0.00208
2018-08-03 01:00:00,2018-08-03 02:00,0.73999,0.00054,0.20589,0.01614,0.51742,0.00085,0.0,0.0,0.00085
2018-08-03 02:00:00,2018-08-03 03:00,0.67584,0.01195,0.15469,0.02729,0.48192,0.00015,0.0,0.0,0.00015
2018-08-03 03:00:00,2018-08-03 04:00,0.67358,0.0018,0.14456,0.0363,0.49093,0.00045,0.0,0.0,0.00045
2018-08-03 04:00:00,2018-08-03 05:00,0.67015,0.00799,0.11979,0.04596,0.49641,0.00106,0.0,0.0,0.00106
2018-08-03 05:00:00,2018-08-03 06:00,0.70843,0.00906,0.10093,0.0663,0.53214,0.00236,0.0,0.0,0.00236
2018-08-03 06:00:00,2018-08-03 07:00,0.85097,0.00649,0.10359,0.09559,0.6453,0.00333,0.0,0.0,0.00333
2018-08-03 07:00:00,2018-08-03 08:00,0.88443,0.00494,0.12261,0.10355,0.65332,0.00329,0.0,0.0,0.00329
2018-08-03 08:00:00,2018-08-03 09:00,0.97672,0.00559,0.14381,0.1009,0.72642,0.00425,0.0,0.0,0.00425
2018-08-03 09:00:00,2018-08-03 10:00,0.99181,0.01149,0.13667,0.10269,0.74095,0.00302,0.0,0.0,0.00302
2018-08-03 10:00:00,2018-08-03 11:00,1.01276,0.01144,0.20465,0.07836,0.7183,0.00283,0.0,0.0,0.00283
2018-08-03 11:00:00,2018-08-03 12:00,1.09097,0.00014,0.30799,0.07453,0.70831,0.00463,0.0,0.0,0.00463
2018-08-03 12:00:00,2018-08-03 13:00,1.15219,0.0019,0.38412,0.09655,0.66962,0.004,0.0,0.0,0.004
2018-08-03 13:00:00,2018-08-03 14:00,1.29409,0.0,0.50009,0.07063,0.72337,0.00168,0.0,0.0,0.00168
2018-08-03 14:00:00,2018-08-03 15:00,1.45805,0.0,0.65762,0.06929,0.73115,0.00309,0.0,0.0,0.00309
2018-08-03 15:00:00,2018-08-03 16:00,1.58061,0.0,0.82359,0.0747,0.68232,0.00331,0.0,0.0,0.00331
2018-08-03 16:00:00,2018-08-03 17:00,1.94844,0.00084,1.01543,0.09899,0.83319,0.00517,0.0,0.0,0.00517
2018-08-03 17:00:00,2018-08-03 18:00,2.20451,0.0,1.18529,0.0859,0.93332,0.00602,0.0,0.0,0.00602
2018-08-03 18:00:00,2018-08-03 19:00,2.31971,0.0,1.15347,0.08682,1.07941,0.00588,0.0,0.0,0.00588
2018-08-03 19:00:00,2018-08-03 20:00,2.26382,0.0,1.08278,0.07599,1.10504,0.00219,0.0,0.0,0.00219
2018-08-03 20:00:00,2018-08-03 21:00,2.26904,0.00346,0.98081,0.07131,1.21346,0.00443,0.0,0.0,0.00443
2018-08-03 21:00:00,2018-08-03 22:00,2.06076,0.00028,0.78935,0.07601,1.19513,0.00273,0.0,0.0,0.00273
2018-08-03 22:00:00,2018-08-03 23:00,1.53469,0.0,0.63071,0.06181,0.84217,0.00239,0.0,0.0,0.00239
2018-08-03 23:00:00,2018-08-04 00:00,1.16352,0.0,0.5405,0.03099,0.59203,0.00123,0.0,0.0,0.00123
2018-08-04 00:00:00,2018-08-04 01:00,1.07091,0.0,0.50942,0.02633,0.53516,0.00061,0.0,0.0,0.00061
2018-08-04 01:00:00,2018-08-04 02:00,1.03106,0.0,0.50593,0.01261,0.51251,0.00057,0.0,0.0,0.00057
2018-08-04 02:00:00,2018-08-04 03:00,0.95884,0.00852,0.44515,0.01815,0.48702,0.00015,0.0,0.0,0.00015
2018-08-04 03:00:00,2018-08-04 04:00,0.95343,0.0,0.4355,0.01939,0.49855,0.00034,0.0,0.0,0.00034
2018-08-04 04:00:00,2018-08-04 05:00,0.92654,0.00483,0.40638,0.02677,0.48856,0.00034,0.0,0.0,0.00034
2018-08-04 05:00:00,2018-08-04 06:00,0.92344,0.00526,0.37368,0.03834,0.50616,0.0015,0.0,0.0,0.0015
2018-08-04 06:00:00,2018-08-04 07:00,0.9775,0.00232,0.36396,0.0664,0.54481,0.00123,0.0,0.0,0.00123
2018-08-04 07:00:00,2018-08-04 08:00,1.15711,0.0009,0.38408,0.0883,0.68383,0.00323,0.0,0.0,0.00323
2018-08-04 08:00:00,2018-08-04 09:00,1.24966,0.00066,0.39738,0.09006,0.76156,0.0026,0.0,0.0,0.0026
2018-08-04 09:00:00,2018-08-04 10:00,1.25316,0.00831,0.38788,0.08682,0.77016,0.0047,0.0,0.0,0.0047
2018-08-04 10:00:00,2018-08-04 11:00,1.30006,0.00983,0.40442,0.09984,0.78596,0.00387,0.0,0.0,0.00387
2018-08-04 11:00:00,2018-08-04 12:00,1.32096,0.0,0.42763,0.0916,0.80173,0.00323,0.0,0.0,0.00323
2018-08-04 12:00:00,2018-08-04 13:00,1.39521,0.0019,0.45473,0.08585,0.85274,0.00513,0.0,0.0,0.00513
2018-08-04 13:00:00,2018-08-04 14:00,1.38042,0.0,0.45169,0.09699,0.83174,0.00444,0.0,0.0,0.00444
2018-08-04 14:00:00,2018-08-04 15:00,1.40076,0.0,0.45969,0.10359,0.83748,0.00131,0.0,0.0,0.00131
2018-08-04 15:00:00,2018-08-04 16:00,1.4415,0.0,0.50809,0.09319,0.84022,0.00265,0.0,0.0,0.00265
2018-08-04 16:00:00,2018-08-04 17:00,1.54948,0.0,0.55986,0.0919,0.89772,0.00575,0.0,0.0,0.00575
2018-08-04 17:00:00,2018-08-04 18:00,1.74453,0.0,0.66464,0.08409,0.99579,0.00492,0.0,0.0,0.00492
2018-08-04 18:00:00,2018-08-04 19:00,1.88189,0.0,0.72303,0.08895,1.06991,0.00561,0.0,0.0,0.00561
2018-08-04 19:00:00,2018-08-04 20:00,2.06317,0.0,0.79646,0.07418,1.19253,0.00418,0.0,0.0,0.00418
2018-08-04 20:00:00,2018-08-04 21:00,2.15908,0.0,0.78127,0.06769,1.31012,0.00412,0.0,0.0,0.00412
2018-08-04 21:00:00,2018-08-04 22:00,2.00762,0.00046,0.70218,0.04952,1.25546,0.00275,0.0,0.0,0.00275
2018-08-04 22:00:00,2018-08-04 23:00,1.55333,0.0,0.60252,0.05664,0.89417,0.00228,0.0,0.0,0.00228
2018-08-04 23:00:00,2018-08-05 00:00,1.18015,0.0,0.50911,0.05091,0.62012,0.00092,0.0,0.0,0.00092
2018-08-05 00:00:00,2018-08-05 01:00,1.03826,0.0,0.48587,0.0318,0.52059,0.00056,0.0,0.0,0.00056
2018-08-05 01:00:00,2018-08-05 02:00,1.02234,0.0,0.48233,0.03438,0.50562,0.00018,0.0,0.0,0.00018
2018-08-05 02:00:00,2018-08-05 03:00,0.94194,0.00871,0.41485,0.0245,0.49389,0.00037,0.0,0.0,0.00037
2018-08-05 03:00:00,2018-08-05 04:00,0.90943,0.0,0.39676,0.02137,0.4913,0.00042,0.0,0.0,0.00042
2018-08-05 04:00:00,2018-08-05 05:00,0.88501,0.00503,0.3615,0.03577,0.4827,0.00017,0.0,0.0,0.00017
2018-08-05 05:00:00,2018-08-05 06:00,0.86511,0.00547,0.33028,0.03176,0.49759,0.00088,0.0,0.0,0.00088
2018-08-05 06:00:00,2018-08-05 07:00,0.93316,0.00267,0.33947,0.04303,0.548,0.00229,0.0,0.0,0.00229
2018-08-05 07:00:00,2018-08-05 08:00,1.10714,0.00094,0.40819,0.06671,0.6313,0.00538,0.0,0.0,0.00538
2018-08-05 08:00:00,2018-08-05 09:00,1.36129,0.00056,0.53009,0.09283,0.7378,0.00404,0.0,0.0,0.00404
2018-08-05 09:00:00,2018-08-05 10:00,1.59224,0.00786,0.67732,0.12448,0.78259,0.0044,0.0,0.0,0.0044
2018-08-05 10:00:00,2018-08-05 11:00,1.77502,0.00771,0.86614,0.09743,0.80374,0.00478,0.0,0.0,0.00478
2018-08-05 11:00:00,2018-08-05 12:00,1.81729,0.0,1.01649,0.07485,0.72595,0.0024,0.0,0.0,0.0024
2018-08-05 12:00:00,2018-08-05 13:00,2.03438,0.00205,1.14335,0.09266,0.79632,0.00609,0.0,0.0,0.00609
2018-08-05 13:00:00,2018-08-05 14:00,2.21092,0.0,1.2737,0.08147,0.85575,0.00416,0.0,0.0,0.00416
2018-08-05 14:00:00,2018-08-05 15:00,2.31221,0.0,1.35809,0.10094,0.85319,0.00296,0.0,0.0,0.00296
2018-08-05 15:00:00,2018-08-05 16:00,2.30062,0.0,1.3458,0.1093,0.84552,0.00297,0.0,0.0,0.00297
2018-08-05 16:00:00,2018-08-05 17:00,2.42743,0.0,1.293,0.0975,1.03693,0.00292,0.0,0.0,0.00292
2018-08-05 17:00:00,2018-08-05 18:00,2.34882,0.0,1.25723,0.08065,1.01095,0.0047,0.0,0.0,0.0047
2018-08-05 18:00:00,2018-08-05 19:00,2.35086,0.0,1.19212,0.0865,1.07224,0.00574,0.0,0.0,0.00574
2018-08-05 19:00:00,2018-08-05 20:00,2.38958,0.0,1.15421,0.08399,1.15139,0.00554,0.0,0.0,0.00554
2018-08-05 20:00:00,2018-08-05 21:00,2.42118,0.0,1.10169,0.05409,1.26541,0.00552,0.0,0.0,0.00552
2018-08-05 21:00:00,2018-08-05 22:00,2.20811,0.00016,0.98137,0.05278,1.1738,0.00311,0.0,0.0,0.00311
2018-08-05 22:00:00,2018-08-05 23:00,1.8105,0.0,0.83515,0.05588,0.91946,0.00153,0.0,0.0,0.00153
2018-08-05 23:00:00,2018-08-06 00:00,1.41754,0.0,0.70654,0.04454,0.66645,0.00087,0.0,0.0,0.00087
2018-08-06 00:00:00,2018-08-06 01:00,1.21342,0.0,0.63349,0.0298,0.55012,0.00069,0.0,0.0,0.00069
2018-08-06 01:00:00,2018-08-06 02:00,1.12176,0.0,0.58227,0.03416,0.50533,0.00018,0.0,0.0,0.00018
2018-08-06 02:00:00,2018-08-06 03:00,1.01614,0.00821,0.48583,0.02783,0.49427,0.00015,0.0,0.0,0.00015
2018-08-06 03:00:00,2018-08-06 04:00,0.96633,0.0,0.42803,0.02323,0.51507,0.00013,0.0,0.0,0.00013
2018-08-06 04:00:00,2018-08-06 05:00,0.89818,0.00481,0.35407,0.03557,0.50373,0.0004,0.0,0.0,0.0004
2018-08-06 05:00:00,2018-08-06 06:00,0.92386,0.00374,0.30549,0.06676,0.54788,0.0029,0.0,0.0,0.0029
2018-08-06 06:00:00,2018-08-06 07:00,1.01481,0.00258,0.29346,0.08256,0.6362,0.00242,0.0,0.0,0.00242
2018-08-06 07:00:00,2018-08-06 08:00,1.17207,0.00113,0.33034,0.12423,0.71636,0.00444,0.0,0.0,0.00444
2018-08-06 08:00:00,2018-08-06 09:00,1.1566,0.00225,0.34791,0.10504,0.7014,0.00389,0.0,0.0,0.00389
2018-08-06 09:00:00,2018-08-06 10:00,1.05177,0.00602,0.33397,0.07396,0.63782,0.0039,0.0,0.0,0.0039
2018-08-06 10:00:00,2018-08-06 11:00,1.16416,0.00999,0.36052,0.08806,0.70559,0.00318,0.0,0.0,0.00318
2018-08-06 11:00:00,2018-08-06 12:00,1.24968,0.0,0.41815,0.08583,0.7457,0.00387,0.0,0.0,0.00387
2018-08-06 12:00:00,2018-08-06 13:00,1.3023,0.00185,0.53174,0.06584,0.70287,0.00424,0.0,0.0,0.00424
2018-08-06 13:00:00,2018-08-06 14:00,1.43726,0.0,0.67634,0.07337,0.68755,0.00284,0.0,0.0,0.00284
2018-08-06 14:00:00,2018-08-06 15:00,1.67252,0.0,0.8556,0.0778,0.73913,0.00533,0.0,0.0,0.00533
2018-08-06 15:00:00,2018-08-06 16:00,1.92996,0.0,1.06343,0.08602,0.78051,0.01043,0.0,0.0,0.01043
2018-08-06 16:00:00,2018-08-06 17:00,2.26956,0.00072,1.24631,0.09881,0.92372,0.00622,0.0,0.0,0.00622
2018-08-06 17:00:00,2018-08-06 18:00,2.44453,0.0,1.39156,0.08957,0.96341,0.00355,0.0,0.0,0.00355
2018-08-06 18:00:00,2018-08-06 19:00,2.46356,0.0,1.39666,0.09546,0.97144,0.00487,0.0,0.0,0.00487
2018-08-06 19:00:00,2018-08-06 20:00,2.47794,0.0,1.31036,0.06886,1.09872,0.00314,0.0,0.0,0.00314
2018-08-06 20:00:00,2018-08-06 21:00,2.42188,0.00334,1.16184,0.05725,1.19945,0.00184,0.0,0.0,0.00184
2018-08-06 21:00:00,2018-08-06 22:00,2.16704,0.0,0.99318,0.05658,1.11728,0.00149,0.0,0.0,0.00149
2018-08-06 22:00:00,2018-08-06 23:00,1.67757,0.0,0.81301,0.04967,0.81488,0.00143,0.0,0.0,0.00143
2018-08-06 23:00:00,2018-08-07 00:00,1.30838,0.0,0.66447,0.04763,0.59627,0.00068,0.0,0.0,0.00068
2018-08-07 00:00:00,2018-08-07 01:00,1.14576,0.0,0.57181,0.02886,0.54509,0.00032,0.0,0.0,0.00032
2018-08-07 01:00:00,2018-08-07 02:00,1.05482,0.0,0.51766,0.01869,0.51847,0.00033,0.0,0.0,0.00033
2018-08-07 02:00:00,2018-08-07 03:00,0.9505,0.00843,0.41963,0.03351,0.48893,0.00015,0.0,0.0,0.00015
2018-08-07 03:00:00,2018-08-07 04:00,0.89,0.0,0.37702,0.02134,0.49164,0.00049,0.0,0.0,0.00049
2018-08-07 04:00:00,2018-08-07 05:00,0.86,0.00494,0.321,0.03548,0.49858,0.00041,0.0,0.0,0.00041
2018-08-07 05:00:00,2018-08-07 06:00,0.88018,0.0045,0.27313,0.06779,0.53475,0.00136,0.0,0.0,0.00136
2018-08-07 06:00:00,2018-08-07 07:00,0.99221,0.00272,0.26082,0.10443,0.62424,0.00182,0.0,0.0,0.00182
2018-08-07 07:00:00,2018-08-07 08:00,1.07777,0.0017,0.28667,0.09747,0.69194,0.005,0.0,0.0,0.005
2018-08-07 08:00:00,2018-08-07 09:00,1.1767,0.00249,0.30954,0.09343,0.77124,0.00341,0.0,0.0,0.00341
2018-08-07 09:00:00,2018-08-07 10:00,1.16085,0.00652,0.28976,0.07235,0.79222,0.00321,0.0,0.0,0.00321
2018-08-07 10:00:00,2018-08-07 11:00,1.14068,0.0104,0.29989,0.08709,0.74331,0.00456,0.0,0.0,0.00456
2018-08-07 11:00:00,2018-08-07 12:00,1.08727,0.0,0.34139,0.07136,0.67452,0.00524,0.0,0.0,0.00524
2018-08-07 12:00:00,2018-08-07 13:00,1.23572,0.00189,0.42899,0.08503,0.71981,0.0081,0.0,0.0,0.0081
2018-08-07 13:00:00,2018-08-07 14:00,1.42779,0.0,0.52281,0.08386,0.82112,0.00323,0.0,0.0,0.00323
2018-08-07 14:00:00,2018-08-07 15:00,1.41448,0.0,0.61312,0.08384,0.71752,0.00431,0.0,0.0,0.00431
2018-08-07 15:00:00,2018-08-07 16:00,1.59136,0.0,0.73191,0.10951,0.74994,0.00271,0.0,0.0,0.00271
2018-08-07 16:00:00,2018-08-07 17:00,1.84038,0.00085,0.85917,0.09068,0.88968,0.00453,0.0,0.0,0.00453
2018-08-07 17:00:00,2018-08-07 18:00,2.13221,0.0,1.04708,0.08616,0.99898,0.00566,0.0,0.0,0.00566
2018-08-07 18:00:00,2018-08-07 19:00,2.23332,0.0,1.09779,0.10131,1.03422,0.00932,0.0,0.0,0.00932
2018-08-07 19:00:00,2018-08-07 20:00,2.27948,0.0,1.07499,0.06901,1.13548,0.00523,0.0,0.0,0.00523
2018-08-07 20:00:00,2018-08-07 21:00,2.2681,0.00407,0.95626,0.06992,1.23785,0.00371,0.0,0.0,0.00371
2018-08-07 21:00:00,2018-08-07 22:00,2.09286,0.00029,0.80875,0.05344,1.23039,0.00411,0.0,0.0,0.00411
2018-08-07 22:00:00,2018-08-07 23:00,1.60121,0.0,0.66058,0.05421,0.88641,0.00269,0.0,0.0,0.00269
2018-08-07 23:00:00,2018-08-08 00:00,1.16372,0.0,0.53165,0.03699,0.59508,0.0019,0.0,0.0,0.0019
2018-08-08 00:00:00,2018-08-08 01:00,0.99674,0.0,0.45674,0.01619,0.52381,0.00129,0.0,0.0,0.00129
2018-08-08 01:00:00,2018-08-08 02:00,0.94338,0.0,0.40918,0.02628,0.50792,0.00113,0.0,0.0,0.00113
2018-08-08 02:00:00,2018-08-08 03:00,0.83658,0.00913,0.32288,0.01676,0.48782,0.00112,0.0,0.0,0.00112
2018-08-08 03:00:00,2018-08-08 04:00,0.8155,0.00014,0.28667,0.03256,0.49612,0.00151,0.0,0.0,0.00151
2018-08-08 04:00:00,2018-08-08 05:00,0.77428,0.00584,0.22549,0.02968,0.51327,0.0008,0.0,0.0,0.0008
2018-08-08 05:00:00,2018-08-08 06:00,0.77762,0.00696,0.18562,0.06813,0.51691,0.00178,0.0,0.0,0.00178
2018-08-08 06:00:00,2018-08-08 07:00,0.93971,0.00454,0.2045,0.10895,0.62172,0.00228,0.0,0.0,0.00228
2018-08-08 07:00:00,2018-08-08 08:00,1.09055,0.00166,0.27316,0.11588,0.69986,0.00487,0.0,0.0,0.00487
2018-08-08 08:00:00,2018-08-08 09:00,1.23915,0.00232,0.38477,0.09721,0.75485,0.00424,0.0,0.0,0.00424
2018-08-08 09:00:00,2018-08-08 10:00,1.29432,0.00743,0.47431,0.07837,0.73422,0.00391,0.0,0.0,0.00391
2018-08-08 10:00:00,2018-08-08 11:00,1.42369,0.00843,0.60828,0.06434,0.74264,0.00433,0.0,0.0,0.00433
2018-08-08 11:00:00,2018-08-08 12:00,1.5553,0.0,0.78283,0.05659,0.71589,0.00554,0.0,0.0,0.00554
2018-08-08 12:00:00,2018-08-08 13:00,1.84297,0.00204,0.99227,0.07789,0.77077,0.0038,0.0,0.0,0.0038
2018-08-08 13:00:00,2018-08-08 14:00,1.99321,0.0,1.19888,0.09589,0.69845,0.00105,0.0,0.0,0.00105
2018-08-08 14:00:00,2018-08-08 15:00,2.19726,0.0,1.40627,0.07954,0.71145,0.00288,0.0,0.0,0.00288
2018-08-08 15:00:00,2018-08-08 16:00,2.44891,0.0,1.58878,0.08783,0.7723,0.00321,0.0,0.0,0.00321
2018-08-08 16:00:00,2018-08-08 17:00,2.70578,0.0,1.73083,0.08966,0.88529,0.00499,0.0,0.0,0.00499
2018-08-08 17:00:00,2018-08-08 18:00,2.93369,0.0,1.83731,0.09798,0.9984,0.00795,0.0,0.0,0.00795
2018-08-08 18:00:00,2018-08-08 19:00,2.9599,0.0,1.85462,0.08432,1.02096,0.00516,0.0,0.0,0.00516
2018-08-08 19:00:00,2018-08-08 20:00,3.03447,0.0,1.76989,0.08943,1.17516,0.0051,0.0,0.0,0.0051
2018-08-08 20:00:00,2018-08-08 21:00,2.8267,0.00356,1.56591,0.06758,1.18966,0.00602,0.0,0.0,0.00602
2018-08-08 21:00:00,2018-08-08 22:00,2.51395,0.0,1.34716,0.04217,1.12461,0.00501,0.0,0.0,0.00501
2018-08-08 22:00:00,2018-08-08 23:00,2.0745,0.0,1.12469,0.04864,0.90117,0.00235,0.0,0.0,0.00235
2018-08-08 23:00:00,2018-08-09 00:00,1.59817,0.0,0.94761,0.04281,0.60775,0.00195,0.0,0.0,0.00195
2018-08-09 00:00:00,2018-08-09 01:00,1.39329,0.0,0.84358,0.02585,0.52386,0.00032,0.0,0.0,0.00032
2018-08-09 01:00:00,2018-08-09 02:00,1.28769,0.0,0.76739,0.01197,0.50833,0.00018,0.0,0.0,0.00018
2018-08-09 02:00:00,2018-08-09 03:00,1.15754,0.00731,0.64541,0.01758,0.48725,0.00022,0.0,0.0,0.00022
2018-08-09 03:00:00,2018-08-09 04:00,1.11256,0.0,0.58216,0.02867,0.50173,0.00055,0.0,0.0,0.00055
2018-08-09 04:00:00,2018-08-09 05:00,1.04158,0.00446,0.49832,0.03026,0.50854,0.00075,0.0,0.0,0.00075
2018-08-09 05:00:00,2018-08-09 06:00,1.0217,0.0037,0.42682,0.0659,0.52527,0.00034,0.0,0.0,0.00034
2018-08-09 06:00:00,2018-08-09 07:00,1.17291,0.002,0.41937,0.10932,0.64222,0.00334,0.0,0.0,0.00334
2018-08-09 07:00:00,2018-08-09 08:00,1.30102,0.00109,0.48902,0.11194,0.69898,0.00616,0.0,0.0,0.00616
2018-08-09 08:00:00,2018-08-09 09:00,1.44685,0.00183,0.59993,0.10044,0.74466,0.00336,0.0,0.0,0.00336
2018-08-09 09:00:00,2018-08-09 10:00,1.56731,0.00481,0.70685,0.07454,0.78112,0.00171,0.0,0.0,0.00171
2018-08-09 10:00:00,2018-08-09 11:00,1.69602,0.00681,0.88477,0.08536,0.71909,0.00218,0.0,0.0,0.00218
2018-08-09 11:00:00,2018-08-09 12:00,1.84986,0.0,1.08744,0.06618,0.69625,0.00371,0.0,0.0,0.00371
2018-08-09 12:00:00,2018-08-09 13:00,2.04065,0.00206,1.26057,0.07439,0.70363,0.00365,0.0,0.0,0.00365
2018-08-09 13:00:00,2018-08-09 14:00,2.21958,0.0,1.40174,0.09375,0.72409,0.00188,0.0,0.0,0.00188
2018-08-09 14:00:00,2018-08-09 15:00,2.36239,0.0,1.55327,0.09348,0.71564,0.00206,0.0,0.0,0.00206
2018-08-09 15:00:00,2018-08-09 16:00,2.47337,0.0,1.69045,0.06481,0.71812,0.00247,0.0,0.0,0.00247
2018-08-09 16:00:00,2018-08-09 17:00,2.63062,0.0,1.75545,0.08916,0.78601,0.00473,0.0,0.0,0.00473
2018-08-09 17:00:00,2018-08-09 18:00,2.79672,0.0,1.79932,0.08596,0.91144,0.00473,0.0,0.0,0.00473
2018-08-09 18:00:00,2018-08-09 19:00,2.84359,0.0,1.74488,0.10163,0.99708,0.00331,0.0,0.0,0.00331
2018-08-09 19:00:00,2018-08-09 20:00,2.83216,0.0,1.64705,0.08043,1.10468,0.00407,0.0,0.0,0.00407
2018-08-09 20:00:00,2018-08-09 21:00,2.66315,0.00344,1.42006,0.06122,1.17844,0.00203,0.0,0.0,0.00203
2018-08-09 21:00:00,2018-08-09 22:00,2.38645,0.0,1.20628,0.05896,1.12122,0.00179,0.0,0.0,0.00179
2018-08-09 22:00:00,2018-08-09 23:00,1.87706,0.0,1.0108,0.05361,0.81265,0.00092,0.0,0.0,0.00092
2018-08-09 23:00:00,2018-08-10 00:00,1.50974,0.0,0.8554,0.03919,0.61515,0.0013,0.0,0.0,0.0013
2018-08-10 00:00:00,2018-08-10 01:00,1.31812,0.0,0.75399,0.0215,0.54263,0.00049,0.0,0.0,0.00049
2018-08-10 01:00:00,2018-08-10 02:00,1.19876,0.0,0.66734,0.02729,0.50413,0.00018,0.0,0.0,0.00018
2018-08-10 02:00:00,2018-08-10 03:00,1.06141,0.00749,0.54709,0.02132,0.48551,0.00015,0.0,0.0,0.00015
2018-08-10 03:00:00,2018-08-10 04:00,0.99051,0.0,0.48496,0.01656,0.48899,0.00058,0.0,0.0,0.00058
2018-08-10 04:00:00,2018-08-10 05:00,0.92367,0.00454,0.40371,0.02849,0.48694,0.00066,0.0,0.0,0.00066
2018-08-10 05:00:00,2018-08-10 06:00,0.9589,0.00405,0.35586,0.07519,0.5238,0.00166,0.0,0.0,0.00166
2018-08-10 06:00:00,2018-08-10 07:00,1.08914,0.00224,0.34415,0.1122,0.63056,0.00466,0.0,0.0,0.00466
2018-08-10 07:00:00,2018-08-10 08:00,1.19808,0.00126,0.43243,0.0997,0.66468,0.00395,0.0,0.0,0.00395
2018-08-10 08:00:00,2018-08-10 09:00,1.32767,0.00187,0.56208,0.08476,0.67895,0.00408,0.0,0.0,0.00408
2018-08-10 09:00:00,2018-08-10 10:00,1.48766,0.00459,0.65139,0.10337,0.72832,0.00335,0.0,0.0,0.00335
2018-08-10 10:00:00,2018-08-10 11:00,1.65578,0.00719,0.81368,0.07317,0.76174,0.0039,0.0,0.0,0.0039
2018-08-10 11:00:00,2018-08-10 12:00,1.81938,0.0,1.00835,0.06368,0.74735,0.00579,0.0,0.0,0.00579
2018-08-10 12:00:00,2018-08-10 13:00,2.00872,0.00206,1.18479,0.07721,0.74466,0.00517,0.0,0.0,0.00517
2018-08-10 13:00:00,2018-08-10 14:00,2.1095,0.0,1.31829,0.07632,0.71489,0.00186,0.0,0.0,0.00186
2018-08-10 14:00:00,2018-08-10 15:00,2.26634,0.0,1.47253,0.0934,0.7004,0.0018,0.0,0.0,0.0018
2018-08-10 15:00:00,2018-08-10 16:00,2.45513,0.0,1.62525,0.08479,0.74509,0.00367,0.0,0.0,0.00367
2018-08-10 16:00:00,2018-08-10 17:00,2.71614,0.0,1.74984,0.07206,0.89423,0.00488,0.0,0.0,0.00488
2018-08-10 17:00:00,2018-08-10 18:00,2.8775,0.0,1.83603,0.07339,0.96808,0.00587,0.0,0.0,0.00587
2018-08-10 18:00:00,2018-08-10 19:00,2.92492,0.0,1.78485,0.0953,1.04477,0.00488,0.0,0.0,0.00488
2018-08-10 19:00:00,2018-08-10 20:00,2.90609,0.0,1.67201,0.08266,1.15142,0.00305,0.0,0.0,0.00305
2018-08-10 20:00:00,2018-08-10 21:00,2.75338,0.00344,1.46447,0.08177,1.20371,0.00322,0.0,0.0,0.00322
2018-08-10 21:00:00,2018-08-10 22:00,2.49934,0.0,1.23711,0.05905,1.20318,0.0051,0.0,0.0,0.0051
2018-08-10 22:00:00,2018-08-10 23:00,1.93862,0.0,1.02177,0.05268,0.86417,0.00255,0.0,0.0,0.00255
2018-08-10 23:00:00,2018-08-11 00:00,1.48407,0.0,0.84758,0.02247,0.61402,0.00105,0.0,0.0,0.00105
2018-08-11 00:00:00,2018-08-11 01:00,1.33312,0.0,0.73669,0.03314,0.56328,0.00118,0.0,0.0,0.00118
2018-08-11 01:00:00,2018-08-11 02:00,1.23131,0.0,0.6598,0.03025,0.54126,0.00018,0.0,0.0,0.00018
2018-08-11 02:00:00,2018-08-11 03:00,1.07499,0.00738,0.54138,0.03154,0.49469,0.00015,0.0,0.0,0.00015
2018-08-11 03:00:00,2018-08-11 04:00,0.99272,0.0,0.48575,0.01907,0.48789,0.00013,0.0,0.0,0.00013
2018-08-11 04:00:00,2018-08-11 05:00,0.94466,0.00461,0.41622,0.03158,0.49225,0.00031,0.0,0.0,0.00031
2018-08-11 05:00:00,2018-08-11 06:00,0.92758,0.00441,0.35544,0.03938,0.52835,0.00045,0.0,0.0,0.00045
2018-08-11 06:00:00,2018-08-11 07:00,0.97562,0.00218,0.33622,0.06723,0.56999,0.00192,0.0,0.0,0.00192
2018-08-11 07:00:00,2018-08-11 08:00,1.1206,0.00143,0.383,0.07422,0.66195,0.00255,0.0,0.0,0.00255
2018-08-11 08:00:00,2018-08-11 09:00,1.34274,0.00059,0.48509,0.10286,0.75421,0.00403,0.0,0.0,0.00403
2018-08-11 09:00:00,2018-08-11 10:00,1.51587,0.0048,0.61256,0.11756,0.78095,0.00503,0.0,0.0,0.00503
2018-08-11 10:00:00,2018-08-11 11:00,1.67739,0.00801,0.7752,0.12394,0.77024,0.00329,0.0,0.0,0.00329
2018-08-11 11:00:00,2018-08-11 12:00,1.8465,0.0,0.98339,0.08362,0.77949,0.0066,0.0,0.0,0.0066
2018-08-11 12:00:00,2018-08-11 13:00,2.0527,0.00205,1.17927,0.0895,0.78189,0.00546,0.0,0.0,0.00546
2018-08-11 13:00:00,2018-08-11 14:00,2.21686,0.0,1.35829,0.08376,0.77481,0.00429,0.0,0.0,0.00429
2018-08-11 14:00:00,2018-08-11 15:00,2.42825,0.0,1.52975,0.0978,0.8007,0.00232,0.0,0.0,0.00232
2018-08-11 15:00:00,2018-08-11 16:00,2.60539,0.0,1.67651,0.08088,0.848,0.00344,0.0,0.0,0.00344
2018-08-11 16:00:00,2018-08-11 17:00,2.7244,0.0,1.76294,0.08693,0.87453,0.00453,0.0,0.0,0.00453
2018-08-11 17:00:00,2018-08-11 18:00,2.92486,0.0,1.80281,0.10291,1.01914,0.00556,0.0,0.0,0.00556
2018-08-11 18:00:00,2018-08-11 19:00,2.94881,0.0,1.72339,0.0987,1.12673,0.00415,0.0,0.0,0.00415
2018-08-11 19:00:00,2018-08-11 20:00,2.9726,0.0,1.59081,0.07367,1.30812,0.00398,0.0,0.0,0.00398
2018-08-11 20:00:00,2018-08-11 21:00,2.70275,0.0,1.40392,0.06456,1.23426,0.00418,0.0,0.0,0.00418
2018-08-11 21:00:00,2018-08-11 22:00,2.38683,0.0,1.19635,0.04699,1.14349,0.00279,0.0,0.0,0.00279
2018-08-11 22:00:00,2018-08-11 23:00,1.97303,0.0,0.99597,0.04623,0.93083,0.00182,0.0,0.0,0.00182
2018-08-11 23:00:00,2018-08-12 00:00,1.56165,0.0,0.83025,0.04874,0.68267,0.00249,0.0,0.0,0.00249
2018-08-12 00:00:00,2018-08-12 01:00,1.33262,0.0,0.72537,0.03551,0.57174,0.00166,0.0,0.0,0.00166
2018-08-12 01:00:00,2018-08-12 02:00,1.20617,0.0,0.65575,0.0259,0.52453,0.0003,0.0,0.0,0.0003
2018-08-12 02:00:00,2018-08-12 03:00,1.0865,0.0075,0.54492,0.03212,0.50196,0.001,0.0,0.0,0.001
2018-08-12 03:00:00,2018-08-12 04:00,1.00964,0.0,0.48743,0.03354,0.48867,0.00013,0.0,0.0,0.00013
2018-08-12 04:00:00,2018-08-12 05:00,0.95021,0.00457,0.4231,0.03181,0.49074,0.00147,0.0,0.0,0.00147
2018-08-12 05:00:00,2018-08-12 06:00,0.90679,0.00409,0.36174,0.03621,0.50474,0.00054,0.0,0.0,0.00054
2018-08-12 06:00:00,2018-08-12 07:00,0.95235,0.00223,0.3461,0.05321,0.5508,0.00088,0.0,0.0,0.00088
2018-08-12 07:00:00,2018-08-12 08:00,1.11966,0.00127,0.42091,0.07359,0.62388,0.00296,0.0,0.0,0.00296
2018-08-12 08:00:00,2018-08-12 09:00,1.40397,0.00054,0.55729,0.09998,0.74616,0.00405,0.0,0.0,0.00405
2018-08-12 09:00:00,2018-08-12 10:00,1.64765,0.00476,0.71522,0.11608,0.81159,0.0046,0.0,0.0,0.0046
2018-08-12 10:00:00,2018-08-12 11:00,1.81037,0.00721,0.90796,0.08678,0.80843,0.00347,0.0,0.0,0.00347
2018-08-12 11:00:00,2018-08-12 12:00,1.94765,0.0,1.10458,0.11227,0.7308,0.0054,0.0,0.0,0.0054
2018-08-12 12:00:00,2018-08-12 13:00,2.16497,0.00208,1.27439,0.10345,0.78505,0.00448,0.0,0.0,0.00448
2018-08-12 13:00:00,2018-08-12 14:00,2.25961,0.0,1.40883,0.07129,0.77949,0.00277,0.0,0.0,0.00277
2018-08-12 14:00:00,2018-08-12 15:00,2.41645,0.0,1.57225,0.09288,0.75132,0.00391,0.0,0.0,0.00391
2018-08-12 15:00:00,2018-08-12 16:00,2.69812,0.0,1.73967,0.09771,0.86074,0.00518,0.0,0.0,0.00518
2018-08-12 16:00:00,2018-08-12 17:00,2.90452,0.0,1.84105,0.07337,0.99011,0.00524,0.0,0.0,0.00524
2018-08-12 17:00:00,2018-08-12 18:00,3.03195,0.0,1.89635,0.10555,1.03004,0.00628,0.0,0.0,0.00628
2018-08-12 18:00:00,2018-08-12 19:00,3.06076,0.0,1.84453,0.10367,1.11256,0.00525,0.0,0.0,0.00525
2018-08-12 19:00:00,2018-08-12 20:00,3.01474,0.0,1.7381,0.06869,1.20796,0.00543,0.0,0.0,0.00543
2018-08-12 20:00:00,2018-08-12 21:00,2.85019,0.0,1.51797,0.07289,1.25934,0.00625,0.0,0.0,0.00625
2018-08-12 21:00:00,2018-08-12 22:00,2.60211,0.0,1.3191,0.05521,1.22781,0.00416,0.0,0.0,0.00416
2018-08-12 22:00:00,2018-08-12 23:00,2.06497,0.0,1.12707,0.04936,0.88855,0.00243,0.0,0.0,0.00243
2018-08-12 23:00:00,2018-08-13 00:00,1.66204,0.0,0.96778,0.0364,0.65785,0.00158,0.0,0.0,0.00158
2018-08-13 00:00:00,2018-08-13 01:00,1.43178,0.0,0.87655,0.02206,0.53317,0.00246,0.0,0.0,0.00246
2018-08-13 01:00:00,2018-08-13 02:00,1.35937,0.0,0.81997,0.02952,0.50987,0.00135,0.0,0.0,0.00135
2018-08-13 02:00:00,2018-08-13 03:00,1.24518,0.00654,0.71027,0.03399,0.49437,0.00061,0.0,0.0,0.00061
2018-08-13 03:00:00,2018-08-13 04:00,1.17252,0.0,0.65215,0.02178,0.49858,0.0003,0.0,0.0,0.0003
2018-08-13 04:00:00,2018-08-13 05:00,1.12481,0.00447,0.58334,0.0338,0.5032,0.00052,0.0,0.0,0.00052
2018-08-13 05:00:00,2018-08-13 06:00,1.13021,0.00312,0.52208,0.07523,0.52978,0.00097,0.0,0.0,0.00097
2018-08-13 06:00:00,2018-08-13 07:00,1.23182,0.00127,0.51045,0.09341,0.62668,0.00454,0.0,0.0,0.00454
2018-08-13 07:00:00,2018-08-13 08:00,1.3814,0.00067,0.58656,0.1096,0.68457,0.00477,0.0,0.0,0.00477
2018-08-13 08:00:00,2018-08-13 09:00,1.51086,0.00179,0.71939,0.10072,0.68895,0.00385,0.0,0.0,0.00385
2018-08-13 09:00:00,2018-08-13 10:00,1.66126,0.00459,0.84528,0.08563,0.72576,0.00304,0.0,0.0,0.00304
2018-08-13 10:00:00,2018-08-13 11:00,1.78926,0.00588,1.02576,0.06092,0.69669,0.00153,0.0,0.0,0.00153
2018-08-13 11:00:00,2018-08-13 12:00,1.98675,0.0,1.23974,0.08226,0.66474,0.00308,0.0,0.0,0.00308
2018-08-13 12:00:00,2018-08-13 13:00,2.2635,0.00214,1.45319,0.06695,0.74122,0.00361,0.0,0.0,0.00361
2018-08-13 13:00:00,2018-08-13 14:00,2.38801,0.0,1.62372,0.06619,0.6981,0.00262,0.0,0.0,0.00262
2018-08-13 14:00:00,2018-08-13 15:00,2.49419,0.0,1.76937,0.07083,0.65399,0.00349,0.0,0.0,0.00349
2018-08-13 15:00:00,2018-08-13 16:00,2.70031,0.0,1.89428,0.07988,0.72615,0.00288,0.0,0.0,0.00288
2018-08-13 16:00:00,2018-08-13 17:00,2.85795,0.0,1.9616,0.08611,0.81024,0.00367,0.0,0.0,0.00367
2018-08-13 17:00:00,2018-08-13 18:00,3.04262,0.0,2.01338,0.07936,0.94987,0.00494,0.0,0.0,0.00494
2018-08-13 18:00:00,2018-08-13 19:00,3.09933,0.0,1.96528,0.08329,1.05075,0.0043,0.0,0.0,0.0043
2018-08-13 19:00:00,2018-08-13 20:00,3.05415,0.0,1.85032,0.0843,1.11954,0.00406,0.0,0.0,0.00406
2018-08-13 20:00:00,2018-08-13 21:00,2.87041,0.00349,1.6271,0.06212,1.17769,0.00224,0.0,0.0,0.00224
2018-08-13 21:00:00,2018-08-13 22:00,2.67721,0.0,1.43324,0.06397,1.18,0.00532,0.0,0.0,0.00532
2018-08-13 22:00:00,2018-08-13 23:00,2.172,0.0,1.23893,0.03959,0.89349,0.00121,0.0,0.0,0.00121
2018-08-13 23:00:00,2018-08-14 00:00,1.76726,0.0,1.08478,0.02975,0.65274,0.00366,0.0,0.0,0.00366
2018-08-14 00:00:00,2018-08-14 01:00,1.56884,0.0,0.99212,0.03123,0.54549,0.00053,0.0,0.0,0.00053
2018-08-14 01:00:00,2018-08-14 02:00,1.46456,0.0,0.92156,0.02698,0.51603,0.00018,0.0,0.0,0.00018
2018-08-14 02:00:00,2018-08-14 03:00,1.33606,0.00455,0.80315,0.02943,0.49893,0.00015,0.0,0.0,0.00015
2018-08-14 03:00:00,2018-08-14 04:00,1.27536,0.0,0.75143,0.02935,0.49458,0.00032,0.0,0.0,0.00032
2018-08-14 04:00:00,2018-08-14 05:00,1.21104,0.00437,0.67813,0.03786,0.49067,0.00031,0.0,0.0,0.00031
2018-08-14 05:00:00,2018-08-14 06:00,1.20711,0.003,0.60988,0.07071,0.52352,0.00234,0.0,0.0,0.00234
2018-08-14 06:00:00,2018-08-14 07:00,1.28684,0.001,0.57965,0.10161,0.60458,0.00324,0.0,0.0,0.00324
2018-08-14 07:00:00,2018-08-14 08:00,1.43061,0.00059,0.61483,0.10242,0.71277,0.00312,0.0,0.0,0.00312
2018-08-14 08:00:00,2018-08-14 09:00,1.61908,0.00191,0.71966,0.0991,0.7984,0.00394,0.0,0.0,0.00394
2018-08-14 09:00:00,2018-08-14 10:00,1.58991,0.00461,0.77996,0.07714,0.7282,0.00413,0.0,0.0,0.00413
2018-08-14 10:00:00,2018-08-14 11:00,1.64222,0.00602,0.89728,0.07865,0.66027,0.00273,0.0,0.0,0.00273
2018-08-14 11:00:00,2018-08-14 12:00,1.81174,0.0,1.05033,0.0664,0.69502,0.00405,0.0,0.0,0.00405
2018-08-14 12:00:00,2018-08-14 13:00,1.95541,0.00205,1.16882,0.06752,0.71703,0.00306,0.0,0.0,0.00306
2018-08-14 13:00:00,2018-08-14 14:00,2.06865,0.0,1.27489,0.09293,0.70084,0.00239,0.0,0.0,0.00239
2018-08-14 14:00:00,2018-08-14 15:00,2.2451,0.0,1.45285,0.08958,0.70268,0.00354,0.0,0.0,0.00354
2018-08-14 15:00:00,2018-08-14 16:00,2.3974,0.0,1.64428,0.0742,0.67892,0.00253,0.0,0.0,0.00253
2018-08-14 16:00:00,2018-08-14 17:00,2.56586,0.0,1.6639,0.0737,0.82826,0.00411,0.0,0.0,0.00411
2018-08-14 17:00:00,2018-08-14 18:00,2.60013,0.0,1.57671,0.0809,0.94252,0.00485,0.0,0.0,0.00485
2018-08-14 18:00:00,2018-08-14 19:00,2.6105,0.0,1.47361,0.08475,1.05214,0.00278,0.0,0.0,0.00278
2018-08-14 19:00:00,2018-08-14 20:00,2.64607,0.0,1.39668,0.08245,1.16694,0.00268,0.0,0.0,0.00268
2018-08-14 20:00:00,2018-08-14 21:00,2.51235,0.00336,1.26531,0.05757,1.18612,0.00345,0.0,0.0,0.00345
2018-08-14 21:00:00,2018-08-14 22:00,2.31751,0.0,1.12914,0.04058,1.14779,0.00372,0.0,0.0,0.00372
2018-08-14 22:00:00,2018-08-14 23:00,1.8671,0.0,0.97165,0.04105,0.8544,0.00307,0.0,0.0,0.00307
2018-08-14 23:00:00,2018-08-15 00:00,1.53864,0.0,0.82522,0.05248,0.66093,0.00143,0.0,0.0,0.00143
2018-08-15 00:00:00,2018-08-15 01:00,1.33066,0.0,0.739,0.03452,0.55714,0.00058,0.0,0.0,0.00058
2018-08-15 01:00:00,2018-08-15 02:00,1.21469,0.0,0.68027,0.02553,0.50888,0.00018,0.0,0.0,0.00018
2018-08-15 02:00:00,2018-08-15 03:00,1.09143,0.00729,0.57519,0.02327,0.4857,0.00015,0.0,0.0,0.00015
2018-08-15 03:00:00,2018-08-15 04:00,1.03879,0.0,0.52536,0.02096,0.49246,0.0003,0.0,0.0,0.0003
2018-08-15 04:00:00,2018-08-15 05:00,0.97214,0.00454,0.45268,0.02968,0.48523,0.00061,0.0,0.0,0.00061
2018-08-15 05:00:00,2018-08-15 06:00,0.97725,0.00348,0.3831,0.05753,0.53314,0.00161,0.0,0.0,0.00161
2018-08-15 06:00:00,2018-08-15 07:00,1.12263,0.00202,0.36275,0.09946,0.65839,0.00382,0.0,0.0,0.00382
2018-08-15 07:00:00,2018-08-15 08:00,1.28004,0.00134,0.38507,0.09773,0.7959,0.0046,0.0,0.0,0.0046
2018-08-15 08:00:00,2018-08-15 09:00,1.32581,0.00202,0.47286,0.10268,0.74825,0.00486,0.0,0.0,0.00486
2018-08-15 09:00:00,2018-08-15 10:00,1.36026,0.00474,0.5825,0.07635,0.69667,0.00533,0.0,0.0,0.00533
2018-08-15 10:00:00,2018-08-15 11:00,1.58,0.00745,0.73456,0.09352,0.74448,0.00533,0.0,0.0,0.00533
2018-08-15 11:00:00,2018-08-15 12:00,1.67675,0.0,0.89057,0.08377,0.70241,0.00171,0.0,0.0,0.00171
2018-08-15 12:00:00,2018-08-15 13:00,1.86363,0.002,1.05856,0.058,0.74507,0.00283,0.0,0.0,0.00283
2018-08-15 13:00:00,2018-08-15 14:00,2.02252,0.0,1.20632,0.08302,0.73318,0.00178,0.0,0.0,0.00178
2018-08-15 14:00:00,2018-08-15 15:00,2.13838,0.0,1.36867,0.08804,0.68167,0.00366,0.0,0.0,0.00366
2018-08-15 15:00:00,2018-08-15 16:00,2.32573,0.0,1.51682,0.08169,0.72722,0.0043,0.0,0.0,0.0043
2018-08-15 16:00:00,2018-08-15 17:00,2.52547,0.0,1.60666,0.08608,0.83273,0.00577,0.0,0.0,0.00577
2018-08-15 17:00:00,2018-08-15 18:00,2.73359,0.0,1.71042,0.07588,0.9473,0.00602,0.0,0.0,0.00602
2018-08-15 18:00:00,2018-08-15 19:00,2.8077,0.0,1.69434,0.08254,1.03083,0.00786,0.0,0.0,0.00786
2018-08-15 19:00:00,2018-08-15 20:00,2.79141,0.0,1.60439,0.07643,1.11059,0.00311,0.0,0.0,0.00311
2018-08-15 20:00:00,2018-08-15 21:00,2.70671,0.00342,1.41207,0.06665,1.22457,0.00305,0.0,0.0,0.00305
2018-08-15 21:00:00,2018-08-15 22:00,2.49377,0.0,1.22796,0.04556,1.22025,0.00285,0.0,0.0,0.00285
2018-08-15 22:00:00,2018-08-15 23:00,1.95745,0.0,1.04216,0.05062,0.86468,0.00162,0.0,0.0,0.00162
2018-08-15 23:00:00,2018-08-16 00:00,1.5405,0.0,0.88035,0.04518,0.61497,0.00329,0.0,0.0,0.00329
2018-08-16 00:00:00,2018-08-16 01:00,1.34594,0.0,0.77927,0.03241,0.53426,0.00234,0.0,0.0,0.00234
2018-08-16 01:00:00,2018-08-16 02:00,1.25993,0.0,0.71506,0.02669,0.51817,0.00148,0.0,0.0,0.00148
2018-08-16 02:00:00,2018-08-16 03:00,1.12139,0.00703,0.60148,0.01932,0.49356,0.00015,0.0,0.0,0.00015
2018-08-16 03:00:00,2018-08-16 04:00,1.07053,0.0,0.5431,0.03536,0.49207,0.00062,0.0,0.0,0.00062
2018-08-16 04:00:00,2018-08-16 05:00,1.00273,0.00449,0.46942,0.03671,0.49211,0.00077,0.0,0.0,0.00077
2018-08-16 05:00:00,2018-08-16 06:00,1.05605,0.00367,0.41299,0.08225,0.55714,0.00295,0.0,0.0,0.00295
2018-08-16 06:00:00,2018-08-16 07:00,1.19695,0.00187,0.39597,0.101,0.69811,0.00376,0.0,0.0,0.00376
2018-08-16 07:00:00,2018-08-16 08:00,1.28372,0.00127,0.44939,0.1035,0.72955,0.00385,0.0,0.0,0.00385
2018-08-16 08:00:00,2018-08-16 09:00,1.41335,0.00188,0.54573,0.09194,0.7738,0.00472,0.0,0.0,0.00472
2018-08-16 09:00:00,2018-08-16 10:00,1.45731,0.00477,0.63748,0.09855,0.7165,0.0029,0.0,0.0,0.0029
2018-08-16 10:00:00,2018-08-16 11:00,1.60255,0.00699,0.80386,0.07208,0.71962,0.00363,0.0,0.0,0.00363
2018-08-16 11:00:00,2018-08-16 12:00,1.79117,0.0,1.00151,0.06814,0.72153,0.00444,0.0,0.0,0.00444
2018-08-16 12:00:00,2018-08-16 13:00,1.94359,0.00204,1.16205,0.08567,0.69382,0.00363,0.0,0.0,0.00363
2018-08-16 13:00:00,2018-08-16 14:00,2.06663,0.0,1.28488,0.07994,0.70181,0.00277,0.0,0.0,0.00277
2018-08-16 14:00:00,2018-08-16 15:00,2.10166,0.0,1.35919,0.07682,0.66565,0.00339,0.0,0.0,0.00339
2018-08-16 15:00:00,2018-08-16 16:00,2.20735,0.0,1.38602,0.08496,0.73637,0.00365,0.0,0.0,0.00365
2018-08-16 16:00:00,2018-08-16 17:00,2.35226,0.0,1.40646,0.07288,0.87292,0.00681,0.0,0.0,0.00681
2018-08-16 17:00:00,2018-08-16 18:00,2.54391,0.0,1.49758,0.10276,0.94357,0.00552,0.0,0.0,0.00552
2018-08-16 18:00:00,2018-08-16 19:00,2.67881,0.0,1.49898,0.09386,1.08598,0.0054,0.0,0.0,0.0054
2018-08-16 19:00:00,2018-08-16 20:00,2.60537,0.0,1.41333,0.07921,1.11284,0.00503,0.0,0.0,0.00503
2018-08-16 20:00:00,2018-08-16 21:00,2.51795,0.00333,1.25874,0.06376,1.19213,0.00311,0.0,0.0,0.00311
2018-08-16 21:00:00,2018-08-16 22:00,2.28732,0.0,1.1193,0.0545,1.11352,0.00267,0.0,0.0,0.00267
2018-08-16 22:00:00,2018-08-16 23:00,1.87596,0.0,0.95668,0.0439,0.87538,0.00102,0.0,0.0,0.00102
2018-08-16 23:00:00,2018-08-17 00:00,1.44523,0.0,0.80249,0.02469,0.61804,0.001,0.0,0.0,0.001
2018-08-17 00:00:00,2018-08-17 01:00,1.27579,0.0,0.7075,0.0242,0.5441,0.00071,0.0,0.0,0.00071
2018-08-17 01:00:00,2018-08-17 02:00,1.16957,0.0,0.6354,0.02009,0.51407,0.00058,0.0,0.0,0.00058
2018-08-17 02:00:00,2018-08-17 03:00,1.05703,0.00738,0.53199,0.03056,0.48711,0.00018,0.0,0.0,0.00018
2018-08-17 03:00:00,2018-08-17 04:00,1.00487,0.0,0.49233,0.02182,0.49072,0.00035,0.0,0.0,0.00035
2018-08-17 04:00:00,2018-08-17 05:00,0.98636,0.00458,0.43162,0.04775,0.50242,0.00091,0.0,0.0,0.00091
2018-08-17 05:00:00,2018-08-17 06:00,0.99091,0.00472,0.3679,0.0672,0.55109,0.00132,0.0,0.0,0.00132
2018-08-17 06:00:00,2018-08-17 07:00,1.08335,0.0022,0.34085,0.10401,0.63629,0.0029,0.0,0.0,0.0029
2018-08-17 07:00:00,2018-08-17 08:00,1.21285,0.00127,0.39991,0.1165,0.69516,0.00406,0.0,0.0,0.00406
2018-08-17 08:00:00,2018-08-17 09:00,1.44417,0.00179,0.52357,0.10818,0.81064,0.00442,0.0,0.0,0.00442
2018-08-17 09:00:00,2018-08-17 10:00,1.48466,0.00475,0.63036,0.08488,0.76467,0.00362,0.0,0.0,0.00362
2018-08-17 10:00:00,2018-08-17 11:00,1.58525,0.00723,0.76089,0.08186,0.73526,0.00229,0.0,0.0,0.00229
2018-08-17 11:00:00,2018-08-17 12:00,1.60763,0.0,0.8853,0.07319,0.64915,0.00292,0.0,0.0,0.00292
2018-08-17 12:00:00,2018-08-17 13:00,1.74271,0.00197,1.00709,0.0702,0.66344,0.00486,0.0,0.0,0.00486
2018-08-17 13:00:00,2018-08-17 14:00,1.84187,0.0,1.09697,0.07712,0.66778,0.00288,0.0,0.0,0.00288
2018-08-17 14:00:00,2018-08-17 15:00,2.00636,0.0,1.21416,0.0835,0.7087,0.00264,0.0,0.0,0.00264
2018-08-17 15:00:00,2018-08-17 16:00,2.15005,0.0,1.34625,0.10063,0.70317,0.00191,0.0,0.0,0.00191
2018-08-17 16:00:00,2018-08-17 17:00,2.35615,0.0003,1.46493,0.08035,0.81057,0.00647,0.0,0.0,0.00647
2018-08-17 17:00:00,2018-08-17 18:00,2.55756,0.0,1.56196,0.06705,0.92856,0.01009,0.0,0.0,0.01009
2018-08-17 18:00:00,2018-08-17 19:00,2.59012,0.0,1.51849,0.07153,1.00009,0.00496,0.0,0.0,0.00496
2018-08-17 19:00:00,2018-08-17 20:00,2.63776,0.0,1.40824,0.0879,1.14162,0.00392,0.0,0.0,0.00392
2018-08-17 20:00:00,2018-08-17 21:00,2.53008,0.00335,1.20907,0.07016,1.2475,0.00541,0.0,0.0,0.00541
2018-08-17 21:00:00,2018-08-17 22:00,2.19748,0.0,1.01649,0.0593,1.12169,0.00536,0.0,0.0,0.00536
2018-08-17 22:00:00,2018-08-17 23:00,1.73221,0.0,0.84016,0.05257,0.83948,0.00466,0.0,0.0,0.00466
2018-08-17 23:00:00,2018-08-18 00:00,1.36112,0.0,0.69721,0.05107,0.61284,0.00171,0.0,0.0,0.00171
2018-08-18 00:00:00,2018-08-18 01:00,1.17542,0.0,0.60498,0.02811,0.54233,0.00145,0.0,0.0,0.00145
2018-08-18 01:00:00,2018-08-18 02:00,1.12392,0.0,0.54972,0.01634,0.55785,0.00134,0.0,0.0,0.00134
2018-08-18 02:00:00,2018-08-18 03:00,0.9684,0.00801,0.44981,0.01715,0.49343,0.00088,0.0,0.0,0.00088
2018-08-18 03:00:00,2018-08-18 04:00,0.93476,0.0,0.40569,0.02893,0.50014,0.00022,0.0,0.0,0.00022
2018-08-18 04:00:00,2018-08-18 05:00,0.86617,0.00487,0.34366,0.02629,0.49135,0.00017,0.0,0.0,0.00017
2018-08-18 05:00:00,2018-08-18 06:00,0.82261,0.00544,0.28489,0.02622,0.50605,0.00021,0.0,0.0,0.00021
2018-08-18 06:00:00,2018-08-18 07:00,0.8718,0.00254,0.26554,0.04482,0.5589,0.00099,0.0,0.0,0.00099
2018-08-18 07:00:00,2018-08-18 08:00,1.05535,0.00239,0.30248,0.07917,0.67131,0.0028,0.0,0.0,0.0028
2018-08-18 08:00:00,2018-08-18 09:00,1.26393,0.00102,0.38188,0.10514,0.77588,0.00376,0.0,0.0,0.00376
2018-08-18 09:00:00,2018-08-18 10:00,1.4312,0.00482,0.47102,0.10429,0.85108,0.00414,0.0,0.0,0.00414
2018-08-18 10:00:00,2018-08-18 11:00,1.60067,0.00877,0.60269,0.09651,0.89269,0.00413,0.0,0.0,0.00413
2018-08-18 11:00:00,2018-08-18 12:00,1.74739,0.0,0.79333,0.08024,0.87382,0.00499,0.0,0.0,0.00499
2018-08-18 12:00:00,2018-08-18 13:00,1.94535,0.00199,0.99438,0.0978,0.85118,0.00749,0.0,0.0,0.00749
2018-08-18 13:00:00,2018-08-18 14:00,2.14426,0.0,1.18386,0.10063,0.85976,0.00617,0.0,0.0,0.00617
2018-08-18 14:00:00,2018-08-18 15:00,2.24151,0.0,1.34595,0.10601,0.78956,0.00504,0.0,0.0,0.00504
2018-08-18 15:00:00,2018-08-18 16:00,2.44313,0.0,1.47327,0.10374,0.86612,0.00368,0.0,0.0,0.00368
2018-08-18 16:00:00,2018-08-18 17:00,2.55662,0.0,1.55134,0.09792,0.90736,0.00426,0.0,0.0,0.00426
2018-08-18 17:00:00,2018-08-18 18:00,2.72754,0.0,1.6077,0.08988,1.02996,0.00519,0.0,0.0,0.00519
2018-08-18 18:00:00,2018-08-18 19:00,2.68613,0.0,1.53828,0.0699,1.07795,0.00547,0.0,0.0,0.00547
2018-08-18 19:00:00,2018-08-18 20:00,2.71645,0.0,1.41633,0.08579,1.21433,0.00354,0.0,0.0,0.00354
2018-08-18 20:00:00,2018-08-18 21:00,2.58234,0.0,1.24409,0.07404,1.26421,0.00404,0.0,0.0,0.00404
2018-08-18 21:00:00,2018-08-18 22:00,2.3173,0.0,1.06385,0.05149,1.20197,0.00405,0.0,0.0,0.00405
2018-08-18 22:00:00,2018-08-18 23:00,1.83425,0.0,0.88866,0.04069,0.9049,0.00218,0.0,0.0,0.00218
2018-08-18 23:00:00,2018-08-19 00:00,1.46991,0.0,0.74091,0.04586,0.68314,0.0011,0.0,0.0,0.0011
2018-08-19 00:00:00,2018-08-19 01:00,1.24423,0.0,0.65895,0.03097,0.5543,0.00101,0.0,0.0,0.00101
2018-08-19 01:00:00,2018-08-19 02:00,1.1643,0.0,0.61291,0.02979,0.5216,0.00027,0.0,0.0,0.00027
2018-08-19 02:00:00,2018-08-19 03:00,1.04752,0.00749,0.51785,0.03119,0.49099,0.00044,0.0,0.0,0.00044
2018-08-19 03:00:00,2018-08-19 04:00,0.99001,0.0,0.46781,0.02831,0.4939,0.00027,0.0,0.0,0.00027
2018-08-19 04:00:00,2018-08-19 05:00,0.93688,0.00477,0.40101,0.04083,0.49026,0.00044,0.0,0.0,0.00044
2018-08-19 05:00:00,2018-08-19 06:00,0.89666,0.00515,0.34509,0.03759,0.50883,0.00045,0.0,0.0,0.00045
2018-08-19 06:00:00,2018-08-19 07:00,0.93364,0.00216,0.331,0.05368,0.54681,0.00143,0.0,0.0,0.00143
2018-08-19 07:00:00,2018-08-19 08:00,1.03336,0.00124,0.35837,0.0744,0.59935,0.00182,0.0,0.0,0.00182
2018-08-19 08:00:00,2018-08-19 09:00,1.28513,0.0007,0.44297,0.08514,0.75632,0.00604,0.0,0.0,0.00604
2018-08-19 09:00:00,2018-08-19 10:00,1.41365,0.0048,0.52339,0.10786,0.77759,0.00524,0.0,0.0,0.00524
2018-08-19 10:00:00,2018-08-19 11:00,1.61808,0.00811,0.65251,0.10115,0.8563,0.00482,0.0,0.0,0.00482
2018-08-19 11:00:00,2018-08-19 12:00,1.71285,0.0,0.82211,0.08451,0.80623,0.0033,0.0,0.0,0.0033
2018-08-19 12:00:00,2018-08-19 13:00,1.9036,0.00201,0.98796,0.0849,0.82874,0.00642,0.0,0.0,0.00642
2018-08-19 13:00:00,2018-08-19 14:00,2.01874,0.0,1.12453,0.09995,0.79425,0.00246,0.0,0.0,0.00246
2018-08-19 14:00:00,2018-08-19 15:00,2.13394,0.0,1.26761,0.10495,0.76139,0.00242,0.0,0.0,0.00242
2018-08-19 15:00:00,2018-08-19 16:00,2.31604,0.0,1.39572,0.08927,0.83105,0.0033,0.0,0.0,0.0033
2018-08-19 16:00:00,2018-08-19 17:00,2.49533,0.0,1.46739,0.07886,0.94908,0.00426,0.0,0.0,0.00426
2018-08-19 17:00:00,2018-08-19 18:00,2.60838,0.0,1.49497,0.10845,1.00495,0.00449,0.0,0.0,0.00449
2018-08-19 18:00:00,2018-08-19 19:00,2.55625,0.0,1.41357,0.07713,1.06555,0.00405,0.0,0.0,0.00405
2018-08-19 19:00:00,2018-08-19 20:00,2.59387,0.0,1.31577,0.0807,1.1974,0.00391,0.0,0.0,0.00391
2018-08-19 20:00:00,2018-08-19 21:00,2.51399,0.0,1.21631,0.06322,1.23446,0.00458,0.0,0.0,0.00458
2018-08-19 21:00:00,2018-08-19 22:00,2.32855,0.0,1.10399,0.04487,1.17968,0.00271,0.0,0.0,0.00271
2018-08-19 22:00:00,2018-08-19 23:00,1.95803,0.0,0.97373,0.05074,0.93356,0.00367,0.0,0.0,0.00367
2018-08-19 23:00:00,2018-08-20 00:00,1.49348,0.0,0.8384,0.0433,0.61178,0.00243,0.0,0.0,0.00243
2018-08-20 00:00:00,2018-08-20 01:00,1.33576,0.0,0.75854,0.03063,0.54659,0.00066,0.0,0.0,0.00066
2018-08-20 01:00:00,2018-08-20 02:00,1.25287,0.0,0.71017,0.0281,0.5146,0.00122,0.0,0.0,0.00122
2018-08-20 02:00:00,2018-08-20 03:00,1.14182,0.00707,0.61752,0.02296,0.49427,0.00015,0.0,0.0,0.00015
2018-08-20 03:00:00,2018-08-20 04:00,1.10574,0.0,0.57557,0.02994,0.50024,0.00042,0.0,0.0,0.00042
2018-08-20 04:00:00,2018-08-20 05:00,1.07739,0.00451,0.51243,0.03462,0.52582,0.00035,0.0,0.0,0.00035
2018-08-20 05:00:00,2018-08-20 06:00,1.10422,0.00409,0.46527,0.06194,0.57292,0.00208,0.0,0.0,0.00208
2018-08-20 06:00:00,2018-08-20 07:00,1.21627,0.00186,0.4551,0.1133,0.64601,0.00556,0.0,0.0,0.00556
2018-08-20 07:00:00,2018-08-20 08:00,1.2622,0.00099,0.4487,0.10691,0.7056,0.00486,0.0,0.0,0.00486
2018-08-20 08:00:00,2018-08-20 09:00,1.25852,0.00212,0.42611,0.08154,0.74875,0.00325,0.0,0.0,0.00325
2018-08-20 09:00:00,2018-08-20 10:00,1.21597,0.00508,0.3799,0.09957,0.73144,0.00261,0.0,0.0,0.00261
2018-08-20 10:00:00,2018-08-20 11:00,1.18438,0.0089,0.40283,0.08347,0.68919,0.00482,0.0,0.0,0.00482
2018-08-20 11:00:00,2018-08-20 12:00,1.24666,0.0,0.46748,0.06686,0.71232,0.00336,0.0,0.0,0.00336
2018-08-20 12:00:00,2018-08-20 13:00,1.28512,0.00187,0.54498,0.06793,0.67035,0.0035,0.0,0.0,0.0035
2018-08-20 13:00:00,2018-08-20 14:00,1.44815,0.0,0.61245,0.08828,0.74741,0.00293,0.0,0.0,0.00293
2018-08-20 14:00:00,2018-08-20 15:00,1.52811,0.0,0.66149,0.09104,0.77558,0.00409,0.0,0.0,0.00409
2018-08-20 15:00:00,2018-08-20 16:00,1.5628,0.0,0.70571,0.09201,0.76508,0.00306,0.0,0.0,0.00306
2018-08-20 16:00:00,2018-08-20 17:00,1.7741,0.00096,0.80506,0.07893,0.88916,0.00639,0.0,0.0,0.00639
2018-08-20 17:00:00,2018-08-20 18:00,1.99166,0.0,0.93714,0.08161,0.97291,0.00912,0.0,0.0,0.00912
2018-08-20 18:00:00,2018-08-20 19:00,1.98866,0.0,0.85522,0.09033,1.04311,0.00571,0.0,0.0,0.00571
2018-08-20 19:00:00,2018-08-20 20:00,2.04253,0.0,0.77414,0.07653,1.19186,0.00458,0.0,0.0,0.00458
2018-08-20 20:00:00,2018-08-20 21:00,1.98404,0.00453,0.70253,0.07063,1.20635,0.00509,0.0,0.0,0.00509
2018-08-20 21:00:00,2018-08-20 22:00,1.85304,0.00064,0.60929,0.06033,1.18277,0.00475,0.0,0.0,0.00475
2018-08-20 22:00:00,2018-08-20 23:00,1.38404,0.0,0.50388,0.05181,0.82835,0.00305,0.0,0.0,0.00305
2018-08-20 23:00:00,2018-08-21 00:00,1.06464,0.0,0.41611,0.03916,0.60937,0.00251,0.0,0.0,0.00251
2018-08-21 00:00:00,2018-08-21 01:00,0.94115,0.0,0.37894,0.03024,0.53196,0.00098,0.0,0.0,0.00098
2018-08-21 01:00:00,2018-08-21 02:00,0.88819,1e-05,0.36389,0.01981,0.50448,0.0004,0.0,0.0,0.0004
2018-08-21 02:00:00,2018-08-21 03:00,0.81805,0.00943,0.29953,0.02118,0.48792,0.00015,0.0,0.0,0.00015
2018-08-21 03:00:00,2018-08-21 04:00,0.79611,0.00018,0.27246,0.03624,0.48724,0.00045,0.0,0.0,0.00045
2018-08-21 04:00:00,2018-08-21 05:00,0.78891,0.00564,0.23569,0.03829,0.5093,0.00052,0.0,0.0,0.00052
2018-08-21 05:00:00,2018-08-21 06:00,0.78245,0.00641,0.2109,0.04315,0.52199,0.00129,0.0,0.0,0.00129
2018-08-21 06:00:00,2018-08-21 07:00,0.919,0.00378,0.20224,0.10402,0.60894,0.00189,0.0,0.0,0.00189
2018-08-21 07:00:00,2018-08-21 08:00,0.99324,0.00312,0.21006,0.10757,0.67249,0.00333,0.0,0.0,0.00333
2018-08-21 08:00:00,2018-08-21 09:00,0.97584,0.00435,0.22251,0.09654,0.65245,0.00547,0.0,0.0,0.00547
2018-08-21 09:00:00,2018-08-21 10:00,0.96855,0.01017,0.22954,0.07538,0.65346,0.00502,0.0,0.0,0.00502
2018-08-21 10:00:00,2018-08-21 11:00,1.09,0.0113,0.25666,0.09001,0.73204,0.00257,0.0,0.0,0.00257
2018-08-21 11:00:00,2018-08-21 12:00,1.02017,0.00031,0.27819,0.0782,0.66347,0.00329,0.0,0.0,0.00329
2018-08-21 12:00:00,2018-08-21 13:00,1.03408,0.00183,0.31834,0.06094,0.65298,0.00245,0.0,0.0,0.00245
2018-08-21 13:00:00,2018-08-21 14:00,1.12253,0.0,0.38563,0.0762,0.6607,0.00225,0.0,0.0,0.00225
2018-08-21 14:00:00,2018-08-21 15:00,1.21433,0.0,0.46029,0.08763,0.66641,0.00256,0.0,0.0,0.00256
2018-08-21 15:00:00,2018-08-21 16:00,1.3638,0.0,0.53741,0.08122,0.74518,0.00277,0.0,0.0,0.00277
2018-08-21 16:00:00,2018-08-21 17:00,1.47639,0.0012,0.5945,0.07908,0.80161,0.00296,0.0,0.0,0.00296
2018-08-21 17:00:00,2018-08-21 18:00,1.75032,0.0,0.74814,0.08603,0.91615,0.0075,0.0,0.0,0.0075
2018-08-21 18:00:00,2018-08-21 19:00,1.83367,0.0,0.78845,0.0904,0.95482,0.00495,0.0,0.0,0.00495
2018-08-21 19:00:00,2018-08-21 20:00,1.9715,0.0,0.76995,0.07294,1.12861,0.00332,0.0,0.0,0.00332
2018-08-21 20:00:00,2018-08-21 21:00,1.94208,0.00497,0.65159,0.07336,1.21215,0.00557,0.0,0.0,0.00557
2018-08-21 21:00:00,2018-08-21 22:00,1.72977,0.0,0.52297,0.04325,1.16356,0.00614,0.0,0.0,0.00614
2018-08-21 22:00:00,2018-08-21 23:00,1.21873,0.0,0.39332,0.0339,0.79151,0.0016,0.0,0.0,0.0016
2018-08-21 23:00:00,2018-08-22 00:00,0.95427,0.0,0.29044,0.04331,0.62052,0.00115,0.0,0.0,0.00115
2018-08-22 00:00:00,2018-08-22 01:00,0.75034,2e-05,0.19122,0.02719,0.53192,0.00108,0.0,0.0,0.00108
2018-08-22 01:00:00,2018-08-22 02:00,0.70739,0.00183,0.17673,0.02393,0.5049,0.0005,0.0,0.0,0.0005
2018-08-22 02:00:00,2018-08-22 03:00,0.66815,0.01515,0.12244,0.02917,0.50138,0.00037,0.0,0.0,0.00037
2018-08-22 03:00:00,2018-08-22 04:00,0.63389,0.00603,0.10783,0.03213,0.4879,0.00013,0.0,0.0,0.00013
2018-08-22 04:00:00,2018-08-22 05:00,0.6306,0.01365,0.08347,0.04078,0.4927,0.00038,0.0,0.0,0.00038
2018-08-22 05:00:00,2018-08-22 06:00,0.67301,0.02057,0.06289,0.06339,0.52615,0.00102,0.0,0.0,0.00102
2018-08-22 06:00:00,2018-08-22 07:00,0.79248,0.02496,0.05639,0.12101,0.59012,0.00174,0.0,0.0,0.00174
2018-08-22 07:00:00,2018-08-22 08:00,0.89204,0.01828,0.07495,0.12148,0.67733,0.00285,0.0,0.0,0.00285
2018-08-22 08:00:00,2018-08-22 09:00,0.97077,0.01138,0.13281,0.10219,0.72439,0.00411,0.0,0.0,0.00411
2018-08-22 09:00:00,2018-08-22 10:00,1.04776,0.01297,0.20378,0.09465,0.73637,0.00517,0.0,0.0,0.00517
2018-08-22 10:00:00,2018-08-22 11:00,1.10698,0.01057,0.30657,0.07692,0.71293,0.00437,0.0,0.0,0.00437
2018-08-22 11:00:00,2018-08-22 12:00,1.3209,0.0,0.45807,0.06624,0.79659,0.0023,0.0,0.0,0.0023
2018-08-22 12:00:00,2018-08-22 13:00,1.39712,0.00194,0.62175,0.07069,0.70275,0.00342,0.0,0.0,0.00342
2018-08-22 13:00:00,2018-08-22 14:00,1.54547,0.0,0.77403,0.08107,0.69037,0.00329,0.0,0.0,0.00329
2018-08-22 14:00:00,2018-08-22 15:00,1.74091,0.0,0.93251,0.0866,0.72181,0.0021,0.0,0.0,0.0021
2018-08-22 15:00:00,2018-08-22 16:00,1.97174,0.0,1.10188,0.08227,0.78759,0.00296,0.0,0.0,0.00296
2018-08-22 16:00:00,2018-08-22 17:00,2.18539,0.00041,1.22049,0.09428,0.8702,0.00597,0.0,0.0,0.00597
2018-08-22 17:00:00,2018-08-22 18:00,2.3157,0.0,1.32908,0.07454,0.91208,0.00563,0.0,0.0,0.00563
2018-08-22 18:00:00,2018-08-22 19:00,2.41114,0.0,1.2892,0.07927,1.04268,0.00603,0.0,0.0,0.00603
2018-08-22 19:00:00,2018-08-22 20:00,2.43435,0.0,1.16967,0.09941,1.16528,0.00364,0.0,0.0,0.00364
2018-08-22 20:00:00,2018-08-22 21:00,2.19272,0.00371,0.94391,0.06882,1.17628,0.00464,0.0,0.0,0.00464
2018-08-22 21:00:00,2018-08-22 22:00,1.92199,0.00022,0.72864,0.06981,1.12332,0.00154,0.0,0.0,0.00154
2018-08-22 22:00:00,2018-08-22 23:00,1.40861,0.0,0.53492,0.05007,0.82362,0.00118,0.0,0.0,0.00118
2018-08-22 23:00:00,2018-08-23 00:00,1.01055,0.0,0.38866,0.04242,0.57947,0.00096,0.0,0.0,0.00096
2018-08-23 00:00:00,2018-08-23 01:00,0.94925,0.0,0.40253,0.02453,0.52219,0.0005,0.0,0.0,0.0005
2018-08-23 01:00:00,2018-08-23 02:00,0.90394,0.0,0.37864,0.01794,0.50735,0.00018,0.0,0.0,0.00018
2018-08-23 02:00:00,2018-08-23 03:00,0.82273,0.00921,0.30246,0.02688,0.48419,0.00015,0.0,0.0,0.00015
2018-08-23 03:00:00,2018-08-23 04:00,0.7828,0.00024,0.26569,0.0272,0.48967,0.00033,0.0,0.0,0.00033
2018-08-23 04:00:00,2018-08-23 05:00,0.74652,0.00587,0.21179,0.0408,0.48806,0.00035,0.0,0.0,0.00035
2018-08-23 05:00:00,2018-08-23 06:00,0.76022,0.00743,0.15839,0.06135,0.53305,0.00255,0.0,0.0,0.00255
2018-08-23 06:00:00,2018-08-23 07:00,0.92268,0.00687,0.14397,0.10338,0.66846,0.00342,0.0,0.0,0.00342
2018-08-23 07:00:00,2018-08-23 08:00,1.06457,0.006,0.17656,0.12292,0.75908,0.00419,0.0,0.0,0.00419
2018-08-23 08:00:00,2018-08-23 09:00,1.05573,0.00509,0.26142,0.09628,0.69294,0.00473,0.0,0.0,0.00473
2018-08-23 09:00:00,2018-08-23 10:00,1.12122,0.00853,0.33382,0.0842,0.69468,0.00399,0.0,0.0,0.00399
2018-08-23 10:00:00,2018-08-23 11:00,1.22176,0.0093,0.43117,0.08617,0.69512,0.00538,0.0,0.0,0.00538
2018-08-23 11:00:00,2018-08-23 12:00,1.30575,0.0,0.54602,0.07783,0.6819,0.00266,0.0,0.0,0.00266
2018-08-23 12:00:00,2018-08-23 13:00,1.44774,0.00193,0.67986,0.07316,0.69278,0.00254,0.0,0.0,0.00254
2018-08-23 13:00:00,2018-08-23 14:00,1.58593,0.0,0.8096,0.07471,0.70162,0.00242,0.0,0.0,0.00242
2018-08-23 14:00:00,2018-08-23 15:00,1.7027,0.0,0.91763,0.08189,0.70318,0.00621,0.0,0.0,0.00621
2018-08-23 15:00:00,2018-08-23 16:00,1.85496,0.0,1.00252,0.08163,0.7708,0.00205,0.0,0.0,0.00205
2018-08-23 16:00:00,2018-08-23 17:00,1.90028,0.00051,1.01308,0.0908,0.79589,0.00263,0.0,0.0,0.00263
2018-08-23 17:00:00,2018-08-23 18:00,2.02779,0.0,1.01703,0.08664,0.92412,0.00621,0.0,0.0,0.00621
2018-08-23 18:00:00,2018-08-23 19:00,2.04183,0.0,0.91678,0.09072,1.03433,0.00395,0.0,0.0,0.00395
2018-08-23 19:00:00,2018-08-23 20:00,2.05944,0.0,0.86742,0.08791,1.1041,0.00402,0.0,0.0,0.00402
2018-08-23 20:00:00,2018-08-23 21:00,2.05274,0.00344,0.80979,0.05031,1.18919,0.00315,0.0,0.0,0.00315
2018-08-23 21:00:00,2018-08-23 22:00,1.91231,0.00028,0.73205,0.05119,1.12878,0.00428,0.0,0.0,0.00428
2018-08-23 22:00:00,2018-08-23 23:00,1.48916,0.0,0.64229,0.05295,0.79392,0.00131,0.0,0.0,0.00131
2018-08-23 23:00:00,2018-08-24 00:00,1.20093,0.0,0.56601,0.03371,0.60122,0.00208,0.0,0.0,0.00208
2018-08-24 00:00:00,2018-08-24 01:00,1.07317,0.0,0.51555,0.02994,0.52768,0.00118,0.0,0.0,0.00118
2018-08-24 01:00:00,2018-08-24 02:00,1.02582,0.0,0.48227,0.01732,0.52623,0.00042,0.0,0.0,0.00042
2018-08-24 02:00:00,2018-08-24 03:00,0.92527,0.00822,0.39114,0.03207,0.49385,0.00072,0.0,0.0,0.00072
2018-08-24 03:00:00,2018-08-24 04:00,0.8907,0.0,0.36218,0.03078,0.49774,0.00111,0.0,0.0,0.00111
2018-08-24 04:00:00,2018-08-24 05:00,0.87639,0.00487,0.33373,0.03954,0.49824,0.00104,0.0,0.0,0.00104
2018-08-24 05:00:00,2018-08-24 06:00,0.91378,0.00542,0.29833,0.06523,0.5448,0.00197,0.0,0.0,0.00197
2018-08-24 06:00:00,2018-08-24 07:00,1.03179,0.00235,0.2738,0.11319,0.64245,0.00255,0.0,0.0,0.00255
2018-08-24 07:00:00,2018-08-24 08:00,1.08123,0.00131,0.28111,0.11749,0.68133,0.0047,0.0,0.0,0.0047
2018-08-24 08:00:00,2018-08-24 09:00,1.11506,0.00264,0.27527,0.10566,0.73148,0.00377,0.0,0.0,0.00377
2018-08-24 09:00:00,2018-08-24 10:00,1.04727,0.00878,0.22714,0.08059,0.73077,0.00432,0.0,0.0,0.00432
2018-08-24 10:00:00,2018-08-24 11:00,1.01489,0.01125,0.19142,0.07348,0.73873,0.00738,0.0,0.0,0.00738
2018-08-24 11:00:00,2018-08-24 12:00,0.98698,0.00082,0.18814,0.07773,0.72029,0.00356,0.0,0.0,0.00356
2018-08-24 12:00:00,2018-08-24 13:00,0.98923,0.0021,0.2007,0.07201,0.71442,0.0025,0.0,0.0,0.0025
2018-08-24 13:00:00,2018-08-24 14:00,0.9422,3e-05,0.21088,0.07638,0.65492,0.00259,0.0,0.0,0.00259
2018-08-24 14:00:00,2018-08-24 15:00,0.98983,2e-05,0.23273,0.08915,0.66793,0.00208,0.0,0.0,0.00208
2018-08-24 15:00:00,2018-08-24 16:00,1.10552,1e-05,0.24285,0.10092,0.76174,0.00253,0.0,0.0,0.00253
2018-08-24 16:00:00,2018-08-24 17:00,1.20704,0.002,0.25949,0.09792,0.84763,0.00676,0.0,0.0,0.00676
2018-08-24 17:00:00,2018-08-24 18:00,1.34283,0.00012,0.32956,0.0832,0.92995,0.00622,0.0,0.0,0.00622
2018-08-24 18:00:00,2018-08-24 19:00,1.42285,0.00027,0.33528,0.07642,1.01087,0.00592,0.0,0.0,0.00592
2018-08-24 19:00:00,2018-08-24 20:00,1.52612,0.00013,0.34791,0.07686,1.10122,0.00216,0.0,0.0,0.00216
2018-08-24 20:00:00,2018-08-24 21:00,1.57492,0.00566,0.3498,0.05911,1.16036,0.00352,0.0,0.0,0.00352
2018-08-24 21:00:00,2018-08-24 22:00,1.49462,0.00095,0.3212,0.05337,1.1191,0.00182,0.0,0.0,0.00182
2018-08-24 22:00:00,2018-08-24 23:00,1.186,0.00018,0.27295,0.05756,0.85532,0.00255,0.0,0.0,0.00255
2018-08-24 23:00:00,2018-08-25 00:00,0.85791,0.00016,0.22743,0.04019,0.59013,0.00224,0.0,0.0,0.00224
2018-08-25 00:00:00,2018-08-25 01:00,0.77815,0.00011,0.22664,0.03215,0.51924,0.00158,0.0,0.0,0.00158
2018-08-25 01:00:00,2018-08-25 02:00,0.7693,0.001,0.23309,0.03022,0.50499,0.00035,0.0,0.0,0.00035
2018-08-25 02:00:00,2018-08-25 03:00,0.70446,0.01179,0.19075,0.01831,0.48361,0.0002,0.0,0.0,0.0002
2018-08-25 03:00:00,2018-08-25 04:00,0.72681,0.00119,0.19049,0.02688,0.50824,0.00013,0.0,0.0,0.00013
2018-08-25 04:00:00,2018-08-25 05:00,0.70303,0.00681,0.16814,0.02932,0.49876,0.00023,0.0,0.0,0.00023
2018-08-25 05:00:00,2018-08-25 06:00,0.68728,0.0076,0.14937,0.03088,0.49943,0.00232,0.0,0.0,0.00232
2018-08-25 06:00:00,2018-08-25 07:00,0.75222,0.0056,0.1461,0.05938,0.54113,0.00313,0.0,0.0,0.00313
2018-08-25 07:00:00,2018-08-25 08:00,0.90553,0.00435,0.18378,0.0658,0.65159,0.00482,0.0,0.0,0.00482
2018-08-25 08:00:00,2018-08-25 09:00,1.01716,0.00274,0.19327,0.1097,0.71145,0.0062,0.0,0.0,0.0062
2018-08-25 09:00:00,2018-08-25 10:00,1.13017,0.01123,0.20539,0.12881,0.78473,0.00686,0.0,0.0,0.00686
2018-08-25 10:00:00,2018-08-25 11:00,1.16817,0.01185,0.24241,0.08689,0.82703,0.00495,0.0,0.0,0.00495
2018-08-25 11:00:00,2018-08-25 12:00,1.15084,0.0003,0.29572,0.08387,0.77094,0.00501,0.0,0.0,0.00501
2018-08-25 12:00:00,2018-08-25 13:00,1.31902,0.00195,0.37859,0.09518,0.8433,0.0057,0.0,0.0,0.0057
2018-08-25 13:00:00,2018-08-25 14:00,1.36965,0.0,0.4678,0.09334,0.80851,0.00468,0.0,0.0,0.00468
2018-08-25 14:00:00,2018-08-25 15:00,1.43396,0.0,0.58415,0.10261,0.7472,0.00259,0.0,0.0,0.00259
2018-08-25 15:00:00,2018-08-25 16:00,1.68142,0.0,0.75773,0.08702,0.83667,0.00293,0.0,0.0,0.00293
2018-08-25 16:00:00,2018-08-25 17:00,1.94543,0.0,0.92465,0.08555,0.93523,0.00322,0.0,0.0,0.00322
2018-08-25 17:00:00,2018-08-25 18:00,2.21454,0.0,1.08921,0.10195,1.02338,0.00804,0.0,0.0,0.00804
2018-08-25 18:00:00,2018-08-25 19:00,2.28974,0.0,1.10349,0.10765,1.0786,0.00963,0.0,0.0,0.00963
2018-08-25 19:00:00,2018-08-25 20:00,2.25729,0.0,1.02448,0.06785,1.16497,0.00486,0.0,0.0,0.00486
2018-08-25 20:00:00,2018-08-25 21:00,2.19047,0.0,0.88685,0.05782,1.2458,0.00374,0.0,0.0,0.00374
2018-08-25 21:00:00,2018-08-25 22:00,1.97242,0.00063,0.73472,0.05721,1.17986,0.00355,0.0,0.0,0.00355
2018-08-25 22:00:00,2018-08-25 23:00,1.52721,0.0,0.58663,0.05332,0.88726,0.00133,0.0,0.0,0.00133
2018-08-25 23:00:00,2018-08-26 00:00,1.16876,0.0,0.46379,0.03781,0.66715,0.00101,0.0,0.0,0.00101
2018-08-26 00:00:00,2018-08-26 01:00,0.98441,0.0,0.39889,0.0332,0.55231,0.00079,0.0,0.0,0.00079
2018-08-26 01:00:00,2018-08-26 02:00,0.8996,9e-05,0.36395,0.02008,0.51548,0.00018,0.0,0.0,0.00018
2018-08-26 02:00:00,2018-08-26 03:00,0.82464,0.00962,0.29584,0.027,0.49218,0.00015,0.0,0.0,0.00015
2018-08-26 03:00:00,2018-08-26 04:00,0.80991,1e-05,0.28284,0.02996,0.49709,0.00013,0.0,0.0,0.00013
2018-08-26 04:00:00,2018-08-26 05:00,0.77383,0.00535,0.25039,0.03382,0.48427,0.00025,0.0,0.0,0.00025
2018-08-26 05:00:00,2018-08-26 06:00,0.77236,0.00595,0.22774,0.03222,0.50645,0.00118,0.0,0.0,0.00118
2018-08-26 06:00:00,2018-08-26 07:00,0.85686,0.00325,0.23273,0.05806,0.56283,0.00234,0.0,0.0,0.00234
2018-08-26 07:00:00,2018-08-26 08:00,1.04599,0.00179,0.2695,0.08932,0.68537,0.00294,0.0,0.0,0.00294
2018-08-26 08:00:00,2018-08-26 09:00,1.21983,0.00078,0.3381,0.12212,0.75883,0.00504,0.0,0.0,0.00504
2018-08-26 09:00:00,2018-08-26 10:00,1.26402,0.00858,0.38023,0.0958,0.77941,0.00613,0.0,0.0,0.00613
2018-08-26 10:00:00,2018-08-26 11:00,1.3254,0.00985,0.40855,0.08635,0.82065,0.00465,0.0,0.0,0.00465
2018-08-26 11:00:00,2018-08-26 12:00,1.35856,0.0,0.46473,0.09297,0.80085,0.00535,0.0,0.0,0.00535
2018-08-26 12:00:00,2018-08-26 13:00,1.48782,0.00191,0.57049,0.08084,0.83458,0.0066,0.0,0.0,0.0066
2018-08-26 13:00:00,2018-08-26 14:00,1.52542,0.0,0.67902,0.091,0.7554,0.00374,0.0,0.0,0.00374
2018-08-26 14:00:00,2018-08-26 15:00,1.68827,0.0,0.7884,0.09518,0.80469,0.00562,0.0,0.0,0.00562
2018-08-26 15:00:00,2018-08-26 16:00,1.80073,0.0,0.89113,0.09213,0.81748,0.00386,0.0,0.0,0.00386
2018-08-26 16:00:00,2018-08-26 17:00,2.22408,0.0,1.17455,0.09738,0.95215,0.00398,0.0,0.0,0.00398
2018-08-26 17:00:00,2018-08-26 18:00,2.61387,0.0,1.39463,0.09579,1.12345,0.00475,0.0,0.0,0.00475
2018-08-26 18:00:00,2018-08-26 19:00,2.55231,0.0,1.34655,0.08785,1.1179,0.00362,0.0,0.0,0.00362
2018-08-26 19:00:00,2018-08-26 20:00,2.49599,0.0,1.22652,0.07955,1.18992,0.00444,0.0,0.0,0.00444
2018-08-26 20:00:00,2018-08-26 21:00,2.42731,0.0,1.08035,0.06876,1.2782,0.00632,0.0,0.0,0.00632
2018-08-26 21:00:00,2018-08-26 22:00,2.24231,0.00032,0.96805,0.05023,1.22371,0.002,0.0,0.0,0.002
2018-08-26 22:00:00,2018-08-26 23:00,1.77816,0.0,0.84623,0.0594,0.87252,0.00096,0.0,0.0,0.00096
2018-08-26 23:00:00,2018-08-27 00:00,1.38404,0.0,0.7337,0.03341,0.61692,0.00066,0.0,0.0,0.00066
2018-08-27 00:00:00,2018-08-27 01:00,1.25081,0.0,0.69073,0.02168,0.5384,0.00032,0.0,0.0,0.00032
2018-08-27 01:00:00,2018-08-27 02:00,1.21851,0.0,0.67263,0.02618,0.5197,0.00018,0.0,0.0,0.00018
2018-08-27 02:00:00,2018-08-27 03:00,1.12508,0.00763,0.59356,0.03273,0.49116,0.00015,0.0,0.0,0.00015
2018-08-27 03:00:00,2018-08-27 04:00,1.09035,0.0,0.57441,0.0303,0.48564,0.00039,0.0,0.0,0.00039
2018-08-27 04:00:00,2018-08-27 05:00,1.0626,0.00461,0.54067,0.02791,0.48941,0.00017,0.0,0.0,0.00017
2018-08-27 05:00:00,2018-08-27 06:00,1.06794,0.005,0.5032,0.04979,0.50994,0.00127,0.0,0.0,0.00127
2018-08-27 06:00:00,2018-08-27 07:00,1.27294,0.00188,0.51391,0.09543,0.66172,0.00265,0.0,0.0,0.00265
2018-08-27 07:00:00,2018-08-27 08:00,1.43195,0.00048,0.58066,0.11278,0.73802,0.00405,0.0,0.0,0.00405
2018-08-27 08:00:00,2018-08-27 09:00,1.45602,0.002,0.6291,0.10049,0.72443,0.00404,0.0,0.0,0.00404
2018-08-27 09:00:00,2018-08-27 10:00,1.44231,0.00526,0.61619,0.08511,0.73576,0.00392,0.0,0.0,0.00392
2018-08-27 10:00:00,2018-08-27 11:00,1.46011,0.00749,0.70598,0.07755,0.66908,0.00205,0.0,0.0,0.00205
2018-08-27 11:00:00,2018-08-27 12:00,1.53249,0.0,0.7838,0.07055,0.67814,0.00224,0.0,0.0,0.00224
2018-08-27 12:00:00,2018-08-27 13:00,1.63537,0.00201,0.81877,0.07382,0.74076,0.00332,0.0,0.0,0.00332
2018-08-27 13:00:00,2018-08-27 14:00,1.66148,0.0,0.84307,0.06893,0.74948,0.0012,0.0,0.0,0.0012
2018-08-27 14:00:00,2018-08-27 15:00,1.63428,0.0,0.88262,0.09377,0.65789,0.00171,0.0,0.0,0.00171
2018-08-27 15:00:00,2018-08-27 16:00,1.73237,0.0,0.95914,0.08911,0.68412,0.00392,0.0,0.0,0.00392
2018-08-27 16:00:00,2018-08-27 17:00,1.9933,0.00059,1.00775,0.08616,0.89881,0.00595,0.0,0.0,0.00595
2018-08-27 17:00:00,2018-08-27 18:00,2.09506,0.0,1.00405,0.0804,1.01061,0.00868,0.0,0.0,0.00868
2018-08-27 18:00:00,2018-08-27 19:00,1.99842,0.0,0.83764,0.08285,1.07793,0.00564,0.0,0.0,0.00564
2018-08-27 19:00:00,2018-08-27 20:00,1.95317,0.0,0.74317,0.08007,1.12993,0.00501,0.0,0.0,0.00501
2018-08-27 20:00:00,2018-08-27 21:00,1.97942,0.00454,0.68468,0.0595,1.2307,0.00587,0.0,0.0,0.00587
2018-08-27 21:00:00,2018-08-27 22:00,1.74121,0.00067,0.58668,0.0454,1.10846,0.00274,0.0,0.0,0.00274
2018-08-27 22:00:00,2018-08-27 23:00,1.33641,0.0,0.48299,0.04691,0.80651,0.00214,0.0,0.0,0.00214
2018-08-27 23:00:00,2018-08-28 00:00,1.01674,0.0,0.38011,0.03937,0.59726,0.001,0.0,0.0,0.001
2018-08-28 00:00:00,2018-08-28 01:00,0.88959,0.0,0.33187,0.02757,0.53015,0.00078,0.0,0.0,0.00078
2018-08-28 01:00:00,2018-08-28 02:00,0.84657,0.00018,0.31568,0.02643,0.50428,0.00074,0.0,0.0,0.00074
2018-08-28 02:00:00,2018-08-28 03:00,0.78358,0.01023,0.25305,0.02569,0.49462,0.00025,0.0,0.0,0.00025
2018-08-28 03:00:00,2018-08-28 04:00,0.74897,0.00039,0.231,0.02286,0.49472,0.00048,0.0,0.0,0.00048
2018-08-28 04:00:00,2018-08-28 05:00,0.747,0.00609,0.18597,0.06122,0.49372,0.00112,0.0,0.0,0.00112
2018-08-28 05:00:00,2018-08-28 06:00,0.77537,0.00728,0.15245,0.07195,0.54369,0.00131,0.0,0.0,0.00131
2018-08-28 06:00:00,2018-08-28 07:00,0.92467,0.00589,0.14802,0.08281,0.68794,0.00257,0.0,0.0,0.00257
2018-08-28 07:00:00,2018-08-28 08:00,1.00906,0.00584,0.14419,0.11656,0.74247,0.00392,0.0,0.0,0.00392
2018-08-28 08:00:00,2018-08-28 09:00,0.97348,0.00668,0.14486,0.10016,0.72178,0.00564,0.0,0.0,0.00564
2018-08-28 09:00:00,2018-08-28 10:00,0.90774,0.01451,0.11017,0.08632,0.69674,0.00174,0.0,0.0,0.00174
2018-08-28 10:00:00,2018-08-28 11:00,0.89117,0.01762,0.09701,0.07855,0.69799,0.00228,0.0,0.0,0.00228
2018-08-28 11:00:00,2018-08-28 12:00,0.92671,0.00524,0.09806,0.06705,0.75635,0.00232,0.0,0.0,0.00232
2018-08-28 12:00:00,2018-08-28 13:00,0.9222,0.00968,0.11266,0.06931,0.73055,0.00401,0.0,0.0,0.00401
2018-08-28 13:00:00,2018-08-28 14:00,0.89636,0.0037,0.10952,0.09481,0.68834,0.00309,0.0,0.0,0.00309
2018-08-28 14:00:00,2018-08-28 15:00,0.85859,0.00206,0.11911,0.0779,0.65951,0.00309,0.0,0.0,0.00309
2018-08-28 15:00:00,2018-08-28 16:00,0.92143,0.00123,0.14352,0.08327,0.69341,0.00311,0.0,0.0,0.00311
2018-08-28 16:00:00,2018-08-28 17:00,1.0545,0.00294,0.17212,0.08521,0.79423,0.00454,0.0,0.0,0.00454
2018-08-28 17:00:00,2018-08-28 18:00,1.24133,0.00027,0.24196,0.08737,0.91173,0.0067,0.0,0.0,0.0067
2018-08-28 18:00:00,2018-08-28 19:00,1.35188,0.0,0.2345,0.08035,1.03703,0.00609,0.0,0.0,0.00609
2018-08-28 19:00:00,2018-08-28 20:00,1.39924,7e-05,0.23372,0.06112,1.10432,0.00501,0.0,0.0,0.00501
2018-08-28 20:00:00,2018-08-28 21:00,1.46183,0.00629,0.24098,0.05989,1.15467,0.00613,0.0,0.0,0.00613
2018-08-28 21:00:00,2018-08-28 22:00,1.38594,0.0035,0.1988,0.06112,1.12251,0.00311,0.0,0.0,0.00311
2018-08-28 22:00:00,2018-08-28 23:00,0.99695,0.00364,0.14619,0.0518,0.79532,0.00266,0.0,0.0,0.00266
2018-08-28 23:00:00,2018-08-29 00:00,0.72904,0.00455,0.10984,0.03818,0.57646,0.00265,0.0,0.0,0.00265
2018-08-29 00:00:00,2018-08-29 01:00,0.61701,0.01233,0.07417,0.02283,0.50769,0.00055,0.0,0.0,0.00055
2018-08-29 01:00:00,2018-08-29 02:00,0.60471,0.01633,0.07558,0.02012,0.49268,0.00043,0.0,0.0,0.00043
2018-08-29 02:00:00,2018-08-29 03:00,0.58769,0.04364,0.04786,0.0173,0.47889,0.00015,0.0,0.0,0.00015
2018-08-29 03:00:00,2018-08-29 04:00,0.58814,0.03965,0.04145,0.02501,0.48202,0.00015,0.0,0.0,0.00015
2018-08-29 04:00:00,2018-08-29 05:00,0.61839,0.05869,0.02895,0.04526,0.48549,0.00036,0.0,0.0,0.00036
2018-08-29 05:00:00,2018-08-29 06:00,0.67678,0.07857,0.02285,0.05464,0.52072,0.00203,0.0,0.0,0.00203
2018-08-29 06:00:00,2018-08-29 07:00,0.84681,0.08346,0.02198,0.09729,0.64408,0.00323,0.0,0.0,0.00323
2018-08-29 07:00:00,2018-08-29 08:00,0.93465,0.07298,0.02179,0.13411,0.70577,0.00436,0.0,0.0,0.00436
2018-08-29 08:00:00,2018-08-29 09:00,0.85926,0.05701,0.03726,0.09486,0.67013,0.00292,0.0,0.0,0.00292
2018-08-29 09:00:00,2018-08-29 10:00,0.90352,0.04299,0.05523,0.08988,0.71542,0.00383,0.0,0.0,0.00383
2018-08-29 10:00:00,2018-08-29 11:00,0.84179,0.03157,0.07787,0.06879,0.66357,0.00433,0.0,0.0,0.00433
2018-08-29 11:00:00,2018-08-29 12:00,0.92115,0.00415,0.1165,0.08768,0.71282,0.00477,0.0,0.0,0.00477
2018-08-29 12:00:00,2018-08-29 13:00,1.0358,0.00218,0.17619,0.0901,0.76734,0.00528,0.0,0.0,0.00528
2018-08-29 13:00:00,2018-08-29 14:00,1.04582,0.0,0.23737,0.08668,0.72177,0.00446,0.0,0.0,0.00446
2018-08-29 14:00:00,2018-08-29 15:00,1.0625,0.0,0.33154,0.0772,0.65376,0.00397,0.0,0.0,0.00397
2018-08-29 15:00:00,2018-08-29 16:00,1.26587,0.0,0.45614,0.06199,0.74773,0.00687,0.0,0.0,0.00687
2018-08-29 16:00:00,2018-08-29 17:00,1.53094,0.00113,0.56774,0.09595,0.86612,0.00758,0.0,0.0,0.00758
2018-08-29 17:00:00,2018-08-29 18:00,1.7684,0.0,0.69515,0.08673,0.98651,0.00598,0.0,0.0,0.00598
2018-08-29 18:00:00,2018-08-29 19:00,1.78061,0.0,0.66392,0.09226,1.02443,0.00486,0.0,0.0,0.00486
2018-08-29 19:00:00,2018-08-29 20:00,1.76439,0.0,0.59898,0.07908,1.08633,0.00549,0.0,0.0,0.00549
2018-08-29 20:00:00,2018-08-29 21:00,1.74797,0.00581,0.47031,0.06411,1.20773,0.00361,0.0,0.0,0.00361
2018-08-29 21:00:00,2018-08-29 22:00,1.5339,0.00097,0.33992,0.05689,1.13612,0.00215,0.0,0.0,0.00215
2018-08-29 22:00:00,2018-08-29 23:00,1.1462,0.00042,0.24014,0.05852,0.84711,0.00284,0.0,0.0,0.00284
2018-08-29 23:00:00,2018-08-30 00:00,0.76677,0.00106,0.16013,0.02974,0.57584,0.0009,0.0,0.0,0.0009
2018-08-30 00:00:00,2018-08-30 01:00,0.71752,0.00364,0.16526,0.02289,0.52573,0.00037,0.0,0.0,0.00037
2018-08-30 01:00:00,2018-08-30 02:00,0.68235,0.00744,0.14673,0.0236,0.50458,0.0009,0.0,0.0,0.0009
2018-08-30 02:00:00,2018-08-30 03:00,0.64433,0.02486,0.09948,0.02954,0.49045,0.00022,0.0,0.0,0.00022
2018-08-30 03:00:00,2018-08-30 04:00,0.63155,0.01412,0.0859,0.03331,0.49821,0.00013,0.0,0.0,0.00013
2018-08-30 04:00:00,2018-08-30 05:00,0.62535,0.02711,0.06261,0.03456,0.50107,0.00047,0.0,0.0,0.00047
2018-08-30 05:00:00,2018-08-30 06:00,0.66767,0.03978,0.04924,0.06021,0.51844,0.00224,0.0,0.0,0.00224
2018-08-30 06:00:00,2018-08-30 07:00,0.80337,0.04088,0.04497,0.10592,0.61161,0.00344,0.0,0.0,0.00344
2018-08-30 07:00:00,2018-08-30 08:00,0.8937,0.03388,0.05268,0.10831,0.69883,0.00408,0.0,0.0,0.00408
2018-08-30 08:00:00,2018-08-30 09:00,0.89821,0.02481,0.08783,0.09121,0.69435,0.00299,0.0,0.0,0.00299
2018-08-30 09:00:00,2018-08-30 10:00,0.96724,0.02337,0.14286,0.09936,0.70165,0.00386,0.0,0.0,0.00386
2018-08-30 10:00:00,2018-08-30 11:00,1.03833,0.01401,0.20023,0.0875,0.73658,0.00554,0.0,0.0,0.00554
2018-08-30 11:00:00,2018-08-30 12:00,1.08457,0.00022,0.2904,0.08182,0.71213,0.00678,0.0,0.0,0.00678
2018-08-30 12:00:00,2018-08-30 13:00,1.21614,0.0019,0.38966,0.0953,0.72928,0.00421,0.0,0.0,0.00421
2018-08-30 13:00:00,2018-08-30 14:00,1.19867,0.0,0.48014,0.07575,0.64277,0.00283,0.0,0.0,0.00283
2018-08-30 14:00:00,2018-08-30 15:00,1.34528,0.0,0.59331,0.09094,0.66103,0.00315,0.0,0.0,0.00315
2018-08-30 15:00:00,2018-08-30 16:00,1.53071,0.0,0.73184,0.07723,0.72164,0.00356,0.0,0.0,0.00356
2018-08-30 16:00:00,2018-08-30 17:00,1.83552,0.00088,0.87052,0.09808,0.86604,0.00688,0.0,0.0,0.00688
2018-08-30 17:00:00,2018-08-30 18:00,2.01147,0.0,0.9786,0.09436,0.93851,0.00602,0.0,0.0,0.00602
2018-08-30 18:00:00,2018-08-30 19:00,1.98519,0.0,0.91092,0.07704,0.99723,0.00448,0.0,0.0,0.00448
2018-08-30 19:00:00,2018-08-30 20:00,1.97455,0.0,0.81972,0.07493,1.0799,0.00154,0.0,0.0,0.00154
2018-08-30 20:00:00,2018-08-30 21:00,2.02329,0.00452,0.74952,0.05461,1.21464,0.00248,0.0,0.0,0.00248
2018-08-30 21:00:00,2018-08-30 22:00,1.90959,0.00041,0.68094,0.0791,1.14914,0.00416,0.0,0.0,0.00416
2018-08-30 22:00:00,2018-08-30 23:00,1.49068,0.0,0.58434,0.05511,0.85124,0.00308,0.0,0.0,0.00308
2018-08-30 23:00:00,2018-08-31 00:00,1.12959,0.0,0.4878,0.04124,0.60056,0.00168,0.0,0.0,0.00168
2018-08-31 00:00:00,2018-08-31 01:00,1.00852,0.0,0.46171,0.03051,0.51631,0.0008,0.0,0.0,0.0008
2018-08-31 01:00:00,2018-08-31 02:00,0.98167,0.0,0.45665,0.02608,0.49893,0.00018,0.0,0.0,0.00018
2018-08-31 02:00:00,2018-08-31 03:00,0.9069,0.00859,0.38779,0.02315,0.48738,0.00015,0.0,0.0,0.00015
2018-08-31 03:00:00,2018-08-31 04:00,0.86904,0.0,0.34904,0.02613,0.49388,0.00042,0.0,0.0,0.00042
2018-08-31 04:00:00,2018-08-31 05:00,0.88176,0.0051,0.31119,0.03571,0.52976,0.00042,0.0,0.0,0.00042
2018-08-31 05:00:00,2018-08-31 06:00,0.88678,0.00551,0.29448,0.06322,0.52357,0.00171,0.0,0.0,0.00171
2018-08-31 06:00:00,2018-08-31 07:00,0.9828,0.00269,0.2964,0.10025,0.58346,0.00447,0.0,0.0,0.00447
2018-08-31 07:00:00,2018-08-31 08:00,1.11931,0.00102,0.33171,0.11488,0.6717,0.00565,0.0,0.0,0.00565
2018-08-31 08:00:00,2018-08-31 09:00,1.22045,0.00223,0.38227,0.09664,0.73932,0.00285,0.0,0.0,0.00285
2018-08-31 09:00:00,2018-08-31 10:00,1.21522,0.0089,0.4472,0.07932,0.6798,0.00351,0.0,0.0,0.00351
2018-08-31 10:00:00,2018-08-31 11:00,1.26924,0.009,0.47635,0.07362,0.71027,0.0058,0.0,0.0,0.0058
2018-08-31 11:00:00,2018-08-31 12:00,1.20428,0.0,0.46505,0.07641,0.66281,0.00353,0.0,0.0,0.00353
2018-08-31 12:00:00,2018-08-31 13:00,1.32,0.0019,0.51841,0.07651,0.72317,0.00252,0.0,0.0,0.00252
2018-08-31 13:00:00,2018-08-31 14:00,1.43433,0.0,0.67992,0.08802,0.66638,0.00161,0.0,0.0,0.00161
2018-08-31 14:00:00,2018-08-31 15:00,1.68436,0.0,0.87447,0.09537,0.71452,0.00166,0.0,0.0,0.00166
2018-08-31 15:00:00,2018-08-31 16:00,1.9392,0.0,1.07397,0.08355,0.78169,0.00285,0.0,0.0,0.00285
2018-08-31 16:00:00,2018-08-31 17:00,2.12964,0.00058,1.19986,0.07606,0.85314,0.00444,0.0,0.0,0.00444
2018-08-31 17:00:00,2018-08-31 18:00,2.21988,0.0,1.2607,0.07862,0.88056,0.00461,0.0,0.0,0.00461
2018-08-31 18:00:00,2018-08-31 19:00,2.35576,0.0,1.20025,0.10182,1.05369,0.00599,0.0,0.0,0.00599
2018-08-31 19:00:00,2018-08-31 20:00,2.35241,0.0,1.10652,0.07913,1.16676,0.00375,0.0,0.0,0.00375
2018-08-31 20:00:00,2018-08-31 21:00,2.26167,0.0038,1.01553,0.05799,1.18435,0.00475,0.0,0.0,0.00475
2018-08-31 21:00:00,2018-08-31 22:00,2.12981,0.00031,0.92758,0.04171,1.16021,0.00518,0.0,0.0,0.00518
2018-08-31 22:00:00,2018-08-31 23:00,1.69203,0.0,0.7949,0.05061,0.84652,0.00248,0.0,0.0,0.00248
2018-08-31 23:00:00,2018-09-01 00:00,1.29499,0.0,0.66917,0.03495,0.59086,0.00107,0.0,0.0,0.00107
2018-09-01 00:00:00,2018-09-01 01:00,1.17704,0.0,0.61039,0.03034,0.53631,0.0025,0.0,0.0,0.0025
2018-09-01 01:00:00,2018-09-01 02:00,1.13023,0.0,0.58514,0.0328,0.51229,0.00085,0.0,0.0,0.00085
2018-09-01 02:00:00,2018-09-01 03:00,1.03451,0.00807,0.51338,0.02677,0.48629,0.00026,0.0,0.0,0.00026
2018-09-01 03:00:00,2018-09-01 04:00,1.01155,0.0,0.48887,0.02463,0.49805,0.00013,0.0,0.0,0.00013
2018-09-01 04:00:00,2018-09-01 05:00,0.98741,0.00478,0.438,0.02763,0.517,0.00066,0.0,0.0,0.00066
2018-09-01 05:00:00,2018-09-01 06:00,0.95908,0.00518,0.38805,0.03251,0.53335,0.00039,0.0,0.0,0.00039
2018-09-01 06:00:00,2018-09-01 07:00,0.99433,0.0024,0.37467,0.04982,0.56744,0.00285,0.0,0.0,0.00285
2018-09-01 07:00:00,2018-09-01 08:00,1.14086,0.00093,0.39513,0.08968,0.65511,0.00552,0.0,0.0,0.00552
2018-09-01 08:00:00,2018-09-01 09:00,1.26362,0.00067,0.43004,0.1062,0.72671,0.00428,0.0,0.0,0.00428
2018-09-01 09:00:00,2018-09-01 10:00,1.45383,0.0066,0.46976,0.10975,0.86772,0.00395,0.0,0.0,0.00395
2018-09-01 10:00:00,2018-09-01 11:00,1.61708,0.00923,0.57853,0.10221,0.92711,0.0066,0.0,0.0,0.0066
2018-09-01 11:00:00,2018-09-01 12:00,1.68698,0.0,0.74542,0.1018,0.83976,0.00535,0.0,0.0,0.00535
2018-09-01 12:00:00,2018-09-01 13:00,1.90109,0.00197,0.95019,0.09621,0.85271,0.00654,0.0,0.0,0.00654
2018-09-01 13:00:00,2018-09-01 14:00,2.12247,0.0,1.15385,0.08152,0.88711,0.00423,0.0,0.0,0.00423
2018-09-01 14:00:00,2018-09-01 15:00,2.27783,0.0,1.35912,0.08573,0.83298,0.00514,0.0,0.0,0.00514
2018-09-01 15:00:00,2018-09-01 16:00,2.50406,0.0,1.54364,0.08859,0.87183,0.0055,0.0,0.0,0.0055
2018-09-01 16:00:00,2018-09-01 17:00,2.7171,0.0,1.66403,0.10388,0.94919,0.00579,0.0,0.0,0.00579
2018-09-01 17:00:00,2018-09-01 18:00,2.82872,0.0,1.69759,0.08847,1.04266,0.00445,0.0,0.0,0.00445
2018-09-01 18:00:00,2018-09-01 19:00,2.81382,0.0,1.61509,0.06525,1.13347,0.00444,0.0,0.0,0.00444
2018-09-01 19:00:00,2018-09-01 20:00,2.91822,0.0,1.46225,0.08192,1.37406,0.00588,0.0,0.0,0.00588
2018-09-01 20:00:00,2018-09-01 21:00,2.65106,0.0,1.25057,0.06073,1.33975,0.00392,0.0,0.0,0.00392
2018-09-01 21:00:00,2018-09-01 22:00,2.26535,0.0,1.06355,0.04923,1.15258,0.00197,0.0,0.0,0.00197
2018-09-01 22:00:00,2018-09-01 23:00,1.78434,0.0,0.89466,0.0464,0.84328,0.00053,0.0,0.0,0.00053
2018-09-01 23:00:00,2018-09-02 00:00,1.38962,0.0,0.74947,0.03627,0.60387,0.00082,0.0,0.0,0.00082
2018-09-02 00:00:00,2018-09-02 01:00,1.2268,0.0,0.67318,0.02632,0.5273,0.00087,0.0,0.0,0.00087
2018-09-02 01:00:00,2018-09-02 02:00,1.1726,0.0,0.63541,0.0276,0.5096,0.00104,0.0,0.0,0.00104
2018-09-02 02:00:00,2018-09-02 03:00,1.08777,0.00782,0.54639,0.03344,0.50012,0.00029,0.0,0.0,0.00029
2018-09-02 03:00:00,2018-09-02 04:00,1.05829,0.0,0.51107,0.02806,0.51916,0.00013,0.0,0.0,0.00013
2018-09-02 04:00:00,2018-09-02 05:00,1.00542,0.00459,0.47017,0.02699,0.50367,0.00017,0.0,0.0,0.00017
2018-09-02 05:00:00,2018-09-02 06:00,0.99215,0.0032,0.44036,0.03772,0.51087,0.00105,0.0,0.0,0.00105
2018-09-02 06:00:00,2018-09-02 07:00,1.03135,0.00211,0.42178,0.04477,0.5627,0.00241,0.0,0.0,0.00241
2018-09-02 07:00:00,2018-09-02 08:00,1.14668,0.00092,0.42361,0.07271,0.64944,0.00508,0.0,0.0,0.00508
2018-09-02 08:00:00,2018-09-02 09:00,1.31811,0.00064,0.41509,0.12324,0.77914,0.00344,0.0,0.0,0.00344
2018-09-02 09:00:00,2018-09-02 10:00,1.3623,0.00536,0.37236,0.09687,0.88771,0.00338,0.0,0.0,0.00338
2018-09-02 10:00:00,2018-09-02 11:00,1.35203,0.01009,0.37952,0.07315,0.88927,0.0034,0.0,0.0,0.0034
2018-09-02 11:00:00,2018-09-02 12:00,1.34616,0.0,0.43579,0.10354,0.80683,0.00444,0.0,0.0,0.00444
2018-09-02 12:00:00,2018-09-02 13:00,1.35987,0.00186,0.50098,0.0862,0.77082,0.00434,0.0,0.0,0.00434
2018-09-02 13:00:00,2018-09-02 14:00,1.50405,0.0,0.62177,0.10206,0.78022,0.0064,0.0,0.0,0.0064
2018-09-02 14:00:00,2018-09-02 15:00,1.75591,0.0,0.8237,0.08872,0.84349,0.00787,0.0,0.0,0.00787
2018-09-02 15:00:00,2018-09-02 16:00,1.97065,0.0,1.01723,0.09296,0.86046,0.00539,0.0,0.0,0.00539
2018-09-02 16:00:00,2018-09-02 17:00,2.22708,0.0,1.14404,0.09914,0.98391,0.00536,0.0,0.0,0.00536
2018-09-02 17:00:00,2018-09-02 18:00,2.36092,0.0,1.22839,0.09451,1.03802,0.00314,0.0,0.0,0.00314
2018-09-02 18:00:00,2018-09-02 19:00,2.43329,0.0,1.19006,0.08331,1.15991,0.00511,0.0,0.0,0.00511
2018-09-02 19:00:00,2018-09-02 20:00,2.47968,0.0,1.08695,0.06798,1.32476,0.00401,0.0,0.0,0.00401
2018-09-02 20:00:00,2018-09-02 21:00,2.32176,0.0,0.94795,0.05439,1.31942,0.0032,0.0,0.0,0.0032
2018-09-02 21:00:00,2018-09-02 22:00,1.99639,0.00035,0.7998,0.05545,1.14079,0.00173,0.0,0.0,0.00173
2018-09-02 22:00:00,2018-09-02 23:00,1.55952,0.0,0.65863,0.04286,0.85804,0.00155,0.0,0.0,0.00155
2018-09-02 23:00:00,2018-09-03 00:00,1.23777,0.0,0.54331,0.05184,0.64262,0.00197,0.0,0.0,0.00197
2018-09-03 00:00:00,2018-09-03 01:00,1.0506,0.0,0.47897,0.02221,0.54942,0.00032,0.0,0.0,0.00032
2018-09-03 01:00:00,2018-09-03 02:00,0.99644,0.0,0.44594,0.03148,0.51903,0.00018,0.0,0.0,0.00018
2018-09-03 02:00:00,2018-09-03 03:00,0.91875,0.00876,0.36888,0.01559,0.52553,0.00076,0.0,0.0,0.00076
2018-09-03 03:00:00,2018-09-03 04:00,0.8709,0.0,0.3336,0.02645,0.51084,0.0007,0.0,0.0,0.0007
2018-09-03 04:00:00,2018-09-03 05:00,0.82279,0.00515,0.28149,0.02983,0.50632,0.00093,0.0,0.0,0.00093
2018-09-03 05:00:00,2018-09-03 06:00,0.86786,0.00571,0.25436,0.06563,0.54216,0.00202,0.0,0.0,0.00202
2018-09-03 06:00:00,2018-09-03 07:00,0.99022,0.00312,0.24303,0.1118,0.63228,0.00227,0.0,0.0,0.00227
2018-09-03 07:00:00,2018-09-03 08:00,1.08808,0.00201,0.2413,0.11983,0.72493,0.00359,0.0,0.0,0.00359
2018-09-03 08:00:00,2018-09-03 09:00,1.08827,0.00327,0.2261,0.09497,0.76393,0.00295,0.0,0.0,0.00295
2018-09-03 09:00:00,2018-09-03 10:00,1.0133,0.00889,0.22429,0.09746,0.68266,0.00284,0.0,0.0,0.00284
2018-09-03 10:00:00,2018-09-03 11:00,1.04171,0.01069,0.27767,0.09207,0.66127,0.00385,0.0,0.0,0.00385
2018-09-03 11:00:00,2018-09-03 12:00,1.08585,0.0,0.36992,0.06751,0.64841,0.00458,0.0,0.0,0.00458
2018-09-03 12:00:00,2018-09-03 13:00,1.24513,0.00188,0.48158,0.07263,0.68903,0.00316,0.0,0.0,0.00316
2018-09-03 13:00:00,2018-09-03 14:00,1.3364,0.0,0.53564,0.07201,0.72875,0.00275,0.0,0.0,0.00275
2018-09-03 14:00:00,2018-09-03 15:00,1.38716,0.0,0.57261,0.09176,0.72278,0.00353,0.0,0.0,0.00353
2018-09-03 15:00:00,2018-09-03 16:00,1.38518,0.0,0.61668,0.07027,0.69823,0.00319,0.0,0.0,0.00319
2018-09-03 16:00:00,2018-09-03 17:00,1.58228,0.00102,0.65018,0.0904,0.84068,0.00544,0.0,0.0,0.00544
2018-09-03 17:00:00,2018-09-03 18:00,1.7754,0.0,0.70688,0.07698,0.99155,0.00693,0.0,0.0,0.00693
2018-09-03 18:00:00,2018-09-03 19:00,1.81539,0.0,0.65887,0.09036,1.06615,0.00533,0.0,0.0,0.00533
2018-09-03 19:00:00,2018-09-03 20:00,1.90348,0.0,0.64315,0.0916,1.16873,0.00411,0.0,0.0,0.00411
2018-09-03 20:00:00,2018-09-03 21:00,1.96383,0.0044,0.63991,0.07245,1.24707,0.00399,0.0,0.0,0.00399
2018-09-03 21:00:00,2018-09-03 22:00,1.78439,0.00067,0.58266,0.06101,1.14005,0.00183,0.0,0.0,0.00183
2018-09-03 22:00:00,2018-09-03 23:00,1.37383,0.0,0.50787,0.04666,0.8193,0.00177,0.0,0.0,0.00177
2018-09-03 23:00:00,2018-09-04 00:00,1.10891,0.0,0.43554,0.0385,0.63486,0.00193,0.0,0.0,0.00193
2018-09-04 00:00:00,2018-09-04 01:00,0.98608,0.0,0.42026,0.02903,0.5368,0.00087,0.0,0.0,0.00087
2018-09-04 01:00:00,2018-09-04 02:00,0.95311,0.0,0.42346,0.01971,0.50995,0.00053,0.0,0.0,0.00053
2018-09-04 02:00:00,2018-09-04 03:00,0.89863,0.00891,0.37073,0.02778,0.49121,0.00029,0.0,0.0,0.00029
2018-09-04 03:00:00,2018-09-04 04:00,0.88918,0.0,0.36359,0.02578,0.49981,0.00054,0.0,0.0,0.00054
2018-09-04 04:00:00,2018-09-04 05:00,0.86619,0.00513,0.3363,0.02998,0.49478,0.00111,0.0,0.0,0.00111
2018-09-04 05:00:00,2018-09-04 06:00,0.91203,0.00562,0.3119,0.05559,0.53893,0.00396,0.0,0.0,0.00396
2018-09-04 06:00:00,2018-09-04 07:00,1.04736,0.00297,0.30223,0.10567,0.63649,0.00364,0.0,0.0,0.00364
2018-09-04 07:00:00,2018-09-04 08:00,1.15413,0.00104,0.31744,0.11749,0.71816,0.00475,0.0,0.0,0.00475
2018-09-04 08:00:00,2018-09-04 09:00,1.11449,0.00242,0.32149,0.08696,0.70361,0.0041,0.0,0.0,0.0041
2018-09-04 09:00:00,2018-09-04 10:00,1.108,0.00893,0.28038,0.08411,0.73458,0.00337,0.0,0.0,0.00337
2018-09-04 10:00:00,2018-09-04 11:00,1.12582,0.01073,0.27685,0.09282,0.74542,0.00312,0.0,0.0,0.00312
2018-09-04 11:00:00,2018-09-04 12:00,1.07076,2e-05,0.30604,0.06899,0.69571,0.00579,0.0,0.0,0.00579
2018-09-04 12:00:00,2018-09-04 13:00,1.14631,0.00191,0.34349,0.0732,0.72771,0.00516,0.0,0.0,0.00516
2018-09-04 13:00:00,2018-09-04 14:00,1.18389,0.0,0.3686,0.08106,0.73423,0.0024,0.0,0.0,0.0024
2018-09-04 14:00:00,2018-09-04 15:00,1.25086,0.0,0.38806,0.09819,0.76461,0.00197,0.0,0.0,0.00197
2018-09-04 15:00:00,2018-09-04 16:00,1.19463,0.0,0.40439,0.07671,0.71353,0.00278,0.0,0.0,0.00278
2018-09-04 16:00:00,2018-09-04 17:00,1.3225,0.00136,0.41462,0.07768,0.82885,0.00359,0.0,0.0,0.00359
2018-09-04 17:00:00,2018-09-04 18:00,1.57153,0.0,0.47904,0.08763,1.00486,0.00337,0.0,0.0,0.00337
2018-09-04 18:00:00,2018-09-04 19:00,1.609,0.0,0.45827,0.07573,1.075,0.00257,0.0,0.0,0.00257
2018-09-04 19:00:00,2018-09-04 20:00,1.74373,0.0,0.47889,0.08404,1.1808,0.00306,0.0,0.0,0.00306
2018-09-04 20:00:00,2018-09-04 21:00,1.85147,0.00488,0.50195,0.0571,1.28754,0.00396,0.0,0.0,0.00396
2018-09-04 21:00:00,2018-09-04 22:00,1.63094,0.00065,0.45331,0.04518,1.1318,0.00251,0.0,0.0,0.00251
2018-09-04 22:00:00,2018-09-04 23:00,1.24819,0.0,0.37525,0.04323,0.82971,0.00116,0.0,0.0,0.00116
2018-09-04 23:00:00,2018-09-05 00:00,0.99397,0.0,0.30484,0.03382,0.65532,0.00127,0.0,0.0,0.00127
2018-09-05 00:00:00,2018-09-05 01:00,0.8886,0.0,0.28894,0.03307,0.5666,0.00048,0.0,0.0,0.00048
2018-09-05 01:00:00,2018-09-05 02:00,0.8123,0.00018,0.28704,0.02698,0.4981,0.00018,0.0,0.0,0.00018
2018-09-05 02:00:00,2018-09-05 03:00,0.75413,0.01025,0.23512,0.02558,0.48318,0.00028,0.0,0.0,0.00028
2018-09-05 03:00:00,2018-09-05 04:00,0.74015,0.00018,0.227,0.02845,0.48452,0.00016,0.0,0.0,0.00016
2018-09-05 04:00:00,2018-09-05 05:00,0.73619,0.00576,0.20024,0.03986,0.49033,0.00105,0.0,0.0,0.00105
2018-09-05 05:00:00,2018-09-05 06:00,0.76037,0.00663,0.17723,0.06212,0.5144,0.00113,0.0,0.0,0.00113
2018-09-05 06:00:00,2018-09-05 07:00,0.89409,0.00444,0.16834,0.1092,0.61211,0.00295,0.0,0.0,0.00295
2018-09-05 07:00:00,2018-09-05 08:00,1.05284,0.00223,0.16093,0.12224,0.76744,0.00516,0.0,0.0,0.00516
2018-09-05 08:00:00,2018-09-05 09:00,1.05593,0.00478,0.12106,0.10132,0.82877,0.00585,0.0,0.0,0.00585
2018-09-05 09:00:00,2018-09-05 10:00,0.93382,0.0151,0.07776,0.10232,0.73865,0.00269,0.0,0.0,0.00269
2018-09-05 10:00:00,2018-09-05 11:00,0.85814,0.01636,0.07831,0.0755,0.68798,0.00259,0.0,0.0,0.00259
2018-09-05 11:00:00,2018-09-05 12:00,0.88845,0.00158,0.11244,0.07086,0.70357,0.00441,0.0,0.0,0.00441
2018-09-05 12:00:00,2018-09-05 13:00,0.97005,0.00203,0.17492,0.07643,0.71668,0.00362,0.0,0.0,0.00362
2018-09-05 13:00:00,2018-09-05 14:00,1.0309,0.0,0.25085,0.07589,0.70416,0.00311,0.0,0.0,0.00311
2018-09-05 14:00:00,2018-09-05 15:00,1.10682,0.0,0.33837,0.07666,0.69178,0.00304,0.0,0.0,0.00304
2018-09-05 15:00:00,2018-09-05 16:00,1.22428,0.0,0.43715,0.07632,0.71081,0.00502,0.0,0.0,0.00502
2018-09-05 16:00:00,2018-09-05 17:00,1.44241,0.00119,0.52547,0.08996,0.8258,0.00602,0.0,0.0,0.00602
2018-09-05 17:00:00,2018-09-05 18:00,1.6846,0.0,0.64591,0.07958,0.95911,0.00646,0.0,0.0,0.00646
2018-09-05 18:00:00,2018-09-05 19:00,1.84244,0.0,0.61136,0.07476,1.15632,0.00476,0.0,0.0,0.00476
2018-09-05 19:00:00,2018-09-05 20:00,1.83131,0.0,0.51866,0.07493,1.23771,0.00406,0.0,0.0,0.00406
2018-09-05 20:00:00,2018-09-05 21:00,1.78726,0.00569,0.42816,0.06092,1.29248,0.00301,0.0,0.0,0.00301
2018-09-05 21:00:00,2018-09-05 22:00,1.53636,0.00098,0.30875,0.04134,1.1853,0.00222,0.0,0.0,0.00222
2018-09-05 22:00:00,2018-09-05 23:00,1.11945,0.00061,0.21127,0.06708,0.84048,0.00379,0.0,0.0,0.00379
2018-09-05 23:00:00,2018-09-06 00:00,0.83301,0.00151,0.14166,0.03831,0.65153,0.0033,0.0,0.0,0.0033
2018-09-06 00:00:00,2018-09-06 01:00,0.74838,0.00338,0.14973,0.03134,0.56393,0.00222,0.0,0.0,0.00222
2018-09-06 01:00:00,2018-09-06 02:00,0.6927,0.00543,0.1432,0.02323,0.52084,0.00145,0.0,0.0,0.00145
2018-09-06 02:00:00,2018-09-06 03:00,0.64475,0.02504,0.09401,0.01929,0.5064,0.00053,0.0,0.0,0.00053
2018-09-06 03:00:00,2018-09-06 04:00,0.62113,0.01728,0.07737,0.03009,0.49638,0.00013,0.0,0.0,0.00013
2018-09-06 04:00:00,2018-09-06 05:00,0.60085,0.03575,0.05314,0.0289,0.48305,0.00036,0.0,0.0,0.00036
2018-09-06 05:00:00,2018-09-06 06:00,0.69519,0.06462,0.03806,0.04752,0.54499,0.00243,0.0,0.0,0.00243
2018-09-06 06:00:00,2018-09-06 07:00,0.86431,0.09897,0.03039,0.12117,0.61379,0.00262,0.0,0.0,0.00262
2018-09-06 07:00:00,2018-09-06 08:00,0.91902,0.09438,0.03396,0.11684,0.67383,0.00327,0.0,0.0,0.00327
2018-09-06 08:00:00,2018-09-06 09:00,0.92279,0.04278,0.06484,0.09691,0.71826,0.00326,0.0,0.0,0.00326
2018-09-06 09:00:00,2018-09-06 10:00,0.93543,0.02965,0.11687,0.08596,0.70296,0.00373,0.0,0.0,0.00373
2018-09-06 10:00:00,2018-09-06 11:00,1.00892,0.0176,0.17359,0.08234,0.73538,0.00395,0.0,0.0,0.00395
2018-09-06 11:00:00,2018-09-06 12:00,0.97555,0.00054,0.24474,0.0796,0.65066,0.00437,0.0,0.0,0.00437
2018-09-06 12:00:00,2018-09-06 13:00,1.13568,0.00181,0.34114,0.07918,0.71356,0.0025,0.0,0.0,0.0025
2018-09-06 13:00:00,2018-09-06 14:00,1.24708,0.0,0.44676,0.07475,0.72557,0.00411,0.0,0.0,0.00411
2018-09-06 14:00:00,2018-09-06 15:00,1.33454,0.0,0.55941,0.08823,0.6869,0.00231,0.0,0.0,0.00231
2018-09-06 15:00:00,2018-09-06 16:00,1.53249,0.0,0.69254,0.09629,0.74366,0.00361,0.0,0.0,0.00361
2018-09-06 16:00:00,2018-09-06 17:00,1.73882,0.00098,0.80185,0.07693,0.85906,0.00775,0.0,0.0,0.00775
2018-09-06 17:00:00,2018-09-06 18:00,1.99768,0.0,0.92703,0.10057,0.97008,0.00636,0.0,0.0,0.00636
2018-09-06 18:00:00,2018-09-06 19:00,2.04709,0.0,0.88664,0.08842,1.07204,0.00695,0.0,0.0,0.00695
2018-09-06 19:00:00,2018-09-06 20:00,2.08562,0.0,0.76732,0.07416,1.24414,0.00384,0.0,0.0,0.00384
2018-09-06 20:00:00,2018-09-06 21:00,1.96536,0.00522,0.61,0.06411,1.28604,0.00329,0.0,0.0,0.00329
2018-09-06 21:00:00,2018-09-06 22:00,1.72249,0.00052,0.45898,0.06862,1.19436,0.0021,0.0,0.0,0.0021
2018-09-06 22:00:00,2018-09-06 23:00,1.23356,0.00016,0.3218,0.05211,0.85949,0.00254,0.0,0.0,0.00254
2018-09-06 23:00:00,2018-09-07 00:00,0.91056,0.00038,0.22884,0.04535,0.63599,0.0023,0.0,0.0,0.0023
2018-09-07 00:00:00,2018-09-07 01:00,0.7323,0.00263,0.14674,0.03377,0.54915,0.00116,0.0,0.0,0.00116
2018-09-07 01:00:00,2018-09-07 02:00,0.65989,0.00539,0.1284,0.02223,0.50387,0.00095,0.0,0.0,0.00095
2018-09-07 02:00:00,2018-09-07 03:00,0.63198,0.02408,0.08461,0.03021,0.49308,0.00017,0.0,0.0,0.00017
2018-09-07 03:00:00,2018-09-07 04:00,0.5965,0.01445,0.07316,0.01589,0.49301,0.00024,0.0,0.0,0.00024
2018-09-07 04:00:00,2018-09-07 05:00,0.58907,0.02693,0.05428,0.02414,0.48373,0.0008,0.0,0.0,0.0008
2018-09-07 05:00:00,2018-09-07 06:00,0.67253,0.0445,0.03968,0.063,0.52537,0.00261,0.0,0.0,0.00261
2018-09-07 06:00:00,2018-09-07 07:00,0.85379,0.04713,0.03888,0.11478,0.65301,0.00323,0.0,0.0,0.00323
2018-09-07 07:00:00,2018-09-07 08:00,0.89577,0.04194,0.04098,0.12322,0.68962,0.00638,0.0,0.0,0.00638
2018-09-07 08:00:00,2018-09-07 09:00,0.93321,0.0316,0.06195,0.09408,0.74558,0.00447,0.0,0.0,0.00447
2018-09-07 09:00:00,2018-09-07 10:00,0.97799,0.0232,0.0943,0.10098,0.75951,0.00526,0.0,0.0,0.00526
2018-09-07 10:00:00,2018-09-07 11:00,0.9769,0.01498,0.13892,0.0863,0.7367,0.00316,0.0,0.0,0.00316
2018-09-07 11:00:00,2018-09-07 12:00,1.01302,0.0003,0.21726,0.0854,0.71006,0.00402,0.0,0.0,0.00402
2018-09-07 12:00:00,2018-09-07 13:00,1.17224,0.00188,0.33152,0.08364,0.7552,0.00308,0.0,0.0,0.00308
2018-09-07 13:00:00,2018-09-07 14:00,1.23772,0.0,0.44912,0.07847,0.71014,0.00364,0.0,0.0,0.00364
2018-09-07 14:00:00,2018-09-07 15:00,1.30971,0.0,0.5684,0.08394,0.65737,0.003,0.0,0.0,0.003
2018-09-07 15:00:00,2018-09-07 16:00,1.4769,0.0,0.70591,0.08837,0.68261,0.0034,0.0,0.0,0.0034
2018-09-07 16:00:00,2018-09-07 17:00,1.72282,0.00083,0.82651,0.08105,0.81443,0.0039,0.0,0.0,0.0039
2018-09-07 17:00:00,2018-09-07 18:00,1.95199,0.0,0.94618,0.08509,0.92071,0.00383,0.0,0.0,0.00383
2018-09-07 18:00:00,2018-09-07 19:00,2.00651,0.0,0.88934,0.08224,1.03493,0.00552,0.0,0.0,0.00552
2018-09-07 19:00:00,2018-09-07 20:00,2.0598,0.0,0.76195,0.08069,1.21715,0.00456,0.0,0.0,0.00456
2018-09-07 20:00:00,2018-09-07 21:00,1.93782,0.00457,0.60483,0.0456,1.28282,0.00466,0.0,0.0,0.00466
2018-09-07 21:00:00,2018-09-07 22:00,1.6565,0.00045,0.45416,0.06588,1.13602,0.00398,0.0,0.0,0.00398
2018-09-07 22:00:00,2018-09-07 23:00,1.22086,0.0,0.33468,0.04021,0.84597,0.00214,0.0,0.0,0.00214
2018-09-07 23:00:00,2018-09-08 00:00,0.90783,0.0,0.23694,0.03817,0.63272,0.00184,0.0,0.0,0.00184
2018-09-08 00:00:00,2018-09-08 01:00,0.81314,4e-05,0.23938,0.02434,0.54938,0.0017,0.0,0.0,0.0017
2018-09-08 01:00:00,2018-09-08 02:00,0.72822,0.00171,0.21054,0.01973,0.49625,0.00018,0.0,0.0,0.00018
2018-09-08 02:00:00,2018-09-08 03:00,0.67591,0.0157,0.14458,0.032,0.48363,0.00024,0.0,0.0,0.00024
2018-09-08 03:00:00,2018-09-08 04:00,0.64936,0.00653,0.11774,0.03295,0.49213,0.00018,0.0,0.0,0.00018
2018-09-08 04:00:00,2018-09-08 05:00,0.62729,0.01642,0.08657,0.02718,0.49712,0.00023,0.0,0.0,0.00023
2018-09-08 05:00:00,2018-09-08 06:00,0.66018,0.02781,0.06544,0.04332,0.52361,0.00097,0.0,0.0,0.00097
2018-09-08 06:00:00,2018-09-08 07:00,0.72802,0.0337,0.05762,0.04883,0.58787,0.00149,0.0,0.0,0.00149
2018-09-08 07:00:00,2018-09-08 08:00,0.84494,0.02785,0.06879,0.09978,0.64852,0.00335,0.0,0.0,0.00335
2018-09-08 08:00:00,2018-09-08 09:00,1.03577,0.01538,0.11621,0.10309,0.80108,0.00491,0.0,0.0,0.00491
2018-09-08 09:00:00,2018-09-08 10:00,1.10474,0.01911,0.17684,0.09696,0.81183,0.00723,0.0,0.0,0.00723
2018-09-08 10:00:00,2018-09-08 11:00,1.12659,0.01346,0.23716,0.10907,0.7669,0.00632,0.0,0.0,0.00632
2018-09-08 11:00:00,2018-09-08 12:00,1.2288,0.00042,0.32209,0.08717,0.81912,0.00517,0.0,0.0,0.00517
2018-09-08 12:00:00,2018-09-08 13:00,1.30427,0.00193,0.41415,0.11066,0.77754,0.00569,0.0,0.0,0.00569
2018-09-08 13:00:00,2018-09-08 14:00,1.44388,0.0,0.52166,0.10065,0.82157,0.00574,0.0,0.0,0.00574
2018-09-08 14:00:00,2018-09-08 15:00,1.62908,0.0,0.64153,0.10752,0.88003,0.00606,0.0,0.0,0.00606
2018-09-08 15:00:00,2018-09-08 16:00,1.74751,0.0,0.75763,0.10386,0.88602,0.00583,0.0,0.0,0.00583
2018-09-08 16:00:00,2018-09-08 17:00,1.92845,0.0,0.84476,0.10607,0.97762,0.00401,0.0,0.0,0.00401
2018-09-08 17:00:00,2018-09-08 18:00,2.0913,0.0,0.92532,0.08983,1.07616,0.0069,0.0,0.0,0.0069
2018-09-08 18:00:00,2018-09-08 19:00,2.1379,0.0,0.86101,0.07579,1.2011,0.00468,0.0,0.0,0.00468
2018-09-08 19:00:00,2018-09-08 20:00,2.10697,0.0,0.72567,0.09033,1.29096,0.00572,0.0,0.0,0.00572
2018-09-08 20:00:00,2018-09-08 21:00,2.02825,0.0,0.59827,0.07016,1.35982,0.0028,0.0,0.0,0.0028
2018-09-08 21:00:00,2018-09-08 22:00,1.78753,0.00049,0.47579,0.06204,1.24921,0.00197,0.0,0.0,0.00197
2018-09-08 22:00:00,2018-09-08 23:00,1.24261,0.0,0.35032,0.05139,0.8409,0.00142,0.0,0.0,0.00142
2018-09-08 23:00:00,2018-09-09 00:00,0.88402,0.0,0.25023,0.02817,0.60562,0.00147,0.0,0.0,0.00147
2018-09-09 00:00:00,2018-09-09 01:00,0.7504,0.00013,0.2134,0.02091,0.51596,0.00032,0.0,0.0,0.00032
2018-09-09 01:00:00,2018-09-09 02:00,0.7219,0.00052,0.19387,0.03003,0.49747,0.00018,0.0,0.0,0.00018
2018-09-09 02:00:00,2018-09-09 03:00,0.66132,0.01529,0.13719,0.02368,0.48517,0.00015,0.0,0.0,0.00015
2018-09-09 03:00:00,2018-09-09 04:00,0.63428,0.00528,0.11544,0.02922,0.48434,0.00027,0.0,0.0,0.00027
2018-09-09 04:00:00,2018-09-09 05:00,0.6132,0.01383,0.08602,0.02745,0.4859,0.00053,0.0,0.0,0.00053
2018-09-09 05:00:00,2018-09-09 06:00,0.65668,0.0191,0.06541,0.06106,0.51111,0.00098,0.0,0.0,0.00098
2018-09-09 06:00:00,2018-09-09 07:00,0.71914,0.02296,0.05666,0.06786,0.57166,0.00275,0.0,0.0,0.00275
2018-09-09 07:00:00,2018-09-09 08:00,0.98308,0.02466,0.06142,0.10356,0.79343,0.00334,0.0,0.0,0.00334
2018-09-09 08:00:00,2018-09-09 09:00,1.01036,0.01753,0.09799,0.09266,0.80218,0.00652,0.0,0.0,0.00652
2018-09-09 09:00:00,2018-09-09 10:00,1.21037,0.01919,0.1512,0.12521,0.91477,0.00641,0.0,0.0,0.00641
2018-09-09 10:00:00,2018-09-09 11:00,1.14683,0.01522,0.20556,0.08703,0.83902,0.00605,0.0,0.0,0.00605
2018-09-09 11:00:00,2018-09-09 12:00,1.10424,0.00073,0.28167,0.08735,0.73449,0.00441,0.0,0.0,0.00441
2018-09-09 12:00:00,2018-09-09 13:00,1.31438,0.00187,0.36016,0.09792,0.85442,0.00465,0.0,0.0,0.00465
2018-09-09 13:00:00,2018-09-09 14:00,1.34399,0.0,0.45339,0.11016,0.78044,0.00522,0.0,0.0,0.00522
2018-09-09 14:00:00,2018-09-09 15:00,1.4449,0.0,0.55727,0.08213,0.8055,0.00456,0.0,0.0,0.00456
2018-09-09 15:00:00,2018-09-09 16:00,1.61017,0.0,0.6553,0.10309,0.85178,0.00341,0.0,0.0,0.00341
2018-09-09 16:00:00,2018-09-09 17:00,1.81103,0.0,0.75294,0.12082,0.93727,0.0042,0.0,0.0,0.0042
2018-09-09 17:00:00,2018-09-09 18:00,2.00344,0.0,0.84367,0.08865,1.07112,0.00677,0.0,0.0,0.00677
2018-09-09 18:00:00,2018-09-09 19:00,1.98376,0.0,0.77443,0.08234,1.127,0.00493,0.0,0.0,0.00493
2018-09-09 19:00:00,2018-09-09 20:00,2.00705,0.0,0.66491,0.07055,1.27159,0.0033,0.0,0.0,0.0033
2018-09-09 20:00:00,2018-09-09 21:00,2.01108,0.0,0.55989,0.06929,1.3819,0.00175,0.0,0.0,0.00175
2018-09-09 21:00:00,2018-09-09 22:00,1.74011,0.00053,0.44083,0.04856,1.25019,0.00157,0.0,0.0,0.00157
2018-09-09 22:00:00,2018-09-09 23:00,1.17781,0.0,0.32961,0.05133,0.79687,0.00065,0.0,0.0,0.00065
2018-09-09 23:00:00,2018-09-10 00:00,0.86147,0.0,0.22944,0.05464,0.57738,0.00059,0.0,0.0,0.00059
2018-09-10 00:00:00,2018-09-10 01:00,0.68494,0.00025,0.13936,0.03027,0.51506,0.00088,0.0,0.0,0.00088
2018-09-10 01:00:00,2018-09-10 02:00,0.66328,0.00172,0.12618,0.03285,0.50254,0.00018,0.0,0.0,0.00018
2018-09-10 02:00:00,2018-09-10 03:00,0.61364,0.01941,0.08222,0.03103,0.48098,0.00025,0.0,0.0,0.00025
2018-09-10 03:00:00,2018-09-10 04:00,0.60003,0.0102,0.07366,0.03433,0.48184,0.00043,0.0,0.0,0.00043
2018-09-10 04:00:00,2018-09-10 05:00,0.60592,0.02265,0.05249,0.03857,0.4922,0.00065,0.0,0.0,0.00065
2018-09-10 05:00:00,2018-09-10 06:00,0.66578,0.03658,0.04217,0.05944,0.52758,0.00181,0.0,0.0,0.00181
2018-09-10 06:00:00,2018-09-10 07:00,0.84018,0.03759,0.0391,0.12253,0.64097,0.00492,0.0,0.0,0.00492
2018-09-10 07:00:00,2018-09-10 08:00,0.90224,0.03681,0.04124,0.11644,0.70775,0.00395,0.0,0.0,0.00395
2018-09-10 08:00:00,2018-09-10 09:00,0.96755,0.02937,0.06521,0.11312,0.75986,0.00425,0.0,0.0,0.00425
2018-09-10 09:00:00,2018-09-10 10:00,0.93918,0.02625,0.09564,0.09751,0.71978,0.00508,0.0,0.0,0.00508
2018-09-10 10:00:00,2018-09-10 11:00,0.89635,0.0157,0.1318,0.08222,0.66663,0.0027,0.0,0.0,0.0027
2018-09-10 11:00:00,2018-09-10 12:00,0.94101,0.00048,0.21596,0.06455,0.66002,0.0033,0.0,0.0,0.0033
2018-09-10 12:00:00,2018-09-10 13:00,1.15528,0.00186,0.34612,0.07856,0.72873,0.00416,0.0,0.0,0.00416
2018-09-10 13:00:00,2018-09-10 14:00,1.26124,0.0,0.48429,0.09042,0.68653,0.00252,0.0,0.0,0.00252
2018-09-10 14:00:00,2018-09-10 15:00,1.4053,0.0,0.64336,0.08461,0.67733,0.00375,0.0,0.0,0.00375
2018-09-10 15:00:00,2018-09-10 16:00,1.58725,0.0,0.7731,0.09199,0.72217,0.00364,0.0,0.0,0.00364
2018-09-10 16:00:00,2018-09-10 17:00,1.79165,0.00064,0.85581,0.09352,0.84169,0.0031,0.0,0.0,0.0031
2018-09-10 17:00:00,2018-09-10 18:00,2.03922,0.0,0.98021,0.08827,0.97074,0.00394,0.0,0.0,0.00394
2018-09-10 18:00:00,2018-09-10 19:00,2.09093,0.0,0.9413,0.0957,1.05392,0.0056,0.0,0.0,0.0056
2018-09-10 19:00:00,2018-09-10 20:00,2.14264,0.0,0.82948,0.07667,1.23649,0.00572,0.0,0.0,0.00572
2018-09-10 20:00:00,2018-09-10 21:00,2.00757,0.00434,0.69412,0.08047,1.22865,0.00635,0.0,0.0,0.00635
2018-09-10 21:00:00,2018-09-10 22:00,1.73926,0.00042,0.56935,0.07197,1.09752,0.00239,0.0,0.0,0.00239
2018-09-10 22:00:00,2018-09-10 23:00,1.29692,0.0,0.43786,0.04829,0.81076,0.0028,0.0,0.0,0.0028
2018-09-10 23:00:00,2018-09-11 00:00,0.94845,0.0,0.33821,0.03283,0.57742,0.00138,0.0,0.0,0.00138
2018-09-11 00:00:00,2018-09-11 01:00,0.90202,0.0,0.36265,0.01724,0.52213,0.00078,0.0,0.0,0.00078
2018-09-11 01:00:00,2018-09-11 02:00,0.86617,0.0,0.33916,0.02406,0.50295,0.00064,0.0,0.0,0.00064
2018-09-11 02:00:00,2018-09-11 03:00,0.79438,0.00985,0.26836,0.02975,0.48641,0.00061,0.0,0.0,0.00061
2018-09-11 03:00:00,2018-09-11 04:00,0.76898,0.00066,0.24002,0.03441,0.49389,0.00037,0.0,0.0,0.00037
2018-09-11 04:00:00,2018-09-11 05:00,0.74518,0.00658,0.19852,0.03402,0.50606,0.0005,0.0,0.0,0.0005
2018-09-11 05:00:00,2018-09-11 06:00,0.77465,0.00776,0.16476,0.064,0.53812,0.00246,0.0,0.0,0.00246
2018-09-11 06:00:00,2018-09-11 07:00,0.91825,0.00568,0.14809,0.11783,0.64664,0.00279,0.0,0.0,0.00279
2018-09-11 07:00:00,2018-09-11 08:00,1.01978,0.00397,0.17563,0.1132,0.72698,0.00341,0.0,0.0,0.00341
2018-09-11 08:00:00,2018-09-11 09:00,1.02547,0.00471,0.25806,0.11079,0.65192,0.00456,0.0,0.0,0.00456
2018-09-11 09:00:00,2018-09-11 10:00,1.13408,0.0107,0.34286,0.09258,0.68794,0.0049,0.0,0.0,0.0049
2018-09-11 10:00:00,2018-09-11 11:00,1.25627,0.00951,0.44704,0.08564,0.71408,0.00312,0.0,0.0,0.00312
2018-09-11 11:00:00,2018-09-11 12:00,1.36292,0.0,0.59133,0.06694,0.70466,0.00382,0.0,0.0,0.00382
2018-09-11 12:00:00,2018-09-11 13:00,1.56924,0.00195,0.77006,0.06775,0.72947,0.00537,0.0,0.0,0.00537
2018-09-11 13:00:00,2018-09-11 14:00,1.71204,0.0,0.93786,0.07326,0.70092,0.00247,0.0,0.0,0.00247
2018-09-11 14:00:00,2018-09-11 15:00,1.83368,0.0,1.09151,0.09588,0.64629,0.00188,0.0,0.0,0.00188
2018-09-11 15:00:00,2018-09-11 16:00,2.10618,0.0,1.25188,0.08731,0.76699,0.00261,0.0,0.0,0.00261
2018-09-11 16:00:00,2018-09-11 17:00,2.34094,7e-05,1.36023,0.09205,0.88859,0.00522,0.0,0.0,0.00522
2018-09-11 17:00:00,2018-09-11 18:00,2.49973,0.0,1.40455,0.10082,0.99437,0.0066,0.0,0.0,0.0066
2018-09-11 18:00:00,2018-09-11 19:00,2.44792,0.0,1.29633,0.08591,1.06567,0.00529,0.0,0.0,0.00529
2018-09-11 19:00:00,2018-09-11 20:00,2.46388,0.0,1.15358,0.08222,1.22808,0.00326,0.0,0.0,0.00326
2018-09-11 20:00:00,2018-09-11 21:00,2.38741,0.0037,1.02644,0.07745,1.27982,0.0043,0.0,0.0,0.0043
2018-09-11 21:00:00,2018-09-11 22:00,2.19396,0.00022,0.89147,0.07409,1.22818,0.00352,0.0,0.0,0.00352
2018-09-11 22:00:00,2018-09-11 23:00,1.64029,0.0,0.74257,0.05461,0.84311,0.00176,0.0,0.0,0.00176
2018-09-11 23:00:00,2018-09-12 00:00,1.24155,0.0,0.61358,0.03525,0.59272,0.0007,0.0,0.0,0.0007
2018-09-12 00:00:00,2018-09-12 01:00,1.0736,0.0,0.52011,0.02257,0.53092,0.00061,0.0,0.0,0.00061
2018-09-12 01:00:00,2018-09-12 02:00,1.02474,0.0,0.49851,0.02113,0.5051,0.00055,0.0,0.0,0.00055
2018-09-12 02:00:00,2018-09-12 03:00,0.95299,0.00807,0.42386,0.02816,0.4929,0.00063,0.0,0.0,0.00063
2018-09-12 03:00:00,2018-09-12 04:00,0.90764,0.0,0.39035,0.02767,0.48962,0.00046,0.0,0.0,0.00046
2018-09-12 04:00:00,2018-09-12 05:00,0.90319,0.00519,0.34018,0.04459,0.51322,0.0008,0.0,0.0,0.0008
2018-09-12 05:00:00,2018-09-12 06:00,0.88797,0.00581,0.29821,0.05355,0.5304,0.00123,0.0,0.0,0.00123
2018-09-12 06:00:00,2018-09-12 07:00,1.02517,0.00287,0.2835,0.11289,0.62591,0.00279,0.0,0.0,0.00279
2018-09-12 07:00:00,2018-09-12 08:00,1.10311,0.00101,0.2937,0.10034,0.70805,0.0036,0.0,0.0,0.0036
2018-09-12 08:00:00,2018-09-12 09:00,1.11496,0.00244,0.32736,0.08962,0.69554,0.00388,0.0,0.0,0.00388
2018-09-12 09:00:00,2018-09-12 10:00,1.12381,0.00875,0.33729,0.08535,0.69243,0.00356,0.0,0.0,0.00356
2018-09-12 10:00:00,2018-09-12 11:00,1.26055,0.00921,0.45871,0.09283,0.69981,0.00454,0.0,0.0,0.00454
2018-09-12 11:00:00,2018-09-12 12:00,1.4306,0.0,0.64377,0.06657,0.72026,0.00286,0.0,0.0,0.00286
2018-09-12 12:00:00,2018-09-12 13:00,1.71016,0.00198,0.83747,0.08968,0.78102,0.00356,0.0,0.0,0.00356
2018-09-12 13:00:00,2018-09-12 14:00,1.80837,0.0,1.00699,0.09577,0.70561,0.00643,0.0,0.0,0.00643
2018-09-12 14:00:00,2018-09-12 15:00,1.94517,0.0,1.18518,0.07746,0.68253,0.00603,0.0,0.0,0.00603
2018-09-12 15:00:00,2018-09-12 16:00,2.15154,0.0,1.34387,0.06872,0.73895,0.00466,0.0,0.0,0.00466
2018-09-12 16:00:00,2018-09-12 17:00,2.42806,0.00026,1.44676,0.07647,0.90457,0.00529,0.0,0.0,0.00529
2018-09-12 17:00:00,2018-09-12 18:00,2.65713,0.0,1.52142,0.09736,1.03834,0.00631,0.0,0.0,0.00631
2018-09-12 18:00:00,2018-09-12 19:00,2.66263,0.0,1.4311,0.10095,1.13058,0.00502,0.0,0.0,0.00502
2018-09-12 19:00:00,2018-09-12 20:00,2.55885,0.0,1.23711,0.07615,1.24559,0.00362,0.0,0.0,0.00362
2018-09-12 20:00:00,2018-09-12 21:00,2.45357,0.00348,1.0597,0.06287,1.32752,0.00651,0.0,0.0,0.00651
2018-09-12 21:00:00,2018-09-12 22:00,2.13946,0.00019,0.90662,0.0595,1.17315,0.00482,0.0,0.0,0.00482
2018-09-12 22:00:00,2018-09-12 23:00,1.6322,0.0,0.71966,0.05563,0.85691,0.00251,0.0,0.0,0.00251
2018-09-12 23:00:00,2018-09-13 00:00,1.22455,0.0,0.5477,0.04183,0.63502,0.00154,0.0,0.0,0.00154
2018-09-13 00:00:00,2018-09-13 01:00,1.11454,0.0,0.54748,0.03148,0.53558,0.0011,0.0,0.0,0.0011
2018-09-13 01:00:00,2018-09-13 02:00,1.02927,0.0,0.50568,0.021,0.50258,0.00055,0.0,0.0,0.00055
2018-09-13 02:00:00,2018-09-13 03:00,0.9266,0.00843,0.41435,0.01825,0.48556,0.00063,0.0,0.0,0.00063
2018-09-13 03:00:00,2018-09-13 04:00,0.87817,0.0,0.3655,0.02528,0.48739,0.0002,0.0,0.0,0.0002
2018-09-13 04:00:00,2018-09-13 05:00,0.84778,0.00549,0.29914,0.04085,0.5023,0.00035,0.0,0.0,0.00035
2018-09-13 05:00:00,2018-09-13 06:00,0.85302,0.00646,0.24954,0.07353,0.52349,0.00298,0.0,0.0,0.00298
2018-09-13 06:00:00,2018-09-13 07:00,0.96392,0.00406,0.23038,0.11396,0.61552,0.00374,0.0,0.0,0.00374
2018-09-13 07:00:00,2018-09-13 08:00,1.05373,0.00198,0.25064,0.12207,0.67903,0.0029,0.0,0.0,0.0029
2018-09-13 08:00:00,2018-09-13 09:00,1.10691,0.00297,0.33054,0.09137,0.68203,0.00527,0.0,0.0,0.00527
2018-09-13 09:00:00,2018-09-13 10:00,1.23707,0.00673,0.40867,0.10401,0.71766,0.00562,0.0,0.0,0.00562
2018-09-13 10:00:00,2018-09-13 11:00,1.32799,0.00923,0.49603,0.076,0.74673,0.00429,0.0,0.0,0.00429
2018-09-13 11:00:00,2018-09-13 12:00,1.45682,0.0,0.66797,0.08241,0.70644,0.00386,0.0,0.0,0.00386
2018-09-13 12:00:00,2018-09-13 13:00,1.60299,0.00198,0.86968,0.07469,0.65663,0.00294,0.0,0.0,0.00294
2018-09-13 13:00:00,2018-09-13 14:00,1.81452,0.0,1.05898,0.06935,0.68618,0.00243,0.0,0.0,0.00243
2018-09-13 14:00:00,2018-09-13 15:00,1.978,0.0,1.22336,0.08552,0.66912,0.00298,0.0,0.0,0.00298
2018-09-13 15:00:00,2018-09-13 16:00,2.1329,0.0,1.34102,0.08871,0.70317,0.0034,0.0,0.0,0.0034
2018-09-13 16:00:00,2018-09-13 17:00,2.36151,0.00017,1.4106,0.08181,0.86893,0.00358,0.0,0.0,0.00358
2018-09-13 17:00:00,2018-09-13 18:00,2.5815,0.0,1.50551,0.07317,1.00283,0.00712,0.0,0.0,0.00712
2018-09-13 18:00:00,2018-09-13 19:00,2.54999,0.0,1.42223,0.0911,1.03666,0.0077,0.0,0.0,0.0077
2018-09-13 19:00:00,2018-09-13 20:00,2.50624,0.0,1.2604,0.10215,1.14369,0.00453,0.0,0.0,0.00453
2018-09-13 20:00:00,2018-09-13 21:00,2.4619,0.00341,1.12621,0.06239,1.26989,0.0041,0.0,0.0,0.0041
2018-09-13 21:00:00,2018-09-13 22:00,2.28729,0.00013,1.00794,0.05211,1.2271,0.0037,0.0,0.0,0.0037
2018-09-13 22:00:00,2018-09-13 23:00,1.75373,0.0,0.85427,0.04585,0.85362,0.00115,0.0,0.0,0.00115
2018-09-13 23:00:00,2018-09-14 00:00,1.4135,0.0,0.72463,0.04384,0.64502,0.00106,0.0,0.0,0.00106
2018-09-14 00:00:00,2018-09-14 01:00,1.25348,0.0,0.65529,0.03516,0.56304,0.00154,0.0,0.0,0.00154
2018-09-14 01:00:00,2018-09-14 02:00,1.15765,0.0,0.61612,0.02369,0.51784,0.00027,0.0,0.0,0.00027
2018-09-14 02:00:00,2018-09-14 03:00,1.04167,0.00775,0.5235,0.02551,0.48491,0.00015,0.0,0.0,0.00015
2018-09-14 03:00:00,2018-09-14 04:00,0.99719,0.0,0.49147,0.0178,0.48792,0.00036,0.0,0.0,0.00036
2018-09-14 04:00:00,2018-09-14 05:00,0.97208,0.00485,0.44185,0.03285,0.49254,0.00099,0.0,0.0,0.00099
2018-09-14 05:00:00,2018-09-14 06:00,0.98653,0.00527,0.39345,0.08312,0.50469,0.00171,0.0,0.0,0.00171
2018-09-14 06:00:00,2018-09-14 07:00,1.09644,0.0023,0.39434,0.1093,0.5905,0.00483,0.0,0.0,0.00483
2018-09-14 07:00:00,2018-09-14 08:00,1.21264,0.00095,0.41628,0.10024,0.69517,0.00678,0.0,0.0,0.00678
2018-09-14 08:00:00,2018-09-14 09:00,1.27234,0.00222,0.45142,0.10042,0.71829,0.00474,0.0,0.0,0.00474
2018-09-14 09:00:00,2018-09-14 10:00,1.22251,0.0049,0.45725,0.08102,0.67933,0.00466,0.0,0.0,0.00466
2018-09-14 10:00:00,2018-09-14 11:00,1.26788,0.00866,0.52202,0.08479,0.65241,0.00401,0.0,0.0,0.00401
2018-09-14 11:00:00,2018-09-14 12:00,1.45465,0.0,0.67399,0.06798,0.71268,0.00574,0.0,0.0,0.00574
2018-09-14 12:00:00,2018-09-14 13:00,1.69033,0.00199,0.86927,0.07603,0.74304,0.00457,0.0,0.0,0.00457
2018-09-14 13:00:00,2018-09-14 14:00,1.92906,0.0,1.04679,0.08792,0.79435,0.00342,0.0,0.0,0.00342
2018-09-14 14:00:00,2018-09-14 15:00,2.03274,0.0,1.22361,0.07931,0.72982,0.00442,0.0,0.0,0.00442
2018-09-14 15:00:00,2018-09-14 16:00,2.20136,0.0,1.33771,0.0981,0.76556,0.00529,0.0,0.0,0.00529
2018-09-14 16:00:00,2018-09-14 17:00,2.30466,0.00043,1.39242,0.08088,0.83093,0.00863,0.0,0.0,0.00863
2018-09-14 17:00:00,2018-09-14 18:00,2.57703,0.0,1.5115,0.09077,0.97476,0.00671,0.0,0.0,0.00671
2018-09-14 18:00:00,2018-09-14 19:00,2.65705,0.0,1.48963,0.08866,1.07875,0.0063,0.0,0.0,0.0063
2018-09-14 19:00:00,2018-09-14 20:00,2.60591,0.0,1.34294,0.08429,1.17868,0.00412,0.0,0.0,0.00412
2018-09-14 20:00:00,2018-09-14 21:00,2.53249,0.00342,1.20107,0.05937,1.26863,0.0043,0.0,0.0,0.0043
2018-09-14 21:00:00,2018-09-14 22:00,2.30187,0.00034,1.07256,0.05238,1.1766,0.00276,0.0,0.0,0.00276
2018-09-14 22:00:00,2018-09-14 23:00,1.82964,0.0,0.92976,0.04429,0.85559,0.0032,0.0,0.0,0.0032
2018-09-14 23:00:00,2018-09-15 00:00,1.43511,0.0,0.79451,0.03808,0.60251,0.00204,0.0,0.0,0.00204
2018-09-15 00:00:00,2018-09-15 01:00,1.31245,0.0,0.72917,0.03629,0.547,0.00063,0.0,0.0,0.00063
2018-09-15 01:00:00,2018-09-15 02:00,1.2295,0.0,0.68239,0.02,0.52711,0.00184,0.0,0.0,0.00184
2018-09-15 02:00:00,2018-09-15 03:00,1.11106,0.00761,0.58757,0.02099,0.49488,0.0012,0.0,0.0,0.0012
2018-09-15 03:00:00,2018-09-15 04:00,1.07659,0.0,0.55818,0.02848,0.48994,0.0013,0.0,0.0,0.0013
2018-09-15 04:00:00,2018-09-15 05:00,1.03835,0.00468,0.51397,0.02409,0.49561,0.00054,0.0,0.0,0.00054
2018-09-15 05:00:00,2018-09-15 06:00,1.01251,0.00473,0.46218,0.04063,0.50498,0.00096,0.0,0.0,0.00096
2018-09-15 06:00:00,2018-09-15 07:00,1.08248,0.00218,0.4386,0.05827,0.58343,0.00171,0.0,0.0,0.00171
2018-09-15 07:00:00,2018-09-15 08:00,1.24284,0.00086,0.48635,0.09071,0.66492,0.00412,0.0,0.0,0.00412
2018-09-15 08:00:00,2018-09-15 09:00,1.49268,0.00057,0.61034,0.10896,0.77281,0.00479,0.0,0.0,0.00479
2018-09-15 09:00:00,2018-09-15 10:00,1.60823,0.00477,0.73075,0.08915,0.78357,0.0053,0.0,0.0,0.0053
2018-09-15 10:00:00,2018-09-15 11:00,1.82503,0.00735,0.8988,0.09842,0.82047,0.0044,0.0,0.0,0.0044
2018-09-15 11:00:00,2018-09-15 12:00,2.13537,0.0,1.16404,0.08983,0.8815,0.00582,0.0,0.0,0.00582
2018-09-15 12:00:00,2018-09-15 13:00,2.36984,0.00214,1.41824,0.09089,0.85856,0.0048,0.0,0.0,0.0048
2018-09-15 13:00:00,2018-09-15 14:00,2.53248,0.0,1.6354,0.10964,0.78744,0.0045,0.0,0.0,0.0045
2018-09-15 14:00:00,2018-09-15 15:00,2.76678,0.0,1.82764,0.09886,0.84028,0.00495,0.0,0.0,0.00495
2018-09-15 15:00:00,2018-09-15 16:00,2.83865,0.0,1.94731,0.08606,0.80528,0.00483,0.0,0.0,0.00483
2018-09-15 16:00:00,2018-09-15 17:00,3.07987,0.0,2.02064,0.09261,0.96663,0.00443,0.0,0.0,0.00443
2018-09-15 17:00:00,2018-09-15 18:00,3.19836,0.0,2.04036,0.09598,1.06202,0.00374,0.0,0.0,0.00374
2018-09-15 18:00:00,2018-09-15 19:00,3.13878,0.0,1.92329,0.10351,1.11197,0.00547,0.0,0.0,0.00547
2018-09-15 19:00:00,2018-09-15 20:00,3.00802,0.0,1.68792,0.06921,1.25089,0.00445,0.0,0.0,0.00445
2018-09-15 20:00:00,2018-09-15 21:00,2.8622,0.0,1.47004,0.06194,1.33022,0.00436,0.0,0.0,0.00436
2018-09-15 21:00:00,2018-09-15 22:00,2.5525,0.0,1.28238,0.04974,1.22037,0.003,0.0,0.0,0.003
2018-09-15 22:00:00,2018-09-15 23:00,2.02206,0.0,1.10908,0.05443,0.85856,0.00204,0.0,0.0,0.00204
2018-09-15 23:00:00,2018-09-16 00:00,1.62002,0.0,0.9679,0.04047,0.61165,0.00084,0.0,0.0,0.00084
2018-09-16 00:00:00,2018-09-16 01:00,1.51297,0.0,0.89268,0.03063,0.58965,0.00032,0.0,0.0,0.00032
2018-09-16 01:00:00,2018-09-16 02:00,1.37638,0.0,0.82709,0.02595,0.52334,0.0007,0.0,0.0,0.0007
2018-09-16 02:00:00,2018-09-16 03:00,1.24093,0.0064,0.70944,0.02479,0.50031,0.00022,0.0,0.0,0.00022
2018-09-16 03:00:00,2018-09-16 04:00,1.17368,0.0,0.65694,0.0191,0.49763,0.00055,0.0,0.0,0.00055
2018-09-16 04:00:00,2018-09-16 05:00,1.11848,0.00453,0.58728,0.02599,0.50068,0.00031,0.0,0.0,0.00031
2018-09-16 05:00:00,2018-09-16 06:00,1.10738,0.00316,0.53164,0.04284,0.52974,0.00173,0.0,0.0,0.00173
2018-09-16 06:00:00,2018-09-16 07:00,1.13548,0.00174,0.49741,0.07469,0.56163,0.00214,0.0,0.0,0.00214
2018-09-16 07:00:00,2018-09-16 08:00,1.24918,0.00076,0.52388,0.09649,0.62804,0.00497,0.0,0.0,0.00497
2018-09-16 08:00:00,2018-09-16 09:00,1.45897,0.0005,0.63664,0.10872,0.71312,0.00491,0.0,0.0,0.00491
2018-09-16 09:00:00,2018-09-16 10:00,1.78329,0.00469,0.81346,0.10791,0.85723,0.00748,0.0,0.0,0.00748
2018-09-16 10:00:00,2018-09-16 11:00,1.92963,0.00657,1.00383,0.08862,0.83061,0.00673,0.0,0.0,0.00673
2018-09-16 11:00:00,2018-09-16 12:00,2.13407,0.0,1.23466,0.0895,0.80991,0.00639,0.0,0.0,0.00639
2018-09-16 12:00:00,2018-09-16 13:00,2.32454,0.00213,1.4524,0.09212,0.77789,0.00581,0.0,0.0,0.00581
2018-09-16 13:00:00,2018-09-16 14:00,2.5456,0.0,1.616,0.09158,0.83802,0.00387,0.0,0.0,0.00387
2018-09-16 14:00:00,2018-09-16 15:00,2.65447,0.0,1.75029,0.07934,0.82485,0.00298,0.0,0.0,0.00298
2018-09-16 15:00:00,2018-09-16 16:00,2.80206,0.0,1.83395,0.0926,0.87551,0.00341,0.0,0.0,0.00341
2018-09-16 16:00:00,2018-09-16 17:00,3.12805,0.0,1.90229,0.09993,1.12582,0.00398,0.0,0.0,0.00398
2018-09-16 17:00:00,2018-09-16 18:00,3.10069,0.0,1.92119,0.10514,1.07436,0.00507,0.0,0.0,0.00507
2018-09-16 18:00:00,2018-09-16 19:00,2.98075,0.0,1.78993,0.08307,1.10775,0.00441,0.0,0.0,0.00441
2018-09-16 19:00:00,2018-09-16 20:00,2.89363,0.0,1.56886,0.0652,1.25958,0.00434,0.0,0.0,0.00434
2018-09-16 20:00:00,2018-09-16 21:00,2.7879,0.0,1.38744,0.07757,1.32288,0.00419,0.0,0.0,0.00419
2018-09-16 21:00:00,2018-09-16 22:00,2.49497,0.0,1.23492,0.05117,1.20888,0.00483,0.0,0.0,0.00483
2018-09-16 22:00:00,2018-09-16 23:00,2.03958,0.0,1.07244,0.0373,0.92984,0.00309,0.0,0.0,0.00309
2018-09-16 23:00:00,2018-09-17 00:00,1.58605,0.0,0.92609,0.0339,0.62607,0.0008,0.0,0.0,0.0008
2018-09-17 00:00:00,2018-09-17 01:00,1.40151,0.0,0.84431,0.03083,0.52637,0.00159,0.0,0.0,0.00159
2018-09-17 01:00:00,2018-09-17 02:00,1.31062,0.0,0.78577,0.02426,0.50059,0.00058,0.0,0.0,0.00058
2018-09-17 02:00:00,2018-09-17 03:00,1.20254,0.00651,0.68148,0.02781,0.48674,0.00015,0.0,0.0,0.00015
2018-09-17 03:00:00,2018-09-17 04:00,1.16725,0.0,0.64741,0.03027,0.48957,0.00064,0.0,0.0,0.00064
2018-09-17 04:00:00,2018-09-17 05:00,1.13873,0.00454,0.59188,0.04369,0.49862,0.0015,0.0,0.0,0.0015
2018-09-17 05:00:00,2018-09-17 06:00,1.11934,0.00387,0.52418,0.06367,0.52761,0.00157,0.0,0.0,0.00157
2018-09-17 06:00:00,2018-09-17 07:00,1.22028,0.00174,0.48725,0.11523,0.61606,0.00334,0.0,0.0,0.00334
2018-09-17 07:00:00,2018-09-17 08:00,1.33281,0.00071,0.50242,0.10606,0.72362,0.00338,0.0,0.0,0.00338
2018-09-17 08:00:00,2018-09-17 09:00,1.38504,0.00199,0.57716,0.09305,0.71284,0.00418,0.0,0.0,0.00418
2018-09-17 09:00:00,2018-09-17 10:00,1.48278,0.00466,0.6394,0.08733,0.75139,0.00295,0.0,0.0,0.00295
2018-09-17 10:00:00,2018-09-17 11:00,1.58982,0.00722,0.73232,0.08467,0.7656,0.00175,0.0,0.0,0.00175
2018-09-17 11:00:00,2018-09-17 12:00,1.6252,0.0,0.83816,0.07149,0.71556,0.00286,0.0,0.0,0.00286
2018-09-17 12:00:00,2018-09-17 13:00,1.637,0.00191,0.87445,0.0747,0.68593,0.00334,0.0,0.0,0.00334
2018-09-17 13:00:00,2018-09-17 14:00,1.48483,0.0,0.7259,0.07848,0.68045,0.00325,0.0,0.0,0.00325
2018-09-17 14:00:00,2018-09-17 15:00,1.19106,0.0,0.42675,0.08209,0.68222,0.0019,0.0,0.0,0.0019
2018-09-17 15:00:00,2018-09-17 16:00,1.07394,0.0,0.29781,0.08512,0.69101,0.00291,0.0,0.0,0.00291
2018-09-17 16:00:00,2018-09-17 17:00,1.21536,0.00126,0.27603,0.08502,0.85305,0.00419,0.0,0.0,0.00419
2018-09-17 17:00:00,2018-09-17 18:00,1.31753,3e-05,0.32132,0.07926,0.91692,0.00448,0.0,0.0,0.00448
2018-09-17 18:00:00,2018-09-17 19:00,1.48295,0.00016,0.31356,0.10886,1.06036,0.0038,0.0,0.0,0.0038
2018-09-17 19:00:00,2018-09-17 20:00,1.5555,4e-05,0.32545,0.08132,1.14869,0.0032,0.0,0.0,0.0032
2018-09-17 20:00:00,2018-09-17 21:00,1.58951,0.00562,0.29046,0.0569,1.23653,0.001,0.0,0.0,0.001
2018-09-17 21:00:00,2018-09-17 22:00,1.46034,0.00089,0.22525,0.05151,1.1827,0.00342,0.0,0.0,0.00342
2018-09-17 22:00:00,2018-09-17 23:00,1.03331,0.00118,0.18041,0.04942,0.8023,0.00216,0.0,0.0,0.00216
2018-09-17 23:00:00,2018-09-18 00:00,0.81089,0.00282,0.14516,0.03945,0.62345,0.00078,0.0,0.0,0.00078
2018-09-18 00:00:00,2018-09-18 01:00,0.71642,0.00334,0.17289,0.02329,0.51691,0.00051,0.0,0.0,0.00051
2018-09-18 01:00:00,2018-09-18 02:00,0.71136,0.00399,0.17814,0.02039,0.50883,0.00037,0.0,0.0,0.00037
2018-09-18 02:00:00,2018-09-18 03:00,0.66931,0.01785,0.1397,0.02911,0.48265,0.00022,0.0,0.0,0.00022
2018-09-18 03:00:00,2018-09-18 04:00,0.66002,0.00563,0.13617,0.03379,0.48444,0.00058,0.0,0.0,0.00058
2018-09-18 04:00:00,2018-09-18 05:00,0.66049,0.01311,0.11534,0.03915,0.4929,0.00077,0.0,0.0,0.00077
2018-09-18 05:00:00,2018-09-18 06:00,0.74226,0.01613,0.09846,0.0705,0.55717,0.00131,0.0,0.0,0.00131
2018-09-18 06:00:00,2018-09-18 07:00,0.90276,0.01515,0.10149,0.09466,0.69147,0.00386,0.0,0.0,0.00386
2018-09-18 07:00:00,2018-09-18 08:00,0.92601,0.01558,0.09435,0.11934,0.69674,0.00407,0.0,0.0,0.00407
2018-09-18 08:00:00,2018-09-18 09:00,0.97361,0.02264,0.08835,0.10084,0.76177,0.00577,0.0,0.0,0.00577
2018-09-18 09:00:00,2018-09-18 10:00,0.89765,0.03223,0.06968,0.08731,0.70843,0.00329,0.0,0.0,0.00329
2018-09-18 10:00:00,2018-09-18 11:00,0.88138,0.03488,0.06311,0.09682,0.68657,0.00245,0.0,0.0,0.00245
2018-09-18 11:00:00,2018-09-18 12:00,0.83863,0.01652,0.07008,0.06992,0.6821,0.003,0.0,0.0,0.003
2018-09-18 12:00:00,2018-09-18 13:00,0.85785,0.01806,0.09624,0.0711,0.67245,0.00407,0.0,0.0,0.00407
2018-09-18 13:00:00,2018-09-18 14:00,0.89266,0.00411,0.12099,0.07091,0.69665,0.00218,0.0,0.0,0.00218
2018-09-18 14:00:00,2018-09-18 15:00,0.95736,0.00063,0.149,0.07919,0.72854,0.00269,0.0,0.0,0.00269
2018-09-18 15:00:00,2018-09-18 16:00,1.00879,0.00011,0.1692,0.08726,0.75222,0.00305,0.0,0.0,0.00305
2018-09-18 16:00:00,2018-09-18 17:00,1.09285,0.00211,0.18261,0.08652,0.8216,0.00406,0.0,0.0,0.00406
2018-09-18 17:00:00,2018-09-18 18:00,1.31955,2e-05,0.22474,0.10546,0.98933,0.00657,0.0,0.0,0.00657
2018-09-18 18:00:00,2018-09-18 19:00,1.44019,0.00028,0.21272,0.09116,1.13603,0.00604,0.0,0.0,0.00604
2018-09-18 19:00:00,2018-09-18 20:00,1.4845,0.00097,0.21717,0.07425,1.1921,0.00309,0.0,0.0,0.00309
2018-09-18 20:00:00,2018-09-18 21:00,1.54659,0.00708,0.22889,0.07413,1.23649,0.00359,0.0,0.0,0.00359
2018-09-18 21:00:00,2018-09-18 22:00,1.43253,0.00329,0.20201,0.05973,1.1675,0.00332,0.0,0.0,0.00332
2018-09-18 22:00:00,2018-09-18 23:00,1.11333,0.00259,0.17048,0.05872,0.88154,0.00232,0.0,0.0,0.00232
2018-09-18 23:00:00,2018-09-19 00:00,0.88629,0.00622,0.14242,0.03593,0.70172,0.00339,0.0,0.0,0.00339
2018-09-19 00:00:00,2018-09-19 01:00,0.71739,0.00553,0.11177,0.03543,0.56466,0.00106,0.0,0.0,0.00106
2018-09-19 01:00:00,2018-09-19 02:00,0.65355,0.0048,0.11834,0.01982,0.51059,0.00018,0.0,0.0,0.00018
2018-09-19 02:00:00,2018-09-19 03:00,0.64622,0.01996,0.08764,0.01904,0.51958,0.00015,0.0,0.0,0.00015
2018-09-19 03:00:00,2018-09-19 04:00,0.6016,0.01105,0.08763,0.0195,0.48342,0.00035,0.0,0.0,0.00035
2018-09-19 04:00:00,2018-09-19 05:00,0.60359,0.02,0.06883,0.0274,0.48736,0.00082,0.0,0.0,0.00082
2018-09-19 05:00:00,2018-09-19 06:00,0.7395,0.02932,0.05904,0.08199,0.56916,0.00156,0.0,0.0,0.00156
2018-09-19 06:00:00,2018-09-19 07:00,0.80239,0.0267,0.05702,0.11307,0.6056,0.00392,0.0,0.0,0.00392
2018-09-19 07:00:00,2018-09-19 08:00,0.90889,0.03124,0.05208,0.11726,0.70832,0.00503,0.0,0.0,0.00503
2018-09-19 08:00:00,2018-09-19 09:00,0.90098,0.03529,0.04791,0.11196,0.70582,0.00551,0.0,0.0,0.00551
2018-09-19 09:00:00,2018-09-19 10:00,0.95722,0.0521,0.03228,0.08487,0.78796,0.00381,0.0,0.0,0.00381
2018-09-19 10:00:00,2018-09-19 11:00,0.85747,0.06619,0.02507,0.07426,0.69195,0.00512,0.0,0.0,0.00512
2018-09-19 11:00:00,2018-09-19 12:00,0.84524,0.04184,0.02423,0.07308,0.70609,0.00415,0.0,0.0,0.00415
2018-09-19 12:00:00,2018-09-19 13:00,0.81571,0.04421,0.03599,0.07351,0.662,0.00512,0.0,0.0,0.00512
2018-09-19 13:00:00,2018-09-19 14:00,0.79541,0.02616,0.03964,0.09742,0.63219,0.00154,0.0,0.0,0.00154
2018-09-19 14:00:00,2018-09-19 15:00,0.81807,0.01803,0.04241,0.07476,0.68287,0.00111,0.0,0.0,0.00111
2018-09-19 15:00:00,2018-09-19 16:00,0.83258,0.01316,0.06072,0.06236,0.69634,0.00163,0.0,0.0,0.00163
2018-09-19 16:00:00,2018-09-19 17:00,1.0247,0.00999,0.07681,0.09899,0.8389,0.00491,0.0,0.0,0.00491
2018-09-19 17:00:00,2018-09-19 18:00,1.14462,0.00952,0.10355,0.09374,0.93782,0.0077,0.0,0.0,0.0077
2018-09-19 18:00:00,2018-09-19 19:00,1.20965,0.01055,0.08731,0.07739,1.03441,0.00659,0.0,0.0,0.00659
2018-09-19 19:00:00,2018-09-19 20:00,1.44071,0.01221,0.08882,0.08594,1.25374,0.0061,0.0,0.0,0.0061
2018-09-19 20:00:00,2018-09-19 21:00,1.56417,0.01716,0.09547,0.08257,1.36897,0.00451,0.0,0.0,0.00451
2018-09-19 21:00:00,2018-09-19 22:00,1.34445,0.02093,0.0784,0.05965,1.18547,0.00329,0.0,0.0,0.00329
2018-09-19 22:00:00,2018-09-19 23:00,0.98964,0.02477,0.05703,0.05639,0.85145,0.0032,0.0,0.0,0.0032
2018-09-19 23:00:00,2018-09-20 00:00,0.7218,0.02734,0.04809,0.03886,0.6075,0.00161,0.0,0.0,0.00161
2018-09-20 00:00:00,2018-09-20 01:00,0.64314,0.03173,0.06476,0.03167,0.51498,0.00083,0.0,0.0,0.00083
2018-09-20 01:00:00,2018-09-20 02:00,0.6174,0.0298,0.07919,0.01729,0.49112,0.00018,0.0,0.0,0.00018
2018-09-20 02:00:00,2018-09-20 03:00,0.60682,0.05194,0.05297,0.02214,0.47977,0.00042,0.0,0.0,0.00042
2018-09-20 03:00:00,2018-09-20 04:00,0.60683,0.04137,0.05192,0.03074,0.48279,0.0005,0.0,0.0,0.0005
2018-09-20 04:00:00,2018-09-20 05:00,0.61182,0.05176,0.04233,0.0392,0.47853,0.00062,0.0,0.0,0.00062
2018-09-20 05:00:00,2018-09-20 06:00,0.6602,0.05855,0.03952,0.0481,0.51402,0.00168,0.0,0.0,0.00168
2018-09-20 06:00:00,2018-09-20 07:00,0.81422,0.04958,0.0383,0.1105,0.61584,0.00394,0.0,0.0,0.00394
2018-09-20 07:00:00,2018-09-20 08:00,0.90054,0.04754,0.03717,0.13142,0.68441,0.00376,0.0,0.0,0.00376
2018-09-20 08:00:00,2018-09-20 09:00,0.92836,0.05327,0.03794,0.10256,0.73458,0.0039,0.0,0.0,0.0039
2018-09-20 09:00:00,2018-09-20 10:00,0.93375,0.06262,0.03265,0.0741,0.76439,0.0037,0.0,0.0,0.0037
2018-09-20 10:00:00,2018-09-20 11:00,0.8446,0.06927,0.03104,0.08128,0.66302,0.00369,0.0,0.0,0.00369
2018-09-20 11:00:00,2018-09-20 12:00,0.81193,0.04386,0.02984,0.06036,0.67787,0.00321,0.0,0.0,0.00321
2018-09-20 12:00:00,2018-09-20 13:00,0.82803,0.04308,0.03881,0.09147,0.65467,0.00317,0.0,0.0,0.00317
2018-09-20 13:00:00,2018-09-20 14:00,0.85377,0.02283,0.0429,0.08568,0.70237,0.00388,0.0,0.0,0.00388
2018-09-20 14:00:00,2018-09-20 15:00,0.84383,0.01674,0.04996,0.07844,0.69869,0.00455,0.0,0.0,0.00455
2018-09-20 15:00:00,2018-09-20 16:00,0.92742,0.01542,0.05646,0.10342,0.75212,0.00519,0.0,0.0,0.00519
2018-09-20 16:00:00,2018-09-20 17:00,1.02393,0.01411,0.06908,0.10383,0.83689,0.00417,0.0,0.0,0.00417
2018-09-20 17:00:00,2018-09-20 18:00,1.10259,0.0084,0.10707,0.07075,0.91637,0.00834,0.0,0.0,0.00834
2018-09-20 18:00:00,2018-09-20 19:00,1.21359,0.00761,0.09559,0.08001,1.03038,0.00471,0.0,0.0,0.00471
2018-09-20 19:00:00,2018-09-20 20:00,1.40858,0.00628,0.12474,0.07882,1.19874,0.00549,0.0,0.0,0.00549
2018-09-20 20:00:00,2018-09-20 21:00,1.52542,0.00925,0.15082,0.07386,1.29149,0.00474,0.0,0.0,0.00474
2018-09-20 21:00:00,2018-09-20 22:00,1.4387,0.0053,0.15034,0.05438,1.22868,0.00481,0.0,0.0,0.00481
2018-09-20 22:00:00,2018-09-20 23:00,1.07382,0.00434,0.1371,0.04683,0.88554,0.00384,0.0,0.0,0.00384
2018-09-20 23:00:00,2018-09-21 00:00,0.78189,0.00514,0.11921,0.03395,0.6236,0.00293,0.0,0.0,0.00293
2018-09-21 00:00:00,2018-09-21 01:00,0.65801,0.00904,0.10608,0.0292,0.51368,0.0012,0.0,0.0,0.0012
2018-09-21 01:00:00,2018-09-21 02:00,0.63497,0.01049,0.09583,0.02601,0.50263,0.00031,0.0,0.0,0.00031
2018-09-21 02:00:00,2018-09-21 03:00,0.5854,0.03183,0.04887,0.02492,0.47978,0.00015,0.0,0.0,0.00015
2018-09-21 03:00:00,2018-09-21 04:00,0.58768,0.02773,0.04403,0.02727,0.48865,0.00014,0.0,0.0,0.00014
2018-09-21 04:00:00,2018-09-21 05:00,0.59495,0.04273,0.027,0.04668,0.47854,0.00106,0.0,0.0,0.00106
2018-09-21 05:00:00,2018-09-21 06:00,0.66398,0.06798,0.01934,0.06728,0.50938,0.00143,0.0,0.0,0.00143
2018-09-21 06:00:00,2018-09-21 07:00,0.80093,0.08782,0.01924,0.08923,0.60464,0.00269,0.0,0.0,0.00269
2018-09-21 07:00:00,2018-09-21 08:00,0.88851,0.12098,0.011,0.1085,0.64802,0.00446,0.0,0.0,0.00446
2018-09-21 08:00:00,2018-09-21 09:00,0.94045,0.17129,0.00823,0.09323,0.66771,0.00585,0.0,0.0,0.00585
2018-09-21 09:00:00,2018-09-21 10:00,1.03929,0.21578,0.00561,0.08388,0.73401,0.00421,0.0,0.0,0.00421
2018-09-21 10:00:00,2018-09-21 11:00,1.0529,0.25119,0.00449,0.06885,0.72837,0.0038,0.0,0.0,0.0038
2018-09-21 11:00:00,2018-09-21 12:00,1.04027,0.21876,0.00271,0.10418,0.71462,0.00427,0.0,0.0,0.00427
2018-09-21 12:00:00,2018-09-21 13:00,1.01794,0.21818,0.00902,0.07823,0.71251,0.00467,0.0,0.0,0.00467
2018-09-21 13:00:00,2018-09-21 14:00,0.92508,0.15555,0.00731,0.06152,0.70071,0.00364,0.0,0.0,0.00364
2018-09-21 14:00:00,2018-09-21 15:00,0.90483,0.10605,0.01129,0.09649,0.69101,0.00452,0.0,0.0,0.00452
2018-09-21 15:00:00,2018-09-21 16:00,0.90242,0.05774,0.02064,0.10101,0.72303,0.00448,0.0,0.0,0.00448
2018-09-21 16:00:00,2018-09-21 17:00,0.97864,0.0263,0.04215,0.08217,0.82801,0.0044,0.0,0.0,0.0044
2018-09-21 17:00:00,2018-09-21 18:00,1.12659,0.00899,0.08652,0.09087,0.94021,0.00558,0.0,0.0,0.00558
2018-09-21 18:00:00,2018-09-21 19:00,1.31553,0.00586,0.07759,0.09291,1.13917,0.00427,0.0,0.0,0.00427
2018-09-21 19:00:00,2018-09-21 20:00,1.40434,0.01759,0.05852,0.07635,1.25189,0.00423,0.0,0.0,0.00423
2018-09-21 20:00:00,2018-09-21 21:00,1.47225,0.06107,0.0514,0.07177,1.288,0.0051,0.0,0.0,0.0051
2018-09-21 21:00:00,2018-09-21 22:00,1.4291,0.11819,0.03375,0.06617,1.21098,0.00433,0.0,0.0,0.00433
2018-09-21 22:00:00,2018-09-21 23:00,1.14511,0.16428,0.02385,0.05621,0.90078,0.00213,0.0,0.0,0.00213
2018-09-21 23:00:00,2018-09-22 00:00,0.94343,0.2066,0.01323,0.0512,0.67239,0.00223,0.0,0.0,0.00223
2018-09-22 00:00:00,2018-09-22 01:00,0.84484,0.23889,0.02436,0.02416,0.55743,0.00136,0.0,0.0,0.00136
2018-09-22 01:00:00,2018-09-22 02:00,0.81888,0.26083,0.02731,0.01637,0.51437,0.00133,0.0,0.0,0.00133
2018-09-22 02:00:00,2018-09-22 03:00,0.87336,0.34113,0.00751,0.02745,0.49728,0.00015,0.0,0.0,0.00015
2018-09-22 03:00:00,2018-09-22 04:00,0.89232,0.37993,0.00893,0.0259,0.47756,0.00013,0.0,0.0,0.00013
2018-09-22 04:00:00,2018-09-22 05:00,0.95134,0.43688,0.00379,0.03201,0.47866,0.0008,0.0,0.0,0.0008
2018-09-22 05:00:00,2018-09-22 06:00,1.05666,0.51106,0.00188,0.04346,0.50027,0.0008,0.0,0.0,0.0008
2018-09-22 06:00:00,2018-09-22 07:00,1.16154,0.56454,0.0038,0.06662,0.52658,0.00123,0.0,0.0,0.00123
2018-09-22 07:00:00,2018-09-22 08:00,1.20318,0.52013,0.00174,0.07595,0.60536,0.00376,0.0,0.0,0.00376
2018-09-22 08:00:00,2018-09-22 09:00,1.30957,0.43504,0.00502,0.11475,0.75475,0.00504,0.0,0.0,0.00504
2018-09-22 09:00:00,2018-09-22 10:00,1.24863,0.29051,0.0092,0.11385,0.83507,0.00454,0.0,0.0,0.00454
2018-09-22 10:00:00,2018-09-22 11:00,1.08448,0.18119,0.01619,0.11854,0.76857,0.0044,0.0,0.0,0.0044
2018-09-22 11:00:00,2018-09-22 12:00,1.01303,0.09487,0.02386,0.09324,0.80106,0.00459,0.0,0.0,0.00459
2018-09-22 12:00:00,2018-09-22 13:00,0.97637,0.05564,0.03842,0.10132,0.78098,0.00406,0.0,0.0,0.00406
2018-09-22 13:00:00,2018-09-22 14:00,0.95393,0.01343,0.06797,0.10977,0.76276,0.00421,0.0,0.0,0.00421
2018-09-22 14:00:00,2018-09-22 15:00,1.01665,0.00309,0.10635,0.11651,0.7907,0.00606,0.0,0.0,0.00606
2018-09-22 15:00:00,2018-09-22 16:00,1.09329,0.00011,0.17331,0.10612,0.81374,0.00222,0.0,0.0,0.00222
2018-09-22 16:00:00,2018-09-22 17:00,1.25034,0.0,0.24068,0.08246,0.92719,0.00275,0.0,0.0,0.00275
2018-09-22 17:00:00,2018-09-22 18:00,1.37596,0.0,0.29879,0.09645,0.98072,0.00418,0.0,0.0,0.00418
2018-09-22 18:00:00,2018-09-22 19:00,1.54369,4e-05,0.26661,0.12426,1.15279,0.00443,0.0,0.0,0.00443
2018-09-22 19:00:00,2018-09-22 20:00,1.63109,0.00011,0.21425,0.07986,1.33687,0.00386,0.0,0.0,0.00386
2018-09-22 20:00:00,2018-09-22 21:00,1.58985,0.00118,0.19365,0.05736,1.33766,0.00446,0.0,0.0,0.00446
2018-09-22 21:00:00,2018-09-22 22:00,1.46952,0.00154,0.1512,0.05248,1.26429,0.00348,0.0,0.0,0.00348
2018-09-22 22:00:00,2018-09-22 23:00,1.12856,0.00123,0.10983,0.06009,0.9574,0.00269,0.0,0.0,0.00269
2018-09-22 23:00:00,2018-09-23 00:00,0.73557,0.00445,0.07701,0.04077,0.61334,0.00196,0.0,0.0,0.00196
2018-09-23 00:00:00,2018-09-23 01:00,0.62932,0.01058,0.06867,0.03336,0.51671,0.00062,0.0,0.0,0.00062
2018-09-23 01:00:00,2018-09-23 02:00,0.62169,0.01347,0.0711,0.03561,0.50152,0.00018,0.0,0.0,0.00018
2018-09-23 02:00:00,2018-09-23 03:00,0.5992,0.04269,0.04087,0.02558,0.49006,0.00015,0.0,0.0,0.00015
2018-09-23 03:00:00,2018-09-23 04:00,0.59155,0.04174,0.03368,0.02775,0.48838,0.00013,0.0,0.0,0.00013
2018-09-23 04:00:00,2018-09-23 05:00,0.60413,0.07508,0.02261,0.02095,0.4855,0.00017,0.0,0.0,0.00017
2018-09-23 05:00:00,2018-09-23 06:00,0.67038,0.11128,0.01571,0.03996,0.50344,0.00081,0.0,0.0,0.00081
2018-09-23 06:00:00,2018-09-23 07:00,0.80108,0.12922,0.01646,0.07966,0.57573,0.00322,0.0,0.0,0.00322
2018-09-23 07:00:00,2018-09-23 08:00,0.94849,0.13129,0.01605,0.1115,0.68966,0.00356,0.0,0.0,0.00356
2018-09-23 08:00:00,2018-09-23 09:00,1.03578,0.10085,0.02551,0.1044,0.80501,0.00725,0.0,0.0,0.00725
2018-09-23 09:00:00,2018-09-23 10:00,1.10791,0.06049,0.05037,0.11559,0.88147,0.00619,0.0,0.0,0.00619
2018-09-23 10:00:00,2018-09-23 11:00,1.1435,0.03406,0.08095,0.13494,0.89356,0.00386,0.0,0.0,0.00386
2018-09-23 11:00:00,2018-09-23 12:00,1.08268,0.00881,0.12374,0.09016,0.85996,0.00223,0.0,0.0,0.00223
2018-09-23 12:00:00,2018-09-23 13:00,1.1199,0.00386,0.1944,0.09658,0.82505,0.00222,0.0,0.0,0.00222
2018-09-23 13:00:00,2018-09-23 14:00,1.19297,0.0,0.3032,0.10672,0.78305,0.0036,0.0,0.0,0.0036
2018-09-23 14:00:00,2018-09-23 15:00,1.32001,0.0,0.42195,0.09861,0.79945,0.00202,0.0,0.0,0.00202
2018-09-23 15:00:00,2018-09-23 16:00,1.52371,0.0,0.55151,0.09733,0.87487,0.00394,0.0,0.0,0.00394
2018-09-23 16:00:00,2018-09-23 17:00,1.71895,0.0,0.65853,0.10991,0.9505,0.00537,0.0,0.0,0.00537
2018-09-23 17:00:00,2018-09-23 18:00,1.91489,0.0,0.72075,0.10887,1.08527,0.00476,0.0,0.0,0.00476
2018-09-23 18:00:00,2018-09-23 19:00,1.92467,0.0,0.64082,0.08413,1.19972,0.00223,0.0,0.0,0.00223
2018-09-23 19:00:00,2018-09-23 20:00,1.84802,0.0,0.53393,0.07025,1.24384,0.00281,0.0,0.0,0.00281
2018-09-23 20:00:00,2018-09-23 21:00,1.86497,0.0,0.47083,0.06382,1.33032,0.00323,0.0,0.0,0.00323
2018-09-23 21:00:00,2018-09-23 22:00,1.67938,0.00064,0.37861,0.05547,1.24465,0.0028,0.0,0.0,0.0028
2018-09-23 22:00:00,2018-09-23 23:00,1.22793,0.0,0.29283,0.05454,0.88056,0.00118,0.0,0.0,0.00118
2018-09-23 23:00:00,2018-09-24 00:00,0.84909,0.0,0.21178,0.04289,0.59442,0.0008,0.0,0.0,0.0008
2018-09-24 00:00:00,2018-09-24 01:00,0.67442,0.00034,0.12959,0.02199,0.5225,0.00051,0.0,0.0,0.00051
2018-09-24 01:00:00,2018-09-24 02:00,0.66459,0.00061,0.12564,0.0227,0.51564,0.00018,0.0,0.0,0.00018
2018-09-24 02:00:00,2018-09-24 03:00,0.66412,0.01402,0.08461,0.03351,0.53198,0.00022,0.0,0.0,0.00022
2018-09-24 03:00:00,2018-09-24 04:00,0.63832,0.00401,0.07667,0.02362,0.53401,0.00015,0.0,0.0,0.00015
2018-09-24 04:00:00,2018-09-24 05:00,0.64095,0.01161,0.05515,0.03077,0.54342,0.00065,0.0,0.0,0.00065
2018-09-24 05:00:00,2018-09-24 06:00,0.69063,0.02031,0.04169,0.06697,0.56166,0.00342,0.0,0.0,0.00342
2018-09-24 06:00:00,2018-09-24 07:00,0.75435,0.02397,0.03522,0.10488,0.59028,0.00373,0.0,0.0,0.00373
2018-09-24 07:00:00,2018-09-24 08:00,0.86696,0.02736,0.03252,0.12835,0.67873,0.00543,0.0,0.0,0.00543
2018-09-24 08:00:00,2018-09-24 09:00,0.85178,0.02928,0.04337,0.11199,0.66714,0.0051,0.0,0.0,0.0051
2018-09-24 09:00:00,2018-09-24 10:00,0.86694,0.02773,0.047,0.11545,0.67676,0.00398,0.0,0.0,0.00398
2018-09-24 10:00:00,2018-09-24 11:00,0.90586,0.02214,0.06506,0.10875,0.70991,0.00251,0.0,0.0,0.00251
2018-09-24 11:00:00,2018-09-24 12:00,0.91208,0.00103,0.10338,0.07403,0.73364,0.00305,0.0,0.0,0.00305
2018-09-24 12:00:00,2018-09-24 13:00,0.95563,0.00197,0.17712,0.06548,0.71106,0.00427,0.0,0.0,0.00427
2018-09-24 13:00:00,2018-09-24 14:00,1.01731,0.0,0.26522,0.08136,0.67073,0.00296,0.0,0.0,0.00296
2018-09-24 14:00:00,2018-09-24 15:00,1.09468,0.0,0.3454,0.08938,0.6599,0.00243,0.0,0.0,0.00243
2018-09-24 15:00:00,2018-09-24 16:00,1.25302,0.0,0.42274,0.10006,0.73022,0.00377,0.0,0.0,0.00377
2018-09-24 16:00:00,2018-09-24 17:00,1.3345,0.00115,0.47694,0.0913,0.76512,0.00396,0.0,0.0,0.00396
2018-09-24 17:00:00,2018-09-24 18:00,1.56467,0.0,0.5395,0.09025,0.93492,0.00415,0.0,0.0,0.00415
2018-09-24 18:00:00,2018-09-24 19:00,1.62339,0.0,0.46508,0.10181,1.0565,0.00495,0.0,0.0,0.00495
2018-09-24 19:00:00,2018-09-24 20:00,1.61055,0.0,0.35423,0.07452,1.1818,0.00407,0.0,0.0,0.00407
2018-09-24 20:00:00,2018-09-24 21:00,1.58527,0.00541,0.29454,0.05365,1.23166,0.00618,0.0,0.0,0.00618
2018-09-24 21:00:00,2018-09-24 22:00,1.40061,0.0012,0.22693,0.05737,1.11512,0.00388,0.0,0.0,0.00388
2018-09-24 22:00:00,2018-09-24 23:00,1.06773,0.00048,0.15875,0.0586,0.8499,0.00211,0.0,0.0,0.00211
2018-09-24 23:00:00,2018-09-25 00:00,0.80621,0.00115,0.11303,0.05002,0.64201,0.00076,0.0,0.0,0.00076
2018-09-25 00:00:00,2018-09-25 01:00,0.70202,0.00432,0.11991,0.02606,0.55172,0.00057,0.0,0.0,0.00057
2018-09-25 01:00:00,2018-09-25 02:00,0.65416,0.00686,0.11181,0.02333,0.51216,0.00018,0.0,0.0,0.00018
2018-09-25 02:00:00,2018-09-25 03:00,0.63944,0.03227,0.06875,0.02474,0.51368,0.00015,0.0,0.0,0.00015
2018-09-25 03:00:00,2018-09-25 04:00,0.59691,0.02295,0.05835,0.02685,0.48877,0.00046,0.0,0.0,0.00046
2018-09-25 04:00:00,2018-09-25 05:00,0.61582,0.04257,0.03902,0.04749,0.48674,0.00124,0.0,0.0,0.00124
2018-09-25 05:00:00,2018-09-25 06:00,0.69557,0.0677,0.02617,0.08459,0.51712,0.00167,0.0,0.0,0.00167
2018-09-25 06:00:00,2018-09-25 07:00,0.8205,0.0743,0.0246,0.11814,0.60345,0.00395,0.0,0.0,0.00395
2018-09-25 07:00:00,2018-09-25 08:00,0.94294,0.08345,0.0223,0.11971,0.71749,0.00446,0.0,0.0,0.00446
2018-09-25 08:00:00,2018-09-25 09:00,0.98769,0.10366,0.0192,0.09966,0.76517,0.00568,0.0,0.0,0.00568
2018-09-25 09:00:00,2018-09-25 10:00,0.98068,0.14343,0.00846,0.09362,0.73517,0.00235,0.0,0.0,0.00235
2018-09-25 10:00:00,2018-09-25 11:00,0.97813,0.16889,0.01018,0.06895,0.73012,0.00574,0.0,0.0,0.00574
2018-09-25 11:00:00,2018-09-25 12:00,0.9578,0.15128,0.00746,0.06748,0.73158,0.00385,0.0,0.0,0.00385
2018-09-25 12:00:00,2018-09-25 13:00,0.99148,0.17507,0.0098,0.07477,0.73184,0.00254,0.0,0.0,0.00254
2018-09-25 13:00:00,2018-09-25 14:00,0.92086,0.16222,0.00506,0.09052,0.66306,0.00277,0.0,0.0,0.00277
2018-09-25 14:00:00,2018-09-25 15:00,1.01822,0.17406,0.00492,0.1028,0.73644,0.00467,0.0,0.0,0.00467
2018-09-25 15:00:00,2018-09-25 16:00,1.0366,0.17302,0.00465,0.06699,0.79195,0.00345,0.0,0.0,0.00345
2018-09-25 16:00:00,2018-09-25 17:00,1.13729,0.13907,0.00908,0.09498,0.89416,0.00387,0.0,0.0,0.00387
2018-09-25 17:00:00,2018-09-25 18:00,1.17884,0.10801,0.02448,0.09049,0.95585,0.00722,0.0,0.0,0.00722
2018-09-25 18:00:00,2018-09-25 19:00,1.29599,0.09994,0.01541,0.0896,1.09104,0.00578,0.0,0.0,0.00578
2018-09-25 19:00:00,2018-09-25 20:00,1.4518,0.11143,0.01812,0.10401,1.21824,0.00419,0.0,0.0,0.00419
2018-09-25 20:00:00,2018-09-25 21:00,1.57525,0.13715,0.02386,0.08874,1.32549,0.00357,0.0,0.0,0.00357
2018-09-25 21:00:00,2018-09-25 22:00,1.48029,0.20015,0.01721,0.05493,1.20801,0.00471,0.0,0.0,0.00471
2018-09-25 22:00:00,2018-09-25 23:00,1.16213,0.25394,0.01004,0.06152,0.83663,0.00242,0.0,0.0,0.00242
2018-09-25 23:00:00,2018-09-26 00:00,0.9336,0.27444,0.00759,0.02899,0.62259,0.00214,0.0,0.0,0.00214
2018-09-26 00:00:00,2018-09-26 01:00,0.85057,0.28694,0.01761,0.03845,0.50757,0.00041,0.0,0.0,0.00041
2018-09-26 01:00:00,2018-09-26 02:00,0.80586,0.27514,0.01754,0.0278,0.48538,0.00018,0.0,0.0,0.00018
2018-09-26 02:00:00,2018-09-26 03:00,0.81982,0.31524,0.00482,0.02081,0.47895,0.00015,0.0,0.0,0.00015
2018-09-26 03:00:00,2018-09-26 04:00,0.85389,0.34604,0.00695,0.02347,0.47743,0.00024,0.0,0.0,0.00024
2018-09-26 04:00:00,2018-09-26 05:00,0.93584,0.41379,0.00298,0.04045,0.47862,0.00085,0.0,0.0,0.00085
2018-09-26 05:00:00,2018-09-26 06:00,1.10649,0.507,0.00177,0.06717,0.53055,0.00234,0.0,0.0,0.00234
2018-09-26 06:00:00,2018-09-26 07:00,1.30215,0.56884,0.0037,0.11086,0.61875,0.00534,0.0,0.0,0.00534
2018-09-26 07:00:00,2018-09-26 08:00,1.38283,0.55527,0.00088,0.14272,0.68396,0.00503,0.0,0.0,0.00503
2018-09-26 08:00:00,2018-09-26 09:00,1.42949,0.56065,0.00109,0.12488,0.74286,0.00516,0.0,0.0,0.00516
2018-09-26 09:00:00,2018-09-26 10:00,1.33019,0.4922,0.00113,0.09293,0.74393,0.0036,0.0,0.0,0.0036
2018-09-26 10:00:00,2018-09-26 11:00,1.06108,0.3035,0.00421,0.09107,0.6623,0.00284,0.0,0.0,0.00284
2018-09-26 11:00:00,2018-09-26 12:00,0.9895,0.16627,0.00737,0.09284,0.72302,0.00372,0.0,0.0,0.00372
2018-09-26 12:00:00,2018-09-26 13:00,0.95459,0.11821,0.01454,0.08265,0.73919,0.00349,0.0,0.0,0.00349
2018-09-26 13:00:00,2018-09-26 14:00,0.86665,0.04627,0.02076,0.08959,0.71004,0.00198,0.0,0.0,0.00198
2018-09-26 14:00:00,2018-09-26 15:00,0.85785,0.02146,0.03585,0.09417,0.70637,0.00233,0.0,0.0,0.00233
2018-09-26 15:00:00,2018-09-26 16:00,0.86518,0.01317,0.06406,0.08779,0.70015,0.00486,0.0,0.0,0.00486
2018-09-26 16:00:00,2018-09-26 17:00,1.0261,0.00764,0.08981,0.07428,0.85437,0.00536,0.0,0.0,0.00536
2018-09-26 17:00:00,2018-09-26 18:00,1.15018,0.00276,0.12401,0.09388,0.92954,0.00769,0.0,0.0,0.00769
2018-09-26 18:00:00,2018-09-26 19:00,1.27217,0.00119,0.10089,0.09303,1.07706,0.00712,0.0,0.0,0.00712
2018-09-26 19:00:00,2018-09-26 20:00,1.3934,0.0057,0.07152,0.07928,1.2369,0.00439,0.0,0.0,0.00439
2018-09-26 20:00:00,2018-09-26 21:00,1.49259,0.02889,0.05908,0.09614,1.30848,0.00446,0.0,0.0,0.00446
2018-09-26 21:00:00,2018-09-26 22:00,1.40989,0.03457,0.04259,0.06788,1.26485,0.00221,0.0,0.0,0.00221
2018-09-26 22:00:00,2018-09-26 23:00,0.98178,0.04284,0.02881,0.05037,0.85977,0.00411,0.0,0.0,0.00411
2018-09-26 23:00:00,2018-09-27 00:00,0.69972,0.0495,0.02045,0.03626,0.5935,0.00062,0.0,0.0,0.00062
2018-09-27 00:00:00,2018-09-27 01:00,0.64276,0.05705,0.03263,0.02788,0.52519,0.00038,0.0,0.0,0.00038
2018-09-27 01:00:00,2018-09-27 02:00,0.62423,0.06006,0.04048,0.02758,0.49611,0.00127,0.0,0.0,0.00127
2018-09-27 02:00:00,2018-09-27 03:00,0.61483,0.0877,0.02111,0.02793,0.47809,0.00101,0.0,0.0,0.00101
2018-09-27 03:00:00,2018-09-27 04:00,0.59971,0.06414,0.02314,0.02985,0.48258,0.00013,0.0,0.0,0.00013
2018-09-27 04:00:00,2018-09-27 05:00,0.60864,0.07571,0.01827,0.0301,0.48456,0.00072,0.0,0.0,0.00072
2018-09-27 05:00:00,2018-09-27 06:00,0.68027,0.10475,0.01239,0.04898,0.51415,0.00273,0.0,0.0,0.00273
2018-09-27 06:00:00,2018-09-27 07:00,0.86148,0.11998,0.01222,0.13004,0.59923,0.0031,0.0,0.0,0.0031
2018-09-27 07:00:00,2018-09-27 08:00,0.92793,0.12914,0.00869,0.12424,0.66586,0.00564,0.0,0.0,0.00564
2018-09-27 08:00:00,2018-09-27 09:00,1.00577,0.1513,0.00808,0.12188,0.72451,0.00692,0.0,0.0,0.00692
2018-09-27 09:00:00,2018-09-27 10:00,0.99145,0.15435,0.00779,0.10919,0.72011,0.00488,0.0,0.0,0.00488
2018-09-27 10:00:00,2018-09-27 11:00,0.91597,0.13954,0.00724,0.07751,0.69167,0.00317,0.0,0.0,0.00317
2018-09-27 11:00:00,2018-09-27 12:00,0.9019,0.10225,0.00689,0.08758,0.70519,0.00467,0.0,0.0,0.00467
2018-09-27 12:00:00,2018-09-27 13:00,0.94209,0.09984,0.01279,0.07534,0.75412,0.0056,0.0,0.0,0.0056
2018-09-27 13:00:00,2018-09-27 14:00,0.84718,0.05776,0.01087,0.08535,0.69321,0.00332,0.0,0.0,0.00332
2018-09-27 14:00:00,2018-09-27 15:00,0.79712,0.03679,0.0142,0.09284,0.65328,0.00194,0.0,0.0,0.00194
2018-09-27 15:00:00,2018-09-27 16:00,0.82254,0.0323,0.01772,0.10256,0.66997,0.0028,0.0,0.0,0.0028
2018-09-27 16:00:00,2018-09-27 17:00,0.90959,0.03305,0.0218,0.08441,0.77032,0.00449,0.0,0.0,0.00449
2018-09-27 17:00:00,2018-09-27 18:00,1.04343,0.02953,0.04055,0.07776,0.89558,0.00467,0.0,0.0,0.00467
2018-09-27 18:00:00,2018-09-27 19:00,1.17668,0.0243,0.03343,0.09462,1.02433,0.00496,0.0,0.0,0.00496
2018-09-27 19:00:00,2018-09-27 20:00,1.34607,0.04021,0.0347,0.09369,1.17747,0.00763,0.0,0.0,0.00763
2018-09-27 20:00:00,2018-09-27 21:00,1.41766,0.05958,0.03779,0.07933,1.24097,0.00566,0.0,0.0,0.00566
2018-09-27 21:00:00,2018-09-27 22:00,1.32991,0.08748,0.02631,0.063,1.15312,0.00405,0.0,0.0,0.00405
2018-09-27 22:00:00,2018-09-27 23:00,1.02373,0.13515,0.01667,0.04797,0.82394,0.00088,0.0,0.0,0.00088
2018-09-27 23:00:00,2018-09-28 00:00,0.83366,0.196,0.01311,0.03298,0.59157,0.00081,0.0,0.0,0.00081
2018-09-28 00:00:00,2018-09-28 01:00,0.83375,0.23712,0.01935,0.03302,0.54427,0.00055,0.0,0.0,0.00055
2018-09-28 01:00:00,2018-09-28 02:00,0.8372,0.26548,0.01697,0.0263,0.52845,0.00018,0.0,0.0,0.00018
2018-09-28 02:00:00,2018-09-28 03:00,0.84627,0.33728,0.00465,0.02792,0.47642,0.00015,0.0,0.0,0.00015
2018-09-28 03:00:00,2018-09-28 04:00,0.88865,0.37282,0.0066,0.02936,0.47987,0.00025,0.0,0.0,0.00025
2018-09-28 04:00:00,2018-09-28 05:00,0.94809,0.4154,0.00249,0.04562,0.48459,0.00095,0.0,0.0,0.00095
2018-09-28 05:00:00,2018-09-28 06:00,1.0916,0.49826,0.00132,0.0696,0.52242,0.00241,0.0,0.0,0.00241
2018-09-28 06:00:00,2018-09-28 07:00,1.31617,0.58054,0.00287,0.13422,0.59854,0.00296,0.0,0.0,0.00296
2018-09-28 07:00:00,2018-09-28 08:00,1.41393,0.57384,0.00074,0.13606,0.70329,0.00397,0.0,0.0,0.00397
2018-09-28 08:00:00,2018-09-28 09:00,1.36709,0.57374,0.00186,0.10437,0.68712,0.00442,0.0,0.0,0.00442
2018-09-28 09:00:00,2018-09-28 10:00,1.26476,0.49626,0.00187,0.09625,0.67039,0.0051,0.0,0.0,0.0051
2018-09-28 10:00:00,2018-09-28 11:00,1.11517,0.38257,0.00351,0.07593,0.65316,0.00326,0.0,0.0,0.00326
2018-09-28 11:00:00,2018-09-28 12:00,1.08226,0.2887,0.00309,0.08718,0.70329,0.0026,0.0,0.0,0.0026
2018-09-28 12:00:00,2018-09-28 13:00,1.01058,0.22955,0.00892,0.08861,0.68351,0.0038,0.0,0.0,0.0038
2018-09-28 13:00:00,2018-09-28 14:00,0.95041,0.1314,0.0095,0.09691,0.71259,0.00141,0.0,0.0,0.00141
2018-09-28 14:00:00,2018-09-28 15:00,0.86782,0.08934,0.01186,0.08811,0.6785,0.00193,0.0,0.0,0.00193
2018-09-28 15:00:00,2018-09-28 16:00,0.89461,0.06866,0.02217,0.08458,0.7192,0.00289,0.0,0.0,0.00289
2018-09-28 16:00:00,2018-09-28 17:00,1.01574,0.05496,0.03944,0.08882,0.83253,0.0054,0.0,0.0,0.0054
2018-09-28 17:00:00,2018-09-28 18:00,1.13982,0.05686,0.0441,0.09578,0.94307,0.00604,0.0,0.0,0.00604
2018-09-28 18:00:00,2018-09-28 19:00,1.30425,0.0685,0.02668,0.09747,1.11159,0.00625,0.0,0.0,0.00625
2018-09-28 19:00:00,2018-09-28 20:00,1.5302,0.15254,0.02022,0.09355,1.26388,0.00528,0.0,0.0,0.00528
2018-09-28 20:00:00,2018-09-28 21:00,1.55268,0.19603,0.0202,0.08897,1.24748,0.00447,0.0,0.0,0.00447
2018-09-28 21:00:00,2018-09-28 22:00,1.49911,0.26042,0.01148,0.04982,1.17739,0.00264,0.0,0.0,0.00264
2018-09-28 22:00:00,2018-09-28 23:00,1.23351,0.34902,0.00699,0.05137,0.82614,0.00167,0.0,0.0,0.00167
2018-09-28 23:00:00,2018-09-29 00:00,1.13264,0.47955,0.00287,0.04172,0.60851,0.00063,0.0,0.0,0.00063
2018-09-29 00:00:00,2018-09-29 01:00,1.16192,0.60455,0.01373,0.03384,0.5098,0.00042,0.0,0.0,0.00042
2018-09-29 01:00:00,2018-09-29 02:00,1.07464,0.5369,0.00978,0.03133,0.49664,0.01949,0.01915,0.0,0.00034
2018-09-29 02:00:00,2018-09-29 03:00,0.96266,0.44979,0.00127,0.03842,0.47317,0.04879,0.04864,0.0,0.00015
2018-09-29 03:00:00,2018-09-29 04:00,1.02498,0.51205,0.004,0.02763,0.48131,0.05045,0.05032,0.0,0.00013
2018-09-29 04:00:00,2018-09-29 05:00,1.42824,0.91753,0.00025,0.02632,0.48413,0.0142,0.01365,0.0,0.00056
2018-09-29 05:00:00,2018-09-29 06:00,1.39539,0.84815,9e-05,0.04883,0.49831,0.03148,0.03055,0.0,0.00093
2018-09-29 06:00:00,2018-09-29 07:00,1.43781,0.83458,0.00394,0.0595,0.53979,0.04843,0.04584,0.0,0.00259
2018-09-29 07:00:00,2018-09-29 08:00,1.8953,1.1502,0.00054,0.09931,0.64524,0.01156,0.0082,0.0,0.00336
2018-09-29 08:00:00,2018-09-29 09:00,2.11906,1.23579,0.0,0.12636,0.75691,0.00568,0.0,0.0,0.00568
2018-09-29 09:00:00,2018-09-29 10:00,2.16726,1.18562,0.0,0.1381,0.84355,0.00554,0.0,0.0,0.00554
2018-09-29 10:00:00,2018-09-29 11:00,1.96338,1.03965,0.0,0.11949,0.80423,0.00388,0.0,0.0,0.00388
2018-09-29 11:00:00,2018-09-29 12:00,1.96622,0.97113,0.0,0.10843,0.88666,0.00333,0.0,0.0,0.00333
2018-09-29 12:00:00,2018-09-29 13:00,1.85636,0.93984,0.0,0.11016,0.80636,0.0079,0.0,0.0,0.0079
2018-09-29 13:00:00,2018-09-29 14:00,1.75854,0.80742,0.0,0.12756,0.82356,0.00437,0.0,0.0,0.00437
2018-09-29 14:00:00,2018-09-29 15:00,1.67956,0.73868,0.00021,0.13045,0.81023,0.0049,0.0,0.0,0.0049
2018-09-29 15:00:00,2018-09-29 16:00,1.61758,0.6572,0.0,0.12012,0.84026,0.00448,0.0,0.0,0.00448
2018-09-29 16:00:00,2018-09-29 17:00,1.69229,0.63455,0.00084,0.10127,0.95564,0.00733,0.0,0.0,0.00733
2018-09-29 17:00:00,2018-09-29 18:00,1.76335,0.59665,0.00567,0.1099,1.05113,0.00514,0.0,0.0,0.00514
2018-09-29 18:00:00,2018-09-29 19:00,1.80402,0.57264,0.00174,0.11473,1.11491,0.00555,0.0,0.0,0.00555
2018-09-29 19:00:00,2018-09-29 20:00,1.83007,0.53955,0.00447,0.09276,1.19328,0.00297,0.0,0.0,0.00297
2018-09-29 20:00:00,2018-09-29 21:00,1.88201,0.49731,0.00519,0.06381,1.3157,0.00241,0.0,0.0,0.00241
2018-09-29 21:00:00,2018-09-29 22:00,1.7728,0.4892,0.00249,0.06154,1.21958,0.00347,0.0,0.0,0.00347
2018-09-29 22:00:00,2018-09-29 23:00,1.44964,0.51934,0.00184,0.08,0.84846,0.00157,0.0,0.0,0.00157
2018-09-29 23:00:00,2018-09-30 00:00,1.16168,0.51489,0.00064,0.04953,0.59662,0.00111,0.0,0.0,0.00111
2018-09-30 00:00:00,2018-09-30 01:00,1.07583,0.50993,0.01162,0.03201,0.52226,0.00053,0.0,0.0,0.00053
2018-09-30 01:00:00,2018-09-30 02:00,1.02762,0.5079,0.00798,0.02136,0.49038,0.00027,0.0,0.0,0.00027
2018-09-30 02:00:00,2018-09-30 03:00,1.07848,0.56739,0.00078,0.02858,0.48173,0.00033,0.0,0.0,0.00033
2018-09-30 03:00:00,2018-09-30 04:00,1.11292,0.58462,0.0033,0.03842,0.48658,0.00032,0.0,0.0,0.00032
2018-09-30 04:00:00,2018-09-30 05:00,1.13319,0.60991,0.00037,0.03273,0.49019,0.00044,0.0,0.0,0.00044
2018-09-30 05:00:00,2018-09-30 06:00,1.21873,0.65998,0.00047,0.05651,0.50177,0.00065,0.0,0.0,0.00065
2018-09-30 06:00:00,2018-09-30 07:00,1.36914,0.71358,0.00142,0.07722,0.57691,0.00154,0.0,0.0,0.00154
2018-09-30 07:00:00,2018-09-30 08:00,1.53457,0.70987,0.00022,0.08969,0.73479,0.00607,0.0,0.0,0.00607
2018-09-30 08:00:00,2018-09-30 09:00,1.66595,0.71533,0.00044,0.11887,0.83131,0.00528,0.0,0.0,0.00528
2018-09-30 09:00:00,2018-09-30 10:00,1.71309,0.74126,0.0,0.14505,0.82678,0.00424,0.0,0.0,0.00424
2018-09-30 10:00:00,2018-09-30 11:00,1.62346,0.6772,0.00016,0.12731,0.81878,0.00477,0.0,0.0,0.00477
2018-09-30 11:00:00,2018-09-30 12:00,1.56152,0.60858,0.0,0.10707,0.84588,0.00515,0.0,0.0,0.00515
2018-09-30 12:00:00,2018-09-30 13:00,1.57642,0.59422,0.00036,0.09836,0.88348,0.00558,0.0,0.0,0.00558
2018-09-30 13:00:00,2018-09-30 14:00,1.33511,0.44893,0.00042,0.09365,0.79211,0.00311,0.0,0.0,0.00311
2018-09-30 14:00:00,2018-09-30 15:00,1.25622,0.33635,0.00181,0.11226,0.8058,0.00276,0.0,0.0,0.00276
2018-09-30 15:00:00,2018-09-30 16:00,1.25245,0.25338,0.00199,0.13136,0.86572,0.00347,0.0,0.0,0.00347
2018-09-30 16:00:00,2018-09-30 17:00,1.30767,0.21145,0.00331,0.11585,0.97706,0.00785,0.0,0.0,0.00785
2018-09-30 17:00:00,2018-09-30 18:00,1.36215,0.18422,0.0151,0.11324,1.0496,0.01128,0.0,0.0,0.01128
2018-09-30 18:00:00,2018-09-30 19:00,1.45021,0.2006,0.00899,0.10874,1.13189,0.00737,0.0,0.0,0.00737
2018-09-30 19:00:00,2018-09-30 20:00,1.6388,0.2483,0.0114,0.07597,1.30313,0.00374,0.0,0.0,0.00374
2018-09-30 20:00:00,2018-09-30 21:00,1.65315,0.2537,0.01192,0.07413,1.3134,0.00309,0.0,0.0,0.00309
2018-09-30 21:00:00,2018-09-30 22:00,1.51634,0.26817,0.00898,0.06784,1.17136,0.00211,0.0,0.0,0.00211
2018-09-30 22:00:00,2018-09-30 23:00,1.26387,0.31275,0.00584,0.04649,0.89878,0.00135,0.0,0.0,0.00135
2018-09-30 23:00:00,2018-10-01 00:00,1.02541,0.34428,0.00176,0.03708,0.64229,0.00065,0.0,0.0,0.00065
2018-10-01 00:00:00,2018-10-01 01:00,0.95698,0.38751,0.01339,0.02865,0.52743,0.00079,0.0,0.0,0.00079
2018-10-01 01:00:00,2018-10-01 02:00,0.94577,0.42423,0.01111,0.02707,0.48336,0.00028,0.0,0.0,0.00028
2018-10-01 02:00:00,2018-10-01 03:00,1.02188,0.51698,0.00138,0.03275,0.47078,0.00051,0.0,0.0,0.00051
2018-10-01 03:00:00,2018-10-01 04:00,1.08037,0.57625,0.0034,0.03449,0.46623,0.00058,0.0,0.0,0.00058
2018-10-01 04:00:00,2018-10-01 05:00,1.14614,0.62739,0.00018,0.05001,0.46856,0.00023,0.0,0.0,0.00023
2018-10-01 05:00:00,2018-10-01 06:00,1.24846,0.68299,0.00027,0.07879,0.48641,0.00057,0.0,0.0,0.00057
2018-10-01 06:00:00,2018-10-01 07:00,1.4315,0.72903,0.00211,0.1035,0.59687,0.00288,0.0,0.0,0.00288
2018-10-01 07:00:00,2018-10-01 08:00,1.53383,0.69507,0.00024,0.12711,0.71141,0.00289,0.0,0.0,0.00289
2018-10-01 08:00:00,2018-10-01 09:00,1.58524,0.7288,0.00082,0.12212,0.7335,0.00518,0.0,0.0,0.00518
2018-10-01 09:00:00,2018-10-01 10:00,1.62113,0.78492,0.0,0.10114,0.73507,0.00499,0.0,0.0,0.00499
2018-10-01 10:00:00,2018-10-01 11:00,1.57749,0.77545,0.00012,0.10781,0.69411,0.00387,0.0,0.0,0.00387
2018-10-01 11:00:00,2018-10-01 12:00,1.54923,0.74731,0.0,0.083,0.71892,0.00376,0.0,0.0,0.00376
2018-10-01 12:00:00,2018-10-01 13:00,1.58776,0.76786,0.00296,0.09031,0.72662,0.00302,0.0,0.0,0.00302
2018-10-01 13:00:00,2018-10-01 14:00,1.5051,0.69154,0.0,0.10777,0.70578,0.00269,0.0,0.0,0.00269
2018-10-01 14:00:00,2018-10-01 15:00,1.36329,0.63625,0.0,0.08837,0.63867,0.00389,0.0,0.0,0.00389
2018-10-01 15:00:00,2018-10-01 16:00,1.42055,0.60806,0.00012,0.0794,0.73297,0.00344,0.0,0.0,0.00344
2018-10-01 16:00:00,2018-10-01 17:00,1.47287,0.56334,0.00127,0.09065,0.81761,0.0066,0.0,0.0,0.0066
2018-10-01 17:00:00,2018-10-01 18:00,1.53865,0.52309,0.00739,0.09875,0.90942,0.00465,0.0,0.0,0.00465
2018-10-01 18:00:00,2018-10-01 19:00,1.70956,0.51219,0.0006,0.11065,1.08612,0.00226,0.0,0.0,0.00226
2018-10-01 19:00:00,2018-10-01 20:00,1.82415,0.51299,0.00491,0.09847,1.20778,0.00496,0.0,0.0,0.00496
2018-10-01 20:00:00,2018-10-01 21:00,1.84054,0.48185,0.00643,0.0673,1.28497,0.00437,0.0,0.0,0.00437
2018-10-01 21:00:00,2018-10-01 22:00,1.70709,0.45718,0.00278,0.07615,1.17099,0.00183,0.0,0.0,0.00183
2018-10-01 22:00:00,2018-10-01 23:00,1.29602,0.47193,0.00191,0.06633,0.75584,0.00265,0.0,0.0,0.00265
2018-10-01 23:00:00,2018-10-02 00:00,1.13373,0.46454,0.00047,0.04421,0.62451,0.00161,0.0,0.0,0.00161
2018-10-02 00:00:00,2018-10-02 01:00,0.99786,0.45045,0.012,0.04052,0.4949,0.00164,0.0,0.0,0.00164
2018-10-02 01:00:00,2018-10-02 02:00,0.95016,0.44383,0.00998,0.0281,0.46825,0.00036,0.0,0.0,0.00036
2018-10-02 02:00:00,2018-10-02 03:00,0.98949,0.50184,0.0009,0.02888,0.45787,0.00031,0.0,0.0,0.00031
2018-10-02 03:00:00,2018-10-02 04:00,1.02102,0.52684,0.00365,0.02791,0.46261,0.00022,0.0,0.0,0.00022
2018-10-02 04:00:00,2018-10-02 05:00,1.04079,0.54218,0.00027,0.03517,0.46317,0.00112,0.0,0.0,0.00112
2018-10-02 05:00:00,2018-10-02 06:00,1.17471,0.58641,0.00051,0.08118,0.50661,0.00232,0.0,0.0,0.00232
2018-10-02 06:00:00,2018-10-02 07:00,1.38055,0.63261,0.00192,0.12253,0.62349,0.00321,0.0,0.0,0.00321
2018-10-02 07:00:00,2018-10-02 08:00,1.47668,0.60423,0.00018,0.13366,0.73861,0.00594,0.0,0.0,0.00594
2018-10-02 08:00:00,2018-10-02 09:00,1.52521,0.63079,0.00135,0.10778,0.78529,0.00681,0.0,0.0,0.00681
2018-10-02 09:00:00,2018-10-02 10:00,1.48451,0.68479,0.0,0.08743,0.71229,0.00773,0.0,0.0,0.00773
2018-10-02 10:00:00,2018-10-02 11:00,1.44429,0.64256,0.00068,0.08126,0.71979,0.00259,0.0,0.0,0.00259
2018-10-02 11:00:00,2018-10-02 12:00,1.36424,0.54486,0.00057,0.09443,0.72438,0.00338,0.0,0.0,0.00338
2018-10-02 12:00:00,2018-10-02 13:00,1.27512,0.53065,0.00342,0.07827,0.66279,0.004,0.0,0.0,0.004
2018-10-02 13:00:00,2018-10-02 14:00,1.22325,0.45037,6e-05,0.09205,0.68077,0.00261,0.0,0.0,0.00261
2018-10-02 14:00:00,2018-10-02 15:00,1.17765,0.40411,0.00051,0.09372,0.67931,0.00295,0.0,0.0,0.00295
2018-10-02 15:00:00,2018-10-02 16:00,1.17934,0.38063,0.00065,0.0999,0.69816,0.00245,0.0,0.0,0.00245
2018-10-02 16:00:00,2018-10-02 17:00,1.34977,0.3519,0.00179,0.09848,0.89761,0.0041,0.0,0.0,0.0041
2018-10-02 17:00:00,2018-10-02 18:00,1.38034,0.28811,0.00974,0.09655,0.98595,0.00829,0.0,0.0,0.00829
2018-10-02 18:00:00,2018-10-02 19:00,1.48566,0.27511,0.00193,0.10524,1.10338,0.0078,0.0,0.0,0.0078
2018-10-02 19:00:00,2018-10-02 20:00,1.60688,0.28848,0.00682,0.09672,1.21486,0.00338,0.0,0.0,0.00338
2018-10-02 20:00:00,2018-10-02 21:00,1.62775,0.26484,0.00908,0.08697,1.26686,0.00271,0.0,0.0,0.00271
2018-10-02 21:00:00,2018-10-02 22:00,1.48492,0.2631,0.00615,0.05561,1.16007,0.00427,0.0,0.0,0.00427
2018-10-02 22:00:00,2018-10-02 23:00,1.12104,0.27627,0.0042,0.04941,0.79116,0.00172,0.0,0.0,0.00172
2018-10-02 23:00:00,2018-10-03 00:00,0.87878,0.26557,0.00183,0.05312,0.55826,0.0005,0.0,0.0,0.0005
2018-10-03 00:00:00,2018-10-03 01:00,0.79803,0.24135,0.0126,0.03515,0.50893,0.00099,0.0,0.0,0.00099
2018-10-03 01:00:00,2018-10-03 02:00,0.74646,0.22608,0.01463,0.02899,0.47677,0.00018,0.0,0.0,0.00018
2018-10-03 02:00:00,2018-10-03 03:00,0.7367,0.25379,0.00305,0.01973,0.46013,0.00015,0.0,0.0,0.00015
2018-10-03 03:00:00,2018-10-03 04:00,0.74922,0.25529,0.00579,0.02414,0.464,0.00052,0.0,0.0,0.00052
2018-10-03 04:00:00,2018-10-03 05:00,0.7803,0.25307,0.00217,0.04644,0.47862,0.00057,0.0,0.0,0.00057
2018-10-03 05:00:00,2018-10-03 06:00,0.85898,0.28162,0.00153,0.07439,0.50144,0.00069,0.0,0.0,0.00069
2018-10-03 06:00:00,2018-10-03 07:00,1.05888,0.3024,0.00463,0.11931,0.63254,0.00112,0.0,0.0,0.00112
2018-10-03 07:00:00,2018-10-03 08:00,1.11948,0.26682,0.0022,0.11565,0.73481,0.00343,0.0,0.0,0.00343
2018-10-03 08:00:00,2018-10-03 09:00,1.11555,0.27135,0.0036,0.10932,0.73128,0.00482,0.0,0.0,0.00482
2018-10-03 09:00:00,2018-10-03 10:00,1.12415,0.2526,0.00417,0.0997,0.76767,0.00452,0.0,0.0,0.00452
2018-10-03 10:00:00,2018-10-03 11:00,1.02852,0.16859,0.00746,0.09594,0.75652,0.0031,0.0,0.0,0.0031
2018-10-03 11:00:00,2018-10-03 12:00,0.90423,0.08544,0.00738,0.07786,0.73355,0.00205,0.0,0.0,0.00205
2018-10-03 12:00:00,2018-10-03 13:00,0.86306,0.05789,0.02121,0.08243,0.70152,0.00451,0.0,0.0,0.00451
2018-10-03 13:00:00,2018-10-03 14:00,0.78751,0.02313,0.0257,0.08067,0.65802,0.00319,0.0,0.0,0.00319
2018-10-03 14:00:00,2018-10-03 15:00,0.84115,0.02801,0.03251,0.09378,0.68686,0.0031,0.0,0.0,0.0031
2018-10-03 15:00:00,2018-10-03 16:00,0.89871,0.04682,0.04565,0.08043,0.72581,0.00565,0.0,0.0,0.00565
2018-10-03 16:00:00,2018-10-03 17:00,1.03928,0.04087,0.05947,0.10935,0.82959,0.00367,0.0,0.0,0.00367
2018-10-03 17:00:00,2018-10-03 18:00,1.17176,0.05157,0.09356,0.10157,0.92506,0.00596,0.0,0.0,0.00596
2018-10-03 18:00:00,2018-10-03 19:00,1.2708,0.02876,0.0807,0.09765,1.06369,0.00583,0.0,0.0,0.00583
2018-10-03 19:00:00,2018-10-03 20:00,1.44225,0.02561,0.06069,0.08266,1.27329,0.00453,0.0,0.0,0.00453
2018-10-03 20:00:00,2018-10-03 21:00,1.49067,0.08144,0.03907,0.06673,1.30344,0.00397,0.0,0.0,0.00397
2018-10-03 21:00:00,2018-10-03 22:00,1.51119,0.26478,0.01595,0.06126,1.1692,0.00384,0.0,0.0,0.00384
2018-10-03 22:00:00,2018-10-03 23:00,1.31322,0.46743,0.00677,0.05503,0.78399,0.00273,0.0,0.0,0.00273
2018-10-03 23:00:00,2018-10-04 00:00,1.19733,0.58249,0.00125,0.04169,0.5719,0.00062,0.0,0.0,0.00062
2018-10-04 00:00:00,2018-10-04 01:00,1.22204,0.68188,0.01254,0.02556,0.50205,0.00032,0.0,0.0,0.00032
2018-10-04 01:00:00,2018-10-04 02:00,1.22021,0.71967,0.00832,0.01882,0.4734,0.00018,0.0,0.0,0.00018
2018-10-04 02:00:00,2018-10-04 03:00,1.34493,0.85759,0.00044,0.02398,0.46292,0.00015,0.0,0.0,0.00015
2018-10-04 03:00:00,2018-10-04 04:00,1.4698,0.95939,0.00345,0.02567,0.48129,0.00028,0.0,0.0,0.00028
2018-10-04 04:00:00,2018-10-04 05:00,1.60668,1.06196,1e-05,0.04437,0.50033,0.00105,0.0,0.0,0.00105
2018-10-04 05:00:00,2018-10-04 06:00,1.71266,1.13188,0.0,0.08696,0.49381,0.00231,0.0,0.0,0.00231
2018-10-04 06:00:00,2018-10-04 07:00,1.97862,1.24875,0.00081,0.12,0.60905,0.00297,0.0,0.0,0.00297
2018-10-04 07:00:00,2018-10-04 08:00,1.62428,0.82292,0.00132,0.12688,0.67316,0.0642,0.05716,0.0,0.00704
2018-10-04 08:00:00,2018-10-04 09:00,1.87198,1.10818,0.00025,0.11205,0.6515,0.01871,0.01495,0.0,0.00376
2018-10-04 09:00:00,2018-10-04 10:00,1.82792,1.05133,0.00106,0.08796,0.68757,0.00381,0.0,0.0,0.00381
2018-10-04 10:00:00,2018-10-04 11:00,1.54867,0.74291,0.0012,0.09964,0.70493,0.0042,0.0,0.0,0.0042
2018-10-04 11:00:00,2018-10-04 12:00,1.28517,0.5114,0.00181,0.08821,0.68375,0.0043,0.0,0.0,0.0043
2018-10-04 12:00:00,2018-10-04 13:00,1.16168,0.42314,0.00562,0.09316,0.63975,0.00362,0.0,0.0,0.00362
2018-10-04 13:00:00,2018-10-04 14:00,1.00433,0.29517,0.00514,0.07914,0.62489,0.00333,0.0,0.0,0.00333
2018-10-04 14:00:00,2018-10-04 15:00,1.02274,0.27392,0.00423,0.09257,0.65202,0.0025,0.0,0.0,0.0025
2018-10-04 15:00:00,2018-10-04 16:00,1.127,0.27937,0.00539,0.09757,0.74467,0.00273,0.0,0.0,0.00273
2018-10-04 16:00:00,2018-10-04 17:00,1.28322,0.29246,0.0073,0.11788,0.86559,0.00485,0.0,0.0,0.00485
2018-10-04 17:00:00,2018-10-04 18:00,1.39905,0.29817,0.01256,0.12209,0.96623,0.00689,0.0,0.0,0.00689
2018-10-04 18:00:00,2018-10-04 19:00,1.50987,0.32019,0.00477,0.0843,1.10059,0.00654,0.0,0.0,0.00654
2018-10-04 19:00:00,2018-10-04 20:00,1.7007,0.37905,0.00909,0.09674,1.21582,0.00711,0.0,0.0,0.00711
2018-10-04 20:00:00,2018-10-04 21:00,1.76919,0.39009,0.01143,0.0859,1.28176,0.00399,0.0,0.0,0.00399
2018-10-04 21:00:00,2018-10-04 22:00,1.6011,0.43246,0.00559,0.06268,1.10037,0.0014,0.0,0.0,0.0014
2018-10-04 22:00:00,2018-10-04 23:00,1.37576,0.50795,0.00203,0.04769,0.81809,0.00189,0.0,0.0,0.00189
2018-10-04 23:00:00,2018-10-05 00:00,1.22997,0.543,0.00069,0.0443,0.64197,0.00156,0.0,0.0,0.00156
2018-10-05 00:00:00,2018-10-05 01:00,1.18395,0.56976,0.01205,0.04516,0.55698,0.00086,0.0,0.0,0.00086
2018-10-05 01:00:00,2018-10-05 02:00,1.12205,0.59535,0.00724,0.03098,0.48848,0.00027,0.0,0.0,0.00027
2018-10-05 02:00:00,2018-10-05 03:00,1.157,0.66061,0.00023,0.03881,0.45735,0.00015,0.0,0.0,0.00015
2018-10-05 03:00:00,2018-10-05 04:00,1.17571,0.68111,0.00322,0.02904,0.46234,0.0006,0.0,0.0,0.0006
2018-10-05 04:00:00,2018-10-05 05:00,1.23518,0.72317,0.0,0.04783,0.46418,0.0004,0.0,0.0,0.0004
2018-10-05 05:00:00,2018-10-05 06:00,1.36908,0.78219,0.00016,0.08081,0.50592,0.00064,0.0,0.0,0.00064
2018-10-05 06:00:00,2018-10-05 07:00,1.55587,0.84206,0.00079,0.11437,0.59865,0.00296,0.0,0.0,0.00296
2018-10-05 07:00:00,2018-10-05 08:00,1.70907,0.79782,0.0,0.15134,0.7599,0.00394,0.0,0.0,0.00394
2018-10-05 08:00:00,2018-10-05 09:00,1.69954,0.81875,0.00053,0.13034,0.74991,0.00364,0.0,0.0,0.00364
2018-10-05 09:00:00,2018-10-05 10:00,1.71422,0.88496,3e-05,0.10782,0.7214,0.00334,0.0,0.0,0.00334
2018-10-05 10:00:00,2018-10-05 11:00,1.68901,0.87243,0.0,0.086,0.73058,0.00327,0.0,0.0,0.00327
2018-10-05 11:00:00,2018-10-05 12:00,1.58016,0.78187,8e-05,0.08391,0.7143,0.00545,0.0,0.0,0.00545
2018-10-05 12:00:00,2018-10-05 13:00,1.56809,0.7765,0.00273,0.10778,0.68108,0.00654,0.0,0.0,0.00654
2018-10-05 13:00:00,2018-10-05 14:00,1.46946,0.68442,0.00043,0.06378,0.72082,0.00277,0.0,0.0,0.00277
2018-10-05 14:00:00,2018-10-05 15:00,1.39316,0.61033,0.00041,0.09451,0.68791,0.00532,0.0,0.0,0.00532
2018-10-05 15:00:00,2018-10-05 16:00,1.41565,0.55332,0.0008,0.12185,0.73968,0.00633,0.0,0.0,0.00633
2018-10-05 16:00:00,2018-10-05 17:00,1.4562,0.52402,0.00108,0.08215,0.84896,0.00689,0.0,0.0,0.00689
2018-10-05 17:00:00,2018-10-05 18:00,1.56653,0.48162,0.00815,0.08779,0.98897,0.00647,0.0,0.0,0.00647
2018-10-05 18:00:00,2018-10-05 19:00,1.74453,0.48343,0.00097,0.09593,1.1642,0.00521,0.0,0.0,0.00521
2018-10-05 19:00:00,2018-10-05 20:00,1.76816,0.4811,0.00484,0.0928,1.18942,0.00435,0.0,0.0,0.00435
2018-10-05 20:00:00,2018-10-05 21:00,1.81138,0.44938,0.00645,0.08965,1.2659,0.00393,0.0,0.0,0.00393
2018-10-05 21:00:00,2018-10-05 22:00,1.6801,0.42941,0.00255,0.0669,1.18124,0.00178,0.0,0.0,0.00178
2018-10-05 22:00:00,2018-10-05 23:00,1.34103,0.45935,0.00203,0.05948,0.82016,0.00141,0.0,0.0,0.00141
2018-10-05 23:00:00,2018-10-06 00:00,1.06124,0.4654,0.00044,0.04155,0.55385,0.00102,0.0,0.0,0.00102
2018-10-06 00:00:00,2018-10-06 01:00,1.03954,0.48231,0.0108,0.03626,0.51017,0.00122,0.0,0.0,0.00122
2018-10-06 01:00:00,2018-10-06 02:00,1.01266,0.49275,0.00825,0.03092,0.48074,0.00091,0.0,0.0,0.00091
2018-10-06 02:00:00,2018-10-06 03:00,1.06536,0.57705,0.00031,0.023,0.465,0.00015,0.0,0.0,0.00015
2018-10-06 03:00:00,2018-10-06 04:00,1.11372,0.61751,0.00352,0.02838,0.46431,0.00018,0.0,0.0,0.00018
2018-10-06 04:00:00,2018-10-06 05:00,1.15536,0.66496,0.0,0.02471,0.46569,0.00113,0.0,0.0,0.00113
2018-10-06 05:00:00,2018-10-06 06:00,1.26708,0.7368,0.0,0.04761,0.48267,0.00126,0.0,0.0,0.00126
2018-10-06 06:00:00,2018-10-06 07:00,1.39763,0.83044,0.0007,0.05672,0.50977,0.00075,0.0,0.0,0.00075
2018-10-06 07:00:00,2018-10-06 08:00,1.57652,0.86793,0.00175,0.10277,0.60407,0.00269,0.0,0.0,0.00269
2018-10-06 08:00:00,2018-10-06 09:00,1.7438,0.94853,0.00112,0.10047,0.69368,0.0045,0.0,0.0,0.0045
2018-10-06 09:00:00,2018-10-06 10:00,2.02153,1.02706,0.0,0.12236,0.87211,0.00518,0.0,0.0,0.00518
2018-10-06 10:00:00,2018-10-06 11:00,1.89607,1.02609,0.0,0.11967,0.75031,0.00424,0.0,0.0,0.00424
2018-10-06 11:00:00,2018-10-06 12:00,1.79817,0.95158,0.00053,0.0956,0.75046,0.00458,0.0,0.0,0.00458
2018-10-06 12:00:00,2018-10-06 13:00,1.92109,0.9587,0.00013,0.09872,0.86353,0.00545,0.0,0.0,0.00545
2018-10-06 13:00:00,2018-10-06 14:00,1.782,0.85103,6e-05,0.10021,0.8307,0.00535,0.0,0.0,0.00535
2018-10-06 14:00:00,2018-10-06 15:00,1.69924,0.76613,0.0,0.10379,0.82932,0.00565,0.0,0.0,0.00565
2018-10-06 15:00:00,2018-10-06 16:00,1.66977,0.66575,0.0,0.12448,0.87954,0.00395,0.0,0.0,0.00395
2018-10-06 16:00:00,2018-10-06 17:00,1.72552,0.62194,0.00038,0.10724,0.99597,0.00606,0.0,0.0,0.00606
2018-10-06 17:00:00,2018-10-06 18:00,1.72776,0.59158,0.00693,0.10617,1.02308,0.00304,0.0,0.0,0.00304
2018-10-06 18:00:00,2018-10-06 19:00,1.75234,0.54878,0.00092,0.09699,1.10565,0.00446,0.0,0.0,0.00446
2018-10-06 19:00:00,2018-10-06 20:00,1.89399,0.5324,0.00452,0.09818,1.2589,0.00322,0.0,0.0,0.00322
2018-10-06 20:00:00,2018-10-06 21:00,1.95216,0.50155,0.00642,0.08901,1.35519,0.00241,0.0,0.0,0.00241
2018-10-06 21:00:00,2018-10-06 22:00,1.7476,0.52056,0.0027,0.07456,1.14978,0.00281,0.0,0.0,0.00281
2018-10-06 22:00:00,2018-10-06 23:00,1.4619,0.59794,0.00152,0.0588,0.80365,0.00172,0.0,0.0,0.00172
2018-10-06 23:00:00,2018-10-07 00:00,1.25612,0.60747,2e-05,0.06631,0.58233,0.0021,0.0,0.0,0.0021
2018-10-07 00:00:00,2018-10-07 01:00,1.14201,0.60395,0.00992,0.02903,0.49911,0.00061,0.0,0.0,0.00061
2018-10-07 01:00:00,2018-10-07 02:00,1.0985,0.59821,0.00616,0.02203,0.4721,0.00022,0.0,0.0,0.00022
2018-10-07 02:00:00,2018-10-07 03:00,1.1397,0.65746,0.00011,0.02409,0.45804,0.00033,0.0,0.0,0.00033
2018-10-07 03:00:00,2018-10-07 04:00,1.19074,0.68827,0.0035,0.03835,0.46062,0.00013,0.0,0.0,0.00013
2018-10-07 04:00:00,2018-10-07 05:00,1.23701,0.73103,0.0,0.02497,0.48102,0.00016,0.0,0.0,0.00016
2018-10-07 05:00:00,2018-10-07 06:00,1.31224,0.78821,0.0,0.04344,0.48059,0.00111,0.0,0.0,0.00111
2018-10-07 06:00:00,2018-10-07 07:00,1.41115,0.84997,0.00063,0.05838,0.50217,0.0015,0.0,0.0,0.0015
2018-10-07 07:00:00,2018-10-07 08:00,1.54282,0.83942,0.0,0.0967,0.60671,0.00262,0.0,0.0,0.00262
2018-10-07 08:00:00,2018-10-07 09:00,1.6792,0.84231,0.0,0.1311,0.70579,0.00402,0.0,0.0,0.00402
2018-10-07 09:00:00,2018-10-07 10:00,1.82162,0.87644,2e-05,0.12349,0.82167,0.00465,0.0,0.0,0.00465
2018-10-07 10:00:00,2018-10-07 11:00,1.8485,0.86405,4e-05,0.10479,0.87962,0.00599,0.0,0.0,0.00599
2018-10-07 11:00:00,2018-10-07 12:00,1.73101,0.76825,0.00065,0.12094,0.84117,0.00629,0.0,0.0,0.00629
2018-10-07 12:00:00,2018-10-07 13:00,1.59338,0.71145,7e-05,0.12352,0.75833,0.00454,0.0,0.0,0.00454
2018-10-07 13:00:00,2018-10-07 14:00,1.49111,0.59724,0.0,0.11097,0.78291,0.00414,0.0,0.0,0.00414
2018-10-07 14:00:00,2018-10-07 15:00,1.51926,0.56445,0.0,0.09955,0.85526,0.00688,0.0,0.0,0.00688
2018-10-07 15:00:00,2018-10-07 16:00,1.55047,0.54919,3e-05,0.1192,0.88204,0.00514,0.0,0.0,0.00514
2018-10-07 16:00:00,2018-10-07 17:00,1.712,0.57328,0.0,0.10414,1.03458,0.0087,0.0,0.0,0.0087
2018-10-07 17:00:00,2018-10-07 18:00,1.77924,0.55303,0.00835,0.10256,1.11529,0.00545,0.0,0.0,0.00545
2018-10-07 18:00:00,2018-10-07 19:00,1.80157,0.52477,0.00422,0.11075,1.16183,0.00703,0.0,0.0,0.00703
2018-10-07 19:00:00,2018-10-07 20:00,1.89929,0.52167,0.00671,0.0946,1.27631,0.00501,0.0,0.0,0.00501
2018-10-07 20:00:00,2018-10-07 21:00,1.94007,0.4856,0.00732,0.08929,1.35786,0.00469,0.0,0.0,0.00469
2018-10-07 21:00:00,2018-10-07 22:00,1.77555,0.47888,0.00271,0.07049,1.22348,0.00284,0.0,0.0,0.00284
2018-10-07 22:00:00,2018-10-07 23:00,1.42933,0.53411,0.00177,0.0482,0.84525,0.00235,0.0,0.0,0.00235
2018-10-07 23:00:00,2018-10-08 00:00,1.21558,0.54989,8e-05,0.04632,0.61929,0.00322,0.0,0.0,0.00322
2018-10-08 00:00:00,2018-10-08 01:00,1.08932,0.54537,0.01,0.03015,0.5038,0.00109,0.0,0.0,0.00109
2018-10-08 01:00:00,2018-10-08 02:00,1.05602,0.54312,0.00681,0.03315,0.47294,0.00086,0.0,0.0,0.00086
2018-10-08 02:00:00,2018-10-08 03:00,1.09669,0.60472,0.00024,0.03292,0.45881,0.00072,0.0,0.0,0.00072
2018-10-08 03:00:00,2018-10-08 04:00,1.13047,0.63118,0.00347,0.03247,0.46335,0.00039,0.0,0.0,0.00039
2018-10-08 04:00:00,2018-10-08 05:00,1.17477,0.65899,0.0,0.05207,0.4637,0.00074,0.0,0.0,0.00074
2018-10-08 05:00:00,2018-10-08 06:00,1.30139,0.70751,0.0,0.08076,0.51312,0.00365,0.0,0.0,0.00365
2018-10-08 06:00:00,2018-10-08 07:00,1.50633,0.76752,0.00114,0.13367,0.604,0.0026,0.0,0.0,0.0026
2018-10-08 07:00:00,2018-10-08 08:00,1.58966,0.74035,0.0004,0.15266,0.69624,0.00451,0.0,0.0,0.00451
2018-10-08 08:00:00,2018-10-08 09:00,1.60893,0.78945,0.00078,0.12552,0.69319,0.0051,0.0,0.0,0.0051
2018-10-08 09:00:00,2018-10-08 10:00,1.5992,0.83147,0.0,0.09789,0.66984,0.00344,0.0,0.0,0.00344
2018-10-08 10:00:00,2018-10-08 11:00,1.56597,0.77142,0.0,0.07976,0.71479,0.00367,0.0,0.0,0.00367
2018-10-08 11:00:00,2018-10-08 12:00,1.46653,0.65345,0.0,0.09576,0.71732,0.00795,0.0,0.0,0.00795
2018-10-08 12:00:00,2018-10-08 13:00,1.3974,0.59173,0.00342,0.08561,0.71665,0.00579,0.0,0.0,0.00579
2018-10-08 13:00:00,2018-10-08 14:00,1.23474,0.48024,0.0007,0.08745,0.66635,0.0042,0.0,0.0,0.0042
2018-10-08 14:00:00,2018-10-08 15:00,1.23026,0.42225,0.0,0.08629,0.72172,0.00241,0.0,0.0,0.00241
2018-10-08 15:00:00,2018-10-08 16:00,1.25738,0.3956,0.00036,0.10425,0.75717,0.00608,0.0,0.0,0.00608
2018-10-08 16:00:00,2018-10-08 17:00,1.33476,0.38008,0.00267,0.11769,0.83433,0.00521,0.0,0.0,0.00521
2018-10-08 17:00:00,2018-10-08 18:00,1.47975,0.36822,0.01009,0.0965,1.00494,0.00655,0.0,0.0,0.00655
2018-10-08 18:00:00,2018-10-08 19:00,1.54311,0.37231,0.00261,0.08176,1.08643,0.00632,0.0,0.0,0.00632
2018-10-08 19:00:00,2018-10-08 20:00,1.74814,0.40192,0.00729,0.09489,1.24403,0.00452,0.0,0.0,0.00452
2018-10-08 20:00:00,2018-10-08 21:00,1.77276,0.37052,0.00923,0.08033,1.31269,0.00292,0.0,0.0,0.00292
2018-10-08 21:00:00,2018-10-08 22:00,1.55253,0.37509,0.00539,0.06227,1.10978,0.00221,0.0,0.0,0.00221
2018-10-08 22:00:00,2018-10-08 23:00,1.24118,0.40116,0.00403,0.06233,0.77366,0.00161,0.0,0.0,0.00161
2018-10-08 23:00:00,2018-10-09 00:00,1.05655,0.38503,0.00124,0.0358,0.63448,0.00071,0.0,0.0,0.00071
2018-10-09 00:00:00,2018-10-09 01:00,0.96242,0.40788,0.0113,0.0268,0.51644,0.00096,0.0,0.0,0.00096
2018-10-09 01:00:00,2018-10-09 02:00,0.93929,0.41638,0.00974,0.02885,0.48433,0.00057,0.0,0.0,0.00057
2018-10-09 02:00:00,2018-10-09 03:00,0.96968,0.48557,0.00073,0.02402,0.45935,0.00015,0.0,0.0,0.00015
2018-10-09 03:00:00,2018-10-09 04:00,1.04474,0.54518,0.00374,0.03117,0.46466,0.00048,0.0,0.0,0.00048
2018-10-09 04:00:00,2018-10-09 05:00,1.11655,0.59198,0.0,0.05862,0.46595,0.00103,0.0,0.0,0.00103
2018-10-09 05:00:00,2018-10-09 06:00,1.24399,0.65391,0.00035,0.07843,0.5113,0.00221,0.0,0.0,0.00221
2018-10-09 06:00:00,2018-10-09 07:00,1.42425,0.70622,0.00132,0.11861,0.59809,0.00487,0.0,0.0,0.00487
2018-10-09 07:00:00,2018-10-09 08:00,1.48304,0.68226,0.00036,0.13734,0.66309,0.00479,0.0,0.0,0.00479
2018-10-09 08:00:00,2018-10-09 09:00,1.54918,0.74734,0.00155,0.12253,0.67777,0.0069,0.0,0.0,0.0069
2018-10-09 09:00:00,2018-10-09 10:00,1.67541,0.84124,0.0,0.09036,0.74381,0.00628,0.0,0.0,0.00628
2018-10-09 10:00:00,2018-10-09 11:00,1.61617,0.83152,0.0,0.085,0.69965,0.0049,0.0,0.0,0.0049
2018-10-09 11:00:00,2018-10-09 12:00,1.55028,0.76866,0.0001,0.08939,0.69213,0.0036,0.0,0.0,0.0036
2018-10-09 12:00:00,2018-10-09 13:00,1.51306,0.76903,0.00328,0.07698,0.66377,0.00345,0.0,0.0,0.00345
2018-10-09 13:00:00,2018-10-09 14:00,1.45509,0.718,0.0,0.09013,0.64696,0.00308,0.0,0.0,0.00308
2018-10-09 14:00:00,2018-10-09 15:00,1.53168,0.70679,0.0,0.10114,0.72374,0.00394,0.0,0.0,0.00394
2018-10-09 15:00:00,2018-10-09 16:00,1.6388,0.70798,9e-05,0.09571,0.83502,0.00387,0.0,0.0,0.00387
2018-10-09 16:00:00,2018-10-09 17:00,1.6548,0.70293,0.0015,0.09439,0.85598,0.00438,0.0,0.0,0.00438
2018-10-09 17:00:00,2018-10-09 18:00,1.74769,0.69313,0.00704,0.10973,0.93779,0.00401,0.0,0.0,0.00401
2018-10-09 18:00:00,2018-10-09 19:00,1.89395,0.68706,7e-05,0.09837,1.10845,0.00643,0.0,0.0,0.00643
2018-10-09 19:00:00,2018-10-09 20:00,2.08634,0.70533,0.00371,0.09438,1.28292,0.00693,0.0,0.0,0.00693
2018-10-09 20:00:00,2018-10-09 21:00,2.20177,0.6909,0.00518,0.08234,1.42335,0.00466,0.0,0.0,0.00466
2018-10-09 21:00:00,2018-10-09 22:00,1.86094,0.67464,0.00114,0.05067,1.1345,0.00359,0.0,0.0,0.00359
2018-10-09 22:00:00,2018-10-09 23:00,1.61563,0.72093,0.00101,0.06588,0.8278,0.00217,0.0,0.0,0.00217
2018-10-09 23:00:00,2018-10-10 00:00,1.3569,0.72654,0.0,0.05268,0.57768,0.00135,0.0,0.0,0.00135
2018-10-10 00:00:00,2018-10-10 01:00,1.25361,0.72612,0.00879,0.03263,0.48607,0.00032,0.0,0.0,0.00032
2018-10-10 01:00:00,2018-10-10 02:00,1.2271,0.70412,0.00561,0.03178,0.48558,0.0012,0.0,0.0,0.0012
2018-10-10 02:00:00,2018-10-10 03:00,1.25894,0.76756,0.0,0.03404,0.45734,0.00018,0.0,0.0,0.00018
2018-10-10 03:00:00,2018-10-10 04:00,1.30616,0.80874,0.00323,0.02815,0.46604,0.00078,0.0,0.0,0.00078
2018-10-10 04:00:00,2018-10-10 05:00,1.35487,0.84606,0.0,0.04753,0.46128,0.00072,0.0,0.0,0.00072
2018-10-10 05:00:00,2018-10-10 06:00,1.45269,0.89323,0.0,0.07461,0.48485,0.0022,0.0,0.0,0.0022
2018-10-10 06:00:00,2018-10-10 07:00,1.64109,0.95225,0.00066,0.11127,0.57691,0.00415,0.0,0.0,0.00415
2018-10-10 07:00:00,2018-10-10 08:00,1.74553,0.91799,0.0,0.1542,0.67333,0.00411,0.0,0.0,0.00411
2018-10-10 08:00:00,2018-10-10 09:00,1.70329,0.90686,0.00067,0.12762,0.66814,0.00444,0.0,0.0,0.00444
2018-10-10 09:00:00,2018-10-10 10:00,1.69201,0.91284,0.0,0.09622,0.68295,0.00239,0.0,0.0,0.00239
2018-10-10 10:00:00,2018-10-10 11:00,1.63662,0.87313,0.0,0.07461,0.68889,0.00332,0.0,0.0,0.00332
2018-10-10 11:00:00,2018-10-10 12:00,1.56285,0.78195,0.0,0.08739,0.69352,0.00425,0.0,0.0,0.00425
2018-10-10 12:00:00,2018-10-10 13:00,1.616,0.75559,0.00341,0.09637,0.76063,0.00582,0.0,0.0,0.00582
2018-10-10 13:00:00,2018-10-10 14:00,1.44978,0.64571,0.0,0.10415,0.69993,0.00409,0.0,0.0,0.00409
2018-10-10 14:00:00,2018-10-10 15:00,1.3687,0.60196,0.0,0.08539,0.68136,0.00248,0.0,0.0,0.00248
2018-10-10 15:00:00,2018-10-10 16:00,1.50835,0.6078,0.0,0.10413,0.79641,0.00235,0.0,0.0,0.00235
2018-10-10 16:00:00,2018-10-10 17:00,1.57433,0.61832,0.00146,0.10708,0.84746,0.00358,0.0,0.0,0.00358
2018-10-10 17:00:00,2018-10-10 18:00,1.66407,0.60732,0.00769,0.09742,0.95163,0.00407,0.0,0.0,0.00407
2018-10-10 18:00:00,2018-10-10 19:00,1.80951,0.63101,0.00054,0.11411,1.06385,0.00354,0.0,0.0,0.00354
2018-10-10 19:00:00,2018-10-10 20:00,1.99143,0.68135,0.00453,0.08687,1.21868,0.00253,0.0,0.0,0.00253
2018-10-10 20:00:00,2018-10-10 21:00,2.01759,0.69066,0.00545,0.06675,1.25474,0.0032,0.0,0.0,0.0032
2018-10-10 21:00:00,2018-10-10 22:00,1.99727,0.76131,0.0011,0.05757,1.17729,0.00273,0.0,0.0,0.00273
2018-10-10 22:00:00,2018-10-10 23:00,1.90094,1.03589,0.00091,0.05086,0.81328,0.00145,0.0,0.0,0.00145
2018-10-10 23:00:00,2018-10-11 00:00,1.94078,1.32359,0.0,0.04044,0.57674,0.00091,0.0,0.0,0.00091
2018-10-11 00:00:00,2018-10-11 01:00,1.92441,1.37405,0.00784,0.03653,0.50599,0.00068,0.0,0.0,0.00068
2018-10-11 01:00:00,2018-10-11 02:00,1.9083,1.4052,0.00297,0.02441,0.47572,0.00054,0.0,0.0,0.00054
2018-10-11 02:00:00,2018-10-11 03:00,1.97491,1.49491,0.0,0.02509,0.45491,0.00017,0.0,0.0,0.00017
2018-10-11 03:00:00,2018-10-11 04:00,2.05064,1.55434,0.00178,0.03614,0.45838,0.00062,0.0,0.0,0.00062
2018-10-11 04:00:00,2018-10-11 05:00,2.14651,1.63657,0.0,0.04572,0.46422,0.00129,0.0,0.0,0.00129
2018-10-11 05:00:00,2018-10-11 06:00,2.15232,1.58661,0.0,0.08447,0.48124,0.01571,0.01499,0.0,0.00072
2018-10-11 06:00:00,2018-10-11 07:00,2.27943,1.53319,0.00041,0.13661,0.60922,0.02902,0.02658,0.0,0.00244
2018-10-11 07:00:00,2018-10-11 08:00,1.98057,1.12692,0.00087,0.13882,0.71396,0.09554,0.09283,0.0,0.00271
2018-10-11 08:00:00,2018-10-11 09:00,2.37533,1.48026,0.0,0.10957,0.78549,0.04893,0.04333,0.0,0.0056
2018-10-11 09:00:00,2018-10-11 10:00,2.65046,1.82194,0.0,0.11743,0.7111,0.00323,0.0,0.0,0.00323
2018-10-11 10:00:00,2018-10-11 11:00,2.62325,1.84255,0.0,0.11548,0.66523,0.00341,0.0,0.0,0.00341
2018-10-11 11:00:00,2018-10-11 12:00,2.61465,1.82091,0.0,0.09755,0.69619,0.00423,0.0,0.0,0.00423
2018-10-11 12:00:00,2018-10-11 13:00,2.64754,1.80149,0.0,0.09269,0.75336,0.00376,0.0,0.0,0.00376
2018-10-11 13:00:00,2018-10-11 14:00,2.60828,1.75633,0.0,0.09703,0.75492,0.00343,0.0,0.0,0.00343
2018-10-11 14:00:00,2018-10-11 15:00,2.56595,1.73179,0.0,0.09538,0.73878,0.00275,0.0,0.0,0.00275
2018-10-11 15:00:00,2018-10-11 16:00,2.58777,1.70489,0.0,0.11605,0.76683,0.0032,0.0,0.0,0.0032
2018-10-11 16:00:00,2018-10-11 17:00,2.7016,1.72057,0.00089,0.08816,0.89198,0.0043,0.0,0.0,0.0043
2018-10-11 17:00:00,2018-10-11 18:00,2.74134,1.69187,0.00283,0.09216,0.95447,0.00696,0.0,0.0,0.00696
2018-10-11 18:00:00,2018-10-11 19:00,2.5812,1.41811,0.0,0.11201,1.05108,0.03534,0.03011,0.0,0.00524
2018-10-11 19:00:00,2018-10-11 20:00,2.03414,0.74502,0.00294,0.09404,1.19214,0.13346,0.12831,0.0,0.00515
2018-10-11 20:00:00,2018-10-11 21:00,1.61406,0.23708,0.00279,0.08201,1.29218,0.17689,0.17405,0.0,0.00284
2018-10-11 21:00:00,2018-10-11 22:00,1.47577,0.23231,0.00015,0.07748,1.16583,0.17117,0.1683,0.0,0.00287
2018-10-11 22:00:00,2018-10-11 23:00,1.08987,0.23513,0.00033,0.07255,0.78186,0.17796,0.17461,0.0,0.00336
2018-10-11 23:00:00,2018-10-12 00:00,0.87483,0.23373,0.0,0.03618,0.60491,0.1755,0.17337,0.0,0.00213
2018-10-12 00:00:00,2018-10-12 01:00,0.79975,0.23227,0.00637,0.02623,0.53487,0.17028,0.16993,0.0,0.00035
2018-10-12 01:00:00,2018-10-12 02:00,0.76851,0.23472,0.00257,0.0343,0.49692,0.17004,0.16986,0.0,0.00018
2018-10-12 02:00:00,2018-10-12 03:00,0.73149,0.23727,0.0,0.03235,0.46187,0.18136,0.18121,0.0,0.00015
2018-10-12 03:00:00,2018-10-12 04:00,0.73961,0.23569,0.00222,0.02921,0.47249,0.19073,0.1905,0.0,0.00023
2018-10-12 04:00:00,2018-10-12 05:00,0.76843,0.2412,0.0,0.04877,0.47846,0.19809,0.19768,0.0,0.00041
2018-10-12 05:00:00,2018-10-12 06:00,0.79198,0.24255,0.00032,0.05717,0.49194,0.20761,0.20611,0.0,0.0015
2018-10-12 06:00:00,2018-10-12 07:00,0.94859,0.24536,0.00055,0.12037,0.58232,0.22069,0.21776,0.0,0.00293
2018-10-12 07:00:00,2018-10-12 08:00,1.11242,0.24541,0.0,0.1682,0.69881,0.21369,0.211,0.0,0.00269
2018-10-12 08:00:00,2018-10-12 09:00,1.16692,0.24676,0.0,0.16116,0.75901,0.21927,0.21468,0.0,0.00459
2018-10-12 09:00:00,2018-10-12 10:00,1.14212,0.2455,0.0,0.1087,0.78792,0.21305,0.20884,0.0,0.00421
2018-10-12 10:00:00,2018-10-12 11:00,1.2282,0.36697,0.0,0.09097,0.77026,0.17873,0.17484,0.0,0.0039
2018-10-12 11:00:00,2018-10-12 12:00,1.60411,0.77269,0.0,0.08945,0.74197,0.1106,0.10707,0.0,0.00352
2018-10-12 12:00:00,2018-10-12 13:00,2.31622,1.50048,0.00173,0.11512,0.69889,0.00365,0.0,0.0,0.00365
2018-10-12 13:00:00,2018-10-12 14:00,1.99221,1.18834,0.0,0.11362,0.69026,0.00314,0.0,0.0,0.00314
2018-10-12 14:00:00,2018-10-12 15:00,1.59775,0.81576,6e-05,0.09508,0.68685,0.00214,0.0,0.0,0.00214
2018-10-12 15:00:00,2018-10-12 16:00,1.49082,0.62781,0.00088,0.12621,0.73591,0.00275,0.0,0.0,0.00275
2018-10-12 16:00:00,2018-10-12 17:00,1.54483,0.52432,0.00268,0.11245,0.90538,0.00454,0.0,0.0,0.00454
2018-10-12 17:00:00,2018-10-12 18:00,1.57463,0.46518,0.00897,0.10277,0.99772,0.00531,0.0,0.0,0.00531
2018-10-12 18:00:00,2018-10-12 19:00,1.77581,0.54745,0.00236,0.10746,1.11853,0.00599,0.0,0.0,0.00599
2018-10-12 19:00:00,2018-10-12 20:00,2.18814,0.79889,0.00413,0.09792,1.28719,0.0036,0.0,0.0,0.0036
2018-10-12 20:00:00,2018-10-12 21:00,2.27962,0.88423,0.00376,0.0978,1.29383,0.01479,0.01124,0.0,0.00356
2018-10-12 21:00:00,2018-10-12 22:00,1.86174,0.65473,0.00084,0.06582,1.14034,0.06054,0.05528,0.0,0.00526
2018-10-12 22:00:00,2018-10-12 23:00,1.80502,0.99157,0.00043,0.06003,0.75299,0.0367,0.03172,0.0,0.00498
2018-10-12 23:00:00,2018-10-13 00:00,1.82545,1.19286,0.0,0.04445,0.58814,0.00953,0.00778,0.0,0.00175
2018-10-13 00:00:00,2018-10-13 01:00,1.73232,1.18242,0.00672,0.04225,0.50094,0.01212,0.0103,0.0,0.00182
2018-10-13 01:00:00,2018-10-13 02:00,1.74918,1.23063,0.0026,0.03443,0.48152,0.01091,0.01073,0.0,0.00018
2018-10-13 02:00:00,2018-10-13 03:00,1.49196,0.97958,0.0,0.04155,0.47084,0.05578,0.05563,0.0,0.00015
2018-10-13 03:00:00,2018-10-13 04:00,1.46939,0.97807,0.00152,0.03191,0.45789,0.06302,0.06289,0.0,0.00013
2018-10-13 04:00:00,2018-10-13 05:00,1.08774,0.60072,0.0,0.03098,0.45604,0.12221,0.12163,0.0,0.00058
2018-10-13 05:00:00,2018-10-13 06:00,0.76135,0.24033,0.00074,0.03615,0.48413,0.17677,0.17532,0.0,0.00146
2018-10-13 06:00:00,2018-10-13 07:00,1.15558,0.53821,0.00066,0.0701,0.54661,0.15697,0.1544,0.0,0.00257
2018-10-13 07:00:00,2018-10-13 08:00,2.44334,1.69026,0.0,0.09743,0.65565,0.01479,0.0113,0.0,0.00349
2018-10-13 08:00:00,2018-10-13 09:00,2.51146,1.65916,0.0,0.12176,0.73054,0.00505,0.0,0.0,0.00505
2018-10-13 09:00:00,2018-10-13 10:00,2.45441,1.39184,0.0,0.15576,0.90681,0.0031,0.0,0.0,0.0031
2018-10-13 10:00:00,2018-10-13 11:00,1.92264,1.0182,0.00017,0.12604,0.77824,0.00256,0.0,0.0,0.00256
2018-10-13 11:00:00,2018-10-13 12:00,1.89357,0.98983,4e-05,0.09219,0.81151,0.0167,0.01466,0.0,0.00204
2018-10-13 12:00:00,2018-10-13 13:00,2.25001,1.29908,0.00015,0.10319,0.84758,0.00426,0.0,0.0,0.00426
2018-10-13 13:00:00,2018-10-13 14:00,2.21612,1.21241,0.00147,0.11564,0.8866,0.00727,0.0,0.0,0.00727
2018-10-13 14:00:00,2018-10-13 15:00,2.09562,1.11449,0.00012,0.1331,0.84791,0.00498,0.0,0.0,0.00498
2018-10-13 15:00:00,2018-10-13 16:00,1.93576,0.96199,1e-05,0.129,0.84476,0.00542,0.0,0.0,0.00542
2018-10-13 16:00:00,2018-10-13 17:00,1.92968,0.9433,3e-05,0.11779,0.86856,0.00675,0.0,0.0,0.00675
2018-10-13 17:00:00,2018-10-13 18:00,2.08153,0.93862,0.00418,0.11267,1.02605,0.00705,0.0,0.0,0.00705
2018-10-13 18:00:00,2018-10-13 19:00,2.38446,1.10728,5e-05,0.09949,1.17764,0.00604,0.0,0.0,0.00604
2018-10-13 19:00:00,2018-10-13 20:00,2.36311,0.93505,0.00287,0.09676,1.32842,0.00379,0.0,0.0,0.00379
2018-10-13 20:00:00,2018-10-13 21:00,2.22351,0.78717,0.0032,0.09311,1.34002,0.00232,0.0,0.0,0.00232
2018-10-13 21:00:00,2018-10-13 22:00,2.04482,0.76758,0.00075,0.06427,1.21222,0.00133,0.0,0.0,0.00133
2018-10-13 22:00:00,2018-10-13 23:00,1.71656,0.81814,0.00085,0.07456,0.82301,0.00142,0.0,0.0,0.00142
2018-10-13 23:00:00,2018-10-14 00:00,1.45827,0.81818,0.0,0.06092,0.57917,0.00145,0.0,0.0,0.00145
2018-10-14 00:00:00,2018-10-14 01:00,1.37805,0.83283,0.00694,0.0429,0.49538,0.00109,0.0,0.0,0.00109
2018-10-14 01:00:00,2018-10-14 02:00,1.44413,0.93097,0.0035,0.03138,0.47828,0.00146,0.0,0.0,0.00146
2018-10-14 02:00:00,2018-10-14 03:00,1.6314,1.12959,0.0,0.03289,0.46892,0.00075,0.0,0.0,0.00075
2018-10-14 03:00:00,2018-10-14 04:00,1.73084,1.23312,0.00174,0.0286,0.46737,0.00014,0.0,0.0,0.00014
2018-10-14 04:00:00,2018-10-14 05:00,1.84844,1.34201,0.0,0.03063,0.4758,0.00056,0.0,0.0,0.00056
2018-10-14 05:00:00,2018-10-14 06:00,1.95036,1.41009,0.0,0.04955,0.49072,0.00086,0.0,0.0,0.00086
2018-10-14 06:00:00,2018-10-14 07:00,2.13028,1.52105,0.00038,0.0758,0.53305,0.00156,0.0,0.0,0.00156
2018-10-14 07:00:00,2018-10-14 08:00,2.28118,1.52435,0.0,0.10972,0.64711,0.0102,0.00707,0.0,0.00313
2018-10-14 08:00:00,2018-10-14 09:00,2.43111,1.46092,0.0,0.15252,0.81766,0.03093,0.02678,0.0,0.00415
2018-10-14 09:00:00,2018-10-14 10:00,1.6762,0.70523,0.00027,0.13779,0.83291,0.15553,0.15041,0.0,0.00512
2018-10-14 10:00:00,2018-10-14 11:00,1.15677,0.24808,0.0,0.13026,0.77843,0.21722,0.21198,0.0,0.00524
2018-10-14 11:00:00,2018-10-14 12:00,1.13792,0.24853,0.0,0.10898,0.78041,0.20782,0.20458,0.0,0.00324
2018-10-14 12:00:00,2018-10-14 13:00,1.13532,0.24815,0.00028,0.13467,0.75223,0.20476,0.2016,0.0,0.00316
2018-10-14 13:00:00,2018-10-14 14:00,1.58059,0.65487,0.0,0.13496,0.79077,0.1364,0.13206,0.0,0.00434
2018-10-14 14:00:00,2018-10-14 15:00,2.68619,1.66979,0.0,0.13342,0.88299,0.00444,0.0,0.0,0.00444
2018-10-14 15:00:00,2018-10-14 16:00,2.57458,1.55669,0.0,0.12889,0.889,0.00565,0.0,0.0,0.00565
2018-10-14 16:00:00,2018-10-14 17:00,2.57724,1.51265,0.0,0.12359,0.94101,0.00641,0.0,0.0,0.00641
2018-10-14 17:00:00,2018-10-14 18:00,2.61114,1.43982,0.00303,0.11815,1.05014,0.00705,0.0,0.0,0.00705
2018-10-14 18:00:00,2018-10-14 19:00,2.73784,1.40662,0.0,0.1063,1.22491,0.00375,0.0,0.0,0.00375
2018-10-14 19:00:00,2018-10-14 20:00,2.8093,1.41499,0.00253,0.10386,1.28792,0.00195,0.0,0.0,0.00195
2018-10-14 20:00:00,2018-10-14 21:00,2.85504,1.39304,0.00246,0.08431,1.37523,0.00271,0.0,0.0,0.00271
2018-10-14 21:00:00,2018-10-14 22:00,2.66049,1.38121,0.00038,0.07838,1.20052,0.00172,0.0,0.0,0.00172
2018-10-14 22:00:00,2018-10-14 23:00,2.37833,1.46618,0.00057,0.06544,0.84614,0.00321,0.0,0.0,0.00321
2018-10-14 23:00:00,2018-10-15 00:00,2.08361,1.44446,0.0,0.05692,0.58224,0.00205,0.0,0.0,0.00205
2018-10-15 00:00:00,2018-10-15 01:00,1.39999,0.82578,0.00628,0.03727,0.53066,0.07636,0.07564,0.0,0.00072
2018-10-15 01:00:00,2018-10-15 02:00,0.77931,0.23118,0.00258,0.03133,0.51422,0.15471,0.15452,0.0,0.00018
2018-10-15 02:00:00,2018-10-15 03:00,0.72138,0.23524,0.0,0.03019,0.45594,0.16543,0.16528,0.0,0.00015
2018-10-15 03:00:00,2018-10-15 04:00,0.73232,0.23308,0.00229,0.03999,0.45697,0.17457,0.17418,0.0,0.00039
2018-10-15 04:00:00,2018-10-15 05:00,0.74489,0.23958,0.0,0.04487,0.46044,0.1913,0.19046,0.0,0.00084
2018-10-15 05:00:00,2018-10-15 06:00,0.82828,0.24166,0.00025,0.07577,0.5106,0.20592,0.20486,0.0,0.00106
2018-10-15 06:00:00,2018-10-15 07:00,1.03176,0.24441,0.00049,0.15707,0.62978,0.21915,0.21489,0.0,0.00426
2018-10-15 07:00:00,2018-10-15 08:00,1.09973,0.24648,0.0,0.16452,0.68872,0.21455,0.20823,0.0,0.00632
2018-10-15 08:00:00,2018-10-15 09:00,1.12758,0.24689,0.0,0.14245,0.73824,0.20843,0.20422,0.0,0.00421
2018-10-15 09:00:00,2018-10-15 10:00,1.21967,0.29315,0.0,0.12159,0.80493,0.19279,0.18917,0.0,0.00363
2018-10-15 10:00:00,2018-10-15 11:00,1.59638,0.81455,4e-05,0.09662,0.68517,0.09811,0.09556,0.0,0.00254
2018-10-15 11:00:00,2018-10-15 12:00,2.09172,1.3253,0.0,0.11225,0.65417,0.00442,0.0,0.0,0.00442
2018-10-15 12:00:00,2018-10-15 13:00,2.02481,1.1515,0.00169,0.08756,0.78406,0.00356,0.0,0.0,0.00356
2018-10-15 13:00:00,2018-10-15 14:00,1.65315,0.8554,0.00018,0.07918,0.71839,0.00459,0.0,0.0,0.00459
2018-10-15 14:00:00,2018-10-15 15:00,1.42431,0.64502,0.0008,0.09775,0.68074,0.00405,0.0,0.0,0.00405
2018-10-15 15:00:00,2018-10-15 16:00,1.33865,0.53282,0.00161,0.11333,0.69089,0.0041,0.0,0.0,0.0041
2018-10-15 16:00:00,2018-10-15 17:00,1.4406,0.49348,0.0039,0.1218,0.82141,0.00415,0.0,0.0,0.00415
2018-10-15 17:00:00,2018-10-15 18:00,1.51789,0.48076,0.00953,0.09909,0.92852,0.00406,0.0,0.0,0.00406
2018-10-15 18:00:00,2018-10-15 19:00,1.70247,0.53897,0.00128,0.13234,1.02989,0.00505,0.0,0.0,0.00505
2018-10-15 19:00:00,2018-10-15 20:00,2.00039,0.7191,0.00328,0.10176,1.17625,0.00555,0.0,0.0,0.00555
2018-10-15 20:00:00,2018-10-15 21:00,2.23313,0.80917,0.00329,0.08913,1.33153,0.00461,0.0,0.0,0.00461
2018-10-15 21:00:00,2018-10-15 22:00,1.96904,0.80262,0.00108,0.07175,1.09359,0.00185,0.0,0.0,0.00185
2018-10-15 22:00:00,2018-10-15 23:00,1.72562,0.84856,0.0007,0.05148,0.82488,0.00074,0.0,0.0,0.00074
2018-10-15 23:00:00,2018-10-16 00:00,1.49307,0.84726,0.0,0.05376,0.59206,0.00137,0.0,0.0,0.00137
2018-10-16 00:00:00,2018-10-16 01:00,1.36222,0.82641,0.00664,0.04041,0.48876,0.00099,0.0,0.0,0.00099
2018-10-16 01:00:00,2018-10-16 02:00,1.31541,0.82141,0.00325,0.02579,0.46496,0.00018,0.0,0.0,0.00018
2018-10-16 02:00:00,2018-10-16 03:00,1.36993,0.88064,0.0,0.03199,0.4573,0.00015,0.0,0.0,0.00015
2018-10-16 03:00:00,2018-10-16 04:00,1.38049,0.89165,0.00172,0.03038,0.45674,0.00081,0.0,0.0,0.00081
2018-10-16 04:00:00,2018-10-16 05:00,1.44201,0.93356,0.0,0.04875,0.4597,0.00023,0.0,0.0,0.00023
2018-10-16 05:00:00,2018-10-16 06:00,1.60268,0.99091,0.0,0.09382,0.51795,0.00192,0.0,0.0,0.00192
2018-10-16 06:00:00,2018-10-16 07:00,1.78226,1.06171,0.0004,0.13666,0.58349,0.00333,0.0,0.0,0.00333
2018-10-16 07:00:00,2018-10-16 08:00,1.9184,1.05854,0.0,0.14903,0.71084,0.00582,0.0,0.0,0.00582
2018-10-16 08:00:00,2018-10-16 09:00,1.80099,0.99729,0.00023,0.14542,0.65805,0.00483,0.0,0.0,0.00483
2018-10-16 09:00:00,2018-10-16 10:00,1.69193,0.87552,0.00029,0.11749,0.69864,0.00466,0.0,0.0,0.00466
2018-10-16 10:00:00,2018-10-16 11:00,1.44051,0.67337,0.00143,0.08736,0.67834,0.00453,0.0,0.0,0.00453
2018-10-16 11:00:00,2018-10-16 12:00,1.21874,0.43929,0.00244,0.1107,0.6663,0.00569,0.0,0.0,0.00569
2018-10-16 12:00:00,2018-10-16 13:00,1.11314,0.35705,0.00559,0.10336,0.64715,0.00416,0.0,0.0,0.00416
2018-10-16 13:00:00,2018-10-16 14:00,1.05096,0.24138,0.00416,0.11327,0.69215,0.00298,0.0,0.0,0.00298
2018-10-16 14:00:00,2018-10-16 15:00,0.99282,0.18072,0.00865,0.10399,0.69946,0.00335,0.0,0.0,0.00335
2018-10-16 15:00:00,2018-10-16 16:00,1.01896,0.14554,0.0181,0.11162,0.7437,0.00727,0.0,0.0,0.00727
2018-10-16 16:00:00,2018-10-16 17:00,1.11174,0.14577,0.02292,0.10856,0.8345,0.00556,0.0,0.0,0.00556
2018-10-16 17:00:00,2018-10-16 18:00,1.19298,0.14794,0.02808,0.09391,0.92305,0.00705,0.0,0.0,0.00705
2018-10-16 18:00:00,2018-10-16 19:00,1.41616,0.20662,0.0085,0.10918,1.09185,0.00516,0.0,0.0,0.00516
2018-10-16 19:00:00,2018-10-16 20:00,1.70795,0.3771,0.00723,0.09061,1.233,0.00382,0.0,0.0,0.00382
2018-10-16 20:00:00,2018-10-16 21:00,1.82106,0.44797,0.00757,0.08553,1.27999,0.0034,0.0,0.0,0.0034
2018-10-16 21:00:00,2018-10-16 22:00,1.77604,0.56225,0.00325,0.08023,1.13031,0.00423,0.0,0.0,0.00423
2018-10-16 22:00:00,2018-10-16 23:00,1.59701,0.76722,0.00085,0.05407,0.77487,0.00129,0.0,0.0,0.00129
2018-10-16 23:00:00,2018-10-17 00:00,1.46695,0.84197,0.0,0.03729,0.58769,0.00112,0.0,0.0,0.00112
2018-10-17 00:00:00,2018-10-17 01:00,1.44684,0.88831,0.00704,0.03638,0.51511,0.00032,0.0,0.0,0.00032
2018-10-17 01:00:00,2018-10-17 02:00,1.44678,0.93124,0.00356,0.04383,0.46815,0.00018,0.0,0.0,0.00018
2018-10-17 02:00:00,2018-10-17 03:00,1.51317,1.01459,0.0,0.043,0.45558,0.00015,0.0,0.0,0.00015
2018-10-17 03:00:00,2018-10-17 04:00,1.57122,1.06465,0.00177,0.03389,0.47092,0.0003,0.0,0.0,0.0003
2018-10-17 04:00:00,2018-10-17 05:00,1.71651,1.19394,0.0,0.03918,0.48339,0.00093,0.0,0.0,0.00093
2018-10-17 05:00:00,2018-10-17 06:00,1.95203,1.36004,0.0,0.07065,0.52134,0.00144,0.0,0.0,0.00144
2018-10-17 06:00:00,2018-10-17 07:00,1.70608,0.97082,0.00082,0.12292,0.61153,0.07909,0.0727,0.0,0.00639
2018-10-17 07:00:00,2018-10-17 08:00,1.4834,0.65039,0.0,0.1605,0.67252,0.11924,0.11237,0.0,0.00687
2018-10-17 08:00:00,2018-10-17 09:00,2.08607,1.23156,0.0,0.14482,0.70969,0.03927,0.03496,0.0,0.00431
2018-10-17 09:00:00,2018-10-17 10:00,1.98697,1.20662,0.0,0.11179,0.66857,0.00266,0.0,0.0,0.00266
2018-10-17 10:00:00,2018-10-17 11:00,1.73436,0.9607,4e-05,0.10721,0.66641,0.0061,0.0,0.0,0.0061
2018-10-17 11:00:00,2018-10-17 12:00,1.54183,0.78851,0.00021,0.0956,0.65751,0.00325,0.0,0.0,0.00325
2018-10-17 12:00:00,2018-10-17 13:00,1.46337,0.68321,0.00224,0.10014,0.67777,0.00635,0.0,0.0,0.00635
2018-10-17 13:00:00,2018-10-17 14:00,1.24952,0.50887,0.00111,0.09564,0.64391,0.0039,0.0,0.0,0.0039
2018-10-17 14:00:00,2018-10-17 15:00,1.18022,0.39999,0.00279,0.09935,0.67809,0.00277,0.0,0.0,0.00277
2018-10-17 15:00:00,2018-10-17 16:00,1.16204,0.31533,0.00633,0.11371,0.72668,0.00288,0.0,0.0,0.00288
2018-10-17 16:00:00,2018-10-17 17:00,1.24724,0.2773,0.0132,0.11463,0.8421,0.00605,0.0,0.0,0.00605
2018-10-17 17:00:00,2018-10-17 18:00,1.33586,0.2648,0.01876,0.09734,0.95495,0.00736,0.0,0.0,0.00736
2018-10-17 18:00:00,2018-10-17 19:00,1.52978,0.33666,0.00528,0.11554,1.07229,0.00772,0.0,0.0,0.00772
2018-10-17 19:00:00,2018-10-17 20:00,1.86627,0.49686,0.00578,0.09538,1.26825,0.00582,0.0,0.0,0.00582
2018-10-17 20:00:00,2018-10-17 21:00,2.11281,0.69241,0.005,0.09902,1.31638,0.00422,0.0,0.0,0.00422
2018-10-17 21:00:00,2018-10-17 22:00,1.74256,0.51398,0.00164,0.08475,1.14219,0.05099,0.04716,0.0,0.00383
2018-10-17 22:00:00,2018-10-17 23:00,1.33048,0.43692,0.00054,0.07083,0.82219,0.08129,0.07843,0.0,0.00286
2018-10-17 23:00:00,2018-10-18 00:00,0.9226,0.28023,0.0,0.04272,0.59965,0.11005,0.10926,0.0,0.00079
2018-10-18 00:00:00,2018-10-18 01:00,0.83995,0.28529,0.00661,0.04704,0.50101,0.11414,0.11382,0.0,0.00032
2018-10-18 01:00:00,2018-10-18 02:00,0.72056,0.22228,0.00279,0.03124,0.46426,0.13045,0.12954,0.0,0.0009
2018-10-18 02:00:00,2018-10-18 03:00,0.70614,0.22905,0.00032,0.02153,0.45523,0.14947,0.14816,0.0,0.00131
2018-10-18 03:00:00,2018-10-18 04:00,0.72198,0.23113,0.00139,0.02605,0.46342,0.15829,0.1581,0.0,0.00018
2018-10-18 04:00:00,2018-10-18 05:00,0.73059,0.2359,0.0,0.03443,0.46025,0.16838,0.16726,0.0,0.00111
2018-10-18 05:00:00,2018-10-18 06:00,0.83756,0.26614,0.00073,0.07558,0.49511,0.17942,0.17699,0.0,0.00243
2018-10-18 06:00:00,2018-10-18 07:00,1.12705,0.39582,0.00079,0.15251,0.57793,0.17484,0.17014,0.0,0.00469
2018-10-18 07:00:00,2018-10-18 08:00,1.35763,0.53857,0.0,0.17216,0.64691,0.15047,0.14501,0.0,0.00547
2018-10-18 08:00:00,2018-10-18 09:00,1.95816,1.03003,0.0,0.13814,0.78999,0.07827,0.07575,0.0,0.00252
2018-10-18 09:00:00,2018-10-18 10:00,2.05119,1.17049,0.0,0.13106,0.74964,0.0048,0.0,0.0,0.0048
2018-10-18 10:00:00,2018-10-18 11:00,1.56604,0.77566,0.00012,0.10137,0.68889,0.00515,0.0,0.0,0.00515
2018-10-18 11:00:00,2018-10-18 12:00,1.28284,0.43911,0.00253,0.10077,0.74043,0.00579,0.0,0.0,0.00579
2018-10-18 12:00:00,2018-10-18 13:00,1.09867,0.27973,0.00735,0.10466,0.70694,0.00355,0.0,0.0,0.00355
2018-10-18 13:00:00,2018-10-18 14:00,0.98702,0.1183,0.0096,0.10181,0.75731,0.00441,0.0,0.0,0.00441
2018-10-18 14:00:00,2018-10-18 15:00,0.84695,0.04394,0.03032,0.09194,0.68076,0.00287,0.0,0.0,0.00287
2018-10-18 15:00:00,2018-10-18 16:00,0.96091,0.02129,0.06697,0.11072,0.76193,0.00441,0.0,0.0,0.00441
2018-10-18 16:00:00,2018-10-18 17:00,1.09901,0.01047,0.10071,0.11709,0.87074,0.0051,0.0,0.0,0.0051
2018-10-18 17:00:00,2018-10-18 18:00,1.24002,0.00843,0.12512,0.10703,0.99946,0.00853,0.0,0.0,0.00853
2018-10-18 18:00:00,2018-10-18 19:00,1.24629,0.00488,0.08466,0.10264,1.05411,0.00714,0.0,0.0,0.00714
2018-10-18 19:00:00,2018-10-18 20:00,1.42859,0.00522,0.0616,0.08335,1.27842,0.00415,0.0,0.0,0.00415
2018-10-18 20:00:00,2018-10-18 21:00,1.43239,0.01338,0.05636,0.09072,1.27193,0.00318,0.0,0.0,0.00318
2018-10-18 21:00:00,2018-10-18 22:00,1.30747,0.01772,0.04153,0.08999,1.15822,0.00165,0.0,0.0,0.00165
2018-10-18 22:00:00,2018-10-18 23:00,0.89119,0.01979,0.02709,0.04648,0.79782,0.00122,0.0,0.0,0.00122
2018-10-18 23:00:00,2018-10-19 00:00,0.63103,0.02662,0.01948,0.03592,0.54901,0.00046,0.0,0.0,0.00046
2018-10-19 00:00:00,2018-10-19 01:00,0.59155,0.03456,0.02477,0.03772,0.4945,0.00032,0.0,0.0,0.00032
2018-10-19 01:00:00,2018-10-19 02:00,0.56417,0.03883,0.02332,0.03033,0.47168,0.00018,0.0,0.0,0.00018
2018-10-19 02:00:00,2018-10-19 03:00,0.57768,0.06546,0.00934,0.04209,0.46079,0.00026,0.0,0.0,0.00026
2018-10-19 03:00:00,2018-10-19 04:00,0.57339,0.06951,0.0082,0.03345,0.46223,0.00022,0.0,0.0,0.00022
2018-10-19 04:00:00,2018-10-19 05:00,0.62231,0.10828,0.00382,0.03816,0.47206,0.0009,0.0,0.0,0.0009
2018-10-19 05:00:00,2018-10-19 06:00,0.75142,0.17432,0.00151,0.06563,0.50996,0.00161,0.0,0.0,0.00161
2018-10-19 06:00:00,2018-10-19 07:00,0.99984,0.23785,0.00419,0.12392,0.63388,0.00436,0.0,0.0,0.00436
2018-10-19 07:00:00,2018-10-19 08:00,1.05821,0.24305,0.00048,0.13632,0.67836,0.00486,0.0,0.0,0.00486
2018-10-19 08:00:00,2018-10-19 09:00,1.11985,0.25995,0.0012,0.13268,0.72602,0.00508,0.0,0.0,0.00508
2018-10-19 09:00:00,2018-10-19 10:00,1.0488,0.23492,0.00287,0.0997,0.71131,0.00324,0.0,0.0,0.00324
2018-10-19 10:00:00,2018-10-19 11:00,0.96683,0.18474,0.01029,0.09525,0.67654,0.00625,0.0,0.0,0.00625
2018-10-19 11:00:00,2018-10-19 12:00,0.93029,0.09657,0.01591,0.1048,0.713,0.00389,0.0,0.0,0.00389
2018-10-19 12:00:00,2018-10-19 13:00,0.88546,0.0622,0.02747,0.08285,0.71295,0.00325,0.0,0.0,0.00325
2018-10-19 13:00:00,2018-10-19 14:00,0.87514,0.03047,0.02683,0.09503,0.72281,0.00199,0.0,0.0,0.00199
2018-10-19 14:00:00,2018-10-19 15:00,0.89391,0.01392,0.05187,0.11371,0.71441,0.00251,0.0,0.0,0.00251
2018-10-19 15:00:00,2018-10-19 16:00,0.92884,0.01086,0.08178,0.10621,0.72998,0.00314,0.0,0.0,0.00314
2018-10-19 16:00:00,2018-10-19 17:00,1.08678,0.01463,0.09642,0.11567,0.86006,0.00398,0.0,0.0,0.00398
2018-10-19 17:00:00,2018-10-19 18:00,1.20475,0.0193,0.09837,0.11962,0.96746,0.00678,0.0,0.0,0.00678
2018-10-19 18:00:00,2018-10-19 19:00,1.3236,0.02463,0.05005,0.11676,1.13216,0.0042,0.0,0.0,0.0042
2018-10-19 19:00:00,2018-10-19 20:00,1.52832,0.03209,0.0358,0.11115,1.34929,0.00289,0.0,0.0,0.00289
2018-10-19 20:00:00,2018-10-19 21:00,1.52339,0.04823,0.03183,0.08937,1.35396,0.0024,0.0,0.0,0.0024
2018-10-19 21:00:00,2018-10-19 22:00,1.32499,0.07924,0.02205,0.07112,1.15258,0.00272,0.0,0.0,0.00272
2018-10-19 22:00:00,2018-10-19 23:00,1.01266,0.13247,0.0119,0.06499,0.80329,0.00198,0.0,0.0,0.00198
2018-10-19 23:00:00,2018-10-20 00:00,0.83706,0.20484,0.00761,0.0561,0.5685,0.00147,0.0,0.0,0.00147
2018-10-20 00:00:00,2018-10-20 01:00,0.83531,0.25872,0.01516,0.04083,0.52059,0.00112,0.0,0.0,0.00112
2018-10-20 01:00:00,2018-10-20 02:00,0.82046,0.29426,0.01187,0.02654,0.48779,0.0003,0.0,0.0,0.0003
2018-10-20 02:00:00,2018-10-20 03:00,0.90282,0.39731,0.002,0.0348,0.46871,0.00041,0.0,0.0,0.00041
2018-10-20 03:00:00,2018-10-20 04:00,0.97614,0.47893,0.00294,0.02651,0.46777,0.0004,0.0,0.0,0.0004
2018-10-20 04:00:00,2018-10-20 05:00,1.1344,0.64178,0.0,0.03469,0.45794,0.00094,0.0,0.0,0.00094
2018-10-20 05:00:00,2018-10-20 06:00,1.4219,0.90482,0.0,0.0419,0.47519,0.00143,0.0,0.0,0.00143
2018-10-20 06:00:00,2018-10-20 07:00,1.84193,1.2424,0.00106,0.06482,0.53366,0.00332,0.0,0.0,0.00332
2018-10-20 07:00:00,2018-10-20 08:00,1.86025,1.10848,0.0,0.11511,0.63665,0.04081,0.03512,0.0,0.00569
2018-10-20 08:00:00,2018-10-20 09:00,1.71036,0.80578,0.00023,0.13988,0.76447,0.09306,0.08725,0.0,0.0058
2018-10-20 09:00:00,2018-10-20 10:00,1.32847,0.42042,0.00045,0.13486,0.77274,0.15458,0.14986,0.0,0.00473
2018-10-20 10:00:00,2018-10-20 11:00,2.09475,1.15134,0.00017,0.13378,0.80946,0.04768,0.04362,0.0,0.00406
2018-10-20 11:00:00,2018-10-20 12:00,2.3031,1.3794,6e-05,0.10969,0.81395,0.0052,0.0,0.0,0.0052
2018-10-20 12:00:00,2018-10-20 13:00,2.10883,1.20273,3e-05,0.09258,0.81349,0.00677,0.0,0.0,0.00677
2018-10-20 13:00:00,2018-10-20 14:00,1.90837,0.94835,0.00066,0.12933,0.83002,0.00552,0.0,0.0,0.00552
2018-10-20 14:00:00,2018-10-20 15:00,1.68564,0.72894,0.00167,0.13086,0.82417,0.00461,0.0,0.0,0.00461
2018-10-20 15:00:00,2018-10-20 16:00,1.57244,0.57817,0.00335,0.13029,0.86063,0.00327,0.0,0.0,0.00327
2018-10-20 16:00:00,2018-10-20 17:00,1.61598,0.52321,0.00392,0.12901,0.95985,0.00486,0.0,0.0,0.00486
2018-10-20 17:00:00,2018-10-20 18:00,1.61531,0.50809,0.01058,0.09324,1.00341,0.00879,0.0,0.0,0.00879
2018-10-20 18:00:00,2018-10-20 19:00,1.94481,0.6368,0.00326,0.12254,1.18221,0.00908,0.0,0.0,0.00908
2018-10-20 19:00:00,2018-10-20 20:00,2.14059,0.7006,0.00484,0.12468,1.31047,0.01346,0.00886,0.0,0.0046
2018-10-20 20:00:00,2018-10-20 21:00,1.92121,0.48283,0.00315,0.08359,1.35163,0.05525,0.05146,0.0,0.00379
2018-10-20 21:00:00,2018-10-20 22:00,1.50467,0.26406,0.0007,0.07022,1.16968,0.10032,0.09873,0.0,0.00159
2018-10-20 22:00:00,2018-10-20 23:00,1.14005,0.22178,0.00035,0.07817,0.83975,0.13336,0.1306,0.0,0.00276
2018-10-20 23:00:00,2018-10-21 00:00,0.9087,0.2214,0.0,0.0508,0.63649,0.14213,0.14121,0.0,0.00092
2018-10-21 00:00:00,2018-10-21 01:00,0.75035,0.22037,0.00611,0.02258,0.5013,0.14732,0.14644,0.0,0.00088
2018-10-21 01:00:00,2018-10-21 02:00,0.7441,0.22636,0.00258,0.03858,0.47658,0.15528,0.15432,0.0,0.00097
2018-10-21 02:00:00,2018-10-21 03:00,0.72746,0.23349,0.0,0.03334,0.46064,0.17414,0.17399,0.0,0.00015
2018-10-21 03:00:00,2018-10-21 04:00,0.75551,0.23257,0.0013,0.03881,0.48283,0.18719,0.18706,0.0,0.00013
2018-10-21 04:00:00,2018-10-21 05:00,0.74641,0.23931,0.0,0.04347,0.46363,0.20019,0.20002,0.0,0.00016
2018-10-21 05:00:00,2018-10-21 06:00,0.76113,0.24149,0.00053,0.05478,0.46433,0.21591,0.21508,0.0,0.00082
2018-10-21 06:00:00,2018-10-21 07:00,0.81815,0.24591,0.00062,0.05833,0.51328,0.23267,0.23058,0.0,0.00209
2018-10-21 07:00:00,2018-10-21 08:00,0.9626,0.24794,0.0,0.11064,0.60403,0.22799,0.22558,0.0,0.0024
2018-10-21 08:00:00,2018-10-21 09:00,1.13236,0.24714,0.0,0.14231,0.74292,0.21722,0.21192,0.0,0.0053
2018-10-21 09:00:00,2018-10-21 10:00,1.59454,0.61997,0.0005,0.1452,0.82887,0.14949,0.14169,0.0,0.00779
2018-10-21 10:00:00,2018-10-21 11:00,2.2587,1.31413,0.00085,0.12459,0.81913,0.00442,0.0,0.0,0.00442
2018-10-21 11:00:00,2018-10-21 12:00,1.79619,0.92365,1e-05,0.11349,0.75904,0.00219,0.0,0.0,0.00219
2018-10-21 12:00:00,2018-10-21 13:00,1.58245,0.70251,0.0002,0.10553,0.77421,0.00497,0.0,0.0,0.00497
2018-10-21 13:00:00,2018-10-21 14:00,1.37072,0.44554,0.00181,0.11842,0.80494,0.00522,0.0,0.0,0.00522
2018-10-21 14:00:00,2018-10-21 15:00,1.21665,0.27248,0.00438,0.12232,0.81746,0.00447,0.0,0.0,0.00447
2018-10-21 15:00:00,2018-10-21 16:00,1.22261,0.1561,0.01486,0.15557,0.89608,0.00372,0.0,0.0,0.00372
2018-10-21 16:00:00,2018-10-21 17:00,1.13972,0.08417,0.02385,0.14028,0.89142,0.00497,0.0,0.0,0.00497
2018-10-21 17:00:00,2018-10-21 18:00,1.22747,0.06335,0.03749,0.11898,1.00764,0.00494,0.0,0.0,0.00494
2018-10-21 18:00:00,2018-10-21 19:00,1.34402,0.11072,0.01368,0.09867,1.12094,0.00572,0.0,0.0,0.00572
2018-10-21 19:00:00,2018-10-21 20:00,1.62058,0.23842,0.00967,0.1049,1.26758,0.00417,0.0,0.0,0.00417
2018-10-21 20:00:00,2018-10-21 21:00,1.87217,0.35041,0.00869,0.10245,1.41063,0.00325,0.0,0.0,0.00325
2018-10-21 21:00:00,2018-10-21 22:00,1.85979,0.53077,0.0041,0.08635,1.23857,0.00261,0.0,0.0,0.00261
2018-10-21 22:00:00,2018-10-21 23:00,1.70322,0.76907,0.00201,0.05878,0.87336,0.00218,0.0,0.0,0.00218
2018-10-21 23:00:00,2018-10-22 00:00,1.20185,0.58043,0.0,0.03729,0.58414,0.03976,0.03802,0.0,0.00174
2018-10-22 00:00:00,2018-10-22 01:00,1.02704,0.49076,0.00762,0.02895,0.4997,0.06151,0.06113,0.0,0.00038
2018-10-22 01:00:00,2018-10-22 02:00,0.96652,0.44514,0.00322,0.03075,0.4874,0.078,0.0775,0.0,0.00049
2018-10-22 02:00:00,2018-10-22 03:00,0.84591,0.33647,0.0,0.03539,0.47405,0.11161,0.11126,0.0,0.00035
2018-10-22 03:00:00,2018-10-22 04:00,0.81258,0.30863,0.00246,0.03749,0.46399,0.13014,0.12984,0.0,0.0003
2018-10-22 04:00:00,2018-10-22 05:00,0.75169,0.2334,0.0,0.03876,0.47953,0.15628,0.15457,0.0,0.00172
2018-10-22 05:00:00,2018-10-22 06:00,0.84348,0.23611,0.00086,0.08661,0.5199,0.16994,0.16727,0.0,0.00267
2018-10-22 06:00:00,2018-10-22 07:00,1.01546,0.23933,0.00071,0.16123,0.6142,0.18439,0.18078,0.0,0.0036
2018-10-22 07:00:00,2018-10-22 08:00,1.275,0.43898,0.0,0.16436,0.67167,0.15428,0.15033,0.0,0.00395
2018-10-22 08:00:00,2018-10-22 09:00,1.7019,0.86567,0.0,0.12983,0.7064,0.08459,0.08159,0.0,0.00299
2018-10-22 09:00:00,2018-10-22 10:00,1.96062,1.12328,0.0,0.12705,0.71029,0.00147,0.0,0.0,0.00147
2018-10-22 10:00:00,2018-10-22 11:00,1.60614,0.77316,0.00018,0.11603,0.71676,0.00276,0.0,0.0,0.00276
2018-10-22 11:00:00,2018-10-22 12:00,1.17305,0.43267,0.00107,0.10036,0.63896,0.00239,0.0,0.0,0.00239
2018-10-22 12:00:00,2018-10-22 13:00,1.0523,0.30382,0.00686,0.08002,0.6616,0.00241,0.0,0.0,0.00241
2018-10-22 13:00:00,2018-10-22 14:00,0.9621,0.17103,0.00926,0.10649,0.67532,0.00399,0.0,0.0,0.00399
2018-10-22 14:00:00,2018-10-22 15:00,0.95435,0.10629,0.01873,0.12508,0.70426,0.0047,0.0,0.0,0.0047
2018-10-22 15:00:00,2018-10-22 16:00,0.94852,0.07058,0.03182,0.11588,0.73025,0.00597,0.0,0.0,0.00597
2018-10-22 16:00:00,2018-10-22 17:00,1.0266,0.0637,0.04246,0.11405,0.80638,0.00795,0.0,0.0,0.00795
2018-10-22 17:00:00,2018-10-22 18:00,1.24147,0.07117,0.047,0.11768,1.00562,0.00844,0.0,0.0,0.00844
2018-10-22 18:00:00,2018-10-22 19:00,1.35591,0.0944,0.01801,0.12032,1.12319,0.00442,0.0,0.0,0.00442
2018-10-22 19:00:00,2018-10-22 20:00,1.538,0.14893,0.01475,0.11124,1.26308,0.00366,0.0,0.0,0.00366
2018-10-22 20:00:00,2018-10-22 21:00,1.70153,0.2384,0.01102,0.09339,1.35872,0.00192,0.0,0.0,0.00192
2018-10-22 21:00:00,2018-10-22 22:00,1.52824,0.3178,0.00641,0.07146,1.13256,0.00228,0.0,0.0,0.00228
2018-10-22 22:00:00,2018-10-22 23:00,1.30778,0.45709,0.00302,0.05437,0.79331,0.00282,0.0,0.0,0.00282
2018-10-22 23:00:00,2018-10-23 00:00,1.2792,0.61291,0.00021,0.05388,0.61219,0.00115,0.0,0.0,0.00115
2018-10-23 00:00:00,2018-10-23 01:00,1.32899,0.72226,0.00874,0.04921,0.54878,0.00085,0.0,0.0,0.00085
2018-10-23 01:00:00,2018-10-23 02:00,1.39741,0.83239,0.00424,0.04098,0.51981,0.00123,0.0,0.0,0.00123
2018-10-23 02:00:00,2018-10-23 03:00,1.38364,0.88439,0.0,0.03594,0.46331,0.01556,0.01541,0.0,0.00015
2018-10-23 03:00:00,2018-10-23 04:00,1.00405,0.49618,0.00281,0.04118,0.46388,0.07849,0.07805,0.0,0.00043
2018-10-23 04:00:00,2018-10-23 05:00,0.9431,0.43223,0.0,0.05025,0.46063,0.10596,0.1046,0.0,0.00136
2018-10-23 05:00:00,2018-10-23 06:00,0.9025,0.31131,0.00103,0.08019,0.50997,0.14016,0.13882,0.0,0.00134
2018-10-23 06:00:00,2018-10-23 07:00,1.0344,0.23742,0.00108,0.13598,0.65992,0.17177,0.16904,0.0,0.00273
2018-10-23 07:00:00,2018-10-23 08:00,1.12449,0.23861,0.0,0.17523,0.71065,0.17306,0.16995,0.0,0.00311
2018-10-23 08:00:00,2018-10-23 09:00,1.22261,0.35099,0.0,0.15494,0.71668,0.15633,0.15352,0.0,0.00281
2018-10-23 09:00:00,2018-10-23 10:00,1.95262,1.07848,0.00032,0.11725,0.75657,0.05114,0.04835,0.0,0.00279
2018-10-23 10:00:00,2018-10-23 11:00,1.92222,1.10558,0.0,0.10076,0.71588,0.00342,0.0,0.0,0.00342
2018-10-23 11:00:00,2018-10-23 12:00,1.55009,0.807,0.0,0.09814,0.64496,0.00532,0.0,0.0,0.00532
2018-10-23 12:00:00,2018-10-23 13:00,1.49166,0.70193,0.0025,0.10509,0.68213,0.00708,0.0,0.0,0.00708
2018-10-23 13:00:00,2018-10-23 14:00,1.30406,0.51871,0.00174,0.10256,0.68106,0.00348,0.0,0.0,0.00348
2018-10-23 14:00:00,2018-10-23 15:00,1.17853,0.37634,0.00198,0.1007,0.69951,0.00257,0.0,0.0,0.00257
2018-10-23 15:00:00,2018-10-23 16:00,1.19287,0.2904,0.00638,0.12659,0.7695,0.00368,0.0,0.0,0.00368
2018-10-23 16:00:00,2018-10-23 17:00,1.25329,0.24485,0.01303,0.11197,0.88344,0.00418,0.0,0.0,0.00418
2018-10-23 17:00:00,2018-10-23 18:00,1.33646,0.24234,0.02266,0.10451,0.96695,0.0082,0.0,0.0,0.0082
2018-10-23 18:00:00,2018-10-23 19:00,1.5616,0.32254,0.00665,0.13092,1.1015,0.00553,0.0,0.0,0.00553
2018-10-23 19:00:00,2018-10-23 20:00,1.8112,0.43855,0.00694,0.13505,1.23065,0.00317,0.0,0.0,0.00317
2018-10-23 20:00:00,2018-10-23 21:00,1.99663,0.60478,0.00544,0.09175,1.29467,0.00299,0.0,0.0,0.00299
2018-10-23 21:00:00,2018-10-23 22:00,1.8024,0.58896,0.00194,0.06539,1.14612,0.03049,0.02786,0.0,0.00263
2018-10-23 22:00:00,2018-10-23 23:00,1.22195,0.42817,0.00052,0.05395,0.7393,0.07566,0.07414,0.0,0.00152
2018-10-23 23:00:00,2018-10-24 00:00,0.79801,0.21422,0.0,0.0437,0.54009,0.1166,0.11491,0.0,0.00169
2018-10-24 00:00:00,2018-10-24 01:00,0.73712,0.21563,0.00658,0.03594,0.47897,0.12274,0.12229,0.0,0.00044
2018-10-24 01:00:00,2018-10-24 02:00,0.71504,0.22174,0.00281,0.02534,0.46515,0.13187,0.13145,0.0,0.00042
2018-10-24 02:00:00,2018-10-24 03:00,0.72615,0.22917,0.00011,0.03833,0.45854,0.15317,0.15286,0.0,0.00031
2018-10-24 03:00:00,2018-10-24 04:00,0.72381,0.23068,0.00225,0.03436,0.45652,0.16788,0.16763,0.0,0.00025
2018-10-24 04:00:00,2018-10-24 05:00,0.7457,0.23647,0.0,0.04499,0.46424,0.1817,0.18122,0.0,0.00048
2018-10-24 05:00:00,2018-10-24 06:00,0.81257,0.23949,0.00067,0.0904,0.48201,0.19719,0.19534,0.0,0.00184
2018-10-24 06:00:00,2018-10-24 07:00,1.00714,0.2433,0.00071,0.1544,0.60873,0.21292,0.20979,0.0,0.00313
2018-10-24 07:00:00,2018-10-24 08:00,1.12834,0.24585,0.0,0.16858,0.71392,0.21221,0.20858,0.0,0.00363
2018-10-24 08:00:00,2018-10-24 09:00,1.25794,0.34211,0.0,0.14764,0.76819,0.19805,0.19486,0.0,0.00319
2018-10-24 09:00:00,2018-10-24 10:00,1.67241,0.7725,0.0,0.13746,0.76245,0.12706,0.12259,0.0,0.00447
2018-10-24 10:00:00,2018-10-24 11:00,2.11307,1.29086,0.0,0.11769,0.70452,0.00324,0.0,0.0,0.00324
2018-10-24 11:00:00,2018-10-24 12:00,1.65958,0.82872,0.00043,0.10327,0.72715,0.00247,0.0,0.0,0.00247
2018-10-24 12:00:00,2018-10-24 13:00,1.50027,0.67735,0.00237,0.11495,0.7056,0.00218,0.0,0.0,0.00218
2018-10-24 13:00:00,2018-10-24 14:00,1.32065,0.48324,0.00123,0.08762,0.74856,0.00316,0.0,0.0,0.00316
2018-10-24 14:00:00,2018-10-24 15:00,1.15386,0.31517,0.0018,0.1087,0.72819,0.00163,0.0,0.0,0.00163
2018-10-24 15:00:00,2018-10-24 16:00,1.13531,0.23661,0.00349,0.11059,0.78463,0.00439,0.0,0.0,0.00439
2018-10-24 16:00:00,2018-10-24 17:00,1.15271,0.19389,0.0072,0.10679,0.84482,0.00506,0.0,0.0,0.00506
2018-10-24 17:00:00,2018-10-24 18:00,1.32501,0.17869,0.01665,0.12266,1.00701,0.00897,0.0,0.0,0.00897
2018-10-24 18:00:00,2018-10-24 19:00,1.53576,0.27474,0.00411,0.1124,1.14451,0.00611,0.0,0.0,0.00611
2018-10-24 19:00:00,2018-10-24 20:00,1.7408,0.3831,0.00665,0.10543,1.24562,0.00265,0.0,0.0,0.00265
2018-10-24 20:00:00,2018-10-24 21:00,1.80141,0.40882,0.00628,0.08978,1.29654,0.00243,0.0,0.0,0.00243
2018-10-24 21:00:00,2018-10-24 22:00,1.62003,0.43551,0.00227,0.06446,1.11779,0.00176,0.0,0.0,0.00176
2018-10-24 22:00:00,2018-10-24 23:00,1.36825,0.494,0.00166,0.0753,0.79729,0.00097,0.0,0.0,0.00097
2018-10-24 23:00:00,2018-10-25 00:00,1.13933,0.5276,1e-05,0.04974,0.56197,0.00153,0.0,0.0,0.00153
2018-10-25 00:00:00,2018-10-25 01:00,1.09442,0.53795,0.00776,0.03887,0.50984,0.00084,0.0,0.0,0.00084
2018-10-25 01:00:00,2018-10-25 02:00,1.07305,0.54975,0.00543,0.02288,0.49499,0.00018,0.0,0.0,0.00018
2018-10-25 02:00:00,2018-10-25 03:00,1.11714,0.61402,0.00017,0.04107,0.46188,0.00015,0.0,0.0,0.00015
2018-10-25 03:00:00,2018-10-25 04:00,1.14392,0.64679,0.00256,0.03458,0.46,0.00018,0.0,0.0,0.00018
2018-10-25 04:00:00,2018-10-25 05:00,1.26743,0.70486,0.0,0.05745,0.50512,0.00121,0.0,0.0,0.00121
2018-10-25 05:00:00,2018-10-25 06:00,1.40157,0.78554,0.0,0.07294,0.5431,0.00164,0.0,0.0,0.00164
2018-10-25 06:00:00,2018-10-25 07:00,1.55822,0.85152,0.00072,0.13876,0.56723,0.00366,0.0,0.0,0.00366
2018-10-25 07:00:00,2018-10-25 08:00,1.65336,0.84051,0.0,0.16864,0.64421,0.00514,0.0,0.0,0.00514
2018-10-25 08:00:00,2018-10-25 09:00,1.75263,0.88026,0.00047,0.12949,0.74241,0.00348,0.0,0.0,0.00348
2018-10-25 09:00:00,2018-10-25 10:00,1.7932,0.91554,0.0,0.10838,0.76928,0.0059,0.0,0.0,0.0059
2018-10-25 10:00:00,2018-10-25 11:00,1.79402,0.87511,8e-05,0.11613,0.8027,0.00417,0.0,0.0,0.00417
2018-10-25 11:00:00,2018-10-25 12:00,1.56988,0.75618,0.0,0.09363,0.72006,0.00283,0.0,0.0,0.00283
2018-10-25 12:00:00,2018-10-25 13:00,1.45966,0.66806,0.00222,0.09206,0.69732,0.0057,0.0,0.0,0.0057
2018-10-25 13:00:00,2018-10-25 14:00,1.30313,0.5075,0.0,0.11301,0.68262,0.00594,0.0,0.0,0.00594
2018-10-25 14:00:00,2018-10-25 15:00,1.19405,0.43647,0.0,0.1016,0.65598,0.00379,0.0,0.0,0.00379
2018-10-25 15:00:00,2018-10-25 16:00,1.19265,0.38235,0.0,0.10833,0.70197,0.00231,0.0,0.0,0.00231
2018-10-25 16:00:00,2018-10-25 17:00,1.36013,0.35871,0.00117,0.12046,0.87979,0.00301,0.0,0.0,0.00301
2018-10-25 17:00:00,2018-10-25 18:00,1.49129,0.34549,0.00752,0.12702,1.01127,0.00562,0.0,0.0,0.00562
2018-10-25 18:00:00,2018-10-25 19:00,1.67964,0.3497,0.00132,0.11397,1.21466,0.00583,0.0,0.0,0.00583
2018-10-25 19:00:00,2018-10-25 20:00,1.71757,0.37324,0.00549,0.11907,1.21977,0.00557,0.0,0.0,0.00557
2018-10-25 20:00:00,2018-10-25 21:00,1.71978,0.37557,0.00602,0.10271,1.23548,0.0025,0.0,0.0,0.0025
2018-10-25 21:00:00,2018-10-25 22:00,1.66003,0.43493,0.00286,0.0746,1.14764,0.00251,0.0,0.0,0.00251
2018-10-25 22:00:00,2018-10-25 23:00,1.39171,0.50098,0.0015,0.06925,0.81997,0.00196,0.0,0.0,0.00196
2018-10-25 23:00:00,2018-10-26 00:00,1.18309,0.52569,1e-05,0.05569,0.6017,0.00163,0.0,0.0,0.00163
2018-10-26 00:00:00,2018-10-26 01:00,1.06729,0.53112,0.00831,0.02718,0.50068,0.00102,0.0,0.0,0.00102
2018-10-26 01:00:00,2018-10-26 02:00,1.04671,0.54037,0.00561,0.02194,0.47879,0.00021,0.0,0.0,0.00021
2018-10-26 02:00:00,2018-10-26 03:00,1.09911,0.61099,0.0003,0.03041,0.45741,0.00093,0.0,0.0,0.00093
2018-10-26 03:00:00,2018-10-26 04:00,1.13757,0.65349,0.00275,0.01786,0.46347,0.00014,0.0,0.0,0.00014
2018-10-26 04:00:00,2018-10-26 05:00,1.2102,0.69505,0.0,0.04539,0.46976,0.00061,0.0,0.0,0.00061
2018-10-26 05:00:00,2018-10-26 06:00,1.36608,0.75444,6e-05,0.08401,0.52758,0.00265,0.0,0.0,0.00265
2018-10-26 06:00:00,2018-10-26 07:00,1.60476,0.82669,0.00051,0.14185,0.6357,0.00394,0.0,0.0,0.00394
2018-10-26 07:00:00,2018-10-26 08:00,1.69404,0.82184,0.0,0.15283,0.71936,0.00521,0.0,0.0,0.00521
2018-10-26 08:00:00,2018-10-26 09:00,1.74583,0.87786,0.00066,0.13132,0.73598,0.00571,0.0,0.0,0.00571
2018-10-26 09:00:00,2018-10-26 10:00,1.74201,0.92333,7e-05,0.1135,0.70511,0.00225,0.0,0.0,0.00225
2018-10-26 10:00:00,2018-10-26 11:00,1.69512,0.91126,0.0,0.11156,0.67229,0.00268,0.0,0.0,0.00268
2018-10-26 11:00:00,2018-10-26 12:00,1.66016,0.85887,0.0,0.0925,0.70879,0.00395,0.0,0.0,0.00395
2018-10-26 12:00:00,2018-10-26 13:00,1.69151,0.8629,0.00206,0.08244,0.74411,0.00379,0.0,0.0,0.00379
2018-10-26 13:00:00,2018-10-26 14:00,1.61532,0.7772,2e-05,0.10391,0.73419,0.00355,0.0,0.0,0.00355
2018-10-26 14:00:00,2018-10-26 15:00,1.60046,0.74561,0.0009,0.12496,0.72899,0.00534,0.0,0.0,0.00534
2018-10-26 15:00:00,2018-10-26 16:00,1.5956,0.7392,0.0,0.10606,0.75034,0.00421,0.0,0.0,0.00421
2018-10-26 16:00:00,2018-10-26 17:00,1.6557,0.73797,0.00097,0.09282,0.82394,0.00584,0.0,0.0,0.00584
2018-10-26 17:00:00,2018-10-26 18:00,1.74622,0.71107,0.00563,0.10353,0.92599,0.00378,0.0,0.0,0.00378
2018-10-26 18:00:00,2018-10-26 19:00,1.90755,0.69756,0.00025,0.12251,1.08723,0.00373,0.0,0.0,0.00373
2018-10-26 19:00:00,2018-10-26 20:00,2.07974,0.71781,0.00339,0.10559,1.25296,0.00483,0.0,0.0,0.00483
2018-10-26 20:00:00,2018-10-26 21:00,2.06505,0.70438,0.00362,0.08566,1.27138,0.00603,0.0,0.0,0.00603
2018-10-26 21:00:00,2018-10-26 22:00,1.91466,0.68601,0.00104,0.07159,1.15601,0.00352,0.0,0.0,0.00352
2018-10-26 22:00:00,2018-10-26 23:00,1.63607,0.7343,0.00086,0.06286,0.83806,0.00325,0.0,0.0,0.00325
2018-10-26 23:00:00,2018-10-27 00:00,1.3971,0.73294,0.0,0.05292,0.61124,0.00349,0.0,0.0,0.00349
2018-10-27 00:00:00,2018-10-27 01:00,1.25039,0.7084,0.00747,0.04155,0.49297,0.00224,0.0,0.0,0.00224
2018-10-27 01:00:00,2018-10-27 02:00,1.21294,0.69883,0.0047,0.03813,0.47128,0.00203,0.0,0.0,0.00203
2018-10-27 02:00:00,2018-10-27 03:00,1.24234,0.76009,0.0,0.02489,0.45735,0.00057,0.0,0.0,0.00057
2018-10-27 03:00:00,2018-10-27 04:00,1.27232,0.78121,0.00243,0.03136,0.45733,0.00032,0.0,0.0,0.00032
2018-10-27 04:00:00,2018-10-27 05:00,1.29742,0.81454,0.0,0.02378,0.4591,0.00051,0.0,0.0,0.00051
2018-10-27 05:00:00,2018-10-27 06:00,1.373,0.87308,0.0,0.03468,0.46525,0.00125,0.0,0.0,0.00125
2018-10-27 06:00:00,2018-10-27 07:00,1.52162,0.93868,0.00048,0.06619,0.51626,0.00249,0.0,0.0,0.00249
2018-10-27 07:00:00,2018-10-27 08:00,1.68289,0.9216,0.0,0.09499,0.6663,0.00406,0.0,0.0,0.00406
2018-10-27 08:00:00,2018-10-27 09:00,1.88565,0.91355,0.00032,0.14113,0.83065,0.00544,0.0,0.0,0.00544
2018-10-27 09:00:00,2018-10-27 10:00,2.03338,0.9434,0.00098,0.15883,0.93018,0.00712,0.0,0.0,0.00712
2018-10-27 10:00:00,2018-10-27 11:00,1.88367,0.91286,0.0,0.12343,0.84738,0.00661,0.0,0.0,0.00661
2018-10-27 11:00:00,2018-10-27 12:00,1.72895,0.7941,0.0,0.12069,0.81416,0.00746,0.0,0.0,0.00746
2018-10-27 12:00:00,2018-10-27 13:00,1.63556,0.68665,0.00052,0.1247,0.82369,0.0053,0.0,0.0,0.0053
2018-10-27 13:00:00,2018-10-27 14:00,1.45639,0.5288,0.00044,0.10462,0.82253,0.00355,0.0,0.0,0.00355
2018-10-27 14:00:00,2018-10-27 15:00,1.47306,0.46553,0.0013,0.12896,0.87727,0.00325,0.0,0.0,0.00325
2018-10-27 15:00:00,2018-10-27 16:00,1.37084,0.40662,0.00079,0.11419,0.84924,0.0048,0.0,0.0,0.0048
2018-10-27 16:00:00,2018-10-27 17:00,1.36711,0.35416,0.00114,0.12496,0.88685,0.00489,0.0,0.0,0.00489
2018-10-27 17:00:00,2018-10-27 18:00,1.43303,0.34208,0.00887,0.10553,0.97655,0.00925,0.0,0.0,0.00925
2018-10-27 18:00:00,2018-10-27 19:00,1.56,0.35584,0.0014,0.10184,1.10093,0.00558,0.0,0.0,0.00558
2018-10-27 19:00:00,2018-10-27 20:00,1.75406,0.38813,0.00536,0.10594,1.25462,0.00366,0.0,0.0,0.00366
2018-10-27 20:00:00,2018-10-27 21:00,1.80083,0.4167,0.00659,0.07548,1.30206,0.00255,0.0,0.0,0.00255
2018-10-27 21:00:00,2018-10-27 22:00,1.65463,0.44628,0.00316,0.06733,1.13786,0.00282,0.0,0.0,0.00282
2018-10-27 22:00:00,2018-10-27 23:00,1.40343,0.5269,0.00191,0.05147,0.82314,0.00201,0.0,0.0,0.00201
2018-10-27 23:00:00,2018-10-28 00:00,1.18636,0.56402,0.0,0.04753,0.57481,0.00178,0.0,0.0,0.00178
2018-10-28 00:00:00,2018-10-28 01:00,1.09841,0.54359,0.00873,0.03521,0.51088,0.00067,0.0,0.0,0.00067
2018-10-28 01:00:00,2018-10-28 02:00,1.05922,0.54578,0.00684,0.03034,0.47626,0.00022,0.0,0.0,0.00022
2018-10-28 02:00:00,2018-10-28 03:00,1.16799,0.66887,0.00015,0.03238,0.46659,0.00015,0.0,0.0,0.00015
2018-10-28 03:00:00,2018-10-28 04:00,1.2462,0.74961,0.00245,0.03157,0.46256,0.00013,0.0,0.0,0.00013
2018-10-28 04:00:00,2018-10-28 05:00,1.35502,0.85722,0.0,0.04265,0.45515,0.00018,0.0,0.0,0.00018
2018-10-28 05:00:00,2018-10-28 06:00,1.51667,0.9865,0.0,0.05411,0.47606,0.00155,0.0,0.0,0.00155
2018-10-28 06:00:00,2018-10-28 07:00,1.72509,1.07856,0.00047,0.0727,0.57336,0.00325,0.0,0.0,0.00325
2018-10-28 07:00:00,2018-10-28 08:00,1.86728,1.03009,0.00075,0.11057,0.72587,0.00629,0.0,0.0,0.00629
2018-10-28 08:00:00,2018-10-28 09:00,1.9212,0.99985,0.0,0.13554,0.78581,0.00553,0.0,0.0,0.00553
2018-10-28 09:00:00,2018-10-28 10:00,1.90803,0.97364,0.0,0.13319,0.8012,0.00855,0.0,0.0,0.00855
2018-10-28 10:00:00,2018-10-28 11:00,1.67559,0.80952,0.00035,0.13209,0.73363,0.0054,0.0,0.0,0.0054
2018-10-28 11:00:00,2018-10-28 12:00,1.42158,0.58268,0.00187,0.11968,0.71735,0.00416,0.0,0.0,0.00416
2018-10-28 12:00:00,2018-10-28 13:00,1.32983,0.43964,0.00312,0.11846,0.7686,0.00337,0.0,0.0,0.00337
2018-10-28 13:00:00,2018-10-28 14:00,1.20586,0.27847,0.00533,0.13779,0.78427,0.00459,0.0,0.0,0.00459
2018-10-28 14:00:00,2018-10-28 15:00,1.191,0.19443,0.00949,0.12647,0.86061,0.00273,0.0,0.0,0.00273
2018-10-28 15:00:00,2018-10-28 16:00,1.23368,0.15528,0.01421,0.13238,0.93181,0.00449,0.0,0.0,0.00449
2018-10-28 16:00:00,2018-10-28 17:00,1.29048,0.18704,0.00738,0.11791,0.97815,0.00609,0.0,0.0,0.00609
2018-10-28 17:00:00,2018-10-28 18:00,1.36901,0.21286,0.01389,0.10588,1.03638,0.00511,0.0,0.0,0.00511
2018-10-28 18:00:00,2018-10-28 19:00,1.59526,0.29439,0.00423,0.10112,1.19552,0.00609,0.0,0.0,0.00609
2018-10-28 19:00:00,2018-10-28 20:00,1.75136,0.3886,0.00856,0.09522,1.25898,0.00644,0.0,0.0,0.00644
2018-10-28 20:00:00,2018-10-28 21:00,1.86258,0.43456,0.00778,0.08405,1.33618,0.00619,0.0,0.0,0.00619
2018-10-28 21:00:00,2018-10-28 22:00,1.67336,0.45947,0.00394,0.07917,1.13077,0.00513,0.0,0.0,0.00513
2018-10-28 22:00:00,2018-10-28 23:00,1.39551,0.51218,0.00217,0.05497,0.82619,0.00101,0.0,0.0,0.00101
2018-10-28 23:00:00,2018-10-29 00:00,1.16924,0.5399,3e-05,0.04256,0.58676,0.0005,0.0,0.0,0.0005
2018-10-29 00:00:00,2018-10-29 01:00,1.10278,0.56348,0.00858,0.04193,0.48879,0.00059,0.0,0.0,0.00059
2018-10-29 01:00:00,2018-10-29 02:00,1.09503,0.58519,0.00587,0.03397,0.47,0.00024,0.0,0.0,0.00024
2018-10-29 02:00:00,2018-10-29 03:00,1.22731,0.72073,0.0,0.04668,0.45991,0.00015,0.0,0.0,0.00015
2018-10-29 03:00:00,2018-10-29 04:00,1.44056,0.93893,0.00251,0.0392,0.45992,0.00033,0.0,0.0,0.00033
2018-10-29 04:00:00,2018-10-29 05:00,1.63988,1.13477,0.0,0.04538,0.45972,0.00066,0.0,0.0,0.00066
2018-10-29 05:00:00,2018-10-29 06:00,1.88716,1.33739,0.0,0.06494,0.48483,0.00106,0.0,0.0,0.00106
2018-10-29 06:00:00,2018-10-29 07:00,2.21882,1.45786,0.00049,0.1462,0.61426,0.00269,0.0,0.0,0.00269
2018-10-29 07:00:00,2018-10-29 08:00,2.22339,1.38138,0.0,0.14988,0.69212,0.0035,0.0,0.0,0.0035
2018-10-29 08:00:00,2018-10-29 09:00,2.0372,1.2241,0.00017,0.12325,0.68968,0.00454,0.0,0.0,0.00454
2018-10-29 09:00:00,2018-10-29 10:00,1.95188,1.12186,0.0,0.11067,0.71934,0.00573,0.0,0.0,0.00573
2018-10-29 10:00:00,2018-10-29 11:00,1.82146,1.00567,0.0,0.10414,0.71164,0.00302,0.0,0.0,0.00302
2018-10-29 11:00:00,2018-10-29 12:00,1.65137,0.83487,0.00026,0.09198,0.72426,0.00363,0.0,0.0,0.00363
2018-10-29 12:00:00,2018-10-29 13:00,1.62231,0.82302,0.00244,0.09989,0.69696,0.00229,0.0,0.0,0.00229
2018-10-29 13:00:00,2018-10-29 14:00,1.54418,0.75148,0.0,0.10002,0.69269,0.00258,0.0,0.0,0.00258
2018-10-29 14:00:00,2018-10-29 15:00,1.48158,0.70101,0.0,0.09479,0.68578,0.0041,0.0,0.0,0.0041
2018-10-29 15:00:00,2018-10-29 16:00,1.43895,0.67285,0.0001,0.10626,0.65973,0.00391,0.0,0.0,0.00391
2018-10-29 16:00:00,2018-10-29 17:00,1.53831,0.66368,0.00117,0.10703,0.76642,0.00487,0.0,0.0,0.00487
2018-10-29 17:00:00,2018-10-29 18:00,1.7179,0.63638,0.0067,0.10543,0.96939,0.00528,0.0,0.0,0.00528
2018-10-29 18:00:00,2018-10-29 19:00,1.87684,0.65082,0.00063,0.10961,1.11577,0.0036,0.0,0.0,0.0036
2018-10-29 19:00:00,2018-10-29 20:00,2.11047,0.69492,0.00375,0.11648,1.29531,0.0021,0.0,0.0,0.0021
2018-10-29 20:00:00,2018-10-29 21:00,2.11234,0.68482,0.00428,0.09467,1.32856,0.00458,0.0,0.0,0.00458
2018-10-29 21:00:00,2018-10-29 22:00,1.92375,0.68083,0.00118,0.06454,1.17719,0.00411,0.0,0.0,0.00411
2018-10-29 22:00:00,2018-10-29 23:00,1.60441,0.73221,0.00086,0.06003,0.81132,0.00265,0.0,0.0,0.00265
2018-10-29 23:00:00,2018-10-30 00:00,1.35088,0.73297,0.0,0.04639,0.57153,0.00065,0.0,0.0,0.00065
2018-10-30 00:00:00,2018-10-30 01:00,1.26494,0.704,0.00771,0.04881,0.50441,0.00049,0.0,0.0,0.00049
2018-10-30 01:00:00,2018-10-30 02:00,1.18448,0.68434,0.00463,0.03038,0.46512,0.00035,0.0,0.0,0.00035
2018-10-30 02:00:00,2018-10-30 03:00,1.22043,0.73265,0.0,0.03168,0.4561,0.00023,0.0,0.0,0.00023
2018-10-30 03:00:00,2018-10-30 04:00,1.24039,0.74181,0.00249,0.03617,0.45991,0.00013,0.0,0.0,0.00013
2018-10-30 04:00:00,2018-10-30 05:00,1.28058,0.76075,0.0,0.04537,0.47446,0.00094,0.0,0.0,0.00094
2018-10-30 05:00:00,2018-10-30 06:00,1.39877,0.80813,0.0,0.05819,0.53245,0.00278,0.0,0.0,0.00278
2018-10-30 06:00:00,2018-10-30 07:00,1.59781,0.87722,0.00051,0.12425,0.59583,0.00307,0.0,0.0,0.00307
2018-10-30 07:00:00,2018-10-30 08:00,1.66917,0.86759,0.0,0.14276,0.65882,0.00481,0.0,0.0,0.00481
2018-10-30 08:00:00,2018-10-30 09:00,1.78213,0.91504,0.00051,0.12958,0.737,0.00292,0.0,0.0,0.00292
2018-10-30 09:00:00,2018-10-30 10:00,1.81191,0.94483,0.0,0.13325,0.73382,0.00129,0.0,0.0,0.00129
2018-10-30 10:00:00,2018-10-30 11:00,1.74942,0.86957,0.0,0.11687,0.76299,0.00174,0.0,0.0,0.00174
2018-10-30 11:00:00,2018-10-30 12:00,1.46545,0.69519,0.0,0.08374,0.68653,0.00278,0.0,0.0,0.00278
2018-10-30 12:00:00,2018-10-30 13:00,1.36079,0.56243,0.00283,0.09495,0.70058,0.0032,0.0,0.0,0.0032
2018-10-30 13:00:00,2018-10-30 14:00,1.19772,0.41159,5e-05,0.10958,0.67651,0.00203,0.0,0.0,0.00203
2018-10-30 14:00:00,2018-10-30 15:00,1.10132,0.32425,0.00088,0.10937,0.66682,0.00371,0.0,0.0,0.00371
2018-10-30 15:00:00,2018-10-30 16:00,1.1083,0.28788,0.00102,0.10951,0.70988,0.00186,0.0,0.0,0.00186
2018-10-30 16:00:00,2018-10-30 17:00,1.26173,0.29702,0.00207,0.10319,0.85945,0.00427,0.0,0.0,0.00427
2018-10-30 17:00:00,2018-10-30 18:00,1.44378,0.31577,0.00961,0.11091,1.00749,0.00515,0.0,0.0,0.00515
2018-10-30 18:00:00,2018-10-30 19:00,1.6733,0.40974,0.00212,0.12485,1.13658,0.00562,0.0,0.0,0.00562
2018-10-30 19:00:00,2018-10-30 20:00,1.85465,0.48622,0.00502,0.11949,1.24392,0.00416,0.0,0.0,0.00416
2018-10-30 20:00:00,2018-10-30 21:00,1.95627,0.52679,0.00595,0.07959,1.34395,0.00419,0.0,0.0,0.00419
2018-10-30 21:00:00,2018-10-30 22:00,1.85027,0.57551,0.00212,0.07243,1.2002,0.0027,0.0,0.0,0.0027
2018-10-30 22:00:00,2018-10-30 23:00,1.57163,0.6822,0.00097,0.05145,0.837,0.00272,0.0,0.0,0.00272
2018-10-30 23:00:00,2018-10-31 00:00,1.51462,0.90527,0.0,0.0432,0.56615,0.00225,0.0,0.0,0.00225
2018-10-31 00:00:00,2018-10-31 01:00,1.54754,0.99383,0.00778,0.03429,0.51163,0.00134,0.0,0.0,0.00134
2018-10-31 01:00:00,2018-10-31 02:00,1.57224,1.06478,0.00393,0.03017,0.47336,0.00072,0.0,0.0,0.00072
2018-10-31 02:00:00,2018-10-31 03:00,1.56499,1.08141,0.0,0.02844,0.45514,0.00043,0.0,0.0,0.00043
2018-10-31 03:00:00,2018-10-31 04:00,1.58702,1.08638,0.00252,0.03734,0.46079,0.00013,0.0,0.0,0.00013
2018-10-31 04:00:00,2018-10-31 05:00,1.74395,1.23118,0.0,0.05298,0.45979,0.00061,0.0,0.0,0.00061
2018-10-31 05:00:00,2018-10-31 06:00,2.01066,1.39985,0.0,0.07792,0.53289,0.0023,0.0,0.0,0.0023
2018-10-31 06:00:00,2018-10-31 07:00,2.31412,1.52626,0.00045,0.14799,0.63943,0.00271,0.0,0.0,0.00271
2018-10-31 07:00:00,2018-10-31 08:00,2.42629,1.57426,0.0,0.15452,0.69751,0.00493,0.0,0.0,0.00493
2018-10-31 08:00:00,2018-10-31 09:00,2.40537,1.55114,6e-05,0.13803,0.71614,0.00504,0.0,0.0,0.00504
2018-10-31 09:00:00,2018-10-31 10:00,2.12848,1.29087,0.0,0.11255,0.72506,0.00378,0.0,0.0,0.00378
2018-10-31 10:00:00,2018-10-31 11:00,1.69819,0.92857,0.00016,0.10568,0.66377,0.00404,0.0,0.0,0.00404
2018-10-31 11:00:00,2018-10-31 12:00,1.39598,0.68003,0.00096,0.0832,0.63179,0.0071,0.0,0.0,0.0071
2018-10-31 12:00:00,2018-10-31 13:00,1.315,0.56046,0.00412,0.08264,0.66778,0.00352,0.0,0.0,0.00352
2018-10-31 13:00:00,2018-10-31 14:00,1.11806,0.34816,0.00311,0.08824,0.67855,0.00231,0.0,0.0,0.00231
2018-10-31 14:00:00,2018-10-31 15:00,1.04837,0.23465,0.00561,0.09817,0.70994,0.00345,0.0,0.0,0.00345
2018-10-31 15:00:00,2018-10-31 16:00,1.00493,0.17981,0.01122,0.1179,0.69599,0.0047,0.0,0.0,0.0047
2018-10-31 16:00:00,2018-10-31 17:00,1.13099,0.16621,0.0152,0.1144,0.83518,0.00456,0.0,0.0,0.00456
2018-10-31 17:00:00,2018-10-31 18:00,1.21832,0.17506,0.0207,0.12288,0.89968,0.00591,0.0,0.0,0.00591
2018-10-31 18:00:00,2018-10-31 19:00,1.42586,0.26847,0.00532,0.12692,1.02515,0.00591,0.0,0.0,0.00591
2018-10-31 19:00:00,2018-10-31 20:00,1.66961,0.38216,0.00894,0.10056,1.17795,0.00471,0.0,0.0,0.00471
2018-10-31 20:00:00,2018-10-31 21:00,1.87642,0.47586,0.00748,0.08358,1.3095,0.00418,0.0,0.0,0.00418
2018-10-31 21:00:00,2018-10-31 22:00,1.85691,0.61817,0.00297,0.06922,1.16656,0.00483,0.0,0.0,0.00483
2018-10-31 22:00:00,2018-10-31 23:00,1.62257,0.70967,0.00138,0.06796,0.84357,0.00252,0.0,0.0,0.00252
2018-10-31 23:00:00,2018-11-01 00:00,1.55356,0.89741,0.0,0.05429,0.60186,0.00168,0.0,0.0,0.00168
2018-11-01 00:00:00,2018-11-01 01:00,1.6407,1.0781,0.00734,0.03852,0.51674,0.0009,0.0,0.0,0.0009
2018-11-01 01:00:00,2018-11-01 02:00,1.69493,1.17037,0.00355,0.03518,0.48583,0.00018,0.0,0.0,0.00018
2018-11-01 02:00:00,2018-11-01 03:00,1.02353,0.55064,0.0,0.01813,0.45476,0.08781,0.08766,0.0,0.00015
2018-11-01 03:00:00,2018-11-01 04:00,0.91786,0.42635,0.0028,0.03042,0.45829,0.11799,0.11759,0.0,0.0004
2018-11-01 04:00:00,2018-11-01 05:00,0.83861,0.33093,0.0,0.04481,0.46287,0.14365,0.14305,0.0,0.0006
2018-11-01 05:00:00,2018-11-01 06:00,0.93522,0.33635,0.00104,0.09441,0.50343,0.15571,0.1539,0.0,0.00181
2018-11-01 06:00:00,2018-11-01 07:00,1.3547,0.57783,0.00074,0.15741,0.61871,0.14299,0.13899,0.0,0.00401
2018-11-01 07:00:00,2018-11-01 08:00,1.75023,0.81105,0.0,0.15522,0.78396,0.11368,0.10911,0.0,0.00456
2018-11-01 08:00:00,2018-11-01 09:00,1.76227,0.88546,0.0,0.14767,0.72914,0.10122,0.09523,0.0,0.00599
2018-11-01 09:00:00,2018-11-01 10:00,2.10791,1.22572,0.0,0.12912,0.75306,0.04255,0.03782,0.0,0.00473
2018-11-01 10:00:00,2018-11-01 11:00,1.91157,1.09785,0.0002,0.09103,0.72248,0.00317,0.0,0.0,0.00317
2018-11-01 11:00:00,2018-11-01 12:00,1.62334,0.76533,0.00092,0.10167,0.75542,0.00539,0.0,0.0,0.00539
2018-11-01 12:00:00,2018-11-01 13:00,1.37904,0.61003,0.00401,0.09274,0.67226,0.00503,0.0,0.0,0.00503
2018-11-01 13:00:00,2018-11-01 14:00,1.19001,0.41968,0.00286,0.09677,0.6707,0.00263,0.0,0.0,0.00263
2018-11-01 14:00:00,2018-11-01 15:00,1.14087,0.29482,0.006,0.10071,0.73934,0.00322,0.0,0.0,0.00322
2018-11-01 15:00:00,2018-11-01 16:00,1.16546,0.21622,0.01235,0.11887,0.81802,0.00318,0.0,0.0,0.00318
2018-11-01 16:00:00,2018-11-01 17:00,1.33914,0.22447,0.01637,0.1067,0.9916,0.00582,0.0,0.0,0.00582
2018-11-01 17:00:00,2018-11-01 18:00,1.47457,0.25611,0.02186,0.12018,1.07642,0.00638,0.0,0.0,0.00638
2018-11-01 18:00:00,2018-11-01 19:00,1.64819,0.31717,0.00607,0.11889,1.20605,0.00495,0.0,0.0,0.00495
2018-11-01 19:00:00,2018-11-01 20:00,1.83677,0.40605,0.009,0.11461,1.30712,0.00455,0.0,0.0,0.00455
2018-11-01 20:00:00,2018-11-01 21:00,1.83125,0.44231,0.00745,0.09828,1.28322,0.00291,0.0,0.0,0.00291
2018-11-01 21:00:00,2018-11-01 22:00,1.68323,0.50072,0.00299,0.08056,1.09897,0.00397,0.0,0.0,0.00397
2018-11-01 22:00:00,2018-11-01 23:00,1.47278,0.61057,0.00105,0.06546,0.7957,0.00384,0.0,0.0,0.00384
2018-11-01 23:00:00,2018-11-02 00:00,1.37456,0.66756,0.0,0.04104,0.66596,0.00282,0.0,0.0,0.00282
2018-11-02 00:00:00,2018-11-02 01:00,1.32617,0.72535,0.00736,0.05352,0.53995,0.00047,0.0,0.0,0.00047
2018-11-02 01:00:00,2018-11-02 02:00,1.37682,0.85701,0.00398,0.02628,0.48955,0.00018,0.0,0.0,0.00018
2018-11-02 02:00:00,2018-11-02 03:00,1.54423,1.03402,0.0,0.02955,0.48066,0.00015,0.0,0.0,0.00015
2018-11-02 03:00:00,2018-11-02 04:00,1.60513,1.10515,0.0019,0.03243,0.46564,0.00847,0.00821,0.0,0.00027
2018-11-02 04:00:00,2018-11-02 05:00,1.22727,0.70726,0.0,0.04597,0.47404,0.07742,0.07686,0.0,0.00057
2018-11-02 05:00:00,2018-11-02 06:00,1.14771,0.55452,0.0007,0.08194,0.51056,0.11313,0.1125,0.0,0.00063
2018-11-02 06:00:00,2018-11-02 07:00,1.12846,0.37504,0.0008,0.14585,0.60677,0.15547,0.15195,0.0,0.00352
2018-11-02 07:00:00,2018-11-02 08:00,1.14175,0.2674,0.0,0.15413,0.72023,0.17279,0.16818,0.0,0.00461
2018-11-02 08:00:00,2018-11-02 09:00,1.26032,0.36984,0.0,0.15797,0.73251,0.17109,0.16663,0.0,0.00446
2018-11-02 09:00:00,2018-11-02 10:00,1.50581,0.68998,0.0,0.11656,0.69928,0.12223,0.11605,0.0,0.00619
2018-11-02 10:00:00,2018-11-02 11:00,2.10825,1.30536,0.0,0.13471,0.66819,0.00946,0.00618,0.0,0.00328
2018-11-02 11:00:00,2018-11-02 12:00,1.73775,0.98343,0.00011,0.11394,0.64027,0.00372,0.0,0.0,0.00372
2018-11-02 12:00:00,2018-11-02 13:00,1.55869,0.80769,0.0018,0.09504,0.65415,0.00403,0.0,0.0,0.00403
2018-11-02 13:00:00,2018-11-02 14:00,1.39343,0.58861,0.00185,0.10153,0.70143,0.00387,0.0,0.0,0.00387
2018-11-02 14:00:00,2018-11-02 15:00,1.23441,0.46198,0.00209,0.09323,0.6771,0.00386,0.0,0.0,0.00386
2018-11-02 15:00:00,2018-11-02 16:00,1.3865,0.41728,0.00196,0.11955,0.84771,0.00494,0.0,0.0,0.00494
2018-11-02 16:00:00,2018-11-02 17:00,1.58035,0.46602,0.00465,0.13025,0.97942,0.00656,0.0,0.0,0.00656
2018-11-02 17:00:00,2018-11-02 18:00,1.77265,0.50641,0.00833,0.11526,1.14264,0.00597,0.0,0.0,0.00597
2018-11-02 18:00:00,2018-11-02 19:00,1.91266,0.54854,0.00156,0.11542,1.24715,0.00603,0.0,0.0,0.00603
2018-11-02 19:00:00,2018-11-02 20:00,2.10422,0.64217,0.00617,0.11805,1.33783,0.00967,0.0,0.0,0.00967
2018-11-02 20:00:00,2018-11-02 21:00,2.08047,0.75074,0.00444,0.09808,1.22721,0.00417,0.0,0.0,0.00417
2018-11-02 21:00:00,2018-11-02 22:00,1.9239,0.85082,0.00135,0.06754,1.00418,0.00385,0.0,0.0,0.00385
2018-11-02 22:00:00,2018-11-02 23:00,1.88331,1.0,0.00067,0.07449,0.80815,0.00626,0.00354,0.0,0.00272
2018-11-02 23:00:00,2018-11-03 00:00,1.58745,0.91277,0.0,0.05092,0.62376,0.03086,0.02957,0.0,0.00129
2018-11-03 00:00:00,2018-11-03 01:00,1.13637,0.60066,0.00691,0.03269,0.4961,0.07041,0.06982,0.0,0.0006
2018-11-03 01:00:00,2018-11-03 02:00,1.16378,0.64875,0.0029,0.03554,0.47659,0.07111,0.07068,0.0,0.00043
2018-11-03 02:00:00,2018-11-03 03:00,1.18967,0.70222,0.0,0.03005,0.45739,0.0815,0.08091,0.0,0.00058
2018-11-03 03:00:00,2018-11-03 04:00,1.24,0.74666,0.00146,0.03519,0.45669,0.08344,0.08279,0.0,0.00066
2018-11-03 04:00:00,2018-11-03 05:00,1.37218,0.88218,0.0,0.03681,0.4532,0.07752,0.07729,0.0,0.00023
2018-11-03 05:00:00,2018-11-03 06:00,1.39012,0.87504,9e-05,0.05076,0.46424,0.08822,0.08781,0.0,0.00041
2018-11-03 06:00:00,2018-11-03 07:00,1.81005,1.22257,0.00069,0.05599,0.5308,0.06011,0.05879,0.0,0.00132
2018-11-03 07:00:00,2018-11-03 08:00,2.4402,1.6914,0.0,0.10351,0.64529,0.00222,0.0,0.0,0.00222
2018-11-03 08:00:00,2018-11-03 09:00,2.60251,1.67397,0.0,0.15445,0.77409,0.00378,0.0,0.0,0.00378
2018-11-03 09:00:00,2018-11-03 10:00,2.63857,1.66416,0.0,0.15478,0.81963,0.00406,0.0,0.0,0.00406
2018-11-03 10:00:00,2018-11-03 11:00,2.47475,1.59185,0.0,0.11021,0.77269,0.00311,0.0,0.0,0.00311
2018-11-03 11:00:00,2018-11-03 12:00,2.22412,1.33764,0.0,0.10916,0.77732,0.0056,0.0,0.0,0.0056
2018-11-03 12:00:00,2018-11-03 13:00,2.17252,1.2289,0.0,0.12475,0.81887,0.00766,0.0,0.0,0.00766
2018-11-03 13:00:00,2018-11-03 14:00,1.9995,1.06388,0.0,0.14961,0.78601,0.0047,0.0,0.0,0.0047
2018-11-03 14:00:00,2018-11-03 15:00,1.92822,0.96962,0.0,0.13253,0.82607,0.00407,0.0,0.0,0.00407
2018-11-03 15:00:00,2018-11-03 16:00,1.90797,0.90701,0.0,0.12705,0.87391,0.0047,0.0,0.0,0.0047
2018-11-03 16:00:00,2018-11-03 17:00,1.94758,0.87768,0.0,0.12151,0.94839,0.00545,0.0,0.0,0.00545
2018-11-03 17:00:00,2018-11-03 18:00,2.12361,0.84324,0.00473,0.12714,1.14849,0.00626,0.0,0.0,0.00626
2018-11-03 18:00:00,2018-11-03 19:00,2.16704,0.81175,0.0,0.11826,1.23703,0.00712,0.0,0.0,0.00712
2018-11-03 19:00:00,2018-11-03 20:00,2.26876,0.7977,0.00326,0.1173,1.3505,0.00524,0.0,0.0,0.00524
2018-11-03 20:00:00,2018-11-03 21:00,2.18068,0.76688,0.00335,0.09533,1.31512,0.00352,0.0,0.0,0.00352
2018-11-03 21:00:00,2018-11-03 22:00,1.95737,0.77436,0.00082,0.08684,1.09534,0.00211,0.0,0.0,0.00211
2018-11-03 22:00:00,2018-11-03 23:00,1.76567,0.87033,0.00073,0.05721,0.8374,0.00211,0.0,0.0,0.00211
2018-11-03 23:00:00,2018-11-04 00:00,1.60765,0.97705,0.0,0.05171,0.57889,0.00162,0.0,0.0,0.00162
2018-11-04 00:00:00,2018-11-04 01:00,1.66968,1.11519,0.00674,0.05238,0.49537,0.00034,0.0,0.0,0.00034
2018-11-04 01:00:00,2018-11-04 01:00,1.74486,1.22935,0.00322,0.03619,0.4761,0.00018,0.0,0.0,0.00018
2018-11-04 02:00:00,2018-11-04 02:00,1.85547,1.3674,0.0,0.03211,0.45595,0.00017,0.0,0.0,0.00017
2018-11-04 03:00:00,2018-11-04 03:00,1.9293,1.43892,0.00168,0.02999,0.45871,0.00035,0.0,0.0,0.00035
2018-11-04 04:00:00,2018-11-04 04:00,2.06682,1.54798,0.0,0.03988,0.47896,0.00058,0.0,0.0,0.00058
2018-11-04 05:00:00,2018-11-04 05:00,2.14851,1.62416,0.0,0.04222,0.48213,0.00086,0.0,0.0,0.00086
2018-11-04 06:00:00,2018-11-04 06:00,2.31378,1.7044,0.0003,0.08803,0.52105,0.00207,0.0,0.0,0.00207
2018-11-04 07:00:00,2018-11-04 07:00,2.43818,1.73069,0.0,0.1028,0.6047,0.00425,0.0,0.0,0.00425
2018-11-04 08:00:00,2018-11-04 08:00,2.66169,1.77914,0.0,0.14161,0.74094,0.00407,0.0,0.0,0.00407
2018-11-04 09:00:00,2018-11-04 09:00,2.76352,1.8159,0.0,0.13894,0.80868,0.00472,0.0,0.0,0.00472
2018-11-04 10:00:00,2018-11-04 10:00,2.76288,1.84589,0.0,0.12437,0.79262,0.00514,0.0,0.0,0.00514
2018-11-04 11:00:00,2018-11-04 11:00,2.80387,1.86279,0.0,0.13042,0.81066,0.00521,0.0,0.0,0.00521
2018-11-04 12:00:00,2018-11-04 12:00,2.89052,1.88699,0.0,0.12258,0.88094,0.00696,0.0,0.0,0.00696
2018-11-04 13:00:00,2018-11-04 13:00,2.83671,1.84957,0.0,0.11742,0.86973,0.00614,0.0,0.0,0.00614
2018-11-04 14:00:00,2018-11-04 14:00,2.80376,1.82866,0.0,0.14373,0.83137,0.00597,0.0,0.0,0.00597
2018-11-04 15:00:00,2018-11-04 15:00,2.95712,1.81607,0.0,0.14983,0.99121,0.00357,0.0,0.0,0.00357
2018-11-04 16:00:00,2018-11-04 16:00,2.95631,1.79061,0.0,0.12714,1.03855,0.0036,0.0,0.0,0.0036
2018-11-04 17:00:00,2018-11-04 17:00,2.95922,1.74183,0.00258,0.12089,1.09391,0.00465,0.0,0.0,0.00465
2018-11-04 18:00:00,2018-11-04 18:00,3.04797,1.67579,1e-05,0.12485,1.24733,0.00486,0.0,0.0,0.00486
2018-11-04 19:00:00,2018-11-04 19:00,3.11159,1.63809,0.00247,0.10862,1.36241,0.00456,0.0,0.0,0.00456
2018-11-04 20:00:00,2018-11-04 20:00,3.05819,1.59511,0.00247,0.08652,1.37409,0.0031,0.0,0.0,0.0031
2018-11-04 21:00:00,2018-11-04 21:00,2.87497,1.56591,0.0,0.07499,1.23407,0.00244,0.0,0.0,0.00244
2018-11-04 22:00:00,2018-11-04 22:00,2.58551,1.61502,0.00068,0.0855,0.8843,0.00211,0.0,0.0,0.00211
2018-11-04 23:00:00,2018-11-04 23:00,2.36026,1.60618,0.0,0.06396,0.69012,0.0008,0.0,0.0,0.0008
2018-11-05 00:00:00,2018-11-05 00:00,2.17509,1.59155,0.00191,0.03823,0.54341,0.00046,0.0,0.0,0.00046
2018-11-05 01:00:00,2018-11-05 01:00,2.2407,1.65692,0.0,0.04119,0.54259,0.00046,0.0,0.0,0.00046
2018-11-05 02:00:00,2018-11-05 02:00,2.12984,1.61427,0.0009,0.03266,0.482,0.00018,0.0,0.0,0.00018
2018-11-05 03:00:00,2018-11-05 03:00,2.12206,1.61997,0.0,0.03452,0.46757,0.00015,0.0,0.0,0.00015
2018-11-05 04:00:00,2018-11-05 04:00,2.14435,1.63694,0.00158,0.04778,0.45805,0.00013,0.0,0.0,0.00013
2018-11-05 05:00:00,2018-11-05 05:00,2.22128,1.702,0.0,0.04584,0.47344,0.00061,0.0,0.0,0.00061
2018-11-05 06:00:00,2018-11-05 06:00,2.35671,1.73325,0.0,0.07959,0.54387,0.0017,0.0,0.0,0.0017
2018-11-05 07:00:00,2018-11-05 07:00,2.61198,1.76843,0.0,0.15519,0.68836,0.0043,0.0,0.0,0.0043
2018-11-05 08:00:00,2018-11-05 08:00,2.68722,1.75775,0.0,0.15458,0.77489,0.00557,0.0,0.0,0.00557
2018-11-05 09:00:00,2018-11-05 09:00,2.74175,1.76121,0.0,0.14469,0.83584,0.00358,0.0,0.0,0.00358
2018-11-05 10:00:00,2018-11-05 10:00,2.64323,1.71971,0.0,0.13915,0.78437,0.00383,0.0,0.0,0.00383
2018-11-05 11:00:00,2018-11-05 11:00,2.35533,1.4864,0.0,0.11394,0.755,0.00494,0.0,0.0,0.00494
2018-11-05 12:00:00,2018-11-05 12:00,2.09776,1.24938,0.0,0.10815,0.74024,0.00274,0.0,0.0,0.00274
2018-11-05 13:00:00,2018-11-05 13:00,2.02905,1.19181,0.00173,0.0853,0.75022,0.00511,0.0,0.0,0.00511
2018-11-05 14:00:00,2018-11-05 14:00,1.94729,1.12522,0.0,0.08286,0.73921,0.00315,0.0,0.0,0.00315
2018-11-05 15:00:00,2018-11-05 15:00,1.89128,1.10424,0.0,0.11084,0.67621,0.00505,0.0,0.0,0.00505
2018-11-05 16:00:00,2018-11-05 16:00,2.03232,1.08517,0.00012,0.12593,0.8211,0.00563,0.0,0.0,0.00563
2018-11-05 17:00:00,2018-11-05 17:00,2.18256,1.07604,0.00121,0.11101,0.9943,0.00585,0.0,0.0,0.00585
2018-11-05 18:00:00,2018-11-05 18:00,2.25216,1.00598,0.00383,0.11808,1.12427,0.00544,0.0,0.0,0.00544
2018-11-05 19:00:00,2018-11-05 19:00,2.32504,0.96994,0.0,0.12908,1.22602,0.00697,0.0,0.0,0.00697
2018-11-05 20:00:00,2018-11-05 20:00,2.37838,0.94671,0.0029,0.12385,1.30493,0.00496,0.0,0.0,0.00496
2018-11-05 21:00:00,2018-11-05 21:00,2.29934,0.89183,0.003,0.07583,1.32868,0.0029,0.0,0.0,0.0029
2018-11-05 22:00:00,2018-11-05 22:00,1.99847,0.8531,0.00085,0.07515,1.06937,0.00393,0.0,0.0,0.00393
2018-11-05 23:00:00,2018-11-05 23:00,1.74083,0.9071,0.00081,0.06632,0.7666,0.0028,0.0,0.0,0.0028
2018-11-06 00:00:00,2018-11-06 00:00,1.51777,0.89915,0.0,0.05829,0.56033,0.00179,0.0,0.0,0.00179
2018-11-06 01:00:00,2018-11-06 01:00,1.40757,0.86826,0.00699,0.02789,0.50443,0.0011,0.0,0.0,0.0011
2018-11-06 02:00:00,2018-11-06 02:00,1.39934,0.86654,0.00375,0.02623,0.50282,0.00018,0.0,0.0,0.00018
2018-11-06 03:00:00,2018-11-06 03:00,1.43766,0.93124,0.0,0.02628,0.48013,0.00015,0.0,0.0,0.00015
2018-11-06 04:00:00,2018-11-06 04:00,1.46941,0.97651,0.00201,0.04027,0.45062,0.00025,0.0,0.0,0.00025
2018-11-06 05:00:00,2018-11-06 05:00,1.53952,1.03059,0.0,0.04665,0.46228,0.00097,0.0,0.0,0.00097
2018-11-06 06:00:00,2018-11-06 06:00,1.65525,1.08675,0.0,0.08231,0.48619,0.00234,0.0,0.0,0.00234
2018-11-06 07:00:00,2018-11-06 07:00,1.87648,1.15813,0.00038,0.13324,0.58474,0.00298,0.0,0.0,0.00298
2018-11-06 08:00:00,2018-11-06 08:00,2.10189,1.27357,0.0,0.14096,0.68736,0.00351,0.0,0.0,0.00351
2018-11-06 09:00:00,2018-11-06 09:00,2.45405,1.62978,0.0,0.14635,0.67792,0.00368,0.0,0.0,0.00368
2018-11-06 10:00:00,2018-11-06 10:00,2.58464,1.79658,0.0,0.10547,0.68259,0.0042,0.0,0.0,0.0042
2018-11-06 11:00:00,2018-11-06 11:00,2.66512,1.84028,0.0,0.0964,0.72844,0.00465,0.0,0.0,0.00465
2018-11-06 12:00:00,2018-11-06 12:00,2.58766,1.8364,0.0,0.07702,0.67425,0.00407,0.0,0.0,0.00407
2018-11-06 13:00:00,2018-11-06 13:00,2.7461,1.89127,0.0,0.11281,0.74203,0.00421,0.0,0.0,0.00421
2018-11-06 14:00:00,2018-11-06 14:00,2.55449,1.69807,0.0,0.14597,0.71046,0.0398,0.03742,0.0,0.00238
2018-11-06 15:00:00,2018-11-06 15:00,2.20127,1.32412,0.0002,0.11281,0.76415,0.09768,0.09302,0.0,0.00466
2018-11-06 16:00:00,2018-11-06 16:00,1.19788,0.30417,0.0,0.12228,0.77143,0.23506,0.23076,0.0,0.00431
2018-11-06 17:00:00,2018-11-06 17:00,1.25761,0.24848,0.00089,0.11919,0.88904,0.22811,0.22224,0.0,0.00587
2018-11-06 18:00:00,2018-11-06 18:00,1.42232,0.24592,0.00223,0.12031,1.05386,0.22589,0.21651,0.0,0.00938
2018-11-06 19:00:00,2018-11-06 19:00,1.58458,0.24114,0.0,0.12214,1.22131,0.2258,0.21594,0.0,0.00986
2018-11-06 20:00:00,2018-11-06 20:00,1.62095,0.24089,0.00228,0.11354,1.26425,0.22447,0.22078,0.0,0.00369
2018-11-06 21:00:00,2018-11-06 21:00,1.57697,0.23868,0.00211,0.10171,1.23447,0.21816,0.21417,0.0,0.00398
2018-11-06 22:00:00,2018-11-06 22:00,1.34514,0.23484,4e-05,0.07799,1.03227,0.21299,0.21056,0.0,0.00243
2018-11-06 23:00:00,2018-11-06 23:00,1.07084,0.2395,1e-05,0.08337,0.74796,0.21578,0.21431,0.0,0.00146
2018-11-07 00:00:00,2018-11-07 00:00,0.84086,0.23789,0.0,0.05153,0.55144,0.21133,0.21039,0.0,0.00094
2018-11-07 01:00:00,2018-11-07 01:00,0.781,0.23678,0.00511,0.05189,0.48722,0.20643,0.20553,0.0,0.00089
2018-11-07 02:00:00,2018-11-07 02:00,0.73633,0.23933,0.00215,0.0368,0.45806,0.20652,0.20607,0.0,0.00045
2018-11-07 03:00:00,2018-11-07 03:00,0.73132,0.24159,0.0,0.03499,0.45474,0.21698,0.21682,0.0,0.00015
2018-11-07 04:00:00,2018-11-07 04:00,0.74152,0.23833,0.00138,0.04596,0.45585,0.22114,0.22036,0.0,0.00078
2018-11-07 05:00:00,2018-11-07 05:00,0.75795,0.24329,0.0,0.05253,0.46213,0.23136,0.23062,0.0,0.00074
2018-11-07 06:00:00,2018-11-07 06:00,0.84743,0.24575,0.0,0.10236,0.49933,0.24393,0.24252,0.0,0.00141
2018-11-07 07:00:00,2018-11-07 07:00,1.0041,0.24788,0.00012,0.15653,0.59956,0.26532,0.26276,0.0,0.00256
2018-11-07 08:00:00,2018-11-07 08:00,1.08913,0.24763,0.0,0.17593,0.66557,0.26443,0.26159,0.0,0.00284
2018-11-07 09:00:00,2018-11-07 09:00,1.11092,0.24752,0.0,0.15355,0.70985,0.27529,0.27221,0.0,0.00308
2018-11-07 10:00:00,2018-11-07 10:00,1.02047,0.24691,0.0,0.12451,0.64905,0.27775,0.27473,0.0,0.00302
2018-11-07 11:00:00,2018-11-07 11:00,1.07317,0.24762,0.0,0.11174,0.71381,0.26334,0.26074,0.0,0.0026
2018-11-07 12:00:00,2018-11-07 12:00,1.10443,0.24649,0.0,0.12071,0.73723,0.24856,0.24373,0.0,0.00483
2018-11-07 13:00:00,2018-11-07 13:00,1.09323,0.24642,0.00176,0.10837,0.73667,0.24612,0.24267,0.0,0.00344
2018-11-07 14:00:00,2018-11-07 14:00,1.17938,0.24634,0.0,0.13179,0.80125,0.2279,0.22594,0.0,0.00196
2018-11-07 15:00:00,2018-11-07 15:00,1.09569,0.24721,0.0,0.13173,0.71674,0.22707,0.2236,0.0,0.00346
2018-11-07 16:00:00,2018-11-07 16:00,1.089,0.24754,0.0,0.11817,0.72329,0.23689,0.23241,0.0,0.00448
2018-11-07 17:00:00,2018-11-07 17:00,1.25531,0.24832,0.00089,0.12972,0.87638,0.24426,0.23623,0.0,0.00803
2018-11-07 18:00:00,2018-11-07 18:00,1.52166,0.24581,0.00231,0.16269,1.11084,0.24513,0.23464,0.0,0.01048
2018-11-07 19:00:00,2018-11-07 19:00,1.6279,0.24215,0.0,0.12426,1.26149,0.24037,0.23215,0.0,0.00823
2018-11-07 20:00:00,2018-11-07 20:00,1.66571,0.2411,0.00207,0.12386,1.29867,0.24313,0.238,0.0,0.00513
2018-11-07 21:00:00,2018-11-07 21:00,1.6296,0.23901,0.00182,0.11705,1.27173,0.23809,0.23393,0.0,0.00416
2018-11-07 22:00:00,2018-11-07 22:00,1.40247,0.23717,0.0,0.09656,1.06874,0.23745,0.23338,0.0,0.00407
2018-11-07 23:00:00,2018-11-07 23:00,1.13393,0.24079,0.0,0.07197,0.82117,0.24552,0.24308,0.0,0.00244
2018-11-08 00:00:00,2018-11-08 00:00,0.88469,0.23989,0.0,0.05305,0.59174,0.24367,0.24105,0.0,0.00262
2018-11-08 01:00:00,2018-11-08 01:00,0.78495,0.23746,0.00474,0.05976,0.483,0.23893,0.23812,0.0,0.00081
2018-11-08 02:00:00,2018-11-08 02:00,0.74116,0.24061,0.00184,0.03262,0.4661,0.24281,0.24249,0.0,0.00032
2018-11-08 03:00:00,2018-11-08 03:00,0.74618,0.24312,0.0,0.0417,0.46136,0.25716,0.25687,0.0,0.00029
2018-11-08 04:00:00,2018-11-08 04:00,0.72978,0.2407,0.00114,0.03114,0.4568,0.26486,0.26459,0.0,0.00027
2018-11-08 05:00:00,2018-11-08 05:00,0.7442,0.24503,0.0,0.04367,0.4555,0.27227,0.27158,0.0,0.00069
2018-11-08 06:00:00,2018-11-08 06:00,0.82566,0.24791,0.0,0.06633,0.51142,0.2836,0.28151,0.0,0.00209
2018-11-08 07:00:00,2018-11-08 07:00,1.04252,0.24812,0.0,0.16006,0.63434,0.29962,0.29632,0.0,0.0033
2018-11-08 08:00:00,2018-11-08 08:00,1.20753,0.24763,0.0,0.2178,0.7421,0.29514,0.28983,0.0,0.00532
2018-11-08 09:00:00,2018-11-08 09:00,1.18111,0.24752,0.0,0.17909,0.7545,0.30176,0.29536,0.0,0.00639
2018-11-08 10:00:00,2018-11-08 10:00,1.14993,0.24708,0.0,0.1408,0.76205,0.3072,0.30196,0.0,0.00524
2018-11-08 11:00:00,2018-11-08 11:00,1.04596,0.24787,0.0,0.12531,0.67277,0.29928,0.29209,0.0,0.00719
2018-11-08 12:00:00,2018-11-08 12:00,1.04253,0.24672,0.0,0.11611,0.6797,0.27873,0.27273,0.0,0.006
2018-11-08 13:00:00,2018-11-08 13:00,1.04055,0.24672,0.00181,0.0964,0.69563,0.27256,0.26855,0.0,0.004
2018-11-08 14:00:00,2018-11-08 14:00,0.97898,0.24634,0.0,0.1038,0.62885,0.25312,0.24908,0.0,0.00404
2018-11-08 15:00:00,2018-11-08 15:00,1.06744,0.24721,0.0,0.13855,0.68168,0.25188,0.2492,0.0,0.00268
2018-11-08 16:00:00,2018-11-08 16:00,1.176,0.2475,0.0,0.14512,0.78338,0.25398,0.25076,0.0,0.00322
2018-11-08 17:00:00,2018-11-08 17:00,1.25903,0.24734,0.00091,0.13048,0.8803,0.25721,0.25334,0.0,0.00387
2018-11-08 18:00:00,2018-11-08 18:00,1.42364,0.24522,0.002,0.12467,1.05176,0.25651,0.25169,0.0,0.00482
2018-11-08 19:00:00,2018-11-08 19:00,1.5873,0.24217,0.0,0.14362,1.20151,0.25537,0.25061,0.0,0.00475
2018-11-08 20:00:00,2018-11-08 20:00,1.60818,0.24126,0.00156,0.14876,1.2166,0.26298,0.25857,0.0,0.00441
2018-11-08 21:00:00,2018-11-08 21:00,1.52192,0.24067,0.00144,0.10049,1.17932,0.26046,0.25527,0.0,0.00519
2018-11-08 22:00:00,2018-11-08 22:00,1.37536,0.23877,0.0,0.08245,1.05414,0.26331,0.25766,0.0,0.00566
2018-11-08 23:00:00,2018-11-08 23:00,1.07712,0.24375,0.0,0.0828,0.75057,0.26887,0.26469,0.0,0.00419
2018-11-09 00:00:00,2018-11-09 00:00,0.88027,0.24106,0.0,0.073,0.56622,0.2591,0.25744,0.0,0.00166
2018-11-09 01:00:00,2018-11-09 01:00,0.77388,0.2383,0.00419,0.03833,0.49307,0.25324,0.25266,0.0,0.00058
2018-11-09 02:00:00,2018-11-09 02:00,0.74203,0.24184,0.00185,0.03092,0.46742,0.26094,0.26064,0.0,0.0003
2018-11-09 03:00:00,2018-11-09 03:00,0.73308,0.24379,0.0,0.0347,0.45459,0.27786,0.27771,0.0,0.00015
2018-11-09 04:00:00,2018-11-09 04:00,0.72715,0.24122,0.00113,0.03926,0.44555,0.28452,0.28359,0.0,0.00093
2018-11-09 05:00:00,2018-11-09 05:00,0.75777,0.24638,0.0,0.0534,0.45798,0.29496,0.29375,0.0,0.00121
2018-11-09 06:00:00,2018-11-09 06:00,0.87154,0.24791,0.0,0.12267,0.50097,0.30656,0.30447,0.0,0.0021
2018-11-09 07:00:00,2018-11-09 07:00,1.00218,0.24818,0.0,0.15794,0.59605,0.32774,0.32431,0.0,0.00344
2018-11-09 08:00:00,2018-11-09 08:00,1.15771,0.24763,0.0,0.19891,0.71116,0.33813,0.33512,0.0,0.00301
2018-11-09 09:00:00,2018-11-09 09:00,1.19966,0.24769,0.0,0.18171,0.77026,0.353,0.34957,0.0,0.00343
2018-11-09 10:00:00,2018-11-09 10:00,1.12129,0.24751,0.0,0.14268,0.73109,0.357,0.35336,0.0,0.00364
2018-11-09 11:00:00,2018-11-09 11:00,1.09674,0.24834,0.0,0.11931,0.72909,0.33608,0.33365,0.0,0.00243
2018-11-09 12:00:00,2018-11-09 12:00,1.04578,0.24672,0.0,0.11071,0.68834,0.30853,0.30408,0.0,0.00445
2018-11-09 13:00:00,2018-11-09 13:00,1.12166,0.24794,0.00189,0.13167,0.74015,0.30694,0.30204,0.0,0.0049
2018-11-09 14:00:00,2018-11-09 14:00,1.07415,0.24748,0.0,0.14359,0.68308,0.28648,0.28319,0.0,0.00328
2018-11-09 15:00:00,2018-11-09 15:00,1.11045,0.24865,0.0,0.14792,0.71388,0.28908,0.28563,0.0,0.00345
2018-11-09 16:00:00,2018-11-09 16:00,1.09338,0.24865,0.0,0.13145,0.71328,0.31003,0.30409,0.0,0.00595
2018-11-09 17:00:00,2018-11-09 17:00,1.2516,0.24848,0.0009,0.14016,0.86206,0.33416,0.32643,0.0,0.00773
2018-11-09 18:00:00,2018-11-09 18:00,1.39511,0.24683,0.00134,0.13866,1.00828,0.33635,0.32901,0.0,0.00734
2018-11-09 19:00:00,2018-11-09 19:00,1.66123,0.24295,0.0,0.14031,1.27797,0.33396,0.32831,0.0,0.00565
2018-11-09 20:00:00,2018-11-09 20:00,1.68852,0.24282,0.00136,0.13569,1.30865,0.33802,0.33345,0.0,0.00457
2018-11-09 21:00:00,2018-11-09 21:00,1.55157,0.24359,0.00125,0.12631,1.18041,0.33277,0.32886,0.0,0.00391
2018-11-09 22:00:00,2018-11-09 22:00,1.37512,0.24141,0.0,0.08132,1.05239,0.33375,0.32786,0.0,0.00588
2018-11-09 23:00:00,2018-11-09 23:00,1.1146,0.24531,0.0,0.07078,0.79851,0.33955,0.33732,0.0,0.00223
2018-11-10 00:00:00,2018-11-10 00:00,0.86974,0.24379,0.0,0.05752,0.56844,0.33745,0.33667,0.0,0.00078
2018-11-10 01:00:00,2018-11-10 01:00,0.75488,0.24098,0.00382,0.03506,0.47502,0.33463,0.33431,0.0,0.00032
2018-11-10 02:00:00,2018-11-10 02:00,0.73635,0.24423,0.00201,0.03548,0.45462,0.33758,0.3374,0.0,0.00018
2018-11-10 03:00:00,2018-11-10 03:00,0.72657,0.24513,0.0,0.0241,0.45734,0.35094,0.35078,0.0,0.00015
2018-11-10 04:00:00,2018-11-10 04:00,0.73251,0.2432,0.00124,0.04264,0.44543,0.36126,0.36086,0.0,0.00041
2018-11-10 05:00:00,2018-11-10 05:00,0.73263,0.24818,0.0,0.04104,0.44341,0.37776,0.37758,0.0,0.00017
2018-11-10 06:00:00,2018-11-10 06:00,0.75965,0.24818,0.0,0.05307,0.4584,0.39223,0.39087,0.0,0.00136
2018-11-10 07:00:00,2018-11-10 07:00,0.82853,0.24842,0.0,0.0783,0.50181,0.41142,0.40914,0.0,0.00228
2018-11-10 08:00:00,2018-11-10 08:00,0.99104,0.24853,0.0,0.14091,0.6016,0.4095,0.40534,0.0,0.00416
2018-11-10 09:00:00,2018-11-10 09:00,1.13715,0.24865,0.0,0.16567,0.72282,0.39366,0.38907,0.0,0.00458
2018-11-10 10:00:00,2018-11-10 10:00,1.19884,0.24865,0.0,0.15323,0.79696,0.367,0.36283,0.0,0.00416
2018-11-10 11:00:00,2018-11-10 11:00,1.16724,0.24865,0.0,0.15615,0.76244,0.34926,0.34452,0.0,0.00474
2018-11-10 12:00:00,2018-11-10 12:00,1.14923,0.24865,0.0,0.15729,0.74329,0.32918,0.32661,0.0,0.00257
2018-11-10 13:00:00,2018-11-10 13:00,1.16457,0.24846,0.0,0.14313,0.77299,0.32645,0.32251,0.0,0.00394
2018-11-10 14:00:00,2018-11-10 14:00,1.14168,0.24865,0.0,0.12971,0.76332,0.30235,0.2986,0.0,0.00374
2018-11-10 15:00:00,2018-11-10 15:00,1.21545,0.24865,0.0,0.1542,0.8126,0.29003,0.28548,0.0,0.00456
2018-11-10 16:00:00,2018-11-10 16:00,1.30292,0.24865,0.0,0.16058,0.89369,0.29019,0.28613,0.0,0.00407
2018-11-10 17:00:00,2018-11-10 17:00,1.37892,0.24865,0.0,0.17585,0.95442,0.30036,0.29354,0.0,0.00682
2018-11-10 18:00:00,2018-11-10 18:00,1.44809,0.24657,0.00146,0.13869,1.06137,0.30347,0.29916,0.0,0.00431
2018-11-10 19:00:00,2018-11-10 19:00,1.54103,0.24219,0.0,0.12608,1.17276,0.29971,0.29571,0.0,0.004
2018-11-10 20:00:00,2018-11-10 20:00,1.61488,0.24236,0.00133,0.14424,1.22694,0.29784,0.29391,0.0,0.00393
2018-11-10 21:00:00,2018-11-10 21:00,1.67616,0.24181,0.00128,0.1182,1.31486,0.28957,0.28605,0.0,0.00352
2018-11-10 22:00:00,2018-11-10 22:00,1.52915,0.23975,0.0,0.10486,1.18455,0.28014,0.27844,0.0,0.00171
2018-11-10 23:00:00,2018-11-10 23:00,1.16342,0.24394,0.0,0.09037,0.82911,0.28724,0.28627,0.0,0.00097
2018-11-11 00:00:00,2018-11-11 00:00,0.90916,0.24236,0.0,0.06236,0.60445,0.28221,0.28013,0.0,0.00208
2018-11-11 01:00:00,2018-11-11 01:00,0.79092,0.2404,0.00372,0.04063,0.50617,0.2735,0.27207,0.0,0.00143
2018-11-11 02:00:00,2018-11-11 02:00,0.74762,0.24234,0.0018,0.04223,0.46125,0.26875,0.26841,0.0,0.00033
2018-11-11 03:00:00,2018-11-11 03:00,0.74845,0.24379,0.0,0.0382,0.46646,0.27591,0.27546,0.0,0.00045
2018-11-11 04:00:00,2018-11-11 04:00,0.75275,0.24105,0.00106,0.05944,0.4512,0.27631,0.2759,0.0,0.00041
2018-11-11 05:00:00,2018-11-11 05:00,0.75581,0.24611,0.0,0.05932,0.45038,0.28102,0.28055,0.0,0.00047
2018-11-11 06:00:00,2018-11-11 06:00,0.77578,0.24818,0.0,0.05555,0.47204,0.28541,0.28442,0.0,0.00099
2018-11-11 07:00:00,2018-11-11 07:00,0.8478,0.24818,0.0,0.08164,0.51798,0.2915,0.28962,0.0,0.00188
2018-11-11 08:00:00,2018-11-11 08:00,0.99059,0.24818,0.0,0.10496,0.63745,0.28293,0.27841,0.0,0.00453
2018-11-11 09:00:00,2018-11-11 09:00,1.19308,0.24818,0.0,0.15911,0.78578,0.28763,0.28075,0.0,0.00688
2018-11-11 10:00:00,2018-11-11 10:00,1.19037,0.24818,0.0,0.16777,0.77442,0.29359,0.28827,0.0,0.00532
2018-11-11 11:00:00,2018-11-11 11:00,1.24146,0.24865,0.0,0.17734,0.81547,0.29804,0.29145,0.0,0.00659
2018-11-11 12:00:00,2018-11-11 12:00,1.19196,0.24865,0.0,0.16209,0.78122,0.28403,0.27943,0.0,0.0046
2018-11-11 13:00:00,2018-11-11 13:00,1.27479,0.24846,0.0,0.13446,0.89187,0.28485,0.28086,0.0,0.00398
2018-11-11 14:00:00,2018-11-11 14:00,1.24399,0.24865,0.0,0.15144,0.84391,0.26527,0.26138,0.0,0.00389
2018-11-11 15:00:00,2018-11-11 15:00,1.27104,0.24865,0.0,0.19157,0.83083,0.26476,0.25782,0.0,0.00694
2018-11-11 16:00:00,2018-11-11 16:00,1.2882,0.24865,0.0,0.17317,0.86638,0.26692,0.26174,0.0,0.00518
2018-11-11 17:00:00,2018-11-11 17:00,1.42874,0.24865,0.0,0.14713,1.03296,0.27808,0.27199,0.0,0.00609
2018-11-11 18:00:00,2018-11-11 18:00,1.57749,0.24655,0.00161,0.1299,1.19943,0.27991,0.27144,0.0,0.00846
2018-11-11 19:00:00,2018-11-11 19:00,1.66507,0.24217,0.0,0.15818,1.26472,0.27173,0.26578,0.0,0.00594
2018-11-11 20:00:00,2018-11-11 20:00,1.68509,0.24157,0.0015,0.13011,1.3119,0.27332,0.26926,0.0,0.00405
2018-11-11 21:00:00,2018-11-11 21:00,1.5576,0.24109,0.0013,0.09836,1.21685,0.26986,0.26576,0.0,0.0041
2018-11-11 22:00:00,2018-11-11 22:00,1.48106,0.23846,0.0,0.08682,1.15578,0.27506,0.27079,0.0,0.00428
2018-11-11 23:00:00,2018-11-11 23:00,1.21489,0.24321,0.0,0.07895,0.89272,0.28939,0.28673,0.0,0.00266
2018-11-12 00:00:00,2018-11-12 00:00,0.85576,0.24181,0.0,0.0526,0.56135,0.28688,0.28624,0.0,0.00064
2018-11-12 01:00:00,2018-11-12 01:00,0.77716,0.24034,0.00375,0.05251,0.48056,0.28637,0.28605,0.0,0.00032
2018-11-12 02:00:00,2018-11-12 02:00,0.75003,0.24358,0.00185,0.04654,0.45806,0.28672,0.28654,0.0,0.00018
2018-11-12 03:00:00,2018-11-12 03:00,0.73195,0.24399,0.0,0.03535,0.45262,0.29868,0.29724,0.0,0.00144
2018-11-12 04:00:00,2018-11-12 04:00,0.73006,0.24115,0.00112,0.04296,0.44483,0.30683,0.30621,0.0,0.00062
2018-11-12 05:00:00,2018-11-12 05:00,0.76851,0.2466,0.0,0.06609,0.45581,0.3201,0.31895,0.0,0.00115
2018-11-12 06:00:00,2018-11-12 06:00,0.86861,0.24791,0.0,0.10538,0.51533,0.33274,0.32962,0.0,0.00312
2018-11-12 07:00:00,2018-11-12 07:00,1.03682,0.24818,0.0,0.17246,0.61618,0.35175,0.3471,0.0,0.00465
2018-11-12 08:00:00,2018-11-12 08:00,1.17425,0.24765,0.0,0.2048,0.7218,0.35171,0.3479,0.0,0.00382
2018-11-12 09:00:00,2018-11-12 09:00,1.17612,0.24799,0.0,0.18496,0.74317,0.35449,0.35197,0.0,0.00251
2018-11-12 10:00:00,2018-11-12 10:00,1.10016,0.24767,0.0,0.1488,0.70369,0.3546,0.34952,0.0,0.00508
2018-11-12 11:00:00,2018-11-12 11:00,1.09029,0.24834,0.0,0.13361,0.70834,0.34154,0.33717,0.0,0.00437
2018-11-12 12:00:00,2018-11-12 12:00,1.05435,0.24672,0.0,0.11878,0.68885,0.31898,0.31367,0.0,0.00531
2018-11-12 13:00:00,2018-11-12 13:00,1.05917,0.2469,0.00188,0.11325,0.69715,0.31203,0.3081,0.0,0.00393
2018-11-12 14:00:00,2018-11-12 14:00,1.12215,0.24695,1e-05,0.13476,0.74043,0.296,0.29151,0.0,0.00449
2018-11-12 15:00:00,2018-11-12 15:00,1.16707,0.24865,0.0,0.14311,0.77531,0.29436,0.28912,0.0,0.00524
2018-11-12 16:00:00,2018-11-12 16:00,1.1967,0.24865,0.0,0.14427,0.80378,0.28787,0.28476,0.0,0.00311
2018-11-12 17:00:00,2018-11-12 17:00,1.32316,0.24848,0.0009,0.16391,0.90986,0.30291,0.29706,0.0,0.00585
2018-11-12 18:00:00,2018-11-12 18:00,1.43497,0.24645,0.00131,0.1498,1.03742,0.30852,0.3041,0.0,0.00442
2018-11-12 19:00:00,2018-11-12 19:00,1.55599,0.2425,0.0,0.14704,1.16646,0.31003,0.3023,0.0,0.00774
2018-11-12 20:00:00,2018-11-12 20:00,1.61004,0.2422,0.00141,0.12849,1.23793,0.31777,0.31325,0.0,0.00452
2018-11-12 21:00:00,2018-11-12 21:00,1.56257,0.2422,0.00128,0.11925,1.19984,0.32312,0.31964,0.0,0.00348
2018-11-12 22:00:00,2018-11-12 22:00,1.40179,0.24136,0.0,0.09433,1.0661,0.33249,0.32983,0.0,0.00266
2018-11-12 23:00:00,2018-11-12 23:00,1.08631,0.24549,0.0,0.07973,0.76108,0.35332,0.35235,0.0,0.00097
2018-11-13 00:00:00,2018-11-13 00:00,0.85764,0.24415,0.0,0.04944,0.56405,0.35733,0.35687,0.0,0.00046
2018-11-13 01:00:00,2018-11-13 01:00,0.78132,0.24119,0.0037,0.04501,0.49142,0.36101,0.36069,0.0,0.00032
2018-11-13 02:00:00,2018-11-13 02:00,0.77674,0.24446,0.00211,0.05165,0.47852,0.37031,0.37012,0.0,0.00018
2018-11-13 03:00:00,2018-11-13 03:00,0.74195,0.24532,0.0,0.04678,0.44985,0.38937,0.38897,0.0,0.0004
2018-11-13 04:00:00,2018-11-13 04:00,0.74253,0.24431,0.0013,0.04803,0.44889,0.40169,0.40118,0.0,0.00051
2018-11-13 05:00:00,2018-11-13 05:00,0.7597,0.24805,0.0,0.04447,0.46718,0.41974,0.41938,0.0,0.00035
2018-11-13 06:00:00,2018-11-13 06:00,0.87561,0.24825,0.0,0.10698,0.52038,0.43238,0.43063,0.0,0.00175
2018-11-13 07:00:00,2018-11-13 07:00,1.03408,0.24865,0.0,0.17529,0.61014,0.4455,0.44296,0.0,0.00254
2018-11-13 08:00:00,2018-11-13 08:00,1.11115,0.2481,0.0,0.19564,0.66741,0.43766,0.43284,0.0,0.00482
2018-11-13 09:00:00,2018-11-13 09:00,1.19171,0.24815,0.0,0.1807,0.76286,0.42069,0.41372,0.0,0.00697
2018-11-13 10:00:00,2018-11-13 10:00,1.12701,0.2477,0.0,0.1509,0.72842,0.39215,0.38751,0.0,0.00464
2018-11-13 11:00:00,2018-11-13 11:00,1.09844,0.24834,0.0,0.12216,0.72794,0.35869,0.35433,0.0,0.00436
2018-11-13 12:00:00,2018-11-13 12:00,1.03682,0.24672,0.0,0.1254,0.6647,0.32353,0.31814,0.0,0.00539
2018-11-13 13:00:00,2018-11-13 13:00,1.05575,0.24672,0.00193,0.13102,0.67609,0.30517,0.30068,0.0,0.00449
2018-11-13 14:00:00,2018-11-13 14:00,1.06045,0.24739,0.0,0.11378,0.69928,0.26856,0.26632,0.0,0.00224
2018-11-13 15:00:00,2018-11-13 15:00,1.09164,0.24865,0.0,0.13165,0.71134,0.25295,0.2497,0.0,0.00325
2018-11-13 16:00:00,2018-11-13 16:00,1.21661,0.24865,0.0,0.16206,0.80591,0.25728,0.24849,0.0,0.00879
2018-11-13 17:00:00,2018-11-13 17:00,1.30465,0.24848,0.00088,0.14923,0.90606,0.26813,0.25971,0.0,0.00842
2018-11-13 18:00:00,2018-11-13 18:00,1.4452,0.24611,0.00136,0.12116,1.07657,0.27802,0.27229,0.0,0.00573
2018-11-13 19:00:00,2018-11-13 19:00,1.62548,0.24313,0.0,0.14391,1.23845,0.29607,0.28778,0.0,0.00829
2018-11-13 20:00:00,2018-11-13 20:00,1.65095,0.24186,0.00152,0.13125,1.27632,0.30953,0.30274,0.0,0.0068
2018-11-13 21:00:00,2018-11-13 21:00,1.63445,0.242,0.00135,0.15069,1.24042,0.31004,0.30319,0.0,0.00685
2018-11-13 22:00:00,2018-11-13 22:00,1.41796,0.23948,0.0,0.11012,1.06836,0.31004,0.30582,0.0,0.00422
2018-11-13 23:00:00,2018-11-13 23:00,1.11898,0.24432,0.0,0.08792,0.78675,0.32511,0.32131,0.0,0.0038
2018-11-14 00:00:00,2018-11-14 00:00,0.85458,0.24374,0.0,0.05589,0.55495,0.32472,0.32147,0.0,0.00325
2018-11-14 01:00:00,2018-11-14 01:00,0.76887,0.24077,0.00376,0.03219,0.49215,0.31498,0.31438,0.0,0.00059
2018-11-14 02:00:00,2018-11-14 02:00,0.73847,0.24423,0.00195,0.03831,0.45399,0.31785,0.31766,0.0,0.00018
2018-11-14 03:00:00,2018-11-14 03:00,0.75999,0.24489,0.0,0.04306,0.47204,0.33073,0.33058,0.0,0.00015
2018-11-14 04:00:00,2018-11-14 04:00,0.75635,0.24294,0.00115,0.03844,0.47382,0.33601,0.33572,0.0,0.00029
2018-11-14 05:00:00,2018-11-14 05:00,0.79645,0.24777,0.0,0.05943,0.48925,0.34616,0.34527,0.0,0.00088
2018-11-14 06:00:00,2018-11-14 06:00,0.88328,0.24791,0.0,0.13139,0.50399,0.3538,0.35257,0.0,0.00123
2018-11-14 07:00:00,2018-11-14 07:00,1.03555,0.24818,0.0,0.17935,0.60802,0.36547,0.36202,0.0,0.00344
2018-11-14 08:00:00,2018-11-14 08:00,1.10276,0.24787,0.0,0.19037,0.66453,0.35175,0.34848,0.0,0.00327
2018-11-14 09:00:00,2018-11-14 09:00,1.1265,0.24799,0.0,0.20169,0.67682,0.33506,0.33107,0.0,0.00399
2018-11-14 10:00:00,2018-11-14 10:00,1.18054,0.24742,0.0,0.18357,0.74956,0.30354,0.30008,0.0,0.00346
2018-11-14 11:00:00,2018-11-14 11:00,1.10393,0.24737,0.0,0.14741,0.70914,0.26528,0.25955,0.0,0.00573
2018-11-14 12:00:00,2018-11-14 12:00,1.15084,0.33348,0.0,0.14127,0.67609,0.21338,0.20834,0.0,0.00504
2018-11-14 13:00:00,2018-11-14 13:00,1.96188,1.14202,0.00167,0.10913,0.70905,0.08003,0.07504,0.0,0.00499
2018-11-14 14:00:00,2018-11-14 14:00,2.10576,1.32838,0.0,0.12346,0.65392,0.0042,0.0,0.0,0.0042
2018-11-14 15:00:00,2018-11-14 15:00,1.87489,1.05985,1e-05,0.11828,0.69674,0.00471,0.0,0.0,0.00471
2018-11-14 16:00:00,2018-11-14 16:00,1.8423,0.98012,0.0,0.12905,0.73312,0.00322,0.0,0.0,0.00322
2018-11-14 17:00:00,2018-11-14 17:00,2.14978,1.07345,0.00078,0.144,0.93155,0.00495,0.0,0.0,0.00495
2018-11-14 18:00:00,2018-11-14 18:00,2.60827,1.3014,0.0029,0.13449,1.16948,0.00485,0.0,0.0,0.00485
2018-11-14 19:00:00,2018-11-14 19:00,2.8068,1.42771,0.0,0.15323,1.22587,0.00627,0.0,0.0,0.00627
2018-11-14 20:00:00,2018-11-14 20:00,2.88328,1.5139,0.00213,0.13192,1.23533,0.00313,0.0,0.0,0.00313
2018-11-14 21:00:00,2018-11-14 21:00,2.78449,1.46111,0.00185,0.12123,1.2003,0.01332,0.0113,0.0,0.00201
2018-11-14 22:00:00,2018-11-14 22:00,2.18861,1.05494,0.0,0.09576,1.0379,0.06604,0.06421,0.0,0.00183
2018-11-14 23:00:00,2018-11-14 23:00,2.00719,1.07844,0.00029,0.07799,0.85048,0.07764,0.07672,0.0,0.00093
2018-11-15 00:00:00,2018-11-15 00:00,1.50221,0.85919,0.0,0.057,0.58603,0.10812,0.10728,0.0,0.00084
2018-11-15 01:00:00,2018-11-15 01:00,0.91503,0.37805,0.00398,0.05225,0.48074,0.17377,0.17345,0.0,0.00032
2018-11-15 02:00:00,2018-11-15 02:00,0.75644,0.2391,0.00207,0.05809,0.45718,0.19623,0.19605,0.0,0.00018
2018-11-15 03:00:00,2018-11-15 03:00,0.73533,0.24032,0.0,0.04192,0.4531,0.21124,0.21109,0.0,0.00015
2018-11-15 04:00:00,2018-11-15 04:00,0.72491,0.23872,0.00112,0.03941,0.44566,0.22149,0.22122,0.0,0.00028
2018-11-15 05:00:00,2018-11-15 05:00,0.76942,0.244,0.0,0.06526,0.46016,0.23111,0.23055,0.0,0.00056
2018-11-15 06:00:00,2018-11-15 06:00,0.84268,0.24626,0.0,0.11092,0.48551,0.24083,0.24001,0.0,0.00083
2018-11-15 07:00:00,2018-11-15 07:00,1.05405,0.24784,0.0001,0.17333,0.63278,0.2609,0.2538,0.0,0.0071
2018-11-15 08:00:00,2018-11-15 08:00,1.17271,0.24709,0.0,0.19783,0.7278,0.254,0.24615,0.0,0.00785
2018-11-15 09:00:00,2018-11-15 09:00,1.16945,0.24752,0.0,0.20111,0.72081,0.24194,0.23677,0.0,0.00517
2018-11-15 10:00:00,2018-11-15 10:00,1.47425,0.57478,0.0,0.17128,0.72819,0.18437,0.17978,0.0,0.00459
2018-11-15 11:00:00,2018-11-15 11:00,2.38403,1.60421,0.0,0.12046,0.65936,0.01544,0.01254,0.0,0.00289
2018-11-15 12:00:00,2018-11-15 12:00,2.2935,1.51562,0.0,0.09375,0.68414,0.00328,0.0,0.0,0.00328
2018-11-15 13:00:00,2018-11-15 13:00,2.11544,1.28845,0.00161,0.11931,0.70606,0.00357,0.0,0.0,0.00357
2018-11-15 14:00:00,2018-11-15 14:00,1.8221,1.01157,0.0,0.12144,0.68909,0.00606,0.0,0.0,0.00606
2018-11-15 15:00:00,2018-11-15 15:00,1.68467,0.87367,5e-05,0.1055,0.70545,0.00468,0.0,0.0,0.00468
2018-11-15 16:00:00,2018-11-15 16:00,1.71824,0.81629,0.0,0.13002,0.77193,0.00601,0.0,0.0,0.00601
2018-11-15 17:00:00,2018-11-15 17:00,1.96566,0.87599,0.00088,0.13758,0.9512,0.00793,0.0,0.0,0.00793
2018-11-15 18:00:00,2018-11-15 18:00,2.22266,0.98475,0.00341,0.13277,1.10173,0.00592,0.0,0.0,0.00592
2018-11-15 19:00:00,2018-11-15 19:00,2.55003,1.08199,0.00019,0.13334,1.33451,0.00635,0.0,0.0,0.00635
2018-11-15 20:00:00,2018-11-15 20:00,2.78682,1.24052,0.00229,0.15231,1.3917,0.00324,0.0,0.0,0.00324
2018-11-15 21:00:00,2018-11-15 21:00,2.79701,1.39362,0.00194,0.12567,1.27579,0.00391,0.0,0.0,0.00391
2018-11-15 22:00:00,2018-11-15 22:00,2.69266,1.48779,0.0,0.09603,1.10884,0.0018,0.0,0.0,0.0018
2018-11-15 23:00:00,2018-11-15 23:00,2.50551,1.61636,0.00023,0.06685,0.82207,0.00225,0.0,0.0,0.00225
2018-11-16 00:00:00,2018-11-16 00:00,2.32608,1.66483,0.0,0.06969,0.59157,0.00127,0.0,0.0,0.00127
2018-11-16 01:00:00,2018-11-16 01:00,1.46823,0.94142,0.00276,0.04215,0.48191,0.10468,0.10324,0.0,0.00144
2018-11-16 02:00:00,2018-11-16 02:00,1.06859,0.54847,0.0001,0.03363,0.48639,0.15134,0.15077,0.0,0.00057
2018-11-16 03:00:00,2018-11-16 03:00,0.7345,0.24023,0.0,0.03496,0.45931,0.202,0.20162,0.0,0.00039
2018-11-16 04:00:00,2018-11-16 04:00,0.74707,0.23747,0.00113,0.05436,0.45412,0.21346,0.21254,0.0,0.00092
2018-11-16 05:00:00,2018-11-16 05:00,0.75963,0.2435,0.0,0.04911,0.46703,0.22537,0.22428,0.0,0.00109
2018-11-16 06:00:00,2018-11-16 06:00,0.84162,0.24648,0.0,0.09877,0.49636,0.23865,0.23754,0.0,0.00111
2018-11-16 07:00:00,2018-11-16 07:00,1.02681,0.24762,0.00019,0.16671,0.6123,0.25926,0.2538,0.0,0.00545
2018-11-16 08:00:00,2018-11-16 08:00,1.14155,0.24763,0.0,0.18502,0.70889,0.25615,0.25057,0.0,0.00559
2018-11-16 09:00:00,2018-11-16 09:00,1.19294,0.24752,0.0,0.15438,0.79103,0.26976,0.26354,0.0,0.00623
2018-11-16 10:00:00,2018-11-16 10:00,1.12818,0.24691,0.0,0.16901,0.71225,0.27589,0.27156,0.0,0.00433
2018-11-16 11:00:00,2018-11-16 11:00,1.1,0.24767,0.0,0.15422,0.69811,0.26978,0.26698,0.0,0.0028
2018-11-16 12:00:00,2018-11-16 12:00,1.1046,0.24655,0.0,0.11462,0.74343,0.25826,0.25295,0.0,0.00531
2018-11-16 13:00:00,2018-11-16 13:00,1.11073,0.24642,0.00175,0.13085,0.7317,0.25188,0.24493,0.0,0.00695
2018-11-16 14:00:00,2018-11-16 14:00,1.09391,0.24579,0.0,0.1,0.74812,0.22468,0.22034,0.0,0.00434
2018-11-16 15:00:00,2018-11-16 15:00,1.12376,0.247,0.0,0.13426,0.7425,0.2113,0.20866,0.0,0.00264
2018-11-16 16:00:00,2018-11-16 16:00,1.19266,0.24855,0.0,0.15766,0.78645,0.21358,0.20763,0.0,0.00596
2018-11-16 17:00:00,2018-11-16 17:00,1.27877,0.24848,0.00082,0.15889,0.87059,0.21556,0.20899,0.0,0.00657
2018-11-16 18:00:00,2018-11-16 18:00,1.50543,0.24541,0.00217,0.13519,1.12266,0.21384,0.20663,0.0,0.00722
2018-11-16 19:00:00,2018-11-16 19:00,1.59884,0.24054,0.00027,0.1289,1.22913,0.21033,0.20564,0.0,0.0047
2018-11-16 20:00:00,2018-11-16 20:00,1.62812,0.23977,0.00181,0.13714,1.2494,0.21708,0.21404,0.0,0.00304
2018-11-16 21:00:00,2018-11-16 21:00,1.64889,0.23788,0.00166,0.12519,1.28417,0.21682,0.21226,0.0,0.00456
2018-11-16 22:00:00,2018-11-16 22:00,1.45979,0.23471,0.00011,0.10916,1.1158,0.219,0.21483,0.0,0.00417
2018-11-16 23:00:00,2018-11-16 23:00,1.04887,0.2413,0.0,0.07763,0.72994,0.23531,0.23044,0.0,0.00487
2018-11-17 00:00:00,2018-11-17 00:00,0.8702,0.24058,0.0,0.06404,0.56558,0.23852,0.23704,0.0,0.00148
2018-11-17 01:00:00,2018-11-17 01:00,0.79167,0.23768,0.00396,0.04602,0.504,0.24199,0.23988,0.0,0.00211
2018-11-17 02:00:00,2018-11-17 02:00,0.76678,0.24073,0.00182,0.0431,0.48113,0.24685,0.24667,0.0,0.00018
2018-11-17 03:00:00,2018-11-17 03:00,0.74706,0.24375,0.0,0.04393,0.45938,0.26738,0.26723,0.0,0.00015
2018-11-17 04:00:00,2018-11-17 04:00,0.73251,0.24106,0.0011,0.04273,0.44763,0.28152,0.28127,0.0,0.00025
2018-11-17 05:00:00,2018-11-17 05:00,0.74713,0.24619,0.0,0.04508,0.45586,0.29416,0.2934,0.0,0.00076
2018-11-17 06:00:00,2018-11-17 06:00,0.77668,0.24818,0.0,0.06384,0.46466,0.30755,0.30691,0.0,0.00064
2018-11-17 07:00:00,2018-11-17 07:00,0.8404,0.24818,0.0,0.08468,0.50754,0.32558,0.3238,0.0,0.00178
2018-11-17 08:00:00,2018-11-17 08:00,0.96415,0.24818,0.0,0.11771,0.59826,0.32534,0.32197,0.0,0.00337
2018-11-17 09:00:00,2018-11-17 09:00,1.15623,0.24818,0.0,0.19289,0.71515,0.33366,0.32805,0.0,0.00561
2018-11-17 10:00:00,2018-11-17 10:00,1.34047,0.24818,0.0,0.2001,0.89218,0.33604,0.3292,0.0,0.00684
2018-11-17 11:00:00,2018-11-17 11:00,1.27618,0.24865,0.0,0.16713,0.86041,0.30456,0.29926,0.0,0.00531
2018-11-17 12:00:00,2018-11-17 12:00,1.18672,0.24865,0.0,0.1608,0.77728,0.26528,0.26048,0.0,0.0048
2018-11-17 13:00:00,2018-11-17 13:00,1.23227,0.24846,0.0,0.15202,0.83179,0.24562,0.24024,0.0,0.00538
2018-11-17 14:00:00,2018-11-17 14:00,1.20417,0.24865,0.0,0.14728,0.80824,0.21136,0.2072,0.0,0.00416
2018-11-17 15:00:00,2018-11-17 15:00,1.23386,0.24865,0.0,0.15524,0.82997,0.19661,0.19341,0.0,0.00321
2018-11-17 16:00:00,2018-11-17 16:00,1.35468,0.24865,0.0,0.18271,0.92333,0.20071,0.19247,0.0,0.00825
2018-11-17 17:00:00,2018-11-17 17:00,1.4024,0.24851,0.0,0.15744,0.99645,0.21969,0.21181,0.0,0.00788
2018-11-17 18:00:00,2018-11-17 18:00,1.55994,0.2459,0.0017,0.152,1.16033,0.23872,0.23345,0.0,0.00527
2018-11-17 19:00:00,2018-11-17 19:00,1.68792,0.24153,0.0,0.15148,1.29491,0.25171,0.24764,0.0,0.00406
2018-11-17 20:00:00,2018-11-17 20:00,1.69989,0.24141,0.00168,0.12089,1.33592,0.26297,0.25973,0.0,0.00324
2018-11-17 21:00:00,2018-11-17 21:00,1.67432,0.24083,0.0015,0.11497,1.31702,0.27033,0.26731,0.0,0.00302
2018-11-17 22:00:00,2018-11-17 22:00,1.44843,0.23873,0.0,0.10204,1.10767,0.27996,0.27639,0.0,0.00357
2018-11-17 23:00:00,2018-11-17 23:00,1.15786,0.24373,0.0,0.09954,0.81458,0.30439,0.30174,0.0,0.00265
2018-11-18 00:00:00,2018-11-18 00:00,0.8753,0.24274,0.0,0.06437,0.56819,0.31571,0.31341,0.0,0.00229
2018-11-18 01:00:00,2018-11-18 01:00,0.79354,0.24059,0.0038,0.05564,0.4935,0.32492,0.32317,0.0,0.00175
2018-11-18 02:00:00,2018-11-18 02:00,0.76459,0.24397,0.00203,0.05252,0.46606,0.34004,0.33954,0.0,0.00051
2018-11-18 03:00:00,2018-11-18 03:00,0.74046,0.245,0.0,0.03225,0.4632,0.36643,0.36566,0.0,0.00077
2018-11-18 04:00:00,2018-11-18 04:00,0.75227,0.2437,0.0013,0.05157,0.4557,0.38223,0.38131,0.0,0.00092
2018-11-18 05:00:00,2018-11-18 05:00,0.75218,0.24818,0.0,0.0495,0.4545,0.39968,0.3993,0.0,0.00038
2018-11-18 06:00:00,2018-11-18 06:00,0.76646,0.2483,0.0,0.05557,0.46259,0.41237,0.41208,0.0,0.0003
2018-11-18 07:00:00,2018-11-18 07:00,0.86232,0.24865,0.0,0.09413,0.51954,0.42824,0.42669,0.0,0.00154
2018-11-18 08:00:00,2018-11-18 08:00,1.01768,0.24865,0.0,0.14612,0.62291,0.42448,0.42049,0.0,0.00398
2018-11-18 09:00:00,2018-11-18 09:00,1.18012,0.24865,0.0,0.20025,0.73122,0.40942,0.40367,0.0,0.00575
2018-11-18 10:00:00,2018-11-18 10:00,1.19444,0.24865,0.0,0.19406,0.75173,0.37888,0.37174,0.0,0.00714
2018-11-18 11:00:00,2018-11-18 11:00,1.12866,0.24865,0.0,0.16948,0.71052,0.33831,0.3313,0.0,0.00701
2018-11-18 12:00:00,2018-11-18 12:00,1.21968,0.24865,0.0,0.16649,0.80454,0.29422,0.2892,0.0,0.00502
2018-11-18 13:00:00,2018-11-18 13:00,1.19013,0.2483,0.0,0.14577,0.79605,0.27633,0.26903,0.0,0.0073
2018-11-18 14:00:00,2018-11-18 14:00,1.23517,0.24819,0.0,0.15028,0.83671,0.24852,0.24247,0.0,0.00606
2018-11-18 15:00:00,2018-11-18 15:00,1.28495,0.24865,0.0,0.16173,0.87457,0.24015,0.23468,0.0,0.00547
2018-11-18 16:00:00,2018-11-18 16:00,1.39985,0.24865,0.0,0.18538,0.96583,0.2461,0.23888,0.0,0.00722
2018-11-18 17:00:00,2018-11-18 17:00,1.45529,0.24865,0.0,0.18317,1.02347,0.25947,0.25206,0.0,0.00741
2018-11-18 18:00:00,2018-11-18 18:00,1.5604,0.24624,0.00144,0.1505,1.16222,0.26472,0.25678,0.0,0.00794
2018-11-18 19:00:00,2018-11-18 19:00,1.65126,0.24205,0.0,0.13475,1.27445,0.26084,0.25546,0.0,0.00538
2018-11-18 20:00:00,2018-11-18 20:00,1.74943,0.24175,0.00157,0.11939,1.38673,0.2608,0.25572,0.0,0.00508
2018-11-18 21:00:00,2018-11-18 21:00,1.69833,0.24004,0.00141,0.11628,1.3406,0.25172,0.24857,0.0,0.00315
2018-11-18 22:00:00,2018-11-18 22:00,1.48709,0.23882,0.0,0.1091,1.13917,0.24812,0.24495,0.0,0.00317
2018-11-18 23:00:00,2018-11-18 23:00,1.20626,0.24293,4e-05,0.09813,0.86517,0.25672,0.25381,0.0,0.00291
2018-11-19 00:00:00,2018-11-19 00:00,0.9828,0.24087,0.0,0.06631,0.67563,0.25047,0.24903,0.0,0.00144
2018-11-19 01:00:00,2018-11-19 01:00,0.78737,0.23819,0.00374,0.04463,0.50081,0.23948,0.23916,0.0,0.00032
2018-11-19 02:00:00,2018-11-19 02:00,0.75385,0.24145,0.00181,0.04206,0.46853,0.23972,0.23954,0.0,0.00018
2018-11-19 03:00:00,2018-11-19 03:00,0.72983,0.24348,0.0,0.02503,0.46132,0.25181,0.25165,0.0,0.00015
2018-11-19 04:00:00,2018-11-19 04:00,0.73774,0.24014,0.00103,0.03558,0.46099,0.25982,0.25946,0.0,0.00036
2018-11-19 05:00:00,2018-11-19 05:00,0.79716,0.24535,0.0,0.06454,0.48728,0.27094,0.26999,0.0,0.00095
2018-11-19 06:00:00,2018-11-19 06:00,0.8412,0.24791,0.0,0.10648,0.48681,0.28368,0.28139,0.0,0.00229
2018-11-19 07:00:00,2018-11-19 07:00,1.0157,0.24818,0.0,0.18439,0.58313,0.3027,0.29741,0.0,0.00529
2018-11-19 08:00:00,2018-11-19 08:00,1.15882,0.24763,0.0,0.21573,0.69546,0.29818,0.29281,0.0,0.00537
2018-11-19 09:00:00,2018-11-19 09:00,1.13397,0.24752,0.0,0.18801,0.69844,0.2967,0.2916,0.0,0.0051
2018-11-19 10:00:00,2018-11-19 10:00,1.15177,0.24703,0.0,0.14064,0.7641,0.29972,0.29764,0.0,0.00208
2018-11-19 11:00:00,2018-11-19 11:00,1.16655,0.24775,0.0,0.12277,0.79603,0.30172,0.29818,0.0,0.00354
2018-11-19 12:00:00,2018-11-19 12:00,1.16377,0.24672,0.0,0.12927,0.78777,0.29274,0.28736,0.0,0.00539
2018-11-19 13:00:00,2018-11-19 13:00,1.10499,0.24672,0.00175,0.14604,0.71048,0.2917,0.28777,0.0,0.00392
2018-11-19 14:00:00,2018-11-19 14:00,1.10504,0.2464,0.0,0.14623,0.71241,0.27844,0.27461,0.0,0.00383
2018-11-19 15:00:00,2018-11-19 15:00,1.13131,0.24836,0.0,0.13591,0.74705,0.28136,0.2782,0.0,0.00316
2018-11-19 16:00:00,2018-11-19 16:00,1.12196,0.24865,0.0,0.13428,0.73903,0.28772,0.28316,0.0,0.00455
2018-11-19 17:00:00,2018-11-19 17:00,1.29483,0.24848,0.00085,0.15238,0.89312,0.29464,0.28993,0.0,0.0047
2018-11-19 18:00:00,2018-11-19 18:00,1.48065,0.24658,0.00124,0.15815,1.07469,0.29342,0.28736,0.0,0.00607
2018-11-19 19:00:00,2018-11-19 19:00,1.66545,0.2426,0.0,0.17091,1.25194,0.2974,0.28826,0.0,0.00914
2018-11-19 20:00:00,2018-11-19 20:00,1.70792,0.24204,0.0014,0.15069,1.31379,0.30296,0.29614,0.0,0.00682
2018-11-19 21:00:00,2018-11-19 21:00,1.59768,0.24193,0.00128,0.10633,1.24814,0.29533,0.28983,0.0,0.0055
2018-11-19 22:00:00,2018-11-19 22:00,1.46642,0.24012,0.0,0.08873,1.13756,0.29229,0.28793,0.0,0.00436
2018-11-19 23:00:00,2018-11-19 23:00,1.13594,0.24411,0.0,0.09775,0.79408,0.30284,0.30054,0.0,0.0023
2018-11-20 00:00:00,2018-11-20 00:00,0.87055,0.24322,0.0,0.06649,0.56084,0.29903,0.29712,0.0,0.00191
2018-11-20 01:00:00,2018-11-20 01:00,0.79601,0.24034,0.00367,0.04872,0.50328,0.29421,0.29338,0.0,0.00083
2018-11-20 02:00:00,2018-11-20 02:00,0.7582,0.24377,0.00189,0.03728,0.47525,0.29875,0.29794,0.0,0.00081
2018-11-20 03:00:00,2018-11-20 03:00,0.75037,0.24456,0.0,0.05174,0.45407,0.31705,0.3169,0.0,0.00015
2018-11-20 04:00:00,2018-11-20 04:00,0.75703,0.24255,0.00118,0.04334,0.46995,0.33312,0.33242,0.0,0.0007
2018-11-20 05:00:00,2018-11-20 05:00,0.76502,0.24741,0.0,0.06102,0.4566,0.35237,0.35108,0.0,0.00129
2018-11-20 06:00:00,2018-11-20 06:00,0.83896,0.24791,0.0,0.09532,0.49573,0.36677,0.36482,0.0,0.00196
2018-11-20 07:00:00,2018-11-20 07:00,1.01745,0.2483,0.0,0.17682,0.59234,0.38357,0.38068,0.0,0.00289
2018-11-20 08:00:00,2018-11-20 08:00,1.12968,0.2481,0.0,0.18957,0.69202,0.38629,0.38149,0.0,0.0048
2018-11-20 09:00:00,2018-11-20 09:00,1.23886,0.24815,0.0,0.19426,0.79644,0.40321,0.39548,0.0,0.00773
2018-11-20 10:00:00,2018-11-20 10:00,1.19004,0.24782,0.0,0.16874,0.77348,0.41054,0.40418,0.0,0.00636
2018-11-20 11:00:00,2018-11-20 11:00,1.10311,0.24834,0.0,0.14453,0.71024,0.39622,0.39344,0.0,0.00279
2018-11-20 12:00:00,2018-11-20 12:00,1.0822,0.24685,0.0,0.13306,0.70229,0.37567,0.37189,0.0,0.00377
2018-11-20 13:00:00,2018-11-20 13:00,1.0637,0.24753,0.00184,0.12855,0.68578,0.36355,0.36099,0.0,0.00255
2018-11-20 14:00:00,2018-11-20 14:00,1.08154,0.24777,0.0,0.13598,0.69778,0.33074,0.3287,0.0,0.00204
2018-11-20 15:00:00,2018-11-20 15:00,1.15513,0.24865,0.0,0.14186,0.76461,0.31533,0.31182,0.0,0.00351
2018-11-20 16:00:00,2018-11-20 16:00,1.18748,0.24865,0.0,0.15569,0.78313,0.29765,0.2954,0.0,0.00225
2018-11-20 17:00:00,2018-11-20 17:00,1.29924,0.24848,0.00083,0.14841,0.90152,0.28841,0.28409,0.0,0.00433
2018-11-20 18:00:00,2018-11-20 18:00,1.46071,0.24643,0.00132,0.16016,1.0528,0.27204,0.26594,0.0,0.0061
2018-11-20 19:00:00,2018-11-20 19:00,1.63132,0.24217,0.0,0.16175,1.2274,0.25915,0.25076,0.0,0.00838
2018-11-20 20:00:00,2018-11-20 20:00,1.65375,0.24051,0.00145,0.13465,1.27715,0.25032,0.24455,0.0,0.00578
2018-11-20 21:00:00,2018-11-20 21:00,1.58182,0.23946,0.00136,0.11277,1.22823,0.2321,0.2285,0.0,0.0036
2018-11-20 22:00:00,2018-11-20 22:00,1.38473,0.23721,0.0,0.10846,1.03905,0.22627,0.22241,0.0,0.00386
2018-11-20 23:00:00,2018-11-20 23:00,1.06667,0.24304,9e-05,0.0936,0.72994,0.23041,0.2281,0.0,0.00231
2018-11-21 00:00:00,2018-11-21 00:00,0.86164,0.2405,0.0,0.07414,0.547,0.22725,0.22545,0.0,0.0018
2018-11-21 01:00:00,2018-11-21 01:00,0.78482,0.23743,0.00367,0.05224,0.49149,0.22235,0.22188,0.0,0.00047
2018-11-21 02:00:00,2018-11-21 02:00,0.74988,0.24003,0.00189,0.03377,0.4742,0.22346,0.22328,0.0,0.00018
2018-11-21 03:00:00,2018-11-21 03:00,0.74451,0.24285,0.0,0.05021,0.45146,0.23731,0.23716,0.0,0.00015
2018-11-21 04:00:00,2018-11-21 04:00,0.72558,0.23993,0.00107,0.03991,0.44468,0.24793,0.24737,0.0,0.00056
2018-11-21 05:00:00,2018-11-21 05:00,0.74713,0.24479,0.0,0.05289,0.44945,0.26262,0.2622,0.0,0.00042
2018-11-21 06:00:00,2018-11-21 06:00,0.82528,0.24776,0.0,0.09761,0.47991,0.27994,0.27813,0.0,0.00182
2018-11-21 07:00:00,2018-11-21 07:00,0.98858,0.24818,0.0,0.16201,0.57838,0.30064,0.2974,0.0,0.00324
2018-11-21 08:00:00,2018-11-21 08:00,1.11657,0.24763,0.0,0.21188,0.65706,0.30705,0.30165,0.0,0.0054
2018-11-21 09:00:00,2018-11-21 09:00,1.21173,0.24752,0.0,0.19245,0.77175,0.32436,0.31882,0.0,0.00554
2018-11-21 10:00:00,2018-11-21 10:00,1.18225,0.24736,0.0,0.18052,0.75437,0.3313,0.32871,0.0,0.00259
2018-11-21 11:00:00,2018-11-21 11:00,1.09945,0.24821,0.0,0.13285,0.71839,0.32502,0.32161,0.0,0.00342
2018-11-21 12:00:00,2018-11-21 12:00,1.09385,0.24672,0.0,0.12885,0.71828,0.30439,0.30018,0.0,0.00421
2018-11-21 13:00:00,2018-11-21 13:00,1.08489,0.24672,0.00179,0.12543,0.71095,0.29483,0.29028,0.0,0.00455
2018-11-21 14:00:00,2018-11-21 14:00,1.06537,0.24681,0.0,0.13018,0.68838,0.27582,0.27192,0.0,0.00391
2018-11-21 15:00:00,2018-11-21 15:00,1.07536,0.24865,0.0,0.15909,0.66763,0.26796,0.26532,0.0,0.00264
2018-11-21 16:00:00,2018-11-21 16:00,1.14978,0.24865,0.0,0.16585,0.73529,0.25384,0.25042,0.0,0.00341
2018-11-21 17:00:00,2018-11-21 17:00,1.31216,0.24848,0.00084,0.16489,0.89794,0.26075,0.25666,0.0,0.00409
2018-11-21 18:00:00,2018-11-21 18:00,1.54708,0.24624,0.00143,0.14501,1.15441,0.2712,0.264,0.0,0.00721
2018-11-21 19:00:00,2018-11-21 19:00,1.66263,0.24243,0.0,0.15565,1.26455,0.26877,0.26375,0.0,0.00502
2018-11-21 20:00:00,2018-11-21 20:00,1.70066,0.24142,0.00142,0.15776,1.30005,0.27311,0.26862,0.0,0.00449
2018-11-21 21:00:00,2018-11-21 21:00,1.68117,0.24066,0.00062,0.11799,1.3219,0.26471,0.26162,0.0,0.00309
2018-11-21 22:00:00,2018-11-21 22:00,1.38036,0.23839,0.0,0.09982,1.04215,0.259,0.25527,0.0,0.00374
2018-11-21 23:00:00,2018-11-21 23:00,1.11502,0.24375,0.0,0.08983,0.78144,0.26452,0.26341,0.0,0.00111
2018-11-22 00:00:00,2018-11-22 00:00,0.84721,0.24131,0.0,0.05433,0.55157,0.25885,0.2579,0.0,0.00096
2018-11-22 01:00:00,2018-11-22 01:00,0.77695,0.23863,0.00365,0.05133,0.48334,0.25182,0.25147,0.0,0.00035
2018-11-22 02:00:00,2018-11-22 02:00,0.75445,0.24169,0.00176,0.03714,0.47386,0.25106,0.25087,0.0,0.00018
2018-11-22 03:00:00,2018-11-22 03:00,0.77208,0.24379,0.0,0.03929,0.48901,0.26291,0.26269,0.0,0.00022
2018-11-22 04:00:00,2018-11-22 04:00,0.74941,0.24104,0.00104,0.0447,0.46264,0.26797,0.26725,0.0,0.00072
2018-11-22 05:00:00,2018-11-22 05:00,0.75707,0.24569,0.0,0.04949,0.4619,0.27249,0.272,0.0,0.00049
2018-11-22 06:00:00,2018-11-22 06:00,0.87629,0.24791,0.0,0.11466,0.51372,0.28118,0.27934,0.0,0.00184
2018-11-22 07:00:00,2018-11-22 07:00,1.08036,0.24818,0.0,0.20504,0.62714,0.29571,0.29212,0.0,0.00359
2018-11-22 08:00:00,2018-11-22 08:00,1.2029,0.24763,0.0,0.21007,0.7452,0.28763,0.28411,0.0,0.00352
2018-11-22 09:00:00,2018-11-22 09:00,1.19269,0.24752,0.0,0.17684,0.76833,0.28343,0.27895,0.0,0.00448
2018-11-22 10:00:00,2018-11-22 10:00,1.05934,0.24708,0.0,0.14779,0.66447,0.29072,0.28585,0.0,0.00488
2018-11-22 11:00:00,2018-11-22 11:00,1.06397,0.24787,0.0,0.14478,0.67132,0.28701,0.28308,0.0,0.00392
2018-11-22 12:00:00,2018-11-22 12:00,1.06341,0.24653,0.0,0.12821,0.68867,0.27579,0.27258,0.0,0.00321
2018-11-22 13:00:00,2018-11-22 13:00,1.109,0.24672,0.0017,0.14888,0.71171,0.27422,0.27085,0.0,0.00337
2018-11-22 14:00:00,2018-11-22 14:00,1.08925,0.24634,0.0,0.14844,0.69447,0.25054,0.24816,0.0,0.00238
2018-11-22 15:00:00,2018-11-22 15:00,1.42392,0.60507,0.0,0.13384,0.68501,0.19405,0.19226,0.0,0.0018
2018-11-22 16:00:00,2018-11-22 16:00,2.17722,1.28113,0.0,0.14924,0.74685,0.09598,0.09177,0.0,0.00421
2018-11-22 17:00:00,2018-11-22 17:00,1.93816,0.91284,0.00079,0.14535,0.87917,0.13974,0.13444,0.0,0.00529
2018-11-22 18:00:00,2018-11-22 18:00,2.05181,0.86985,0.00172,0.11901,1.06122,0.143,0.13681,0.0,0.00619
2018-11-22 19:00:00,2018-11-22 19:00,2.56875,1.14873,0.0,0.14827,1.27175,0.10173,0.09569,0.0,0.00605
2018-11-22 20:00:00,2018-11-22 20:00,3.19376,1.75542,0.00185,0.15039,1.2861,0.02328,0.01835,0.0,0.00492
2018-11-22 21:00:00,2018-11-22 21:00,2.87222,1.5415,0.00181,0.12721,1.20169,0.05322,0.05092,0.0,0.0023
2018-11-22 22:00:00,2018-11-22 22:00,1.65351,0.57622,0.0,0.08356,0.99373,0.18485,0.18253,0.0,0.00231
2018-11-22 23:00:00,2018-11-22 23:00,1.78511,0.9533,3e-05,0.07495,0.75683,0.12124,0.11978,0.0,0.00145
2018-11-23 00:00:00,2018-11-23 00:00,1.86184,1.20835,0.0,0.06553,0.58796,0.08016,0.07903,0.0,0.00114
2018-11-23 01:00:00,2018-11-23 01:00,1.83432,1.28707,0.00279,0.04036,0.5041,0.06274,0.06193,0.0,0.00081
2018-11-23 02:00:00,2018-11-23 02:00,1.66784,1.17303,0.00168,0.0281,0.46504,0.07807,0.07773,0.0,0.00034
2018-11-23 03:00:00,2018-11-23 03:00,2.09935,1.61259,0.0,0.03427,0.4525,0.02486,0.02425,0.0,0.0006
2018-11-23 04:00:00,2018-11-23 04:00,2.29363,1.79018,0.00043,0.0523,0.45073,0.00139,0.0,0.0,0.00139
2018-11-23 05:00:00,2018-11-23 05:00,2.32465,1.81315,0.0,0.05852,0.45298,0.00158,0.0,0.0,0.00158
2018-11-23 06:00:00,2018-11-23 06:00,2.39016,1.78786,0.0,0.09864,0.50366,0.00134,0.0,0.0,0.00134
2018-11-23 07:00:00,2018-11-23 07:00,2.57104,1.79841,0.0,0.17181,0.60082,0.00282,0.0,0.0,0.00282
2018-11-23 08:00:00,2018-11-23 08:00,2.67636,1.75242,0.0,0.18603,0.73791,0.00205,0.0,0.0,0.00205
2018-11-23 09:00:00,2018-11-23 09:00,2.58762,1.6886,0.0,0.18475,0.71427,0.00319,0.0,0.0,0.00319
2018-11-23 10:00:00,2018-11-23 10:00,2.47687,1.57463,0.0,0.15141,0.75083,0.00336,0.0,0.0,0.00336
2018-11-23 11:00:00,2018-11-23 11:00,2.27967,1.45085,0.0,0.12958,0.69924,0.00323,0.0,0.0,0.00323
2018-11-23 12:00:00,2018-11-23 12:00,2.16337,1.31747,0.0,0.1007,0.7452,0.0041,0.0,0.0,0.0041
2018-11-23 13:00:00,2018-11-23 13:00,2.14064,1.30566,0.00166,0.11452,0.71879,0.00197,0.0,0.0,0.00197
2018-11-23 14:00:00,2018-11-23 14:00,2.07941,1.27503,0.0,0.10812,0.69627,0.00256,0.0,0.0,0.00256
2018-11-23 15:00:00,2018-11-23 15:00,2.08633,1.25709,0.0,0.12838,0.70086,0.00438,0.0,0.0,0.00438
2018-11-23 16:00:00,2018-11-23 16:00,2.17153,1.29487,0.0,0.13885,0.73781,0.00624,0.0,0.0,0.00624
2018-11-23 17:00:00,2018-11-23 17:00,2.46888,1.37504,0.00087,0.13626,0.9567,0.00886,0.0,0.0,0.00886
2018-11-23 18:00:00,2018-11-23 18:00,2.73421,1.5224,0.00243,0.12077,1.08861,0.00679,0.0,0.0,0.00679
2018-11-23 19:00:00,2018-11-23 19:00,3.01623,1.63957,0.0,0.14791,1.22875,0.00566,0.0,0.0,0.00566
2018-11-23 20:00:00,2018-11-23 20:00,3.03056,1.64235,0.00201,0.13006,1.25614,0.00371,0.0,0.0,0.00371
2018-11-23 21:00:00,2018-11-23 21:00,2.94218,1.59685,0.00216,0.12116,1.22201,0.00334,0.0,0.0,0.00334
2018-11-23 22:00:00,2018-11-23 22:00,2.61056,1.54278,0.0,0.088,0.97978,0.00386,0.0,0.0,0.00386
2018-11-23 23:00:00,2018-11-23 23:00,2.35285,1.57476,0.00028,0.06949,0.70832,0.00148,0.0,0.0,0.00148
2018-11-24 00:00:00,2018-11-24 00:00,2.16682,1.57708,0.0,0.05649,0.53325,0.00064,0.0,0.0,0.00064
2018-11-24 01:00:00,2018-11-24 01:00,2.05889,1.54063,0.00143,0.03843,0.47841,0.00032,0.0,0.0,0.00032
2018-11-24 02:00:00,2018-11-24 02:00,2.08515,1.58186,0.00091,0.03553,0.46685,0.00018,0.0,0.0,0.00018
2018-11-24 03:00:00,2018-11-24 03:00,2.11479,1.62365,0.0,0.03174,0.4594,0.00017,0.0,0.0,0.00017
2018-11-24 04:00:00,2018-11-24 04:00,2.17289,1.69162,0.00102,0.02866,0.45159,0.00041,0.0,0.0,0.00041
2018-11-24 05:00:00,2018-11-24 05:00,2.29473,1.78857,0.0,0.04366,0.4625,0.00055,0.0,0.0,0.00055
2018-11-24 06:00:00,2018-11-24 06:00,2.36398,1.8272,0.0,0.05187,0.48491,0.00113,0.0,0.0,0.00113
2018-11-24 07:00:00,2018-11-24 07:00,2.53468,1.87262,0.0,0.10668,0.55539,0.00108,0.0,0.0,0.00108
2018-11-24 08:00:00,2018-11-24 08:00,2.68241,1.89551,0.0,0.1506,0.6363,0.00335,0.0,0.0,0.00335
2018-11-24 09:00:00,2018-11-24 09:00,2.78023,1.89543,0.0,0.17361,0.71119,0.00542,0.0,0.0,0.00542
2018-11-24 10:00:00,2018-11-24 10:00,2.87762,1.91928,0.0,0.1864,0.77193,0.00555,0.0,0.0,0.00555
2018-11-24 11:00:00,2018-11-24 11:00,2.97902,1.94916,0.0,0.15988,0.86998,0.00319,0.0,0.0,0.00319
2018-11-24 12:00:00,2018-11-24 12:00,3.06224,1.97413,0.0,0.15351,0.9346,0.00539,0.0,0.0,0.00539
2018-11-24 13:00:00,2018-11-24 13:00,2.96582,1.99749,0.0,0.14892,0.81941,0.00424,0.0,0.0,0.00424
2018-11-24 14:00:00,2018-11-24 14:00,2.95925,1.99115,0.0,0.15565,0.81245,0.0033,0.0,0.0,0.0033
2018-11-24 15:00:00,2018-11-24 15:00,2.99352,1.999,0.0,0.18105,0.81346,0.00407,0.0,0.0,0.00407
2018-11-24 16:00:00,2018-11-24 16:00,3.04467,1.99761,0.0,0.16136,0.8857,0.00558,0.0,0.0,0.00558
2018-11-24 17:00:00,2018-11-24 17:00,2.93958,1.81079,0.0,0.14734,0.98145,0.06224,0.05645,0.0,0.00578
2018-11-24 18:00:00,2018-11-24 18:00,1.78853,0.46844,0.00236,0.15137,1.16636,0.2681,0.26183,0.0,0.00627
2018-11-24 19:00:00,2018-11-24 19:00,1.71025,0.24219,0.0,0.14309,1.32496,0.25929,0.25532,0.0,0.00397
2018-11-24 20:00:00,2018-11-24 20:00,1.70465,0.24122,0.00184,0.11691,1.34468,0.24876,0.24386,0.0,0.0049
2018-11-24 21:00:00,2018-11-24 21:00,1.628,0.23918,0.00204,0.11052,1.27626,0.23638,0.23417,0.0,0.00221
2018-11-24 22:00:00,2018-11-24 22:00,1.42094,0.23682,0.0,0.08771,1.09641,0.23388,0.23071,0.0,0.00317
2018-11-24 23:00:00,2018-11-24 23:00,1.14276,0.24251,1e-05,0.06922,0.83102,0.23963,0.23816,0.0,0.00147
2018-11-25 00:00:00,2018-11-25 00:00,0.85339,0.24069,0.0,0.04599,0.56671,0.2331,0.23221,0.0,0.00089
2018-11-25 01:00:00,2018-11-25 01:00,0.78421,0.23847,0.00386,0.0575,0.48438,0.23146,0.23068,0.0,0.00078
2018-11-25 02:00:00,2018-11-25 02:00,0.74862,0.24092,0.0018,0.04618,0.45972,0.23622,0.23508,0.0,0.00114
2018-11-25 03:00:00,2018-11-25 03:00,0.74998,0.24359,0.0,0.04215,0.46425,0.24684,0.24652,0.0,0.00032
2018-11-25 04:00:00,2018-11-25 04:00,0.75028,0.24006,0.00108,0.05654,0.4526,0.25727,0.25702,0.0,0.00025
2018-11-25 05:00:00,2018-11-25 05:00,0.7605,0.24564,0.0,0.04856,0.4663,0.27268,0.27246,0.0,0.00022
2018-11-25 06:00:00,2018-11-25 06:00,0.79115,0.24818,0.0,0.04962,0.49334,0.29006,0.28908,0.0,0.00098
2018-11-25 07:00:00,2018-11-25 07:00,0.84942,0.24818,0.0,0.07594,0.52529,0.30586,0.30407,0.0,0.00179
2018-11-25 08:00:00,2018-11-25 08:00,1.03338,0.24818,0.0,0.14401,0.64118,0.30521,0.30104,0.0,0.00418
2018-11-25 09:00:00,2018-11-25 09:00,1.1127,0.24818,0.0,0.15981,0.70471,0.30641,0.30055,0.0,0.00586
2018-11-25 10:00:00,2018-11-25 10:00,1.20216,0.24818,0.0,0.17749,0.77648,0.29762,0.29217,0.0,0.00544
2018-11-25 11:00:00,2018-11-25 11:00,1.17025,0.24865,0.0,0.15614,0.76546,0.28304,0.27546,0.0,0.00758
2018-11-25 12:00:00,2018-11-25 12:00,1.21534,0.24865,0.0,0.16101,0.80568,0.26312,0.25692,0.0,0.0062
2018-11-25 13:00:00,2018-11-25 13:00,1.16386,0.24815,0.0,0.11418,0.80153,0.26194,0.254,0.0,0.00794
2018-11-25 14:00:00,2018-11-25 14:00,1.21622,0.24834,0.0,0.15776,0.81012,0.24508,0.23924,0.0,0.00584
2018-11-25 15:00:00,2018-11-25 15:00,1.25372,0.24865,0.0,0.17814,0.82693,0.24427,0.2406,0.0,0.00367
2018-11-25 16:00:00,2018-11-25 16:00,1.27382,0.24865,0.0,0.15345,0.87172,0.25376,0.24841,0.0,0.00535
2018-11-25 17:00:00,2018-11-25 17:00,1.36671,0.24865,0.0,0.14174,0.97632,0.26839,0.26403,0.0,0.00436
2018-11-25 18:00:00,2018-11-25 18:00,1.56856,0.24644,0.00195,0.14594,1.17423,0.28336,0.27793,0.0,0.00543
2018-11-25 19:00:00,2018-11-25 19:00,1.77035,0.24264,0.0,0.16713,1.36058,0.29238,0.28782,0.0,0.00457
2018-11-25 20:00:00,2018-11-25 20:00,1.75969,0.24231,0.00153,0.13314,1.3827,0.29545,0.29268,0.0,0.00276
2018-11-25 21:00:00,2018-11-25 21:00,1.66657,0.24173,0.00145,0.11819,1.30519,0.29549,0.29119,0.0,0.0043
2018-11-25 22:00:00,2018-11-25 22:00,1.47819,0.24079,0.0,0.10506,1.13234,0.29874,0.29448,0.0,0.00426
2018-11-25 23:00:00,2018-11-25 23:00,1.17926,0.24429,0.0,0.08598,0.84899,0.31498,0.31307,0.0,0.0019
2018-11-26 00:00:00,2018-11-26 00:00,0.87314,0.24364,0.0,0.05178,0.57773,0.31662,0.31571,0.0,0.00091
2018-11-26 01:00:00,2018-11-26 01:00,0.7773,0.24097,0.00373,0.03724,0.49536,0.31887,0.31855,0.0,0.00032
2018-11-26 02:00:00,2018-11-26 02:00,0.74693,0.24423,0.00199,0.03229,0.46842,0.32719,0.32668,0.0,0.00051
2018-11-26 03:00:00,2018-11-26 03:00,0.75442,0.2445,0.0,0.04605,0.46386,0.34095,0.34066,0.0,0.00029
2018-11-26 04:00:00,2018-11-26 04:00,0.76704,0.24335,0.00116,0.05626,0.46627,0.3465,0.34598,0.0,0.00052
2018-11-26 05:00:00,2018-11-26 05:00,0.78388,0.24793,0.0,0.07789,0.45805,0.35961,0.35754,0.0,0.00207
2018-11-26 06:00:00,2018-11-26 06:00,0.84277,0.24791,0.0,0.11596,0.4789,0.37006,0.36846,0.0,0.00161
2018-11-26 07:00:00,2018-11-26 07:00,1.02848,0.24842,0.0,0.18344,0.59663,0.38478,0.38168,0.0,0.0031
2018-11-26 08:00:00,2018-11-26 08:00,1.14798,0.2481,0.0,0.21823,0.68165,0.3849,0.37935,0.0,0.00555
2018-11-26 09:00:00,2018-11-26 09:00,1.12682,0.24815,0.0,0.16203,0.71664,0.39416,0.39016,0.0,0.00401
2018-11-26 10:00:00,2018-11-26 10:00,1.17693,0.24782,0.0,0.16982,0.75929,0.39515,0.39331,0.0,0.00184
2018-11-26 11:00:00,2018-11-26 11:00,1.16797,0.24834,0.0,0.15077,0.76885,0.3731,0.37107,0.0,0.00203
2018-11-26 12:00:00,2018-11-26 12:00,1.12185,0.24672,0.0,0.13734,0.73779,0.334,0.3307,0.0,0.0033
2018-11-26 13:00:00,2018-11-26 13:00,1.08623,0.24677,0.00185,0.13455,0.70306,0.31145,0.30709,0.0,0.00436
2018-11-26 14:00:00,2018-11-26 14:00,1.05882,0.24746,0.0,0.13865,0.67272,0.28235,0.27683,0.0,0.00552
2018-11-26 15:00:00,2018-11-26 15:00,1.10243,0.24865,0.0,0.14843,0.70535,0.27251,0.26834,0.0,0.00418
2018-11-26 16:00:00,2018-11-26 16:00,1.17097,0.24865,0.0,0.14534,0.77698,0.27346,0.26968,0.0,0.00378
2018-11-26 17:00:00,2018-11-26 17:00,1.27695,0.24848,0.0009,0.15194,0.87562,0.29414,0.28884,0.0,0.0053
2018-11-26 18:00:00,2018-11-26 18:00,1.38201,0.24659,0.0016,0.14647,0.98734,0.30382,0.29843,0.0,0.00539
2018-11-26 19:00:00,2018-11-26 19:00,1.61213,0.24305,0.0,0.16853,1.20055,0.31154,0.3052,0.0,0.00634
2018-11-26 20:00:00,2018-11-26 20:00,1.66465,0.24282,0.00146,0.156,1.26437,0.32362,0.31853,0.0,0.00509
2018-11-26 21:00:00,2018-11-26 21:00,1.56935,0.24322,0.00128,0.11746,1.20739,0.32661,0.32271,0.0,0.0039
2018-11-26 22:00:00,2018-11-26 22:00,1.40319,0.24174,0.0,0.12029,1.04116,0.3309,0.32806,0.0,0.00283
2018-11-26 23:00:00,2018-11-26 23:00,1.12041,0.24549,0.0,0.07349,0.80143,0.34356,0.34096,0.0,0.0026
2018-11-27 00:00:00,2018-11-27 00:00,0.88789,0.24397,0.0,0.06238,0.58154,0.34203,0.34072,0.0,0.00131
2018-11-27 01:00:00,2018-11-27 01:00,0.77206,0.24119,0.00351,0.0479,0.47946,0.34287,0.34216,0.0,0.00071
2018-11-27 02:00:00,2018-11-27 02:00,0.7524,0.24432,0.00199,0.04848,0.45761,0.35212,0.35162,0.0,0.0005
2018-11-27 03:00:00,2018-11-27 03:00,0.7349,0.24532,0.0,0.02397,0.46561,0.36925,0.3691,0.0,0.00015
2018-11-27 04:00:00,2018-11-27 04:00,0.74657,0.24337,0.00123,0.04647,0.45551,0.37955,0.37899,0.0,0.00056
2018-11-27 05:00:00,2018-11-27 05:00,0.78661,0.24805,0.0,0.05783,0.48072,0.39426,0.39374,0.0,0.00051
2018-11-27 06:00:00,2018-11-27 06:00,0.86887,0.24825,0.0,0.12125,0.49936,0.40445,0.4022,0.0,0.00225
2018-11-27 07:00:00,2018-11-27 07:00,1.03602,0.24865,0.0,0.18806,0.59931,0.41267,0.41029,0.0,0.00238
2018-11-27 08:00:00,2018-11-27 08:00,1.21585,0.2481,0.0,0.27048,0.69727,0.40691,0.40223,0.0,0.00468
2018-11-27 09:00:00,2018-11-27 09:00,1.1903,0.24815,0.0,0.18508,0.75707,0.40599,0.402,0.0,0.00399
2018-11-27 10:00:00,2018-11-27 10:00,1.04227,0.24782,0.0,0.15344,0.64101,0.40479,0.40005,0.0,0.00474
2018-11-27 11:00:00,2018-11-27 11:00,1.0555,0.24834,0.0,0.13714,0.67001,0.38339,0.3793,0.0,0.00409
2018-11-27 12:00:00,2018-11-27 12:00,1.06361,0.24672,0.0,0.1256,0.69128,0.3575,0.35486,0.0,0.00264
2018-11-27 13:00:00,2018-11-27 13:00,1.07882,0.2471,0.00184,0.12911,0.70077,0.35344,0.35108,0.0,0.00236
2018-11-27 14:00:00,2018-11-27 14:00,1.05415,0.24777,0.0,0.14947,0.6569,0.33291,0.33053,0.0,0.00238
2018-11-27 15:00:00,2018-11-27 15:00,1.09161,0.24865,0.0,0.1305,0.71246,0.32254,0.32099,0.0,0.00155
2018-11-27 16:00:00,2018-11-27 16:00,1.14926,0.24865,0.0,0.14554,0.75507,0.31387,0.31157,0.0,0.0023
2018-11-27 17:00:00,2018-11-27 17:00,1.29852,0.24848,0.00086,0.14713,0.90205,0.3111,0.30707,0.0,0.00403
2018-11-27 18:00:00,2018-11-27 18:00,1.51102,0.24647,0.00133,0.18021,1.08302,0.30134,0.29546,0.0,0.00588
2018-11-27 19:00:00,2018-11-27 19:00,1.61036,0.24246,0.0,0.16216,1.20573,0.29205,0.28671,0.0,0.00533
2018-11-27 20:00:00,2018-11-27 20:00,1.64454,0.24208,0.00128,0.15554,1.24564,0.29536,0.2885,0.0,0.00686
2018-11-27 21:00:00,2018-11-27 21:00,1.6074,0.24221,0.00122,0.12207,1.2419,0.28699,0.28242,0.0,0.00457
2018-11-27 22:00:00,2018-11-27 22:00,1.44451,0.24046,0.0,0.11618,1.08788,0.28636,0.28359,0.0,0.00278
2018-11-27 23:00:00,2018-11-27 23:00,1.02856,0.24413,0.0,0.07372,0.71071,0.2977,0.29586,0.0,0.00184
2018-11-28 00:00:00,2018-11-28 00:00,0.82409,0.24327,0.0,0.06503,0.51579,0.2974,0.29649,0.0,0.00091
2018-11-28 01:00:00,2018-11-28 01:00,0.75069,0.24036,0.00356,0.03634,0.47043,0.29994,0.29941,0.0,0.00053
2018-11-28 02:00:00,2018-11-28 02:00,0.73521,0.24377,0.00187,0.03696,0.45261,0.3117,0.31152,0.0,0.00018
2018-11-28 03:00:00,2018-11-28 03:00,0.74977,0.24478,0.0,0.05239,0.4526,0.33353,0.33325,0.0,0.00028
2018-11-28 04:00:00,2018-11-28 04:00,0.73731,0.24307,0.00119,0.04528,0.44777,0.34565,0.34543,0.0,0.00022
2018-11-28 05:00:00,2018-11-28 05:00,0.77119,0.24783,0.0,0.05551,0.46785,0.36265,0.36162,0.0,0.00103
2018-11-28 06:00:00,2018-11-28 06:00,0.87335,0.24791,0.0,0.1052,0.52024,0.37905,0.37718,0.0,0.00187
2018-11-28 07:00:00,2018-11-28 07:00,1.05728,0.24865,0.0,0.19262,0.61601,0.38786,0.38388,0.0,0.00398
2018-11-28 08:00:00,2018-11-28 08:00,1.23657,0.2481,0.0,0.23181,0.75667,0.37779,0.37423,0.0,0.00356
2018-11-28 09:00:00,2018-11-28 09:00,1.25591,0.24815,0.0,0.20456,0.8032,0.37694,0.37284,0.0,0.0041
2018-11-28 10:00:00,2018-11-28 10:00,1.22101,0.24782,0.0,0.17448,0.79871,0.37486,0.36985,0.0,0.00501
2018-11-28 11:00:00,2018-11-28 11:00,1.1312,0.24834,0.0,0.15752,0.72533,0.35618,0.35313,0.0,0.00305
2018-11-28 12:00:00,2018-11-28 12:00,1.11598,0.24672,0.0,0.1392,0.73006,0.33644,0.33001,0.0,0.00643
2018-11-28 13:00:00,2018-11-28 13:00,1.08042,0.24691,0.00176,0.11287,0.71889,0.32733,0.32141,0.0,0.00592
2018-11-28 14:00:00,2018-11-28 14:00,1.03747,0.24702,0.0,0.14439,0.64606,0.30333,0.2994,0.0,0.00394
2018-11-28 15:00:00,2018-11-28 15:00,1.05265,0.24865,0.0,0.15972,0.64429,0.29423,0.29282,0.0,0.00142
2018-11-28 16:00:00,2018-11-28 16:00,1.09957,0.24865,0.0,0.12698,0.72395,0.29797,0.29212,0.0,0.00585
2018-11-28 17:00:00,2018-11-28 17:00,1.27379,0.24848,0.00084,0.13938,0.88508,0.30253,0.29468,0.0,0.00786
2018-11-28 18:00:00,2018-11-28 18:00,1.4842,0.24659,0.0013,0.14483,1.09148,0.29822,0.29149,0.0,0.00673
2018-11-28 19:00:00,2018-11-28 19:00,1.58765,0.24243,0.0,0.15939,1.18583,0.28693,0.28261,0.0,0.00433
2018-11-28 20:00:00,2018-11-28 20:00,1.65824,0.24214,0.00134,0.13994,1.27482,0.28758,0.28234,0.0,0.00524
2018-11-28 21:00:00,2018-11-28 21:00,1.71908,0.24105,0.00126,0.12587,1.3509,0.28062,0.27546,0.0,0.00516
2018-11-28 22:00:00,2018-11-28 22:00,1.47464,0.23921,0.0,0.11443,1.12101,0.27082,0.2667,0.0,0.00413
2018-11-28 23:00:00,2018-11-28 23:00,1.18878,0.24397,0.0,0.09798,0.84683,0.27313,0.27077,0.0,0.00236
2018-11-29 00:00:00,2018-11-29 00:00,0.93078,0.24166,0.0,0.06739,0.62172,0.26597,0.26508,0.0,0.00089
2018-11-29 01:00:00,2018-11-29 01:00,0.80831,0.2398,0.0036,0.04818,0.51672,0.25743,0.25702,0.0,0.0004
2018-11-29 02:00:00,2018-11-29 02:00,0.77193,0.24189,0.00176,0.03304,0.49524,0.25659,0.2564,0.0,0.00018
2018-11-29 03:00:00,2018-11-29 03:00,0.73409,0.24379,0.0,0.03182,0.45848,0.26832,0.26817,0.0,0.00015
2018-11-29 04:00:00,2018-11-29 04:00,0.7356,0.24123,0.00104,0.04134,0.45199,0.27532,0.27499,0.0,0.00034
2018-11-29 05:00:00,2018-11-29 05:00,0.77202,0.24625,0.0,0.06597,0.4598,0.2853,0.28449,0.0,0.00081
2018-11-29 06:00:00,2018-11-29 06:00,0.86333,0.24791,0.0,0.12897,0.48646,0.29496,0.2937,0.0,0.00126
2018-11-29 07:00:00,2018-11-29 07:00,1.04248,0.24818,0.0,0.20812,0.58617,0.30686,0.30465,0.0,0.00221
2018-11-29 08:00:00,2018-11-29 08:00,1.14262,0.24763,0.0,0.20678,0.68821,0.30247,0.29796,0.0,0.00451
2018-11-29 09:00:00,2018-11-29 09:00,1.23067,0.24752,0.0,0.18167,0.80147,0.30014,0.29531,0.0,0.00483
2018-11-29 10:00:00,2018-11-29 10:00,1.10283,0.24722,0.0,0.15093,0.70469,0.30062,0.29699,0.0,0.00363
2018-11-29 11:00:00,2018-11-29 11:00,1.04875,0.24787,0.0,0.14364,0.65724,0.29605,0.29043,0.0,0.00562
2018-11-29 12:00:00,2018-11-29 12:00,1.02801,0.24661,0.0,0.12133,0.66008,0.28013,0.2771,0.0,0.00302
2018-11-29 13:00:00,2018-11-29 13:00,1.04186,0.24672,0.00174,0.11124,0.68217,0.28487,0.28212,0.0,0.00275
2018-11-29 14:00:00,2018-11-29 14:00,1.04734,0.24634,0.0,0.14485,0.65615,0.26988,0.26792,0.0,0.00196
2018-11-29 15:00:00,2018-11-29 15:00,1.0327,0.24742,0.0,0.13717,0.64811,0.26264,0.26032,0.0,0.00232
2018-11-29 16:00:00,2018-11-29 16:00,1.1184,0.24865,0.0,0.14837,0.72139,0.25602,0.25298,0.0,0.00304
2018-11-29 17:00:00,2018-11-29 17:00,1.26282,0.24835,0.00091,0.14388,0.86968,0.2603,0.25285,0.0,0.00745
2018-11-29 18:00:00,2018-11-29 18:00,1.46953,0.24634,0.00139,0.17559,1.04622,0.25434,0.24556,0.0,0.00877
2018-11-29 19:00:00,2018-11-29 19:00,1.55341,0.24184,0.0,0.15281,1.15875,0.24403,0.23862,0.0,0.00541
2018-11-29 20:00:00,2018-11-29 20:00,1.62686,0.24085,0.00155,0.12723,1.25724,0.24613,0.24151,0.0,0.00462
2018-11-29 21:00:00,2018-11-29 21:00,1.56864,0.23926,0.00144,0.1356,1.19233,0.23625,0.23285,0.0,0.0034
2018-11-29 22:00:00,2018-11-29 22:00,1.43546,0.23611,0.0,0.09955,1.09979,0.23138,0.22812,0.0,0.00326
2018-11-29 23:00:00,2018-11-29 23:00,1.15792,0.24261,0.0,0.09163,0.82368,0.23716,0.23408,0.0,0.00308
2018-11-30 00:00:00,2018-11-30 00:00,0.88858,0.24033,0.0,0.06968,0.57857,0.22977,0.22801,0.0,0.00176
2018-11-30 01:00:00,2018-11-30 01:00,0.76809,0.23738,0.00372,0.04265,0.48434,0.22367,0.22158,0.0,0.00209
2018-11-30 02:00:00,2018-11-30 02:00,0.75044,0.24049,0.00196,0.04914,0.45886,0.22177,0.22106,0.0,0.0007
2018-11-30 03:00:00,2018-11-30 03:00,0.73961,0.24328,0.0,0.04009,0.45624,0.23274,0.23212,0.0,0.00062
2018-11-30 04:00:00,2018-11-30 04:00,0.72529,0.23951,0.00107,0.03501,0.4497,0.24044,0.23872,0.0,0.00172
2018-11-30 05:00:00,2018-11-30 05:00,0.77249,0.24441,0.0,0.06584,0.46224,0.24528,0.24486,0.0,0.00042
2018-11-30 06:00:00,2018-11-30 06:00,0.86214,0.24685,0.0,0.11938,0.49591,0.25405,0.25212,0.0,0.00193
2018-11-30 07:00:00,2018-11-30 07:00,1.04118,0.24818,0.0,0.1794,0.6136,0.26758,0.26402,0.0,0.00356
2018-11-30 08:00:00,2018-11-30 08:00,1.1509,0.24709,0.0,0.20502,0.69879,0.26339,0.25916,0.0,0.00423
2018-11-30 09:00:00,2018-11-30 09:00,1.1266,0.24752,0.0,0.16854,0.71054,0.2688,0.26615,0.0,0.00265
2018-11-30 10:00:00,2018-11-30 10:00,1.11922,0.24691,0.0,0.1469,0.7254,0.26771,0.2638,0.0,0.00391
2018-11-30 11:00:00,2018-11-30 11:00,1.13076,0.24726,0.0,0.13111,0.75239,0.24133,0.23877,0.0,0.00256
2018-11-30 12:00:00,2018-11-30 12:00,1.08172,0.24614,0.0,0.12395,0.71164,0.21826,0.21127,0.0,0.007
2018-11-30 13:00:00,2018-11-30 13:00,1.05941,0.24642,0.00175,0.11908,0.69216,0.22172,0.21766,0.0,0.00406
2018-11-30 14:00:00,2018-11-30 14:00,0.99571,0.24634,0.0,0.10717,0.64221,0.21728,0.21384,0.0,0.00344
2018-11-30 15:00:00,2018-11-30 15:00,1.08274,0.24692,0.0,0.14431,0.69152,0.21959,0.21638,0.0,0.00321
2018-11-30 16:00:00,2018-11-30 16:00,1.15789,0.2475,0.0,0.16735,0.74304,0.22456,0.21987,0.0,0.00469
2018-11-30 17:00:00,2018-11-30 17:00,1.32357,0.2481,0.00084,0.15252,0.92212,0.2335,0.22919,0.0,0.00431
2018-11-30 18:00:00,2018-11-30 18:00,1.46151,0.24574,0.00182,0.15105,1.0629,0.23236,0.22807,0.0,0.00429
2018-11-30 19:00:00,2018-11-30 19:00,1.5986,0.24143,0.0,0.16829,1.18888,0.22876,0.22496,0.0,0.0038
2018-11-30 20:00:00,2018-11-30 20:00,1.61369,0.24056,0.00174,0.15281,1.21857,0.23446,0.2297,0.0,0.00476
2018-11-30 21:00:00,2018-11-30 21:00,1.54353,0.23925,0.00164,0.10412,1.19852,0.22819,0.2249,0.0,0.00329
2018-11-30 22:00:00,2018-11-30 22:00,1.37223,0.23534,0.0,0.0847,1.05219,0.22627,0.22173,0.0,0.00454
2018-11-30 23:00:00,2018-11-30 23:00,1.21742,0.24136,0.0,0.10536,0.87071,0.23573,0.23255,0.0,0.00317
2018-12-01 00:00:00,2018-12-01 00:00,0.93894,0.24089,0.0,0.07913,0.61893,0.23419,0.23247,0.0,0.00172
2018-12-01 01:00:00,2018-12-01 01:00,0.84587,0.23743,0.0038,0.03704,0.5676,0.23009,0.22974,0.0,0.00036
2018-12-01 02:00:00,2018-12-01 02:00,0.75678,0.24082,0.00182,0.02704,0.4871,0.23334,0.23286,0.0,0.00048
2018-12-01 03:00:00,2018-12-01 03:00,0.73312,0.24328,0.0,0.03312,0.45672,0.24741,0.24713,0.0,0.00028
2018-12-01 04:00:00,2018-12-01 04:00,0.74021,0.24036,0.00105,0.04576,0.45303,0.25592,0.25579,0.0,0.00013
2018-12-01 05:00:00,2018-12-01 05:00,0.76275,0.24501,0.0,0.05219,0.46555,0.26559,0.26543,0.0,0.00016
2018-12-01 06:00:00,2018-12-01 06:00,0.77652,0.24778,0.0,0.05941,0.46933,0.27578,0.27541,0.0,0.00037
2018-12-01 07:00:00,2018-12-01 07:00,0.91423,0.24818,0.0,0.1028,0.56324,0.29078,0.28887,0.0,0.00191
2018-12-01 08:00:00,2018-12-01 08:00,1.13542,0.24818,0.0,0.14719,0.74005,0.28992,0.28572,0.0,0.00419
2018-12-01 09:00:00,2018-12-01 09:00,1.32029,0.24818,0.0,0.19679,0.87531,0.29921,0.29396,0.0,0.00526
2018-12-01 10:00:00,2018-12-01 10:00,1.35389,0.24818,0.0,0.20111,0.9046,0.30336,0.29962,0.0,0.00374
2018-12-01 11:00:00,2018-12-01 11:00,1.3069,0.24865,0.0,0.16608,0.89218,0.29473,0.29165,0.0,0.00308
2018-12-01 12:00:00,2018-12-01 12:00,1.25255,0.24865,0.0,0.13882,0.86508,0.28923,0.28229,0.0,0.00695
2018-12-01 13:00:00,2018-12-01 13:00,1.28889,0.24846,0.0,0.14735,0.89309,0.28698,0.28291,0.0,0.00407
2018-12-01 14:00:00,2018-12-01 14:00,1.28706,0.24865,0.0,0.16803,0.87038,0.26252,0.26024,0.0,0.00228
2018-12-01 15:00:00,2018-12-01 15:00,1.28892,0.24865,0.0,0.15577,0.8845,0.25564,0.25174,0.0,0.0039
2018-12-01 16:00:00,2018-12-01 16:00,1.41746,0.24865,0.0,0.17124,0.99757,0.2568,0.25014,0.0,0.00666
2018-12-01 17:00:00,2018-12-01 17:00,1.55024,0.24865,0.0,0.16949,1.1321,0.26093,0.25552,0.0,0.00541
2018-12-01 18:00:00,2018-12-01 18:00,1.70318,0.24624,0.00152,0.15374,1.30169,0.25614,0.24864,0.0,0.00751
2018-12-01 19:00:00,2018-12-01 19:00,1.85564,0.24217,0.0,0.16753,1.44594,0.24499,0.23905,0.0,0.00594
2018-12-01 20:00:00,2018-12-01 20:00,1.86853,0.24142,0.0017,0.14555,1.47986,0.23707,0.23363,0.0,0.00345
2018-12-01 21:00:00,2018-12-01 21:00,1.84737,0.23948,0.00167,0.12257,1.48366,0.22995,0.22707,0.0,0.00288
2018-12-01 22:00:00,2018-12-01 22:00,1.58265,0.23561,0.0,0.0892,1.25784,0.22226,0.21867,0.0,0.00359
2018-12-01 23:00:00,2018-12-01 23:00,1.25887,0.24255,1e-05,0.09217,0.92413,0.23064,0.2271,0.0,0.00355
2018-12-02 00:00:00,2018-12-02 00:00,0.94029,0.24068,0.0,0.06666,0.63295,0.23196,0.22632,0.0,0.00564
2018-12-02 01:00:00,2018-12-02 01:00,0.78493,0.23716,0.00374,0.04002,0.50401,0.22381,0.2195,0.0,0.00431
2018-12-02 02:00:00,2018-12-02 02:00,0.74908,0.24032,0.00172,0.0477,0.45935,0.22029,0.21933,0.0,0.00096
2018-12-02 03:00:00,2018-12-02 03:00,0.74474,0.24296,0.0,0.0481,0.45368,0.23435,0.23415,0.0,0.0002
2018-12-02 04:00:00,2018-12-02 04:00,0.71558,0.23971,0.00101,0.02979,0.44507,0.24132,0.24109,0.0,0.00023
2018-12-02 05:00:00,2018-12-02 05:00,0.7254,0.24408,0.0,0.0376,0.44373,0.24727,0.24705,0.0,0.00022
2018-12-02 06:00:00,2018-12-02 06:00,0.74802,0.24642,0.0,0.04298,0.45862,0.2577,0.25726,0.0,0.00044
2018-12-02 07:00:00,2018-12-02 07:00,0.88806,0.24818,0.0,0.0822,0.55767,0.27332,0.27245,0.0,0.00087
2018-12-02 08:00:00,2018-12-02 08:00,1.07688,0.24818,0.0,0.14817,0.68052,0.27432,0.26998,0.0,0.00434
2018-12-02 09:00:00,2018-12-02 09:00,1.25528,0.24818,0.0,0.1891,0.818,0.28354,0.27937,0.0,0.00417
2018-12-02 10:00:00,2018-12-02 10:00,1.28692,0.24818,0.0,0.19548,0.84326,0.29995,0.29377,0.0,0.00618
2018-12-02 11:00:00,2018-12-02 11:00,1.33831,0.24865,0.0,0.16079,0.92887,0.29176,0.28639,0.0,0.00537
2018-12-02 12:00:00,2018-12-02 12:00,1.34249,0.24865,0.0,0.13819,0.95565,0.2751,0.26978,0.0,0.00531
2018-12-02 13:00:00,2018-12-02 13:00,1.2928,0.24846,0.0,0.15481,0.88953,0.2739,0.26923,0.0,0.00467
2018-12-02 14:00:00,2018-12-02 14:00,1.30578,0.24865,0.0,0.17113,0.88601,0.25874,0.25616,0.0,0.00259
2018-12-02 15:00:00,2018-12-02 15:00,1.30356,0.24865,0.0,0.14323,0.91168,0.25825,0.25525,0.0,0.003
2018-12-02 16:00:00,2018-12-02 16:00,1.43796,0.24865,0.0,0.17024,1.01908,0.25814,0.25383,0.0,0.00431
2018-12-02 17:00:00,2018-12-02 17:00,1.62847,0.24865,0.0,0.18623,1.19359,0.26633,0.25934,0.0,0.007
2018-12-02 18:00:00,2018-12-02 18:00,1.72515,0.24616,0.00168,0.17666,1.30066,0.25749,0.25259,0.0,0.0049
2018-12-02 19:00:00,2018-12-02 19:00,1.77755,0.24209,0.0,0.15007,1.38539,0.25438,0.24688,0.0,0.0075
2018-12-02 20:00:00,2018-12-02 20:00,1.857,0.24137,0.00173,0.11498,1.49893,0.247,0.24248,0.0,0.00452
2018-12-02 21:00:00,2018-12-02 21:00,1.81786,0.2401,0.00167,0.12653,1.44956,0.24104,0.2376,0.0,0.00344
2018-12-02 22:00:00,2018-12-02 22:00,1.58271,0.23819,0.0,0.12316,1.22136,0.23612,0.23331,0.0,0.00281
2018-12-02 23:00:00,2018-12-02 23:00,1.22827,0.24253,0.0,0.09515,0.89059,0.24449,0.24363,0.0,0.00086
2018-12-03 00:00:00,2018-12-03 00:00,0.88964,0.24075,0.0,0.05775,0.59115,0.2475,0.24278,0.0,0.00472
2018-12-03 01:00:00,2018-12-03 01:00,0.79068,0.23825,0.00378,0.04436,0.50429,0.24168,0.23913,0.0,0.00256
2018-12-03 02:00:00,2018-12-03 02:00,0.75886,0.24139,0.00179,0.043,0.47267,0.24062,0.24044,0.0,0.00018
2018-12-03 03:00:00,2018-12-03 03:00,0.74246,0.24359,0.0,0.03062,0.46825,0.25249,0.25195,0.0,0.00053
2018-12-03 04:00:00,2018-12-03 04:00,0.7334,0.24034,0.00105,0.03659,0.45542,0.25993,0.25912,0.0,0.0008
2018-12-03 05:00:00,2018-12-03 05:00,0.74231,0.24551,0.0,0.05103,0.44577,0.27045,0.2688,0.0,0.00165
2018-12-03 06:00:00,2018-12-03 06:00,0.8345,0.24791,0.0,0.09534,0.49126,0.27925,0.27791,0.0,0.00134
2018-12-03 07:00:00,2018-12-03 07:00,1.06062,0.24818,0.0,0.1862,0.62624,0.29298,0.28775,0.0,0.00523
2018-12-03 08:00:00,2018-12-03 08:00,1.19162,0.24763,0.0,0.21754,0.72644,0.28908,0.28439,0.0,0.00469
2018-12-03 09:00:00,2018-12-03 09:00,1.22776,0.24752,0.0,0.21256,0.76768,0.2995,0.29516,0.0,0.00434
2018-12-03 10:00:00,2018-12-03 10:00,1.19957,0.24691,0.0,0.17087,0.78178,0.30966,0.3041,0.0,0.00556
2018-12-03 11:00:00,2018-12-03 11:00,1.15831,0.24787,0.0,0.14062,0.76982,0.30178,0.29927,0.0,0.00251
2018-12-03 12:00:00,2018-12-03 12:00,1.17302,0.24662,0.0,0.12201,0.80438,0.28814,0.28355,0.0,0.00459
2018-12-03 13:00:00,2018-12-03 13:00,1.1865,0.24672,0.00179,0.1459,0.79209,0.29082,0.28447,0.0,0.00635
2018-12-03 14:00:00,2018-12-03 14:00,1.2074,0.24636,0.0,0.14741,0.81363,0.27254,0.26793,0.0,0.00461
2018-12-03 15:00:00,2018-12-03 15:00,1.15086,0.24828,0.0,0.14183,0.76076,0.26909,0.26448,0.0,0.00461
2018-12-03 16:00:00,2018-12-03 16:00,1.22398,0.24865,0.0,0.14528,0.83006,0.26901,0.26597,0.0,0.00303
2018-12-03 17:00:00,2018-12-03 17:00,1.33458,0.24848,0.00088,0.16335,0.92186,0.27419,0.27015,0.0,0.00404
2018-12-03 18:00:00,2018-12-03 18:00,1.57036,0.24626,0.00158,0.15202,1.1705,0.27336,0.2693,0.0,0.00406
2018-12-03 19:00:00,2018-12-03 19:00,1.81688,0.24204,0.0,0.15541,1.41943,0.27093,0.26597,0.0,0.00496
2018-12-03 20:00:00,2018-12-03 20:00,1.84384,0.24145,0.00153,0.15589,1.44497,0.27347,0.26801,0.0,0.00546
2018-12-03 21:00:00,2018-12-03 21:00,1.76113,0.24047,0.00146,0.11744,1.40176,0.26879,0.26089,0.0,0.0079
2018-12-03 22:00:00,2018-12-03 22:00,1.57533,0.23838,0.0,0.07922,1.25773,0.26533,0.25815,0.0,0.00717
2018-12-03 23:00:00,2018-12-03 23:00,1.15381,0.24358,0.0,0.08309,0.82713,0.26882,0.26595,0.0,0.00287
2018-12-04 00:00:00,2018-12-04 00:00,0.87902,0.24215,0.0,0.07057,0.5663,0.26599,0.265,0.0,0.001
2018-12-04 01:00:00,2018-12-04 01:00,0.77167,0.23928,0.00375,0.05201,0.47664,0.26384,0.26249,0.0,0.00135
2018-12-04 02:00:00,2018-12-04 02:00,0.73933,0.24245,0.00181,0.04323,0.45184,0.26617,0.2659,0.0,0.00027
2018-12-04 03:00:00,2018-12-04 03:00,0.7264,0.24382,0.0,0.03092,0.45166,0.28066,0.2805,0.0,0.00015
2018-12-04 04:00:00,2018-12-04 04:00,0.72749,0.24178,0.00109,0.03187,0.45276,0.28974,0.28951,0.0,0.00023
2018-12-04 05:00:00,2018-12-04 05:00,0.75914,0.24683,0.0,0.06371,0.4486,0.30294,0.30162,0.0,0.00133
2018-12-04 06:00:00,2018-12-04 06:00,0.87949,0.24791,0.0,0.11241,0.51918,0.31305,0.31231,0.0,0.00074
2018-12-04 07:00:00,2018-12-04 07:00,1.02283,0.24818,0.0,0.16479,0.60985,0.32746,0.32522,0.0,0.00223
2018-12-04 08:00:00,2018-12-04 08:00,1.13944,0.24763,0.0,0.21012,0.68169,0.32312,0.3181,0.0,0.00501
2018-12-04 09:00:00,2018-12-04 09:00,1.17402,0.24782,0.0,0.1923,0.7339,0.33416,0.32918,0.0,0.00498
2018-12-04 10:00:00,2018-12-04 10:00,1.15588,0.24785,0.0,0.17887,0.72917,0.34584,0.34153,0.0,0.00431
2018-12-04 11:00:00,2018-12-04 11:00,1.10936,0.24834,0.0,0.13063,0.73039,0.34565,0.34119,0.0,0.00445
2018-12-04 12:00:00,2018-12-04 12:00,1.1179,0.24672,0.0,0.13995,0.73122,0.33575,0.3297,0.0,0.00606
2018-12-04 13:00:00,2018-12-04 13:00,1.11879,0.24686,0.00187,0.14624,0.72382,0.33899,0.33498,0.0,0.00401
2018-12-04 14:00:00,2018-12-04 14:00,1.07866,0.24745,0.0,0.13665,0.69456,0.33192,0.32747,0.0,0.00445
2018-12-04 15:00:00,2018-12-04 15:00,1.13046,0.24865,0.0,0.14931,0.73251,0.32827,0.32479,0.0,0.00348
2018-12-04 16:00:00,2018-12-04 16:00,1.24505,0.24865,0.0,0.14572,0.85068,0.32866,0.32349,0.0,0.00516
2018-12-04 17:00:00,2018-12-04 17:00,1.38175,0.24848,0.00091,0.14015,0.99221,0.32619,0.32147,0.0,0.00472
2018-12-04 18:00:00,2018-12-04 18:00,1.59797,0.24683,0.00139,0.16225,1.18751,0.31746,0.31222,0.0,0.00524
2018-12-04 19:00:00,2018-12-04 19:00,1.79396,0.24276,0.0,0.1662,1.385,0.3096,0.30432,0.0,0.00528
2018-12-04 20:00:00,2018-12-04 20:00,1.72992,0.24205,0.00128,0.13799,1.3486,0.30596,0.30327,0.0,0.00269
2018-12-04 21:00:00,2018-12-04 21:00,1.68568,0.24068,0.00122,0.1127,1.33108,0.29914,0.29632,0.0,0.00282
2018-12-04 22:00:00,2018-12-04 22:00,1.41823,0.24074,0.0,0.08875,1.08874,0.29558,0.29158,0.0,0.004
2018-12-04 23:00:00,2018-12-04 23:00,1.08945,0.24469,0.0,0.08239,0.76237,0.29705,0.29563,0.0,0.00142
2018-12-05 00:00:00,2018-12-05 00:00,0.87154,0.24315,0.0,0.06529,0.56311,0.2905,0.28971,0.0,0.00079
2018-12-05 01:00:00,2018-12-05 01:00,0.8214,0.24001,0.00364,0.04802,0.52973,0.28317,0.28285,0.0,0.00032
2018-12-05 02:00:00,2018-12-05 02:00,0.73606,0.24333,0.00184,0.03721,0.45368,0.27954,0.27936,0.0,0.00018
2018-12-05 03:00:00,2018-12-05 03:00,0.72803,0.24394,0.0,0.0386,0.44549,0.28931,0.28916,0.0,0.00015
2018-12-05 04:00:00,2018-12-05 04:00,0.73191,0.24193,0.00106,0.0479,0.44101,0.29354,0.29341,0.0,0.00013
2018-12-05 05:00:00,2018-12-05 05:00,0.75687,0.24677,0.0,0.06227,0.44784,0.29916,0.29838,0.0,0.00078
2018-12-05 06:00:00,2018-12-05 06:00,0.86278,0.24791,0.0,0.10344,0.51143,0.30442,0.30147,0.0,0.00295
2018-12-05 07:00:00,2018-12-05 07:00,1.02882,0.24818,0.0,0.17966,0.60098,0.31154,0.30773,0.0,0.00381
2018-12-05 08:00:00,2018-12-05 08:00,1.12116,0.24763,0.0,0.19952,0.67401,0.30639,0.29996,0.0,0.00642
2018-12-05 09:00:00,2018-12-05 09:00,1.184,0.24752,0.0,0.19279,0.74369,0.30851,0.30304,0.0,0.00547
2018-12-05 10:00:00,2018-12-05 10:00,1.16618,0.24736,0.0,0.16416,0.75466,0.30724,0.30254,0.0,0.0047
2018-12-05 11:00:00,2018-12-05 11:00,1.14792,0.24774,0.0,0.13817,0.76201,0.29835,0.2936,0.0,0.00475
2018-12-05 12:00:00,2018-12-05 12:00,1.11166,0.24628,0.0,0.11978,0.7456,0.27758,0.27444,0.0,0.00314
2018-12-05 13:00:00,2018-12-05 13:00,1.06698,0.24642,0.00175,0.12215,0.69666,0.27047,0.26702,0.0,0.00345
2018-12-05 14:00:00,2018-12-05 14:00,1.1522,0.2464,0.0,0.14629,0.75951,0.2472,0.24389,0.0,0.00331
2018-12-05 15:00:00,2018-12-05 15:00,1.24534,0.2481,0.0,0.14813,0.84912,0.24152,0.23847,0.0,0.00304
2018-12-05 16:00:00,2018-12-05 16:00,1.23635,0.24865,0.0,0.15702,0.83068,0.2417,0.23756,0.0,0.00414
2018-12-05 17:00:00,2018-12-05 17:00,1.30896,0.24848,0.00084,0.14089,0.91875,0.25492,0.25002,0.0,0.00491
2018-12-05 18:00:00,2018-12-05 18:00,1.50942,0.2459,0.00171,0.13485,1.12696,0.26042,0.25382,0.0,0.00659
2018-12-05 19:00:00,2018-12-05 19:00,1.72669,0.2418,0.0,0.15042,1.33447,0.26216,0.25684,0.0,0.00532
2018-12-05 20:00:00,2018-12-05 20:00,1.83182,0.2414,0.0016,0.15969,1.42913,0.27559,0.27221,0.0,0.00338
2018-12-05 21:00:00,2018-12-05 21:00,1.76272,0.24214,0.00142,0.12048,1.39868,0.28586,0.28134,0.0,0.00451
2018-12-05 22:00:00,2018-12-05 22:00,1.62289,0.24046,0.0,0.12184,1.26059,0.29047,0.28624,0.0,0.00423
2018-12-05 23:00:00,2018-12-05 23:00,1.22399,0.24453,0.0,0.0894,0.89006,0.29871,0.29542,0.0,0.00329
2018-12-06 00:00:00,2018-12-06 00:00,0.92476,0.24361,0.0,0.07258,0.60858,0.29742,0.29519,0.0,0.00223
2018-12-06 01:00:00,2018-12-06 01:00,0.83188,0.23879,0.00361,0.05039,0.53908,0.29541,0.29464,0.0,0.00077
2018-12-06 02:00:00,2018-12-06 02:00,0.7786,0.24222,0.00187,0.05074,0.48376,0.30406,0.30381,0.0,0.00025
2018-12-06 03:00:00,2018-12-06 03:00,0.75472,0.24299,0.0,0.04427,0.46745,0.31655,0.3164,0.0,0.00015
2018-12-06 04:00:00,2018-12-06 04:00,0.75528,0.2415,0.00112,0.05496,0.45769,0.32257,0.32244,0.0,0.00013
2018-12-06 05:00:00,2018-12-06 05:00,0.75417,0.24602,0.0,0.06552,0.44263,0.33494,0.33374,0.0,0.0012
2018-12-06 06:00:00,2018-12-06 06:00,0.88645,0.24635,0.0,0.14156,0.49854,0.3456,0.34238,0.0,0.00322
2018-12-06 07:00:00,2018-12-06 07:00,1.08851,0.24675,0.0,0.21028,0.63148,0.36129,0.35524,0.0,0.00605
2018-12-06 08:00:00,2018-12-06 08:00,1.15369,0.24655,0.0,0.20986,0.69728,0.35847,0.35203,0.0,0.00644
2018-12-06 09:00:00,2018-12-06 09:00,1.14834,0.2466,0.0,0.17349,0.72825,0.36608,0.36286,0.0,0.00322
2018-12-06 10:00:00,2018-12-06 10:00,1.10998,0.24627,0.0,0.1502,0.71352,0.37033,0.36768,0.0,0.00265
2018-12-06 11:00:00,2018-12-06 11:00,1.09926,0.24668,0.0,0.15923,0.69336,0.35904,0.35724,0.0,0.00181
2018-12-06 12:00:00,2018-12-06 12:00,1.09455,0.24517,0.0,0.11622,0.73316,0.34673,0.34145,0.0,0.00528
2018-12-06 13:00:00,2018-12-06 13:00,1.05975,0.24536,0.00193,0.12994,0.68252,0.33679,0.33326,0.0,0.00353
2018-12-06 14:00:00,2018-12-06 14:00,1.04393,0.24503,0.0,0.1297,0.6692,0.31086,0.30781,0.0,0.00305
2018-12-06 15:00:00,2018-12-06 15:00,1.07749,0.24595,0.0,0.12917,0.70237,0.30486,0.3009,0.0,0.00395
2018-12-06 16:00:00,2018-12-06 16:00,1.23378,0.2471,0.0,0.1366,0.85008,0.307,0.30428,0.0,0.00272
2018-12-06 17:00:00,2018-12-06 17:00,1.47444,0.24693,0.00092,0.16647,1.06011,0.32644,0.3206,0.0,0.00584
2018-12-06 18:00:00,2018-12-06 18:00,1.62281,0.24528,0.00133,0.1639,1.2123,0.33984,0.33302,0.0,0.00682
2018-12-06 19:00:00,2018-12-06 19:00,1.7056,0.2414,0.0,0.15182,1.31239,0.34691,0.3412,0.0,0.00571
2018-12-06 20:00:00,2018-12-06 20:00,1.79744,0.24202,0.00124,0.14601,1.40817,0.36487,0.3597,0.0,0.00517
2018-12-06 21:00:00,2018-12-06 21:00,1.75896,0.24269,0.00107,0.12563,1.38957,0.37109,0.36778,0.0,0.00331
2018-12-06 22:00:00,2018-12-06 22:00,1.46661,0.24119,0.0,0.08641,1.13901,0.37646,0.37442,0.0,0.00204
2018-12-06 23:00:00,2018-12-06 23:00,1.12189,0.24455,0.0,0.08048,0.79686,0.39621,0.39438,0.0,0.00184
2018-12-07 00:00:00,2018-12-07 00:00,0.91835,0.24353,0.0,0.05603,0.61879,0.40173,0.39875,0.0,0.00298
2018-12-07 01:00:00,2018-12-07 01:00,0.79397,0.24163,0.00371,0.0523,0.49634,0.40086,0.4,0.0,0.00086
2018-12-07 02:00:00,2018-12-07 02:00,0.73716,0.24348,0.00218,0.04306,0.44844,0.41217,0.4117,0.0,0.00047
2018-12-07 03:00:00,2018-12-07 03:00,0.74508,0.24416,0.0,0.053,0.44792,0.42651,0.42607,0.0,0.00044
2018-12-07 04:00:00,2018-12-07 04:00,0.73633,0.24291,0.00132,0.05226,0.43985,0.42353,0.42304,0.0,0.00049
2018-12-07 05:00:00,2018-12-07 05:00,0.75635,0.24673,0.0,0.06469,0.44493,0.42637,0.4262,0.0,0.00016
2018-12-07 06:00:00,2018-12-07 06:00,0.87178,0.24677,0.0,0.12834,0.49667,0.42805,0.4269,0.0,0.00115
2018-12-07 07:00:00,2018-12-07 07:00,1.09314,0.2471,0.0,0.20501,0.64103,0.43372,0.43042,0.0,0.0033
2018-12-07 08:00:00,2018-12-07 08:00,1.202,0.24655,0.0,0.22472,0.73073,0.42545,0.42072,0.0,0.00473
2018-12-07 09:00:00,2018-12-07 09:00,1.14778,0.2466,0.0,0.16764,0.73353,0.42525,0.4215,0.0,0.00375
2018-12-07 10:00:00,2018-12-07 10:00,1.14622,0.24639,0.0,0.16668,0.73315,0.41911,0.41524,0.0,0.00387
2018-12-07 11:00:00,2018-12-07 11:00,1.15222,0.24679,0.0,0.16227,0.74316,0.39091,0.38877,0.0,0.00214
2018-12-07 12:00:00,2018-12-07 12:00,1.11653,0.24517,0.0,0.12599,0.74536,0.35496,0.352,0.0,0.00296
2018-12-07 13:00:00,2018-12-07 13:00,1.14698,0.24536,0.00188,0.14003,0.75971,0.33348,0.32985,0.0,0.00363
2018-12-07 14:00:00,2018-12-07 14:00,1.20297,0.24585,0.0,0.15979,0.79733,0.29443,0.28993,0.0,0.00451
2018-12-07 15:00:00,2018-12-07 15:00,1.13706,0.2471,0.0,0.14183,0.74813,0.27304,0.2706,0.0,0.00244
2018-12-07 16:00:00,2018-12-07 16:00,1.15496,0.2471,0.0,0.14399,0.76387,0.26847,0.2639,0.0,0.00458
2018-12-07 17:00:00,2018-12-07 17:00,1.36997,0.24693,0.00087,0.1513,0.97087,0.28639,0.27838,0.0,0.00801
2018-12-07 18:00:00,2018-12-07 18:00,1.63503,0.24474,0.00132,0.19241,1.19655,0.29712,0.28743,0.0,0.00969
2018-12-07 19:00:00,2018-12-07 19:00,1.77899,0.24104,0.0,0.20644,1.33151,0.30364,0.29638,0.0,0.00726
2018-12-07 20:00:00,2018-12-07 20:00,1.77501,0.24107,0.00143,0.14096,1.39155,0.3224,0.31645,0.0,0.00594
2018-12-07 21:00:00,2018-12-07 21:00,1.71231,0.24072,0.00127,0.11152,1.3588,0.33195,0.32566,0.0,0.00629
2018-12-07 22:00:00,2018-12-07 22:00,1.5048,0.2405,0.0,0.10781,1.15649,0.3377,0.33557,0.0,0.00214
2018-12-07 23:00:00,2018-12-07 23:00,1.19546,0.24427,0.0,0.08603,0.86516,0.36098,0.35904,0.0,0.00194
2018-12-08 00:00:00,2018-12-08 00:00,0.88376,0.24277,0.0,0.06484,0.57615,0.36482,0.36353,0.0,0.00129
2018-12-08 01:00:00,2018-12-08 01:00,0.77495,0.24009,0.00376,0.04967,0.48143,0.36805,0.36611,0.0,0.00194
2018-12-08 02:00:00,2018-12-08 02:00,0.74269,0.2432,0.00205,0.04517,0.45227,0.37944,0.37925,0.0,0.00018
2018-12-08 03:00:00,2018-12-08 03:00,0.73353,0.24383,0.0,0.04563,0.44406,0.39943,0.39927,0.0,0.00015
2018-12-08 04:00:00,2018-12-08 04:00,0.72208,0.24268,0.00131,0.0397,0.43838,0.4117,0.41147,0.0,0.00023
2018-12-08 05:00:00,2018-12-08 05:00,0.74954,0.24686,0.0,0.0522,0.45048,0.42985,0.42858,0.0,0.00127
2018-12-08 06:00:00,2018-12-08 06:00,0.78482,0.2471,0.0,0.07733,0.46039,0.4296,0.42865,0.0,0.00095
2018-12-08 07:00:00,2018-12-08 07:00,0.88642,0.2471,0.0,0.10478,0.53454,0.42335,0.42105,0.0,0.0023
2018-12-08 08:00:00,2018-12-08 08:00,1.08584,0.2471,0.0,0.172,0.66675,0.40516,0.40168,0.0,0.00347
2018-12-08 09:00:00,2018-12-08 09:00,1.24484,0.2471,0.0,0.19275,0.805,0.39783,0.39233,0.0,0.0055
2018-12-08 10:00:00,2018-12-08 10:00,1.39152,0.2471,0.0,0.20517,0.93925,0.39361,0.38709,0.0,0.00652
2018-12-08 11:00:00,2018-12-08 11:00,1.42605,0.2471,0.0,0.21353,0.96542,0.3772,0.37289,0.0,0.00432
2018-12-08 12:00:00,2018-12-08 12:00,1.36094,0.2471,0.0,0.19946,0.91438,0.36044,0.35693,0.0,0.00351
2018-12-08 13:00:00,2018-12-08 13:00,1.18239,0.2471,0.0,0.14279,0.79251,0.35516,0.34988,0.0,0.00528
2018-12-08 14:00:00,2018-12-08 14:00,1.25276,0.2471,0.0,0.15289,0.85278,0.33335,0.32664,0.0,0.00672
2018-12-08 15:00:00,2018-12-08 15:00,1.31979,0.2471,0.0,0.19395,0.87874,0.32235,0.31557,0.0,0.00678
2018-12-08 16:00:00,2018-12-08 16:00,1.46953,0.2471,0.0,0.2074,1.01503,0.30987,0.30642,0.0,0.00345
2018-12-08 17:00:00,2018-12-08 17:00,1.50392,0.2471,0.0,0.17124,1.08558,0.30683,0.30229,0.0,0.00454
2018-12-08 18:00:00,2018-12-08 18:00,1.67302,0.24514,0.00152,0.15664,1.26973,0.30104,0.294,0.0,0.00704
2018-12-08 19:00:00,2018-12-08 19:00,1.77213,0.24125,0.0,0.15453,1.37635,0.29236,0.28449,0.0,0.00787
2018-12-08 20:00:00,2018-12-08 20:00,1.93249,0.24113,0.00132,0.16024,1.5298,0.28952,0.28537,0.0,0.00414
2018-12-08 21:00:00,2018-12-08 21:00,1.77685,0.2397,0.00122,0.1201,1.41583,0.28461,0.28241,0.0,0.0022
2018-12-08 22:00:00,2018-12-08 22:00,1.58195,0.23897,0.0,0.1086,1.23438,0.28669,0.28423,0.0,0.00245
2018-12-08 23:00:00,2018-12-08 23:00,1.2085,0.24308,0.0,0.07837,0.88705,0.30367,0.30135,0.0,0.00232
2018-12-09 00:00:00,2018-12-09 00:00,0.93817,0.24167,0.0,0.07981,0.61669,0.30716,0.30563,0.0,0.00152
2018-12-09 01:00:00,2018-12-09 01:00,0.84202,0.2388,0.00364,0.06578,0.5338,0.30199,0.30156,0.0,0.00043
2018-12-09 02:00:00,2018-12-09 02:00,0.77172,0.24242,0.00189,0.04433,0.48308,0.30565,0.30547,0.0,0.00018
2018-12-09 03:00:00,2018-12-09 03:00,0.74966,0.24269,0.0,0.02928,0.4777,0.32302,0.32276,0.0,0.00026
2018-12-09 04:00:00,2018-12-09 04:00,0.73802,0.24162,0.00112,0.04244,0.45283,0.33388,0.33358,0.0,0.00031
2018-12-09 05:00:00,2018-12-09 05:00,0.75228,0.24615,0.0,0.03354,0.47259,0.34831,0.34782,0.0,0.00049
2018-12-09 06:00:00,2018-12-09 06:00,0.7818,0.24663,0.0,0.06809,0.46709,0.36306,0.36226,0.0,0.0008
2018-12-09 07:00:00,2018-12-09 07:00,0.88005,0.24686,0.0,0.10705,0.52614,0.38534,0.38411,0.0,0.00123
2018-12-09 08:00:00,2018-12-09 08:00,1.05512,0.2471,0.0,0.14215,0.66587,0.39339,0.38964,0.0,0.00375
2018-12-09 09:00:00,2018-12-09 09:00,1.24321,0.2471,0.0,0.20022,0.7959,0.39959,0.39576,0.0,0.00383
2018-12-09 10:00:00,2018-12-09 10:00,1.37633,0.24698,0.0,0.21781,0.91154,0.37452,0.36781,0.0,0.00671
2018-12-09 11:00:00,2018-12-09 11:00,1.34546,0.24679,0.0,0.20215,0.89652,0.32543,0.31942,0.0,0.00601
2018-12-09 12:00:00,2018-12-09 12:00,1.27113,0.2471,0.0,0.16335,0.86068,0.28427,0.28085,0.0,0.00342
2018-12-09 13:00:00,2018-12-09 13:00,1.25428,0.24691,0.0,0.15482,0.85256,0.26668,0.26282,0.0,0.00386
2018-12-09 14:00:00,2018-12-09 14:00,1.25071,0.2471,0.0,0.17659,0.82702,0.23732,0.23352,0.0,0.0038
2018-12-09 15:00:00,2018-12-09 15:00,1.31474,0.2471,0.0,0.17803,0.88962,0.22264,0.21953,0.0,0.00311
2018-12-09 16:00:00,2018-12-09 16:00,1.41203,0.2471,0.0,0.21751,0.94742,0.22184,0.21827,0.0,0.00357
2018-12-09 17:00:00,2018-12-09 17:00,1.55644,0.2471,0.0,0.19325,1.11609,0.24588,0.24026,0.0,0.00561
2018-12-09 18:00:00,2018-12-09 18:00,1.62796,0.24456,0.0015,0.17074,1.21116,0.25953,0.25309,0.0,0.00645
2018-12-09 19:00:00,2018-12-09 19:00,1.83581,0.24018,0.0,0.16757,1.42806,0.26789,0.26227,0.0,0.00563
2018-12-09 20:00:00,2018-12-09 20:00,1.93486,0.24049,0.00157,0.15783,1.53496,0.28467,0.27952,0.0,0.00515
2018-12-09 21:00:00,2018-12-09 21:00,1.83584,0.23934,0.00138,0.12242,1.47271,0.28997,0.28604,0.0,0.00393
2018-12-09 22:00:00,2018-12-09 22:00,1.58368,0.23972,0.0,0.09261,1.25135,0.3022,0.29737,0.0,0.00484
2018-12-09 23:00:00,2018-12-09 23:00,1.27965,0.2436,0.0,0.09799,0.93806,0.33053,0.32421,0.0,0.00632
2018-12-10 00:00:00,2018-12-10 00:00,0.94826,0.24208,0.0,0.07317,0.633,0.33482,0.33111,0.0,0.00371
2018-12-10 01:00:00,2018-12-10 01:00,0.83177,0.23942,0.00369,0.05742,0.53123,0.33306,0.33212,0.0,0.00094
2018-12-10 02:00:00,2018-12-10 02:00,0.80711,0.24267,0.00201,0.05326,0.50917,0.34048,0.33996,0.0,0.00052
2018-12-10 03:00:00,2018-12-10 03:00,0.76631,0.24329,0.0,0.0513,0.47171,0.35667,0.35599,0.0,0.00069
2018-12-10 04:00:00,2018-12-10 04:00,0.7546,0.24198,0.00121,0.04865,0.46277,0.36599,0.36514,0.0,0.00084
2018-12-10 05:00:00,2018-12-10 05:00,0.7981,0.2465,0.0,0.08315,0.46844,0.37486,0.37392,0.0,0.00094
2018-12-10 06:00:00,2018-12-10 06:00,0.86322,0.24647,0.0,0.12021,0.49655,0.38326,0.37993,0.0,0.00333
2018-12-10 07:00:00,2018-12-10 07:00,1.06616,0.2471,0.0,0.18023,0.63883,0.39258,0.38651,0.0,0.00607
2018-12-10 08:00:00,2018-12-10 08:00,1.25258,0.24655,0.0,0.22124,0.7848,0.38334,0.37336,0.0,0.00998
2018-12-10 09:00:00,2018-12-10 09:00,1.19796,0.2466,0.0,0.18673,0.76463,0.3774,0.37129,0.0,0.0061
2018-12-10 10:00:00,2018-12-10 10:00,1.14102,0.24627,0.0,0.1571,0.73765,0.37017,0.36717,0.0,0.003
2018-12-10 11:00:00,2018-12-10 11:00,1.21576,0.24679,0.0,0.18434,0.78463,0.35489,0.35128,0.0,0.00361
2018-12-10 12:00:00,2018-12-10 12:00,1.17986,0.24517,0.0,0.14359,0.7911,0.3372,0.33374,0.0,0.00346
2018-12-10 13:00:00,2018-12-10 13:00,1.1599,0.24541,0.00184,0.13474,0.77791,0.33271,0.32857,0.0,0.00414
2018-12-10 14:00:00,2018-12-10 14:00,1.14382,0.24593,0.0,0.17069,0.7272,0.30268,0.29876,0.0,0.00393
2018-12-10 15:00:00,2018-12-10 15:00,1.23257,0.2471,0.0,0.17376,0.81171,0.28652,0.28226,0.0,0.00427
2018-12-10 16:00:00,2018-12-10 16:00,1.231,0.2471,0.0,0.14812,0.83579,0.276,0.27152,0.0,0.00448
2018-12-10 17:00:00,2018-12-10 17:00,1.37103,0.24693,0.00086,0.17002,0.95322,0.29155,0.28556,0.0,0.00599
2018-12-10 18:00:00,2018-12-10 18:00,1.6143,0.24492,0.00137,0.15712,1.21089,0.30757,0.29878,0.0,0.00879
2018-12-10 19:00:00,2018-12-10 19:00,1.81103,0.24054,0.0,0.17037,1.40013,0.30639,0.29958,0.0,0.00681
2018-12-10 20:00:00,2018-12-10 20:00,1.83059,0.24107,0.00129,0.16917,1.41906,0.3131,0.3085,0.0,0.0046
2018-12-10 21:00:00,2018-12-10 21:00,1.79403,0.24168,0.00114,0.14154,1.40966,0.31563,0.31058,0.0,0.00506
2018-12-10 22:00:00,2018-12-10 22:00,1.54427,0.24029,0.0,0.12123,1.18275,0.31795,0.31516,0.0,0.00279
2018-12-10 23:00:00,2018-12-10 23:00,1.21664,0.24378,0.0,0.09059,0.88226,0.33395,0.3324,0.0,0.00154
2018-12-11 00:00:00,2018-12-11 00:00,0.95472,0.24209,0.0,0.06072,0.65191,0.33728,0.33616,0.0,0.00112
2018-12-11 01:00:00,2018-12-11 01:00,0.8424,0.23962,0.00378,0.0475,0.5515,0.33783,0.33746,0.0,0.00036
2018-12-11 02:00:00,2018-12-11 02:00,0.7753,0.24291,0.00202,0.0533,0.47707,0.3474,0.34721,0.0,0.00018
2018-12-11 03:00:00,2018-12-11 03:00,0.7419,0.24369,0.0,0.05456,0.44365,0.36625,0.3661,0.0,0.00015
2018-12-11 04:00:00,2018-12-11 04:00,0.72525,0.24235,0.00125,0.03674,0.44491,0.37964,0.37925,0.0,0.00038
2018-12-11 05:00:00,2018-12-11 05:00,0.79296,0.2465,0.0,0.0601,0.48635,0.39913,0.39852,0.0,0.00061
2018-12-11 06:00:00,2018-12-11 06:00,0.8584,0.24682,0.0,0.11116,0.50042,0.41443,0.41259,0.0,0.00184
2018-12-11 07:00:00,2018-12-11 07:00,1.07817,0.2471,0.0,0.1881,0.64297,0.42907,0.42463,0.0,0.00444
2018-12-11 08:00:00,2018-12-11 08:00,1.19488,0.24655,0.0,0.22483,0.7235,0.42471,0.41949,0.0,0.00522
2018-12-11 09:00:00,2018-12-11 09:00,1.27209,0.2466,0.0,0.21468,0.81081,0.4217,0.41905,0.0,0.00265
2018-12-11 10:00:00,2018-12-11 10:00,1.22306,0.24627,0.0,0.17779,0.799,0.40779,0.40303,0.0,0.00475
2018-12-11 11:00:00,2018-12-11 11:00,1.11452,0.24679,0.0,0.13971,0.72801,0.36613,0.36341,0.0,0.00273
2018-12-11 12:00:00,2018-12-11 12:00,1.10753,0.24517,0.0,0.13316,0.72919,0.32476,0.3204,0.0,0.00435
2018-12-11 13:00:00,2018-12-11 13:00,1.23271,0.24523,0.00183,0.12803,0.85761,0.30341,0.30052,0.0,0.0029
2018-12-11 14:00:00,2018-12-11 14:00,1.18954,0.24593,0.0,0.15922,0.78439,0.26991,0.26734,0.0,0.00257
2018-12-11 15:00:00,2018-12-11 15:00,1.1627,0.24651,0.0,0.16387,0.75232,0.25684,0.25252,0.0,0.00431
2018-12-11 16:00:00,2018-12-11 16:00,1.22775,0.2471,0.0,0.14767,0.83299,0.25586,0.25018,0.0,0.00568
2018-12-11 17:00:00,2018-12-11 17:00,1.37805,0.24693,0.00084,0.15589,0.97439,0.2631,0.25687,0.0,0.00623
2018-12-11 18:00:00,2018-12-11 18:00,1.61902,0.24446,0.00138,0.19024,1.18295,0.26448,0.25773,0.0,0.00674
2018-12-11 19:00:00,2018-12-11 19:00,1.7805,0.24023,0.0,0.1752,1.36507,0.26352,0.25862,0.0,0.0049
2018-12-11 20:00:00,2018-12-11 20:00,1.77247,0.24033,0.00151,0.14652,1.38411,0.27219,0.26804,0.0,0.00415
2018-12-11 21:00:00,2018-12-11 21:00,1.77217,0.23939,0.00136,0.14929,1.38213,0.27642,0.27068,0.0,0.00574
2018-12-11 22:00:00,2018-12-11 22:00,1.58092,0.23701,0.0,0.10042,1.2435,0.27668,0.27344,0.0,0.00324
2018-12-11 23:00:00,2018-12-11 23:00,1.18999,0.24302,0.0,0.07582,0.87115,0.28629,0.28418,0.0,0.00211
2018-12-12 00:00:00,2018-12-12 00:00,0.86723,0.24156,0.0,0.06416,0.56151,0.28415,0.28207,0.0,0.00209
2018-12-12 01:00:00,2018-12-12 01:00,0.76693,0.23792,0.00353,0.03857,0.4869,0.27283,0.2724,0.0,0.00043
2018-12-12 02:00:00,2018-12-12 02:00,0.74904,0.24178,0.00178,0.04046,0.46502,0.27056,0.27038,0.0,0.00018
2018-12-12 03:00:00,2018-12-12 03:00,0.74167,0.24229,0.0,0.04578,0.45359,0.27996,0.27981,0.0,0.00015
2018-12-12 04:00:00,2018-12-12 04:00,0.73745,0.24038,0.00105,0.04861,0.44741,0.28431,0.28395,0.0,0.00036
2018-12-12 05:00:00,2018-12-12 05:00,0.75633,0.24518,0.0,0.06028,0.45087,0.29173,0.29102,0.0,0.00071
2018-12-12 06:00:00,2018-12-12 06:00,0.85458,0.24635,0.0,0.11688,0.49134,0.30064,0.29838,0.0,0.00226
2018-12-12 07:00:00,2018-12-12 07:00,1.03484,0.24663,0.0,0.17473,0.61348,0.31177,0.30827,0.0,0.0035
2018-12-12 08:00:00,2018-12-12 08:00,1.27734,0.24608,0.0,0.21517,0.8161,0.30953,0.30231,0.0,0.00723
2018-12-12 09:00:00,2018-12-12 09:00,1.24977,0.24609,0.0,0.21499,0.78869,0.3154,0.30934,0.0,0.00605
2018-12-12 10:00:00,2018-12-12 10:00,1.11981,0.24627,0.0,0.17226,0.70129,0.314,0.30919,0.0,0.00481
2018-12-12 11:00:00,2018-12-12 11:00,1.08257,0.24632,0.0,0.14465,0.6916,0.29403,0.28806,0.0,0.00596
2018-12-12 12:00:00,2018-12-12 12:00,1.09454,0.24512,0.0,0.13409,0.71533,0.27481,0.26891,0.0,0.00589
2018-12-12 13:00:00,2018-12-12 13:00,1.10075,0.24517,0.00174,0.13142,0.72242,0.27401,0.27032,0.0,0.00369
2018-12-12 14:00:00,2018-12-12 14:00,1.12662,0.24484,0.0,0.15054,0.73124,0.2575,0.25337,0.0,0.00413
2018-12-12 15:00:00,2018-12-12 15:00,1.10306,0.24678,0.0,0.15001,0.70627,0.25068,0.24787,0.0,0.00281
2018-12-12 16:00:00,2018-12-12 16:00,1.18935,0.2471,0.0,0.1582,0.78405,0.25255,0.24921,0.0,0.00334
2018-12-12 17:00:00,2018-12-12 17:00,1.43015,0.24693,0.00083,0.16935,1.01303,0.25824,0.25098,0.0,0.00726
2018-12-12 18:00:00,2018-12-12 18:00,1.61927,0.24448,0.00148,0.19094,1.18236,0.25254,0.24662,0.0,0.00592
2018-12-12 19:00:00,2018-12-12 19:00,1.74117,0.24046,0.0,0.17581,1.3249,0.24864,0.24172,0.0,0.00692
2018-12-12 20:00:00,2018-12-12 20:00,1.77091,0.23955,0.00155,0.15764,1.37217,0.25393,0.24831,0.0,0.00562
2018-12-12 21:00:00,2018-12-12 21:00,1.68452,0.23848,0.00143,0.12555,1.31906,0.25037,0.24726,0.0,0.00311
2018-12-12 22:00:00,2018-12-12 22:00,1.5289,0.2354,0.0,0.11963,1.17387,0.25,0.24607,0.0,0.00393
2018-12-12 23:00:00,2018-12-12 23:00,1.22462,0.24155,0.0,0.09345,0.88962,0.2606,0.25686,0.0,0.00374
2018-12-13 00:00:00,2018-12-13 00:00,0.90398,0.24006,0.0,0.05726,0.60666,0.25764,0.25666,0.0,0.00098
2018-12-13 01:00:00,2018-12-13 01:00,0.79595,0.23925,0.00363,0.06591,0.48716,0.2651,0.26299,0.0,0.00211
2018-12-13 02:00:00,2018-12-13 02:00,0.7861,0.24258,0.00181,0.05937,0.48235,0.26736,0.26618,0.0,0.00118
2018-12-13 03:00:00,2018-12-13 03:00,0.75156,0.24379,0.0,0.05046,0.45732,0.27936,0.279,0.0,0.00036
2018-12-13 04:00:00,2018-12-13 04:00,0.71728,0.24151,0.00106,0.03383,0.44088,0.28583,0.28545,0.0,0.00038
2018-12-13 05:00:00,2018-12-13 05:00,0.76688,0.24678,0.0,0.07079,0.44931,0.29744,0.29524,0.0,0.0022
2018-12-13 06:00:00,2018-12-13 06:00,0.86599,0.24791,0.0,0.11357,0.50451,0.30578,0.30325,0.0,0.00253
2018-12-13 07:00:00,2018-12-13 07:00,1.11771,0.24818,0.0,0.18778,0.68174,0.31734,0.31294,0.0,0.0044
2018-12-13 08:00:00,2018-12-13 08:00,1.20267,0.24763,0.0,0.20617,0.74886,0.30964,0.30431,0.0,0.00534
2018-12-13 09:00:00,2018-12-13 09:00,1.19572,0.24764,0.0,0.19036,0.75772,0.31465,0.30928,0.0,0.00537
2018-12-13 10:00:00,2018-12-13 10:00,1.16675,0.24782,0.0,0.15528,0.76365,0.31205,0.30885,0.0,0.0032
2018-12-13 11:00:00,2018-12-13 11:00,1.26228,0.24821,0.0,0.14482,0.86925,0.3016,0.2977,0.0,0.00389
2018-12-13 12:00:00,2018-12-13 12:00,1.16773,0.24663,0.0,0.1312,0.78991,0.28605,0.27915,0.0,0.00689
2018-12-13 13:00:00,2018-12-13 13:00,1.15992,0.24672,0.00178,0.12749,0.78394,0.28064,0.27611,0.0,0.00453
2018-12-13 14:00:00,2018-12-13 14:00,1.15673,0.2464,0.0,0.14419,0.76614,0.25614,0.25387,0.0,0.00227
2018-12-13 15:00:00,2018-12-13 15:00,1.12863,0.24836,0.0,0.14521,0.73506,0.24818,0.24519,0.0,0.00298
2018-12-13 16:00:00,2018-12-13 16:00,1.20608,0.24865,0.0,0.16547,0.79196,0.23995,0.23753,0.0,0.00242
2018-12-13 17:00:00,2018-12-13 17:00,1.37866,0.24848,0.00083,0.16624,0.9631,0.24844,0.2404,0.0,0.00804
2018-12-13 18:00:00,2018-12-13 18:00,1.57073,0.2455,0.00158,0.14654,1.17711,0.24725,0.23834,0.0,0.0089
2018-12-13 19:00:00,2018-12-13 19:00,1.74915,0.24117,0.0,0.1722,1.33578,0.23519,0.22926,0.0,0.00593
2018-12-13 20:00:00,2018-12-13 20:00,1.87305,0.24087,0.00169,0.15336,1.47713,0.23172,0.22801,0.0,0.00371
2018-12-13 21:00:00,2018-12-13 21:00,1.7174,0.23848,0.00159,0.11577,1.36157,0.22452,0.22068,0.0,0.00384
2018-12-13 22:00:00,2018-12-13 22:00,1.44706,0.23526,0.0,0.08631,1.12548,0.22214,0.21976,0.0,0.00238
2018-12-13 23:00:00,2018-12-13 23:00,1.30923,0.24039,0.0,0.09474,0.9741,0.23863,0.23496,0.0,0.00367
2018-12-14 00:00:00,2018-12-14 00:00,0.98553,0.23979,0.0,0.07066,0.67508,0.23485,0.23319,0.0,0.00166
2018-12-14 01:00:00,2018-12-14 01:00,0.80443,0.23783,0.00368,0.04903,0.5139,0.22958,0.22926,0.0,0.00032
2018-12-14 02:00:00,2018-12-14 02:00,0.7849,0.24083,0.00175,0.04675,0.49557,0.23479,0.23405,0.0,0.00075
2018-12-14 03:00:00,2018-12-14 03:00,0.76505,0.24339,0.0,0.0414,0.48027,0.25132,0.24956,0.0,0.00175
2018-12-14 04:00:00,2018-12-14 04:00,0.73232,0.24056,0.00105,0.04731,0.4434,0.25965,0.25837,0.0,0.00128
2018-12-14 05:00:00,2018-12-14 05:00,0.7713,0.24535,0.0,0.06916,0.4568,0.27216,0.27133,0.0,0.00083
2018-12-14 06:00:00,2018-12-14 06:00,0.87873,0.24722,0.0,0.12275,0.50875,0.28721,0.28404,0.0,0.00317
2018-12-14 07:00:00,2018-12-14 07:00,1.10713,0.24818,0.0,0.19759,0.66135,0.30441,0.30005,0.0,0.00436
2018-12-14 08:00:00,2018-12-14 08:00,1.26601,0.24763,0.0,0.20249,0.81588,0.30581,0.29804,0.0,0.00777
2018-12-14 09:00:00,2018-12-14 09:00,1.21728,0.24752,0.0,0.1803,0.78946,0.30135,0.29591,0.0,0.00545
2018-12-14 10:00:00,2018-12-14 10:00,1.22532,0.24708,0.0,0.17683,0.80141,0.28475,0.28114,0.0,0.00361
2018-12-14 11:00:00,2018-12-14 11:00,1.16385,0.24765,0.0,0.12544,0.79077,0.25115,0.24803,0.0,0.00312
2018-12-14 12:00:00,2018-12-14 12:00,1.32238,0.38716,0.0,0.14181,0.79342,0.1946,0.18955,0.0,0.00505
2018-12-14 13:00:00,2018-12-14 13:00,2.16839,1.25059,0.00171,0.1396,0.77649,0.064,0.05632,0.0,0.00768
2018-12-14 14:00:00,2018-12-14 14:00,2.32811,1.45836,5e-05,0.12722,0.74248,0.00411,0.0,0.0,0.00411
2018-12-14 15:00:00,2018-12-14 15:00,2.26013,1.33818,8e-05,0.15627,0.7656,0.003,0.0,0.0,0.003
2018-12-14 16:00:00,2018-12-14 16:00,2.3079,1.31154,0.0,0.16071,0.83565,0.00398,0.0,0.0,0.00398
2018-12-14 17:00:00,2018-12-14 17:00,2.49389,1.40863,0.00081,0.15286,0.9316,0.01672,0.01065,0.0,0.00607
2018-12-14 18:00:00,2018-12-14 18:00,1.81907,0.42472,0.00221,0.18502,1.20711,0.16765,0.15912,0.0,0.00853
2018-12-14 19:00:00,2018-12-14 19:00,1.73718,0.23914,0.0,0.16153,1.3365,0.20332,0.19543,0.0,0.00788
2018-12-14 20:00:00,2018-12-14 20:00,1.84373,0.23885,0.00189,0.15165,1.45134,0.22657,0.22101,0.0,0.00556
2018-12-14 21:00:00,2018-12-14 21:00,1.65336,0.23889,0.00169,0.11862,1.29416,0.22861,0.22518,0.0,0.00343
2018-12-14 22:00:00,2018-12-14 22:00,1.49122,0.23579,0.0,0.10666,1.14877,0.23511,0.23225,0.0,0.00285
2018-12-14 23:00:00,2018-12-14 23:00,1.11665,0.2424,0.0,0.08193,0.79232,0.25551,0.25332,0.0,0.00219
2018-12-15 00:00:00,2018-12-15 00:00,0.87387,0.24097,0.0,0.06659,0.56631,0.26121,0.25956,0.0,0.00165
2018-12-15 01:00:00,2018-12-15 01:00,0.79524,0.23881,0.00379,0.05216,0.50047,0.25881,0.25761,0.0,0.0012
2018-12-15 02:00:00,2018-12-15 02:00,0.77467,0.24284,0.00183,0.05171,0.47828,0.26705,0.26585,0.0,0.0012
2018-12-15 03:00:00,2018-12-15 03:00,0.72986,0.24382,0.0,0.02663,0.45941,0.28316,0.28301,0.0,0.00015
2018-12-15 04:00:00,2018-12-15 04:00,0.72706,0.24255,0.00112,0.04362,0.43977,0.29444,0.2941,0.0,0.00034
2018-12-15 05:00:00,2018-12-15 05:00,0.75664,0.24706,0.0,0.05608,0.45351,0.31133,0.31116,0.0,0.00018
2018-12-15 06:00:00,2018-12-15 06:00,0.81189,0.24818,0.0,0.06488,0.49882,0.327,0.32631,0.0,0.00068
2018-12-15 07:00:00,2018-12-15 07:00,0.90787,0.24818,0.0,0.09649,0.5632,0.34326,0.34161,0.0,0.00165
2018-12-15 08:00:00,2018-12-15 08:00,1.10045,0.24818,0.0,0.13684,0.71543,0.33926,0.33749,0.0,0.00176
2018-12-15 09:00:00,2018-12-15 09:00,1.28047,0.24853,0.0,0.20054,0.8314,0.33079,0.32697,0.0,0.00381
2018-12-15 10:00:00,2018-12-15 10:00,1.34359,0.24865,0.0,0.22174,0.87321,0.30707,0.2993,0.0,0.00777
2018-12-15 11:00:00,2018-12-15 11:00,1.46162,0.33325,0.0,0.18227,0.94609,0.25359,0.24732,0.0,0.00627
2018-12-15 12:00:00,2018-12-15 12:00,1.86513,0.87124,0.0,0.15319,0.84071,0.14165,0.13487,0.0,0.00677
2018-12-15 13:00:00,2018-12-15 13:00,2.54001,1.53916,0.0,0.1584,0.84245,0.02084,0.0123,0.0,0.00854
2018-12-15 14:00:00,2018-12-15 14:00,2.25196,1.31491,0.00011,0.14908,0.78786,0.00568,0.0,0.0,0.00568
2018-12-15 15:00:00,2018-12-15 15:00,2.16003,1.1154,0.00032,0.17552,0.86878,0.0025,0.0,0.0,0.0025
2018-12-15 16:00:00,2018-12-15 16:00,2.19564,1.06361,3e-05,0.14381,0.98819,0.00289,0.0,0.0,0.00289
2018-12-15 17:00:00,2018-12-15 17:00,2.57906,1.28586,0.0,0.16218,1.13102,0.00799,0.0,0.0,0.00799
2018-12-15 18:00:00,2018-12-15 18:00,2.97111,1.53001,0.00263,0.17682,1.26165,0.00887,0.0,0.0,0.00887
2018-12-15 19:00:00,2018-12-15 19:00,2.85142,1.23042,0.0,0.16073,1.46028,0.05679,0.04989,0.0,0.0069
2018-12-15 20:00:00,2018-12-15 20:00,2.75264,1.09365,0.002,0.14474,1.51224,0.07481,0.07012,0.0,0.00469
2018-12-15 21:00:00,2018-12-15 21:00,2.61306,1.05323,0.0018,0.11944,1.43859,0.0755,0.07127,0.0,0.00422
2018-12-15 22:00:00,2018-12-15 22:00,2.50236,1.16181,0.0,0.11206,1.22848,0.0501,0.04854,0.0,0.00156
2018-12-15 23:00:00,2018-12-15 23:00,2.17352,1.23264,0.00013,0.0791,0.86165,0.04573,0.04411,0.0,0.00162
2018-12-16 00:00:00,2018-12-16 00:00,1.88642,1.23316,0.0,0.05589,0.59737,0.04802,0.04674,0.0,0.00128
2018-12-16 01:00:00,2018-12-16 01:00,1.72537,1.15095,0.00359,0.05897,0.51185,0.06272,0.06167,0.0,0.00105
2018-12-16 02:00:00,2018-12-16 02:00,1.0427,0.5432,0.00201,0.03609,0.4614,0.1521,0.15167,0.0,0.00043
2018-12-16 03:00:00,2018-12-16 03:00,0.91043,0.41641,0.0,0.04443,0.44959,0.18113,0.18098,0.0,0.00015
2018-12-16 04:00:00,2018-12-16 04:00,0.91206,0.42817,0.00115,0.0417,0.44104,0.18628,0.18615,0.0,0.00013
2018-12-16 05:00:00,2018-12-16 05:00,0.93201,0.45144,0.0,0.03254,0.44803,0.19296,0.1928,0.0,0.00016
2018-12-16 06:00:00,2018-12-16 06:00,0.88835,0.35052,0.0,0.06868,0.46914,0.22034,0.21944,0.0,0.0009
2018-12-16 07:00:00,2018-12-16 07:00,0.87256,0.24779,2e-05,0.08579,0.53896,0.24726,0.24501,0.0,0.00225
2018-12-16 08:00:00,2018-12-16 08:00,1.03286,0.24818,0.0,0.14604,0.63863,0.24294,0.2398,0.0,0.00314
2018-12-16 09:00:00,2018-12-16 09:00,1.2881,0.24818,0.0,0.20925,0.83066,0.24284,0.238,0.0,0.00483
2018-12-16 10:00:00,2018-12-16 10:00,2.06819,1.08033,0.0,0.17051,0.81735,0.12075,0.11489,0.0,0.00586
2018-12-16 11:00:00,2018-12-16 11:00,2.7707,1.73638,0.00138,0.17123,0.86171,0.00743,0.0,0.0,0.00743
2018-12-16 12:00:00,2018-12-16 12:00,2.59003,1.44999,1e-05,0.15935,0.98067,0.00765,0.0,0.0,0.00765
2018-12-16 13:00:00,2018-12-16 13:00,2.26886,1.16721,0.00011,0.13786,0.96368,0.00754,0.0,0.0,0.00754
2018-12-16 14:00:00,2018-12-16 14:00,1.99187,0.95019,0.00082,0.15629,0.88458,0.00798,0.0,0.0,0.00798
2018-12-16 15:00:00,2018-12-16 15:00,1.96845,0.84752,0.00096,0.15443,0.96554,0.00469,0.0,0.0,0.00469
2018-12-16 16:00:00,2018-12-16 16:00,1.95451,0.81474,0.00048,0.18189,0.9574,0.00303,0.0,0.0,0.00303
2018-12-16 17:00:00,2018-12-16 17:00,2.25104,0.95315,5e-05,0.16829,1.12955,0.00397,0.0,0.0,0.00397
2018-12-16 18:00:00,2018-12-16 18:00,2.51845,1.15167,0.00349,0.12733,1.23596,0.00778,0.0,0.0,0.00778
2018-12-16 19:00:00,2018-12-16 19:00,2.80599,1.3324,0.0,0.13845,1.33514,0.00461,0.0,0.0,0.00461
2018-12-16 20:00:00,2018-12-16 20:00,3.06076,1.45219,0.0024,0.14096,1.46522,0.00432,0.0,0.0,0.00432
2018-12-16 21:00:00,2018-12-16 21:00,2.95689,1.39602,0.00222,0.11188,1.44677,0.01792,0.01284,0.0,0.00508
2018-12-16 22:00:00,2018-12-16 22:00,1.97222,0.65034,6e-05,0.10223,1.2196,0.11496,0.11349,0.0,0.00146
2018-12-16 23:00:00,2018-12-16 23:00,1.27527,0.23584,0.00017,0.0902,0.94906,0.18938,0.18676,0.0,0.00262
2018-12-17 00:00:00,2018-12-17 00:00,0.92244,0.23326,0.0,0.06838,0.6208,0.19513,0.19344,0.0,0.00169
2018-12-17 01:00:00,2018-12-17 01:00,0.79604,0.23465,0.0042,0.05051,0.50667,0.19968,0.19889,0.0,0.00079
2018-12-17 02:00:00,2018-12-17 02:00,0.75448,0.2393,0.00181,0.04901,0.46437,0.2113,0.2109,0.0,0.0004
2018-12-17 03:00:00,2018-12-17 03:00,0.74801,0.24122,0.0,0.04506,0.46173,0.23181,0.23074,0.0,0.00107
2018-12-17 04:00:00,2018-12-17 04:00,0.74384,0.23899,0.00108,0.03598,0.46779,0.24115,0.24015,0.0,0.001
2018-12-17 05:00:00,2018-12-17 05:00,0.76287,0.2437,0.0,0.06162,0.45755,0.25192,0.25053,0.0,0.00139
2018-12-17 06:00:00,2018-12-17 06:00,0.85679,0.24708,0.0,0.0974,0.51231,0.26867,0.26685,0.0,0.00183
2018-12-17 07:00:00,2018-12-17 07:00,1.09636,0.24818,0.0,0.18537,0.66281,0.29174,0.28636,0.0,0.00538
2018-12-17 08:00:00,2018-12-17 08:00,1.22908,0.24763,0.0,0.23165,0.74979,0.29411,0.28775,0.0,0.00635
2018-12-17 09:00:00,2018-12-17 09:00,1.20502,0.24752,0.0,0.19989,0.75761,0.29361,0.29084,0.0,0.00277
2018-12-17 10:00:00,2018-12-17 10:00,1.18915,0.24708,0.0,0.16972,0.77235,0.28245,0.27767,0.0,0.00478
2018-12-17 11:00:00,2018-12-17 11:00,1.22313,0.24724,0.0,0.15519,0.8207,0.251,0.24796,0.0,0.00305
2018-12-17 12:00:00,2018-12-17 12:00,1.14558,0.24576,0.0,0.1399,0.75992,0.22016,0.21381,0.0,0.00635
2018-12-17 13:00:00,2018-12-17 13:00,1.08384,0.24534,0.00172,0.12293,0.71385,0.19963,0.19478,0.0,0.00485
2018-12-17 14:00:00,2018-12-17 14:00,1.30861,0.43747,0.0,0.13109,0.74005,0.14163,0.13762,0.0,0.00401
2018-12-17 15:00:00,2018-12-17 15:00,2.1447,1.19581,0.0,0.13667,0.81222,0.02984,0.02476,0.0,0.00508
2018-12-17 16:00:00,2018-12-17 16:00,2.09216,1.17191,0.00012,0.11132,0.80881,0.02769,0.02292,0.0,0.00477
2018-12-17 17:00:00,2018-12-17 17:00,1.51003,0.41049,0.00085,0.15544,0.94325,0.15325,0.14494,0.0,0.00831
2018-12-17 18:00:00,2018-12-17 18:00,1.54923,0.24416,0.0022,0.14049,1.16238,0.19691,0.1874,0.0,0.00952
2018-12-17 19:00:00,2018-12-17 19:00,1.73453,0.23918,0.0,0.14861,1.34673,0.20113,0.19577,0.0,0.00535
2018-12-17 20:00:00,2018-12-17 20:00,1.80447,0.23923,0.00197,0.14905,1.41422,0.21204,0.20836,0.0,0.00368
2018-12-17 21:00:00,2018-12-17 21:00,1.76159,0.23795,0.00172,0.13638,1.38554,0.21195,0.20757,0.0,0.00438
2018-12-17 22:00:00,2018-12-17 22:00,1.52429,0.23451,0.0001,0.09956,1.19012,0.21815,0.21289,0.0,0.00526
2018-12-17 23:00:00,2018-12-17 23:00,1.22053,0.23959,0.0,0.09008,0.89086,0.22859,0.2259,0.0,0.00269
2018-12-18 00:00:00,2018-12-18 00:00,0.94282,0.23886,0.0,0.05849,0.64548,0.23224,0.22831,0.0,0.00393
2018-12-18 01:00:00,2018-12-18 01:00,0.79799,0.23711,0.00381,0.05686,0.50021,0.22624,0.22507,0.0,0.00117
2018-12-18 02:00:00,2018-12-18 02:00,0.7594,0.24031,0.00176,0.03814,0.47919,0.22547,0.22529,0.0,0.00018
2018-12-18 03:00:00,2018-12-18 03:00,0.74584,0.2431,0.0,0.03357,0.46916,0.23685,0.2367,0.0,0.00015
2018-12-18 04:00:00,2018-12-18 04:00,0.72486,0.23954,0.00103,0.03333,0.45097,0.24345,0.24327,0.0,0.00018
2018-12-18 05:00:00,2018-12-18 05:00,0.78643,0.24463,0.0,0.06614,0.47566,0.24924,0.24836,0.0,0.00087
2018-12-18 06:00:00,2018-12-18 06:00,0.89703,0.24733,0.0,0.12687,0.52283,0.25634,0.25386,0.0,0.00248
2018-12-18 07:00:00,2018-12-18 07:00,1.05346,0.24807,1e-05,0.16936,0.63603,0.2682,0.26492,0.0,0.00328
2018-12-18 08:00:00,2018-12-18 08:00,1.18315,0.24709,0.0,0.2033,0.73276,0.26242,0.2578,0.0,0.00461
2018-12-18 09:00:00,2018-12-18 09:00,1.24157,0.28038,0.0,0.1984,0.76279,0.25779,0.25256,0.0,0.00523
2018-12-18 10:00:00,2018-12-18 10:00,2.05804,1.15212,0.0,0.18139,0.72453,0.12185,0.11858,0.0,0.00327
2018-12-18 11:00:00,2018-12-18 11:00,2.65009,1.74103,0.0,0.14953,0.75953,0.00444,0.0,0.0,0.00444
2018-12-18 12:00:00,2018-12-18 12:00,2.39238,1.48979,0.0,0.13142,0.77116,0.00531,0.0,0.0,0.00531
2018-12-18 13:00:00,2018-12-18 13:00,2.13479,1.28854,0.00165,0.12997,0.71463,0.0049,0.0,0.0,0.0049
2018-12-18 14:00:00,2018-12-18 14:00,2.00542,1.17634,0.0,0.12393,0.70516,0.00241,0.0,0.0,0.00241
2018-12-18 15:00:00,2018-12-18 15:00,2.09333,1.18317,0.0,0.13419,0.77597,0.00089,0.0,0.0,0.00089
2018-12-18 16:00:00,2018-12-18 16:00,2.17606,1.25713,0.0,0.13263,0.78629,0.00225,0.0,0.0,0.00225
2018-12-18 17:00:00,2018-12-18 17:00,2.54633,1.47438,0.0009,0.15075,0.9203,0.00554,0.0,0.0,0.00554
2018-12-18 18:00:00,2018-12-18 18:00,2.91368,1.59639,0.00251,0.14633,1.16845,0.00468,0.0,0.0,0.00468
2018-12-18 19:00:00,2018-12-18 19:00,3.12896,1.64476,0.0,0.13976,1.34444,0.00531,0.0,0.0,0.00531
2018-12-18 20:00:00,2018-12-18 20:00,3.30144,1.69532,0.00199,0.14798,1.45616,0.00521,0.0,0.0,0.00521
2018-12-18 21:00:00,2018-12-18 21:00,2.56334,1.00786,0.00193,0.11746,1.4361,0.09802,0.09311,0.0,0.00491
2018-12-18 22:00:00,2018-12-18 22:00,1.73542,0.38684,0.00011,0.11433,1.23413,0.16948,0.16528,0.0,0.00419
2018-12-18 23:00:00,2018-12-18 23:00,1.72341,0.7541,5e-05,0.07859,0.89067,0.12887,0.12614,0.0,0.00272
2018-12-19 00:00:00,2018-12-19 00:00,1.21213,0.52197,0.0,0.06608,0.62409,0.15949,0.15744,0.0,0.00205
2018-12-19 01:00:00,2018-12-19 01:00,0.87852,0.27571,0.00382,0.05168,0.54732,0.18444,0.18367,0.0,0.00077
2018-12-19 02:00:00,2018-12-19 02:00,0.76176,0.23827,0.00172,0.04956,0.47221,0.19327,0.19265,0.0,0.00062
2018-12-19 03:00:00,2018-12-19 03:00,0.88433,0.38393,0.0,0.04435,0.45605,0.18579,0.18564,0.0,0.00015
2018-12-19 04:00:00,2018-12-19 04:00,1.39459,0.9112,0.00115,0.03931,0.44292,0.11946,0.11919,0.0,0.00028
2018-12-19 05:00:00,2018-12-19 05:00,1.66519,1.14155,0.0,0.07013,0.45351,0.09454,0.0941,0.0,0.00044
2018-12-19 06:00:00,2018-12-19 06:00,1.9121,1.25895,4e-05,0.12642,0.52669,0.08675,0.08504,0.0,0.00171
2018-12-19 07:00:00,2018-12-19 07:00,2.12112,1.2807,6e-05,0.20308,0.63728,0.09037,0.08678,0.0,0.00359
2018-12-19 08:00:00,2018-12-19 08:00,2.51474,1.63712,0.0,0.20079,0.67683,0.044,0.04046,0.0,0.00354
2018-12-19 09:00:00,2018-12-19 09:00,2.87623,1.95957,0.0,0.17675,0.73991,0.0045,0.0,0.0,0.0045
2018-12-19 10:00:00,2018-12-19 10:00,2.81947,1.94907,0.0,0.15314,0.71726,0.0051,0.0,0.0,0.0051
2018-12-19 11:00:00,2018-12-19 11:00,2.78798,1.89948,0.0,0.14924,0.73926,0.00649,0.0,0.0,0.00649
2018-12-19 12:00:00,2018-12-19 12:00,2.68366,1.82475,0.0,0.12112,0.73779,0.00469,0.0,0.0,0.00469
2018-12-19 13:00:00,2018-12-19 13:00,2.591,1.72887,0.0,0.15238,0.70975,0.00361,0.0,0.0,0.00361
2018-12-19 14:00:00,2018-12-19 14:00,2.52517,1.66762,0.0,0.15152,0.70603,0.00156,0.0,0.0,0.00156
2018-12-19 15:00:00,2018-12-19 15:00,2.50219,1.65794,0.0,0.13483,0.70942,0.00238,0.0,0.0,0.00238
2018-12-19 16:00:00,2018-12-19 16:00,2.62201,1.66885,0.0,0.15773,0.79543,0.00532,0.0,0.0,0.00532
2018-12-19 17:00:00,2018-12-19 17:00,2.90153,1.80622,0.00082,0.14401,0.95047,0.00796,0.0,0.0,0.00796
2018-12-19 18:00:00,2018-12-19 18:00,3.09458,1.77946,0.0019,0.15031,1.1629,0.01678,0.00781,0.0,0.00897
2018-12-19 19:00:00,2018-12-19 19:00,3.18214,1.68809,0.0,0.16555,1.32851,0.02176,0.01377,0.0,0.00799
2018-12-19 20:00:00,2018-12-19 20:00,3.24019,1.68848,0.00199,0.15525,1.39447,0.0205,0.01462,0.0,0.00588
2018-12-19 21:00:00,2018-12-19 21:00,2.33881,0.82209,0.00219,0.13684,1.37769,0.16935,0.16268,0.0,0.00667
2018-12-19 22:00:00,2018-12-19 22:00,1.90224,0.68707,1e-05,0.0825,1.13266,0.15281,0.14837,0.0,0.00443
2018-12-19 23:00:00,2018-12-19 23:00,1.5375,0.65797,4e-05,0.06724,0.81225,0.15538,0.15194,0.0,0.00344
2018-12-20 00:00:00,2018-12-20 00:00,0.92576,0.32926,0.0,0.04334,0.55316,0.19598,0.19405,0.0,0.00193
2018-12-20 01:00:00,2018-12-20 01:00,1.10302,0.58957,0.00382,0.03652,0.4731,0.15055,0.15023,0.0,0.00032
2018-12-20 02:00:00,2018-12-20 02:00,1.5901,1.06966,0.00174,0.04182,0.47689,0.09118,0.091,0.0,0.00018
2018-12-20 03:00:00,2018-12-20 03:00,1.69164,1.14832,0.0,0.05773,0.48559,0.0864,0.08625,0.0,0.00015
2018-12-20 04:00:00,2018-12-20 04:00,1.93026,1.43085,0.00017,0.04599,0.45325,0.05364,0.053,0.0,0.00064
2018-12-20 05:00:00,2018-12-20 05:00,2.43871,1.90316,0.0,0.06532,0.47023,0.0013,0.0,0.0,0.0013
2018-12-20 06:00:00,2018-12-20 06:00,2.55878,1.9271,0.0,0.11854,0.51314,0.0027,0.0,0.0,0.0027
2018-12-20 07:00:00,2018-12-20 07:00,2.74789,1.94732,0.0,0.16391,0.63666,0.00209,0.0,0.0,0.00209
2018-12-20 08:00:00,2018-12-20 08:00,2.92998,1.95524,0.0,0.2338,0.74095,0.00318,0.0,0.0,0.00318
2018-12-20 09:00:00,2018-12-20 09:00,2.81552,1.8663,0.0,0.20292,0.74629,0.02341,0.0178,0.0,0.00561
2018-12-20 10:00:00,2018-12-20 10:00,2.77636,1.8445,0.0,0.17517,0.75668,0.02358,0.02123,0.0,0.00235
2018-12-20 11:00:00,2018-12-20 11:00,1.99892,1.08938,0.0,0.15648,0.75306,0.21067,0.20797,0.0,0.0027
2018-12-20 12:00:00,2018-12-20 12:00,1.58085,0.68971,2e-05,0.12985,0.76127,0.24224,0.23937,0.0,0.00287
2018-12-20 13:00:00,2018-12-20 13:00,1.45024,0.4814,0.00174,0.12531,0.8418,0.26104,0.25448,0.0,0.00656
2018-12-20 14:00:00,2018-12-20 14:00,1.41352,0.48218,0.0,0.13721,0.79413,0.23847,0.23499,0.0,0.00348
2018-12-20 15:00:00,2018-12-20 15:00,1.25469,0.30786,0.0,0.13824,0.80859,0.27171,0.26581,0.0,0.0059
2018-12-20 16:00:00,2018-12-20 16:00,1.22495,0.24865,0.0,0.15228,0.82402,0.26822,0.26365,0.0,0.00457
2018-12-20 17:00:00,2018-12-20 17:00,1.31471,0.24848,0.00086,0.14358,0.92179,0.26373,0.25871,0.0,0.00502
2018-12-20 18:00:00,2018-12-20 18:00,1.47245,0.24612,0.00192,0.13915,1.08526,0.2565,0.25126,0.0,0.00524
2018-12-20 19:00:00,2018-12-20 19:00,1.72903,0.24217,0.0,0.15759,1.32927,0.25227,0.2448,0.0,0.00747
2018-12-20 20:00:00,2018-12-20 20:00,1.89377,0.24158,0.00184,0.15449,1.49586,0.25372,0.24948,0.0,0.00424
2018-12-20 21:00:00,2018-12-20 21:00,1.7591,0.23948,0.00176,0.13352,1.38434,0.24879,0.2437,0.0,0.00509
2018-12-20 22:00:00,2018-12-20 22:00,1.55169,0.23832,0.0,0.12197,1.1914,0.24541,0.24248,0.0,0.00293
2018-12-20 23:00:00,2018-12-20 23:00,1.21941,0.24332,0.0,0.09089,0.88521,0.25999,0.25559,0.0,0.0044
2018-12-21 00:00:00,2018-12-21 00:00,0.90215,0.24177,0.0,0.0543,0.60608,0.25782,0.2532,0.0,0.00462
2018-12-21 01:00:00,2018-12-21 01:00,0.79841,0.23922,0.00377,0.0385,0.51693,0.24942,0.24853,0.0,0.00089
2018-12-21 02:00:00,2018-12-21 02:00,0.74624,0.24184,0.0018,0.041,0.46159,0.25203,0.25179,0.0,0.00024
2018-12-21 03:00:00,2018-12-21 03:00,0.73511,0.24379,0.0,0.04366,0.44766,0.26526,0.26491,0.0,0.00035
2018-12-21 04:00:00,2018-12-21 04:00,0.71965,0.24115,0.0011,0.03712,0.44028,0.27572,0.27475,0.0,0.00098
2018-12-21 05:00:00,2018-12-21 05:00,0.76214,0.24626,0.0,0.06004,0.45585,0.28676,0.28497,0.0,0.0018
2018-12-21 06:00:00,2018-12-21 06:00,0.95015,0.24729,0.0,0.13058,0.57228,0.29801,0.29529,0.0,0.00271
2018-12-21 07:00:00,2018-12-21 07:00,1.08742,0.24803,0.0,0.1774,0.66199,0.31321,0.30972,0.0,0.00349
2018-12-21 08:00:00,2018-12-21 08:00,1.1641,0.24763,0.0,0.18955,0.72692,0.3129,0.30731,0.0,0.0056
2018-12-21 09:00:00,2018-12-21 09:00,1.21121,0.24752,0.0,0.18007,0.78361,0.32849,0.32278,0.0,0.00571
2018-12-21 10:00:00,2018-12-21 10:00,1.18923,0.24759,0.0,0.15332,0.78832,0.34379,0.33856,0.0,0.00523
2018-12-21 11:00:00,2018-12-21 11:00,1.17714,0.24834,0.0,0.1348,0.79399,0.34109,0.33686,0.0,0.00423
2018-12-21 12:00:00,2018-12-21 12:00,1.11678,0.24672,0.0,0.14604,0.72401,0.32796,0.32332,0.0,0.00464
2018-12-21 13:00:00,2018-12-21 13:00,1.12617,0.24672,0.00186,0.13533,0.74227,0.32672,0.32268,0.0,0.00405
2018-12-21 14:00:00,2018-12-21 14:00,1.09524,0.24634,0.0,0.1326,0.71631,0.3074,0.30412,0.0,0.00328
2018-12-21 15:00:00,2018-12-21 15:00,1.19141,0.24768,0.0,0.13854,0.80519,0.30672,0.30254,0.0,0.00418
2018-12-21 16:00:00,2018-12-21 16:00,1.29615,0.24865,0.0,0.16447,0.88303,0.30427,0.30006,0.0,0.0042
2018-12-21 17:00:00,2018-12-21 17:00,1.37718,0.24852,0.00043,0.16042,0.96781,0.31006,0.30245,0.0,0.00762
2018-12-21 18:00:00,2018-12-21 18:00,1.59051,0.24683,0.00145,0.16582,1.17642,0.30315,0.29734,0.0,0.00581
2018-12-21 19:00:00,2018-12-21 19:00,1.76437,0.24274,0.0,0.17145,1.35018,0.29742,0.29211,0.0,0.00531
2018-12-21 20:00:00,2018-12-21 20:00,1.73554,0.24255,0.00136,0.12244,1.36919,0.29738,0.29058,0.0,0.0068
2018-12-21 21:00:00,2018-12-21 21:00,1.75883,0.24224,0.00127,0.1283,1.38703,0.28395,0.27995,0.0,0.004
2018-12-21 22:00:00,2018-12-21 22:00,1.46662,0.23964,0.0,0.10512,1.12186,0.27739,0.27282,0.0,0.00457
2018-12-21 23:00:00,2018-12-21 23:00,1.16689,0.24409,0.0,0.09632,0.82648,0.282,0.27891,0.0,0.00309
2018-12-22 00:00:00,2018-12-22 00:00,0.92457,0.24266,0.0,0.08172,0.60019,0.27397,0.27337,0.0,0.0006
2018-12-22 01:00:00,2018-12-22 01:00,0.78292,0.23983,0.00368,0.04484,0.49457,0.26686,0.26654,0.0,0.00032
2018-12-22 02:00:00,2018-12-22 02:00,0.73445,0.24234,0.00181,0.02634,0.46396,0.26856,0.26767,0.0,0.00089
2018-12-22 03:00:00,2018-12-22 03:00,0.7392,0.24379,0.0,0.03571,0.45971,0.28232,0.28059,0.0,0.00173
2018-12-22 04:00:00,2018-12-22 04:00,0.71492,0.24177,0.00108,0.03255,0.43952,0.28753,0.28739,0.0,0.00014
2018-12-22 05:00:00,2018-12-22 05:00,0.74647,0.2468,0.0,0.05602,0.44364,0.29565,0.29508,0.0,0.00057
2018-12-22 06:00:00,2018-12-22 06:00,0.77179,0.24818,0.0,0.05561,0.468,0.30205,0.3002,0.0,0.00185
2018-12-22 07:00:00,2018-12-22 07:00,0.91085,0.24818,0.0,0.09783,0.56483,0.31715,0.31198,0.0,0.00518
2018-12-22 08:00:00,2018-12-22 08:00,1.05206,0.24818,0.0,0.14405,0.65983,0.31818,0.31138,0.0,0.0068
2018-12-22 09:00:00,2018-12-22 09:00,1.25066,0.24818,0.0,0.19224,0.81023,0.32168,0.31585,0.0,0.00583
2018-12-22 10:00:00,2018-12-22 10:00,1.37985,0.24818,0.0,0.18724,0.94442,0.32097,0.31615,0.0,0.00482
2018-12-22 11:00:00,2018-12-22 11:00,1.34211,0.24865,0.0,0.17198,0.92148,0.31625,0.31148,0.0,0.00477
2018-12-22 12:00:00,2018-12-22 12:00,1.26035,0.24865,0.0,0.16581,0.84589,0.30681,0.30217,0.0,0.00464
2018-12-22 13:00:00,2018-12-22 13:00,1.32835,0.24846,0.0,0.18846,0.89143,0.31359,0.30794,0.0,0.00565
2018-12-22 14:00:00,2018-12-22 14:00,1.31405,0.24865,0.0,0.17194,0.89346,0.29506,0.29003,0.0,0.00503
2018-12-22 15:00:00,2018-12-22 15:00,1.34524,0.24865,0.0,0.17838,0.91822,0.28861,0.28243,0.0,0.00618
2018-12-22 16:00:00,2018-12-22 16:00,1.45461,0.24865,0.0,0.19204,1.01393,0.28316,0.27847,0.0,0.00469
2018-12-22 17:00:00,2018-12-22 17:00,1.57612,0.24865,0.0,0.19121,1.13626,0.2782,0.27216,0.0,0.00604
2018-12-22 18:00:00,2018-12-22 18:00,1.66069,0.24639,0.00172,0.17725,1.23534,0.26342,0.2592,0.0,0.00422
2018-12-22 19:00:00,2018-12-22 19:00,1.7376,0.24189,0.0,0.13352,1.36219,0.25263,0.24941,0.0,0.00322
2018-12-22 20:00:00,2018-12-22 20:00,1.92488,0.24113,0.0014,0.14389,1.53846,0.25038,0.24618,0.0,0.00421
2018-12-22 21:00:00,2018-12-22 21:00,1.81638,0.23995,0.00135,0.11749,1.45758,0.24065,0.23852,0.0,0.00214
2018-12-22 22:00:00,2018-12-22 22:00,1.5271,0.23576,0.0,0.09526,1.19608,0.22993,0.22754,0.0,0.00239
2018-12-22 23:00:00,2018-12-22 23:00,1.22006,0.2425,3e-05,0.09286,0.88467,0.24027,0.23663,0.0,0.00364
2018-12-23 00:00:00,2018-12-23 00:00,0.89843,0.24028,0.0,0.06168,0.59646,0.23691,0.23522,0.0,0.00169
2018-12-23 01:00:00,2018-12-23 01:00,0.79658,0.23837,0.00371,0.0624,0.4921,0.23266,0.232,0.0,0.00066
2018-12-23 02:00:00,2018-12-23 02:00,0.74832,0.24082,0.0018,0.04332,0.46238,0.23571,0.23552,0.0,0.00018
2018-12-23 03:00:00,2018-12-23 03:00,0.76503,0.2436,0.0,0.0469,0.47453,0.25231,0.25216,0.0,0.00015
2018-12-23 04:00:00,2018-12-23 04:00,0.75328,0.24039,0.00106,0.05309,0.45873,0.26084,0.26061,0.0,0.00023
2018-12-23 05:00:00,2018-12-23 05:00,0.74444,0.24585,0.0,0.04099,0.4576,0.27108,0.27033,0.0,0.00075
2018-12-23 06:00:00,2018-12-23 06:00,0.78373,0.24793,0.0,0.05483,0.48097,0.28053,0.27923,0.0,0.0013
2018-12-23 07:00:00,2018-12-23 07:00,0.91317,0.24818,0.0,0.11398,0.55101,0.29963,0.2973,0.0,0.00233
2018-12-23 08:00:00,2018-12-23 08:00,1.05194,0.24818,0.0,0.15575,0.64801,0.30922,0.30531,0.0,0.00391
2018-12-23 09:00:00,2018-12-23 09:00,1.22021,0.24818,0.0,0.16622,0.8058,0.32688,0.32005,0.0,0.00684
2018-12-23 10:00:00,2018-12-23 10:00,1.25634,0.24865,0.0,0.18303,0.82466,0.33314,0.32694,0.0,0.0062
2018-12-23 11:00:00,2018-12-23 11:00,1.21317,0.24865,0.0,0.17714,0.78739,0.32952,0.32659,0.0,0.00294
2018-12-23 12:00:00,2018-12-23 12:00,1.26129,0.24865,0.0,0.16247,0.85018,0.32813,0.32288,0.0,0.00525
2018-12-23 13:00:00,2018-12-23 13:00,1.23975,0.24865,0.0,0.16722,0.82388,0.33065,0.32459,0.0,0.00606
2018-12-23 14:00:00,2018-12-23 14:00,1.30409,0.24865,0.0,0.15833,0.89711,0.316,0.31336,0.0,0.00264
2018-12-23 15:00:00,2018-12-23 15:00,1.39815,0.24865,0.0,0.19346,0.95604,0.31773,0.31332,0.0,0.00441
2018-12-23 16:00:00,2018-12-23 16:00,1.46289,0.24865,0.0,0.18781,1.02644,0.31663,0.30952,0.0,0.00711
2018-12-23 17:00:00,2018-12-23 17:00,1.57393,0.24865,0.0,0.16141,1.16387,0.31599,0.31114,0.0,0.00486
2018-12-23 18:00:00,2018-12-23 18:00,1.67181,0.2468,0.00147,0.20156,1.22199,0.31307,0.30976,0.0,0.00331
2018-12-23 19:00:00,2018-12-23 19:00,1.74184,0.24276,0.0,0.15881,1.34027,0.30889,0.30503,0.0,0.00386
2018-12-23 20:00:00,2018-12-23 20:00,1.78272,0.24224,0.00117,0.14998,1.38933,0.306,0.30394,0.0,0.00206
2018-12-23 21:00:00,2018-12-23 21:00,1.80402,0.24227,0.00111,0.13259,1.42804,0.30126,0.29825,0.0,0.00301
2018-12-23 22:00:00,2018-12-23 22:00,1.5548,0.24079,0.0,0.10504,1.20896,0.30236,0.29913,0.0,0.00323
2018-12-23 23:00:00,2018-12-23 23:00,1.2324,0.2448,0.0,0.0963,0.8913,0.31599,0.31493,0.0,0.00106
2018-12-24 00:00:00,2018-12-24 00:00,0.96911,0.24331,0.0,0.07246,0.65334,0.31901,0.31707,0.0,0.00194
2018-12-24 01:00:00,2018-12-24 01:00,0.81718,0.24077,0.00358,0.0575,0.51533,0.31668,0.31626,0.0,0.00042
2018-12-24 02:00:00,2018-12-24 02:00,0.74984,0.24397,0.00194,0.03802,0.46591,0.32506,0.32488,0.0,0.00018
2018-12-24 03:00:00,2018-12-24 03:00,0.73348,0.24456,0.0,0.0324,0.45652,0.34468,0.34452,0.0,0.00015
2018-12-24 04:00:00,2018-12-24 04:00,0.72834,0.24337,0.00123,0.03669,0.44706,0.35982,0.35951,0.0,0.00031
2018-12-24 05:00:00,2018-12-24 05:00,0.78795,0.2478,0.0,0.07848,0.46167,0.37681,0.37612,0.0,0.00069
2018-12-24 06:00:00,2018-12-24 06:00,0.91605,0.24814,0.0,0.13356,0.53435,0.39261,0.38963,0.0,0.00298
2018-12-24 07:00:00,2018-12-24 07:00,1.07271,0.24865,0.0,0.19521,0.62885,0.40348,0.40051,0.0,0.00297
2018-12-24 08:00:00,2018-12-24 08:00,1.19328,0.2481,0.0,0.21944,0.72574,0.39789,0.39355,0.0,0.00434
2018-12-24 09:00:00,2018-12-24 09:00,1.22003,0.24815,0.0,0.21068,0.7612,0.40167,0.39594,0.0,0.00574
2018-12-24 10:00:00,2018-12-24 10:00,1.18257,0.24782,0.0,0.15933,0.77542,0.39522,0.39251,0.0,0.00271
2018-12-24 11:00:00,2018-12-24 11:00,1.10901,0.24834,0.0,0.16028,0.70039,0.37079,0.36811,0.0,0.00268
2018-12-24 12:00:00,2018-12-24 12:00,1.05605,0.24672,0.0,0.14228,0.66704,0.33273,0.32847,0.0,0.00425
2018-12-24 13:00:00,2018-12-24 13:00,1.07792,0.24684,0.00184,0.15163,0.6776,0.30868,0.30415,0.0,0.00453
2018-12-24 14:00:00,2018-12-24 14:00,1.08981,0.24748,0.0,0.15172,0.6906,0.27476,0.27109,0.0,0.00367
2018-12-24 15:00:00,2018-12-24 15:00,1.13397,0.24862,0.0,0.13293,0.75242,0.26342,0.25966,0.0,0.00376
2018-12-24 16:00:00,2018-12-24 16:00,1.22129,0.24865,0.0,0.14317,0.82948,0.25874,0.25461,0.0,0.00413
2018-12-24 17:00:00,2018-12-24 17:00,1.5071,0.24848,0.00088,0.18339,1.07435,0.26937,0.26573,0.0,0.00363
2018-12-24 18:00:00,2018-12-24 18:00,1.55941,0.24617,0.00145,0.18027,1.13152,0.2781,0.2728,0.0,0.00529
2018-12-24 19:00:00,2018-12-24 19:00,1.69574,0.24243,0.0,0.14939,1.30393,0.27909,0.27475,0.0,0.00434
2018-12-24 20:00:00,2018-12-24 20:00,1.80333,0.24169,0.00153,0.15289,1.40722,0.28057,0.27676,0.0,0.0038
2018-12-24 21:00:00,2018-12-24 21:00,1.81166,0.24016,0.00138,0.15915,1.41097,0.27895,0.27412,0.0,0.00483
2018-12-24 22:00:00,2018-12-24 22:00,1.44602,0.23934,0.0,0.11146,1.09522,0.27619,0.27178,0.0,0.00441
2018-12-24 23:00:00,2018-12-24 23:00,1.13734,0.24433,0.0,0.07566,0.81735,0.28812,0.28595,0.0,0.00218
2018-12-25 00:00:00,2018-12-25 00:00,0.94263,0.24284,0.0,0.08555,0.61424,0.28864,0.28667,0.0,0.00197
2018-12-25 01:00:00,2018-12-25 01:00,0.83496,0.24022,0.00366,0.06308,0.528,0.28643,0.28454,0.0,0.00188
2018-12-25 02:00:00,2018-12-25 02:00,0.77627,0.24354,0.00182,0.04845,0.48247,0.29088,0.29022,0.0,0.00067
2018-12-25 03:00:00,2018-12-25 03:00,0.73955,0.24403,0.0,0.04892,0.4466,0.30837,0.30806,0.0,0.00031
2018-12-25 04:00:00,2018-12-25 04:00,0.73372,0.2429,0.00113,0.04458,0.44511,0.32196,0.31961,0.0,0.00235
2018-12-25 05:00:00,2018-12-25 05:00,0.77368,0.24715,0.0,0.06311,0.46341,0.33423,0.33175,0.0,0.00249
2018-12-25 06:00:00,2018-12-25 06:00,0.84678,0.24791,0.0,0.10418,0.49469,0.33845,0.33596,0.0,0.0025
2018-12-25 07:00:00,2018-12-25 07:00,1.0618,0.24818,0.0,0.19082,0.6228,0.34454,0.33985,0.0,0.00469
2018-12-25 08:00:00,2018-12-25 08:00,1.27999,0.24798,0.0,0.25533,0.77668,0.3351,0.32932,0.0,0.00578
2018-12-25 09:00:00,2018-12-25 09:00,1.24716,0.24815,0.0,0.21429,0.78472,0.34108,0.33418,0.0,0.0069
2018-12-25 10:00:00,2018-12-25 10:00,1.19686,0.2477,0.0,0.20249,0.74667,0.34258,0.33274,0.0,0.00984
2018-12-25 11:00:00,2018-12-25 11:00,1.11873,0.24787,0.0,0.13452,0.73634,0.33348,0.32464,0.0,0.00884
2018-12-25 12:00:00,2018-12-25 12:00,1.10087,0.24672,0.0,0.13588,0.71827,0.3153,0.30945,0.0,0.00585
2018-12-25 13:00:00,2018-12-25 13:00,1.13106,0.24691,0.00175,0.13558,0.74682,0.31319,0.31034,0.0,0.00285
2018-12-25 14:00:00,2018-12-25 14:00,1.11336,0.24721,0.0,0.12694,0.73921,0.29558,0.29347,0.0,0.00211
2018-12-25 15:00:00,2018-12-25 15:00,1.13403,0.24865,0.0,0.15838,0.72701,0.29102,0.28687,0.0,0.00415
2018-12-25 16:00:00,2018-12-25 16:00,1.23799,0.24865,0.0,0.17242,0.81691,0.2903,0.28384,0.0,0.00646
2018-12-25 17:00:00,2018-12-25 17:00,1.32498,0.24848,0.00085,0.15553,0.92011,0.29021,0.28404,0.0,0.00617
2018-12-25 18:00:00,2018-12-25 18:00,1.59911,0.2464,0.00146,0.17956,1.17168,0.28381,0.27675,0.0,0.00706
2018-12-25 19:00:00,2018-12-25 19:00,1.80839,0.24214,0.0,0.17775,1.3885,0.27435,0.26784,0.0,0.00651
2018-12-25 20:00:00,2018-12-25 20:00,1.8561,0.24138,0.00147,0.14716,1.4661,0.27471,0.26876,0.0,0.00595
2018-12-25 21:00:00,2018-12-25 21:00,1.75333,0.2395,0.00138,0.12344,1.38901,0.26024,0.2566,0.0,0.00364
2018-12-25 22:00:00,2018-12-25 22:00,1.50327,0.23792,0.0,0.10802,1.15733,0.25332,0.25091,0.0,0.00241
2018-12-25 23:00:00,2018-12-25 23:00,1.19638,0.24299,1e-05,0.10144,0.85194,0.26197,0.2602,0.0,0.00177
2018-12-26 00:00:00,2018-12-26 00:00,0.87454,0.24188,0.0,0.06711,0.56556,0.25995,0.25791,0.0,0.00204
2018-12-26 01:00:00,2018-12-26 01:00,0.77285,0.23942,0.00364,0.05499,0.4748,0.25788,0.25671,0.0,0.00117
2018-12-26 02:00:00,2018-12-26 02:00,0.73498,0.24184,0.00177,0.04108,0.45029,0.2684,0.26814,0.0,0.00025
2018-12-26 03:00:00,2018-12-26 03:00,0.73081,0.24392,0.0,0.03666,0.45023,0.29156,0.29127,0.0,0.00028
2018-12-26 04:00:00,2018-12-26 04:00,0.74904,0.24278,0.00113,0.06198,0.44315,0.30772,0.3071,0.0,0.00062
2018-12-26 05:00:00,2018-12-26 05:00,0.76361,0.24738,0.0,0.06343,0.45279,0.32558,0.32468,0.0,0.0009
2018-12-26 06:00:00,2018-12-26 06:00,0.86456,0.24791,0.0,0.11341,0.50325,0.3377,0.33604,0.0,0.00166
2018-12-26 07:00:00,2018-12-26 07:00,1.05381,0.24818,0.0,0.20218,0.60345,0.34929,0.34664,0.0,0.00265
2018-12-26 08:00:00,2018-12-26 08:00,1.21574,0.2481,0.0,0.2129,0.75474,0.34222,0.3391,0.0,0.00312
2018-12-26 09:00:00,2018-12-26 09:00,1.22853,0.24799,0.0,0.20555,0.77499,0.34701,0.34309,0.0,0.00392
2018-12-26 10:00:00,2018-12-26 10:00,1.23807,0.24782,0.0,0.18711,0.80314,0.34314,0.33988,0.0,0.00327
2018-12-26 11:00:00,2018-12-26 11:00,1.16922,0.248,0.0,0.15641,0.76481,0.32416,0.31964,0.0,0.00452
2018-12-26 12:00:00,2018-12-26 12:00,1.12215,0.24671,0.0,0.13066,0.74478,0.2995,0.29379,0.0,0.00571
2018-12-26 13:00:00,2018-12-26 13:00,1.10649,0.24672,0.00173,0.1358,0.72225,0.2941,0.28741,0.0,0.00669
2018-12-26 14:00:00,2018-12-26 14:00,1.1008,0.24655,0.0,0.16345,0.6908,0.26987,0.26561,0.0,0.00426
2018-12-26 15:00:00,2018-12-26 15:00,1.14323,0.24836,0.0,0.1664,0.72846,0.26484,0.26123,0.0,0.00361
2018-12-26 16:00:00,2018-12-26 16:00,1.19244,0.24865,0.0,0.16014,0.78365,0.26373,0.26028,0.0,0.00345
2018-12-26 17:00:00,2018-12-26 17:00,1.36376,0.24848,0.00083,0.13249,0.98196,0.26721,0.26273,0.0,0.00447
2018-12-26 18:00:00,2018-12-26 18:00,1.58853,0.24603,0.00149,0.17419,1.16682,0.26208,0.25615,0.0,0.00593
2018-12-26 19:00:00,2018-12-26 19:00,1.78212,0.24197,0.0,0.18512,1.35503,0.24996,0.24396,0.0,0.006
2018-12-26 20:00:00,2018-12-26 20:00,1.80081,0.2406,0.00161,0.16557,1.39302,0.24441,0.2399,0.0,0.00451
2018-12-26 21:00:00,2018-12-26 21:00,1.70627,0.24096,0.00147,0.11991,1.34393,0.23698,0.23173,0.0,0.00525
2018-12-26 22:00:00,2018-12-26 22:00,1.54908,0.23678,0.0,0.07811,1.23418,0.23213,0.22827,0.0,0.00386
2018-12-26 23:00:00,2018-12-26 23:00,1.23042,0.24215,1e-05,0.11032,0.87793,0.24549,0.24114,0.0,0.00435
2018-12-27 00:00:00,2018-12-27 00:00,0.89609,0.24073,0.0,0.06548,0.58988,0.23672,0.23583,0.0,0.00089
2018-12-27 01:00:00,2018-12-27 01:00,0.79389,0.23789,0.00365,0.04583,0.50653,0.22735,0.22703,0.0,0.00032
2018-12-27 02:00:00,2018-12-27 02:00,0.77876,0.24046,0.00175,0.04735,0.4892,0.22547,0.225,0.0,0.00048
2018-12-27 03:00:00,2018-12-27 03:00,1.23388,0.73885,0.0,0.04212,0.4529,0.16914,0.16889,0.0,0.00024
2018-12-27 04:00:00,2018-12-27 04:00,2.07843,1.58929,0.00099,0.04648,0.44167,0.0467,0.0457,0.0,0.001
2018-12-27 05:00:00,2018-12-27 05:00,2.30901,1.8047,0.0,0.05372,0.45058,0.02011,0.01939,0.0,0.00073
2018-12-27 06:00:00,2018-12-27 06:00,2.44103,1.82599,0.0,0.09797,0.51707,0.02006,0.01896,0.0,0.0011
2018-12-27 07:00:00,2018-12-27 07:00,2.7635,1.93374,0.0,0.20969,0.62006,0.00976,0.00526,0.0,0.0045
2018-12-27 08:00:00,2018-12-27 08:00,2.89323,1.96154,0.0,0.22526,0.70643,0.00443,0.0,0.0,0.00443
2018-12-27 09:00:00,2018-12-27 09:00,3.01117,1.95984,0.0,0.20962,0.8417,0.00535,0.0,0.0,0.00535
2018-12-27 10:00:00,2018-12-27 10:00,2.95774,1.9712,0.0,0.18151,0.80503,0.00445,0.0,0.0,0.00445
2018-12-27 11:00:00,2018-12-27 11:00,2.81066,1.97881,0.0,0.12398,0.70787,0.00522,0.0,0.0,0.00522
2018-12-27 12:00:00,2018-12-27 12:00,2.82136,1.97772,0.0,0.13582,0.70782,0.00591,0.0,0.0,0.00591
2018-12-27 13:00:00,2018-12-27 13:00,2.8736,2.00252,0.0,0.14642,0.72467,0.00457,0.0,0.0,0.00457
2018-12-27 14:00:00,2018-12-27 14:00,2.94599,1.99881,0.0,0.16147,0.78571,0.00383,0.0,0.0,0.00383
2018-12-27 15:00:00,2018-12-27 15:00,3.04229,1.99591,0.0,0.1407,0.90567,0.00261,0.0,0.0,0.00261
2018-12-27 16:00:00,2018-12-27 16:00,3.00226,1.99188,0.0,0.15144,0.85894,0.00428,0.0,0.0,0.00428
2018-12-27 17:00:00,2018-12-27 17:00,3.11895,1.99368,0.00025,0.15444,0.97058,0.00733,0.0,0.0,0.00733
2018-12-27 18:00:00,2018-12-27 18:00,2.44276,1.10176,0.00175,0.1598,1.17945,0.20169,0.19616,0.0,0.00554
2018-12-27 19:00:00,2018-12-27 19:00,2.65759,1.11366,0.0,0.1898,1.35412,0.14245,0.13734,0.0,0.00512
2018-12-27 20:00:00,2018-12-27 20:00,2.66118,1.09559,0.00103,0.15878,1.40578,0.13362,0.12668,0.0,0.00694
2018-12-27 21:00:00,2018-12-27 21:00,2.59853,1.09031,0.00098,0.11025,1.39699,0.12212,0.11808,0.0,0.00404
2018-12-27 22:00:00,2018-12-27 22:00,2.20363,0.97618,0.0,0.09766,1.12979,0.13222,0.1291,0.0,0.00312
2018-12-27 23:00:00,2018-12-27 23:00,1.25537,0.40192,0.0,0.0843,0.76915,0.25571,0.25188,0.0,0.00382
2018-12-28 00:00:00,2018-12-28 00:00,0.84899,0.24127,0.0,0.06145,0.54627,0.25022,0.24861,0.0,0.00161
2018-12-28 01:00:00,2018-12-28 01:00,0.75841,0.23962,0.00366,0.02765,0.48748,0.23686,0.23554,0.0,0.00132
2018-12-28 02:00:00,2018-12-28 02:00,0.75918,0.24269,0.00174,0.04153,0.47322,0.24603,0.24485,0.0,0.00118
2018-12-28 03:00:00,2018-12-28 03:00,0.74905,0.24369,0.0,0.04529,0.46006,0.26981,0.26905,0.0,0.00076
2018-12-28 04:00:00,2018-12-28 04:00,0.74793,0.24164,0.00106,0.05432,0.45091,0.28418,0.28397,0.0,0.00021
2018-12-28 05:00:00,2018-12-28 05:00,0.76701,0.24667,0.0,0.04756,0.47278,0.29917,0.29887,0.0,0.0003
2018-12-28 06:00:00,2018-12-28 06:00,0.87069,0.24791,0.0,0.11174,0.51105,0.31499,0.31313,0.0,0.00186
2018-12-28 07:00:00,2018-12-28 07:00,1.08085,0.2483,0.0,0.19506,0.63749,0.34086,0.3366,0.0,0.00427
2018-12-28 08:00:00,2018-12-28 08:00,1.24287,0.2481,0.0,0.24257,0.7522,0.344,0.34073,0.0,0.00327
2018-12-28 09:00:00,2018-12-28 09:00,1.26332,0.24815,0.0,0.21774,0.79742,0.36232,0.35751,0.0,0.00481
2018-12-28 10:00:00,2018-12-28 10:00,1.18564,0.24782,0.0,0.18181,0.75601,0.37594,0.37287,0.0,0.00307
2018-12-28 11:00:00,2018-12-28 11:00,1.14071,0.24829,0.0,0.152,0.74041,0.37216,0.3695,0.0,0.00266
2018-12-28 12:00:00,2018-12-28 12:00,1.16356,0.24672,0.0,0.15435,0.76249,0.3622,0.35713,0.0,0.00508
2018-12-28 13:00:00,2018-12-28 13:00,1.11974,0.24728,0.00194,0.13752,0.733,0.3747,0.36743,0.0,0.00728
2018-12-28 14:00:00,2018-12-28 14:00,1.07968,0.24777,0.0,0.13302,0.69888,0.36296,0.35726,0.0,0.0057
2018-12-28 15:00:00,2018-12-28 15:00,1.12921,0.24865,0.0,0.14085,0.73971,0.36509,0.35932,0.0,0.00577
2018-12-28 16:00:00,2018-12-28 16:00,1.24064,0.24865,0.0,0.15357,0.83842,0.3691,0.36288,0.0,0.00622
2018-12-28 17:00:00,2018-12-28 17:00,1.33646,0.24848,0.00096,0.15832,0.92869,0.37377,0.36745,0.0,0.00632
2018-12-28 18:00:00,2018-12-28 18:00,1.5648,0.24682,0.00161,0.17614,1.14022,0.3738,0.36729,0.0,0.00651
2018-12-28 19:00:00,2018-12-28 19:00,1.7314,0.24295,0.0,0.1643,1.32415,0.37139,0.36495,0.0,0.00645
2018-12-28 20:00:00,2018-12-28 20:00,1.89168,0.24427,0.00114,0.15018,1.49609,0.37951,0.37583,0.0,0.00369
2018-12-28 21:00:00,2018-12-28 21:00,1.77073,0.24421,0.00107,0.11541,1.41004,0.38163,0.37612,0.0,0.00551
2018-12-28 22:00:00,2018-12-28 22:00,1.52148,0.24288,0.0,0.10724,1.17137,0.37724,0.37332,0.0,0.00392
2018-12-28 23:00:00,2018-12-28 23:00,1.18813,0.246,0.0,0.11374,0.8284,0.38538,0.38331,0.0,0.00207
2018-12-29 00:00:00,2018-12-29 00:00,0.95871,0.24505,0.0,0.0824,0.63126,0.38517,0.38431,0.0,0.00086
2018-12-29 01:00:00,2018-12-29 01:00,0.81545,0.2425,0.00352,0.05214,0.51729,0.37921,0.37841,0.0,0.0008
2018-12-29 02:00:00,2018-12-29 02:00,0.75995,0.24476,0.00209,0.05231,0.46081,0.38269,0.38218,0.0,0.00051
2018-12-29 03:00:00,2018-12-29 03:00,0.73906,0.24551,0.0,0.04839,0.44516,0.39696,0.39681,0.0,0.00015
2018-12-29 04:00:00,2018-12-29 04:00,0.72582,0.24398,0.00131,0.0431,0.43744,0.40427,0.40376,0.0,0.00051
2018-12-29 05:00:00,2018-12-29 05:00,0.76336,0.24842,0.0,0.04457,0.47038,0.41885,0.41867,0.0,0.00018
2018-12-29 06:00:00,2018-12-29 06:00,0.80334,0.24865,0.0,0.06321,0.49148,0.42865,0.42831,0.0,0.00034
2018-12-29 07:00:00,2018-12-29 07:00,0.88204,0.24865,0.0,0.10518,0.52821,0.44016,0.43879,0.0,0.00137
2018-12-29 08:00:00,2018-12-29 08:00,1.03379,0.24865,0.0,0.1505,0.63464,0.44064,0.43733,0.0,0.00331
2018-12-29 09:00:00,2018-12-29 09:00,1.19294,0.24865,0.0,0.18894,0.75536,0.45152,0.44449,0.0,0.00704
2018-12-29 10:00:00,2018-12-29 10:00,1.30349,0.24865,0.0,0.22516,0.82968,0.45809,0.45231,0.0,0.00578
2018-12-29 11:00:00,2018-12-29 11:00,1.4368,0.24865,0.0,0.19492,0.99323,0.45291,0.44622,0.0,0.00668
2018-12-29 12:00:00,2018-12-29 12:00,1.35423,0.24865,0.0,0.19714,0.90844,0.42821,0.42377,0.0,0.00444
2018-12-29 13:00:00,2018-12-29 13:00,1.28103,0.24865,0.0,0.17339,0.85899,0.41654,0.41086,0.0,0.00568
2018-12-29 14:00:00,2018-12-29 14:00,1.33032,0.24865,0.0,0.16585,0.91582,0.38607,0.38179,0.0,0.00428
2018-12-29 15:00:00,2018-12-29 15:00,1.43295,0.24865,0.0,0.20248,0.98182,0.36786,0.366,0.0,0.00186
2018-12-29 16:00:00,2018-12-29 16:00,1.51657,0.24865,0.0,0.21573,1.05219,0.36163,0.35867,0.0,0.00296
2018-12-29 17:00:00,2018-12-29 17:00,1.53631,0.24865,0.0,0.1965,1.09116,0.37861,0.37353,0.0,0.00508
2018-12-29 18:00:00,2018-12-29 18:00,1.65818,0.24694,0.00119,0.17646,1.23359,0.39171,0.38661,0.0,0.0051
2018-12-29 19:00:00,2018-12-29 19:00,1.82421,0.24295,0.0,0.19889,1.38237,0.38931,0.38529,0.0,0.00402
2018-12-29 20:00:00,2018-12-29 20:00,1.84009,0.244,0.00105,0.15863,1.4364,0.38843,0.38475,0.0,0.00368
2018-12-29 21:00:00,2018-12-29 21:00,1.85901,0.24464,0.00088,0.16721,1.44628,0.38578,0.38226,0.0,0.00352
2018-12-29 22:00:00,2018-12-29 22:00,1.56733,0.2431,0.0,0.13838,1.18585,0.37286,0.36895,0.0,0.00392
2018-12-29 23:00:00,2018-12-29 23:00,1.19448,0.24584,0.0,0.10695,0.84168,0.37483,0.37244,0.0,0.00239
2018-12-30 00:00:00,2018-12-30 00:00,0.93382,0.24433,0.0,0.08044,0.60906,0.36639,0.36517,0.0,0.00122
2018-12-30 01:00:00,2018-12-30 01:00,0.78807,0.24194,0.00345,0.04521,0.49747,0.35845,0.35738,0.0,0.00107
2018-12-30 02:00:00,2018-12-30 02:00,0.75346,0.24423,0.00194,0.04588,0.46141,0.35768,0.35743,0.0,0.00025
2018-12-30 03:00:00,2018-12-30 03:00,0.74216,0.2452,0.0,0.04365,0.45331,0.36449,0.36434,0.0,0.00015
2018-12-30 04:00:00,2018-12-30 04:00,0.73407,0.24337,0.00113,0.042,0.44757,0.36473,0.3646,0.0,0.00013
2018-12-30 05:00:00,2018-12-30 05:00,0.74411,0.24818,0.0,0.05038,0.44555,0.37191,0.37165,0.0,0.00025
2018-12-30 06:00:00,2018-12-30 06:00,0.75772,0.24853,0.0,0.05169,0.4575,0.37337,0.37306,0.0,0.00031
2018-12-30 07:00:00,2018-12-30 07:00,0.85346,0.24865,0.0,0.07645,0.52836,0.37905,0.37726,0.0,0.00179
2018-12-30 08:00:00,2018-12-30 08:00,1.14832,0.24865,0.0,0.15227,0.74741,0.36824,0.36524,0.0,0.003
2018-12-30 09:00:00,2018-12-30 09:00,1.31796,0.24865,0.0,0.19375,0.87556,0.36977,0.36405,0.0,0.00572
2018-12-30 10:00:00,2018-12-30 10:00,1.40734,0.24865,0.0,0.22132,0.93737,0.35504,0.35076,0.0,0.00428
2018-12-30 11:00:00,2018-12-30 11:00,1.3299,0.24865,0.0,0.22277,0.85849,0.33124,0.32483,0.0,0.0064
2018-12-30 12:00:00,2018-12-30 12:00,1.36473,0.24865,0.0,0.18735,0.92873,0.3055,0.29787,0.0,0.00763
2018-12-30 13:00:00,2018-12-30 13:00,1.37921,0.24846,0.0,0.21406,0.91669,0.29858,0.29162,0.0,0.00695
2018-12-30 14:00:00,2018-12-30 14:00,1.40452,0.24852,6e-05,0.24035,0.91559,0.27971,0.27102,0.0,0.00869
2018-12-30 15:00:00,2018-12-30 15:00,1.41017,0.24865,0.0,0.2055,0.95602,0.26993,0.26405,0.0,0.00589
2018-12-30 16:00:00,2018-12-30 16:00,1.42006,0.24865,0.0,0.19102,0.98039,0.26305,0.25967,0.0,0.00339
2018-12-30 17:00:00,2018-12-30 17:00,1.51924,0.24865,0.0,0.1812,1.0894,0.27084,0.26512,0.0,0.00572
2018-12-30 18:00:00,2018-12-30 18:00,1.69718,0.24622,0.00118,0.18097,1.26881,0.26549,0.25956,0.0,0.00593
2018-12-30 19:00:00,2018-12-30 19:00,1.86046,0.24192,0.0,0.16194,1.4566,0.25697,0.25052,0.0,0.00645
2018-12-30 20:00:00,2018-12-30 20:00,1.86357,0.24125,0.00152,0.15504,1.46576,0.2491,0.24351,0.0,0.0056
2018-12-30 21:00:00,2018-12-30 21:00,1.80355,0.23949,0.00142,0.13038,1.43227,0.23872,0.23337,0.0,0.00535
2018-12-30 22:00:00,2018-12-30 22:00,1.63259,0.23507,0.0,0.12218,1.27534,0.22981,0.22669,0.0,0.00312
2018-12-30 23:00:00,2018-12-30 23:00,1.29943,0.24258,0.0,0.10596,0.95089,0.23874,0.23722,0.0,0.00153
2018-12-31 00:00:00,2018-12-31 00:00,0.98771,0.24067,0.0,0.09647,0.65057,0.23569,0.23484,0.0,0.00085
2018-12-31 01:00:00,2018-12-31 01:00,0.81173,0.23819,0.00359,0.06933,0.50061,0.22998,0.22952,0.0,0.00046
2018-12-31 02:00:00,2018-12-31 02:00,0.75982,0.24078,0.00175,0.05213,0.46516,0.22937,0.22907,0.0,0.0003
2018-12-31 03:00:00,2018-12-31 03:00,0.74649,0.24339,0.0,0.04435,0.45876,0.23976,0.23961,0.0,0.00015
2018-12-31 04:00:00,2018-12-31 04:00,0.74698,0.23999,0.00101,0.05467,0.45131,0.24625,0.24523,0.0,0.00103
2018-12-31 05:00:00,2018-12-31 05:00,0.76602,0.24422,0.0,0.06352,0.45828,0.25564,0.25403,0.0,0.00162
2018-12-31 06:00:00,2018-12-31 06:00,0.85601,0.24717,0.0,0.11135,0.49749,0.26537,0.26344,0.0,0.00194
2018-12-31 07:00:00,2018-12-31 07:00,1.07565,0.24818,0.0,0.2076,0.61987,0.28015,0.27593,0.0,0.00422
2018-12-31 08:00:00,2018-12-31 08:00,1.2067,0.24763,0.0,0.25606,0.70301,0.2803,0.2745,0.0,0.0058
2018-12-31 09:00:00,2018-12-31 09:00,1.19631,0.24752,0.0,0.20027,0.74851,0.29311,0.288,0.0,0.00511
2018-12-31 10:00:00,2018-12-31 10:00,1.19037,0.24723,0.0,0.18548,0.75766,0.30568,0.30044,0.0,0.00524
2018-12-31 11:00:00,2018-12-31 11:00,1.13816,0.24762,0.0,0.15253,0.73801,0.30448,0.30024,0.0,0.00424
2018-12-31 12:00:00,2018-12-31 12:00,1.18792,0.24672,0.0,0.15467,0.78652,0.30124,0.29731,0.0,0.00393
2018-12-31 13:00:00,2018-12-31 13:00,1.20723,0.24691,0.00175,0.16839,0.79018,0.32052,0.314,0.0,0.00652
2018-12-31 14:00:00,2018-12-31 14:00,1.16192,0.24694,0.0,0.17319,0.74178,0.32017,0.31189,0.0,0.00828
2018-12-31 15:00:00,2018-12-31 15:00,1.15665,0.24865,0.0,0.16223,0.74577,0.32089,0.31713,0.0,0.00376
2018-12-31 16:00:00,2018-12-31 16:00,1.21482,0.24865,0.0,0.15495,0.81122,0.33453,0.32973,0.0,0.0048
2018-12-31 17:00:00,2018-12-31 17:00,1.36929,0.24848,0.00086,0.14391,0.97604,0.35455,0.34678,0.0,0.00777
2018-12-31 18:00:00,2018-12-31 18:00,1.56761,0.24683,0.00117,0.16397,1.15563,0.35754,0.3481,0.0,0.00944
2018-12-31 19:00:00,2018-12-31 19:00,1.76427,0.24295,0.0,0.17425,1.34706,0.35374,0.34722,0.0,0.00652
2018-12-31 20:00:00,2018-12-31 20:00,1.8219,0.24357,0.00121,0.14708,1.43004,0.36413,0.35769,0.0,0.00645
2018-12-31 21:00:00,2018-12-31 21:00,1.80632,0.24398,0.00109,0.15031,1.41094,0.36355,0.35907,0.0,0.00448
2018-12-31 22:00:00,2018-12-31 22:00,1.55183,0.2431,0.0,0.10333,1.2054,0.36788,0.36351,0.0,0.00437
2018-12-31 23:00:00,2018-12-31 23:00,1.18926,0.24566,0.0,0.07953,0.86407,0.39166,0.38734,0.0,0.00432
