timestamp_standard,timestamp_local,elec_total_kwh,elec_heating_kwh,elec_cooling_kwh,elec_hot_water_kwh,elec_other_kwh,gas_total_therms,gas_heating_therms,gas_hot_water_therms,gas_other_therms
2018-01-01 00:00:00,2018-01-01 00:00,0.82439,0.30498,0.05,0.003,0.46641,0.40725,0.40725,0.0,-0.0
2018-01-01 01:00:00,2018-01-01 01:00,0.87299,0.3846,0.05,0.003,0.43539,0.51357,0.51357,0.0,0.0
2018-01-01 02:00:00,2018-01-01 02:00,0.88752,0.40446,0.05,0.003,0.43006,0.54008,0.54008,0.0,0.0
2018-01-01 03:00:00,2018-01-01 03:00,0.90306,0.42118,0.05,0.003,0.42888,0.56242,0.56242,0.0,-0.0
2018-01-01 04:00:00,2018-01-01 04:00,0.90947,0.43311,0.05,0.003,0.42336,0.57835,0.57835,0.0,0.0
2018-01-01 05:00:00,2018-01-01 05:00,0.91702,0.44171,0.05,0.003,0.42231,0.58983,0.58983,0.0,0.0
2018-01-01 06:00:00,2018-01-01 06:00,0.94815,0.44868,0.05,0.003,0.44647,0.59914,0.59914,0.0,-0.0
2018-01-01 07:00:00,2018-01-01 07:00,1.10896,0.48023,0.05,0.10963,0.4691,0.64126,0.64126,0.0,-0.0
2018-01-01 08:00:00,2018-01-01 08:00,1.45609,0.4579,0.05,0.38248,0.56571,0.61144,0.61144,0.0,-0.0
2018-01-01 09:00:00,2018-01-01 09:00,1.11811,0.44708,0.05,0.003,0.61803,0.597,0.597,0.0,0.0
2018-01-01 10:00:00,2018-01-01 10:00,1.8033,0.42955,0.05,0.41811,0.90564,0.57358,0.57358,0.0,0.0
2018-01-01 11:00:00,2018-01-01 11:00,2.92708,0.41973,0.05,0.42438,2.03297,0.56047,0.56047,0.0,0.0
2018-01-01 12:00:00,2018-01-01 12:00,1.00016,0.37095,0.05,0.05144,0.52777,0.49533,0.49533,0.0,0.0
2018-01-01 13:00:00,2018-01-01 13:00,0.94627,0.35898,0.05,0.003,0.53429,0.47936,0.47936,0.0,0.0
2018-01-01 14:00:00,2018-01-01 14:00,0.93479,0.34424,0.05,0.003,0.53755,0.45967,0.45967,0.0,0.0
2018-01-01 15:00:00,2018-01-01 15:00,1.02078,0.32545,0.05,0.10285,0.54248,0.43459,0.43459,0.0,0.0
2018-01-01 16:00:00,2018-01-01 16:00,1.32526,0.32611,0.05,0.4069,0.54225,0.43545,0.43545,0.0,0.0
2018-01-01 17:00:00,2018-01-01 17:00,1.51517,0.33685,0.05,0.42202,0.7063,0.46103,0.44979,0.0,0.01124
2018-01-01 18:00:00,2018-01-01 18:00,2.10468,0.3207,0.05,0.20334,1.53064,0.50319,0.42824,0.0,0.07496
2018-01-01 19:00:00,2018-01-01 19:00,4.38154,0.43129,0.05,0.40862,3.49163,0.57591,0.57591,0.0,0.0
2018-01-01 20:00:00,2018-01-01 20:00,2.32806,0.36743,0.05,0.003,1.90763,0.49062,0.49062,0.0,0.0
2018-01-01 21:00:00,2018-01-01 21:00,1.53337,0.35952,0.05,0.003,1.12085,0.53815,0.48006,0.0,0.05809
2018-01-01 22:00:00,2018-01-01 22:00,1.36844,0.37218,0.05,0.003,0.94326,0.56443,0.49698,0.0,0.06745
2018-01-01 23:00:00,2018-01-01 23:00,1.2322,0.39478,0.05,0.003,0.78442,0.5459,0.52716,0.0,0.01875
2018-01-02 00:00:00,2018-01-02 00:00,1.03534,0.41556,0.05,0.003,0.56678,0.55491,0.55491,0.0,-0.0
2018-01-02 01:00:00,2018-01-02 01:00,1.37054,0.42824,0.05,0.41927,0.47303,0.57184,0.57184,0.0,0.0
2018-01-02 02:00:00,2018-01-02 02:00,1.3673,0.43,0.05,0.41982,0.46748,0.57418,0.57418,0.0,0.0
2018-01-02 03:00:00,2018-01-02 03:00,1.21785,0.44524,0.05,0.28126,0.44135,0.59454,0.59454,0.0,-0.0
2018-01-02 04:00:00,2018-01-02 04:00,0.93526,0.45745,0.05,0.003,0.42481,0.61084,0.61084,0.0,0.0
2018-01-02 05:00:00,2018-01-02 05:00,1.25545,0.45926,0.05,0.31013,0.43606,0.61326,0.61326,0.0,-0.0
2018-01-02 06:00:00,2018-01-02 06:00,1.25873,0.46539,0.05,0.29813,0.44521,0.62146,0.62146,0.0,-0.0
2018-01-02 07:00:00,2018-01-02 07:00,1.06712,0.4815,0.05,0.003,0.53262,0.65421,0.64297,0.0,0.01124
2018-01-02 08:00:00,2018-01-02 08:00,1.41,0.44008,0.05,0.30736,0.61256,0.63451,0.58766,0.0,0.04685
2018-01-02 09:00:00,2018-01-02 09:00,1.38024,0.44118,0.05,0.30213,0.58693,0.58913,0.58913,0.0,-0.0
2018-01-02 10:00:00,2018-01-02 10:00,1.30574,0.41736,0.05,0.30816,0.53022,0.55731,0.55731,0.0,-0.0
2018-01-02 11:00:00,2018-01-02 11:00,1.21544,0.39413,0.05,0.25479,0.51652,0.52629,0.52629,0.0,0.0
2018-01-02 12:00:00,2018-01-02 12:00,0.8537,0.36646,0.05,0.003,0.43424,0.48935,0.48935,0.0,-0.0
2018-01-02 13:00:00,2018-01-02 13:00,0.96721,0.36091,0.05,0.003,0.5533,0.48193,0.48193,0.0,0.0
2018-01-02 14:00:00,2018-01-02 14:00,1.04061,0.35296,0.05,0.003,0.63465,0.47132,0.47132,0.0,-0.0
2018-01-02 15:00:00,2018-01-02 15:00,0.9935,0.33367,0.05,0.003,0.60683,0.44557,0.44557,0.0,-0.0
2018-01-02 16:00:00,2018-01-02 16:00,1.34159,0.32568,0.05,0.3117,0.65421,0.43488,0.43488,0.0,0.0
2018-01-02 17:00:00,2018-01-02 17:00,1.52659,0.31907,0.05,0.4206,0.73692,0.42606,0.42606,0.0,-0.0
2018-01-02 18:00:00,2018-01-02 18:00,1.47463,0.29958,0.05,0.09757,1.02748,0.40004,0.40004,0.0,-0.0
2018-01-02 19:00:00,2018-01-02 19:00,1.70905,0.28265,0.05,0.003,1.3734,0.44488,0.37743,0.0,0.06745
2018-01-02 20:00:00,2018-01-02 20:00,2.24497,0.26738,0.05,0.41983,1.50776,0.37579,0.35704,0.0,0.01875
2018-01-02 21:00:00,2018-01-02 21:00,2.38888,0.27444,0.05,0.12232,1.94212,0.36646,0.36646,0.0,0.0
2018-01-02 22:00:00,2018-01-02 22:00,3.70599,0.2914,0.05,0.003,3.36159,0.42848,0.38913,0.0,0.03935
2018-01-02 23:00:00,2018-01-02 23:00,1.70993,0.28903,0.05,0.003,1.3679,0.43282,0.38597,0.0,0.04685
2018-01-03 00:00:00,2018-01-03 00:00,0.89602,0.34326,0.05,0.003,0.49976,0.45836,0.45836,0.0,-0.0
2018-01-03 01:00:00,2018-01-03 01:00,0.83421,0.34581,0.05,0.003,0.4354,0.46176,0.46176,0.0,0.0
2018-01-03 02:00:00,2018-01-03 02:00,0.83341,0.35036,0.05,0.003,0.43005,0.46784,0.46784,0.0,0.0
2018-01-03 03:00:00,2018-01-03 03:00,0.8365,0.35463,0.05,0.003,0.42887,0.47354,0.47354,0.0,0.0
2018-01-03 04:00:00,2018-01-03 04:00,0.93447,0.35439,0.05,0.10671,0.42337,0.47323,0.47323,0.0,0.0
2018-01-03 05:00:00,2018-01-03 05:00,1.22955,0.37053,0.05,0.3791,0.42992,0.49479,0.49479,0.0,-0.0
2018-01-03 06:00:00,2018-01-03 06:00,0.8829,0.38588,0.05,0.003,0.44402,0.51528,0.51528,0.0,-0.0
2018-01-03 07:00:00,2018-01-03 07:00,1.49486,0.39192,0.05,0.4122,0.64074,0.52334,0.52334,0.0,0.0
2018-01-03 08:00:00,2018-01-03 08:00,1.51616,0.3725,0.05,0.42271,0.67095,0.49741,0.49741,0.0,-0.0
2018-01-03 09:00:00,2018-01-03 09:00,1.3818,0.37497,0.05,0.42645,0.53038,0.50071,0.50071,0.0,0.0
2018-01-03 10:00:00,2018-01-03 10:00,1.19481,0.37208,0.05,0.27473,0.498,0.49685,0.49685,0.0,0.0
2018-01-03 11:00:00,2018-01-03 11:00,0.84737,0.36123,0.05,0.003,0.43314,0.48236,0.48236,0.0,-0.0
2018-01-03 12:00:00,2018-01-03 12:00,0.82853,0.34129,0.05,0.003,0.43424,0.45574,0.45574,0.0,0.0
2018-01-03 13:00:00,2018-01-03 13:00,0.90158,0.32836,0.05,0.003,0.52022,0.43846,0.43846,0.0,0.0
2018-01-03 14:00:00,2018-01-03 14:00,0.8681,0.32598,0.05,0.003,0.48912,0.43529,0.43529,0.0,0.0
2018-01-03 15:00:00,2018-01-03 15:00,1.21415,0.31504,0.05,0.30662,0.54249,0.42067,0.42067,0.0,-0.0
2018-01-03 16:00:00,2018-01-03 16:00,1.49716,0.27647,0.05,0.42092,0.74977,0.46473,0.36917,0.0,0.09556
2018-01-03 17:00:00,2018-01-03 17:00,1.23799,0.286,0.05,0.08638,0.81561,0.4606,0.3819,0.0,0.07869
2018-01-03 18:00:00,2018-01-03 18:00,1.42834,0.30649,0.05,0.10479,0.96706,0.43737,0.40927,0.0,0.0281
2018-01-03 19:00:00,2018-01-03 19:00,1.97639,0.33902,0.05,0.41528,1.17209,0.4527,0.4527,0.0,0.0
2018-01-03 20:00:00,2018-01-03 20:00,1.85134,0.33025,0.05,0.16637,1.30472,0.44099,0.44099,0.0,-0.0
2018-01-03 21:00:00,2018-01-03 21:00,1.76373,0.33743,0.05,0.003,1.3733,0.45057,0.45057,0.0,0.0
2018-01-03 22:00:00,2018-01-03 22:00,1.48523,0.34871,0.05,0.003,1.08352,0.46563,0.46563,0.0,0.0
2018-01-03 23:00:00,2018-01-03 23:00,1.58302,0.36314,0.05,0.30884,0.86104,0.4849,0.4849,0.0,-0.0
2018-01-04 00:00:00,2018-01-04 00:00,1.35326,0.3745,0.05,0.41574,0.51302,0.50008,0.50008,0.0,-0.0
2018-01-04 01:00:00,2018-01-04 01:00,1.24763,0.37372,0.05,0.35778,0.46613,0.49905,0.49905,0.0,-0.0
2018-01-04 02:00:00,2018-01-04 02:00,0.87089,0.37007,0.05,0.003,0.44782,0.49417,0.49417,0.0,-0.0
2018-01-04 03:00:00,2018-01-04 03:00,0.85432,0.37246,0.05,0.003,0.42886,0.49735,0.49735,0.0,0.0
2018-01-04 04:00:00,2018-01-04 04:00,0.853,0.37664,0.05,0.003,0.42336,0.50293,0.50293,0.0,0.0
2018-01-04 05:00:00,2018-01-04 05:00,0.85806,0.37992,0.05,0.003,0.42514,0.50731,0.50731,0.0,-0.0
2018-01-04 06:00:00,2018-01-04 06:00,1.32447,0.38018,0.05,0.41063,0.48366,0.50766,0.50766,0.0,-0.0
2018-01-04 07:00:00,2018-01-04 07:00,2.35744,0.42153,0.05,0.42475,1.46116,0.56288,0.56288,0.0,-0.0
2018-01-04 08:00:00,2018-01-04 08:00,2.37359,0.36945,0.05,0.25082,1.70332,0.55144,0.49334,0.0,0.05809
2018-01-04 09:00:00,2018-01-04 09:00,1.31899,0.37458,0.05,0.20728,0.68713,0.50017,0.50017,0.0,-0.0
2018-01-04 10:00:00,2018-01-04 10:00,1.37933,0.37621,0.05,0.42289,0.53023,0.50238,0.50238,0.0,0.0
2018-01-04 11:00:00,2018-01-04 11:00,0.98098,0.36664,0.05,0.0384,0.52594,0.48959,0.48959,0.0,0.0
2018-01-04 12:00:00,2018-01-04 12:00,0.93765,0.35688,0.05,0.003,0.52777,0.47654,0.47654,0.0,-0.0
2018-01-04 13:00:00,2018-01-04 13:00,1.53836,0.3428,0.05,0.41795,0.72761,0.45775,0.45775,0.0,0.0
2018-01-04 14:00:00,2018-01-04 14:00,2.08503,0.34109,0.05,0.06123,1.63271,0.45547,0.45547,0.0,-0.0
2018-01-04 15:00:00,2018-01-04 15:00,3.34519,0.35361,0.05,0.2066,2.73498,0.47219,0.47219,0.0,0.0
2018-01-04 16:00:00,2018-01-04 16:00,1.92905,0.33218,0.05,0.41848,1.12839,0.44357,0.44357,0.0,-0.0
2018-01-04 17:00:00,2018-01-04 17:00,1.35376,0.33004,0.05,0.23681,0.73691,0.4407,0.4407,0.0,0.0
2018-01-04 18:00:00,2018-01-04 18:00,1.2623,0.33649,0.05,0.003,0.87281,0.44934,0.44934,0.0,-0.0
2018-01-04 19:00:00,2018-01-04 19:00,1.95178,0.36059,0.05,0.40199,1.1392,0.4815,0.4815,0.0,-0.0
2018-01-04 20:00:00,2018-01-04 20:00,2.04318,0.3291,0.05,0.40726,1.25682,0.4788,0.43946,0.0,0.03935
2018-01-04 21:00:00,2018-01-04 21:00,2.04031,0.33755,0.05,0.4227,1.23006,0.4695,0.45075,0.0,0.01875
2018-01-04 22:00:00,2018-01-04 22:00,1.64022,0.36017,0.05,0.12605,1.104,0.48095,0.48095,0.0,-0.0
2018-01-04 23:00:00,2018-01-04 23:00,2.87884,0.39597,0.05,0.003,2.42987,0.52875,0.52875,0.0,0.0
2018-01-05 00:00:00,2018-01-05 00:00,1.30308,0.38901,0.05,0.39773,0.46634,0.51945,0.51945,0.0,-0.0
2018-01-05 01:00:00,2018-01-05 01:00,0.88934,0.40094,0.05,0.003,0.4354,0.53539,0.53539,0.0,0.0
2018-01-05 02:00:00,2018-01-05 02:00,0.89461,0.41155,0.05,0.003,0.43006,0.54955,0.54955,0.0,0.0
2018-01-05 03:00:00,2018-01-05 03:00,0.90333,0.42021,0.05,0.003,0.43012,0.56111,0.56111,0.0,-0.0
2018-01-05 04:00:00,2018-01-05 04:00,0.90196,0.42367,0.05,0.003,0.42529,0.56575,0.56575,0.0,0.0
2018-01-05 05:00:00,2018-01-05 05:00,0.90057,0.42799,0.05,0.003,0.41958,0.5715,0.5715,0.0,-0.0
2018-01-05 06:00:00,2018-01-05 06:00,1.02285,0.43261,0.05,0.10733,0.43291,0.57768,0.57768,0.0,0.0
2018-01-05 07:00:00,2018-01-05 07:00,1.47114,0.46064,0.05,0.41589,0.54461,0.6151,0.6151,0.0,-0.0
2018-01-05 08:00:00,2018-01-05 08:00,1.58154,0.44489,0.05,0.41416,0.67249,0.59407,0.59407,0.0,0.0
2018-01-05 09:00:00,2018-01-05 09:00,1.50053,0.44054,0.05,0.41913,0.59086,0.58826,0.58826,0.0,-0.0
2018-01-05 10:00:00,2018-01-05 10:00,1.11226,0.42222,0.05,0.20144,0.4386,0.56379,0.56379,0.0,0.0
2018-01-05 11:00:00,2018-01-05 11:00,0.87819,0.39205,0.05,0.003,0.43314,0.52351,0.52351,0.0,0.0
2018-01-05 12:00:00,2018-01-05 12:00,0.85195,0.36471,0.05,0.003,0.43424,0.487,0.487,0.0,0.0
2018-01-05 13:00:00,2018-01-05 13:00,0.84508,0.34193,0.05,0.003,0.45015,0.45659,0.45659,0.0,-0.0
2018-01-05 14:00:00,2018-01-05 14:00,0.86618,0.33391,0.05,0.003,0.47927,0.44588,0.44588,0.0,-0.0
2018-01-05 15:00:00,2018-01-05 15:00,0.81647,0.3214,0.05,0.003,0.44207,0.42918,0.42918,0.0,0.0
2018-01-05 16:00:00,2018-01-05 16:00,1.136,0.32712,0.05,0.31699,0.44189,0.43681,0.43681,0.0,0.0
2018-01-05 17:00:00,2018-01-05 17:00,0.91973,0.34464,0.05,0.07452,0.45057,0.4602,0.4602,0.0,0.0
2018-01-05 18:00:00,2018-01-05 18:00,1.36359,0.34767,0.05,0.10256,0.86336,0.46426,0.46426,0.0,0.0
2018-01-05 19:00:00,2018-01-05 19:00,2.202,0.36418,0.05,0.39443,1.39339,0.48631,0.48631,0.0,-0.0
2018-01-05 20:00:00,2018-01-05 20:00,2.3129,0.32815,0.05,0.4011,1.53365,0.50563,0.43818,0.0,0.06745
2018-01-05 21:00:00,2018-01-05 21:00,2.27205,0.34478,0.05,0.40104,1.47623,0.47914,0.4604,0.0,0.01875
2018-01-05 22:00:00,2018-01-05 22:00,2.1047,0.3685,0.05,0.40935,1.27685,0.49205,0.49205,0.0,0.0
2018-01-05 23:00:00,2018-01-05 23:00,1.63844,0.38636,0.05,0.42092,0.78116,0.51593,0.51593,0.0,0.0
2018-01-06 00:00:00,2018-01-06 00:00,1.19806,0.40583,0.05,0.23888,0.50335,0.54191,0.54191,0.0,-0.0
2018-01-06 01:00:00,2018-01-06 01:00,0.94481,0.42223,0.05,0.003,0.46958,0.5638,0.5638,0.0,0.0
2018-01-06 02:00:00,2018-01-06 02:00,0.93551,0.43237,0.05,0.003,0.45014,0.57734,0.57734,0.0,0.0
2018-01-06 03:00:00,2018-01-06 03:00,0.92548,0.44236,0.05,0.003,0.43012,0.5907,0.5907,0.0,0.0
2018-01-06 04:00:00,2018-01-06 04:00,0.92155,0.44395,0.05,0.003,0.4246,0.59281,0.59281,0.0,-0.0
2018-01-06 05:00:00,2018-01-06 05:00,0.92217,0.44833,0.05,0.003,0.42084,0.59867,0.59867,0.0,0.0
2018-01-06 06:00:00,2018-01-06 06:00,0.9291,0.45344,0.05,0.003,0.42266,0.60549,0.60549,0.0,-0.0
2018-01-06 07:00:00,2018-01-06 07:00,0.99364,0.47808,0.05,0.003,0.46256,0.63838,0.63838,0.0,0.0
2018-01-06 08:00:00,2018-01-06 08:00,1.03136,0.45199,0.05,0.003,0.52637,0.63167,0.60356,0.0,0.0281
2018-01-06 09:00:00,2018-01-06 09:00,1.4504,0.44136,0.05,0.32313,0.63591,0.58936,0.58936,0.0,-0.0
2018-01-06 10:00:00,2018-01-06 10:00,1.17329,0.40512,0.05,0.06818,0.64999,0.54097,0.54097,0.0,-0.0
2018-01-06 11:00:00,2018-01-06 11:00,1.2795,0.36674,0.05,0.10413,0.75863,0.48971,0.48971,0.0,-0.0
2018-01-06 12:00:00,2018-01-06 12:00,1.67177,0.33995,0.05,0.40986,0.87196,0.45394,0.45394,0.0,0.0
2018-01-06 13:00:00,2018-01-06 13:00,1.53602,0.31702,0.05,0.41276,0.75624,0.45143,0.42332,0.0,0.0281
2018-01-06 14:00:00,2018-01-06 14:00,1.63647,0.30571,0.05,0.41922,0.86154,0.43632,0.40821,0.0,0.0281
2018-01-06 15:00:00,2018-01-06 15:00,2.87286,0.31021,0.05,0.14457,2.36808,0.41423,0.41423,0.0,0.0
2018-01-06 16:00:00,2018-01-06 16:00,3.75421,0.30759,0.05,0.2076,3.18902,0.41073,0.41073,0.0,-0.0
2018-01-06 17:00:00,2018-01-06 17:00,2.50089,0.30545,0.05,0.41961,1.72583,0.40789,0.40789,0.0,-0.0
2018-01-06 18:00:00,2018-01-06 18:00,2.21767,0.31499,0.05,0.42031,1.43237,0.42062,0.42062,0.0,0.0
2018-01-06 19:00:00,2018-01-06 19:00,4.00212,0.36667,0.05,0.18955,3.3959,0.48964,0.48964,0.0,0.0
2018-01-06 20:00:00,2018-01-06 20:00,2.98844,0.3058,0.05,0.003,2.62964,0.40835,0.40835,0.0,0.0
2018-01-06 21:00:00,2018-01-06 21:00,1.85793,0.31268,0.05,0.003,1.49225,0.41753,0.41753,0.0,0.0
2018-01-06 22:00:00,2018-01-06 22:00,1.52619,0.34068,0.05,0.003,1.13251,0.45492,0.45492,0.0,0.0
2018-01-06 23:00:00,2018-01-06 23:00,1.46696,0.32727,0.05,0.20963,0.88006,0.43702,0.43702,0.0,-0.0
2018-01-07 00:00:00,2018-01-07 00:00,1.17306,0.32308,0.05,0.28412,0.51586,0.43141,0.43141,0.0,0.0
2018-01-07 01:00:00,2018-01-07 01:00,0.81161,0.31994,0.05,0.003,0.43867,0.42722,0.42722,0.0,0.0
2018-01-07 02:00:00,2018-01-07 02:00,0.79768,0.31028,0.05,0.003,0.4344,0.41431,0.41431,0.0,-0.0
2018-01-07 03:00:00,2018-01-07 03:00,0.78717,0.30405,0.05,0.003,0.43012,0.406,0.406,0.0,-0.0
2018-01-07 04:00:00,2018-01-07 04:00,0.77297,0.29534,0.05,0.003,0.42463,0.39439,0.39439,0.0,0.0
2018-01-07 05:00:00,2018-01-07 05:00,0.97243,0.29184,0.05,0.20975,0.42084,0.3897,0.3897,0.0,0.0
2018-01-07 06:00:00,2018-01-07 06:00,0.95506,0.29009,0.05,0.19231,0.42266,0.38737,0.38737,0.0,0.0
2018-01-07 07:00:00,2018-01-07 07:00,0.81608,0.3005,0.05,0.003,0.46258,0.40126,0.40126,0.0,0.0
2018-01-07 08:00:00,2018-01-07 08:00,0.83544,0.29362,0.05,0.003,0.48882,0.39208,0.39208,0.0,0.0
2018-01-07 09:00:00,2018-01-07 09:00,0.8895,0.28613,0.05,0.003,0.55037,0.38208,0.38208,0.0,-0.0
2018-01-07 10:00:00,2018-01-07 10:00,1.39024,0.27156,0.05,0.41869,0.64999,0.36262,0.36262,0.0,-0.0
2018-01-07 11:00:00,2018-01-07 11:00,1.07661,0.24528,0.05,0.003,0.77833,0.38562,0.32753,0.0,0.05809
2018-01-07 12:00:00,2018-01-07 12:00,1.05575,0.23143,0.05,0.003,0.77132,0.30902,0.30902,0.0,-0.0
2018-01-07 13:00:00,2018-01-07 13:00,1.37925,0.21408,0.05,0.31747,0.7977,0.28585,0.28585,0.0,-0.0
2018-01-07 14:00:00,2018-01-07 14:00,1.22668,0.19608,0.05,0.1277,0.8529,0.27308,0.26183,0.0,0.01124
2018-01-07 15:00:00,2018-01-07 15:00,1.46039,0.15378,0.05,0.20923,1.04738,0.28031,0.20536,0.0,0.07496
2018-01-07 16:00:00,2018-01-07 16:00,1.68777,0.16523,0.05,0.42518,1.04736,0.23188,0.22064,0.0,0.01124
2018-01-07 17:00:00,2018-01-07 17:00,1.55414,0.16755,0.05,0.18404,1.15255,0.24059,0.22373,0.0,0.01686
2018-01-07 18:00:00,2018-01-07 18:00,1.50001,0.17481,0.05,0.003,1.2722,0.23344,0.23344,0.0,0.0
2018-01-07 19:00:00,2018-01-07 19:00,1.55128,0.18821,0.05,0.003,1.31007,0.25132,0.25132,0.0,0.0
2018-01-07 20:00:00,2018-01-07 20:00,1.86313,0.18044,0.05,0.40281,1.22988,0.24096,0.24096,0.0,0.0
2018-01-07 21:00:00,2018-01-07 21:00,1.21829,0.1849,0.05,0.003,0.98039,0.24691,0.24691,0.0,0.0
2018-01-07 22:00:00,2018-01-07 22:00,1.12246,0.18258,0.05,0.003,0.88688,0.2438,0.2438,0.0,0.0
2018-01-07 23:00:00,2018-01-07 23:00,0.97542,0.18019,0.05,0.003,0.74223,0.24061,0.24061,0.0,0.0
2018-01-08 00:00:00,2018-01-08 00:00,0.91412,0.18425,0.05,0.10709,0.57278,0.24603,0.24603,0.0,0.0
2018-01-08 01:00:00,2018-01-08 01:00,1.12632,0.19538,0.05,0.4328,0.44814,0.2609,0.2609,0.0,-0.0
2018-01-08 02:00:00,2018-01-08 02:00,0.75159,0.20379,0.05,0.06775,0.43005,0.27211,0.27211,0.0,-0.0
2018-01-08 03:00:00,2018-01-08 03:00,0.69037,0.20849,0.05,0.003,0.42888,0.27841,0.27841,0.0,0.0
2018-01-08 04:00:00,2018-01-08 04:00,0.69117,0.21481,0.05,0.003,0.42336,0.28684,0.28684,0.0,0.0
2018-01-08 05:00:00,2018-01-08 05:00,0.69463,0.22205,0.05,0.003,0.41958,0.2965,0.2965,0.0,0.0
2018-01-08 06:00:00,2018-01-08 06:00,0.95169,0.22797,0.05,0.2139,0.45982,0.30443,0.30443,0.0,-0.0
2018-01-08 07:00:00,2018-01-08 07:00,1.31109,0.24235,0.05,0.42176,0.59698,0.32361,0.32361,0.0,0.0
2018-01-08 08:00:00,2018-01-08 08:00,1.24206,0.22922,0.05,0.43636,0.52648,0.30606,0.30606,0.0,-0.0
2018-01-08 09:00:00,2018-01-08 09:00,1.29369,0.22781,0.05,0.42907,0.58681,0.3042,0.3042,0.0,0.0
2018-01-08 10:00:00,2018-01-08 10:00,1.20469,0.21451,0.05,0.40995,0.53023,0.28645,0.28645,0.0,-0.0
2018-01-08 11:00:00,2018-01-08 11:00,1.20906,0.19274,0.05,0.41983,0.54649,0.26862,0.25738,0.0,0.01124
2018-01-08 12:00:00,2018-01-08 12:00,1.2914,0.16334,0.05,0.41932,0.65874,0.26494,0.21809,0.0,0.04685
2018-01-08 13:00:00,2018-01-08 13:00,1.06014,0.16349,0.05,0.32203,0.52462,0.21833,0.21833,0.0,0.0
2018-01-08 14:00:00,2018-01-08 14:00,0.65212,0.15845,0.05,0.003,0.44067,0.21158,0.21158,0.0,0.0
2018-01-08 15:00:00,2018-01-08 15:00,0.64142,0.14634,0.05,0.003,0.44208,0.19542,0.19542,0.0,0.0
2018-01-08 16:00:00,2018-01-08 16:00,0.63656,0.14166,0.05,0.003,0.4419,0.18917,0.18917,0.0,0.0
2018-01-08 17:00:00,2018-01-08 17:00,0.77238,0.1467,0.05,0.003,0.57268,0.19588,0.19588,0.0,-0.0
2018-01-08 18:00:00,2018-01-08 18:00,1.27849,0.15618,0.05,0.4254,0.64691,0.20857,0.20857,0.0,0.0
2018-01-08 19:00:00,2018-01-08 19:00,1.12915,0.16384,0.05,0.15789,0.75742,0.24688,0.21878,0.0,0.0281
2018-01-08 20:00:00,2018-01-08 20:00,1.39237,0.15302,0.05,0.003,1.18635,0.20433,0.20433,0.0,0.0
2018-01-08 21:00:00,2018-01-08 21:00,3.21156,0.15313,0.05,0.31924,2.68919,0.20447,0.20447,0.0,0.0
2018-01-08 22:00:00,2018-01-08 22:00,1.66349,0.15643,0.05,0.28759,1.16947,0.20889,0.20889,0.0,0.0
2018-01-08 23:00:00,2018-01-08 23:00,1.04211,0.17127,0.05,0.003,0.81784,0.22871,0.22871,0.0,-0.0
2018-01-09 00:00:00,2018-01-09 00:00,0.73478,0.18203,0.05,0.003,0.49975,0.24307,0.24307,0.0,0.0
2018-01-09 01:00:00,2018-01-09 01:00,0.67495,0.18656,0.05,0.003,0.43539,0.24911,0.24911,0.0,0.0
2018-01-09 02:00:00,2018-01-09 02:00,0.67043,0.18738,0.05,0.003,0.43005,0.25021,0.25021,0.0,0.0
2018-01-09 03:00:00,2018-01-09 03:00,0.66751,0.18563,0.05,0.003,0.42888,0.24789,0.24789,0.0,0.0
2018-01-09 04:00:00,2018-01-09 04:00,0.66194,0.18557,0.05,0.003,0.42337,0.2478,0.2478,0.0,0.0
2018-01-09 05:00:00,2018-01-09 05:00,0.65722,0.18463,0.05,0.003,0.41959,0.24654,0.24654,0.0,0.0
2018-01-09 06:00:00,2018-01-09 06:00,0.77554,0.18303,0.05,0.10853,0.43398,0.2444,0.2444,0.0,-0.0
2018-01-09 07:00:00,2018-01-09 07:00,1.18736,0.19899,0.05,0.41699,0.52138,0.26571,0.26571,0.0,-0.0
2018-01-09 08:00:00,2018-01-09 08:00,2.04385,0.19624,0.05,0.43697,1.36064,0.26205,0.26205,0.0,0.0
2018-01-09 09:00:00,2018-01-09 09:00,2.37895,0.19401,0.05,0.06146,2.07348,0.25908,0.25908,0.0,0.0
2018-01-09 10:00:00,2018-01-09 10:00,0.77217,0.1777,0.05,0.003,0.54147,0.24854,0.2373,0.0,0.01124
2018-01-09 11:00:00,2018-01-09 11:00,0.98508,0.14916,0.05,0.21315,0.57277,0.24601,0.19916,0.0,0.04685
2018-01-09 12:00:00,2018-01-09 12:00,1.14939,0.14628,0.05,0.43468,0.51843,0.19534,0.19534,0.0,0.0
2018-01-09 13:00:00,2018-01-09 13:00,0.77629,0.12028,0.05,0.09477,0.51124,0.18873,0.16062,0.0,0.0281
2018-01-09 14:00:00,2018-01-09 14:00,0.87003,0.11408,0.05,0.10539,0.60056,0.15234,0.15234,0.0,0.0
2018-01-09 15:00:00,2018-01-09 15:00,1.14205,0.11865,0.05,0.43092,0.54248,0.15842,0.15842,0.0,-0.0
2018-01-09 16:00:00,2018-01-09 16:00,0.97704,0.12218,0.05,0.17864,0.62622,0.16314,0.16314,0.0,-0.0
2018-01-09 17:00:00,2018-01-09 17:00,1.01668,0.11165,0.05,0.10688,0.74815,0.16033,0.14909,0.0,0.01124
2018-01-09 18:00:00,2018-01-09 18:00,1.49802,0.08533,0.05,0.42949,0.9332,0.21886,0.11394,0.0,0.10491
2018-01-09 19:00:00,2018-01-09 19:00,1.48886,0.12976,0.05,0.1699,1.1392,0.17326,0.17326,0.0,-0.0
2018-01-09 20:00:00,2018-01-09 20:00,1.39525,0.12478,0.05,0.003,1.21747,0.16663,0.16663,0.0,0.0
2018-01-09 21:00:00,2018-01-09 21:00,1.4739,0.12665,0.05,0.003,1.29425,0.16912,0.16912,0.0,0.0
2018-01-09 22:00:00,2018-01-09 22:00,1.5666,0.13499,0.05,0.21215,1.16946,0.18025,0.18025,0.0,0.0
2018-01-09 23:00:00,2018-01-09 23:00,1.41022,0.14743,0.05,0.43165,0.78114,0.19686,0.19686,0.0,0.0
2018-01-10 00:00:00,2018-01-10 00:00,0.68444,0.1651,0.05,0.003,0.46634,0.22047,0.22047,0.0,0.0
2018-01-10 01:00:00,2018-01-10 01:00,0.65288,0.16449,0.05,0.003,0.43539,0.21965,0.21965,0.0,0.0
2018-01-10 02:00:00,2018-01-10 02:00,0.65088,0.16783,0.05,0.003,0.43005,0.2241,0.2241,0.0,0.0
2018-01-10 03:00:00,2018-01-10 03:00,0.65205,0.17017,0.05,0.003,0.42888,0.22724,0.22724,0.0,0.0
2018-01-10 04:00:00,2018-01-10 04:00,0.64889,0.17108,0.05,0.003,0.42481,0.22846,0.22846,0.0,-0.0
2018-01-10 05:00:00,2018-01-10 05:00,0.87499,0.1851,0.05,0.21426,0.42563,0.24718,0.24718,0.0,-0.0
2018-01-10 06:00:00,2018-01-10 06:00,1.12101,0.19094,0.05,0.439,0.44107,0.25497,0.25497,0.0,0.0
2018-01-10 07:00:00,2018-01-10 07:00,0.89347,0.19323,0.05,0.09193,0.55831,0.25802,0.25802,0.0,-0.0
2018-01-10 08:00:00,2018-01-10 08:00,1.2247,0.17831,0.05,0.42724,0.56915,0.24935,0.23811,0.0,0.01124
2018-01-10 09:00:00,2018-01-10 09:00,0.8655,0.17336,0.05,0.13457,0.50757,0.24835,0.23149,0.0,0.01686
2018-01-10 10:00:00,2018-01-10 10:00,0.67399,0.18237,0.05,0.003,0.43862,0.24353,0.24353,0.0,0.0
2018-01-10 11:00:00,2018-01-10 11:00,0.66579,0.17964,0.05,0.003,0.43315,0.23988,0.23988,0.0,0.0
2018-01-10 12:00:00,2018-01-10 12:00,0.66089,0.17365,0.05,0.003,0.43424,0.23187,0.23187,0.0,0.0
2018-01-10 13:00:00,2018-01-10 13:00,0.66072,0.16718,0.05,0.003,0.44054,0.22323,0.22323,0.0,0.0
2018-01-10 14:00:00,2018-01-10 14:00,0.65771,0.16404,0.05,0.003,0.44067,0.21905,0.21905,0.0,0.0
2018-01-10 15:00:00,2018-01-10 15:00,0.65603,0.16097,0.05,0.003,0.44206,0.21494,0.21494,0.0,0.0
2018-01-10 16:00:00,2018-01-10 16:00,0.65685,0.16195,0.05,0.003,0.4419,0.21625,0.21625,0.0,0.0
2018-01-10 17:00:00,2018-01-10 17:00,0.68711,0.1546,0.05,0.003,0.47951,0.21768,0.20644,0.0,0.01124
2018-01-10 18:00:00,2018-01-10 18:00,1.13639,0.11508,0.05,0.21952,0.75179,0.25858,0.15366,0.0,0.10492
2018-01-10 19:00:00,2018-01-10 19:00,1.36647,0.15302,0.05,0.32992,0.83353,0.20433,0.20433,0.0,0.0
2018-01-10 20:00:00,2018-01-10 20:00,1.23238,0.13673,0.05,0.003,1.04265,0.19382,0.18258,0.0,0.01124
2018-01-10 21:00:00,2018-01-10 21:00,1.48908,0.12496,0.05,0.003,1.31112,0.18373,0.16687,0.0,0.01686
2018-01-10 22:00:00,2018-01-10 22:00,1.90767,0.12778,0.05,0.43846,1.29143,0.17062,0.17062,0.0,-0.0
2018-01-10 23:00:00,2018-01-10 23:00,1.00268,0.13333,0.05,0.00954,0.80981,0.17805,0.17805,0.0,-0.0
2018-01-11 00:00:00,2018-01-11 00:00,0.73976,0.14009,0.05,0.003,0.54667,0.18708,0.18708,0.0,0.0
2018-01-11 01:00:00,2018-01-11 01:00,0.6732,0.15407,0.05,0.003,0.46613,0.20574,0.20574,0.0,0.0
2018-01-11 02:00:00,2018-01-11 02:00,0.66966,0.1674,0.05,0.003,0.44926,0.22353,0.22353,0.0,0.0
2018-01-11 03:00:00,2018-01-11 03:00,0.67344,0.18258,0.05,0.003,0.43786,0.24381,0.24381,0.0,0.0
2018-01-11 04:00:00,2018-01-11 04:00,0.6954,0.21904,0.05,0.003,0.42336,0.29248,0.29248,0.0,-0.0
2018-01-11 05:00:00,2018-01-11 05:00,0.78956,0.2392,0.05,0.003,0.49736,0.38686,0.31941,0.0,0.06745
2018-01-11 06:00:00,2018-01-11 06:00,1.25664,0.25033,0.05,0.43527,0.52104,0.38296,0.33425,0.0,0.04871
2018-01-11 07:00:00,2018-01-11 07:00,1.43225,0.26765,0.05,0.43814,0.67646,0.41549,0.3574,0.0,0.05809
2018-01-11 08:00:00,2018-01-11 08:00,1.34031,0.28139,0.05,0.42826,0.58066,0.37576,0.37576,0.0,0.0
2018-01-11 09:00:00,2018-01-11 09:00,1.30981,0.29509,0.05,0.43433,0.53039,0.39405,0.39405,0.0,-0.0
2018-01-11 10:00:00,2018-01-11 10:00,0.8912,0.30797,0.05,0.003,0.53023,0.41124,0.41124,0.0,-0.0
2018-01-11 11:00:00,2018-01-11 11:00,0.88923,0.31029,0.05,0.003,0.52594,0.41434,0.41434,0.0,-0.0
2018-01-11 12:00:00,2018-01-11 12:00,1.21555,0.30914,0.05,0.3193,0.53711,0.4128,0.4128,0.0,-0.0
2018-01-11 13:00:00,2018-01-11 13:00,1.17481,0.31658,0.05,0.29297,0.51526,0.42273,0.42273,0.0,0.0
2018-01-11 14:00:00,2018-01-11 14:00,0.81764,0.32397,0.05,0.003,0.44067,0.4326,0.4326,0.0,-0.0
2018-01-11 15:00:00,2018-01-11 15:00,0.82224,0.32718,0.05,0.003,0.44206,0.43689,0.43689,0.0,0.0
2018-01-11 16:00:00,2018-01-11 16:00,0.8413,0.33247,0.05,0.003,0.45583,0.44395,0.44395,0.0,-0.0
2018-01-11 17:00:00,2018-01-11 17:00,1.2979,0.32083,0.05,0.31576,0.61131,0.4284,0.4284,0.0,0.0
2018-01-11 18:00:00,2018-01-11 18:00,1.45368,0.31747,0.05,0.27971,0.8065,0.42393,0.42393,0.0,0.0
2018-01-11 19:00:00,2018-01-11 19:00,1.36716,0.34639,0.05,0.003,0.96777,0.46253,0.46253,0.0,0.0
2018-01-11 20:00:00,2018-01-11 20:00,2.05573,0.3329,0.05,0.20665,1.46618,0.44453,0.44453,0.0,-0.0
2018-01-11 21:00:00,2018-01-11 21:00,2.27857,0.34191,0.05,0.42918,1.45748,0.45656,0.45656,0.0,0.0
2018-01-11 22:00:00,2018-01-11 22:00,2.01856,0.35254,0.05,0.33917,1.27685,0.47075,0.47075,0.0,0.0
2018-01-11 23:00:00,2018-01-11 23:00,1.03926,0.35229,0.05,0.003,0.63397,0.47043,0.47043,0.0,-0.0
2018-01-12 00:00:00,2018-01-12 00:00,0.93914,0.38315,0.05,0.003,0.50299,0.51164,0.51164,0.0,0.0
2018-01-12 01:00:00,2018-01-12 01:00,0.9118,0.41867,0.05,0.003,0.44013,0.55906,0.55906,0.0,-0.0
2018-01-12 02:00:00,2018-01-12 02:00,0.90146,0.41841,0.05,0.003,0.43005,0.5587,0.5587,0.0,0.0
2018-01-12 03:00:00,2018-01-12 03:00,0.9155,0.43363,0.05,0.003,0.42887,0.57903,0.57903,0.0,0.0
2018-01-12 04:00:00,2018-01-12 04:00,0.91071,0.43435,0.05,0.003,0.42336,0.58,0.58,0.0,0.0
2018-01-12 05:00:00,2018-01-12 05:00,1.22277,0.43363,0.05,0.31956,0.41958,0.57902,0.57902,0.0,0.0
2018-01-12 06:00:00,2018-01-12 06:00,0.98918,0.43793,0.05,0.06018,0.44107,0.58479,0.58479,0.0,0.0
2018-01-12 07:00:00,2018-01-12 07:00,1.37698,0.46509,0.05,0.31034,0.55155,0.62104,0.62104,0.0,-0.0
2018-01-12 08:00:00,2018-01-12 08:00,1.49535,0.44953,0.05,0.39561,0.60021,0.60027,0.60027,0.0,-0.0
2018-01-12 09:00:00,2018-01-12 09:00,1.48498,0.44763,0.05,0.40421,0.58314,0.59773,0.59773,0.0,0.0
2018-01-12 10:00:00,2018-01-12 10:00,1.45415,0.42906,0.05,0.4174,0.55769,0.57293,0.57293,0.0,0.0
2018-01-12 11:00:00,2018-01-12 11:00,1.18063,0.40216,0.05,0.29531,0.43316,0.53702,0.53702,0.0,0.0
2018-01-12 12:00:00,2018-01-12 12:00,0.86028,0.37304,0.05,0.003,0.43424,0.49813,0.49813,0.0,0.0
2018-01-12 13:00:00,2018-01-12 13:00,0.85456,0.36102,0.05,0.003,0.44054,0.48208,0.48208,0.0,0.0
2018-01-12 14:00:00,2018-01-12 14:00,0.83758,0.34391,0.05,0.003,0.44067,0.45924,0.45924,0.0,0.0
2018-01-12 15:00:00,2018-01-12 15:00,0.82481,0.32974,0.05,0.003,0.44207,0.44032,0.44032,0.0,0.0
2018-01-12 16:00:00,2018-01-12 16:00,0.8293,0.33439,0.05,0.003,0.44191,0.44653,0.44653,0.0,0.0
2018-01-12 17:00:00,2018-01-12 17:00,0.891,0.3349,0.05,0.003,0.5031,0.44719,0.44719,0.0,-0.0
2018-01-12 18:00:00,2018-01-12 18:00,1.38445,0.33849,0.05,0.21418,0.78178,0.46324,0.452,0.0,0.01124
2018-01-12 19:00:00,2018-01-12 19:00,3.53671,0.37692,0.05,0.41907,2.69072,0.55016,0.50331,0.0,0.04685
2018-01-12 20:00:00,2018-01-12 20:00,3.71733,0.33931,0.05,0.40992,2.9181,0.51118,0.45308,0.0,0.05809
2018-01-12 21:00:00,2018-01-12 21:00,2.24217,0.3511,0.05,0.4212,1.41987,0.46884,0.46884,0.0,-0.0
2018-01-12 22:00:00,2018-01-12 22:00,1.86265,0.36153,0.05,0.29635,1.15477,0.48276,0.48276,0.0,-0.0
2018-01-12 23:00:00,2018-01-12 23:00,1.15207,0.37017,0.05,0.003,0.7289,0.49431,0.49431,0.0,-0.0
2018-01-13 00:00:00,2018-01-13 00:00,1.15192,0.38172,0.05,0.20682,0.51338,0.50973,0.50973,0.0,-0.0
2018-01-13 01:00:00,2018-01-13 01:00,1.15021,0.39722,0.05,0.26126,0.44173,0.53043,0.53043,0.0,0.0
2018-01-13 02:00:00,2018-01-13 02:00,0.89231,0.408,0.05,0.003,0.43131,0.54481,0.54481,0.0,0.0
2018-01-13 03:00:00,2018-01-13 03:00,0.89847,0.41535,0.05,0.003,0.43012,0.55461,0.55461,0.0,-0.0
2018-01-13 04:00:00,2018-01-13 04:00,0.90362,0.42601,0.05,0.003,0.42461,0.56886,0.56886,0.0,0.0
2018-01-13 05:00:00,2018-01-13 05:00,0.90857,0.43472,0.05,0.003,0.42085,0.58051,0.58051,0.0,0.0
2018-01-13 06:00:00,2018-01-13 06:00,0.92011,0.44446,0.05,0.003,0.42265,0.59349,0.59349,0.0,0.0
2018-01-13 07:00:00,2018-01-13 07:00,0.99451,0.47108,0.05,0.003,0.47043,0.62904,0.62904,0.0,0.0
2018-01-13 08:00:00,2018-01-13 08:00,1.16621,0.45038,0.05,0.10564,0.56019,0.60141,0.60141,0.0,0.0
2018-01-13 09:00:00,2018-01-13 09:00,1.4573,0.44475,0.05,0.42267,0.53988,0.59389,0.59389,0.0,0.0
2018-01-13 10:00:00,2018-01-13 10:00,1.09539,0.41897,0.05,0.07069,0.55573,0.55947,0.55947,0.0,0.0
2018-01-13 11:00:00,2018-01-13 11:00,1.25804,0.38351,0.05,0.10431,0.72022,0.5121,0.5121,0.0,-0.0
2018-01-13 12:00:00,2018-01-13 12:00,1.62951,0.35294,0.05,0.41613,0.81044,0.48253,0.47128,0.0,0.01124
2018-01-13 13:00:00,2018-01-13 13:00,1.50539,0.32928,0.05,0.26708,0.85903,0.45656,0.4397,0.0,0.01686
2018-01-13 14:00:00,2018-01-13 14:00,1.10699,0.31752,0.05,0.003,0.73647,0.42401,0.42401,0.0,0.0
2018-01-13 15:00:00,2018-01-13 15:00,1.07745,0.3023,0.05,0.003,0.72215,0.40366,0.40366,0.0,-0.0
2018-01-13 16:00:00,2018-01-13 16:00,1.54836,0.29789,0.05,0.31285,0.88762,0.39779,0.39779,0.0,0.0
2018-01-13 17:00:00,2018-01-13 17:00,1.7433,0.31326,0.05,0.41515,0.96489,0.4183,0.4183,0.0,-0.0
2018-01-13 18:00:00,2018-01-13 18:00,1.87419,0.32789,0.05,0.42555,1.07075,0.43785,0.43785,0.0,0.0
2018-01-13 19:00:00,2018-01-13 19:00,1.81403,0.35864,0.05,0.18845,1.21694,0.47891,0.47891,0.0,-0.0
2018-01-13 20:00:00,2018-01-13 20:00,1.65636,0.34743,0.05,0.003,1.25593,0.46394,0.46394,0.0,0.0
2018-01-13 21:00:00,2018-01-13 21:00,2.0478,0.35391,0.05,0.40739,1.2365,0.47259,0.47259,0.0,-0.0
2018-01-13 22:00:00,2018-01-13 22:00,1.71057,0.37776,0.05,0.19835,1.08446,0.50442,0.50442,0.0,0.0
2018-01-13 23:00:00,2018-01-13 23:00,1.10726,0.39581,0.05,0.003,0.65845,0.52854,0.52854,0.0,-0.0
2018-01-14 00:00:00,2018-01-14 00:00,0.92366,0.40129,0.05,0.003,0.46937,0.53585,0.53585,0.0,0.0
2018-01-14 01:00:00,2018-01-14 01:00,0.924,0.40663,0.05,0.003,0.46437,0.54297,0.54297,0.0,0.0
2018-01-14 02:00:00,2018-01-14 02:00,0.90857,0.41067,0.05,0.003,0.4449,0.54839,0.54839,0.0,0.0
2018-01-14 03:00:00,2018-01-14 03:00,0.90165,0.41853,0.05,0.003,0.43012,0.55887,0.55887,0.0,0.0
2018-01-14 04:00:00,2018-01-14 04:00,0.91111,0.43349,0.05,0.003,0.42462,0.57885,0.57885,0.0,-0.0
2018-01-14 05:00:00,2018-01-14 05:00,0.90532,0.43148,0.05,0.003,0.42084,0.57617,0.57617,0.0,0.0
2018-01-14 06:00:00,2018-01-14 06:00,0.99983,0.41497,0.05,0.1067,0.42816,0.55412,0.55412,0.0,0.0
2018-01-14 07:00:00,2018-01-14 07:00,1.35977,0.41827,0.05,0.42061,0.47089,0.55851,0.55851,0.0,0.0
2018-01-14 08:00:00,2018-01-14 08:00,0.95339,0.38523,0.05,0.06898,0.44918,0.51441,0.51441,0.0,0.0
2018-01-14 09:00:00,2018-01-14 09:00,0.96633,0.37345,0.05,0.003,0.53988,0.49867,0.49867,0.0,-0.0
2018-01-14 10:00:00,2018-01-14 10:00,1.0325,0.37155,0.05,0.003,0.60795,0.49613,0.49613,0.0,0.0
2018-01-14 11:00:00,2018-01-14 11:00,1.41995,0.35954,0.05,0.4224,0.58801,0.48012,0.48012,0.0,-0.0
2018-01-14 12:00:00,2018-01-14 12:00,1.09112,0.3255,0.05,0.04276,0.67286,0.49274,0.43465,0.0,0.05809
2018-01-14 13:00:00,2018-01-14 13:00,1.49899,0.31507,0.05,0.10291,1.03101,0.42073,0.42073,0.0,-0.0
2018-01-14 14:00:00,2018-01-14 14:00,2.86263,0.30694,0.05,0.3974,2.10829,0.40987,0.40987,0.0,0.0
2018-01-14 15:00:00,2018-01-14 15:00,1.73084,0.29141,0.05,0.41699,0.97244,0.38913,0.38913,0.0,0.0
2018-01-14 16:00:00,2018-01-14 16:00,1.80495,0.28505,0.05,0.43378,1.03612,0.38062,0.38062,0.0,0.0
2018-01-14 17:00:00,2018-01-14 17:00,1.87897,0.27427,0.05,0.419,1.1357,0.36625,0.36625,0.0,0.0
2018-01-14 18:00:00,2018-01-14 18:00,1.56913,0.26726,0.05,0.003,1.24887,0.35688,0.35688,0.0,-0.0
2018-01-14 19:00:00,2018-01-14 19:00,1.85468,0.27987,0.05,0.30786,1.21695,0.37373,0.37373,0.0,-0.0
2018-01-14 20:00:00,2018-01-14 20:00,1.82451,0.25926,0.05,0.25934,1.25591,0.34619,0.34619,0.0,0.0
2018-01-14 21:00:00,2018-01-14 21:00,1.57015,0.25872,0.05,0.003,1.25843,0.34547,0.34547,0.0,-0.0
2018-01-14 22:00:00,2018-01-14 22:00,1.63137,0.28108,0.05,0.003,1.29729,0.37535,0.37535,0.0,-0.0
2018-01-14 23:00:00,2018-01-14 23:00,1.45171,0.30663,0.05,0.20794,0.88714,0.40946,0.40946,0.0,0.0
2018-01-15 00:00:00,2018-01-15 00:00,1.39947,0.31735,0.05,0.4063,0.62582,0.42377,0.42377,0.0,0.0
2018-01-15 01:00:00,2018-01-15 01:00,0.938,0.33035,0.05,0.003,0.55465,0.46923,0.44112,0.0,0.0281
2018-01-15 02:00:00,2018-01-15 02:00,1.06523,0.35519,0.05,0.20774,0.4523,0.47429,0.47429,0.0,0.0
2018-01-15 03:00:00,2018-01-15 03:00,1.26237,0.35903,0.05,0.41064,0.4427,0.47942,0.47942,0.0,-0.0
2018-01-15 04:00:00,2018-01-15 04:00,0.84552,0.36394,0.05,0.003,0.42858,0.48598,0.48598,0.0,0.0
2018-01-15 05:00:00,2018-01-15 05:00,0.84093,0.36836,0.05,0.003,0.41957,0.49187,0.49187,0.0,-0.0
2018-01-15 06:00:00,2018-01-15 06:00,1.19887,0.37819,0.05,0.30957,0.46111,0.505,0.505,0.0,0.0
2018-01-15 07:00:00,2018-01-15 07:00,1.42326,0.40961,0.05,0.41113,0.55252,0.54696,0.54696,0.0,-0.0
2018-01-15 08:00:00,2018-01-15 08:00,1.4628,0.39188,0.05,0.4237,0.59722,0.52327,0.52327,0.0,-0.0
2018-01-15 09:00:00,2018-01-15 09:00,1.4104,0.40836,0.05,0.40867,0.54337,0.54529,0.54529,0.0,-0.0
2018-01-15 10:00:00,2018-01-15 10:00,1.33554,0.41978,0.05,0.39062,0.47514,0.56055,0.56055,0.0,-0.0
2018-01-15 11:00:00,2018-01-15 11:00,0.87465,0.38849,0.05,0.003,0.43316,0.51877,0.51877,0.0,0.0
2018-01-15 12:00:00,2018-01-15 12:00,0.86744,0.3802,0.05,0.003,0.43424,0.50769,0.50769,0.0,0.0
2018-01-15 13:00:00,2018-01-15 13:00,0.87218,0.37863,0.05,0.003,0.44055,0.5056,0.5056,0.0,0.0
2018-01-15 14:00:00,2018-01-15 14:00,0.86785,0.37418,0.05,0.003,0.44067,0.49965,0.49965,0.0,0.0
2018-01-15 15:00:00,2018-01-15 15:00,0.87759,0.38252,0.05,0.003,0.44207,0.51079,0.51079,0.0,0.0
2018-01-15 16:00:00,2018-01-15 16:00,0.86176,0.36687,0.05,0.003,0.44189,0.48988,0.48988,0.0,0.0
2018-01-15 17:00:00,2018-01-15 17:00,0.91019,0.35406,0.05,0.003,0.50313,0.47279,0.47279,0.0,-0.0
2018-01-15 18:00:00,2018-01-15 18:00,1.31279,0.34647,0.05,0.21132,0.705,0.52076,0.46266,0.0,0.05809
2018-01-15 19:00:00,2018-01-15 19:00,1.60211,0.38441,0.05,0.24956,0.91814,0.51331,0.51331,0.0,-0.0
2018-01-15 20:00:00,2018-01-15 20:00,1.41849,0.37127,0.05,0.003,0.99422,0.49577,0.49577,0.0,0.0
2018-01-15 21:00:00,2018-01-15 21:00,1.73787,0.3727,0.05,0.10521,1.20996,0.49767,0.49767,0.0,0.0
2018-01-15 22:00:00,2018-01-15 22:00,2.0953,0.36793,0.05,0.41829,1.25908,0.49129,0.49129,0.0,0.0
2018-01-15 23:00:00,2018-01-15 23:00,1.39767,0.37397,0.05,0.20722,0.76648,0.49938,0.49938,0.0,-0.0
2018-01-16 00:00:00,2018-01-16 00:00,0.92016,0.3841,0.05,0.003,0.48306,0.51291,0.51291,0.0,0.0
2018-01-16 01:00:00,2018-01-16 01:00,0.87827,0.38988,0.05,0.003,0.43539,0.52061,0.52061,0.0,0.0
2018-01-16 02:00:00,2018-01-16 02:00,0.87624,0.39318,0.05,0.003,0.43006,0.52503,0.52503,0.0,0.0
2018-01-16 03:00:00,2018-01-16 03:00,0.87472,0.39285,0.05,0.003,0.42887,0.52459,0.52459,0.0,0.0
2018-01-16 04:00:00,2018-01-16 04:00,0.87021,0.39385,0.05,0.003,0.42336,0.52592,0.52592,0.0,0.0
2018-01-16 05:00:00,2018-01-16 05:00,1.18941,0.39286,0.05,0.30595,0.4406,0.5246,0.5246,0.0,0.0
2018-01-16 06:00:00,2018-01-16 06:00,1.32365,0.39086,0.05,0.40619,0.4766,0.52192,0.52192,0.0,0.0
2018-01-16 07:00:00,2018-01-16 07:00,1.46881,0.41749,0.05,0.41312,0.5882,0.55749,0.55749,0.0,-0.0
2018-01-16 08:00:00,2018-01-16 08:00,1.373,0.39811,0.05,0.40706,0.51783,0.5316,0.5316,0.0,0.0
2018-01-16 09:00:00,2018-01-16 09:00,1.37196,0.39983,0.05,0.40096,0.52117,0.53391,0.53391,0.0,0.0
2018-01-16 10:00:00,2018-01-16 10:00,1.34023,0.39021,0.05,0.41579,0.48423,0.52106,0.52106,0.0,0.0
2018-01-16 11:00:00,2018-01-16 11:00,1.10176,0.36916,0.05,0.24946,0.43314,0.49295,0.49295,0.0,0.0
2018-01-16 12:00:00,2018-01-16 12:00,0.83713,0.34989,0.05,0.003,0.43424,0.46722,0.46722,0.0,-0.0
2018-01-16 13:00:00,2018-01-16 13:00,0.90083,0.3373,0.05,0.003,0.51053,0.45041,0.45041,0.0,0.0
2018-01-16 14:00:00,2018-01-16 14:00,1.14401,0.3344,0.05,0.31896,0.44065,0.44652,0.44652,0.0,-0.0
2018-01-16 15:00:00,2018-01-16 15:00,0.90082,0.32332,0.05,0.06304,0.46446,0.44299,0.43175,0.0,0.01124
2018-01-16 16:00:00,2018-01-16 16:00,0.98159,0.31351,0.05,0.003,0.61508,0.4355,0.41863,0.0,0.01686
2018-01-16 17:00:00,2018-01-16 17:00,1.52443,0.32116,0.05,0.41634,0.73693,0.42886,0.42886,0.0,0.0
2018-01-16 18:00:00,2018-01-16 18:00,1.70324,0.3282,0.05,0.35294,0.9721,0.44949,0.43824,0.0,0.01124
2018-01-16 19:00:00,2018-01-16 19:00,1.68862,0.34809,0.05,0.003,1.28753,0.49292,0.46481,0.0,0.0281
2018-01-16 20:00:00,2018-01-16 20:00,1.62595,0.33863,0.05,0.003,1.23432,0.46905,0.45218,0.0,0.01686
2018-01-16 21:00:00,2018-01-16 21:00,1.70033,0.35309,0.05,0.003,1.29424,0.47149,0.47149,0.0,-0.0
2018-01-16 22:00:00,2018-01-16 22:00,1.80255,0.36309,0.05,0.10457,1.28489,0.48483,0.48483,0.0,-0.0
2018-01-16 23:00:00,2018-01-16 23:00,2.40063,0.38858,0.05,0.34755,1.6145,0.5189,0.5189,0.0,0.0
2018-01-17 00:00:00,2018-01-17 00:00,3.087,0.41475,0.05,0.003,2.61925,0.55383,0.55383,0.0,-0.0
2018-01-17 01:00:00,2018-01-17 01:00,1.42305,0.39644,0.05,0.003,0.97361,0.52937,0.52937,0.0,0.0
2018-01-17 02:00:00,2018-01-17 02:00,0.87689,0.39382,0.05,0.003,0.43007,0.52589,0.52589,0.0,-0.0
2018-01-17 03:00:00,2018-01-17 03:00,0.87698,0.39511,0.05,0.003,0.42887,0.52761,0.52761,0.0,0.0
2018-01-17 04:00:00,2018-01-17 04:00,0.86861,0.39225,0.05,0.003,0.42336,0.52378,0.52378,0.0,0.0
2018-01-17 05:00:00,2018-01-17 05:00,1.0697,0.38896,0.05,0.21114,0.4196,0.5194,0.5194,0.0,-0.0
2018-01-17 06:00:00,2018-01-17 06:00,1.23554,0.38237,0.05,0.3621,0.44107,0.51059,0.51059,0.0,0.0
2018-01-17 07:00:00,2018-01-17 07:00,1.14024,0.39804,0.05,0.10361,0.58859,0.5315,0.5315,0.0,0.0
2018-01-17 08:00:00,2018-01-17 08:00,1.52529,0.3506,0.05,0.38701,0.73768,0.52626,0.46816,0.0,0.05809
2018-01-17 09:00:00,2018-01-17 09:00,1.39047,0.3557,0.05,0.37595,0.60882,0.47498,0.47498,0.0,0.0
2018-01-17 10:00:00,2018-01-17 10:00,1.25403,0.34988,0.05,0.37902,0.47513,0.4672,0.4672,0.0,-0.0
2018-01-17 11:00:00,2018-01-17 11:00,1.24341,0.32946,0.05,0.41029,0.45366,0.45117,0.43993,0.0,0.01124
2018-01-17 12:00:00,2018-01-17 12:00,1.31779,0.2916,0.05,0.43154,0.54465,0.40625,0.38939,0.0,0.01686
2018-01-17 13:00:00,2018-01-17 13:00,1.21094,0.27032,0.05,0.43606,0.45456,0.36097,0.36097,0.0,-0.0
2018-01-17 14:00:00,2018-01-17 14:00,0.758,0.25243,0.05,0.0149,0.44067,0.33708,0.33708,0.0,0.0
2018-01-17 15:00:00,2018-01-17 15:00,0.741,0.24594,0.05,0.003,0.44206,0.32841,0.32841,0.0,-0.0
2018-01-17 16:00:00,2018-01-17 16:00,0.72846,0.23357,0.05,0.003,0.44189,0.31189,0.31189,0.0,0.0
2018-01-17 17:00:00,2018-01-17 17:00,0.974,0.20272,0.05,0.003,0.71828,0.32881,0.27072,0.0,0.05809
2018-01-17 18:00:00,2018-01-17 18:00,1.41678,0.21868,0.05,0.31982,0.82828,0.29201,0.29201,0.0,-0.0
2018-01-17 19:00:00,2018-01-17 19:00,1.65971,0.23047,0.05,0.42831,0.95093,0.30775,0.30775,0.0,0.0
2018-01-17 20:00:00,2018-01-17 20:00,1.54802,0.21376,0.05,0.0786,1.20566,0.28544,0.28544,0.0,0.0
2018-01-17 21:00:00,2018-01-17 21:00,1.71685,0.20637,0.05,0.003,1.45748,0.27557,0.27557,0.0,0.0
2018-01-17 22:00:00,2018-01-17 22:00,1.38217,0.2134,0.05,0.003,1.11577,0.28497,0.28497,0.0,0.0
2018-01-17 23:00:00,2018-01-17 23:00,0.90488,0.22467,0.05,0.003,0.62721,0.30001,0.30001,0.0,-0.0
2018-01-18 00:00:00,2018-01-18 00:00,0.93895,0.23722,0.05,0.21207,0.43966,0.31677,0.31677,0.0,0.0
2018-01-18 01:00:00,2018-01-18 01:00,0.88984,0.24044,0.05,0.16402,0.43538,0.32105,0.32105,0.0,0.0
2018-01-18 02:00:00,2018-01-18 02:00,0.72768,0.24461,0.05,0.003,0.43007,0.32664,0.32664,0.0,0.0
2018-01-18 03:00:00,2018-01-18 03:00,0.72881,0.24693,0.05,0.003,0.42888,0.32974,0.32974,0.0,0.0
2018-01-18 04:00:00,2018-01-18 04:00,0.72029,0.24249,0.05,0.003,0.4248,0.32381,0.32381,0.0,0.0
2018-01-18 05:00:00,2018-01-18 05:00,0.72046,0.23804,0.05,0.003,0.42942,0.31787,0.31787,0.0,-0.0
2018-01-18 06:00:00,2018-01-18 06:00,0.92953,0.2376,0.05,0.20785,0.43408,0.31726,0.31726,0.0,0.0
2018-01-18 07:00:00,2018-01-18 07:00,1.23565,0.25861,0.05,0.41355,0.51349,0.34532,0.34532,0.0,-0.0
2018-01-18 08:00:00,2018-01-18 08:00,1.09247,0.2584,0.05,0.34553,0.43854,0.34505,0.34505,0.0,0.0
2018-01-18 09:00:00,2018-01-18 09:00,0.75519,0.25005,0.05,0.003,0.45214,0.3339,0.3339,0.0,0.0
2018-01-18 10:00:00,2018-01-18 10:00,0.80357,0.2297,0.05,0.003,0.52087,0.30674,0.30674,0.0,0.0
2018-01-18 11:00:00,2018-01-18 11:00,0.69551,0.20936,0.05,0.003,0.43315,0.27957,0.27957,0.0,0.0
2018-01-18 12:00:00,2018-01-18 12:00,0.66697,0.17973,0.05,0.003,0.43424,0.24,0.24,0.0,0.0
2018-01-18 13:00:00,2018-01-18 13:00,0.65346,0.15991,0.05,0.003,0.44055,0.21353,0.21353,0.0,0.0
2018-01-18 14:00:00,2018-01-18 14:00,0.64029,0.14663,0.05,0.003,0.44066,0.19579,0.19579,0.0,0.0
2018-01-18 15:00:00,2018-01-18 15:00,1.08626,0.1361,0.05,0.43341,0.46675,0.18174,0.18174,0.0,-0.0
2018-01-18 16:00:00,2018-01-18 16:00,0.79505,0.13841,0.05,0.095,0.51164,0.18482,0.18482,0.0,0.0
2018-01-18 17:00:00,2018-01-18 17:00,1.17557,0.13731,0.05,0.30726,0.681,0.18334,0.18334,0.0,0.0
2018-01-18 18:00:00,2018-01-18 18:00,1.60938,0.12602,0.05,0.42191,1.01145,0.19638,0.16828,0.0,0.0281
2018-01-18 19:00:00,2018-01-18 19:00,1.44289,0.14734,0.05,0.22597,1.01958,0.208,0.19676,0.0,0.01124
2018-01-18 20:00:00,2018-01-18 20:00,1.48186,0.10648,0.05,0.003,1.32238,0.2471,0.14218,0.0,0.10491
2018-01-18 21:00:00,2018-01-18 21:00,1.40932,0.14637,0.05,0.003,1.20995,0.19543,0.19543,0.0,-0.0
2018-01-18 22:00:00,2018-01-18 22:00,1.55305,0.15224,0.05,0.1063,1.24451,0.20328,0.20328,0.0,-0.0
2018-01-18 23:00:00,2018-01-18 23:00,1.38534,0.16641,0.05,0.43126,0.73767,0.22222,0.22222,0.0,0.0
2018-01-19 00:00:00,2018-01-19 00:00,0.79553,0.17623,0.05,0.12965,0.43965,0.23532,0.23532,0.0,-0.0
2018-01-19 01:00:00,2018-01-19 01:00,0.66928,0.1809,0.05,0.003,0.43538,0.24155,0.24155,0.0,0.0
2018-01-19 02:00:00,2018-01-19 02:00,0.66624,0.18317,0.05,0.003,0.43007,0.24459,0.24459,0.0,-0.0
2018-01-19 03:00:00,2018-01-19 03:00,0.66684,0.18497,0.05,0.003,0.42887,0.24699,0.24699,0.0,0.0
2018-01-19 04:00:00,2018-01-19 04:00,0.66141,0.18505,0.05,0.003,0.42336,0.24711,0.24711,0.0,0.0
2018-01-19 05:00:00,2018-01-19 05:00,0.66001,0.18742,0.05,0.003,0.41959,0.25026,0.25026,0.0,0.0
2018-01-19 06:00:00,2018-01-19 06:00,0.6629,0.18849,0.05,0.003,0.42141,0.2517,0.2517,0.0,0.0
2018-01-19 07:00:00,2018-01-19 07:00,0.7322,0.20222,0.05,0.003,0.47698,0.27003,0.27003,0.0,-0.0
2018-01-19 08:00:00,2018-01-19 08:00,1.15866,0.18828,0.05,0.32314,0.59724,0.25143,0.25143,0.0,-0.0
2018-01-19 09:00:00,2018-01-19 09:00,1.07483,0.1898,0.05,0.26987,0.56516,0.25345,0.25345,0.0,0.0
2018-01-19 10:00:00,2018-01-19 10:00,0.8766,0.1911,0.05,0.10527,0.53023,0.25518,0.25518,0.0,0.0
2018-01-19 11:00:00,2018-01-19 11:00,1.16999,0.18198,0.05,0.41208,0.52593,0.243,0.243,0.0,0.0
2018-01-19 12:00:00,2018-01-19 12:00,1.13668,0.18482,0.05,0.43023,0.47163,0.24679,0.24679,0.0,0.0
2018-01-19 13:00:00,2018-01-19 13:00,0.72598,0.17963,0.05,0.0558,0.44055,0.23987,0.23987,0.0,0.0
2018-01-19 14:00:00,2018-01-19 14:00,0.64687,0.1532,0.05,0.003,0.44067,0.20457,0.20457,0.0,0.0
2018-01-19 15:00:00,2018-01-19 15:00,0.63125,0.1362,0.05,0.003,0.44205,0.18187,0.18187,0.0,0.0
2018-01-19 16:00:00,2018-01-19 16:00,0.6227,0.12782,0.05,0.003,0.44188,0.17068,0.17068,0.0,0.0
2018-01-19 17:00:00,2018-01-19 17:00,0.64391,0.12265,0.05,0.003,0.46826,0.16377,0.16377,0.0,-0.0
2018-01-19 18:00:00,2018-01-19 18:00,1.29636,0.11722,0.05,0.31611,0.81303,0.16777,0.15653,0.0,0.01124
2018-01-19 19:00:00,2018-01-19 19:00,1.53533,0.12731,0.05,0.39023,0.96779,0.18686,0.17,0.0,0.01686
2018-01-19 20:00:00,2018-01-19 20:00,1.3562,0.12283,0.05,0.003,1.18037,0.16402,0.16402,0.0,0.0
2018-01-19 21:00:00,2018-01-19 21:00,1.44885,0.12298,0.05,0.003,1.27287,0.16422,0.16422,0.0,-0.0
2018-01-19 22:00:00,2018-01-19 22:00,1.36754,0.12625,0.05,0.10777,1.08352,0.16858,0.16858,0.0,0.0
2018-01-19 23:00:00,2018-01-19 23:00,1.34052,0.13535,0.05,0.36749,0.78768,0.18073,0.18073,0.0,0.0
2018-01-20 00:00:00,2018-01-20 00:00,0.76227,0.14534,0.05,0.003,0.56393,0.19407,0.19407,0.0,-0.0
2018-01-20 01:00:00,2018-01-20 01:00,0.67054,0.1501,0.05,0.003,0.46744,0.20043,0.20043,0.0,-0.0
2018-01-20 02:00:00,2018-01-20 02:00,0.63852,0.1542,0.05,0.003,0.43132,0.2059,0.2059,0.0,0.0
2018-01-20 03:00:00,2018-01-20 03:00,0.64606,0.16294,0.05,0.003,0.43012,0.21759,0.21759,0.0,-0.0
2018-01-20 04:00:00,2018-01-20 04:00,0.65086,0.17325,0.05,0.003,0.42461,0.23135,0.23135,0.0,0.0
2018-01-20 05:00:00,2018-01-20 05:00,0.65316,0.17932,0.05,0.003,0.42084,0.23946,0.23946,0.0,-0.0
2018-01-20 06:00:00,2018-01-20 06:00,0.65509,0.17944,0.05,0.003,0.42265,0.2396,0.2396,0.0,0.0
2018-01-20 07:00:00,2018-01-20 07:00,0.71329,0.19769,0.05,0.003,0.4626,0.26399,0.26399,0.0,0.0
2018-01-20 08:00:00,2018-01-20 08:00,0.919,0.18674,0.05,0.22184,0.46042,0.2606,0.24936,0.0,0.01124
2018-01-20 09:00:00,2018-01-20 09:00,1.00523,0.16276,0.05,0.08983,0.70264,0.26419,0.21734,0.0,0.04685
2018-01-20 10:00:00,2018-01-20 10:00,1.19881,0.16061,0.05,0.32254,0.66566,0.21446,0.21446,0.0,-0.0
2018-01-20 11:00:00,2018-01-20 11:00,1.04968,0.14445,0.05,0.20116,0.65407,0.19289,0.19289,0.0,-0.0
2018-01-20 12:00:00,2018-01-20 12:00,1.16574,0.13387,0.05,0.32218,0.65969,0.17876,0.17876,0.0,-0.0
2018-01-20 13:00:00,2018-01-20 13:00,0.97905,0.12406,0.05,0.10997,0.69502,0.16566,0.16566,0.0,0.0
2018-01-20 14:00:00,2018-01-20 14:00,1.30762,0.10956,0.05,0.21445,0.93361,0.14629,0.14629,0.0,0.0
2018-01-20 15:00:00,2018-01-20 15:00,1.47053,0.09953,0.05,0.32573,0.99527,0.13291,0.13291,0.0,-0.0
2018-01-20 16:00:00,2018-01-20 16:00,2.15285,0.09788,0.05,0.003,2.00197,0.13071,0.13071,0.0,0.0
2018-01-20 17:00:00,2018-01-20 17:00,3.48924,0.10347,0.05,0.1075,3.22827,0.14942,0.13818,0.0,0.01124
2018-01-20 18:00:00,2018-01-20 18:00,1.75725,0.0901,0.05,0.3281,1.28905,0.13717,0.12031,0.0,0.01686
2018-01-20 19:00:00,2018-01-20 19:00,1.53276,0.11145,0.05,0.003,1.36831,0.14882,0.14882,0.0,0.0
2018-01-20 20:00:00,2018-01-20 20:00,1.70967,0.10601,0.05,0.20622,1.34744,0.14155,0.14155,0.0,0.0
2018-01-20 21:00:00,2018-01-20 21:00,2.05962,0.1042,0.05,0.41316,1.49226,0.13915,0.13915,0.0,0.0
2018-01-20 22:00:00,2018-01-20 22:00,1.90301,0.11386,0.05,0.44186,1.29729,0.15204,0.15204,0.0,0.0
2018-01-20 23:00:00,2018-01-20 23:00,1.09874,0.12627,0.05,0.03533,0.88714,0.16861,0.16861,0.0,0.0
2018-01-21 00:00:00,2018-01-21 00:00,1.20417,0.1369,0.05,0.43003,0.58724,0.1828,0.1828,0.0,0.0
2018-01-21 01:00:00,2018-01-21 01:00,0.69493,0.14113,0.05,0.003,0.5008,0.18846,0.18846,0.0,0.0
2018-01-21 02:00:00,2018-01-21 02:00,0.96302,0.14691,0.05,0.31445,0.45166,0.19616,0.19616,0.0,-0.0
2018-01-21 03:00:00,2018-01-21 03:00,1.06265,0.1481,0.05,0.42491,0.43964,0.19776,0.19776,0.0,0.0
2018-01-21 04:00:00,2018-01-21 04:00,0.62921,0.1516,0.05,0.003,0.42461,0.20244,0.20244,0.0,0.0
2018-01-21 05:00:00,2018-01-21 05:00,0.62838,0.15454,0.05,0.003,0.42084,0.20636,0.20636,0.0,-0.0
2018-01-21 06:00:00,2018-01-21 06:00,0.63032,0.15465,0.05,0.003,0.42267,0.20651,0.20651,0.0,0.0
2018-01-21 07:00:00,2018-01-21 07:00,0.6978,0.16313,0.05,0.003,0.48167,0.22906,0.21782,0.0,0.01124
2018-01-21 08:00:00,2018-01-21 08:00,0.76557,0.13571,0.05,0.003,0.57686,0.22806,0.18121,0.0,0.04685
2018-01-21 09:00:00,2018-01-21 09:00,0.95175,0.14648,0.05,0.10889,0.64638,0.1956,0.1956,0.0,0.0
2018-01-21 10:00:00,2018-01-21 10:00,1.37113,0.14055,0.05,0.43655,0.74403,0.18769,0.18769,0.0,-0.0
2018-01-21 11:00:00,2018-01-21 11:00,0.95257,0.13953,0.05,0.10896,0.65408,0.18632,0.18632,0.0,-0.0
2018-01-21 12:00:00,2018-01-21 12:00,0.75464,0.1373,0.05,0.003,0.56434,0.18334,0.18334,0.0,0.0
2018-01-21 13:00:00,2018-01-21 13:00,1.08047,0.13313,0.05,0.32898,0.56836,0.17777,0.17777,0.0,0.0
2018-01-21 14:00:00,2018-01-21 14:00,0.90357,0.12968,0.05,0.03631,0.68758,0.17317,0.17317,0.0,0.0
2018-01-21 15:00:00,2018-01-21 15:00,0.89125,0.13065,0.05,0.003,0.7076,0.17447,0.17447,0.0,0.0
2018-01-21 16:00:00,2018-01-21 16:00,1.15342,0.13489,0.05,0.3189,0.64963,0.18012,0.18012,0.0,0.0
2018-01-21 17:00:00,2018-01-21 17:00,1.25165,0.13849,0.05,0.4407,0.62246,0.18492,0.18492,0.0,-0.0
2018-01-21 18:00:00,2018-01-21 18:00,1.18079,0.14012,0.05,0.20012,0.79055,0.1871,0.1871,0.0,0.0
2018-01-21 19:00:00,2018-01-21 19:00,1.39081,0.14894,0.05,0.21071,0.98116,0.19888,0.19888,0.0,-0.0
2018-01-21 20:00:00,2018-01-21 20:00,1.633,0.13587,0.05,0.29539,1.15174,0.18142,0.18142,0.0,0.0
2018-01-21 21:00:00,2018-01-21 21:00,1.57108,0.12965,0.05,0.003,1.38843,0.17313,0.17313,0.0,0.0
2018-01-21 22:00:00,2018-01-21 22:00,1.7975,0.13198,0.05,0.42818,1.18734,0.17623,0.17623,0.0,0.0
2018-01-21 23:00:00,2018-01-21 23:00,1.29005,0.13861,0.05,0.2143,0.88714,0.18509,0.18509,0.0,-0.0
2018-01-22 00:00:00,2018-01-22 00:00,0.78705,0.14737,0.05,0.003,0.58668,0.19679,0.19679,0.0,0.0
2018-01-22 01:00:00,2018-01-22 01:00,0.70638,0.15803,0.05,0.003,0.49535,0.21102,0.21102,0.0,0.0
2018-01-22 02:00:00,2018-01-22 02:00,0.88107,0.16838,0.05,0.21343,0.44926,0.22485,0.22485,0.0,-0.0
2018-01-22 03:00:00,2018-01-22 03:00,1.0364,0.1796,0.05,0.37242,0.43438,0.23982,0.23982,0.0,0.0
2018-01-22 04:00:00,2018-01-22 04:00,0.6585,0.18068,0.05,0.003,0.42482,0.24128,0.24128,0.0,0.0
2018-01-22 05:00:00,2018-01-22 05:00,0.6546,0.17979,0.05,0.003,0.42181,0.24007,0.24007,0.0,-0.0
2018-01-22 06:00:00,2018-01-22 06:00,0.98433,0.18233,0.05,0.32487,0.42713,0.24346,0.24346,0.0,0.0
2018-01-22 07:00:00,2018-01-22 07:00,1.11835,0.20579,0.05,0.37808,0.48448,0.2748,0.2748,0.0,-0.0
2018-01-22 08:00:00,2018-01-22 08:00,0.68976,0.19822,0.05,0.003,0.43854,0.26469,0.26469,0.0,0.0
2018-01-22 09:00:00,2018-01-22 09:00,0.78284,0.18446,0.05,0.003,0.54538,0.27442,0.24631,0.0,0.0281
2018-01-22 10:00:00,2018-01-22 10:00,0.77968,0.19645,0.05,0.003,0.53023,0.26232,0.26232,0.0,-0.0
2018-01-22 11:00:00,2018-01-22 11:00,1.27292,0.19869,0.05,0.41928,0.60495,0.26532,0.26532,0.0,0.0
2018-01-22 12:00:00,2018-01-22 12:00,1.21035,0.20693,0.05,0.42104,0.53238,0.27633,0.27633,0.0,-0.0
2018-01-22 13:00:00,2018-01-22 13:00,0.98088,0.21452,0.05,0.27581,0.44055,0.28646,0.28646,0.0,0.0
2018-01-22 14:00:00,2018-01-22 14:00,0.69206,0.1984,0.05,0.003,0.44066,0.26493,0.26493,0.0,-0.0
2018-01-22 15:00:00,2018-01-22 15:00,0.6996,0.20454,0.05,0.003,0.44206,0.27312,0.27312,0.0,0.0
2018-01-22 16:00:00,2018-01-22 16:00,0.71043,0.21551,0.05,0.003,0.44192,0.28779,0.28779,0.0,0.0
2018-01-22 17:00:00,2018-01-22 17:00,0.72516,0.22158,0.05,0.003,0.45058,0.29588,0.29588,0.0,-0.0
2018-01-22 18:00:00,2018-01-22 18:00,0.76697,0.2262,0.05,0.003,0.48777,0.30205,0.30205,0.0,-0.0
2018-01-22 19:00:00,2018-01-22 19:00,1.43507,0.22555,0.05,0.4302,0.72932,0.30117,0.30117,0.0,0.0
2018-01-22 20:00:00,2018-01-22 20:00,1.7329,0.20113,0.05,0.32735,1.15442,0.27982,0.26858,0.0,0.01124
2018-01-22 21:00:00,2018-01-22 21:00,1.59718,0.19164,0.05,0.003,1.35254,0.27276,0.2559,0.0,0.01686
2018-01-22 22:00:00,2018-01-22 22:00,1.13473,0.20314,0.05,0.003,0.87859,0.27125,0.27125,0.0,0.0
2018-01-22 23:00:00,2018-01-22 23:00,0.71856,0.21473,0.05,0.003,0.45083,0.28673,0.28673,0.0,0.0
2018-01-23 00:00:00,2018-01-23 00:00,0.70429,0.21164,0.05,0.003,0.43965,0.28261,0.28261,0.0,0.0
2018-01-23 01:00:00,2018-01-23 01:00,0.69987,0.2115,0.05,0.003,0.43537,0.28241,0.28241,0.0,0.0
2018-01-23 02:00:00,2018-01-23 02:00,0.69216,0.2091,0.05,0.003,0.43006,0.27921,0.27921,0.0,0.0
2018-01-23 03:00:00,2018-01-23 03:00,0.75086,0.19333,0.05,0.003,0.50453,0.3256,0.25815,0.0,0.06745
2018-01-23 04:00:00,2018-01-23 04:00,1.14882,0.1818,0.05,0.3793,0.53772,0.35519,0.24277,0.0,0.11242
2018-01-23 05:00:00,2018-01-23 05:00,0.7205,0.21511,0.05,0.003,0.45239,0.30972,0.28724,0.0,0.02248
2018-01-23 06:00:00,2018-01-23 06:00,1.1702,0.23355,0.05,0.42846,0.45819,0.31186,0.31186,0.0,0.0
2018-01-23 07:00:00,2018-01-23 07:00,1.35814,0.25205,0.05,0.42648,0.62961,0.34781,0.33657,0.0,0.01124
2018-01-23 08:00:00,2018-01-23 08:00,1.40493,0.23601,0.05,0.42565,0.69327,0.332,0.31514,0.0,0.01686
2018-01-23 09:00:00,2018-01-23 09:00,1.34749,0.2449,0.05,0.42158,0.63101,0.32702,0.32702,0.0,0.0
2018-01-23 10:00:00,2018-01-23 10:00,1.33998,0.23638,0.05,0.43123,0.62237,0.31564,0.31564,0.0,-0.0
2018-01-23 11:00:00,2018-01-23 11:00,1.31989,0.22265,0.05,0.4283,0.61894,0.29732,0.29732,0.0,0.0
2018-01-23 12:00:00,2018-01-23 12:00,1.14475,0.21156,0.05,0.31809,0.5651,0.28249,0.28249,0.0,-0.0
2018-01-23 13:00:00,2018-01-23 13:00,0.78971,0.20241,0.05,0.003,0.5343,0.27029,0.27029,0.0,0.0
2018-01-23 14:00:00,2018-01-23 14:00,0.87852,0.18557,0.05,0.1054,0.53755,0.2478,0.2478,0.0,0.0
2018-01-23 15:00:00,2018-01-23 15:00,1.01124,0.16899,0.05,0.33538,0.45687,0.22565,0.22565,0.0,0.0
2018-01-23 16:00:00,2018-01-23 16:00,0.6624,0.16749,0.05,0.003,0.44191,0.22366,0.22366,0.0,0.0
2018-01-23 17:00:00,2018-01-23 17:00,0.82485,0.17108,0.05,0.003,0.60077,0.22845,0.22845,0.0,0.0
2018-01-23 18:00:00,2018-01-23 18:00,2.58915,0.17982,0.05,0.10583,2.2535,0.24011,0.24011,0.0,0.0
2018-01-23 19:00:00,2018-01-23 19:00,2.01926,0.19597,0.05,0.42462,1.34867,0.27292,0.26168,0.0,0.01124
2018-01-23 20:00:00,2018-01-23 20:00,1.99529,0.15938,0.05,0.43434,1.35157,0.25968,0.21283,0.0,0.04685
2018-01-23 21:00:00,2018-01-23 21:00,1.63104,0.17538,0.05,0.03235,1.37331,0.2342,0.2342,0.0,-0.0
2018-01-23 22:00:00,2018-01-23 22:00,1.20768,0.19314,0.05,0.003,0.96154,0.25791,0.25791,0.0,-0.0
2018-01-23 23:00:00,2018-01-23 23:00,0.98192,0.20657,0.05,0.003,0.72235,0.27583,0.27583,0.0,0.0
2018-01-24 00:00:00,2018-01-24 00:00,0.77248,0.21973,0.05,0.003,0.49975,0.2934,0.2934,0.0,-0.0
2018-01-24 01:00:00,2018-01-24 01:00,0.72031,0.23193,0.05,0.003,0.43538,0.30969,0.30969,0.0,0.0
2018-01-24 02:00:00,2018-01-24 02:00,0.72146,0.23838,0.05,0.003,0.43008,0.31833,0.31833,0.0,0.0
2018-01-24 03:00:00,2018-01-24 03:00,0.72866,0.24678,0.05,0.003,0.42888,0.32954,0.32954,0.0,-0.0
2018-01-24 04:00:00,2018-01-24 04:00,0.72896,0.2526,0.05,0.003,0.42336,0.3373,0.3373,0.0,0.0
2018-01-24 05:00:00,2018-01-24 05:00,0.8349,0.25379,0.05,0.1088,0.42231,0.33889,0.33889,0.0,-0.0
2018-01-24 06:00:00,2018-01-24 06:00,1.19657,0.25201,0.05,0.43637,0.45819,0.3365,0.3365,0.0,0.0
2018-01-24 07:00:00,2018-01-24 07:00,0.97049,0.24336,0.05,0.0086,0.66853,0.38305,0.32496,0.0,0.05809
2018-01-24 08:00:00,2018-01-24 08:00,1.30899,0.24147,0.05,0.41162,0.6059,0.32244,0.32244,0.0,0.0
2018-01-24 09:00:00,2018-01-24 09:00,1.29249,0.24025,0.05,0.40231,0.59993,0.32082,0.32082,0.0,0.0
2018-01-24 10:00:00,2018-01-24 10:00,1.22047,0.23092,0.05,0.40932,0.53023,0.30834,0.30834,0.0,0.0
2018-01-24 11:00:00,2018-01-24 11:00,1.20413,0.22026,0.05,0.40794,0.52593,0.29411,0.29411,0.0,-0.0
2018-01-24 12:00:00,2018-01-24 12:00,1.14591,0.21554,0.05,0.40873,0.47164,0.28781,0.28781,0.0,0.0
2018-01-24 13:00:00,2018-01-24 13:00,1.13084,0.20887,0.05,0.43142,0.44055,0.27891,0.27891,0.0,-0.0
2018-01-24 14:00:00,2018-01-24 14:00,0.80234,0.20265,0.05,0.10902,0.44067,0.27061,0.27061,0.0,0.0
2018-01-24 15:00:00,2018-01-24 15:00,0.75213,0.19641,0.05,0.003,0.50272,0.26227,0.26227,0.0,-0.0
2018-01-24 16:00:00,2018-01-24 16:00,0.87333,0.19412,0.05,0.003,0.62621,0.25921,0.25921,0.0,-0.0
2018-01-24 17:00:00,2018-01-24 17:00,0.98165,0.19173,0.05,0.003,0.73692,0.25602,0.25602,0.0,0.0
2018-01-24 18:00:00,2018-01-24 18:00,1.11019,0.17079,0.05,0.003,0.8864,0.28617,0.22808,0.0,0.05809
2018-01-24 19:00:00,2018-01-24 19:00,1.59673,0.18991,0.05,0.11019,1.24663,0.28171,0.2536,0.0,0.0281
2018-01-24 20:00:00,2018-01-24 20:00,2.11327,0.18317,0.05,0.43909,1.44101,0.24458,0.24458,0.0,0.0
2018-01-24 21:00:00,2018-01-24 21:00,1.4896,0.19183,0.05,0.03782,1.20995,0.25614,0.25614,0.0,0.0
2018-01-24 22:00:00,2018-01-24 22:00,1.3211,0.19925,0.05,0.003,1.06885,0.26607,0.26607,0.0,-0.0
2018-01-24 23:00:00,2018-01-24 23:00,1.29408,0.20505,0.05,0.31668,0.72235,0.27381,0.27381,0.0,-0.0
2018-01-25 00:00:00,2018-01-25 00:00,1.02452,0.20647,0.05,0.26505,0.503,0.2757,0.2757,0.0,0.0
2018-01-25 01:00:00,2018-01-25 01:00,0.72759,0.20849,0.05,0.003,0.4661,0.2784,0.2784,0.0,-0.0
2018-01-25 02:00:00,2018-01-25 02:00,0.71182,0.20956,0.05,0.003,0.44926,0.27983,0.27983,0.0,-0.0
2018-01-25 03:00:00,2018-01-25 03:00,1.02155,0.20891,0.05,0.32129,0.44135,0.27897,0.27897,0.0,0.0
2018-01-25 04:00:00,2018-01-25 04:00,0.75804,0.21003,0.05,0.07465,0.42336,0.28046,0.28046,0.0,-0.0
2018-01-25 05:00:00,2018-01-25 05:00,0.68941,0.21315,0.05,0.003,0.42326,0.28463,0.28463,0.0,0.0
2018-01-25 06:00:00,2018-01-25 06:00,0.6949,0.21477,0.05,0.003,0.42713,0.28678,0.28678,0.0,0.0
2018-01-25 07:00:00,2018-01-25 07:00,1.01112,0.22686,0.05,0.21287,0.52139,0.30294,0.30294,0.0,-0.0
2018-01-25 08:00:00,2018-01-25 08:00,1.09219,0.19361,0.05,0.27266,0.57592,0.31663,0.25853,0.0,0.05809
2018-01-25 09:00:00,2018-01-25 09:00,0.94974,0.21137,0.05,0.21067,0.4777,0.28223,0.28223,0.0,0.0
2018-01-25 10:00:00,2018-01-25 10:00,0.92115,0.21445,0.05,0.21808,0.43862,0.28636,0.28636,0.0,0.0
2018-01-25 11:00:00,2018-01-25 11:00,0.71184,0.21644,0.05,0.003,0.4424,0.28901,0.28901,0.0,-0.0
2018-01-25 12:00:00,2018-01-25 12:00,0.99725,0.20994,0.05,0.20953,0.52778,0.28033,0.28033,0.0,-0.0
2018-01-25 13:00:00,2018-01-25 13:00,1.23938,0.20624,0.05,0.42555,0.55759,0.2754,0.2754,0.0,0.0
2018-01-25 14:00:00,2018-01-25 14:00,1.22325,0.20596,0.05,0.42972,0.53757,0.27504,0.27504,0.0,-0.0
2018-01-25 15:00:00,2018-01-25 15:00,1.0255,0.20517,0.05,0.28863,0.4817,0.27396,0.27396,0.0,-0.0
2018-01-25 16:00:00,2018-01-25 16:00,0.70483,0.20993,0.05,0.003,0.4419,0.28032,0.28032,0.0,0.0
2018-01-25 17:00:00,2018-01-25 17:00,0.77617,0.22005,0.05,0.003,0.50312,0.29383,0.29383,0.0,-0.0
2018-01-25 18:00:00,2018-01-25 18:00,1.23476,0.18185,0.05,0.10557,0.89734,0.33839,0.24283,0.0,0.09556
2018-01-25 19:00:00,2018-01-25 19:00,1.6558,0.20914,0.05,0.42512,0.97154,0.29987,0.27927,0.0,0.0206
2018-01-25 20:00:00,2018-01-25 20:00,1.26919,0.20364,0.05,0.25747,0.75808,0.27193,0.27193,0.0,0.0
2018-01-25 21:00:00,2018-01-25 21:00,1.25398,0.19208,0.05,0.003,1.0089,0.25649,0.25649,0.0,0.0
2018-01-25 22:00:00,2018-01-25 22:00,1.31172,0.18986,0.05,0.003,1.06886,0.25353,0.25353,0.0,0.0
2018-01-25 23:00:00,2018-01-25 23:00,0.92945,0.19781,0.05,0.003,0.67864,0.26413,0.26413,0.0,-0.0
2018-01-26 00:00:00,2018-01-26 00:00,0.69002,0.19737,0.05,0.003,0.43965,0.26355,0.26355,0.0,0.0
2018-01-26 01:00:00,2018-01-26 01:00,0.69373,0.20345,0.05,0.003,0.43728,0.27167,0.27167,0.0,0.0
2018-01-26 02:00:00,2018-01-26 02:00,0.91438,0.19999,0.05,0.2137,0.45069,0.26705,0.26705,0.0,-0.0
2018-01-26 03:00:00,2018-01-26 03:00,0.93725,0.19231,0.05,0.23932,0.45562,0.25681,0.25681,0.0,0.0
2018-01-26 04:00:00,2018-01-26 04:00,0.67305,0.18489,0.05,0.003,0.43516,0.24688,0.24688,0.0,0.0
2018-01-26 05:00:00,2018-01-26 05:00,0.64449,0.17189,0.05,0.003,0.4196,0.22954,0.22954,0.0,-0.0
2018-01-26 06:00:00,2018-01-26 06:00,0.64293,0.16279,0.05,0.003,0.42714,0.21738,0.21738,0.0,-0.0
2018-01-26 07:00:00,2018-01-26 07:00,1.22056,0.16452,0.05,0.41081,0.59523,0.21968,0.21968,0.0,-0.0
2018-01-26 08:00:00,2018-01-26 08:00,1.30788,0.15435,0.05,0.41846,0.68507,0.2061,0.2061,0.0,-0.0
2018-01-26 09:00:00,2018-01-26 09:00,1.31616,0.15291,0.05,0.42573,0.68752,0.20417,0.20417,0.0,0.0
2018-01-26 10:00:00,2018-01-26 10:00,0.99077,0.14648,0.05,0.17192,0.62237,0.1956,0.1956,0.0,0.0
2018-01-26 11:00:00,2018-01-26 11:00,0.75078,0.14413,0.05,0.003,0.55365,0.19246,0.19246,0.0,0.0
2018-01-26 12:00:00,2018-01-26 12:00,0.63176,0.14452,0.05,0.003,0.43424,0.19297,0.19297,0.0,0.0
2018-01-26 13:00:00,2018-01-26 13:00,0.61957,0.12602,0.05,0.003,0.44055,0.16828,0.16828,0.0,-0.0
2018-01-26 14:00:00,2018-01-26 14:00,0.61393,0.12025,0.05,0.003,0.44068,0.16058,0.16058,0.0,0.0
2018-01-26 15:00:00,2018-01-26 15:00,0.66074,0.10175,0.05,0.003,0.50599,0.16398,0.13588,0.0,0.0281
2018-01-26 16:00:00,2018-01-26 16:00,1.12183,0.10011,0.05,0.34551,0.62621,0.13367,0.13367,0.0,0.0
2018-01-26 17:00:00,2018-01-26 17:00,0.89344,0.10351,0.05,0.003,0.73693,0.13823,0.13823,0.0,-0.0
2018-01-26 18:00:00,2018-01-26 18:00,1.14598,0.10964,0.05,0.003,0.98334,0.14639,0.14639,0.0,-0.0
2018-01-26 19:00:00,2018-01-26 19:00,1.4803,0.12248,0.05,0.32425,0.98357,0.16356,0.16356,0.0,-0.0
2018-01-26 20:00:00,2018-01-26 20:00,1.32458,0.13331,0.05,0.17214,0.96913,0.178,0.178,0.0,0.0
2018-01-26 21:00:00,2018-01-26 21:00,1.27121,0.15021,0.05,0.003,1.068,0.20058,0.20058,0.0,-0.0
2018-01-26 22:00:00,2018-01-26 22:00,1.39861,0.1371,0.05,0.003,1.20851,0.18307,0.18307,0.0,-0.0
2018-01-26 23:00:00,2018-01-26 23:00,0.92238,0.1405,0.05,0.003,0.72888,0.18762,0.18762,0.0,0.0
2018-01-27 00:00:00,2018-01-27 00:00,0.71363,0.14725,0.05,0.003,0.51338,0.19663,0.19663,0.0,0.0
2018-01-27 01:00:00,2018-01-27 01:00,0.96909,0.15032,0.05,0.2144,0.55437,0.26819,0.20074,0.0,0.06745
2018-01-27 02:00:00,2018-01-27 02:00,0.89528,0.17838,0.05,0.21373,0.45317,0.25696,0.23821,0.0,0.01875
2018-01-27 03:00:00,2018-01-27 03:00,0.65774,0.17462,0.05,0.003,0.43012,0.23318,0.23318,0.0,0.0
2018-01-27 04:00:00,2018-01-27 04:00,0.65539,0.17778,0.05,0.003,0.42461,0.2374,0.2374,0.0,0.0
2018-01-27 05:00:00,2018-01-27 05:00,0.65628,0.18244,0.05,0.003,0.42084,0.2436,0.2436,0.0,0.0
2018-01-27 06:00:00,2018-01-27 06:00,0.66981,0.19413,0.05,0.003,0.42268,0.25924,0.25924,0.0,0.0
2018-01-27 07:00:00,2018-01-27 07:00,0.74363,0.22017,0.05,0.003,0.47046,0.29401,0.29401,0.0,-0.0
2018-01-27 08:00:00,2018-01-27 08:00,0.78393,0.21037,0.05,0.003,0.52056,0.28091,0.28091,0.0,-0.0
2018-01-27 09:00:00,2018-01-27 09:00,0.77928,0.21016,0.05,0.003,0.51612,0.28063,0.28063,0.0,-0.0
2018-01-27 10:00:00,2018-01-27 10:00,1.24487,0.19249,0.05,0.43562,0.56676,0.25704,0.25704,0.0,-0.0
2018-01-27 11:00:00,2018-01-27 11:00,1.3154,0.16886,0.05,0.32123,0.77531,0.22548,0.22548,0.0,0.0
2018-01-27 12:00:00,2018-01-27 12:00,1.40937,0.15047,0.05,0.31424,0.89466,0.21218,0.20094,0.0,0.01124
2018-01-27 13:00:00,2018-01-27 13:00,1.60026,0.10949,0.05,0.42849,1.01228,0.25864,0.14622,0.0,0.11242
2018-01-27 14:00:00,2018-01-27 14:00,1.56505,0.125,0.05,0.43584,0.95421,0.18752,0.16692,0.0,0.0206
2018-01-27 15:00:00,2018-01-27 15:00,1.57303,0.12856,0.05,0.42202,0.97245,0.17169,0.17169,0.0,-0.0
2018-01-27 16:00:00,2018-01-27 16:00,1.64481,0.13902,0.05,0.41967,1.03612,0.18564,0.18564,0.0,-0.0
2018-01-27 17:00:00,2018-01-27 17:00,1.79148,0.12058,0.05,0.42712,1.19378,0.2191,0.16101,0.0,0.05809
2018-01-27 18:00:00,2018-01-27 18:00,1.79346,0.14163,0.05,0.32965,1.27218,0.18912,0.18912,0.0,0.0
2018-01-27 19:00:00,2018-01-27 19:00,1.66952,0.16382,0.05,0.003,1.4527,0.21873,0.21873,0.0,0.0
2018-01-27 20:00:00,2018-01-27 20:00,1.83409,0.16048,0.05,0.10632,1.51729,0.21429,0.21429,0.0,-0.0
2018-01-27 21:00:00,2018-01-27 21:00,2.12314,0.16483,0.05,0.41607,1.49224,0.2201,0.2201,0.0,-0.0
2018-01-27 22:00:00,2018-01-27 22:00,1.75269,0.17744,0.05,0.21268,1.31257,0.23694,0.23694,0.0,-0.0
2018-01-27 23:00:00,2018-01-27 23:00,1.14303,0.17401,0.05,0.003,0.91602,0.29045,0.23235,0.0,0.05809
2018-01-28 00:00:00,2018-01-28 00:00,0.76328,0.20178,0.05,0.003,0.5085,0.26944,0.26944,0.0,0.0
2018-01-28 01:00:00,2018-01-28 01:00,0.72292,0.21105,0.05,0.003,0.45887,0.28182,0.28182,0.0,0.0
2018-01-28 02:00:00,2018-01-28 02:00,0.70038,0.21607,0.05,0.003,0.43131,0.28853,0.28853,0.0,-0.0
2018-01-28 03:00:00,2018-01-28 03:00,0.70256,0.21944,0.05,0.003,0.43012,0.29303,0.29303,0.0,0.0
2018-01-28 04:00:00,2018-01-28 04:00,1.04969,0.22447,0.05,0.35062,0.4246,0.29973,0.29973,0.0,0.0
2018-01-28 05:00:00,2018-01-28 05:00,0.70362,0.22978,0.05,0.003,0.42084,0.30683,0.30683,0.0,0.0
2018-01-28 06:00:00,2018-01-28 06:00,0.71473,0.23908,0.05,0.003,0.42265,0.31924,0.31924,0.0,0.0
2018-01-28 07:00:00,2018-01-28 07:00,0.7765,0.26091,0.05,0.003,0.46259,0.34841,0.34841,0.0,-0.0
2018-01-28 08:00:00,2018-01-28 08:00,0.80453,0.23462,0.05,0.003,0.51691,0.34139,0.31328,0.0,0.0281
2018-01-28 09:00:00,2018-01-28 09:00,1.22804,0.24836,0.05,0.32142,0.60826,0.33163,0.33163,0.0,0.0
2018-01-28 10:00:00,2018-01-28 10:00,1.28256,0.23566,0.05,0.21568,0.78122,0.31466,0.31466,0.0,0.0
2018-01-28 11:00:00,2018-01-28 11:00,1.08179,0.22606,0.05,0.003,0.80273,0.30187,0.30187,0.0,0.0
2018-01-28 12:00:00,2018-01-28 12:00,1.46935,0.22246,0.05,0.31349,0.8834,0.29705,0.29705,0.0,-0.0
2018-01-28 13:00:00,2018-01-28 13:00,1.57523,0.21512,0.05,0.42243,0.88768,0.28726,0.28726,0.0,0.0
2018-01-28 14:00:00,2018-01-28 14:00,1.36977,0.2087,0.05,0.27616,0.83491,0.28993,0.27869,0.0,0.01124
2018-01-28 15:00:00,2018-01-28 15:00,1.29959,0.16924,0.05,0.003,1.07735,0.33089,0.22598,0.0,0.10491
2018-01-28 16:00:00,2018-01-28 16:00,1.29781,0.2087,0.05,0.003,1.03611,0.27869,0.27869,0.0,0.0
2018-01-28 17:00:00,2018-01-28 17:00,1.50163,0.21045,0.05,0.1055,1.13568,0.28101,0.28101,0.0,-0.0
2018-01-28 18:00:00,2018-01-28 18:00,1.86247,0.21168,0.05,0.35191,1.24888,0.28266,0.28266,0.0,0.0
2018-01-28 19:00:00,2018-01-28 19:00,1.51238,0.24243,0.05,0.003,1.21695,0.32373,0.32373,0.0,-0.0
2018-01-28 20:00:00,2018-01-28 20:00,1.54245,0.23352,0.05,0.003,1.25593,0.31183,0.31183,0.0,0.0
2018-01-28 21:00:00,2018-01-28 21:00,1.521,0.23149,0.05,0.003,1.23651,0.30912,0.30912,0.0,0.0
2018-01-28 22:00:00,2018-01-28 22:00,1.81637,0.23752,0.05,0.42914,1.09971,0.31717,0.31717,0.0,0.0
2018-01-28 23:00:00,2018-01-28 23:00,1.22493,0.24981,0.05,0.04506,0.88006,0.33357,0.33357,0.0,0.0
2018-01-29 00:00:00,2018-01-29 00:00,0.89045,0.26799,0.05,0.003,0.56946,0.35785,0.35785,0.0,0.0
2018-01-29 01:00:00,2018-01-29 01:00,0.76875,0.28035,0.05,0.003,0.4354,0.37437,0.37437,0.0,0.0
2018-01-29 02:00:00,2018-01-29 02:00,0.77478,0.29171,0.05,0.003,0.43007,0.38953,0.38953,0.0,0.0
2018-01-29 03:00:00,2018-01-29 03:00,0.78076,0.29889,0.05,0.003,0.42887,0.39912,0.39912,0.0,0.0
2018-01-29 04:00:00,2018-01-29 04:00,0.78326,0.30545,0.05,0.003,0.42481,0.40789,0.40789,0.0,0.0
2018-01-29 05:00:00,2018-01-29 05:00,1.11531,0.31154,0.05,0.31487,0.4389,0.41601,0.41601,0.0,-0.0
2018-01-29 06:00:00,2018-01-29 06:00,1.28246,0.31705,0.05,0.43174,0.48367,0.42337,0.42337,0.0,-0.0
2018-01-29 07:00:00,2018-01-29 07:00,1.16621,0.33575,0.05,0.1965,0.58396,0.48768,0.44833,0.0,0.03935
2018-01-29 08:00:00,2018-01-29 08:00,1.05777,0.32729,0.05,0.10471,0.57577,0.45578,0.43703,0.0,0.01875
2018-01-29 09:00:00,2018-01-29 09:00,1.32221,0.3355,0.05,0.40632,0.53039,0.448,0.448,0.0,0.0
2018-01-29 10:00:00,2018-01-29 10:00,1.33244,0.31931,0.05,0.4329,0.53023,0.42638,0.42638,0.0,-0.0
2018-01-29 11:00:00,2018-01-29 11:00,0.86246,0.29912,0.05,0.04318,0.47016,0.39943,0.39943,0.0,0.0
2018-01-29 12:00:00,2018-01-29 12:00,0.76936,0.28213,0.05,0.003,0.43423,0.37673,0.37673,0.0,0.0
2018-01-29 13:00:00,2018-01-29 13:00,0.7565,0.26297,0.05,0.003,0.44053,0.35114,0.35114,0.0,0.0
2018-01-29 14:00:00,2018-01-29 14:00,0.73987,0.2462,0.05,0.003,0.44067,0.32876,0.32876,0.0,0.0
2018-01-29 15:00:00,2018-01-29 15:00,0.87795,0.23104,0.05,0.10536,0.49155,0.30851,0.30851,0.0,0.0
2018-01-29 16:00:00,2018-01-29 16:00,1.12592,0.22808,0.05,0.39199,0.45585,0.30458,0.30458,0.0,0.0
2018-01-29 17:00:00,2018-01-29 17:00,0.87538,0.22885,0.05,0.003,0.59353,0.30559,0.30559,0.0,0.0
2018-01-29 18:00:00,2018-01-29 18:00,1.14051,0.23915,0.05,0.20446,0.6469,0.31935,0.31935,0.0,0.0
2018-01-29 19:00:00,2018-01-29 19:00,1.64123,0.26139,0.05,0.41167,0.91817,0.34906,0.34906,0.0,0.0
2018-01-29 20:00:00,2018-01-29 20:00,1.9233,0.24535,0.05,0.42229,1.20566,0.32761,0.32761,0.0,0.0
2018-01-29 21:00:00,2018-01-29 21:00,1.96244,0.24696,0.05,0.19675,1.46873,0.34102,0.32978,0.0,0.01124
2018-01-29 22:00:00,2018-01-29 22:00,1.49612,0.25679,0.05,0.003,1.18633,0.35975,0.34289,0.0,0.01686
2018-01-29 23:00:00,2018-01-29 23:00,1.55282,0.28474,0.05,0.40026,0.81782,0.38021,0.38021,0.0,0.0
2018-01-30 00:00:00,2018-01-30 00:00,0.82506,0.30572,0.05,0.003,0.46634,0.40823,0.40823,0.0,0.0
2018-01-30 01:00:00,2018-01-30 01:00,0.80617,0.31777,0.05,0.003,0.4354,0.42433,0.42433,0.0,0.0
2018-01-30 02:00:00,2018-01-30 02:00,0.81069,0.32764,0.05,0.003,0.43005,0.4375,0.4375,0.0,0.0
2018-01-30 03:00:00,2018-01-30 03:00,0.8228,0.34093,0.05,0.003,0.42887,0.45526,0.45526,0.0,0.0
2018-01-30 04:00:00,2018-01-30 04:00,0.81703,0.34067,0.05,0.003,0.42336,0.45491,0.45491,0.0,0.0
2018-01-30 05:00:00,2018-01-30 05:00,0.82434,0.34618,0.05,0.003,0.42516,0.46226,0.46226,0.0,0.0
2018-01-30 06:00:00,2018-01-30 06:00,1.27156,0.34957,0.05,0.39668,0.47531,0.46679,0.46679,0.0,0.0
2018-01-30 07:00:00,2018-01-30 07:00,1.42012,0.3651,0.05,0.40024,0.60478,0.48753,0.48753,0.0,-0.0
2018-01-30 08:00:00,2018-01-30 08:00,1.38899,0.34487,0.05,0.39688,0.59724,0.46051,0.46051,0.0,0.0
2018-01-30 09:00:00,2018-01-30 09:00,1.37356,0.33874,0.05,0.39788,0.58694,0.45233,0.45233,0.0,-0.0
2018-01-30 10:00:00,2018-01-30 10:00,1.32669,0.3379,0.05,0.41793,0.52086,0.45121,0.45121,0.0,-0.0
2018-01-30 11:00:00,2018-01-30 11:00,1.12772,0.33143,0.05,0.31314,0.43315,0.44257,0.44257,0.0,0.0
2018-01-30 12:00:00,2018-01-30 12:00,0.80302,0.31578,0.05,0.003,0.43424,0.42168,0.42168,0.0,-0.0
2018-01-30 13:00:00,2018-01-30 13:00,0.88821,0.27088,0.05,0.003,0.56433,0.42916,0.36171,0.0,0.06745
2018-01-30 14:00:00,2018-01-30 14:00,0.87286,0.26357,0.05,0.003,0.55629,0.37069,0.35194,0.0,0.01875
2018-01-30 15:00:00,2018-01-30 15:00,0.81554,0.28085,0.05,0.003,0.48169,0.37502,0.37502,0.0,-0.0
2018-01-30 16:00:00,2018-01-30 16:00,1.22002,0.27696,0.05,0.38142,0.51164,0.36983,0.36983,0.0,-0.0
2018-01-30 17:00:00,2018-01-30 17:00,0.91017,0.2524,0.05,0.003,0.60477,0.34828,0.33704,0.0,0.01124
2018-01-30 18:00:00,2018-01-30 18:00,1.34433,0.2329,0.05,0.10588,0.95555,0.32786,0.31099,0.0,0.01686
2018-01-30 19:00:00,2018-01-30 19:00,2.98016,0.2456,0.05,0.42521,2.25935,0.32796,0.32796,0.0,-0.0
2018-01-30 20:00:00,2018-01-30 20:00,1.20789,0.21052,0.05,0.003,0.94437,0.28112,0.28112,0.0,-0.0
2018-01-30 21:00:00,2018-01-30 21:00,2.8279,0.22164,0.05,0.003,2.55326,0.29597,0.29597,0.0,0.0
2018-01-30 22:00:00,2018-01-30 22:00,3.38814,0.22069,0.05,0.003,3.11445,0.29469,0.29469,0.0,0.0
2018-01-30 23:00:00,2018-01-30 23:00,2.78228,0.20649,0.05,0.003,2.52279,0.27573,0.27573,0.0,-0.0
2018-01-31 00:00:00,2018-01-31 00:00,0.81409,0.1943,0.05,0.003,0.56679,0.25946,0.25946,0.0,0.0
2018-01-31 01:00:00,2018-01-31 01:00,0.74326,0.1929,0.05,0.003,0.49736,0.25759,0.25759,0.0,0.0
2018-01-31 02:00:00,2018-01-31 02:00,0.68851,0.19454,0.05,0.003,0.44097,0.25978,0.25978,0.0,-0.0
2018-01-31 03:00:00,2018-01-31 03:00,0.78447,0.19703,0.05,0.10856,0.42888,0.26311,0.26311,0.0,0.0
2018-01-31 04:00:00,2018-01-31 04:00,0.90257,0.19399,0.05,0.23522,0.42336,0.25905,0.25905,0.0,0.0
2018-01-31 05:00:00,2018-01-31 05:00,0.69506,0.185,0.05,0.003,0.45706,0.27515,0.24704,0.0,0.0281
2018-01-31 06:00:00,2018-01-31 06:00,0.84206,0.20283,0.05,0.10557,0.48366,0.27085,0.27085,0.0,0.0
2018-01-31 07:00:00,2018-01-31 07:00,1.25927,0.2167,0.05,0.42881,0.56376,0.30061,0.28937,0.0,0.01124
2018-01-31 08:00:00,2018-01-31 08:00,0.98537,0.202,0.05,0.0806,0.65277,0.3166,0.26975,0.0,0.04685
2018-01-31 09:00:00,2018-01-31 09:00,1.20895,0.22866,0.05,0.30861,0.62168,0.30534,0.30534,0.0,0.0
2018-01-31 10:00:00,2018-01-31 10:00,1.23909,0.22803,0.05,0.43083,0.53023,0.30451,0.30451,0.0,-0.0
2018-01-31 11:00:00,2018-01-31 11:00,1.17101,0.20493,0.05,0.36703,0.54905,0.27365,0.27365,0.0,0.0
2018-01-31 12:00:00,2018-01-31 12:00,0.69212,0.19089,0.05,0.003,0.44823,0.2549,0.2549,0.0,-0.0
2018-01-31 13:00:00,2018-01-31 13:00,0.68365,0.19009,0.05,0.003,0.44056,0.25384,0.25384,0.0,0.0
2018-01-31 14:00:00,2018-01-31 14:00,0.67877,0.18511,0.05,0.003,0.44066,0.24718,0.24718,0.0,0.0
2018-01-31 15:00:00,2018-01-31 15:00,0.78929,0.1727,0.05,0.003,0.56359,0.23061,0.23061,0.0,0.0
2018-01-31 16:00:00,2018-01-31 16:00,0.89164,0.16765,0.05,0.003,0.67099,0.22386,0.22386,0.0,-0.0
2018-01-31 17:00:00,2018-01-31 17:00,1.34797,0.16047,0.05,0.31315,0.82435,0.21427,0.21427,0.0,0.0
2018-01-31 18:00:00,2018-01-31 18:00,1.48486,0.16015,0.05,0.41983,0.85488,0.21384,0.21384,0.0,0.0
2018-01-31 19:00:00,2018-01-31 19:00,1.44743,0.17285,0.05,0.003,1.22158,0.23082,0.23082,0.0,-0.0
2018-01-31 20:00:00,2018-01-31 20:00,3.985,0.154,0.05,0.41851,3.36249,0.27309,0.20564,0.0,0.06745
2018-01-31 21:00:00,2018-01-31 21:00,3.9857,0.20545,0.05,0.11123,3.61902,0.30433,0.27435,0.0,0.02999
2018-01-31 22:00:00,2018-01-31 22:00,1.47785,0.20767,0.05,0.003,1.21718,0.38974,0.27732,0.0,0.11242
2018-01-31 23:00:00,2018-01-31 23:00,1.12161,0.23758,0.05,0.003,0.83103,0.42593,0.31725,0.0,0.10868
2018-02-01 00:00:00,2018-02-01 00:00,0.85631,0.3002,0.05,0.003,0.50311,0.40087,0.40087,0.0,-0.0
2018-02-01 01:00:00,2018-02-01 01:00,0.81093,0.32326,0.05,0.003,0.43467,0.43166,0.43166,0.0,0.0
2018-02-01 02:00:00,2018-02-01 02:00,0.82958,0.3472,0.05,0.003,0.42938,0.46363,0.46363,0.0,0.0
2018-02-01 03:00:00,2018-02-01 03:00,1.04074,0.349,0.05,0.21354,0.4282,0.46603,0.46603,0.0,0.0
2018-02-01 04:00:00,2018-02-01 04:00,0.99957,0.36352,0.05,0.15889,0.42716,0.48542,0.48542,0.0,0.0
2018-02-01 05:00:00,2018-02-01 05:00,1.201,0.39169,0.05,0.30472,0.45459,0.52303,0.52303,0.0,-0.0
2018-02-01 06:00:00,2018-02-01 06:00,1.33299,0.39084,0.05,0.41667,0.47548,0.55,0.5219,0.0,0.0281
2018-02-01 07:00:00,2018-02-01 07:00,1.22702,0.41917,0.05,0.29728,0.46057,0.55972,0.55972,0.0,-0.0
2018-02-01 08:00:00,2018-02-01 08:00,0.9288,0.4184,0.05,0.003,0.4574,0.55869,0.55869,0.0,-0.0
2018-02-01 09:00:00,2018-02-01 09:00,0.91316,0.41773,0.05,0.003,0.44243,0.5578,0.5578,0.0,0.0
2018-02-01 10:00:00,2018-02-01 10:00,0.89735,0.40627,0.05,0.003,0.43808,0.54251,0.54251,0.0,0.0
2018-02-01 11:00:00,2018-02-01 11:00,0.86901,0.38338,0.05,0.003,0.43263,0.51194,0.51194,0.0,0.0
2018-02-01 12:00:00,2018-02-01 12:00,0.84416,0.35745,0.05,0.003,0.43371,0.47731,0.47731,0.0,-0.0
2018-02-01 13:00:00,2018-02-01 13:00,0.8285,0.33551,0.05,0.003,0.43999,0.44802,0.44802,0.0,-0.0
2018-02-01 14:00:00,2018-02-01 14:00,0.82908,0.336,0.05,0.003,0.44008,0.44868,0.44868,0.0,0.0
2018-02-01 15:00:00,2018-02-01 15:00,0.98365,0.32982,0.05,0.1073,0.49653,0.44042,0.44042,0.0,0.0
2018-02-01 16:00:00,2018-02-01 16:00,1.28834,0.31704,0.05,0.36527,0.55603,0.42335,0.42335,0.0,0.0
2018-02-01 17:00:00,2018-02-01 17:00,0.95629,0.31365,0.05,0.003,0.58964,0.41882,0.41882,0.0,-0.0
2018-02-01 18:00:00,2018-02-01 18:00,1.1061,0.31497,0.05,0.003,0.73813,0.42058,0.42058,0.0,-0.0
2018-02-01 19:00:00,2018-02-01 19:00,2.10446,0.32199,0.05,0.41967,1.3128,0.45807,0.42996,0.0,0.0281
2018-02-01 20:00:00,2018-02-01 20:00,2.01766,0.32203,0.05,0.17067,1.47496,0.43002,0.43002,0.0,-0.0
2018-02-01 21:00:00,2018-02-01 21:00,1.79367,0.32974,0.05,0.003,1.41093,0.4403,0.4403,0.0,-0.0
2018-02-01 22:00:00,2018-02-01 22:00,1.5825,0.34329,0.05,0.10431,1.0849,0.4584,0.4584,0.0,-0.0
2018-02-01 23:00:00,2018-02-01 23:00,2.74171,0.37469,0.05,0.42101,1.89601,0.50035,0.50035,0.0,0.0
2018-02-02 00:00:00,2018-02-02 00:00,1.99881,0.38977,0.05,0.003,1.55604,0.52047,0.52047,0.0,-0.0
2018-02-02 01:00:00,2018-02-02 01:00,0.87294,0.38527,0.05,0.003,0.43467,0.51445,0.51445,0.0,0.0
2018-02-02 02:00:00,2018-02-02 02:00,0.88493,0.40253,0.05,0.003,0.4294,0.53752,0.53752,0.0,-0.0
2018-02-02 03:00:00,2018-02-02 03:00,0.88925,0.40805,0.05,0.003,0.4282,0.54488,0.54488,0.0,0.0
2018-02-02 04:00:00,2018-02-02 04:00,0.89327,0.41755,0.05,0.003,0.42272,0.55756,0.55756,0.0,0.0
2018-02-02 05:00:00,2018-02-02 05:00,0.89788,0.42592,0.05,0.003,0.41896,0.56875,0.56875,0.0,0.0
2018-02-02 06:00:00,2018-02-02 06:00,0.91327,0.43954,0.05,0.003,0.42073,0.58694,0.58694,0.0,0.0
2018-02-02 07:00:00,2018-02-02 07:00,1.25827,0.46402,0.05,0.21016,0.53409,0.61962,0.61962,0.0,-0.0
2018-02-02 08:00:00,2018-02-02 08:00,1.49318,0.43727,0.05,0.40922,0.59669,0.58391,0.58391,0.0,0.0
2018-02-02 09:00:00,2018-02-02 09:00,1.0114,0.42825,0.05,0.003,0.53015,0.57186,0.57186,0.0,0.0
2018-02-02 10:00:00,2018-02-02 10:00,1.04111,0.40495,0.05,0.10548,0.48068,0.54074,0.54074,0.0,-0.0
2018-02-02 11:00:00,2018-02-02 11:00,1.23566,0.3858,0.05,0.36724,0.43262,0.51518,0.51518,0.0,-0.0
2018-02-02 12:00:00,2018-02-02 12:00,0.91818,0.35893,0.05,0.003,0.50625,0.47929,0.47928,0.0,0.0
2018-02-02 13:00:00,2018-02-02 13:00,0.91106,0.32438,0.05,0.003,0.53368,0.43315,0.43315,0.0,-0.0
2018-02-02 14:00:00,2018-02-02 14:00,0.86848,0.30668,0.05,0.003,0.5088,0.40953,0.40953,0.0,0.0
2018-02-02 15:00:00,2018-02-02 15:00,1.07585,0.29937,0.05,0.20541,0.52107,0.39976,0.39976,0.0,0.0
2018-02-02 16:00:00,2018-02-02 16:00,1.30992,0.30021,0.05,0.40366,0.55605,0.40089,0.40089,0.0,-0.0
2018-02-02 17:00:00,2018-02-02 17:00,1.40108,0.29632,0.05,0.41921,0.63555,0.39568,0.39568,0.0,0.0
2018-02-02 18:00:00,2018-02-02 18:00,1.71149,0.28959,0.05,0.42533,0.94657,0.3867,0.3867,0.0,0.0
2018-02-02 19:00:00,2018-02-02 19:00,1.66557,0.29985,0.05,0.27349,1.04223,0.43223,0.40038,0.0,0.03184
2018-02-02 20:00:00,2018-02-02 20:00,1.64519,0.26958,0.05,0.003,1.32261,0.38435,0.35998,0.0,0.02437
2018-02-02 21:00:00,2018-02-02 21:00,1.73463,0.27071,0.05,0.003,1.41092,0.36147,0.36147,0.0,0.0
2018-02-02 22:00:00,2018-02-02 22:00,1.71944,0.27453,0.05,0.30999,1.08492,0.3666,0.3666,0.0,-0.0
2018-02-02 23:00:00,2018-02-02 23:00,1.37915,0.2794,0.05,0.29743,0.75232,0.37308,0.37308,0.0,-0.0
2018-02-03 00:00:00,2018-02-03 00:00,0.80661,0.28536,0.05,0.003,0.46825,0.38104,0.38104,0.0,0.0
2018-02-03 01:00:00,2018-02-03 01:00,0.77449,0.28557,0.05,0.003,0.43592,0.38132,0.38132,0.0,-0.0
2018-02-03 02:00:00,2018-02-03 02:00,0.76999,0.28636,0.05,0.003,0.43063,0.38238,0.38238,0.0,0.0
2018-02-03 03:00:00,2018-02-03 03:00,0.77079,0.28834,0.05,0.003,0.42945,0.38503,0.38503,0.0,0.0
2018-02-03 04:00:00,2018-02-03 04:00,0.76625,0.28929,0.05,0.003,0.42396,0.3863,0.3863,0.0,-0.0
2018-02-03 05:00:00,2018-02-03 05:00,0.76341,0.29021,0.05,0.003,0.4202,0.38752,0.38752,0.0,0.0
2018-02-03 06:00:00,2018-02-03 06:00,0.7635,0.28852,0.05,0.003,0.42198,0.38527,0.38527,0.0,-0.0
2018-02-03 07:00:00,2018-02-03 07:00,0.81525,0.30042,0.05,0.003,0.46183,0.40115,0.40115,0.0,0.0
2018-02-03 08:00:00,2018-02-03 08:00,0.87173,0.28223,0.05,0.003,0.5365,0.37687,0.37687,0.0,-0.0
2018-02-03 09:00:00,2018-02-03 09:00,1.24725,0.26393,0.05,0.20911,0.72421,0.38054,0.35244,0.0,0.0281
2018-02-03 10:00:00,2018-02-03 10:00,1.31957,0.26551,0.05,0.38375,0.62031,0.35453,0.35453,0.0,-0.0
2018-02-03 11:00:00,2018-02-03 11:00,0.85388,0.25333,0.05,0.003,0.54755,0.34016,0.33829,0.0,0.00187
2018-02-03 12:00:00,2018-02-03 12:00,0.93803,0.22725,0.05,0.003,0.65778,0.32968,0.30346,0.0,0.02622
2018-02-03 13:00:00,2018-02-03 13:00,1.55811,0.21115,0.05,0.41147,0.88549,0.33816,0.28196,0.0,0.0562
2018-02-03 14:00:00,2018-02-03 14:00,1.58038,0.22714,0.05,0.3594,0.94384,0.3033,0.3033,0.0,0.0
2018-02-03 15:00:00,2018-02-03 15:00,1.2681,0.22729,0.05,0.003,0.98781,0.30351,0.30351,0.0,-0.0
2018-02-03 16:00:00,2018-02-03 16:00,1.25709,0.2393,0.05,0.003,0.96479,0.31955,0.31955,0.0,-0.0
2018-02-03 17:00:00,2018-02-03 17:00,1.57284,0.24654,0.05,0.31076,0.96554,0.32921,0.32921,0.0,-0.0
2018-02-03 18:00:00,2018-02-03 18:00,1.69854,0.23989,0.05,0.41864,0.99001,0.34842,0.32032,0.0,0.0281
2018-02-03 19:00:00,2018-02-03 19:00,1.83065,0.26752,0.05,0.41884,1.09429,0.35723,0.35723,0.0,0.0
2018-02-03 20:00:00,2018-02-03 20:00,1.74893,0.26408,0.05,0.43176,1.00309,0.35264,0.35264,0.0,0.0
2018-02-03 21:00:00,2018-02-03 21:00,1.49775,0.26169,0.05,0.12112,1.06494,0.37753,0.34944,0.0,0.0281
2018-02-03 22:00:00,2018-02-03 22:00,1.05434,0.28815,0.05,0.003,0.71319,0.38477,0.38477,0.0,0.0
2018-02-03 23:00:00,2018-02-03 23:00,0.89411,0.30951,0.05,0.003,0.5316,0.41331,0.41331,0.0,0.0
2018-02-04 00:00:00,2018-02-04 00:00,0.81564,0.32255,0.05,0.003,0.44009,0.4307,0.4307,0.0,-0.0
2018-02-04 01:00:00,2018-02-04 01:00,0.84262,0.32594,0.05,0.003,0.46368,0.43523,0.43523,0.0,-0.0
2018-02-04 02:00:00,2018-02-04 02:00,0.82297,0.33933,0.05,0.003,0.43064,0.45311,0.45311,0.0,0.0
2018-02-04 03:00:00,2018-02-04 03:00,0.84133,0.35888,0.05,0.003,0.42945,0.47923,0.47923,0.0,-0.0
2018-02-04 04:00:00,2018-02-04 04:00,1.07784,0.38478,0.05,0.21101,0.43205,0.51381,0.51381,0.0,0.0
2018-02-04 05:00:00,2018-02-04 05:00,1.2257,0.38566,0.05,0.36229,0.42775,0.51498,0.51498,0.0,0.0
2018-02-04 06:00:00,2018-02-04 06:00,0.87353,0.39759,0.05,0.003,0.42294,0.53092,0.53092,0.0,0.0
2018-02-04 07:00:00,2018-02-04 07:00,1.12881,0.42242,0.05,0.10541,0.55098,0.56407,0.56407,0.0,-0.0
2018-02-04 08:00:00,2018-02-04 08:00,1.53019,0.40863,0.05,0.41076,0.6608,0.54567,0.54567,0.0,0.0
2018-02-04 09:00:00,2018-02-04 09:00,1.52444,0.4122,0.05,0.41817,0.64407,0.55043,0.55043,0.0,-0.0
2018-02-04 10:00:00,2018-02-04 10:00,1.20844,0.39438,0.05,0.003,0.76106,0.52849,0.52662,0.0,0.00187
2018-02-04 11:00:00,2018-02-04 11:00,1.23849,0.36294,0.05,0.003,0.82255,0.53899,0.48466,0.0,0.05433
2018-02-04 12:00:00,2018-02-04 12:00,2.0436,0.37424,0.05,0.10485,1.51451,0.49974,0.49974,0.0,-0.0
2018-02-04 13:00:00,2018-02-04 13:00,2.274,0.35903,0.05,0.41604,1.44893,0.47943,0.47943,0.0,-0.0
2018-02-04 14:00:00,2018-02-04 14:00,1.7671,0.34712,0.05,0.42613,0.94385,0.46351,0.46351,0.0,0.0
2018-02-04 15:00:00,2018-02-04 15:00,1.54984,0.32672,0.05,0.18531,0.98781,0.43629,0.43629,0.0,0.0
2018-02-04 16:00:00,2018-02-04 16:00,1.73529,0.30353,0.05,0.30686,1.0749,0.4334,0.4053,0.0,0.0281
2018-02-04 17:00:00,2018-02-04 17:00,1.92665,0.31713,0.05,0.4229,1.13662,0.42347,0.42347,0.0,0.0
2018-02-04 18:00:00,2018-02-04 18:00,1.69005,0.32106,0.05,0.04568,1.27331,0.42872,0.42872,0.0,-0.0
2018-02-04 19:00:00,2018-02-04 19:00,2.09365,0.34129,0.05,0.20563,1.49673,0.48384,0.45574,0.0,0.0281
2018-02-04 20:00:00,2018-02-04 20:00,2.16778,0.33921,0.05,0.24918,1.52939,0.45295,0.45295,0.0,-0.0
2018-02-04 21:00:00,2018-02-04 21:00,1.62651,0.35363,0.05,0.003,1.21988,0.47222,0.47222,0.0,0.0
2018-02-04 22:00:00,2018-02-04 22:00,1.47849,0.3696,0.05,0.003,1.05589,0.49355,0.49355,0.0,0.0
2018-02-04 23:00:00,2018-02-04 23:00,1.37203,0.3852,0.05,0.20723,0.7296,0.51436,0.51436,0.0,0.0
2018-02-05 00:00:00,2018-02-05 00:00,1.1868,0.39768,0.05,0.26387,0.47525,0.53103,0.53103,0.0,-0.0
2018-02-05 01:00:00,2018-02-05 01:00,0.8886,0.40093,0.05,0.003,0.43467,0.53538,0.53538,0.0,0.0
2018-02-05 02:00:00,2018-02-05 02:00,0.88543,0.40304,0.05,0.003,0.42939,0.5382,0.5382,0.0,0.0
2018-02-05 03:00:00,2018-02-05 03:00,0.89099,0.40622,0.05,0.003,0.43177,0.54244,0.54244,0.0,-0.0
2018-02-05 04:00:00,2018-02-05 04:00,0.88574,0.40558,0.05,0.003,0.42716,0.54158,0.54158,0.0,0.0
2018-02-05 05:00:00,2018-02-05 05:00,1.19984,0.40226,0.05,0.30905,0.43853,0.53715,0.53715,0.0,0.0
2018-02-05 06:00:00,2018-02-05 06:00,1.33029,0.39785,0.05,0.42481,0.45763,0.53126,0.53126,0.0,-0.0
2018-02-05 07:00:00,2018-02-05 07:00,1.44723,0.41234,0.05,0.41163,0.57326,0.55061,0.55061,0.0,-0.0
2018-02-05 08:00:00,2018-02-05 08:00,1.34855,0.39319,0.05,0.40659,0.49877,0.52504,0.52504,0.0,0.0
2018-02-05 09:00:00,2018-02-05 09:00,1.3818,0.38357,0.05,0.41809,0.53014,0.51219,0.51219,0.0,-0.0
2018-02-05 10:00:00,2018-02-05 10:00,1.10643,0.36415,0.05,0.16292,0.52936,0.48626,0.48626,0.0,0.0
2018-02-05 11:00:00,2018-02-05 11:00,1.01676,0.33674,0.05,0.10514,0.52488,0.44966,0.44966,0.0,0.0
2018-02-05 12:00:00,2018-02-05 12:00,1.34196,0.32349,0.05,0.4156,0.55287,0.43196,0.43196,0.0,0.0
2018-02-05 13:00:00,2018-02-05 13:00,1.19236,0.30474,0.05,0.24032,0.5973,0.40693,0.40693,0.0,-0.0
2018-02-05 14:00:00,2018-02-05 14:00,0.79257,0.29952,0.05,0.003,0.44005,0.39994,0.39994,0.0,0.0
2018-02-05 15:00:00,2018-02-05 15:00,0.81277,0.29121,0.05,0.003,0.46856,0.38887,0.38887,0.0,0.0
2018-02-05 16:00:00,2018-02-05 16:00,0.7732,0.27897,0.05,0.003,0.44123,0.37251,0.37251,0.0,0.0
2018-02-05 17:00:00,2018-02-05 17:00,1.06078,0.2747,0.05,0.2075,0.52858,0.36683,0.36683,0.0,-0.0
2018-02-05 18:00:00,2018-02-05 18:00,1.48679,0.26148,0.05,0.27556,0.89975,0.40539,0.34918,0.0,0.05621
2018-02-05 19:00:00,2018-02-05 19:00,1.61262,0.29879,0.05,0.003,1.26083,0.39899,0.39899,0.0,0.0
2018-02-05 20:00:00,2018-02-05 20:00,2.22839,0.28611,0.05,0.41733,1.47495,0.38205,0.38205,0.0,0.0
2018-02-05 21:00:00,2018-02-05 21:00,1.87239,0.30855,0.05,0.03817,1.47567,0.41202,0.41202,0.0,0.0
2018-02-05 22:00:00,2018-02-05 22:00,1.589,0.33323,0.05,0.003,1.20277,0.44498,0.44498,0.0,0.0
2018-02-05 23:00:00,2018-02-05 23:00,1.07886,0.34639,0.05,0.003,0.67947,0.46254,0.46254,0.0,0.0
2018-02-06 00:00:00,2018-02-06 00:00,0.85212,0.36027,0.05,0.003,0.43885,0.48107,0.48107,0.0,0.0
2018-02-06 01:00:00,2018-02-06 01:00,0.85727,0.3696,0.05,0.003,0.43467,0.49353,0.49353,0.0,0.0
2018-02-06 02:00:00,2018-02-06 02:00,0.85944,0.37707,0.05,0.003,0.42937,0.5035,0.5035,0.0,0.0
2018-02-06 03:00:00,2018-02-06 03:00,0.87336,0.39216,0.05,0.003,0.4282,0.52367,0.52367,0.0,0.0
2018-02-06 04:00:00,2018-02-06 04:00,0.98138,0.3979,0.05,0.10632,0.42716,0.53133,0.53133,0.0,0.0
2018-02-06 05:00:00,2018-02-06 05:00,1.2674,0.40585,0.05,0.38915,0.4224,0.54193,0.54193,0.0,0.0
2018-02-06 06:00:00,2018-02-06 06:00,0.9082,0.41805,0.05,0.003,0.43715,0.55823,0.55823,0.0,-0.0
2018-02-06 07:00:00,2018-02-06 07:00,1.25173,0.44778,0.05,0.20728,0.54667,0.59792,0.59792,0.0,0.0
2018-02-06 08:00:00,2018-02-06 08:00,1.53007,0.41361,0.05,0.41065,0.65581,0.60851,0.5523,0.0,0.05621
2018-02-06 09:00:00,2018-02-06 09:00,1.42309,0.41856,0.05,0.40554,0.54899,0.55894,0.55894,0.0,-0.0
2018-02-06 10:00:00,2018-02-06 10:00,1.3763,0.39805,0.05,0.42505,0.5032,0.53153,0.53153,0.0,0.0
2018-02-06 11:00:00,2018-02-06 11:00,0.91561,0.37291,0.05,0.0601,0.4326,0.49796,0.49796,0.0,-0.0
2018-02-06 12:00:00,2018-02-06 12:00,0.84279,0.35609,0.05,0.003,0.4337,0.47549,0.47549,0.0,0.0
2018-02-06 13:00:00,2018-02-06 13:00,0.82446,0.33148,0.05,0.003,0.43998,0.44263,0.44263,0.0,-0.0
2018-02-06 14:00:00,2018-02-06 14:00,0.81343,0.32035,0.05,0.003,0.44008,0.42777,0.42777,0.0,0.0
2018-02-06 15:00:00,2018-02-06 15:00,0.81003,0.31559,0.05,0.003,0.44144,0.42141,0.42141,0.0,0.0
2018-02-06 16:00:00,2018-02-06 16:00,0.89261,0.30706,0.05,0.003,0.53255,0.41002,0.41002,0.0,0.0
2018-02-06 17:00:00,2018-02-06 17:00,1.11288,0.29696,0.05,0.20997,0.55595,0.42838,0.39654,0.0,0.03184
2018-02-06 18:00:00,2018-02-06 18:00,1.55356,0.2829,0.05,0.42156,0.7991,0.43209,0.37776,0.0,0.05433
2018-02-06 19:00:00,2018-02-06 19:00,1.94851,0.32002,0.05,0.42147,1.15702,0.42733,0.42733,0.0,-0.0
2018-02-06 20:00:00,2018-02-06 20:00,1.77451,0.29987,0.05,0.003,1.42164,0.40043,0.40043,0.0,-0.0
2018-02-06 21:00:00,2018-02-06 21:00,1.82925,0.30059,0.05,0.003,1.47566,0.40139,0.40139,0.0,0.0
2018-02-06 22:00:00,2018-02-06 22:00,1.56326,0.3075,0.05,0.003,1.20276,0.41061,0.41061,0.0,0.0
2018-02-06 23:00:00,2018-02-06 23:00,1.06829,0.31672,0.05,0.003,0.69857,0.42292,0.42292,0.0,0.0
2018-02-07 00:00:00,2018-02-07 00:00,0.86416,0.32076,0.05,0.003,0.4904,0.42833,0.42833,0.0,0.0
2018-02-07 01:00:00,2018-02-07 01:00,1.13124,0.3233,0.05,0.31619,0.44175,0.43172,0.43172,0.0,0.0
2018-02-07 02:00:00,2018-02-07 02:00,0.88093,0.32531,0.05,0.07625,0.42937,0.43439,0.43439,0.0,-0.0
2018-02-07 03:00:00,2018-02-07 03:00,0.81041,0.3292,0.05,0.003,0.42821,0.43959,0.43959,0.0,0.0
2018-02-07 04:00:00,2018-02-07 04:00,0.81082,0.33066,0.05,0.003,0.42716,0.44153,0.44153,0.0,-0.0
2018-02-07 05:00:00,2018-02-07 05:00,1.1345,0.33561,0.05,0.31038,0.43851,0.44813,0.44813,0.0,0.0
2018-02-07 06:00:00,2018-02-07 06:00,1.26338,0.3459,0.05,0.41904,0.44844,0.46189,0.46189,0.0,0.0
2018-02-07 07:00:00,2018-02-07 07:00,1.07641,0.3782,0.05,0.18763,0.46058,0.50502,0.50502,0.0,-0.0
2018-02-07 08:00:00,2018-02-07 08:00,0.86074,0.36994,0.05,0.003,0.4378,0.49398,0.49398,0.0,0.0
2018-02-07 09:00:00,2018-02-07 09:00,1.20755,0.3605,0.05,0.31156,0.48549,0.48139,0.48139,0.0,0.0
2018-02-07 10:00:00,2018-02-07 10:00,1.01424,0.33943,0.05,0.18675,0.43806,0.45325,0.45325,0.0,-0.0
2018-02-07 11:00:00,2018-02-07 11:00,0.80329,0.31769,0.05,0.003,0.4326,0.42421,0.42421,0.0,0.0
2018-02-07 12:00:00,2018-02-07 12:00,0.80142,0.28853,0.05,0.003,0.45989,0.38527,0.38527,0.0,0.0
2018-02-07 13:00:00,2018-02-07 13:00,0.78706,0.27403,0.05,0.003,0.46003,0.36591,0.36591,0.0,0.0
2018-02-07 14:00:00,2018-02-07 14:00,0.76245,0.26939,0.05,0.003,0.44006,0.35972,0.35972,0.0,0.0
2018-02-07 15:00:00,2018-02-07 15:00,0.79026,0.26513,0.05,0.003,0.47213,0.35405,0.35405,0.0,-0.0
2018-02-07 16:00:00,2018-02-07 16:00,1.07799,0.26174,0.05,0.21021,0.55604,0.3495,0.3495,0.0,0.0
2018-02-07 17:00:00,2018-02-07 17:00,1.34469,0.23695,0.05,0.37118,0.68656,0.40259,0.31642,0.0,0.08617
2018-02-07 18:00:00,2018-02-07 18:00,1.30593,0.26427,0.05,0.003,0.98866,0.3529,0.3529,0.0,0.0
2018-02-07 19:00:00,2018-02-07 19:00,1.75711,0.29226,0.05,0.2067,1.20815,0.39028,0.39028,0.0,0.0
2018-02-07 20:00:00,2018-02-07 20:00,2.05499,0.28379,0.05,0.42295,1.29825,0.37896,0.37896,0.0,-0.0
2018-02-07 21:00:00,2018-02-07 21:00,1.8381,0.28662,0.05,0.09055,1.41093,0.38272,0.38272,0.0,-0.0
2018-02-07 22:00:00,2018-02-07 22:00,1.43786,0.29995,0.05,0.003,1.08491,0.40053,0.40053,0.0,0.0
2018-02-07 23:00:00,2018-02-07 23:00,1.34491,0.30294,0.05,0.10245,0.88952,0.40453,0.40453,0.0,-0.0
2018-02-08 00:00:00,2018-02-08 00:00,1.32117,0.30842,0.05,0.41812,0.54463,0.41183,0.41183,0.0,0.0
2018-02-08 01:00:00,2018-02-08 01:00,0.92118,0.31416,0.05,0.1071,0.44992,0.41949,0.41949,0.0,0.0
2018-02-08 02:00:00,2018-02-08 02:00,0.80394,0.32155,0.05,0.003,0.42939,0.42938,0.42938,0.0,0.0
2018-02-08 03:00:00,2018-02-08 03:00,0.80693,0.32573,0.05,0.003,0.4282,0.43494,0.43494,0.0,0.0
2018-02-08 04:00:00,2018-02-08 04:00,0.81217,0.33645,0.05,0.003,0.42272,0.44927,0.44927,0.0,0.0
2018-02-08 05:00:00,2018-02-08 05:00,0.9284,0.34504,0.05,0.1064,0.42696,0.46075,0.46075,0.0,-0.0
2018-02-08 06:00:00,2018-02-08 06:00,1.31455,0.34076,0.05,0.41785,0.50594,0.48687,0.45503,0.0,0.03184
2018-02-08 07:00:00,2018-02-08 07:00,1.45818,0.34257,0.05,0.39738,0.66823,0.53988,0.45745,0.0,0.08243
2018-02-08 08:00:00,2018-02-08 08:00,1.49132,0.33329,0.05,0.40557,0.70246,0.50125,0.44504,0.0,0.05621
2018-02-08 09:00:00,2018-02-08 09:00,1.3781,0.34282,0.05,0.41739,0.56789,0.45776,0.45776,0.0,-0.0
2018-02-08 10:00:00,2018-02-08 10:00,1.16144,0.31999,0.05,0.2652,0.52625,0.4273,0.4273,0.0,0.0
2018-02-08 11:00:00,2018-02-08 11:00,0.7797,0.29408,0.05,0.003,0.43262,0.39269,0.39269,0.0,0.0
2018-02-08 12:00:00,2018-02-08 12:00,0.76241,0.27571,0.05,0.003,0.4337,0.36816,0.36816,0.0,0.0
2018-02-08 13:00:00,2018-02-08 13:00,0.78193,0.26182,0.05,0.003,0.46711,0.34961,0.34961,0.0,-0.0
2018-02-08 14:00:00,2018-02-08 14:00,1.06679,0.24606,0.05,0.20993,0.5608,0.32858,0.32858,0.0,0.0
2018-02-08 15:00:00,2018-02-08 15:00,1.14342,0.236,0.05,0.315,0.54242,0.31513,0.31513,0.0,-0.0
2018-02-08 16:00:00,2018-02-08 16:00,0.93756,0.23727,0.05,0.003,0.64729,0.31685,0.31685,0.0,-0.0
2018-02-08 17:00:00,2018-02-08 17:00,1.4084,0.2428,0.05,0.30759,0.80801,0.32421,0.32421,0.0,0.0
2018-02-08 18:00:00,2018-02-08 18:00,1.60621,0.24982,0.05,0.41635,0.89004,0.33359,0.33359,0.0,0.0
2018-02-08 19:00:00,2018-02-08 19:00,1.56047,0.27596,0.05,0.29404,0.94047,0.3685,0.3685,0.0,0.0
2018-02-08 20:00:00,2018-02-08 20:00,2.22114,0.2647,0.05,0.003,1.90344,0.35346,0.35346,0.0,0.0
2018-02-08 21:00:00,2018-02-08 21:00,3.55816,0.27778,0.05,0.10414,3.12624,0.37093,0.37093,0.0,-0.0
2018-02-08 22:00:00,2018-02-08 22:00,1.85969,0.27005,0.05,0.41058,1.12906,0.3606,0.3606,0.0,0.0
2018-02-08 23:00:00,2018-02-08 23:00,1.24306,0.28479,0.05,0.19064,0.71763,0.38028,0.38028,0.0,0.0
2018-02-09 00:00:00,2018-02-09 00:00,0.89664,0.29567,0.05,0.003,0.54797,0.39482,0.39482,0.0,0.0
2018-02-09 01:00:00,2018-02-09 01:00,0.79586,0.30112,0.05,0.003,0.44174,0.40209,0.40209,0.0,0.0
2018-02-09 02:00:00,2018-02-09 02:00,0.79806,0.31567,0.05,0.003,0.42939,0.42153,0.42153,0.0,0.0
2018-02-09 03:00:00,2018-02-09 03:00,0.80881,0.32761,0.05,0.003,0.4282,0.43747,0.43747,0.0,0.0
2018-02-09 04:00:00,2018-02-09 04:00,0.82389,0.31562,0.05,0.003,0.45527,0.44955,0.42145,0.0,0.0281
2018-02-09 05:00:00,2018-02-09 05:00,1.23081,0.32909,0.05,0.41319,0.43853,0.43944,0.43944,0.0,-0.0
2018-02-09 06:00:00,2018-02-09 06:00,1.28334,0.34007,0.05,0.42109,0.47218,0.45412,0.45412,0.0,-0.0
2018-02-09 07:00:00,2018-02-09 07:00,1.3998,0.36802,0.05,0.42305,0.55873,0.49143,0.49143,0.0,0.0
2018-02-09 08:00:00,2018-02-09 08:00,1.32782,0.35923,0.05,0.42463,0.49396,0.47969,0.47969,0.0,0.0
2018-02-09 09:00:00,2018-02-09 09:00,0.89791,0.36112,0.05,0.01868,0.46811,0.48221,0.48221,0.0,-0.0
2018-02-09 10:00:00,2018-02-09 10:00,0.87842,0.34494,0.05,0.003,0.48048,0.46061,0.46061,0.0,0.0
2018-02-09 11:00:00,2018-02-09 11:00,0.82882,0.31703,0.05,0.003,0.45879,0.42334,0.42334,0.0,-0.0
2018-02-09 12:00:00,2018-02-09 12:00,0.82956,0.29965,0.05,0.003,0.47691,0.40012,0.40012,0.0,-0.0
2018-02-09 13:00:00,2018-02-09 13:00,0.78275,0.28975,0.05,0.003,0.44,0.38693,0.38693,0.0,0.0
2018-02-09 14:00:00,2018-02-09 14:00,0.77357,0.28049,0.05,0.003,0.44008,0.37455,0.37455,0.0,0.0
2018-02-09 15:00:00,2018-02-09 15:00,0.76092,0.26648,0.05,0.003,0.44144,0.35584,0.35584,0.0,0.0
2018-02-09 16:00:00,2018-02-09 16:00,1.07874,0.26564,0.05,0.31751,0.44559,0.35472,0.35472,0.0,0.0
2018-02-09 17:00:00,2018-02-09 17:00,1.00995,0.26791,0.05,0.10239,0.58965,0.35774,0.35774,0.0,0.0
2018-02-09 18:00:00,2018-02-09 18:00,0.97673,0.2774,0.05,0.003,0.64633,0.37042,0.37042,0.0,-0.0
2018-02-09 19:00:00,2018-02-09 19:00,1.40535,0.3022,0.05,0.1044,0.94875,0.40352,0.40352,0.0,0.0
2018-02-09 20:00:00,2018-02-09 20:00,1.87534,0.28806,0.05,0.30442,1.23286,0.38466,0.38466,0.0,0.0
2018-02-09 21:00:00,2018-02-09 21:00,1.81813,0.28946,0.05,0.003,1.47567,0.38653,0.38653,0.0,-0.0
2018-02-09 22:00:00,2018-02-09 22:00,1.44206,0.30015,0.05,0.003,1.08891,0.40078,0.40078,0.0,0.0
2018-02-09 23:00:00,2018-02-09 23:00,1.07021,0.31864,0.05,0.003,0.69857,0.42549,0.42549,0.0,0.0
2018-02-10 00:00:00,2018-02-10 00:00,1.19227,0.3286,0.05,0.31202,0.50165,0.43878,0.43878,0.0,0.0
2018-02-10 01:00:00,2018-02-10 01:00,0.98025,0.32976,0.05,0.16456,0.43593,0.44034,0.44034,0.0,0.0
2018-02-10 02:00:00,2018-02-10 02:00,0.81653,0.3329,0.05,0.003,0.43063,0.44453,0.44453,0.0,0.0
2018-02-10 03:00:00,2018-02-10 03:00,0.81506,0.33261,0.05,0.003,0.42945,0.44415,0.44415,0.0,0.0
2018-02-10 04:00:00,2018-02-10 04:00,0.82088,0.33617,0.05,0.003,0.43171,0.44888,0.44888,0.0,0.0
2018-02-10 05:00:00,2018-02-10 05:00,0.81965,0.34605,0.05,0.003,0.4206,0.46208,0.46208,0.0,-0.0
2018-02-10 06:00:00,2018-02-10 06:00,0.9701,0.35098,0.05,0.10535,0.46377,0.46868,0.46868,0.0,-0.0
2018-02-10 07:00:00,2018-02-10 07:00,1.28331,0.38369,0.05,0.31994,0.52968,0.51237,0.51237,0.0,0.0
2018-02-10 08:00:00,2018-02-10 08:00,1.00081,0.37291,0.05,0.003,0.5749,0.49796,0.49796,0.0,-0.0
2018-02-10 09:00:00,2018-02-10 09:00,1.47367,0.36143,0.05,0.41988,0.64236,0.48263,0.48263,0.0,-0.0
2018-02-10 10:00:00,2018-02-10 10:00,1.16633,0.33743,0.05,0.07189,0.70701,0.45058,0.45058,0.0,0.0
2018-02-10 11:00:00,2018-02-10 11:00,1.13097,0.31102,0.05,0.003,0.76695,0.44341,0.41531,0.0,0.0281
2018-02-10 12:00:00,2018-02-10 12:00,1.13125,0.30879,0.05,0.003,0.76946,0.41234,0.41234,0.0,0.0
2018-02-10 13:00:00,2018-02-10 13:00,1.47126,0.29548,0.05,0.4176,0.70818,0.39457,0.39457,0.0,0.0
2018-02-10 14:00:00,2018-02-10 14:00,1.37084,0.26903,0.05,0.16674,0.88507,0.35925,0.35925,0.0,-0.0
2018-02-10 15:00:00,2018-02-10 15:00,1.70534,0.24779,0.05,0.41974,0.98781,0.33089,0.33089,0.0,-0.0
2018-02-10 16:00:00,2018-02-10 16:00,1.75687,0.23927,0.05,0.4208,1.0468,0.3195,0.3195,0.0,0.0
2018-02-10 17:00:00,2018-02-10 17:00,1.34205,0.2498,0.05,0.09144,0.95081,0.33358,0.33358,0.0,-0.0
2018-02-10 18:00:00,2018-02-10 18:00,1.29677,0.27487,0.05,0.3041,0.6678,0.36705,0.36705,0.0,-0.0
2018-02-10 19:00:00,2018-02-10 19:00,1.63766,0.28894,0.05,0.30547,0.99325,0.44203,0.38582,0.0,0.0562
2018-02-10 20:00:00,2018-02-10 20:00,1.35964,0.29896,0.05,0.003,1.00768,0.39921,0.39921,0.0,0.0
2018-02-10 21:00:00,2018-02-10 21:00,1.51777,0.3067,0.05,0.003,1.15807,0.40955,0.40955,0.0,-0.0
2018-02-10 22:00:00,2018-02-10 22:00,1.23177,0.32141,0.05,0.003,0.85736,0.42919,0.42919,0.0,0.0
2018-02-10 23:00:00,2018-02-10 23:00,0.99823,0.33897,0.05,0.003,0.60626,0.45265,0.45265,0.0,0.0
2018-02-11 00:00:00,2018-02-11 00:00,0.86075,0.35369,0.05,0.003,0.45406,0.4723,0.4723,0.0,-0.0
2018-02-11 01:00:00,2018-02-11 01:00,0.85532,0.3664,0.05,0.003,0.43592,0.48927,0.48927,0.0,0.0
2018-02-11 02:00:00,2018-02-11 02:00,0.85112,0.36749,0.05,0.003,0.43063,0.49072,0.49072,0.0,0.0
2018-02-11 03:00:00,2018-02-11 03:00,0.8566,0.37414,0.05,0.003,0.42946,0.4996,0.4996,0.0,0.0
2018-02-11 04:00:00,2018-02-11 04:00,0.86278,0.3856,0.05,0.003,0.42418,0.5149,0.5149,0.0,-0.0
2018-02-11 05:00:00,2018-02-11 05:00,1.1984,0.39046,0.05,0.31624,0.4417,0.5214,0.5214,0.0,-0.0
2018-02-11 06:00:00,2018-02-11 06:00,1.31746,0.39086,0.05,0.41376,0.46284,0.52192,0.52192,0.0,0.0
2018-02-11 07:00:00,2018-02-11 07:00,1.32926,0.41781,0.05,0.39642,0.46503,0.55979,0.55791,0.0,0.00187
2018-02-11 08:00:00,2018-02-11 08:00,1.04462,0.3905,0.05,0.003,0.60112,0.54766,0.52143,0.0,0.02622
2018-02-11 09:00:00,2018-02-11 09:00,1.33308,0.38243,0.05,0.20455,0.6961,0.51066,0.51066,0.0,0.0
2018-02-11 10:00:00,2018-02-11 10:00,1.59974,0.34202,0.05,0.42044,0.78728,0.4848,0.45671,0.0,0.0281
2018-02-11 11:00:00,2018-02-11 11:00,1.28302,0.31277,0.05,0.15585,0.7644,0.41764,0.41764,0.0,0.0
2018-02-11 12:00:00,2018-02-11 12:00,1.05698,0.29098,0.05,0.003,0.713,0.38855,0.38855,0.0,-0.0
2018-02-11 13:00:00,2018-02-11 13:00,1.34279,0.27255,0.05,0.31003,0.71021,0.36395,0.36395,0.0,0.0
2018-02-11 14:00:00,2018-02-11 14:00,1.61282,0.25025,0.05,0.37681,0.93576,0.33417,0.33417,0.0,-0.0
2018-02-11 15:00:00,2018-02-11 15:00,2.37383,0.24715,0.05,0.003,2.07368,0.33002,0.33002,0.0,-0.0
2018-02-11 16:00:00,2018-02-11 16:00,3.23108,0.24995,0.05,0.003,2.92813,0.33375,0.33375,0.0,0.0
2018-02-11 17:00:00,2018-02-11 17:00,1.01758,0.23452,0.05,0.003,0.73006,0.31316,0.31316,0.0,0.0
2018-02-11 18:00:00,2018-02-11 18:00,1.47762,0.23682,0.05,0.40948,0.78132,0.31624,0.31624,0.0,-0.0
2018-02-11 19:00:00,2018-02-11 19:00,1.71199,0.26457,0.05,0.40912,0.9883,0.35329,0.35329,0.0,0.0
2018-02-11 20:00:00,2018-02-11 20:00,1.70658,0.25526,0.05,0.40585,0.99547,0.34087,0.34087,0.0,0.0
2018-02-11 21:00:00,2018-02-11 21:00,1.46527,0.27137,0.05,0.42552,0.71838,0.36236,0.36236,0.0,-0.0
2018-02-11 22:00:00,2018-02-11 22:00,1.21197,0.28578,0.05,0.21704,0.65915,0.38161,0.38161,0.0,-0.0
2018-02-11 23:00:00,2018-02-11 23:00,0.91797,0.29635,0.05,0.003,0.56862,0.39573,0.39573,0.0,0.0
2018-02-12 00:00:00,2018-02-12 00:00,1.24693,0.30415,0.05,0.41807,0.47471,0.40615,0.40615,0.0,-0.0
2018-02-12 01:00:00,2018-02-12 01:00,0.87591,0.31115,0.05,0.08008,0.43468,0.41548,0.41548,0.0,-0.0
2018-02-12 02:00:00,2018-02-12 02:00,0.80472,0.32235,0.05,0.003,0.42937,0.43043,0.43043,0.0,0.0
2018-02-12 03:00:00,2018-02-12 03:00,0.81851,0.33731,0.05,0.003,0.4282,0.45041,0.45041,0.0,-0.0
2018-02-12 04:00:00,2018-02-12 04:00,0.81959,0.34387,0.05,0.003,0.42272,0.45919,0.45919,0.0,0.0
2018-02-12 05:00:00,2018-02-12 05:00,0.82359,0.35163,0.05,0.003,0.41896,0.46955,0.46955,0.0,0.0
2018-02-12 06:00:00,2018-02-12 06:00,0.83233,0.35859,0.05,0.003,0.42074,0.47884,0.47884,0.0,0.0
2018-02-12 07:00:00,2018-02-12 07:00,1.05364,0.38602,0.05,0.10586,0.51176,0.51548,0.51548,0.0,-0.0
2018-02-12 08:00:00,2018-02-12 08:00,1.36867,0.37456,0.05,0.42273,0.52138,0.50015,0.50015,0.0,-0.0
2018-02-12 09:00:00,2018-02-12 09:00,1.1622,0.36663,0.05,0.19659,0.54898,0.48957,0.48957,0.0,0.0
2018-02-12 10:00:00,2018-02-12 10:00,1.05324,0.34351,0.05,0.10415,0.55558,0.4587,0.4587,0.0,0.0
2018-02-12 11:00:00,2018-02-12 11:00,1.31664,0.31957,0.05,0.40235,0.54472,0.42672,0.42672,0.0,-0.0
2018-02-12 12:00:00,2018-02-12 12:00,1.24033,0.30656,0.05,0.40686,0.47691,0.40936,0.40936,0.0,-0.0
2018-02-12 13:00:00,2018-02-12 13:00,1.1503,0.29409,0.05,0.36622,0.43999,0.39272,0.39272,0.0,0.0
2018-02-12 14:00:00,2018-02-12 14:00,0.77824,0.28517,0.05,0.003,0.44007,0.3808,0.3808,0.0,0.0
2018-02-12 15:00:00,2018-02-12 15:00,0.91616,0.26856,0.05,0.10465,0.49295,0.35861,0.35861,0.0,0.0
2018-02-12 16:00:00,2018-02-12 16:00,1.21281,0.25987,0.05,0.42464,0.4783,0.34702,0.34702,0.0,0.0
2018-02-12 17:00:00,2018-02-12 17:00,1.13594,0.24942,0.05,0.21503,0.62149,0.36491,0.33306,0.0,0.03184
2018-02-12 18:00:00,2018-02-12 18:00,1.20842,0.25374,0.05,0.003,0.90168,0.36319,0.33883,0.0,0.02437
2018-02-12 19:00:00,2018-02-12 19:00,1.68375,0.27501,0.05,0.10383,1.25491,0.39534,0.36723,0.0,0.0281
2018-02-12 20:00:00,2018-02-12 20:00,2.20599,0.26996,0.05,0.41107,1.47496,0.36048,0.36048,0.0,0.0
2018-02-12 21:00:00,2018-02-12 21:00,2.13495,0.28286,0.05,0.39873,1.40336,0.37772,0.37772,0.0,-0.0
2018-02-12 22:00:00,2018-02-12 22:00,1.22797,0.30375,0.05,0.003,0.87122,0.4056,0.4056,0.0,0.0
2018-02-12 23:00:00,2018-02-12 23:00,0.93343,0.31575,0.05,0.003,0.56468,0.42163,0.42163,0.0,0.0
2018-02-13 00:00:00,2018-02-13 00:00,0.80536,0.31351,0.05,0.003,0.43885,0.41864,0.41864,0.0,-0.0
2018-02-13 01:00:00,2018-02-13 01:00,0.79844,0.31077,0.05,0.003,0.43467,0.41498,0.41498,0.0,0.0
2018-02-13 02:00:00,2018-02-13 02:00,0.89987,0.314,0.05,0.10291,0.43296,0.41929,0.41929,0.0,0.0
2018-02-13 03:00:00,2018-02-13 03:00,1.20632,0.31347,0.05,0.41465,0.4282,0.41858,0.41858,0.0,-0.0
2018-02-13 04:00:00,2018-02-13 04:00,0.91753,0.31531,0.05,0.1295,0.42272,0.42105,0.42105,0.0,0.0
2018-02-13 05:00:00,2018-02-13 05:00,0.7871,0.31514,0.05,0.003,0.41896,0.42081,0.42081,0.0,0.0
2018-02-13 06:00:00,2018-02-13 06:00,0.80377,0.31363,0.05,0.003,0.43714,0.41879,0.41879,0.0,0.0
2018-02-13 07:00:00,2018-02-13 07:00,1.32418,0.31762,0.05,0.30805,0.64851,0.45223,0.42413,0.0,0.0281
2018-02-13 08:00:00,2018-02-13 08:00,1.46692,0.2972,0.05,0.40759,0.71213,0.39685,0.39685,0.0,0.0
2018-02-13 09:00:00,2018-02-13 09:00,1.37588,0.29082,0.05,0.41665,0.61841,0.38835,0.38835,0.0,0.0
2018-02-13 10:00:00,2018-02-13 10:00,1.33791,0.29003,0.05,0.40298,0.5949,0.38728,0.38727,0.0,0.0
2018-02-13 11:00:00,2018-02-13 11:00,1.23646,0.29309,0.05,0.4178,0.47557,0.39136,0.39136,0.0,-0.0
2018-02-13 12:00:00,2018-02-13 12:00,0.92992,0.28379,0.05,0.16244,0.43369,0.37894,0.37894,0.0,-0.0
2018-02-13 13:00:00,2018-02-13 13:00,0.76073,0.26774,0.05,0.003,0.43999,0.35752,0.35752,0.0,0.0
2018-02-13 14:00:00,2018-02-13 14:00,0.73645,0.24337,0.05,0.003,0.44008,0.32498,0.32498,0.0,0.0
2018-02-13 15:00:00,2018-02-13 15:00,0.72083,0.22639,0.05,0.003,0.44144,0.3023,0.3023,0.0,0.0
2018-02-13 16:00:00,2018-02-13 16:00,0.91067,0.20621,0.05,0.10452,0.54994,0.27536,0.27536,0.0,0.0
2018-02-13 17:00:00,2018-02-13 17:00,2.62334,0.21119,0.05,0.41459,1.94756,0.28201,0.28201,0.0,0.0
2018-02-13 18:00:00,2018-02-13 18:00,1.34438,0.21403,0.05,0.41243,0.66792,0.28578,0.28578,0.0,0.0
2018-02-13 19:00:00,2018-02-13 19:00,0.80566,0.23721,0.05,0.003,0.51545,0.31675,0.31675,0.0,0.0
2018-02-13 20:00:00,2018-02-13 20:00,1.00582,0.22196,0.05,0.003,0.73086,0.29639,0.29639,0.0,0.0
2018-02-13 21:00:00,2018-02-13 21:00,1.56978,0.21374,0.05,0.20567,1.10037,0.28541,0.28541,0.0,0.0
2018-02-13 22:00:00,2018-02-13 22:00,1.73197,0.2143,0.05,0.42835,1.03932,0.28617,0.28617,0.0,0.0
2018-02-13 23:00:00,2018-02-13 23:00,1.01728,0.22377,0.05,0.02811,0.7154,0.29879,0.29879,0.0,-0.0
2018-02-14 00:00:00,2018-02-14 00:00,0.74013,0.23371,0.05,0.003,0.45342,0.31209,0.31209,0.0,0.0
2018-02-14 01:00:00,2018-02-14 01:00,0.72762,0.23996,0.05,0.003,0.43466,0.32042,0.32042,0.0,0.0
2018-02-14 02:00:00,2018-02-14 02:00,0.72512,0.24273,0.05,0.003,0.42939,0.32412,0.32412,0.0,0.0
2018-02-14 03:00:00,2018-02-14 03:00,0.7242,0.243,0.05,0.003,0.4282,0.32448,0.32448,0.0,0.0
2018-02-14 04:00:00,2018-02-14 04:00,0.7184,0.24268,0.05,0.003,0.42272,0.32406,0.32406,0.0,0.0
2018-02-14 05:00:00,2018-02-14 05:00,0.71704,0.24509,0.05,0.003,0.41895,0.32728,0.32728,0.0,0.0
2018-02-14 06:00:00,2018-02-14 06:00,0.96459,0.24824,0.05,0.21127,0.45508,0.33521,0.33147,0.0,0.00374
2018-02-14 07:00:00,2018-02-14 07:00,1.38974,0.25546,0.05,0.41042,0.67386,0.36549,0.34112,0.0,0.02437
2018-02-14 08:00:00,2018-02-14 08:00,1.36129,0.25042,0.05,0.41056,0.65031,0.33439,0.33439,0.0,0.0
2018-02-14 09:00:00,2018-02-14 09:00,1.17614,0.25008,0.05,0.41497,0.46109,0.33394,0.33394,0.0,-0.0
2018-02-14 10:00:00,2018-02-14 10:00,0.71321,0.22214,0.05,0.003,0.43807,0.29664,0.29664,0.0,0.0
2018-02-14 11:00:00,2018-02-14 11:00,0.68119,0.19558,0.05,0.003,0.43261,0.26116,0.26116,0.0,0.0
2018-02-14 12:00:00,2018-02-14 12:00,0.66611,0.17942,0.05,0.003,0.43369,0.23957,0.23957,0.0,0.0
2018-02-14 13:00:00,2018-02-14 13:00,0.6538,0.16082,0.05,0.003,0.43998,0.21474,0.21474,0.0,0.0
2018-02-14 14:00:00,2018-02-14 14:00,0.63881,0.14574,0.05,0.003,0.44007,0.1946,0.1946,0.0,-0.0
2018-02-14 15:00:00,2018-02-14 15:00,0.63541,0.14097,0.05,0.003,0.44144,0.18823,0.18823,0.0,0.0
2018-02-14 16:00:00,2018-02-14 16:00,0.84018,0.12633,0.05,0.003,0.66085,0.16868,0.16868,0.0,0.0
2018-02-14 17:00:00,2018-02-14 17:00,1.14611,0.11867,0.05,0.10823,0.86921,0.15847,0.15847,0.0,0.0
2018-02-14 18:00:00,2018-02-14 18:00,1.51576,0.12298,0.05,0.41209,0.93069,0.16422,0.16422,0.0,0.0
2018-02-14 19:00:00,2018-02-14 19:00,1.54048,0.14375,0.05,0.40625,0.94048,0.19196,0.19196,0.0,-0.0
2018-02-14 20:00:00,2018-02-14 20:00,1.72287,0.12397,0.05,0.40289,1.14601,0.19364,0.16554,0.0,0.0281
2018-02-14 21:00:00,2018-02-14 21:00,2.07397,0.12355,0.05,0.42476,1.47566,0.16498,0.16498,0.0,-0.0
2018-02-14 22:00:00,2018-02-14 22:00,1.65191,0.13161,0.05,0.26753,1.20277,0.17575,0.17575,0.0,0.0
2018-02-14 23:00:00,2018-02-14 23:00,0.89502,0.14345,0.05,0.003,0.69857,0.19155,0.19155,0.0,0.0
2018-02-15 00:00:00,2018-02-15 00:00,0.69305,0.15289,0.05,0.003,0.48716,0.20417,0.20417,0.0,0.0
2018-02-15 01:00:00,2018-02-15 01:00,0.6486,0.16093,0.05,0.003,0.43467,0.2149,0.2149,0.0,0.0
2018-02-15 02:00:00,2018-02-15 02:00,0.64861,0.16623,0.05,0.003,0.42938,0.22197,0.22197,0.0,0.0
2018-02-15 03:00:00,2018-02-15 03:00,0.65352,0.16842,0.05,0.003,0.4321,0.22491,0.22491,0.0,0.0
2018-02-15 04:00:00,2018-02-15 04:00,0.65718,0.17399,0.05,0.003,0.43019,0.23234,0.23234,0.0,0.0
2018-02-15 05:00:00,2018-02-15 05:00,0.99132,0.18237,0.05,0.31237,0.44658,0.24353,0.24353,0.0,-0.0
2018-02-15 06:00:00,2018-02-15 06:00,1.18964,0.17887,0.05,0.42159,0.53918,0.26694,0.23884,0.0,0.0281
2018-02-15 07:00:00,2018-02-15 07:00,1.3345,0.20061,0.05,0.43415,0.64974,0.26788,0.26788,0.0,-0.0
2018-02-15 08:00:00,2018-02-15 08:00,1.16718,0.19357,0.05,0.43209,0.49152,0.25848,0.25848,0.0,-0.0
2018-02-15 09:00:00,2018-02-15 09:00,0.76284,0.18124,0.05,0.06349,0.46811,0.24202,0.24202,0.0,0.0
2018-02-15 10:00:00,2018-02-15 10:00,0.67921,0.16847,0.05,0.003,0.45774,0.22494,0.22494,0.0,0.0
2018-02-15 11:00:00,2018-02-15 11:00,0.64409,0.15848,0.05,0.003,0.43261,0.21162,0.21162,0.0,0.0
2018-02-15 12:00:00,2018-02-15 12:00,0.64068,0.15096,0.05,0.003,0.43672,0.20159,0.20159,0.0,0.0
2018-02-15 13:00:00,2018-02-15 13:00,1.0878,0.14789,0.05,0.38348,0.50643,0.19748,0.19748,0.0,0.0
2018-02-15 14:00:00,2018-02-15 14:00,0.6487,0.15562,0.05,0.003,0.44008,0.20781,0.20781,0.0,0.0
2018-02-15 15:00:00,2018-02-15 15:00,0.69791,0.14839,0.05,0.003,0.49652,0.19814,0.19814,0.0,-0.0
2018-02-15 16:00:00,2018-02-15 16:00,1.22636,0.14405,0.05,0.41211,0.6202,0.19236,0.19236,0.0,0.0
2018-02-15 17:00:00,2018-02-15 17:00,1.37305,0.14829,0.05,0.41282,0.76194,0.19802,0.19802,0.0,0.0
2018-02-15 18:00:00,2018-02-15 18:00,1.55204,0.14667,0.05,0.4146,0.94077,0.22395,0.19585,0.0,0.0281
2018-02-15 19:00:00,2018-02-15 19:00,2.37288,0.18161,0.05,0.43252,1.70875,0.2425,0.2425,0.0,0.0
2018-02-15 20:00:00,2018-02-15 20:00,3.68638,0.20354,0.05,0.1092,3.32364,0.2718,0.2718,0.0,-0.0
2018-02-15 21:00:00,2018-02-15 21:00,1.53893,0.19152,0.05,0.003,1.29441,0.25574,0.25574,0.0,-0.0
2018-02-15 22:00:00,2018-02-15 22:00,1.4936,0.20007,0.05,0.31785,0.92568,0.26716,0.26716,0.0,0.0
2018-02-15 23:00:00,2018-02-15 23:00,1.42128,0.24448,0.05,0.42824,0.69856,0.32645,0.32645,0.0,0.0
2018-02-16 00:00:00,2018-02-16 00:00,1.22809,0.26686,0.05,0.42408,0.48715,0.35635,0.35635,0.0,0.0
2018-02-16 01:00:00,2018-02-16 01:00,0.85747,0.29117,0.05,0.08162,0.43468,0.38882,0.38882,0.0,0.0
2018-02-16 02:00:00,2018-02-16 02:00,0.7906,0.30821,0.05,0.003,0.42939,0.41157,0.41157,0.0,-0.0
2018-02-16 03:00:00,2018-02-16 03:00,0.80562,0.32442,0.05,0.003,0.4282,0.4332,0.4332,0.0,0.0
2018-02-16 04:00:00,2018-02-16 04:00,0.81985,0.34413,0.05,0.003,0.42272,0.45953,0.45953,0.0,0.0
2018-02-16 05:00:00,2018-02-16 05:00,0.81866,0.3467,0.05,0.003,0.41896,0.46296,0.46296,0.0,-0.0
2018-02-16 06:00:00,2018-02-16 06:00,0.83188,0.34174,0.05,0.003,0.43714,0.45633,0.45633,0.0,0.0
2018-02-16 07:00:00,2018-02-16 07:00,1.11192,0.36651,0.05,0.10421,0.5912,0.48941,0.48941,0.0,0.0
2018-02-16 08:00:00,2018-02-16 08:00,1.51081,0.34045,0.05,0.39475,0.72561,0.48272,0.45461,0.0,0.0281
2018-02-16 09:00:00,2018-02-16 09:00,1.44991,0.33524,0.05,0.38406,0.68061,0.44764,0.44764,0.0,-0.0
2018-02-16 10:00:00,2018-02-16 10:00,1.28052,0.31418,0.05,0.36712,0.54922,0.41953,0.41953,0.0,-0.0
2018-02-16 11:00:00,2018-02-16 11:00,1.23477,0.29506,0.05,0.36793,0.52178,0.39401,0.39401,0.0,0.0
2018-02-16 12:00:00,2018-02-16 12:00,1.16944,0.28883,0.05,0.3969,0.43371,0.38568,0.38568,0.0,0.0
2018-02-16 13:00:00,2018-02-16 13:00,1.18704,0.27287,0.05,0.42418,0.43999,0.36437,0.36437,0.0,0.0
2018-02-16 14:00:00,2018-02-16 14:00,1.252,0.25026,0.05,0.43927,0.51247,0.33418,0.33418,0.0,-0.0
2018-02-16 15:00:00,2018-02-16 15:00,1.03138,0.23993,0.05,0.29641,0.44504,0.32037,0.32037,0.0,0.0
2018-02-16 16:00:00,2018-02-16 16:00,0.98985,0.24129,0.05,0.10564,0.59292,0.3222,0.3222,0.0,-0.0
2018-02-16 17:00:00,2018-02-16 17:00,1.43357,0.245,0.05,0.41493,0.72364,0.32715,0.32715,0.0,-0.0
2018-02-16 18:00:00,2018-02-16 18:00,1.57776,0.23362,0.05,0.42928,0.86486,0.34005,0.31194,0.0,0.0281
2018-02-16 19:00:00,2018-02-16 19:00,1.84395,0.25955,0.05,0.32624,1.20816,0.34659,0.34659,0.0,0.0
2018-02-16 20:00:00,2018-02-16 20:00,1.62481,0.24635,0.05,0.10441,1.22405,0.32895,0.32895,0.0,0.0
2018-02-16 21:00:00,2018-02-16 21:00,1.95332,0.25471,0.05,0.4258,1.22281,0.34012,0.34012,0.0,0.0
2018-02-16 22:00:00,2018-02-16 22:00,1.81107,0.2523,0.05,0.08587,1.4229,0.33689,0.33689,0.0,0.0
2018-02-16 23:00:00,2018-02-16 23:00,3.02009,0.26723,0.05,0.003,2.69986,0.35684,0.35684,0.0,0.0
2018-02-17 00:00:00,2018-02-17 00:00,2.42538,0.26608,0.05,0.41875,1.69055,0.35529,0.35529,0.0,0.0
2018-02-17 01:00:00,2018-02-17 01:00,0.91588,0.25662,0.05,0.17334,0.43592,0.34266,0.34266,0.0,0.0
2018-02-17 02:00:00,2018-02-17 02:00,0.73826,0.25462,0.05,0.003,0.43064,0.34001,0.34001,0.0,-0.0
2018-02-17 03:00:00,2018-02-17 03:00,0.72619,0.24375,0.05,0.003,0.42944,0.32548,0.32548,0.0,0.0
2018-02-17 04:00:00,2018-02-17 04:00,0.71104,0.23407,0.05,0.003,0.42397,0.31256,0.31256,0.0,0.0
2018-02-17 05:00:00,2018-02-17 05:00,0.69922,0.22601,0.05,0.003,0.42021,0.3018,0.3018,0.0,0.0
2018-02-17 06:00:00,2018-02-17 06:00,0.69924,0.22427,0.05,0.003,0.42197,0.29947,0.29947,0.0,0.0
2018-02-17 07:00:00,2018-02-17 07:00,0.75629,0.24015,0.05,0.003,0.46314,0.32067,0.32067,0.0,0.0
2018-02-17 08:00:00,2018-02-17 08:00,1.09471,0.20553,0.05,0.20807,0.63111,0.33064,0.27444,0.0,0.0562
2018-02-17 09:00:00,2018-02-17 09:00,1.35717,0.20629,0.05,0.40477,0.69611,0.27547,0.27547,0.0,0.0
2018-02-17 10:00:00,2018-02-17 10:00,1.46803,0.19236,0.05,0.41008,0.81559,0.25686,0.25686,0.0,0.0
2018-02-17 11:00:00,2018-02-17 11:00,1.44566,0.181,0.05,0.42495,0.78971,0.2417,0.2417,0.0,-0.0
2018-02-17 12:00:00,2018-02-17 12:00,1.42308,0.16669,0.05,0.43519,0.7712,0.22258,0.22258,0.0,-0.0
2018-02-17 13:00:00,2018-02-17 13:00,1.04848,0.15184,0.05,0.05363,0.79301,0.20276,0.20276,0.0,-0.0
2018-02-17 14:00:00,2018-02-17 14:00,1.10479,0.13634,0.05,0.003,0.91545,0.18207,0.18207,0.0,-0.0
2018-02-17 15:00:00,2018-02-17 15:00,1.28596,0.11672,0.05,0.10332,1.01592,0.18396,0.15587,0.0,0.0281
2018-02-17 16:00:00,2018-02-17 16:00,1.6361,0.12038,0.05,0.41891,1.04681,0.16075,0.16075,0.0,0.0
2018-02-17 17:00:00,2018-02-17 17:00,1.44803,0.13574,0.05,0.12567,1.13662,0.18125,0.18125,0.0,0.0
2018-02-17 18:00:00,2018-02-17 18:00,1.46184,0.13554,0.05,0.003,1.2733,0.18098,0.18098,0.0,-0.0
2018-02-17 19:00:00,2018-02-17 19:00,1.67152,0.14989,0.05,0.003,1.46863,0.20014,0.20014,0.0,0.0
2018-02-17 20:00:00,2018-02-17 20:00,1.73049,0.14364,0.05,0.003,1.53385,0.1918,0.1918,0.0,-0.0
2018-02-17 21:00:00,2018-02-17 21:00,1.93655,0.15541,0.05,0.32184,1.4093,0.20753,0.20753,0.0,0.0
2018-02-17 22:00:00,2018-02-17 22:00,1.2479,0.17131,0.05,0.05703,0.96956,0.22874,0.22874,0.0,0.0
2018-02-17 23:00:00,2018-02-17 23:00,0.85387,0.1888,0.05,0.003,0.61207,0.25212,0.25212,0.0,0.0
2018-02-18 00:00:00,2018-02-18 00:00,0.72074,0.19963,0.05,0.003,0.46811,0.26658,0.26658,0.0,0.0
2018-02-18 01:00:00,2018-02-18 01:00,0.71961,0.21381,0.05,0.003,0.4528,0.28551,0.28551,0.0,-0.0
2018-02-18 02:00:00,2018-02-18 02:00,0.70909,0.22168,0.05,0.003,0.43441,0.29602,0.29602,0.0,-0.0
2018-02-18 03:00:00,2018-02-18 03:00,0.71068,0.22823,0.05,0.003,0.42945,0.30477,0.30477,0.0,0.0
2018-02-18 04:00:00,2018-02-18 04:00,0.70327,0.2263,0.05,0.003,0.42397,0.30218,0.30218,0.0,0.0
2018-02-18 05:00:00,2018-02-18 05:00,0.69623,0.22303,0.05,0.003,0.4202,0.29781,0.29781,0.0,-0.0
2018-02-18 06:00:00,2018-02-18 06:00,0.70964,0.23467,0.05,0.003,0.42197,0.31335,0.31335,0.0,0.0
2018-02-18 07:00:00,2018-02-18 07:00,0.77292,0.25808,0.05,0.003,0.46184,0.34463,0.34463,0.0,0.0
2018-02-18 08:00:00,2018-02-18 08:00,1.06489,0.24912,0.05,0.32517,0.4406,0.33266,0.33266,0.0,0.0
2018-02-18 09:00:00,2018-02-18 09:00,0.84108,0.2453,0.05,0.003,0.54278,0.32756,0.32756,0.0,0.0
2018-02-18 10:00:00,2018-02-18 10:00,0.84155,0.23915,0.05,0.003,0.5494,0.31934,0.31934,0.0,0.0
2018-02-18 11:00:00,2018-02-18 11:00,1.18177,0.20276,0.05,0.10706,0.82195,0.27075,0.27075,0.0,-0.0
2018-02-18 12:00:00,2018-02-18 12:00,1.54447,0.18737,0.05,0.42158,0.88552,0.25207,0.25019,0.0,0.00187
2018-02-18 13:00:00,2018-02-18 13:00,1.51111,0.16045,0.05,0.42665,0.87401,0.24048,0.21426,0.0,0.02622
2018-02-18 14:00:00,2018-02-18 14:00,1.19608,0.16663,0.05,0.16161,0.81784,0.22249,0.22249,0.0,-0.0
2018-02-18 15:00:00,2018-02-18 15:00,1.42914,0.16782,0.05,0.21029,1.00103,0.22409,0.22409,0.0,0.0
2018-02-18 16:00:00,2018-02-18 16:00,2.10078,0.12717,0.05,0.4157,1.50791,0.19792,0.16982,0.0,0.0281
2018-02-18 17:00:00,2018-02-18 17:00,1.63529,0.11463,0.05,0.4283,1.04236,0.15308,0.15308,0.0,0.0
2018-02-18 18:00:00,2018-02-18 18:00,1.67344,0.11595,0.05,0.436,1.07149,0.15482,0.15482,0.0,-0.0
2018-02-18 19:00:00,2018-02-18 19:00,1.94813,0.12186,0.05,0.41828,1.35799,0.16272,0.16272,0.0,0.0
2018-02-18 20:00:00,2018-02-18 20:00,1.78203,0.11648,0.05,0.41937,1.19618,0.15555,0.15555,0.0,-0.0
2018-02-18 21:00:00,2018-02-18 21:00,1.30478,0.12909,0.05,0.15658,0.96911,0.17237,0.17237,0.0,-0.0
2018-02-18 22:00:00,2018-02-18 22:00,0.97216,0.14487,0.05,0.003,0.77429,0.19346,0.19346,0.0,0.0
2018-02-18 23:00:00,2018-02-18 23:00,1.01673,0.17574,0.05,0.10463,0.68636,0.23468,0.23468,0.0,-0.0
2018-02-19 00:00:00,2018-02-19 00:00,1.20168,0.20477,0.05,0.42489,0.52202,0.27344,0.27344,0.0,0.0
2018-02-19 01:00:00,2018-02-19 01:00,0.8045,0.19794,0.05,0.09257,0.46399,0.26431,0.26431,0.0,0.0
2018-02-19 02:00:00,2018-02-19 02:00,0.79719,0.19314,0.05,0.10572,0.44833,0.2579,0.2579,0.0,-0.0
2018-02-19 03:00:00,2018-02-19 03:00,1.07477,0.20376,0.05,0.38964,0.43137,0.27207,0.27207,0.0,0.0
2018-02-19 04:00:00,2018-02-19 04:00,0.70161,0.22589,0.05,0.003,0.42272,0.30164,0.30164,0.0,0.0
2018-02-19 05:00:00,2018-02-19 05:00,0.71973,0.24777,0.05,0.003,0.41896,0.33086,0.33086,0.0,0.0
2018-02-19 06:00:00,2018-02-19 06:00,0.74637,0.24916,0.05,0.003,0.44421,0.33271,0.33271,0.0,-0.0
2018-02-19 07:00:00,2018-02-19 07:00,1.20187,0.27571,0.05,0.30726,0.5689,0.36815,0.36815,0.0,0.0
2018-02-19 08:00:00,2018-02-19 08:00,1.41802,0.27118,0.05,0.41941,0.67743,0.36211,0.36211,0.0,0.0
2018-02-19 09:00:00,2018-02-19 09:00,1.30281,0.26709,0.05,0.41501,0.57071,0.35665,0.35665,0.0,-0.0
2018-02-19 10:00:00,2018-02-19 10:00,1.2695,0.25987,0.05,0.43338,0.52625,0.34701,0.34701,0.0,0.0
2018-02-19 11:00:00,2018-02-19 11:00,0.77753,0.2632,0.05,0.03172,0.43261,0.35146,0.35146,0.0,0.0
2018-02-19 12:00:00,2018-02-19 12:00,0.7692,0.25943,0.05,0.003,0.45677,0.34643,0.34643,0.0,-0.0
2018-02-19 13:00:00,2018-02-19 13:00,0.74428,0.2513,0.05,0.003,0.43998,0.33557,0.33557,0.0,-0.0
2018-02-19 14:00:00,2018-02-19 14:00,0.74445,0.25138,0.05,0.003,0.44007,0.33566,0.33566,0.0,0.0
2018-02-19 15:00:00,2018-02-19 15:00,0.74977,0.25533,0.05,0.003,0.44144,0.34094,0.34094,0.0,0.0
2018-02-19 16:00:00,2018-02-19 16:00,0.77217,0.25082,0.05,0.003,0.46835,0.33493,0.33493,0.0,-0.0
2018-02-19 17:00:00,2018-02-19 17:00,0.75382,0.24563,0.05,0.003,0.45519,0.328,0.328,0.0,0.0
2018-02-19 18:00:00,2018-02-19 18:00,1.42987,0.23407,0.05,0.30903,0.83677,0.31255,0.31255,0.0,-0.0
2018-02-19 19:00:00,2018-02-19 19:00,1.89485,0.24752,0.05,0.432,1.16533,0.33053,0.33053,0.0,0.0
2018-02-19 20:00:00,2018-02-19 20:00,2.1868,0.22923,0.05,0.43261,1.47496,0.3061,0.3061,0.0,0.0
2018-02-19 21:00:00,2018-02-19 21:00,1.74929,0.22816,0.05,0.12579,1.34534,0.30467,0.30467,0.0,0.0
2018-02-19 22:00:00,2018-02-19 22:00,1.3688,0.23089,0.05,0.003,1.08491,0.30831,0.30831,0.0,0.0
2018-02-19 23:00:00,2018-02-19 23:00,1.08191,0.23643,0.05,0.003,0.79248,0.31571,0.31571,0.0,-0.0
2018-02-20 00:00:00,2018-02-20 00:00,0.83372,0.23275,0.05,0.003,0.54797,0.3108,0.3108,0.0,-0.0
2018-02-20 01:00:00,2018-02-20 01:00,1.07468,0.2334,0.05,0.31787,0.47341,0.31165,0.31165,0.0,0.0
2018-02-20 02:00:00,2018-02-20 02:00,0.84117,0.23137,0.05,0.13042,0.42938,0.30896,0.30896,0.0,0.0
2018-02-20 03:00:00,2018-02-20 03:00,0.71521,0.234,0.05,0.003,0.42821,0.31248,0.31248,0.0,0.0
2018-02-20 04:00:00,2018-02-20 04:00,0.70918,0.23346,0.05,0.003,0.42272,0.31175,0.31175,0.0,-0.0
2018-02-20 05:00:00,2018-02-20 05:00,0.71049,0.23853,0.05,0.003,0.41896,0.31852,0.31852,0.0,0.0
2018-02-20 06:00:00,2018-02-20 06:00,0.89164,0.23151,0.05,0.10819,0.50194,0.34097,0.30912,0.0,0.03184
2018-02-20 07:00:00,2018-02-20 07:00,1.41345,0.23287,0.05,0.42392,0.70666,0.36529,0.31096,0.0,0.05433
2018-02-20 08:00:00,2018-02-20 08:00,1.33767,0.24092,0.05,0.43021,0.61654,0.32171,0.32171,0.0,0.0
2018-02-20 09:00:00,2018-02-20 09:00,1.23798,0.24916,0.05,0.41571,0.52311,0.33272,0.33272,0.0,0.0
2018-02-20 10:00:00,2018-02-20 10:00,1.23624,0.24756,0.05,0.42909,0.50959,0.33058,0.33058,0.0,-0.0
2018-02-20 11:00:00,2018-02-20 11:00,0.98165,0.23736,0.05,0.16943,0.52486,0.31694,0.31694,0.0,0.0
2018-02-20 12:00:00,2018-02-20 12:00,0.78967,0.2366,0.05,0.003,0.50007,0.31595,0.31595,0.0,-0.0
2018-02-20 13:00:00,2018-02-20 13:00,0.73251,0.23639,0.05,0.003,0.44312,0.31567,0.31567,0.0,0.0
2018-02-20 14:00:00,2018-02-20 14:00,0.75204,0.23824,0.05,0.003,0.4608,0.31813,0.31813,0.0,0.0
2018-02-20 15:00:00,2018-02-20 15:00,0.72784,0.2334,0.05,0.003,0.44144,0.31165,0.31165,0.0,0.0
2018-02-20 16:00:00,2018-02-20 16:00,0.71771,0.22349,0.05,0.003,0.44122,0.29843,0.29843,0.0,0.0
2018-02-20 17:00:00,2018-02-20 17:00,0.73691,0.22498,0.05,0.003,0.45893,0.30415,0.30041,0.0,0.00374
2018-02-20 18:00:00,2018-02-20 18:00,1.36524,0.22469,0.05,0.39876,0.69179,0.3525,0.30003,0.0,0.05247
2018-02-20 19:00:00,2018-02-20 19:00,1.63486,0.25167,0.05,0.409,0.92419,0.36416,0.33606,0.0,0.0281
2018-02-20 20:00:00,2018-02-20 20:00,1.70446,0.25133,0.05,0.43021,0.97292,0.3356,0.3356,0.0,-0.0
2018-02-20 21:00:00,2018-02-20 21:00,1.79059,0.26599,0.05,0.17816,1.29644,0.35518,0.35518,0.0,-0.0
2018-02-20 22:00:00,2018-02-20 22:00,2.25315,0.28493,0.05,0.003,1.91522,0.38047,0.38047,0.0,-0.0
2018-02-20 23:00:00,2018-02-20 23:00,3.36395,0.30847,0.05,0.003,3.00248,0.41192,0.41192,0.0,0.0
2018-02-21 00:00:00,2018-02-21 00:00,1.93769,0.29769,0.05,0.42614,1.16386,0.39751,0.39751,0.0,-0.0
2018-02-21 01:00:00,2018-02-21 01:00,1.02262,0.30572,0.05,0.20876,0.45814,0.40825,0.40825,0.0,0.0
2018-02-21 02:00:00,2018-02-21 02:00,0.79586,0.31347,0.05,0.003,0.42939,0.41859,0.41859,0.0,0.0
2018-02-21 03:00:00,2018-02-21 03:00,0.80075,0.31955,0.05,0.003,0.4282,0.42671,0.42671,0.0,-0.0
2018-02-21 04:00:00,2018-02-21 04:00,0.80847,0.33275,0.05,0.003,0.42272,0.44433,0.44433,0.0,0.0
2018-02-21 05:00:00,2018-02-21 05:00,0.81715,0.3452,0.05,0.003,0.41895,0.46096,0.46096,0.0,-0.0
2018-02-21 06:00:00,2018-02-21 06:00,0.96078,0.35592,0.05,0.10352,0.45134,0.47527,0.47527,0.0,0.0
2018-02-21 07:00:00,2018-02-21 07:00,1.41994,0.36854,0.05,0.40065,0.60075,0.52396,0.49211,0.0,0.03184
2018-02-21 08:00:00,2018-02-21 08:00,1.50412,0.32884,0.05,0.41517,0.71011,0.49343,0.43911,0.0,0.05433
2018-02-21 09:00:00,2018-02-21 09:00,1.30641,0.34842,0.05,0.36205,0.54594,0.46525,0.46525,0.0,-0.0
2018-02-21 10:00:00,2018-02-21 10:00,0.81996,0.3289,0.05,0.003,0.43806,0.43918,0.43918,0.0,-0.0
2018-02-21 11:00:00,2018-02-21 11:00,0.78568,0.30007,0.05,0.003,0.43261,0.40068,0.40068,0.0,0.0
2018-02-21 12:00:00,2018-02-21 12:00,0.76353,0.27685,0.05,0.003,0.43368,0.36967,0.36967,0.0,0.0
2018-02-21 13:00:00,2018-02-21 13:00,0.75154,0.25856,0.05,0.003,0.43998,0.34525,0.34525,0.0,-0.0
2018-02-21 14:00:00,2018-02-21 14:00,0.73712,0.24405,0.05,0.003,0.44007,0.32588,0.32588,0.0,0.0
2018-02-21 15:00:00,2018-02-21 15:00,0.77882,0.22929,0.05,0.003,0.49653,0.30618,0.30618,0.0,-0.0
2018-02-21 16:00:00,2018-02-21 16:00,1.14395,0.22219,0.05,0.31572,0.55604,0.2967,0.2967,0.0,0.0
2018-02-21 17:00:00,2018-02-21 17:00,1.28877,0.22067,0.05,0.42474,0.59336,0.29839,0.29465,0.0,0.00374
2018-02-21 18:00:00,2018-02-21 18:00,1.27853,0.19833,0.05,0.2977,0.7325,0.35101,0.26484,0.0,0.08617
2018-02-21 19:00:00,2018-02-21 19:00,1.47032,0.239,0.05,0.20817,0.97315,0.34351,0.31914,0.0,0.02437
2018-02-21 20:00:00,2018-02-21 20:00,2.34998,0.22725,0.05,0.40837,1.66436,0.30346,0.30346,0.0,-0.0
2018-02-21 21:00:00,2018-02-21 21:00,4.35126,0.25411,0.05,0.41859,3.62856,0.33932,0.33932,0.0,-0.0
2018-02-21 22:00:00,2018-02-21 22:00,2.30089,0.24592,0.05,0.20361,1.80136,0.32838,0.32838,0.0,-0.0
2018-02-21 23:00:00,2018-02-21 23:00,1.17441,0.24374,0.05,0.003,0.87767,0.35357,0.32547,0.0,0.0281
2018-02-22 00:00:00,2018-02-22 00:00,0.87654,0.27061,0.05,0.003,0.55293,0.36135,0.36135,0.0,0.0
2018-02-22 01:00:00,2018-02-22 01:00,0.80241,0.29128,0.05,0.003,0.45813,0.38895,0.38895,0.0,0.0
2018-02-22 02:00:00,2018-02-22 02:00,0.77819,0.29581,0.05,0.003,0.42938,0.395,0.395,0.0,0.0
2018-02-22 03:00:00,2018-02-22 03:00,0.78907,0.30787,0.05,0.003,0.4282,0.4111,0.4111,0.0,-0.0
2018-02-22 04:00:00,2018-02-22 04:00,0.90496,0.32129,0.05,0.10651,0.42716,0.42903,0.42903,0.0,-0.0
2018-02-22 05:00:00,2018-02-22 05:00,1.12103,0.31736,0.05,0.31927,0.4344,0.42377,0.42377,0.0,-0.0
2018-02-22 06:00:00,2018-02-22 06:00,0.85523,0.3046,0.05,0.003,0.49763,0.40674,0.40674,0.0,0.0
2018-02-22 07:00:00,2018-02-22 07:00,1.39151,0.31462,0.05,0.39666,0.63023,0.42014,0.42014,0.0,0.0
2018-02-22 08:00:00,2018-02-22 08:00,1.3502,0.29347,0.05,0.40714,0.59959,0.39188,0.39188,0.0,0.0
2018-02-22 09:00:00,2018-02-22 09:00,1.32328,0.28147,0.05,0.42111,0.5707,0.37584,0.37584,0.0,-0.0
2018-02-22 10:00:00,2018-02-22 10:00,1.06603,0.26775,0.05,0.21892,0.52936,0.35753,0.35753,0.0,-0.0
2018-02-22 11:00:00,2018-02-22 11:00,1.03369,0.24778,0.05,0.21104,0.52487,0.33087,0.33087,0.0,0.0
2018-02-22 12:00:00,2018-02-22 12:00,1.02465,0.23256,0.05,0.21569,0.5264,0.31054,0.31054,0.0,-0.0
2018-02-22 13:00:00,2018-02-22 13:00,0.80111,0.21445,0.05,0.003,0.53366,0.28635,0.28635,0.0,0.0
2018-02-22 14:00:00,2018-02-22 14:00,0.99137,0.19819,0.05,0.20652,0.53666,0.26465,0.26465,0.0,0.0
2018-02-22 15:00:00,2018-02-22 15:00,1.20542,0.18468,0.05,0.42831,0.54243,0.24661,0.24661,0.0,-0.0
2018-02-22 16:00:00,2018-02-22 16:00,0.85585,0.18049,0.05,0.10646,0.5189,0.241,0.241,0.0,0.0
2018-02-22 17:00:00,2018-02-22 17:00,0.80235,0.17568,0.05,0.003,0.57367,0.26645,0.2346,0.0,0.03184
2018-02-22 18:00:00,2018-02-22 18:00,1.04628,0.14793,0.05,0.003,0.84535,0.30994,0.19752,0.0,0.11242
2018-02-22 19:00:00,2018-02-22 19:00,1.30868,0.18493,0.05,0.10517,0.96858,0.27505,0.24694,0.0,0.0281
2018-02-22 20:00:00,2018-02-22 20:00,2.0195,0.17961,0.05,0.42172,1.36817,0.23984,0.23984,0.0,0.0
2018-02-22 21:00:00,2018-02-22 21:00,1.70576,0.1771,0.05,0.003,1.47566,0.23649,0.23649,0.0,0.0
2018-02-22 22:00:00,2018-02-22 22:00,1.36984,0.18233,0.05,0.003,1.13451,0.24348,0.24348,0.0,0.0
2018-02-22 23:00:00,2018-02-22 23:00,0.97432,0.18806,0.05,0.003,0.73326,0.25112,0.25112,0.0,-0.0
2018-02-23 00:00:00,2018-02-23 00:00,0.7493,0.19497,0.05,0.003,0.50133,0.26035,0.26035,0.0,-0.0
2018-02-23 01:00:00,2018-02-23 01:00,0.69538,0.20063,0.05,0.003,0.44175,0.26791,0.26791,0.0,-0.0
2018-02-23 02:00:00,2018-02-23 02:00,0.68618,0.20378,0.05,0.003,0.4294,0.27212,0.27212,0.0,0.0
2018-02-23 03:00:00,2018-02-23 03:00,0.68453,0.20333,0.05,0.003,0.4282,0.2715,0.2715,0.0,-0.0
2018-02-23 04:00:00,2018-02-23 04:00,0.67561,0.19989,0.05,0.003,0.42272,0.26692,0.26692,0.0,0.0
2018-02-23 05:00:00,2018-02-23 05:00,0.67028,0.19833,0.05,0.003,0.41895,0.26483,0.26483,0.0,-0.0
2018-02-23 06:00:00,2018-02-23 06:00,1.01759,0.19886,0.05,0.31736,0.45137,0.26556,0.26556,0.0,-0.0
2018-02-23 07:00:00,2018-02-23 07:00,1.20214,0.21504,0.05,0.41277,0.52433,0.28715,0.28715,0.0,-0.0
2018-02-23 08:00:00,2018-02-23 08:00,1.19572,0.21195,0.05,0.4153,0.51847,0.28302,0.28302,0.0,0.0
2018-02-23 09:00:00,2018-02-23 09:00,1.28921,0.215,0.05,0.42768,0.59653,0.2871,0.2871,0.0,0.0
2018-02-23 10:00:00,2018-02-23 10:00,0.8658,0.22073,0.05,0.1373,0.45777,0.29476,0.29476,0.0,0.0
2018-02-23 11:00:00,2018-02-23 11:00,0.69232,0.20672,0.05,0.003,0.4326,0.27604,0.27604,0.0,-0.0
2018-02-23 12:00:00,2018-02-23 12:00,0.70304,0.19014,0.05,0.003,0.4599,0.25391,0.25391,0.0,0.0
2018-02-23 13:00:00,2018-02-23 13:00,0.76557,0.17889,0.05,0.003,0.53368,0.23887,0.23887,0.0,0.0
2018-02-23 14:00:00,2018-02-23 14:00,0.76182,0.17217,0.05,0.003,0.53665,0.2299,0.2299,0.0,0.0
2018-02-23 15:00:00,2018-02-23 15:00,1.07589,0.16223,0.05,0.32122,0.54244,0.21663,0.21663,0.0,-0.0
2018-02-23 16:00:00,2018-02-23 16:00,0.95434,0.15069,0.05,0.1976,0.55605,0.20123,0.20123,0.0,-0.0
2018-02-23 17:00:00,2018-02-23 17:00,1.13321,0.1454,0.05,0.20524,0.73257,0.226,0.19415,0.0,0.03184
2018-02-23 18:00:00,2018-02-23 18:00,1.55602,0.14173,0.05,0.408,0.95629,0.24358,0.18926,0.0,0.05433
2018-02-23 19:00:00,2018-02-23 19:00,1.88585,0.18521,0.05,0.42383,1.22681,0.24731,0.24731,0.0,0.0
2018-02-23 20:00:00,2018-02-23 20:00,1.88368,0.16716,0.05,0.16347,1.50305,0.25131,0.22321,0.0,0.0281
2018-02-23 21:00:00,2018-02-23 21:00,1.9243,0.18457,0.05,0.21407,1.47566,0.24646,0.24646,0.0,-0.0
2018-02-23 22:00:00,2018-02-23 22:00,1.68493,0.19791,0.05,0.19411,1.24291,0.26427,0.26427,0.0,0.0
2018-02-23 23:00:00,2018-02-23 23:00,0.88537,0.2139,0.05,0.003,0.61847,0.28563,0.28563,0.0,0.0
2018-02-24 00:00:00,2018-02-24 00:00,0.778,0.22819,0.05,0.003,0.49681,0.30471,0.30471,0.0,0.0
2018-02-24 01:00:00,2018-02-24 01:00,0.75276,0.24151,0.05,0.003,0.45825,0.32251,0.32251,0.0,0.0
2018-02-24 02:00:00,2018-02-24 02:00,0.73434,0.25071,0.05,0.003,0.43063,0.33478,0.33478,0.0,0.0
2018-02-24 03:00:00,2018-02-24 03:00,0.74658,0.26413,0.05,0.003,0.42945,0.35271,0.35271,0.0,0.0
2018-02-24 04:00:00,2018-02-24 04:00,0.75784,0.28086,0.05,0.003,0.42398,0.37505,0.37505,0.0,-0.0
2018-02-24 05:00:00,2018-02-24 05:00,0.76497,0.29177,0.05,0.003,0.4202,0.3896,0.3896,0.0,0.0
2018-02-24 06:00:00,2018-02-24 06:00,0.77973,0.30475,0.05,0.003,0.42198,0.40694,0.40694,0.0,-0.0
2018-02-24 07:00:00,2018-02-24 07:00,0.84487,0.33004,0.05,0.003,0.46183,0.44071,0.44071,0.0,0.0
2018-02-24 08:00:00,2018-02-24 08:00,1.216,0.30302,0.05,0.32649,0.53649,0.40463,0.40463,0.0,0.0
2018-02-24 09:00:00,2018-02-24 09:00,1.19989,0.28036,0.05,0.09611,0.77342,0.37437,0.37437,0.0,-0.0
2018-02-24 10:00:00,2018-02-24 10:00,1.51475,0.24523,0.05,0.40999,0.80953,0.32746,0.32746,0.0,0.0
2018-02-24 11:00:00,2018-02-24 11:00,1.46125,0.22008,0.05,0.42677,0.7644,0.29388,0.29388,0.0,-0.0
2018-02-24 12:00:00,2018-02-24 12:00,1.49442,0.19732,0.05,0.4173,0.8298,0.26348,0.26348,0.0,0.0
2018-02-24 13:00:00,2018-02-24 13:00,1.5958,0.17418,0.05,0.43284,0.93878,0.26068,0.23258,0.0,0.0281
2018-02-24 14:00:00,2018-02-24 14:00,1.28833,0.17332,0.05,0.09115,0.97386,0.23146,0.23146,0.0,0.0
2018-02-24 15:00:00,2018-02-24 15:00,3.37575,0.18203,0.05,0.003,3.14072,0.24307,0.24307,0.0,-0.0
2018-02-24 16:00:00,2018-02-24 16:00,3.73608,0.18042,0.05,0.30594,3.19972,0.24092,0.24092,0.0,0.0
2018-02-24 17:00:00,2018-02-24 17:00,1.95987,0.1636,0.05,0.43041,1.31586,0.21847,0.21847,0.0,0.0
2018-02-24 18:00:00,2018-02-24 18:00,1.45266,0.16052,0.05,0.07848,1.16366,0.21435,0.21435,0.0,-0.0
2018-02-24 19:00:00,2018-02-24 19:00,2.00059,0.16789,0.05,0.31407,1.46863,0.2242,0.2242,0.0,-0.0
2018-02-24 20:00:00,2018-02-24 20:00,2.03105,0.15521,0.05,0.43232,1.39352,0.20726,0.20726,0.0,0.0
2018-02-24 21:00:00,2018-02-24 21:00,1.40947,0.15892,0.05,0.04259,1.15796,0.21222,0.21222,0.0,-0.0
2018-02-24 22:00:00,2018-02-24 22:00,1.0759,0.16554,0.05,0.003,0.85736,0.22105,0.22105,0.0,0.0
2018-02-24 23:00:00,2018-02-24 23:00,0.91751,0.17817,0.05,0.003,0.68634,0.23793,0.23793,0.0,0.0
2018-02-25 00:00:00,2018-02-25 00:00,0.78295,0.20569,0.05,0.003,0.52426,0.27467,0.27467,0.0,0.0
2018-02-25 01:00:00,2018-02-25 01:00,0.71851,0.22959,0.05,0.003,0.43592,0.30657,0.30657,0.0,0.0
2018-02-25 02:00:00,2018-02-25 02:00,0.73311,0.24948,0.05,0.003,0.43063,0.33314,0.33314,0.0,0.0
2018-02-25 03:00:00,2018-02-25 03:00,0.73944,0.257,0.05,0.003,0.42944,0.34317,0.34317,0.0,-0.0
2018-02-25 04:00:00,2018-02-25 04:00,0.73909,0.26213,0.05,0.003,0.42396,0.35002,0.35002,0.0,0.0
2018-02-25 05:00:00,2018-02-25 05:00,0.72894,0.25574,0.05,0.003,0.4202,0.34148,0.34148,0.0,0.0
2018-02-25 06:00:00,2018-02-25 06:00,0.7306,0.25466,0.05,0.003,0.42294,0.34006,0.34006,0.0,0.0
2018-02-25 07:00:00,2018-02-25 07:00,1.28544,0.27462,0.05,0.42978,0.53104,0.36671,0.36671,0.0,0.0
2018-02-25 08:00:00,2018-02-25 08:00,1.36135,0.26399,0.05,0.43403,0.61333,0.35251,0.35251,0.0,-0.0
2018-02-25 09:00:00,2018-02-25 09:00,1.06415,0.25836,0.05,0.05968,0.69611,0.345,0.345,0.0,0.0
2018-02-25 10:00:00,2018-02-25 10:00,1.77607,0.23871,0.05,0.10499,1.38237,0.34685,0.31876,0.0,0.0281
2018-02-25 11:00:00,2018-02-25 11:00,1.41624,0.23108,0.05,0.42836,0.7068,0.30856,0.30856,0.0,0.0
2018-02-25 12:00:00,2018-02-25 12:00,0.93108,0.21052,0.05,0.00954,0.66102,0.28112,0.28112,0.0,0.0
2018-02-25 13:00:00,2018-02-25 13:00,1.1047,0.196,0.05,0.003,0.8557,0.26173,0.26173,0.0,-0.0
2018-02-25 14:00:00,2018-02-25 14:00,1.49309,0.18996,0.05,0.30928,0.94385,0.25365,0.25365,0.0,0.0
2018-02-25 15:00:00,2018-02-25 15:00,1.62419,0.16814,0.05,0.42052,0.98553,0.22452,0.22452,0.0,0.0
2018-02-25 16:00:00,2018-02-25 16:00,1.45671,0.1619,0.05,0.4287,0.81611,0.2162,0.2162,0.0,0.0
2018-02-25 17:00:00,2018-02-25 17:00,1.08368,0.16735,0.05,0.08107,0.78526,0.22347,0.22347,0.0,-0.0
2018-02-25 18:00:00,2018-02-25 18:00,1.09142,0.16851,0.05,0.003,0.86991,0.22502,0.22502,0.0,0.0
2018-02-25 19:00:00,2018-02-25 19:00,1.71176,0.18292,0.05,0.42123,1.05761,0.24426,0.24426,0.0,-0.0
2018-02-25 20:00:00,2018-02-25 20:00,1.91623,0.17263,0.05,0.42543,1.26817,0.23052,0.23052,0.0,-0.0
2018-02-25 21:00:00,2018-02-25 21:00,1.79788,0.17847,0.05,0.16115,1.40826,0.23832,0.23832,0.0,0.0
2018-02-25 22:00:00,2018-02-25 22:00,1.36362,0.1896,0.05,0.003,1.12102,0.25319,0.25319,0.0,0.0
2018-02-25 23:00:00,2018-02-25 23:00,0.82597,0.20436,0.05,0.003,0.56861,0.27288,0.27288,0.0,0.0
2018-02-26 00:00:00,2018-02-26 00:00,0.7454,0.21448,0.05,0.003,0.47792,0.2864,0.2864,0.0,0.0
2018-02-26 01:00:00,2018-02-26 01:00,0.73793,0.22092,0.05,0.003,0.46401,0.29501,0.29501,0.0,-0.0
2018-02-26 02:00:00,2018-02-26 02:00,0.7339,0.23257,0.05,0.003,0.44833,0.31056,0.31056,0.0,0.0
2018-02-26 03:00:00,2018-02-26 03:00,0.72288,0.23851,0.05,0.003,0.43137,0.31847,0.31847,0.0,0.0
2018-02-26 04:00:00,2018-02-26 04:00,0.82281,0.2378,0.05,0.10784,0.42717,0.31754,0.31754,0.0,-0.0
2018-02-26 05:00:00,2018-02-26 05:00,1.15408,0.23886,0.05,0.4267,0.43852,0.31895,0.31895,0.0,-0.0
2018-02-26 06:00:00,2018-02-26 06:00,1.25165,0.22488,0.05,0.43223,0.54454,0.35651,0.3003,0.0,0.05621
2018-02-26 07:00:00,2018-02-26 07:00,1.32835,0.26054,0.05,0.42941,0.5884,0.34793,0.34793,0.0,0.0
2018-02-26 08:00:00,2018-02-26 08:00,1.22647,0.25084,0.05,0.39,0.53563,0.33495,0.33495,0.0,0.0
2018-02-26 09:00:00,2018-02-26 09:00,0.75118,0.23707,0.05,0.003,0.46111,0.31658,0.31658,0.0,0.0
2018-02-26 10:00:00,2018-02-26 10:00,0.70122,0.21016,0.05,0.003,0.43806,0.28063,0.28063,0.0,0.0
2018-02-26 11:00:00,2018-02-26 11:00,0.69577,0.18399,0.05,0.003,0.45878,0.24569,0.24569,0.0,-0.0
2018-02-26 12:00:00,2018-02-26 12:00,0.94511,0.16021,0.05,0.20851,0.52639,0.21393,0.21393,0.0,0.0
2018-02-26 13:00:00,2018-02-26 13:00,1.1506,0.14926,0.05,0.41768,0.53366,0.1993,0.1993,0.0,0.0
2018-02-26 14:00:00,2018-02-26 14:00,0.7256,0.13594,0.05,0.003,0.53666,0.18153,0.18153,0.0,0.0
2018-02-26 15:00:00,2018-02-26 15:00,0.84857,0.12071,0.05,0.1047,0.57316,0.16118,0.16118,0.0,-0.0
2018-02-26 16:00:00,2018-02-26 16:00,1.21901,0.10983,0.05,0.42559,0.63359,0.14667,0.14667,0.0,0.0
2018-02-26 17:00:00,2018-02-26 17:00,0.79189,0.10994,0.05,0.0423,0.58965,0.14681,0.14681,0.0,-0.0
2018-02-26 18:00:00,2018-02-26 18:00,0.81311,0.11704,0.05,0.003,0.64307,0.16003,0.15629,0.0,0.00374
2018-02-26 19:00:00,2018-02-26 19:00,1.09802,0.12455,0.05,0.003,0.92047,0.19068,0.16632,0.0,0.02437
2018-02-26 20:00:00,2018-02-26 20:00,1.29124,0.12526,0.05,0.003,1.11298,0.16726,0.16726,0.0,0.0
2018-02-26 21:00:00,2018-02-26 21:00,1.71735,0.12148,0.05,0.38745,1.15842,0.16221,0.16221,0.0,-0.0
2018-02-26 22:00:00,2018-02-26 22:00,1.05868,0.12922,0.05,0.003,0.87646,0.17255,0.17255,0.0,-0.0
2018-02-26 23:00:00,2018-02-26 23:00,0.9047,0.13407,0.05,0.003,0.71763,0.17903,0.17903,0.0,0.0
2018-02-27 00:00:00,2018-02-27 00:00,0.74192,0.1443,0.05,0.003,0.54462,0.19269,0.19269,0.0,0.0
2018-02-27 01:00:00,2018-02-27 01:00,0.65158,0.15685,0.05,0.003,0.44173,0.20944,0.20944,0.0,0.0
2018-02-27 02:00:00,2018-02-27 02:00,0.64312,0.16074,0.05,0.003,0.42938,0.21464,0.21464,0.0,0.0
2018-02-27 03:00:00,2018-02-27 03:00,0.64592,0.16472,0.05,0.003,0.4282,0.21994,0.21994,0.0,-0.0
2018-02-27 04:00:00,2018-02-27 04:00,0.64711,0.17139,0.05,0.003,0.42272,0.22886,0.22886,0.0,0.0
2018-02-27 05:00:00,2018-02-27 05:00,0.65772,0.17776,0.05,0.003,0.42696,0.23737,0.23737,0.0,0.0
2018-02-27 06:00:00,2018-02-27 06:00,1.13253,0.18607,0.05,0.42238,0.47408,0.24845,0.24845,0.0,-0.0
2018-02-27 07:00:00,2018-02-27 07:00,1.26701,0.20669,0.05,0.39272,0.6176,0.27599,0.27599,0.0,0.0
2018-02-27 08:00:00,2018-02-27 08:00,1.18731,0.20076,0.05,0.40092,0.53563,0.26808,0.26808,0.0,-0.0
2018-02-27 09:00:00,2018-02-27 09:00,1.18619,0.19375,0.05,0.4123,0.53014,0.25871,0.25871,0.0,0.0
2018-02-27 10:00:00,2018-02-27 10:00,1.16027,0.17068,0.05,0.41023,0.52936,0.22791,0.22791,0.0,0.0
2018-02-27 11:00:00,2018-02-27 11:00,1.14578,0.13822,0.05,0.43268,0.52488,0.18458,0.18458,0.0,-0.0
2018-02-27 12:00:00,2018-02-27 12:00,0.85593,0.11976,0.05,0.18611,0.50006,0.15991,0.15991,0.0,-0.0
2018-02-27 13:00:00,2018-02-27 13:00,0.59753,0.10454,0.05,0.003,0.43999,0.1396,0.1396,0.0,0.0
2018-02-27 14:00:00,2018-02-27 14:00,0.58516,0.0921,0.05,0.003,0.44006,0.12297,0.12297,0.0,-0.0
2018-02-27 15:00:00,2018-02-27 15:00,0.60674,0.08161,0.05,0.003,0.47213,0.10897,0.10897,0.0,-0.0
2018-02-27 16:00:00,2018-02-27 16:00,1.16261,0.069,0.05,0.39635,0.64726,0.09213,0.09213,0.0,0.0
2018-02-27 17:00:00,2018-02-27 17:00,0.87336,0.05942,0.05,0.003,0.76094,0.11119,0.07935,0.0,0.03184
2018-02-27 18:00:00,2018-02-27 18:00,1.25976,0.0611,0.05,0.31011,0.83855,0.10595,0.08158,0.0,0.02437
2018-02-27 19:00:00,2018-02-27 19:00,1.51001,0.08848,0.05,0.43105,0.94048,0.11815,0.11815,0.0,0.0
2018-02-27 20:00:00,2018-02-27 20:00,1.40389,0.0889,0.05,0.20521,1.05978,0.12246,0.11873,0.0,0.00374
2018-02-27 21:00:00,2018-02-27 21:00,1.67082,0.05973,0.05,0.003,1.55809,0.16218,0.07975,0.0,0.08243
2018-02-27 22:00:00,2018-02-27 22:00,1.13753,0.09783,0.05,0.003,0.9867,0.13063,0.13063,0.0,0.0
2018-02-27 23:00:00,2018-02-27 23:00,0.75316,0.1188,0.05,0.003,0.58136,0.15863,0.15863,0.0,-0.0
2018-02-28 00:00:00,2018-02-28 00:00,0.62688,0.12908,0.05,0.003,0.4448,0.17237,0.17237,0.0,0.0
2018-02-28 01:00:00,2018-02-28 01:00,0.63716,0.13424,0.05,0.003,0.44992,0.17925,0.17925,0.0,0.0
2018-02-28 02:00:00,2018-02-28 02:00,0.62964,0.14727,0.05,0.003,0.42937,0.19664,0.19664,0.0,0.0
2018-02-28 03:00:00,2018-02-28 03:00,0.63527,0.15407,0.05,0.003,0.4282,0.20574,0.20574,0.0,0.0
2018-02-28 04:00:00,2018-02-28 04:00,0.74684,0.16042,0.05,0.10926,0.42716,0.21422,0.21422,0.0,0.0
2018-02-28 05:00:00,2018-02-28 05:00,1.09356,0.16063,0.05,0.43637,0.44656,0.21449,0.21449,0.0,0.0
2018-02-28 06:00:00,2018-02-28 06:00,0.91406,0.16732,0.05,0.20213,0.49461,0.22343,0.22343,0.0,0.0
2018-02-28 07:00:00,2018-02-28 07:00,1.288,0.18766,0.05,0.41368,0.63666,0.25434,0.2506,0.0,0.00374
2018-02-28 08:00:00,2018-02-28 08:00,1.37296,0.12922,0.05,0.4281,0.76564,0.28497,0.17255,0.0,0.11242
2018-02-28 09:00:00,2018-02-28 09:00,1.37179,0.1079,0.05,0.4397,0.77419,0.2565,0.14408,0.0,0.11242
2018-02-28 10:00:00,2018-02-28 10:00,0.84539,0.12198,0.05,0.09422,0.57919,0.19286,0.16288,0.0,0.02998
2018-02-28 11:00:00,2018-02-28 11:00,0.69456,0.11669,0.05,0.003,0.52487,0.15582,0.15582,0.0,-0.0
2018-02-28 12:00:00,2018-02-28 12:00,0.88435,0.09851,0.05,0.20945,0.52639,0.13153,0.13153,0.0,0.0
2018-02-28 13:00:00,2018-02-28 13:00,1.07596,0.09005,0.05,0.42949,0.50642,0.12025,0.12025,0.0,-0.0
2018-02-28 14:00:00,2018-02-28 14:00,0.63514,0.08133,0.05,0.06373,0.44008,0.1086,0.1086,0.0,0.0
2018-02-28 15:00:00,2018-02-28 15:00,0.56488,0.07044,0.05,0.003,0.44144,0.09405,0.09405,0.0,0.0
2018-02-28 16:00:00,2018-02-28 16:00,0.56247,0.06389,0.05,0.003,0.44558,0.08532,0.08531,0.0,0.0
2018-02-28 17:00:00,2018-02-28 17:00,0.81014,0.06381,0.05,0.10669,0.58964,0.08521,0.08521,0.0,0.0
2018-02-28 18:00:00,2018-02-28 18:00,1.33344,0.04925,0.05,0.42949,0.8047,0.1257,0.06575,0.0,0.05995
2018-02-28 19:00:00,2018-02-28 19:00,1.46392,0.05221,0.05,0.02945,1.33226,0.12404,0.06972,0.0,0.05433
2018-02-28 20:00:00,2018-02-28 20:00,1.45408,0.06194,0.05,0.003,1.33914,0.0827,0.0827,0.0,0.0
2018-02-28 21:00:00,2018-02-28 21:00,1.55399,0.07454,0.05,0.20664,1.22281,0.09953,0.09953,0.0,-0.0
2018-02-28 22:00:00,2018-02-28 22:00,1.65181,0.08835,0.05,0.434,1.07946,0.11797,0.11797,0.0,-0.0
2018-02-28 23:00:00,2018-02-28 23:00,0.86374,0.10233,0.05,0.05288,0.65853,0.13665,0.13665,0.0,-0.0
2018-03-01 00:00:00,2018-03-01 00:00,0.65524,0.11259,0.05,0.003,0.48965,0.15034,0.15034,0.0,0.0
2018-03-01 01:00:00,2018-03-01 01:00,0.64705,0.1218,0.05,0.003,0.47225,0.16265,0.16265,0.0,0.0
2018-03-01 02:00:00,2018-03-01 02:00,0.64554,0.13209,0.05,0.003,0.46045,0.17637,0.17637,0.0,0.0
2018-03-01 03:00:00,2018-03-01 03:00,0.65249,0.14102,0.05,0.003,0.45847,0.1883,0.1883,0.0,-0.0
2018-03-01 04:00:00,2018-03-01 04:00,0.65592,0.15071,0.05,0.003,0.45221,0.20125,0.20125,0.0,0.0
2018-03-01 05:00:00,2018-03-01 05:00,0.76556,0.15837,0.05,0.10826,0.44893,0.21148,0.21148,0.0,0.0
2018-03-01 06:00:00,2018-03-01 06:00,1.12783,0.16284,0.05,0.43463,0.48036,0.21743,0.21744,0.0,-0.0
2018-03-01 07:00:00,2018-03-01 07:00,1.11282,0.17438,0.05,0.22254,0.6659,0.28717,0.23284,0.0,0.05433
2018-03-01 08:00:00,2018-03-01 08:00,1.14223,0.17941,0.05,0.31247,0.60035,0.23957,0.23957,0.0,0.0
2018-03-01 09:00:00,2018-03-01 09:00,1.13728,0.1744,0.05,0.42822,0.48466,0.23289,0.23289,0.0,0.0
2018-03-01 10:00:00,2018-03-01 10:00,0.72139,0.15572,0.05,0.04475,0.47092,0.20793,0.20793,0.0,-0.0
2018-03-01 11:00:00,2018-03-01 11:00,0.658,0.14033,0.05,0.003,0.46467,0.18738,0.18738,0.0,0.0
2018-03-01 12:00:00,2018-03-01 12:00,0.64492,0.12616,0.05,0.003,0.46576,0.16847,0.16847,0.0,0.0
2018-03-01 13:00:00,2018-03-01 13:00,0.64281,0.10927,0.05,0.003,0.48054,0.1459,0.1459,0.0,0.0
2018-03-01 14:00:00,2018-03-01 14:00,0.69072,0.09412,0.05,0.003,0.5436,0.12567,0.12567,0.0,0.0
2018-03-01 15:00:00,2018-03-01 15:00,1.11129,0.08872,0.05,0.42542,0.54715,0.11845,0.11845,0.0,0.0
2018-03-01 16:00:00,2018-03-01 16:00,1.13035,0.08295,0.05,0.43278,0.56462,0.11077,0.11077,0.0,0.0
2018-03-01 17:00:00,2018-03-01 17:00,1.05299,0.08044,0.05,0.1624,0.76015,0.10742,0.10742,0.0,-0.0
2018-03-01 18:00:00,2018-03-01 18:00,2.2906,0.08589,0.05,0.20478,1.94993,0.1147,0.1147,0.0,0.0
2018-03-01 19:00:00,2018-03-01 19:00,1.40172,0.1096,0.05,0.41738,0.82474,0.14635,0.14635,0.0,0.0
2018-03-01 20:00:00,2018-03-01 20:00,1.45887,0.11655,0.05,0.38576,0.90656,0.15563,0.15563,0.0,0.0
2018-03-01 21:00:00,2018-03-01 21:00,1.12662,0.13191,0.05,0.003,0.94171,0.17615,0.17615,0.0,0.0
2018-03-01 22:00:00,2018-03-01 22:00,2.01813,0.14201,0.05,0.42557,1.40055,0.18962,0.18962,0.0,-0.0
2018-03-01 23:00:00,2018-03-01 23:00,2.13758,0.1681,0.05,0.43011,1.48937,0.22447,0.22447,0.0,-0.0
2018-03-02 00:00:00,2018-03-02 00:00,0.92534,0.17528,0.05,0.21052,0.48954,0.23405,0.23405,0.0,0.0
2018-03-02 01:00:00,2018-03-02 01:00,0.70795,0.18841,0.05,0.003,0.46654,0.25159,0.25159,0.0,0.0
2018-03-02 02:00:00,2018-03-02 02:00,0.71272,0.19926,0.05,0.003,0.46046,0.26607,0.26607,0.0,-0.0
2018-03-02 03:00:00,2018-03-02 03:00,0.71799,0.20652,0.05,0.003,0.45847,0.27577,0.27577,0.0,0.0
2018-03-02 04:00:00,2018-03-02 04:00,0.72289,0.21769,0.05,0.003,0.4522,0.29067,0.29067,0.0,-0.0
2018-03-02 05:00:00,2018-03-02 05:00,0.72882,0.22818,0.05,0.003,0.44764,0.30469,0.30469,0.0,0.0
2018-03-02 06:00:00,2018-03-02 06:00,0.76993,0.22843,0.05,0.003,0.4885,0.33125,0.30503,0.0,0.02622
2018-03-02 07:00:00,2018-03-02 07:00,1.30059,0.25487,0.05,0.4245,0.57122,0.34035,0.34035,0.0,-0.0
2018-03-02 08:00:00,2018-03-02 08:00,1.03254,0.23518,0.05,0.21223,0.53513,0.31404,0.31404,0.0,-0.0
2018-03-02 09:00:00,2018-03-02 09:00,0.81534,0.22386,0.05,0.003,0.53848,0.29892,0.29892,0.0,0.0
2018-03-02 10:00:00,2018-03-02 10:00,0.90092,0.20805,0.05,0.10564,0.53723,0.27781,0.27781,0.0,-0.0
2018-03-02 11:00:00,2018-03-02 11:00,1.20329,0.17956,0.05,0.43071,0.54302,0.25102,0.23978,0.0,0.01124
2018-03-02 12:00:00,2018-03-02 12:00,1.01634,0.1152,0.05,0.18026,0.67088,0.25127,0.15383,0.0,0.09744
2018-03-02 13:00:00,2018-03-02 13:00,0.81192,0.11674,0.05,0.003,0.64218,0.15589,0.15589,0.0,-0.0
2018-03-02 14:00:00,2018-03-02 14:00,0.93956,0.10594,0.05,0.21195,0.57167,0.14147,0.14147,0.0,0.0
2018-03-02 15:00:00,2018-03-02 15:00,1.01195,0.10199,0.05,0.31278,0.54718,0.1362,0.1362,0.0,-0.0
2018-03-02 16:00:00,2018-03-02 16:00,0.82207,0.10257,0.05,0.10491,0.56459,0.13695,0.13695,0.0,0.0
2018-03-02 17:00:00,2018-03-02 17:00,1.22193,0.10141,0.05,0.41416,0.65636,0.13541,0.13541,0.0,0.0
2018-03-02 18:00:00,2018-03-02 18:00,1.31053,0.09829,0.05,0.43004,0.7322,0.13125,0.13125,0.0,-0.0
2018-03-02 19:00:00,2018-03-02 19:00,1.31666,0.11283,0.05,0.42936,0.72447,0.15067,0.15067,0.0,0.0
2018-03-02 20:00:00,2018-03-02 20:00,1.24553,0.10081,0.05,0.18817,0.90655,0.13461,0.13461,0.0,0.0
2018-03-02 21:00:00,2018-03-02 21:00,1.22489,0.0994,0.05,0.003,1.07249,0.13275,0.13275,0.0,-0.0
2018-03-02 22:00:00,2018-03-02 22:00,1.21282,0.10268,0.05,0.003,1.05714,0.13711,0.13711,0.0,0.0
2018-03-02 23:00:00,2018-03-02 23:00,0.9084,0.11713,0.05,0.10575,0.63552,0.1564,0.1564,0.0,0.0
2018-03-03 00:00:00,2018-03-03 00:00,0.98593,0.13047,0.05,0.33392,0.47154,0.17421,0.17421,0.0,-0.0
2018-03-03 01:00:00,2018-03-03 01:00,0.65489,0.13412,0.05,0.003,0.46777,0.17909,0.17909,0.0,0.0
2018-03-03 02:00:00,2018-03-03 02:00,0.65653,0.14182,0.05,0.003,0.46171,0.18937,0.18937,0.0,-0.0
2018-03-03 03:00:00,2018-03-03 03:00,0.65639,0.14367,0.05,0.003,0.45972,0.19186,0.19186,0.0,0.0
2018-03-03 04:00:00,2018-03-03 04:00,0.64529,0.13903,0.05,0.003,0.45326,0.18565,0.18565,0.0,-0.0
2018-03-03 05:00:00,2018-03-03 05:00,0.64552,0.14386,0.05,0.003,0.44866,0.1921,0.1921,0.0,-0.0
2018-03-03 06:00:00,2018-03-03 06:00,0.88217,0.15123,0.05,0.21475,0.46619,0.20193,0.20193,0.0,0.0
2018-03-03 07:00:00,2018-03-03 07:00,1.13614,0.16513,0.05,0.35174,0.56927,0.2205,0.2205,0.0,-0.0
2018-03-03 08:00:00,2018-03-03 08:00,0.81344,0.14778,0.05,0.003,0.61266,0.20857,0.19733,0.0,0.01124
2018-03-03 09:00:00,2018-03-03 09:00,1.26272,0.13638,0.05,0.31116,0.76518,0.19709,0.18211,0.0,0.01498
2018-03-03 10:00:00,2018-03-03 10:00,1.32078,0.13834,0.05,0.42796,0.70448,0.18472,0.18472,0.0,-0.0
2018-03-03 11:00:00,2018-03-03 11:00,1.04954,0.12826,0.05,0.16075,0.71053,0.17128,0.17128,0.0,-0.0
2018-03-03 12:00:00,2018-03-03 12:00,1.30644,0.12715,0.05,0.42574,0.70355,0.16978,0.16978,0.0,-0.0
2018-03-03 13:00:00,2018-03-03 13:00,1.07204,0.13034,0.05,0.09785,0.79385,0.17405,0.17405,0.0,0.0
2018-03-03 14:00:00,2018-03-03 14:00,1.21973,0.11656,0.05,0.20989,0.84328,0.15564,0.15564,0.0,-0.0
2018-03-03 15:00:00,2018-03-03 15:00,2.35958,0.10542,0.05,0.43123,1.77293,0.14079,0.14079,0.0,-0.0
2018-03-03 16:00:00,2018-03-03 16:00,2.1255,0.09296,0.05,0.2091,1.77344,0.12413,0.12413,0.0,-0.0
2018-03-03 17:00:00,2018-03-03 17:00,1.11807,0.09352,0.05,0.003,0.97155,0.12488,0.12488,0.0,-0.0
2018-03-03 18:00:00,2018-03-03 18:00,1.51148,0.09195,0.05,0.30881,1.06072,0.12279,0.12279,0.0,-0.0
2018-03-03 19:00:00,2018-03-03 19:00,1.77562,0.1023,0.05,0.39361,1.22971,0.13659,0.13659,0.0,-0.0
2018-03-03 20:00:00,2018-03-03 20:00,1.46536,0.08732,0.05,0.003,1.32504,0.11661,0.11661,0.0,0.0
2018-03-03 21:00:00,2018-03-03 21:00,1.31953,0.08333,0.05,0.003,1.1832,0.11127,0.11127,0.0,-0.0
2018-03-03 22:00:00,2018-03-03 22:00,1.06341,0.09243,0.05,0.003,0.91798,0.12342,0.12342,0.0,-0.0
2018-03-03 23:00:00,2018-03-03 23:00,0.87209,0.1047,0.05,0.003,0.71439,0.13981,0.13981,0.0,0.0
2018-03-04 00:00:00,2018-03-04 00:00,0.90406,0.11307,0.05,0.215,0.52599,0.15099,0.15099,0.0,-0.0
2018-03-04 01:00:00,2018-03-04 01:00,0.83179,0.11665,0.05,0.18274,0.4824,0.15575,0.15575,0.0,0.0
2018-03-04 02:00:00,2018-03-04 02:00,0.64034,0.12564,0.05,0.003,0.4617,0.16775,0.16775,0.0,0.0
2018-03-04 03:00:00,2018-03-04 03:00,0.65155,0.13883,0.05,0.003,0.45972,0.1854,0.1854,0.0,-0.0
2018-03-04 04:00:00,2018-03-04 04:00,0.65126,0.145,0.05,0.003,0.45326,0.19362,0.19362,0.0,-0.0
2018-03-04 05:00:00,2018-03-04 05:00,0.86445,0.15181,0.05,0.21496,0.44768,0.20271,0.20271,0.0,-0.0
2018-03-04 06:00:00,2018-03-04 06:00,0.8574,0.16499,0.05,0.1918,0.45061,0.22032,0.22032,0.0,0.0
2018-03-04 07:00:00,2018-03-04 07:00,0.73098,0.17118,0.05,0.003,0.5068,0.22857,0.22857,0.0,0.0
2018-03-04 08:00:00,2018-03-04 08:00,0.98093,0.15963,0.05,0.21344,0.55786,0.21315,0.21315,0.0,0.0
2018-03-04 09:00:00,2018-03-04 09:00,1.19838,0.14846,0.05,0.38574,0.61418,0.19825,0.19825,0.0,0.0
2018-03-04 10:00:00,2018-03-04 10:00,0.914,0.14838,0.05,0.003,0.71262,0.19814,0.19814,0.0,0.0
2018-03-04 11:00:00,2018-03-04 11:00,1.29815,0.14925,0.05,0.31512,0.78378,0.19928,0.19928,0.0,0.0
2018-03-04 12:00:00,2018-03-04 12:00,1.31874,0.14026,0.05,0.42149,0.70699,0.18729,0.18729,0.0,0.0
2018-03-04 13:00:00,2018-03-04 13:00,1.25338,0.14373,0.05,0.41487,0.64478,0.19193,0.19193,0.0,-0.0
2018-03-04 14:00:00,2018-03-04 14:00,1.28714,0.13051,0.05,0.43795,0.66868,0.17427,0.17427,0.0,0.0
2018-03-04 15:00:00,2018-03-04 15:00,1.10983,0.10181,0.05,0.18462,0.7734,0.13594,0.13594,0.0,-0.0
2018-03-04 16:00:00,2018-03-04 16:00,0.94405,0.08802,0.05,0.003,0.80303,0.11755,0.11755,0.0,-0.0
2018-03-04 17:00:00,2018-03-04 17:00,0.99416,0.09153,0.05,0.003,0.84963,0.12222,0.12222,0.0,0.0
2018-03-04 18:00:00,2018-03-04 18:00,0.99012,0.08871,0.05,0.003,0.84841,0.12969,0.11845,0.0,0.01124
2018-03-04 19:00:00,2018-03-04 19:00,1.05049,0.09371,0.05,0.003,0.90378,0.14012,0.12514,0.0,0.01498
2018-03-04 20:00:00,2018-03-04 20:00,1.18255,0.09486,0.05,0.109,0.92869,0.12667,0.12667,0.0,0.0
2018-03-04 21:00:00,2018-03-04 21:00,1.74438,0.10607,0.05,0.43936,1.14895,0.14163,0.14163,0.0,0.0
2018-03-04 22:00:00,2018-03-04 22:00,1.30126,0.10846,0.05,0.13555,1.00725,0.14482,0.14482,0.0,-0.0
2018-03-04 23:00:00,2018-03-04 23:00,0.7811,0.12802,0.05,0.003,0.60008,0.17096,0.17096,0.0,0.0
2018-03-05 00:00:00,2018-03-05 00:00,0.70565,0.13444,0.05,0.003,0.51821,0.17953,0.17953,0.0,-0.0
2018-03-05 01:00:00,2018-03-05 01:00,0.87138,0.13683,0.05,0.21228,0.47227,0.18273,0.18273,0.0,0.0
2018-03-05 02:00:00,2018-03-05 02:00,0.84997,0.14095,0.05,0.19856,0.46046,0.18821,0.18821,0.0,0.0
2018-03-05 03:00:00,2018-03-05 03:00,0.6509,0.13942,0.05,0.003,0.45848,0.18618,0.18618,0.0,-0.0
2018-03-05 04:00:00,2018-03-05 04:00,0.65211,0.14691,0.05,0.003,0.4522,0.19617,0.19617,0.0,0.0
2018-03-05 05:00:00,2018-03-05 05:00,0.65261,0.15095,0.05,0.003,0.44866,0.20157,0.20157,0.0,-0.0
2018-03-05 06:00:00,2018-03-05 06:00,1.09492,0.14835,0.05,0.42438,0.47219,0.19809,0.19809,0.0,0.0
2018-03-05 07:00:00,2018-03-05 07:00,1.17617,0.16318,0.05,0.42639,0.5366,0.2179,0.2179,0.0,-0.0
2018-03-05 08:00:00,2018-03-05 08:00,0.77712,0.16285,0.05,0.003,0.56127,0.21745,0.21745,0.0,0.0
2018-03-05 09:00:00,2018-03-05 09:00,1.19027,0.18003,0.05,0.41235,0.54789,0.2404,0.2404,0.0,0.0
2018-03-05 10:00:00,2018-03-05 10:00,1.15177,0.18815,0.05,0.43285,0.48077,0.25122,0.25122,0.0,0.0
2018-03-05 11:00:00,2018-03-05 11:00,0.75919,0.18749,0.05,0.05702,0.46468,0.25037,0.25037,0.0,0.0
2018-03-05 12:00:00,2018-03-05 12:00,0.7108,0.19204,0.05,0.003,0.46576,0.25643,0.25643,0.0,0.0
2018-03-05 13:00:00,2018-03-05 13:00,0.68868,0.16202,0.05,0.003,0.47366,0.21635,0.21635,0.0,0.0
2018-03-05 14:00:00,2018-03-05 14:00,0.69257,0.16588,0.05,0.003,0.47369,0.2215,0.2215,0.0,-0.0
2018-03-05 15:00:00,2018-03-05 15:00,0.70859,0.18055,0.05,0.003,0.47504,0.2411,0.2411,0.0,0.0
2018-03-05 16:00:00,2018-03-05 16:00,0.70677,0.17981,0.05,0.003,0.47396,0.24011,0.24011,0.0,0.0
2018-03-05 17:00:00,2018-03-05 17:00,0.88718,0.18037,0.05,0.1101,0.54671,0.26708,0.24085,0.0,0.02622
2018-03-05 18:00:00,2018-03-05 18:00,1.3481,0.19107,0.05,0.43669,0.67034,0.25515,0.25515,0.0,-0.0
2018-03-05 19:00:00,2018-03-05 19:00,1.31593,0.19732,0.05,0.2052,0.86341,0.26349,0.26349,0.0,-0.0
2018-03-05 20:00:00,2018-03-05 20:00,2.27357,0.1811,0.05,0.003,2.03947,0.24182,0.24182,0.0,0.0
2018-03-05 21:00:00,2018-03-05 21:00,3.96001,0.18993,0.05,0.31748,3.4026,0.25363,0.25363,0.0,-0.0
2018-03-05 22:00:00,2018-03-05 22:00,2.36105,0.19555,0.05,0.23863,1.87687,0.26114,0.26114,0.0,-0.0
2018-03-05 23:00:00,2018-03-05 23:00,0.95062,0.19486,0.05,0.003,0.70276,0.2602,0.2602,0.0,0.0
2018-03-06 00:00:00,2018-03-06 00:00,0.80037,0.19236,0.05,0.003,0.55501,0.25687,0.25687,0.0,0.0
2018-03-06 01:00:00,2018-03-06 01:00,0.71933,0.19409,0.05,0.003,0.47224,0.25915,0.25915,0.0,-0.0
2018-03-06 02:00:00,2018-03-06 02:00,0.70625,0.19278,0.05,0.003,0.46047,0.25742,0.25742,0.0,0.0
2018-03-06 03:00:00,2018-03-06 03:00,0.69746,0.18598,0.05,0.003,0.45848,0.24834,0.24834,0.0,0.0
2018-03-06 04:00:00,2018-03-06 04:00,0.69315,0.18817,0.05,0.003,0.45198,0.25126,0.25126,0.0,0.0
2018-03-06 05:00:00,2018-03-06 05:00,1.02874,0.1739,0.05,0.31747,0.48737,0.27156,0.23221,0.0,0.03935
2018-03-06 06:00:00,2018-03-06 06:00,1.1485,0.17285,0.05,0.43407,0.49158,0.24578,0.2308,0.0,0.01498
2018-03-06 07:00:00,2018-03-06 07:00,1.2483,0.19267,0.05,0.41516,0.59047,0.25728,0.25728,0.0,0.0
2018-03-06 08:00:00,2018-03-06 08:00,0.87377,0.16709,0.05,0.003,0.65368,0.29057,0.22312,0.0,0.06745
2018-03-06 09:00:00,2018-03-06 09:00,1.82393,0.18278,0.05,0.10547,1.48568,0.25719,0.24406,0.0,0.01313
2018-03-06 10:00:00,2018-03-06 10:00,3.34458,0.19977,0.05,0.39797,2.69684,0.26674,0.26674,0.0,0.0
2018-03-06 11:00:00,2018-03-06 11:00,2.97645,0.19527,0.05,0.003,2.72818,0.26076,0.26076,0.0,0.0
2018-03-06 12:00:00,2018-03-06 12:00,1.8419,0.17953,0.05,0.003,1.60937,0.23972,0.23972,0.0,0.0
2018-03-06 13:00:00,2018-03-06 13:00,0.75133,0.15726,0.05,0.003,0.54107,0.20998,0.20998,0.0,0.0
2018-03-06 14:00:00,2018-03-06 14:00,0.95458,0.15444,0.05,0.21369,0.53645,0.20623,0.20623,0.0,-0.0
2018-03-06 15:00:00,2018-03-06 15:00,0.86831,0.16275,0.05,0.16467,0.49089,0.21732,0.21732,0.0,-0.0
2018-03-06 16:00:00,2018-03-06 16:00,0.83578,0.15636,0.05,0.003,0.62642,0.20879,0.20879,0.0,-0.0
2018-03-06 17:00:00,2018-03-06 17:00,0.79416,0.15883,0.05,0.003,0.58233,0.21208,0.21208,0.0,0.0
2018-03-06 18:00:00,2018-03-06 18:00,0.92839,0.14923,0.05,0.003,0.72616,0.22548,0.19926,0.0,0.02622
2018-03-06 19:00:00,2018-03-06 19:00,1.69864,0.16594,0.05,0.42338,1.05932,0.22159,0.22159,0.0,-0.0
2018-03-06 20:00:00,2018-03-06 20:00,2.16954,0.15176,0.05,0.43514,1.53264,0.20264,0.20264,0.0,0.0
2018-03-06 21:00:00,2018-03-06 21:00,3.4034,0.17217,0.05,0.32558,2.85565,0.2299,0.2299,0.0,0.0
2018-03-06 22:00:00,2018-03-06 22:00,1.0813,0.17321,0.05,0.003,0.85509,0.23129,0.23129,0.0,0.0
2018-03-06 23:00:00,2018-03-06 23:00,0.72507,0.18728,0.05,0.003,0.48479,0.25008,0.25008,0.0,0.0
2018-03-07 00:00:00,2018-03-07 00:00,0.71942,0.195,0.05,0.003,0.47142,0.26039,0.26039,0.0,-0.0
2018-03-07 01:00:00,2018-03-07 01:00,0.72211,0.20257,0.05,0.003,0.46654,0.27051,0.27051,0.0,0.0
2018-03-07 02:00:00,2018-03-07 02:00,0.71979,0.20632,0.05,0.003,0.46047,0.27551,0.27551,0.0,0.0
2018-03-07 03:00:00,2018-03-07 03:00,0.7203,0.20884,0.05,0.003,0.45846,0.27887,0.27887,0.0,0.0
2018-03-07 04:00:00,2018-03-07 04:00,0.72231,0.21711,0.05,0.003,0.4522,0.28991,0.28991,0.0,0.0
2018-03-07 05:00:00,2018-03-07 05:00,0.73518,0.23454,0.05,0.003,0.44764,0.31318,0.31318,0.0,-0.0
2018-03-07 06:00:00,2018-03-07 06:00,0.74949,0.24713,0.05,0.003,0.44936,0.33001,0.33001,0.0,0.0
2018-03-07 07:00:00,2018-03-07 07:00,1.32063,0.25912,0.05,0.42218,0.58933,0.38537,0.34602,0.0,0.03935
2018-03-07 08:00:00,2018-03-07 08:00,1.3925,0.23946,0.05,0.43055,0.67249,0.33473,0.31975,0.0,0.01498
2018-03-07 09:00:00,2018-03-07 09:00,2.16064,0.23583,0.05,0.42458,1.45023,0.31492,0.31492,0.0,-0.0
2018-03-07 10:00:00,2018-03-07 10:00,3.09627,0.22926,0.05,0.19318,2.62383,0.30614,0.30614,0.0,0.0
2018-03-07 11:00:00,2018-03-07 11:00,2.88606,0.21548,0.05,0.003,2.61758,0.28774,0.28774,0.0,0.0
2018-03-07 12:00:00,2018-03-07 12:00,2.87625,0.20458,0.05,0.003,2.61867,0.27319,0.27319,0.0,0.0
2018-03-07 13:00:00,2018-03-07 13:00,0.73273,0.17018,0.05,0.003,0.50955,0.22725,0.22725,0.0,0.0
2018-03-07 14:00:00,2018-03-07 14:00,0.6921,0.16542,0.05,0.003,0.47368,0.22088,0.22088,0.0,-0.0
2018-03-07 15:00:00,2018-03-07 15:00,0.69392,0.16588,0.05,0.003,0.47504,0.2215,0.2215,0.0,0.0
2018-03-07 16:00:00,2018-03-07 16:00,0.68724,0.15082,0.05,0.003,0.48342,0.20139,0.20139,0.0,0.0
2018-03-07 17:00:00,2018-03-07 17:00,1.2854,0.14247,0.05,0.42697,0.66596,0.19024,0.19024,0.0,0.0
2018-03-07 18:00:00,2018-03-07 18:00,1.30215,0.14855,0.05,0.41537,0.68823,0.19835,0.19835,0.0,0.0
2018-03-07 19:00:00,2018-03-07 19:00,1.59386,0.16556,0.05,0.41848,0.95982,0.22107,0.22107,0.0,-0.0
2018-03-07 20:00:00,2018-03-07 20:00,1.65063,0.16099,0.05,0.33405,1.10559,0.21498,0.21498,0.0,-0.0
2018-03-07 21:00:00,2018-03-07 21:00,1.38854,0.17462,0.05,0.003,1.16092,0.23317,0.23317,0.0,0.0
2018-03-07 22:00:00,2018-03-07 22:00,1.30611,0.18431,0.05,0.003,1.0688,0.24611,0.24611,0.0,-0.0
2018-03-07 23:00:00,2018-03-07 23:00,1.02273,0.20046,0.05,0.003,0.76927,0.26769,0.26769,0.0,-0.0
2018-03-08 00:00:00,2018-03-08 00:00,0.73907,0.21465,0.05,0.003,0.47142,0.28663,0.28663,0.0,0.0
2018-03-08 01:00:00,2018-03-08 01:00,0.73698,0.21745,0.05,0.003,0.46653,0.29037,0.29037,0.0,-0.0
2018-03-08 02:00:00,2018-03-08 02:00,0.73894,0.22547,0.05,0.003,0.46047,0.30108,0.30108,0.0,0.0
2018-03-08 03:00:00,2018-03-08 03:00,0.74605,0.23458,0.05,0.003,0.45847,0.31324,0.31324,0.0,0.0
2018-03-08 04:00:00,2018-03-08 04:00,0.95823,0.24182,0.05,0.21503,0.45138,0.32292,0.32292,0.0,-0.0
2018-03-08 05:00:00,2018-03-08 05:00,1.14816,0.24981,0.05,0.40053,0.44782,0.33358,0.33358,0.0,0.0
2018-03-08 06:00:00,2018-03-08 06:00,0.78536,0.25375,0.05,0.003,0.47861,0.33884,0.33884,0.0,0.0
2018-03-08 07:00:00,2018-03-08 07:00,1.38355,0.27201,0.05,0.41813,0.64341,0.38945,0.36323,0.0,0.02622
2018-03-08 08:00:00,2018-03-08 08:00,1.38744,0.25407,0.05,0.42576,0.65761,0.33927,0.33927,0.0,0.0
2018-03-08 09:00:00,2018-03-08 09:00,1.25441,0.24091,0.05,0.41563,0.54787,0.32169,0.32169,0.0,-0.0
2018-03-08 10:00:00,2018-03-08 10:00,1.10852,0.21417,0.05,0.30711,0.53724,0.28599,0.28599,0.0,0.0
2018-03-08 11:00:00,2018-03-08 11:00,0.77553,0.19075,0.05,0.003,0.53178,0.25472,0.25472,0.0,0.0
2018-03-08 12:00:00,2018-03-08 12:00,1.15775,0.16955,0.05,0.40527,0.53293,0.22641,0.22641,0.0,0.0
2018-03-08 13:00:00,2018-03-08 13:00,1.17212,0.15157,0.05,0.42948,0.54107,0.20238,0.20238,0.0,-0.0
2018-03-08 14:00:00,2018-03-08 14:00,0.91665,0.14471,0.05,0.17832,0.54362,0.19324,0.19324,0.0,-0.0
2018-03-08 15:00:00,2018-03-08 15:00,1.58624,0.14325,0.05,0.003,1.38999,0.1913,0.1913,0.0,0.0
2018-03-08 16:00:00,2018-03-08 16:00,2.85772,0.13586,0.05,0.003,2.66886,0.20763,0.18141,0.0,0.02622
2018-03-08 17:00:00,2018-03-08 17:00,1.16008,0.12656,0.05,0.20569,0.77783,0.169,0.169,0.0,-0.0
2018-03-08 18:00:00,2018-03-08 18:00,1.50196,0.13795,0.05,0.42845,0.88556,0.18422,0.18422,0.0,0.0
2018-03-08 19:00:00,2018-03-08 19:00,1.53524,0.16258,0.05,0.23998,1.08268,0.21709,0.21709,0.0,-0.0
2018-03-08 20:00:00,2018-03-08 20:00,1.33889,0.15804,0.05,0.003,1.12785,0.21103,0.21103,0.0,0.0
2018-03-08 21:00:00,2018-03-08 21:00,1.59881,0.16502,0.05,0.003,1.38079,0.22036,0.22036,0.0,0.0
2018-03-08 22:00:00,2018-03-08 22:00,1.47519,0.17408,0.05,0.003,1.24811,0.23246,0.23246,0.0,0.0
2018-03-08 23:00:00,2018-03-08 23:00,0.92905,0.18965,0.05,0.003,0.6864,0.25325,0.25325,0.0,0.0
2018-03-09 00:00:00,2018-03-09 00:00,0.74185,0.19931,0.05,0.003,0.48954,0.26615,0.26615,0.0,0.0
2018-03-09 01:00:00,2018-03-09 01:00,0.72213,0.20261,0.05,0.003,0.46652,0.27054,0.27054,0.0,-0.0
2018-03-09 02:00:00,2018-03-09 02:00,0.72003,0.20657,0.05,0.003,0.46046,0.27583,0.27583,0.0,0.0
2018-03-09 03:00:00,2018-03-09 03:00,0.72151,0.21003,0.05,0.003,0.45848,0.28046,0.28046,0.0,0.0
2018-03-09 04:00:00,2018-03-09 04:00,0.7183,0.21309,0.05,0.003,0.45221,0.28454,0.28454,0.0,0.0
2018-03-09 05:00:00,2018-03-09 05:00,0.71644,0.2158,0.05,0.003,0.44764,0.28817,0.28817,0.0,0.0
2018-03-09 06:00:00,2018-03-09 06:00,1.04842,0.22571,0.05,0.31959,0.45312,0.30141,0.30141,0.0,0.0
2018-03-09 07:00:00,2018-03-09 07:00,0.96401,0.24819,0.05,0.10433,0.56149,0.33141,0.33141,0.0,-0.0
2018-03-09 08:00:00,2018-03-09 08:00,1.34533,0.22094,0.05,0.39849,0.6759,0.29502,0.29502,0.0,-0.0
2018-03-09 09:00:00,2018-03-09 09:00,1.28573,0.20764,0.05,0.3981,0.62999,0.27725,0.27725,0.0,-0.0
2018-03-09 10:00:00,2018-03-09 10:00,1.17349,0.19154,0.05,0.39471,0.53724,0.25576,0.25576,0.0,-0.0
2018-03-09 11:00:00,2018-03-09 11:00,1.13427,0.16752,0.05,0.39179,0.52496,0.22368,0.22368,0.0,0.0
2018-03-09 12:00:00,2018-03-09 12:00,1.09043,0.15106,0.05,0.42361,0.46576,0.20172,0.20172,0.0,0.0
2018-03-09 13:00:00,2018-03-09 13:00,1.04292,0.14047,0.05,0.37879,0.47366,0.18758,0.18758,0.0,0.0
2018-03-09 14:00:00,2018-03-09 14:00,0.65615,0.12946,0.05,0.003,0.47369,0.17287,0.17287,0.0,-0.0
2018-03-09 15:00:00,2018-03-09 15:00,0.66846,0.11476,0.05,0.003,0.5007,0.15324,0.15324,0.0,0.0
2018-03-09 16:00:00,2018-03-09 16:00,0.66691,0.10815,0.05,0.003,0.50576,0.14442,0.14442,0.0,-0.0
2018-03-09 17:00:00,2018-03-09 17:00,0.8391,0.11092,0.05,0.11007,0.56811,0.14812,0.14812,0.0,0.0
2018-03-09 18:00:00,2018-03-09 18:00,1.33922,0.09994,0.05,0.43487,0.75441,0.18779,0.13346,0.0,0.05433
2018-03-09 19:00:00,2018-03-09 19:00,1.23686,0.13893,0.05,0.16481,0.88312,0.18553,0.18553,0.0,0.0
2018-03-09 20:00:00,2018-03-09 20:00,2.40933,0.13423,0.05,0.10714,2.11796,0.17924,0.17924,0.0,-0.0
2018-03-09 21:00:00,2018-03-09 21:00,2.85534,0.1347,0.05,0.42869,2.24195,0.17987,0.17987,0.0,0.0
2018-03-09 22:00:00,2018-03-09 22:00,1.51494,0.13846,0.05,0.07837,1.24811,0.18489,0.18489,0.0,0.0
2018-03-09 23:00:00,2018-03-09 23:00,0.86773,0.15718,0.05,0.003,0.65755,0.2099,0.2099,0.0,0.0
2018-03-10 00:00:00,2018-03-10 00:00,0.69269,0.16136,0.05,0.003,0.47833,0.21547,0.21547,0.0,0.0
2018-03-10 01:00:00,2018-03-10 01:00,0.68549,0.16473,0.05,0.003,0.46776,0.21996,0.21996,0.0,-0.0
2018-03-10 02:00:00,2018-03-10 02:00,0.68083,0.16612,0.05,0.003,0.46171,0.22182,0.22182,0.0,0.0
2018-03-10 03:00:00,2018-03-10 03:00,0.67962,0.16689,0.05,0.003,0.45973,0.22286,0.22286,0.0,-0.0
2018-03-10 04:00:00,2018-03-10 04:00,0.67708,0.17063,0.05,0.003,0.45345,0.22784,0.22784,0.0,0.0
2018-03-10 05:00:00,2018-03-10 05:00,0.67424,0.17236,0.05,0.003,0.44888,0.23016,0.23016,0.0,0.0
2018-03-10 06:00:00,2018-03-10 06:00,0.6812,0.17759,0.05,0.003,0.45061,0.23714,0.23714,0.0,0.0
2018-03-10 07:00:00,2018-03-10 07:00,0.75078,0.19099,0.05,0.003,0.50679,0.25503,0.25503,0.0,-0.0
2018-03-10 08:00:00,2018-03-10 08:00,1.11637,0.17192,0.05,0.3228,0.57165,0.22956,0.22956,0.0,0.0
2018-03-10 09:00:00,2018-03-10 09:00,1.32308,0.16559,0.05,0.42775,0.67974,0.22111,0.22111,0.0,-0.0
2018-03-10 10:00:00,2018-03-10 10:00,1.29766,0.15683,0.05,0.42532,0.66551,0.20941,0.20941,0.0,0.0
2018-03-10 11:00:00,2018-03-10 11:00,1.05931,0.15244,0.05,0.24846,0.60841,0.20356,0.20356,0.0,-0.0
2018-03-10 12:00:00,2018-03-10 12:00,0.83416,0.13712,0.05,0.003,0.64404,0.19434,0.1831,0.0,0.01124
2018-03-10 13:00:00,2018-03-10 13:00,1.25963,0.1282,0.05,0.003,1.07843,0.18617,0.17119,0.0,0.01498
2018-03-10 14:00:00,2018-03-10 14:00,3.1235,0.14604,0.05,0.10587,2.82159,0.19502,0.19502,0.0,0.0
2018-03-10 15:00:00,2018-03-10 15:00,1.77988,0.13029,0.05,0.43168,1.16791,0.17397,0.17397,0.0,0.0
2018-03-10 16:00:00,2018-03-10 16:00,0.99889,0.12591,0.05,0.01997,0.80301,0.16812,0.16812,0.0,0.0
2018-03-10 17:00:00,2018-03-10 17:00,1.09,0.09183,0.05,0.003,0.94517,0.21817,0.12262,0.0,0.09556
2018-03-10 18:00:00,2018-03-10 18:00,1.10023,0.1121,0.05,0.003,0.93513,0.16281,0.14968,0.0,0.01313
2018-03-10 19:00:00,2018-03-10 19:00,1.65664,0.13062,0.05,0.41667,1.05935,0.17443,0.17443,0.0,-0.0
2018-03-10 20:00:00,2018-03-10 20:00,1.8059,0.11455,0.05,0.32462,1.31673,0.15298,0.15298,0.0,0.0
2018-03-10 21:00:00,2018-03-10 21:00,1.57862,0.11546,0.05,0.003,1.41016,0.15419,0.15419,0.0,0.0
2018-03-10 22:00:00,2018-03-10 22:00,1.28018,0.12619,0.05,0.003,1.10099,0.16849,0.16849,0.0,0.0
2018-03-10 23:00:00,2018-03-10 23:00,0.90383,0.13643,0.05,0.003,0.7144,0.18218,0.18218,0.0,0.0
2018-03-11 00:00:00,2018-03-11 00:00,0.71889,0.1399,0.05,0.003,0.52599,0.18681,0.18681,0.0,0.0
2018-03-11 01:00:00,2018-03-11 01:00,0.66132,0.1445,0.05,0.003,0.46382,0.19296,0.19296,0.0,-0.0
2018-03-11 02:00:00,2018-03-11 03:00,0.65994,0.14875,0.05,0.003,0.45819,0.19863,0.19863,0.0,0.0
2018-03-11 03:00:00,2018-03-11 04:00,0.65997,0.15128,0.05,0.003,0.45569,0.202,0.202,0.0,0.0
2018-03-11 04:00:00,2018-03-11 05:00,0.97664,0.15278,0.05,0.32415,0.44971,0.20401,0.20401,0.0,-0.0
2018-03-11 05:00:00,2018-03-11 06:00,1.0736,0.15522,0.05,0.40688,0.4615,0.20725,0.20725,0.0,0.0
2018-03-11 06:00:00,2018-03-11 07:00,0.75475,0.16912,0.05,0.003,0.53263,0.22582,0.22582,0.0,0.0
2018-03-11 07:00:00,2018-03-11 08:00,1.09621,0.15385,0.05,0.1062,0.78616,0.20545,0.20545,0.0,-0.0
2018-03-11 08:00:00,2018-03-11 09:00,3.25725,0.15503,0.05,0.42051,2.63171,0.23324,0.20702,0.0,0.02622
2018-03-11 09:00:00,2018-03-11 10:00,3.47471,0.15531,0.05,0.43804,2.83136,0.20739,0.20739,0.0,0.0
2018-03-11 10:00:00,2018-03-11 11:00,1.02255,0.13385,0.05,0.04398,0.79472,0.17873,0.17873,0.0,0.0
2018-03-11 11:00:00,2018-03-11 12:00,1.18049,0.12912,0.05,0.21172,0.78965,0.1724,0.1724,0.0,0.0
2018-03-11 12:00:00,2018-03-11 13:00,1.24955,0.13053,0.05,0.39141,0.67761,0.1743,0.1743,0.0,-0.0
2018-03-11 13:00:00,2018-03-11 14:00,0.78567,0.12901,0.05,0.003,0.60366,0.17227,0.17227,0.0,-0.0
2018-03-11 14:00:00,2018-03-11 15:00,1.05221,0.12188,0.05,0.21081,0.66952,0.16275,0.16275,0.0,0.0
2018-03-11 15:00:00,2018-03-11 16:00,1.37515,0.11191,0.05,0.37367,0.83957,0.16068,0.14944,0.0,0.01124
2018-03-11 16:00:00,2018-03-11 17:00,1.02488,0.10627,0.05,0.003,0.86561,0.15688,0.1419,0.0,0.01498
2018-03-11 17:00:00,2018-03-11 18:00,1.19988,0.10899,0.05,0.003,1.03789,0.14554,0.14554,0.0,0.0
2018-03-11 18:00:00,2018-03-11 19:00,1.61514,0.12307,0.05,0.32191,1.12016,0.16433,0.16433,0.0,0.0
2018-03-11 19:00:00,2018-03-11 20:00,1.37868,0.11619,0.05,0.09552,1.11697,0.15515,0.15515,0.0,0.0
2018-03-11 20:00:00,2018-03-11 21:00,1.13788,0.12459,0.05,0.003,0.96029,0.16637,0.16637,0.0,0.0
2018-03-11 21:00:00,2018-03-11 22:00,0.95911,0.12947,0.05,0.003,0.77664,0.17288,0.17288,0.0,0.0
2018-03-11 22:00:00,2018-03-11 23:00,0.79515,0.1391,0.05,0.003,0.60305,0.18575,0.18575,0.0,-0.0
2018-03-11 23:00:00,2018-03-12 00:00,0.72066,0.14798,0.05,0.003,0.51968,0.1976,0.1976,0.0,0.0
2018-03-12 00:00:00,2018-03-12 01:00,0.69921,0.15497,0.05,0.003,0.49124,0.20693,0.20693,0.0,-0.0
2018-03-12 01:00:00,2018-03-12 02:00,1.10605,0.16508,0.05,0.42356,0.46741,0.22043,0.22043,0.0,-0.0
2018-03-12 02:00:00,2018-03-12 03:00,1.00209,0.17044,0.05,0.32559,0.45606,0.22759,0.22759,0.0,-0.0
2018-03-12 03:00:00,2018-03-12 04:00,0.68466,0.17718,0.05,0.003,0.45448,0.23659,0.23659,0.0,-0.0
2018-03-12 04:00:00,2018-03-12 05:00,1.00985,0.1852,0.05,0.32667,0.44798,0.24729,0.24729,0.0,0.0
2018-03-12 05:00:00,2018-03-12 06:00,1.13562,0.19494,0.05,0.43055,0.46013,0.26031,0.26031,0.0,-0.0
2018-03-12 06:00:00,2018-03-12 07:00,1.23862,0.21616,0.05,0.43563,0.53683,0.28864,0.28864,0.0,0.0
2018-03-12 07:00:00,2018-03-12 08:00,0.77961,0.20763,0.05,0.003,0.51898,0.27727,0.27727,0.0,-0.0
2018-03-12 08:00:00,2018-03-12 09:00,2.32065,0.21514,0.05,0.10528,1.95023,0.28728,0.28728,0.0,-0.0
2018-03-12 09:00:00,2018-03-12 10:00,2.67502,0.20088,0.05,0.41931,2.00483,0.26825,0.26825,0.0,-0.0
2018-03-12 10:00:00,2018-03-12 11:00,1.11136,0.16568,0.05,0.38827,0.50741,0.22125,0.22125,0.0,0.0
2018-03-12 11:00:00,2018-03-12 12:00,0.73099,0.14616,0.05,0.003,0.53183,0.19517,0.19517,0.0,0.0
2018-03-12 12:00:00,2018-03-12 13:00,1.13232,0.12989,0.05,0.41204,0.54039,0.17347,0.17347,0.0,0.0
2018-03-12 13:00:00,2018-03-12 14:00,1.14948,0.12235,0.05,0.43311,0.54402,0.16338,0.16338,0.0,-0.0
2018-03-12 14:00:00,2018-03-12 15:00,0.74263,0.12676,0.05,0.08122,0.48465,0.16926,0.16926,0.0,0.0
2018-03-12 15:00:00,2018-03-12 16:00,1.02612,0.11932,0.05,0.31546,0.54134,0.15933,0.15933,0.0,0.0
2018-03-12 16:00:00,2018-03-12 17:00,1.00919,0.11273,0.05,0.20341,0.64305,0.15053,0.15053,0.0,0.0
2018-03-12 17:00:00,2018-03-12 18:00,0.88571,0.10283,0.05,0.003,0.72988,0.13732,0.13732,0.0,0.0
2018-03-12 18:00:00,2018-03-12 19:00,1.29663,0.08229,0.05,0.21068,0.95366,0.19046,0.10989,0.0,0.08058
2018-03-12 19:00:00,2018-03-12 20:00,1.65185,0.09386,0.05,0.43064,1.07735,0.12533,0.12533,0.0,0.0
2018-03-12 20:00:00,2018-03-12 21:00,1.41222,0.10055,0.05,0.16175,1.09992,0.14552,0.13428,0.0,0.01124
2018-03-12 21:00:00,2018-03-12 22:00,1.05654,0.10758,0.05,0.003,0.89596,0.15864,0.14366,0.0,0.01498
2018-03-12 22:00:00,2018-03-12 23:00,0.84941,0.12426,0.05,0.003,0.67215,0.16592,0.16592,0.0,0.0
2018-03-12 23:00:00,2018-03-13 00:00,0.70393,0.13722,0.05,0.003,0.51371,0.18323,0.18323,0.0,0.0
2018-03-13 00:00:00,2018-03-13 01:00,0.66953,0.14965,0.05,0.003,0.46688,0.19984,0.19984,0.0,0.0
2018-03-13 01:00:00,2018-03-13 02:00,0.67323,0.15767,0.05,0.003,0.46256,0.21055,0.21055,0.0,0.0
2018-03-13 02:00:00,2018-03-13 03:00,0.67228,0.16233,0.05,0.003,0.45695,0.21676,0.21676,0.0,-0.0
2018-03-13 03:00:00,2018-03-13 04:00,0.67986,0.1722,0.05,0.003,0.45466,0.22995,0.22995,0.0,0.0
2018-03-13 04:00:00,2018-03-13 05:00,0.68167,0.17998,0.05,0.003,0.44869,0.24034,0.24034,0.0,-0.0
2018-03-13 05:00:00,2018-03-13 06:00,0.79923,0.18853,0.05,0.10873,0.45197,0.25174,0.25174,0.0,0.0
2018-03-13 06:00:00,2018-03-13 07:00,1.22183,0.21042,0.05,0.42852,0.53289,0.28098,0.28098,0.0,-0.0
2018-03-13 07:00:00,2018-03-13 08:00,1.23029,0.19755,0.05,0.43575,0.54699,0.26379,0.26379,0.0,0.0
2018-03-13 08:00:00,2018-03-13 09:00,1.09024,0.1959,0.05,0.30935,0.53499,0.26159,0.26159,0.0,-0.0
2018-03-13 09:00:00,2018-03-13 10:00,0.73686,0.18311,0.05,0.003,0.50075,0.24452,0.24452,0.0,0.0
2018-03-13 10:00:00,2018-03-13 11:00,0.68731,0.16706,0.05,0.003,0.46725,0.22309,0.22309,0.0,0.0
2018-03-13 11:00:00,2018-03-13 12:00,0.67534,0.15769,0.05,0.003,0.46465,0.21055,0.21055,0.0,-0.0
2018-03-13 12:00:00,2018-03-13 13:00,0.66795,0.14199,0.05,0.003,0.47296,0.1896,0.1896,0.0,0.0
2018-03-13 13:00:00,2018-03-13 14:00,0.66177,0.13469,0.05,0.003,0.47408,0.17984,0.17984,0.0,-0.0
2018-03-13 14:00:00,2018-03-13 15:00,0.65673,0.12974,0.05,0.003,0.47399,0.17324,0.17324,0.0,0.0
2018-03-13 15:00:00,2018-03-13 16:00,0.64432,0.11906,0.05,0.003,0.47226,0.159,0.159,0.0,-0.0
2018-03-13 16:00:00,2018-03-13 17:00,0.64586,0.10703,0.05,0.003,0.48583,0.1429,0.1429,0.0,0.0
2018-03-13 17:00:00,2018-03-13 18:00,0.95283,0.10223,0.05,0.21396,0.58664,0.14776,0.13652,0.0,0.01124
2018-03-13 18:00:00,2018-03-13 19:00,1.47187,0.10436,0.05,0.40983,0.90768,0.15433,0.13935,0.0,0.01498
2018-03-13 19:00:00,2018-03-13 20:00,1.83872,0.09293,0.05,0.41948,1.27631,0.12408,0.12408,0.0,0.0
2018-03-13 20:00:00,2018-03-13 21:00,1.96888,0.09964,0.05,0.43562,1.38362,0.13305,0.13305,0.0,0.0
2018-03-13 21:00:00,2018-03-13 22:00,1.46317,0.11302,0.05,0.14875,1.1514,0.15091,0.15091,0.0,-0.0
2018-03-13 22:00:00,2018-03-13 23:00,0.95996,0.13016,0.05,0.003,0.7768,0.1738,0.1738,0.0,-0.0
2018-03-13 23:00:00,2018-03-14 00:00,1.10035,0.14488,0.05,0.41445,0.49102,0.19345,0.19345,0.0,0.0
2018-03-14 00:00:00,2018-03-14 01:00,0.88891,0.15384,0.05,0.21819,0.46688,0.20543,0.20543,0.0,0.0
2018-03-14 01:00:00,2018-03-14 02:00,0.67735,0.16179,0.05,0.003,0.46256,0.21603,0.21603,0.0,0.0
2018-03-14 02:00:00,2018-03-14 03:00,0.67904,0.1691,0.05,0.003,0.45694,0.22581,0.22581,0.0,0.0
2018-03-14 03:00:00,2018-03-14 04:00,0.68369,0.17602,0.05,0.003,0.45467,0.23505,0.23505,0.0,0.0
2018-03-14 04:00:00,2018-03-14 05:00,0.68585,0.18416,0.05,0.003,0.44869,0.24591,0.24591,0.0,0.0
2018-03-14 05:00:00,2018-03-14 06:00,0.71499,0.19524,0.05,0.003,0.46675,0.26072,0.26072,0.0,0.0
2018-03-14 06:00:00,2018-03-14 07:00,1.25973,0.21236,0.05,0.42409,0.57328,0.28357,0.28357,0.0,-0.0
2018-03-14 07:00:00,2018-03-14 08:00,1.25753,0.19712,0.05,0.42659,0.58382,0.26321,0.26321,0.0,0.0
2018-03-14 08:00:00,2018-03-14 09:00,1.04609,0.19219,0.05,0.26892,0.53498,0.25663,0.25663,0.0,0.0
2018-03-14 09:00:00,2018-03-14 10:00,0.96745,0.16777,0.05,0.20902,0.54066,0.22403,0.22403,0.0,-0.0
2018-03-14 10:00:00,2018-03-14 11:00,1.14854,0.13888,0.05,0.41853,0.54113,0.18543,0.18543,0.0,0.0
2018-03-14 11:00:00,2018-03-14 12:00,1.18461,0.11761,0.05,0.41775,0.59925,0.15704,0.15704,0.0,0.0
2018-03-14 12:00:00,2018-03-14 13:00,1.07994,0.10451,0.05,0.41552,0.50991,0.13956,0.13956,0.0,0.0
2018-03-14 13:00:00,2018-03-14 14:00,0.81441,0.08983,0.05,0.20048,0.4741,0.11996,0.11996,0.0,0.0
2018-03-14 14:00:00,2018-03-14 15:00,0.6297,0.07703,0.05,0.003,0.49967,0.10287,0.10287,0.0,0.0
2018-03-14 15:00:00,2018-03-14 16:00,0.67188,0.06558,0.05,0.003,0.5533,0.08758,0.08758,0.0,0.0
2018-03-14 16:00:00,2018-03-14 17:00,1.13483,0.05163,0.05,0.4267,0.6065,0.08018,0.06894,0.0,0.01124
2018-03-14 17:00:00,2018-03-14 18:00,0.94795,0.03821,0.05,0.08679,0.77295,0.09411,0.05102,0.0,0.04308
2018-03-14 18:00:00,2018-03-14 19:00,0.85606,0.06432,0.05,0.003,0.73874,0.08588,0.08588,0.0,-0.0
2018-03-14 19:00:00,2018-03-14 20:00,1.02024,0.05686,0.05,0.003,0.91038,0.07593,0.07593,0.0,0.0
2018-03-14 20:00:00,2018-03-14 21:00,1.48572,0.0589,0.05,0.21305,1.16377,0.07866,0.07866,0.0,-0.0
2018-03-14 21:00:00,2018-03-14 22:00,1.2203,0.07589,0.05,0.24529,0.84912,0.10135,0.10135,0.0,0.0
2018-03-14 22:00:00,2018-03-14 23:00,0.74218,0.09275,0.05,0.003,0.59643,0.12384,0.12384,0.0,0.0
2018-03-14 23:00:00,2018-03-15 00:00,0.67199,0.10379,0.05,0.003,0.5152,0.13858,0.13858,0.0,0.0
2018-03-15 00:00:00,2018-03-15 01:00,0.63612,0.11051,0.05,0.003,0.47261,0.14756,0.14756,0.0,-0.0
2018-03-15 01:00:00,2018-03-15 02:00,0.63438,0.11882,0.05,0.003,0.46256,0.15866,0.15866,0.0,0.0
2018-03-15 02:00:00,2018-03-15 03:00,0.63371,0.12378,0.05,0.003,0.45693,0.16528,0.16528,0.0,0.0
2018-03-15 03:00:00,2018-03-15 04:00,0.74157,0.12795,0.05,0.10913,0.45449,0.17086,0.17086,0.0,0.0
2018-03-15 04:00:00,2018-03-15 05:00,1.06694,0.13171,0.05,0.43635,0.44888,0.17588,0.17588,0.0,-0.0
2018-03-15 05:00:00,2018-03-15 06:00,1.08705,0.14153,0.05,0.43369,0.46183,0.189,0.189,0.0,-0.0
2018-03-15 06:00:00,2018-03-15 07:00,1.18994,0.16173,0.05,0.42606,0.55215,0.21595,0.21595,0.0,-0.0
2018-03-15 07:00:00,2018-03-15 08:00,0.94799,0.15287,0.05,0.16973,0.57539,0.20414,0.20414,0.0,0.0
2018-03-15 08:00:00,2018-03-15 09:00,0.94419,0.15253,0.05,0.20667,0.53499,0.20367,0.20367,0.0,-0.0
2018-03-15 09:00:00,2018-03-15 10:00,1.16654,0.14972,0.05,0.42617,0.54065,0.19992,0.19992,0.0,-0.0
2018-03-15 10:00:00,2018-03-15 11:00,0.78766,0.13416,0.05,0.06914,0.53436,0.17915,0.17915,0.0,-0.0
2018-03-15 11:00:00,2018-03-15 12:00,0.66144,0.11689,0.05,0.003,0.49155,0.15608,0.15608,0.0,0.0
2018-03-15 12:00:00,2018-03-15 13:00,0.63404,0.1081,0.05,0.003,0.47294,0.14434,0.14434,0.0,0.0
2018-03-15 13:00:00,2018-03-15 14:00,0.62658,0.09949,0.05,0.003,0.47409,0.13286,0.13286,0.0,-0.0
2018-03-15 14:00:00,2018-03-15 15:00,0.62028,0.09329,0.05,0.003,0.47399,0.12457,0.12457,0.0,0.0
2018-03-15 15:00:00,2018-03-15 16:00,0.60815,0.0829,0.05,0.003,0.47225,0.1107,0.1107,0.0,0.0
2018-03-15 16:00:00,2018-03-15 17:00,1.00801,0.07152,0.05,0.31746,0.56903,0.09549,0.09549,0.0,0.0
2018-03-15 17:00:00,2018-03-15 18:00,1.12012,0.08031,0.05,0.42649,0.56332,0.10724,0.10724,0.0,0.0
2018-03-15 18:00:00,2018-03-15 19:00,1.01059,0.09809,0.05,0.06574,0.79676,0.13098,0.13098,0.0,-0.0
2018-03-15 19:00:00,2018-03-15 20:00,1.41948,0.08299,0.05,0.003,1.28349,0.11082,0.11082,0.0,0.0
2018-03-15 20:00:00,2018-03-15 21:00,1.30697,0.09022,0.05,0.003,1.16375,0.12047,0.12047,0.0,0.0
2018-03-15 21:00:00,2018-03-15 22:00,1.30494,0.09744,0.05,0.003,1.1545,0.13012,0.13012,0.0,0.0
2018-03-15 22:00:00,2018-03-15 23:00,2.68384,0.12496,0.05,0.003,2.50588,0.16687,0.16687,0.0,0.0
2018-03-15 23:00:00,2018-03-16 00:00,1.91379,0.13383,0.05,0.32431,1.40565,0.1787,0.1787,0.0,0.0
2018-03-16 00:00:00,2018-03-16 01:00,0.69494,0.13695,0.05,0.04111,0.46688,0.18288,0.18288,0.0,0.0
2018-03-16 01:00:00,2018-03-16 02:00,0.66032,0.14476,0.05,0.003,0.46256,0.1933,0.1933,0.0,-0.0
2018-03-16 02:00:00,2018-03-16 03:00,0.66152,0.15157,0.05,0.003,0.45695,0.2024,0.2024,0.0,0.0
2018-03-16 03:00:00,2018-03-16 04:00,0.66814,0.16066,0.05,0.003,0.45448,0.21452,0.21452,0.0,0.0
2018-03-16 04:00:00,2018-03-16 05:00,1.08445,0.16685,0.05,0.41873,0.44887,0.22281,0.22281,0.0,-0.0
2018-03-16 05:00:00,2018-03-16 06:00,1.1111,0.17816,0.05,0.4146,0.46834,0.2379,0.2379,0.0,-0.0
2018-03-16 06:00:00,2018-03-16 07:00,1.22553,0.19823,0.05,0.40972,0.56758,0.2647,0.2647,0.0,-0.0
2018-03-16 07:00:00,2018-03-16 08:00,1.17459,0.19342,0.05,0.41858,0.51259,0.25829,0.25829,0.0,-0.0
2018-03-16 08:00:00,2018-03-16 09:00,0.99016,0.18775,0.05,0.21118,0.54123,0.25071,0.25071,0.0,0.0
2018-03-16 09:00:00,2018-03-16 10:00,1.14064,0.17306,0.05,0.41684,0.50074,0.23109,0.23109,0.0,0.0
2018-03-16 10:00:00,2018-03-16 11:00,0.88388,0.16534,0.05,0.20129,0.46725,0.22078,0.22078,0.0,0.0
2018-03-16 11:00:00,2018-03-16 12:00,0.67189,0.15422,0.05,0.003,0.46467,0.20593,0.20593,0.0,0.0
2018-03-16 12:00:00,2018-03-16 13:00,0.66088,0.13492,0.05,0.003,0.47296,0.18015,0.18015,0.0,-0.0
2018-03-16 13:00:00,2018-03-16 14:00,0.65118,0.12409,0.05,0.003,0.47409,0.16569,0.16569,0.0,0.0
2018-03-16 14:00:00,2018-03-16 15:00,0.64022,0.11323,0.05,0.003,0.47399,0.15119,0.15119,0.0,0.0
2018-03-16 15:00:00,2018-03-16 16:00,0.62535,0.10011,0.05,0.003,0.47224,0.13368,0.13368,0.0,-0.0
2018-03-16 16:00:00,2018-03-16 17:00,0.63353,0.09472,0.05,0.003,0.48581,0.12646,0.12646,0.0,0.0
2018-03-16 17:00:00,2018-03-16 18:00,1.18922,0.08389,0.05,0.31959,0.73574,0.13824,0.11202,0.0,0.02622
2018-03-16 18:00:00,2018-03-16 19:00,1.31534,0.09816,0.05,0.17445,0.99273,0.13108,0.13108,0.0,0.0
2018-03-16 19:00:00,2018-03-16 20:00,1.3513,0.086,0.05,0.10853,1.10677,0.11483,0.11483,0.0,0.0
2018-03-16 20:00:00,2018-03-16 21:00,1.8647,0.08907,0.05,0.42496,1.30067,0.11894,0.11894,0.0,0.0
2018-03-16 21:00:00,2018-03-16 22:00,3.26054,0.11375,0.05,0.28951,2.80728,0.1519,0.1519,0.0,-0.0
2018-03-16 22:00:00,2018-03-16 23:00,2.92035,0.12092,0.05,0.003,2.74643,0.16147,0.16147,0.0,0.0
2018-03-16 23:00:00,2018-03-17 00:00,1.08498,0.11534,0.05,0.4058,0.51384,0.15402,0.15402,0.0,0.0
2018-03-17 00:00:00,2018-03-17 01:00,0.9581,0.1206,0.05,0.31938,0.46812,0.16102,0.16102,0.0,0.0
2018-03-17 01:00:00,2018-03-17 02:00,0.64357,0.12676,0.05,0.003,0.46381,0.16926,0.16926,0.0,0.0
2018-03-17 02:00:00,2018-03-17 03:00,0.64519,0.13403,0.05,0.003,0.45816,0.17895,0.17895,0.0,0.0
2018-03-17 03:00:00,2018-03-17 04:00,0.64902,0.1401,0.05,0.003,0.45592,0.18708,0.18708,0.0,0.0
2018-03-17 04:00:00,2018-03-17 05:00,0.64618,0.14325,0.05,0.003,0.44993,0.19127,0.19127,0.0,0.0
2018-03-17 05:00:00,2018-03-17 06:00,0.65304,0.15058,0.05,0.003,0.44946,0.20106,0.20106,0.0,0.0
2018-03-17 06:00:00,2018-03-17 07:00,0.74724,0.17628,0.05,0.003,0.51796,0.2354,0.2354,0.0,0.0
2018-03-17 07:00:00,2018-03-17 08:00,1.22699,0.16302,0.05,0.42872,0.58525,0.21769,0.21769,0.0,0.0
2018-03-17 08:00:00,2018-03-17 09:00,1.0117,0.15156,0.05,0.19686,0.61328,0.20237,0.20237,0.0,-0.0
2018-03-17 09:00:00,2018-03-17 10:00,1.73866,0.11143,0.05,0.003,1.57423,0.20312,0.14879,0.0,0.05433
2018-03-17 10:00:00,2018-03-17 11:00,3.1833,0.11183,0.05,0.10645,2.91502,0.14933,0.14933,0.0,0.0
2018-03-17 11:00:00,2018-03-17 12:00,2.72243,0.0896,0.05,0.42457,2.15826,0.11964,0.11964,0.0,-0.0
2018-03-17 12:00:00,2018-03-17 13:00,0.95604,0.06616,0.05,0.15361,0.68627,0.08835,0.08835,0.0,0.0
2018-03-17 13:00:00,2018-03-17 14:00,0.84241,0.05203,0.05,0.003,0.73738,0.06947,0.06947,0.0,0.0
2018-03-17 14:00:00,2018-03-17 15:00,1.29664,0.0426,0.05,0.42085,0.78319,0.05688,0.05688,0.0,-0.0
2018-03-17 15:00:00,2018-03-17 16:00,1.26013,0.03168,0.05,0.26787,0.91058,0.0423,0.0423,0.0,-0.0
2018-03-17 16:00:00,2018-03-17 17:00,1.00459,0.02259,0.05,0.003,0.929,0.03017,0.03017,0.0,-0.0
2018-03-17 17:00:00,2018-03-17 18:00,0.89882,0.02868,0.05,0.003,0.81714,0.03829,0.03829,0.0,0.0
2018-03-17 18:00:00,2018-03-17 19:00,1.39355,0.03807,0.05,0.10632,1.19916,0.05085,0.05085,0.0,-0.0
2018-03-17 19:00:00,2018-03-17 20:00,1.84853,0.03286,0.05,0.41674,1.34893,0.04388,0.04388,0.0,0.0
2018-03-17 20:00:00,2018-03-17 21:00,1.79284,0.04091,0.05,0.28894,1.41299,0.05463,0.05463,0.0,0.0
2018-03-17 21:00:00,2018-03-17 22:00,1.3616,0.05233,0.05,0.003,1.25627,0.06987,0.06987,0.0,-0.0
2018-03-17 22:00:00,2018-03-17 23:00,0.84397,0.07361,0.05,0.003,0.71736,0.09829,0.09829,0.0,0.0
2018-03-17 23:00:00,2018-03-18 00:00,0.68065,0.08949,0.05,0.003,0.53816,0.1195,0.1195,0.0,0.0
2018-03-18 00:00:00,2018-03-18 01:00,0.62309,0.10197,0.05,0.003,0.46812,0.13616,0.13616,0.0,0.0
2018-03-18 01:00:00,2018-03-18 02:00,0.63131,0.1145,0.05,0.003,0.46381,0.1529,0.1529,0.0,0.0
2018-03-18 02:00:00,2018-03-18 03:00,0.63405,0.12285,0.05,0.003,0.4582,0.16405,0.16405,0.0,-0.0
2018-03-18 03:00:00,2018-03-18 04:00,0.64084,0.13193,0.05,0.003,0.45591,0.17617,0.17617,0.0,0.0
2018-03-18 04:00:00,2018-03-18 05:00,0.64052,0.1376,0.05,0.003,0.44992,0.18374,0.18374,0.0,-0.0
2018-03-18 05:00:00,2018-03-18 06:00,0.88571,0.13573,0.05,0.21838,0.4816,0.20746,0.18124,0.0,0.02622
2018-03-18 06:00:00,2018-03-18 07:00,0.8915,0.15664,0.05,0.15789,0.52697,0.20917,0.20917,0.0,-0.0
2018-03-18 07:00:00,2018-03-18 08:00,0.82318,0.14032,0.05,0.10608,0.52678,0.18737,0.18737,0.0,0.0
2018-03-18 08:00:00,2018-03-18 09:00,1.19261,0.1167,0.05,0.42062,0.60529,0.21016,0.15584,0.0,0.05433
2018-03-18 09:00:00,2018-03-18 10:00,1.2397,0.12093,0.05,0.43835,0.63042,0.16148,0.16148,0.0,-0.0
2018-03-18 10:00:00,2018-03-18 11:00,0.81689,0.11328,0.05,0.0223,0.63131,0.15126,0.15126,0.0,0.0
2018-03-18 11:00:00,2018-03-18 12:00,0.79669,0.10356,0.05,0.003,0.64013,0.13829,0.13829,0.0,0.0
2018-03-18 12:00:00,2018-03-18 13:00,0.90461,0.08732,0.05,0.003,0.76429,0.14281,0.11659,0.0,0.02622
2018-03-18 13:00:00,2018-03-18 14:00,1.36261,0.08296,0.05,0.41549,0.81416,0.11078,0.11078,0.0,-0.0
2018-03-18 14:00:00,2018-03-18 15:00,1.22094,0.07472,0.05,0.40047,0.69575,0.126,0.09977,0.0,0.02622
2018-03-18 15:00:00,2018-03-18 16:00,1.00885,0.07341,0.05,0.003,0.88244,0.09803,0.09803,0.0,0.0
2018-03-18 16:00:00,2018-03-18 17:00,1.18533,0.07205,0.05,0.21265,0.85063,0.09622,0.09622,0.0,-0.0
2018-03-18 17:00:00,2018-03-18 18:00,1.27149,0.0728,0.05,0.19519,0.9535,0.0972,0.0972,0.0,-0.0
2018-03-18 18:00:00,2018-03-18 19:00,1.33338,0.08123,0.05,0.003,1.19915,0.10846,0.10846,0.0,0.0
2018-03-18 19:00:00,2018-03-18 20:00,1.47076,0.06882,0.05,0.003,1.34894,0.0919,0.0919,0.0,0.0
2018-03-18 20:00:00,2018-03-18 21:00,1.53601,0.07002,0.05,0.003,1.41299,0.09349,0.09349,0.0,0.0
2018-03-18 21:00:00,2018-03-18 22:00,1.3336,0.07503,0.05,0.003,1.20557,0.10019,0.10019,0.0,-0.0
2018-03-18 22:00:00,2018-03-18 23:00,0.90031,0.08976,0.05,0.10888,0.65167,0.11986,0.11986,0.0,0.0
2018-03-18 23:00:00,2018-03-19 00:00,0.94961,0.09821,0.05,0.28022,0.52118,0.13114,0.13114,0.0,0.0
2018-03-19 00:00:00,2018-03-19 01:00,0.64457,0.09848,0.05,0.003,0.49309,0.13149,0.13149,0.0,-0.0
2018-03-19 01:00:00,2018-03-19 02:00,0.61924,0.10094,0.05,0.003,0.4653,0.13479,0.13479,0.0,0.0
2018-03-19 02:00:00,2018-03-19 03:00,0.6138,0.10579,0.05,0.003,0.45501,0.14126,0.14126,0.0,0.0
2018-03-19 03:00:00,2018-03-19 04:00,0.62168,0.11425,0.05,0.003,0.45443,0.15256,0.15256,0.0,0.0
2018-03-19 04:00:00,2018-03-19 05:00,1.05582,0.12046,0.05,0.43528,0.45008,0.16084,0.16084,0.0,-0.0
2018-03-19 05:00:00,2018-03-19 06:00,0.76216,0.1268,0.05,0.10388,0.48148,0.16932,0.16932,0.0,0.0
2018-03-19 06:00:00,2018-03-19 07:00,1.21276,0.12516,0.05,0.43112,0.60648,0.22145,0.16712,0.0,0.05433
2018-03-19 07:00:00,2018-03-19 08:00,0.7281,0.1348,0.05,0.01662,0.52668,0.18001,0.18001,0.0,0.0
2018-03-19 08:00:00,2018-03-19 09:00,0.66309,0.13839,0.05,0.003,0.4717,0.18479,0.18479,0.0,0.0
2018-03-19 09:00:00,2018-03-19 10:00,0.66312,0.1358,0.05,0.003,0.47432,0.18134,0.18134,0.0,0.0
2018-03-19 10:00:00,2018-03-19 11:00,0.65052,0.13026,0.05,0.003,0.46726,0.17395,0.17395,0.0,0.0
2018-03-19 11:00:00,2018-03-19 12:00,0.64804,0.12375,0.05,0.003,0.47129,0.16525,0.16525,0.0,-0.0
2018-03-19 12:00:00,2018-03-19 13:00,0.91967,0.11355,0.05,0.21573,0.54039,0.15163,0.15163,0.0,-0.0
2018-03-19 13:00:00,2018-03-19 14:00,0.98517,0.10619,0.05,0.28497,0.54401,0.14179,0.14179,0.0,-0.0
2018-03-19 14:00:00,2018-03-19 15:00,0.71533,0.09034,0.05,0.003,0.57199,0.12064,0.12064,0.0,0.0
2018-03-19 15:00:00,2018-03-19 16:00,1.14614,0.07597,0.05,0.42554,0.59463,0.10146,0.10146,0.0,-0.0
2018-03-19 16:00:00,2018-03-19 17:00,1.22683,0.06681,0.05,0.38115,0.72887,0.08921,0.08921,0.0,0.0
2018-03-19 17:00:00,2018-03-19 18:00,1.00125,0.06882,0.05,0.003,0.87943,0.09191,0.09191,0.0,-0.0
2018-03-19 18:00:00,2018-03-19 19:00,1.14718,0.07838,0.05,0.003,1.0158,0.10467,0.10467,0.0,0.0
2018-03-19 19:00:00,2018-03-19 20:00,1.3974,0.06807,0.05,0.003,1.27633,0.09089,0.09089,0.0,0.0
2018-03-19 20:00:00,2018-03-19 21:00,1.51187,0.07525,0.05,0.003,1.38362,0.10048,0.10048,0.0,-0.0
2018-03-19 21:00:00,2018-03-19 22:00,1.61331,0.08509,0.05,0.21554,1.26268,0.11363,0.11363,0.0,0.0
2018-03-19 22:00:00,2018-03-19 23:00,1.43012,0.10173,0.05,0.2087,1.06969,0.13584,0.13584,0.0,-0.0
2018-03-19 23:00:00,2018-03-20 00:00,2.84194,0.12232,0.05,0.003,2.66662,0.16334,0.16334,0.0,-0.0
2018-03-20 00:00:00,2018-03-20 01:00,1.03164,0.11724,0.05,0.003,0.8614,0.15656,0.15656,0.0,-0.0
2018-03-20 01:00:00,2018-03-20 02:00,0.63974,0.12416,0.05,0.003,0.46258,0.1658,0.1658,0.0,0.0
2018-03-20 02:00:00,2018-03-20 03:00,0.8533,0.13039,0.05,0.21596,0.45695,0.17411,0.17411,0.0,0.0
2018-03-20 03:00:00,2018-03-20 04:00,0.78956,0.1343,0.05,0.15059,0.45467,0.17934,0.17934,0.0,0.0
2018-03-20 04:00:00,2018-03-20 05:00,0.63882,0.13714,0.05,0.003,0.44868,0.18313,0.18313,0.0,0.0
2018-03-20 05:00:00,2018-03-20 06:00,0.64818,0.14319,0.05,0.003,0.45199,0.19121,0.19121,0.0,-0.0
2018-03-20 06:00:00,2018-03-20 07:00,1.16022,0.16235,0.05,0.42623,0.52164,0.2168,0.2168,0.0,-0.0
2018-03-20 07:00:00,2018-03-20 08:00,0.84326,0.15483,0.05,0.17106,0.46737,0.20674,0.20674,0.0,0.0
2018-03-20 08:00:00,2018-03-20 09:00,0.7181,0.15541,0.05,0.003,0.50969,0.20752,0.20752,0.0,-0.0
2018-03-20 09:00:00,2018-03-20 10:00,0.74516,0.15151,0.05,0.003,0.54065,0.20232,0.20232,0.0,-0.0
2018-03-20 10:00:00,2018-03-20 11:00,1.11502,0.14748,0.05,0.42355,0.49399,0.19693,0.19693,0.0,-0.0
2018-03-20 11:00:00,2018-03-20 12:00,0.8267,0.1431,0.05,0.16893,0.46467,0.19109,0.19109,0.0,0.0
2018-03-20 12:00:00,2018-03-20 13:00,0.66312,0.13716,0.05,0.003,0.47296,0.18315,0.18315,0.0,0.0
2018-03-20 13:00:00,2018-03-20 14:00,0.65669,0.12961,0.05,0.003,0.47408,0.17305,0.17305,0.0,0.0
2018-03-20 14:00:00,2018-03-20 15:00,0.64707,0.12008,0.05,0.003,0.47399,0.16035,0.16035,0.0,0.0
2018-03-20 15:00:00,2018-03-20 16:00,0.71353,0.10324,0.05,0.003,0.55729,0.16408,0.13786,0.0,0.02622
2018-03-20 16:00:00,2018-03-20 17:00,1.25981,0.10419,0.05,0.42434,0.68128,0.13912,0.13912,0.0,0.0
2018-03-20 17:00:00,2018-03-20 18:00,1.33083,0.10647,0.05,0.35426,0.8201,0.14216,0.14216,0.0,0.0
2018-03-20 18:00:00,2018-03-20 19:00,1.19067,0.12186,0.05,0.003,1.01581,0.16273,0.16273,0.0,0.0
2018-03-20 19:00:00,2018-03-20 20:00,1.66513,0.11379,0.05,0.4213,1.08004,0.15196,0.15196,0.0,-0.0
2018-03-20 20:00:00,2018-03-20 21:00,1.77803,0.11171,0.05,0.2327,1.38362,0.14917,0.14917,0.0,0.0
2018-03-20 21:00:00,2018-03-20 22:00,1.16421,0.12069,0.05,0.003,0.99052,0.16115,0.16115,0.0,0.0
2018-03-20 22:00:00,2018-03-20 23:00,0.88667,0.1325,0.05,0.003,0.70117,0.17695,0.17695,0.0,0.0
2018-03-20 23:00:00,2018-03-21 00:00,0.68921,0.14518,0.05,0.003,0.49103,0.19387,0.19387,0.0,0.0
2018-03-21 00:00:00,2018-03-21 01:00,0.99639,0.1541,0.05,0.32541,0.46688,0.20578,0.20578,0.0,0.0
2018-03-21 01:00:00,2018-03-21 02:00,0.7259,0.16588,0.05,0.04746,0.46256,0.22151,0.22151,0.0,0.0
2018-03-21 02:00:00,2018-03-21 03:00,0.68352,0.17357,0.05,0.003,0.45695,0.23177,0.23177,0.0,-0.0
2018-03-21 03:00:00,2018-03-21 04:00,0.69489,0.17684,0.05,0.003,0.46505,0.24737,0.23613,0.0,0.01124
2018-03-21 04:00:00,2018-03-21 05:00,1.12741,0.16759,0.05,0.41786,0.49196,0.26687,0.22378,0.0,0.04308
2018-03-21 05:00:00,2018-03-21 06:00,1.12319,0.17983,0.05,0.4223,0.47106,0.24014,0.24014,0.0,-0.0
2018-03-21 06:00:00,2018-03-21 07:00,1.20888,0.19362,0.05,0.43228,0.53298,0.25855,0.25855,0.0,-0.0
2018-03-21 07:00:00,2018-03-21 08:00,1.15591,0.18007,0.05,0.42179,0.50405,0.24046,0.24046,0.0,-0.0
2018-03-21 08:00:00,2018-03-21 09:00,1.17887,0.17962,0.05,0.43957,0.50968,0.23984,0.23984,0.0,-0.0
2018-03-21 09:00:00,2018-03-21 10:00,0.89831,0.17164,0.05,0.15938,0.51729,0.2292,0.2292,0.0,-0.0
2018-03-21 10:00:00,2018-03-21 11:00,0.67797,0.15773,0.05,0.003,0.46724,0.21062,0.21062,0.0,0.0
2018-03-21 11:00:00,2018-03-21 12:00,0.65909,0.14141,0.05,0.003,0.46468,0.18884,0.18884,0.0,0.0
2018-03-21 12:00:00,2018-03-21 13:00,0.65155,0.12559,0.05,0.003,0.47296,0.16771,0.16771,0.0,-0.0
2018-03-21 13:00:00,2018-03-21 14:00,0.63972,0.11264,0.05,0.003,0.47408,0.15041,0.15041,0.0,0.0
2018-03-21 14:00:00,2018-03-21 15:00,0.63771,0.11072,0.05,0.003,0.47399,0.14784,0.14784,0.0,-0.0
2018-03-21 15:00:00,2018-03-21 16:00,0.64073,0.10601,0.05,0.003,0.48172,0.14156,0.14156,0.0,0.0
2018-03-21 16:00:00,2018-03-21 17:00,0.73016,0.09381,0.05,0.003,0.58335,0.12527,0.12527,0.0,0.0
2018-03-21 17:00:00,2018-03-21 18:00,1.31612,0.08152,0.05,0.41549,0.76911,0.13508,0.10886,0.0,0.02622
2018-03-21 18:00:00,2018-03-21 19:00,1.58435,0.10102,0.05,0.43715,0.99618,0.1349,0.1349,0.0,0.0
2018-03-21 19:00:00,2018-03-21 20:00,1.14454,0.09361,0.05,0.09319,0.90774,0.125,0.125,0.0,-0.0
2018-03-21 20:00:00,2018-03-21 21:00,1.27544,0.09177,0.05,0.003,1.13067,0.12254,0.12254,0.0,-0.0
2018-03-21 21:00:00,2018-03-21 22:00,1.43148,0.09588,0.05,0.214,1.0716,0.12802,0.12802,0.0,0.0
2018-03-21 22:00:00,2018-03-21 23:00,1.0305,0.10523,0.05,0.30196,0.57331,0.14051,0.14051,0.0,0.0
2018-03-21 23:00:00,2018-03-22 00:00,0.67874,0.11202,0.05,0.003,0.51372,0.14959,0.14959,0.0,0.0
2018-03-22 00:00:00,2018-03-22 01:00,0.63656,0.1167,0.05,0.003,0.46686,0.15582,0.15582,0.0,0.0
2018-03-22 01:00:00,2018-03-22 02:00,0.63472,0.11915,0.05,0.003,0.46257,0.15911,0.15911,0.0,-0.0
2018-03-22 02:00:00,2018-03-22 03:00,0.63262,0.12268,0.05,0.003,0.45694,0.16382,0.16382,0.0,0.0
2018-03-22 03:00:00,2018-03-22 04:00,0.63356,0.12591,0.05,0.003,0.45465,0.16813,0.16813,0.0,0.0
2018-03-22 04:00:00,2018-03-22 05:00,0.73595,0.12857,0.05,0.1069,0.45048,0.17168,0.17168,0.0,-0.0
2018-03-22 05:00:00,2018-03-22 06:00,1.06907,0.13119,0.05,0.43,0.45788,0.17518,0.17518,0.0,0.0
2018-03-22 06:00:00,2018-03-22 07:00,0.94094,0.14578,0.05,0.23706,0.5081,0.19466,0.19466,0.0,0.0
2018-03-22 07:00:00,2018-03-22 08:00,0.71194,0.13464,0.05,0.003,0.5243,0.17979,0.17979,0.0,0.0
2018-03-22 08:00:00,2018-03-22 09:00,1.01719,0.13518,0.05,0.31936,0.51265,0.1805,0.1805,0.0,-0.0
2018-03-22 09:00:00,2018-03-22 10:00,0.79289,0.13271,0.05,0.13584,0.47434,0.17721,0.17721,0.0,0.0
2018-03-22 10:00:00,2018-03-22 11:00,0.64343,0.12319,0.05,0.003,0.46724,0.16449,0.16449,0.0,0.0
2018-03-22 11:00:00,2018-03-22 12:00,0.63138,0.11372,0.05,0.003,0.46466,0.15185,0.15185,0.0,0.0
2018-03-22 12:00:00,2018-03-22 13:00,0.62995,0.10399,0.05,0.003,0.47296,0.13886,0.13886,0.0,0.0
2018-03-22 13:00:00,2018-03-22 14:00,0.62223,0.09512,0.05,0.003,0.47411,0.12703,0.12703,0.0,0.0
2018-03-22 14:00:00,2018-03-22 15:00,0.61421,0.08724,0.05,0.003,0.47397,0.11648,0.11648,0.0,0.0
2018-03-22 15:00:00,2018-03-22 16:00,0.61314,0.07841,0.05,0.003,0.48173,0.10471,0.10471,0.0,-0.0
2018-03-22 16:00:00,2018-03-22 17:00,0.81312,0.06981,0.05,0.10996,0.58335,0.09322,0.09322,0.0,0.0
2018-03-22 17:00:00,2018-03-22 18:00,1.11695,0.05337,0.05,0.30639,0.70719,0.11062,0.07128,0.0,0.03935
2018-03-22 18:00:00,2018-03-22 19:00,1.10569,0.05714,0.05,0.003,0.99555,0.11753,0.0763,0.0,0.04123
2018-03-22 19:00:00,2018-03-22 20:00,1.63501,0.06201,0.05,0.41621,1.10679,0.08282,0.08282,0.0,0.0
2018-03-22 20:00:00,2018-03-22 21:00,1.64562,0.06557,0.05,0.27513,1.25492,0.08755,0.08755,0.0,0.0
2018-03-22 21:00:00,2018-03-22 22:00,1.00097,0.07853,0.05,0.003,0.86944,0.10486,0.10486,0.0,0.0
2018-03-22 22:00:00,2018-03-22 23:00,0.74025,0.0908,0.05,0.003,0.59645,0.12126,0.12126,0.0,0.0
2018-03-22 23:00:00,2018-03-23 00:00,0.64811,0.1041,0.05,0.003,0.49101,0.13899,0.13899,0.0,-0.0
2018-03-23 00:00:00,2018-03-23 01:00,0.63521,0.11533,0.05,0.003,0.46688,0.154,0.154,0.0,0.0
2018-03-23 01:00:00,2018-03-23 02:00,0.64153,0.12597,0.05,0.003,0.46256,0.1682,0.1682,0.0,-0.0
2018-03-23 02:00:00,2018-03-23 03:00,0.64827,0.13832,0.05,0.003,0.45695,0.18471,0.18471,0.0,0.0
2018-03-23 03:00:00,2018-03-23 04:00,0.75487,0.1414,0.05,0.10898,0.45449,0.18882,0.18882,0.0,-0.0
2018-03-23 04:00:00,2018-03-23 05:00,1.08106,0.14215,0.05,0.43902,0.44989,0.1898,0.1898,0.0,0.0
2018-03-23 05:00:00,2018-03-23 06:00,1.09811,0.14881,0.05,0.43317,0.46613,0.19872,0.19872,0.0,-0.0
2018-03-23 06:00:00,2018-03-23 07:00,1.17214,0.16449,0.05,0.43035,0.5273,0.21965,0.21965,0.0,-0.0
2018-03-23 07:00:00,2018-03-23 08:00,0.74049,0.14894,0.05,0.003,0.53855,0.19888,0.19888,0.0,-0.0
2018-03-23 08:00:00,2018-03-23 09:00,0.70191,0.14548,0.05,0.003,0.50343,0.19425,0.19425,0.0,0.0
2018-03-23 09:00:00,2018-03-23 10:00,0.73502,0.14139,0.05,0.003,0.54063,0.18879,0.18879,0.0,0.0
2018-03-23 10:00:00,2018-03-23 11:00,1.14105,0.13888,0.05,0.41781,0.53436,0.18546,0.18546,0.0,-0.0
2018-03-23 11:00:00,2018-03-23 12:00,1.09658,0.12475,0.05,0.39001,0.53182,0.16657,0.16657,0.0,-0.0
2018-03-23 12:00:00,2018-03-23 13:00,0.69796,0.12838,0.05,0.003,0.51658,0.17144,0.17144,0.0,-0.0
2018-03-23 13:00:00,2018-03-23 14:00,0.72062,0.12696,0.05,0.003,0.54066,0.16954,0.16954,0.0,0.0
2018-03-23 14:00:00,2018-03-23 15:00,1.21092,0.11296,0.05,0.003,1.04496,0.15084,0.15084,0.0,0.0
2018-03-23 15:00:00,2018-03-23 16:00,3.39993,0.1002,0.05,0.42442,2.82531,0.16002,0.1338,0.0,0.02622
2018-03-23 16:00:00,2018-03-23 17:00,1.64285,0.09266,0.05,0.4244,1.07579,0.12372,0.12372,0.0,-0.0
2018-03-23 17:00:00,2018-03-23 18:00,0.9047,0.09522,0.05,0.003,0.75648,0.13841,0.12717,0.0,0.01124
2018-03-23 18:00:00,2018-03-23 19:00,1.18429,0.09547,0.05,0.003,1.03582,0.17057,0.12749,0.0,0.04308
2018-03-23 19:00:00,2018-03-23 20:00,1.36859,0.09922,0.05,0.003,1.21637,0.14373,0.13249,0.0,0.01124
2018-03-23 20:00:00,2018-03-23 21:00,1.48055,0.08973,0.05,0.003,1.33782,0.1629,0.11982,0.0,0.04308
2018-03-23 21:00:00,2018-03-23 22:00,1.8324,0.10219,0.05,0.4293,1.25091,0.13644,0.13644,0.0,0.0
2018-03-23 22:00:00,2018-03-23 23:00,0.94504,0.10662,0.05,0.06973,0.71869,0.14237,0.14237,0.0,-0.0
2018-03-23 23:00:00,2018-03-24 00:00,0.68057,0.11208,0.05,0.003,0.51549,0.14965,0.14965,0.0,-0.0
2018-03-24 00:00:00,2018-03-24 01:00,0.64626,0.11866,0.05,0.003,0.4746,0.15845,0.15845,0.0,0.0
2018-03-24 01:00:00,2018-03-24 02:00,0.64232,0.1255,0.05,0.003,0.46382,0.16759,0.16759,0.0,0.0
2018-03-24 02:00:00,2018-03-24 03:00,0.65226,0.14108,0.05,0.003,0.45818,0.18838,0.18838,0.0,-0.0
2018-03-24 03:00:00,2018-03-24 04:00,0.87832,0.15723,0.05,0.21517,0.45592,0.20996,0.20996,0.0,0.0
2018-03-24 04:00:00,2018-03-24 05:00,0.82218,0.16848,0.05,0.15376,0.44994,0.22498,0.22498,0.0,0.0
2018-03-24 05:00:00,2018-03-24 06:00,0.67037,0.16433,0.05,0.003,0.45304,0.21943,0.21943,0.0,0.0
2018-03-24 06:00:00,2018-03-24 07:00,0.74271,0.16272,0.05,0.003,0.52699,0.2173,0.2173,0.0,0.0
2018-03-24 07:00:00,2018-03-24 08:00,1.09611,0.15561,0.05,0.31682,0.57368,0.21903,0.20779,0.0,0.01124
2018-03-24 08:00:00,2018-03-24 09:00,2.09001,0.15746,0.05,0.40071,1.48184,0.25335,0.21026,0.0,0.04308
2018-03-24 09:00:00,2018-03-24 10:00,2.86674,0.17411,0.05,0.003,2.63963,0.23248,0.23248,0.0,0.0
2018-03-24 10:00:00,2018-03-24 11:00,0.83933,0.15502,0.05,0.003,0.63131,0.20699,0.20699,0.0,0.0
2018-03-24 11:00:00,2018-03-24 12:00,1.04883,0.1478,0.05,0.21092,0.64011,0.19736,0.19736,0.0,-0.0
2018-03-24 12:00:00,2018-03-24 13:00,1.29396,0.13655,0.05,0.42979,0.67762,0.18235,0.18235,0.0,0.0
2018-03-24 13:00:00,2018-03-24 14:00,1.04149,0.13247,0.05,0.19977,0.65925,0.1769,0.1769,0.0,-0.0
2018-03-24 14:00:00,2018-03-24 15:00,0.91082,0.10971,0.05,0.003,0.74811,0.18584,0.14649,0.0,0.03935
2018-03-24 15:00:00,2018-03-24 16:00,1.1799,0.09443,0.05,0.20716,0.82831,0.14109,0.12611,0.0,0.01498
2018-03-24 16:00:00,2018-03-24 17:00,1.53564,0.08737,0.05,0.42571,0.97256,0.11667,0.11667,0.0,0.0
2018-03-24 17:00:00,2018-03-24 18:00,1.621,0.0809,0.05,0.43187,1.05823,0.10802,0.10802,0.0,0.0
2018-03-24 18:00:00,2018-03-24 19:00,1.79922,0.09257,0.05,0.43244,1.22421,0.12361,0.12361,0.0,-0.0
2018-03-24 19:00:00,2018-03-24 20:00,1.51285,0.0813,0.05,0.03263,1.34892,0.10855,0.10855,0.0,-0.0
2018-03-24 20:00:00,2018-03-24 21:00,1.55152,0.08552,0.05,0.003,1.413,0.1142,0.1142,0.0,0.0
2018-03-24 21:00:00,2018-03-24 22:00,1.35397,0.09539,0.05,0.003,1.20558,0.12739,0.12739,0.0,0.0
2018-03-24 22:00:00,2018-03-24 23:00,0.81354,0.10888,0.05,0.003,0.65166,0.14538,0.14538,0.0,-0.0
2018-03-24 23:00:00,2018-03-25 00:00,0.66662,0.11983,0.05,0.003,0.49379,0.16002,0.16002,0.0,0.0
2018-03-25 00:00:00,2018-03-25 01:00,0.96517,0.12979,0.05,0.3133,0.47208,0.17331,0.17331,0.0,-0.0
2018-03-25 01:00:00,2018-03-25 02:00,0.93795,0.13623,0.05,0.28791,0.46381,0.18191,0.18191,0.0,-0.0
2018-03-25 02:00:00,2018-03-25 03:00,0.65312,0.14192,0.05,0.003,0.4582,0.18952,0.18952,0.0,0.0
2018-03-25 03:00:00,2018-03-25 04:00,0.65506,0.14614,0.05,0.003,0.45592,0.19515,0.19515,0.0,-0.0
2018-03-25 04:00:00,2018-03-25 05:00,0.65428,0.15134,0.05,0.003,0.44994,0.20209,0.20209,0.0,0.0
2018-03-25 05:00:00,2018-03-25 06:00,0.6636,0.15755,0.05,0.003,0.45305,0.21038,0.21038,0.0,0.0
2018-03-25 06:00:00,2018-03-25 07:00,1.0793,0.17877,0.05,0.32355,0.52698,0.23872,0.23872,0.0,-0.0
2018-03-25 07:00:00,2018-03-25 08:00,0.91882,0.1709,0.05,0.15726,0.54066,0.2282,0.2282,0.0,0.0
2018-03-25 08:00:00,2018-03-25 09:00,0.81784,0.16588,0.05,0.003,0.59896,0.22151,0.22151,0.0,0.0
2018-03-25 09:00:00,2018-03-25 10:00,1.23177,0.16174,0.05,0.42789,0.59214,0.21598,0.21598,0.0,-0.0
2018-03-25 10:00:00,2018-03-25 11:00,1.48032,0.14456,0.05,0.34448,0.94128,0.19303,0.19303,0.0,-0.0
2018-03-25 11:00:00,2018-03-25 12:00,2.31991,0.13732,0.05,0.003,2.12959,0.18338,0.18338,0.0,0.0
2018-03-25 12:00:00,2018-03-25 13:00,2.37612,0.12311,0.05,0.003,2.20001,0.16438,0.16438,0.0,0.0
2018-03-25 13:00:00,2018-03-25 14:00,1.26835,0.10429,0.05,0.317,0.79706,0.13926,0.13926,0.0,-0.0
2018-03-25 14:00:00,2018-03-25 15:00,1.21163,0.08208,0.05,0.19283,0.88672,0.16394,0.10961,0.0,0.05433
2018-03-25 15:00:00,2018-03-25 16:00,1.36838,0.08231,0.05,0.003,1.23307,0.10991,0.10991,0.0,0.0
2018-03-25 16:00:00,2018-03-25 17:00,2.05743,0.08684,0.05,0.20878,1.71181,0.11598,0.11598,0.0,-0.0
2018-03-25 17:00:00,2018-03-25 18:00,1.46766,0.07581,0.05,0.42234,0.91951,0.10123,0.10123,0.0,0.0
2018-03-25 18:00:00,2018-03-25 19:00,1.57981,0.07922,0.05,0.39677,1.05382,0.10578,0.10578,0.0,0.0
2018-03-25 19:00:00,2018-03-25 20:00,1.38719,0.06804,0.05,0.003,1.26615,0.09085,0.09085,0.0,0.0
2018-03-25 20:00:00,2018-03-25 21:00,1.53166,0.06567,0.05,0.003,1.41299,0.0877,0.0877,0.0,-0.0
2018-03-25 21:00:00,2018-03-25 22:00,1.69428,0.06825,0.05,0.31976,1.25627,0.09114,0.09114,0.0,-0.0
2018-03-25 22:00:00,2018-03-25 23:00,0.94117,0.07704,0.05,0.09677,0.71736,0.10287,0.10287,0.0,0.0
2018-03-25 23:00:00,2018-03-26 00:00,0.66326,0.08451,0.05,0.003,0.52575,0.11284,0.11284,0.0,-0.0
2018-03-26 00:00:00,2018-03-26 01:00,0.61141,0.09153,0.05,0.003,0.46688,0.12222,0.12222,0.0,0.0
2018-03-26 01:00:00,2018-03-26 02:00,0.62833,0.11276,0.05,0.003,0.46257,0.15057,0.15057,0.0,0.0
2018-03-26 02:00:00,2018-03-26 03:00,0.64155,0.13161,0.05,0.003,0.45694,0.17575,0.17575,0.0,0.0
2018-03-26 03:00:00,2018-03-26 04:00,0.6395,0.13182,0.05,0.003,0.45468,0.17603,0.17603,0.0,0.0
2018-03-26 04:00:00,2018-03-26 05:00,0.64002,0.13833,0.05,0.003,0.44869,0.18472,0.18472,0.0,0.0
2018-03-26 05:00:00,2018-03-26 06:00,0.64818,0.14318,0.05,0.003,0.452,0.1912,0.1912,0.0,0.0
2018-03-26 06:00:00,2018-03-26 07:00,0.83889,0.15139,0.05,0.11021,0.52729,0.20215,0.20215,0.0,0.0
2018-03-26 07:00:00,2018-03-26 08:00,1.15101,0.13706,0.05,0.43334,0.53061,0.18302,0.18302,0.0,0.0
2018-03-26 08:00:00,2018-03-26 09:00,1.41813,0.14037,0.05,0.26796,0.9598,0.18745,0.18745,0.0,0.0
2018-03-26 09:00:00,2018-03-26 10:00,2.74598,0.15211,0.05,0.003,2.54087,0.20313,0.20313,0.0,0.0
2018-03-26 10:00:00,2018-03-26 11:00,0.93038,0.13478,0.05,0.21125,0.53435,0.17998,0.17998,0.0,-0.0
2018-03-26 11:00:00,2018-03-26 12:00,1.1455,0.13245,0.05,0.43122,0.53183,0.17687,0.17687,0.0,-0.0
2018-03-26 12:00:00,2018-03-26 13:00,0.82698,0.12887,0.05,0.10772,0.54039,0.17208,0.17208,0.0,-0.0
2018-03-26 13:00:00,2018-03-26 14:00,1.1475,0.12511,0.05,0.42838,0.54401,0.16706,0.16706,0.0,-0.0
2018-03-26 14:00:00,2018-03-26 15:00,0.78683,0.12063,0.05,0.02634,0.58986,0.16108,0.16108,0.0,0.0
2018-03-26 15:00:00,2018-03-26 16:00,0.90866,0.11776,0.05,0.10659,0.63431,0.15726,0.15726,0.0,-0.0
2018-03-26 16:00:00,2018-03-26 17:00,1.24019,0.12197,0.05,0.38694,0.68128,0.16287,0.16287,0.0,0.0
2018-03-26 17:00:00,2018-03-26 18:00,0.92076,0.12256,0.05,0.003,0.7452,0.16366,0.16366,0.0,0.0
2018-03-26 18:00:00,2018-03-26 19:00,1.10149,0.13258,0.05,0.003,0.91591,0.17703,0.17703,0.0,0.0
2018-03-26 19:00:00,2018-03-26 20:00,1.37268,0.11466,0.05,0.003,1.20502,0.1531,0.1531,0.0,-0.0
2018-03-26 20:00:00,2018-03-26 21:00,1.31045,0.11367,0.05,0.003,1.14378,0.15178,0.15178,0.0,0.0
2018-03-26 21:00:00,2018-03-26 22:00,1.04011,0.11765,0.05,0.003,0.86946,0.15711,0.15711,0.0,0.0
2018-03-26 22:00:00,2018-03-26 23:00,0.76805,0.12317,0.05,0.003,0.59188,0.16448,0.16448,0.0,0.0
2018-03-26 23:00:00,2018-03-27 00:00,0.6515,0.12558,0.05,0.003,0.47292,0.1677,0.1677,0.0,0.0
2018-03-27 00:00:00,2018-03-27 01:00,0.64683,0.12695,0.05,0.003,0.46688,0.16953,0.16953,0.0,0.0
2018-03-27 01:00:00,2018-03-27 02:00,0.64486,0.1293,0.05,0.003,0.46256,0.17266,0.17266,0.0,0.0
2018-03-27 02:00:00,2018-03-27 03:00,0.64443,0.13449,0.05,0.003,0.45694,0.17959,0.17959,0.0,-0.0
2018-03-27 03:00:00,2018-03-27 04:00,0.95332,0.14141,0.05,0.30724,0.45467,0.18884,0.18884,0.0,0.0
2018-03-27 04:00:00,2018-03-27 05:00,0.65075,0.14906,0.05,0.003,0.44869,0.19905,0.19905,0.0,-0.0
2018-03-27 05:00:00,2018-03-27 06:00,0.65824,0.14781,0.05,0.003,0.45743,0.19738,0.19738,0.0,0.0
2018-03-27 06:00:00,2018-03-27 07:00,0.70838,0.15687,0.05,0.003,0.49851,0.20947,0.20947,0.0,-0.0
2018-03-27 07:00:00,2018-03-27 08:00,1.14507,0.14641,0.05,0.42435,0.52431,0.19552,0.19552,0.0,-0.0
2018-03-27 08:00:00,2018-03-27 09:00,1.20072,0.14733,0.05,0.4303,0.57309,0.19674,0.19674,0.0,-0.0
2018-03-27 09:00:00,2018-03-27 10:00,1.23466,0.1439,0.05,0.43368,0.60708,0.19215,0.19215,0.0,-0.0
2018-03-27 10:00:00,2018-03-27 11:00,1.2245,0.13748,0.05,0.44246,0.59456,0.18358,0.18358,0.0,-0.0
2018-03-27 11:00:00,2018-03-27 12:00,1.14476,0.13196,0.05,0.43098,0.53182,0.1762,0.1762,0.0,0.0
2018-03-27 12:00:00,2018-03-27 13:00,1.07424,0.12684,0.05,0.36404,0.53336,0.16938,0.16938,0.0,-0.0
2018-03-27 13:00:00,2018-03-27 14:00,0.64137,0.11429,0.05,0.003,0.47408,0.15261,0.15261,0.0,0.0
2018-03-27 14:00:00,2018-03-27 15:00,0.62345,0.09647,0.05,0.003,0.47398,0.12882,0.12882,0.0,0.0
2018-03-27 15:00:00,2018-03-27 16:00,0.604,0.07876,0.05,0.003,0.47224,0.10517,0.10517,0.0,0.0
2018-03-27 16:00:00,2018-03-27 17:00,0.60137,0.06253,0.05,0.003,0.48584,0.0835,0.0835,0.0,0.0
2018-03-27 17:00:00,2018-03-27 18:00,0.6995,0.05695,0.05,0.003,0.58955,0.07606,0.07606,0.0,0.0
2018-03-27 18:00:00,2018-03-27 19:00,0.85304,0.04307,0.05,0.003,0.75697,0.13809,0.05752,0.0,0.08058
2018-03-27 19:00:00,2018-03-27 20:00,0.95326,0.06371,0.05,0.10828,0.73127,0.08509,0.08509,0.0,-0.0
2018-03-27 20:00:00,2018-03-27 21:00,1.7558,0.03996,0.05,0.43467,1.23117,0.13392,0.05335,0.0,0.08058
2018-03-27 21:00:00,2018-03-27 22:00,1.51829,0.0656,0.05,0.15177,1.25092,0.08761,0.08761,0.0,-0.0
2018-03-27 22:00:00,2018-03-27 23:00,0.79566,0.08672,0.05,0.003,0.65594,0.11578,0.11578,0.0,0.0
2018-03-27 23:00:00,2018-03-28 00:00,0.62797,0.10206,0.05,0.003,0.47291,0.13628,0.13628,0.0,0.0
2018-03-28 00:00:00,2018-03-28 01:00,0.6304,0.11053,0.05,0.003,0.46687,0.14758,0.14758,0.0,-0.0
2018-03-28 01:00:00,2018-03-28 02:00,0.63225,0.11668,0.05,0.003,0.46257,0.1558,0.1558,0.0,0.0
2018-03-28 02:00:00,2018-03-28 03:00,0.63318,0.12323,0.05,0.003,0.45695,0.16456,0.16456,0.0,0.0
2018-03-28 03:00:00,2018-03-28 04:00,0.63632,0.12865,0.05,0.003,0.45467,0.1718,0.1718,0.0,0.0
2018-03-28 04:00:00,2018-03-28 05:00,0.63141,0.12973,0.05,0.003,0.44868,0.17323,0.17323,0.0,-0.0
2018-03-28 05:00:00,2018-03-28 06:00,0.74927,0.1333,0.05,0.1101,0.45587,0.178,0.178,0.0,-0.0
2018-03-28 06:00:00,2018-03-28 07:00,1.26008,0.13035,0.05,0.43286,0.64687,0.22839,0.17406,0.0,0.05433
2018-03-28 07:00:00,2018-03-28 08:00,1.01662,0.12762,0.05,0.19994,0.63906,0.17042,0.17042,0.0,0.0
2018-03-28 08:00:00,2018-03-28 09:00,0.81106,0.11879,0.05,0.003,0.63927,0.15863,0.15863,0.0,-0.0
2018-03-28 09:00:00,2018-03-28 10:00,1.08276,0.10906,0.05,0.31662,0.60708,0.14562,0.14562,0.0,-0.0
2018-03-28 10:00:00,2018-03-28 11:00,1.19231,0.10764,0.05,0.43331,0.60136,0.14374,0.14374,0.0,-0.0
2018-03-28 11:00:00,2018-03-28 12:00,1.17953,0.09469,0.05,0.43559,0.59925,0.12645,0.12645,0.0,0.0
2018-03-28 12:00:00,2018-03-28 13:00,0.78461,0.08005,0.0375,0.09971,0.56735,0.1069,0.1069,0.0,-0.0
2018-03-28 13:00:00,2018-03-28 14:00,0.68319,0.05996,0.05,0.003,0.57023,0.10628,0.08006,0.0,0.02622
2018-03-28 14:00:00,2018-03-28 15:00,0.65784,0.05872,0.05,0.003,0.54612,0.07841,0.07841,0.0,0.0
2018-03-28 15:00:00,2018-03-28 16:00,1.07908,0.05206,0.05,0.42373,0.55329,0.06952,0.06952,0.0,0.0
2018-03-28 16:00:00,2018-03-28 17:00,0.94829,0.04689,0.05,0.26804,0.58336,0.06262,0.06262,0.0,-0.0
2018-03-28 17:00:00,2018-03-28 18:00,0.78407,0.04882,0.05,0.003,0.68225,0.0652,0.06519,0.0,0.0
2018-03-28 18:00:00,2018-03-28 19:00,0.76192,0.06753,0.05,0.003,0.64139,0.09018,0.09018,0.0,0.0
2018-03-28 19:00:00,2018-03-28 20:00,1.06407,0.0616,0.05,0.1084,0.84407,0.08225,0.08225,0.0,-0.0
2018-03-28 20:00:00,2018-03-28 21:00,1.7885,0.05527,0.05,0.2996,1.38363,0.0738,0.0738,0.0,0.0
2018-03-28 21:00:00,2018-03-28 22:00,1.40373,0.0741,0.05,0.003,1.27663,0.09894,0.09894,0.0,-0.0
2018-03-28 22:00:00,2018-03-28 23:00,2.72817,0.11114,0.05,0.003,2.56403,0.14841,0.14841,0.0,0.0
2018-03-28 23:00:00,2018-03-29 00:00,1.00365,0.11873,0.05,0.003,0.83192,0.15855,0.15855,0.0,-0.0
2018-03-29 00:00:00,2018-03-29 01:00,0.65187,0.132,0.05,0.003,0.46687,0.17627,0.17627,0.0,0.0
2018-03-29 01:00:00,2018-03-29 02:00,0.65701,0.14144,0.05,0.003,0.46257,0.18887,0.18887,0.0,0.0
2018-03-29 02:00:00,2018-03-29 03:00,0.65603,0.1461,0.05,0.003,0.45693,0.19508,0.19508,0.0,0.0
2018-03-29 03:00:00,2018-03-29 04:00,0.66348,0.15581,0.05,0.003,0.45467,0.20806,0.20806,0.0,0.0
2018-03-29 04:00:00,2018-03-29 05:00,0.78285,0.17203,0.05,0.11112,0.4497,0.22971,0.22971,0.0,-0.0
2018-03-29 05:00:00,2018-03-29 06:00,1.06023,0.17824,0.05,0.37017,0.46182,0.23801,0.23801,0.0,0.0
2018-03-29 06:00:00,2018-03-29 07:00,0.78676,0.20088,0.05,0.003,0.53288,0.26823,0.26823,0.0,0.0
2018-03-29 07:00:00,2018-03-29 08:00,1.26992,0.18637,0.05,0.41729,0.61626,0.24886,0.24886,0.0,-0.0
2018-03-29 08:00:00,2018-03-29 09:00,1.3337,0.17499,0.05,0.42424,0.68447,0.23366,0.23366,0.0,0.0
2018-03-29 09:00:00,2018-03-29 10:00,1.88578,0.16423,0.05,0.42979,1.24176,0.21928,0.21928,0.0,0.0
2018-03-29 10:00:00,2018-03-29 11:00,1.2964,0.14651,0.05,0.43133,0.66856,0.19565,0.19565,0.0,0.0
2018-03-29 11:00:00,2018-03-29 12:00,1.17781,0.12955,0.05,0.43591,0.56235,0.173,0.173,0.0,0.0
2018-03-29 12:00:00,2018-03-29 13:00,0.68552,0.12771,0.05,0.03487,0.47294,0.17052,0.17052,0.0,0.0
2018-03-29 13:00:00,2018-03-29 14:00,0.6474,0.12029,0.05,0.003,0.47411,0.16064,0.16064,0.0,0.0
2018-03-29 14:00:00,2018-03-29 15:00,0.64043,0.11344,0.05,0.003,0.47399,0.15148,0.15148,0.0,0.0
2018-03-29 15:00:00,2018-03-29 16:00,0.80085,0.10185,0.05,0.10765,0.54135,0.13601,0.13601,0.0,-0.0
2018-03-29 16:00:00,2018-03-29 17:00,1.1575,0.08227,0.05,0.43064,0.59459,0.1211,0.10985,0.0,0.01124
2018-03-29 17:00:00,2018-03-29 18:00,1.06022,0.07009,0.05,0.19783,0.7423,0.10858,0.0936,0.0,0.01498
2018-03-29 18:00:00,2018-03-29 19:00,1.12756,0.08183,0.05,0.003,0.99273,0.10928,0.10928,0.0,0.0
2018-03-29 19:00:00,2018-03-29 20:00,1.56231,0.07226,0.05,0.311,1.12905,0.09649,0.09649,0.0,0.0
2018-03-29 20:00:00,2018-03-29 21:00,1.9378,0.07197,0.05,0.43222,1.38361,0.0961,0.0961,0.0,0.0
2018-03-29 21:00:00,2018-03-29 22:00,1.34461,0.08005,0.05,0.07483,1.13973,0.1069,0.1069,0.0,-0.0
2018-03-29 22:00:00,2018-03-29 23:00,0.85641,0.09767,0.05,0.003,0.70574,0.13042,0.13042,0.0,0.0
2018-03-29 23:00:00,2018-03-30 00:00,0.69735,0.11082,0.05,0.003,0.53353,0.14799,0.14799,0.0,0.0
2018-03-30 00:00:00,2018-03-30 01:00,0.65262,0.11943,0.05,0.003,0.48019,0.15947,0.15947,0.0,0.0
2018-03-30 01:00:00,2018-03-30 02:00,0.96328,0.12503,0.05,0.32277,0.46548,0.16696,0.16696,0.0,0.0
2018-03-30 02:00:00,2018-03-30 03:00,0.78777,0.13025,0.05,0.15056,0.45696,0.17394,0.17394,0.0,0.0
2018-03-30 03:00:00,2018-03-30 04:00,0.64549,0.13802,0.05,0.003,0.45447,0.18429,0.18429,0.0,-0.0
2018-03-30 04:00:00,2018-03-30 05:00,0.64963,0.14813,0.05,0.003,0.4485,0.19781,0.19781,0.0,0.0
2018-03-30 05:00:00,2018-03-30 06:00,0.65994,0.1587,0.05,0.003,0.44824,0.21193,0.21193,0.0,-0.0
2018-03-30 06:00:00,2018-03-30 07:00,0.95226,0.17739,0.05,0.21298,0.51189,0.23687,0.23687,0.0,-0.0
2018-03-30 07:00:00,2018-03-30 08:00,1.19593,0.15992,0.05,0.427,0.55901,0.21355,0.21355,0.0,-0.0
2018-03-30 08:00:00,2018-03-30 09:00,1.17047,0.14939,0.05,0.42671,0.54437,0.19949,0.19949,0.0,0.0
2018-03-30 09:00:00,2018-03-30 10:00,1.00682,0.13647,0.05,0.30306,0.51729,0.18223,0.18223,0.0,-0.0
2018-03-30 10:00:00,2018-03-30 11:00,0.65083,0.13057,0.05,0.003,0.46726,0.17437,0.17437,0.0,0.0
2018-03-30 11:00:00,2018-03-30 12:00,0.66357,0.12244,0.05,0.003,0.48813,0.1635,0.1635,0.0,-0.0
2018-03-30 12:00:00,2018-03-30 13:00,0.71652,0.12313,0.05,0.003,0.54039,0.16442,0.16442,0.0,-0.0
2018-03-30 13:00:00,2018-03-30 14:00,0.98747,0.09571,0.05,0.20835,0.63341,0.18213,0.1278,0.0,0.05433
2018-03-30 14:00:00,2018-03-30 15:00,1.12655,0.10732,0.05,0.43106,0.53817,0.14331,0.14331,0.0,-0.0
2018-03-30 15:00:00,2018-03-30 16:00,0.65197,0.10502,0.05,0.02469,0.47226,0.14024,0.14024,0.0,0.0
2018-03-30 16:00:00,2018-03-30 17:00,0.63324,0.0944,0.05,0.003,0.48584,0.12607,0.12607,0.0,-0.0
2018-03-30 17:00:00,2018-03-30 18:00,0.74829,0.09023,0.05,0.003,0.60506,0.12049,0.12049,0.0,0.0
2018-03-30 18:00:00,2018-03-30 19:00,0.95036,0.10123,0.05,0.003,0.79613,0.13517,0.13517,0.0,-0.0
2018-03-30 19:00:00,2018-03-30 20:00,1.3979,0.09303,0.05,0.42297,0.8319,0.12422,0.12422,0.0,0.0
2018-03-30 20:00:00,2018-03-30 21:00,1.67668,0.09321,0.05,0.21445,1.31902,0.12446,0.12446,0.0,-0.0
2018-03-30 21:00:00,2018-03-30 22:00,3.07988,0.10649,0.05,0.003,2.92039,0.1422,0.1422,0.0,-0.0
2018-03-30 22:00:00,2018-03-30 23:00,0.86847,0.10975,0.05,0.003,0.70572,0.14654,0.14654,0.0,0.0
2018-03-30 23:00:00,2018-03-31 00:00,0.73249,0.12269,0.05,0.003,0.5568,0.16383,0.16383,0.0,-0.0
2018-03-31 00:00:00,2018-03-31 01:00,0.99316,0.13393,0.05,0.32601,0.48322,0.17884,0.17884,0.0,-0.0
2018-03-31 01:00:00,2018-03-31 02:00,0.7325,0.13832,0.05,0.07668,0.4675,0.18471,0.18471,0.0,-0.0
2018-03-31 02:00:00,2018-03-31 03:00,0.64572,0.1361,0.05,0.003,0.45662,0.18174,0.18174,0.0,0.0
2018-03-31 03:00:00,2018-03-31 04:00,1.06796,0.12633,0.05,0.4258,0.46583,0.17992,0.16868,0.0,0.01124
2018-03-31 04:00:00,2018-03-31 05:00,0.64463,0.12694,0.05,0.003,0.46469,0.18448,0.1695,0.0,0.01498
2018-03-31 05:00:00,2018-03-31 06:00,0.66464,0.15012,0.05,0.003,0.46152,0.20046,0.20046,0.0,0.0
2018-03-31 06:00:00,2018-03-31 07:00,0.76449,0.18453,0.05,0.003,0.52696,0.2464,0.2464,0.0,0.0
2018-03-31 07:00:00,2018-03-31 08:00,0.81543,0.18877,0.05,0.003,0.57366,0.26331,0.25207,0.0,0.01124
2018-03-31 08:00:00,2018-03-31 09:00,1.32794,0.1552,0.05,0.39705,0.72569,0.31965,0.20723,0.0,0.11242
2018-03-31 09:00:00,2018-03-31 10:00,0.91246,0.17339,0.05,0.003,0.68607,0.27086,0.23151,0.0,0.03935
2018-03-31 10:00:00,2018-03-31 11:00,1.03714,0.18942,0.05,0.003,0.79472,0.25293,0.25293,0.0,-0.0
2018-03-31 11:00:00,2018-03-31 12:00,1.3195,0.19855,0.05,0.32307,0.74788,0.26514,0.26514,0.0,-0.0
2018-03-31 12:00:00,2018-03-31 13:00,1.13641,0.19024,0.05,0.16713,0.72904,0.25402,0.25402,0.0,-0.0
2018-03-31 13:00:00,2018-03-31 14:00,1.01981,0.17189,0.05,0.003,0.79492,0.24078,0.22954,0.0,0.01124
2018-03-31 14:00:00,2018-03-31 15:00,2.95277,0.17621,0.05,0.42431,2.30225,0.25028,0.2353,0.0,0.01498
2018-03-31 15:00:00,2018-03-31 16:00,2.90413,0.17157,0.05,0.30101,2.38155,0.2291,0.2291,0.0,0.0
2018-03-31 16:00:00,2018-03-31 17:00,1.19194,0.16639,0.05,0.003,0.97255,0.22218,0.22218,0.0,-0.0
2018-03-31 17:00:00,2018-03-31 18:00,1.35312,0.17342,0.05,0.10549,1.02421,0.23158,0.23158,0.0,0.0
2018-03-31 18:00:00,2018-03-31 19:00,1.85813,0.18337,0.05,0.40056,1.2242,0.24486,0.24486,0.0,-0.0
2018-03-31 19:00:00,2018-03-31 20:00,1.58529,0.18335,0.05,0.003,1.34894,0.24483,0.24483,0.0,-0.0
2018-03-31 20:00:00,2018-03-31 21:00,1.52603,0.19522,0.05,0.003,1.27781,0.26069,0.26069,0.0,-0.0
2018-03-31 21:00:00,2018-03-31 22:00,1.17384,0.21225,0.05,0.003,0.90859,0.28344,0.28344,0.0,-0.0
2018-03-31 22:00:00,2018-03-31 23:00,0.88747,0.23144,0.05,0.003,0.60303,0.30904,0.30904,0.0,0.0
2018-03-31 23:00:00,2018-04-01 00:00,0.80071,0.22769,0.05,0.003,0.52002,0.30405,0.30405,0.0,0.0
2018-04-01 00:00:00,2018-04-01 01:00,0.76274,0.22737,0.05,0.003,0.48237,0.30362,0.30362,0.0,-0.0
2018-04-01 01:00:00,2018-04-01 02:00,1.17589,0.23022,0.05,0.42904,0.46663,0.30741,0.30741,0.0,-0.0
2018-04-01 02:00:00,2018-04-01 03:00,0.76197,0.2335,0.05,0.02272,0.45575,0.31181,0.31181,0.0,-0.0
2018-04-01 03:00:00,2018-04-01 04:00,0.74465,0.23896,0.05,0.003,0.45269,0.3191,0.3191,0.0,-0.0
2018-04-01 04:00:00,2018-04-01 05:00,0.74452,0.24204,0.05,0.003,0.44948,0.32319,0.32319,0.0,0.0
2018-04-01 05:00:00,2018-04-01 06:00,0.74952,0.24755,0.05,0.003,0.44897,0.33056,0.33056,0.0,0.0
2018-04-01 06:00:00,2018-04-01 07:00,1.14875,0.26947,0.05,0.31858,0.5107,0.35982,0.35982,0.0,-0.0
2018-04-01 07:00:00,2018-04-01 08:00,0.95913,0.24666,0.05,0.13822,0.52425,0.32937,0.32937,0.0,-0.0
2018-04-01 08:00:00,2018-04-01 09:00,0.84314,0.23552,0.05,0.003,0.55462,0.31448,0.31448,0.0,-0.0
2018-04-01 09:00:00,2018-04-01 10:00,1.38755,0.22379,0.05,0.41667,0.69709,0.29884,0.29884,0.0,-0.0
2018-04-01 10:00:00,2018-04-01 11:00,1.21267,0.20498,0.05,0.23609,0.7216,0.28495,0.27371,0.0,0.01124
2018-04-01 11:00:00,2018-04-01 12:00,1.06679,0.1619,0.05,0.003,0.85189,0.28363,0.21618,0.0,0.06745
2018-04-01 12:00:00,2018-04-01 13:00,1.03858,0.16191,0.05,0.003,0.82367,0.21621,0.21621,0.0,-0.0
2018-04-01 13:00:00,2018-04-01 14:00,2.91162,0.16385,0.05,0.003,2.69477,0.21879,0.21879,0.0,0.0
2018-04-01 14:00:00,2018-04-01 15:00,2.30031,0.13805,0.05,0.42857,1.68369,0.18434,0.18434,0.0,0.0
2018-04-01 15:00:00,2018-04-01 16:00,1.38776,0.1217,0.05,0.32313,0.89293,0.1625,0.1625,0.0,0.0
2018-04-01 16:00:00,2018-04-01 17:00,1.10385,0.11,0.05,0.003,0.94085,0.14689,0.14688,0.0,0.0
2018-04-01 17:00:00,2018-04-01 18:00,1.57902,0.10777,0.05,0.42525,0.996,0.14391,0.14391,0.0,0.0
2018-04-01 18:00:00,2018-04-01 19:00,1.27435,0.12673,0.05,0.03136,1.06626,0.16924,0.16924,0.0,0.0
2018-04-01 19:00:00,2018-04-01 20:00,1.50728,0.11402,0.05,0.20818,1.13508,0.15227,0.15227,0.0,0.0
2018-04-01 20:00:00,2018-04-01 21:00,1.6683,0.11847,0.05,0.3922,1.10763,0.15819,0.15819,0.0,0.0
2018-04-01 21:00:00,2018-04-01 22:00,1.07676,0.12878,0.05,0.003,0.89498,0.17196,0.17196,0.0,0.0
2018-04-01 22:00:00,2018-04-01 23:00,0.92894,0.14267,0.05,0.003,0.73327,0.1905,0.1905,0.0,-0.0
2018-04-01 23:00:00,2018-04-02 00:00,0.7337,0.15416,0.05,0.003,0.52654,0.20585,0.20585,0.0,0.0
2018-04-02 00:00:00,2018-04-02 01:00,0.69373,0.16145,0.05,0.003,0.47928,0.21559,0.21559,0.0,0.0
2018-04-02 01:00:00,2018-04-02 02:00,0.68302,0.16675,0.05,0.003,0.46327,0.22268,0.22268,0.0,-0.0
2018-04-02 02:00:00,2018-04-02 03:00,0.67997,0.1705,0.05,0.003,0.45647,0.22768,0.22768,0.0,0.0
2018-04-02 03:00:00,2018-04-02 04:00,0.67784,0.17062,0.05,0.003,0.45422,0.22784,0.22784,0.0,0.0
2018-04-02 04:00:00,2018-04-02 05:00,0.67506,0.17384,0.05,0.003,0.44822,0.23213,0.23213,0.0,0.0
2018-04-02 05:00:00,2018-04-02 06:00,0.68447,0.1801,0.05,0.003,0.45137,0.24049,0.24049,0.0,0.0
2018-04-02 06:00:00,2018-04-02 07:00,1.22364,0.19593,0.05,0.43425,0.54346,0.26163,0.26163,0.0,-0.0
2018-04-02 07:00:00,2018-04-02 08:00,0.99156,0.17579,0.05,0.27121,0.49456,0.23472,0.23472,0.0,0.0
2018-04-02 08:00:00,2018-04-02 09:00,0.86794,0.16762,0.05,0.003,0.64732,0.22382,0.22382,0.0,0.0
2018-04-02 09:00:00,2018-04-02 10:00,2.01909,0.16677,0.05,0.003,1.79932,0.22269,0.22269,0.0,0.0
2018-04-02 10:00:00,2018-04-02 11:00,1.29209,0.14534,0.05,0.20737,0.88938,0.19407,0.19407,0.0,0.0
2018-04-02 11:00:00,2018-04-02 12:00,1.14517,0.13721,0.05,0.42978,0.52818,0.18322,0.18322,0.0,-0.0
2018-04-02 12:00:00,2018-04-02 13:00,0.9093,0.14395,0.05,0.20139,0.51396,0.19222,0.19222,0.0,0.0
2018-04-02 13:00:00,2018-04-02 14:00,0.66993,0.1432,0.05,0.003,0.47373,0.19121,0.19121,0.0,0.0
2018-04-02 14:00:00,2018-04-02 15:00,0.66908,0.13506,0.05,0.003,0.48102,0.18034,0.18034,0.0,0.0
2018-04-02 15:00:00,2018-04-02 16:00,0.73185,0.13071,0.05,0.003,0.54814,0.17454,0.17454,0.0,-0.0
2018-04-02 16:00:00,2018-04-02 17:00,1.26522,0.12276,0.05,0.42338,0.66908,0.20327,0.16392,0.0,0.03935
2018-04-02 17:00:00,2018-04-02 18:00,1.33376,0.12501,0.05,0.43254,0.72621,0.18005,0.16692,0.0,0.01312
2018-04-02 18:00:00,2018-04-02 19:00,1.19249,0.13547,0.05,0.20251,0.80451,0.1809,0.1809,0.0,0.0
2018-04-02 19:00:00,2018-04-02 20:00,1.04327,0.12457,0.05,0.003,0.8657,0.16635,0.16635,0.0,0.0
2018-04-02 20:00:00,2018-04-02 21:00,1.43085,0.12232,0.05,0.003,1.25553,0.16334,0.16334,0.0,0.0
2018-04-02 21:00:00,2018-04-02 22:00,1.10283,0.13399,0.05,0.003,0.91584,0.17892,0.17892,0.0,0.0
2018-04-02 22:00:00,2018-04-02 23:00,1.3356,0.14478,0.05,0.41905,0.72177,0.19332,0.19332,0.0,0.0
2018-04-02 23:00:00,2018-04-03 00:00,1.11629,0.14777,0.05,0.3984,0.52012,0.19731,0.19731,0.0,0.0
2018-04-03 00:00:00,2018-04-03 01:00,0.66634,0.14698,0.05,0.003,0.46636,0.19627,0.19627,0.0,0.0
2018-04-03 01:00:00,2018-04-03 02:00,0.66096,0.14517,0.05,0.003,0.46279,0.19384,0.19384,0.0,0.0
2018-04-03 02:00:00,2018-04-03 03:00,0.66039,0.15094,0.05,0.003,0.45645,0.20154,0.20154,0.0,0.0
2018-04-03 03:00:00,2018-04-03 04:00,0.66003,0.15282,0.05,0.003,0.45421,0.20406,0.20406,0.0,0.0
2018-04-03 04:00:00,2018-04-03 05:00,0.65509,0.1529,0.05,0.003,0.44919,0.20417,0.20417,0.0,0.0
2018-04-03 05:00:00,2018-04-03 06:00,0.66398,0.1581,0.05,0.003,0.45288,0.21112,0.21112,0.0,0.0
2018-04-03 06:00:00,2018-04-03 07:00,1.1951,0.17236,0.05,0.42379,0.54895,0.23016,0.23016,0.0,0.0
2018-04-03 07:00:00,2018-04-03 08:00,1.18731,0.1611,0.05,0.40509,0.57112,0.21512,0.21512,0.0,-0.0
2018-04-03 08:00:00,2018-04-03 09:00,1.1389,0.16515,0.05,0.42838,0.49537,0.22053,0.22053,0.0,0.0
2018-04-03 09:00:00,2018-04-03 10:00,0.8408,0.16293,0.05,0.15386,0.47401,0.21757,0.21757,0.0,0.0
2018-04-03 10:00:00,2018-04-03 11:00,0.67596,0.15603,0.05,0.003,0.46693,0.20835,0.20835,0.0,0.0
2018-04-03 11:00:00,2018-04-03 12:00,0.69162,0.15204,0.05,0.003,0.48658,0.20303,0.20303,0.0,-0.0
2018-04-03 12:00:00,2018-04-03 13:00,1.0498,0.14292,0.05,0.32047,0.53641,0.19085,0.19085,0.0,0.0
2018-04-03 13:00:00,2018-04-03 14:00,1.20073,0.13942,0.05,0.41397,0.59734,0.18616,0.18616,0.0,0.0
2018-04-03 14:00:00,2018-04-03 15:00,1.1543,0.13581,0.05,0.39892,0.56957,0.18136,0.18136,0.0,0.0
2018-04-03 15:00:00,2018-04-03 16:00,0.73315,0.13201,0.05,0.003,0.54814,0.17628,0.17628,0.0,-0.0
2018-04-03 16:00:00,2018-04-03 17:00,0.85254,0.11732,0.05,0.003,0.68222,0.20914,0.15667,0.0,0.05247
2018-04-03 17:00:00,2018-04-03 18:00,0.90787,0.14178,0.05,0.003,0.71309,0.18932,0.18932,0.0,-0.0
2018-04-03 18:00:00,2018-04-03 19:00,1.11006,0.17203,0.05,0.003,0.88503,0.22972,0.22972,0.0,-0.0
2018-04-03 19:00:00,2018-04-03 20:00,1.70515,0.16188,0.05,0.43783,1.05544,0.21617,0.21617,0.0,-0.0
2018-04-03 20:00:00,2018-04-03 21:00,1.3955,0.17523,0.05,0.06497,1.1053,0.23399,0.23399,0.0,0.0
2018-04-03 21:00:00,2018-04-03 22:00,1.09938,0.19346,0.05,0.003,0.85292,0.25834,0.25834,0.0,-0.0
2018-04-03 22:00:00,2018-04-03 23:00,0.76099,0.20217,0.05,0.003,0.50582,0.26997,0.26997,0.0,0.0
2018-04-03 23:00:00,2018-04-04 00:00,0.73293,0.20764,0.05,0.003,0.47229,0.27726,0.27726,0.0,0.0
2018-04-04 00:00:00,2018-04-04 01:00,1.0851,0.19945,0.05,0.36929,0.46636,0.26634,0.26634,0.0,0.0
2018-04-04 01:00:00,2018-04-04 02:00,0.71505,0.19997,0.05,0.003,0.46208,0.26702,0.26702,0.0,0.0
2018-04-04 02:00:00,2018-04-04 03:00,0.72502,0.21554,0.05,0.003,0.45648,0.28783,0.28783,0.0,-0.0
2018-04-04 03:00:00,2018-04-04 04:00,0.74165,0.23445,0.05,0.003,0.4542,0.31307,0.31307,0.0,0.0
2018-04-04 04:00:00,2018-04-04 05:00,0.75197,0.24978,0.05,0.003,0.44919,0.33353,0.33353,0.0,-0.0
2018-04-04 05:00:00,2018-04-04 06:00,0.98212,0.25486,0.05,0.21695,0.46031,0.34031,0.34031,0.0,-0.0
2018-04-04 06:00:00,2018-04-04 07:00,1.11484,0.27026,0.05,0.25251,0.54207,0.38712,0.3609,0.0,0.02622
2018-04-04 07:00:00,2018-04-04 08:00,0.81824,0.26305,0.05,0.003,0.50219,0.35126,0.35126,0.0,0.0
2018-04-04 08:00:00,2018-04-04 09:00,0.79052,0.25371,0.05,0.003,0.48381,0.33879,0.33879,0.0,-0.0
2018-04-04 09:00:00,2018-04-04 10:00,0.9812,0.22624,0.05,0.10544,0.59952,0.3021,0.3021,0.0,-0.0
2018-04-04 10:00:00,2018-04-04 11:00,1.24315,0.19813,0.05,0.40733,0.58769,0.26458,0.26458,0.0,0.0
2018-04-04 11:00:00,2018-04-04 12:00,1.18219,0.17872,0.05,0.41877,0.5347,0.23865,0.23865,0.0,0.0
2018-04-04 12:00:00,2018-04-04 13:00,1.04303,0.16168,0.05,0.25324,0.57811,0.21588,0.21588,0.0,-0.0
2018-04-04 13:00:00,2018-04-04 14:00,0.76847,0.14861,0.05,0.003,0.56686,0.19845,0.19845,0.0,-0.0
2018-04-04 14:00:00,2018-04-04 15:00,0.67491,0.1483,0.05,0.003,0.47361,0.19804,0.19804,0.0,0.0
2018-04-04 15:00:00,2018-04-04 16:00,0.78133,0.14314,0.05,0.10759,0.4806,0.19115,0.19115,0.0,0.0
2018-04-04 16:00:00,2018-04-04 17:00,1.18297,0.12818,0.05,0.42977,0.57502,0.17117,0.17117,0.0,-0.0
2018-04-04 17:00:00,2018-04-04 18:00,0.98841,0.11257,0.05,0.03693,0.78891,0.17654,0.15032,0.0,0.02622
2018-04-04 18:00:00,2018-04-04 19:00,1.18558,0.13199,0.05,0.003,1.00059,0.17625,0.17625,0.0,0.0
2018-04-04 19:00:00,2018-04-04 20:00,1.31141,0.1141,0.05,0.1068,1.04051,0.17859,0.15237,0.0,0.02622
2018-04-04 20:00:00,2018-04-04 21:00,1.55278,0.13208,0.05,0.28549,1.08521,0.17637,0.17637,0.0,-0.0
2018-04-04 21:00:00,2018-04-04 22:00,1.27367,0.1411,0.05,0.003,1.07957,0.18842,0.18842,0.0,0.0
2018-04-04 22:00:00,2018-04-04 23:00,2.74158,0.17133,0.05,0.003,2.51725,0.22877,0.22877,0.0,-0.0
2018-04-04 23:00:00,2018-04-05 00:00,1.62013,0.17941,0.05,0.003,1.38772,0.23956,0.23956,0.0,0.0
2018-04-05 00:00:00,2018-04-05 01:00,0.70155,0.18219,0.05,0.003,0.46636,0.24329,0.24329,0.0,0.0
2018-04-05 01:00:00,2018-04-05 02:00,1.07621,0.19128,0.05,0.37285,0.46208,0.25541,0.25541,0.0,0.0
2018-04-05 02:00:00,2018-04-05 03:00,0.70832,0.19885,0.05,0.003,0.45647,0.26552,0.26552,0.0,0.0
2018-04-05 03:00:00,2018-04-05 04:00,0.71112,0.20392,0.05,0.003,0.4542,0.2723,0.2723,0.0,0.0
2018-04-05 04:00:00,2018-04-05 05:00,0.7116,0.20941,0.05,0.003,0.44919,0.27963,0.27963,0.0,0.0
2018-04-05 05:00:00,2018-04-05 06:00,1.16543,0.21944,0.05,0.42443,0.47156,0.29302,0.29302,0.0,-0.0
2018-04-05 06:00:00,2018-04-05 07:00,1.2766,0.24547,0.05,0.41735,0.56378,0.32779,0.32779,0.0,0.0
2018-04-05 07:00:00,2018-04-05 08:00,1.24263,0.22803,0.05,0.41486,0.54974,0.30449,0.30449,0.0,0.0
2018-04-05 08:00:00,2018-04-05 09:00,1.28418,0.21341,0.05,0.42839,0.59238,0.28496,0.28496,0.0,-0.0
2018-04-05 09:00:00,2018-04-05 10:00,1.23123,0.1857,0.05,0.42436,0.57117,0.24797,0.24797,0.0,0.0
2018-04-05 10:00:00,2018-04-05 11:00,0.82908,0.1636,0.05,0.14854,0.46694,0.21847,0.21847,0.0,0.0
2018-04-05 11:00:00,2018-04-05 12:00,0.71105,0.13213,0.05,0.003,0.52592,0.21579,0.17644,0.0,0.03935
2018-04-05 12:00:00,2018-04-05 13:00,0.78146,0.07963,0.05,0.003,0.64883,0.21875,0.10633,0.0,0.11242
2018-04-05 13:00:00,2018-04-05 14:00,1.12605,0.08549,0.05,0.41636,0.5742,0.14789,0.11416,0.0,0.03373
2018-04-05 14:00:00,2018-04-05 15:00,1.22362,0.08406,0.05,0.35,0.73956,0.12348,0.11224,0.0,0.01124
2018-04-05 15:00:00,2018-04-05 16:00,2.13407,0.07384,0.05,0.003,2.00723,0.11358,0.0986,0.0,0.01498
2018-04-05 16:00:00,2018-04-05 17:00,2.97989,0.07639,0.05,0.003,2.8505,0.10202,0.10202,0.0,-0.0
2018-04-05 17:00:00,2018-04-05 18:00,3.01524,0.08046,0.05,0.003,2.88178,0.10743,0.10743,0.0,0.0
2018-04-05 18:00:00,2018-04-05 19:00,1.61254,0.09008,0.05,0.21291,1.25955,0.12029,0.12029,0.0,-0.0
2018-04-05 19:00:00,2018-04-05 20:00,1.18947,0.0834,0.05,0.2103,0.84577,0.11137,0.11137,0.0,0.0
2018-04-05 20:00:00,2018-04-05 21:00,1.47611,0.08758,0.05,0.31319,1.02534,0.11695,0.11695,0.0,0.0
2018-04-05 21:00:00,2018-04-05 22:00,1.42312,0.0944,0.05,0.21209,1.06663,0.12606,0.12606,0.0,0.0
2018-04-05 22:00:00,2018-04-05 23:00,0.79176,0.11569,0.05,0.003,0.62307,0.15448,0.15448,0.0,0.0
2018-04-05 23:00:00,2018-04-06 00:00,0.70223,0.13453,0.05,0.003,0.5147,0.17964,0.17964,0.0,-0.0
2018-04-06 00:00:00,2018-04-06 01:00,0.67345,0.14845,0.05,0.003,0.472,0.19822,0.19822,0.0,0.0
2018-04-06 01:00:00,2018-04-06 02:00,0.67634,0.16123,0.05,0.003,0.46211,0.21531,0.21531,0.0,-0.0
2018-04-06 02:00:00,2018-04-06 03:00,0.68133,0.17189,0.05,0.003,0.45644,0.22951,0.22951,0.0,0.0
2018-04-06 03:00:00,2018-04-06 04:00,0.69361,0.18659,0.05,0.003,0.45402,0.24915,0.24915,0.0,-0.0
2018-04-06 04:00:00,2018-04-06 05:00,0.82126,0.21461,0.05,0.10805,0.4486,0.28658,0.28658,0.0,0.0
2018-04-06 05:00:00,2018-04-06 06:00,1.06714,0.22446,0.05,0.34345,0.44923,0.29974,0.29974,0.0,-0.0
2018-04-06 06:00:00,2018-04-06 07:00,0.80667,0.25617,0.05,0.003,0.4975,0.34206,0.34206,0.0,0.0
2018-04-06 07:00:00,2018-04-06 08:00,0.9155,0.25293,0.05,0.003,0.60957,0.36397,0.33774,0.0,0.02622
2018-04-06 08:00:00,2018-04-06 09:00,1.284,0.26772,0.05,0.31334,0.65294,0.35749,0.35749,0.0,-0.0
2018-04-06 09:00:00,2018-04-06 10:00,1.39722,0.28289,0.05,0.40834,0.65599,0.37776,0.37776,0.0,0.0
2018-04-06 10:00:00,2018-04-06 11:00,1.33724,0.27531,0.05,0.41776,0.59417,0.36762,0.36762,0.0,-0.0
2018-04-06 11:00:00,2018-04-06 12:00,1.29747,0.25447,0.05,0.4006,0.5924,0.33981,0.33981,0.0,-0.0
2018-04-06 12:00:00,2018-04-06 13:00,0.87914,0.23192,0.05,0.003,0.59422,0.30969,0.30969,0.0,-0.0
2018-04-06 13:00:00,2018-04-06 14:00,0.82652,0.23306,0.05,0.003,0.54046,0.3112,0.3112,0.0,-0.0
2018-04-06 14:00:00,2018-04-06 15:00,0.82349,0.22836,0.05,0.003,0.54213,0.30494,0.30494,0.0,-0.0
2018-04-06 15:00:00,2018-04-06 16:00,0.96342,0.19446,0.05,0.10713,0.61183,0.28591,0.25969,0.0,0.02622
2018-04-06 16:00:00,2018-04-06 17:00,1.24981,0.19433,0.05,0.43047,0.57501,0.25949,0.25949,0.0,0.0
2018-04-06 17:00:00,2018-04-06 18:00,1.10498,0.19149,0.05,0.21789,0.6456,0.2557,0.2557,0.0,0.0
2018-04-06 18:00:00,2018-04-06 19:00,1.05756,0.21119,0.05,0.10467,0.6917,0.282,0.282,0.0,0.0
2018-04-06 19:00:00,2018-04-06 20:00,1.526,0.20213,0.05,0.41145,0.86242,0.2699,0.2699,0.0,-0.0
2018-04-06 20:00:00,2018-04-06 21:00,1.37382,0.19522,0.05,0.003,1.1256,0.26069,0.26069,0.0,-0.0
2018-04-06 21:00:00,2018-04-06 22:00,1.3278,0.19557,0.05,0.003,1.07923,0.26115,0.26115,0.0,-0.0
2018-04-06 22:00:00,2018-04-06 23:00,0.95986,0.20662,0.05,0.003,0.70024,0.27591,0.27591,0.0,-0.0
2018-04-06 23:00:00,2018-04-07 00:00,0.74176,0.21632,0.05,0.003,0.47244,0.28886,0.28886,0.0,0.0
2018-04-07 00:00:00,2018-04-07 01:00,0.74486,0.22426,0.05,0.003,0.4676,0.29945,0.29945,0.0,0.0
2018-04-07 01:00:00,2018-04-07 02:00,0.74936,0.23303,0.05,0.003,0.46333,0.31117,0.31117,0.0,0.0
2018-04-07 02:00:00,2018-04-07 03:00,0.74457,0.23385,0.05,0.003,0.45772,0.31227,0.31227,0.0,-0.0
2018-04-07 03:00:00,2018-04-07 04:00,0.74397,0.23553,0.05,0.003,0.45544,0.3145,0.3145,0.0,0.0
2018-04-07 04:00:00,2018-04-07 05:00,1.06076,0.23791,0.05,0.32336,0.44949,0.31769,0.31769,0.0,0.0
2018-04-07 05:00:00,2018-04-07 06:00,0.77834,0.24127,0.05,0.03463,0.45244,0.32219,0.32219,0.0,-0.0
2018-04-07 06:00:00,2018-04-07 07:00,0.84115,0.26346,0.05,0.003,0.52469,0.35182,0.35182,0.0,-0.0
2018-04-07 07:00:00,2018-04-07 08:00,1.02706,0.24326,0.05,0.20956,0.52424,0.32483,0.32483,0.0,0.0
2018-04-07 08:00:00,2018-04-07 09:00,1.30458,0.23155,0.05,0.41812,0.60491,0.30919,0.30919,0.0,0.0
2018-04-07 09:00:00,2018-04-07 10:00,1.39508,0.21297,0.05,0.43499,0.69712,0.2844,0.2844,0.0,-0.0
2018-04-07 10:00:00,2018-04-07 11:00,1.0259,0.19471,0.05,0.04802,0.73317,0.26001,0.26001,0.0,0.0
2018-04-07 11:00:00,2018-04-07 12:00,2.98969,0.18572,0.05,0.10531,2.64866,0.24801,0.24801,0.0,-0.0
2018-04-07 12:00:00,2018-04-07 13:00,1.73057,0.15748,0.05,0.42412,1.09897,0.22153,0.21029,0.0,0.01124
2018-04-07 13:00:00,2018-04-07 14:00,1.48408,0.11926,0.05,0.41678,0.89804,0.2267,0.15925,0.0,0.06745
2018-04-07 14:00:00,2018-04-07 15:00,1.45026,0.12524,0.05,0.41642,0.8586,0.16724,0.16724,0.0,0.0
2018-04-07 15:00:00,2018-04-07 16:00,1.48645,0.11436,0.05,0.42915,0.89294,0.15272,0.15272,0.0,-0.0
2018-04-07 16:00:00,2018-04-07 17:00,1.18992,0.1099,0.05,0.08915,0.94087,0.14676,0.14676,0.0,0.0
2018-04-07 17:00:00,2018-04-07 18:00,1.14362,0.10881,0.05,0.003,0.98181,0.14528,0.14528,0.0,-0.0
2018-04-07 18:00:00,2018-04-07 19:00,1.06158,0.12201,0.05,0.003,0.88657,0.16292,0.16292,0.0,-0.0
2018-04-07 19:00:00,2018-04-07 20:00,1.05626,0.11473,0.05,0.003,0.88853,0.15319,0.15319,0.0,0.0
2018-04-07 20:00:00,2018-04-07 21:00,1.58996,0.11729,0.05,0.31503,1.10764,0.15662,0.15662,0.0,-0.0
2018-04-07 21:00:00,2018-04-07 22:00,1.36722,0.12364,0.05,0.19601,0.99757,0.16511,0.16511,0.0,0.0
2018-04-07 22:00:00,2018-04-07 23:00,0.92321,0.13694,0.05,0.003,0.73327,0.18285,0.18285,0.0,0.0
2018-04-07 23:00:00,2018-04-08 00:00,0.76959,0.1511,0.05,0.003,0.56549,0.20176,0.20176,0.0,0.0
2018-04-08 00:00:00,2018-04-08 01:00,0.70444,0.16271,0.05,0.003,0.48873,0.21726,0.21726,0.0,0.0
2018-04-08 01:00:00,2018-04-08 02:00,0.90648,0.17882,0.05,0.21103,0.46663,0.23878,0.23878,0.0,0.0
2018-04-08 02:00:00,2018-04-08 03:00,1.06568,0.18545,0.05,0.37322,0.45701,0.24764,0.24764,0.0,-0.0
2018-04-08 03:00:00,2018-04-08 04:00,0.70263,0.19418,0.05,0.003,0.45545,0.25929,0.25929,0.0,0.0
2018-04-08 04:00:00,2018-04-08 05:00,0.70883,0.20634,0.05,0.003,0.44949,0.27553,0.27553,0.0,-0.0
2018-04-08 05:00:00,2018-04-08 06:00,0.71523,0.21326,0.05,0.003,0.44897,0.28478,0.28478,0.0,0.0
2018-04-08 06:00:00,2018-04-08 07:00,0.77511,0.2343,0.05,0.003,0.48781,0.31286,0.31286,0.0,-0.0
2018-04-08 07:00:00,2018-04-08 08:00,1.0265,0.20537,0.05,0.20976,0.56137,0.28549,0.27425,0.0,0.01124
2018-04-08 08:00:00,2018-04-08 09:00,1.41792,0.17976,0.05,0.43038,0.75778,0.25502,0.24004,0.0,0.01498
2018-04-08 09:00:00,2018-04-08 10:00,1.3655,0.16786,0.05,0.42098,0.72666,0.22416,0.22416,0.0,0.0
2018-04-08 10:00:00,2018-04-08 11:00,1.15626,0.15592,0.05,0.24802,0.70232,0.2082,0.2082,0.0,0.0
2018-04-08 11:00:00,2018-04-08 12:00,1.25396,0.14008,0.05,0.003,1.06088,0.19829,0.18705,0.0,0.01124
2018-04-08 12:00:00,2018-04-08 13:00,1.86253,0.13254,0.05,0.003,1.67699,0.19196,0.17698,0.0,0.01498
2018-04-08 13:00:00,2018-04-08 14:00,1.42098,0.12771,0.05,0.42221,0.82106,0.17054,0.17054,0.0,-0.0
2018-04-08 14:00:00,2018-04-08 15:00,1.29231,0.12909,0.05,0.35049,0.76273,0.17237,0.17237,0.0,-0.0
2018-04-08 15:00:00,2018-04-08 16:00,1.006,0.12815,0.05,0.003,0.82485,0.17111,0.17111,0.0,0.0
2018-04-08 16:00:00,2018-04-08 17:00,1.33188,0.12576,0.05,0.31178,0.84434,0.16792,0.16792,0.0,0.0
2018-04-08 17:00:00,2018-04-08 18:00,1.43397,0.11534,0.05,0.41492,0.85371,0.18025,0.15402,0.0,0.02622
2018-04-08 18:00:00,2018-04-08 19:00,1.02202,0.13869,0.05,0.003,0.83033,0.18519,0.18519,0.0,0.0
2018-04-08 19:00:00,2018-04-08 20:00,1.16458,0.12363,0.05,0.003,0.98795,0.17632,0.16507,0.0,0.01124
2018-04-08 20:00:00,2018-04-08 21:00,1.4546,0.12492,0.05,0.20894,1.07074,0.18178,0.1668,0.0,0.01498
2018-04-08 21:00:00,2018-04-08 22:00,1.17649,0.14233,0.05,0.3721,0.61206,0.19005,0.19005,0.0,-0.0
2018-04-08 22:00:00,2018-04-08 23:00,0.75887,0.14729,0.05,0.003,0.55858,0.19669,0.19669,0.0,-0.0
2018-04-08 23:00:00,2018-04-09 00:00,0.69688,0.15072,0.05,0.003,0.49316,0.20126,0.20126,0.0,0.0
2018-04-09 00:00:00,2018-04-09 01:00,0.67257,0.15321,0.05,0.003,0.46636,0.20459,0.20459,0.0,-0.0
2018-04-09 01:00:00,2018-04-09 02:00,0.67096,0.15587,0.05,0.003,0.46209,0.20813,0.20813,0.0,0.0
2018-04-09 02:00:00,2018-04-09 03:00,0.67059,0.16113,0.05,0.003,0.45646,0.21516,0.21516,0.0,0.0
2018-04-09 03:00:00,2018-04-09 04:00,0.67112,0.16391,0.05,0.003,0.45421,0.21888,0.21888,0.0,-0.0
2018-04-09 04:00:00,2018-04-09 05:00,0.67097,0.16878,0.05,0.003,0.44919,0.22537,0.22537,0.0,0.0
2018-04-09 05:00:00,2018-04-09 06:00,0.90341,0.17384,0.05,0.2105,0.46907,0.23213,0.23213,0.0,0.0
2018-04-09 06:00:00,2018-04-09 07:00,1.26686,0.18927,0.05,0.43053,0.59706,0.25274,0.25274,0.0,0.0
2018-04-09 07:00:00,2018-04-09 08:00,1.28226,0.17533,0.05,0.43023,0.6267,0.23413,0.23413,0.0,0.0
2018-04-09 08:00:00,2018-04-09 09:00,1.23074,0.16822,0.05,0.42653,0.58599,0.22463,0.22463,0.0,-0.0
2018-04-09 09:00:00,2018-04-09 10:00,0.89298,0.15298,0.05,0.1534,0.5366,0.20426,0.20426,0.0,0.0
2018-04-09 10:00:00,2018-04-09 11:00,0.71162,0.13452,0.05,0.003,0.5241,0.17963,0.17963,0.0,-0.0
2018-04-09 11:00:00,2018-04-09 12:00,0.64138,0.12402,0.05,0.003,0.46436,0.16561,0.16561,0.0,0.0
2018-04-09 12:00:00,2018-04-09 13:00,1.11168,0.07919,0.05,0.32114,0.66135,0.2013,0.10575,0.0,0.09556
2018-04-09 13:00:00,2018-04-09 14:00,0.99053,0.08048,0.05,0.21705,0.643,0.14309,0.10748,0.0,0.03561
2018-04-09 14:00:00,2018-04-09 15:00,0.73224,0.09257,0.05,0.003,0.58667,0.12361,0.12361,0.0,0.0
2018-04-09 15:00:00,2018-04-09 16:00,0.72232,0.09344,0.05,0.003,0.57588,0.12477,0.12477,0.0,-0.0
2018-04-09 16:00:00,2018-04-09 17:00,1.00634,0.08437,0.05,0.2133,0.65867,0.13887,0.11265,0.0,0.02622
2018-04-09 17:00:00,2018-04-09 18:00,1.27671,0.09622,0.05,0.43295,0.69754,0.12848,0.12848,0.0,0.0
2018-04-09 18:00:00,2018-04-09 19:00,1.39365,0.11281,0.05,0.34582,0.88502,0.15065,0.15065,0.0,0.0
2018-04-09 19:00:00,2018-04-09 20:00,1.16916,0.10187,0.05,0.003,1.01429,0.13603,0.13603,0.0,0.0
2018-04-09 20:00:00,2018-04-09 21:00,1.28043,0.09932,0.05,0.003,1.12811,0.13263,0.13263,0.0,-0.0
2018-04-09 21:00:00,2018-04-09 22:00,3.10822,0.11179,0.05,0.003,2.94343,0.14927,0.14927,0.0,0.0
2018-04-09 22:00:00,2018-04-09 23:00,2.29885,0.11494,0.05,0.003,2.13091,0.15347,0.15347,0.0,0.0
2018-04-09 23:00:00,2018-04-10 00:00,0.68546,0.11776,0.05,0.003,0.5147,0.15726,0.15726,0.0,0.0
2018-04-10 00:00:00,2018-04-10 01:00,0.64885,0.12385,0.05,0.003,0.472,0.16538,0.16538,0.0,0.0
2018-04-10 01:00:00,2018-04-10 02:00,0.64484,0.12974,0.05,0.003,0.4621,0.17325,0.17325,0.0,0.0
2018-04-10 02:00:00,2018-04-10 03:00,0.64306,0.1336,0.05,0.003,0.45646,0.17839,0.17839,0.0,0.0
2018-04-10 03:00:00,2018-04-10 04:00,0.64391,0.13671,0.05,0.003,0.4542,0.18255,0.18255,0.0,0.0
2018-04-10 04:00:00,2018-04-10 05:00,0.64085,0.13961,0.05,0.003,0.44824,0.18643,0.18643,0.0,0.0
2018-04-10 05:00:00,2018-04-10 06:00,0.64266,0.14194,0.05,0.003,0.44772,0.18953,0.18953,0.0,0.0
2018-04-10 06:00:00,2018-04-10 07:00,1.16789,0.15522,0.05,0.42473,0.53794,0.20726,0.20726,0.0,0.0
2018-04-10 07:00:00,2018-04-10 08:00,1.16337,0.14717,0.05,0.43647,0.52973,0.19652,0.19652,0.0,0.0
2018-04-10 08:00:00,2018-04-10 09:00,0.83749,0.14979,0.05,0.1664,0.4713,0.20001,0.20001,0.0,0.0
2018-04-10 09:00:00,2018-04-10 10:00,0.67521,0.14819,0.05,0.003,0.47402,0.19789,0.19789,0.0,0.0
2018-04-10 10:00:00,2018-04-10 11:00,0.66345,0.1435,0.05,0.003,0.46695,0.19162,0.19162,0.0,0.0
2018-04-10 11:00:00,2018-04-10 12:00,0.65899,0.14163,0.05,0.003,0.46436,0.18913,0.18913,0.0,0.0
2018-04-10 12:00:00,2018-04-10 13:00,0.94266,0.10972,0.05,0.21568,0.56726,0.22521,0.14652,0.0,0.07869
2018-04-10 13:00:00,2018-04-10 14:00,0.80255,0.1291,0.05,0.14971,0.47374,0.1724,0.1724,0.0,0.0
2018-04-10 14:00:00,2018-04-10 15:00,0.64923,0.12263,0.05,0.003,0.4736,0.16376,0.16376,0.0,0.0
2018-04-10 15:00:00,2018-04-10 16:00,0.6347,0.1099,0.05,0.003,0.4718,0.14676,0.14676,0.0,0.0
2018-04-10 16:00:00,2018-04-10 17:00,0.71896,0.1042,0.05,0.003,0.56176,0.13914,0.13914,0.0,0.0
2018-04-10 17:00:00,2018-04-10 18:00,1.17589,0.07619,0.05,0.31068,0.73902,0.16918,0.10173,0.0,0.06745
2018-04-10 18:00:00,2018-04-10 19:00,1.3418,0.09035,0.05,0.41783,0.78362,0.1319,0.12066,0.0,0.01124
2018-04-10 19:00:00,2018-04-10 20:00,1.55754,0.0817,0.05,0.43626,0.98958,0.1091,0.1091,0.0,0.0
2018-04-10 20:00:00,2018-04-10 21:00,1.54973,0.08368,0.05,0.22373,1.19232,0.11173,0.11173,0.0,-0.0
2018-04-10 21:00:00,2018-04-10 22:00,3.15706,0.10035,0.05,0.10812,2.89859,0.134,0.134,0.0,-0.0
2018-04-10 22:00:00,2018-04-10 23:00,2.05335,0.10571,0.05,0.31941,1.57823,0.14117,0.14117,0.0,-0.0
2018-04-10 23:00:00,2018-04-11 00:00,0.65301,0.10951,0.05,0.003,0.4905,0.14623,0.14623,0.0,-0.0
2018-04-11 00:00:00,2018-04-11 01:00,0.63431,0.11495,0.05,0.003,0.46636,0.1535,0.1535,0.0,0.0
2018-04-11 01:00:00,2018-04-11 02:00,0.6363,0.12121,0.05,0.003,0.46209,0.16186,0.16186,0.0,0.0
2018-04-11 02:00:00,2018-04-11 03:00,0.6321,0.12262,0.05,0.003,0.45648,0.16375,0.16375,0.0,-0.0
2018-04-11 03:00:00,2018-04-11 04:00,0.63146,0.12426,0.05,0.003,0.4542,0.16593,0.16593,0.0,0.0
2018-04-11 04:00:00,2018-04-11 05:00,0.63235,0.13018,0.05,0.003,0.44917,0.17382,0.17382,0.0,-0.0
2018-04-11 05:00:00,2018-04-11 06:00,0.86129,0.13421,0.05,0.20936,0.46772,0.17921,0.17921,0.0,0.0
2018-04-11 06:00:00,2018-04-11 07:00,1.22282,0.14572,0.05,0.40796,0.61914,0.20582,0.19458,0.0,0.01124
2018-04-11 07:00:00,2018-04-11 08:00,1.24331,0.11658,0.05,0.42029,0.65644,0.19691,0.15568,0.0,0.04123
2018-04-11 08:00:00,2018-04-11 09:00,1.14352,0.12367,0.05,0.43823,0.53162,0.16513,0.16513,0.0,0.0
2018-04-11 09:00:00,2018-04-11 10:00,0.99743,0.10928,0.05,0.24805,0.5901,0.14592,0.14592,0.0,0.0
2018-04-11 10:00:00,2018-04-11 11:00,1.04346,0.09757,0.05,0.32414,0.57175,0.13029,0.13029,0.0,0.0
2018-04-11 11:00:00,2018-04-11 12:00,0.98567,0.0941,0.05,0.31968,0.52189,0.12566,0.12566,0.0,0.0
2018-04-11 12:00:00,2018-04-11 13:00,0.60823,0.08261,0.05,0.003,0.47262,0.1103,0.1103,0.0,0.0
2018-04-11 13:00:00,2018-04-11 14:00,0.59657,0.06984,0.05,0.003,0.47373,0.09325,0.09325,0.0,0.0
2018-04-11 14:00:00,2018-04-11 15:00,0.64795,0.06301,0.05,0.003,0.53194,0.08414,0.08414,0.0,0.0
2018-04-11 15:00:00,2018-04-11 16:00,0.90557,0.0479,0.05,0.21458,0.59309,0.09019,0.06397,0.0,0.02622
2018-04-11 16:00:00,2018-04-11 17:00,1.12095,0.05208,0.05,0.44387,0.575,0.06954,0.06954,0.0,-0.0
2018-04-11 17:00:00,2018-04-11 18:00,1.07899,0.0471,0.05,0.29907,0.68282,0.07414,0.0629,0.0,0.01124
2018-04-11 18:00:00,2018-04-11 19:00,1.00183,0.03087,0.05,0.003,0.91796,0.1218,0.04122,0.0,0.08058
2018-04-11 19:00:00,2018-04-11 20:00,1.59286,0.03251,0.05,0.31476,1.19559,0.05654,0.04341,0.0,0.01312
2018-04-11 20:00:00,2018-04-11 21:00,1.81483,0.04122,0.05,0.43812,1.28549,0.05504,0.05504,0.0,0.0
2018-04-11 21:00:00,2018-04-11 22:00,1.32799,0.04857,0.05,0.15018,1.07924,0.06486,0.06485,0.0,0.0
2018-04-11 22:00:00,2018-04-11 23:00,0.88203,0.06143,0.05,0.003,0.7676,0.08204,0.08204,0.0,0.0
2018-04-11 23:00:00,2018-04-12 00:00,0.63495,0.06863,0.05,0.003,0.51332,0.09166,0.09166,0.0,-0.0
2018-04-12 00:00:00,2018-04-12 01:00,0.59143,0.07208,0.05,0.003,0.46635,0.09624,0.09624,0.0,0.0
2018-04-12 01:00:00,2018-04-12 02:00,0.59446,0.07936,0.05,0.003,0.4621,0.10598,0.10598,0.0,0.0
2018-04-12 02:00:00,2018-04-12 03:00,0.59714,0.08768,0.05,0.003,0.45646,0.11709,0.11709,0.0,0.0
2018-04-12 03:00:00,2018-04-12 04:00,0.60195,0.09475,0.05,0.003,0.4542,0.12651,0.12651,0.0,0.0
2018-04-12 04:00:00,2018-04-12 05:00,0.60172,0.10048,0.05,0.003,0.44824,0.13419,0.13419,0.0,0.0
2018-04-12 05:00:00,2018-04-12 06:00,0.62302,0.10383,0.05,0.003,0.46619,0.14988,0.13864,0.0,0.01124
2018-04-12 06:00:00,2018-04-12 07:00,1.37301,0.11892,0.05,0.32819,0.8759,0.17377,0.15879,0.0,0.01498
2018-04-12 07:00:00,2018-04-12 08:00,3.35169,0.12228,0.05,0.42942,2.74999,0.16328,0.16328,0.0,-0.0
2018-04-12 08:00:00,2018-04-12 09:00,2.04927,0.10303,0.05,0.4336,1.46264,0.13758,0.13758,0.0,0.0
2018-04-12 09:00:00,2018-04-12 10:00,1.17613,0.08555,0.05,0.44106,0.59952,0.11424,0.11424,0.0,0.0
2018-04-12 10:00:00,2018-04-12 11:00,0.97306,0.07395,0.05,0.25494,0.59417,0.09875,0.09875,0.0,0.0
2018-04-12 11:00:00,2018-04-12 12:00,0.6422,0.06735,0.05,0.003,0.52185,0.08994,0.08994,0.0,-0.0
2018-04-12 12:00:00,2018-04-12 13:00,0.61155,0.06047,0.05,0.003,0.49808,0.08074,0.08074,0.0,0.0
2018-04-12 13:00:00,2018-04-12 14:00,0.57909,0.05234,0.05,0.003,0.47375,0.0699,0.0699,0.0,-0.0
2018-04-12 14:00:00,2018-04-12 15:00,0.55578,0.04168,0.0375,0.003,0.4736,0.05566,0.05566,0.0,0.0
2018-04-12 15:00:00,2018-04-12 16:00,0.5125,0.0377,0.0,0.003,0.4718,0.05035,0.05035,0.0,0.0
2018-04-12 16:00:00,2018-04-12 17:00,0.93981,0.03425,0.05,0.32625,0.52931,0.04573,0.04573,0.0,0.0
2018-04-12 17:00:00,2018-04-12 18:00,0.67347,0.03923,0.05,0.0843,0.49994,0.05238,0.05238,0.0,0.0
2018-04-12 18:00:00,2018-04-12 19:00,0.77179,0.04921,0.05,0.003,0.66958,0.06571,0.06571,0.0,0.0
2018-04-12 19:00:00,2018-04-12 20:00,1.50491,0.02855,0.05,0.43048,0.99588,0.06435,0.03813,0.0,0.02622
2018-04-12 20:00:00,2018-04-12 21:00,1.35003,0.03849,0.05,0.1862,1.07534,0.05141,0.05141,0.0,0.0
2018-04-12 21:00:00,2018-04-12 22:00,1.1138,0.04436,0.05,0.003,1.01644,0.05924,0.05924,0.0,-0.0
2018-04-12 22:00:00,2018-04-12 23:00,0.82682,0.05676,0.05,0.003,0.71706,0.07579,0.07579,0.0,0.0
2018-04-12 23:00:00,2018-04-13 00:00,0.61023,0.06673,0.05,0.003,0.4905,0.0891,0.0891,0.0,0.0
2018-04-13 00:00:00,2018-04-13 01:00,0.59379,0.07443,0.05,0.003,0.46636,0.0994,0.0994,0.0,0.0
2018-04-13 01:00:00,2018-04-13 02:00,0.59958,0.0845,0.05,0.003,0.46208,0.11284,0.11284,0.0,-0.0
2018-04-13 02:00:00,2018-04-13 03:00,0.59893,0.08948,0.05,0.003,0.45645,0.11948,0.11948,0.0,0.0
2018-04-13 03:00:00,2018-04-13 04:00,0.60265,0.09544,0.05,0.003,0.45421,0.12744,0.12744,0.0,0.0
2018-04-13 04:00:00,2018-04-13 05:00,0.59797,0.09673,0.05,0.003,0.44824,0.12918,0.12918,0.0,0.0
2018-04-13 05:00:00,2018-04-13 06:00,1.04862,0.09569,0.05,0.43538,0.46755,0.12778,0.12778,0.0,-0.0
2018-04-13 06:00:00,2018-04-13 07:00,1.15719,0.10602,0.05,0.42816,0.57301,0.14156,0.14156,0.0,0.0
2018-04-13 07:00:00,2018-04-13 08:00,1.13213,0.10455,0.05,0.43981,0.53777,0.13961,0.13961,0.0,0.0
2018-04-13 08:00:00,2018-04-13 09:00,0.66373,0.11758,0.05,0.02483,0.47132,0.15701,0.15701,0.0,0.0
2018-04-13 09:00:00,2018-04-13 10:00,0.64713,0.12012,0.05,0.003,0.47401,0.16041,0.16041,0.0,0.0
2018-04-13 10:00:00,2018-04-13 11:00,0.63627,0.11634,0.05,0.003,0.46693,0.15534,0.15534,0.0,-0.0
2018-04-13 11:00:00,2018-04-13 12:00,0.63148,0.11412,0.05,0.003,0.46436,0.15239,0.15239,0.0,0.0
2018-04-13 12:00:00,2018-04-13 13:00,0.64857,0.12295,0.05,0.003,0.47262,0.16416,0.16416,0.0,-0.0
2018-04-13 13:00:00,2018-04-13 14:00,0.64438,0.11764,0.05,0.003,0.47374,0.15709,0.15709,0.0,0.0
2018-04-13 14:00:00,2018-04-13 15:00,0.63475,0.10815,0.05,0.003,0.4736,0.14442,0.14442,0.0,0.0
2018-04-13 15:00:00,2018-04-13 16:00,0.94194,0.1255,0.05,0.22077,0.54567,0.16758,0.16758,0.0,-0.0
2018-04-13 16:00:00,2018-04-13 17:00,1.2419,0.12902,0.05,0.4421,0.62078,0.17228,0.17228,0.0,0.0
2018-04-13 17:00:00,2018-04-13 18:00,1.31808,0.11859,0.05,0.43639,0.7131,0.15837,0.15837,0.0,0.0
2018-04-13 18:00:00,2018-04-13 19:00,1.34056,0.1394,0.05,0.44301,0.70815,0.18615,0.18615,0.0,-0.0
2018-04-13 19:00:00,2018-04-13 20:00,1.45571,0.13646,0.05,0.42349,0.84576,0.18223,0.18223,0.0,0.0
2018-04-13 20:00:00,2018-04-13 21:00,1.09595,0.13766,0.05,0.003,0.90529,0.1838,0.1838,0.0,0.0
2018-04-13 21:00:00,2018-04-13 22:00,1.19529,0.14347,0.05,0.003,0.99882,0.19158,0.19158,0.0,0.0
2018-04-13 22:00:00,2018-04-13 23:00,1.30427,0.16247,0.05,0.31949,0.77231,0.21695,0.21695,0.0,-0.0
2018-04-13 23:00:00,2018-04-14 00:00,0.90227,0.1732,0.05,0.14581,0.53326,0.23129,0.23129,0.0,0.0
2018-04-14 00:00:00,2018-04-14 01:00,0.70156,0.16619,0.05,0.003,0.48237,0.22192,0.22192,0.0,0.0
2018-04-14 01:00:00,2018-04-14 02:00,0.68433,0.16738,0.05,0.003,0.46395,0.22351,0.22351,0.0,0.0
2018-04-14 02:00:00,2018-04-14 03:00,0.6928,0.18208,0.05,0.003,0.45772,0.24314,0.24314,0.0,0.0
2018-04-14 03:00:00,2018-04-14 04:00,0.69803,0.18957,0.05,0.003,0.45546,0.25315,0.25315,0.0,0.0
2018-04-14 04:00:00,2018-04-14 05:00,0.69675,0.19427,0.05,0.003,0.44948,0.25941,0.25941,0.0,-0.0
2018-04-14 05:00:00,2018-04-14 06:00,0.70752,0.20556,0.05,0.003,0.44896,0.27449,0.27449,0.0,0.0
2018-04-14 06:00:00,2018-04-14 07:00,0.87732,0.20695,0.05,0.10967,0.5107,0.27635,0.27635,0.0,0.0
2018-04-14 07:00:00,2018-04-14 08:00,1.25686,0.20746,0.05,0.44072,0.55868,0.27704,0.27704,0.0,0.0
2018-04-14 08:00:00,2018-04-14 09:00,0.97686,0.19777,0.05,0.12148,0.60761,0.26408,0.26408,0.0,0.0
2018-04-14 09:00:00,2018-04-14 10:00,0.87246,0.20411,0.05,0.003,0.61535,0.27256,0.27256,0.0,0.0
2018-04-14 10:00:00,2018-04-14 11:00,1.1397,0.2231,0.05,0.21502,0.65158,0.29791,0.29791,0.0,-0.0
2018-04-14 11:00:00,2018-04-14 12:00,1.20002,0.23299,0.05,0.29197,0.62506,0.31112,0.31112,0.0,-0.0
2018-04-14 12:00:00,2018-04-14 13:00,1.37375,0.22975,0.05,0.42774,0.66626,0.30677,0.30677,0.0,-0.0
2018-04-14 13:00:00,2018-04-14 14:00,1.13125,0.21154,0.05,0.18171,0.688,0.28248,0.28248,0.0,0.0
2018-04-14 14:00:00,2018-04-14 15:00,0.92969,0.19959,0.05,0.003,0.6771,0.26653,0.26653,0.0,0.0
2018-04-14 15:00:00,2018-04-14 16:00,1.49786,0.20415,0.05,0.43012,0.81359,0.2726,0.2726,0.0,-0.0
2018-04-14 16:00:00,2018-04-14 17:00,1.10781,0.19442,0.05,0.04819,0.8152,0.25961,0.25961,0.0,0.0
2018-04-14 17:00:00,2018-04-14 18:00,1.41521,0.18071,0.05,0.32094,0.86356,0.26752,0.2413,0.0,0.02622
2018-04-14 18:00:00,2018-04-14 19:00,1.59419,0.20416,0.05,0.22086,1.11917,0.27263,0.27263,0.0,0.0
2018-04-14 19:00:00,2018-04-14 20:00,1.53282,0.19811,0.05,0.21121,1.0735,0.26454,0.26454,0.0,0.0
2018-04-14 20:00:00,2018-04-14 21:00,1.80995,0.19645,0.05,0.43537,1.12813,0.26231,0.26231,0.0,0.0
2018-04-14 21:00:00,2018-04-14 22:00,1.43103,0.18817,0.05,0.02442,1.16844,0.26251,0.25127,0.0,0.01124
2018-04-14 22:00:00,2018-04-14 23:00,1.09715,0.17113,0.05,0.003,0.87302,0.29598,0.22853,0.0,0.06745
2018-04-14 23:00:00,2018-04-15 00:00,0.81369,0.1952,0.05,0.003,0.56549,0.26065,0.26065,0.0,0.0
2018-04-15 00:00:00,2018-04-15 01:00,0.74972,0.19962,0.05,0.003,0.4971,0.26657,0.26657,0.0,0.0
2018-04-15 01:00:00,2018-04-15 02:00,0.72036,0.20184,0.05,0.003,0.46552,0.26953,0.26953,0.0,0.0
2018-04-15 02:00:00,2018-04-15 03:00,0.71196,0.20125,0.05,0.003,0.45771,0.26873,0.26873,0.0,0.0
2018-04-15 03:00:00,2018-04-15 04:00,0.71277,0.20432,0.05,0.003,0.45545,0.27283,0.27283,0.0,0.0
2018-04-15 04:00:00,2018-04-15 05:00,0.70919,0.2067,0.05,0.003,0.44949,0.27602,0.27602,0.0,0.0
2018-04-15 05:00:00,2018-04-15 06:00,0.8136,0.20509,0.05,0.10955,0.44896,0.27386,0.27386,0.0,0.0
2018-04-15 06:00:00,2018-04-15 07:00,0.99405,0.22557,0.05,0.23067,0.48781,0.30121,0.30121,0.0,0.0
2018-04-15 07:00:00,2018-04-15 08:00,0.7526,0.21814,0.05,0.003,0.48146,0.2913,0.2913,0.0,0.0
2018-04-15 08:00:00,2018-04-15 09:00,0.92198,0.19442,0.05,0.003,0.67456,0.28583,0.25961,0.0,0.02622
2018-04-15 09:00:00,2018-04-15 10:00,1.04885,0.19419,0.05,0.10756,0.6971,0.25932,0.25932,0.0,0.0
2018-04-15 10:00:00,2018-04-15 11:00,1.35487,0.18626,0.05,0.41629,0.70232,0.24871,0.24871,0.0,0.0
2018-04-15 11:00:00,2018-04-15 12:00,0.9115,0.16236,0.05,0.003,0.69614,0.25616,0.21681,0.0,0.03935
2018-04-15 12:00:00,2018-04-15 13:00,2.03841,0.15933,0.05,0.003,1.82608,0.22588,0.21276,0.0,0.01312
2018-04-15 13:00:00,2018-04-15 14:00,1.4368,0.15584,0.05,0.43211,0.79885,0.20811,0.20811,0.0,0.0
2018-04-15 14:00:00,2018-04-15 15:00,1.0682,0.15786,0.05,0.09763,0.76271,0.21078,0.21078,0.0,0.0
2018-04-15 15:00:00,2018-04-15 16:00,1.00326,0.14925,0.05,0.10564,0.69837,0.1993,0.1993,0.0,0.0
2018-04-15 16:00:00,2018-04-15 17:00,1.32152,0.14174,0.05,0.4163,0.71348,0.18928,0.18928,0.0,-0.0
2018-04-15 17:00:00,2018-04-15 18:00,1.38901,0.15636,0.05,0.43423,0.74842,0.20877,0.20877,0.0,0.0
2018-04-15 18:00:00,2018-04-15 19:00,1.06794,0.17515,0.05,0.03001,0.81278,0.23388,0.23388,0.0,-0.0
2018-04-15 19:00:00,2018-04-15 20:00,0.97882,0.17167,0.05,0.003,0.75415,0.22924,0.22924,0.0,0.0
2018-04-15 20:00:00,2018-04-15 21:00,1.14226,0.16862,0.05,0.003,0.92064,0.22517,0.22517,0.0,0.0
2018-04-15 21:00:00,2018-04-15 22:00,1.11027,0.17549,0.05,0.003,0.88178,0.23433,0.23433,0.0,0.0
2018-04-15 22:00:00,2018-04-15 23:00,0.87944,0.18291,0.05,0.003,0.64353,0.24424,0.24424,0.0,0.0
2018-04-15 23:00:00,2018-04-16 00:00,1.07081,0.18882,0.05,0.32649,0.5055,0.25214,0.25214,0.0,-0.0
2018-04-16 00:00:00,2018-04-16 01:00,0.84281,0.20054,0.05,0.12591,0.46636,0.26778,0.26778,0.0,-0.0
2018-04-16 01:00:00,2018-04-16 02:00,0.72084,0.20576,0.05,0.003,0.46208,0.27475,0.27475,0.0,0.0
2018-04-16 02:00:00,2018-04-16 03:00,0.70965,0.20018,0.05,0.003,0.45647,0.26731,0.26731,0.0,0.0
2018-04-16 03:00:00,2018-04-16 04:00,0.70559,0.19874,0.05,0.003,0.45385,0.26538,0.26538,0.0,-0.0
2018-04-16 04:00:00,2018-04-16 05:00,0.80675,0.20077,0.05,0.10846,0.44752,0.2681,0.2681,0.0,-0.0
2018-04-16 05:00:00,2018-04-16 06:00,1.14886,0.19825,0.05,0.43503,0.46558,0.26473,0.26473,0.0,0.0
2018-04-16 06:00:00,2018-04-16 07:00,1.24157,0.20872,0.05,0.41907,0.56378,0.27872,0.27872,0.0,-0.0
2018-04-16 07:00:00,2018-04-16 08:00,1.22505,0.19294,0.05,0.40489,0.57722,0.25762,0.25762,0.0,0.0
2018-04-16 08:00:00,2018-04-16 09:00,1.20925,0.18463,0.05,0.42508,0.54954,0.24654,0.24654,0.0,-0.0
2018-04-16 09:00:00,2018-04-16 10:00,0.96062,0.18602,0.05,0.24429,0.48031,0.2484,0.2484,0.0,-0.0
2018-04-16 10:00:00,2018-04-16 11:00,0.7445,0.18326,0.05,0.003,0.50824,0.24471,0.24471,0.0,0.0
2018-04-16 11:00:00,2018-04-16 12:00,0.68943,0.17207,0.05,0.003,0.46436,0.22976,0.22976,0.0,0.0
2018-04-16 12:00:00,2018-04-16 13:00,0.69055,0.16492,0.05,0.003,0.47263,0.22022,0.22022,0.0,0.0
2018-04-16 13:00:00,2018-04-16 14:00,0.69535,0.1686,0.05,0.003,0.47375,0.22515,0.22515,0.0,0.0
2018-04-16 14:00:00,2018-04-16 15:00,0.98874,0.13924,0.05,0.21704,0.58246,0.25339,0.18594,0.0,0.06745
2018-04-16 15:00:00,2018-04-16 16:00,0.97955,0.12508,0.05,0.21887,0.5856,0.20449,0.16702,0.0,0.03746
2018-04-16 16:00:00,2018-04-16 17:00,0.85375,0.12312,0.05,0.10561,0.57502,0.1644,0.1644,0.0,0.0
2018-04-16 17:00:00,2018-04-16 18:00,1.18623,0.11698,0.05,0.41266,0.60659,0.15621,0.15621,0.0,0.0
2018-04-16 18:00:00,2018-04-16 19:00,1.3371,0.13032,0.05,0.43585,0.72093,0.174,0.174,0.0,-0.0
2018-04-16 19:00:00,2018-04-16 20:00,1.3847,0.10845,0.05,0.31916,0.90709,0.14481,0.14481,0.0,-0.0
2018-04-16 20:00:00,2018-04-16 21:00,1.35325,0.09471,0.05,0.003,1.20554,0.12647,0.12647,0.0,-0.0
2018-04-16 21:00:00,2018-04-16 22:00,1.06704,0.0984,0.05,0.003,0.91564,0.13142,0.13142,0.0,-0.0
2018-04-16 22:00:00,2018-04-16 23:00,1.23436,0.10893,0.05,0.42559,0.64984,0.14545,0.14545,0.0,0.0
2018-04-16 23:00:00,2018-04-17 00:00,0.71326,0.11733,0.05,0.07364,0.47229,0.15667,0.15667,0.0,-0.0
2018-04-17 00:00:00,2018-04-17 01:00,0.64357,0.12421,0.05,0.003,0.46636,0.16585,0.16585,0.0,0.0
2018-04-17 01:00:00,2018-04-17 02:00,0.64874,0.13365,0.05,0.003,0.46209,0.17846,0.17846,0.0,0.0
2018-04-17 02:00:00,2018-04-17 03:00,0.64994,0.14048,0.05,0.003,0.45646,0.18758,0.18758,0.0,0.0
2018-04-17 03:00:00,2018-04-17 04:00,0.6566,0.14939,0.05,0.003,0.45421,0.19948,0.19948,0.0,0.0
2018-04-17 04:00:00,2018-04-17 05:00,0.65772,0.15649,0.05,0.003,0.44823,0.20896,0.20896,0.0,0.0
2018-04-17 05:00:00,2018-04-17 06:00,0.66877,0.16082,0.05,0.003,0.45495,0.21474,0.21474,0.0,-0.0
2018-04-17 06:00:00,2018-04-17 07:00,1.11607,0.18185,0.05,0.32044,0.56378,0.24284,0.24284,0.0,0.0
2018-04-17 07:00:00,2018-04-17 08:00,1.17573,0.16839,0.05,0.42733,0.53001,0.22485,0.22485,0.0,-0.0
2018-04-17 08:00:00,2018-04-17 09:00,1.1672,0.14374,0.05,0.43063,0.54283,0.21816,0.19194,0.0,0.02622
2018-04-17 09:00:00,2018-04-17 10:00,0.82122,0.14288,0.05,0.14487,0.48347,0.19079,0.19079,0.0,-0.0
2018-04-17 10:00:00,2018-04-17 11:00,0.64725,0.12731,0.05,0.003,0.46694,0.17,0.17,0.0,0.0
2018-04-17 11:00:00,2018-04-17 12:00,0.62971,0.11235,0.05,0.003,0.46436,0.15003,0.15003,0.0,0.0
2018-04-17 12:00:00,2018-04-17 13:00,0.62775,0.10214,0.05,0.003,0.47261,0.13637,0.13637,0.0,0.0
2018-04-17 13:00:00,2018-04-17 14:00,0.61289,0.08615,0.05,0.003,0.47374,0.11505,0.11505,0.0,-0.0
2018-04-17 14:00:00,2018-04-17 15:00,0.60088,0.07426,0.05,0.003,0.47362,0.09918,0.09918,0.0,0.0
2018-04-17 15:00:00,2018-04-17 16:00,0.59473,0.06994,0.05,0.003,0.47179,0.09338,0.09338,0.0,0.0
2018-04-17 16:00:00,2018-04-17 17:00,0.60745,0.06918,0.05,0.003,0.48527,0.09238,0.09238,0.0,-0.0
2018-04-17 17:00:00,2018-04-17 18:00,0.62725,0.07432,0.05,0.003,0.49993,0.09923,0.09923,0.0,0.0
2018-04-17 18:00:00,2018-04-17 19:00,0.86492,0.0848,0.05,0.10904,0.62108,0.11323,0.11323,0.0,0.0
2018-04-17 19:00:00,2018-04-17 20:00,1.44637,0.059,0.05,0.41378,0.92359,0.07877,0.07877,0.0,-0.0
2018-04-17 20:00:00,2018-04-17 21:00,1.80015,0.05556,0.05,0.41888,1.27571,0.0742,0.0742,0.0,-0.0
2018-04-17 21:00:00,2018-04-17 22:00,1.80684,0.058,0.05,0.42563,1.27321,0.07745,0.07745,0.0,-0.0
2018-04-17 22:00:00,2018-04-17 23:00,1.44723,0.06805,0.05,0.44392,0.88526,0.09087,0.09088,0.0,-0.0
2018-04-17 23:00:00,2018-04-18 00:00,0.83054,0.08731,0.05,0.13727,0.55596,0.11658,0.11658,0.0,0.0
2018-04-18 00:00:00,2018-04-18 01:00,0.6315,0.11001,0.05,0.003,0.46849,0.14689,0.14689,0.0,0.0
2018-04-18 01:00:00,2018-04-18 02:00,0.61927,0.10419,0.05,0.003,0.46208,0.13912,0.13912,0.0,-0.0
2018-04-18 02:00:00,2018-04-18 03:00,0.61598,0.10654,0.05,0.003,0.45644,0.14225,0.14225,0.0,0.0
2018-04-18 03:00:00,2018-04-18 04:00,0.62467,0.11746,0.05,0.003,0.45421,0.15685,0.15685,0.0,0.0
2018-04-18 04:00:00,2018-04-18 05:00,0.62046,0.11922,0.05,0.003,0.44824,0.1592,0.1592,0.0,0.0
2018-04-18 05:00:00,2018-04-18 06:00,0.62724,0.1193,0.05,0.003,0.45494,0.15929,0.15929,0.0,-0.0
2018-04-18 06:00:00,2018-04-18 07:00,1.15508,0.13344,0.05,0.42645,0.54519,0.17818,0.17818,0.0,-0.0
2018-04-18 07:00:00,2018-04-18 08:00,1.14047,0.12436,0.05,0.42237,0.54374,0.16605,0.16605,0.0,-0.0
2018-04-18 08:00:00,2018-04-18 09:00,1.13273,0.12717,0.05,0.41756,0.538,0.1698,0.1698,0.0,-0.0
2018-04-18 09:00:00,2018-04-18 10:00,1.20434,0.12466,0.05,0.43016,0.59952,0.16647,0.16647,0.0,-0.0
2018-04-18 10:00:00,2018-04-18 11:00,0.93453,0.12447,0.05,0.20424,0.55582,0.16621,0.16621,0.0,0.0
2018-04-18 11:00:00,2018-04-18 12:00,0.70236,0.12118,0.05,0.003,0.52818,0.16181,0.16181,0.0,-0.0
2018-04-18 12:00:00,2018-04-18 13:00,1.12634,0.1169,0.05,0.42305,0.53639,0.15609,0.15609,0.0,0.0
2018-04-18 13:00:00,2018-04-18 14:00,1.11408,0.11068,0.05,0.41293,0.54047,0.14779,0.14779,0.0,-0.0
2018-04-18 14:00:00,2018-04-18 15:00,1.10869,0.1051,0.05,0.41145,0.54214,0.14035,0.14035,0.0,0.0
2018-04-18 15:00:00,2018-04-18 16:00,1.07913,0.10492,0.05,0.44122,0.48299,0.14009,0.14009,0.0,0.0
2018-04-18 16:00:00,2018-04-18 17:00,0.6538,0.10125,0.05,0.01727,0.48528,0.13521,0.13521,0.0,0.0
2018-04-18 17:00:00,2018-04-18 18:00,0.65331,0.10037,0.05,0.003,0.49994,0.13403,0.13403,0.0,0.0
2018-04-18 18:00:00,2018-04-18 19:00,0.7881,0.09745,0.05,0.003,0.63765,0.13013,0.13013,0.0,0.0
2018-04-18 19:00:00,2018-04-18 20:00,1.15495,0.0661,0.05,0.003,1.03585,0.11449,0.08827,0.0,0.02622
2018-04-18 20:00:00,2018-04-18 21:00,1.82028,0.0697,0.05,0.37211,1.32847,0.09306,0.09306,0.0,0.0
2018-04-18 21:00:00,2018-04-18 22:00,2.27542,0.07962,0.05,0.003,2.1428,0.10632,0.10632,0.0,-0.0
2018-04-18 22:00:00,2018-04-18 23:00,3.03519,0.09189,0.05,0.003,2.8903,0.1227,0.1227,0.0,0.0
2018-04-18 23:00:00,2018-04-19 00:00,1.03637,0.09144,0.05,0.31938,0.57555,0.12211,0.12211,0.0,0.0
2018-04-19 00:00:00,2018-04-19 01:00,0.8828,0.09841,0.05,0.24211,0.49228,0.13142,0.13142,0.0,-0.0
2018-04-19 01:00:00,2018-04-19 02:00,0.63286,0.11302,0.05,0.003,0.46684,0.15093,0.15093,0.0,0.0
2018-04-19 02:00:00,2018-04-19 03:00,0.62739,0.12085,0.05,0.003,0.45354,0.16138,0.16138,0.0,-0.0
2018-04-19 03:00:00,2018-04-19 04:00,0.63136,0.12696,0.05,0.003,0.4514,0.16953,0.16953,0.0,-0.0
2018-04-19 04:00:00,2018-04-19 05:00,0.63681,0.13558,0.05,0.003,0.44823,0.18104,0.18104,0.0,0.0
2018-04-19 05:00:00,2018-04-19 06:00,0.65432,0.14127,0.05,0.003,0.46005,0.18863,0.18863,0.0,0.0
2018-04-19 06:00:00,2018-04-19 07:00,1.18069,0.15653,0.05,0.41973,0.55443,0.20901,0.20901,0.0,0.0
2018-04-19 07:00:00,2018-04-19 08:00,1.20098,0.12456,0.05,0.43672,0.5897,0.19254,0.16631,0.0,0.02622
2018-04-19 08:00:00,2018-04-19 09:00,0.94082,0.11319,0.05,0.22192,0.55571,0.15114,0.15114,0.0,-0.0
2018-04-19 09:00:00,2018-04-19 10:00,0.68432,0.09471,0.05,0.003,0.53661,0.12646,0.12646,0.0,0.0
2018-04-19 10:00:00,2018-04-19 11:00,0.65643,0.07934,0.05,0.003,0.52409,0.10594,0.10594,0.0,0.0
2018-04-19 11:00:00,2018-04-19 12:00,0.58693,0.06957,0.05,0.003,0.46436,0.09289,0.09289,0.0,0.0
2018-04-19 12:00:00,2018-04-19 13:00,0.84044,0.05735,0.05,0.2128,0.52029,0.07659,0.07659,0.0,0.0
2018-04-19 13:00:00,2018-04-19 14:00,1.06178,0.04752,0.05,0.43383,0.53043,0.06345,0.06345,0.0,0.0
2018-04-19 14:00:00,2018-04-19 15:00,0.81466,0.04264,0.05,0.22123,0.50079,0.05694,0.05694,0.0,0.0
2018-04-19 15:00:00,2018-04-19 16:00,0.62508,0.03531,0.05,0.003,0.53677,0.04713,0.04713,0.0,-0.0
2018-04-19 16:00:00,2018-04-19 17:00,0.72897,0.02467,0.05,0.003,0.6513,0.04418,0.03294,0.0,0.01124
2018-04-19 17:00:00,2018-04-19 18:00,1.91923,0.01393,0.05,0.20967,1.64563,0.03358,0.0186,0.0,0.01498
2018-04-19 18:00:00,2018-04-19 19:00,3.60348,0.03728,0.05,0.42712,3.08908,0.04977,0.04977,0.0,-0.0
2018-04-19 19:00:00,2018-04-19 20:00,2.89367,0.02446,0.05,0.4416,2.37761,0.03266,0.03266,0.0,0.0
2018-04-19 20:00:00,2018-04-19 21:00,1.39068,0.01005,0.05,0.03745,1.29318,0.08088,0.01343,0.0,0.06745
2018-04-19 21:00:00,2018-04-19 22:00,1.2395,0.02788,0.05,0.003,1.15862,0.04847,0.03723,0.0,0.01124
2018-04-19 22:00:00,2018-04-19 23:00,0.80973,0.04423,0.05,0.003,0.7125,0.05907,0.05907,0.0,-0.0
2018-04-19 23:00:00,2018-04-20 00:00,0.90484,0.05922,0.05,0.32333,0.47229,0.07907,0.07907,0.0,0.0
2018-04-20 00:00:00,2018-04-20 01:00,0.65105,0.07354,0.05,0.06115,0.46636,0.09821,0.09821,0.0,0.0
2018-04-20 01:00:00,2018-04-20 02:00,0.60363,0.08855,0.05,0.003,0.46208,0.11824,0.11824,0.0,0.0
2018-04-20 02:00:00,2018-04-20 03:00,0.60334,0.09386,0.05,0.003,0.45648,0.12534,0.12534,0.0,0.0
2018-04-20 03:00:00,2018-04-20 04:00,0.60976,0.10255,0.05,0.003,0.45421,0.13694,0.13694,0.0,0.0
2018-04-20 04:00:00,2018-04-20 05:00,0.61451,0.11307,0.05,0.003,0.44844,0.15099,0.15099,0.0,0.0
2018-04-20 05:00:00,2018-04-20 06:00,0.95206,0.11994,0.05,0.32181,0.46031,0.16016,0.16016,0.0,0.0
2018-04-20 06:00:00,2018-04-20 07:00,1.1371,0.14241,0.05,0.43432,0.51037,0.19016,0.19016,0.0,0.0
2018-04-20 07:00:00,2018-04-20 08:00,0.83751,0.1232,0.05,0.17783,0.48648,0.16452,0.16452,0.0,-0.0
2018-04-20 08:00:00,2018-04-20 09:00,0.71695,0.10951,0.05,0.003,0.55444,0.14622,0.14622,0.0,0.0
2018-04-20 09:00:00,2018-04-20 10:00,2.24516,0.09667,0.05,0.42638,1.67211,0.12908,0.12908,0.0,-0.0
2018-04-20 10:00:00,2018-04-20 11:00,0.83327,0.0708,0.05,0.17557,0.5369,0.09454,0.09454,0.0,0.0
2018-04-20 11:00:00,2018-04-20 12:00,0.70465,0.048,0.05,0.003,0.60365,0.07534,0.0641,0.0,0.01124
2018-04-20 12:00:00,2018-04-20 13:00,0.98241,0.0362,0.05,0.31913,0.57708,0.06334,0.04836,0.0,0.01498
2018-04-20 13:00:00,2018-04-20 14:00,0.77066,0.0358,0.05,0.15119,0.53367,0.04781,0.04781,0.0,-0.0
2018-04-20 14:00:00,2018-04-20 15:00,0.55754,0.03094,0.05,0.003,0.4736,0.0413,0.0413,0.0,-0.0
2018-04-20 15:00:00,2018-04-20 16:00,0.54989,0.02509,0.05,0.003,0.4718,0.0335,0.0335,0.0,0.0
2018-04-20 16:00:00,2018-04-20 17:00,0.59652,0.0163,0.0375,0.003,0.53972,0.02176,0.02176,0.0,0.0
2018-04-20 17:00:00,2018-04-20 18:00,0.99905,0.00786,0.0,0.31962,0.67157,0.0105,0.0105,0.0,-0.0
2018-04-20 18:00:00,2018-04-20 19:00,1.62514,0.00784,0.0375,0.42949,1.15031,0.04982,0.01047,0.0,0.03935
2018-04-20 19:00:00,2018-04-20 20:00,3.00113,0.00793,0.05,0.29475,2.64845,0.02371,0.01059,0.0,0.01312
2018-04-20 20:00:00,2018-04-20 21:00,1.40874,0.0,0.05,0.10677,1.25197,0.02622,0.0,0.0,0.02622
2018-04-20 21:00:00,2018-04-20 22:00,1.59606,0.01498,0.05,0.37111,1.15997,0.02,0.02,0.0,-0.0
2018-04-20 22:00:00,2018-04-20 23:00,0.81064,0.02594,0.05,0.003,0.7317,0.03464,0.03464,0.0,0.0
2018-04-20 23:00:00,2018-04-21 00:00,0.56345,0.03801,0.05,0.003,0.47244,0.05076,0.05076,0.0,0.0
2018-04-21 00:00:00,2018-04-21 01:00,0.57045,0.04985,0.05,0.003,0.4676,0.06656,0.06656,0.0,0.0
2018-04-21 01:00:00,2018-04-21 02:00,0.58205,0.06572,0.05,0.003,0.46333,0.08774,0.08774,0.0,0.0
2018-04-21 02:00:00,2018-04-21 03:00,0.58642,0.07572,0.05,0.003,0.4577,0.1011,0.1011,0.0,0.0
2018-04-21 03:00:00,2018-04-21 04:00,0.58743,0.07897,0.05,0.003,0.45546,0.10545,0.10545,0.0,0.0
2018-04-21 04:00:00,2018-04-21 05:00,0.58307,0.08057,0.05,0.003,0.4495,0.1076,0.1076,0.0,0.0
2018-04-21 05:00:00,2018-04-21 06:00,0.58745,0.08547,0.05,0.003,0.44898,0.11414,0.11414,0.0,0.0
2018-04-21 06:00:00,2018-04-21 07:00,0.64235,0.10153,0.05,0.003,0.48782,0.13558,0.13558,0.0,0.0
2018-04-21 07:00:00,2018-04-21 08:00,0.6097,0.08861,0.05,0.003,0.46809,0.11832,0.11832,0.0,0.0
2018-04-21 08:00:00,2018-04-21 09:00,0.84853,0.07323,0.05,0.22135,0.50395,0.09779,0.09779,0.0,-0.0
2018-04-21 09:00:00,2018-04-21 10:00,1.17525,0.05366,0.05,0.44069,0.6309,0.07166,0.07166,0.0,0.0
2018-04-21 10:00:00,2018-04-21 11:00,1.22389,0.03885,0.05,0.43271,0.70233,0.05187,0.05187,0.0,-0.0
2018-04-21 11:00:00,2018-04-21 12:00,1.04275,0.02681,0.0125,0.29891,0.70453,0.0358,0.0358,0.0,-0.0
2018-04-21 12:00:00,2018-04-21 13:00,0.73717,0.01536,0.0,0.003,0.71881,0.02051,0.02051,0.0,0.0
2018-04-21 13:00:00,2018-04-21 14:00,1.05945,0.00503,0.0,0.32237,0.73205,0.00671,0.00671,0.0,0.0
2018-04-21 14:00:00,2018-04-21 15:00,0.81955,0.0,0.0,0.10932,0.71023,0.0,0.0,0.0,0.0
2018-04-21 15:00:00,2018-04-21 16:00,2.24686,0.0,0.0,0.003,2.24386,0.0,0.0,0.0,0.0
2018-04-21 16:00:00,2018-04-21 17:00,2.66259,0.0,0.0,0.32194,2.34065,0.0,0.0,0.0,0.0
2018-04-21 17:00:00,2018-04-21 18:00,1.31503,0.0,0.0,0.31798,0.99705,0.0,0.0,0.0,0.0
2018-04-21 18:00:00,2018-04-21 19:00,1.13475,0.0,0.0,0.003,1.13175,0.01124,0.0,0.0,0.01124
2018-04-21 19:00:00,2018-04-21 20:00,1.2454,0.0,0.0,0.003,1.2424,0.01498,0.0,0.0,0.01498
2018-04-21 20:00:00,2018-04-21 21:00,1.67616,0.0,0.0,0.32819,1.34797,0.01124,0.0,0.0,0.01124
2018-04-21 21:00:00,2018-04-21 22:00,1.40826,0.0,0.0,0.11391,1.29435,0.01498,0.0,0.0,0.01498
2018-04-21 22:00:00,2018-04-21 23:00,0.90042,0.0,0.05,0.003,0.84742,0.0,0.0,0.0,0.0
2018-04-21 23:00:00,2018-04-22 00:00,0.57348,0.0,0.05,0.003,0.52048,0.0,0.0,0.0,0.0
2018-04-22 00:00:00,2018-04-22 01:00,0.54626,0.01104,0.05,0.003,0.48222,0.01474,0.01474,0.0,0.0
2018-04-22 01:00:00,2018-04-22 02:00,0.5473,0.03095,0.05,0.003,0.46335,0.04134,0.04134,0.0,-0.0
2018-04-22 02:00:00,2018-04-22 03:00,0.55241,0.04171,0.05,0.003,0.4577,0.05569,0.05569,0.0,0.0
2018-04-22 03:00:00,2018-04-22 04:00,0.56125,0.05279,0.05,0.003,0.45546,0.07049,0.07049,0.0,0.0
2018-04-22 04:00:00,2018-04-22 05:00,0.56385,0.06137,0.05,0.003,0.44948,0.08194,0.08194,0.0,-0.0
2018-04-22 05:00:00,2018-04-22 06:00,0.57538,0.06994,0.05,0.003,0.45244,0.09339,0.09339,0.0,0.0
2018-04-22 06:00:00,2018-04-22 07:00,0.88597,0.09054,0.05,0.22076,0.52467,0.1209,0.1209,0.0,0.0
2018-04-22 07:00:00,2018-04-22 08:00,0.919,0.06805,0.05,0.27008,0.53087,0.09087,0.09087,0.0,0.0
2018-04-22 08:00:00,2018-04-22 09:00,0.72997,0.04346,0.05,0.003,0.63351,0.06927,0.05803,0.0,0.01124
2018-04-22 09:00:00,2018-04-22 10:00,1.05501,0.00758,0.0375,0.21583,0.7941,0.07757,0.01012,0.0,0.06745
2018-04-22 10:00:00,2018-04-22 11:00,0.98883,0.01341,0.0,0.2064,0.76902,0.0179,0.0179,0.0,-0.0
2018-04-22 11:00:00,2018-04-22 12:00,0.79263,0.00518,0.0,0.003,0.78445,0.00692,0.00692,0.0,0.0
2018-04-22 12:00:00,2018-04-22 13:00,0.98161,0.0,0.0,0.21864,0.76297,0.0,0.0,0.0,0.0
2018-04-22 13:00:00,2018-04-22 14:00,0.97753,0.0,0.0,0.22717,0.75036,0.0,0.0,0.0,0.0
2018-04-22 14:00:00,2018-04-22 15:00,0.69752,0.0,0.0,0.003,0.69452,0.0,0.0,0.0,0.0
2018-04-22 15:00:00,2018-04-22 16:00,0.81804,0.0,0.0,0.2171,0.60094,0.01124,0.0,0.0,0.01124
2018-04-22 16:00:00,2018-04-22 17:00,0.96726,0.0,0.0,0.23786,0.7294,0.01498,0.0,0.0,0.01498
2018-04-22 17:00:00,2018-04-22 18:00,0.67818,0.0,0.0,0.003,0.67518,0.0,0.0,0.0,0.0
2018-04-22 18:00:00,2018-04-22 19:00,0.79723,0.0,0.0,0.10947,0.68776,0.0,0.0,0.0,0.0
2018-04-22 19:00:00,2018-04-22 20:00,1.056,0.0,0.0,0.30026,0.75574,0.0,0.0,0.0,0.0
2018-04-22 20:00:00,2018-04-22 21:00,0.90436,0.0,0.0,0.003,0.90136,0.0,0.0,0.0,0.0
2018-04-22 21:00:00,2018-04-22 22:00,0.81751,0.0,0.0,0.003,0.81451,0.0,0.0,0.0,0.0
2018-04-22 22:00:00,2018-04-22 23:00,0.67252,0.0,0.0,0.003,0.66952,0.0,0.0,0.0,0.0
2018-04-22 23:00:00,2018-04-23 00:00,0.80761,0.0,0.05,0.21747,0.54014,0.0,0.0,0.0,0.0
2018-04-23 00:00:00,2018-04-23 01:00,0.72285,0.0,0.05,0.19267,0.48018,0.0,0.0,0.0,0.0
2018-04-23 01:00:00,2018-04-23 02:00,0.51665,0.0,0.05,0.003,0.46365,0.0,0.0,0.0,0.0
2018-04-23 02:00:00,2018-04-23 03:00,0.52601,0.01654,0.05,0.003,0.45647,0.02208,0.02208,0.0,0.0
2018-04-23 03:00:00,2018-04-23 04:00,0.53469,0.02749,0.05,0.003,0.4542,0.0367,0.0367,0.0,0.0
2018-04-23 04:00:00,2018-04-23 05:00,0.54116,0.03799,0.05,0.003,0.45017,0.05074,0.05074,0.0,0.0
2018-04-23 05:00:00,2018-04-23 06:00,0.99458,0.04584,0.05,0.43692,0.46182,0.0612,0.0612,0.0,-0.0
2018-04-23 06:00:00,2018-04-23 07:00,0.85737,0.06596,0.05,0.24391,0.4975,0.08808,0.08808,0.0,0.0
2018-04-23 07:00:00,2018-04-23 08:00,0.60234,0.04354,0.05,0.003,0.5058,0.06938,0.05814,0.0,0.01124
2018-04-23 08:00:00,2018-04-23 09:00,0.99759,0.01532,0.0375,0.32014,0.62463,0.06169,0.02046,0.0,0.04123
2018-04-23 09:00:00,2018-04-23 10:00,0.97954,0.01473,0.0,0.42505,0.53976,0.01967,0.01967,0.0,-0.0
2018-04-23 10:00:00,2018-04-23 11:00,0.85306,0.00769,0.0,0.37844,0.46693,0.01026,0.01026,0.0,0.0
2018-04-23 11:00:00,2018-04-23 12:00,0.46808,0.00072,0.0,0.003,0.46436,0.00096,0.00096,0.0,0.0
2018-04-23 12:00:00,2018-04-23 13:00,0.47572,0.0,0.0,0.003,0.47272,0.0,0.0,0.0,0.0
2018-04-23 13:00:00,2018-04-23 14:00,0.47705,0.0,0.0,0.003,0.47405,0.0,0.0,0.0,0.0
2018-04-23 14:00:00,2018-04-23 15:00,0.47724,0.0,0.0,0.003,0.47424,0.0,0.0,0.0,0.0
2018-04-23 15:00:00,2018-04-23 16:00,0.47568,0.0,0.0,0.003,0.47268,0.0,0.0,0.0,0.0
2018-04-23 16:00:00,2018-04-23 17:00,0.52191,0.0,0.0,0.003,0.51891,0.0,0.0,0.0,0.0
2018-04-23 17:00:00,2018-04-23 18:00,0.94646,0.0,0.0,0.33766,0.6088,0.0,0.0,0.0,0.0
2018-04-23 18:00:00,2018-04-23 19:00,1.26067,0.0,0.12727,0.25529,0.87811,0.02622,0.0,0.0,0.02622
2018-04-23 19:00:00,2018-04-23 20:00,1.36366,0.0,0.09051,0.32257,0.95058,0.0,0.0,0.0,0.0
2018-04-23 20:00:00,2018-04-23 21:00,1.83274,0.0,0.10929,0.4459,1.27755,0.0,0.0,0.0,0.0
2018-04-23 21:00:00,2018-04-23 22:00,1.26702,0.0,0.07507,0.14309,1.04886,0.0,0.0,0.0,0.0
2018-04-23 22:00:00,2018-04-23 23:00,0.74052,0.0,0.01822,0.003,0.7193,0.0,0.0,0.0,0.0
2018-04-23 23:00:00,2018-04-24 00:00,0.53259,0.0,0.0125,0.003,0.51709,0.0,0.0,0.0,0.0
2018-04-24 00:00:00,2018-04-24 01:00,0.52179,0.0,0.0375,0.003,0.48129,0.0,0.0,0.0,0.0
2018-04-24 01:00:00,2018-04-24 02:00,0.51793,0.0,0.05,0.003,0.46493,0.0,0.0,0.0,0.0
2018-04-24 02:00:00,2018-04-24 03:00,0.51064,0.0,0.05,0.003,0.45764,0.0,0.0,0.0,0.0
2018-04-24 03:00:00,2018-04-24 04:00,0.50816,0.0,0.05,0.003,0.45516,0.0,0.0,0.0,0.0
2018-04-24 04:00:00,2018-04-24 05:00,0.50182,0.0,0.05,0.003,0.44882,0.0,0.0,0.0,0.0
2018-04-24 05:00:00,2018-04-24 06:00,0.6172,0.00187,0.05,0.11372,0.45161,0.0025,0.0025,0.0,0.0
2018-04-24 06:00:00,2018-04-24 07:00,0.93145,0.02567,0.05,0.31969,0.53609,0.03427,0.03427,0.0,0.0
2018-04-24 07:00:00,2018-04-24 08:00,0.77233,0.0125,0.05,0.11062,0.59921,0.01669,0.01669,0.0,-0.0
2018-04-24 08:00:00,2018-04-24 09:00,0.98845,0.00465,0.0125,0.43067,0.54063,0.0062,0.0062,0.0,-0.0
2018-04-24 09:00:00,2018-04-24 10:00,0.93943,0.0,0.0,0.44033,0.4991,0.0,0.0,0.0,0.0
2018-04-24 10:00:00,2018-04-24 11:00,0.52353,0.0,0.0,0.05655,0.46698,0.0,0.0,0.0,0.0
2018-04-24 11:00:00,2018-04-24 12:00,0.46746,0.0,0.0,0.003,0.46446,0.0,0.0,0.0,0.0
2018-04-24 12:00:00,2018-04-24 13:00,0.55643,0.0,0.0,0.003,0.55343,0.02622,0.0,0.0,0.02622
2018-04-24 13:00:00,2018-04-24 14:00,0.76061,0.0,0.0,0.21962,0.54099,0.0,0.0,0.0,0.0
2018-04-24 14:00:00,2018-04-24 15:00,0.85316,0.0,0.0,0.36861,0.48455,0.0,0.0,0.0,0.0
2018-04-24 15:00:00,2018-04-24 16:00,0.6306,0.0,0.0,0.11179,0.51881,0.0,0.0,0.0,0.0
2018-04-24 16:00:00,2018-04-24 17:00,0.99904,0.0,0.0,0.44519,0.55385,0.0,0.0,0.0,0.0
2018-04-24 17:00:00,2018-04-24 18:00,0.66194,0.0,0.0,0.0151,0.64684,0.0,0.0,0.0,0.0
2018-04-24 18:00:00,2018-04-24 19:00,0.96067,0.0,0.0,0.003,0.95767,0.03935,0.0,0.0,0.03935
2018-04-24 19:00:00,2018-04-24 20:00,1.17542,0.0,0.0,0.003,1.17242,0.01312,0.0,0.0,0.01312
2018-04-24 20:00:00,2018-04-24 21:00,1.36687,0.0,0.0,0.10992,1.25695,0.0,0.0,0.0,0.0
2018-04-24 21:00:00,2018-04-24 22:00,1.64559,0.0,0.05,0.44668,1.14891,0.0,0.0,0.0,0.0
2018-04-24 22:00:00,2018-04-24 23:00,0.74645,0.0,0.05,0.00935,0.6871,0.0,0.0,0.0,0.0
2018-04-24 23:00:00,2018-04-25 00:00,0.56732,0.0,0.05,0.003,0.51432,0.0,0.0,0.0,0.0
2018-04-25 00:00:00,2018-04-25 01:00,0.51988,0.0,0.05,0.003,0.46688,0.0,0.0,0.0,0.0
2018-04-25 01:00:00,2018-04-25 02:00,0.52458,0.00942,0.05,0.003,0.46216,0.01257,0.01257,0.0,-0.0
2018-04-25 02:00:00,2018-04-25 03:00,0.53212,0.02267,0.05,0.003,0.45645,0.03026,0.03026,0.0,-0.0
2018-04-25 03:00:00,2018-04-25 04:00,0.54097,0.03395,0.05,0.003,0.45402,0.04534,0.04534,0.0,0.0
2018-04-25 04:00:00,2018-04-25 05:00,0.97448,0.04346,0.05,0.43416,0.44686,0.05804,0.05804,0.0,0.0
2018-04-25 05:00:00,2018-04-25 06:00,1.00179,0.0536,0.05,0.44682,0.45137,0.07159,0.07159,0.0,0.0
2018-04-25 06:00:00,2018-04-25 07:00,0.72005,0.06999,0.05,0.0675,0.53256,0.10471,0.09346,0.0,0.01124
2018-04-25 07:00:00,2018-04-25 08:00,0.85946,0.0306,0.05,0.10795,0.67091,0.13452,0.04085,0.0,0.09367
2018-04-25 08:00:00,2018-04-25 09:00,1.08413,0.04623,0.05,0.43219,0.55571,0.06172,0.06172,0.0,-0.0
2018-04-25 09:00:00,2018-04-25 10:00,0.97564,0.03467,0.05,0.35435,0.53662,0.0463,0.0463,0.0,-0.0
2018-04-25 10:00:00,2018-04-25 11:00,0.60726,0.02387,0.05,0.003,0.53039,0.03188,0.03188,0.0,-0.0
2018-04-25 11:00:00,2018-04-25 12:00,1.05226,0.01277,0.0375,0.43527,0.56672,0.01706,0.01706,0.0,0.0
2018-04-25 12:00:00,2018-04-25 13:00,0.75071,0.00533,0.0,0.18332,0.56206,0.00711,0.00711,0.0,-0.0
2018-04-25 13:00:00,2018-04-25 14:00,0.48768,0.00096,0.0,0.003,0.48372,0.00129,0.00129,0.0,0.0
2018-04-25 14:00:00,2018-04-25 15:00,0.47668,0.0,0.0,0.003,0.47368,0.0,0.0,0.0,0.0
2018-04-25 15:00:00,2018-04-25 16:00,0.48386,0.0,0.0,0.003,0.48086,0.0,0.0,0.0,0.0
2018-04-25 16:00:00,2018-04-25 17:00,0.55654,0.0,0.0,0.003,0.55354,0.0,0.0,0.0,0.0
2018-04-25 17:00:00,2018-04-25 18:00,0.87635,0.0,0.0,0.2183,0.65805,0.01124,0.0,0.0,0.01124
2018-04-25 18:00:00,2018-04-25 19:00,1.32765,0.0,0.0,0.4538,0.87385,0.06745,0.0,0.0,0.06745
2018-04-25 19:00:00,2018-04-25 20:00,1.03894,0.0,0.0,0.21135,0.82759,0.0,0.0,0.0,0.0
2018-04-25 20:00:00,2018-04-25 21:00,0.72933,0.0,0.0,0.003,0.72633,0.0,0.0,0.0,0.0
2018-04-25 21:00:00,2018-04-25 22:00,1.05355,0.0,0.0,0.003,1.05055,0.0,0.0,0.0,0.0
2018-04-25 22:00:00,2018-04-25 23:00,0.88935,0.0,0.05,0.003,0.83635,0.0,0.0,0.0,0.0
2018-04-25 23:00:00,2018-04-26 00:00,0.56312,0.0,0.05,0.003,0.51012,0.0,0.0,0.0,0.0
2018-04-26 00:00:00,2018-04-26 01:00,0.52038,0.0,0.05,0.003,0.46738,0.0,0.0,0.0,0.0
2018-04-26 01:00:00,2018-04-26 02:00,0.51565,0.0,0.05,0.003,0.46265,0.0,0.0,0.0,0.0
2018-04-26 02:00:00,2018-04-26 03:00,0.51597,0.00635,0.05,0.003,0.45662,0.00848,0.00848,0.0,0.0
2018-04-26 03:00:00,2018-04-26 04:00,0.52611,0.01889,0.05,0.003,0.45422,0.02524,0.02524,0.0,-0.0
2018-04-26 04:00:00,2018-04-26 05:00,0.52813,0.02689,0.05,0.003,0.44824,0.03591,0.03591,0.0,0.0
2018-04-26 05:00:00,2018-04-26 06:00,0.87412,0.02804,0.05,0.3335,0.46258,0.03743,0.03743,0.0,0.0
2018-04-26 06:00:00,2018-04-26 07:00,0.84927,0.04174,0.05,0.19375,0.56378,0.05574,0.05574,0.0,0.0
2018-04-26 07:00:00,2018-04-26 08:00,0.57089,0.03461,0.05,0.003,0.48328,0.04622,0.04622,0.0,0.0
2018-04-26 08:00:00,2018-04-26 09:00,0.52484,0.02553,0.025,0.003,0.47131,0.03409,0.03409,0.0,0.0
2018-04-26 09:00:00,2018-04-26 10:00,0.49224,0.01522,0.0,0.003,0.47402,0.02033,0.02033,0.0,0.0
2018-04-26 10:00:00,2018-04-26 11:00,0.82481,0.01017,0.0,0.33182,0.48282,0.01359,0.01359,0.0,-0.0
2018-04-26 11:00:00,2018-04-26 12:00,0.59702,0.0061,0.0,0.12656,0.46436,0.00815,0.00815,0.0,0.0
2018-04-26 12:00:00,2018-04-26 13:00,0.51435,0.00036,0.0,0.003,0.51099,0.00048,0.00048,0.0,0.0
2018-04-26 13:00:00,2018-04-26 14:00,0.93837,0.0,0.0,0.43784,0.50053,0.0,0.0,0.0,0.0
2018-04-26 14:00:00,2018-04-26 15:00,0.51648,0.0,0.0,0.01798,0.4985,0.0,0.0,0.0,0.0
2018-04-26 15:00:00,2018-04-26 16:00,0.97878,0.0,0.0,0.43878,0.54,0.0,0.0,0.0,0.0
2018-04-26 16:00:00,2018-04-26 17:00,0.57814,0.0,0.0,0.05954,0.5186,0.0,0.0,0.0,0.0
2018-04-26 17:00:00,2018-04-26 18:00,0.80761,0.0,0.0,0.10846,0.69915,0.0,0.0,0.0,0.0
2018-04-26 18:00:00,2018-04-26 19:00,1.29026,0.0,0.0,0.32235,0.96791,0.0,0.0,0.0,0.0
2018-04-26 19:00:00,2018-04-26 20:00,1.29363,0.0,0.0,0.10916,1.18447,0.0,0.0,0.0,0.0
2018-04-26 20:00:00,2018-04-26 21:00,1.47064,0.0,0.00934,0.44407,1.01723,0.0,0.0,0.0,0.0
2018-04-26 21:00:00,2018-04-26 22:00,0.9713,0.0,0.0,0.09629,0.87501,0.0,0.0,0.0,0.0
2018-04-26 22:00:00,2018-04-26 23:00,0.60454,0.0,0.0,0.003,0.60154,0.0,0.0,0.0,0.0
2018-04-26 23:00:00,2018-04-27 00:00,0.52691,0.0,0.05,0.003,0.47391,0.0,0.0,0.0,0.0
2018-04-27 00:00:00,2018-04-27 01:00,0.52068,0.0,0.05,0.003,0.46768,0.0,0.0,0.0,0.0
2018-04-27 01:00:00,2018-04-27 02:00,0.51586,0.0,0.05,0.003,0.46286,0.0,0.0,0.0,0.0
2018-04-27 02:00:00,2018-04-27 03:00,0.51524,0.00556,0.05,0.003,0.45668,0.00742,0.00742,0.0,0.0
2018-04-27 03:00:00,2018-04-27 04:00,0.63127,0.01719,0.05,0.11024,0.45384,0.02295,0.02295,0.0,0.0
2018-04-27 04:00:00,2018-04-27 05:00,0.9471,0.02354,0.05,0.42611,0.44745,0.03144,0.03144,0.0,-0.0
2018-04-27 05:00:00,2018-04-27 06:00,0.53434,0.03362,0.05,0.003,0.44772,0.04487,0.04487,0.0,0.0
2018-04-27 06:00:00,2018-04-27 07:00,0.59347,0.04845,0.05,0.003,0.49202,0.0647,0.0647,0.0,-0.0
2018-04-27 07:00:00,2018-04-27 08:00,0.80431,0.03503,0.05,0.21702,0.50226,0.04677,0.04677,0.0,0.0
2018-04-27 08:00:00,2018-04-27 09:00,0.74924,0.02873,0.025,0.2242,0.47131,0.03837,0.03837,0.0,0.0
2018-04-27 09:00:00,2018-04-27 10:00,0.4992,0.02219,0.0,0.003,0.47401,0.02964,0.02964,0.0,0.0
2018-04-27 10:00:00,2018-04-27 11:00,0.4812,0.01125,0.0,0.003,0.46695,0.01504,0.01504,0.0,-0.0
2018-04-27 11:00:00,2018-04-27 12:00,0.46808,0.00071,0.0,0.003,0.46437,0.00095,0.00095,0.0,0.0
2018-04-27 12:00:00,2018-04-27 13:00,0.50754,0.0,0.0,0.003,0.50454,0.0,0.0,0.0,0.0
2018-04-27 13:00:00,2018-04-27 14:00,0.47698,0.0,0.0,0.003,0.47398,0.0,0.0,0.0,0.0
2018-04-27 14:00:00,2018-04-27 15:00,0.47706,0.0,0.0,0.003,0.47406,0.0,0.0,0.0,0.0
2018-04-27 15:00:00,2018-04-27 16:00,0.47529,0.0,0.0,0.003,0.47229,0.0,0.0,0.0,0.0
2018-04-27 16:00:00,2018-04-27 17:00,0.62,0.0,0.0,0.1125,0.5075,0.01124,0.0,0.0,0.01124
2018-04-27 17:00:00,2018-04-27 18:00,0.9983,0.0,0.0,0.31387,0.68443,0.01498,0.0,0.0,0.01498
2018-04-27 18:00:00,2018-04-27 19:00,1.24593,0.0,0.0,0.003,1.24293,0.0,0.0,0.0,0.0
2018-04-27 19:00:00,2018-04-27 20:00,3.41501,0.0,0.0125,0.3113,3.09121,0.0,0.0,0.0,0.0
2018-04-27 20:00:00,2018-04-27 21:00,1.70558,0.0,0.05,0.41948,1.2361,0.0,0.0,0.0,0.0
2018-04-27 21:00:00,2018-04-27 22:00,1.5524,0.0,0.05,0.43503,1.06737,0.0,0.0,0.0,0.0
2018-04-27 22:00:00,2018-04-27 23:00,1.14523,0.0,0.05,0.40432,0.69091,0.0,0.0,0.0,0.0
2018-04-27 23:00:00,2018-04-28 00:00,0.58056,0.01867,0.05,0.003,0.50889,0.02492,0.02492,0.0,0.0
2018-04-28 00:00:00,2018-04-28 01:00,0.54504,0.02443,0.05,0.003,0.46761,0.03262,0.03262,0.0,0.0
2018-04-28 01:00:00,2018-04-28 02:00,0.55112,0.03496,0.05,0.003,0.46316,0.04669,0.04669,0.0,0.0
2018-04-28 02:00:00,2018-04-28 03:00,0.55344,0.04375,0.05,0.003,0.45669,0.05843,0.05843,0.0,0.0
2018-04-28 03:00:00,2018-04-28 04:00,0.55648,0.05002,0.05,0.003,0.45346,0.06679,0.06679,0.0,0.0
2018-04-28 04:00:00,2018-04-28 05:00,0.56001,0.05672,0.05,0.003,0.45029,0.07573,0.07573,0.0,0.0
2018-04-28 05:00:00,2018-04-28 06:00,0.90225,0.06314,0.05,0.32556,0.46355,0.08431,0.08431,0.0,-0.0
2018-04-28 06:00:00,2018-04-28 07:00,1.51347,0.08812,0.05,0.003,1.37235,0.11766,0.11766,0.0,0.0
2018-04-28 07:00:00,2018-04-28 08:00,2.31598,0.06794,0.05,0.21936,1.97868,0.09073,0.09073,0.0,-0.0
2018-04-28 08:00:00,2018-04-28 09:00,1.22534,0.04617,0.05,0.44694,0.68223,0.06165,0.06165,0.0,-0.0
2018-04-28 09:00:00,2018-04-28 10:00,1.22085,0.0276,0.05,0.37207,0.77118,0.03684,0.03684,0.0,-0.0
2018-04-28 10:00:00,2018-04-28 11:00,0.86657,0.00667,0.05,0.003,0.8069,0.03513,0.0089,0.0,0.02622
2018-04-28 11:00:00,2018-04-28 12:00,0.88146,0.00622,0.0125,0.10644,0.7563,0.00829,0.00829,0.0,0.0
2018-04-28 12:00:00,2018-04-28 13:00,1.13528,0.00034,0.0,0.41612,0.71882,0.00046,0.00046,0.0,-0.0
2018-04-28 13:00:00,2018-04-28 14:00,1.14656,0.0,0.0,0.41424,0.73232,0.0,0.0,0.0,0.0
2018-04-28 14:00:00,2018-04-28 15:00,1.5042,0.0,0.0,0.003,1.5012,0.0,0.0,0.0,0.0
2018-04-28 15:00:00,2018-04-28 16:00,2.90256,0.0,0.0,0.21718,2.68538,0.0,0.0,0.0,0.0
2018-04-28 16:00:00,2018-04-28 17:00,1.26697,0.0,0.0,0.3251,0.94187,0.0,0.0,0.0,0.0
2018-04-28 17:00:00,2018-04-28 18:00,1.00098,0.0,0.0,0.003,0.99798,0.0,0.0,0.0,0.0
2018-04-28 18:00:00,2018-04-28 19:00,1.23161,0.0,0.0,0.11009,1.12152,0.0,0.0,0.0,0.0
2018-04-28 19:00:00,2018-04-28 20:00,1.57922,0.0,0.02022,0.33082,1.22818,0.0,0.0,0.0,0.0
2018-04-28 20:00:00,2018-04-28 21:00,1.37039,0.0,0.03009,0.003,1.3373,0.0,0.0,0.0,0.0
2018-04-28 21:00:00,2018-04-28 22:00,1.32552,0.0,0.02961,0.003,1.29291,0.0,0.0,0.0,0.0
2018-04-28 22:00:00,2018-04-28 23:00,0.92112,0.0,0.05,0.003,0.86812,0.0,0.0,0.0,0.0
2018-04-28 23:00:00,2018-04-29 00:00,0.5744,0.0,0.05,0.003,0.5214,0.0,0.0,0.0,0.0
2018-04-29 00:00:00,2018-04-29 01:00,0.85952,0.0,0.05,0.33417,0.47535,0.0,0.0,0.0,0.0
2018-04-29 01:00:00,2018-04-29 02:00,0.53096,0.0,0.05,0.01688,0.46408,0.0,0.0,0.0,0.0
2018-04-29 02:00:00,2018-04-29 03:00,0.51725,0.00638,0.05,0.003,0.45787,0.00852,0.00852,0.0,0.0
2018-04-29 03:00:00,2018-04-29 04:00,0.52786,0.01941,0.05,0.003,0.45545,0.02592,0.02592,0.0,0.0
2018-04-29 04:00:00,2018-04-29 05:00,0.53145,0.02897,0.05,0.003,0.44948,0.03868,0.03868,0.0,0.0
2018-04-29 05:00:00,2018-04-29 06:00,0.54607,0.03644,0.05,0.003,0.45663,0.04867,0.04867,0.0,0.0
2018-04-29 06:00:00,2018-04-29 07:00,1.02577,0.04841,0.05,0.39714,0.53022,0.06465,0.06465,0.0,0.0
2018-04-29 07:00:00,2018-04-29 08:00,0.64222,0.02932,0.05,0.003,0.5599,0.03916,0.03916,0.0,0.0
2018-04-29 08:00:00,2018-04-29 09:00,0.66798,0.0181,0.0125,0.003,0.63438,0.02415,0.02415,0.0,0.0
2018-04-29 09:00:00,2018-04-29 10:00,0.67888,0.0082,0.0,0.003,0.66768,0.01095,0.01095,0.0,0.0
2018-04-29 10:00:00,2018-04-29 11:00,1.16423,0.00047,0.0,0.43862,0.72514,0.00063,0.00063,0.0,-0.0
2018-04-29 11:00:00,2018-04-29 12:00,2.48516,0.0,0.0,0.4216,2.06356,0.0,0.0,0.0,0.0
2018-04-29 12:00:00,2018-04-29 13:00,2.66801,0.0,0.0,0.44094,2.22707,0.02622,0.0,0.0,0.02622
2018-04-29 13:00:00,2018-04-29 14:00,1.21422,0.0,0.0,0.43626,0.77796,0.0,0.0,0.0,0.0
2018-04-29 14:00:00,2018-04-29 15:00,0.8489,0.0,0.0,0.003,0.8459,0.0,0.0,0.0,0.0
2018-04-29 15:00:00,2018-04-29 16:00,0.94287,0.0,0.04507,0.003,0.8948,0.0,0.0,0.0,0.0
2018-04-29 16:00:00,2018-04-29 17:00,1.32166,0.0,0.15272,0.21487,0.95407,0.01124,0.0,0.0,0.01124
2018-04-29 17:00:00,2018-04-29 18:00,1.53252,0.0,0.20872,0.31018,1.01362,0.01498,0.0,0.0,0.01498
2018-04-29 18:00:00,2018-04-29 19:00,1.19514,0.0,0.1586,0.003,1.03354,0.0,0.0,0.0,0.0
2018-04-29 19:00:00,2018-04-29 20:00,1.21982,0.0,0.20309,0.003,1.01373,0.05247,0.0,0.0,0.05247
2018-04-29 20:00:00,2018-04-29 21:00,1.23791,0.0,0.12542,0.003,1.10949,0.0,0.0,0.0,0.0
2018-04-29 21:00:00,2018-04-29 22:00,0.90899,0.0,0.07339,0.003,0.8326,0.0,0.0,0.0,0.0
2018-04-29 22:00:00,2018-04-29 23:00,0.56515,0.0,0.01936,0.003,0.54279,0.0,0.0,0.0,0.0
2018-04-29 23:00:00,2018-04-30 00:00,0.51723,0.0,0.0,0.003,0.51423,0.0,0.0,0.0,0.0
2018-04-30 00:00:00,2018-04-30 01:00,0.48445,0.0,0.0,0.003,0.48145,0.0,0.0,0.0,0.0
2018-04-30 01:00:00,2018-04-30 02:00,0.46701,0.0,0.0,0.003,0.46401,0.0,0.0,0.0,0.0
2018-04-30 02:00:00,2018-04-30 03:00,0.4609,0.0,0.0,0.003,0.4579,0.0,0.0,0.0,0.0
2018-04-30 03:00:00,2018-04-30 04:00,0.4586,0.0,0.0,0.003,0.4556,0.0,0.0,0.0,0.0
2018-04-30 04:00:00,2018-04-30 05:00,0.56289,0.0,0.0,0.11347,0.44942,0.0,0.0,0.0,0.0
2018-04-30 05:00:00,2018-04-30 06:00,0.926,0.0,0.0,0.44608,0.47992,0.01124,0.0,0.0,0.01124
2018-04-30 06:00:00,2018-04-30 07:00,0.75695,0.0,0.0,0.12279,0.63416,0.04123,0.0,0.0,0.04123
2018-04-30 07:00:00,2018-04-30 08:00,0.8696,0.0,0.0,0.31857,0.55103,0.0,0.0,0.0,0.0
2018-04-30 08:00:00,2018-04-30 09:00,0.98408,0.0,0.0,0.44266,0.54142,0.0,0.0,0.0,0.0
2018-04-30 09:00:00,2018-04-30 10:00,0.68575,0.0,0.0,0.10142,0.58433,0.0,0.0,0.0,0.0
2018-04-30 10:00:00,2018-04-30 11:00,0.51179,0.0,0.0,0.003,0.50879,0.0,0.0,0.0,0.0
2018-04-30 11:00:00,2018-04-30 12:00,0.46779,0.0,0.0,0.003,0.46479,0.0,0.0,0.0,0.0
2018-04-30 12:00:00,2018-04-30 13:00,0.83412,0.0,0.0,0.36073,0.47339,0.0,0.0,0.0,0.0
2018-04-30 13:00:00,2018-04-30 14:00,0.47787,0.0,0.0,0.003,0.47487,0.0,0.0,0.0,0.0
2018-04-30 14:00:00,2018-04-30 15:00,0.56918,0.0,0.08324,0.003,0.48294,0.0,0.0,0.0,0.0
2018-04-30 15:00:00,2018-04-30 16:00,1.2355,0.0,0.35626,0.32914,0.5501,0.0,0.0,0.0,0.0
2018-04-30 16:00:00,2018-04-30 17:00,1.57192,0.0,0.54067,0.4216,0.60965,0.0,0.0,0.0,0.0
2018-04-30 17:00:00,2018-04-30 18:00,1.34057,0.0,0.58285,0.003,0.75472,0.0,0.0,0.0,0.0
2018-04-30 18:00:00,2018-04-30 19:00,1.66683,0.0,0.60725,0.21686,0.84272,0.0,0.0,0.0,0.0
2018-04-30 19:00:00,2018-04-30 20:00,1.88698,0.0,0.53956,0.26983,1.07759,0.0,0.0,0.0,0.0
2018-04-30 20:00:00,2018-04-30 21:00,1.79134,0.0,0.48085,0.003,1.30749,0.0,0.0,0.0,0.0
2018-04-30 21:00:00,2018-04-30 22:00,1.58312,0.0,0.43056,0.003,1.14956,0.0,0.0,0.0,0.0
2018-04-30 22:00:00,2018-04-30 23:00,1.02291,0.0,0.36328,0.003,0.65663,0.0,0.0,0.0,0.0
2018-04-30 23:00:00,2018-05-01 00:00,0.79319,0.0,0.29718,0.003,0.49301,0.0,0.0,0.0,0.0
2018-05-01 00:00:00,2018-05-01 01:00,1.06672,0.0,0.26494,0.33331,0.46847,0.0,0.0,0.0,0.0
2018-05-01 01:00:00,2018-05-01 02:00,0.69484,0.0,0.22772,0.003,0.46412,0.0,0.0,0.0,0.0
2018-05-01 02:00:00,2018-05-01 03:00,0.63506,0.0,0.17397,0.003,0.45809,0.0,0.0,0.0,0.0
2018-05-01 03:00:00,2018-05-01 04:00,0.59149,0.0,0.1325,0.003,0.45599,0.0,0.0,0.0,0.0
2018-05-01 04:00:00,2018-05-01 05:00,0.56055,0.0,0.10767,0.003,0.44988,0.0,0.0,0.0,0.0
2018-05-01 05:00:00,2018-05-01 06:00,0.58376,0.0,0.10818,0.003,0.47258,0.01124,0.0,0.0,0.01124
2018-05-01 06:00:00,2018-05-01 07:00,0.78189,0.0,0.0745,0.11357,0.59382,0.01498,0.0,0.0,0.01498
2018-05-01 07:00:00,2018-05-01 08:00,1.16778,0.0,0.08158,0.44952,0.63668,0.02622,0.0,0.0,0.02622
2018-05-01 08:00:00,2018-05-01 09:00,0.55027,0.0,0.00761,0.03071,0.51195,0.0,0.0,0.0,0.0
2018-05-01 09:00:00,2018-05-01 10:00,0.49951,0.0,0.02085,0.003,0.47566,0.0,0.0,0.0,0.0
2018-05-01 10:00:00,2018-05-01 11:00,0.50905,0.0,0.03692,0.003,0.46913,0.0,0.0,0.0,0.0
2018-05-01 11:00:00,2018-05-01 12:00,0.58939,0.0,0.06654,0.003,0.51985,0.0,0.0,0.0,0.0
2018-05-01 12:00:00,2018-05-01 13:00,0.74801,0.0,0.0969,0.11321,0.5379,0.0,0.0,0.0,0.0
2018-05-01 13:00:00,2018-05-01 14:00,1.10106,0.0,0.15789,0.38399,0.55918,0.01124,0.0,0.0,0.01124
2018-05-01 14:00:00,2018-05-01 15:00,0.85902,0.0,0.22977,0.003,0.62625,0.01498,0.0,0.0,0.01498
2018-05-01 15:00:00,2018-05-01 16:00,1.01444,0.0,0.2302,0.22451,0.55973,0.0,0.0,0.0,0.0
2018-05-01 16:00:00,2018-05-01 17:00,1.22837,0.0,0.38626,0.19935,0.64276,0.06745,0.0,0.0,0.06745
2018-05-01 17:00:00,2018-05-01 18:00,1.06191,0.0,0.33738,0.003,0.72153,0.01312,0.0,0.0,0.01312
2018-05-01 18:00:00,2018-05-01 19:00,1.14645,0.0,0.29111,0.003,0.85234,0.0,0.0,0.0,0.0
2018-05-01 19:00:00,2018-05-01 20:00,1.19027,0.0,0.29289,0.003,0.89438,0.0,0.0,0.0,0.0
2018-05-01 20:00:00,2018-05-01 21:00,1.83163,0.0,0.31892,0.33746,1.17525,0.0,0.0,0.0,0.0
2018-05-01 21:00:00,2018-05-01 22:00,1.23092,0.0,0.27537,0.05242,0.90313,0.0,0.0,0.0,0.0
2018-05-01 22:00:00,2018-05-01 23:00,0.95276,0.0,0.22783,0.003,0.72193,0.0,0.0,0.0,0.0
2018-05-01 23:00:00,2018-05-02 00:00,0.65031,0.0,0.12571,0.003,0.5216,0.0,0.0,0.0,0.0
2018-05-02 00:00:00,2018-05-02 01:00,0.5088,0.0,0.01891,0.003,0.48689,0.0,0.0,0.0,0.0
2018-05-02 01:00:00,2018-05-02 02:00,0.79507,0.0,0.00233,0.32076,0.47198,0.0,0.0,0.0,0.0
2018-05-02 02:00:00,2018-05-02 03:00,0.464,0.0,0.0,0.003,0.461,0.0,0.0,0.0,0.0
2018-05-02 03:00:00,2018-05-02 04:00,0.459,0.0,0.0,0.003,0.456,0.0,0.0,0.0,0.0
2018-05-02 04:00:00,2018-05-02 05:00,0.45231,0.0,0.0,0.003,0.44931,0.0,0.0,0.0,0.0
2018-05-02 05:00:00,2018-05-02 06:00,0.50172,0.0,0.05,0.003,0.44872,0.0,0.0,0.0,0.0
2018-05-02 06:00:00,2018-05-02 07:00,0.95465,0.0,0.05,0.33925,0.5654,0.0,0.0,0.0,0.0
2018-05-02 07:00:00,2018-05-02 08:00,0.96283,0.0,0.05,0.2839,0.62893,0.0,0.0,0.0,0.0
2018-05-02 08:00:00,2018-05-02 09:00,0.88044,0.0,0.05,0.21734,0.6131,0.0,0.0,0.0,0.0
2018-05-02 09:00:00,2018-05-02 10:00,1.12507,0.0,0.0375,0.44985,0.63772,0.0,0.0,0.0,0.0
2018-05-02 10:00:00,2018-05-02 11:00,0.61362,0.0,0.0,0.12733,0.48629,0.0,0.0,0.0,0.0
2018-05-02 11:00:00,2018-05-02 12:00,0.48999,0.0,0.0,0.003,0.48699,0.0,0.0,0.0,0.0
2018-05-02 12:00:00,2018-05-02 13:00,0.5398,0.0,0.0,0.003,0.5368,0.0,0.0,0.0,0.0
2018-05-02 13:00:00,2018-05-02 14:00,0.99139,0.0,0.0,0.44407,0.54732,0.0,0.0,0.0,0.0
2018-05-02 14:00:00,2018-05-02 15:00,0.98062,0.0,0.0,0.36965,0.61097,0.0,0.0,0.0,0.0
2018-05-02 15:00:00,2018-05-02 16:00,0.75292,0.0,0.09954,0.003,0.65038,0.02622,0.0,0.0,0.02622
2018-05-02 16:00:00,2018-05-02 17:00,0.75883,0.0,0.14567,0.003,0.61016,0.0,0.0,0.0,0.0
2018-05-02 17:00:00,2018-05-02 18:00,0.90533,0.0,0.20671,0.003,0.69562,0.0,0.0,0.0,0.0
2018-05-02 18:00:00,2018-05-02 19:00,1.06968,0.0,0.20169,0.003,0.86499,0.0,0.0,0.0,0.0
2018-05-02 19:00:00,2018-05-02 20:00,1.47246,0.0,0.20018,0.43678,0.8355,0.0,0.0,0.0,0.0
2018-05-02 20:00:00,2018-05-02 21:00,1.8815,0.0,0.24594,0.44104,1.19452,0.0,0.0,0.0,0.0
2018-05-02 21:00:00,2018-05-02 22:00,1.65542,0.0,0.20647,0.44897,0.99998,0.0,0.0,0.0,0.0
2018-05-02 22:00:00,2018-05-02 23:00,1.01145,0.0,0.14822,0.13623,0.727,0.0,0.0,0.0,0.0
2018-05-02 23:00:00,2018-05-03 00:00,0.6855,0.0,0.11316,0.003,0.56934,0.0,0.0,0.0,0.0
2018-05-03 00:00:00,2018-05-03 01:00,0.59795,0.0,0.11094,0.003,0.48401,0.0,0.0,0.0,0.0
2018-05-03 01:00:00,2018-05-03 02:00,0.54994,0.0,0.08284,0.003,0.4641,0.0,0.0,0.0,0.0
2018-05-03 02:00:00,2018-05-03 03:00,0.51508,0.0,0.054,0.003,0.45808,0.0,0.0,0.0,0.0
2018-05-03 03:00:00,2018-05-03 04:00,0.48305,0.0,0.02407,0.003,0.45598,0.0,0.0,0.0,0.0
2018-05-03 04:00:00,2018-05-03 05:00,0.56811,0.0,0.00274,0.11407,0.4513,0.0,0.0,0.0,0.0
2018-05-03 05:00:00,2018-05-03 06:00,0.7062,0.0,0.0,0.23917,0.46703,0.0,0.0,0.0,0.0
2018-05-03 06:00:00,2018-05-03 07:00,0.55029,0.0,0.0,0.003,0.54729,0.01124,0.0,0.0,0.01124
2018-05-03 07:00:00,2018-05-03 08:00,0.9128,0.0,0.13554,0.11242,0.66484,0.11242,0.0,0.0,0.11242
2018-05-03 08:00:00,2018-05-03 09:00,0.94724,0.0,0.11241,0.2854,0.54943,0.03746,0.0,0.0,0.03746
2018-05-03 09:00:00,2018-05-03 10:00,0.61383,0.0,0.07347,0.003,0.53736,0.0,0.0,0.0,0.0
2018-05-03 10:00:00,2018-05-03 11:00,0.59889,0.0,0.1018,0.003,0.49409,0.0,0.0,0.0,0.0
2018-05-03 11:00:00,2018-05-03 12:00,0.60776,0.0,0.13833,0.003,0.46643,0.0,0.0,0.0,0.0
2018-05-03 12:00:00,2018-05-03 13:00,0.66603,0.0,0.18836,0.003,0.47467,0.0,0.0,0.0,0.0
2018-05-03 13:00:00,2018-05-03 14:00,1.03164,0.0,0.23514,0.32102,0.47548,0.0,0.0,0.0,0.0
2018-05-03 14:00:00,2018-05-03 15:00,0.77166,0.0,0.29322,0.003,0.47544,0.0,0.0,0.0,0.0
2018-05-03 15:00:00,2018-05-03 16:00,0.81397,0.0,0.33765,0.003,0.47332,0.0,0.0,0.0,0.0
2018-05-03 16:00:00,2018-05-03 17:00,1.11422,0.0,0.44715,0.003,0.66407,0.02622,0.0,0.0,0.02622
2018-05-03 17:00:00,2018-05-03 18:00,1.35509,0.0,0.40957,0.22177,0.72375,0.0,0.0,0.0,0.0
2018-05-03 18:00:00,2018-05-03 19:00,1.65502,0.0,0.42618,0.2974,0.93144,0.0,0.0,0.0,0.0
2018-05-03 19:00:00,2018-05-03 20:00,1.56436,0.0,0.42497,0.003,1.13639,0.0,0.0,0.0,0.0
2018-05-03 20:00:00,2018-05-03 21:00,1.79504,0.0,0.41213,0.11162,1.27129,0.0,0.0,0.0,0.0
2018-05-03 21:00:00,2018-05-03 22:00,1.72847,0.0,0.3665,0.22322,1.13875,0.0,0.0,0.0,0.0
2018-05-03 22:00:00,2018-05-03 23:00,1.15904,0.0,0.31426,0.003,0.84178,0.0,0.0,0.0,0.0
2018-05-03 23:00:00,2018-05-04 00:00,0.77805,0.0,0.24771,0.003,0.52734,0.0,0.0,0.0,0.0
2018-05-04 00:00:00,2018-05-04 01:00,0.6426,0.0,0.17113,0.003,0.46847,0.0,0.0,0.0,0.0
2018-05-04 01:00:00,2018-05-04 02:00,0.60569,0.0,0.1386,0.003,0.46409,0.0,0.0,0.0,0.0
2018-05-04 02:00:00,2018-05-04 03:00,0.55419,0.0,0.0931,0.003,0.45809,0.0,0.0,0.0,0.0
2018-05-04 03:00:00,2018-05-04 04:00,0.50363,0.0,0.04464,0.003,0.45599,0.0,0.0,0.0,0.0
2018-05-04 04:00:00,2018-05-04 05:00,0.45889,0.0,0.006,0.003,0.44989,0.0,0.0,0.0,0.0
2018-05-04 05:00:00,2018-05-04 06:00,0.59068,0.0,0.0,0.11432,0.47636,0.0,0.0,0.0,0.0
2018-05-04 06:00:00,2018-05-04 07:00,1.96037,0.0,0.0,0.44962,1.51075,0.0,0.0,0.0,0.0
2018-05-04 07:00:00,2018-05-04 08:00,2.3412,0.0,0.0,0.3284,2.0128,0.01124,0.0,0.0,0.01124
2018-05-04 08:00:00,2018-05-04 09:00,0.83855,0.0,0.11982,0.10735,0.61138,0.06933,0.0,0.0,0.06933
2018-05-04 09:00:00,2018-05-04 10:00,1.02122,0.0,0.03833,0.43928,0.54361,0.0,0.0,0.0,0.0
2018-05-04 10:00:00,2018-05-04 11:00,0.87163,0.0,0.15182,0.1788,0.54101,0.0,0.0,0.0,0.0
2018-05-04 11:00:00,2018-05-04 12:00,0.70157,0.0,0.22274,0.003,0.47583,0.0,0.0,0.0,0.0
2018-05-04 12:00:00,2018-05-04 13:00,0.78161,0.0,0.30393,0.003,0.47468,0.0,0.0,0.0,0.0
2018-05-04 13:00:00,2018-05-04 14:00,0.86795,0.0,0.38948,0.003,0.47547,0.0,0.0,0.0,0.0
2018-05-04 14:00:00,2018-05-04 15:00,1.20548,0.0,0.45475,0.22503,0.5257,0.0,0.0,0.0,0.0
2018-05-04 15:00:00,2018-05-04 16:00,1.02973,0.0,0.44682,0.10962,0.47329,0.0,0.0,0.0,0.0
2018-05-04 16:00:00,2018-05-04 17:00,1.11018,0.0,0.51297,0.003,0.59421,0.0,0.0,0.0,0.0
2018-05-04 17:00:00,2018-05-04 18:00,1.5188,0.0,0.61927,0.11157,0.78796,0.02622,0.0,0.0,0.02622
2018-05-04 18:00:00,2018-05-04 19:00,1.99183,0.0,0.6005,0.37795,1.01338,0.0,0.0,0.0,0.0
2018-05-04 19:00:00,2018-05-04 20:00,1.40822,0.0,0.48695,0.003,0.91827,0.0,0.0,0.0,0.0
2018-05-04 20:00:00,2018-05-04 21:00,1.67562,0.0,0.44938,0.003,1.22324,0.0,0.0,0.0,0.0
2018-05-04 21:00:00,2018-05-04 22:00,1.75196,0.0,0.35584,0.33488,1.06124,0.0,0.0,0.0,0.0
2018-05-04 22:00:00,2018-05-04 23:00,1.11123,0.0,0.28779,0.0455,0.77794,0.0,0.0,0.0,0.0
2018-05-04 23:00:00,2018-05-05 00:00,0.74506,0.0,0.22721,0.003,0.51485,0.0,0.0,0.0,0.0
2018-05-05 00:00:00,2018-05-05 01:00,0.71494,0.0,0.24223,0.003,0.46971,0.0,0.0,0.0,0.0
2018-05-05 01:00:00,2018-05-05 02:00,0.6717,0.0,0.20335,0.003,0.46535,0.0,0.0,0.0,0.0
2018-05-05 02:00:00,2018-05-05 03:00,0.63884,0.0,0.17651,0.003,0.45933,0.0,0.0,0.0,0.0
2018-05-05 03:00:00,2018-05-05 04:00,0.6205,0.0,0.16028,0.003,0.45722,0.0,0.0,0.0,0.0
2018-05-05 04:00:00,2018-05-05 05:00,0.59429,0.0,0.14015,0.003,0.45114,0.0,0.0,0.0,0.0
2018-05-05 05:00:00,2018-05-05 06:00,0.55227,0.0,0.09845,0.003,0.45082,0.0,0.0,0.0,0.0
2018-05-05 06:00:00,2018-05-05 07:00,0.70306,0.0,0.05315,0.11251,0.5374,0.01124,0.0,0.0,0.01124
2018-05-05 07:00:00,2018-05-05 08:00,1.23883,0.0,0.13239,0.4502,0.65624,0.01498,0.0,0.0,0.01498
2018-05-05 08:00:00,2018-05-05 09:00,1.00628,0.0,0.14519,0.24284,0.61825,0.0,0.0,0.0,0.0
2018-05-05 09:00:00,2018-05-05 10:00,1.18101,0.0,0.20289,0.28586,0.69226,0.0,0.0,0.0,0.0
2018-05-05 10:00:00,2018-05-05 11:00,1.0578,0.0,0.27615,0.003,0.77865,0.0,0.0,0.0,0.0
2018-05-05 11:00:00,2018-05-05 12:00,1.19853,0.0,0.38668,0.003,0.80885,0.02622,0.0,0.0,0.02622
2018-05-05 12:00:00,2018-05-05 13:00,1.55395,0.0,0.42164,0.33315,0.79916,0.0,0.0,0.0,0.0
2018-05-05 13:00:00,2018-05-05 14:00,1.36061,0.0,0.50667,0.08852,0.76542,0.0,0.0,0.0,0.0
2018-05-05 14:00:00,2018-05-05 15:00,1.24578,0.0,0.57657,0.003,0.66621,0.0,0.0,0.0,0.0
2018-05-05 15:00:00,2018-05-05 16:00,1.80628,0.0,0.67046,0.32855,0.80727,0.0,0.0,0.0,0.0
2018-05-05 16:00:00,2018-05-05 17:00,2.0659,0.0,0.76272,0.44644,0.85674,0.0,0.0,0.0,0.0
2018-05-05 17:00:00,2018-05-05 18:00,1.71049,0.0,0.84894,0.03444,0.82711,0.06745,0.0,0.0,0.06745
2018-05-05 18:00:00,2018-05-05 19:00,1.68984,0.0,0.66694,0.003,1.0199,0.06745,0.0,0.0,0.06745
2018-05-05 19:00:00,2018-05-05 20:00,1.34344,0.0,0.46307,0.003,0.87737,0.0,0.0,0.0,0.0
2018-05-05 20:00:00,2018-05-05 21:00,1.54978,0.0,0.42512,0.003,1.12166,0.0,0.0,0.0,0.0
2018-05-05 21:00:00,2018-05-05 22:00,1.70255,0.0,0.42174,0.003,1.27781,0.01124,0.0,0.0,0.01124
2018-05-05 22:00:00,2018-05-05 23:00,1.3137,0.0,0.43053,0.003,0.88017,0.04123,0.0,0.0,0.04123
2018-05-05 23:00:00,2018-05-06 00:00,1.12679,0.0,0.26801,0.33457,0.52421,0.0,0.0,0.0,0.0
2018-05-06 00:00:00,2018-05-06 01:00,0.68219,0.0,0.20949,0.003,0.4697,0.0,0.0,0.0,0.0
2018-05-06 01:00:00,2018-05-06 02:00,0.62224,0.0,0.15389,0.003,0.46535,0.0,0.0,0.0,0.0
2018-05-06 02:00:00,2018-05-06 03:00,0.57813,0.0,0.1156,0.003,0.45953,0.0,0.0,0.0,0.0
2018-05-06 03:00:00,2018-05-06 04:00,0.54822,0.0,0.08532,0.003,0.4599,0.0,0.0,0.0,0.0
2018-05-06 04:00:00,2018-05-06 05:00,0.53443,0.0,0.08029,0.003,0.45114,0.0,0.0,0.0,0.0
2018-05-06 05:00:00,2018-05-06 06:00,0.85489,0.0,0.05979,0.34044,0.45466,0.0,0.0,0.0,0.0
2018-05-06 06:00:00,2018-05-06 07:00,0.54113,0.0,0.00211,0.003,0.53602,0.0,0.0,0.0,0.0
2018-05-06 07:00:00,2018-05-06 08:00,0.75482,0.0,0.0564,0.11453,0.58389,0.0,0.0,0.0,0.0
2018-05-06 08:00:00,2018-05-06 09:00,1.22284,0.0,0.11431,0.45226,0.65627,0.0,0.0,0.0,0.0
2018-05-06 09:00:00,2018-05-06 10:00,1.02416,0.0,0.16232,0.0929,0.76894,0.0,0.0,0.0,0.0
2018-05-06 10:00:00,2018-05-06 11:00,0.94036,0.0,0.20522,0.003,0.73214,0.0,0.0,0.0,0.0
2018-05-06 11:00:00,2018-05-06 12:00,1.07416,0.0,0.26013,0.11086,0.70317,0.0,0.0,0.0,0.0
2018-05-06 12:00:00,2018-05-06 13:00,1.35903,0.0,0.33083,0.30172,0.72648,0.0,0.0,0.0,0.0
2018-05-06 13:00:00,2018-05-06 14:00,1.39532,0.0,0.44478,0.11144,0.8391,0.01124,0.0,0.0,0.01124
2018-05-06 14:00:00,2018-05-06 15:00,1.94228,0.0,0.6052,0.44,0.89708,0.04123,0.0,0.0,0.04123
2018-05-06 15:00:00,2018-05-06 16:00,1.69577,0.0,0.58854,0.21776,0.88947,0.0,0.0,0.0,0.0
2018-05-06 16:00:00,2018-05-06 17:00,1.92555,0.0,0.63381,0.3324,0.95934,0.0,0.0,0.0,0.0
2018-05-06 17:00:00,2018-05-06 18:00,3.81894,0.0,0.72738,0.28215,2.80941,0.0,0.0,0.0,0.0
2018-05-06 18:00:00,2018-05-06 19:00,3.06249,0.0,0.72671,0.003,2.33278,0.0,0.0,0.0,0.0
2018-05-06 19:00:00,2018-05-06 20:00,1.6328,0.0,0.6189,0.003,1.0109,0.0,0.0,0.0,0.0
2018-05-06 20:00:00,2018-05-06 21:00,2.00118,0.0,0.55163,0.42675,1.0228,0.0,0.0,0.0,0.0
2018-05-06 21:00:00,2018-05-06 22:00,1.57803,0.0,0.50032,0.003,1.07471,0.0,0.0,0.0,0.0
2018-05-06 22:00:00,2018-05-06 23:00,1.65935,0.0,0.42204,0.44576,0.79155,0.0,0.0,0.0,0.0
2018-05-06 23:00:00,2018-05-07 00:00,1.00169,0.0,0.35144,0.07506,0.57519,0.0,0.0,0.0,0.0
2018-05-07 00:00:00,2018-05-07 01:00,0.75154,0.0,0.26164,0.003,0.4869,0.0,0.0,0.0,0.0
2018-05-07 01:00:00,2018-05-07 02:00,0.67983,0.0,0.20486,0.003,0.47197,0.0,0.0,0.0,0.0
2018-05-07 02:00:00,2018-05-07 03:00,0.83832,0.0,0.15659,0.22066,0.46107,0.0,0.0,0.0,0.0
2018-05-07 03:00:00,2018-05-07 04:00,0.90314,0.0,0.1263,0.31873,0.45811,0.0,0.0,0.0,0.0
2018-05-07 04:00:00,2018-05-07 05:00,0.55113,0.0,0.09682,0.003,0.45131,0.0,0.0,0.0,0.0
2018-05-07 05:00:00,2018-05-07 06:00,0.54083,0.0,0.06674,0.003,0.47109,0.0,0.0,0.0,0.0
2018-05-07 06:00:00,2018-05-07 07:00,1.03829,0.0,0.02986,0.43521,0.57322,0.0,0.0,0.0,0.0
2018-05-07 07:00:00,2018-05-07 08:00,0.67379,0.0,0.09054,0.003,0.58025,0.0,0.0,0.0,0.0
2018-05-07 08:00:00,2018-05-07 09:00,1.16997,0.0,0.21347,0.33012,0.62638,0.03935,0.0,0.0,0.03935
2018-05-07 09:00:00,2018-05-07 10:00,1.28507,0.0,0.38336,0.30316,0.59855,0.06745,0.0,0.0,0.06745
2018-05-07 10:00:00,2018-05-07 11:00,0.79392,0.0,0.32181,0.003,0.46911,0.0,0.0,0.0,0.0
2018-05-07 11:00:00,2018-05-07 12:00,0.9386,0.0,0.43148,0.003,0.50412,0.0,0.0,0.0,0.0
2018-05-07 12:00:00,2018-05-07 13:00,1.10268,0.0,0.5684,0.003,0.53128,0.0,0.0,0.0,0.0
2018-05-07 13:00:00,2018-05-07 14:00,1.05482,0.0,0.57637,0.003,0.47545,0.0,0.0,0.0,0.0
2018-05-07 14:00:00,2018-05-07 15:00,1.08703,0.0,0.6086,0.003,0.47543,0.0,0.0,0.0,0.0
2018-05-07 15:00:00,2018-05-07 16:00,1.49754,0.0,0.73614,0.22395,0.53745,0.0,0.0,0.0,0.0
2018-05-07 16:00:00,2018-05-07 17:00,1.51777,0.0,0.80252,0.13993,0.57532,0.0,0.0,0.0,0.0
2018-05-07 17:00:00,2018-05-07 18:00,1.70401,0.0,0.94104,0.003,0.75997,0.02622,0.0,0.0,0.02622
2018-05-07 18:00:00,2018-05-07 19:00,1.83603,0.0,0.94913,0.003,0.8839,0.0,0.0,0.0,0.0
2018-05-07 19:00:00,2018-05-07 20:00,2.0394,0.0,0.82675,0.33728,0.87537,0.0,0.0,0.0,0.0
2018-05-07 20:00:00,2018-05-07 21:00,1.6045,0.0,0.69454,0.02162,0.88834,0.0,0.0,0.0,0.0
2018-05-07 21:00:00,2018-05-07 22:00,1.64176,0.0,0.61936,0.003,1.0194,0.0,0.0,0.0,0.0
2018-05-07 22:00:00,2018-05-07 23:00,1.19339,0.0,0.53186,0.003,0.65853,0.0,0.0,0.0,0.0
2018-05-07 23:00:00,2018-05-08 00:00,0.98042,0.0,0.45782,0.003,0.5196,0.0,0.0,0.0,0.0
2018-05-08 00:00:00,2018-05-08 01:00,0.98305,0.0,0.40266,0.11193,0.46846,0.0,0.0,0.0,0.0
2018-05-08 01:00:00,2018-05-08 02:00,1.0595,0.0,0.37273,0.22267,0.4641,0.0,0.0,0.0,0.0
2018-05-08 02:00:00,2018-05-08 03:00,0.81095,0.0,0.34987,0.003,0.45808,0.0,0.0,0.0,0.0
2018-05-08 03:00:00,2018-05-08 04:00,0.78525,0.0,0.32593,0.003,0.45632,0.0,0.0,0.0,0.0
2018-05-08 04:00:00,2018-05-08 05:00,0.87383,0.0,0.30777,0.1112,0.45486,0.0,0.0,0.0,0.0
2018-05-08 05:00:00,2018-05-08 06:00,1.03284,0.0,0.28478,0.27696,0.4711,0.0,0.0,0.0,0.0
2018-05-08 06:00:00,2018-05-08 07:00,1.25163,0.0,0.25975,0.4391,0.55278,0.0,0.0,0.0,0.0
2018-05-08 07:00:00,2018-05-08 08:00,1.10373,0.0,0.25951,0.26999,0.57423,0.0,0.0,0.0,0.0
2018-05-08 08:00:00,2018-05-08 09:00,0.79103,0.0,0.25491,0.003,0.53312,0.0,0.0,0.0,0.0
2018-05-08 09:00:00,2018-05-08 10:00,1.22742,0.0,0.24867,0.44142,0.53733,0.0,0.0,0.0,0.0
2018-05-08 10:00:00,2018-05-08 11:00,0.8646,0.0,0.23983,0.09944,0.52533,0.0,0.0,0.0,0.0
2018-05-08 11:00:00,2018-05-08 12:00,0.69391,0.0,0.19314,0.003,0.49777,0.0,0.0,0.0,0.0
2018-05-08 12:00:00,2018-05-08 13:00,0.64372,0.0,0.15958,0.003,0.48114,0.0,0.0,0.0,0.0
2018-05-08 13:00:00,2018-05-08 14:00,0.65339,0.0,0.16511,0.003,0.48528,0.0,0.0,0.0,0.0
2018-05-08 14:00:00,2018-05-08 15:00,0.66565,0.0,0.1872,0.003,0.47545,0.0,0.0,0.0,0.0
2018-05-08 15:00:00,2018-05-08 16:00,0.73736,0.0,0.1969,0.003,0.53746,0.0,0.0,0.0,0.0
2018-05-08 16:00:00,2018-05-08 17:00,1.21143,0.0,0.17579,0.45008,0.58556,0.0,0.0,0.0,0.0
2018-05-08 17:00:00,2018-05-08 18:00,0.9953,0.0,0.19427,0.06604,0.73499,0.01124,0.0,0.0,0.01124
2018-05-08 18:00:00,2018-05-08 19:00,1.23874,0.0,0.22625,0.003,1.00949,0.01498,0.0,0.0,0.01498
2018-05-08 19:00:00,2018-05-08 20:00,1.27783,0.0,0.21803,0.003,1.0568,0.0,0.0,0.0,0.0
2018-05-08 20:00:00,2018-05-08 21:00,1.75373,0.0,0.25039,0.22081,1.28253,0.01124,0.0,0.0,0.01124
2018-05-08 21:00:00,2018-05-08 22:00,2.2437,0.0,0.42009,0.46264,1.36097,0.11242,0.0,0.0,0.11242
2018-05-08 22:00:00,2018-05-08 23:00,1.24123,0.0,0.21673,0.05725,0.96725,0.01124,0.0,0.0,0.01124
2018-05-08 23:00:00,2018-05-09 00:00,0.6548,0.0,0.1118,0.003,0.54,0.0,0.0,0.0,0.0
2018-05-09 00:00:00,2018-05-09 01:00,0.47146,0.0,0.0,0.003,0.46846,0.0,0.0,0.0,0.0
2018-05-09 01:00:00,2018-05-09 02:00,0.46702,0.0,0.0,0.003,0.46402,0.0,0.0,0.0,0.0
2018-05-09 02:00:00,2018-05-09 03:00,0.46092,0.0,0.0,0.003,0.45792,0.0,0.0,0.0,0.0
2018-05-09 03:00:00,2018-05-09 04:00,0.49975,0.0,0.04078,0.003,0.45597,0.0,0.0,0.0,0.0
2018-05-09 04:00:00,2018-05-09 05:00,0.58648,0.0,0.01954,0.11369,0.45325,0.0,0.0,0.0,0.0
2018-05-09 05:00:00,2018-05-09 06:00,0.66394,0.0,0.0,0.20818,0.45576,0.0,0.0,0.0,0.0
2018-05-09 06:00:00,2018-05-09 07:00,0.75509,0.0,0.0,0.22441,0.53068,0.0,0.0,0.0,0.0
2018-05-09 07:00:00,2018-05-09 08:00,0.70289,0.0,0.0,0.17869,0.5242,0.0,0.0,0.0,0.0
2018-05-09 08:00:00,2018-05-09 09:00,0.55092,0.0,0.0,0.003,0.54792,0.0,0.0,0.0,0.0
2018-05-09 09:00:00,2018-05-09 10:00,0.8489,0.0,0.0,0.33345,0.51545,0.0,0.0,0.0,0.0
2018-05-09 10:00:00,2018-05-09 11:00,0.6293,0.0,0.0,0.1603,0.469,0.0,0.0,0.0,0.0
2018-05-09 11:00:00,2018-05-09 12:00,0.46928,0.0,0.0,0.003,0.46628,0.0,0.0,0.0,0.0
2018-05-09 12:00:00,2018-05-09 13:00,0.47757,0.0,0.0,0.003,0.47457,0.0,0.0,0.0,0.0
2018-05-09 13:00:00,2018-05-09 14:00,0.47842,0.0,0.0,0.003,0.47542,0.0,0.0,0.0,0.0
2018-05-09 14:00:00,2018-05-09 15:00,0.61585,0.0,0.0,0.11638,0.49947,0.0,0.0,0.0,0.0
2018-05-09 15:00:00,2018-05-09 16:00,0.6835,0.0,0.0,0.19909,0.48441,0.0,0.0,0.0,0.0
2018-05-09 16:00:00,2018-05-09 17:00,0.64075,0.0,0.0,0.003,0.63775,0.0,0.0,0.0,0.0
2018-05-09 17:00:00,2018-05-09 18:00,0.93885,0.0,0.17243,0.003,0.76342,0.05247,0.0,0.0,0.05247
2018-05-09 18:00:00,2018-05-09 19:00,1.03878,0.0,0.12376,0.11309,0.80193,0.0,0.0,0.0,0.0
2018-05-09 19:00:00,2018-05-09 20:00,1.73492,0.0,0.31349,0.43481,0.98662,0.05247,0.0,0.0,0.05247
2018-05-09 20:00:00,2018-05-09 21:00,1.17358,0.0,0.21132,0.003,0.95926,0.0,0.0,0.0,0.0
2018-05-09 21:00:00,2018-05-09 22:00,2.49263,0.0,0.16762,0.003,2.32201,0.0,0.0,0.0,0.0
2018-05-09 22:00:00,2018-05-09 23:00,2.39924,0.0,0.08977,0.33848,1.97099,0.0,0.0,0.0,0.0
2018-05-09 23:00:00,2018-05-10 00:00,0.57895,0.0,0.05434,0.003,0.52161,0.0,0.0,0.0,0.0
2018-05-10 00:00:00,2018-05-10 01:00,0.55019,0.0,0.06029,0.003,0.4869,0.0,0.0,0.0,0.0
2018-05-10 01:00:00,2018-05-10 02:00,0.5032,0.0,0.02823,0.003,0.47197,0.0,0.0,0.0,0.0
2018-05-10 02:00:00,2018-05-10 03:00,0.57797,0.0,0.00316,0.11405,0.46076,0.0,0.0,0.0,0.0
2018-05-10 03:00:00,2018-05-10 04:00,0.66327,0.0,0.0,0.20733,0.45594,0.0,0.0,0.0,0.0
2018-05-10 04:00:00,2018-05-10 05:00,0.45261,0.0,0.0,0.003,0.44961,0.0,0.0,0.0,0.0
2018-05-10 05:00:00,2018-05-10 06:00,0.52338,0.0,0.0375,0.003,0.48288,0.02622,0.0,0.0,0.02622
2018-05-10 06:00:00,2018-05-10 07:00,0.60862,0.0,0.05,0.003,0.55562,0.0,0.0,0.0,0.0
2018-05-10 07:00:00,2018-05-10 08:00,1.09354,0.0,0.05,0.44496,0.59858,0.0,0.0,0.0,0.0
2018-05-10 08:00:00,2018-05-10 09:00,0.871,0.0,0.05,0.17515,0.64585,0.0,0.0,0.0,0.0
2018-05-10 09:00:00,2018-05-10 10:00,0.63813,0.0,0.0375,0.003,0.59763,0.0,0.0,0.0,0.0
2018-05-10 10:00:00,2018-05-10 11:00,0.78062,0.0,0.0,0.22565,0.55497,0.0,0.0,0.0,0.0
2018-05-10 11:00:00,2018-05-10 12:00,0.58273,0.0,0.0,0.1083,0.47443,0.0,0.0,0.0,0.0
2018-05-10 12:00:00,2018-05-10 13:00,0.47651,0.0,0.0,0.003,0.47351,0.0,0.0,0.0,0.0
2018-05-10 13:00:00,2018-05-10 14:00,0.4777,0.0,0.0,0.003,0.4747,0.0,0.0,0.0,0.0
2018-05-10 14:00:00,2018-05-10 15:00,0.47797,0.0,0.0,0.003,0.47497,0.0,0.0,0.0,0.0
2018-05-10 15:00:00,2018-05-10 16:00,0.68406,0.0,0.034,0.11271,0.53735,0.0,0.0,0.0,0.0
2018-05-10 16:00:00,2018-05-10 17:00,1.01121,0.0,0.09015,0.31372,0.60734,0.0,0.0,0.0,0.0
2018-05-10 17:00:00,2018-05-10 18:00,0.96542,0.0,0.21208,0.003,0.75034,0.03935,0.0,0.0,0.03935
2018-05-10 18:00:00,2018-05-10 19:00,1.31897,0.0,0.17183,0.22148,0.92566,0.01312,0.0,0.0,0.01312
2018-05-10 19:00:00,2018-05-10 20:00,1.33107,0.0,0.16764,0.20542,0.95801,0.0,0.0,0.0,0.0
2018-05-10 20:00:00,2018-05-10 21:00,1.19041,0.0,0.15537,0.003,1.03204,0.0,0.0,0.0,0.0
2018-05-10 21:00:00,2018-05-10 22:00,1.06661,0.0,0.12464,0.003,0.93897,0.0,0.0,0.0,0.0
2018-05-10 22:00:00,2018-05-10 23:00,1.02923,0.0,0.08382,0.33776,0.60765,0.0,0.0,0.0,0.0
2018-05-10 23:00:00,2018-05-11 00:00,0.63987,0.0,0.04392,0.07435,0.5216,0.0,0.0,0.0,0.0
2018-05-11 00:00:00,2018-05-11 01:00,0.4792,0.0,0.0,0.003,0.4762,0.0,0.0,0.0,0.0
2018-05-11 01:00:00,2018-05-11 02:00,0.46686,0.0,0.0,0.003,0.46386,0.0,0.0,0.0,0.0
2018-05-11 02:00:00,2018-05-11 03:00,0.46069,0.0,0.0,0.003,0.45769,0.0,0.0,0.0,0.0
2018-05-11 03:00:00,2018-05-11 04:00,0.45832,0.0,0.0,0.003,0.45532,0.0,0.0,0.0,0.0
2018-05-11 04:00:00,2018-05-11 05:00,0.50331,0.0,0.05,0.003,0.45031,0.0,0.0,0.0,0.0
2018-05-11 05:00:00,2018-05-11 06:00,0.74241,0.0,0.05,0.22256,0.46985,0.0,0.0,0.0,0.0
2018-05-11 06:00:00,2018-05-11 07:00,1.04555,0.0,0.05,0.46024,0.53531,0.0,0.0,0.0,0.0
2018-05-11 07:00:00,2018-05-11 08:00,0.68892,0.0,0.05,0.08262,0.5563,0.0,0.0,0.0,0.0
2018-05-11 08:00:00,2018-05-11 09:00,1.05235,0.0,0.05,0.41692,0.58543,0.0,0.0,0.0,0.0
2018-05-11 09:00:00,2018-05-11 10:00,1.01499,0.0,0.05,0.43566,0.52933,0.0,0.0,0.0,0.0
2018-05-11 10:00:00,2018-05-11 11:00,0.76441,0.006,0.05,0.24174,0.46667,0.008,0.008,0.0,0.0
2018-05-11 11:00:00,2018-05-11 12:00,0.52721,0.01014,0.05,0.003,0.46407,0.01355,0.01355,0.0,0.0
2018-05-11 12:00:00,2018-05-11 13:00,0.53544,0.01013,0.05,0.003,0.47231,0.01353,0.01353,0.0,0.0
2018-05-11 13:00:00,2018-05-11 14:00,0.53399,0.00763,0.05,0.003,0.47336,0.01019,0.01019,0.0,0.0
2018-05-11 14:00:00,2018-05-11 15:00,0.5902,0.00632,0.05,0.003,0.53088,0.00844,0.00844,0.0,-0.0
2018-05-11 15:00:00,2018-05-11 16:00,1.05761,0.00916,0.05,0.45187,0.54658,0.01222,0.01222,0.0,-0.0
2018-05-11 16:00:00,2018-05-11 17:00,0.64459,0.00388,0.05,0.01736,0.57335,0.00517,0.00517,0.0,-0.0
2018-05-11 17:00:00,2018-05-11 18:00,0.73872,0.00047,0.0125,0.10928,0.61647,0.00063,0.00063,0.0,0.0
2018-05-11 18:00:00,2018-05-11 19:00,1.32266,0.00147,0.0,0.44283,0.87836,0.00196,0.00196,0.0,0.0
2018-05-11 19:00:00,2018-05-11 20:00,1.12137,0.0,0.0,0.06665,1.05472,0.0,0.0,0.0,0.0
2018-05-11 20:00:00,2018-05-11 21:00,1.27271,0.0,0.0,0.003,1.26971,0.0,0.0,0.0,0.0
2018-05-11 21:00:00,2018-05-11 22:00,1.24991,0.0,0.0,0.003,1.24691,0.0,0.0,0.0,0.0
2018-05-11 22:00:00,2018-05-11 23:00,0.76153,0.0,0.0,0.003,0.75853,0.0,0.0,0.0,0.0
2018-05-11 23:00:00,2018-05-12 00:00,0.52289,0.0,0.0,0.003,0.51989,0.0,0.0,0.0,0.0
2018-05-12 00:00:00,2018-05-12 01:00,0.49061,0.0,0.0,0.003,0.48761,0.0,0.0,0.0,0.0
2018-05-12 01:00:00,2018-05-12 02:00,0.47481,0.0,0.0,0.003,0.47181,0.0,0.0,0.0,0.0
2018-05-12 02:00:00,2018-05-12 03:00,0.46648,0.00268,0.0,0.003,0.4608,0.00357,0.00357,0.0,0.0
2018-05-12 03:00:00,2018-05-12 04:00,0.83068,0.00731,0.05,0.31619,0.45718,0.00976,0.00976,0.0,-0.0
2018-05-12 04:00:00,2018-05-12 05:00,0.51774,0.0157,0.05,0.003,0.44904,0.02097,0.02097,0.0,-0.0
2018-05-12 05:00:00,2018-05-12 06:00,0.5296,0.01763,0.05,0.003,0.45897,0.02353,0.02353,0.0,0.0
2018-05-12 06:00:00,2018-05-12 07:00,0.77841,0.00307,0.05,0.11148,0.61386,0.08467,0.00409,0.0,0.08058
2018-05-12 07:00:00,2018-05-12 08:00,1.10588,0.0,0.05,0.4482,0.60768,0.02622,0.0,0.0,0.02622
2018-05-12 08:00:00,2018-05-12 09:00,0.72503,0.00796,0.0125,0.09103,0.61354,0.01062,0.01062,0.0,0.0
2018-05-12 09:00:00,2018-05-12 10:00,1.02778,0.0007,0.0,0.33357,0.69351,0.00093,0.00093,0.0,0.0
2018-05-12 10:00:00,2018-05-12 11:00,1.14956,0.0,0.0,0.45061,0.69895,0.0,0.0,0.0,0.0
2018-05-12 11:00:00,2018-05-12 12:00,1.09205,0.0,0.0,0.43796,0.65409,0.0,0.0,0.0,0.0
2018-05-12 12:00:00,2018-05-12 13:00,0.86465,0.0,0.0,0.15432,0.71033,0.02622,0.0,0.0,0.02622
2018-05-12 13:00:00,2018-05-12 14:00,0.71038,0.0,0.0,0.003,0.70738,0.0,0.0,0.0,0.0
2018-05-12 14:00:00,2018-05-12 15:00,0.88545,0.0,0.0,0.22041,0.66504,0.0,0.0,0.0,0.0
2018-05-12 15:00:00,2018-05-12 16:00,0.89589,0.0,0.0,0.21453,0.68136,0.0,0.0,0.0,0.0
2018-05-12 16:00:00,2018-05-12 17:00,0.72855,0.0,0.0,0.003,0.72555,0.02622,0.0,0.0,0.02622
2018-05-12 17:00:00,2018-05-12 18:00,0.7004,0.0,0.0,0.003,0.6974,0.0,0.0,0.0,0.0
2018-05-12 18:00:00,2018-05-12 19:00,0.74309,0.0,0.0,0.003,0.74009,0.0,0.0,0.0,0.0
2018-05-12 19:00:00,2018-05-12 20:00,1.1278,0.0,0.0,0.44384,0.68396,0.0,0.0,0.0,0.0
2018-05-12 20:00:00,2018-05-12 21:00,0.83715,0.0,0.0,0.06304,0.77411,0.0,0.0,0.0,0.0
2018-05-12 21:00:00,2018-05-12 22:00,0.88542,0.0,0.0,0.003,0.88242,0.0,0.0,0.0,0.0
2018-05-12 22:00:00,2018-05-12 23:00,0.71885,0.0,0.0,0.003,0.71585,0.01124,0.0,0.0,0.01124
2018-05-12 23:00:00,2018-05-13 00:00,0.64577,0.0,0.0,0.003,0.64277,0.09556,0.0,0.0,0.09556
2018-05-13 00:00:00,2018-05-13 01:00,0.52954,0.0,0.0375,0.003,0.48904,0.0,0.0,0.0,0.0
2018-05-13 01:00:00,2018-05-13 02:00,0.52527,0.0,0.05,0.003,0.47227,0.0,0.0,0.0,0.0
2018-05-13 02:00:00,2018-05-13 03:00,0.51069,0.0,0.05,0.003,0.45769,0.0,0.0,0.0,0.0
2018-05-13 03:00:00,2018-05-13 04:00,0.51279,0.00467,0.05,0.003,0.45512,0.00623,0.00623,0.0,0.0
2018-05-13 04:00:00,2018-05-13 05:00,0.81336,0.01389,0.05,0.30043,0.44904,0.01854,0.01854,0.0,0.0
2018-05-13 05:00:00,2018-05-13 06:00,0.52619,0.02089,0.05,0.003,0.4523,0.0279,0.0279,0.0,0.0
2018-05-13 06:00:00,2018-05-13 07:00,0.61602,0.02409,0.05,0.003,0.53893,0.04341,0.03216,0.0,0.01124
2018-05-13 07:00:00,2018-05-13 08:00,0.62056,0.00599,0.0375,0.003,0.57407,0.02297,0.00799,0.0,0.01498
2018-05-13 08:00:00,2018-05-13 09:00,0.56411,0.00457,0.0,0.003,0.55654,0.00609,0.00609,0.0,0.0
2018-05-13 09:00:00,2018-05-13 10:00,0.62356,0.0,0.0,0.003,0.62056,0.0,0.0,0.0,0.0
2018-05-13 10:00:00,2018-05-13 11:00,1.11917,0.0,0.0,0.42371,0.69546,0.0,0.0,0.0,0.0
2018-05-13 11:00:00,2018-05-13 12:00,0.77583,0.0,0.0,0.003,0.77283,0.0,0.0,0.0,0.0
2018-05-13 12:00:00,2018-05-13 13:00,1.03134,0.0,0.0,0.33476,0.69658,0.0,0.0,0.0,0.0
2018-05-13 13:00:00,2018-05-13 14:00,0.80404,0.0,0.0,0.06505,0.73899,0.0,0.0,0.0,0.0
2018-05-13 14:00:00,2018-05-13 15:00,1.11775,0.0,0.01387,0.33336,0.77052,0.0,0.0,0.0,0.0
2018-05-13 15:00:00,2018-05-13 16:00,1.5282,0.0,0.18146,0.45725,0.88949,0.0,0.0,0.0,0.0
2018-05-13 16:00:00,2018-05-13 17:00,1.22771,0.0,0.25412,0.04918,0.92441,0.0,0.0,0.0,0.0
2018-05-13 17:00:00,2018-05-13 18:00,1.18624,0.0,0.31564,0.003,0.8676,0.0,0.0,0.0,0.0
2018-05-13 18:00:00,2018-05-13 19:00,1.54416,0.0,0.35218,0.22254,0.96944,0.0,0.0,0.0,0.0
2018-05-13 19:00:00,2018-05-13 20:00,1.55032,0.0,0.3377,0.18193,1.03069,0.0,0.0,0.0,0.0
2018-05-13 20:00:00,2018-05-13 21:00,1.41886,0.0,0.31391,0.003,1.10195,0.0,0.0,0.0,0.0
2018-05-13 21:00:00,2018-05-13 22:00,1.33109,0.0,0.27989,0.003,1.0482,0.0,0.0,0.0,0.0
2018-05-13 22:00:00,2018-05-13 23:00,0.81658,0.0,0.20478,0.003,0.6088,0.0,0.0,0.0,0.0
2018-05-13 23:00:00,2018-05-14 00:00,0.65285,0.0,0.17455,0.003,0.4753,0.0,0.0,0.0,0.0
2018-05-14 00:00:00,2018-05-14 01:00,0.58782,0.0,0.11637,0.003,0.46845,0.0,0.0,0.0,0.0
2018-05-14 01:00:00,2018-05-14 02:00,0.53742,0.0,0.07032,0.003,0.4641,0.0,0.0,0.0,0.0
2018-05-14 02:00:00,2018-05-14 03:00,0.50447,0.0,0.04338,0.003,0.45809,0.0,0.0,0.0,0.0
2018-05-14 03:00:00,2018-05-14 04:00,0.87421,0.0,0.13426,0.23039,0.50956,0.05247,0.0,0.0,0.05247
2018-05-14 04:00:00,2018-05-14 05:00,0.5342,0.0,0.00506,0.07924,0.4499,0.0,0.0,0.0,0.0
2018-05-14 05:00:00,2018-05-14 06:00,0.47191,0.0,0.0,0.003,0.46891,0.01124,0.0,0.0,0.01124
2018-05-14 06:00:00,2018-05-14 07:00,0.56159,0.0,0.00665,0.003,0.55194,0.01498,0.0,0.0,0.01498
2018-05-14 07:00:00,2018-05-14 08:00,1.0189,0.0,0.0,0.45502,0.56388,0.0,0.0,0.0,0.0
2018-05-14 08:00:00,2018-05-14 09:00,0.89043,0.0,0.0,0.29466,0.59577,0.0,0.0,0.0,0.0
2018-05-14 09:00:00,2018-05-14 10:00,0.86825,0.0,0.0,0.33106,0.53719,0.0,0.0,0.0,0.0
2018-05-14 10:00:00,2018-05-14 11:00,0.93976,0.0,0.0733,0.33489,0.53157,0.0,0.0,0.0,0.0
2018-05-14 11:00:00,2018-05-14 12:00,0.69466,0.0,0.16229,0.003,0.52937,0.0,0.0,0.0,0.0
2018-05-14 12:00:00,2018-05-14 13:00,0.74727,0.0,0.22873,0.003,0.51554,0.0,0.0,0.0,0.0
2018-05-14 13:00:00,2018-05-14 14:00,0.76428,0.0,0.27919,0.003,0.48209,0.0,0.0,0.0,0.0
2018-05-14 14:00:00,2018-05-14 15:00,1.23562,0.0,0.42775,0.22525,0.58262,0.03935,0.0,0.0,0.03935
2018-05-14 15:00:00,2018-05-14 16:00,1.48245,0.0,0.41643,0.46574,0.60028,0.02437,0.0,0.0,0.02437
2018-05-14 16:00:00,2018-05-14 17:00,1.04721,0.0,0.36327,0.01527,0.66867,0.01498,0.0,0.0,0.01498
2018-05-14 17:00:00,2018-05-14 18:00,0.86239,0.0,0.24027,0.003,0.61912,0.0,0.0,0.0,0.0
2018-05-14 18:00:00,2018-05-14 19:00,1.31786,0.0,0.21539,0.22147,0.881,0.0,0.0,0.0,0.0
2018-05-14 19:00:00,2018-05-14 20:00,1.55769,0.0,0.24378,0.31632,0.99759,0.0,0.0,0.0,0.0
2018-05-14 20:00:00,2018-05-14 21:00,1.3213,0.0,0.23864,0.003,1.07966,0.0,0.0,0.0,0.0
2018-05-14 21:00:00,2018-05-14 22:00,1.40877,0.0,0.23483,0.003,1.17094,0.0,0.0,0.0,0.0
2018-05-14 22:00:00,2018-05-14 23:00,1.05685,0.0,0.18797,0.003,0.86588,0.0,0.0,0.0,0.0
2018-05-14 23:00:00,2018-05-15 00:00,0.94433,0.0,0.12492,0.23149,0.58792,0.0,0.0,0.0,0.0
2018-05-15 00:00:00,2018-05-15 01:00,0.83862,0.0,0.11635,0.23627,0.486,0.0,0.0,0.0,0.0
2018-05-15 01:00:00,2018-05-15 02:00,0.54279,0.0,0.07569,0.003,0.4641,0.0,0.0,0.0,0.0
2018-05-15 02:00:00,2018-05-15 03:00,0.50402,0.0,0.04293,0.003,0.45809,0.0,0.0,0.0,0.0
2018-05-15 03:00:00,2018-05-15 04:00,0.59132,0.0,0.02063,0.11423,0.45646,0.0,0.0,0.0,0.0
2018-05-15 04:00:00,2018-05-15 05:00,0.68981,0.0,0.0,0.23853,0.45128,0.0,0.0,0.0,0.0
2018-05-15 05:00:00,2018-05-15 06:00,0.47391,0.0,0.0,0.003,0.47091,0.0,0.0,0.0,0.0
2018-05-15 06:00:00,2018-05-15 07:00,0.87783,0.0,0.0,0.33589,0.54194,0.0,0.0,0.0,0.0
2018-05-15 07:00:00,2018-05-15 08:00,1.0056,0.0,0.0,0.45968,0.54592,0.0,0.0,0.0,0.0
2018-05-15 08:00:00,2018-05-15 09:00,0.7174,0.0,0.0,0.22089,0.49651,0.0,0.0,0.0,0.0
2018-05-15 09:00:00,2018-05-15 10:00,0.48456,0.0,0.0,0.003,0.48156,0.0,0.0,0.0,0.0
2018-05-15 10:00:00,2018-05-15 11:00,0.54913,0.0,0.06768,0.003,0.47845,0.0,0.0,0.0,0.0
2018-05-15 11:00:00,2018-05-15 12:00,0.61261,0.0,0.14319,0.003,0.46642,0.0,0.0,0.0,0.0
2018-05-15 12:00:00,2018-05-15 13:00,0.68245,0.0,0.20478,0.003,0.47467,0.0,0.0,0.0,0.0
2018-05-15 13:00:00,2018-05-15 14:00,0.76119,0.0,0.28273,0.003,0.47546,0.0,0.0,0.0,0.0
2018-05-15 14:00:00,2018-05-15 15:00,0.86999,0.0,0.39154,0.003,0.47545,0.0,0.0,0.0,0.0
2018-05-15 15:00:00,2018-05-15 16:00,1.08602,0.0,0.48896,0.11511,0.48195,0.0,0.0,0.0,0.0
2018-05-15 16:00:00,2018-05-15 17:00,1.51466,0.0,0.59449,0.34485,0.57532,0.0,0.0,0.0,0.0
2018-05-15 17:00:00,2018-05-15 18:00,1.3873,0.0,0.67582,0.003,0.70848,0.0,0.0,0.0,0.0
2018-05-15 18:00:00,2018-05-15 19:00,1.97619,0.0,0.72543,0.4459,0.80486,0.0,0.0,0.0,0.0
2018-05-15 19:00:00,2018-05-15 20:00,1.7577,0.0,0.75906,0.003,0.99564,0.02622,0.0,0.0,0.02622
2018-05-15 20:00:00,2018-05-15 21:00,2.16999,0.0,0.67616,0.22252,1.27131,0.0,0.0,0.0,0.0
2018-05-15 21:00:00,2018-05-15 22:00,1.93634,0.0,0.58116,0.27769,1.07749,0.0,0.0,0.0,0.0
2018-05-15 22:00:00,2018-05-15 23:00,1.20482,0.0,0.4748,0.003,0.72702,0.0,0.0,0.0,0.0
2018-05-15 23:00:00,2018-05-16 00:00,0.87319,0.0,0.36819,0.003,0.502,0.0,0.0,0.0,0.0
2018-05-16 00:00:00,2018-05-16 01:00,0.72646,0.0,0.25497,0.003,0.46849,0.0,0.0,0.0,0.0
2018-05-16 01:00:00,2018-05-16 02:00,0.65486,0.0,0.18775,0.003,0.46411,0.0,0.0,0.0,0.0
2018-05-16 02:00:00,2018-05-16 03:00,0.61736,0.0,0.15626,0.003,0.4581,0.0,0.0,0.0,0.0
2018-05-16 03:00:00,2018-05-16 04:00,0.57489,0.0,0.1159,0.003,0.45599,0.0,0.0,0.0,0.0
2018-05-16 04:00:00,2018-05-16 05:00,0.6394,0.0,0.0752,0.11431,0.44989,0.0,0.0,0.0,0.0
2018-05-16 05:00:00,2018-05-16 06:00,0.69002,0.0,0.03808,0.19422,0.45772,0.0,0.0,0.0,0.0
2018-05-16 06:00:00,2018-05-16 07:00,0.65125,0.0,0.0,0.11426,0.53699,0.0,0.0,0.0,0.0
2018-05-16 07:00:00,2018-05-16 08:00,0.90997,0.0,0.06557,0.34761,0.49679,0.0,0.0,0.0,0.0
2018-05-16 08:00:00,2018-05-16 09:00,0.64068,0.0,0.11073,0.003,0.52695,0.0,0.0,0.0,0.0
2018-05-16 09:00:00,2018-05-16 10:00,0.69889,0.0,0.21409,0.003,0.4818,0.0,0.0,0.0,0.0
2018-05-16 10:00:00,2018-05-16 11:00,1.14839,0.0,0.32347,0.33082,0.4941,0.0,0.0,0.0,0.0
2018-05-16 11:00:00,2018-05-16 12:00,0.91199,0.0,0.44257,0.003,0.46642,0.0,0.0,0.0,0.0
2018-05-16 12:00:00,2018-05-16 13:00,1.03291,0.0,0.55524,0.003,0.47467,0.0,0.0,0.0,0.0
2018-05-16 13:00:00,2018-05-16 14:00,1.2997,0.0,0.68533,0.1159,0.49847,0.0,0.0,0.0,0.0
2018-05-16 14:00:00,2018-05-16 15:00,1.62669,0.0,0.76082,0.31519,0.55068,0.0,0.0,0.0,0.0
2018-05-16 15:00:00,2018-05-16 16:00,1.48486,0.0,0.85764,0.003,0.62422,0.0,0.0,0.0,0.0
2018-05-16 16:00:00,2018-05-16 17:00,1.64211,0.0,0.90911,0.11261,0.62039,0.0,0.0,0.0,0.0
2018-05-16 17:00:00,2018-05-16 18:00,2.31468,0.0,1.05659,0.45948,0.79861,0.01124,0.0,0.0,0.01124
2018-05-16 18:00:00,2018-05-16 19:00,2.27993,0.0,1.17207,0.06336,1.0445,0.01498,0.0,0.0,0.01498
2018-05-16 19:00:00,2018-05-16 20:00,2.29325,0.0,1.01066,0.22125,1.06134,0.0,0.0,0.0,0.0
2018-05-16 20:00:00,2018-05-16 21:00,2.43545,0.0,1.00258,0.16402,1.26885,0.02622,0.0,0.0,0.02622
2018-05-16 21:00:00,2018-05-16 22:00,2.09955,0.0,0.84803,0.003,1.24852,0.0,0.0,0.0,0.0
2018-05-16 22:00:00,2018-05-16 23:00,1.6938,0.0,0.74508,0.003,0.94572,0.0,0.0,0.0,0.0
2018-05-16 23:00:00,2018-05-17 00:00,1.08983,0.0,0.61263,0.003,0.4742,0.0,0.0,0.0,0.0
2018-05-17 00:00:00,2018-05-17 01:00,1.0027,0.0,0.53124,0.003,0.46846,0.0,0.0,0.0,0.0
2018-05-17 01:00:00,2018-05-17 02:00,0.93216,0.0,0.46505,0.003,0.46411,0.0,0.0,0.0,0.0
2018-05-17 02:00:00,2018-05-17 03:00,0.87181,0.0,0.4107,0.003,0.45811,0.0,0.0,0.0,0.0
2018-05-17 03:00:00,2018-05-17 04:00,0.81597,0.0,0.35697,0.003,0.456,0.0,0.0,0.0,0.0
2018-05-17 04:00:00,2018-05-17 05:00,0.76458,0.0,0.31169,0.003,0.44989,0.0,0.0,0.0,0.0
2018-05-17 05:00:00,2018-05-17 06:00,0.71188,0.0,0.2553,0.003,0.45358,0.0,0.0,0.0,0.0
2018-05-17 06:00:00,2018-05-17 07:00,1.02771,0.0,0.1948,0.30216,0.53075,0.0,0.0,0.0,0.0
2018-05-17 07:00:00,2018-05-17 08:00,0.79939,0.0,0.23225,0.003,0.56414,0.0,0.0,0.0,0.0
2018-05-17 08:00:00,2018-05-17 09:00,1.26149,0.0,0.27797,0.34222,0.6413,0.0,0.0,0.0,0.0
2018-05-17 09:00:00,2018-05-17 10:00,0.82823,0.0,0.30881,0.03453,0.48489,0.0,0.0,0.0,0.0
2018-05-17 10:00:00,2018-05-17 11:00,0.85094,0.0,0.37881,0.003,0.46913,0.0,0.0,0.0,0.0
2018-05-17 11:00:00,2018-05-17 12:00,0.94371,0.0,0.47431,0.003,0.4664,0.0,0.0,0.0,0.0
2018-05-17 12:00:00,2018-05-17 13:00,1.28836,0.0,0.72025,0.003,0.56511,0.05247,0.0,0.0,0.05247
2018-05-17 13:00:00,2018-05-17 14:00,1.29078,0.0,0.74661,0.003,0.54117,0.0,0.0,0.0,0.0
2018-05-17 14:00:00,2018-05-17 15:00,1.88261,0.0,0.89934,0.44742,0.53585,0.0,0.0,0.0,0.0
2018-05-17 15:00:00,2018-05-17 16:00,1.51228,0.0,1.00884,0.003,0.50044,0.0,0.0,0.0,0.0
2018-05-17 16:00:00,2018-05-17 17:00,1.65672,0.0,1.04635,0.003,0.60737,0.0,0.0,0.0,0.0
2018-05-17 17:00:00,2018-05-17 18:00,2.1902,0.0,1.14688,0.33234,0.71098,0.0,0.0,0.0,0.0
2018-05-17 18:00:00,2018-05-17 19:00,2.18248,0.0,1.18429,0.18027,0.81792,0.0,0.0,0.0,0.0
2018-05-17 19:00:00,2018-05-17 20:00,2.29806,0.0,1.07973,0.22071,0.99762,0.0,0.0,0.0,0.0
2018-05-17 20:00:00,2018-05-17 21:00,2.38881,0.0,0.98514,0.34355,1.06012,0.0,0.0,0.0,0.0
2018-05-17 21:00:00,2018-05-17 22:00,1.92152,0.0,0.88642,0.003,1.0321,0.0,0.0,0.0,0.0
2018-05-17 22:00:00,2018-05-17 23:00,1.44058,0.0,0.76504,0.003,0.67254,0.0,0.0,0.0,0.0
2018-05-17 23:00:00,2018-05-18 00:00,1.12274,0.0,0.64553,0.003,0.47421,0.0,0.0,0.0,0.0
2018-05-18 00:00:00,2018-05-18 01:00,1.04443,0.0,0.57297,0.003,0.46846,0.0,0.0,0.0,0.0
2018-05-18 01:00:00,2018-05-18 02:00,0.95196,0.0,0.48487,0.003,0.46409,0.0,0.0,0.0,0.0
2018-05-18 02:00:00,2018-05-18 03:00,0.94145,0.0,0.36918,0.11418,0.45809,0.0,0.0,0.0,0.0
2018-05-18 03:00:00,2018-05-18 04:00,0.95789,0.0,0.30458,0.19682,0.45649,0.0,0.0,0.0,0.0
2018-05-18 04:00:00,2018-05-18 05:00,0.71291,0.0,0.25862,0.003,0.45129,0.0,0.0,0.0,0.0
2018-05-18 05:00:00,2018-05-18 06:00,0.93026,0.0,0.21633,0.22407,0.48986,0.0,0.0,0.0,0.0
2018-05-18 06:00:00,2018-05-18 07:00,2.72552,0.0,0.09146,0.26947,2.36459,0.0,0.0,0.0,0.0
2018-05-18 07:00:00,2018-05-18 08:00,1.50185,0.0,0.14934,0.003,1.34951,0.0,0.0,0.0,0.0
2018-05-18 08:00:00,2018-05-18 09:00,0.69485,0.0,0.19493,0.003,0.49692,0.0,0.0,0.0,0.0
2018-05-18 09:00:00,2018-05-18 10:00,0.75757,0.0,0.27891,0.003,0.47566,0.0,0.0,0.0,0.0
2018-05-18 10:00:00,2018-05-18 11:00,0.98118,0.0,0.39283,0.11303,0.47532,0.0,0.0,0.0,0.0
2018-05-18 11:00:00,2018-05-18 12:00,1.3365,0.0,0.50183,0.35885,0.47582,0.0,0.0,0.0,0.0
2018-05-18 12:00:00,2018-05-18 13:00,1.46711,0.0,0.85518,0.003,0.60893,0.08058,0.0,0.0,0.08058
2018-05-18 13:00:00,2018-05-18 14:00,1.58159,0.0,0.81019,0.22345,0.54795,0.0,0.0,0.0,0.0
2018-05-18 14:00:00,2018-05-18 15:00,1.82966,0.0,0.8943,0.37262,0.56274,0.0,0.0,0.0,0.0
2018-05-18 15:00:00,2018-05-18 16:00,1.43966,0.0,0.96334,0.003,0.47332,0.0,0.0,0.0,0.0
2018-05-18 16:00:00,2018-05-18 17:00,1.52396,0.0,1.03429,0.003,0.48667,0.0,0.0,0.0,0.0
2018-05-18 17:00:00,2018-05-18 18:00,1.89546,0.0,1.18598,0.003,0.70648,0.02622,0.0,0.0,0.02622
2018-05-18 18:00:00,2018-05-18 19:00,1.89586,0.0,1.09093,0.003,0.80193,0.0,0.0,0.0,0.0
2018-05-18 19:00:00,2018-05-18 20:00,2.1944,0.0,0.99628,0.22426,0.97386,0.0,0.0,0.0,0.0
2018-05-18 20:00:00,2018-05-18 21:00,2.37966,0.0,0.96935,0.1677,1.24261,0.0,0.0,0.0,0.0
2018-05-18 21:00:00,2018-05-18 22:00,2.12355,0.0,0.87201,0.003,1.24854,0.0,0.0,0.0,0.0
2018-05-18 22:00:00,2018-05-18 23:00,1.66814,0.0,0.77273,0.003,0.89241,0.0,0.0,0.0,0.0
2018-05-18 23:00:00,2018-05-19 00:00,1.16959,0.0,0.65186,0.003,0.51473,0.0,0.0,0.0,0.0
2018-05-19 00:00:00,2018-05-19 01:00,1.02272,0.0,0.55,0.003,0.46972,0.0,0.0,0.0,0.0
2018-05-19 01:00:00,2018-05-19 02:00,0.97239,0.0,0.50404,0.003,0.46535,0.0,0.0,0.0,0.0
2018-05-19 02:00:00,2018-05-19 03:00,1.21681,0.0,0.4405,0.31698,0.45933,0.0,0.0,0.0,0.0
2018-05-19 03:00:00,2018-05-19 04:00,0.84715,0.0,0.38691,0.003,0.45724,0.0,0.0,0.0,0.0
2018-05-19 04:00:00,2018-05-19 05:00,0.80297,0.0,0.34883,0.003,0.45114,0.0,0.0,0.0,0.0
2018-05-19 05:00:00,2018-05-19 06:00,0.70305,0.0,0.2454,0.003,0.45465,0.0,0.0,0.0,0.0
2018-05-19 06:00:00,2018-05-19 07:00,0.71039,0.0,0.15175,0.003,0.55564,0.0,0.0,0.0,0.0
2018-05-19 07:00:00,2018-05-19 08:00,0.99263,0.0,0.18063,0.2281,0.5839,0.0,0.0,0.0,0.0
2018-05-19 08:00:00,2018-05-19 09:00,2.17855,0.0,0.16137,0.31146,1.70572,0.0,0.0,0.0,0.0
2018-05-19 09:00:00,2018-05-19 10:00,0.78593,0.0,0.16044,0.003,0.62249,0.0,0.0,0.0,0.0
2018-05-19 10:00:00,2018-05-19 11:00,0.90451,0.0,0.19255,0.003,0.70896,0.01124,0.0,0.0,0.01124
2018-05-19 11:00:00,2018-05-19 12:00,1.36049,0.0,0.23126,0.33964,0.78959,0.01498,0.0,0.0,0.01498
2018-05-19 12:00:00,2018-05-19 13:00,0.9486,0.0,0.19632,0.003,0.74928,0.0,0.0,0.0,0.0
2018-05-19 13:00:00,2018-05-19 14:00,2.03616,0.0,0.27724,0.003,1.75592,0.02622,0.0,0.0,0.02622
2018-05-19 14:00:00,2018-05-19 15:00,3.52234,0.0,0.20709,0.34036,2.97489,0.0,0.0,0.0,0.0
2018-05-19 15:00:00,2018-05-19 16:00,1.86142,0.0,0.17685,0.07358,1.61099,0.0,0.0,0.0,0.0
2018-05-19 16:00:00,2018-05-19 17:00,0.96966,0.0,0.14259,0.003,0.82407,0.0,0.0,0.0,0.0
2018-05-19 17:00:00,2018-05-19 18:00,1.0505,0.0,0.16602,0.003,0.88148,0.0,0.0,0.0,0.0
2018-05-19 18:00:00,2018-05-19 19:00,1.71625,0.0,0.15209,0.45273,1.11143,0.0,0.0,0.0,0.0
2018-05-19 19:00:00,2018-05-19 20:00,1.42262,0.0,0.13696,0.08237,1.20329,0.0,0.0,0.0,0.0
2018-05-19 20:00:00,2018-05-19 21:00,1.43095,0.0,0.12728,0.003,1.30067,0.0,0.0,0.0,0.0
2018-05-19 21:00:00,2018-05-19 22:00,1.37503,0.0,0.11884,0.003,1.25319,0.0,0.0,0.0,0.0
2018-05-19 22:00:00,2018-05-19 23:00,0.81473,0.0,0.02018,0.003,0.79155,0.0,0.0,0.0,0.0
2018-05-19 23:00:00,2018-05-20 00:00,0.57834,0.0,0.0,0.003,0.57534,0.0,0.0,0.0,0.0
2018-05-20 00:00:00,2018-05-20 01:00,0.4809,0.0,0.0,0.003,0.4779,0.0,0.0,0.0,0.0
2018-05-20 01:00:00,2018-05-20 02:00,0.46788,0.0,0.0,0.003,0.46488,0.0,0.0,0.0,0.0
2018-05-20 02:00:00,2018-05-20 03:00,0.51181,0.0,0.05,0.003,0.45881,0.0,0.0,0.0,0.0
2018-05-20 03:00:00,2018-05-20 04:00,0.50984,0.0,0.05,0.003,0.45684,0.0,0.0,0.0,0.0
2018-05-20 04:00:00,2018-05-20 05:00,0.50777,0.0,0.05,0.003,0.45477,0.0,0.0,0.0,0.0
2018-05-20 05:00:00,2018-05-20 06:00,0.81106,0.0,0.05,0.29582,0.46524,0.0,0.0,0.0,0.0
2018-05-20 06:00:00,2018-05-20 07:00,0.62931,0.0,0.05,0.003,0.57631,0.0,0.0,0.0,0.0
2018-05-20 07:00:00,2018-05-20 08:00,0.88102,0.0,0.05,0.003,0.82802,0.01124,0.0,0.0,0.01124
2018-05-20 08:00:00,2018-05-20 09:00,2.54948,0.0,0.025,0.003,2.52148,0.01498,0.0,0.0,0.01498
2018-05-20 09:00:00,2018-05-20 10:00,2.97199,0.0,0.0,0.3401,2.63189,0.0,0.0,0.0,0.0
2018-05-20 10:00:00,2018-05-20 11:00,0.71108,0.0,0.0,0.003,0.70808,0.0,0.0,0.0,0.0
2018-05-20 11:00:00,2018-05-20 12:00,0.78511,0.0,0.0,0.003,0.78211,0.0,0.0,0.0,0.0
2018-05-20 12:00:00,2018-05-20 13:00,0.83249,0.0,0.07933,0.003,0.75016,0.0,0.0,0.0,0.0
2018-05-20 13:00:00,2018-05-20 14:00,1.39972,0.0,0.18327,0.44546,0.77099,0.0,0.0,0.0,0.0
2018-05-20 14:00:00,2018-05-20 15:00,1.2263,0.0,0.26325,0.16463,0.79842,0.0,0.0,0.0,0.0
2018-05-20 15:00:00,2018-05-20 16:00,1.12837,0.0,0.35052,0.003,0.77485,0.0,0.0,0.0,0.0
2018-05-20 16:00:00,2018-05-20 17:00,1.27503,0.0,0.4102,0.11312,0.75171,0.0,0.0,0.0,0.0
2018-05-20 17:00:00,2018-05-20 18:00,1.65557,0.0,0.47208,0.32982,0.85367,0.0,0.0,0.0,0.0
2018-05-20 18:00:00,2018-05-20 19:00,1.40106,0.0,0.48427,0.003,0.91379,0.0,0.0,0.0,0.0
2018-05-20 19:00:00,2018-05-20 20:00,1.50413,0.0,0.47047,0.003,1.03066,0.0,0.0,0.0,0.0
2018-05-20 20:00:00,2018-05-20 21:00,1.54694,0.0,0.44201,0.003,1.10193,0.0,0.0,0.0,0.0
2018-05-20 21:00:00,2018-05-20 22:00,2.00163,0.0,0.42445,0.34034,1.23684,0.0,0.0,0.0,0.0
2018-05-20 22:00:00,2018-05-20 23:00,1.35475,0.0,0.36758,0.07096,0.91621,0.0,0.0,0.0,0.0
2018-05-20 23:00:00,2018-05-21 00:00,0.8087,0.0,0.29223,0.003,0.51347,0.0,0.0,0.0,0.0
2018-05-21 00:00:00,2018-05-21 01:00,0.69725,0.0,0.22578,0.003,0.46847,0.0,0.0,0.0,0.0
2018-05-21 01:00:00,2018-05-21 02:00,0.66466,0.0,0.19754,0.003,0.46412,0.0,0.0,0.0,0.0
2018-05-21 02:00:00,2018-05-21 03:00,0.61404,0.0,0.15297,0.003,0.45807,0.0,0.0,0.0,0.0
2018-05-21 03:00:00,2018-05-21 04:00,0.57491,0.0,0.11593,0.003,0.45598,0.0,0.0,0.0,0.0
2018-05-21 04:00:00,2018-05-21 05:00,0.55985,0.0,0.10698,0.003,0.44987,0.0,0.0,0.0,0.0
2018-05-21 05:00:00,2018-05-21 06:00,0.7895,0.0,0.09882,0.22189,0.46879,0.0,0.0,0.0,0.0
2018-05-21 06:00:00,2018-05-21 07:00,1.11071,0.0,0.06156,0.44414,0.60501,0.0,0.0,0.0,0.0
2018-05-21 07:00:00,2018-05-21 08:00,1.20026,0.0,0.08149,0.45237,0.6664,0.0,0.0,0.0,0.0
2018-05-21 08:00:00,2018-05-21 09:00,0.85934,0.0,0.05489,0.21745,0.587,0.0,0.0,0.0,0.0
2018-05-21 09:00:00,2018-05-21 10:00,0.82562,0.0,0.07523,0.21305,0.53734,0.0,0.0,0.0,0.0
2018-05-21 10:00:00,2018-05-21 11:00,1.03736,0.0,0.08089,0.42486,0.53161,0.0,0.0,0.0,0.0
2018-05-21 11:00:00,2018-05-21 12:00,1.05783,0.0,0.0844,0.45041,0.52302,0.0,0.0,0.0,0.0
2018-05-21 12:00:00,2018-05-21 13:00,0.70658,0.0,0.09481,0.1371,0.47467,0.0,0.0,0.0,0.0
2018-05-21 13:00:00,2018-05-21 14:00,0.63012,0.0,0.15165,0.003,0.47547,0.0,0.0,0.0,0.0
2018-05-21 14:00:00,2018-05-21 15:00,0.71081,0.0,0.23236,0.003,0.47545,0.0,0.0,0.0,0.0
2018-05-21 15:00:00,2018-05-21 16:00,0.80514,0.0,0.30169,0.003,0.50045,0.0,0.0,0.0,0.0
2018-05-21 16:00:00,2018-05-21 17:00,0.93663,0.0,0.34808,0.003,0.58555,0.0,0.0,0.0,0.0
2018-05-21 17:00:00,2018-05-21 18:00,1.45903,0.0,0.38409,0.35118,0.72376,0.0,0.0,0.0,0.0
2018-05-21 18:00:00,2018-05-21 19:00,1.23667,0.0,0.34375,0.02456,0.86836,0.0,0.0,0.0,0.0
2018-05-21 19:00:00,2018-05-21 20:00,1.67376,0.0,0.34954,0.22758,1.09664,0.0,0.0,0.0,0.0
2018-05-21 20:00:00,2018-05-21 21:00,1.87777,0.0,0.34801,0.25846,1.2713,0.0,0.0,0.0,0.0
2018-05-21 21:00:00,2018-05-21 22:00,1.77075,0.0,0.30038,0.22181,1.24856,0.0,0.0,0.0,0.0
2018-05-21 22:00:00,2018-05-21 23:00,1.23493,0.0,0.22013,0.28629,0.72851,0.0,0.0,0.0,0.0
2018-05-21 23:00:00,2018-05-22 00:00,0.69253,0.0,0.18255,0.003,0.50698,0.0,0.0,0.0,0.0
2018-05-22 00:00:00,2018-05-22 01:00,0.66845,0.0,0.19699,0.003,0.46846,0.0,0.0,0.0,0.0
2018-05-22 01:00:00,2018-05-22 02:00,0.63175,0.0,0.16465,0.003,0.4641,0.0,0.0,0.0,0.0
2018-05-22 02:00:00,2018-05-22 03:00,0.60047,0.0,0.13938,0.003,0.45809,0.0,0.0,0.0,0.0
2018-05-22 03:00:00,2018-05-22 04:00,0.58417,0.0,0.12519,0.003,0.45598,0.0,0.0,0.0,0.0
2018-05-22 04:00:00,2018-05-22 05:00,0.55987,0.0,0.107,0.003,0.44987,0.0,0.0,0.0,0.0
2018-05-22 05:00:00,2018-05-22 06:00,0.87241,0.0,0.08195,0.3373,0.45316,0.0,0.0,0.0,0.0
2018-05-22 06:00:00,2018-05-22 07:00,0.53436,0.0,0.03712,0.003,0.49424,0.0,0.0,0.0,0.0
2018-05-22 07:00:00,2018-05-22 08:00,0.90798,0.0,0.10327,0.22466,0.58005,0.0,0.0,0.0,0.0
2018-05-22 08:00:00,2018-05-22 09:00,1.09781,0.0,0.10112,0.46356,0.53313,0.0,0.0,0.0,0.0
2018-05-22 09:00:00,2018-05-22 10:00,0.72897,0.0,0.12326,0.06836,0.53735,0.0,0.0,0.0,0.0
2018-05-22 10:00:00,2018-05-22 11:00,0.88513,0.0,0.13889,0.22089,0.52535,0.0,0.0,0.0,0.0
2018-05-22 11:00:00,2018-05-22 12:00,0.84405,0.0,0.16112,0.21651,0.46642,0.0,0.0,0.0,0.0
2018-05-22 12:00:00,2018-05-22 13:00,0.69491,0.0,0.21724,0.003,0.47467,0.0,0.0,0.0,0.0
2018-05-22 13:00:00,2018-05-22 14:00,0.77445,0.0,0.28936,0.003,0.48209,0.0,0.0,0.0,0.0
2018-05-22 14:00:00,2018-05-22 15:00,1.04384,0.0,0.38704,0.11353,0.54327,0.0,0.0,0.0,0.0
2018-05-22 15:00:00,2018-05-22 16:00,1.51978,0.0,0.55596,0.32452,0.6393,0.02622,0.0,0.0,0.02622
2018-05-22 16:00:00,2018-05-22 17:00,1.25978,0.0,0.59281,0.003,0.66397,0.0,0.0,0.0,0.0
2018-05-22 17:00:00,2018-05-22 18:00,2.10615,0.0,0.67006,0.45279,0.9833,0.0,0.0,0.0,0.0
2018-05-22 18:00:00,2018-05-22 19:00,3.6811,0.0,0.83124,0.08332,2.76654,0.0,0.0,0.0,0.0
2018-05-22 19:00:00,2018-05-22 20:00,1.69783,0.0,0.72096,0.003,0.97387,0.0,0.0,0.0,0.0
2018-05-22 20:00:00,2018-05-22 21:00,1.94094,0.0,0.69531,0.003,1.24263,0.0,0.0,0.0,0.0
2018-05-22 21:00:00,2018-05-22 22:00,2.19399,0.0,0.63039,0.32786,1.23574,0.0,0.0,0.0,0.0
2018-05-22 22:00:00,2018-05-22 23:00,1.27295,0.0,0.52896,0.003,0.74099,0.0,0.0,0.0,0.0
2018-05-22 23:00:00,2018-05-23 00:00,0.9472,0.0,0.44986,0.003,0.49434,0.0,0.0,0.0,0.0
2018-05-23 00:00:00,2018-05-23 01:00,0.83208,0.0,0.36061,0.003,0.46847,0.0,0.0,0.0,0.0
2018-05-23 01:00:00,2018-05-23 02:00,0.78689,0.0,0.31979,0.003,0.4641,0.0,0.0,0.0,0.0
2018-05-23 02:00:00,2018-05-23 03:00,0.74919,0.0,0.2881,0.003,0.45809,0.0,0.0,0.0,0.0
2018-05-23 03:00:00,2018-05-23 04:00,0.72202,0.0,0.26304,0.003,0.45598,0.0,0.0,0.0,0.0
2018-05-23 04:00:00,2018-05-23 05:00,0.68162,0.0,0.22874,0.003,0.44988,0.0,0.0,0.0,0.0
2018-05-23 05:00:00,2018-05-23 06:00,0.66089,0.0,0.19688,0.003,0.46101,0.0,0.0,0.0,0.0
2018-05-23 06:00:00,2018-05-23 07:00,1.2735,0.0,0.23855,0.45177,0.58318,0.02622,0.0,0.0,0.02622
2018-05-23 07:00:00,2018-05-23 08:00,1.19923,0.0,0.34245,0.27159,0.58519,0.05247,0.0,0.0,0.05247
2018-05-23 08:00:00,2018-05-23 09:00,0.80665,0.0,0.27053,0.003,0.53312,0.0,0.0,0.0,0.0
2018-05-23 09:00:00,2018-05-23 10:00,1.32837,0.0,0.35484,0.45785,0.51568,0.0,0.0,0.0,0.0
2018-05-23 10:00:00,2018-05-23 11:00,0.9134,0.0,0.37031,0.07399,0.4691,0.0,0.0,0.0,0.0
2018-05-23 11:00:00,2018-05-23 12:00,0.89398,0.0,0.42458,0.003,0.4664,0.0,0.0,0.0,0.0
2018-05-23 12:00:00,2018-05-23 13:00,0.98712,0.0,0.4872,0.003,0.49692,0.0,0.0,0.0,0.0
2018-05-23 13:00:00,2018-05-23 14:00,1.41197,0.0,0.53694,0.33384,0.54119,0.0,0.0,0.0,0.0
2018-05-23 14:00:00,2018-05-23 15:00,1.37456,0.0,0.5707,0.30158,0.50228,0.0,0.0,0.0,0.0
2018-05-23 15:00:00,2018-05-23 16:00,1.34461,0.0,0.77793,0.003,0.56368,0.02622,0.0,0.0,0.02622
2018-05-23 16:00:00,2018-05-23 17:00,1.48667,0.0,0.88211,0.003,0.60156,0.02622,0.0,0.0,0.02622
2018-05-23 17:00:00,2018-05-23 18:00,1.64666,0.0,0.94802,0.003,0.69564,0.0,0.0,0.0,0.0
2018-05-23 18:00:00,2018-05-23 19:00,2.39394,0.0,1.08697,0.39445,0.91252,0.0,0.0,0.0,0.0
2018-05-23 19:00:00,2018-05-23 20:00,1.95059,0.0,0.96891,0.003,0.97868,0.0,0.0,0.0,0.0
2018-05-23 20:00:00,2018-05-23 21:00,2.02059,0.0,0.95526,0.003,1.06233,0.01124,0.0,0.0,0.01124
2018-05-23 21:00:00,2018-05-23 22:00,2.01884,0.0,0.93962,0.003,1.07622,0.01498,0.0,0.0,0.01498
2018-05-23 22:00:00,2018-05-23 23:00,1.52797,0.0,0.78885,0.003,0.73612,0.0,0.0,0.0,0.0
2018-05-23 23:00:00,2018-05-24 00:00,1.16592,0.0,0.68872,0.003,0.4742,0.0,0.0,0.0,0.0
2018-05-24 00:00:00,2018-05-24 01:00,1.10611,0.0,0.63465,0.003,0.46846,0.0,0.0,0.0,0.0
2018-05-24 01:00:00,2018-05-24 02:00,1.04472,0.0,0.57763,0.003,0.46409,0.0,0.0,0.0,0.0
2018-05-24 02:00:00,2018-05-24 03:00,0.97719,0.0,0.51611,0.003,0.45808,0.0,0.0,0.0,0.0
2018-05-24 03:00:00,2018-05-24 04:00,0.92865,0.0,0.46967,0.003,0.45598,0.0,0.0,0.0,0.0
2018-05-24 04:00:00,2018-05-24 05:00,1.0287,0.0,0.45758,0.11787,0.45325,0.0,0.0,0.0,0.0
2018-05-24 05:00:00,2018-05-24 06:00,1.37607,0.0,0.43985,0.46917,0.46705,0.0,0.0,0.0,0.0
2018-05-24 06:00:00,2018-05-24 07:00,1.02431,0.0,0.45421,0.003,0.5671,0.0,0.0,0.0,0.0
2018-05-24 07:00:00,2018-05-24 08:00,1.42526,0.0,0.47287,0.39983,0.55256,0.0,0.0,0.0,0.0
2018-05-24 08:00:00,2018-05-24 09:00,1.23657,0.0,0.54524,0.11312,0.57821,0.0,0.0,0.0,0.0
2018-05-24 09:00:00,2018-05-24 10:00,1.72883,0.0,0.67618,0.45348,0.59917,0.0,0.0,0.0,0.0
2018-05-24 10:00:00,2018-05-24 11:00,1.62476,0.0,0.91819,0.09196,0.61461,0.0,0.0,0.0,0.0
2018-05-24 11:00:00,2018-05-24 12:00,2.74599,0.0,1.14492,0.003,1.59807,0.0,0.0,0.0,0.0
2018-05-24 12:00:00,2018-05-24 13:00,1.72078,0.0,1.24311,0.003,0.47467,0.0,0.0,0.0,0.0
2018-05-24 13:00:00,2018-05-24 14:00,1.75226,0.0,1.27359,0.003,0.47567,0.0,0.0,0.0,0.0
2018-05-24 14:00:00,2018-05-24 15:00,1.7672,0.0,1.28853,0.003,0.47567,0.0,0.0,0.0,0.0
2018-05-24 15:00:00,2018-05-24 16:00,1.94672,0.0,1.2942,0.11466,0.53786,0.0,0.0,0.0,0.0
2018-05-24 16:00:00,2018-05-24 17:00,2.22728,0.0,1.29432,0.35714,0.57582,0.0,0.0,0.0,0.0
2018-05-24 17:00:00,2018-05-24 18:00,2.08113,0.0,1.27568,0.003,0.80245,0.06745,0.0,0.0,0.06745
2018-05-24 18:00:00,2018-05-24 19:00,2.18682,0.0,1.23759,0.003,0.94623,0.01312,0.0,0.0,0.01312
2018-05-24 19:00:00,2018-05-24 20:00,2.12779,0.0,1.1261,0.003,0.99869,0.0,0.0,0.0,0.0
2018-05-24 20:00:00,2018-05-24 21:00,2.22763,0.0,1.04877,0.003,1.17586,0.0,0.0,0.0,0.0
2018-05-24 21:00:00,2018-05-24 22:00,1.88332,0.0,0.9896,0.003,0.89072,0.0,0.0,0.0,0.0
2018-05-24 22:00:00,2018-05-24 23:00,1.43362,0.0,0.82296,0.003,0.60766,0.0,0.0,0.0,0.0
2018-05-24 23:00:00,2018-05-25 00:00,1.26137,0.0,0.73679,0.003,0.52158,0.0,0.0,0.0,0.0
2018-05-25 00:00:00,2018-05-25 01:00,1.37445,0.0,0.66423,0.23398,0.47624,0.0,0.0,0.0,0.0
2018-05-25 01:00:00,2018-05-25 02:00,1.1065,0.0,0.58672,0.05567,0.46411,0.0,0.0,0.0,0.0
2018-05-25 02:00:00,2018-05-25 03:00,1.02398,0.0,0.56289,0.003,0.45809,0.0,0.0,0.0,0.0
2018-05-25 03:00:00,2018-05-25 04:00,0.9725,0.0,0.51351,0.003,0.45599,0.0,0.0,0.0,0.0
2018-05-25 04:00:00,2018-05-25 05:00,0.93944,0.0,0.48319,0.003,0.45325,0.0,0.0,0.0,0.0
2018-05-25 05:00:00,2018-05-25 06:00,1.15131,0.0,0.44271,0.23006,0.47854,0.0,0.0,0.0,0.0
2018-05-25 06:00:00,2018-05-25 07:00,1.72339,0.0,0.58928,0.19492,0.93919,0.06745,0.0,0.0,0.06745
2018-05-25 07:00:00,2018-05-25 08:00,3.40567,0.0,0.57128,0.11345,2.72094,0.01312,0.0,0.0,0.01312
2018-05-25 08:00:00,2018-05-25 09:00,2.27236,0.0,0.5786,0.32936,1.3644,0.0,0.0,0.0,0.0
2018-05-25 09:00:00,2018-05-25 10:00,1.30481,0.0,0.61493,0.11234,0.57754,0.0,0.0,0.0,0.0
2018-05-25 10:00:00,2018-05-25 11:00,1.6285,0.0,0.70422,0.39269,0.53159,0.0,0.0,0.0,0.0
2018-05-25 11:00:00,2018-05-25 12:00,1.33984,0.0,0.80745,0.003,0.52939,0.0,0.0,0.0,0.0
2018-05-25 12:00:00,2018-05-25 13:00,1.43149,0.0,0.89722,0.003,0.53127,0.0,0.0,0.0,0.0
2018-05-25 13:00:00,2018-05-25 14:00,1.51541,0.0,0.99755,0.003,0.51486,0.0,0.0,0.0,0.0
2018-05-25 14:00:00,2018-05-25 15:00,1.89286,0.0,1.12237,0.22721,0.54328,0.0,0.0,0.0,0.0
2018-05-25 15:00:00,2018-05-25 16:00,1.9591,0.0,1.24459,0.18442,0.53009,0.0,0.0,0.0,0.0
2018-05-25 16:00:00,2018-05-25 17:00,1.87207,0.0,1.26161,0.003,0.60746,0.0,0.0,0.0,0.0
2018-05-25 17:00:00,2018-05-25 18:00,1.88999,0.0,1.14944,0.003,0.73755,0.02622,0.0,0.0,0.02622
2018-05-25 18:00:00,2018-05-25 19:00,2.0226,0.0,1.09084,0.003,0.92876,0.0,0.0,0.0,0.0
2018-05-25 19:00:00,2018-05-25 20:00,2.23296,0.0,1.0699,0.003,1.16006,0.0,0.0,0.0,0.0
2018-05-25 20:00:00,2018-05-25 21:00,2.29759,0.0,0.96189,0.22746,1.10824,0.0,0.0,0.0,0.0
2018-05-25 21:00:00,2018-05-25 22:00,2.06992,0.0,0.86145,0.20849,0.99998,0.0,0.0,0.0,0.0
2018-05-25 22:00:00,2018-05-25 23:00,1.43491,0.0,0.74164,0.003,0.69027,0.0,0.0,0.0,0.0
2018-05-25 23:00:00,2018-05-26 00:00,1.18905,0.0,0.66414,0.003,0.52191,0.0,0.0,0.0,0.0
2018-05-26 00:00:00,2018-05-26 01:00,1.07401,0.0,0.59813,0.003,0.47288,0.0,0.0,0.0,0.0
2018-05-26 01:00:00,2018-05-26 02:00,1.01189,0.0,0.54353,0.003,0.46536,0.0,0.0,0.0,0.0
2018-05-26 02:00:00,2018-05-26 03:00,0.95405,0.0,0.49171,0.003,0.45934,0.0,0.0,0.0,0.0
2018-05-26 03:00:00,2018-05-26 04:00,0.90851,0.0,0.44798,0.003,0.45753,0.0,0.0,0.0,0.0
2018-05-26 04:00:00,2018-05-26 05:00,1.10588,0.0,0.42197,0.23051,0.4534,0.0,0.0,0.0,0.0
2018-05-26 05:00:00,2018-05-26 06:00,0.96209,0.0,0.40017,0.11109,0.45083,0.0,0.0,0.0,0.0
2018-05-26 06:00:00,2018-05-26 07:00,0.8847,0.0,0.3917,0.003,0.49,0.0,0.0,0.0,0.0
2018-05-26 07:00:00,2018-05-26 08:00,0.91657,0.0,0.43696,0.003,0.47661,0.0,0.0,0.0,0.0
2018-05-26 08:00:00,2018-05-26 09:00,1.09447,0.0,0.53165,0.003,0.55982,0.01124,0.0,0.0,0.01124
2018-05-26 09:00:00,2018-05-26 10:00,1.76291,0.0,0.67223,0.45318,0.6375,0.01498,0.0,0.0,0.01498
2018-05-26 10:00:00,2018-05-26 11:00,1.40109,0.0,0.77372,0.003,0.62437,0.0,0.0,0.0,0.0
2018-05-26 11:00:00,2018-05-26 12:00,1.70467,0.0,1.02292,0.003,0.67875,0.02622,0.0,0.0,0.02622
2018-05-26 12:00:00,2018-05-26 13:00,1.97869,0.0,1.14638,0.11456,0.71775,0.0,0.0,0.0,0.0
2018-05-26 13:00:00,2018-05-26 14:00,2.30951,0.0,1.28322,0.28658,0.73971,0.0,0.0,0.0,0.0
2018-05-26 14:00:00,2018-05-26 15:00,2.14908,0.0,1.32799,0.003,0.81809,0.0,0.0,0.0,0.0
2018-05-26 15:00:00,2018-05-26 16:00,2.46649,0.0,1.32935,0.33551,0.80163,0.0,0.0,0.0,0.0
2018-05-26 16:00:00,2018-05-26 17:00,2.3542,0.0,1.32284,0.2306,0.80076,0.0,0.0,0.0,0.0
2018-05-26 17:00:00,2018-05-26 18:00,2.10621,0.0,1.32293,0.11368,0.6696,0.0,0.0,0.0,0.0
2018-05-26 18:00:00,2018-05-26 19:00,2.60932,0.0,1.32307,0.45744,0.82881,0.0,0.0,0.0,0.0
2018-05-26 19:00:00,2018-05-26 20:00,2.37443,0.0,1.30295,0.21236,0.85912,0.0,0.0,0.0,0.0
2018-05-26 20:00:00,2018-05-26 21:00,2.47571,0.0,1.22303,0.27816,0.97452,0.0,0.0,0.0,0.0
2018-05-26 21:00:00,2018-05-26 22:00,2.22355,0.0,1.15787,0.003,1.06268,0.0,0.0,0.0,0.0
2018-05-26 22:00:00,2018-05-26 23:00,1.78704,0.0,1.116,0.003,0.66804,0.0,0.0,0.0,0.0
2018-05-26 23:00:00,2018-05-27 00:00,1.59574,0.0,1.06801,0.003,0.52473,0.0,0.0,0.0,0.0
2018-05-27 00:00:00,2018-05-27 01:00,1.87401,0.0,0.93801,0.45465,0.48135,0.0,0.0,0.0,0.0
2018-05-27 01:00:00,2018-05-27 02:00,1.28639,0.0,0.79335,0.02631,0.46673,0.0,0.0,0.0,0.0
2018-05-27 02:00:00,2018-05-27 03:00,1.14807,0.0,0.68574,0.003,0.45933,0.0,0.0,0.0,0.0
2018-05-27 03:00:00,2018-05-27 04:00,1.08162,0.0,0.62136,0.003,0.45726,0.0,0.0,0.0,0.0
2018-05-27 04:00:00,2018-05-27 05:00,1.02792,0.0,0.57377,0.003,0.45115,0.0,0.0,0.0,0.0
2018-05-27 05:00:00,2018-05-27 06:00,0.98434,0.0,0.53051,0.003,0.45083,0.0,0.0,0.0,0.0
2018-05-27 06:00:00,2018-05-27 07:00,1.04092,0.0,0.5174,0.003,0.52052,0.0,0.0,0.0,0.0
2018-05-27 07:00:00,2018-05-27 08:00,1.14981,0.0,0.56293,0.003,0.58388,0.0,0.0,0.0,0.0
2018-05-27 08:00:00,2018-05-27 09:00,1.6512,0.0,0.67288,0.3293,0.64902,0.0,0.0,0.0,0.0
2018-05-27 09:00:00,2018-05-27 10:00,1.50105,0.0,0.82843,0.003,0.66962,0.0,0.0,0.0,0.0
2018-05-27 10:00:00,2018-05-27 11:00,1.72107,0.0,0.9753,0.11358,0.63219,0.0,0.0,0.0,0.0
2018-05-27 11:00:00,2018-05-27 12:00,2.25806,0.0,1.08742,0.44763,0.72301,0.0,0.0,0.0,0.0
2018-05-27 12:00:00,2018-05-27 13:00,1.89949,0.0,1.15875,0.003,0.73774,0.0,0.0,0.0,0.0
2018-05-27 13:00:00,2018-05-27 14:00,1.92912,0.0,1.22976,0.003,0.69636,0.0,0.0,0.0,0.0
2018-05-27 14:00:00,2018-05-27 15:00,2.47519,0.0,1.2384,0.4425,0.79429,0.0,0.0,0.0,0.0
2018-05-27 15:00:00,2018-05-27 16:00,2.06926,0.0,1.23926,0.003,0.827,0.0,0.0,0.0,0.0
2018-05-27 16:00:00,2018-05-27 17:00,2.09626,0.0,1.26883,0.003,0.82443,0.0,0.0,0.0,0.0
2018-05-27 17:00:00,2018-05-27 18:00,2.55248,0.0,1.28718,0.39687,0.86843,0.0,0.0,0.0,0.0
2018-05-27 18:00:00,2018-05-27 19:00,2.12332,0.0,1.2881,0.003,0.83222,0.0,0.0,0.0,0.0
2018-05-27 19:00:00,2018-05-27 20:00,1.96892,0.0,1.26002,0.003,0.7059,0.0,0.0,0.0,0.0
2018-05-27 20:00:00,2018-05-27 21:00,2.24112,0.0,1.22238,0.11385,0.90489,0.0,0.0,0.0,0.0
2018-05-27 21:00:00,2018-05-27 22:00,2.29204,0.0,1.19208,0.21562,0.88434,0.0,0.0,0.0,0.0
2018-05-27 22:00:00,2018-05-27 23:00,2.02208,0.0,1.18027,0.003,0.83881,0.0,0.0,0.0,0.0
2018-05-27 23:00:00,2018-05-28 00:00,1.70112,0.0,1.17877,0.003,0.51935,0.0,0.0,0.0,0.0
2018-05-28 00:00:00,2018-05-28 01:00,1.64148,0.0,1.16898,0.003,0.4695,0.0,0.0,0.0,0.0
2018-05-28 01:00:00,2018-05-28 02:00,1.55442,0.0,1.07944,0.003,0.47198,0.0,0.0,0.0,0.0
2018-05-28 02:00:00,2018-05-28 03:00,1.45399,0.0,0.99174,0.003,0.45925,0.0,0.0,0.0,0.0
2018-05-28 03:00:00,2018-05-28 04:00,1.35857,0.0,0.89926,0.003,0.45631,0.0,0.0,0.0,0.0
2018-05-28 04:00:00,2018-05-28 05:00,1.37369,0.0,0.80406,0.11477,0.45486,0.0,0.0,0.0,0.0
2018-05-28 05:00:00,2018-05-28 06:00,1.4075,0.0,0.71391,0.2341,0.45949,0.0,0.0,0.0,0.0
2018-05-28 06:00:00,2018-05-28 07:00,1.38913,0.0,0.80025,0.003,0.58588,0.03935,0.0,0.0,0.03935
2018-05-28 07:00:00,2018-05-28 08:00,1.7603,0.0,0.82733,0.33964,0.59333,0.01312,0.0,0.0,0.01312
2018-05-28 08:00:00,2018-05-28 09:00,1.49709,0.0,0.85817,0.09066,0.54826,0.0,0.0,0.0,0.0
2018-05-28 09:00:00,2018-05-28 10:00,1.62831,0.0,0.95412,0.1121,0.56209,0.0,0.0,0.0,0.0
2018-05-28 10:00:00,2018-05-28 11:00,1.93329,0.0,1.06955,0.38526,0.47848,0.0,0.0,0.0,0.0
2018-05-28 11:00:00,2018-05-28 12:00,1.69463,0.0,1.22522,0.003,0.46641,0.0,0.0,0.0,0.0
2018-05-28 12:00:00,2018-05-28 13:00,1.79642,0.0,1.31869,0.003,0.47473,0.0,0.0,0.0,0.0
2018-05-28 13:00:00,2018-05-28 14:00,1.86084,0.0,1.38197,0.003,0.47587,0.0,0.0,0.0,0.0
2018-05-28 14:00:00,2018-05-28 15:00,1.97221,0.0,1.44263,0.003,0.52658,0.02622,0.0,0.0,0.02622
2018-05-28 15:00:00,2018-05-28 16:00,2.04959,0.0,1.46516,0.003,0.58143,0.0,0.0,0.0,0.0
2018-05-28 16:00:00,2018-05-28 17:00,2.55128,0.0,1.26973,0.22757,1.05398,0.0,0.0,0.0,0.0
2018-05-28 17:00:00,2018-05-28 18:00,3.11393,0.0,1.13775,0.4277,1.54848,0.0,0.0,0.0,0.0
2018-05-28 18:00:00,2018-05-28 19:00,1.92248,0.0,1.11615,0.003,0.80333,0.0,0.0,0.0,0.0
2018-05-28 19:00:00,2018-05-28 20:00,2.1349,0.0,1.10767,0.11274,0.91449,0.0,0.0,0.0,0.0
2018-05-28 20:00:00,2018-05-28 21:00,2.83361,0.0,1.09577,0.46594,1.2719,0.0,0.0,0.0,0.0
2018-05-28 21:00:00,2018-05-28 22:00,2.43186,0.0,1.09847,0.08426,1.24913,0.0,0.0,0.0,0.0
2018-05-28 22:00:00,2018-05-28 23:00,1.93362,0.0,1.1014,0.003,0.82922,0.0,0.0,0.0,0.0
2018-05-28 23:00:00,2018-05-29 00:00,1.51659,0.0,0.96083,0.003,0.55276,0.0,0.0,0.0,0.0
2018-05-29 00:00:00,2018-05-29 01:00,1.31268,0.0,0.84044,0.003,0.46924,0.0,0.0,0.0,0.0
2018-05-29 01:00:00,2018-05-29 02:00,1.27708,0.0,0.80875,0.003,0.46533,0.0,0.0,0.0,0.0
2018-05-29 02:00:00,2018-05-29 03:00,1.24396,0.0,0.78287,0.003,0.45809,0.0,0.0,0.0,0.0
2018-05-29 03:00:00,2018-05-29 04:00,1.21473,0.0,0.75573,0.003,0.456,0.0,0.0,0.0,0.0
2018-05-29 04:00:00,2018-05-29 05:00,1.15803,0.0,0.70518,0.003,0.44985,0.0,0.0,0.0,0.0
2018-05-29 05:00:00,2018-05-29 06:00,1.27316,0.0,0.68548,0.11511,0.47257,0.01124,0.0,0.0,0.01124
2018-05-29 06:00:00,2018-05-29 07:00,1.65201,0.0,0.73527,0.31824,0.5985,0.01498,0.0,0.0,0.01498
2018-05-29 07:00:00,2018-05-29 08:00,1.37867,0.0,0.69997,0.1122,0.5665,0.0,0.0,0.0,0.0
2018-05-29 08:00:00,2018-05-29 09:00,1.81903,0.0,0.77598,0.44989,0.59316,0.0,0.0,0.0,0.0
2018-05-29 09:00:00,2018-05-29 10:00,1.92764,0.0,0.88858,0.46152,0.57754,0.0,0.0,0.0,0.0
2018-05-29 10:00:00,2018-05-29 11:00,1.56543,0.0,1.03083,0.003,0.5316,0.0,0.0,0.0,0.0
2018-05-29 11:00:00,2018-05-29 12:00,1.95147,0.0,1.20384,0.22459,0.52304,0.0,0.0,0.0,0.0
2018-05-29 12:00:00,2018-05-29 13:00,1.95375,0.0,1.31495,0.16411,0.47469,0.0,0.0,0.0,0.0
2018-05-29 13:00:00,2018-05-29 14:00,1.82868,0.0,1.34989,0.003,0.47579,0.0,0.0,0.0,0.0
2018-05-29 14:00:00,2018-05-29 15:00,1.8472,0.0,1.36785,0.003,0.47635,0.0,0.0,0.0,0.0
2018-05-29 15:00:00,2018-05-29 16:00,1.82207,0.0,1.31744,0.003,0.50163,0.0,0.0,0.0,0.0
2018-05-29 16:00:00,2018-05-29 17:00,2.10421,0.0,1.24286,0.23064,0.63071,0.0,0.0,0.0,0.0
2018-05-29 17:00:00,2018-05-29 18:00,2.13461,0.0,1.1256,0.28233,0.72668,0.03935,0.0,0.0,0.03935
2018-05-29 18:00:00,2018-05-29 19:00,2.03606,0.0,1.05118,0.003,0.98188,0.06745,0.0,0.0,0.06745
2018-05-29 19:00:00,2018-05-29 20:00,2.41657,0.0,1.03213,0.34355,1.04089,0.0,0.0,0.0,0.0
2018-05-29 20:00:00,2018-05-29 21:00,3.23758,0.0,1.02322,0.05991,2.15445,0.0,0.0,0.0,0.0
2018-05-29 21:00:00,2018-05-29 22:00,3.4321,0.0,1.01665,0.003,2.41245,0.0,0.0,0.0,0.0
2018-05-29 22:00:00,2018-05-29 23:00,1.64171,0.0,0.97993,0.003,0.65878,0.0,0.0,0.0,0.0
2018-05-29 23:00:00,2018-05-30 00:00,1.35332,0.0,0.82872,0.003,0.5216,0.0,0.0,0.0,0.0
2018-05-30 00:00:00,2018-05-30 01:00,1.23953,0.0,0.74964,0.003,0.48689,0.0,0.0,0.0,0.0
2018-05-30 01:00:00,2018-05-30 02:00,1.49791,0.0,0.68348,0.3449,0.46953,0.0,0.0,0.0,0.0
2018-05-30 02:00:00,2018-05-30 03:00,1.14238,0.0,0.63297,0.05132,0.45809,0.0,0.0,0.0,0.0
2018-05-30 03:00:00,2018-05-30 04:00,1.05836,0.0,0.59937,0.003,0.45599,0.0,0.0,0.0,0.0
2018-05-30 04:00:00,2018-05-30 05:00,1.02548,0.0,0.57118,0.003,0.4513,0.0,0.0,0.0,0.0
2018-05-30 05:00:00,2018-05-30 06:00,1.01626,0.0,0.54217,0.003,0.47109,0.0,0.0,0.0,0.0
2018-05-30 06:00:00,2018-05-30 07:00,1.57149,0.0,0.53522,0.45194,0.58433,0.0,0.0,0.0,0.0
2018-05-30 07:00:00,2018-05-30 08:00,1.65299,0.0,0.54521,0.46308,0.6447,0.0,0.0,0.0,0.0
2018-05-30 08:00:00,2018-05-30 09:00,1.11567,0.0,0.53165,0.003,0.58102,0.0,0.0,0.0,0.0
2018-05-30 09:00:00,2018-05-30 10:00,0.98713,0.0,0.49925,0.003,0.48488,0.0,0.0,0.0,0.0
2018-05-30 10:00:00,2018-05-30 11:00,0.96497,0.0,0.49286,0.003,0.46911,0.0,0.0,0.0,0.0
2018-05-30 11:00:00,2018-05-30 12:00,0.9629,0.0,0.49349,0.003,0.46641,0.0,0.0,0.0,0.0
2018-05-30 12:00:00,2018-05-30 13:00,0.99184,0.0,0.50769,0.003,0.48115,0.0,0.0,0.0,0.0
2018-05-30 13:00:00,2018-05-30 14:00,1.09274,0.0,0.55528,0.003,0.53446,0.0,0.0,0.0,0.0
2018-05-30 14:00:00,2018-05-30 15:00,1.20074,0.0,0.6106,0.1147,0.47544,0.0,0.0,0.0,0.0
2018-05-30 15:00:00,2018-05-30 16:00,1.40602,0.0,0.68569,0.19255,0.52778,0.0,0.0,0.0,0.0
2018-05-30 16:00:00,2018-05-30 17:00,1.52315,0.0,0.77984,0.003,0.74031,0.01124,0.0,0.0,0.01124
2018-05-30 17:00:00,2018-05-30 18:00,1.4339,0.0,0.76872,0.003,0.66218,0.01498,0.0,0.0,0.01498
2018-05-30 18:00:00,2018-05-30 19:00,1.96204,0.0,0.77511,0.45616,0.73077,0.01124,0.0,0.0,0.01124
2018-05-30 19:00:00,2018-05-30 20:00,1.68967,0.0,0.77646,0.06277,0.85044,0.01498,0.0,0.0,0.01498
2018-05-30 20:00:00,2018-05-30 21:00,1.87284,0.0,0.75186,0.003,1.11798,0.0,0.0,0.0,0.0
2018-05-30 21:00:00,2018-05-30 22:00,2.37143,0.0,0.73446,0.40123,1.23574,0.0,0.0,0.0,0.0
2018-05-30 22:00:00,2018-05-30 23:00,1.41851,0.0,0.64774,0.003,0.76777,0.0,0.0,0.0,0.0
2018-05-30 23:00:00,2018-05-31 00:00,1.04122,0.0,0.56403,0.003,0.47419,0.0,0.0,0.0,0.0
2018-05-31 00:00:00,2018-05-31 01:00,0.9875,0.0,0.51603,0.003,0.46847,0.0,0.0,0.0,0.0
2018-05-31 01:00:00,2018-05-31 02:00,0.9499,0.0,0.48279,0.003,0.46411,0.0,0.0,0.0,0.0
2018-05-31 02:00:00,2018-05-31 03:00,0.91359,0.0,0.4525,0.003,0.45809,0.0,0.0,0.0,0.0
2018-05-31 03:00:00,2018-05-31 04:00,0.87713,0.0,0.41816,0.003,0.45597,0.0,0.0,0.0,0.0
2018-05-31 04:00:00,2018-05-31 05:00,0.84604,0.0,0.39315,0.003,0.44989,0.0,0.0,0.0,0.0
2018-05-31 05:00:00,2018-05-31 06:00,0.82892,0.0,0.37635,0.003,0.44957,0.0,0.0,0.0,0.0
2018-05-31 06:00:00,2018-05-31 07:00,1.25491,0.0,0.52329,0.11344,0.61818,0.06745,0.0,0.0,0.06745
2018-05-31 07:00:00,2018-05-31 08:00,1.67871,0.0,0.59382,0.45704,0.62785,0.06745,0.0,0.0,0.06745
2018-05-31 08:00:00,2018-05-31 09:00,1.13213,0.0,0.45539,0.13744,0.5393,0.0,0.0,0.0,0.0
2018-05-31 09:00:00,2018-05-31 10:00,1.06362,0.0,0.49225,0.003,0.56837,0.0,0.0,0.0,0.0
2018-05-31 10:00:00,2018-05-31 11:00,1.40122,0.0,0.58932,0.22386,0.58804,0.0,0.0,0.0,0.0
2018-05-31 11:00:00,2018-05-31 12:00,1.45429,0.0,0.70008,0.22484,0.52937,0.0,0.0,0.0,0.0
2018-05-31 12:00:00,2018-05-31 13:00,1.27862,0.0,0.79153,0.003,0.48409,0.0,0.0,0.0,0.0
2018-05-31 13:00:00,2018-05-31 14:00,1.33604,0.0,0.85756,0.003,0.47548,0.0,0.0,0.0,0.0
2018-05-31 14:00:00,2018-05-31 15:00,1.4602,0.0,0.94087,0.003,0.51633,0.0,0.0,0.0,0.0
2018-05-31 15:00:00,2018-05-31 16:00,1.71644,0.0,1.11894,0.003,0.5945,0.0,0.0,0.0,0.0
2018-05-31 16:00:00,2018-05-31 17:00,2.09357,0.0,1.209,0.23086,0.65371,0.0,0.0,0.0,0.0
2018-05-31 17:00:00,2018-05-31 18:00,2.01181,0.0,1.20928,0.10683,0.6957,0.0,0.0,0.0,0.0
2018-05-31 18:00:00,2018-05-31 19:00,1.99675,0.0,1.19154,0.003,0.80221,0.0,0.0,0.0,0.0
2018-05-31 19:00:00,2018-05-31 20:00,2.32456,0.0,1.16346,0.2267,0.9344,0.0,0.0,0.0,0.0
2018-05-31 20:00:00,2018-05-31 21:00,3.85963,0.0,1.12894,0.15846,2.57223,0.0,0.0,0.0,0.0
2018-05-31 21:00:00,2018-05-31 22:00,4.04996,0.0,1.08383,0.003,2.96313,0.0,0.0,0.0,0.0
2018-05-31 22:00:00,2018-05-31 23:00,1.7611,0.0,0.97002,0.11339,0.67769,0.0,0.0,0.0,0.0
2018-05-31 23:00:00,2018-06-01 00:00,1.60336,0.0,0.8108,0.27195,0.52061,0.0,0.0,0.0,0.0
2018-06-01 00:00:00,2018-06-01 01:00,1.1907,0.0,0.70976,0.003,0.47794,0.0,0.0,0.0,0.0
2018-06-01 01:00:00,2018-06-01 02:00,1.10322,0.0,0.63737,0.003,0.46285,0.0,0.0,0.0,0.0
2018-06-01 02:00:00,2018-06-01 03:00,1.03458,0.0,0.57708,0.003,0.4545,0.0,0.0,0.0,0.0
2018-06-01 03:00:00,2018-06-01 04:00,0.97993,0.0,0.51972,0.003,0.45721,0.0,0.0,0.0,0.0
2018-06-01 04:00:00,2018-06-01 05:00,1.02826,0.0,0.46138,0.11499,0.45189,0.0,0.0,0.0,0.0
2018-06-01 05:00:00,2018-06-01 06:00,1.45072,0.0,0.59825,0.33868,0.51379,0.05247,0.0,0.0,0.05247
2018-06-01 06:00:00,2018-06-01 07:00,1.01009,0.0,0.48228,0.003,0.52481,0.0,0.0,0.0,0.0
2018-06-01 07:00:00,2018-06-01 08:00,1.48925,0.0,0.47963,0.44225,0.56737,0.0,0.0,0.0,0.0
2018-06-01 08:00:00,2018-06-01 09:00,1.42806,0.0,0.47326,0.38655,0.56825,0.0,0.0,0.0,0.0
2018-06-01 09:00:00,2018-06-01 10:00,1.00042,0.0,0.46501,0.003,0.53241,0.0,0.0,0.0,0.0
2018-06-01 10:00:00,2018-06-01 11:00,1.15387,0.0,0.52077,0.11345,0.51965,0.0,0.0,0.0,0.0
2018-06-01 11:00:00,2018-06-01 12:00,1.43605,0.0,0.59977,0.33621,0.50007,0.0,0.0,0.0,0.0
2018-06-01 12:00:00,2018-06-01 13:00,1.27997,0.0,0.75701,0.003,0.51996,0.02622,0.0,0.0,0.02622
2018-06-01 13:00:00,2018-06-01 14:00,1.36917,0.0,0.83665,0.003,0.52952,0.0,0.0,0.0,0.0
2018-06-01 14:00:00,2018-06-01 15:00,1.46654,0.0,0.92594,0.003,0.5376,0.0,0.0,0.0,0.0
2018-06-01 15:00:00,2018-06-01 16:00,1.87915,0.0,1.04376,0.22624,0.60915,0.01124,0.0,0.0,0.01124
2018-06-01 16:00:00,2018-06-01 17:00,2.1,0.0,1.13227,0.30767,0.66006,0.01498,0.0,0.0,0.01498
2018-06-01 17:00:00,2018-06-01 18:00,1.76081,0.0,1.11729,0.003,0.64052,0.0,0.0,0.0,0.0
2018-06-01 18:00:00,2018-06-01 19:00,1.87169,0.0,1.11397,0.003,0.75472,0.0,0.0,0.0,0.0
2018-06-01 19:00:00,2018-06-01 20:00,2.30887,0.0,1.06382,0.38883,0.85622,0.0,0.0,0.0,0.0
2018-06-01 20:00:00,2018-06-01 21:00,2.09776,0.0,1.02441,0.003,1.07035,0.0,0.0,0.0,0.0
2018-06-01 21:00:00,2018-06-01 22:00,1.96498,0.0,0.9528,0.003,1.00918,0.0,0.0,0.0,0.0
2018-06-01 22:00:00,2018-06-01 23:00,1.61106,0.0,0.86386,0.003,0.7442,0.0,0.0,0.0,0.0
2018-06-01 23:00:00,2018-06-02 00:00,1.25191,0.0,0.75693,0.003,0.49198,0.0,0.0,0.0,0.0
2018-06-02 00:00:00,2018-06-02 01:00,1.13175,0.0,0.6577,0.003,0.47105,0.0,0.0,0.0,0.0
2018-06-02 01:00:00,2018-06-02 02:00,1.27655,0.0,0.57892,0.23097,0.46666,0.0,0.0,0.0,0.0
2018-06-02 02:00:00,2018-06-02 03:00,1.05923,0.0,0.51839,0.08023,0.46061,0.0,0.0,0.0,0.0
2018-06-02 03:00:00,2018-06-02 04:00,0.94639,0.0,0.48491,0.003,0.45848,0.0,0.0,0.0,0.0
2018-06-02 04:00:00,2018-06-02 05:00,0.92663,0.0,0.4713,0.003,0.45233,0.0,0.0,0.0,0.0
2018-06-02 05:00:00,2018-06-02 06:00,0.86819,0.0,0.41319,0.003,0.452,0.0,0.0,0.0,0.0
2018-06-02 06:00:00,2018-06-02 07:00,0.82587,0.0,0.33162,0.003,0.49125,0.0,0.0,0.0,0.0
2018-06-02 07:00:00,2018-06-02 08:00,0.88428,0.0,0.39329,0.003,0.48799,0.01124,0.0,0.0,0.01124
2018-06-02 08:00:00,2018-06-02 09:00,1.11846,0.0,0.5214,0.003,0.59406,0.05247,0.0,0.0,0.05247
2018-06-02 09:00:00,2018-06-02 10:00,1.1134,0.0,0.45308,0.003,0.65732,0.01498,0.0,0.0,0.01498
2018-06-02 10:00:00,2018-06-02 11:00,1.44908,0.0,0.39942,0.34787,0.70179,0.0,0.0,0.0,0.0
2018-06-02 11:00:00,2018-06-02 12:00,1.62528,0.0,0.39845,0.16572,1.06111,0.0,0.0,0.0,0.0
2018-06-02 12:00:00,2018-06-02 13:00,3.30693,0.0,0.40204,0.003,2.90189,0.0,0.0,0.0,0.0
2018-06-02 13:00:00,2018-06-02 14:00,1.33118,0.0,0.39786,0.003,0.93032,0.0,0.0,0.0,0.0
2018-06-02 14:00:00,2018-06-02 15:00,1.51397,0.0,0.39055,0.44803,0.67539,0.0,0.0,0.0,0.0
2018-06-02 15:00:00,2018-06-02 16:00,1.07731,0.0,0.40675,0.003,0.66756,0.0,0.0,0.0,0.0
2018-06-02 16:00:00,2018-06-02 17:00,1.34026,0.0,0.51876,0.003,0.8185,0.01124,0.0,0.0,0.01124
2018-06-02 17:00:00,2018-06-02 18:00,2.19793,0.0,0.60237,0.33506,1.2605,0.01498,0.0,0.0,0.01498
2018-06-02 18:00:00,2018-06-02 19:00,4.12999,0.0,0.59248,0.46022,3.07729,0.0,0.0,0.0,0.0
2018-06-02 19:00:00,2018-06-02 20:00,1.94467,0.0,0.58226,0.0581,1.30431,0.01124,0.0,0.0,0.01124
2018-06-02 20:00:00,2018-06-02 21:00,1.71885,0.0,0.57863,0.003,1.13722,0.01498,0.0,0.0,0.01498
2018-06-02 21:00:00,2018-06-02 22:00,1.38811,0.0,0.46375,0.003,0.92136,0.0,0.0,0.0,0.0
2018-06-02 22:00:00,2018-06-02 23:00,1.21291,0.0,0.38802,0.11474,0.71015,0.0,0.0,0.0,0.0
2018-06-02 23:00:00,2018-06-03 00:00,1.0247,0.0,0.31197,0.21806,0.49467,0.0,0.0,0.0,0.0
2018-06-03 00:00:00,2018-06-03 01:00,0.73478,0.0,0.26074,0.003,0.47104,0.0,0.0,0.0,0.0
2018-06-03 01:00:00,2018-06-03 02:00,0.69911,0.0,0.22944,0.003,0.46667,0.0,0.0,0.0,0.0
2018-06-03 02:00:00,2018-06-03 03:00,0.66553,0.0,0.20193,0.003,0.4606,0.0,0.0,0.0,0.0
2018-06-03 03:00:00,2018-06-03 04:00,0.64094,0.0,0.17946,0.003,0.45848,0.0,0.0,0.0,0.0
2018-06-03 04:00:00,2018-06-03 05:00,0.59585,0.0,0.14052,0.003,0.45233,0.0,0.0,0.0,0.0
2018-06-03 05:00:00,2018-06-03 06:00,0.57835,0.0,0.12335,0.003,0.452,0.0,0.0,0.0,0.0
2018-06-03 06:00:00,2018-06-03 07:00,0.59131,0.0,0.09708,0.003,0.49123,0.0,0.0,0.0,0.0
2018-06-03 07:00:00,2018-06-03 08:00,0.59112,0.0,0.11676,0.003,0.47136,0.0,0.0,0.0,0.0
2018-06-03 08:00:00,2018-06-03 09:00,0.60331,0.0,0.09204,0.003,0.50827,0.0,0.0,0.0,0.0
2018-06-03 09:00:00,2018-06-03 10:00,1.01348,0.0,0.09303,0.34646,0.57399,0.0,0.0,0.0,0.0
2018-06-03 10:00:00,2018-06-03 11:00,0.87038,0.0,0.10571,0.16515,0.59952,0.0,0.0,0.0,0.0
2018-06-03 11:00:00,2018-06-03 12:00,0.87779,0.0,0.20213,0.003,0.67266,0.02622,0.0,0.0,0.02622
2018-06-03 12:00:00,2018-06-03 13:00,1.19917,0.0,0.22222,0.22797,0.74898,0.0,0.0,0.0,0.0
2018-06-03 13:00:00,2018-06-03 14:00,1.29508,0.0,0.28203,0.23442,0.77863,0.0,0.0,0.0,0.0
2018-06-03 14:00:00,2018-06-03 15:00,1.17668,0.0,0.36615,0.003,0.80753,0.0,0.0,0.0,0.0
2018-06-03 15:00:00,2018-06-03 16:00,1.65481,0.0,0.43121,0.44896,0.77464,0.0,0.0,0.0,0.0
2018-06-03 16:00:00,2018-06-03 17:00,1.44759,0.0,0.48518,0.2763,0.68611,0.0,0.0,0.0,0.0
2018-06-03 17:00:00,2018-06-03 18:00,1.27354,0.0,0.53985,0.003,0.73069,0.0,0.0,0.0,0.0
2018-06-03 18:00:00,2018-06-03 19:00,1.51976,0.0,0.59238,0.003,0.92438,0.0,0.0,0.0,0.0
2018-06-03 19:00:00,2018-06-03 20:00,1.70547,0.0,0.60446,0.003,1.09801,0.0,0.0,0.0,0.0
2018-06-03 20:00:00,2018-06-03 21:00,1.81625,0.0,0.55608,0.22764,1.03253,0.0,0.0,0.0,0.0
2018-06-03 21:00:00,2018-06-03 22:00,1.42915,0.0,0.47788,0.10164,0.84963,0.0,0.0,0.0,0.0
2018-06-03 22:00:00,2018-06-03 23:00,1.1247,0.0,0.41154,0.003,0.71016,0.0,0.0,0.0,0.0
2018-06-03 23:00:00,2018-06-04 00:00,0.84149,0.0,0.32068,0.003,0.51781,0.0,0.0,0.0,0.0
2018-06-04 00:00:00,2018-06-04 01:00,0.70721,0.0,0.2307,0.003,0.47351,0.0,0.0,0.0,0.0
2018-06-04 01:00:00,2018-06-04 02:00,0.66101,0.0,0.19259,0.003,0.46542,0.0,0.0,0.0,0.0
2018-06-04 02:00:00,2018-06-04 03:00,0.62572,0.0,0.16336,0.003,0.45936,0.0,0.0,0.0,0.0
2018-06-04 03:00:00,2018-06-04 04:00,0.60018,0.0,0.13996,0.003,0.45722,0.0,0.0,0.0,0.0
2018-06-04 04:00:00,2018-06-04 05:00,0.54535,0.0,0.09124,0.003,0.45111,0.0,0.0,0.0,0.0
2018-06-04 05:00:00,2018-06-04 06:00,0.50781,0.0,0.05407,0.003,0.45074,0.0,0.0,0.0,0.0
2018-06-04 06:00:00,2018-06-04 07:00,0.54725,0.0,0.03445,0.003,0.5098,0.01124,0.0,0.0,0.01124
2018-06-04 07:00:00,2018-06-04 08:00,1.21585,0.0,0.17162,0.46789,0.57634,0.01498,0.0,0.0,0.01498
2018-06-04 08:00:00,2018-06-04 09:00,0.90468,0.0,0.28713,0.003,0.61455,0.03935,0.0,0.0,0.03935
2018-06-04 09:00:00,2018-06-04 10:00,1.2474,0.0,0.35228,0.33759,0.55753,0.01312,0.0,0.0,0.01312
2018-06-04 10:00:00,2018-06-04 11:00,1.23303,0.0,0.38883,0.32453,0.51967,0.0,0.0,0.0,0.0
2018-06-04 11:00:00,2018-06-04 12:00,0.98227,0.0,0.46181,0.003,0.51746,0.0,0.0,0.0,0.0
2018-06-04 12:00:00,2018-06-04 13:00,1.27784,0.0,0.5294,0.2224,0.52604,0.0,0.0,0.0,0.0
2018-06-04 13:00:00,2018-06-04 14:00,1.29922,0.0,0.60571,0.20332,0.49019,0.0,0.0,0.0,0.0
2018-06-04 14:00:00,2018-06-04 15:00,1.27284,0.0,0.74433,0.003,0.52551,0.0,0.0,0.0,0.0
2018-06-04 15:00:00,2018-06-04 16:00,1.39864,0.0,0.89868,0.003,0.49696,0.0,0.0,0.0,0.0
2018-06-04 16:00:00,2018-06-04 17:00,1.5725,0.0,0.98741,0.003,0.58209,0.01124,0.0,0.0,0.01124
2018-06-04 17:00:00,2018-06-04 18:00,2.34818,0.0,1.18894,0.40284,0.7564,0.04123,0.0,0.0,0.04123
2018-06-04 18:00:00,2018-06-04 19:00,2.01356,0.0,1.18374,0.003,0.82682,0.01124,0.0,0.0,0.01124
2018-06-04 19:00:00,2018-06-04 20:00,1.98694,0.0,1.11274,0.003,0.8712,0.01498,0.0,0.0,0.01498
2018-06-04 20:00:00,2018-06-04 21:00,2.34403,0.0,0.99443,0.34007,1.00953,0.0,0.0,0.0,0.0
2018-06-04 21:00:00,2018-06-04 22:00,2.80787,0.0,0.89592,0.06149,1.85046,0.0,0.0,0.0,0.0
2018-06-04 22:00:00,2018-06-04 23:00,3.69855,0.0,0.82692,0.003,2.86863,0.0,0.0,0.0,0.0
2018-06-04 23:00:00,2018-06-05 00:00,1.42119,0.0,0.68974,0.003,0.72845,0.0,0.0,0.0,0.0
2018-06-05 00:00:00,2018-06-05 01:00,1.12239,0.0,0.64146,0.003,0.47793,0.0,0.0,0.0,0.0
2018-06-05 01:00:00,2018-06-05 02:00,1.05786,0.0,0.59204,0.003,0.46282,0.0,0.0,0.0,0.0
2018-06-05 02:00:00,2018-06-05 03:00,1.30662,0.0,0.5194,0.33459,0.45263,0.0,0.0,0.0,0.0
2018-06-05 03:00:00,2018-06-05 04:00,1.10939,0.0,0.46636,0.18579,0.45724,0.0,0.0,0.0,0.0
2018-06-05 04:00:00,2018-06-05 05:00,0.86436,0.0,0.41488,0.003,0.44648,0.0,0.0,0.0,0.0
2018-06-05 05:00:00,2018-06-05 06:00,1.05171,0.0,0.36722,0.22716,0.45733,0.0,0.0,0.0,0.0
2018-06-05 06:00:00,2018-06-05 07:00,1.27883,0.0,0.32211,0.43609,0.52063,0.0,0.0,0.0,0.0
2018-06-05 07:00:00,2018-06-05 08:00,0.85372,0.0,0.33746,0.003,0.51326,0.0,0.0,0.0,0.0
2018-06-05 08:00:00,2018-06-05 09:00,0.83482,0.0,0.35051,0.003,0.48131,0.0,0.0,0.0,0.0
2018-06-05 09:00:00,2018-06-05 10:00,0.88411,0.0,0.3991,0.003,0.48201,0.0,0.0,0.0,0.0
2018-06-05 10:00:00,2018-06-05 11:00,0.99601,0.0,0.48665,0.003,0.50636,0.01124,0.0,0.0,0.01124
2018-06-05 11:00:00,2018-06-05 12:00,1.62242,0.0,0.63775,0.42595,0.55872,0.04123,0.0,0.0,0.04123
2018-06-05 12:00:00,2018-06-05 13:00,1.0969,0.0,0.5979,0.003,0.496,0.0,0.0,0.0,0.0
2018-06-05 13:00:00,2018-06-05 14:00,1.13262,0.0,0.65268,0.003,0.47694,0.0,0.0,0.0,0.0
2018-06-05 14:00:00,2018-06-05 15:00,1.20542,0.0,0.7255,0.003,0.47692,0.0,0.0,0.0,0.0
2018-06-05 15:00:00,2018-06-05 16:00,1.28807,0.0,0.81035,0.003,0.47472,0.0,0.0,0.0,0.0
2018-06-05 16:00:00,2018-06-05 17:00,1.34162,0.0,0.8505,0.003,0.48812,0.0,0.0,0.0,0.0
2018-06-05 17:00:00,2018-06-05 18:00,1.43485,0.0,0.91746,0.003,0.51439,0.0,0.0,0.0,0.0
2018-06-05 18:00:00,2018-06-05 19:00,1.72022,0.0,1.00635,0.003,0.71087,0.01124,0.0,0.0,0.01124
2018-06-05 19:00:00,2018-06-05 20:00,2.23342,0.0,0.9897,0.33689,0.90683,0.01498,0.0,0.0,0.01498
2018-06-05 20:00:00,2018-06-05 21:00,2.10325,0.0,0.92593,0.003,1.17432,0.0,0.0,0.0,0.0
2018-06-05 21:00:00,2018-06-05 22:00,2.09973,0.0,0.83468,0.003,1.26205,0.0,0.0,0.0,0.0
2018-06-05 22:00:00,2018-06-05 23:00,3.29328,0.0,0.75575,0.003,2.53453,0.0,0.0,0.0,0.0
2018-06-05 23:00:00,2018-06-06 00:00,1.90112,0.0,0.66294,0.003,1.23518,0.0,0.0,0.0,0.0
2018-06-06 00:00:00,2018-06-06 01:00,1.07043,0.0,0.59761,0.003,0.46982,0.0,0.0,0.0,0.0
2018-06-06 01:00:00,2018-06-06 02:00,0.99593,0.0,0.52751,0.003,0.46542,0.0,0.0,0.0,0.0
2018-06-06 02:00:00,2018-06-06 03:00,0.962,0.0,0.49964,0.003,0.45936,0.0,0.0,0.0,0.0
2018-06-06 03:00:00,2018-06-06 04:00,1.03951,0.0,0.46618,0.11676,0.45657,0.0,0.0,0.0,0.0
2018-06-06 04:00:00,2018-06-06 05:00,1.17746,0.0,0.41837,0.31363,0.44546,0.0,0.0,0.0,0.0
2018-06-06 05:00:00,2018-06-06 06:00,0.87411,0.0,0.41379,0.003,0.45732,0.0,0.0,0.0,0.0
2018-06-06 06:00:00,2018-06-06 07:00,1.09488,0.0,0.50287,0.003,0.58901,0.05247,0.0,0.0,0.05247
2018-06-06 07:00:00,2018-06-06 08:00,1.23482,0.0,0.40834,0.22647,0.60001,0.0,0.0,0.0,0.0
2018-06-06 08:00:00,2018-06-06 09:00,1.49659,0.0,0.42549,0.45601,0.61509,0.0,0.0,0.0,0.0
2018-06-06 09:00:00,2018-06-06 10:00,1.32748,0.0,0.43989,0.24332,0.64427,0.0,0.0,0.0,0.0
2018-06-06 10:00:00,2018-06-06 11:00,1.73354,0.0,0.49984,0.22474,1.00896,0.0,0.0,0.0,0.0
2018-06-06 11:00:00,2018-06-06 12:00,3.5471,0.0,0.6062,0.22608,2.71482,0.0,0.0,0.0,0.0
2018-06-06 12:00:00,2018-06-06 13:00,1.38091,0.0,0.63658,0.003,0.74133,0.0,0.0,0.0,0.0
2018-06-06 13:00:00,2018-06-06 14:00,1.45429,0.0,0.69915,0.22561,0.52953,0.0,0.0,0.0,0.0
2018-06-06 14:00:00,2018-06-06 15:00,2.40922,0.0,0.81542,0.25176,1.34204,0.0,0.0,0.0,0.0
2018-06-06 15:00:00,2018-06-06 16:00,3.66153,0.0,0.95434,0.003,2.70419,0.0,0.0,0.0,0.0
2018-06-06 16:00:00,2018-06-06 17:00,2.06679,0.0,0.95361,0.34446,0.76872,0.0,0.0,0.0,0.0
2018-06-06 17:00:00,2018-06-06 18:00,1.51359,0.0,0.97821,0.00995,0.52543,0.0,0.0,0.0,0.0
2018-06-06 18:00:00,2018-06-06 19:00,1.82326,0.0,1.04888,0.003,0.77138,0.0,0.0,0.0,0.0
2018-06-06 19:00:00,2018-06-06 20:00,1.79336,0.0,0.98708,0.003,0.80328,0.0,0.0,0.0,0.0
2018-06-06 20:00:00,2018-06-06 21:00,1.89454,0.0,0.95106,0.003,0.94048,0.0,0.0,0.0,0.0
2018-06-06 21:00:00,2018-06-06 22:00,2.04315,0.0,0.85779,0.34563,0.83973,0.0,0.0,0.0,0.0
2018-06-06 22:00:00,2018-06-06 23:00,1.50493,0.0,0.76405,0.07058,0.6703,0.0,0.0,0.0,0.0
2018-06-06 23:00:00,2018-06-07 00:00,1.13016,0.0,0.64549,0.003,0.48167,0.0,0.0,0.0,0.0
2018-06-07 00:00:00,2018-06-07 01:00,1.05619,0.0,0.58339,0.003,0.4698,0.0,0.0,0.0,0.0
2018-06-07 01:00:00,2018-06-07 02:00,0.97947,0.0,0.51106,0.003,0.46541,0.0,0.0,0.0,0.0
2018-06-07 02:00:00,2018-06-07 03:00,0.92244,0.0,0.46008,0.003,0.45936,0.0,0.0,0.0,0.0
2018-06-07 03:00:00,2018-06-07 04:00,0.8929,0.0,0.43266,0.003,0.45724,0.0,0.0,0.0,0.0
2018-06-07 04:00:00,2018-06-07 05:00,0.84335,0.0,0.38926,0.003,0.45109,0.0,0.0,0.0,0.0
2018-06-07 05:00:00,2018-06-07 06:00,1.02938,0.0,0.33905,0.22974,0.46059,0.0,0.0,0.0,0.0
2018-06-07 06:00:00,2018-06-07 07:00,1.33302,0.0,0.30454,0.45506,0.57342,0.0,0.0,0.0,0.0
2018-06-07 07:00:00,2018-06-07 08:00,1.29522,0.0,0.31843,0.46354,0.51325,0.0,0.0,0.0,0.0
2018-06-07 08:00:00,2018-06-07 09:00,0.86235,0.0,0.33803,0.003,0.52132,0.0,0.0,0.0,0.0
2018-06-07 09:00:00,2018-06-07 10:00,0.9218,0.0,0.39357,0.003,0.52523,0.0,0.0,0.0,0.0
2018-06-07 10:00:00,2018-06-07 11:00,1.20541,0.0,0.46165,0.22411,0.51965,0.0,0.0,0.0,0.0
2018-06-07 11:00:00,2018-06-07 12:00,1.29696,0.0,0.51989,0.25958,0.51749,0.0,0.0,0.0,0.0
2018-06-07 12:00:00,2018-06-07 13:00,1.11564,0.0,0.59906,0.003,0.51358,0.0,0.0,0.0,0.0
2018-06-07 13:00:00,2018-06-07 14:00,1.21814,0.0,0.69104,0.003,0.5241,0.0,0.0,0.0,0.0
2018-06-07 14:00:00,2018-06-07 15:00,1.22332,0.0,0.74339,0.003,0.47693,0.0,0.0,0.0,0.0
2018-06-07 15:00:00,2018-06-07 16:00,1.4189,0.0,0.77294,0.11169,0.53427,0.0,0.0,0.0,0.0
2018-06-07 16:00:00,2018-06-07 17:00,1.83619,0.0,0.79567,0.39283,0.64769,0.01124,0.0,0.0,0.01124
2018-06-07 17:00:00,2018-06-07 18:00,1.53419,0.0,0.82282,0.003,0.70837,0.01498,0.0,0.0,0.01498
2018-06-07 18:00:00,2018-06-07 19:00,1.70303,0.0,0.81494,0.003,0.88509,0.0,0.0,0.0,0.0
2018-06-07 19:00:00,2018-06-07 20:00,1.74062,0.0,0.78876,0.003,0.94886,0.0,0.0,0.0,0.0
2018-06-07 20:00:00,2018-06-07 21:00,2.0701,0.0,0.78356,0.11223,1.17431,0.0,0.0,0.0,0.0
2018-06-07 21:00:00,2018-06-07 22:00,2.38287,0.0,0.74648,0.45747,1.17892,0.0,0.0,0.0,0.0
2018-06-07 22:00:00,2018-06-07 23:00,1.53663,0.0,0.68002,0.03012,0.82649,0.0,0.0,0.0,0.0
2018-06-07 23:00:00,2018-06-08 00:00,1.14679,0.0,0.59751,0.003,0.54628,0.0,0.0,0.0,0.0
2018-06-08 00:00:00,2018-06-08 01:00,1.02706,0.0,0.55055,0.003,0.47351,0.0,0.0,0.0,0.0
2018-06-08 01:00:00,2018-06-08 02:00,0.96519,0.0,0.49679,0.003,0.4654,0.0,0.0,0.0,0.0
2018-06-08 02:00:00,2018-06-08 03:00,0.9024,0.0,0.44004,0.003,0.45936,0.0,0.0,0.0,0.0
2018-06-08 03:00:00,2018-06-08 04:00,0.86634,0.0,0.40611,0.003,0.45723,0.0,0.0,0.0,0.0
2018-06-08 04:00:00,2018-06-08 05:00,0.83999,0.0,0.3859,0.003,0.45109,0.0,0.0,0.0,0.0
2018-06-08 05:00:00,2018-06-08 06:00,1.3094,0.0,0.38211,0.46468,0.46261,0.0,0.0,0.0,0.0
2018-06-08 06:00:00,2018-06-08 07:00,1.44003,0.0,0.38982,0.46816,0.58205,0.0,0.0,0.0,0.0
2018-06-08 07:00:00,2018-06-08 08:00,1.21583,0.0,0.39833,0.22221,0.59529,0.0,0.0,0.0,0.0
2018-06-08 08:00:00,2018-06-08 09:00,1.4167,0.0,0.40417,0.44906,0.56347,0.0,0.0,0.0,0.0
2018-06-08 09:00:00,2018-06-08 10:00,1.25169,0.0,0.41388,0.31743,0.52038,0.0,0.0,0.0,0.0
2018-06-08 10:00:00,2018-06-08 11:00,0.88128,0.0,0.40774,0.003,0.47054,0.0,0.0,0.0,0.0
2018-06-08 11:00:00,2018-06-08 12:00,0.90668,0.0,0.43584,0.003,0.46784,0.0,0.0,0.0,0.0
2018-06-08 12:00:00,2018-06-08 13:00,0.99354,0.0,0.51437,0.003,0.47617,0.0,0.0,0.0,0.0
2018-06-08 13:00:00,2018-06-08 14:00,1.03536,0.0,0.55541,0.003,0.47695,0.0,0.0,0.0,0.0
2018-06-08 14:00:00,2018-06-08 15:00,1.01963,0.0,0.53973,0.003,0.4769,0.0,0.0,0.0,0.0
2018-06-08 15:00:00,2018-06-08 16:00,1.01163,0.0,0.53392,0.003,0.47471,0.0,0.0,0.0,0.0
2018-06-08 16:00:00,2018-06-08 17:00,1.04548,0.0,0.54567,0.003,0.49681,0.0,0.0,0.0,0.0
2018-06-08 17:00:00,2018-06-08 18:00,1.6489,0.0,0.65889,0.34951,0.6405,0.02622,0.0,0.0,0.02622
2018-06-08 18:00:00,2018-06-08 19:00,1.41961,0.0,0.64249,0.10501,0.67211,0.0,0.0,0.0,0.0
2018-06-08 19:00:00,2018-06-08 20:00,1.5696,0.0,0.7371,0.003,0.8295,0.02622,0.0,0.0,0.02622
2018-06-08 20:00:00,2018-06-08 21:00,1.70367,0.0,0.68194,0.003,1.01873,0.0,0.0,0.0,0.0
2018-06-08 21:00:00,2018-06-08 22:00,2.07954,0.0,0.65592,0.34411,1.07951,0.0,0.0,0.0,0.0
2018-06-08 22:00:00,2018-06-08 23:00,1.3348,0.0,0.58337,0.003,0.74843,0.0,0.0,0.0,0.0
2018-06-08 23:00:00,2018-06-09 00:00,1.00913,0.0,0.46696,0.003,0.53917,0.0,0.0,0.0,0.0
2018-06-09 00:00:00,2018-06-09 01:00,0.95076,0.0,0.47671,0.003,0.47105,0.0,0.0,0.0,0.0
2018-06-09 01:00:00,2018-06-09 02:00,0.90959,0.0,0.43994,0.003,0.46665,0.0,0.0,0.0,0.0
2018-06-09 02:00:00,2018-06-09 03:00,1.18796,0.0,0.41357,0.31379,0.4606,0.0,0.0,0.0,0.0
2018-06-09 03:00:00,2018-06-09 04:00,0.84611,0.0,0.38463,0.003,0.45848,0.0,0.0,0.0,0.0
2018-06-09 04:00:00,2018-06-09 05:00,0.81311,0.0,0.35779,0.003,0.45232,0.0,0.0,0.0,0.0
2018-06-09 05:00:00,2018-06-09 06:00,0.79336,0.0,0.33836,0.003,0.452,0.0,0.0,0.0,0.0
2018-06-09 06:00:00,2018-06-09 07:00,0.81613,0.0,0.31762,0.003,0.49551,0.0,0.0,0.0,0.0
2018-06-09 07:00:00,2018-06-09 08:00,0.8132,0.0,0.3269,0.003,0.4833,0.0,0.0,0.0,0.0
2018-06-09 08:00:00,2018-06-09 09:00,1.30234,0.0,0.35897,0.34837,0.595,0.0,0.0,0.0,0.0
2018-06-09 09:00:00,2018-06-09 10:00,1.70625,0.0,0.53582,0.40983,0.7606,0.05247,0.0,0.0,0.05247
2018-06-09 10:00:00,2018-06-09 11:00,1.15166,0.0,0.42154,0.003,0.72712,0.0,0.0,0.0,0.0
2018-06-09 11:00:00,2018-06-09 12:00,1.3516,0.0,0.41677,0.22621,0.70862,0.0,0.0,0.0,0.0
2018-06-09 12:00:00,2018-06-09 13:00,1.25476,0.0,0.41536,0.13994,0.69946,0.01124,0.0,0.0,0.01124
2018-06-09 13:00:00,2018-06-09 14:00,1.35248,0.0,0.44419,0.11468,0.79361,0.01498,0.0,0.0,0.01498
2018-06-09 14:00:00,2018-06-09 15:00,1.44317,0.0,0.42287,0.21278,0.80752,0.0,0.0,0.0,0.0
2018-06-09 15:00:00,2018-06-09 16:00,1.29696,0.0,0.4548,0.003,0.83916,0.0,0.0,0.0,0.0
2018-06-09 16:00:00,2018-06-09 17:00,1.61165,0.0,0.50117,0.22728,0.8832,0.0,0.0,0.0,0.0
2018-06-09 17:00:00,2018-06-09 18:00,1.77282,0.0,0.52305,0.31803,0.93174,0.0,0.0,0.0,0.0
2018-06-09 18:00:00,2018-06-09 19:00,1.56991,0.0,0.54703,0.003,1.01988,0.0,0.0,0.0,0.0
2018-06-09 19:00:00,2018-06-09 20:00,1.7161,0.0,0.57388,0.003,1.13922,0.0,0.0,0.0,0.0
2018-06-09 20:00:00,2018-06-09 21:00,1.80525,0.0,0.5718,0.003,1.23045,0.0,0.0,0.0,0.0
2018-06-09 21:00:00,2018-06-09 22:00,1.73868,0.0,0.53818,0.003,1.1975,0.0,0.0,0.0,0.0
2018-06-09 22:00:00,2018-06-09 23:00,1.60598,0.0,0.49989,0.23158,0.87451,0.0,0.0,0.0,0.0
2018-06-09 23:00:00,2018-06-10 00:00,1.13009,0.0,0.45434,0.09892,0.57683,0.0,0.0,0.0,0.0
2018-06-10 00:00:00,2018-06-10 01:00,0.89908,0.0,0.41487,0.003,0.48121,0.0,0.0,0.0,0.0
2018-06-10 01:00:00,2018-06-10 02:00,0.85207,0.0,0.38241,0.003,0.46666,0.0,0.0,0.0,0.0
2018-06-10 02:00:00,2018-06-10 03:00,0.82587,0.0,0.36226,0.003,0.46061,0.0,0.0,0.0,0.0
2018-06-10 03:00:00,2018-06-10 04:00,0.80704,0.0,0.34556,0.003,0.45848,0.0,0.0,0.0,0.0
2018-06-10 04:00:00,2018-06-10 05:00,0.77876,0.0,0.32343,0.003,0.45233,0.0,0.0,0.0,0.0
2018-06-10 05:00:00,2018-06-10 06:00,0.79691,0.0,0.32801,0.003,0.4659,0.01124,0.0,0.0,0.01124
2018-06-10 06:00:00,2018-06-10 07:00,1.00486,0.0,0.4222,0.003,0.57966,0.04123,0.0,0.0,0.04123
2018-06-10 07:00:00,2018-06-10 08:00,1.15484,0.0,0.35842,0.236,0.56042,0.0,0.0,0.0,0.0
2018-06-10 08:00:00,2018-06-10 09:00,1.05996,0.0,0.39469,0.07548,0.58979,0.0,0.0,0.0,0.0
2018-06-10 09:00:00,2018-06-10 10:00,1.2192,0.0,0.44183,0.11384,0.66353,0.0,0.0,0.0,0.0
2018-06-10 10:00:00,2018-06-10 11:00,1.51447,0.0,0.47323,0.3684,0.67284,0.0,0.0,0.0,0.0
2018-06-10 11:00:00,2018-06-10 12:00,1.16307,0.0,0.49409,0.003,0.66598,0.0,0.0,0.0,0.0
2018-06-10 12:00:00,2018-06-10 13:00,1.3814,0.0,0.54318,0.11622,0.722,0.0,0.0,0.0,0.0
2018-06-10 13:00:00,2018-06-10 14:00,1.9191,0.0,0.65617,0.45807,0.80486,0.02622,0.0,0.0,0.02622
2018-06-10 14:00:00,2018-06-10 15:00,1.44134,0.0,0.66929,0.003,0.76905,0.0,0.0,0.0,0.0
2018-06-10 15:00:00,2018-06-10 16:00,1.39361,0.0,0.73296,0.003,0.65765,0.0,0.0,0.0,0.0
2018-06-10 16:00:00,2018-06-10 17:00,1.84087,0.0,0.81108,0.34369,0.6861,0.0,0.0,0.0,0.0
2018-06-10 17:00:00,2018-06-10 18:00,1.65008,0.0,0.84235,0.07703,0.7307,0.0,0.0,0.0,0.0
2018-06-10 18:00:00,2018-06-10 19:00,1.77962,0.0,0.85223,0.003,0.92439,0.0,0.0,0.0,0.0
2018-06-10 19:00:00,2018-06-10 20:00,2.15643,0.0,0.79366,0.45698,0.90579,0.0,0.0,0.0,0.0
2018-06-10 20:00:00,2018-06-10 21:00,1.82947,0.0,0.77624,0.003,1.05023,0.0,0.0,0.0,0.0
2018-06-10 21:00:00,2018-06-10 22:00,2.32472,0.0,0.74347,0.22868,1.35257,0.0,0.0,0.0,0.0
2018-06-10 22:00:00,2018-06-10 23:00,3.69891,0.0,0.74882,0.18849,2.7616,0.0,0.0,0.0,0.0
2018-06-10 23:00:00,2018-06-11 00:00,1.1463,0.0,0.6255,0.003,0.5178,0.0,0.0,0.0,0.0
2018-06-11 00:00:00,2018-06-11 01:00,1.05018,0.0,0.56924,0.003,0.47794,0.0,0.0,0.0,0.0
2018-06-11 01:00:00,2018-06-11 02:00,0.92457,0.0,0.45798,0.003,0.46359,0.0,0.0,0.0,0.0
2018-06-11 02:00:00,2018-06-11 03:00,0.81645,0.0,0.35409,0.003,0.45936,0.0,0.0,0.0,0.0
2018-06-11 03:00:00,2018-06-11 04:00,1.07445,0.0,0.3057,0.31151,0.45724,0.0,0.0,0.0,0.0
2018-06-11 04:00:00,2018-06-11 05:00,0.72463,0.0,0.27015,0.003,0.45148,0.0,0.0,0.0,0.0
2018-06-11 05:00:00,2018-06-11 06:00,0.6631,0.0,0.20195,0.003,0.45815,0.0,0.0,0.0,0.0
2018-06-11 06:00:00,2018-06-11 07:00,0.92327,0.0,0.1524,0.23104,0.53983,0.0,0.0,0.0,0.0
2018-06-11 07:00:00,2018-06-11 08:00,0.86304,0.0,0.15925,0.19056,0.51323,0.0,0.0,0.0,0.0
2018-06-11 08:00:00,2018-06-11 09:00,0.72264,0.0,0.19831,0.003,0.52133,0.0,0.0,0.0,0.0
2018-06-11 09:00:00,2018-06-11 10:00,1.15524,0.0,0.25384,0.39306,0.50834,0.0,0.0,0.0,0.0
2018-06-11 10:00:00,2018-06-11 11:00,0.78277,0.0,0.30922,0.003,0.47055,0.0,0.0,0.0,0.0
2018-06-11 11:00:00,2018-06-11 12:00,0.77952,0.0,0.30868,0.003,0.46784,0.0,0.0,0.0,0.0
2018-06-11 12:00:00,2018-06-11 13:00,0.82304,0.0,0.34387,0.003,0.47617,0.0,0.0,0.0,0.0
2018-06-11 13:00:00,2018-06-11 14:00,0.87585,0.0,0.39589,0.003,0.47696,0.0,0.0,0.0,0.0
2018-06-11 14:00:00,2018-06-11 15:00,0.87792,0.0,0.39205,0.003,0.48287,0.0,0.0,0.0,0.0
2018-06-11 15:00:00,2018-06-11 16:00,1.34923,0.0,0.42629,0.38681,0.53613,0.0,0.0,0.0,0.0
2018-06-11 16:00:00,2018-06-11 17:00,0.96259,0.0,0.42433,0.003,0.53526,0.0,0.0,0.0,0.0
2018-06-11 17:00:00,2018-06-11 18:00,1.33576,0.0,0.48753,0.23125,0.61698,0.02622,0.0,0.0,0.02622
2018-06-11 18:00:00,2018-06-11 19:00,1.66653,0.0,0.46604,0.23516,0.96533,0.0,0.0,0.0,0.0
2018-06-11 19:00:00,2018-06-11 20:00,2.26897,0.0,0.48607,0.003,1.7799,0.0,0.0,0.0,0.0
2018-06-11 20:00:00,2018-06-11 21:00,3.84274,0.0,0.58155,0.003,3.25819,0.0,0.0,0.0,0.0
2018-06-11 21:00:00,2018-06-11 22:00,2.10871,0.0,0.57521,0.11457,1.41893,0.0,0.0,0.0,0.0
2018-06-11 22:00:00,2018-06-11 23:00,1.61013,0.0,0.49296,0.34859,0.76858,0.0,0.0,0.0,0.0
2018-06-11 23:00:00,2018-06-12 00:00,0.89667,0.0,0.41813,0.003,0.47554,0.0,0.0,0.0,0.0
2018-06-12 00:00:00,2018-06-12 01:00,0.8616,0.0,0.38881,0.003,0.46979,0.0,0.0,0.0,0.0
2018-06-12 01:00:00,2018-06-12 02:00,0.839,0.0,0.3706,0.003,0.4654,0.0,0.0,0.0,0.0
2018-06-12 02:00:00,2018-06-12 03:00,0.814,0.0,0.35164,0.003,0.45936,0.0,0.0,0.0,0.0
2018-06-12 03:00:00,2018-06-12 04:00,0.79883,0.0,0.3386,0.003,0.45723,0.0,0.0,0.0,0.0
2018-06-12 04:00:00,2018-06-12 05:00,0.78096,0.0,0.32688,0.003,0.45108,0.0,0.0,0.0,0.0
2018-06-12 05:00:00,2018-06-12 06:00,0.77676,0.0,0.32017,0.003,0.45359,0.0,0.0,0.0,0.0
2018-06-12 06:00:00,2018-06-12 07:00,1.22575,0.0,0.33249,0.35352,0.53974,0.0,0.0,0.0,0.0
2018-06-12 07:00:00,2018-06-12 08:00,1.07701,0.0,0.3237,0.22278,0.53053,0.0,0.0,0.0,0.0
2018-06-12 08:00:00,2018-06-12 09:00,1.07979,0.0,0.33452,0.22394,0.52133,0.0,0.0,0.0,0.0
2018-06-12 09:00:00,2018-06-12 10:00,1.23315,0.0,0.36293,0.32101,0.54921,0.0,0.0,0.0,0.0
2018-06-12 10:00:00,2018-06-12 11:00,0.90176,0.0,0.37911,0.003,0.51965,0.0,0.0,0.0,0.0
2018-06-12 11:00:00,2018-06-12 12:00,1.34394,0.0,0.39613,0.43031,0.5175,0.0,0.0,0.0,0.0
2018-06-12 12:00:00,2018-06-12 13:00,0.92956,0.0,0.41815,0.003,0.50841,0.0,0.0,0.0,0.0
2018-06-12 13:00:00,2018-06-12 14:00,0.93078,0.0,0.44544,0.003,0.48234,0.0,0.0,0.0,0.0
2018-06-12 14:00:00,2018-06-12 15:00,1.05052,0.0,0.51602,0.003,0.5315,0.0,0.0,0.0,0.0
2018-06-12 15:00:00,2018-06-12 16:00,1.26294,0.0,0.61135,0.11547,0.53612,0.0,0.0,0.0,0.0
2018-06-12 16:00:00,2018-06-12 17:00,1.50071,0.0,0.7031,0.2155,0.58211,0.01124,0.0,0.0,0.01124
2018-06-12 17:00:00,2018-06-12 18:00,1.51617,0.0,0.81583,0.003,0.69734,0.01498,0.0,0.0,0.01498
2018-06-12 18:00:00,2018-06-12 19:00,2.03179,0.0,0.82837,0.43203,0.77139,0.0,0.0,0.0,0.0
2018-06-12 19:00:00,2018-06-12 20:00,1.76198,0.0,0.81421,0.003,0.94477,0.0,0.0,0.0,0.0
2018-06-12 20:00:00,2018-06-12 21:00,2.02122,0.0,0.81814,0.003,1.20008,0.0,0.0,0.0,0.0
2018-06-12 21:00:00,2018-06-12 22:00,1.83638,0.0,0.75388,0.003,1.0795,0.0,0.0,0.0,0.0
2018-06-12 22:00:00,2018-06-12 23:00,1.70738,0.0,0.6414,0.31757,0.74841,0.0,0.0,0.0,0.0
2018-06-12 23:00:00,2018-06-13 00:00,1.06589,0.0,0.53318,0.003,0.52971,0.0,0.0,0.0,0.0
2018-06-13 00:00:00,2018-06-13 01:00,0.88158,0.0,0.40507,0.003,0.47351,0.0,0.0,0.0,0.0
2018-06-13 01:00:00,2018-06-13 02:00,0.80847,0.0,0.34004,0.003,0.46543,0.0,0.0,0.0,0.0
2018-06-13 02:00:00,2018-06-13 03:00,0.73107,0.0,0.26873,0.003,0.45934,0.0,0.0,0.0,0.0
2018-06-13 03:00:00,2018-06-13 04:00,0.78667,0.0,0.21295,0.11716,0.45656,0.0,0.0,0.0,0.0
2018-06-13 04:00:00,2018-06-13 05:00,0.82885,0.0,0.18115,0.20173,0.44597,0.0,0.0,0.0,0.0
2018-06-13 05:00:00,2018-06-13 06:00,0.59092,0.0,0.12872,0.003,0.4592,0.0,0.0,0.0,0.0
2018-06-13 06:00:00,2018-06-13 07:00,1.1726,0.0,0.22935,0.34686,0.59639,0.05247,0.0,0.0,0.05247
2018-06-13 07:00:00,2018-06-13 08:00,0.84604,0.0,0.2288,0.06954,0.5477,0.0,0.0,0.0,0.0
2018-06-13 08:00:00,2018-06-13 09:00,1.13713,0.0,0.28675,0.3456,0.50478,0.0,0.0,0.0,0.0
2018-06-13 09:00:00,2018-06-13 10:00,0.86511,0.0,0.36466,0.02334,0.47711,0.0,0.0,0.0,0.0
2018-06-13 10:00:00,2018-06-13 11:00,0.91683,0.0,0.44329,0.003,0.47054,0.0,0.0,0.0,0.0
2018-06-13 11:00:00,2018-06-13 12:00,0.98005,0.0,0.50922,0.003,0.46783,0.0,0.0,0.0,0.0
2018-06-13 12:00:00,2018-06-13 13:00,1.04881,0.0,0.56967,0.003,0.47614,0.0,0.0,0.0,0.0
2018-06-13 13:00:00,2018-06-13 14:00,1.21245,0.0,0.68781,0.003,0.52164,0.0,0.0,0.0,0.0
2018-06-13 14:00:00,2018-06-13 15:00,1.59217,0.0,0.71561,0.34507,0.53149,0.0,0.0,0.0,0.0
2018-06-13 15:00:00,2018-06-13 16:00,1.46083,0.0,0.78023,0.09174,0.58886,0.0,0.0,0.0,0.0
2018-06-13 16:00:00,2018-06-13 17:00,1.58411,0.0,0.82502,0.11402,0.64507,0.0,0.0,0.0,0.0
2018-06-13 17:00:00,2018-06-13 18:00,2.1089,0.0,0.96477,0.34658,0.79755,0.02622,0.0,0.0,0.02622
2018-06-13 18:00:00,2018-06-13 19:00,1.82484,0.0,0.93675,0.003,0.88509,0.0,0.0,0.0,0.0
2018-06-13 19:00:00,2018-06-13 20:00,2.45531,0.0,0.92058,0.45249,1.08224,0.02622,0.0,0.0,0.02622
2018-06-13 20:00:00,2018-06-13 21:00,1.83346,0.0,0.8035,0.003,1.02696,0.0,0.0,0.0,0.0
2018-06-13 21:00:00,2018-06-13 22:00,1.75505,0.0,0.74285,0.003,1.0092,0.0,0.0,0.0,0.0
2018-06-13 22:00:00,2018-06-13 23:00,1.48564,0.0,0.6815,0.003,0.80114,0.0,0.0,0.0,0.0
2018-06-13 23:00:00,2018-06-14 00:00,1.09465,0.0,0.59979,0.003,0.49186,0.0,0.0,0.0,0.0
2018-06-14 00:00:00,2018-06-14 01:00,1.0069,0.0,0.5341,0.003,0.4698,0.0,0.0,0.0,0.0
2018-06-14 01:00:00,2018-06-14 02:00,0.95581,0.0,0.4874,0.003,0.46541,0.0,0.0,0.0,0.0
2018-06-14 02:00:00,2018-06-14 03:00,0.92258,0.0,0.46021,0.003,0.45937,0.0,0.0,0.0,0.0
2018-06-14 03:00:00,2018-06-14 04:00,0.89327,0.0,0.43304,0.003,0.45723,0.0,0.0,0.0,0.0
2018-06-14 04:00:00,2018-06-14 05:00,1.08412,0.0,0.40212,0.23091,0.45109,0.0,0.0,0.0,0.0
2018-06-14 05:00:00,2018-06-14 06:00,0.90086,0.0,0.36763,0.07461,0.45862,0.0,0.0,0.0,0.0
2018-06-14 06:00:00,2018-06-14 07:00,1.38145,0.0,0.41008,0.37898,0.59239,0.02622,0.0,0.0,0.02622
2018-06-14 07:00:00,2018-06-14 08:00,0.928,0.0,0.37897,0.003,0.54603,0.0,0.0,0.0,0.0
2018-06-14 08:00:00,2018-06-14 09:00,1.32327,0.0,0.41001,0.34021,0.57305,0.0,0.0,0.0,0.0
2018-06-14 09:00:00,2018-06-14 10:00,1.37791,0.0,0.45401,0.33141,0.59249,0.0,0.0,0.0,0.0
2018-06-14 10:00:00,2018-06-14 11:00,1.55347,0.0,0.52726,0.45755,0.56866,0.0,0.0,0.0,0.0
2018-06-14 11:00:00,2018-06-14 12:00,1.35244,0.0,0.63744,0.15309,0.56191,0.0,0.0,0.0,0.0
2018-06-14 12:00:00,2018-06-14 13:00,1.58502,0.0,0.72149,0.33222,0.53131,0.0,0.0,0.0,0.0
2018-06-14 13:00:00,2018-06-14 14:00,1.56706,0.0,0.78285,0.24678,0.53743,0.0,0.0,0.0,0.0
2018-06-14 14:00:00,2018-06-14 15:00,1.32514,0.0,0.83714,0.003,0.485,0.0,0.0,0.0,0.0
2018-06-14 15:00:00,2018-06-14 16:00,1.38067,0.0,0.90294,0.003,0.47473,0.0,0.0,0.0,0.0
2018-06-14 16:00:00,2018-06-14 17:00,1.43493,0.0,0.94381,0.003,0.48812,0.0,0.0,0.0,0.0
2018-06-14 17:00:00,2018-06-14 18:00,1.53924,0.0,0.93443,0.003,0.60181,0.0,0.0,0.0,0.0
2018-06-14 18:00:00,2018-06-14 19:00,2.26462,0.0,0.93863,0.44091,0.88508,0.0,0.0,0.0,0.0
2018-06-14 19:00:00,2018-06-14 20:00,2.26215,0.0,0.8999,0.4134,0.94885,0.0,0.0,0.0,0.0
2018-06-14 20:00:00,2018-06-14 21:00,1.95134,0.0,0.87811,0.003,1.07023,0.0,0.0,0.0,0.0
2018-06-14 21:00:00,2018-06-14 22:00,1.68612,0.0,0.82859,0.003,0.85453,0.0,0.0,0.0,0.0
2018-06-14 22:00:00,2018-06-14 23:00,1.27031,0.0,0.73186,0.003,0.53545,0.0,0.0,0.0,0.0
2018-06-14 23:00:00,2018-06-15 00:00,1.13218,0.0,0.65367,0.003,0.47551,0.0,0.0,0.0,0.0
2018-06-15 00:00:00,2018-06-15 01:00,1.0785,0.0,0.6057,0.003,0.4698,0.0,0.0,0.0,0.0
2018-06-15 01:00:00,2018-06-15 02:00,1.04048,0.0,0.57207,0.003,0.46541,0.0,0.0,0.0,0.0
2018-06-15 02:00:00,2018-06-15 03:00,0.99485,0.0,0.53249,0.003,0.45936,0.0,0.0,0.0,0.0
2018-06-15 03:00:00,2018-06-15 04:00,0.96066,0.0,0.50044,0.003,0.45722,0.0,0.0,0.0,0.0
2018-06-15 04:00:00,2018-06-15 05:00,0.9115,0.0,0.45867,0.003,0.44983,0.0,0.0,0.0,0.0
2018-06-15 05:00:00,2018-06-15 06:00,1.25994,0.0,0.50727,0.29534,0.45733,0.0,0.0,0.0,0.0
2018-06-15 06:00:00,2018-06-15 07:00,1.03192,0.0,0.53035,0.003,0.49857,0.0,0.0,0.0,0.0
2018-06-15 07:00:00,2018-06-15 08:00,1.18681,0.0,0.5632,0.11632,0.50729,0.0,0.0,0.0,0.0
2018-06-15 08:00:00,2018-06-15 09:00,1.72033,0.0,0.69254,0.4643,0.56349,0.0,0.0,0.0,0.0
2018-06-15 09:00:00,2018-06-15 10:00,1.5682,0.0,0.84194,0.20104,0.52522,0.0,0.0,0.0,0.0
2018-06-15 10:00:00,2018-06-15 11:00,1.48365,0.0,0.96099,0.003,0.51966,0.0,0.0,0.0,0.0
2018-06-15 11:00:00,2018-06-15 12:00,1.87394,0.0,1.12943,0.22702,0.51749,0.0,0.0,0.0,0.0
2018-06-15 12:00:00,2018-06-15 13:00,2.1818,0.0,1.28324,0.38497,0.51359,0.0,0.0,0.0,0.0
2018-06-15 13:00:00,2018-06-15 14:00,1.82008,0.0,1.28724,0.003,0.52984,0.0,0.0,0.0,0.0
2018-06-15 14:00:00,2018-06-15 15:00,1.79022,0.0,1.25511,0.003,0.53211,0.0,0.0,0.0,0.0
2018-06-15 15:00:00,2018-06-15 16:00,1.87549,0.0,1.24114,0.11301,0.52134,0.0,0.0,0.0,0.0
2018-06-15 16:00:00,2018-06-15 17:00,2.27989,0.0,1.25774,0.45962,0.56253,0.0,0.0,0.0,0.0
2018-06-15 17:00:00,2018-06-15 18:00,2.04243,0.0,1.28561,0.1308,0.62602,0.0,0.0,0.0,0.0
2018-06-15 18:00:00,2018-06-15 19:00,2.10732,0.0,1.28991,0.003,0.81441,0.0,0.0,0.0,0.0
2018-06-15 19:00:00,2018-06-15 20:00,2.12243,0.0,1.2579,0.003,0.86153,0.0,0.0,0.0,0.0
2018-06-15 20:00:00,2018-06-15 21:00,2.44004,0.0,1.22458,0.23084,0.98462,0.0,0.0,0.0,0.0
2018-06-15 21:00:00,2018-06-15 22:00,2.18245,0.0,1.20551,0.1361,0.84084,0.0,0.0,0.0,0.0
2018-06-15 22:00:00,2018-06-15 23:00,1.82555,0.0,1.18365,0.003,0.6389,0.0,0.0,0.0,0.0
2018-06-15 23:00:00,2018-06-16 00:00,1.66152,0.0,1.18193,0.003,0.47659,0.0,0.0,0.0,0.0
2018-06-16 00:00:00,2018-06-16 01:00,1.65213,0.0,1.17737,0.003,0.47176,0.0,0.0,0.0,0.0
2018-06-16 01:00:00,2018-06-16 02:00,1.63385,0.0,1.16375,0.003,0.4671,0.0,0.0,0.0,0.0
2018-06-16 02:00:00,2018-06-16 03:00,1.62181,0.0,1.15805,0.003,0.46076,0.0,0.0,0.0,0.0
2018-06-16 03:00:00,2018-06-16 04:00,1.55434,0.0,1.09284,0.003,0.4585,0.0,0.0,0.0,0.0
2018-06-16 04:00:00,2018-06-16 05:00,1.45088,0.0,0.99553,0.003,0.45235,0.0,0.0,0.0,0.0
2018-06-16 05:00:00,2018-06-16 06:00,1.44036,0.0,0.98536,0.003,0.452,0.0,0.0,0.0,0.0
2018-06-16 06:00:00,2018-06-16 07:00,1.40669,0.0,0.91246,0.003,0.49123,0.0,0.0,0.0,0.0
2018-06-16 07:00:00,2018-06-16 08:00,1.53501,0.0,0.79316,0.23809,0.50376,0.0,0.0,0.0,0.0
2018-06-16 08:00:00,2018-06-16 09:00,1.44151,0.0,0.74077,0.0881,0.61264,0.0,0.0,0.0,0.0
2018-06-16 09:00:00,2018-06-16 10:00,2.74348,0.0,0.72568,0.22907,1.78873,0.0,0.0,0.0,0.0
2018-06-16 10:00:00,2018-06-16 11:00,1.67436,0.0,0.68442,0.3809,0.60904,0.0,0.0,0.0,0.0
2018-06-16 11:00:00,2018-06-16 12:00,1.30461,0.0,0.70125,0.003,0.60036,0.0,0.0,0.0,0.0
2018-06-16 12:00:00,2018-06-16 13:00,1.33132,0.0,0.70757,0.003,0.62075,0.0,0.0,0.0,0.0
2018-06-16 13:00:00,2018-06-16 14:00,1.39697,0.0,0.73555,0.003,0.65842,0.0,0.0,0.0,0.0
2018-06-16 14:00:00,2018-06-16 15:00,1.91996,0.0,0.88521,0.34229,0.69246,0.0,0.0,0.0,0.0
2018-06-16 15:00:00,2018-06-16 16:00,2.43465,0.0,1.1879,0.37805,0.8687,0.05247,0.0,0.0,0.05247
2018-06-16 16:00:00,2018-06-16 17:00,2.01642,0.0,1.22878,0.003,0.78464,0.0,0.0,0.0,0.0
2018-06-16 17:00:00,2018-06-16 18:00,2.07771,0.0,1.24955,0.003,0.82516,0.0,0.0,0.0,0.0
2018-06-16 18:00:00,2018-06-16 19:00,2.26078,0.0,1.26485,0.003,0.99293,0.05247,0.0,0.0,0.05247
2018-06-16 19:00:00,2018-06-16 20:00,2.80606,0.0,1.2536,0.41217,1.14029,0.0,0.0,0.0,0.0
2018-06-16 20:00:00,2018-06-16 21:00,2.45039,0.0,1.23398,0.003,1.21341,0.0,0.0,0.0,0.0
2018-06-16 21:00:00,2018-06-16 22:00,2.23617,0.0,1.22086,0.003,1.01231,0.0,0.0,0.0,0.0
2018-06-16 22:00:00,2018-06-16 23:00,1.92599,0.0,1.21629,0.003,0.7067,0.0,0.0,0.0,0.0
2018-06-16 23:00:00,2018-06-17 00:00,1.7054,0.0,1.2244,0.003,0.478,0.0,0.0,0.0,0.0
2018-06-17 00:00:00,2018-06-17 01:00,1.69699,0.0,1.2217,0.003,0.47229,0.0,0.0,0.0,0.0
2018-06-17 01:00:00,2018-06-17 02:00,1.67848,0.0,1.20779,0.003,0.46769,0.0,0.0,0.0,0.0
2018-06-17 02:00:00,2018-06-17 03:00,1.66694,0.0,1.20252,0.003,0.46142,0.0,0.0,0.0,0.0
2018-06-17 03:00:00,2018-06-17 04:00,1.64767,0.0,1.18617,0.003,0.4585,0.0,0.0,0.0,0.0
2018-06-17 04:00:00,2018-06-17 05:00,1.85314,0.0,1.16816,0.23831,0.44667,0.0,0.0,0.0,0.0
2018-06-17 05:00:00,2018-06-17 06:00,1.65725,0.0,1.11529,0.08761,0.45435,0.0,0.0,0.0,0.0
2018-06-17 06:00:00,2018-06-17 07:00,1.55652,0.0,1.06227,0.003,0.49125,0.0,0.0,0.0,0.0
2018-06-17 07:00:00,2018-06-17 08:00,1.51085,0.0,1.0145,0.003,0.49335,0.01124,0.0,0.0,0.01124
2018-06-17 08:00:00,2018-06-17 09:00,2.13445,0.0,1.11532,0.42028,0.59885,0.01498,0.0,0.0,0.01498
2018-06-17 09:00:00,2018-06-17 10:00,2.05,0.0,1.18469,0.11577,0.74954,0.0,0.0,0.0,0.0
2018-06-17 10:00:00,2018-06-17 11:00,3.65398,0.0,1.21955,0.32412,2.11031,0.0,0.0,0.0,0.0
2018-06-17 11:00:00,2018-06-17 12:00,4.49877,0.0,1.23613,0.33975,2.92289,0.03746,0.0,0.0,0.03746
2018-06-17 12:00:00,2018-06-17 13:00,2.70208,0.0,1.24462,0.43949,1.01797,0.11242,0.0,0.0,0.11242
2018-06-17 13:00:00,2018-06-17 14:00,1.9631,0.0,1.23697,0.003,0.72313,0.00936,0.0,0.0,0.00936
2018-06-17 14:00:00,2018-06-17 15:00,2.07061,0.0,1.2583,0.003,0.80931,0.0,0.0,0.0,0.0
2018-06-17 15:00:00,2018-06-17 16:00,2.34605,0.0,1.27543,0.22968,0.84094,0.0,0.0,0.0,0.0
2018-06-17 16:00:00,2018-06-17 17:00,2.47677,0.0,1.26823,0.32335,0.88519,0.0,0.0,0.0,0.0
2018-06-17 17:00:00,2018-06-17 18:00,2.18255,0.0,1.24504,0.003,0.93451,0.0,0.0,0.0,0.0
2018-06-17 18:00:00,2018-06-17 19:00,2.2429,0.0,1.20153,0.003,1.03837,0.0,0.0,0.0,0.0
2018-06-17 19:00:00,2018-06-17 20:00,2.10665,0.0,1.15692,0.003,0.94673,0.0,0.0,0.0,0.0
2018-06-17 20:00:00,2018-06-17 21:00,2.19981,0.0,1.14485,0.003,1.05196,0.0,0.0,0.0,0.0
2018-06-17 21:00:00,2018-06-17 22:00,2.16651,0.0,1.13842,0.003,1.02509,0.0,0.0,0.0,0.0
2018-06-17 22:00:00,2018-06-17 23:00,1.80852,0.0,1.10544,0.003,0.70008,0.0,0.0,0.0,0.0
2018-06-17 23:00:00,2018-06-18 00:00,1.58625,0.0,1.0873,0.003,0.49595,0.0,0.0,0.0,0.0
2018-06-18 00:00:00,2018-06-18 01:00,1.66434,0.0,1.07605,0.11752,0.47077,0.0,0.0,0.0,0.0
2018-06-18 01:00:00,2018-06-18 02:00,1.7076,0.0,1.06938,0.17231,0.46591,0.0,0.0,0.0,0.0
2018-06-18 02:00:00,2018-06-18 03:00,1.47598,0.0,1.01352,0.003,0.45946,0.0,0.0,0.0,0.0
2018-06-18 03:00:00,2018-06-18 04:00,1.35216,0.0,0.89193,0.003,0.45723,0.0,0.0,0.0,0.0
2018-06-18 04:00:00,2018-06-18 05:00,1.26035,0.0,0.80587,0.003,0.45148,0.0,0.0,0.0,0.0
2018-06-18 05:00:00,2018-06-18 06:00,1.64395,0.0,0.73766,0.1162,0.79009,0.0,0.0,0.0,0.0
2018-06-18 06:00:00,2018-06-18 07:00,3.93166,0.0,0.85686,0.34458,2.73022,0.05247,0.0,0.0,0.05247
2018-06-18 07:00:00,2018-06-18 08:00,1.41609,0.0,0.66715,0.003,0.74594,0.0,0.0,0.0,0.0
2018-06-18 08:00:00,2018-06-18 09:00,1.35042,0.0,0.59893,0.23016,0.52133,0.0,0.0,0.0,0.0
2018-06-18 09:00:00,2018-06-18 10:00,1.19605,0.0,0.56922,0.11369,0.51314,0.0,0.0,0.0,0.0
2018-06-18 10:00:00,2018-06-18 11:00,1.43607,0.0,0.5683,0.35307,0.5147,0.0,0.0,0.0,0.0
2018-06-18 11:00:00,2018-06-18 12:00,1.04964,0.0,0.56146,0.003,0.48518,0.0,0.0,0.0,0.0
2018-06-18 12:00:00,2018-06-18 13:00,1.07324,0.0,0.57424,0.003,0.496,0.0,0.0,0.0,0.0
2018-06-18 13:00:00,2018-06-18 14:00,1.07274,0.0,0.59279,0.003,0.47695,0.0,0.0,0.0,0.0
2018-06-18 14:00:00,2018-06-18 15:00,1.11862,0.0,0.63871,0.003,0.47691,0.0,0.0,0.0,0.0
2018-06-18 15:00:00,2018-06-18 16:00,1.18556,0.0,0.70785,0.003,0.47471,0.0,0.0,0.0,0.0
2018-06-18 16:00:00,2018-06-18 17:00,1.3248,0.0,0.78692,0.003,0.53488,0.01124,0.0,0.0,0.01124
2018-06-18 17:00:00,2018-06-18 18:00,1.76561,0.0,1.01279,0.003,0.74982,0.06745,0.0,0.0,0.06745
2018-06-18 18:00:00,2018-06-18 19:00,1.88759,0.0,0.88409,0.23211,0.77139,0.0,0.0,0.0,0.0
2018-06-18 19:00:00,2018-06-18 20:00,2.05625,0.0,0.99285,0.17187,0.89153,0.05247,0.0,0.0,0.05247
2018-06-18 20:00:00,2018-06-18 21:00,1.76992,0.0,0.85229,0.003,0.91463,0.0,0.0,0.0,0.0
2018-06-18 21:00:00,2018-06-18 22:00,2.06813,0.0,0.83078,0.22814,1.00921,0.0,0.0,0.0,0.0
2018-06-18 22:00:00,2018-06-18 23:00,1.75098,0.0,0.76606,0.2732,0.71172,0.0,0.0,0.0,0.0
2018-06-18 23:00:00,2018-06-19 00:00,1.17171,0.0,0.69319,0.003,0.47552,0.0,0.0,0.0,0.0
2018-06-19 00:00:00,2018-06-19 01:00,1.11463,0.0,0.64184,0.003,0.46979,0.0,0.0,0.0,0.0
2018-06-19 01:00:00,2018-06-19 02:00,1.06973,0.0,0.60132,0.003,0.46541,0.0,0.0,0.0,0.0
2018-06-19 02:00:00,2018-06-19 03:00,1.01485,0.0,0.55248,0.003,0.45937,0.0,0.0,0.0,0.0
2018-06-19 03:00:00,2018-06-19 04:00,0.96666,0.0,0.50643,0.003,0.45723,0.0,0.0,0.0,0.0
2018-06-19 04:00:00,2018-06-19 05:00,0.92832,0.0,0.47425,0.003,0.45107,0.0,0.0,0.0,0.0
2018-06-19 05:00:00,2018-06-19 06:00,1.25073,0.0,0.4416,0.3495,0.45963,0.0,0.0,0.0,0.0
2018-06-19 06:00:00,2018-06-19 07:00,1.43602,0.0,0.3933,0.47222,0.5705,0.0,0.0,0.0,0.0
2018-06-19 07:00:00,2018-06-19 08:00,0.96371,0.0,0.35847,0.06215,0.54309,0.0,0.0,0.0,0.0
2018-06-19 08:00:00,2018-06-19 09:00,0.78679,0.0,0.3095,0.003,0.47429,0.0,0.0,0.0,0.0
2018-06-19 09:00:00,2018-06-19 10:00,1.16865,0.0,0.30862,0.34205,0.51798,0.0,0.0,0.0,0.0
2018-06-19 10:00:00,2018-06-19 11:00,0.91747,0.0,0.30481,0.09297,0.51969,0.0,0.0,0.0,0.0
2018-06-19 11:00:00,2018-06-19 12:00,0.81091,0.0,0.29543,0.003,0.51248,0.0,0.0,0.0,0.0
2018-06-19 12:00:00,2018-06-19 13:00,0.77061,0.0,0.28622,0.003,0.48139,0.0,0.0,0.0,0.0
2018-06-19 13:00:00,2018-06-19 14:00,0.79201,0.0,0.30422,0.003,0.48479,0.0,0.0,0.0,0.0
2018-06-19 14:00:00,2018-06-19 15:00,0.79038,0.0,0.31047,0.003,0.47691,0.0,0.0,0.0,0.0
2018-06-19 15:00:00,2018-06-19 16:00,1.21659,0.0,0.33976,0.34979,0.52704,0.0,0.0,0.0,0.0
2018-06-19 16:00:00,2018-06-19 17:00,1.28718,0.0,0.36979,0.32842,0.58897,0.0,0.0,0.0,0.0
2018-06-19 17:00:00,2018-06-19 18:00,1.09348,0.0,0.39709,0.003,0.69339,0.0,0.0,0.0,0.0
2018-06-19 18:00:00,2018-06-19 19:00,1.49238,0.0,0.56589,0.003,0.92349,0.05247,0.0,0.0,0.05247
2018-06-19 19:00:00,2018-06-19 20:00,1.30045,0.0,0.48292,0.003,0.81453,0.01124,0.0,0.0,0.01124
2018-06-19 20:00:00,2018-06-19 21:00,1.47575,0.0,0.57819,0.003,0.89456,0.04123,0.0,0.0,0.04123
2018-06-19 21:00:00,2018-06-19 22:00,1.7199,0.0,0.45809,0.34224,0.91957,0.0,0.0,0.0,0.0
2018-06-19 22:00:00,2018-06-19 23:00,2.60991,0.0,0.42734,0.09652,2.08605,0.0,0.0,0.0,0.0
2018-06-19 23:00:00,2018-06-20 00:00,2.20709,0.0,0.39292,0.003,1.81117,0.0,0.0,0.0,0.0
2018-06-20 00:00:00,2018-06-20 01:00,0.80807,0.0,0.32691,0.003,0.47816,0.0,0.0,0.0,0.0
2018-06-20 01:00:00,2018-06-20 02:00,0.77085,0.0,0.30244,0.003,0.46541,0.0,0.0,0.0,0.0
2018-06-20 02:00:00,2018-06-20 03:00,0.75339,0.0,0.29104,0.003,0.45935,0.0,0.0,0.0,0.0
2018-06-20 03:00:00,2018-06-20 04:00,0.73146,0.0,0.27122,0.003,0.45724,0.0,0.0,0.0,0.0
2018-06-20 04:00:00,2018-06-20 05:00,0.72193,0.0,0.26745,0.003,0.45148,0.0,0.0,0.0,0.0
2018-06-20 05:00:00,2018-06-20 06:00,0.9445,0.0,0.25745,0.22972,0.45733,0.0,0.0,0.0,0.0
2018-06-20 06:00:00,2018-06-20 07:00,1.08208,0.0,0.2296,0.33185,0.52063,0.0,0.0,0.0,0.0
2018-06-20 07:00:00,2018-06-20 08:00,0.77999,0.0,0.25901,0.003,0.51798,0.0,0.0,0.0,0.0
2018-06-20 08:00:00,2018-06-20 09:00,1.15587,0.0,0.3568,0.23081,0.56826,0.0,0.0,0.0,0.0
2018-06-20 09:00:00,2018-06-20 10:00,1.32587,0.0,0.41417,0.34447,0.56723,0.0,0.0,0.0,0.0
2018-06-20 10:00:00,2018-06-20 11:00,2.93752,0.0,0.55067,0.003,2.38385,0.0,0.0,0.0,0.0
2018-06-20 11:00:00,2018-06-20 12:00,1.86545,0.0,0.59647,0.003,1.26598,0.0,0.0,0.0,0.0
2018-06-20 12:00:00,2018-06-20 13:00,1.12709,0.0,0.64792,0.003,0.47617,0.0,0.0,0.0,0.0
2018-06-20 13:00:00,2018-06-20 14:00,1.2138,0.0,0.73384,0.003,0.47696,0.0,0.0,0.0,0.0
2018-06-20 14:00:00,2018-06-20 15:00,1.26326,0.0,0.78335,0.003,0.47691,0.0,0.0,0.0,0.0
2018-06-20 15:00:00,2018-06-20 16:00,1.59361,0.0,0.8594,0.23001,0.5042,0.0,0.0,0.0,0.0
2018-06-20 16:00:00,2018-06-20 17:00,2.02759,0.0,0.9198,0.47134,0.63645,0.0,0.0,0.0,0.0
2018-06-20 17:00:00,2018-06-20 18:00,1.84399,0.0,1.0413,0.01345,0.78924,0.05247,0.0,0.0,0.05247
2018-06-20 18:00:00,2018-06-20 19:00,1.96711,0.0,0.98401,0.003,0.9801,0.0,0.0,0.0,0.0
2018-06-20 19:00:00,2018-06-20 20:00,2.98549,0.0,1.07106,0.22705,1.68738,0.05247,0.0,0.0,0.05247
2018-06-20 20:00:00,2018-06-20 21:00,2.33164,0.0,0.92206,0.20949,1.20009,0.0,0.0,0.0,0.0
2018-06-20 21:00:00,2018-06-20 22:00,1.81725,0.0,0.83394,0.003,0.98031,0.0,0.0,0.0,0.0
2018-06-20 22:00:00,2018-06-20 23:00,1.29475,0.0,0.71082,0.003,0.58093,0.0,0.0,0.0,0.0
2018-06-20 23:00:00,2018-06-21 00:00,1.1162,0.0,0.63768,0.003,0.47552,0.0,0.0,0.0,0.0
2018-06-21 00:00:00,2018-06-21 01:00,1.06581,0.0,0.59302,0.003,0.46979,0.0,0.0,0.0,0.0
2018-06-21 01:00:00,2018-06-21 02:00,1.04079,0.0,0.57239,0.003,0.4654,0.0,0.0,0.0,0.0
2018-06-21 02:00:00,2018-06-21 03:00,1.00777,0.0,0.54995,0.003,0.45482,0.0,0.0,0.0,0.0
2018-06-21 03:00:00,2018-06-21 04:00,1.3646,0.0,0.52058,0.39411,0.44991,0.0,0.0,0.0,0.0
2018-06-21 04:00:00,2018-06-21 05:00,0.91505,0.0,0.46097,0.003,0.45108,0.0,0.0,0.0,0.0
2018-06-21 05:00:00,2018-06-21 06:00,0.86968,0.0,0.41308,0.003,0.4536,0.0,0.0,0.0,0.0
2018-06-21 06:00:00,2018-06-21 07:00,0.87483,0.0,0.37326,0.003,0.49857,0.0,0.0,0.0,0.0
2018-06-21 07:00:00,2018-06-21 08:00,0.90389,0.0,0.39226,0.003,0.50863,0.0,0.0,0.0,0.0
2018-06-21 08:00:00,2018-06-21 09:00,0.93848,0.0,0.4047,0.003,0.53078,0.0,0.0,0.0,0.0
2018-06-21 09:00:00,2018-06-21 10:00,1.35639,0.0,0.43551,0.34758,0.5733,0.0,0.0,0.0,0.0
2018-06-21 10:00:00,2018-06-21 11:00,1.23843,0.0,0.61933,0.003,0.6161,0.05247,0.0,0.0,0.05247
2018-06-21 11:00:00,2018-06-21 12:00,1.03745,0.0,0.53439,0.003,0.50006,0.0,0.0,0.0,0.0
2018-06-21 12:00:00,2018-06-21 13:00,1.05077,0.0,0.5716,0.003,0.47617,0.0,0.0,0.0,0.0
2018-06-21 13:00:00,2018-06-21 14:00,1.61851,0.0,0.67304,0.22988,0.71559,0.0,0.0,0.0,0.0
2018-06-21 14:00:00,2018-06-21 15:00,2.04049,0.0,0.71573,0.196,1.12876,0.0,0.0,0.0,0.0
2018-06-21 15:00:00,2018-06-21 16:00,1.28339,0.0,0.74428,0.003,0.53611,0.0,0.0,0.0,0.0
2018-06-21 16:00:00,2018-06-21 17:00,1.58343,0.0,0.92077,0.003,0.65966,0.05247,0.0,0.0,0.05247
2018-06-21 17:00:00,2018-06-21 18:00,1.96497,0.0,0.84789,0.3587,0.75838,0.0,0.0,0.0,0.0
2018-06-21 18:00:00,2018-06-21 19:00,1.77465,0.0,0.88658,0.003,0.88507,0.0,0.0,0.0,0.0
2018-06-21 19:00:00,2018-06-21 20:00,1.94488,0.0,0.83088,0.11207,1.00193,0.0,0.0,0.0,0.0
2018-06-21 20:00:00,2018-06-21 21:00,2.53474,0.0,0.8956,0.39456,1.24458,0.03935,0.0,0.0,0.03935
2018-06-21 21:00:00,2018-06-21 22:00,3.13268,0.0,1.01812,0.003,2.11156,0.11242,0.0,0.0,0.11242
2018-06-21 22:00:00,2018-06-21 23:00,2.7848,0.0,0.79145,0.003,1.99035,0.0075,0.0,0.0,0.0075
2018-06-21 23:00:00,2018-06-22 00:00,1.09007,0.0,0.61154,0.003,0.47553,0.0,0.0,0.0,0.0
2018-06-22 00:00:00,2018-06-22 01:00,1.0083,0.0,0.5355,0.003,0.4698,0.0,0.0,0.0,0.0
2018-06-22 01:00:00,2018-06-22 02:00,0.94507,0.0,0.47665,0.003,0.46542,0.0,0.0,0.0,0.0
2018-06-22 02:00:00,2018-06-22 03:00,0.87316,0.0,0.41082,0.003,0.45934,0.0,0.0,0.0,0.0
2018-06-22 03:00:00,2018-06-22 04:00,0.83265,0.0,0.37242,0.003,0.45723,0.0,0.0,0.0,0.0
2018-06-22 04:00:00,2018-06-22 05:00,0.79687,0.0,0.34277,0.003,0.4511,0.0,0.0,0.0,0.0
2018-06-22 05:00:00,2018-06-22 06:00,0.78285,0.0,0.32909,0.003,0.45076,0.0,0.0,0.0,0.0
2018-06-22 06:00:00,2018-06-22 07:00,1.03842,0.0,0.30487,0.23497,0.49858,0.0,0.0,0.0,0.0
2018-06-22 07:00:00,2018-06-22 08:00,1.34614,0.0,0.32723,0.46226,0.55665,0.0,0.0,0.0,0.0
2018-06-22 08:00:00,2018-06-22 09:00,1.40876,0.0,0.38406,0.46123,0.56347,0.0,0.0,0.0,0.0
2018-06-22 09:00:00,2018-06-22 10:00,0.9852,0.0,0.45698,0.003,0.52522,0.0,0.0,0.0,0.0
2018-06-22 10:00:00,2018-06-22 11:00,1.29363,0.0,0.54766,0.22631,0.51966,0.0,0.0,0.0,0.0
2018-06-22 11:00:00,2018-06-22 12:00,1.2222,0.0,0.59996,0.14697,0.47527,0.0,0.0,0.0,0.0
2018-06-22 12:00:00,2018-06-22 13:00,1.19771,0.0,0.70208,0.003,0.49263,0.01124,0.0,0.0,0.01124
2018-06-22 13:00:00,2018-06-22 14:00,1.46403,0.0,0.8957,0.003,0.56533,0.04123,0.0,0.0,0.04123
2018-06-22 14:00:00,2018-06-22 15:00,1.25346,0.0,0.77355,0.003,0.47691,0.0,0.0,0.0,0.0
2018-06-22 15:00:00,2018-06-22 16:00,1.34685,0.0,0.86914,0.003,0.47471,0.0,0.0,0.0,0.0
2018-06-22 16:00:00,2018-06-22 17:00,1.45521,0.0,0.96409,0.003,0.48812,0.0,0.0,0.0,0.0
2018-06-22 17:00:00,2018-06-22 18:00,1.68534,0.0,1.00158,0.11534,0.56842,0.0,0.0,0.0,0.0
2018-06-22 18:00:00,2018-06-22 19:00,2.2732,0.0,1.10233,0.46034,0.71053,0.0,0.0,0.0,0.0
2018-06-22 19:00:00,2018-06-22 20:00,1.97881,0.0,1.01715,0.10545,0.85621,0.0,0.0,0.0,0.0
2018-06-22 20:00:00,2018-06-22 21:00,2.0273,0.0,0.9715,0.003,1.0528,0.0,0.0,0.0,0.0
2018-06-22 21:00:00,2018-06-22 22:00,1.68113,0.0,0.83841,0.003,0.83972,0.0,0.0,0.0,0.0
2018-06-22 22:00:00,2018-06-22 23:00,1.57565,0.0,0.75971,0.11293,0.70301,0.0,0.0,0.0,0.0
2018-06-22 23:00:00,2018-06-23 00:00,1.51747,0.0,0.6821,0.31675,0.51862,0.0,0.0,0.0,0.0
2018-06-23 00:00:00,2018-06-23 01:00,1.07759,0.0,0.60354,0.003,0.47105,0.0,0.0,0.0,0.0
2018-06-23 01:00:00,2018-06-23 02:00,1.01391,0.0,0.54424,0.003,0.46667,0.0,0.0,0.0,0.0
2018-06-23 02:00:00,2018-06-23 03:00,0.95641,0.0,0.49281,0.003,0.4606,0.0,0.0,0.0,0.0
2018-06-23 03:00:00,2018-06-23 04:00,0.91459,0.0,0.45382,0.003,0.45777,0.0,0.0,0.0,0.0
2018-06-23 04:00:00,2018-06-23 05:00,0.87134,0.0,0.42204,0.003,0.4463,0.0,0.0,0.0,0.0
2018-06-23 05:00:00,2018-06-23 06:00,0.85143,0.0,0.39143,0.003,0.457,0.0,0.0,0.0,0.0
2018-06-23 06:00:00,2018-06-23 07:00,0.91955,0.0,0.38505,0.003,0.5315,0.01124,0.0,0.0,0.01124
2018-06-23 07:00:00,2018-06-23 08:00,1.3717,0.0,0.46617,0.34755,0.55798,0.01498,0.0,0.0,0.01498
2018-06-23 08:00:00,2018-06-23 09:00,1.09956,0.0,0.50088,0.003,0.59568,0.0,0.0,0.0,0.0
2018-06-23 09:00:00,2018-06-23 10:00,1.3018,0.0,0.58179,0.003,0.71701,0.0,0.0,0.0,0.0
2018-06-23 10:00:00,2018-06-23 11:00,1.58456,0.0,0.65878,0.23033,0.69545,0.0,0.0,0.0,0.0
2018-06-23 11:00:00,2018-06-23 12:00,1.59897,0.0,0.75109,0.11614,0.73174,0.0,0.0,0.0,0.0
2018-06-23 12:00:00,2018-06-23 13:00,1.57681,0.0,0.82484,0.003,0.74897,0.0,0.0,0.0,0.0
2018-06-23 13:00:00,2018-06-23 14:00,1.66242,0.0,0.88891,0.003,0.77051,0.0,0.0,0.0,0.0
2018-06-23 14:00:00,2018-06-23 15:00,1.70609,0.0,0.95516,0.003,0.74793,0.0,0.0,0.0,0.0
2018-06-23 15:00:00,2018-06-23 16:00,2.40606,0.0,1.03537,0.39431,0.97638,0.0,0.0,0.0,0.0
2018-06-23 16:00:00,2018-06-23 17:00,3.34054,0.0,1.11644,0.003,2.2211,0.02622,0.0,0.0,0.02622
2018-06-23 17:00:00,2018-06-23 18:00,3.34932,0.0,1.12498,0.003,2.22134,0.0,0.0,0.0,0.0
2018-06-23 18:00:00,2018-06-23 19:00,2.14994,0.0,1.11191,0.11335,0.92468,0.0,0.0,0.0,0.0
2018-06-23 19:00:00,2018-06-23 20:00,2.47437,0.0,1.08242,0.27563,1.11632,0.0,0.0,0.0,0.0
2018-06-23 20:00:00,2018-06-23 21:00,2.23755,0.0,1.02202,0.003,1.21253,0.0,0.0,0.0,0.0
2018-06-23 21:00:00,2018-06-23 22:00,1.94954,0.0,0.92329,0.003,1.02325,0.0,0.0,0.0,0.0
2018-06-23 22:00:00,2018-06-23 23:00,1.65237,0.0,0.82736,0.003,0.82201,0.0,0.0,0.0,0.0
2018-06-23 23:00:00,2018-06-24 00:00,1.28192,0.0,0.72015,0.003,0.55877,0.0,0.0,0.0,0.0
2018-06-24 00:00:00,2018-06-24 01:00,1.12456,0.0,0.64036,0.003,0.4812,0.0,0.0,0.0,0.0
2018-06-24 01:00:00,2018-06-24 02:00,1.05018,0.0,0.58053,0.003,0.46665,0.0,0.0,0.0,0.0
2018-06-24 02:00:00,2018-06-24 03:00,1.00428,0.0,0.54069,0.003,0.46059,0.0,0.0,0.0,0.0
2018-06-24 03:00:00,2018-06-24 04:00,0.97047,0.0,0.509,0.003,0.45847,0.0,0.0,0.0,0.0
2018-06-24 04:00:00,2018-06-24 05:00,1.21974,0.0,0.4738,0.29361,0.45233,0.0,0.0,0.0,0.0
2018-06-24 05:00:00,2018-06-24 06:00,0.89566,0.0,0.44066,0.003,0.452,0.0,0.0,0.0,0.0
2018-06-24 06:00:00,2018-06-24 07:00,0.9411,0.0,0.44686,0.003,0.49124,0.0,0.0,0.0,0.0
2018-06-24 07:00:00,2018-06-24 08:00,1.00653,0.0,0.51018,0.003,0.49335,0.01124,0.0,0.0,0.01124
2018-06-24 08:00:00,2018-06-24 09:00,1.35699,0.0,0.7027,0.003,0.65129,0.06745,0.0,0.0,0.06745
2018-06-24 09:00:00,2018-06-24 10:00,1.54731,0.0,0.59479,0.34848,0.60404,0.0,0.0,0.0,0.0
2018-06-24 10:00:00,2018-06-24 11:00,1.37165,0.0,0.61215,0.08938,0.67012,0.0,0.0,0.0,0.0
2018-06-24 11:00:00,2018-06-24 12:00,1.30819,0.0,0.63606,0.003,0.66913,0.0,0.0,0.0,0.0
2018-06-24 12:00:00,2018-06-24 13:00,1.81396,0.0,0.68624,0.45687,0.67085,0.0,0.0,0.0,0.0
2018-06-24 13:00:00,2018-06-24 14:00,1.54098,0.0,0.76737,0.0698,0.70381,0.0,0.0,0.0,0.0
2018-06-24 14:00:00,2018-06-24 15:00,1.61303,0.0,0.88489,0.003,0.72514,0.0,0.0,0.0,0.0
2018-06-24 15:00:00,2018-06-24 16:00,1.72936,0.0,0.96838,0.003,0.75798,0.0,0.0,0.0,0.0
2018-06-24 16:00:00,2018-06-24 17:00,2.39542,0.0,1.09886,0.34589,0.95067,0.06745,0.0,0.0,0.06745
2018-06-24 17:00:00,2018-06-24 18:00,2.09731,0.0,1.11966,0.03449,0.94316,0.01124,0.0,0.0,0.01124
2018-06-24 18:00:00,2018-06-24 19:00,2.13149,0.0,1.07762,0.003,1.05087,0.0,0.0,0.0,0.0
2018-06-24 19:00:00,2018-06-24 20:00,2.28943,0.0,1.09316,0.003,1.19327,0.06745,0.0,0.0,0.06745
2018-06-24 20:00:00,2018-06-24 21:00,2.86538,0.0,1.06159,0.003,1.80079,0.01124,0.0,0.0,0.01124
2018-06-24 21:00:00,2018-06-24 22:00,4.21601,0.0,1.03685,0.003,3.17616,0.0,0.0,0.0,0.0
2018-06-24 22:00:00,2018-06-24 23:00,2.48627,0.0,0.90013,0.1154,1.47074,0.0,0.0,0.0,0.0
2018-06-24 23:00:00,2018-06-25 00:00,1.47343,0.0,0.77264,0.22322,0.47757,0.0,0.0,0.0,0.0
2018-06-25 00:00:00,2018-06-25 01:00,1.19421,0.0,0.71326,0.003,0.47795,0.0,0.0,0.0,0.0
2018-06-25 01:00:00,2018-06-25 02:00,1.12732,0.0,0.66149,0.003,0.46283,0.0,0.0,0.0,0.0
2018-06-25 02:00:00,2018-06-25 03:00,1.06084,0.0,0.60148,0.003,0.45636,0.0,0.0,0.0,0.0
2018-06-25 03:00:00,2018-06-25 04:00,1.01391,0.0,0.55367,0.003,0.45724,0.0,0.0,0.0,0.0
2018-06-25 04:00:00,2018-06-25 05:00,0.96675,0.0,0.5156,0.003,0.44815,0.0,0.0,0.0,0.0
2018-06-25 05:00:00,2018-06-25 06:00,0.94197,0.0,0.48661,0.003,0.45236,0.0,0.0,0.0,0.0
2018-06-25 06:00:00,2018-06-25 07:00,1.36217,0.0,0.48307,0.34703,0.53207,0.0,0.0,0.0,0.0
2018-06-25 07:00:00,2018-06-25 08:00,1.2419,0.0,0.47028,0.22392,0.5477,0.0,0.0,0.0,0.0
2018-06-25 08:00:00,2018-06-25 09:00,1.23018,0.0,0.46875,0.2284,0.53303,0.0,0.0,0.0,0.0
2018-06-25 09:00:00,2018-06-25 10:00,1.17221,0.0,0.52738,0.11961,0.52522,0.0,0.0,0.0,0.0
2018-06-25 10:00:00,2018-06-25 11:00,1.25501,0.0,0.62085,0.11447,0.51969,0.0,0.0,0.0,0.0
2018-06-25 11:00:00,2018-06-25 12:00,1.58238,0.0,0.74326,0.32163,0.51749,0.0,0.0,0.0,0.0
2018-06-25 12:00:00,2018-06-25 13:00,1.45914,0.0,0.81916,0.11393,0.52605,0.0,0.0,0.0,0.0
2018-06-25 13:00:00,2018-06-25 14:00,1.61974,0.0,0.90892,0.22602,0.4848,0.0,0.0,0.0,0.0
2018-06-25 14:00:00,2018-06-25 15:00,1.48925,0.0,1.00933,0.003,0.47692,0.0,0.0,0.0,0.0
2018-06-25 15:00:00,2018-06-25 16:00,1.56652,0.0,1.08883,0.003,0.47469,0.0,0.0,0.0,0.0
2018-06-25 16:00:00,2018-06-25 17:00,1.62197,0.0,1.12216,0.003,0.49681,0.0,0.0,0.0,0.0
2018-06-25 17:00:00,2018-06-25 18:00,1.73929,0.0,1.09981,0.003,0.63648,0.0,0.0,0.0,0.0
2018-06-25 18:00:00,2018-06-25 19:00,2.0511,0.0,1.10652,0.11456,0.83002,0.0,0.0,0.0,0.0
2018-06-25 19:00:00,2018-06-25 20:00,2.30399,0.0,1.05002,0.30511,0.94886,0.0,0.0,0.0,0.0
2018-06-25 20:00:00,2018-06-25 21:00,2.04725,0.0,0.99306,0.1138,0.94039,0.0,0.0,0.0,0.0
2018-06-25 21:00:00,2018-06-25 22:00,2.17739,0.0,0.94129,0.2269,1.0092,0.0,0.0,0.0,0.0
2018-06-25 22:00:00,2018-06-25 23:00,1.59341,0.0,0.84621,0.003,0.7442,0.0,0.0,0.0,0.0
2018-06-25 23:00:00,2018-06-26 00:00,1.29401,0.0,0.77782,0.003,0.51319,0.0,0.0,0.0,0.0
2018-06-26 00:00:00,2018-06-26 01:00,1.22461,0.0,0.74808,0.003,0.47353,0.0,0.0,0.0,0.0
2018-06-26 01:00:00,2018-06-26 02:00,1.11295,0.0,0.64455,0.003,0.4654,0.0,0.0,0.0,0.0
2018-06-26 02:00:00,2018-06-26 03:00,1.03051,0.0,0.56815,0.003,0.45936,0.0,0.0,0.0,0.0
2018-06-26 03:00:00,2018-06-26 04:00,0.9881,0.0,0.52786,0.003,0.45724,0.0,0.0,0.0,0.0
2018-06-26 04:00:00,2018-06-26 05:00,1.05117,0.0,0.48655,0.11647,0.44815,0.0,0.0,0.0,0.0
2018-06-26 05:00:00,2018-06-26 06:00,1.11886,0.0,0.46913,0.18329,0.46644,0.01124,0.0,0.0,0.01124
2018-06-26 06:00:00,2018-06-26 07:00,1.13321,0.0,0.55292,0.003,0.57729,0.05247,0.0,0.0,0.05247
2018-06-26 07:00:00,2018-06-26 08:00,1.02368,0.0,0.48592,0.003,0.53476,0.01498,0.0,0.0,0.01498
2018-06-26 08:00:00,2018-06-26 09:00,1.46994,0.0,0.45913,0.46131,0.5495,0.0,0.0,0.0,0.0
2018-06-26 09:00:00,2018-06-26 10:00,1.17005,0.0,0.47019,0.16032,0.53954,0.0,0.0,0.0,0.0
2018-06-26 10:00:00,2018-06-26 11:00,0.96115,0.0,0.48759,0.003,0.47056,0.0,0.0,0.0,0.0
2018-06-26 11:00:00,2018-06-26 12:00,0.96723,0.0,0.49638,0.003,0.46785,0.0,0.0,0.0,0.0
2018-06-26 12:00:00,2018-06-26 13:00,0.97917,0.0,0.5,0.003,0.47617,0.0,0.0,0.0,0.0
2018-06-26 13:00:00,2018-06-26 14:00,1.024,0.0,0.51247,0.003,0.50853,0.0,0.0,0.0,0.0
2018-06-26 14:00:00,2018-06-26 15:00,1.02226,0.0,0.52076,0.003,0.4985,0.0,0.0,0.0,0.0
2018-06-26 15:00:00,2018-06-26 16:00,1.02721,0.0,0.5495,0.003,0.47471,0.0,0.0,0.0,0.0
2018-06-26 16:00:00,2018-06-26 17:00,1.19891,0.0,0.57685,0.11587,0.50619,0.0,0.0,0.0,0.0
2018-06-26 17:00:00,2018-06-26 18:00,1.4186,0.0,0.62117,0.22835,0.56908,0.01124,0.0,0.0,0.01124
2018-06-26 18:00:00,2018-06-26 19:00,1.51014,0.0,0.69556,0.003,0.81158,0.01498,0.0,0.0,0.01498
2018-06-26 19:00:00,2018-06-26 20:00,1.98341,0.0,0.68093,0.22917,1.07331,0.0,0.0,0.0,0.0
2018-06-26 20:00:00,2018-06-26 21:00,2.20192,0.0,0.68006,0.33943,1.18243,0.0,0.0,0.0,0.0
2018-06-26 21:00:00,2018-06-26 22:00,1.63026,0.0,0.64095,0.003,0.98631,0.0,0.0,0.0,0.0
2018-06-26 22:00:00,2018-06-26 23:00,1.17411,0.0,0.57478,0.003,0.59633,0.0,0.0,0.0,0.0
2018-06-26 23:00:00,2018-06-27 00:00,1.04831,0.0,0.53214,0.003,0.51317,0.0,0.0,0.0,0.0
2018-06-27 00:00:00,2018-06-27 01:00,0.97992,0.0,0.49896,0.003,0.47796,0.0,0.0,0.0,0.0
2018-06-27 01:00:00,2018-06-27 02:00,0.93719,0.0,0.46959,0.003,0.4646,0.0,0.0,0.0,0.0
2018-06-27 02:00:00,2018-06-27 03:00,1.21839,0.0,0.4451,0.31393,0.45936,0.0,0.0,0.0,0.0
2018-06-27 03:00:00,2018-06-27 04:00,0.87543,0.0,0.41587,0.003,0.45656,0.0,0.0,0.0,0.0
2018-06-27 04:00:00,2018-06-27 05:00,0.83764,0.0,0.38624,0.003,0.4484,0.0,0.0,0.0,0.0
2018-06-27 05:00:00,2018-06-27 06:00,1.18858,0.0,0.38446,0.3445,0.45962,0.0,0.0,0.0,0.0
2018-06-27 06:00:00,2018-06-27 07:00,2.0462,0.0,0.4608,0.19708,1.38832,0.02622,0.0,0.0,0.02622
2018-06-27 07:00:00,2018-06-27 08:00,2.28125,0.0,0.43065,0.003,1.8476,0.0,0.0,0.0,0.0
2018-06-27 08:00:00,2018-06-27 09:00,0.88309,0.0,0.38704,0.003,0.49305,0.0,0.0,0.0,0.0
2018-06-27 09:00:00,2018-06-27 10:00,0.87832,0.0,0.39822,0.003,0.4771,0.0,0.0,0.0,0.0
2018-06-27 10:00:00,2018-06-27 11:00,1.23342,0.0,0.43879,0.3241,0.47053,0.0,0.0,0.0,0.0
2018-06-27 11:00:00,2018-06-27 12:00,0.9702,0.0,0.49936,0.003,0.46784,0.0,0.0,0.0,0.0
2018-06-27 12:00:00,2018-06-27 13:00,1.04095,0.0,0.5618,0.003,0.47615,0.0,0.0,0.0,0.0
2018-06-27 13:00:00,2018-06-27 14:00,1.13796,0.0,0.63953,0.003,0.49543,0.0,0.0,0.0,0.0
2018-06-27 14:00:00,2018-06-27 15:00,1.41327,0.0,0.7546,0.11593,0.54274,0.01124,0.0,0.0,0.01124
2018-06-27 15:00:00,2018-06-27 16:00,2.23209,0.0,1.09821,0.34559,0.78829,0.11242,0.0,0.0,0.11242
2018-06-27 16:00:00,2018-06-27 17:00,2.25275,0.0,1.12398,0.003,1.12577,0.03561,0.0,0.0,0.03561
2018-06-27 17:00:00,2018-06-27 18:00,4.19981,0.0,1.10232,0.22943,2.86806,0.0,0.0,0.0,0.0
2018-06-27 18:00:00,2018-06-27 19:00,4.20731,0.0,1.11237,0.15396,2.94098,0.0,0.0,0.0,0.0
2018-06-27 19:00:00,2018-06-27 20:00,3.15458,0.0,1.1107,0.003,2.04088,0.0,0.0,0.0,0.0
2018-06-27 20:00:00,2018-06-27 21:00,2.5447,0.0,1.0311,0.11398,1.39962,0.0,0.0,0.0,0.0
2018-06-27 21:00:00,2018-06-27 22:00,4.38076,0.0,0.99879,0.31921,3.06276,0.0,0.0,0.0,0.0
2018-06-27 22:00:00,2018-06-27 23:00,1.69585,0.0,0.8357,0.003,0.85715,0.0,0.0,0.0,0.0
2018-06-27 23:00:00,2018-06-28 00:00,1.2537,0.0,0.73753,0.003,0.51317,0.0,0.0,0.0,0.0
2018-06-28 00:00:00,2018-06-28 01:00,1.14981,0.0,0.66887,0.003,0.47794,0.0,0.0,0.0,0.0
2018-06-28 01:00:00,2018-06-28 02:00,1.08396,0.0,0.61813,0.003,0.46283,0.0,0.0,0.0,0.0
2018-06-28 02:00:00,2018-06-28 03:00,1.36586,0.0,0.56469,0.35004,0.45113,0.0,0.0,0.0,0.0
2018-06-28 03:00:00,2018-06-28 04:00,1.05614,0.0,0.51792,0.09132,0.4469,0.0,0.0,0.0,0.0
2018-06-28 04:00:00,2018-06-28 05:00,0.94115,0.0,0.48708,0.003,0.45107,0.0,0.0,0.0,0.0
2018-06-28 05:00:00,2018-06-28 06:00,0.90932,0.0,0.45272,0.003,0.4536,0.0,0.0,0.0,0.0
2018-06-28 06:00:00,2018-06-28 07:00,1.29544,0.0,0.4478,0.34186,0.50578,0.0,0.0,0.0,0.0
2018-06-28 07:00:00,2018-06-28 08:00,1.39333,0.0,0.61924,0.20365,0.57044,0.05247,0.0,0.0,0.05247
2018-06-28 08:00:00,2018-06-28 09:00,1.47366,0.0,0.84681,0.003,0.62385,0.09556,0.0,0.0,0.09556
2018-06-28 09:00:00,2018-06-28 10:00,1.38951,0.0,0.85272,0.003,0.53379,0.03746,0.0,0.0,0.03746
2018-06-28 10:00:00,2018-06-28 11:00,1.64013,0.0,0.8422,0.32738,0.47055,0.0,0.0,0.0,0.0
2018-06-28 11:00:00,2018-06-28 12:00,1.39273,0.0,0.9219,0.003,0.46783,0.0,0.0,0.0,0.0
2018-06-28 12:00:00,2018-06-28 13:00,1.51494,0.0,1.03579,0.003,0.47615,0.0,0.0,0.0,0.0
2018-06-28 13:00:00,2018-06-28 14:00,1.58172,0.0,1.10175,0.003,0.47697,0.0,0.0,0.0,0.0
2018-06-28 14:00:00,2018-06-28 15:00,1.61961,0.0,1.1397,0.003,0.47691,0.0,0.0,0.0,0.0
2018-06-28 15:00:00,2018-06-28 16:00,1.66932,0.0,1.19162,0.003,0.4747,0.0,0.0,0.0,0.0
2018-06-28 16:00:00,2018-06-28 17:00,1.7448,0.0,1.20863,0.003,0.53317,0.0,0.0,0.0,0.0
2018-06-28 17:00:00,2018-06-28 18:00,2.32268,0.0,1.22443,0.42437,0.67388,0.02622,0.0,0.0,0.02622
2018-06-28 18:00:00,2018-06-28 19:00,2.09528,0.0,1.22281,0.003,0.86947,0.0,0.0,0.0,0.0
2018-06-28 19:00:00,2018-06-28 20:00,2.1539,0.0,1.20105,0.003,0.94985,0.0,0.0,0.0,0.0
2018-06-28 20:00:00,2018-06-28 21:00,2.21432,0.0,1.18355,0.003,1.02777,0.0,0.0,0.0,0.0
2018-06-28 21:00:00,2018-06-28 22:00,2.6235,0.0,1.163,0.46179,0.99871,0.0,0.0,0.0,0.0
2018-06-28 22:00:00,2018-06-28 23:00,1.88358,0.0,1.13782,0.07457,0.67119,0.0,0.0,0.0,0.0
2018-06-28 23:00:00,2018-06-29 00:00,1.60577,0.0,1.12037,0.003,0.4824,0.0,0.0,0.0,0.0
2018-06-29 00:00:00,2018-06-29 01:00,1.58034,0.0,1.10708,0.003,0.47026,0.0,0.0,0.0,0.0
2018-06-29 01:00:00,2018-06-29 02:00,1.53342,0.0,1.06487,0.003,0.46555,0.0,0.0,0.0,0.0
2018-06-29 02:00:00,2018-06-29 03:00,1.42563,0.0,0.96327,0.003,0.45936,0.0,0.0,0.0,0.0
2018-06-29 03:00:00,2018-06-29 04:00,1.36689,0.0,0.90667,0.003,0.45722,0.0,0.0,0.0,0.0
2018-06-29 04:00:00,2018-06-29 05:00,1.33609,0.0,0.88201,0.003,0.45108,0.0,0.0,0.0,0.0
2018-06-29 05:00:00,2018-06-29 06:00,1.29229,0.0,0.83569,0.003,0.4536,0.0,0.0,0.0,0.0
2018-06-29 06:00:00,2018-06-29 07:00,1.65718,0.0,0.87006,0.23567,0.55145,0.0,0.0,0.0,0.0
2018-06-29 07:00:00,2018-06-29 08:00,1.924,0.0,0.96185,0.3509,0.61125,0.01124,0.0,0.0,0.01124
2018-06-29 08:00:00,2018-06-29 09:00,1.8644,0.0,1.18699,0.003,0.67441,0.04123,0.0,0.0,0.04123
2018-06-29 09:00:00,2018-06-29 10:00,3.67583,0.0,1.23522,0.003,2.43761,0.0,0.0,0.0,0.0
2018-06-29 10:00:00,2018-06-29 11:00,2.97311,0.0,1.28129,0.3984,1.29342,0.0,0.0,0.0,0.0
2018-06-29 11:00:00,2018-06-29 12:00,1.83077,0.0,1.30932,0.003,0.51845,0.0,0.0,0.0,0.0
2018-06-29 12:00:00,2018-06-29 13:00,1.86718,0.0,1.3366,0.003,0.52758,0.0,0.0,0.0,0.0
2018-06-29 13:00:00,2018-06-29 14:00,1.90495,0.0,1.3702,0.003,0.53175,0.0,0.0,0.0,0.0
2018-06-29 14:00:00,2018-06-29 15:00,2.27202,0.0,1.39384,0.34402,0.53416,0.0,0.0,0.0,0.0
2018-06-29 15:00:00,2018-06-29 16:00,1.94275,0.0,1.401,0.003,0.53875,0.0,0.0,0.0,0.0
2018-06-29 16:00:00,2018-06-29 17:00,1.97034,0.0,1.40207,0.003,0.56527,0.0,0.0,0.0,0.0
2018-06-29 17:00:00,2018-06-29 18:00,2.14819,0.0,1.39247,0.003,0.75272,0.07869,0.0,0.0,0.07869
2018-06-29 18:00:00,2018-06-29 19:00,2.23437,0.0,1.35745,0.003,0.87392,0.0,0.0,0.0,0.0
2018-06-29 19:00:00,2018-06-29 20:00,2.60283,0.0,1.32165,0.23903,1.04215,0.0,0.0,0.0,0.0
2018-06-29 20:00:00,2018-06-29 21:00,2.54045,0.0,1.29282,0.06148,1.18615,0.0,0.0,0.0,0.0
2018-06-29 21:00:00,2018-06-29 22:00,2.29074,0.0,1.27435,0.003,1.01339,0.0,0.0,0.0,0.0
2018-06-29 22:00:00,2018-06-29 23:00,2.06449,0.0,1.26025,0.003,0.80124,0.0,0.0,0.0,0.0
2018-06-29 23:00:00,2018-06-30 00:00,1.72852,0.0,1.24528,0.003,0.48024,0.0,0.0,0.0,0.0
2018-06-30 00:00:00,2018-06-30 01:00,1.72708,0.0,1.24852,0.003,0.47556,0.0,0.0,0.0,0.0
2018-06-30 01:00:00,2018-06-30 02:00,1.71842,0.0,1.24465,0.003,0.47077,0.0,0.0,0.0,0.0
2018-06-30 02:00:00,2018-06-30 03:00,1.68944,0.0,1.22249,0.003,0.46395,0.0,0.0,0.0,0.0
2018-06-30 03:00:00,2018-06-30 04:00,1.66189,0.0,1.19714,0.003,0.46175,0.0,0.0,0.0,0.0
2018-06-30 04:00:00,2018-06-30 05:00,1.63854,0.0,1.18044,0.003,0.4551,0.0,0.0,0.0,0.0
2018-06-30 05:00:00,2018-06-30 06:00,1.96767,0.0,1.16722,0.3417,0.45875,0.0,0.0,0.0,0.0
2018-06-30 06:00:00,2018-06-30 07:00,1.68134,0.0,1.15516,0.003,0.52318,0.0,0.0,0.0,0.0
2018-06-30 07:00:00,2018-06-30 08:00,1.73613,0.0,1.15078,0.003,0.58235,0.02622,0.0,0.0,0.02622
2018-06-30 08:00:00,2018-06-30 09:00,2.06883,0.0,1.14239,0.23853,0.68791,0.0,0.0,0.0,0.0
2018-06-30 09:00:00,2018-06-30 10:00,1.84033,0.0,1.165,0.06708,0.60825,0.0,0.0,0.0,0.0
2018-06-30 10:00:00,2018-06-30 11:00,1.80174,0.0,1.19719,0.003,0.60155,0.0,0.0,0.0,0.0
2018-06-30 11:00:00,2018-06-30 12:00,1.87357,0.0,1.20579,0.003,0.66478,0.0,0.0,0.0,0.0
2018-06-30 12:00:00,2018-06-30 13:00,1.97974,0.0,1.23108,0.003,0.74566,0.02622,0.0,0.0,0.02622
2018-06-30 13:00:00,2018-06-30 14:00,2.24197,0.0,1.23799,0.30104,0.70294,0.0,0.0,0.0,0.0
2018-06-30 14:00:00,2018-06-30 15:00,2.01414,0.0,1.25117,0.003,0.75997,0.0,0.0,0.0,0.0
2018-06-30 15:00:00,2018-06-30 16:00,2.10307,0.0,1.23613,0.11625,0.75069,0.0,0.0,0.0,0.0
2018-06-30 16:00:00,2018-06-30 17:00,2.27715,0.0,1.20004,0.21292,0.86419,0.05247,0.0,0.0,0.05247
2018-06-30 17:00:00,2018-06-30 18:00,1.97671,0.0,1.1839,0.003,0.78981,0.0,0.0,0.0,0.0
2018-06-30 18:00:00,2018-06-30 19:00,1.96949,0.0,1.16497,0.003,0.80152,0.0,0.0,0.0,0.0
2018-06-30 19:00:00,2018-06-30 20:00,2.28015,0.0,1.16299,0.23192,0.88524,0.0,0.0,0.0,0.0
2018-06-30 20:00:00,2018-06-30 21:00,2.42414,0.0,1.14388,0.20988,1.07038,0.0,0.0,0.0,0.0
2018-06-30 21:00:00,2018-06-30 22:00,2.0303,0.0,1.12158,0.003,0.90572,0.0,0.0,0.0,0.0
2018-06-30 22:00:00,2018-06-30 23:00,1.82891,0.0,1.10918,0.003,0.71673,0.0,0.0,0.0,0.0
2018-06-30 23:00:00,2018-07-01 00:00,1.64874,0.0,1.09625,0.003,0.54949,0.0,0.0,0.0,0.0
2018-07-01 00:00:00,2018-07-01 01:00,1.56396,0.0,1.08383,0.003,0.47713,0.0,0.0,0.0,0.0
2018-07-01 01:00:00,2018-07-01 02:00,1.54832,0.0,1.07733,0.003,0.46799,0.0,0.0,0.0,0.0
2018-07-01 02:00:00,2018-07-01 03:00,1.53161,0.0,1.06718,0.003,0.46143,0.0,0.0,0.0,0.0
2018-07-01 03:00:00,2018-07-01 04:00,1.51594,0.0,1.05394,0.003,0.459,0.0,0.0,0.0,0.0
2018-07-01 04:00:00,2018-07-01 05:00,1.43991,0.0,0.98441,0.003,0.4525,0.0,0.0,0.0,0.0
2018-07-01 05:00:00,2018-07-01 06:00,1.31918,0.0,0.86406,0.003,0.45212,0.0,0.0,0.0,0.0
2018-07-01 06:00:00,2018-07-01 07:00,1.30234,0.0,0.80797,0.003,0.49137,0.0,0.0,0.0,0.0
2018-07-01 07:00:00,2018-07-01 08:00,1.25328,0.0,0.77879,0.003,0.47149,0.0,0.0,0.0,0.0
2018-07-01 08:00:00,2018-07-01 09:00,1.47899,0.0,0.75723,0.2404,0.48136,0.0,0.0,0.0,0.0
2018-07-01 09:00:00,2018-07-01 10:00,1.34528,0.0,0.7378,0.06424,0.54324,0.0,0.0,0.0,0.0
2018-07-01 10:00:00,2018-07-01 11:00,1.43823,0.0,0.72556,0.11565,0.59702,0.0,0.0,0.0,0.0
2018-07-01 11:00:00,2018-07-01 12:00,1.51542,0.0,0.69232,0.21161,0.61149,0.0,0.0,0.0,0.0
2018-07-01 12:00:00,2018-07-01 13:00,1.32963,0.0,0.62248,0.003,0.70415,0.0,0.0,0.0,0.0
2018-07-01 13:00:00,2018-07-01 14:00,1.64313,0.0,0.70448,0.23012,0.70853,0.0,0.0,0.0,0.0
2018-07-01 14:00:00,2018-07-01 15:00,2.16212,0.0,0.834,0.17602,1.1521,0.02622,0.0,0.0,0.02622
2018-07-01 15:00:00,2018-07-01 16:00,2.36724,0.0,0.75825,0.003,1.60599,0.0,0.0,0.0,0.0
2018-07-01 16:00:00,2018-07-01 17:00,1.87185,0.0,0.74462,0.34595,0.78128,0.0,0.0,0.0,0.0
2018-07-01 17:00:00,2018-07-01 18:00,1.78371,0.0,0.86039,0.07774,0.84558,0.01124,0.0,0.0,0.01124
2018-07-01 18:00:00,2018-07-01 19:00,2.17103,0.0,1.05291,0.003,1.11512,0.06745,0.0,0.0,0.06745
2018-07-01 19:00:00,2018-07-01 20:00,2.1026,0.0,0.96292,0.003,1.13668,0.0,0.0,0.0,0.0
2018-07-01 20:00:00,2018-07-01 21:00,2.54032,0.0,0.90408,0.42458,1.21166,0.0,0.0,0.0,0.0
2018-07-01 21:00:00,2018-07-01 22:00,1.82398,0.0,0.79864,0.003,1.02234,0.0,0.0,0.0,0.0
2018-07-01 22:00:00,2018-07-01 23:00,1.663,0.0,0.70728,0.22818,0.72754,0.0,0.0,0.0,0.0
2018-07-01 23:00:00,2018-07-02 00:00,1.29122,0.0,0.61056,0.16276,0.5179,0.0,0.0,0.0,0.0
2018-07-02 00:00:00,2018-07-02 01:00,1.0058,0.0,0.52513,0.003,0.47767,0.0,0.0,0.0,0.0
2018-07-02 01:00:00,2018-07-02 02:00,0.96151,0.0,0.49597,0.003,0.46254,0.0,0.0,0.0,0.0
2018-07-02 02:00:00,2018-07-02 03:00,0.92736,0.0,0.47285,0.003,0.45151,0.0,0.0,0.0,0.0
2018-07-02 03:00:00,2018-07-02 04:00,1.14146,0.0,0.46165,0.23021,0.4496,0.0,0.0,0.0,0.0
2018-07-02 04:00:00,2018-07-02 05:00,1.11916,0.0,0.52174,0.14557,0.45185,0.0,0.0,0.0,0.0
2018-07-02 05:00:00,2018-07-02 06:00,1.30868,0.0,0.51098,0.33829,0.45941,0.0,0.0,0.0,0.0
2018-07-02 06:00:00,2018-07-02 07:00,1.83707,0.0,0.73096,0.46014,0.64597,0.07869,0.0,0.0,0.07869
2018-07-02 07:00:00,2018-07-02 08:00,1.62369,0.0,0.59805,0.47066,0.55498,0.0,0.0,0.0,0.0
2018-07-02 08:00:00,2018-07-02 09:00,1.36307,0.0,0.66014,0.14147,0.56146,0.0,0.0,0.0,0.0
2018-07-02 09:00:00,2018-07-02 10:00,1.20416,0.0,0.71704,0.003,0.48412,0.0,0.0,0.0,0.0
2018-07-02 10:00:00,2018-07-02 11:00,1.30254,0.0,0.82892,0.003,0.47062,0.0,0.0,0.0,0.0
2018-07-02 11:00:00,2018-07-02 12:00,1.39428,0.0,0.92337,0.003,0.46791,0.0,0.0,0.0,0.0
2018-07-02 12:00:00,2018-07-02 13:00,1.53095,0.0,1.05171,0.003,0.47624,0.0,0.0,0.0,0.0
2018-07-02 13:00:00,2018-07-02 14:00,1.62331,0.0,1.14327,0.003,0.47704,0.0,0.0,0.0,0.0
2018-07-02 14:00:00,2018-07-02 15:00,1.67772,0.0,1.19182,0.003,0.4829,0.0,0.0,0.0,0.0
2018-07-02 15:00:00,2018-07-02 16:00,1.72644,0.0,1.21026,0.003,0.51318,0.0,0.0,0.0,0.0
2018-07-02 16:00:00,2018-07-02 17:00,2.00259,0.0,1.21554,0.29859,0.48846,0.0,0.0,0.0,0.0
2018-07-02 17:00:00,2018-07-02 18:00,1.77736,0.0,1.21638,0.003,0.55798,0.0,0.0,0.0,0.0
2018-07-02 18:00:00,2018-07-02 19:00,1.95608,0.0,1.20002,0.003,0.75306,0.02622,0.0,0.0,0.02622
2018-07-02 19:00:00,2018-07-02 20:00,2.10399,0.0,1.17363,0.003,0.92736,0.0,0.0,0.0,0.0
2018-07-02 20:00:00,2018-07-02 21:00,2.77892,0.0,1.13994,0.46502,1.17396,0.0,0.0,0.0,0.0
2018-07-02 21:00:00,2018-07-02 22:00,2.29874,0.0,1.1175,0.003,1.17824,0.0,0.0,0.0,0.0
2018-07-02 22:00:00,2018-07-02 23:00,1.90046,0.0,1.10346,0.003,0.794,0.0,0.0,0.0,0.0
2018-07-02 23:00:00,2018-07-03 00:00,1.6238,0.0,1.09052,0.003,0.53028,0.0,0.0,0.0,0.0
2018-07-03 00:00:00,2018-07-03 01:00,1.55799,0.0,1.07699,0.003,0.478,0.0,0.0,0.0,0.0
2018-07-03 01:00:00,2018-07-03 02:00,1.46074,0.0,0.99261,0.003,0.46513,0.0,0.0,0.0,0.0
2018-07-03 02:00:00,2018-07-03 03:00,1.35189,0.0,0.88942,0.003,0.45947,0.0,0.0,0.0,0.0
2018-07-03 03:00:00,2018-07-03 04:00,1.278,0.0,0.81767,0.003,0.45733,0.0,0.0,0.0,0.0
2018-07-03 04:00:00,2018-07-03 05:00,1.20936,0.0,0.75517,0.003,0.45119,0.0,0.0,0.0,0.0
2018-07-03 05:00:00,2018-07-03 06:00,1.52187,0.0,0.71187,0.34874,0.46126,0.0,0.0,0.0,0.0
2018-07-03 06:00:00,2018-07-03 07:00,1.51577,0.0,0.71586,0.21275,0.58716,0.01124,0.0,0.0,0.01124
2018-07-03 07:00:00,2018-07-03 08:00,1.36146,0.0,0.69329,0.11325,0.55492,0.01498,0.0,0.0,0.01498
2018-07-03 08:00:00,2018-07-03 09:00,1.54402,0.0,0.60104,0.42279,0.52019,0.0,0.0,0.0,0.0
2018-07-03 09:00:00,2018-07-03 10:00,1.09925,0.0,0.57219,0.003,0.52406,0.0,0.0,0.0,0.0
2018-07-03 10:00:00,2018-07-03 11:00,1.19378,0.0,0.56189,0.11339,0.5185,0.0,0.0,0.0,0.0
2018-07-03 11:00:00,2018-07-03 12:00,1.34436,0.0,0.57298,0.28418,0.4872,0.0,0.0,0.0,0.0
2018-07-03 12:00:00,2018-07-03 13:00,1.09985,0.0,0.62061,0.003,0.47624,0.0,0.0,0.0,0.0
2018-07-03 13:00:00,2018-07-03 14:00,1.14288,0.0,0.65765,0.003,0.48223,0.0,0.0,0.0,0.0
2018-07-03 14:00:00,2018-07-03 15:00,1.22065,0.0,0.69315,0.003,0.5245,0.0,0.0,0.0,0.0
2018-07-03 15:00:00,2018-07-03 16:00,1.87587,0.0,1.02819,0.23221,0.61547,0.05247,0.0,0.0,0.05247
2018-07-03 16:00:00,2018-07-03 17:00,1.99173,0.0,1.14561,0.21214,0.63398,0.0,0.0,0.0,0.0
2018-07-03 17:00:00,2018-07-03 18:00,1.9714,0.0,1.21646,0.003,0.75194,0.03935,0.0,0.0,0.03935
2018-07-03 18:00:00,2018-07-03 19:00,2.22425,0.0,1.21892,0.11475,0.89058,0.03935,0.0,0.0,0.03935
2018-07-03 19:00:00,2018-07-03 20:00,4.23408,0.0,1.19518,0.22643,2.81247,0.0,0.0,0.0,0.0
2018-07-03 20:00:00,2018-07-03 21:00,3.39532,0.0,1.15713,0.003,2.23519,0.0,0.0,0.0,0.0
2018-07-03 21:00:00,2018-07-03 22:00,2.72274,0.0,1.14226,0.40256,1.17792,0.0,0.0,0.0,0.0
2018-07-03 22:00:00,2018-07-03 23:00,1.87704,0.0,1.14141,0.003,0.73263,0.0,0.0,0.0,0.0
2018-07-03 23:00:00,2018-07-04 00:00,1.6287,0.0,1.13348,0.003,0.49222,0.0,0.0,0.0,0.0
2018-07-04 00:00:00,2018-07-04 01:00,1.50151,0.0,1.02857,0.003,0.46994,0.0,0.0,0.0,0.0
2018-07-04 01:00:00,2018-07-04 02:00,1.39033,0.0,0.92182,0.003,0.46551,0.0,0.0,0.0,0.0
2018-07-04 02:00:00,2018-07-04 03:00,1.35493,0.0,0.89246,0.003,0.45947,0.0,0.0,0.0,0.0
2018-07-04 03:00:00,2018-07-04 04:00,1.32111,0.0,0.86144,0.003,0.45667,0.0,0.0,0.0,0.0
2018-07-04 04:00:00,2018-07-04 05:00,1.37473,0.0,0.81572,0.11685,0.44216,0.0,0.0,0.0,0.0
2018-07-04 05:00:00,2018-07-04 06:00,1.56305,0.0,0.78739,0.31325,0.46241,0.0,0.0,0.0,0.0
2018-07-04 06:00:00,2018-07-04 07:00,1.44275,0.0,0.87111,0.003,0.56864,0.0,0.0,0.0,0.0
2018-07-04 07:00:00,2018-07-04 08:00,1.79996,0.0,0.90608,0.34761,0.54627,0.0,0.0,0.0,0.0
2018-07-04 08:00:00,2018-07-04 09:00,1.5906,0.0,0.97868,0.09175,0.52017,0.0,0.0,0.0,0.0
2018-07-04 09:00:00,2018-07-04 10:00,1.46629,0.0,0.93925,0.003,0.52404,0.0,0.0,0.0,0.0
2018-07-04 10:00:00,2018-07-04 11:00,1.51703,0.0,0.77126,0.23214,0.51363,0.0,0.0,0.0,0.0
2018-07-04 11:00:00,2018-07-04 12:00,1.39636,0.0,0.78382,0.10358,0.50896,0.0,0.0,0.0,0.0
2018-07-04 12:00:00,2018-07-04 13:00,1.58673,0.0,0.92264,0.11507,0.54902,0.0,0.0,0.0,0.0
2018-07-04 13:00:00,2018-07-04 14:00,1.94974,0.0,0.95221,0.46916,0.52837,0.0,0.0,0.0,0.0
2018-07-04 14:00:00,2018-07-04 15:00,1.53864,0.0,0.83772,0.16463,0.53629,0.0,0.0,0.0,0.0
2018-07-04 15:00:00,2018-07-04 16:00,1.43497,0.0,0.81341,0.003,0.61856,0.0,0.0,0.0,0.0
2018-07-04 16:00:00,2018-07-04 17:00,3.49204,0.0,0.99086,0.003,2.49818,0.0,0.0,0.0,0.0
2018-07-04 17:00:00,2018-07-04 18:00,1.82469,0.0,1.01946,0.003,0.80223,0.0,0.0,0.0,0.0
2018-07-04 18:00:00,2018-07-04 19:00,2.3622,0.0,1.11124,0.43971,0.81125,0.0,0.0,0.0,0.0
2018-07-04 19:00:00,2018-07-04 20:00,2.03977,0.0,1.0892,0.003,0.94757,0.0,0.0,0.0,0.0
2018-07-04 20:00:00,2018-07-04 21:00,2.17233,0.0,1.08284,0.003,1.08649,0.0,0.0,0.0,0.0
2018-07-04 21:00:00,2018-07-04 22:00,2.61418,0.0,1.03309,0.42646,1.15463,0.0,0.0,0.0,0.0
2018-07-04 22:00:00,2018-07-04 23:00,1.5572,0.0,0.91287,0.003,0.64133,0.0,0.0,0.0,0.0
2018-07-04 23:00:00,2018-07-05 00:00,1.4673,0.0,0.84957,0.11476,0.50297,0.0,0.0,0.0,0.0
2018-07-05 00:00:00,2018-07-05 01:00,1.5051,0.0,0.79847,0.22895,0.47768,0.0,0.0,0.0,0.0
2018-07-05 01:00:00,2018-07-05 02:00,1.22822,0.0,0.76269,0.003,0.46253,0.0,0.0,0.0,0.0
2018-07-05 02:00:00,2018-07-05 03:00,1.42431,0.0,0.7459,0.22692,0.45149,0.0,0.0,0.0,0.0
2018-07-05 03:00:00,2018-07-05 04:00,1.64795,0.0,0.75761,0.4259,0.46444,0.01124,0.0,0.0,0.01124
2018-07-05 04:00:00,2018-07-05 05:00,1.5449,0.0,1.00174,0.003,0.54016,0.09367,0.0,0.0,0.09367
2018-07-05 05:00:00,2018-07-05 06:00,1.19446,0.0,0.73779,0.003,0.45367,0.0,0.0,0.0,0.0
2018-07-05 06:00:00,2018-07-05 07:00,1.23184,0.0,0.72027,0.003,0.50857,0.0,0.0,0.0,0.0
2018-07-05 07:00:00,2018-07-05 08:00,1.17435,0.0,0.6966,0.003,0.47475,0.0,0.0,0.0,0.0
2018-07-05 08:00:00,2018-07-05 09:00,1.54685,0.0,0.74166,0.31255,0.49264,0.0,0.0,0.0,0.0
2018-07-05 09:00:00,2018-07-05 10:00,1.28412,0.0,0.77588,0.003,0.50524,0.0,0.0,0.0,0.0
2018-07-05 10:00:00,2018-07-05 11:00,1.26888,0.0,0.77619,0.003,0.48969,0.0,0.0,0.0,0.0
2018-07-05 11:00:00,2018-07-05 12:00,1.33134,0.0,0.86044,0.003,0.4679,0.0,0.0,0.0,0.0
2018-07-05 12:00:00,2018-07-05 13:00,1.43619,0.0,0.95695,0.003,0.47624,0.0,0.0,0.0,0.0
2018-07-05 13:00:00,2018-07-05 14:00,1.46692,0.0,0.98689,0.003,0.47703,0.0,0.0,0.0,0.0
2018-07-05 14:00:00,2018-07-05 15:00,1.75877,0.0,1.04691,0.23486,0.477,0.0,0.0,0.0,0.0
2018-07-05 15:00:00,2018-07-05 16:00,1.63827,0.0,1.09835,0.06509,0.47483,0.0,0.0,0.0,0.0
2018-07-05 16:00:00,2018-07-05 17:00,1.69257,0.0,1.14869,0.003,0.54088,0.02622,0.0,0.0,0.02622
2018-07-05 17:00:00,2018-07-05 18:00,1.74262,0.0,1.14766,0.003,0.59196,0.0,0.0,0.0,0.0
2018-07-05 18:00:00,2018-07-05 19:00,2.24603,0.0,1.14228,0.35007,0.75368,0.0,0.0,0.0,0.0
2018-07-05 19:00:00,2018-07-05 20:00,2.04771,0.0,1.12509,0.0316,0.89102,0.0,0.0,0.0,0.0
2018-07-05 20:00:00,2018-07-05 21:00,2.00738,0.0,1.08209,0.003,0.92229,0.0,0.0,0.0,0.0
2018-07-05 21:00:00,2018-07-05 22:00,1.84676,0.0,1.01598,0.003,0.82778,0.0,0.0,0.0,0.0
2018-07-05 22:00:00,2018-07-05 23:00,1.40373,0.0,0.86542,0.003,0.53531,0.0,0.0,0.0,0.0
2018-07-05 23:00:00,2018-07-06 00:00,1.23849,0.0,0.75984,0.003,0.47565,0.0,0.0,0.0,0.0
2018-07-06 00:00:00,2018-07-06 01:00,1.1509,0.0,0.67798,0.003,0.46992,0.0,0.0,0.0,0.0
2018-07-06 01:00:00,2018-07-06 02:00,1.20454,0.0,0.62254,0.11647,0.46553,0.0,0.0,0.0,0.0
2018-07-06 02:00:00,2018-07-06 03:00,1.20984,0.0,0.566,0.18439,0.45945,0.0,0.0,0.0,0.0
2018-07-06 03:00:00,2018-07-06 04:00,0.98386,0.0,0.52354,0.003,0.45732,0.0,0.0,0.0,0.0
2018-07-06 04:00:00,2018-07-06 05:00,0.94244,0.0,0.48825,0.003,0.45119,0.0,0.0,0.0,0.0
2018-07-06 05:00:00,2018-07-06 06:00,0.93584,0.0,0.47261,0.003,0.46023,0.0,0.0,0.0,0.0
2018-07-06 06:00:00,2018-07-06 07:00,1.35913,0.0,0.45936,0.34556,0.55421,0.0,0.0,0.0,0.0
2018-07-06 07:00:00,2018-07-06 08:00,1.59998,0.0,0.5357,0.46675,0.59753,0.0,0.0,0.0,0.0
2018-07-06 08:00:00,2018-07-06 09:00,1.37139,0.0,0.61441,0.18872,0.56826,0.0,0.0,0.0,0.0
2018-07-06 09:00:00,2018-07-06 10:00,1.19429,0.0,0.66723,0.003,0.52406,0.0,0.0,0.0,0.0
2018-07-06 10:00:00,2018-07-06 11:00,1.59405,0.0,0.73585,0.3397,0.5185,0.0,0.0,0.0,0.0
2018-07-06 11:00:00,2018-07-06 12:00,1.55279,0.0,0.79525,0.27035,0.48719,0.0,0.0,0.0,0.0
2018-07-06 12:00:00,2018-07-06 13:00,1.35739,0.0,0.84886,0.003,0.50553,0.0,0.0,0.0,0.0
2018-07-06 13:00:00,2018-07-06 14:00,1.37792,0.0,0.89027,0.003,0.48465,0.0,0.0,0.0,0.0
2018-07-06 14:00:00,2018-07-06 15:00,1.42892,0.0,0.94892,0.003,0.477,0.0,0.0,0.0,0.0
2018-07-06 15:00:00,2018-07-06 16:00,1.47814,0.0,1.00034,0.003,0.4748,0.0,0.0,0.0,0.0
2018-07-06 16:00:00,2018-07-06 17:00,2.00775,0.0,1.08163,0.33783,0.58829,0.01124,0.0,0.0,0.01124
2018-07-06 17:00:00,2018-07-06 18:00,2.17525,0.0,1.11726,0.25424,0.80375,0.11242,0.0,0.0,0.11242
2018-07-06 18:00:00,2018-07-06 19:00,1.99502,0.0,1.10092,0.003,0.8911,0.0075,0.0,0.0,0.0075
2018-07-06 19:00:00,2018-07-06 20:00,2.47174,0.0,1.09455,0.37649,1.0007,0.0,0.0,0.0,0.0
2018-07-06 20:00:00,2018-07-06 21:00,2.25562,0.0,1.07069,0.003,1.18193,0.0,0.0,0.0,0.0
2018-07-06 21:00:00,2018-07-06 22:00,2.00814,0.0,1.04074,0.003,0.9644,0.0,0.0,0.0,0.0
2018-07-06 22:00:00,2018-07-06 23:00,1.63499,0.0,0.91676,0.003,0.71523,0.0,0.0,0.0,0.0
2018-07-06 23:00:00,2018-07-07 00:00,1.32416,0.0,0.80756,0.003,0.5136,0.0,0.0,0.0,0.0
2018-07-07 00:00:00,2018-07-07 01:00,1.19893,0.0,0.71776,0.003,0.47817,0.0,0.0,0.0,0.0
2018-07-07 01:00:00,2018-07-07 02:00,1.13196,0.0,0.66219,0.003,0.46677,0.0,0.0,0.0,0.0
2018-07-07 02:00:00,2018-07-07 03:00,1.0872,0.0,0.62347,0.003,0.46073,0.0,0.0,0.0,0.0
2018-07-07 03:00:00,2018-07-07 04:00,1.0524,0.0,0.59083,0.003,0.45857,0.0,0.0,0.0,0.0
2018-07-07 04:00:00,2018-07-07 05:00,1.23456,0.0,0.54859,0.23354,0.45243,0.0,0.0,0.0,0.0
2018-07-07 05:00:00,2018-07-07 06:00,1.04278,0.0,0.52587,0.0648,0.45211,0.0,0.0,0.0,0.0
2018-07-07 06:00:00,2018-07-07 07:00,1.15308,0.0,0.60852,0.003,0.54156,0.03935,0.0,0.0,0.03935
2018-07-07 07:00:00,2018-07-07 08:00,1.18206,0.0,0.62436,0.003,0.5547,0.01313,0.0,0.0,0.01313
2018-07-07 08:00:00,2018-07-07 09:00,1.24956,0.0,0.66477,0.003,0.58179,0.0,0.0,0.0,0.0
2018-07-07 09:00:00,2018-07-07 10:00,1.66905,0.0,0.75519,0.31232,0.60154,0.0,0.0,0.0,0.0
2018-07-07 10:00:00,2018-07-07 11:00,1.52444,0.0,0.86152,0.003,0.65992,0.0,0.0,0.0,0.0
2018-07-07 11:00:00,2018-07-07 12:00,1.66172,0.0,0.99597,0.003,0.66275,0.0,0.0,0.0,0.0
2018-07-07 12:00:00,2018-07-07 13:00,1.89549,0.0,1.09543,0.11486,0.6852,0.0,0.0,0.0,0.0
2018-07-07 13:00:00,2018-07-07 14:00,3.01304,0.0,1.15626,0.27165,1.58513,0.0,0.0,0.0,0.0
2018-07-07 14:00:00,2018-07-07 15:00,4.35798,0.0,1.17725,0.22409,2.95664,0.0,0.0,0.0,0.0
2018-07-07 15:00:00,2018-07-07 16:00,2.3804,0.0,1.19448,0.31007,0.87585,0.0,0.0,0.0,0.0
2018-07-07 16:00:00,2018-07-07 17:00,2.54834,0.0,1.20213,0.003,1.34321,0.0,0.0,0.0,0.0
2018-07-07 17:00:00,2018-07-07 18:00,2.2575,0.0,1.19473,0.22815,0.83462,0.01124,0.0,0.0,0.01124
2018-07-07 18:00:00,2018-07-07 19:00,2.35373,0.0,1.18317,0.18589,0.98467,0.01498,0.0,0.0,0.01498
2018-07-07 19:00:00,2018-07-07 20:00,2.31216,0.0,1.17089,0.003,1.13827,0.0,0.0,0.0,0.0
2018-07-07 20:00:00,2018-07-07 21:00,2.37711,0.0,1.14315,0.003,1.23096,0.0,0.0,0.0,0.0
2018-07-07 21:00:00,2018-07-07 22:00,2.24454,0.0,1.11322,0.003,1.12832,0.0,0.0,0.0,0.0
2018-07-07 22:00:00,2018-07-07 23:00,1.80675,0.0,1.08825,0.003,0.7155,0.0,0.0,0.0,0.0
2018-07-07 23:00:00,2018-07-08 00:00,1.63356,0.0,1.07109,0.003,0.55947,0.0,0.0,0.0,0.0
2018-07-08 00:00:00,2018-07-08 01:00,1.83485,0.0,1.05128,0.30743,0.47614,0.0,0.0,0.0,0.0
2018-07-08 01:00:00,2018-07-08 02:00,1.47518,0.0,1.00522,0.003,0.46696,0.0,0.0,0.0,0.0
2018-07-08 02:00:00,2018-07-08 03:00,1.34168,0.0,0.87796,0.003,0.46072,0.0,0.0,0.0,0.0
2018-07-08 03:00:00,2018-07-08 04:00,1.26274,0.0,0.80116,0.003,0.45858,0.0,0.0,0.0,0.0
2018-07-08 04:00:00,2018-07-08 05:00,1.19927,0.0,0.74385,0.003,0.45242,0.0,0.0,0.0,0.0
2018-07-08 05:00:00,2018-07-08 06:00,1.19274,0.0,0.71992,0.003,0.46982,0.01124,0.0,0.0,0.01124
2018-07-08 06:00:00,2018-07-08 07:00,1.42124,0.0,0.83567,0.003,0.58257,0.04123,0.0,0.0,0.04123
2018-07-08 07:00:00,2018-07-08 08:00,1.63227,0.0,0.75803,0.34212,0.53212,0.0,0.0,0.0,0.0
2018-07-08 08:00:00,2018-07-08 09:00,1.44703,0.0,0.88916,0.003,0.55487,0.02622,0.0,0.0,0.02622
2018-07-08 09:00:00,2018-07-08 10:00,1.46557,0.0,0.92563,0.003,0.53694,0.0,0.0,0.0,0.0
2018-07-08 10:00:00,2018-07-08 11:00,1.6386,0.0,1.04798,0.003,0.58762,0.0,0.0,0.0,0.0
2018-07-08 11:00:00,2018-07-08 12:00,1.82162,0.0,1.16553,0.003,0.65309,0.0,0.0,0.0,0.0
2018-07-08 12:00:00,2018-07-08 13:00,2.31046,0.0,1.21161,0.34203,0.75682,0.07869,0.0,0.0,0.07869
2018-07-08 13:00:00,2018-07-08 14:00,1.96835,0.0,1.24116,0.003,0.72419,0.0,0.0,0.0,0.0
2018-07-08 14:00:00,2018-07-08 15:00,2.31109,0.0,1.25734,0.003,1.05075,0.0,0.0,0.0,0.0
2018-07-08 15:00:00,2018-07-08 16:00,3.87814,0.0,1.27548,0.11568,2.48698,0.0,0.0,0.0,0.0
2018-07-08 16:00:00,2018-07-08 17:00,2.16367,0.0,1.27368,0.23872,0.65127,0.0,0.0,0.0,0.0
2018-07-08 17:00:00,2018-07-08 18:00,2.03902,0.0,1.26869,0.003,0.76733,0.0,0.0,0.0,0.0
2018-07-08 18:00:00,2018-07-08 19:00,2.17968,0.0,1.25167,0.003,0.92501,0.0,0.0,0.0,0.0
2018-07-08 19:00:00,2018-07-08 20:00,2.10706,0.0,1.21467,0.003,0.88939,0.0,0.0,0.0,0.0
2018-07-08 20:00:00,2018-07-08 21:00,2.04938,0.0,1.17521,0.003,0.87117,0.0,0.0,0.0,0.0
2018-07-08 21:00:00,2018-07-08 22:00,1.99926,0.0,1.14501,0.003,0.85125,0.0,0.0,0.0,0.0
2018-07-08 22:00:00,2018-07-08 23:00,2.11468,0.0,1.13435,0.2345,0.74583,0.0,0.0,0.0,0.0
2018-07-08 23:00:00,2018-07-09 00:00,1.84306,0.0,1.11699,0.17729,0.54878,0.0,0.0,0.0,0.0
2018-07-09 00:00:00,2018-07-09 01:00,1.58169,0.0,1.0991,0.003,0.47959,0.0,0.0,0.0,0.0
2018-07-09 01:00:00,2018-07-09 02:00,1.5627,0.0,1.09292,0.003,0.46678,0.0,0.0,0.0,0.0
2018-07-09 02:00:00,2018-07-09 03:00,1.53265,0.0,1.06945,0.003,0.4602,0.0,0.0,0.0,0.0
2018-07-09 03:00:00,2018-07-09 04:00,1.51095,0.0,1.05013,0.003,0.45782,0.0,0.0,0.0,0.0
2018-07-09 04:00:00,2018-07-09 05:00,1.4522,0.0,0.99754,0.003,0.45166,0.0,0.0,0.0,0.0
2018-07-09 05:00:00,2018-07-09 06:00,1.57869,0.0,0.88064,0.23448,0.46357,0.0,0.0,0.0,0.0
2018-07-09 06:00:00,2018-07-09 07:00,1.66016,0.0,0.86368,0.22057,0.57591,0.0,0.0,0.0,0.0
2018-07-09 07:00:00,2018-07-09 08:00,1.47271,0.0,0.8509,0.11349,0.50832,0.0,0.0,0.0,0.0
2018-07-09 08:00:00,2018-07-09 09:00,1.89968,0.0,0.91775,0.46174,0.52019,0.0,0.0,0.0,0.0
2018-07-09 09:00:00,2018-07-09 10:00,1.58709,0.0,1.00895,0.05407,0.52407,0.0,0.0,0.0,0.0
2018-07-09 10:00:00,2018-07-09 11:00,1.56226,0.0,1.06956,0.003,0.4897,0.0,0.0,0.0,0.0
2018-07-09 11:00:00,2018-07-09 12:00,1.60711,0.0,1.1362,0.003,0.46791,0.0,0.0,0.0,0.0
2018-07-09 12:00:00,2018-07-09 13:00,1.69751,0.0,1.21825,0.003,0.47626,0.0,0.0,0.0,0.0
2018-07-09 13:00:00,2018-07-09 14:00,1.73398,0.0,1.2537,0.003,0.47728,0.0,0.0,0.0,0.0
2018-07-09 14:00:00,2018-07-09 15:00,1.74045,0.0,1.25989,0.003,0.47756,0.0,0.0,0.0,0.0
2018-07-09 15:00:00,2018-07-09 16:00,2.14346,0.0,1.27114,0.34533,0.52699,0.0,0.0,0.0,0.0
2018-07-09 16:00:00,2018-07-09 17:00,1.96488,0.0,1.27819,0.08852,0.59817,0.0,0.0,0.0,0.0
2018-07-09 17:00:00,2018-07-09 18:00,2.04715,0.0,1.27933,0.003,0.76482,0.09556,0.0,0.0,0.09556
2018-07-09 18:00:00,2018-07-09 19:00,2.07417,0.0,1.26263,0.003,0.80854,0.03561,0.0,0.0,0.03561
2018-07-09 19:00:00,2018-07-09 20:00,2.36017,0.0,1.22381,0.31423,0.82213,0.0,0.0,0.0,0.0
2018-07-09 20:00:00,2018-07-09 21:00,2.32492,0.0,1.1643,0.003,1.15762,0.0,0.0,0.0,0.0
2018-07-09 21:00:00,2018-07-09 22:00,2.06865,0.0,1.13149,0.003,0.93416,0.0,0.0,0.0,0.0
2018-07-09 22:00:00,2018-07-09 23:00,2.09762,0.0,1.09456,0.003,1.00006,0.0,0.0,0.0,0.0
2018-07-09 23:00:00,2018-07-10 00:00,3.72643,0.0,1.05527,0.003,2.66816,0.0,0.0,0.0,0.0
2018-07-10 00:00:00,2018-07-10 01:00,2.67958,0.0,1.0174,0.003,1.65918,0.0,0.0,0.0,0.0
2018-07-10 01:00:00,2018-07-10 02:00,1.47428,0.0,1.00473,0.003,0.46655,0.0,0.0,0.0,0.0
2018-07-10 02:00:00,2018-07-10 03:00,1.45894,0.0,0.99682,0.003,0.45912,0.0,0.0,0.0,0.0
2018-07-10 03:00:00,2018-07-10 04:00,1.8164,0.0,0.92346,0.44111,0.45183,0.0,0.0,0.0,0.0
2018-07-10 04:00:00,2018-07-10 05:00,1.2632,0.0,0.8104,0.003,0.4498,0.0,0.0,0.0,0.0
2018-07-10 05:00:00,2018-07-10 06:00,1.20038,0.0,0.73185,0.003,0.46553,0.0,0.0,0.0,0.0
2018-07-10 06:00:00,2018-07-10 07:00,1.88067,0.0,0.81438,0.44521,0.62108,0.05247,0.0,0.0,0.05247
2018-07-10 07:00:00,2018-07-10 08:00,1.75654,0.0,0.72902,0.47251,0.55501,0.0,0.0,0.0,0.0
2018-07-10 08:00:00,2018-07-10 09:00,1.32281,0.0,0.71834,0.03831,0.56616,0.0,0.0,0.0,0.0
2018-07-10 09:00:00,2018-07-10 10:00,1.45593,0.0,0.68518,0.22811,0.54264,0.0,0.0,0.0,0.0
2018-07-10 10:00:00,2018-07-10 11:00,1.42276,0.0,0.6728,0.23146,0.5185,0.0,0.0,0.0,0.0
2018-07-10 11:00:00,2018-07-10 12:00,1.15687,0.0,0.66665,0.003,0.48722,0.0,0.0,0.0,0.0
2018-07-10 12:00:00,2018-07-10 13:00,1.2468,0.0,0.72615,0.003,0.51765,0.0,0.0,0.0,0.0
2018-07-10 13:00:00,2018-07-10 14:00,1.34678,0.0,0.85911,0.003,0.48467,0.0,0.0,0.0,0.0
2018-07-10 14:00:00,2018-07-10 15:00,1.48268,0.0,1.0027,0.003,0.47698,0.0,0.0,0.0,0.0
2018-07-10 15:00:00,2018-07-10 16:00,1.66657,0.0,1.12262,0.003,0.54095,0.0,0.0,0.0,0.0
2018-07-10 16:00:00,2018-07-10 17:00,2.07747,0.0,1.19478,0.31968,0.56301,0.01124,0.0,0.0,0.01124
2018-07-10 17:00:00,2018-07-10 18:00,1.89427,0.0,1.19593,0.003,0.69534,0.01498,0.0,0.0,0.01498
2018-07-10 18:00:00,2018-07-10 19:00,2.36612,0.0,1.17379,0.003,1.18933,0.0,0.0,0.0,0.0
2018-07-10 19:00:00,2018-07-10 20:00,4.60115,0.0,1.14779,0.22874,3.22462,0.0,0.0,0.0,0.0
2018-07-10 20:00:00,2018-07-10 21:00,4.19898,0.0,1.11484,0.19792,2.88622,0.0,0.0,0.0,0.0
2018-07-10 21:00:00,2018-07-10 22:00,2.16254,0.0,1.09177,0.003,1.06777,0.0,0.0,0.0,0.0
2018-07-10 22:00:00,2018-07-10 23:00,1.62582,0.0,1.06983,0.003,0.55299,0.0,0.0,0.0,0.0
2018-07-10 23:00:00,2018-07-11 00:00,1.53064,0.0,1.05173,0.003,0.47591,0.0,0.0,0.0,0.0
2018-07-11 00:00:00,2018-07-11 01:00,1.40419,0.0,0.93128,0.003,0.46991,0.0,0.0,0.0,0.0
2018-07-11 01:00:00,2018-07-11 02:00,1.31295,0.0,0.84445,0.003,0.4655,0.0,0.0,0.0,0.0
2018-07-11 02:00:00,2018-07-11 03:00,1.2371,0.0,0.77463,0.003,0.45947,0.0,0.0,0.0,0.0
2018-07-11 03:00:00,2018-07-11 04:00,1.17959,0.0,0.71925,0.003,0.45734,0.0,0.0,0.0,0.0
2018-07-11 04:00:00,2018-07-11 05:00,1.13548,0.0,0.68064,0.003,0.45184,0.0,0.0,0.0,0.0
2018-07-11 05:00:00,2018-07-11 06:00,1.45837,0.0,0.73955,0.22934,0.48948,0.02622,0.0,0.0,0.02622
2018-07-11 06:00:00,2018-07-11 07:00,1.47696,0.0,0.69964,0.23442,0.5429,0.0,0.0,0.0,0.0
2018-07-11 07:00:00,2018-07-11 08:00,1.25457,0.0,0.71161,0.003,0.53996,0.0,0.0,0.0,0.0
2018-07-11 08:00:00,2018-07-11 09:00,1.2864,0.0,0.7632,0.003,0.5202,0.0,0.0,0.0,0.0
2018-07-11 09:00:00,2018-07-11 10:00,1.64459,0.0,0.79717,0.34696,0.50046,0.0,0.0,0.0,0.0
2018-07-11 10:00:00,2018-07-11 11:00,1.48425,0.0,0.88228,0.08348,0.51849,0.0,0.0,0.0,0.0
2018-07-11 11:00:00,2018-07-11 12:00,1.59991,0.0,1.09759,0.003,0.49932,0.0,0.0,0.0,0.0
2018-07-11 12:00:00,2018-07-11 13:00,1.71764,0.0,1.23839,0.003,0.47625,0.0,0.0,0.0,0.0
2018-07-11 13:00:00,2018-07-11 14:00,1.749,0.0,1.26881,0.003,0.47719,0.0,0.0,0.0,0.0
2018-07-11 14:00:00,2018-07-11 15:00,2.02625,0.0,1.29671,0.23311,0.49643,0.0,0.0,0.0,0.0
2018-07-11 15:00:00,2018-07-11 16:00,2.07874,0.0,1.31051,0.23241,0.53582,0.0,0.0,0.0,0.0
2018-07-11 16:00:00,2018-07-11 17:00,1.8669,0.0,1.29307,0.003,0.57083,0.0,0.0,0.0,0.0
2018-07-11 17:00:00,2018-07-11 18:00,2.2403,0.0,1.28325,0.35074,0.60631,0.0,0.0,0.0,0.0
2018-07-11 18:00:00,2018-07-11 19:00,1.98461,0.0,1.27475,0.03717,0.67269,0.0,0.0,0.0,0.0
2018-07-11 19:00:00,2018-07-11 20:00,2.06983,0.0,1.26244,0.003,0.80439,0.0,0.0,0.0,0.0
2018-07-11 20:00:00,2018-07-11 21:00,2.09449,0.0,1.23647,0.003,0.85502,0.0,0.0,0.0,0.0
2018-07-11 21:00:00,2018-07-11 22:00,2.41901,0.0,1.21939,0.32592,0.8737,0.0,0.0,0.0,0.0
2018-07-11 22:00:00,2018-07-11 23:00,1.80943,0.0,1.20846,0.003,0.59797,0.0,0.0,0.0,0.0
2018-07-11 23:00:00,2018-07-12 00:00,1.91526,0.0,1.18843,0.23238,0.49445,0.0,0.0,0.0,0.0
2018-07-12 00:00:00,2018-07-12 01:00,1.89873,0.0,1.17216,0.25422,0.47235,0.0,0.0,0.0,0.0
2018-07-12 01:00:00,2018-07-12 02:00,1.62933,0.0,1.1588,0.003,0.46753,0.0,0.0,0.0,0.0
2018-07-12 02:00:00,2018-07-12 03:00,1.60953,0.0,1.14563,0.003,0.4609,0.0,0.0,0.0,0.0
2018-07-12 03:00:00,2018-07-12 04:00,1.59345,0.0,1.13185,0.003,0.4586,0.0,0.0,0.0,0.0
2018-07-12 04:00:00,2018-07-12 05:00,1.5882,0.0,1.13305,0.003,0.45215,0.0,0.0,0.0,0.0
2018-07-12 05:00:00,2018-07-12 06:00,1.58912,0.0,1.12031,0.003,0.46581,0.01124,0.0,0.0,0.01124
2018-07-12 06:00:00,2018-07-12 07:00,1.63108,0.0,1.1178,0.003,0.51028,0.01498,0.0,0.0,0.01498
2018-07-12 07:00:00,2018-07-12 08:00,1.62057,0.0,1.12123,0.003,0.49634,0.0,0.0,0.0,0.0
2018-07-12 08:00:00,2018-07-12 09:00,1.86716,0.0,1.12741,0.23533,0.50442,0.0,0.0,0.0,0.0
2018-07-12 09:00:00,2018-07-12 10:00,1.72508,0.0,1.16933,0.0783,0.47745,0.0,0.0,0.0,0.0
2018-07-12 10:00:00,2018-07-12 11:00,1.69438,0.0,1.22027,0.003,0.47111,0.0,0.0,0.0,0.0
2018-07-12 11:00:00,2018-07-12 12:00,1.69514,0.0,1.22358,0.003,0.46856,0.0,0.0,0.0,0.0
2018-07-12 12:00:00,2018-07-12 13:00,1.72295,0.0,1.243,0.003,0.47695,0.0,0.0,0.0,0.0
2018-07-12 13:00:00,2018-07-12 14:00,1.77432,0.0,1.29346,0.003,0.47786,0.0,0.0,0.0,0.0
2018-07-12 14:00:00,2018-07-12 15:00,1.79632,0.0,1.31499,0.003,0.47833,0.0,0.0,0.0,0.0
2018-07-12 15:00:00,2018-07-12 16:00,1.86652,0.0,1.33575,0.003,0.52777,0.0,0.0,0.0,0.0
2018-07-12 16:00:00,2018-07-12 17:00,2.3916,0.0,1.34877,0.46849,0.57434,0.01124,0.0,0.0,0.01124
2018-07-12 17:00:00,2018-07-12 18:00,2.11146,0.0,1.21907,0.19584,0.69655,0.01498,0.0,0.0,0.01498
2018-07-12 18:00:00,2018-07-12 19:00,2.00501,0.0,1.11584,0.003,0.88617,0.0,0.0,0.0,0.0
2018-07-12 19:00:00,2018-07-12 20:00,2.05322,0.0,1.10014,0.003,0.95008,0.0,0.0,0.0,0.0
2018-07-12 20:00:00,2018-07-12 21:00,2.12978,0.0,1.09904,0.003,1.02774,0.0,0.0,0.0,0.0
2018-07-12 21:00:00,2018-07-12 22:00,2.17875,0.0,1.09843,0.003,1.07732,0.06745,0.0,0.0,0.06745
2018-07-12 22:00:00,2018-07-12 23:00,2.08332,0.0,1.09333,0.23262,0.75737,0.01124,0.0,0.0,0.01124
2018-07-12 23:00:00,2018-07-13 00:00,1.75746,0.0,1.08656,0.17698,0.49392,0.0,0.0,0.0,0.0
2018-07-13 00:00:00,2018-07-13 01:00,1.56207,0.0,1.08756,0.003,0.47151,0.0,0.0,0.0,0.0
2018-07-13 01:00:00,2018-07-13 02:00,1.56001,0.0,1.09028,0.003,0.46673,0.0,0.0,0.0,0.0
2018-07-13 02:00:00,2018-07-13 03:00,1.54768,0.0,1.08441,0.003,0.46027,0.0,0.0,0.0,0.0
2018-07-13 03:00:00,2018-07-13 04:00,1.53205,0.0,1.0712,0.003,0.45785,0.0,0.0,0.0,0.0
2018-07-13 04:00:00,2018-07-13 05:00,1.5134,0.0,1.05834,0.003,0.45206,0.0,0.0,0.0,0.0
2018-07-13 05:00:00,2018-07-13 06:00,1.6323,0.0,0.94217,0.23167,0.45846,0.0,0.0,0.0,0.0
2018-07-13 06:00:00,2018-07-13 07:00,1.87837,0.0,0.88851,0.46991,0.51995,0.0,0.0,0.0,0.0
2018-07-13 07:00:00,2018-07-13 08:00,1.60937,0.0,0.84315,0.23729,0.52893,0.0,0.0,0.0,0.0
2018-07-13 08:00:00,2018-07-13 09:00,1.25678,0.0,0.7794,0.003,0.47438,0.0,0.0,0.0,0.0
2018-07-13 09:00:00,2018-07-13 10:00,1.21703,0.0,0.73687,0.003,0.47716,0.0,0.0,0.0,0.0
2018-07-13 10:00:00,2018-07-13 11:00,1.21107,0.0,0.73744,0.003,0.47063,0.0,0.0,0.0,0.0
2018-07-13 11:00:00,2018-07-13 12:00,1.23859,0.0,0.76769,0.003,0.4679,0.0,0.0,0.0,0.0
2018-07-13 12:00:00,2018-07-13 13:00,1.26445,0.0,0.78521,0.003,0.47624,0.0,0.0,0.0,0.0
2018-07-13 13:00:00,2018-07-13 14:00,1.31332,0.0,0.83331,0.003,0.47701,0.0,0.0,0.0,0.0
2018-07-13 14:00:00,2018-07-13 15:00,1.34628,0.0,0.86627,0.003,0.47701,0.0,0.0,0.0,0.0
2018-07-13 15:00:00,2018-07-13 16:00,1.3818,0.0,0.90399,0.003,0.47481,0.0,0.0,0.0,0.0
2018-07-13 16:00:00,2018-07-13 17:00,1.64793,0.0,1.02215,0.11779,0.50799,0.01124,0.0,0.0,0.01124
2018-07-13 17:00:00,2018-07-13 18:00,2.14207,0.0,1.15541,0.32127,0.66539,0.0412,0.0,0.0,0.0412
2018-07-13 18:00:00,2018-07-13 19:00,2.10107,0.0,1.1624,0.003,0.93567,0.0,0.0,0.0,0.0
2018-07-13 19:00:00,2018-07-13 20:00,2.69243,0.0,1.1414,0.45842,1.09261,0.0,0.0,0.0,0.0
2018-07-13 20:00:00,2018-07-13 21:00,2.43625,0.0,1.11565,0.12106,1.19954,0.0,0.0,0.0,0.0
2018-07-13 21:00:00,2018-07-13 22:00,2.20837,0.0,1.08276,0.003,1.12261,0.0,0.0,0.0,0.0
2018-07-13 22:00:00,2018-07-13 23:00,1.86919,0.0,1.06124,0.003,0.80495,0.0,0.0,0.0,0.0
2018-07-13 23:00:00,2018-07-14 00:00,1.47416,0.0,0.96264,0.003,0.50852,0.0,0.0,0.0,0.0
2018-07-14 00:00:00,2018-07-14 01:00,1.32889,0.0,0.85472,0.003,0.47117,0.0,0.0,0.0,0.0
2018-07-14 01:00:00,2018-07-14 02:00,1.25137,0.0,0.78161,0.003,0.46676,0.0,0.0,0.0,0.0
2018-07-14 02:00:00,2018-07-14 03:00,1.41875,0.0,0.72553,0.23253,0.46069,0.0,0.0,0.0,0.0
2018-07-14 03:00:00,2018-07-14 04:00,1.22069,0.0,0.68213,0.07998,0.45858,0.0,0.0,0.0,0.0
2018-07-14 04:00:00,2018-07-14 05:00,1.10017,0.0,0.64473,0.003,0.45244,0.0,0.0,0.0,0.0
2018-07-14 05:00:00,2018-07-14 06:00,1.06733,0.0,0.6122,0.003,0.45213,0.0,0.0,0.0,0.0
2018-07-14 06:00:00,2018-07-14 07:00,1.10828,0.0,0.60968,0.003,0.4956,0.0,0.0,0.0,0.0
2018-07-14 07:00:00,2018-07-14 08:00,1.38597,0.0,0.63379,0.23223,0.51995,0.0,0.0,0.0,0.0
2018-07-14 08:00:00,2018-07-14 09:00,1.70342,0.0,0.91871,0.11852,0.66619,0.07869,0.0,0.0,0.07869
2018-07-14 09:00:00,2018-07-14 10:00,1.54635,0.0,0.88951,0.003,0.65384,0.0,0.0,0.0,0.0
2018-07-14 10:00:00,2018-07-14 11:00,1.64963,0.0,0.98669,0.003,0.65994,0.0,0.0,0.0,0.0
2018-07-14 11:00:00,2018-07-14 12:00,1.80156,0.0,1.10356,0.003,0.695,0.0,0.0,0.0,0.0
2018-07-14 12:00:00,2018-07-14 13:00,2.37173,0.0,1.19665,0.44049,0.73459,0.0,0.0,0.0,0.0
2018-07-14 13:00:00,2018-07-14 14:00,2.09944,0.0,1.2188,0.11395,0.76669,0.0,0.0,0.0,0.0
2018-07-14 14:00:00,2018-07-14 15:00,2.41197,0.0,1.2362,0.46222,0.71355,0.0,0.0,0.0,0.0
2018-07-14 15:00:00,2018-07-14 16:00,2.03068,0.0,1.24358,0.07665,0.71045,0.0,0.0,0.0,0.0
2018-07-14 16:00:00,2018-07-14 17:00,2.0299,0.0,1.24474,0.003,0.78216,0.0,0.0,0.0,0.0
2018-07-14 17:00:00,2018-07-14 18:00,2.15223,0.0,1.23552,0.003,0.91371,0.0,0.0,0.0,0.0
2018-07-14 18:00:00,2018-07-14 19:00,2.38491,0.0,1.22069,0.11469,1.04953,0.0,0.0,0.0,0.0
2018-07-14 19:00:00,2018-07-14 20:00,2.64197,0.0,1.19796,0.30545,1.13856,0.0,0.0,0.0,0.0
2018-07-14 20:00:00,2018-07-14 21:00,2.24381,0.0,1.16304,0.003,1.07777,0.0,0.0,0.0,0.0
2018-07-14 21:00:00,2018-07-14 22:00,2.27706,0.0,1.11549,0.003,1.15857,0.0,0.0,0.0,0.0
2018-07-14 22:00:00,2018-07-14 23:00,1.86539,0.0,1.10344,0.003,0.75895,0.0,0.0,0.0,0.0
2018-07-14 23:00:00,2018-07-15 00:00,1.84083,0.0,1.09163,0.23064,0.51856,0.0,0.0,0.0,0.0
2018-07-15 00:00:00,2018-07-15 01:00,1.64839,0.0,1.06606,0.11007,0.47226,0.0,0.0,0.0,0.0
2018-07-15 01:00:00,2018-07-15 02:00,1.51737,0.0,1.04699,0.003,0.46738,0.0,0.0,0.0,0.0
2018-07-15 02:00:00,2018-07-15 03:00,1.49217,0.0,1.02828,0.003,0.46089,0.0,0.0,0.0,0.0
2018-07-15 03:00:00,2018-07-15 04:00,1.35711,0.0,0.89621,0.003,0.4579,0.0,0.0,0.0,0.0
2018-07-15 04:00:00,2018-07-15 05:00,1.27457,0.0,0.82564,0.003,0.44593,0.0,0.0,0.0,0.0
2018-07-15 05:00:00,2018-07-15 06:00,1.24044,0.0,0.78096,0.003,0.45648,0.0,0.0,0.0,0.0
2018-07-15 06:00:00,2018-07-15 07:00,1.31073,0.0,0.78821,0.003,0.51952,0.0,0.0,0.0,0.0
2018-07-15 07:00:00,2018-07-15 08:00,1.52735,0.0,0.95261,0.003,0.57174,0.06745,0.0,0.0,0.06745
2018-07-15 08:00:00,2018-07-15 09:00,2.10831,0.0,1.1122,0.3172,0.67891,0.11242,0.0,0.0,0.11242
2018-07-15 09:00:00,2018-07-15 10:00,1.86382,0.0,1.14753,0.003,0.71329,0.02998,0.0,0.0,0.02998
2018-07-15 10:00:00,2018-07-15 11:00,2.24462,0.0,1.16167,0.003,1.07995,0.0,0.0,0.0,0.0
2018-07-15 11:00:00,2018-07-15 12:00,3.74108,0.0,1.1688,0.003,2.56928,0.01124,0.0,0.0,0.01124
2018-07-15 12:00:00,2018-07-15 13:00,2.18141,0.0,1.18898,0.232,0.76043,0.01498,0.0,0.0,0.01498
2018-07-15 13:00:00,2018-07-15 14:00,2.1623,0.0,1.21869,0.17617,0.76744,0.0,0.0,0.0,0.0
2018-07-15 14:00:00,2018-07-15 15:00,1.98746,0.0,1.24102,0.003,0.74344,0.01124,0.0,0.0,0.01124
2018-07-15 15:00:00,2018-07-15 16:00,2.13834,0.0,1.25732,0.003,0.87802,0.04123,0.0,0.0,0.04123
2018-07-15 16:00:00,2018-07-15 17:00,2.32276,0.0,1.24523,0.23151,0.84602,0.0,0.0,0.0,0.0
2018-07-15 17:00:00,2018-07-15 18:00,2.21432,0.0,1.23501,0.15466,0.82465,0.0,0.0,0.0,0.0
2018-07-15 18:00:00,2018-07-15 19:00,2.12973,0.0,1.20171,0.003,0.92502,0.0,0.0,0.0,0.0
2018-07-15 19:00:00,2018-07-15 20:00,2.16739,0.0,1.16271,0.003,1.00168,0.0,0.0,0.0,0.0
2018-07-15 20:00:00,2018-07-15 21:00,2.35916,0.0,1.12445,0.003,1.23171,0.0,0.0,0.0,0.0
2018-07-15 21:00:00,2018-07-15 22:00,2.60983,0.0,1.10232,0.37836,1.12915,0.0,0.0,0.0,0.0
2018-07-15 22:00:00,2018-07-15 23:00,1.79584,0.0,1.07652,0.003,0.71632,0.0,0.0,0.0,0.0
2018-07-15 23:00:00,2018-07-16 00:00,1.61278,0.0,1.04977,0.003,0.56001,0.0,0.0,0.0,0.0
2018-07-16 00:00:00,2018-07-16 01:00,1.51669,0.0,1.03449,0.003,0.4792,0.0,0.0,0.0,0.0
2018-07-16 01:00:00,2018-07-16 02:00,1.49687,0.0,1.03034,0.003,0.46353,0.0,0.0,0.0,0.0
2018-07-16 02:00:00,2018-07-16 03:00,1.82438,0.0,1.02176,0.34982,0.4528,0.0,0.0,0.0,0.0
2018-07-16 03:00:00,2018-07-16 04:00,1.44646,0.0,0.97059,0.01838,0.45749,0.0,0.0,0.0,0.0
2018-07-16 04:00:00,2018-07-16 05:00,1.25719,0.0,0.80301,0.003,0.45118,0.0,0.0,0.0,0.0
2018-07-16 05:00:00,2018-07-16 06:00,1.19797,0.0,0.73005,0.003,0.46492,0.01124,0.0,0.0,0.01124
2018-07-16 06:00:00,2018-07-16 07:00,1.27006,0.0,0.70937,0.003,0.55769,0.01498,0.0,0.0,0.01498
2018-07-16 07:00:00,2018-07-16 08:00,1.43151,0.0,0.73284,0.11628,0.58239,0.0,0.0,0.0,0.0
2018-07-16 08:00:00,2018-07-16 09:00,1.70378,0.0,0.81671,0.34175,0.54532,0.0,0.0,0.0,0.0
2018-07-16 09:00:00,2018-07-16 10:00,1.51765,0.0,0.97147,0.003,0.54318,0.02622,0.0,0.0,0.02622
2018-07-16 10:00:00,2018-07-16 11:00,1.75891,0.0,1.01391,0.22649,0.51851,0.0,0.0,0.0,0.0
2018-07-16 11:00:00,2018-07-16 12:00,2.07076,0.0,1.09418,0.46026,0.51632,0.0,0.0,0.0,0.0
2018-07-16 12:00:00,2018-07-16 13:00,1.6491,0.0,1.15056,0.003,0.49554,0.0,0.0,0.0,0.0
2018-07-16 13:00:00,2018-07-16 14:00,1.68479,0.0,1.17393,0.003,0.50786,0.0,0.0,0.0,0.0
2018-07-16 14:00:00,2018-07-16 15:00,1.74444,0.0,1.17835,0.003,0.56309,0.0,0.0,0.0,0.0
2018-07-16 15:00:00,2018-07-16 16:00,1.85505,0.0,1.18844,0.003,0.66361,0.06745,0.0,0.0,0.06745
2018-07-16 16:00:00,2018-07-16 17:00,2.15169,0.0,1.19728,0.22932,0.72509,0.08993,0.0,0.0,0.08993
2018-07-16 17:00:00,2018-07-16 18:00,2.01886,0.0,1.19854,0.19232,0.628,0.0,0.0,0.0,0.0
2018-07-16 18:00:00,2018-07-16 19:00,2.0016,0.0,1.18889,0.003,0.80971,0.02622,0.0,0.0,0.02622
2018-07-16 19:00:00,2018-07-16 20:00,2.09706,0.0,1.15911,0.003,0.93495,0.0,0.0,0.0,0.0
2018-07-16 20:00:00,2018-07-16 21:00,2.00199,0.0,1.11859,0.003,0.8804,0.0,0.0,0.0,0.0
2018-07-16 21:00:00,2018-07-16 22:00,2.15779,0.0,1.08764,0.22956,0.84059,0.0,0.0,0.0,0.0
2018-07-16 22:00:00,2018-07-16 23:00,1.94557,0.0,1.05494,0.18698,0.70365,0.0,0.0,0.0,0.0
2018-07-16 23:00:00,2018-07-17 00:00,1.59453,0.0,1.03926,0.003,0.55227,0.0,0.0,0.0,0.0
2018-07-17 00:00:00,2018-07-17 01:00,1.50542,0.0,1.02267,0.003,0.47975,0.0,0.0,0.0,0.0
2018-07-17 01:00:00,2018-07-17 02:00,1.45488,0.0,0.98911,0.003,0.46277,0.0,0.0,0.0,0.0
2018-07-17 02:00:00,2018-07-17 03:00,1.70056,0.0,0.86304,0.38126,0.45626,0.0,0.0,0.0,0.0
2018-07-17 03:00:00,2018-07-17 04:00,1.23854,0.0,0.77822,0.003,0.45732,0.0,0.0,0.0,0.0
2018-07-17 04:00:00,2018-07-17 05:00,1.13609,0.0,0.68191,0.003,0.45118,0.0,0.0,0.0,0.0
2018-07-17 05:00:00,2018-07-17 06:00,1.07967,0.0,0.623,0.003,0.45367,0.0,0.0,0.0,0.0
2018-07-17 06:00:00,2018-07-17 07:00,1.14967,0.0,0.61114,0.003,0.53553,0.0,0.0,0.0,0.0
2018-07-17 07:00:00,2018-07-17 08:00,1.55536,0.0,0.65108,0.34167,0.56261,0.0,0.0,0.0,0.0
2018-07-17 08:00:00,2018-07-17 09:00,1.23483,0.0,0.66468,0.09575,0.4744,0.0,0.0,0.0,0.0
2018-07-17 09:00:00,2018-07-17 10:00,1.19776,0.0,0.71758,0.003,0.47718,0.0,0.0,0.0,0.0
2018-07-17 10:00:00,2018-07-17 11:00,1.25089,0.0,0.77727,0.003,0.47062,0.0,0.0,0.0,0.0
2018-07-17 11:00:00,2018-07-17 12:00,1.31196,0.0,0.84105,0.003,0.46791,0.0,0.0,0.0,0.0
2018-07-17 12:00:00,2018-07-17 13:00,1.391,0.0,0.91174,0.003,0.47626,0.0,0.0,0.0,0.0
2018-07-17 13:00:00,2018-07-17 14:00,1.43864,0.0,0.9586,0.003,0.47704,0.0,0.0,0.0,0.0
2018-07-17 14:00:00,2018-07-17 15:00,1.55427,0.0,1.02888,0.003,0.52239,0.0,0.0,0.0,0.0
2018-07-17 15:00:00,2018-07-17 16:00,2.03304,0.0,1.10806,0.34189,0.58309,0.01124,0.0,0.0,0.01124
2018-07-17 16:00:00,2018-07-17 17:00,2.06452,0.0,1.12762,0.26987,0.66703,0.04123,0.0,0.0,0.04123
2018-07-17 17:00:00,2018-07-17 18:00,1.77244,0.0,1.12331,0.003,0.64613,0.0,0.0,0.0,0.0
2018-07-17 18:00:00,2018-07-17 19:00,2.00801,0.0,1.12409,0.11348,0.77044,0.0,0.0,0.0,0.0
2018-07-17 19:00:00,2018-07-17 20:00,2.1814,0.0,1.10741,0.27101,0.80298,0.0,0.0,0.0,0.0
2018-07-17 20:00:00,2018-07-17 21:00,2.21368,0.0,1.06297,0.003,1.14771,0.0,0.0,0.0,0.0
2018-07-17 21:00:00,2018-07-17 22:00,2.14272,0.0,1.02831,0.003,1.11141,0.0,0.0,0.0,0.0
2018-07-17 22:00:00,2018-07-17 23:00,2.02532,0.0,1.01098,0.34412,0.67022,0.0,0.0,0.0,0.0
2018-07-17 23:00:00,2018-07-18 00:00,1.47615,0.0,0.92474,0.06963,0.48178,0.0,0.0,0.0,0.0
2018-07-18 00:00:00,2018-07-18 01:00,1.27382,0.0,0.8009,0.003,0.46992,0.0,0.0,0.0,0.0
2018-07-18 01:00:00,2018-07-18 02:00,1.19114,0.0,0.72261,0.003,0.46553,0.0,0.0,0.0,0.0
2018-07-18 02:00:00,2018-07-18 03:00,1.12883,0.0,0.66636,0.003,0.45947,0.0,0.0,0.0,0.0
2018-07-18 03:00:00,2018-07-18 04:00,1.07696,0.0,0.61663,0.003,0.45733,0.0,0.0,0.0,0.0
2018-07-18 04:00:00,2018-07-18 05:00,1.03005,0.0,0.57547,0.003,0.45158,0.0,0.0,0.0,0.0
2018-07-18 05:00:00,2018-07-18 06:00,1.00348,0.0,0.54363,0.003,0.45685,0.0,0.0,0.0,0.0
2018-07-18 06:00:00,2018-07-18 07:00,1.5291,0.0,0.54607,0.3461,0.63693,0.0,0.0,0.0,0.0
2018-07-18 07:00:00,2018-07-18 08:00,3.49636,0.0,0.64341,0.46419,2.38876,0.0,0.0,0.0,0.0
2018-07-18 08:00:00,2018-07-18 09:00,1.56409,0.0,0.67839,0.18629,0.69941,0.0,0.0,0.0,0.0
2018-07-18 09:00:00,2018-07-18 10:00,1.26317,0.0,0.7479,0.003,0.51227,0.0,0.0,0.0,0.0
2018-07-18 10:00:00,2018-07-18 11:00,1.5858,0.0,0.84344,0.22386,0.5185,0.0,0.0,0.0,0.0
2018-07-18 11:00:00,2018-07-18 12:00,1.75894,0.0,0.91431,0.32833,0.5163,0.0,0.0,0.0,0.0
2018-07-18 12:00:00,2018-07-18 13:00,1.48066,0.0,0.98213,0.003,0.49553,0.0,0.0,0.0,0.0
2018-07-18 13:00:00,2018-07-18 14:00,1.529,0.0,1.04899,0.003,0.47701,0.0,0.0,0.0,0.0
2018-07-18 14:00:00,2018-07-18 15:00,1.54823,0.0,1.06824,0.003,0.47699,0.0,0.0,0.0,0.0
2018-07-18 15:00:00,2018-07-18 16:00,1.57933,0.0,1.10151,0.003,0.47482,0.0,0.0,0.0,0.0
2018-07-18 16:00:00,2018-07-18 17:00,1.63559,0.0,1.13584,0.003,0.49675,0.0,0.0,0.0,0.0
2018-07-18 17:00:00,2018-07-18 18:00,2.1639,0.0,1.12999,0.34036,0.69355,0.02622,0.0,0.0,0.02622
2018-07-18 18:00:00,2018-07-18 19:00,2.17315,0.0,1.13512,0.17118,0.86685,0.0,0.0,0.0,0.0
2018-07-18 19:00:00,2018-07-18 20:00,2.18168,0.0,1.10715,0.003,1.07153,0.0,0.0,0.0,0.0
2018-07-18 20:00:00,2018-07-18 21:00,2.27468,0.0,1.07206,0.003,1.19962,0.0,0.0,0.0,0.0
2018-07-18 21:00:00,2018-07-18 22:00,2.23539,0.0,1.05457,0.003,1.17782,0.0,0.0,0.0,0.0
2018-07-18 22:00:00,2018-07-18 23:00,1.9159,0.0,1.03413,0.003,0.87877,0.0,0.0,0.0,0.0
2018-07-18 23:00:00,2018-07-19 00:00,1.92672,0.0,0.98073,0.41627,0.52972,0.0,0.0,0.0,0.0
2018-07-19 00:00:00,2018-07-19 01:00,1.34811,0.0,0.87391,0.003,0.4712,0.0,0.0,0.0,0.0
2018-07-19 01:00:00,2018-07-19 02:00,1.26794,0.0,0.79943,0.003,0.46551,0.0,0.0,0.0,0.0
2018-07-19 02:00:00,2018-07-19 03:00,1.20642,0.0,0.74396,0.003,0.45946,0.0,0.0,0.0,0.0
2018-07-19 03:00:00,2018-07-19 04:00,1.16723,0.0,0.70692,0.003,0.45731,0.0,0.0,0.0,0.0
2018-07-19 04:00:00,2018-07-19 05:00,1.12627,0.0,0.67169,0.003,0.45158,0.0,0.0,0.0,0.0
2018-07-19 05:00:00,2018-07-19 06:00,1.0806,0.0,0.62539,0.003,0.45221,0.0,0.0,0.0,0.0
2018-07-19 06:00:00,2018-07-19 07:00,1.59775,0.0,0.61771,0.46441,0.51563,0.0,0.0,0.0,0.0
2018-07-19 07:00:00,2018-07-19 08:00,1.16787,0.0,0.60934,0.06129,0.49724,0.0,0.0,0.0,0.0
2018-07-19 08:00:00,2018-07-19 09:00,1.07067,0.0,0.5933,0.003,0.47437,0.0,0.0,0.0,0.0
2018-07-19 09:00:00,2018-07-19 10:00,1.07425,0.0,0.59407,0.003,0.47718,0.0,0.0,0.0,0.0
2018-07-19 10:00:00,2018-07-19 11:00,1.06167,0.0,0.58806,0.003,0.47061,0.0,0.0,0.0,0.0
2018-07-19 11:00:00,2018-07-19 12:00,1.04621,0.0,0.57531,0.003,0.4679,0.0,0.0,0.0,0.0
2018-07-19 12:00:00,2018-07-19 13:00,1.07857,0.0,0.59936,0.003,0.47621,0.0,0.0,0.0,0.0
2018-07-19 13:00:00,2018-07-19 14:00,1.1384,0.0,0.65837,0.003,0.47703,0.0,0.0,0.0,0.0
2018-07-19 14:00:00,2018-07-19 15:00,1.12987,0.0,0.64987,0.003,0.477,0.0,0.0,0.0,0.0
2018-07-19 15:00:00,2018-07-19 16:00,1.59747,0.0,0.70846,0.35135,0.53766,0.02622,0.0,0.0,0.02622
2018-07-19 16:00:00,2018-07-19 17:00,1.38663,0.0,0.65945,0.15747,0.56971,0.0,0.0,0.0,0.0
2018-07-19 17:00:00,2018-07-19 18:00,1.31261,0.0,0.64058,0.003,0.66903,0.0,0.0,0.0,0.0
2018-07-19 18:00:00,2018-07-19 19:00,1.64181,0.0,0.77658,0.003,0.86223,0.06745,0.0,0.0,0.06745
2018-07-19 19:00:00,2018-07-19 20:00,2.29068,0.0,0.74004,0.4593,1.09134,0.01124,0.0,0.0,0.01124
2018-07-19 20:00:00,2018-07-19 21:00,3.23077,0.0,0.72022,0.09646,2.41409,0.0,0.0,0.0,0.0
2018-07-19 21:00:00,2018-07-19 22:00,3.34234,0.0,0.68331,0.003,2.65603,0.0,0.0,0.0,0.0
2018-07-19 22:00:00,2018-07-19 23:00,1.20434,0.0,0.60959,0.003,0.59175,0.0,0.0,0.0,0.0
2018-07-19 23:00:00,2018-07-20 00:00,1.04528,0.0,0.56663,0.003,0.47565,0.0,0.0,0.0,0.0
2018-07-20 00:00:00,2018-07-20 01:00,1.0071,0.0,0.53417,0.003,0.46993,0.0,0.0,0.0,0.0
2018-07-20 01:00:00,2018-07-20 02:00,0.97226,0.0,0.50374,0.003,0.46552,0.0,0.0,0.0,0.0
2018-07-20 02:00:00,2018-07-20 03:00,0.94509,0.0,0.48264,0.003,0.45945,0.0,0.0,0.0,0.0
2018-07-20 03:00:00,2018-07-20 04:00,0.93287,0.0,0.47254,0.003,0.45733,0.0,0.0,0.0,0.0
2018-07-20 04:00:00,2018-07-20 05:00,0.91642,0.0,0.46223,0.003,0.45119,0.0,0.0,0.0,0.0
2018-07-20 05:00:00,2018-07-20 06:00,1.02184,0.0,0.44918,0.11898,0.45368,0.0,0.0,0.0,0.0
2018-07-20 06:00:00,2018-07-20 07:00,1.48287,0.0,0.46349,0.47977,0.53961,0.01124,0.0,0.0,0.01124
2018-07-20 07:00:00,2018-07-20 08:00,1.18611,0.0,0.50168,0.11265,0.57178,0.01498,0.0,0.0,0.01498
2018-07-20 08:00:00,2018-07-20 09:00,1.08957,0.0,0.4517,0.113,0.52487,0.0,0.0,0.0,0.0
2018-07-20 09:00:00,2018-07-20 10:00,1.46132,0.0,0.46006,0.45863,0.54263,0.0,0.0,0.0,0.0
2018-07-20 10:00:00,2018-07-20 11:00,1.13736,0.0,0.50332,0.11555,0.51849,0.0,0.0,0.0,0.0
2018-07-20 11:00:00,2018-07-20 12:00,1.28822,0.0,0.56107,0.25205,0.4751,0.0,0.0,0.0,0.0
2018-07-20 12:00:00,2018-07-20 13:00,1.08712,0.0,0.60787,0.003,0.47625,0.0,0.0,0.0,0.0
2018-07-20 13:00:00,2018-07-20 14:00,1.20997,0.0,0.72994,0.003,0.47703,0.0,0.0,0.0,0.0
2018-07-20 14:00:00,2018-07-20 15:00,1.31543,0.0,0.83544,0.003,0.47699,0.0,0.0,0.0,0.0
2018-07-20 15:00:00,2018-07-20 16:00,1.40743,0.0,0.92962,0.003,0.47481,0.0,0.0,0.0,0.0
2018-07-20 16:00:00,2018-07-20 17:00,1.46947,0.0,0.97821,0.003,0.48826,0.0,0.0,0.0,0.0
2018-07-20 17:00:00,2018-07-20 18:00,1.53679,0.0,0.97655,0.003,0.55724,0.0,0.0,0.0,0.0
2018-07-20 18:00:00,2018-07-20 19:00,1.82379,0.0,0.95663,0.11593,0.75123,0.01124,0.0,0.0,0.01124
2018-07-20 19:00:00,2018-07-20 20:00,2.30466,0.0,0.91246,0.30629,1.08591,0.01498,0.0,0.0,0.01498
2018-07-20 20:00:00,2018-07-20 21:00,1.90037,0.0,0.81983,0.003,1.07754,0.0,0.0,0.0,0.0
2018-07-20 21:00:00,2018-07-20 22:00,1.67488,0.0,0.74525,0.003,0.92663,0.0,0.0,0.0,0.0
2018-07-20 22:00:00,2018-07-20 23:00,1.31434,0.0,0.67406,0.003,0.63728,0.0,0.0,0.0,0.0
2018-07-20 23:00:00,2018-07-21 00:00,1.08696,0.0,0.60818,0.003,0.47578,0.0,0.0,0.0,0.0
2018-07-21 00:00:00,2018-07-21 01:00,1.04078,0.0,0.56661,0.003,0.47117,0.0,0.0,0.0,0.0
2018-07-21 01:00:00,2018-07-21 02:00,0.99732,0.0,0.52753,0.003,0.46679,0.0,0.0,0.0,0.0
2018-07-21 02:00:00,2018-07-21 03:00,0.95767,0.0,0.49396,0.003,0.46071,0.0,0.0,0.0,0.0
2018-07-21 03:00:00,2018-07-21 04:00,0.92163,0.0,0.46074,0.003,0.45789,0.0,0.0,0.0,0.0
2018-07-21 04:00:00,2018-07-21 05:00,0.88685,0.0,0.43791,0.003,0.44594,0.0,0.0,0.0,0.0
2018-07-21 05:00:00,2018-07-21 06:00,1.15471,0.0,0.4189,0.2793,0.45651,0.0,0.0,0.0,0.0
2018-07-21 06:00:00,2018-07-21 07:00,0.9263,0.0,0.40377,0.003,0.51953,0.0,0.0,0.0,0.0
2018-07-21 07:00:00,2018-07-21 08:00,1.02227,0.0,0.48277,0.003,0.5365,0.01124,0.0,0.0,0.01124
2018-07-21 08:00:00,2018-07-21 09:00,1.24536,0.0,0.59231,0.003,0.65005,0.01498,0.0,0.0,0.01498
2018-07-21 09:00:00,2018-07-21 10:00,1.30047,0.0,0.64362,0.003,0.65385,0.0,0.0,0.0,0.0
2018-07-21 10:00:00,2018-07-21 11:00,1.81264,0.0,0.73073,0.41566,0.66625,0.0,0.0,0.0,0.0
2018-07-21 11:00:00,2018-07-21 12:00,1.54106,0.0,0.81052,0.003,0.72754,0.0,0.0,0.0,0.0
2018-07-21 12:00:00,2018-07-21 13:00,2.24539,0.0,1.07981,0.003,1.16258,0.09556,0.0,0.0,0.09556
2018-07-21 13:00:00,2018-07-21 14:00,4.0777,0.0,1.13761,0.003,2.93709,0.00936,0.0,0.0,0.00936
2018-07-21 14:00:00,2018-07-21 15:00,2.44303,0.0,1.13096,0.34962,0.96245,0.0,0.0,0.0,0.0
2018-07-21 15:00:00,2018-07-21 16:00,1.96507,0.0,1.14335,0.04077,0.78095,0.0,0.0,0.0,0.0
2018-07-21 16:00:00,2018-07-21 17:00,2.13217,0.0,1.15749,0.22768,0.747,0.0,0.0,0.0,0.0
2018-07-21 17:00:00,2018-07-21 18:00,2.08464,0.0,1.15729,0.21049,0.71686,0.0,0.0,0.0,0.0
2018-07-21 18:00:00,2018-07-21 19:00,2.01735,0.0,1.14099,0.003,0.87336,0.0,0.0,0.0,0.0
2018-07-21 19:00:00,2018-07-21 20:00,2.0904,0.0,1.12376,0.003,0.96364,0.0,0.0,0.0,0.0
2018-07-21 20:00:00,2018-07-21 21:00,1.98204,0.0,1.10964,0.003,0.8694,0.0,0.0,0.0,0.0
2018-07-21 21:00:00,2018-07-21 22:00,2.02162,0.0,1.07975,0.003,0.93887,0.0,0.0,0.0,0.0
2018-07-21 22:00:00,2018-07-21 23:00,1.70005,0.0,0.98286,0.003,0.71419,0.0,0.0,0.0,0.0
2018-07-21 23:00:00,2018-07-22 00:00,1.43007,0.0,0.89112,0.003,0.53595,0.0,0.0,0.0,0.0
2018-07-22 00:00:00,2018-07-22 01:00,1.28279,0.0,0.79893,0.003,0.48086,0.0,0.0,0.0,0.0
2018-07-22 01:00:00,2018-07-22 02:00,1.19395,0.0,0.72417,0.003,0.46678,0.0,0.0,0.0,0.0
2018-07-22 02:00:00,2018-07-22 03:00,1.11873,0.0,0.65582,0.003,0.45991,0.0,0.0,0.0,0.0
2018-07-22 03:00:00,2018-07-22 04:00,1.0598,0.0,0.60664,0.003,0.45016,0.0,0.0,0.0,0.0
2018-07-22 04:00:00,2018-07-22 05:00,1.12873,0.0,0.56372,0.11907,0.44594,0.0,0.0,0.0,0.0
2018-07-22 05:00:00,2018-07-22 06:00,1.13781,0.0,0.52889,0.15242,0.4565,0.0,0.0,0.0,0.0
2018-07-22 06:00:00,2018-07-22 07:00,1.01972,0.0,0.49718,0.003,0.51954,0.0,0.0,0.0,0.0
2018-07-22 07:00:00,2018-07-22 08:00,1.44147,0.0,0.53174,0.35152,0.55821,0.01124,0.0,0.0,0.01124
2018-07-22 08:00:00,2018-07-22 09:00,1.50628,0.0,0.70669,0.06525,0.73434,0.06745,0.0,0.0,0.06745
2018-07-22 09:00:00,2018-07-22 10:00,1.35311,0.0,0.61539,0.003,0.73472,0.0,0.0,0.0,0.0
2018-07-22 10:00:00,2018-07-22 11:00,3.73978,0.0,0.73197,0.4207,2.58711,0.0,0.0,0.0,0.0
2018-07-22 11:00:00,2018-07-22 12:00,2.16939,0.0,0.79297,0.003,1.37342,0.0,0.0,0.0,0.0
2018-07-22 12:00:00,2018-07-22 13:00,1.60182,0.0,0.85427,0.003,0.74455,0.0,0.0,0.0,0.0
2018-07-22 13:00:00,2018-07-22 14:00,1.73383,0.0,0.97137,0.003,0.75946,0.01124,0.0,0.0,0.01124
2018-07-22 14:00:00,2018-07-22 15:00,1.85847,0.0,1.0896,0.003,0.76587,0.01498,0.0,0.0,0.01498
2018-07-22 15:00:00,2018-07-22 16:00,2.19897,0.0,1.15361,0.22948,0.81588,0.0,0.0,0.0,0.0
2018-07-22 16:00:00,2018-07-22 17:00,1.96645,0.0,1.15502,0.18608,0.62535,0.0,0.0,0.0,0.0
2018-07-22 17:00:00,2018-07-22 18:00,1.812,0.0,1.14899,0.003,0.66001,0.01124,0.0,0.0,0.01124
2018-07-22 18:00:00,2018-07-22 19:00,2.43285,0.0,1.14333,0.45151,0.83801,0.04123,0.0,0.0,0.04123
2018-07-22 19:00:00,2018-07-22 20:00,1.95213,0.0,1.12307,0.003,0.82606,0.0,0.0,0.0,0.0
2018-07-22 20:00:00,2018-07-22 21:00,2.14677,0.0,1.09506,0.003,1.04871,0.02622,0.0,0.0,0.02622
2018-07-22 21:00:00,2018-07-22 22:00,2.08957,0.0,1.06368,0.003,1.02289,0.0,0.0,0.0,0.0
2018-07-22 22:00:00,2018-07-22 23:00,1.85968,0.0,1.03514,0.003,0.82154,0.0,0.0,0.0,0.0
2018-07-22 23:00:00,2018-07-23 00:00,1.41463,0.0,0.88707,0.003,0.52456,0.0,0.0,0.0,0.0
2018-07-23 00:00:00,2018-07-23 01:00,1.71788,0.0,0.78343,0.46101,0.47344,0.0,0.0,0.0,0.0
2018-07-23 01:00:00,2018-07-23 02:00,1.20288,0.0,0.71746,0.0199,0.46552,0.0,0.0,0.0,0.0
2018-07-23 02:00:00,2018-07-23 03:00,1.11362,0.0,0.65115,0.003,0.45947,0.0,0.0,0.0,0.0
2018-07-23 03:00:00,2018-07-23 04:00,1.05937,0.0,0.6033,0.003,0.45307,0.0,0.0,0.0,0.0
2018-07-23 04:00:00,2018-07-23 05:00,1.02039,0.0,0.56584,0.003,0.45155,0.0,0.0,0.0,0.0
2018-07-23 05:00:00,2018-07-23 06:00,0.99533,0.0,0.53547,0.003,0.45686,0.0,0.0,0.0,0.0
2018-07-23 06:00:00,2018-07-23 07:00,1.50841,0.0,0.54514,0.42366,0.53961,0.01124,0.0,0.0,0.01124
2018-07-23 07:00:00,2018-07-23 08:00,1.23009,0.0,0.61457,0.003,0.61252,0.01498,0.0,0.0,0.01498
2018-07-23 08:00:00,2018-07-23 09:00,1.29916,0.0,0.60033,0.11441,0.58442,0.0,0.0,0.0,0.0
2018-07-23 09:00:00,2018-07-23 10:00,1.59759,0.0,0.66475,0.39496,0.53788,0.0,0.0,0.0,0.0
2018-07-23 10:00:00,2018-07-23 11:00,1.22386,0.0,0.75024,0.003,0.47062,0.0,0.0,0.0,0.0
2018-07-23 11:00:00,2018-07-23 12:00,1.30909,0.0,0.83818,0.003,0.46791,0.0,0.0,0.0,0.0
2018-07-23 12:00:00,2018-07-23 13:00,1.38573,0.0,0.90649,0.003,0.47624,0.0,0.0,0.0,0.0
2018-07-23 13:00:00,2018-07-23 14:00,1.45144,0.0,0.9714,0.003,0.47704,0.0,0.0,0.0,0.0
2018-07-23 14:00:00,2018-07-23 15:00,1.52878,0.0,1.01659,0.003,0.50919,0.0,0.0,0.0,0.0
2018-07-23 15:00:00,2018-07-23 16:00,1.81208,0.0,1.10372,0.11449,0.59387,0.0,0.0,0.0,0.0
2018-07-23 16:00:00,2018-07-23 17:00,2.15099,0.0,1.16572,0.2962,0.68907,0.02622,0.0,0.0,0.02622
2018-07-23 17:00:00,2018-07-23 18:00,1.86203,0.0,1.17851,0.003,0.68052,0.0,0.0,0.0,0.0
2018-07-23 18:00:00,2018-07-23 19:00,2.06752,0.0,1.17152,0.003,0.893,0.03935,0.0,0.0,0.03935
2018-07-23 19:00:00,2018-07-23 20:00,2.62315,0.0,1.15346,0.3371,1.13259,0.03935,0.0,0.0,0.03935
2018-07-23 20:00:00,2018-07-23 21:00,2.26993,0.0,1.12761,0.003,1.13932,0.0,0.0,0.0,0.0
2018-07-23 21:00:00,2018-07-23 22:00,2.0855,0.0,1.08507,0.003,0.99743,0.0,0.0,0.0,0.0
2018-07-23 22:00:00,2018-07-23 23:00,1.75242,0.0,1.05039,0.003,0.69903,0.0,0.0,0.0,0.0
2018-07-23 23:00:00,2018-07-24 00:00,1.54664,0.0,1.03011,0.003,0.51353,0.0,0.0,0.0,0.0
2018-07-24 00:00:00,2018-07-24 01:00,1.35922,0.0,0.8828,0.003,0.47342,0.0,0.0,0.0,0.0
2018-07-24 01:00:00,2018-07-24 02:00,1.26384,0.0,0.79529,0.003,0.46555,0.0,0.0,0.0,0.0
2018-07-24 02:00:00,2018-07-24 03:00,1.19153,0.0,0.72907,0.003,0.45946,0.0,0.0,0.0,0.0
2018-07-24 03:00:00,2018-07-24 04:00,1.22758,0.0,0.6552,0.11718,0.4552,0.0,0.0,0.0,0.0
2018-07-24 04:00:00,2018-07-24 05:00,1.23135,0.0,0.59963,0.18016,0.45156,0.0,0.0,0.0,0.0
2018-07-24 05:00:00,2018-07-24 06:00,1.06084,0.0,0.58677,0.003,0.47107,0.01124,0.0,0.0,0.01124
2018-07-24 06:00:00,2018-07-24 07:00,1.47946,0.0,0.58294,0.34581,0.55071,0.01498,0.0,0.0,0.01498
2018-07-24 07:00:00,2018-07-24 08:00,1.25111,0.0,0.59639,0.09973,0.55499,0.0,0.0,0.0,0.0
2018-07-24 08:00:00,2018-07-24 09:00,1.42675,0.0,0.66063,0.2276,0.53852,0.0,0.0,0.0,0.0
2018-07-24 09:00:00,2018-07-24 10:00,1.62802,0.0,0.72956,0.37439,0.52407,0.0,0.0,0.0,0.0
2018-07-24 10:00:00,2018-07-24 11:00,1.33778,0.0,0.81628,0.003,0.5185,0.0,0.0,0.0,0.0
2018-07-24 11:00:00,2018-07-24 12:00,1.38259,0.0,0.8924,0.003,0.48719,0.0,0.0,0.0,0.0
2018-07-24 12:00:00,2018-07-24 13:00,1.43752,0.0,0.95827,0.003,0.47625,0.0,0.0,0.0,0.0
2018-07-24 13:00:00,2018-07-24 14:00,1.50368,0.0,1.02365,0.003,0.47703,0.0,0.0,0.0,0.0
2018-07-24 14:00:00,2018-07-24 15:00,1.60598,0.0,1.11288,0.003,0.4901,0.0,0.0,0.0,0.0
2018-07-24 15:00:00,2018-07-24 16:00,1.78051,0.0,1.16872,0.11509,0.4967,0.0,0.0,0.0,0.0
2018-07-24 16:00:00,2018-07-24 17:00,2.06009,0.0,1.17421,0.28681,0.59907,0.01124,0.0,0.0,0.01124
2018-07-24 17:00:00,2018-07-24 18:00,1.91901,0.0,1.16778,0.003,0.74823,0.06745,0.0,0.0,0.06745
2018-07-24 18:00:00,2018-07-24 19:00,1.9288,0.0,1.15497,0.003,0.77083,0.0,0.0,0.0,0.0
2018-07-24 19:00:00,2018-07-24 20:00,1.94786,0.0,1.12455,0.003,0.82031,0.0,0.0,0.0,0.0
2018-07-24 20:00:00,2018-07-24 21:00,2.48944,0.0,1.08496,0.23083,1.17365,0.0,0.0,0.0,0.0
2018-07-24 21:00:00,2018-07-24 22:00,2.20086,0.0,1.06147,0.10457,1.03482,0.0,0.0,0.0,0.0
2018-07-24 22:00:00,2018-07-24 23:00,1.84822,0.0,1.0402,0.003,0.80502,0.0,0.0,0.0,0.0
2018-07-24 23:00:00,2018-07-25 00:00,1.44004,0.0,0.92863,0.003,0.50841,0.0,0.0,0.0,0.0
2018-07-25 00:00:00,2018-07-25 01:00,1.25671,0.0,0.78381,0.003,0.4699,0.0,0.0,0.0,0.0
2018-07-25 01:00:00,2018-07-25 02:00,1.19411,0.0,0.72559,0.003,0.46552,0.0,0.0,0.0,0.0
2018-07-25 02:00:00,2018-07-25 03:00,1.12619,0.0,0.66372,0.003,0.45947,0.0,0.0,0.0,0.0
2018-07-25 03:00:00,2018-07-25 04:00,1.18968,0.0,0.61625,0.1161,0.45733,0.0,0.0,0.0,0.0
2018-07-25 04:00:00,2018-07-25 05:00,1.23523,0.0,0.59102,0.19302,0.45119,0.0,0.0,0.0,0.0
2018-07-25 05:00:00,2018-07-25 06:00,1.02237,0.0,0.56271,0.003,0.45666,0.0,0.0,0.0,0.0
2018-07-25 06:00:00,2018-07-25 07:00,1.03442,0.0,0.51843,0.003,0.51299,0.0,0.0,0.0,0.0
2018-07-25 07:00:00,2018-07-25 08:00,1.4118,0.0,0.54803,0.34648,0.51729,0.01124,0.0,0.0,0.01124
2018-07-25 08:00:00,2018-07-25 09:00,1.16743,0.0,0.57708,0.0713,0.51905,0.01498,0.0,0.0,0.01498
2018-07-25 09:00:00,2018-07-25 10:00,1.00751,0.0,0.52734,0.003,0.47717,0.0,0.0,0.0,0.0
2018-07-25 10:00:00,2018-07-25 11:00,1.01783,0.0,0.54422,0.003,0.47061,0.0,0.0,0.0,0.0
2018-07-25 11:00:00,2018-07-25 12:00,1.08557,0.0,0.61467,0.003,0.4679,0.0,0.0,0.0,0.0
2018-07-25 12:00:00,2018-07-25 13:00,1.19813,0.0,0.71384,0.003,0.48129,0.0,0.0,0.0,0.0
2018-07-25 13:00:00,2018-07-25 14:00,1.69445,0.0,0.8563,0.2299,0.60825,0.0,0.0,0.0,0.0
2018-07-25 14:00:00,2018-07-25 15:00,2.67886,0.0,0.9975,0.17642,1.50494,0.0,0.0,0.0,0.0
2018-07-25 15:00:00,2018-07-25 16:00,1.47046,0.0,0.96266,0.003,0.5048,0.0,0.0,0.0,0.0
2018-07-25 16:00:00,2018-07-25 17:00,3.49568,0.0,1.06744,0.003,2.42524,0.0,0.0,0.0,0.0
2018-07-25 17:00:00,2018-07-25 18:00,2.91132,0.0,1.09902,0.003,1.8093,0.02622,0.0,0.0,0.02622
2018-07-25 18:00:00,2018-07-25 19:00,2.30721,0.0,1.08071,0.3436,0.8829,0.0,0.0,0.0,0.0
2018-07-25 19:00:00,2018-07-25 20:00,2.21389,0.0,1.05774,0.12054,1.03561,0.0,0.0,0.0,0.0
2018-07-25 20:00:00,2018-07-25 21:00,2.19566,0.0,0.99356,0.003,1.1991,0.0,0.0,0.0,0.0
2018-07-25 21:00:00,2018-07-25 22:00,2.17353,0.0,0.89287,0.11474,1.16592,0.0,0.0,0.0,0.0
2018-07-25 22:00:00,2018-07-25 23:00,2.03106,0.0,0.79111,0.43528,0.80467,0.0,0.0,0.0,0.0
2018-07-25 23:00:00,2018-07-26 00:00,1.20868,0.0,0.65444,0.003,0.55124,0.0,0.0,0.0,0.0
2018-07-26 00:00:00,2018-07-26 01:00,1.56366,0.0,0.62304,0.45923,0.48139,0.0,0.0,0.0,0.0
2018-07-26 01:00:00,2018-07-26 02:00,1.04464,0.0,0.56423,0.0171,0.46331,0.0,0.0,0.0,0.0
2018-07-26 02:00:00,2018-07-26 03:00,0.98463,0.0,0.52217,0.003,0.45946,0.0,0.0,0.0,0.0
2018-07-26 03:00:00,2018-07-26 04:00,0.94294,0.0,0.48261,0.003,0.45733,0.0,0.0,0.0,0.0
2018-07-26 04:00:00,2018-07-26 05:00,0.9079,0.0,0.45332,0.003,0.45158,0.0,0.0,0.0,0.0
2018-07-26 05:00:00,2018-07-26 06:00,1.00197,0.0,0.42757,0.11455,0.45985,0.0,0.0,0.0,0.0
2018-07-26 06:00:00,2018-07-26 07:00,1.33899,0.0,0.42237,0.34813,0.56849,0.01124,0.0,0.0,0.01124
2018-07-26 07:00:00,2018-07-26 08:00,1.10374,0.0,0.5045,0.003,0.59624,0.04123,0.0,0.0,0.04123
2018-07-26 08:00:00,2018-07-26 09:00,1.0883,0.0,0.40786,0.11428,0.56616,0.0,0.0,0.0,0.0
2018-07-26 09:00:00,2018-07-26 10:00,1.26064,0.0,0.43649,0.27715,0.547,0.01124,0.0,0.0,0.01124
2018-07-26 10:00:00,2018-07-26 11:00,1.12017,0.0,0.53842,0.003,0.57875,0.04123,0.0,0.0,0.04123
2018-07-26 11:00:00,2018-07-26 12:00,1.40603,0.0,0.46916,0.42548,0.51139,0.0,0.0,0.0,0.0
2018-07-26 12:00:00,2018-07-26 13:00,0.93782,0.0,0.45858,0.003,0.47624,0.0,0.0,0.0,0.0
2018-07-26 13:00:00,2018-07-26 14:00,0.97527,0.0,0.49524,0.003,0.47703,0.0,0.0,0.0,0.0
2018-07-26 14:00:00,2018-07-26 15:00,1.00601,0.0,0.52602,0.003,0.47699,0.0,0.0,0.0,0.0
2018-07-26 15:00:00,2018-07-26 16:00,1.02652,0.0,0.54872,0.003,0.4748,0.0,0.0,0.0,0.0
2018-07-26 16:00:00,2018-07-26 17:00,1.06997,0.0,0.54741,0.003,0.51956,0.0,0.0,0.0,0.0
2018-07-26 17:00:00,2018-07-26 18:00,2.4585,0.0,0.62095,0.23195,1.6056,0.0,0.0,0.0,0.0
2018-07-26 18:00:00,2018-07-26 19:00,1.59441,0.0,0.69401,0.10441,0.79599,0.02622,0.0,0.0,0.02622
2018-07-26 19:00:00,2018-07-26 20:00,1.42024,0.0,0.61492,0.003,0.80232,0.0,0.0,0.0,0.0
2018-07-26 20:00:00,2018-07-26 21:00,1.87372,0.0,0.62991,0.003,1.24081,0.0,0.0,0.0,0.0
2018-07-26 21:00:00,2018-07-26 22:00,3.08473,0.0,0.64056,0.003,2.44117,0.0,0.0,0.0,0.0
2018-07-26 22:00:00,2018-07-26 23:00,2.55876,0.0,0.58063,0.003,1.97513,0.0,0.0,0.0,0.0
2018-07-26 23:00:00,2018-07-27 00:00,1.41392,0.0,0.50029,0.3943,0.51933,0.0,0.0,0.0,0.0
2018-07-27 00:00:00,2018-07-27 01:00,0.88375,0.0,0.40307,0.003,0.47768,0.0,0.0,0.0,0.0
2018-07-27 01:00:00,2018-07-27 02:00,0.83353,0.0,0.36602,0.003,0.46451,0.0,0.0,0.0,0.0
2018-07-27 02:00:00,2018-07-27 03:00,0.79742,0.0,0.33495,0.003,0.45947,0.0,0.0,0.0,0.0
2018-07-27 03:00:00,2018-07-27 04:00,0.77962,0.0,0.3193,0.003,0.45732,0.0,0.0,0.0,0.0
2018-07-27 04:00:00,2018-07-27 05:00,0.74779,0.0,0.29358,0.003,0.45121,0.0,0.0,0.0,0.0
2018-07-27 05:00:00,2018-07-27 06:00,0.834,0.0,0.25973,0.11579,0.45848,0.0,0.0,0.0,0.0
2018-07-27 06:00:00,2018-07-27 07:00,1.08954,0.0,0.23026,0.31352,0.54576,0.0,0.0,0.0,0.0
2018-07-27 07:00:00,2018-07-27 08:00,0.78242,0.0,0.28219,0.003,0.49723,0.0,0.0,0.0,0.0
2018-07-27 08:00:00,2018-07-27 09:00,0.91481,0.0,0.32073,0.1151,0.47898,0.0,0.0,0.0,0.0
2018-07-27 09:00:00,2018-07-27 10:00,1.28029,0.0,0.4396,0.31663,0.52406,0.0,0.0,0.0,0.0
2018-07-27 10:00:00,2018-07-27 11:00,1.06139,0.0,0.53991,0.003,0.51848,0.0,0.0,0.0,0.0
2018-07-27 11:00:00,2018-07-27 12:00,1.1406,0.0,0.61655,0.003,0.52105,0.0,0.0,0.0,0.0
2018-07-27 12:00:00,2018-07-27 13:00,1.73099,0.0,0.70312,0.45953,0.56834,0.0,0.0,0.0,0.0
2018-07-27 13:00:00,2018-07-27 14:00,1.31344,0.0,0.75181,0.03323,0.5284,0.0,0.0,0.0,0.0
2018-07-27 14:00:00,2018-07-27 15:00,1.34909,0.0,0.8157,0.003,0.53039,0.0,0.0,0.0,0.0
2018-07-27 15:00:00,2018-07-27 16:00,1.43914,0.0,0.90109,0.003,0.53505,0.0,0.0,0.0,0.0
2018-07-27 16:00:00,2018-07-27 17:00,1.65667,0.0,0.93586,0.11526,0.60555,0.0,0.0,0.0,0.0
2018-07-27 17:00:00,2018-07-27 18:00,2.00262,0.0,1.01654,0.28821,0.69787,0.03935,0.0,0.0,0.03935
2018-07-27 18:00:00,2018-07-27 19:00,1.83224,0.0,1.03204,0.003,0.7972,0.01312,0.0,0.0,0.01312
2018-07-27 19:00:00,2018-07-27 20:00,2.91256,0.0,0.97172,0.003,1.93784,0.0,0.0,0.0,0.0
2018-07-27 20:00:00,2018-07-27 21:00,1.91817,0.0,0.88929,0.003,1.02588,0.0,0.0,0.0,0.0
2018-07-27 21:00:00,2018-07-27 22:00,2.23863,0.0,0.80616,0.42459,1.00788,0.0,0.0,0.0,0.0
2018-07-27 22:00:00,2018-07-27 23:00,1.50325,0.0,0.6956,0.003,0.80465,0.0,0.0,0.0,0.0
2018-07-27 23:00:00,2018-07-28 00:00,1.16363,0.0,0.60998,0.003,0.55065,0.0,0.0,0.0,0.0
2018-07-28 00:00:00,2018-07-28 01:00,1.04648,0.0,0.56803,0.003,0.47545,0.0,0.0,0.0,0.0
2018-07-28 01:00:00,2018-07-28 02:00,0.98544,0.0,0.51567,0.003,0.46677,0.0,0.0,0.0,0.0
2018-07-28 02:00:00,2018-07-28 03:00,0.92099,0.0,0.46169,0.003,0.4563,0.0,0.0,0.0,0.0
2018-07-28 03:00:00,2018-07-28 04:00,1.28567,0.0,0.47691,0.33642,0.47234,0.02622,0.0,0.0,0.02622
2018-07-28 04:00:00,2018-07-28 05:00,0.85436,0.0,0.40566,0.003,0.4457,0.0,0.0,0.0,0.0
2018-07-28 05:00:00,2018-07-28 06:00,0.81443,0.0,0.35932,0.003,0.45211,0.0,0.0,0.0,0.0
2018-07-28 06:00:00,2018-07-28 07:00,0.8396,0.0,0.3255,0.003,0.5111,0.01124,0.0,0.0,0.01124
2018-07-28 07:00:00,2018-07-28 08:00,1.09123,0.0,0.4882,0.003,0.60003,0.04123,0.0,0.0,0.04123
2018-07-28 08:00:00,2018-07-28 09:00,1.06932,0.0,0.48451,0.003,0.58181,0.0,0.0,0.0,0.0
2018-07-28 09:00:00,2018-07-28 10:00,1.17166,0.0,0.5671,0.003,0.60156,0.0,0.0,0.0,0.0
2018-07-28 10:00:00,2018-07-28 11:00,1.54607,0.0,0.65401,0.23213,0.65993,0.0,0.0,0.0,0.0
2018-07-28 11:00:00,2018-07-28 12:00,1.67599,0.0,0.70722,0.30602,0.66275,0.0,0.0,0.0,0.0
2018-07-28 12:00:00,2018-07-28 13:00,1.54222,0.0,0.8121,0.003,0.72712,0.0,0.0,0.0,0.0
2018-07-28 13:00:00,2018-07-28 14:00,1.91785,0.0,0.87172,0.34553,0.7006,0.0,0.0,0.0,0.0
2018-07-28 14:00:00,2018-07-28 15:00,1.71169,0.0,0.94222,0.04756,0.72191,0.0,0.0,0.0,0.0
2018-07-28 15:00:00,2018-07-28 16:00,1.72692,0.0,0.97881,0.003,0.74511,0.0,0.0,0.0,0.0
2018-07-28 16:00:00,2018-07-28 17:00,1.83173,0.0,1.05784,0.003,0.77089,0.0,0.0,0.0,0.0
2018-07-28 17:00:00,2018-07-28 18:00,1.85006,0.0,1.09549,0.003,0.75157,0.0,0.0,0.0,0.0
2018-07-28 18:00:00,2018-07-28 19:00,3.36791,0.0,1.09612,0.34655,1.92524,0.0,0.0,0.0,0.0
2018-07-28 19:00:00,2018-07-28 20:00,1.96721,0.0,0.98292,0.003,0.98129,0.0,0.0,0.0,0.0
2018-07-28 20:00:00,2018-07-28 21:00,2.11481,0.0,0.86313,0.11233,1.13935,0.0,0.0,0.0,0.0
2018-07-28 21:00:00,2018-07-28 22:00,1.96245,0.0,0.75624,0.33015,0.87606,0.0,0.0,0.0,0.0
2018-07-28 22:00:00,2018-07-28 23:00,1.38779,0.0,0.67954,0.003,0.70525,0.0,0.0,0.0,0.0
2018-07-28 23:00:00,2018-07-29 00:00,1.09657,0.0,0.61667,0.003,0.4769,0.0,0.0,0.0,0.0
2018-07-29 00:00:00,2018-07-29 01:00,1.04112,0.0,0.56696,0.003,0.47116,0.0,0.0,0.0,0.0
2018-07-29 01:00:00,2018-07-29 02:00,0.97991,0.0,0.51015,0.003,0.46676,0.0,0.0,0.0,0.0
2018-07-29 02:00:00,2018-07-29 03:00,0.94317,0.0,0.47948,0.003,0.46069,0.0,0.0,0.0,0.0
2018-07-29 03:00:00,2018-07-29 04:00,0.91074,0.0,0.44985,0.003,0.45789,0.0,0.0,0.0,0.0
2018-07-29 04:00:00,2018-07-29 05:00,0.85591,0.0,0.40537,0.003,0.44754,0.0,0.0,0.0,0.0
2018-07-29 05:00:00,2018-07-29 06:00,0.83339,0.0,0.37566,0.003,0.45473,0.0,0.0,0.0,0.0
2018-07-29 06:00:00,2018-07-29 07:00,1.07424,0.0,0.47484,0.003,0.5964,0.05247,0.0,0.0,0.05247
2018-07-29 07:00:00,2018-07-29 08:00,1.32981,0.0,0.45836,0.31268,0.55877,0.0,0.0,0.0,0.0
2018-07-29 08:00:00,2018-07-29 09:00,1.0973,0.0,0.51249,0.003,0.58181,0.0,0.0,0.0,0.0
2018-07-29 09:00:00,2018-07-29 10:00,1.21122,0.0,0.59223,0.003,0.61599,0.0,0.0,0.0,0.0
2018-07-29 10:00:00,2018-07-29 11:00,1.5719,0.0,0.68508,0.22689,0.65993,0.0,0.0,0.0,0.0
2018-07-29 11:00:00,2018-07-29 12:00,1.71623,0.0,0.79761,0.24936,0.66926,0.0,0.0,0.0,0.0
2018-07-29 12:00:00,2018-07-29 13:00,1.73868,0.0,0.96491,0.003,0.77077,0.02622,0.0,0.0,0.02622
2018-07-29 13:00:00,2018-07-29 14:00,1.82524,0.0,0.93643,0.11426,0.77455,0.0,0.0,0.0,0.0
2018-07-29 14:00:00,2018-07-29 15:00,2.46334,0.0,1.02115,0.35042,1.09177,0.0,0.0,0.0,0.0
2018-07-29 15:00:00,2018-07-29 16:00,3.67304,0.0,1.12133,0.003,2.54871,0.0,0.0,0.0,0.0
2018-07-29 16:00:00,2018-07-29 17:00,2.21238,0.0,1.03978,0.2265,0.9461,0.06745,0.0,0.0,0.06745
2018-07-29 17:00:00,2018-07-29 18:00,2.33021,0.0,1.04897,0.2529,1.02834,0.11242,0.0,0.0,0.11242
2018-07-29 18:00:00,2018-07-29 19:00,2.04485,0.0,1.089,0.003,0.95285,0.02998,0.0,0.0,0.02998
2018-07-29 19:00:00,2018-07-29 20:00,2.17845,0.0,1.08436,0.11255,0.98154,0.0,0.0,0.0,0.0
2018-07-29 20:00:00,2018-07-29 21:00,2.51128,0.0,1.00081,0.39825,1.11222,0.0,0.0,0.0,0.0
2018-07-29 21:00:00,2018-07-29 22:00,2.01163,0.0,0.88175,0.003,1.12688,0.0,0.0,0.0,0.0
2018-07-29 22:00:00,2018-07-29 23:00,1.48311,0.0,0.77047,0.003,0.70964,0.0,0.0,0.0,0.0
2018-07-29 23:00:00,2018-07-30 00:00,1.19859,0.0,0.67768,0.003,0.51791,0.0,0.0,0.0,0.0
2018-07-30 00:00:00,2018-07-30 01:00,1.08214,0.0,0.60147,0.003,0.47767,0.0,0.0,0.0,0.0
2018-07-30 01:00:00,2018-07-30 02:00,1.01223,0.0,0.54669,0.003,0.46254,0.0,0.0,0.0,0.0
2018-07-30 02:00:00,2018-07-30 03:00,0.95757,0.0,0.50309,0.003,0.45148,0.0,0.0,0.0,0.0
2018-07-30 03:00:00,2018-07-30 04:00,0.9255,0.0,0.46649,0.003,0.45601,0.0,0.0,0.0,0.0
2018-07-30 04:00:00,2018-07-30 05:00,1.00118,0.0,0.43323,0.11638,0.45157,0.0,0.0,0.0,0.0
2018-07-30 05:00:00,2018-07-30 06:00,1.07445,0.0,0.41031,0.2102,0.45394,0.0,0.0,0.0,0.0
2018-07-30 06:00:00,2018-07-30 07:00,0.91354,0.0,0.38659,0.003,0.52395,0.01124,0.0,0.0,0.01124
2018-07-30 07:00:00,2018-07-30 08:00,1.55253,0.0,0.60067,0.34447,0.60739,0.06745,0.0,0.0,0.06745
2018-07-30 08:00:00,2018-07-30 09:00,1.46084,0.0,0.55371,0.38696,0.52017,0.0,0.0,0.0,0.0
2018-07-30 09:00:00,2018-07-30 10:00,1.16541,0.0,0.63835,0.003,0.52406,0.0,0.0,0.0,0.0
2018-07-30 10:00:00,2018-07-30 11:00,1.2722,0.0,0.72697,0.003,0.54223,0.0,0.0,0.0,0.0
2018-07-30 11:00:00,2018-07-30 12:00,1.67601,0.0,0.81626,0.34345,0.5163,0.0,0.0,0.0,0.0
2018-07-30 12:00:00,2018-07-30 13:00,1.50272,0.0,0.89498,0.10008,0.50766,0.0,0.0,0.0,0.0
2018-07-30 13:00:00,2018-07-30 14:00,1.43223,0.0,0.9522,0.003,0.47703,0.0,0.0,0.0,0.0
2018-07-30 14:00:00,2018-07-30 15:00,1.5458,0.0,1.02398,0.003,0.51882,0.0,0.0,0.0,0.0
2018-07-30 15:00:00,2018-07-30 16:00,2.91357,0.0,1.1456,0.3434,1.42457,0.0,0.0,0.0,0.0
2018-07-30 16:00:00,2018-07-30 17:00,3.74804,0.0,1.17343,0.14651,2.4281,0.0,0.0,0.0,0.0
2018-07-30 17:00:00,2018-07-30 18:00,1.83369,0.0,1.17166,0.003,0.65903,0.0,0.0,0.0,0.0
2018-07-30 18:00:00,2018-07-30 19:00,2.2194,0.0,1.17376,0.003,1.04264,0.09556,0.0,0.0,0.09556
2018-07-30 19:00:00,2018-07-30 20:00,3.92986,0.0,1.15766,0.34509,2.42711,0.03561,0.0,0.0,0.03561
2018-07-30 20:00:00,2018-07-30 21:00,4.05208,0.0,1.10789,0.003,2.94119,0.0,0.0,0.0,0.0
2018-07-30 21:00:00,2018-07-30 22:00,2.06731,0.0,1.05534,0.003,1.00897,0.0,0.0,0.0,0.0
2018-07-30 22:00:00,2018-07-30 23:00,1.91692,0.0,1.02849,0.2294,0.65903,0.0,0.0,0.0,0.0
2018-07-30 23:00:00,2018-07-31 00:00,1.63953,0.0,0.96144,0.18595,0.49214,0.0,0.0,0.0,0.0
2018-07-31 00:00:00,2018-07-31 01:00,1.28612,0.0,0.81321,0.003,0.46991,0.0,0.0,0.0,0.0
2018-07-31 01:00:00,2018-07-31 02:00,1.18464,0.0,0.71612,0.003,0.46552,0.0,0.0,0.0,0.0
2018-07-31 02:00:00,2018-07-31 03:00,1.11049,0.0,0.64804,0.003,0.45945,0.0,0.0,0.0,0.0
2018-07-31 03:00:00,2018-07-31 04:00,1.06129,0.0,0.60096,0.003,0.45733,0.0,0.0,0.0,0.0
2018-07-31 04:00:00,2018-07-31 05:00,1.00464,0.0,0.55045,0.003,0.45119,0.0,0.0,0.0,0.0
2018-07-31 05:00:00,2018-07-31 06:00,0.97052,0.0,0.51385,0.003,0.45367,0.0,0.0,0.0,0.0
2018-07-31 06:00:00,2018-07-31 07:00,1.26288,0.0,0.48613,0.23087,0.54588,0.0,0.0,0.0,0.0
2018-07-31 07:00:00,2018-07-31 08:00,1.34271,0.0,0.51674,0.28012,0.54585,0.0,0.0,0.0,0.0
2018-07-31 08:00:00,2018-07-31 09:00,1.03535,0.0,0.55796,0.003,0.47439,0.0,0.0,0.0,0.0
2018-07-31 09:00:00,2018-07-31 10:00,1.18007,0.0,0.69988,0.003,0.47719,0.0,0.0,0.0,0.0
2018-07-31 10:00:00,2018-07-31 11:00,1.29654,0.0,0.82294,0.003,0.4706,0.0,0.0,0.0,0.0
2018-07-31 11:00:00,2018-07-31 12:00,2.14113,0.0,1.11206,0.42452,0.60455,0.09556,0.0,0.0,0.09556
2018-07-31 12:00:00,2018-07-31 13:00,1.75185,0.0,1.1589,0.003,0.58995,0.03561,0.0,0.0,0.03561
2018-07-31 13:00:00,2018-07-31 14:00,1.62709,0.0,1.09333,0.003,0.53076,0.0,0.0,0.0,0.0
2018-07-31 14:00:00,2018-07-31 15:00,1.65592,0.0,1.14373,0.003,0.50919,0.0,0.0,0.0,0.0
2018-07-31 15:00:00,2018-07-31 16:00,1.99771,0.0,1.18924,0.22169,0.58678,0.0,0.0,0.0,0.0
2018-07-31 16:00:00,2018-07-31 17:00,2.28173,0.0,1.19307,0.45441,0.63425,0.0,0.0,0.0,0.0
2018-07-31 17:00:00,2018-07-31 18:00,2.1247,0.0,1.18899,0.17467,0.76104,0.02622,0.0,0.0,0.02622
2018-07-31 18:00:00,2018-07-31 19:00,2.05937,0.0,1.17244,0.003,0.88393,0.0,0.0,0.0,0.0
2018-07-31 19:00:00,2018-07-31 20:00,2.07908,0.0,1.12751,0.003,0.94857,0.0,0.0,0.0,0.0
2018-07-31 20:00:00,2018-07-31 21:00,2.25908,0.0,1.08227,0.003,1.17381,0.0,0.0,0.0,0.0
2018-07-31 21:00:00,2018-07-31 22:00,2.34703,0.0,1.0521,0.32641,0.96852,0.0,0.0,0.0,0.0
2018-07-31 22:00:00,2018-07-31 23:00,1.58636,0.0,1.01939,0.003,0.56397,0.0,0.0,0.0,0.0
2018-07-31 23:00:00,2018-08-01 00:00,1.41142,0.0,0.9327,0.003,0.47572,0.0,0.0,0.0,0.0
2018-08-01 00:00:00,2018-08-01 01:00,1.29196,0.0,0.81871,0.003,0.47025,0.0,0.0,0.0,0.0
2018-08-01 01:00:00,2018-08-01 02:00,1.2079,0.0,0.73908,0.003,0.46582,0.0,0.0,0.0,0.0
2018-08-01 02:00:00,2018-08-01 03:00,1.16261,0.0,0.69982,0.003,0.45979,0.0,0.0,0.0,0.0
2018-08-01 03:00:00,2018-08-01 04:00,1.13593,0.0,0.67533,0.003,0.4576,0.0,0.0,0.0,0.0
2018-08-01 04:00:00,2018-08-01 05:00,1.11893,0.0,0.66407,0.003,0.45186,0.0,0.0,0.0,0.0
2018-08-01 05:00:00,2018-08-01 06:00,1.23757,0.0,0.65984,0.11857,0.45916,0.0,0.0,0.0,0.0
2018-08-01 06:00:00,2018-08-01 07:00,1.6693,0.0,0.63284,0.46739,0.56907,0.0,0.0,0.0,0.0
2018-08-01 07:00:00,2018-08-01 08:00,1.51794,0.0,0.6266,0.30861,0.58273,0.0,0.0,0.0,0.0
2018-08-01 08:00:00,2018-08-01 09:00,1.23186,0.0,0.6347,0.003,0.59416,0.0,0.0,0.0,0.0
2018-08-01 09:00:00,2018-08-01 10:00,1.4029,0.0,0.66968,0.1148,0.61842,0.0,0.0,0.0,0.0
2018-08-01 10:00:00,2018-08-01 11:00,1.77892,0.0,0.74656,0.44666,0.5857,0.0,0.0,0.0,0.0
2018-08-01 11:00:00,2018-08-01 12:00,1.67387,0.0,0.79309,0.31596,0.56482,0.0,0.0,0.0,0.0
2018-08-01 12:00:00,2018-08-01 13:00,1.35206,0.0,0.82198,0.003,0.52708,0.0,0.0,0.0,0.0
2018-08-01 13:00:00,2018-08-01 14:00,1.36656,0.0,0.86835,0.003,0.49521,0.0,0.0,0.0,0.0
2018-08-01 14:00:00,2018-08-01 15:00,1.93178,0.0,0.96997,0.43141,0.5304,0.0,0.0,0.0,0.0
2018-08-01 15:00:00,2018-08-01 16:00,1.50947,0.0,0.97149,0.003,0.53498,0.0,0.0,0.0,0.0
2018-08-01 16:00:00,2018-08-01 17:00,1.39134,0.0,0.86936,0.003,0.51898,0.01124,0.0,0.0,0.01124
2018-08-01 17:00:00,2018-08-01 18:00,2.04823,0.0,1.01195,0.23068,0.8056,0.09556,0.0,0.0,0.09556
2018-08-01 18:00:00,2018-08-01 19:00,1.80925,0.0,0.83407,0.20405,0.77113,0.0,0.0,0.0,0.0
2018-08-01 19:00:00,2018-08-01 20:00,1.68525,0.0,0.78434,0.003,0.89791,0.0,0.0,0.0,0.0
2018-08-01 20:00:00,2018-08-01 21:00,1.88226,0.0,0.73158,0.003,1.14768,0.0,0.0,0.0,0.0
2018-08-01 21:00:00,2018-08-01 22:00,2.14578,0.0,0.68317,0.003,1.45961,0.0,0.0,0.0,0.0
2018-08-01 22:00:00,2018-08-01 23:00,3.64125,0.0,0.59818,0.11534,2.92773,0.0,0.0,0.0,0.0
2018-08-01 23:00:00,2018-08-02 00:00,1.35365,0.0,0.53224,0.27277,0.54864,0.0,0.0,0.0,0.0
2018-08-02 00:00:00,2018-08-02 01:00,1.01187,0.0,0.53127,0.003,0.4776,0.0,0.0,0.0,0.0
2018-08-02 01:00:00,2018-08-02 02:00,0.94986,0.0,0.4828,0.003,0.46406,0.0,0.0,0.0,0.0
2018-08-02 02:00:00,2018-08-02 03:00,0.91801,0.0,0.45523,0.003,0.45978,0.0,0.0,0.0,0.0
2018-08-02 03:00:00,2018-08-02 04:00,0.88732,0.0,0.42668,0.003,0.45764,0.0,0.0,0.0,0.0
2018-08-02 04:00:00,2018-08-02 05:00,0.84533,0.0,0.3941,0.003,0.44823,0.0,0.0,0.0,0.0
2018-08-02 05:00:00,2018-08-02 06:00,1.28817,0.0,0.36767,0.46046,0.46004,0.0,0.0,0.0,0.0
2018-08-02 06:00:00,2018-08-02 07:00,1.06543,0.0,0.30813,0.22533,0.53197,0.0,0.0,0.0,0.0
2018-08-02 07:00:00,2018-08-02 08:00,0.83594,0.0,0.3351,0.003,0.49784,0.0,0.0,0.0,0.0
2018-08-02 08:00:00,2018-08-02 09:00,0.81395,0.0,0.33629,0.003,0.47466,0.0,0.0,0.0,0.0
2018-08-02 09:00:00,2018-08-02 10:00,0.86168,0.0,0.36498,0.003,0.4937,0.0,0.0,0.0,0.0
2018-08-02 10:00:00,2018-08-02 11:00,1.03971,0.0,0.40547,0.11543,0.51881,0.0,0.0,0.0,0.0
2018-08-02 11:00:00,2018-08-02 12:00,1.1552,0.0,0.43177,0.20686,0.51657,0.0,0.0,0.0,0.0
2018-08-02 12:00:00,2018-08-02 13:00,1.00364,0.0,0.48072,0.003,0.51992,0.0,0.0,0.0,0.0
2018-08-02 13:00:00,2018-08-02 14:00,1.0009,0.0,0.52063,0.003,0.47727,0.0,0.0,0.0,0.0
2018-08-02 14:00:00,2018-08-02 15:00,1.07678,0.0,0.57763,0.003,0.49615,0.0,0.0,0.0,0.0
2018-08-02 15:00:00,2018-08-02 16:00,1.41381,0.0,0.65627,0.23012,0.52742,0.0,0.0,0.0,0.0
2018-08-02 16:00:00,2018-08-02 17:00,1.63364,0.0,0.74953,0.20639,0.67772,0.0,0.0,0.0,0.0
2018-08-02 17:00:00,2018-08-02 18:00,1.58653,0.0,0.81525,0.003,0.76828,0.0,0.0,0.0,0.0
2018-08-02 18:00:00,2018-08-02 19:00,1.70643,0.0,0.81828,0.003,0.88515,0.0,0.0,0.0,0.0
2018-08-02 19:00:00,2018-08-02 20:00,2.54393,0.0,0.79979,0.003,1.74114,0.01124,0.0,0.0,0.01124
2018-08-02 20:00:00,2018-08-02 21:00,2.98329,0.0,0.97183,0.1138,1.89766,0.11242,0.0,0.0,0.11242
2018-08-02 21:00:00,2018-08-02 22:00,2.67034,0.0,0.94902,0.41012,1.3112,0.11242,0.0,0.0,0.11242
2018-08-02 22:00:00,2018-08-02 23:00,1.79619,0.0,0.91313,0.003,0.88006,0.08805,0.0,0.0,0.08805
2018-08-02 23:00:00,2018-08-03 00:00,1.12658,0.0,0.61174,0.003,0.51184,0.0,0.0,0.0,0.0
2018-08-03 00:00:00,2018-08-03 01:00,0.97421,0.0,0.50097,0.003,0.47024,0.0,0.0,0.0,0.0
2018-08-03 01:00:00,2018-08-03 02:00,0.90367,0.0,0.43483,0.003,0.46584,0.0,0.0,0.0,0.0
2018-08-03 02:00:00,2018-08-03 03:00,0.86674,0.0,0.40397,0.003,0.45977,0.0,0.0,0.0,0.0
2018-08-03 03:00:00,2018-08-03 04:00,0.86358,0.0,0.40295,0.003,0.45763,0.0,0.0,0.0,0.0
2018-08-03 04:00:00,2018-08-03 05:00,0.82554,0.0,0.37106,0.003,0.45148,0.0,0.0,0.0,0.0
2018-08-03 05:00:00,2018-08-03 06:00,0.91812,0.0,0.34817,0.11595,0.454,0.0,0.0,0.0,0.0
2018-08-03 06:00:00,2018-08-03 07:00,1.27973,0.0,0.33564,0.41232,0.53177,0.0,0.0,0.0,0.0
2018-08-03 07:00:00,2018-08-03 08:00,1.04803,0.0,0.3715,0.11522,0.56131,0.0,0.0,0.0,0.0
2018-08-03 08:00:00,2018-08-03 09:00,1.38354,0.0,0.40561,0.46192,0.51601,0.0,0.0,0.0,0.0
2018-08-03 09:00:00,2018-08-03 10:00,0.92566,0.0,0.37833,0.06994,0.47739,0.0,0.0,0.0,0.0
2018-08-03 10:00:00,2018-08-03 11:00,0.85231,0.0,0.37849,0.003,0.47082,0.0,0.0,0.0,0.0
2018-08-03 11:00:00,2018-08-03 12:00,1.0167,0.0,0.5456,0.003,0.4681,0.0,0.0,0.0,0.0
2018-08-03 12:00:00,2018-08-03 13:00,1.1998,0.0,0.72035,0.003,0.47645,0.0,0.0,0.0,0.0
2018-08-03 13:00:00,2018-08-03 14:00,1.38021,0.0,0.89995,0.003,0.47726,0.0,0.0,0.0,0.0
2018-08-03 14:00:00,2018-08-03 15:00,1.51713,0.0,1.03688,0.003,0.47725,0.0,0.0,0.0,0.0
2018-08-03 15:00:00,2018-08-03 16:00,1.65289,0.0,1.16769,0.003,0.4822,0.0,0.0,0.0,0.0
2018-08-03 16:00:00,2018-08-03 17:00,2.07565,0.0,1.23436,0.11682,0.72447,0.0,0.0,0.0,0.0
2018-08-03 17:00:00,2018-08-03 18:00,4.20654,0.0,1.22617,0.36805,2.61232,0.06745,0.0,0.0,0.06745
2018-08-03 18:00:00,2018-08-03 19:00,3.83081,0.0,1.20787,0.11666,2.50628,0.11242,0.0,0.0,0.11242
2018-08-03 19:00:00,2018-08-03 20:00,2.37582,0.0,1.19284,0.21615,0.96683,0.00936,0.0,0.0,0.00936
2018-08-03 20:00:00,2018-08-03 21:00,2.32188,0.0,1.12565,0.003,1.19323,0.0,0.0,0.0,0.0
2018-08-03 21:00:00,2018-08-03 22:00,2.63538,0.0,1.06838,0.3209,1.2461,0.0,0.0,0.0,0.0
2018-08-03 22:00:00,2018-08-03 23:00,3.73056,0.0,1.0514,0.003,2.67616,0.0,0.0,0.0,0.0
2018-08-03 23:00:00,2018-08-04 00:00,2.72133,0.0,1.05441,0.003,1.66392,0.0,0.0,0.0,0.0
2018-08-04 00:00:00,2018-08-04 01:00,1.47912,0.0,0.98143,0.003,0.49469,0.0,0.0,0.0,0.0
2018-08-04 01:00:00,2018-08-04 02:00,1.36025,0.0,0.89088,0.003,0.46637,0.0,0.0,0.0,0.0
2018-08-04 02:00:00,2018-08-04 03:00,1.30183,0.0,0.83781,0.003,0.46102,0.0,0.0,0.0,0.0
2018-08-04 03:00:00,2018-08-04 04:00,1.25562,0.0,0.79374,0.003,0.45888,0.0,0.0,0.0,0.0
2018-08-04 04:00:00,2018-08-04 05:00,1.20722,0.0,0.75148,0.003,0.45274,0.0,0.0,0.0,0.0
2018-08-04 05:00:00,2018-08-04 06:00,1.17914,0.0,0.72369,0.003,0.45245,0.0,0.0,0.0,0.0
2018-08-04 06:00:00,2018-08-04 07:00,1.22519,0.0,0.73045,0.003,0.49174,0.0,0.0,0.0,0.0
2018-08-04 07:00:00,2018-08-04 08:00,1.1535,0.0,0.67864,0.003,0.47186,0.0,0.0,0.0,0.0
2018-08-04 08:00:00,2018-08-04 09:00,1.16704,0.0,0.68242,0.003,0.48162,0.0,0.0,0.0,0.0
2018-08-04 09:00:00,2018-08-04 10:00,1.464,0.0,0.67457,0.24011,0.54932,0.0,0.0,0.0,0.0
2018-08-04 10:00:00,2018-08-04 11:00,1.42748,0.0,0.71446,0.04817,0.66485,0.0,0.0,0.0,0.0
2018-08-04 11:00:00,2018-08-04 12:00,1.48155,0.0,0.75353,0.003,0.72502,0.0,0.0,0.0,0.0
2018-08-04 12:00:00,2018-08-04 13:00,1.47562,0.0,0.73812,0.003,0.7345,0.0,0.0,0.0,0.0
2018-08-04 13:00:00,2018-08-04 14:00,1.53913,0.0,0.72371,0.11787,0.69755,0.0,0.0,0.0,0.0
2018-08-04 14:00:00,2018-08-04 15:00,1.7641,0.0,0.75112,0.30328,0.7097,0.0,0.0,0.0,0.0
2018-08-04 15:00:00,2018-08-04 16:00,1.4202,0.0,0.76443,0.003,0.65277,0.0,0.0,0.0,0.0
2018-08-04 16:00:00,2018-08-04 17:00,1.58585,0.0,0.78854,0.1157,0.68161,0.0,0.0,0.0,0.0
2018-08-04 17:00:00,2018-08-04 18:00,1.87715,0.0,0.86536,0.28561,0.72618,0.01124,0.0,0.0,0.01124
2018-08-04 18:00:00,2018-08-04 19:00,1.85134,0.0,0.99409,0.003,0.85425,0.02622,0.0,0.0,0.02622
2018-08-04 19:00:00,2018-08-04 20:00,2.18963,0.0,1.05669,0.003,1.12994,0.04123,0.0,0.0,0.04123
2018-08-04 20:00:00,2018-08-04 21:00,2.36567,0.0,0.89696,0.40522,1.06349,0.0,0.0,0.0,0.0
2018-08-04 21:00:00,2018-08-04 22:00,1.75513,0.0,0.83046,0.003,0.92167,0.0,0.0,0.0,0.0
2018-08-04 22:00:00,2018-08-04 23:00,1.40306,0.0,0.76643,0.003,0.63363,0.0,0.0,0.0,0.0
2018-08-04 23:00:00,2018-08-05 00:00,1.26163,0.0,0.74113,0.003,0.5175,0.0,0.0,0.0,0.0
2018-08-05 00:00:00,2018-08-05 01:00,1.18857,0.0,0.7075,0.003,0.47807,0.0,0.0,0.0,0.0
2018-08-05 01:00:00,2018-08-05 02:00,1.14219,0.0,0.67436,0.003,0.46483,0.0,0.0,0.0,0.0
2018-08-05 02:00:00,2018-08-05 03:00,1.09502,0.0,0.6385,0.003,0.45352,0.0,0.0,0.0,0.0
2018-08-05 03:00:00,2018-08-05 04:00,1.47784,0.0,0.62572,0.39458,0.45754,0.0,0.0,0.0,0.0
2018-08-05 04:00:00,2018-08-05 05:00,1.06519,0.0,0.60945,0.003,0.45274,0.0,0.0,0.0,0.0
2018-08-05 05:00:00,2018-08-05 06:00,1.05608,0.0,0.60062,0.003,0.45246,0.0,0.0,0.0,0.0
2018-08-05 06:00:00,2018-08-05 07:00,1.10596,0.0,0.61121,0.003,0.49175,0.0,0.0,0.0,0.0
2018-08-05 07:00:00,2018-08-05 08:00,1.10849,0.0,0.60717,0.003,0.49832,0.0,0.0,0.0,0.0
2018-08-05 08:00:00,2018-08-05 09:00,1.2384,0.0,0.70081,0.003,0.53459,0.0,0.0,0.0,0.0
2018-08-05 09:00:00,2018-08-05 10:00,1.89217,0.0,0.82636,0.46475,0.60106,0.0,0.0,0.0,0.0
2018-08-05 10:00:00,2018-08-05 11:00,1.72915,0.0,0.90755,0.21568,0.60592,0.0,0.0,0.0,0.0
2018-08-05 11:00:00,2018-08-05 12:00,1.63799,0.0,1.02642,0.003,0.60857,0.01124,0.0,0.0,0.01124
2018-08-05 12:00:00,2018-08-05 13:00,2.2098,0.0,1.18478,0.34577,0.67925,0.06933,0.0,0.0,0.06933
2018-08-05 13:00:00,2018-08-05 14:00,2.05328,0.0,1.18172,0.23902,0.63254,0.0,0.0,0.0,0.0
2018-08-05 14:00:00,2018-08-05 15:00,1.93046,0.0,1.16073,0.003,0.76673,0.0,0.0,0.0,0.0
2018-08-05 15:00:00,2018-08-05 16:00,1.9306,0.0,1.15101,0.003,0.77659,0.0,0.0,0.0,0.0
2018-08-05 16:00:00,2018-08-05 17:00,2.28225,0.0,1.15052,0.38793,0.7438,0.0,0.0,0.0,0.0
2018-08-05 17:00:00,2018-08-05 18:00,1.94835,0.0,1.14103,0.003,0.80432,0.0,0.0,0.0,0.0
2018-08-05 18:00:00,2018-08-05 19:00,2.3972,0.0,1.12881,0.34546,0.92293,0.0,0.0,0.0,0.0
2018-08-05 19:00:00,2018-08-05 20:00,2.21879,0.0,1.11704,0.11339,0.98836,0.0,0.0,0.0,0.0
2018-08-05 20:00:00,2018-08-05 21:00,2.17031,0.0,1.10371,0.003,1.0636,0.0,0.0,0.0,0.0
2018-08-05 21:00:00,2018-08-05 22:00,2.08233,0.0,1.04144,0.003,1.03789,0.0,0.0,0.0,0.0
2018-08-05 22:00:00,2018-08-05 23:00,1.64132,0.0,0.91324,0.003,0.72508,0.0,0.0,0.0,0.0
2018-08-05 23:00:00,2018-08-06 00:00,1.39707,0.0,0.80389,0.116,0.47718,0.0,0.0,0.0,0.0
2018-08-06 00:00:00,2018-08-06 01:00,1.41672,0.0,0.74204,0.20442,0.47026,0.0,0.0,0.0,0.0
2018-08-06 01:00:00,2018-08-06 02:00,1.14642,0.0,0.67757,0.003,0.46585,0.0,0.0,0.0,0.0
2018-08-06 02:00:00,2018-08-06 03:00,1.08506,0.0,0.62228,0.003,0.45978,0.0,0.0,0.0,0.0
2018-08-06 03:00:00,2018-08-06 04:00,1.04097,0.0,0.58035,0.003,0.45762,0.0,0.0,0.0,0.0
2018-08-06 04:00:00,2018-08-06 05:00,0.99605,0.0,0.54119,0.003,0.45186,0.0,0.0,0.0,0.0
2018-08-06 05:00:00,2018-08-06 06:00,1.09188,0.0,0.51093,0.11703,0.46392,0.0,0.0,0.0,0.0
2018-08-06 06:00:00,2018-08-06 07:00,1.52221,0.0,0.48595,0.46719,0.56907,0.0,0.0,0.0,0.0
2018-08-06 07:00:00,2018-08-06 08:00,1.07266,0.0,0.48582,0.06763,0.51921,0.0,0.0,0.0,0.0
2018-08-06 08:00:00,2018-08-06 09:00,0.9933,0.0,0.48583,0.003,0.50447,0.0,0.0,0.0,0.0
2018-08-06 09:00:00,2018-08-06 10:00,1.00521,0.0,0.52481,0.003,0.4774,0.0,0.0,0.0,0.0
2018-08-06 10:00:00,2018-08-06 11:00,1.23311,0.0,0.62599,0.11485,0.49227,0.0,0.0,0.0,0.0
2018-08-06 11:00:00,2018-08-06 12:00,1.7293,0.0,0.71604,0.44844,0.56482,0.0,0.0,0.0,0.0
2018-08-06 12:00:00,2018-08-06 13:00,1.39243,0.0,0.83392,0.003,0.55551,0.01124,0.0,0.0,0.01124
2018-08-06 13:00:00,2018-08-06 14:00,1.74082,0.0,0.97168,0.22568,0.54346,0.01498,0.0,0.0,0.01498
2018-08-06 14:00:00,2018-08-06 15:00,1.75849,0.0,1.00196,0.22611,0.53042,0.0,0.0,0.0,0.0
2018-08-06 15:00:00,2018-08-06 16:00,1.59534,0.0,1.0791,0.003,0.51324,0.0,0.0,0.0,0.0
2018-08-06 16:00:00,2018-08-06 17:00,1.62805,0.0,1.13641,0.003,0.48864,0.0,0.0,0.0,0.0
2018-08-06 17:00:00,2018-08-06 18:00,1.74447,0.0,1.15477,0.003,0.5867,0.03935,0.0,0.0,0.03935
2018-08-06 18:00:00,2018-08-06 19:00,1.9955,0.0,1.13742,0.003,0.85508,0.04123,0.0,0.0,0.04123
2018-08-06 19:00:00,2018-08-06 20:00,3.22731,0.0,1.11163,0.34899,1.76669,0.0,0.0,0.0,0.0
2018-08-06 20:00:00,2018-08-06 21:00,4.44278,0.0,1.08696,0.05484,3.30098,0.0,0.0,0.0,0.0
2018-08-06 21:00:00,2018-08-06 22:00,2.15851,0.0,1.07012,0.003,1.08539,0.0,0.0,0.0,0.0
2018-08-06 22:00:00,2018-08-06 23:00,1.58833,0.0,0.97482,0.003,0.61051,0.0,0.0,0.0,0.0
2018-08-06 23:00:00,2018-08-07 00:00,1.31841,0.0,0.83936,0.003,0.47605,0.0,0.0,0.0,0.0
2018-08-07 00:00:00,2018-08-07 01:00,1.20948,0.0,0.73622,0.003,0.47026,0.0,0.0,0.0,0.0
2018-08-07 01:00:00,2018-08-07 02:00,1.14591,0.0,0.67707,0.003,0.46584,0.0,0.0,0.0,0.0
2018-08-07 02:00:00,2018-08-07 03:00,1.08373,0.0,0.62094,0.003,0.45979,0.0,0.0,0.0,0.0
2018-08-07 03:00:00,2018-08-07 04:00,1.04022,0.0,0.5796,0.003,0.45762,0.0,0.0,0.0,0.0
2018-08-07 04:00:00,2018-08-07 05:00,1.12312,0.0,0.55326,0.11799,0.45187,0.0,0.0,0.0,0.0
2018-08-07 05:00:00,2018-08-07 06:00,1.14601,0.0,0.51328,0.17739,0.45534,0.0,0.0,0.0,0.0
2018-08-07 06:00:00,2018-08-07 07:00,0.99666,0.0,0.45471,0.003,0.53895,0.0,0.0,0.0,0.0
2018-08-07 07:00:00,2018-08-07 08:00,1.34185,0.0,0.46843,0.33913,0.53429,0.0,0.0,0.0,0.0
2018-08-07 08:00:00,2018-08-07 09:00,1.35385,0.0,0.47704,0.31016,0.56665,0.0,0.0,0.0,0.0
2018-08-07 09:00:00,2018-08-07 10:00,1.15753,0.0,0.47502,0.11593,0.56658,0.0,0.0,0.0,0.0
2018-08-07 10:00:00,2018-08-07 11:00,1.45713,0.0,0.47128,0.46703,0.51882,0.0,0.0,0.0,0.0
2018-08-07 11:00:00,2018-08-07 12:00,1.24768,0.0,0.51953,0.2116,0.51655,0.0,0.0,0.0,0.0
2018-08-07 12:00:00,2018-08-07 13:00,1.07949,0.0,0.58075,0.003,0.49574,0.0,0.0,0.0,0.0
2018-08-07 13:00:00,2018-08-07 14:00,1.10014,0.0,0.61987,0.003,0.47727,0.0,0.0,0.0,0.0
2018-08-07 14:00:00,2018-08-07 15:00,1.11513,0.0,0.63488,0.003,0.47725,0.0,0.0,0.0,0.0
2018-08-07 15:00:00,2018-08-07 16:00,1.34124,0.0,0.71473,0.115,0.51151,0.0,0.0,0.0,0.0
2018-08-07 16:00:00,2018-08-07 17:00,1.8181,0.0,0.86832,0.38022,0.56956,0.02622,0.0,0.0,0.02622
2018-08-07 17:00:00,2018-08-07 18:00,1.52312,0.0,0.90614,0.003,0.61398,0.0,0.0,0.0,0.0
2018-08-07 18:00:00,2018-08-07 19:00,2.066,0.0,0.95467,0.22619,0.88514,0.0,0.0,0.0,0.0
2018-08-07 19:00:00,2018-08-07 20:00,2.23129,0.0,0.89284,0.3291,1.00935,0.0,0.0,0.0,0.0
2018-08-07 20:00:00,2018-08-07 21:00,1.9784,0.0,0.86349,0.003,1.11191,0.0,0.0,0.0,0.0
2018-08-07 21:00:00,2018-08-07 22:00,1.63028,0.0,0.7619,0.003,0.86538,0.0,0.0,0.0,0.0
2018-08-07 22:00:00,2018-08-07 23:00,1.20297,0.0,0.66385,0.003,0.53612,0.0,0.0,0.0,0.0
2018-08-07 23:00:00,2018-08-08 00:00,1.09072,0.0,0.61165,0.003,0.47607,0.0,0.0,0.0,0.0
2018-08-08 00:00:00,2018-08-08 01:00,1.04422,0.0,0.57097,0.003,0.47025,0.0,0.0,0.0,0.0
2018-08-08 01:00:00,2018-08-08 02:00,0.98754,0.0,0.5187,0.003,0.46584,0.0,0.0,0.0,0.0
2018-08-08 02:00:00,2018-08-08 03:00,0.91798,0.0,0.45519,0.003,0.45979,0.0,0.0,0.0,0.0
2018-08-08 03:00:00,2018-08-08 04:00,0.89504,0.0,0.43443,0.003,0.45761,0.0,0.0,0.0,0.0
2018-08-08 04:00:00,2018-08-08 05:00,1.09659,0.0,0.40995,0.23514,0.4515,0.0,0.0,0.0,0.0
2018-08-08 05:00:00,2018-08-08 06:00,0.89913,0.0,0.38365,0.05855,0.45693,0.0,0.0,0.0,0.0
2018-08-08 06:00:00,2018-08-08 07:00,1.13068,0.0,0.42988,0.11631,0.58449,0.01124,0.0,0.0,0.01124
2018-08-08 07:00:00,2018-08-08 08:00,1.66594,0.0,0.5541,0.47098,0.64086,0.04123,0.0,0.0,0.04123
2018-08-08 08:00:00,2018-08-08 09:00,1.15242,0.0,0.51075,0.09129,0.55038,0.0,0.0,0.0,0.0
2018-08-08 09:00:00,2018-08-08 10:00,1.1279,0.0,0.60042,0.003,0.52448,0.0,0.0,0.0,0.0
2018-08-08 10:00:00,2018-08-08 11:00,1.68408,0.0,0.70537,0.45992,0.51879,0.0,0.0,0.0,0.0
2018-08-08 11:00:00,2018-08-08 12:00,1.34914,0.0,0.82472,0.037,0.48742,0.0,0.0,0.0,0.0
2018-08-08 12:00:00,2018-08-08 13:00,1.46406,0.0,0.98461,0.003,0.47645,0.0,0.0,0.0,0.0
2018-08-08 13:00:00,2018-08-08 14:00,1.64905,0.0,1.16877,0.003,0.47728,0.0,0.0,0.0,0.0
2018-08-08 14:00:00,2018-08-08 15:00,1.71894,0.0,1.23864,0.003,0.4773,0.0,0.0,0.0,0.0
2018-08-08 15:00:00,2018-08-08 16:00,1.76959,0.0,1.25486,0.003,0.51173,0.0,0.0,0.0,0.0
2018-08-08 16:00:00,2018-08-08 17:00,1.89962,0.0,1.26184,0.003,0.63478,0.01124,0.0,0.0,0.01124
2018-08-08 17:00:00,2018-08-08 18:00,2.35292,0.0,1.2642,0.39224,0.69648,0.01498,0.0,0.0,0.01498
2018-08-08 18:00:00,2018-08-08 19:00,2.05037,0.0,1.24688,0.003,0.80049,0.0,0.0,0.0,0.0
2018-08-08 19:00:00,2018-08-08 20:00,2.06046,0.0,1.21919,0.003,0.83827,0.01124,0.0,0.0,0.01124
2018-08-08 20:00:00,2018-08-08 21:00,2.28798,0.0,1.18361,0.003,1.10137,0.04123,0.0,0.0,0.04123
2018-08-08 21:00:00,2018-08-08 22:00,2.32849,0.0,1.13682,0.003,1.18867,0.0,0.0,0.0,0.0
2018-08-08 22:00:00,2018-08-08 23:00,2.19749,0.0,1.08905,0.003,1.10544,0.0,0.0,0.0,0.0
2018-08-08 23:00:00,2018-08-09 00:00,2.68718,0.0,1.07683,0.344,1.26635,0.0,0.0,0.0,0.0
2018-08-09 00:00:00,2018-08-09 01:00,1.5517,0.0,1.07783,0.003,0.47087,0.0,0.0,0.0,0.0
2018-08-09 01:00:00,2018-08-09 02:00,1.53121,0.0,1.0622,0.003,0.46601,0.0,0.0,0.0,0.0
2018-08-09 02:00:00,2018-08-09 03:00,1.38259,0.0,0.91982,0.003,0.45977,0.0,0.0,0.0,0.0
2018-08-09 03:00:00,2018-08-09 04:00,1.27842,0.0,0.81995,0.003,0.45547,0.0,0.0,0.0,0.0
2018-08-09 04:00:00,2018-08-09 05:00,1.21251,0.0,0.75801,0.003,0.4515,0.0,0.0,0.0,0.0
2018-08-09 05:00:00,2018-08-09 06:00,1.14497,0.0,0.68797,0.003,0.454,0.0,0.0,0.0,0.0
2018-08-09 06:00:00,2018-08-09 07:00,1.42095,0.0,0.65158,0.22624,0.54313,0.0,0.0,0.0,0.0
2018-08-09 07:00:00,2018-08-09 08:00,1.70319,0.0,0.66583,0.46512,0.57224,0.0,0.0,0.0,0.0
2018-08-09 08:00:00,2018-08-09 09:00,1.39795,0.0,0.72952,0.11806,0.55037,0.0,0.0,0.0,0.0
2018-08-09 09:00:00,2018-08-09 10:00,1.3252,0.0,0.82605,0.003,0.49615,0.0,0.0,0.0,0.0
2018-08-09 10:00:00,2018-08-09 11:00,1.43409,0.0,0.96025,0.003,0.47084,0.0,0.0,0.0,0.0
2018-08-09 11:00:00,2018-08-09 12:00,1.58782,0.0,1.11671,0.003,0.46811,0.0,0.0,0.0,0.0
2018-08-09 12:00:00,2018-08-09 13:00,1.70113,0.0,1.20463,0.003,0.4935,0.0,0.0,0.0,0.0
2018-08-09 13:00:00,2018-08-09 14:00,1.97819,0.0,1.22106,0.22857,0.52856,0.0,0.0,0.0,0.0
2018-08-09 14:00:00,2018-08-09 15:00,2.2073,0.0,1.23806,0.43265,0.53659,0.0,0.0,0.0,0.0
2018-08-09 15:00:00,2018-08-09 16:00,1.83074,0.0,1.2539,0.003,0.57384,0.0,0.0,0.0,0.0
2018-08-09 16:00:00,2018-08-09 17:00,1.8147,0.0,1.24108,0.003,0.57062,0.0,0.0,0.0,0.0
2018-08-09 17:00:00,2018-08-09 18:00,2.284,0.0,1.22039,0.34982,0.71379,0.0,0.0,0.0,0.0
2018-08-09 18:00:00,2018-08-09 19:00,2.17535,0.0,1.20669,0.0675,0.90116,0.0,0.0,0.0,0.0
2018-08-09 19:00:00,2018-08-09 20:00,2.28292,0.0,1.17552,0.003,1.1044,0.0,0.0,0.0,0.0
2018-08-09 20:00:00,2018-08-09 21:00,2.70301,0.0,1.13575,0.34736,1.2199,0.0,0.0,0.0,0.0
2018-08-09 21:00:00,2018-08-09 22:00,2.22564,0.0,1.09731,0.03059,1.09774,0.0,0.0,0.0,0.0
2018-08-09 22:00:00,2018-08-09 23:00,1.80624,0.0,1.06001,0.003,0.74323,0.0,0.0,0.0,0.0
2018-08-09 23:00:00,2018-08-10 00:00,1.51782,0.0,1.03809,0.003,0.47673,0.0,0.0,0.0,0.0
2018-08-10 00:00:00,2018-08-10 01:00,1.49486,0.0,1.02138,0.003,0.47048,0.0,0.0,0.0,0.0
2018-08-10 01:00:00,2018-08-10 02:00,1.34335,0.0,0.87451,0.003,0.46584,0.0,0.0,0.0,0.0
2018-08-10 02:00:00,2018-08-10 03:00,1.25501,0.0,0.79626,0.003,0.45575,0.0,0.0,0.0,0.0
2018-08-10 03:00:00,2018-08-10 04:00,1.19565,0.0,0.73503,0.003,0.45762,0.0,0.0,0.0,0.0
2018-08-10 04:00:00,2018-08-10 05:00,1.12786,0.0,0.67339,0.003,0.45147,0.0,0.0,0.0,0.0
2018-08-10 05:00:00,2018-08-10 06:00,1.07752,0.0,0.62051,0.003,0.45401,0.0,0.0,0.0,0.0
2018-08-10 06:00:00,2018-08-10 07:00,1.46582,0.0,0.59013,0.33257,0.54312,0.0,0.0,0.0,0.0
2018-08-10 07:00:00,2018-08-10 08:00,1.24812,0.0,0.63664,0.003,0.60848,0.0,0.0,0.0,0.0
2018-08-10 08:00:00,2018-08-10 09:00,1.51729,0.0,0.69024,0.2307,0.59635,0.0,0.0,0.0,0.0
2018-08-10 09:00:00,2018-08-10 10:00,1.43533,0.0,0.79335,0.09882,0.54316,0.0,0.0,0.0,0.0
2018-08-10 10:00:00,2018-08-10 11:00,2.29822,0.0,0.96585,0.003,1.32937,0.0,0.0,0.0,0.0
2018-08-10 11:00:00,2018-08-10 12:00,2.97578,0.0,1.14405,0.11507,1.71666,0.01124,0.0,0.0,0.01124
2018-08-10 12:00:00,2018-08-10 13:00,2.03872,0.0,1.20047,0.22442,0.61383,0.06933,0.0,0.0,0.06933
2018-08-10 13:00:00,2018-08-10 14:00,1.7479,0.0,1.21609,0.003,0.52881,0.0,0.0,0.0,0.0
2018-08-10 14:00:00,2018-08-10 15:00,1.7209,0.0,1.23246,0.003,0.48544,0.0,0.0,0.0,0.0
2018-08-10 15:00:00,2018-08-10 16:00,1.71762,0.0,1.23908,0.003,0.47554,0.0,0.0,0.0,0.0
2018-08-10 16:00:00,2018-08-10 17:00,1.75805,0.0,1.23955,0.003,0.5155,0.0,0.0,0.0,0.0
2018-08-10 17:00:00,2018-08-10 18:00,2.27695,0.0,1.22978,0.33604,0.71113,0.0,0.0,0.0,0.0
2018-08-10 18:00:00,2018-08-10 19:00,2.11999,0.0,1.20606,0.003,0.91093,0.02622,0.0,0.0,0.02622
2018-08-10 19:00:00,2018-08-10 20:00,2.2511,0.0,1.16131,0.003,1.08679,0.0,0.0,0.0,0.0
2018-08-10 20:00:00,2018-08-10 21:00,2.30255,0.0,1.12425,0.003,1.1753,0.0,0.0,0.0,0.0
2018-08-10 21:00:00,2018-08-10 22:00,2.42631,0.0,1.08199,0.31906,1.02526,0.0,0.0,0.0,0.0
2018-08-10 22:00:00,2018-08-10 23:00,1.86619,0.0,1.05484,0.003,0.80835,0.0,0.0,0.0,0.0
2018-08-10 23:00:00,2018-08-11 00:00,1.59197,0.0,1.04033,0.003,0.54864,0.0,0.0,0.0,0.0
2018-08-11 00:00:00,2018-08-11 01:00,1.50082,0.0,1.02595,0.003,0.47187,0.0,0.0,0.0,0.0
2018-08-11 01:00:00,2018-08-11 02:00,1.36607,0.0,0.89598,0.003,0.46709,0.0,0.0,0.0,0.0
2018-08-11 02:00:00,2018-08-11 03:00,1.26021,0.0,0.79618,0.003,0.46103,0.0,0.0,0.0,0.0
2018-08-11 03:00:00,2018-08-11 04:00,1.19679,0.0,0.73491,0.003,0.45888,0.0,0.0,0.0,0.0
2018-08-11 04:00:00,2018-08-11 05:00,1.13291,0.0,0.67718,0.003,0.45273,0.0,0.0,0.0,0.0
2018-08-11 05:00:00,2018-08-11 06:00,1.08755,0.0,0.63209,0.003,0.45246,0.0,0.0,0.0,0.0
2018-08-11 06:00:00,2018-08-11 07:00,1.08467,0.0,0.58569,0.003,0.49598,0.0,0.0,0.0,0.0
2018-08-11 07:00:00,2018-08-11 08:00,1.47131,0.0,0.60005,0.35073,0.52053,0.0,0.0,0.0,0.0
2018-08-11 08:00:00,2018-08-11 09:00,1.28079,0.0,0.6415,0.003,0.63629,0.0,0.0,0.0,0.0
2018-08-11 09:00:00,2018-08-11 10:00,1.77195,0.0,0.73037,0.003,1.03858,0.0,0.0,0.0,0.0
2018-08-11 10:00:00,2018-08-11 11:00,1.69441,0.0,0.8434,0.003,0.84801,0.0,0.0,0.0,0.0
2018-08-11 11:00:00,2018-08-11 12:00,2.01999,0.0,0.96747,0.46188,0.59064,0.0,0.0,0.0,0.0
2018-08-11 12:00:00,2018-08-11 13:00,1.62666,0.0,1.08503,0.01438,0.52725,0.0,0.0,0.0,0.0
2018-08-11 13:00:00,2018-08-11 14:00,1.78465,0.0,1.20382,0.003,0.57783,0.02622,0.0,0.0,0.02622
2018-08-11 14:00:00,2018-08-11 15:00,1.77118,0.0,1.22062,0.003,0.54756,0.0,0.0,0.0,0.0
2018-08-11 15:00:00,2018-08-11 16:00,2.31349,0.0,1.22144,0.43891,0.65314,0.0,0.0,0.0,0.0
2018-08-11 16:00:00,2018-08-11 17:00,1.8976,0.0,1.21235,0.003,0.68225,0.0,0.0,0.0,0.0
2018-08-11 17:00:00,2018-08-11 18:00,1.86747,0.0,1.19883,0.003,0.66564,0.0,0.0,0.0,0.0
2018-08-11 18:00:00,2018-08-11 19:00,1.83401,0.0,1.1769,0.003,0.65411,0.0,0.0,0.0,0.0
2018-08-11 19:00:00,2018-08-11 20:00,1.91282,0.0,1.14079,0.003,0.76903,0.0,0.0,0.0,0.0
2018-08-11 20:00:00,2018-08-11 21:00,2.00959,0.0,1.10882,0.003,0.89777,0.0,0.0,0.0,0.0
2018-08-11 21:00:00,2018-08-11 22:00,2.59074,0.0,1.06859,0.42536,1.09679,0.0,0.0,0.0,0.0
2018-08-11 22:00:00,2018-08-11 23:00,1.83474,0.0,1.04958,0.003,0.78216,0.0,0.0,0.0,0.0
2018-08-11 23:00:00,2018-08-12 00:00,1.56656,0.0,1.03921,0.003,0.52435,0.0,0.0,0.0,0.0
2018-08-12 00:00:00,2018-08-12 01:00,1.42249,0.0,0.93872,0.003,0.48077,0.0,0.0,0.0,0.0
2018-08-12 01:00:00,2018-08-12 02:00,1.30313,0.0,0.83305,0.003,0.46708,0.0,0.0,0.0,0.0
2018-08-12 02:00:00,2018-08-12 03:00,1.23298,0.0,0.76897,0.003,0.46101,0.0,0.0,0.0,0.0
2018-08-12 03:00:00,2018-08-12 04:00,1.17947,0.0,0.71759,0.003,0.45888,0.0,0.0,0.0,0.0
2018-08-12 04:00:00,2018-08-12 05:00,1.13037,0.0,0.67462,0.003,0.45275,0.0,0.0,0.0,0.0
2018-08-12 05:00:00,2018-08-12 06:00,1.09378,0.0,0.6357,0.003,0.45508,0.0,0.0,0.0,0.0
2018-08-12 06:00:00,2018-08-12 07:00,1.58034,0.0,0.59848,0.46177,0.52009,0.0,0.0,0.0,0.0
2018-08-12 07:00:00,2018-08-12 08:00,1.28135,0.0,0.62061,0.11342,0.54732,0.0,0.0,0.0,0.0
2018-08-12 08:00:00,2018-08-12 09:00,1.61819,0.0,0.6737,0.35496,0.58953,0.0,0.0,0.0,0.0
2018-08-12 09:00:00,2018-08-12 10:00,1.4445,0.0,0.82922,0.003,0.61228,0.01124,0.0,0.0,0.01124
2018-08-12 10:00:00,2018-08-12 11:00,1.86023,0.0,1.12924,0.003,0.72799,0.06933,0.0,0.0,0.06933
2018-08-12 11:00:00,2018-08-12 12:00,1.92229,0.0,1.16919,0.11457,0.63853,0.0,0.0,0.0,0.0
2018-08-12 12:00:00,2018-08-12 13:00,2.24826,0.0,1.20027,0.33573,0.71226,0.0,0.0,0.0,0.0
2018-08-12 13:00:00,2018-08-12 14:00,2.8518,0.0,1.22812,0.003,1.62068,0.0,0.0,0.0,0.0
2018-08-12 14:00:00,2018-08-12 15:00,3.64754,0.0,1.24289,0.11478,2.28987,0.0,0.0,0.0,0.0
2018-08-12 15:00:00,2018-08-12 16:00,2.30906,0.0,1.25348,0.34843,0.70715,0.0,0.0,0.0,0.0
2018-08-12 16:00:00,2018-08-12 17:00,2.05539,0.0,1.25174,0.003,0.80065,0.01124,0.0,0.0,0.01124
2018-08-12 17:00:00,2018-08-12 18:00,2.2099,0.0,1.2387,0.003,0.9682,0.04123,0.0,0.0,0.04123
2018-08-12 18:00:00,2018-08-12 19:00,2.17858,0.0,1.21653,0.003,0.95905,0.0,0.0,0.0,0.0
2018-08-12 19:00:00,2018-08-12 20:00,2.02486,0.0,1.1896,0.003,0.83226,0.0,0.0,0.0,0.0
2018-08-12 20:00:00,2018-08-12 21:00,2.44493,0.0,1.14698,0.35298,0.94497,0.0,0.0,0.0,0.0
2018-08-12 21:00:00,2018-08-12 22:00,2.19286,0.0,1.11127,0.054,1.02759,0.0,0.0,0.0,0.0
2018-08-12 22:00:00,2018-08-12 23:00,1.81435,0.0,1.09397,0.003,0.71738,0.0,0.0,0.0,0.0
2018-08-12 23:00:00,2018-08-13 00:00,1.64909,0.0,1.08822,0.003,0.55787,0.0,0.0,0.0,0.0
2018-08-13 00:00:00,2018-08-13 01:00,1.56857,0.0,1.08652,0.003,0.47905,0.0,0.0,0.0,0.0
2018-08-13 01:00:00,2018-08-13 02:00,1.54069,0.0,1.07101,0.003,0.46668,0.0,0.0,0.0,0.0
2018-08-13 02:00:00,2018-08-13 03:00,1.51614,0.0,1.05297,0.003,0.46017,0.0,0.0,0.0,0.0
2018-08-13 03:00:00,2018-08-13 04:00,1.47567,0.0,1.01563,0.003,0.45704,0.0,0.0,0.0,0.0
2018-08-13 04:00:00,2018-08-13 05:00,1.3612,0.0,0.91291,0.003,0.44529,0.0,0.0,0.0,0.0
2018-08-13 05:00:00,2018-08-13 06:00,1.64742,0.0,0.91163,0.2336,0.50219,0.03935,0.0,0.0,0.03935
2018-08-13 06:00:00,2018-08-13 07:00,1.7742,0.0,0.92725,0.25093,0.59602,0.04123,0.0,0.0,0.04123
2018-08-13 07:00:00,2018-08-13 08:00,1.36571,0.0,0.81647,0.003,0.54624,0.0,0.0,0.0,0.0
2018-08-13 08:00:00,2018-08-13 09:00,1.31545,0.0,0.83781,0.003,0.47464,0.0,0.0,0.0,0.0
2018-08-13 09:00:00,2018-08-13 10:00,1.4506,0.0,0.97019,0.003,0.47741,0.0,0.0,0.0,0.0
2018-08-13 10:00:00,2018-08-13 11:00,1.65245,0.0,1.13792,0.003,0.51153,0.0,0.0,0.0,0.0
2018-08-13 11:00:00,2018-08-13 12:00,1.72184,0.0,1.21454,0.003,0.5043,0.0,0.0,0.0,0.0
2018-08-13 12:00:00,2018-08-13 13:00,2.0036,0.0,1.24549,0.23283,0.52528,0.0,0.0,0.0,0.0
2018-08-13 13:00:00,2018-08-13 14:00,2.13252,0.0,1.27801,0.32541,0.5291,0.0,0.0,0.0,0.0
2018-08-13 14:00:00,2018-08-13 15:00,1.82556,0.0,1.2911,0.003,0.53146,0.0,0.0,0.0,0.0
2018-08-13 15:00:00,2018-08-13 16:00,1.83813,0.0,1.29188,0.003,0.54325,0.0,0.0,0.0,0.0
2018-08-13 16:00:00,2018-08-13 17:00,2.26066,0.0,1.2842,0.40311,0.57335,0.0,0.0,0.0,0.0
2018-08-13 17:00:00,2018-08-13 18:00,2.00076,0.0,1.26959,0.003,0.72817,0.02622,0.0,0.0,0.02622
2018-08-13 18:00:00,2018-08-13 19:00,2.09728,0.0,1.2468,0.003,0.84748,0.0,0.0,0.0,0.0
2018-08-13 19:00:00,2018-08-13 20:00,2.42493,0.0,1.21025,0.003,1.21168,0.02622,0.0,0.0,0.02622
2018-08-13 20:00:00,2018-08-13 21:00,3.7128,0.0,1.17118,0.31762,2.224,0.0,0.0,0.0,0.0
2018-08-13 21:00:00,2018-08-13 22:00,2.17865,0.0,1.13333,0.003,1.04232,0.0,0.0,0.0,0.0
2018-08-13 22:00:00,2018-08-13 23:00,1.82343,0.0,1.11794,0.003,0.70249,0.0,0.0,0.0,0.0
2018-08-13 23:00:00,2018-08-14 00:00,1.59537,0.0,1.10828,0.003,0.48409,0.0,0.0,0.0,0.0
2018-08-14 00:00:00,2018-08-14 01:00,1.56264,0.0,1.08754,0.003,0.4721,0.0,0.0,0.0,0.0
2018-08-14 01:00:00,2018-08-14 02:00,1.54095,0.0,1.07076,0.003,0.46719,0.0,0.0,0.0,0.0
2018-08-14 02:00:00,2018-08-14 03:00,1.52817,0.0,1.06456,0.003,0.46061,0.0,0.0,0.0,0.0
2018-08-14 03:00:00,2018-08-14 04:00,1.82709,0.0,1.06226,0.30662,0.45821,0.0,0.0,0.0,0.0
2018-08-14 04:00:00,2018-08-14 05:00,1.5019,0.0,1.04674,0.003,0.45216,0.0,0.0,0.0,0.0
2018-08-14 05:00:00,2018-08-14 06:00,1.65099,0.0,0.95878,0.23214,0.46007,0.0,0.0,0.0,0.0
2018-08-14 06:00:00,2018-08-14 07:00,1.75127,0.0,0.90113,0.29962,0.55052,0.0,0.0,0.0,0.0
2018-08-14 07:00:00,2018-08-14 08:00,1.86254,0.0,0.90246,0.003,0.95708,0.0,0.0,0.0,0.0
2018-08-14 08:00:00,2018-08-14 09:00,3.28811,0.0,1.00117,0.45902,1.82792,0.0,0.0,0.0,0.0
2018-08-14 09:00:00,2018-08-14 10:00,1.7364,0.0,0.98196,0.18786,0.56658,0.0,0.0,0.0,0.0
2018-08-14 10:00:00,2018-08-14 11:00,1.55631,0.0,1.06338,0.003,0.48993,0.0,0.0,0.0,0.0
2018-08-14 11:00:00,2018-08-14 12:00,1.65624,0.0,1.18512,0.003,0.46812,0.0,0.0,0.0,0.0
2018-08-14 12:00:00,2018-08-14 13:00,1.67121,0.0,1.19175,0.003,0.47646,0.0,0.0,0.0,0.0
2018-08-14 13:00:00,2018-08-14 14:00,1.66159,0.0,1.18129,0.003,0.4773,0.0,0.0,0.0,0.0
2018-08-14 14:00:00,2018-08-14 15:00,1.68018,0.0,1.1998,0.003,0.47738,0.0,0.0,0.0,0.0
2018-08-14 15:00:00,2018-08-14 16:00,1.70016,0.0,1.22173,0.003,0.47543,0.0,0.0,0.0,0.0
2018-08-14 16:00:00,2018-08-14 17:00,1.83785,0.0,1.22855,0.003,0.6063,0.01124,0.0,0.0,0.01124
2018-08-14 17:00:00,2018-08-14 18:00,1.94887,0.0,1.19499,0.003,0.75088,0.06933,0.0,0.0,0.06933
2018-08-14 18:00:00,2018-08-14 19:00,2.24421,0.0,1.1599,0.31151,0.7728,0.0,0.0,0.0,0.0
2018-08-14 19:00:00,2018-08-14 20:00,2.12398,0.0,1.14183,0.003,0.97915,0.02622,0.0,0.0,0.02622
2018-08-14 20:00:00,2018-08-14 21:00,2.35324,0.0,1.12212,0.003,1.22812,0.02622,0.0,0.0,0.02622
2018-08-14 21:00:00,2018-08-14 22:00,2.13291,0.0,1.10456,0.003,1.02535,0.0,0.0,0.0,0.0
2018-08-14 22:00:00,2018-08-14 23:00,1.80876,0.0,1.09103,0.003,0.71473,0.0,0.0,0.0,0.0
2018-08-14 23:00:00,2018-08-15 00:00,1.55089,0.0,1.07092,0.003,0.47697,0.0,0.0,0.0,0.0
2018-08-15 00:00:00,2018-08-15 01:00,1.64065,0.0,1.05261,0.11724,0.4708,0.0,0.0,0.0,0.0
2018-08-15 01:00:00,2018-08-15 02:00,1.65692,0.0,1.0044,0.18656,0.46596,0.0,0.0,0.0,0.0
2018-08-15 02:00:00,2018-08-15 03:00,1.34364,0.0,0.88086,0.003,0.45978,0.0,0.0,0.0,0.0
2018-08-15 03:00:00,2018-08-15 04:00,1.25455,0.0,0.7946,0.003,0.45695,0.0,0.0,0.0,0.0
2018-08-15 04:00:00,2018-08-15 05:00,1.19144,0.0,0.74353,0.003,0.44491,0.0,0.0,0.0,0.0
2018-08-15 05:00:00,2018-08-15 06:00,1.45494,0.0,0.67052,0.003,0.78142,0.0,0.0,0.0,0.0
2018-08-15 06:00:00,2018-08-15 07:00,3.85398,0.0,0.67433,0.46945,2.7102,0.01124,0.0,0.0,0.01124
2018-08-15 07:00:00,2018-08-15 08:00,1.4855,0.0,0.81193,0.03474,0.63883,0.04123,0.0,0.0,0.04123
2018-08-15 08:00:00,2018-08-15 09:00,1.66813,0.0,0.75378,0.34771,0.56664,0.0,0.0,0.0,0.0
2018-08-15 09:00:00,2018-08-15 10:00,1.6267,0.0,0.82049,0.26783,0.53838,0.0,0.0,0.0,0.0
2018-08-15 10:00:00,2018-08-15 11:00,1.38928,0.0,0.91546,0.003,0.47082,0.0,0.0,0.0,0.0
2018-08-15 11:00:00,2018-08-15 12:00,1.5468,0.0,1.03195,0.003,0.51185,0.01124,0.0,0.0,0.01124
2018-08-15 12:00:00,2018-08-15 13:00,2.16124,0.0,1.16908,0.003,0.98916,0.04123,0.0,0.0,0.04123
2018-08-15 13:00:00,2018-08-15 14:00,3.39687,0.0,1.19397,0.003,2.1999,0.0,0.0,0.0,0.0
2018-08-15 14:00:00,2018-08-15 15:00,1.69888,0.0,1.21816,0.003,0.47772,0.0,0.0,0.0,0.0
2018-08-15 15:00:00,2018-08-15 16:00,1.7078,0.0,1.22917,0.003,0.47563,0.0,0.0,0.0,0.0
2018-08-15 16:00:00,2018-08-15 17:00,1.74818,0.0,1.22959,0.003,0.51559,0.0,0.0,0.0,0.0
2018-08-15 17:00:00,2018-08-15 18:00,2.24575,0.0,1.22029,0.35691,0.66855,0.0,0.0,0.0,0.0
2018-08-15 18:00:00,2018-08-15 19:00,1.98254,0.0,1.20686,0.003,0.77268,0.0,0.0,0.0,0.0
2018-08-15 19:00:00,2018-08-15 20:00,2.03434,0.0,1.1681,0.003,0.86324,0.0,0.0,0.0,0.0
2018-08-15 20:00:00,2018-08-15 21:00,2.56191,0.0,1.12347,0.34746,1.09098,0.02622,0.0,0.0,0.02622
2018-08-15 21:00:00,2018-08-15 22:00,3.23078,0.0,1.10077,0.0667,2.06331,0.0,0.0,0.0,0.0
2018-08-15 22:00:00,2018-08-15 23:00,2.5072,0.0,1.07475,0.003,1.42945,0.0,0.0,0.0,0.0
2018-08-15 23:00:00,2018-08-16 00:00,1.90886,0.0,1.0527,0.34236,0.5138,0.0,0.0,0.0,0.0
2018-08-16 00:00:00,2018-08-16 01:00,1.71942,0.0,1.04492,0.19601,0.47849,0.0,0.0,0.0,0.0
2018-08-16 01:00:00,2018-08-16 02:00,1.51041,0.0,1.04134,0.003,0.46607,0.0,0.0,0.0,0.0
2018-08-16 02:00:00,2018-08-16 03:00,1.38532,0.0,0.92254,0.003,0.45978,0.0,0.0,0.0,0.0
2018-08-16 03:00:00,2018-08-16 04:00,1.29071,0.0,0.83009,0.003,0.45762,0.0,0.0,0.0,0.0
2018-08-16 04:00:00,2018-08-16 05:00,1.22477,0.0,0.76991,0.003,0.45186,0.0,0.0,0.0,0.0
2018-08-16 05:00:00,2018-08-16 06:00,1.36376,0.0,0.85114,0.003,0.50962,0.05247,0.0,0.0,0.05247
2018-08-16 06:00:00,2018-08-16 07:00,1.68457,0.0,0.71192,0.44393,0.52872,0.0,0.0,0.0,0.0
2018-08-16 07:00:00,2018-08-16 08:00,1.31201,0.0,0.71585,0.003,0.59316,0.0,0.0,0.0,0.0
2018-08-16 08:00:00,2018-08-16 09:00,1.68053,0.0,0.73954,0.44124,0.49975,0.0,0.0,0.0,0.0
2018-08-16 09:00:00,2018-08-16 10:00,1.31669,0.0,0.83629,0.003,0.4774,0.0,0.0,0.0,0.0
2018-08-16 10:00:00,2018-08-16 11:00,1.42283,0.0,0.949,0.003,0.47083,0.0,0.0,0.0,0.0
2018-08-16 11:00:00,2018-08-16 12:00,1.54422,0.0,1.07311,0.003,0.46811,0.0,0.0,0.0,0.0
2018-08-16 12:00:00,2018-08-16 13:00,1.66068,0.0,1.18123,0.003,0.47645,0.0,0.0,0.0,0.0
2018-08-16 13:00:00,2018-08-16 14:00,1.66797,0.0,1.18768,0.003,0.47729,0.0,0.0,0.0,0.0
2018-08-16 14:00:00,2018-08-16 15:00,1.60203,0.0,1.1087,0.003,0.49033,0.0,0.0,0.0,0.0
2018-08-16 15:00:00,2018-08-16 16:00,1.61855,0.0,1.11107,0.003,0.50448,0.0,0.0,0.0,0.0
2018-08-16 16:00:00,2018-08-16 17:00,1.89997,0.0,1.14461,0.23178,0.52358,0.0,0.0,0.0,0.0
2018-08-16 17:00:00,2018-08-16 18:00,2.32734,0.0,1.14262,0.46482,0.7199,0.03935,0.0,0.0,0.03935
2018-08-16 18:00:00,2018-08-16 19:00,1.98409,0.0,1.12549,0.003,0.8556,0.04123,0.0,0.0,0.04123
2018-08-16 19:00:00,2018-08-16 20:00,2.06019,0.0,1.10059,0.003,0.9566,0.0,0.0,0.0,0.0
2018-08-16 20:00:00,2018-08-16 21:00,2.23136,0.0,1.09812,0.003,1.13024,0.0,0.0,0.0,0.0
2018-08-16 21:00:00,2018-08-16 22:00,2.10368,0.0,1.08755,0.003,1.01313,0.0,0.0,0.0,0.0
2018-08-16 22:00:00,2018-08-16 23:00,1.77661,0.0,1.06887,0.003,0.70474,0.0,0.0,0.0,0.0
2018-08-16 23:00:00,2018-08-17 00:00,1.82318,0.0,1.04268,0.23163,0.54887,0.0,0.0,0.0,0.0
2018-08-17 00:00:00,2018-08-17 01:00,1.46884,0.0,0.90077,0.09049,0.47758,0.0,0.0,0.0,0.0
2018-08-17 01:00:00,2018-08-17 02:00,1.28822,0.0,0.81982,0.003,0.4654,0.0,0.0,0.0,0.0
2018-08-17 02:00:00,2018-08-17 03:00,1.22708,0.0,0.76429,0.003,0.45979,0.0,0.0,0.0,0.0
2018-08-17 03:00:00,2018-08-17 04:00,1.17425,0.0,0.71793,0.003,0.45332,0.0,0.0,0.0,0.0
2018-08-17 04:00:00,2018-08-17 05:00,1.12768,0.0,0.67281,0.003,0.45187,0.0,0.0,0.0,0.0
2018-08-17 05:00:00,2018-08-17 06:00,1.32767,0.0,0.63247,0.23234,0.46286,0.0,0.0,0.0,0.0
2018-08-17 06:00:00,2018-08-17 07:00,1.49938,0.0,0.60843,0.29189,0.59906,0.0,0.0,0.0,0.0
2018-08-17 07:00:00,2018-08-17 08:00,1.4334,0.0,0.61514,0.22915,0.58911,0.0,0.0,0.0,0.0
2018-08-17 08:00:00,2018-08-17 09:00,1.31959,0.0,0.64881,0.12041,0.55037,0.0,0.0,0.0,0.0
2018-08-17 09:00:00,2018-08-17 10:00,1.2886,0.0,0.76591,0.003,0.51969,0.0,0.0,0.0,0.0
2018-08-17 10:00:00,2018-08-17 11:00,1.61841,0.0,0.89118,0.22771,0.49952,0.0,0.0,0.0,0.0
2018-08-17 11:00:00,2018-08-17 12:00,1.62861,0.0,0.96171,0.15033,0.51657,0.0,0.0,0.0,0.0
2018-08-17 12:00:00,2018-08-17 13:00,1.50628,0.0,1.00755,0.003,0.49573,0.0,0.0,0.0,0.0
2018-08-17 13:00:00,2018-08-17 14:00,1.51468,0.0,1.02924,0.003,0.48244,0.0,0.0,0.0,0.0
2018-08-17 14:00:00,2018-08-17 15:00,1.63755,0.0,1.10414,0.003,0.53041,0.0,0.0,0.0,0.0
2018-08-17 15:00:00,2018-08-17 16:00,1.97829,0.0,1.16359,0.22838,0.58632,0.0,0.0,0.0,0.0
2018-08-17 16:00:00,2018-08-17 17:00,2.00044,0.0,1.17533,0.18004,0.64507,0.01124,0.0,0.0,0.01124
2018-08-17 17:00:00,2018-08-17 18:00,1.98807,0.0,1.16973,0.003,0.81534,0.08058,0.0,0.0,0.08058
2018-08-17 18:00:00,2018-08-17 19:00,2.27406,0.0,1.15887,0.11601,0.99918,0.11242,0.0,0.0,0.11242
2018-08-17 19:00:00,2018-08-17 20:00,2.4777,0.0,1.13273,0.23214,1.11283,0.06557,0.0,0.0,0.06557
2018-08-17 20:00:00,2018-08-17 21:00,3.13483,0.0,1.10121,0.003,2.03062,0.0,0.0,0.0,0.0
2018-08-17 21:00:00,2018-08-17 22:00,3.75691,0.0,1.06237,0.003,2.69154,0.0,0.0,0.0,0.0
2018-08-17 22:00:00,2018-08-17 23:00,1.77283,0.0,1.03831,0.003,0.73152,0.02622,0.0,0.0,0.02622
2018-08-17 23:00:00,2018-08-18 00:00,1.57258,0.0,1.01876,0.003,0.55082,0.0,0.0,0.0,0.0
2018-08-18 00:00:00,2018-08-18 01:00,1.72541,0.0,1.00306,0.23191,0.49044,0.0,0.0,0.0,0.0
2018-08-18 01:00:00,2018-08-18 02:00,1.50273,0.0,0.85384,0.18519,0.4637,0.0,0.0,0.0,0.0
2018-08-18 02:00:00,2018-08-18 03:00,1.21687,0.0,0.75954,0.003,0.45433,0.0,0.0,0.0,0.0
2018-08-18 03:00:00,2018-08-18 04:00,1.1576,0.0,0.69642,0.003,0.45818,0.0,0.0,0.0,0.0
2018-08-18 04:00:00,2018-08-18 05:00,1.09292,0.0,0.64379,0.003,0.44613,0.0,0.0,0.0,0.0
2018-08-18 05:00:00,2018-08-18 06:00,1.50271,0.0,0.5943,0.45157,0.45684,0.0,0.0,0.0,0.0
2018-08-18 06:00:00,2018-08-18 07:00,1.30886,0.0,0.60576,0.1526,0.5505,0.02622,0.0,0.0,0.02622
2018-08-18 07:00:00,2018-08-18 08:00,1.18211,0.0,0.59871,0.003,0.5804,0.0,0.0,0.0,0.0
2018-08-18 08:00:00,2018-08-18 09:00,1.20975,0.0,0.6193,0.003,0.58745,0.0,0.0,0.0,0.0
2018-08-18 09:00:00,2018-08-18 10:00,1.68609,0.0,0.69024,0.34266,0.65319,0.0,0.0,0.0,0.0
2018-08-18 10:00:00,2018-08-18 11:00,1.59478,0.0,0.80014,0.13605,0.65859,0.0,0.0,0.0,0.0
2018-08-18 11:00:00,2018-08-18 12:00,1.58987,0.0,0.92591,0.003,0.66096,0.0,0.0,0.0,0.0
2018-08-18 12:00:00,2018-08-18 13:00,1.80116,0.0,1.06628,0.003,0.73188,0.0,0.0,0.0,0.0
2018-08-18 13:00:00,2018-08-18 14:00,2.05876,0.0,1.17359,0.11479,0.77038,0.0,0.0,0.0,0.0
2018-08-18 14:00:00,2018-08-18 15:00,2.29724,0.0,1.19801,0.27813,0.8211,0.0,0.0,0.0,0.0
2018-08-18 15:00:00,2018-08-18 16:00,3.04084,0.0,1.20458,0.003,1.83326,0.0,0.0,0.0,0.0
2018-08-18 16:00:00,2018-08-18 17:00,2.18756,0.0,1.19763,0.11587,0.87406,0.0,0.0,0.0,0.0
2018-08-18 17:00:00,2018-08-18 18:00,2.29933,0.0,1.18333,0.22841,0.88759,0.0,0.0,0.0,0.0
2018-08-18 18:00:00,2018-08-18 19:00,2.05699,0.0,1.16057,0.003,0.89342,0.0,0.0,0.0,0.0
2018-08-18 19:00:00,2018-08-18 20:00,2.20642,0.0,1.11847,0.003,1.08495,0.09556,0.0,0.0,0.09556
2018-08-18 20:00:00,2018-08-18 21:00,2.2029,0.0,1.08732,0.003,1.11258,0.11242,0.0,0.0,0.11242
2018-08-18 21:00:00,2018-08-18 22:00,1.92908,0.0,1.05723,0.003,0.86885,0.0075,0.0,0.0,0.0075
2018-08-18 22:00:00,2018-08-18 23:00,1.76059,0.0,1.04077,0.003,0.71682,0.0,0.0,0.0,0.0
2018-08-18 23:00:00,2018-08-19 00:00,1.52274,0.0,1.0179,0.003,0.50184,0.0,0.0,0.0,0.0
2018-08-19 00:00:00,2018-08-19 01:00,1.43584,0.0,0.96117,0.003,0.47167,0.0,0.0,0.0,0.0
2018-08-19 01:00:00,2018-08-19 02:00,1.55734,0.0,0.85622,0.23404,0.46708,0.0,0.0,0.0,0.0
2018-08-19 02:00:00,2018-08-19 03:00,1.30394,0.0,0.77306,0.06985,0.46103,0.0,0.0,0.0,0.0
2018-08-19 03:00:00,2018-08-19 04:00,1.16691,0.0,0.70503,0.003,0.45888,0.0,0.0,0.0,0.0
2018-08-19 04:00:00,2018-08-19 05:00,1.11717,0.0,0.66142,0.003,0.45275,0.0,0.0,0.0,0.0
2018-08-19 05:00:00,2018-08-19 06:00,1.0775,0.0,0.62203,0.003,0.45247,0.0,0.0,0.0,0.0
2018-08-19 06:00:00,2018-08-19 07:00,1.09452,0.0,0.59554,0.003,0.49598,0.0,0.0,0.0,0.0
2018-08-19 07:00:00,2018-08-19 08:00,1.10938,0.0,0.61232,0.003,0.49406,0.0,0.0,0.0,0.0
2018-08-19 08:00:00,2018-08-19 09:00,1.6298,0.0,0.70936,0.3335,0.58694,0.02622,0.0,0.0,0.02622
2018-08-19 09:00:00,2018-08-19 10:00,1.33744,0.0,0.73341,0.003,0.60103,0.0,0.0,0.0,0.0
2018-08-19 10:00:00,2018-08-19 11:00,1.65193,0.0,0.8776,0.11574,0.65859,0.0,0.0,0.0,0.0
2018-08-19 11:00:00,2018-08-19 12:00,2.16272,0.0,0.98163,0.45899,0.7221,0.0,0.0,0.0,0.0
2018-08-19 12:00:00,2018-08-19 13:00,3.21731,0.0,1.10222,0.4716,1.64349,0.0,0.0,0.0,0.0
2018-08-19 13:00:00,2018-08-19 14:00,3.68074,0.0,1.18029,0.07935,2.4211,0.0,0.0,0.0,0.0
2018-08-19 14:00:00,2018-08-19 15:00,1.99462,0.0,1.19309,0.003,0.79853,0.0,0.0,0.0,0.0
2018-08-19 15:00:00,2018-08-19 16:00,2.48798,0.0,1.20237,0.45533,0.83028,0.0,0.0,0.0,0.0
2018-08-19 16:00:00,2018-08-19 17:00,2.17941,0.0,1.20868,0.09667,0.87406,0.0,0.0,0.0,0.0
2018-08-19 17:00:00,2018-08-19 18:00,2.12064,0.0,1.19186,0.003,0.92578,0.0,0.0,0.0,0.0
2018-08-19 18:00:00,2018-08-19 19:00,2.21821,0.0,1.16541,0.003,1.0498,0.0,0.0,0.0,0.0
2018-08-19 19:00:00,2018-08-19 20:00,2.3959,0.0,1.15002,0.003,1.24288,0.09556,0.0,0.0,0.09556
2018-08-19 20:00:00,2018-08-19 21:00,2.65114,0.0,1.13247,0.22966,1.28901,0.03935,0.0,0.0,0.03935
2018-08-19 21:00:00,2018-08-19 22:00,2.44588,0.0,1.12227,0.19902,1.12459,0.01124,0.0,0.0,0.01124
2018-08-19 22:00:00,2018-08-19 23:00,1.95179,0.0,1.11421,0.003,0.83458,0.06933,0.0,0.0,0.06933
2018-08-19 23:00:00,2018-08-20 00:00,1.62723,0.0,1.09999,0.003,0.52424,0.0,0.0,0.0,0.0
2018-08-20 00:00:00,2018-08-20 01:00,1.55187,0.0,1.07772,0.003,0.47115,0.0,0.0,0.0,0.0
2018-08-20 01:00:00,2018-08-20 02:00,1.5287,0.0,1.05951,0.003,0.46619,0.0,0.0,0.0,0.0
2018-08-20 02:00:00,2018-08-20 03:00,1.42453,0.0,0.96171,0.003,0.45982,0.0,0.0,0.0,0.0
2018-08-20 03:00:00,2018-08-20 04:00,1.32434,0.0,0.8644,0.003,0.45694,0.0,0.0,0.0,0.0
2018-08-20 04:00:00,2018-08-20 05:00,1.68789,0.0,0.79341,0.44595,0.44853,0.0,0.0,0.0,0.0
2018-08-20 05:00:00,2018-08-20 06:00,1.20034,0.0,0.74334,0.003,0.454,0.0,0.0,0.0,0.0
2018-08-20 06:00:00,2018-08-20 07:00,1.26626,0.0,0.73453,0.003,0.52873,0.0,0.0,0.0,0.0
2018-08-20 07:00:00,2018-08-20 08:00,1.23374,0.0,0.69465,0.003,0.53609,0.0,0.0,0.0,0.0
2018-08-20 08:00:00,2018-08-20 09:00,1.45766,0.0,0.69179,0.22908,0.53679,0.0,0.0,0.0,0.0
2018-08-20 09:00:00,2018-08-20 10:00,1.63925,0.0,0.71876,0.34904,0.57145,0.0,0.0,0.0,0.0
2018-08-20 10:00:00,2018-08-20 11:00,1.42015,0.0,0.73844,0.11503,0.56668,0.0,0.0,0.0,0.0
2018-08-20 11:00:00,2018-08-20 12:00,1.69756,0.0,0.75372,0.42505,0.51879,0.0,0.0,0.0,0.0
2018-08-20 12:00:00,2018-08-20 13:00,1.28908,0.0,0.78048,0.003,0.5056,0.0,0.0,0.0,0.0
2018-08-20 13:00:00,2018-08-20 14:00,1.31381,0.0,0.78764,0.003,0.52317,0.0,0.0,0.0,0.0
2018-08-20 14:00:00,2018-08-20 15:00,1.2824,0.0,0.80215,0.003,0.47725,0.0,0.0,0.0,0.0
2018-08-20 15:00:00,2018-08-20 16:00,1.48578,0.0,0.86785,0.11397,0.50396,0.0,0.0,0.0,0.0
2018-08-20 16:00:00,2018-08-20 17:00,1.79873,0.0,0.91538,0.31151,0.57184,0.0,0.0,0.0,0.0
2018-08-20 17:00:00,2018-08-20 18:00,1.7264,0.0,1.02996,0.003,0.69344,0.02622,0.0,0.0,0.02622
2018-08-20 18:00:00,2018-08-20 19:00,1.6642,0.0,0.8901,0.003,0.7711,0.0,0.0,0.0,0.0
2018-08-20 19:00:00,2018-08-20 20:00,1.71654,0.0,0.81565,0.003,0.89789,0.0,0.0,0.0,0.0
2018-08-20 20:00:00,2018-08-20 21:00,2.67744,0.0,0.8025,0.4033,1.47164,0.0,0.0,0.0,0.0
2018-08-20 21:00:00,2018-08-20 22:00,3.90043,0.0,0.77716,0.003,3.12027,0.0,0.0,0.0,0.0
2018-08-20 22:00:00,2018-08-20 23:00,2.4468,0.0,0.70315,0.003,1.74065,0.0,0.0,0.0,0.0
2018-08-20 23:00:00,2018-08-21 00:00,1.12095,0.0,0.63601,0.003,0.48194,0.0,0.0,0.0,0.0
2018-08-21 00:00:00,2018-08-21 01:00,1.06796,0.0,0.5947,0.003,0.47026,0.0,0.0,0.0,0.0
2018-08-21 01:00:00,2018-08-21 02:00,1.03062,0.0,0.56178,0.003,0.46584,0.0,0.0,0.0,0.0
2018-08-21 02:00:00,2018-08-21 03:00,0.99954,0.0,0.53674,0.003,0.4598,0.0,0.0,0.0,0.0
2018-08-21 03:00:00,2018-08-21 04:00,0.97019,0.0,0.50956,0.003,0.45763,0.0,0.0,0.0,0.0
2018-08-21 04:00:00,2018-08-21 05:00,0.92403,0.0,0.46953,0.003,0.4515,0.0,0.0,0.0,0.0
2018-08-21 05:00:00,2018-08-21 06:00,0.91837,0.0,0.45955,0.003,0.45582,0.0,0.0,0.0,0.0
2018-08-21 06:00:00,2018-08-21 07:00,1.37464,0.0,0.46695,0.34603,0.56166,0.01124,0.0,0.0,0.01124
2018-08-21 07:00:00,2018-08-21 08:00,1.15252,0.0,0.55117,0.003,0.59835,0.04123,0.0,0.0,0.04123
2018-08-21 08:00:00,2018-08-21 09:00,1.19861,0.0,0.44702,0.23089,0.5207,0.0,0.0,0.0,0.0
2018-08-21 09:00:00,2018-08-21 10:00,1.21336,0.0,0.4659,0.22297,0.52449,0.0,0.0,0.0,0.0
2018-08-21 10:00:00,2018-08-21 11:00,1.05883,0.0,0.50133,0.003,0.5545,0.0,0.0,0.0,0.0
2018-08-21 11:00:00,2018-08-21 12:00,0.95983,0.0,0.48155,0.003,0.47528,0.0,0.0,0.0,0.0
2018-08-21 12:00:00,2018-08-21 13:00,1.31826,0.0,0.51342,0.32839,0.47645,0.0,0.0,0.0,0.0
2018-08-21 13:00:00,2018-08-21 14:00,1.02405,0.0,0.54377,0.003,0.47728,0.0,0.0,0.0,0.0
2018-08-21 14:00:00,2018-08-21 15:00,1.11124,0.0,0.61798,0.003,0.49026,0.0,0.0,0.0,0.0
2018-08-21 15:00:00,2018-08-21 16:00,1.15937,0.0,0.68126,0.003,0.47511,0.0,0.0,0.0,0.0
2018-08-21 16:00:00,2018-08-21 17:00,1.21067,0.0,0.6928,0.003,0.51487,0.0,0.0,0.0,0.0
2018-08-21 17:00:00,2018-08-21 18:00,1.65559,0.0,0.75677,0.23159,0.66723,0.0,0.0,0.0,0.0
2018-08-21 18:00:00,2018-08-21 19:00,1.66109,0.0,0.75382,0.13617,0.7711,0.0,0.0,0.0,0.0
2018-08-21 19:00:00,2018-08-21 20:00,1.6509,0.0,0.71391,0.003,0.93399,0.0,0.0,0.0,0.0
2018-08-21 20:00:00,2018-08-21 21:00,1.90233,0.0,0.70719,0.003,1.19214,0.0,0.0,0.0,0.0
2018-08-21 21:00:00,2018-08-21 22:00,2.09696,0.0,0.66896,0.22939,1.19861,0.0,0.0,0.0,0.0
2018-08-21 22:00:00,2018-08-21 23:00,1.73611,0.0,0.57279,0.25283,0.91049,0.0,0.0,0.0,0.0
2018-08-21 23:00:00,2018-08-22 00:00,1.03903,0.0,0.48649,0.003,0.54954,0.0,0.0,0.0,0.0
2018-08-22 00:00:00,2018-08-22 01:00,0.88965,0.0,0.40771,0.003,0.47894,0.0,0.0,0.0,0.0
2018-08-22 01:00:00,2018-08-22 02:00,0.84519,0.0,0.37745,0.003,0.46474,0.0,0.0,0.0,0.0
2018-08-22 02:00:00,2018-08-22 03:00,0.78439,0.0,0.32161,0.003,0.45978,0.0,0.0,0.0,0.0
2018-08-22 03:00:00,2018-08-22 04:00,0.87295,0.0,0.29905,0.11696,0.45694,0.0,0.0,0.0,0.0
2018-08-22 04:00:00,2018-08-22 05:00,1.04252,0.0,0.28523,0.312,0.44529,0.0,0.0,0.0,0.0
2018-08-22 05:00:00,2018-08-22 06:00,0.67849,0.0,0.22212,0.003,0.45337,0.0,0.0,0.0,0.0
2018-08-22 06:00:00,2018-08-22 07:00,0.8978,0.0,0.13732,0.22479,0.53569,0.01124,0.0,0.0,0.01124
2018-08-22 07:00:00,2018-08-22 08:00,1.14063,0.0,0.22345,0.31945,0.59773,0.01498,0.0,0.0,0.01498
2018-08-22 08:00:00,2018-08-22 09:00,0.82127,0.0,0.27935,0.003,0.53892,0.0,0.0,0.0,0.0
2018-08-22 09:00:00,2018-08-22 10:00,1.15553,0.0,0.40129,0.22975,0.52449,0.0,0.0,0.0,0.0
2018-08-22 10:00:00,2018-08-22 11:00,1.30614,0.0,0.52439,0.21143,0.57032,0.0,0.0,0.0,0.0
2018-08-22 11:00:00,2018-08-22 12:00,2.64562,0.0,0.69478,0.003,1.94784,0.0,0.0,0.0,0.0
2018-08-22 12:00:00,2018-08-22 13:00,1.80925,0.0,0.75532,0.36596,0.68797,0.0,0.0,0.0,0.0
2018-08-22 13:00:00,2018-08-22 14:00,1.34819,0.0,0.8167,0.003,0.52849,0.0,0.0,0.0,0.0
2018-08-22 14:00:00,2018-08-22 15:00,1.4616,0.0,0.92818,0.003,0.53042,0.0,0.0,0.0,0.0
2018-08-22 15:00:00,2018-08-22 16:00,1.54345,0.0,0.99837,0.003,0.54208,0.0,0.0,0.0,0.0
2018-08-22 16:00:00,2018-08-22 17:00,2.13712,0.0,1.0794,0.45957,0.59815,0.0,0.0,0.0,0.0
2018-08-22 17:00:00,2018-08-22 18:00,1.82376,0.0,1.07727,0.06634,0.68015,0.0,0.0,0.0,0.0
2018-08-22 18:00:00,2018-08-22 19:00,3.20789,0.0,1.08501,0.003,2.11988,0.0,0.0,0.0,0.0
2018-08-22 19:00:00,2018-08-22 20:00,2.49761,0.0,0.95084,0.003,1.54377,0.0,0.0,0.0,0.0
2018-08-22 20:00:00,2018-08-22 21:00,2.05402,0.0,0.85892,0.003,1.1921,0.0,0.0,0.0,0.0
2018-08-22 21:00:00,2018-08-22 22:00,2.25986,0.0,0.77965,0.3383,1.14191,0.0,0.0,0.0,0.0
2018-08-22 22:00:00,2018-08-22 23:00,1.64632,0.0,0.66306,0.26569,0.71757,0.0,0.0,0.0,0.0
2018-08-22 23:00:00,2018-08-23 00:00,1.05223,0.0,0.56728,0.003,0.48195,0.0,0.0,0.0,0.0
2018-08-23 00:00:00,2018-08-23 01:00,1.00947,0.0,0.53623,0.003,0.47024,0.0,0.0,0.0,0.0
2018-08-23 01:00:00,2018-08-23 02:00,0.95881,0.0,0.48997,0.003,0.46584,0.0,0.0,0.0,0.0
2018-08-23 02:00:00,2018-08-23 03:00,0.89706,0.0,0.43426,0.003,0.4598,0.0,0.0,0.0,0.0
2018-08-23 03:00:00,2018-08-23 04:00,0.85782,0.0,0.3972,0.003,0.45762,0.0,0.0,0.0,0.0
2018-08-23 04:00:00,2018-08-23 05:00,0.82013,0.0,0.36527,0.003,0.45186,0.0,0.0,0.0,0.0
2018-08-23 05:00:00,2018-08-23 06:00,1.01833,0.0,0.32938,0.2318,0.45715,0.0,0.0,0.0,0.0
2018-08-23 06:00:00,2018-08-23 07:00,1.01145,0.0,0.26844,0.23278,0.51023,0.0,0.0,0.0,0.0
2018-08-23 07:00:00,2018-08-23 08:00,1.07371,0.0,0.31758,0.22639,0.52974,0.0,0.0,0.0,0.0
2018-08-23 08:00:00,2018-08-23 09:00,1.2264,0.0,0.36725,0.33845,0.5207,0.0,0.0,0.0,0.0
2018-08-23 09:00:00,2018-08-23 10:00,0.95825,0.0,0.44732,0.003,0.50793,0.0,0.0,0.0,0.0
2018-08-23 10:00:00,2018-08-23 11:00,1.01454,0.0,0.54073,0.003,0.47081,0.0,0.0,0.0,0.0
2018-08-23 11:00:00,2018-08-23 12:00,1.11329,0.0,0.64218,0.003,0.46811,0.0,0.0,0.0,0.0
2018-08-23 12:00:00,2018-08-23 13:00,1.22494,0.0,0.7455,0.003,0.47644,0.0,0.0,0.0,0.0
2018-08-23 13:00:00,2018-08-23 14:00,1.31104,0.0,0.83078,0.003,0.47726,0.0,0.0,0.0,0.0
2018-08-23 14:00:00,2018-08-23 15:00,1.37353,0.0,0.89327,0.003,0.47726,0.0,0.0,0.0,0.0
2018-08-23 15:00:00,2018-08-23 16:00,1.41015,0.0,0.93205,0.003,0.4751,0.0,0.0,0.0,0.0
2018-08-23 16:00:00,2018-08-23 17:00,1.41396,0.0,0.92232,0.003,0.48864,0.0,0.0,0.0,0.0
2018-08-23 17:00:00,2018-08-23 18:00,1.485,0.0,0.8521,0.11787,0.51503,0.0,0.0,0.0,0.0
2018-08-23 18:00:00,2018-08-23 19:00,1.78559,0.0,0.86033,0.22545,0.69981,0.0,0.0,0.0,0.0
2018-08-23 19:00:00,2018-08-23 20:00,2.07576,0.0,0.98163,0.003,1.09113,0.06745,0.0,0.0,0.06745
2018-08-23 20:00:00,2018-08-23 21:00,2.20598,0.0,1.00718,0.003,1.1958,0.03935,0.0,0.0,0.03935
2018-08-23 21:00:00,2018-08-23 22:00,1.87169,0.0,0.84472,0.003,1.02397,0.0,0.0,0.0,0.0
2018-08-23 22:00:00,2018-08-23 23:00,1.58693,0.0,0.77663,0.003,0.8073,0.0,0.0,0.0,0.0
2018-08-23 23:00:00,2018-08-24 00:00,1.64465,0.0,0.72148,0.39547,0.5277,0.0,0.0,0.0,0.0
2018-08-24 00:00:00,2018-08-24 01:00,1.13846,0.0,0.66521,0.003,0.47025,0.0,0.0,0.0,0.0
2018-08-24 01:00:00,2018-08-24 02:00,1.0751,0.0,0.60627,0.003,0.46583,0.0,0.0,0.0,0.0
2018-08-24 02:00:00,2018-08-24 03:00,1.02599,0.0,0.56322,0.003,0.45977,0.0,0.0,0.0,0.0
2018-08-24 03:00:00,2018-08-24 04:00,1.04143,0.0,0.57025,0.003,0.46818,0.01124,0.0,0.0,0.01124
2018-08-24 04:00:00,2018-08-24 05:00,1.04041,0.0,0.58015,0.003,0.45726,0.01498,0.0,0.0,0.01498
2018-08-24 05:00:00,2018-08-24 06:00,1.52954,0.0,0.51396,0.46931,0.54627,0.0,0.0,0.0,0.0
2018-08-24 06:00:00,2018-08-24 07:00,2.70489,0.0,0.50616,0.21666,1.98207,0.0,0.0,0.0,0.0
2018-08-24 07:00:00,2018-08-24 08:00,2.42487,0.0,0.50688,0.22705,1.69094,0.0,0.0,0.0,0.0
2018-08-24 08:00:00,2018-08-24 09:00,1.22467,0.0,0.47045,0.20385,0.55037,0.0,0.0,0.0,0.0
2018-08-24 09:00:00,2018-08-24 10:00,0.95447,0.0,0.44355,0.003,0.50792,0.0,0.0,0.0,0.0
2018-08-24 10:00:00,2018-08-24 11:00,0.90567,0.0,0.43185,0.003,0.47082,0.0,0.0,0.0,0.0
2018-08-24 11:00:00,2018-08-24 12:00,0.9059,0.0,0.43478,0.003,0.46812,0.0,0.0,0.0,0.0
2018-08-24 12:00:00,2018-08-24 13:00,0.91013,0.0,0.43066,0.003,0.47647,0.0,0.0,0.0,0.0
2018-08-24 13:00:00,2018-08-24 14:00,0.92973,0.0,0.44946,0.003,0.47727,0.0,0.0,0.0,0.0
2018-08-24 14:00:00,2018-08-24 15:00,1.22956,0.0,0.49178,0.22847,0.50931,0.0,0.0,0.0,0.0
2018-08-24 15:00:00,2018-08-24 16:00,2.01068,0.0,0.57924,0.46197,0.96947,0.02622,0.0,0.0,0.02622
2018-08-24 16:00:00,2018-08-24 17:00,1.96528,0.0,0.52707,0.11288,1.32533,0.0,0.0,0.0,0.0
2018-08-24 17:00:00,2018-08-24 18:00,1.27729,0.0,0.52623,0.11577,0.63529,0.0,0.0,0.0,0.0
2018-08-24 18:00:00,2018-08-24 19:00,2.01093,0.0,0.58713,0.46933,0.95447,0.0,0.0,0.0,0.0
2018-08-24 19:00:00,2018-08-24 20:00,1.65034,0.0,0.59234,0.02732,1.03068,0.0,0.0,0.0,0.0
2018-08-24 20:00:00,2018-08-24 21:00,1.81167,0.0,0.58997,0.003,1.2187,0.0,0.0,0.0,0.0
2018-08-24 21:00:00,2018-08-24 22:00,1.91162,0.0,0.58447,0.003,1.32415,0.0,0.0,0.0,0.0
2018-08-24 22:00:00,2018-08-24 23:00,2.05393,0.0,0.51766,0.003,1.53327,0.0,0.0,0.0,0.0
2018-08-24 23:00:00,2018-08-25 00:00,1.4256,0.0,0.46697,0.23137,0.72726,0.0,0.0,0.0,0.0
2018-08-25 00:00:00,2018-08-25 01:00,1.01716,0.0,0.43579,0.10986,0.47151,0.0,0.0,0.0,0.0
2018-08-25 01:00:00,2018-08-25 02:00,0.88789,0.0,0.41781,0.003,0.46708,0.0,0.0,0.0,0.0
2018-08-25 02:00:00,2018-08-25 03:00,0.86912,0.0,0.40508,0.003,0.46104,0.0,0.0,0.0,0.0
2018-08-25 03:00:00,2018-08-25 04:00,0.85241,0.0,0.39054,0.003,0.45887,0.0,0.0,0.0,0.0
2018-08-25 04:00:00,2018-08-25 05:00,0.8331,0.0,0.37736,0.003,0.45274,0.0,0.0,0.0,0.0
2018-08-25 05:00:00,2018-08-25 06:00,0.82268,0.0,0.36721,0.003,0.45247,0.0,0.0,0.0,0.0
2018-08-25 06:00:00,2018-08-25 07:00,0.83982,0.0,0.3451,0.003,0.49172,0.0,0.0,0.0,0.0
2018-08-25 07:00:00,2018-08-25 08:00,0.85662,0.0,0.37131,0.003,0.48231,0.0,0.0,0.0,0.0
2018-08-25 08:00:00,2018-08-25 09:00,1.29411,0.0,0.40041,0.23498,0.65872,0.0,0.0,0.0,0.0
2018-08-25 09:00:00,2018-08-25 10:00,1.35287,0.0,0.50377,0.11147,0.73763,0.02622,0.0,0.0,0.02622
2018-08-25 10:00:00,2018-08-25 11:00,1.20339,0.0,0.47945,0.003,0.72094,0.0,0.0,0.0,0.0
2018-08-25 11:00:00,2018-08-25 12:00,1.32287,0.0,0.50506,0.11524,0.70257,0.0,0.0,0.0,0.0
2018-08-25 12:00:00,2018-08-25 13:00,1.59791,0.0,0.53962,0.29563,0.76266,0.0,0.0,0.0,0.0
2018-08-25 13:00:00,2018-08-25 14:00,3.3043,0.0,0.66673,0.003,2.63457,0.0,0.0,0.0,0.0
2018-08-25 14:00:00,2018-08-25 15:00,2.60966,0.0,0.73207,0.003,1.87459,0.0,0.0,0.0,0.0
2018-08-25 15:00:00,2018-08-25 16:00,1.84301,0.0,0.78188,0.23129,0.82984,0.0,0.0,0.0,0.0
2018-08-25 16:00:00,2018-08-25 17:00,1.88375,0.0,0.86584,0.14453,0.87338,0.0,0.0,0.0,0.0
2018-08-25 17:00:00,2018-08-25 18:00,1.86521,0.0,0.93766,0.003,0.92455,0.0,0.0,0.0,0.0
2018-08-25 18:00:00,2018-08-25 19:00,2.23073,0.0,0.95393,0.22844,1.04836,0.0,0.0,0.0,0.0
2018-08-25 19:00:00,2018-08-25 20:00,2.2929,0.0,0.89027,0.25673,1.1459,0.0,0.0,0.0,0.0
2018-08-25 20:00:00,2018-08-25 21:00,2.08122,0.0,0.83015,0.003,1.24807,0.0,0.0,0.0,0.0
2018-08-25 21:00:00,2018-08-25 22:00,1.96217,0.0,0.76693,0.003,1.19224,0.0,0.0,0.0,0.0
2018-08-25 22:00:00,2018-08-25 23:00,1.38567,0.0,0.66694,0.003,0.71573,0.0,0.0,0.0,0.0
2018-08-25 23:00:00,2018-08-26 00:00,1.15604,0.0,0.59634,0.003,0.5567,0.0,0.0,0.0,0.0
2018-08-26 00:00:00,2018-08-26 01:00,1.02895,0.0,0.54518,0.003,0.48077,0.0,0.0,0.0,0.0
2018-08-26 01:00:00,2018-08-26 02:00,0.97876,0.0,0.50868,0.003,0.46708,0.0,0.0,0.0,0.0
2018-08-26 02:00:00,2018-08-26 03:00,0.94908,0.0,0.48504,0.003,0.46104,0.0,0.0,0.0,0.0
2018-08-26 03:00:00,2018-08-26 04:00,1.05044,0.0,0.4742,0.11737,0.45887,0.0,0.0,0.0,0.0
2018-08-26 04:00:00,2018-08-26 05:00,1.08483,0.0,0.45161,0.18049,0.45273,0.0,0.0,0.0,0.0
2018-08-26 05:00:00,2018-08-26 06:00,0.90778,0.0,0.45232,0.003,0.45246,0.0,0.0,0.0,0.0
2018-08-26 06:00:00,2018-08-26 07:00,0.94263,0.0,0.4479,0.003,0.49173,0.0,0.0,0.0,0.0
2018-08-26 07:00:00,2018-08-26 08:00,0.98664,0.0,0.48488,0.003,0.49876,0.01124,0.0,0.0,0.01124
2018-08-26 08:00:00,2018-08-26 09:00,1.55908,0.0,0.56248,0.34734,0.64926,0.01498,0.0,0.0,0.01498
2018-08-26 09:00:00,2018-08-26 10:00,1.37401,0.0,0.56417,0.15059,0.65925,0.0,0.0,0.0,0.0
2018-08-26 10:00:00,2018-08-26 11:00,1.34406,0.0,0.62013,0.003,0.72093,0.0,0.0,0.0,0.0
2018-08-26 11:00:00,2018-08-26 12:00,1.49897,0.0,0.66428,0.11611,0.71858,0.0,0.0,0.0,0.0
2018-08-26 12:00:00,2018-08-26 13:00,1.91575,0.0,0.91578,0.21561,0.78436,0.05247,0.0,0.0,0.05247
2018-08-26 13:00:00,2018-08-26 14:00,1.72374,0.0,0.95835,0.003,0.76239,0.0,0.0,0.0,0.0
2018-08-26 14:00:00,2018-08-26 15:00,1.97424,0.0,1.00611,0.23017,0.73796,0.0,0.0,0.0,0.0
2018-08-26 15:00:00,2018-08-26 16:00,2.09882,0.0,1.1474,0.21028,0.74114,0.0,0.0,0.0,0.0
2018-08-26 16:00:00,2018-08-26 17:00,1.97003,0.0,1.19951,0.003,0.76752,0.0,0.0,0.0,0.0
2018-08-26 17:00:00,2018-08-26 18:00,1.90113,0.0,1.18288,0.003,0.71525,0.0,0.0,0.0,0.0
2018-08-26 18:00:00,2018-08-26 19:00,2.23836,0.0,1.16327,0.23162,0.84347,0.0,0.0,0.0,0.0
2018-08-26 19:00:00,2018-08-26 20:00,2.24929,0.0,1.13036,0.13049,0.98844,0.0,0.0,0.0,0.0
2018-08-26 20:00:00,2018-08-26 21:00,2.17472,0.0,1.10819,0.003,1.06353,0.0,0.0,0.0,0.0
2018-08-26 21:00:00,2018-08-26 22:00,2.02295,0.0,1.04014,0.003,0.97981,0.0,0.0,0.0,0.0
2018-08-26 22:00:00,2018-08-26 23:00,1.65757,0.0,0.9431,0.003,0.71147,0.0,0.0,0.0,0.0
2018-08-26 23:00:00,2018-08-27 00:00,1.40695,0.0,0.87595,0.003,0.528,0.0,0.0,0.0,0.0
2018-08-27 00:00:00,2018-08-27 01:00,1.55836,0.0,0.84426,0.23651,0.47759,0.0,0.0,0.0,0.0
2018-08-27 01:00:00,2018-08-27 02:00,1.37964,0.0,0.80649,0.1105,0.46265,0.0,0.0,0.0,0.0
2018-08-27 02:00:00,2018-08-27 03:00,1.2487,0.0,0.79398,0.003,0.45172,0.0,0.0,0.0,0.0
2018-08-27 03:00:00,2018-08-27 04:00,1.69236,0.0,0.82164,0.42158,0.44914,0.0,0.0,0.0,0.0
2018-08-27 04:00:00,2018-08-27 05:00,1.24718,0.0,0.79709,0.003,0.44709,0.0,0.0,0.0,0.0
2018-08-27 05:00:00,2018-08-27 06:00,1.45342,0.0,0.76749,0.22878,0.45715,0.0,0.0,0.0,0.0
2018-08-27 06:00:00,2018-08-27 07:00,1.52475,0.0,0.78033,0.20547,0.53895,0.0,0.0,0.0,0.0
2018-08-27 07:00:00,2018-08-27 08:00,1.28471,0.0,0.73547,0.003,0.54624,0.0,0.0,0.0,0.0
2018-08-27 08:00:00,2018-08-27 09:00,1.1813,0.0,0.70366,0.003,0.47464,0.0,0.0,0.0,0.0
2018-08-27 09:00:00,2018-08-27 10:00,1.22644,0.0,0.74606,0.003,0.47738,0.0,0.0,0.0,0.0
2018-08-27 10:00:00,2018-08-27 11:00,1.28112,0.0,0.8073,0.003,0.47082,0.0,0.0,0.0,0.0
2018-08-27 11:00:00,2018-08-27 12:00,1.58354,0.0,0.88005,0.23539,0.4681,0.0,0.0,0.0,0.0
2018-08-27 12:00:00,2018-08-27 13:00,1.4723,0.0,0.91893,0.07691,0.47646,0.0,0.0,0.0,0.0
2018-08-27 13:00:00,2018-08-27 14:00,1.41962,0.0,0.93935,0.003,0.47727,0.0,0.0,0.0,0.0
2018-08-27 14:00:00,2018-08-27 15:00,1.4442,0.0,0.96396,0.003,0.47724,0.0,0.0,0.0,0.0
2018-08-27 15:00:00,2018-08-27 16:00,1.51927,0.0,1.04116,0.003,0.47511,0.0,0.0,0.0,0.0
2018-08-27 16:00:00,2018-08-27 17:00,1.50119,0.0,1.00955,0.003,0.48864,0.0,0.0,0.0,0.0
2018-08-27 17:00:00,2018-08-27 18:00,1.44693,0.0,0.90757,0.003,0.53636,0.0,0.0,0.0,0.0
2018-08-27 18:00:00,2018-08-27 19:00,1.68753,0.0,0.94536,0.003,0.73917,0.03935,0.0,0.0,0.03935
2018-08-27 19:00:00,2018-08-27 20:00,2.3795,0.0,1.04945,0.23881,1.09124,0.06745,0.0,0.0,0.06745
2018-08-27 20:00:00,2018-08-27 21:00,2.10625,0.0,0.83429,0.05327,1.21869,0.0,0.0,0.0,0.0
2018-08-27 21:00:00,2018-08-27 22:00,1.97917,0.0,0.77755,0.003,1.19862,0.0,0.0,0.0,0.0
2018-08-27 22:00:00,2018-08-27 23:00,1.40374,0.0,0.66992,0.003,0.73082,0.0,0.0,0.0,0.0
2018-08-27 23:00:00,2018-08-28 00:00,1.0626,0.0,0.58353,0.003,0.47607,0.0,0.0,0.0,0.0
2018-08-28 00:00:00,2018-08-28 01:00,1.0116,0.0,0.53836,0.003,0.47024,0.0,0.0,0.0,0.0
2018-08-28 01:00:00,2018-08-28 02:00,0.96903,0.0,0.5002,0.003,0.46583,0.0,0.0,0.0,0.0
2018-08-28 02:00:00,2018-08-28 03:00,0.938,0.0,0.47521,0.003,0.45979,0.0,0.0,0.0,0.0
2018-08-28 03:00:00,2018-08-28 04:00,0.89538,0.0,0.43475,0.003,0.45763,0.0,0.0,0.0,0.0
2018-08-28 04:00:00,2018-08-28 05:00,0.83375,0.0,0.37926,0.003,0.45149,0.0,0.0,0.0,0.0
2018-08-28 05:00:00,2018-08-28 06:00,0.8126,0.0,0.35557,0.003,0.45403,0.0,0.0,0.0,0.0
2018-08-28 06:00:00,2018-08-28 07:00,1.3355,0.0,0.39605,0.35571,0.58374,0.02622,0.0,0.0,0.02622
2018-08-28 07:00:00,2018-08-28 08:00,1.30175,0.0,0.36445,0.35456,0.58274,0.0,0.0,0.0,0.0
2018-08-28 08:00:00,2018-08-28 09:00,0.85886,0.0,0.31692,0.003,0.53894,0.0,0.0,0.0,0.0
2018-08-28 09:00:00,2018-08-28 10:00,1.0585,0.0,0.30939,0.22943,0.51968,0.0,0.0,0.0,0.0
2018-08-28 10:00:00,2018-08-28 11:00,0.89113,0.0,0.2998,0.12051,0.47082,0.0,0.0,0.0,0.0
2018-08-28 11:00:00,2018-08-28 12:00,0.76876,0.0,0.29764,0.003,0.46812,0.0,0.0,0.0,0.0
2018-08-28 12:00:00,2018-08-28 13:00,0.77368,0.0,0.29424,0.003,0.47644,0.0,0.0,0.0,0.0
2018-08-28 13:00:00,2018-08-28 14:00,0.78434,0.0,0.30407,0.003,0.47727,0.0,0.0,0.0,0.0
2018-08-28 14:00:00,2018-08-28 15:00,0.78452,0.0,0.30427,0.003,0.47725,0.0,0.0,0.0,0.0
2018-08-28 15:00:00,2018-08-28 16:00,0.81052,0.0,0.33242,0.003,0.4751,0.0,0.0,0.0,0.0
2018-08-28 16:00:00,2018-08-28 17:00,0.88915,0.0,0.35348,0.003,0.53267,0.0,0.0,0.0,0.0
2018-08-28 17:00:00,2018-08-28 18:00,1.16598,0.0,0.36118,0.23432,0.57048,0.0,0.0,0.0,0.0
2018-08-28 18:00:00,2018-08-28 19:00,1.18505,0.0,0.34658,0.18079,0.65768,0.0,0.0,0.0,0.0
2018-08-28 19:00:00,2018-08-28 20:00,1.1641,0.0,0.37491,0.003,0.78619,0.0,0.0,0.0,0.0
2018-08-28 20:00:00,2018-08-28 21:00,1.73533,0.0,0.41187,0.32731,0.99615,0.0,0.0,0.0,0.0
2018-08-28 21:00:00,2018-08-28 22:00,1.219,0.0,0.36605,0.003,0.84995,0.0,0.0,0.0,0.0
2018-08-28 22:00:00,2018-08-28 23:00,1.06988,0.0,0.312,0.11484,0.64304,0.0,0.0,0.0,0.0
2018-08-28 23:00:00,2018-08-29 00:00,1.03126,0.0,0.26962,0.27967,0.48197,0.0,0.0,0.0,0.0
2018-08-29 00:00:00,2018-08-29 01:00,0.66844,0.0,0.19517,0.003,0.47027,0.0,0.0,0.0,0.0
2018-08-29 01:00:00,2018-08-29 02:00,0.63406,0.0,0.16522,0.003,0.46584,0.0,0.0,0.0,0.0
2018-08-29 02:00:00,2018-08-29 03:00,0.59076,0.0,0.128,0.003,0.45976,0.0,0.0,0.0,0.0
2018-08-29 03:00:00,2018-08-29 04:00,0.56549,0.0,0.10485,0.003,0.45764,0.0,0.0,0.0,0.0
2018-08-29 04:00:00,2018-08-29 05:00,0.54002,0.0,0.08552,0.003,0.4515,0.0,0.0,0.0,0.0
2018-08-29 05:00:00,2018-08-29 06:00,0.51298,0.0,0.05878,0.003,0.4512,0.0,0.0,0.0,0.0
2018-08-29 06:00:00,2018-08-29 07:00,0.49346,0.0,0.0,0.003,0.49046,0.0,0.0,0.0,0.0
2018-08-29 07:00:00,2018-08-29 08:00,0.5365,0.0,0.03744,0.003,0.49606,0.0,0.0,0.0,0.0
2018-08-29 08:00:00,2018-08-29 09:00,0.74171,0.0,0.09809,0.11828,0.52534,0.0,0.0,0.0,0.0
2018-08-29 09:00:00,2018-08-29 10:00,1.02985,0.0,0.19585,0.2344,0.5996,0.0,0.0,0.0,0.0
2018-08-29 10:00:00,2018-08-29 11:00,1.19652,0.0,0.27844,0.003,0.91508,0.0,0.0,0.0,0.0
2018-08-29 11:00:00,2018-08-29 12:00,3.28895,0.0,0.33944,0.2318,2.71771,0.0,0.0,0.0,0.0
2018-08-29 12:00:00,2018-08-29 13:00,2.63853,0.0,0.42263,0.13531,2.08059,0.0,0.0,0.0,0.0
2018-08-29 13:00:00,2018-08-29 14:00,1.07277,0.0,0.49529,0.003,0.57448,0.0,0.0,0.0,0.0
2018-08-29 14:00:00,2018-08-29 15:00,1.46823,0.0,0.55638,0.3493,0.56255,0.0,0.0,0.0,0.0
2018-08-29 15:00:00,2018-08-29 16:00,1.28663,0.0,0.63357,0.05791,0.59515,0.0,0.0,0.0,0.0
2018-08-29 16:00:00,2018-08-29 17:00,1.3776,0.0,0.72971,0.003,0.64489,0.01124,0.0,0.0,0.01124
2018-08-29 17:00:00,2018-08-29 18:00,1.89314,0.0,0.84003,0.33172,0.72139,0.04123,0.0,0.0,0.04123
2018-08-29 18:00:00,2018-08-29 19:00,1.52747,0.0,0.72542,0.003,0.79905,0.0,0.0,0.0,0.0
2018-08-29 19:00:00,2018-08-29 20:00,1.74032,0.0,0.67761,0.003,1.05971,0.0,0.0,0.0,0.0
2018-08-29 20:00:00,2018-08-29 21:00,2.02169,0.0,0.61847,0.2288,1.17442,0.0,0.0,0.0,0.0
2018-08-29 21:00:00,2018-08-29 22:00,1.86483,0.0,0.57765,0.21367,1.07351,0.0,0.0,0.0,0.0
2018-08-29 22:00:00,2018-08-29 23:00,1.06619,0.0,0.47007,0.003,0.59312,0.0,0.0,0.0,0.0
2018-08-29 23:00:00,2018-08-30 00:00,0.86242,0.0,0.38337,0.003,0.47605,0.0,0.0,0.0,0.0
2018-08-30 00:00:00,2018-08-30 01:00,0.83576,0.0,0.36251,0.003,0.47025,0.0,0.0,0.0,0.0
2018-08-30 01:00:00,2018-08-30 02:00,0.77785,0.0,0.30901,0.003,0.46584,0.0,0.0,0.0,0.0
2018-08-30 02:00:00,2018-08-30 03:00,0.74801,0.0,0.28522,0.003,0.45979,0.0,0.0,0.0,0.0
2018-08-30 03:00:00,2018-08-30 04:00,0.72177,0.0,0.26114,0.003,0.45763,0.0,0.0,0.0,0.0
2018-08-30 04:00:00,2018-08-30 05:00,1.01416,0.0,0.21657,0.34935,0.44824,0.0,0.0,0.0,0.0
2018-08-30 05:00:00,2018-08-30 06:00,0.87545,0.0,0.19561,0.21498,0.46486,0.0,0.0,0.0,0.0
2018-08-30 06:00:00,2018-08-30 07:00,0.7357,0.0,0.15241,0.003,0.58029,0.0,0.0,0.0,0.0
2018-08-30 07:00:00,2018-08-30 08:00,1.14312,0.0,0.22096,0.34336,0.5788,0.01124,0.0,0.0,0.01124
2018-08-30 08:00:00,2018-08-30 09:00,1.15584,0.0,0.39159,0.17892,0.58533,0.06933,0.0,0.0,0.06933
2018-08-30 09:00:00,2018-08-30 10:00,0.78913,0.0,0.30873,0.003,0.4774,0.0,0.0,0.0,0.0
2018-08-30 10:00:00,2018-08-30 11:00,0.87484,0.0,0.40102,0.003,0.47082,0.0,0.0,0.0,0.0
2018-08-30 11:00:00,2018-08-30 12:00,0.95043,0.0,0.47932,0.003,0.46811,0.0,0.0,0.0,0.0
2018-08-30 12:00:00,2018-08-30 13:00,1.23946,0.0,0.59071,0.11475,0.534,0.01124,0.0,0.0,0.01124
2018-08-30 13:00:00,2018-08-30 14:00,1.80146,0.0,0.85792,0.32529,0.61825,0.06933,0.0,0.0,0.06933
2018-08-30 14:00:00,2018-08-30 15:00,1.29692,0.0,0.7635,0.003,0.53042,0.0,0.0,0.0,0.0
2018-08-30 15:00:00,2018-08-30 16:00,1.81385,0.0,0.86445,0.34829,0.60111,0.0,0.0,0.0,0.0
2018-08-30 16:00:00,2018-08-30 17:00,1.69918,0.0,0.96002,0.09703,0.64213,0.0,0.0,0.0,0.0
2018-08-30 17:00:00,2018-08-30 18:00,1.79329,0.0,0.92235,0.11364,0.7573,0.0,0.0,0.0,0.0
2018-08-30 18:00:00,2018-08-30 19:00,2.26557,0.0,0.87828,0.42223,0.96506,0.0,0.0,0.0,0.0
2018-08-30 19:00:00,2018-08-30 20:00,2.21271,0.0,0.84378,0.003,1.36593,0.0,0.0,0.0,0.0
2018-08-30 20:00:00,2018-08-30 21:00,1.66903,0.0,0.8027,0.003,0.86333,0.0,0.0,0.0,0.0
2018-08-30 21:00:00,2018-08-30 22:00,1.54188,0.0,0.75711,0.003,0.78177,0.0,0.0,0.0,0.0
2018-08-30 22:00:00,2018-08-30 23:00,1.18766,0.0,0.69407,0.003,0.49059,0.0,0.0,0.0,0.0
2018-08-30 23:00:00,2018-08-31 00:00,1.13674,0.0,0.65768,0.003,0.47606,0.0,0.0,0.0,0.0
2018-08-31 00:00:00,2018-08-31 01:00,1.12714,0.0,0.6313,0.003,0.49284,0.0,0.0,0.0,0.0
2018-08-31 01:00:00,2018-08-31 02:00,1.31728,0.0,0.62345,0.003,0.69083,0.0,0.0,0.0,0.0
2018-08-31 02:00:00,2018-08-31 03:00,3.34639,0.0,0.62572,0.40196,2.31871,0.0,0.0,0.0,0.0
2018-08-31 03:00:00,2018-08-31 04:00,1.61062,0.0,0.57586,0.003,1.03176,0.0,0.0,0.0,0.0
2018-08-31 04:00:00,2018-08-31 05:00,0.99843,0.0,0.54393,0.003,0.4515,0.0,0.0,0.0,0.0
2018-08-31 05:00:00,2018-08-31 06:00,0.98955,0.0,0.53253,0.003,0.45402,0.0,0.0,0.0,0.0
2018-08-31 06:00:00,2018-08-31 07:00,1.08874,0.0,0.53533,0.003,0.55041,0.0,0.0,0.0,0.0
2018-08-31 07:00:00,2018-08-31 08:00,1.40456,0.0,0.5071,0.35096,0.5465,0.0,0.0,0.0,0.0
2018-08-31 08:00:00,2018-08-31 09:00,1.05207,0.0,0.52835,0.003,0.52072,0.0,0.0,0.0,0.0
2018-08-31 09:00:00,2018-08-31 10:00,1.18754,0.0,0.66005,0.003,0.52449,0.0,0.0,0.0,0.0
2018-08-31 10:00:00,2018-08-31 11:00,1.21829,0.0,0.6965,0.003,0.51879,0.0,0.0,0.0,0.0
2018-08-31 11:00:00,2018-08-31 12:00,1.16421,0.0,0.64464,0.003,0.51657,0.0,0.0,0.0,0.0
2018-08-31 12:00:00,2018-08-31 13:00,1.59987,0.0,0.72744,0.35251,0.51992,0.0,0.0,0.0,0.0
2018-08-31 13:00:00,2018-08-31 14:00,1.39426,0.0,0.84211,0.07487,0.47728,0.0,0.0,0.0,0.0
2018-08-31 14:00:00,2018-08-31 15:00,1.45477,0.0,0.97451,0.003,0.47726,0.0,0.0,0.0,0.0
2018-08-31 15:00:00,2018-08-31 16:00,1.61362,0.0,1.13552,0.003,0.4751,0.0,0.0,0.0,0.0
2018-08-31 16:00:00,2018-08-31 17:00,1.76967,0.0,1.18987,0.003,0.5768,0.0,0.0,0.0,0.0
2018-08-31 17:00:00,2018-08-31 18:00,2.00867,0.0,1.16951,0.003,0.83616,0.08058,0.0,0.0,0.08058
2018-08-31 18:00:00,2018-08-31 19:00,2.2573,0.0,1.15925,0.30956,0.78849,0.0,0.0,0.0,0.0
2018-08-31 19:00:00,2018-08-31 20:00,2.01285,0.0,1.13024,0.003,0.87961,0.0,0.0,0.0,0.0
2018-08-31 20:00:00,2018-08-31 21:00,2.31864,0.0,1.11498,0.003,1.20066,0.0,0.0,0.0,0.0
2018-08-31 21:00:00,2018-08-31 22:00,2.10273,0.0,1.07576,0.003,1.02397,0.0,0.0,0.0,0.0
2018-08-31 22:00:00,2018-08-31 23:00,1.61637,0.0,0.95306,0.003,0.66031,0.0,0.0,0.0,0.0
2018-08-31 23:00:00,2018-09-01 00:00,1.36865,0.0,0.85244,0.003,0.51321,0.0,0.0,0.0,0.0
2018-09-01 00:00:00,2018-09-01 01:00,1.48314,0.0,0.77155,0.23683,0.47476,0.0,0.0,0.0,0.0
2018-09-01 01:00:00,2018-09-01 02:00,1.25467,0.0,0.72619,0.06085,0.46763,0.0,0.0,0.0,0.0
2018-09-01 02:00:00,2018-09-01 03:00,1.15941,0.0,0.69485,0.003,0.46156,0.0,0.0,0.0,0.0
2018-09-01 03:00:00,2018-09-01 04:00,1.12407,0.0,0.66169,0.003,0.45938,0.0,0.0,0.0,0.0
2018-09-01 04:00:00,2018-09-01 05:00,1.08742,0.0,0.63042,0.003,0.454,0.0,0.0,0.0,0.0
2018-09-01 05:00:00,2018-09-01 06:00,1.07397,0.0,0.60823,0.003,0.46274,0.0,0.0,0.0,0.0
2018-09-01 06:00:00,2018-09-01 07:00,1.13972,0.0,0.59979,0.003,0.53693,0.0,0.0,0.0,0.0
2018-09-01 07:00:00,2018-09-01 08:00,1.53443,0.0,0.58614,0.34463,0.60366,0.0,0.0,0.0,0.0
2018-09-01 08:00:00,2018-09-01 09:00,1.29862,0.0,0.59168,0.11665,0.59029,0.0,0.0,0.0,0.0
2018-09-01 09:00:00,2018-09-01 10:00,1.58245,0.0,0.64876,0.31169,0.622,0.0,0.0,0.0,0.0
2018-09-01 10:00:00,2018-09-01 11:00,1.42248,0.0,0.74766,0.003,0.67182,0.0,0.0,0.0,0.0
2018-09-01 11:00:00,2018-09-01 12:00,1.53553,0.0,0.85839,0.003,0.67414,0.0,0.0,0.0,0.0
2018-09-01 12:00:00,2018-09-01 13:00,2.23995,0.0,1.04138,0.44265,0.75592,0.02624,0.0,0.0,0.02624
2018-09-01 13:00:00,2018-09-01 14:00,1.9729,0.0,1.17691,0.003,0.79299,0.0,0.0,0.0,0.0
2018-09-01 14:00:00,2018-09-01 15:00,2.34533,0.0,1.19911,0.34792,0.7983,0.0,0.0,0.0,0.0
2018-09-01 15:00:00,2018-09-01 16:00,2.09045,0.0,1.23565,0.0938,0.761,0.0,0.0,0.0,0.0
2018-09-01 16:00:00,2018-09-01 17:00,2.03394,0.0,1.23005,0.003,0.80089,0.0,0.0,0.0,0.0
2018-09-01 17:00:00,2018-09-01 18:00,2.16249,0.0,1.21053,0.003,0.94896,0.0,0.0,0.0,0.0
2018-09-01 18:00:00,2018-09-01 19:00,2.32102,0.0,1.18905,0.003,1.12897,0.0,0.0,0.0,0.0
2018-09-01 19:00:00,2018-09-01 20:00,2.39725,0.0,1.14707,0.003,1.24718,0.0,0.0,0.0,0.0
2018-09-01 20:00:00,2018-09-01 21:00,2.4452,0.0,1.11094,0.003,1.33126,0.0,0.0,0.0,0.0
2018-09-01 21:00:00,2018-09-01 22:00,2.32645,0.0,1.09974,0.003,1.22371,0.0,0.0,0.0,0.0
2018-09-01 22:00:00,2018-09-01 23:00,1.90367,0.0,1.08348,0.003,0.81719,0.0,0.0,0.0,0.0
2018-09-01 23:00:00,2018-09-02 00:00,1.57583,0.0,1.02579,0.003,0.54704,0.0,0.0,0.0,0.0
2018-09-02 00:00:00,2018-09-02 01:00,1.49093,0.0,0.89244,0.11812,0.48037,0.0,0.0,0.0,0.0
2018-09-02 01:00:00,2018-09-02 02:00,1.44827,0.0,0.81125,0.16943,0.46759,0.0,0.0,0.0,0.0
2018-09-02 02:00:00,2018-09-02 03:00,1.24512,0.0,0.78055,0.003,0.46157,0.0,0.0,0.0,0.0
2018-09-02 03:00:00,2018-09-02 04:00,1.22573,0.0,0.76335,0.003,0.45938,0.0,0.0,0.0,0.0
2018-09-02 04:00:00,2018-09-02 05:00,1.18632,0.0,0.73008,0.003,0.45324,0.0,0.0,0.0,0.0
2018-09-02 05:00:00,2018-09-02 06:00,1.13609,0.0,0.68007,0.003,0.45302,0.0,0.0,0.0,0.0
2018-09-02 06:00:00,2018-09-02 07:00,1.13355,0.0,0.63817,0.003,0.49238,0.0,0.0,0.0,0.0
2018-09-02 07:00:00,2018-09-02 08:00,1.07986,0.0,0.60442,0.003,0.47244,0.0,0.0,0.0,0.0
2018-09-02 08:00:00,2018-09-02 09:00,1.1228,0.0,0.59433,0.003,0.52547,0.0,0.0,0.0,0.0
2018-09-02 09:00:00,2018-09-02 10:00,1.28647,0.0,0.59908,0.003,0.68439,0.0,0.0,0.0,0.0
2018-09-02 10:00:00,2018-09-02 11:00,1.69513,0.0,0.69437,0.23622,0.76454,0.02624,0.0,0.0,0.02624
2018-09-02 11:00:00,2018-09-02 12:00,1.65029,0.0,0.70508,0.20264,0.74257,0.0,0.0,0.0,0.0
2018-09-02 12:00:00,2018-09-02 13:00,1.69303,0.0,0.75435,0.11443,0.82425,0.0,0.0,0.0,0.0
2018-09-02 13:00:00,2018-09-02 14:00,3.35573,0.0,0.94415,0.41714,1.99444,0.0,0.0,0.0,0.0
2018-09-02 14:00:00,2018-09-02 15:00,2.80466,0.0,1.11741,0.003,1.68425,0.0,0.0,0.0,0.0
2018-09-02 15:00:00,2018-09-02 16:00,2.42356,0.0,1.16533,0.45262,0.80561,0.0,0.0,0.0,0.0
2018-09-02 16:00:00,2018-09-02 17:00,2.31635,0.0,1.16608,0.34986,0.80041,0.0,0.0,0.0,0.0
2018-09-02 17:00:00,2018-09-02 18:00,2.00342,0.0,1.14365,0.003,0.85677,0.0,0.0,0.0,0.0
2018-09-02 18:00:00,2018-09-02 19:00,2.11173,0.0,1.12628,0.003,0.98245,0.0,0.0,0.0,0.0
2018-09-02 19:00:00,2018-09-02 20:00,2.09339,0.0,1.03047,0.003,1.05992,0.0,0.0,0.0,0.0
2018-09-02 20:00:00,2018-09-02 21:00,1.96844,0.0,0.93995,0.003,1.02549,0.0,0.0,0.0,0.0
2018-09-02 21:00:00,2018-09-02 22:00,2.03421,0.0,0.87447,0.11683,1.04291,0.0,0.0,0.0,0.0
2018-09-02 22:00:00,2018-09-02 23:00,1.72459,0.0,0.78049,0.22995,0.71415,0.0,0.0,0.0,0.0
2018-09-02 23:00:00,2018-09-03 00:00,1.21611,0.0,0.69964,0.003,0.51347,0.0,0.0,0.0,0.0
2018-09-03 00:00:00,2018-09-03 01:00,1.13442,0.0,0.65243,0.003,0.47899,0.0,0.0,0.0,0.0
2018-09-03 01:00:00,2018-09-03 02:00,1.07789,0.0,0.61111,0.003,0.46378,0.0,0.0,0.0,0.0
2018-09-03 02:00:00,2018-09-03 03:00,1.14917,0.0,0.57577,0.11608,0.45732,0.0,0.0,0.0,0.0
2018-09-03 03:00:00,2018-09-03 04:00,1.2048,0.0,0.5495,0.19716,0.45814,0.0,0.0,0.0,0.0
2018-09-03 04:00:00,2018-09-03 05:00,0.98218,0.0,0.52717,0.003,0.45201,0.0,0.0,0.0,0.0
2018-09-03 05:00:00,2018-09-03 06:00,0.97335,0.0,0.51565,0.003,0.4547,0.0,0.0,0.0,0.0
2018-09-03 06:00:00,2018-09-03 07:00,1.24832,0.0,0.49385,0.22743,0.52704,0.0,0.0,0.0,0.0
2018-09-03 07:00:00,2018-09-03 08:00,1.45307,0.0,0.47275,0.42029,0.56003,0.0,0.0,0.0,0.0
2018-09-03 08:00:00,2018-09-03 09:00,1.02438,0.0,0.47097,0.003,0.55041,0.0,0.0,0.0,0.0
2018-09-03 09:00:00,2018-09-03 10:00,0.94122,0.0,0.46047,0.003,0.47775,0.0,0.0,0.0,0.0
2018-09-03 10:00:00,2018-09-03 11:00,0.97163,0.0,0.49747,0.003,0.47116,0.0,0.0,0.0,0.0
2018-09-03 11:00:00,2018-09-03 12:00,1.0276,0.0,0.55615,0.003,0.46845,0.0,0.0,0.0,0.0
2018-09-03 12:00:00,2018-09-03 13:00,1.09176,0.0,0.61197,0.003,0.47679,0.0,0.0,0.0,0.0
2018-09-03 13:00:00,2018-09-03 14:00,1.40325,0.0,0.6593,0.23341,0.51054,0.0,0.0,0.0,0.0
2018-09-03 14:00:00,2018-09-03 15:00,1.24824,0.0,0.67635,0.08579,0.4861,0.0,0.0,0.0,0.0
2018-09-03 15:00:00,2018-09-03 16:00,1.19614,0.0,0.71752,0.003,0.47562,0.0,0.0,0.0,0.0
2018-09-03 16:00:00,2018-09-03 17:00,1.20658,0.0,0.71432,0.003,0.48926,0.0,0.0,0.0,0.0
2018-09-03 17:00:00,2018-09-03 18:00,1.37732,0.0,0.70646,0.003,0.66786,0.0,0.0,0.0,0.0
2018-09-03 18:00:00,2018-09-03 19:00,1.53795,0.0,0.72631,0.003,0.80864,0.01124,0.0,0.0,0.01124
2018-09-03 19:00:00,2018-09-03 20:00,1.96882,0.0,0.82858,0.23049,0.90975,0.04308,0.0,0.0,0.04308
2018-09-03 20:00:00,2018-09-03 21:00,2.05735,0.0,0.74388,0.20765,1.10582,0.0,0.0,0.0,0.0
2018-09-03 21:00:00,2018-09-03 22:00,1.89964,0.0,0.73103,0.003,1.16561,0.0,0.0,0.0,0.0
2018-09-03 22:00:00,2018-09-03 23:00,1.39559,0.0,0.66738,0.003,0.72521,0.0,0.0,0.0,0.0
2018-09-03 23:00:00,2018-09-04 00:00,1.09196,0.0,0.60608,0.003,0.48288,0.0,0.0,0.0,0.0
2018-09-04 00:00:00,2018-09-04 01:00,1.05093,0.0,0.57711,0.003,0.47082,0.0,0.0,0.0,0.0
2018-09-04 01:00:00,2018-09-04 02:00,1.02869,0.0,0.55933,0.003,0.46636,0.0,0.0,0.0,0.0
2018-09-04 02:00:00,2018-09-04 03:00,1.00285,0.0,0.53953,0.003,0.46032,0.0,0.0,0.0,0.0
2018-09-04 03:00:00,2018-09-04 04:00,0.98549,0.0,0.52436,0.003,0.45813,0.0,0.0,0.0,0.0
2018-09-04 04:00:00,2018-09-04 05:00,1.19997,0.0,0.5094,0.2386,0.45197,0.0,0.0,0.0,0.0
2018-09-04 05:00:00,2018-09-04 06:00,1.03181,0.0,0.51623,0.04349,0.47209,0.01124,0.0,0.0,0.01124
2018-09-04 06:00:00,2018-09-04 07:00,1.25262,0.0,0.6248,0.003,0.62482,0.04308,0.0,0.0,0.04308
2018-09-04 07:00:00,2018-09-04 08:00,1.21871,0.0,0.47457,0.23302,0.51112,0.0,0.0,0.0,0.0
2018-09-04 08:00:00,2018-09-04 09:00,1.36482,0.0,0.47018,0.37071,0.52393,0.0,0.0,0.0,0.0
2018-09-04 09:00:00,2018-09-04 10:00,1.1178,0.0,0.54787,0.003,0.56693,0.02622,0.0,0.0,0.02622
2018-09-04 10:00:00,2018-09-04 11:00,1.14049,0.0,0.503,0.11508,0.52241,0.0,0.0,0.0,0.0
2018-09-04 11:00:00,2018-09-04 12:00,1.40287,0.0,0.53132,0.32546,0.54609,0.0,0.0,0.0,0.0
2018-09-04 12:00:00,2018-09-04 13:00,1.03881,0.0,0.53832,0.003,0.49749,0.0,0.0,0.0,0.0
2018-09-04 13:00:00,2018-09-04 14:00,1.02531,0.0,0.53903,0.003,0.48328,0.0,0.0,0.0,0.0
2018-09-04 14:00:00,2018-09-04 15:00,1.42732,0.0,0.54671,0.34622,0.53439,0.0,0.0,0.0,0.0
2018-09-04 15:00:00,2018-09-04 16:00,1.2309,0.0,0.5465,0.10576,0.57864,0.0,0.0,0.0,0.0
2018-09-04 16:00:00,2018-09-04 17:00,1.1317,0.0,0.54089,0.003,0.58781,0.0,0.0,0.0,0.0
2018-09-04 17:00:00,2018-09-04 18:00,1.0518,0.0,0.52059,0.003,0.52821,0.01124,0.0,0.0,0.01124
2018-09-04 18:00:00,2018-09-04 19:00,2.00114,0.0,0.80399,0.35104,0.84611,0.09744,0.0,0.0,0.09744
2018-09-04 19:00:00,2018-09-04 20:00,1.67758,0.0,0.61603,0.01199,1.04956,0.0,0.0,0.0,0.0
2018-09-04 20:00:00,2018-09-04 21:00,1.80651,0.0,0.6184,0.003,1.18511,0.0,0.0,0.0,0.0
2018-09-04 21:00:00,2018-09-04 22:00,1.64758,0.0,0.58905,0.003,1.05553,0.0,0.0,0.0,0.0
2018-09-04 22:00:00,2018-09-04 23:00,1.13449,0.0,0.51255,0.003,0.61894,0.0,0.0,0.0,0.0
2018-09-04 23:00:00,2018-09-05 00:00,0.96101,0.0,0.46496,0.003,0.49305,0.0,0.0,0.0,0.0
2018-09-05 00:00:00,2018-09-05 01:00,0.90657,0.0,0.43272,0.003,0.47085,0.0,0.0,0.0,0.0
2018-09-05 01:00:00,2018-09-05 02:00,0.88283,0.0,0.41347,0.003,0.46636,0.0,0.0,0.0,0.0
2018-09-05 02:00:00,2018-09-05 03:00,0.86114,0.0,0.39782,0.003,0.46032,0.0,0.0,0.0,0.0
2018-09-05 03:00:00,2018-09-05 04:00,0.84652,0.0,0.38538,0.003,0.45814,0.0,0.0,0.0,0.0
2018-09-05 04:00:00,2018-09-05 05:00,0.95387,0.0,0.38191,0.11953,0.45243,0.0,0.0,0.0,0.0
2018-09-05 05:00:00,2018-09-05 06:00,1.32072,0.0,0.37532,0.48106,0.46434,0.0,0.0,0.0,0.0
2018-09-05 06:00:00,2018-09-05 07:00,1.04199,0.0,0.37419,0.0893,0.5785,0.0,0.0,0.0,0.0
2018-09-05 07:00:00,2018-09-05 08:00,1.41488,0.0,0.34358,0.46483,0.60647,0.0,0.0,0.0,0.0
2018-09-05 08:00:00,2018-09-05 09:00,0.90548,0.0,0.24928,0.08365,0.57255,0.0,0.0,0.0,0.0
2018-09-05 09:00:00,2018-09-05 10:00,1.15765,0.0,0.23266,0.34639,0.5786,0.0,0.0,0.0,0.0
2018-09-05 10:00:00,2018-09-05 11:00,0.94936,0.0,0.24359,0.17565,0.53012,0.0,0.0,0.0,0.0
2018-09-05 11:00:00,2018-09-05 12:00,0.76614,0.0,0.28693,0.003,0.47621,0.0,0.0,0.0,0.0
2018-09-05 12:00:00,2018-09-05 13:00,0.83863,0.0,0.35882,0.003,0.47681,0.0,0.0,0.0,0.0
2018-09-05 13:00:00,2018-09-05 14:00,0.9573,0.0,0.47663,0.003,0.47767,0.0,0.0,0.0,0.0
2018-09-05 14:00:00,2018-09-05 15:00,1.16486,0.0,0.57008,0.003,0.59178,0.0,0.0,0.0,0.0
2018-09-05 15:00:00,2018-09-05 16:00,3.4401,0.0,0.82765,0.11528,2.49717,0.05433,0.0,0.0,0.05433
2018-09-05 16:00:00,2018-09-05 17:00,2.44341,0.0,0.72466,0.43784,1.28091,0.0,0.0,0.0,0.0
2018-09-05 17:00:00,2018-09-05 18:00,1.44911,0.0,0.74087,0.003,0.70524,0.01124,0.0,0.0,0.01124
2018-09-05 18:00:00,2018-09-05 19:00,1.68768,0.0,0.74603,0.003,0.93865,0.01498,0.0,0.0,0.01498
2018-09-05 19:00:00,2018-09-05 20:00,2.09418,0.0,0.61754,0.4637,1.01294,0.0,0.0,0.0,0.0
2018-09-05 20:00:00,2018-09-05 21:00,1.6188,0.0,0.54435,0.03802,1.03643,0.0,0.0,0.0,0.0
2018-09-05 21:00:00,2018-09-05 22:00,1.35816,0.0,0.47599,0.003,0.87917,0.0,0.0,0.0,0.0
2018-09-05 22:00:00,2018-09-05 23:00,0.98833,0.0,0.3996,0.003,0.58573,0.0,0.0,0.0,0.0
2018-09-05 23:00:00,2018-09-06 00:00,0.81228,0.0,0.33256,0.003,0.47672,0.0,0.0,0.0,0.0
2018-09-06 00:00:00,2018-09-06 01:00,0.79237,0.0,0.31854,0.003,0.47083,0.0,0.0,0.0,0.0
2018-09-06 01:00:00,2018-09-06 02:00,0.74911,0.0,0.27975,0.003,0.46636,0.0,0.0,0.0,0.0
2018-09-06 02:00:00,2018-09-06 03:00,0.71256,0.0,0.24924,0.003,0.46032,0.0,0.0,0.0,0.0
2018-09-06 03:00:00,2018-09-06 04:00,0.90556,0.0,0.22353,0.22796,0.45407,0.0,0.0,0.0,0.0
2018-09-06 04:00:00,2018-09-06 05:00,0.85795,0.0,0.19295,0.21302,0.45198,0.0,0.0,0.0,0.0
2018-09-06 05:00:00,2018-09-06 06:00,0.61588,0.0,0.15586,0.003,0.45702,0.0,0.0,0.0,0.0
2018-09-06 06:00:00,2018-09-06 07:00,0.93147,0.0,0.06779,0.34864,0.51504,0.0,0.0,0.0,0.0
2018-09-06 07:00:00,2018-09-06 08:00,0.83143,0.0,0.12484,0.16908,0.53751,0.0,0.0,0.0,0.0
2018-09-06 08:00:00,2018-09-06 09:00,0.68306,0.0,0.16828,0.003,0.51178,0.0,0.0,0.0,0.0
2018-09-06 09:00:00,2018-09-06 10:00,0.99397,0.0,0.23793,0.22793,0.52811,0.0,0.0,0.0,0.0
2018-09-06 10:00:00,2018-09-06 11:00,1.08756,0.0,0.30927,0.25588,0.52241,0.0,0.0,0.0,0.0
2018-09-06 11:00:00,2018-09-06 12:00,0.87777,0.0,0.37267,0.003,0.5021,0.0,0.0,0.0,0.0
2018-09-06 12:00:00,2018-09-06 13:00,0.8988,0.0,0.41899,0.003,0.47681,0.0,0.0,0.0,0.0
2018-09-06 13:00:00,2018-09-06 14:00,0.96465,0.0,0.484,0.003,0.47765,0.0,0.0,0.0,0.0
2018-09-06 14:00:00,2018-09-06 15:00,1.04387,0.0,0.56318,0.003,0.47769,0.0,0.0,0.0,0.0
2018-09-06 15:00:00,2018-09-06 16:00,1.14262,0.0,0.64089,0.003,0.49873,0.0,0.0,0.0,0.0
2018-09-06 16:00:00,2018-09-06 17:00,1.43325,0.0,0.72361,0.11479,0.59485,0.0,0.0,0.0,0.0
2018-09-06 17:00:00,2018-09-06 18:00,1.7142,0.0,0.73237,0.28618,0.69565,0.0,0.0,0.0,0.0
2018-09-06 18:00:00,2018-09-06 19:00,1.60897,0.0,0.70067,0.003,0.9053,0.0,0.0,0.0,0.0
2018-09-06 19:00:00,2018-09-06 20:00,1.75212,0.0,0.67547,0.003,1.07365,0.0,0.0,0.0,0.0
2018-09-06 20:00:00,2018-09-06 21:00,2.16769,0.0,0.63823,0.22525,1.30421,0.0,0.0,0.0,0.0
2018-09-06 21:00:00,2018-09-06 22:00,1.96485,0.0,0.56693,0.20302,1.1949,0.0,0.0,0.0,0.0
2018-09-06 22:00:00,2018-09-06 23:00,1.20457,0.0,0.47214,0.003,0.72943,0.0,0.0,0.0,0.0
2018-09-06 23:00:00,2018-09-07 00:00,1.03677,0.0,0.40254,0.11359,0.52064,0.0,0.0,0.0,0.0
2018-09-07 00:00:00,2018-09-07 01:00,1.09187,0.0,0.32255,0.2971,0.47222,0.0,0.0,0.0,0.0
2018-09-07 01:00:00,2018-09-07 02:00,0.75554,0.0,0.28616,0.003,0.46638,0.0,0.0,0.0,0.0
2018-09-07 02:00:00,2018-09-07 03:00,0.70544,0.0,0.24214,0.003,0.4603,0.0,0.0,0.0,0.0
2018-09-07 03:00:00,2018-09-07 04:00,0.67475,0.0,0.21361,0.003,0.45814,0.0,0.0,0.0,0.0
2018-09-07 04:00:00,2018-09-07 05:00,0.65499,0.0,0.20001,0.003,0.45198,0.0,0.0,0.0,0.0
2018-09-07 05:00:00,2018-09-07 06:00,0.63167,0.0,0.16858,0.003,0.46009,0.0,0.0,0.0,0.0
2018-09-07 06:00:00,2018-09-07 07:00,1.09525,0.0,0.10601,0.44998,0.53926,0.0,0.0,0.0,0.0
2018-09-07 07:00:00,2018-09-07 08:00,1.23977,0.0,0.17875,0.4627,0.59832,0.01124,0.0,0.0,0.01124
2018-09-07 08:00:00,2018-09-07 09:00,1.29491,0.0,0.24349,0.08554,0.96588,0.01498,0.0,0.0,0.01498
2018-09-07 09:00:00,2018-09-07 10:00,3.48699,0.0,0.27291,0.46253,2.75155,0.0,0.0,0.0,0.0
2018-09-07 10:00:00,2018-09-07 11:00,1.13817,0.0,0.35452,0.1073,0.67635,0.0,0.0,0.0,0.0
2018-09-07 11:00:00,2018-09-07 12:00,0.9596,0.0,0.43636,0.003,0.52024,0.0,0.0,0.0,0.0
2018-09-07 12:00:00,2018-09-07 13:00,1.25225,0.0,0.50635,0.2225,0.5234,0.0,0.0,0.0,0.0
2018-09-07 13:00:00,2018-09-07 14:00,1.30774,0.0,0.57119,0.25889,0.47766,0.0,0.0,0.0,0.0
2018-09-07 14:00:00,2018-09-07 15:00,1.11062,0.0,0.62994,0.003,0.47768,0.0,0.0,0.0,0.0
2018-09-07 15:00:00,2018-09-07 16:00,1.16914,0.0,0.69053,0.003,0.47561,0.0,0.0,0.0,0.0
2018-09-07 16:00:00,2018-09-07 17:00,1.25336,0.0,0.76111,0.003,0.48925,0.0,0.0,0.0,0.0
2018-09-07 17:00:00,2018-09-07 18:00,1.26709,0.0,0.75925,0.003,0.50484,0.0,0.0,0.0,0.0
2018-09-07 18:00:00,2018-09-07 19:00,1.72939,0.0,0.83156,0.003,0.89483,0.02622,0.0,0.0,0.02622
2018-09-07 19:00:00,2018-09-07 20:00,1.75066,0.0,0.73471,0.003,1.01295,0.0,0.0,0.0,0.0
2018-09-07 20:00:00,2018-09-07 21:00,1.82216,0.0,0.7021,0.003,1.11706,0.01124,0.0,0.0,0.01124
2018-09-07 21:00:00,2018-09-07 22:00,1.61296,0.0,0.6375,0.003,0.97246,0.01498,0.0,0.0,0.01498
2018-09-07 22:00:00,2018-09-07 23:00,1.47034,0.0,0.51539,0.3694,0.58555,0.0,0.0,0.0,0.0
2018-09-07 23:00:00,2018-09-08 00:00,0.92098,0.0,0.44112,0.003,0.47686,0.0,0.0,0.0,0.0
2018-09-08 00:00:00,2018-09-08 01:00,0.89215,0.0,0.41707,0.003,0.47208,0.0,0.0,0.0,0.0
2018-09-08 01:00:00,2018-09-08 02:00,0.84576,0.0,0.37513,0.003,0.46763,0.0,0.0,0.0,0.0
2018-09-08 02:00:00,2018-09-08 03:00,0.79272,0.0,0.33035,0.003,0.45937,0.0,0.0,0.0,0.0
2018-09-08 03:00:00,2018-09-08 04:00,0.82577,0.0,0.34305,0.003,0.47972,0.02624,0.0,0.0,0.02624
2018-09-08 04:00:00,2018-09-08 05:00,0.72866,0.0,0.27241,0.003,0.45325,0.0,0.0,0.0,0.0
2018-09-08 05:00:00,2018-09-08 06:00,0.701,0.0,0.2446,0.003,0.4534,0.0,0.0,0.0,0.0
2018-09-08 06:00:00,2018-09-08 07:00,1.17097,0.0,0.18669,0.43553,0.54875,0.0,0.0,0.0,0.0
2018-09-08 07:00:00,2018-09-08 08:00,0.84401,0.0,0.22604,0.003,0.61497,0.0,0.0,0.0,0.0
2018-09-08 08:00:00,2018-09-08 09:00,0.93281,0.0,0.26623,0.003,0.66358,0.0,0.0,0.0,0.0
2018-09-08 09:00:00,2018-09-08 10:00,1.403,0.0,0.349,0.34175,0.71225,0.0,0.0,0.0,0.0
2018-09-08 10:00:00,2018-09-08 11:00,1.3934,0.0,0.43388,0.20882,0.7507,0.0,0.0,0.0,0.0
2018-09-08 11:00:00,2018-09-08 12:00,2.49507,0.0,0.52688,0.003,1.96519,0.0,0.0,0.0,0.0
2018-09-08 12:00:00,2018-09-08 13:00,2.97854,0.0,0.62397,0.22785,2.12672,0.0,0.0,0.0,0.0
2018-09-08 13:00:00,2018-09-08 14:00,1.72659,0.0,0.7164,0.191,0.81919,0.02624,0.0,0.0,0.02624
2018-09-08 14:00:00,2018-09-08 15:00,1.57852,0.0,0.75244,0.003,0.82308,0.0,0.0,0.0,0.0
2018-09-08 15:00:00,2018-09-08 16:00,2.03077,0.0,0.78704,0.4613,0.78243,0.0,0.0,0.0,0.0
2018-09-08 16:00:00,2018-09-08 17:00,1.61135,0.0,0.79948,0.01152,0.80035,0.0,0.0,0.0,0.0
2018-09-08 17:00:00,2018-09-08 18:00,1.73145,0.0,0.84549,0.003,0.88296,0.02624,0.0,0.0,0.02624
2018-09-08 18:00:00,2018-09-08 19:00,2.17248,0.0,0.74421,0.44581,0.98246,0.0,0.0,0.0,0.0
2018-09-08 19:00:00,2018-09-08 20:00,1.96395,0.0,0.66706,0.23342,1.06347,0.0,0.0,0.0,0.0
2018-09-08 20:00:00,2018-09-08 21:00,1.6809,0.0,0.60049,0.003,1.07741,0.0,0.0,0.0,0.0
2018-09-08 21:00:00,2018-09-08 22:00,1.796,0.0,0.57001,0.003,1.22299,0.0,0.0,0.0,0.0
2018-09-08 22:00:00,2018-09-08 23:00,1.3173,0.0,0.48571,0.003,0.82859,0.0,0.0,0.0,0.0
2018-09-08 23:00:00,2018-09-09 00:00,0.99073,0.0,0.40742,0.003,0.58031,0.0,0.0,0.0,0.0
2018-09-09 00:00:00,2018-09-09 01:00,0.85813,0.0,0.35798,0.003,0.49715,0.0,0.0,0.0,0.0
2018-09-09 01:00:00,2018-09-09 02:00,1.08906,0.0,0.30636,0.31764,0.46506,0.0,0.0,0.0,0.0
2018-09-09 02:00:00,2018-09-09 03:00,0.72664,0.0,0.26702,0.003,0.45662,0.0,0.0,0.0,0.0
2018-09-09 03:00:00,2018-09-09 04:00,0.69298,0.0,0.23059,0.003,0.45939,0.0,0.0,0.0,0.0
2018-09-09 04:00:00,2018-09-09 05:00,0.67011,0.0,0.21387,0.003,0.45324,0.0,0.0,0.0,0.0
2018-09-09 05:00:00,2018-09-09 06:00,0.66471,0.0,0.19967,0.003,0.46204,0.0,0.0,0.0,0.0
2018-09-09 06:00:00,2018-09-09 07:00,0.73902,0.0,0.18488,0.003,0.55114,0.02624,0.0,0.0,0.02624
2018-09-09 07:00:00,2018-09-09 08:00,0.71287,0.0,0.19014,0.003,0.51973,0.0,0.0,0.0,0.0
2018-09-09 08:00:00,2018-09-09 09:00,0.77331,0.0,0.22063,0.003,0.54968,0.0,0.0,0.0,0.0
2018-09-09 09:00:00,2018-09-09 10:00,1.11518,0.0,0.27808,0.23269,0.60441,0.0,0.0,0.0,0.0
2018-09-09 10:00:00,2018-09-09 11:00,1.38196,0.0,0.37031,0.38832,0.62333,0.0,0.0,0.0,0.0
2018-09-09 11:00:00,2018-09-09 12:00,1.17434,0.0,0.46308,0.003,0.70826,0.0,0.0,0.0,0.0
2018-09-09 12:00:00,2018-09-09 13:00,1.26546,0.0,0.53278,0.003,0.72968,0.0,0.0,0.0,0.0
2018-09-09 13:00:00,2018-09-09 14:00,1.5189,0.0,0.61189,0.11409,0.79292,0.0,0.0,0.0,0.0
2018-09-09 14:00:00,2018-09-09 15:00,1.78466,0.0,0.67269,0.2889,0.82307,0.0,0.0,0.0,0.0
2018-09-09 15:00:00,2018-09-09 16:00,1.59336,0.0,0.73476,0.003,0.8556,0.0,0.0,0.0,0.0
2018-09-09 16:00:00,2018-09-09 17:00,1.81436,0.0,0.79683,0.11366,0.90387,0.0,0.0,0.0,0.0
2018-09-09 17:00:00,2018-09-09 18:00,1.91782,0.0,0.76922,0.29982,0.84878,0.0,0.0,0.0,0.0
2018-09-09 18:00:00,2018-09-09 19:00,1.69053,0.0,0.70507,0.003,0.98246,0.0,0.0,0.0,0.0
2018-09-09 19:00:00,2018-09-09 20:00,1.71955,0.0,0.64966,0.003,1.06689,0.0,0.0,0.0,0.0
2018-09-09 20:00:00,2018-09-09 21:00,1.98216,0.0,0.58262,0.22578,1.17376,0.0,0.0,0.0,0.0
2018-09-09 21:00:00,2018-09-09 22:00,1.7781,0.0,0.51605,0.18818,1.07387,0.0,0.0,0.0,0.0
2018-09-09 22:00:00,2018-09-09 23:00,1.18324,0.0,0.45427,0.003,0.72597,0.0,0.0,0.0,0.0
2018-09-09 23:00:00,2018-09-10 00:00,0.92021,0.0,0.36674,0.003,0.55047,0.0,0.0,0.0,0.0
2018-09-10 00:00:00,2018-09-10 01:00,0.76052,0.0,0.27854,0.003,0.47898,0.0,0.0,0.0,0.0
2018-09-10 01:00:00,2018-09-10 02:00,0.72632,0.0,0.25775,0.003,0.46557,0.0,0.0,0.0,0.0
2018-09-10 02:00:00,2018-09-10 03:00,0.69514,0.0,0.23181,0.003,0.46033,0.0,0.0,0.0,0.0
2018-09-10 03:00:00,2018-09-10 04:00,0.66069,0.0,0.20428,0.003,0.45341,0.0,0.0,0.0,0.0
2018-09-10 04:00:00,2018-09-10 05:00,0.61212,0.0,0.16264,0.003,0.44648,0.0,0.0,0.0,0.0
2018-09-10 05:00:00,2018-09-10 06:00,0.82317,0.0,0.13359,0.23077,0.45881,0.0,0.0,0.0,0.0
2018-09-10 06:00:00,2018-09-10 07:00,0.82049,0.0,0.06102,0.23676,0.52271,0.0,0.0,0.0,0.0
2018-09-10 07:00:00,2018-09-10 08:00,0.77631,0.0,0.11376,0.1153,0.54725,0.0,0.0,0.0,0.0
2018-09-10 08:00:00,2018-09-10 09:00,1.0421,0.0,0.17246,0.31905,0.55059,0.0,0.0,0.0,0.0
2018-09-10 09:00:00,2018-09-10 10:00,0.77998,0.0,0.2489,0.003,0.52808,0.0,0.0,0.0,0.0
2018-09-10 10:00:00,2018-09-10 11:00,0.88707,0.0,0.36167,0.003,0.5224,0.0,0.0,0.0,0.0
2018-09-10 11:00:00,2018-09-10 12:00,1.33257,0.0,0.46996,0.3424,0.52021,0.0,0.0,0.0,0.0
2018-09-10 12:00:00,2018-09-10 13:00,1.5979,0.0,0.57863,0.46447,0.5548,0.0,0.0,0.0,0.0
2018-09-10 13:00:00,2018-09-10 14:00,1.28573,0.0,0.7039,0.04949,0.53234,0.0,0.0,0.0,0.0
2018-09-10 14:00:00,2018-09-10 15:00,1.56643,0.0,0.96839,0.003,0.59504,0.05433,0.0,0.0,0.05433
2018-09-10 15:00:00,2018-09-10 16:00,1.95742,0.0,0.90534,0.44053,0.61155,0.0,0.0,0.0,0.0
2018-09-10 16:00:00,2018-09-10 17:00,1.63253,0.0,0.90782,0.003,0.72171,0.0,0.0,0.0,0.0
2018-09-10 17:00:00,2018-09-10 18:00,1.83345,0.0,0.92908,0.11339,0.79098,0.0,0.0,0.0,0.0
2018-09-10 18:00:00,2018-09-10 19:00,2.27928,0.0,1.03303,0.25513,0.99112,0.06745,0.0,0.0,0.06745
2018-09-10 19:00:00,2018-09-10 20:00,2.13649,0.0,1.03014,0.003,1.10335,0.06745,0.0,0.0,0.06745
2018-09-10 20:00:00,2018-09-10 21:00,3.93238,0.0,0.84037,0.003,3.08901,0.0,0.0,0.0,0.0
2018-09-10 21:00:00,2018-09-10 22:00,3.80797,0.0,0.7751,0.003,3.02987,0.0,0.0,0.0,0.0
2018-09-10 22:00:00,2018-09-10 23:00,1.72593,0.0,0.65906,0.003,1.06387,0.0,0.0,0.0,0.0
2018-09-10 23:00:00,2018-09-11 00:00,1.03295,0.0,0.55322,0.003,0.47673,0.0,0.0,0.0,0.0
2018-09-11 00:00:00,2018-09-11 01:00,1.34081,0.0,0.5467,0.32328,0.47083,0.0,0.0,0.0,0.0
2018-09-11 01:00:00,2018-09-11 02:00,0.96983,0.0,0.50047,0.003,0.46636,0.0,0.0,0.0,0.0
2018-09-11 02:00:00,2018-09-11 03:00,0.92365,0.0,0.46033,0.003,0.46032,0.0,0.0,0.0,0.0
2018-09-11 03:00:00,2018-09-11 04:00,0.89416,0.0,0.433,0.003,0.45816,0.0,0.0,0.0,0.0
2018-09-11 04:00:00,2018-09-11 05:00,0.84757,0.0,0.39257,0.003,0.452,0.0,0.0,0.0,0.0
2018-09-11 05:00:00,2018-09-11 06:00,1.0591,0.0,0.36949,0.23146,0.45815,0.0,0.0,0.0,0.0
2018-09-11 06:00:00,2018-09-11 07:00,1.18489,0.0,0.33775,0.32443,0.52271,0.0,0.0,0.0,0.0
2018-09-11 07:00:00,2018-09-11 08:00,0.91961,0.0,0.36936,0.003,0.54725,0.0,0.0,0.0,0.0
2018-09-11 08:00:00,2018-09-11 09:00,1.44144,0.0,0.40675,0.45485,0.57984,0.0,0.0,0.0,0.0
2018-09-11 09:00:00,2018-09-11 10:00,1.17068,0.0,0.51545,0.10691,0.54832,0.0,0.0,0.0,0.0
2018-09-11 10:00:00,2018-09-11 11:00,1.12468,0.0,0.62485,0.003,0.49683,0.0,0.0,0.0,0.0
2018-09-11 11:00:00,2018-09-11 12:00,1.27822,0.0,0.7602,0.003,0.51502,0.0,0.0,0.0,0.0
2018-09-11 12:00:00,2018-09-11 13:00,1.47953,0.0,0.96833,0.003,0.5082,0.0,0.0,0.0,0.0
2018-09-11 13:00:00,2018-09-11 14:00,1.63055,0.0,1.10079,0.003,0.52676,0.0,0.0,0.0,0.0
2018-09-11 14:00:00,2018-09-11 15:00,2.01636,0.0,1.14638,0.3517,0.51828,0.0,0.0,0.0,0.0
2018-09-11 15:00:00,2018-09-11 16:00,1.89773,0.0,1.18287,0.09547,0.61939,0.0,0.0,0.0,0.0
2018-09-11 16:00:00,2018-09-11 17:00,2.03911,0.0,1.17614,0.22766,0.63531,0.0,0.0,0.0,0.0
2018-09-11 17:00:00,2018-09-11 18:00,2.20496,0.0,1.16257,0.46503,0.57736,0.0,0.0,0.0,0.0
2018-09-11 18:00:00,2018-09-11 19:00,2.06884,0.0,1.14035,0.06156,0.86693,0.02622,0.0,0.0,0.02622
2018-09-11 19:00:00,2018-09-11 20:00,1.98433,0.0,1.11441,0.003,0.86692,0.0,0.0,0.0,0.0
2018-09-11 20:00:00,2018-09-11 21:00,2.5135,0.0,1.06176,0.2269,1.22484,0.0,0.0,0.0,0.0
2018-09-11 21:00:00,2018-09-11 22:00,2.20914,0.0,0.95553,0.26674,0.98687,0.0,0.0,0.0,0.0
2018-09-11 22:00:00,2018-09-11 23:00,1.50881,0.0,0.86135,0.003,0.64446,0.0,0.0,0.0,0.0
2018-09-11 23:00:00,2018-09-12 00:00,1.25797,0.0,0.77825,0.003,0.47672,0.0,0.0,0.0,0.0
2018-09-12 00:00:00,2018-09-12 01:00,1.19076,0.0,0.71692,0.003,0.47084,0.0,0.0,0.0,0.0
2018-09-12 01:00:00,2018-09-12 02:00,1.12519,0.0,0.65584,0.003,0.46635,0.0,0.0,0.0,0.0
2018-09-12 02:00:00,2018-09-12 03:00,1.07454,0.0,0.61124,0.003,0.4603,0.0,0.0,0.0,0.0
2018-09-12 03:00:00,2018-09-12 04:00,1.04643,0.0,0.5853,0.003,0.45813,0.0,0.0,0.0,0.0
2018-09-12 04:00:00,2018-09-12 05:00,1.00911,0.0,0.55413,0.003,0.45198,0.0,0.0,0.0,0.0
2018-09-12 05:00:00,2018-09-12 06:00,1.14174,0.0,0.55243,0.11799,0.47132,0.01124,0.0,0.0,0.01124
2018-09-12 06:00:00,2018-09-12 07:00,1.59905,0.0,0.61472,0.34746,0.63687,0.04308,0.0,0.0,0.04308
2018-09-12 07:00:00,2018-09-12 08:00,1.60413,0.0,0.54384,0.4269,0.63339,0.0,0.0,0.0,0.0
2018-09-12 08:00:00,2018-09-12 09:00,1.37607,0.0,0.5707,0.23054,0.57483,0.0,0.0,0.0,0.0
2018-09-12 09:00:00,2018-09-12 10:00,1.36262,0.0,0.63063,0.20389,0.5281,0.0,0.0,0.0,0.0
2018-09-12 10:00:00,2018-09-12 11:00,1.23402,0.0,0.73938,0.003,0.49164,0.0,0.0,0.0,0.0
2018-09-12 11:00:00,2018-09-12 12:00,1.34604,0.0,0.87457,0.003,0.46847,0.0,0.0,0.0,0.0
2018-09-12 12:00:00,2018-09-12 13:00,1.49383,0.0,1.01402,0.003,0.47681,0.0,0.0,0.0,0.0
2018-09-12 13:00:00,2018-09-12 14:00,1.58031,0.0,1.09963,0.003,0.47768,0.0,0.0,0.0,0.0
2018-09-12 14:00:00,2018-09-12 15:00,1.67204,0.0,1.17732,0.003,0.49172,0.0,0.0,0.0,0.0
2018-09-12 15:00:00,2018-09-12 16:00,1.68885,0.0,1.20267,0.003,0.48318,0.0,0.0,0.0,0.0
2018-09-12 16:00:00,2018-09-12 17:00,2.23419,0.0,1.19319,0.46479,0.57621,0.0,0.0,0.0,0.0
2018-09-12 17:00:00,2018-09-12 18:00,2.00418,0.0,1.18022,0.10149,0.72247,0.02622,0.0,0.0,0.02622
2018-09-12 18:00:00,2018-09-12 19:00,2.03802,0.0,1.15947,0.003,0.87555,0.0,0.0,0.0,0.0
2018-09-12 19:00:00,2018-09-12 20:00,2.12603,0.0,1.10952,0.003,1.01351,0.0,0.0,0.0,0.0
2018-09-12 20:00:00,2018-09-12 21:00,2.22948,0.0,1.07072,0.003,1.15576,0.0,0.0,0.0,0.0
2018-09-12 21:00:00,2018-09-12 22:00,2.35131,0.0,0.97878,0.42675,0.94578,0.0,0.0,0.0,0.0
2018-09-12 22:00:00,2018-09-12 23:00,1.43741,0.0,0.83718,0.003,0.59723,0.0,0.0,0.0,0.0
2018-09-12 23:00:00,2018-09-13 00:00,1.2336,0.0,0.75388,0.003,0.47672,0.0,0.0,0.0,0.0
2018-09-13 00:00:00,2018-09-13 01:00,1.14749,0.0,0.67366,0.003,0.47083,0.0,0.0,0.0,0.0
2018-09-13 01:00:00,2018-09-13 02:00,1.07726,0.0,0.60966,0.003,0.4646,0.0,0.0,0.0,0.0
2018-09-13 02:00:00,2018-09-13 03:00,1.01117,0.0,0.55086,0.003,0.45731,0.0,0.0,0.0,0.0
2018-09-13 03:00:00,2018-09-13 04:00,0.97166,0.0,0.51052,0.003,0.45814,0.0,0.0,0.0,0.0
2018-09-13 04:00:00,2018-09-13 05:00,0.92783,0.0,0.47285,0.003,0.45198,0.0,0.0,0.0,0.0
2018-09-13 05:00:00,2018-09-13 06:00,1.00007,0.0,0.42951,0.11586,0.4547,0.0,0.0,0.0,0.0
2018-09-13 06:00:00,2018-09-13 07:00,1.4111,0.0,0.40213,0.47095,0.53802,0.0,0.0,0.0,0.0
2018-09-13 07:00:00,2018-09-13 08:00,1.01992,0.0,0.41319,0.05195,0.55478,0.0,0.0,0.0,0.0
2018-09-13 08:00:00,2018-09-13 09:00,0.9129,0.0,0.43482,0.003,0.47508,0.0,0.0,0.0,0.0
2018-09-13 09:00:00,2018-09-13 10:00,1.0358,0.0,0.54995,0.003,0.48285,0.0,0.0,0.0,0.0
2018-09-13 10:00:00,2018-09-13 11:00,1.50819,0.0,0.6803,0.32342,0.50447,0.0,0.0,0.0,0.0
2018-09-13 11:00:00,2018-09-13 12:00,1.32208,0.0,0.85064,0.003,0.46844,0.0,0.0,0.0,0.0
2018-09-13 12:00:00,2018-09-13 13:00,1.49545,0.0,1.01564,0.003,0.47681,0.0,0.0,0.0,0.0
2018-09-13 13:00:00,2018-09-13 14:00,1.62218,0.0,1.1359,0.003,0.48328,0.0,0.0,0.0,0.0
2018-09-13 14:00:00,2018-09-13 15:00,1.72703,0.0,1.1958,0.003,0.52823,0.0,0.0,0.0,0.0
2018-09-13 15:00:00,2018-09-13 16:00,1.68941,0.0,1.20306,0.003,0.48335,0.0,0.0,0.0,0.0
2018-09-13 16:00:00,2018-09-13 17:00,2.12419,0.0,1.21197,0.34507,0.56715,0.0,0.0,0.0,0.0
2018-09-13 17:00:00,2018-09-13 18:00,2.00332,0.0,1.21002,0.19247,0.60083,0.0,0.0,0.0,0.0
2018-09-13 18:00:00,2018-09-13 19:00,1.93181,0.0,1.17939,0.003,0.74942,0.0,0.0,0.0,0.0
2018-09-13 19:00:00,2018-09-13 20:00,2.21612,0.0,1.14024,0.003,1.07288,0.0,0.0,0.0,0.0
2018-09-13 20:00:00,2018-09-13 21:00,2.99287,0.0,1.10939,0.35077,1.53271,0.0,0.0,0.0,0.0
2018-09-13 21:00:00,2018-09-13 22:00,3.74634,0.0,1.09214,0.04743,2.60677,0.0,0.0,0.0,0.0
2018-09-13 22:00:00,2018-09-13 23:00,3.08363,0.0,1.08794,0.003,1.99269,0.0,0.0,0.0,0.0
2018-09-13 23:00:00,2018-09-14 00:00,1.42906,0.0,0.91165,0.003,0.51441,0.0,0.0,0.0,0.0
2018-09-14 00:00:00,2018-09-14 01:00,1.53402,0.0,0.82865,0.2264,0.47897,0.0,0.0,0.0,0.0
2018-09-14 01:00:00,2018-09-14 02:00,1.53452,0.0,0.76049,0.30796,0.46607,0.0,0.0,0.0,0.0
2018-09-14 02:00:00,2018-09-14 03:00,1.17024,0.0,0.70692,0.003,0.46032,0.0,0.0,0.0,0.0
2018-09-14 03:00:00,2018-09-14 04:00,1.17199,0.0,0.70029,0.003,0.4687,0.01124,0.0,0.0,0.01124
2018-09-14 04:00:00,2018-09-14 05:00,1.27123,0.0,0.77867,0.003,0.48956,0.04308,0.0,0.0,0.04308
2018-09-14 05:00:00,2018-09-14 06:00,1.46606,0.0,0.66026,0.34698,0.45882,0.0,0.0,0.0,0.0
2018-09-14 06:00:00,2018-09-14 07:00,1.39877,0.0,0.64002,0.23172,0.52703,0.0,0.0,0.0,0.0
2018-09-14 07:00:00,2018-09-14 08:00,1.39306,0.0,0.61679,0.22598,0.55029,0.0,0.0,0.0,0.0
2018-09-14 08:00:00,2018-09-14 09:00,1.32225,0.0,0.59342,0.24872,0.48011,0.0,0.0,0.0,0.0
2018-09-14 09:00:00,2018-09-14 10:00,1.15946,0.0,0.62838,0.003,0.52808,0.0,0.0,0.0,0.0
2018-09-14 10:00:00,2018-09-14 11:00,1.17218,0.0,0.69034,0.003,0.47884,0.0,0.0,0.0,0.0
2018-09-14 11:00:00,2018-09-14 12:00,1.21859,0.0,0.74713,0.003,0.46846,0.0,0.0,0.0,0.0
2018-09-14 12:00:00,2018-09-14 13:00,1.31158,0.0,0.83179,0.003,0.47679,0.0,0.0,0.0,0.0
2018-09-14 13:00:00,2018-09-14 14:00,1.48503,0.0,1.00435,0.003,0.47768,0.0,0.0,0.0,0.0
2018-09-14 14:00:00,2018-09-14 15:00,1.62077,0.0,1.14009,0.003,0.47768,0.0,0.0,0.0,0.0
2018-09-14 15:00:00,2018-09-14 16:00,1.83073,0.0,1.22908,0.11851,0.48314,0.0,0.0,0.0,0.0
2018-09-14 16:00:00,2018-09-14 17:00,2.03329,0.0,1.22739,0.22025,0.58565,0.0,0.0,0.0,0.0
2018-09-14 17:00:00,2018-09-14 18:00,1.91102,0.0,1.22589,0.003,0.68213,0.0,0.0,0.0,0.0
2018-09-14 18:00:00,2018-09-14 19:00,2.37502,0.0,1.20526,0.34122,0.82854,0.0,0.0,0.0,0.0
2018-09-14 19:00:00,2018-09-14 20:00,2.18052,0.0,1.16557,0.003,1.01195,0.0,0.0,0.0,0.0
2018-09-14 20:00:00,2018-09-14 21:00,3.26036,0.0,1.12691,0.11524,2.01821,0.0,0.0,0.0,0.0
2018-09-14 21:00:00,2018-09-14 22:00,3.56799,0.0,1.10474,0.20878,2.25447,0.0,0.0,0.0,0.0
2018-09-14 22:00:00,2018-09-14 23:00,1.52078,0.0,1.02631,0.003,0.49147,0.0,0.0,0.0,0.0
2018-09-14 23:00:00,2018-09-15 00:00,1.40374,0.0,0.92387,0.003,0.47687,0.0,0.0,0.0,0.0
2018-09-15 00:00:00,2018-09-15 01:00,1.33333,0.0,0.85826,0.003,0.47207,0.0,0.0,0.0,0.0
2018-09-15 01:00:00,2018-09-15 02:00,1.29081,0.0,0.8202,0.003,0.46761,0.0,0.0,0.0,0.0
2018-09-15 02:00:00,2018-09-15 03:00,1.24208,0.0,0.77752,0.003,0.46156,0.0,0.0,0.0,0.0
2018-09-15 03:00:00,2018-09-15 04:00,1.21217,0.0,0.75167,0.003,0.4575,0.0,0.0,0.0,0.0
2018-09-15 04:00:00,2018-09-15 05:00,1.42391,0.0,0.73713,0.23692,0.44986,0.0,0.0,0.0,0.0
2018-09-15 05:00:00,2018-09-15 06:00,1.19426,0.0,0.67898,0.06156,0.45372,0.0,0.0,0.0,0.0
2018-09-15 06:00:00,2018-09-15 07:00,1.16355,0.0,0.65645,0.003,0.5041,0.0,0.0,0.0,0.0
2018-09-15 07:00:00,2018-09-15 08:00,1.17577,0.0,0.65221,0.003,0.52056,0.0,0.0,0.0,0.0
2018-09-15 08:00:00,2018-09-15 09:00,1.43884,0.0,0.73201,0.11654,0.59029,0.0,0.0,0.0,0.0
2018-09-15 09:00:00,2018-09-15 10:00,1.77272,0.0,0.86859,0.22126,0.68287,0.0,0.0,0.0,0.0
2018-09-15 10:00:00,2018-09-15 11:00,3.41683,0.0,1.14007,0.003,2.27376,0.02624,0.0,0.0,0.02624
2018-09-15 11:00:00,2018-09-15 12:00,1.98635,0.0,1.24056,0.003,0.74279,0.0,0.0,0.0,0.0
2018-09-15 12:00:00,2018-09-15 13:00,2.52333,0.0,1.29306,0.46646,0.76381,0.0,0.0,0.0,0.0
2018-09-15 13:00:00,2018-09-15 14:00,2.11825,0.0,1.32145,0.003,0.7938,0.0,0.0,0.0,0.0
2018-09-15 14:00:00,2018-09-15 15:00,2.49076,0.0,1.31898,0.34734,0.82444,0.0,0.0,0.0,0.0
2018-09-15 15:00:00,2018-09-15 16:00,2.33926,0.0,1.32349,0.13234,0.88343,0.02624,0.0,0.0,0.02624
2018-09-15 16:00:00,2018-09-15 17:00,2.22996,0.0,1.32103,0.003,0.90593,0.0,0.0,0.0,0.0
2018-09-15 17:00:00,2018-09-15 18:00,2.34659,0.0,1.30612,0.11493,0.92554,0.0,0.0,0.0,0.0
2018-09-15 18:00:00,2018-09-15 19:00,4.06162,0.0,1.27359,0.43435,2.35368,0.0,0.0,0.0,0.0
2018-09-15 19:00:00,2018-09-15 20:00,3.83051,0.0,1.21509,0.003,2.61242,0.0,0.0,0.0,0.0
2018-09-15 20:00:00,2018-09-15 21:00,2.61089,0.0,1.16463,0.11359,1.33267,0.0,0.0,0.0,0.0
2018-09-15 21:00:00,2018-09-15 22:00,2.68212,0.0,1.14215,0.39981,1.14016,0.0,0.0,0.0,0.0
2018-09-15 22:00:00,2018-09-15 23:00,1.83832,0.0,1.13622,0.003,0.6991,0.0,0.0,0.0,0.0
2018-09-15 23:00:00,2018-09-16 00:00,1.66135,0.0,1.13425,0.003,0.5241,0.0,0.0,0.0,0.0
2018-09-16 00:00:00,2018-09-16 01:00,1.60885,0.0,1.12432,0.003,0.48153,0.0,0.0,0.0,0.0
2018-09-16 01:00:00,2018-09-16 02:00,1.57858,0.0,1.10953,0.003,0.46605,0.0,0.0,0.0,0.0
2018-09-16 02:00:00,2018-09-16 03:00,1.55378,0.0,1.09585,0.003,0.45493,0.0,0.0,0.0,0.0
2018-09-16 03:00:00,2018-09-16 04:00,1.77608,0.0,1.08916,0.23323,0.45369,0.0,0.0,0.0,0.0
2018-09-16 04:00:00,2018-09-16 05:00,1.47413,0.0,0.9254,0.09548,0.45325,0.0,0.0,0.0,0.0
2018-09-16 05:00:00,2018-09-16 06:00,1.30484,0.0,0.84883,0.003,0.45301,0.0,0.0,0.0,0.0
2018-09-16 06:00:00,2018-09-16 07:00,1.64858,0.0,1.0029,0.003,0.64268,0.08619,0.0,0.0,0.08619
2018-09-16 07:00:00,2018-09-16 08:00,1.81487,0.0,0.94826,0.22909,0.63752,0.02248,0.0,0.0,0.02248
2018-09-16 08:00:00,2018-09-16 09:00,1.8979,0.0,0.89101,0.35976,0.64713,0.0,0.0,0.0,0.0
2018-09-16 09:00:00,2018-09-16 10:00,1.70287,0.0,1.01548,0.003,0.68439,0.0,0.0,0.0,0.0
2018-09-16 10:00:00,2018-09-16 11:00,1.88203,0.0,1.17537,0.003,0.70366,0.0,0.0,0.0,0.0
2018-09-16 11:00:00,2018-09-16 12:00,2.34374,0.0,1.22925,0.4391,0.67539,0.0,0.0,0.0,0.0
2018-09-16 12:00:00,2018-09-16 13:00,2.13566,0.0,1.25617,0.1156,0.76389,0.0,0.0,0.0,0.0
2018-09-16 13:00:00,2018-09-16 14:00,2.30699,0.0,1.26332,0.27218,0.77149,0.0,0.0,0.0,0.0
2018-09-16 14:00:00,2018-09-16 15:00,2.17974,0.0,1.27507,0.003,0.90167,0.0,0.0,0.0,0.0
2018-09-16 15:00:00,2018-09-16 16:00,3.8468,0.0,1.2827,0.003,2.5611,0.0,0.0,0.0,0.0
2018-09-16 16:00:00,2018-09-16 17:00,3.55122,0.0,1.28435,0.003,2.26387,0.02998,0.0,0.0,0.02998
2018-09-16 17:00:00,2018-09-16 18:00,2.64134,0.0,1.27599,0.34537,1.01998,0.07869,0.0,0.0,0.07869
2018-09-16 18:00:00,2018-09-16 19:00,2.23181,0.0,1.24265,0.003,0.98616,0.0,0.0,0.0,0.0
2018-09-16 19:00:00,2018-09-16 20:00,2.31633,0.0,1.19219,0.003,1.12114,0.0,0.0,0.0,0.0
2018-09-16 20:00:00,2018-09-16 21:00,2.49143,0.0,1.15587,0.003,1.33256,0.0,0.0,0.0,0.0
2018-09-16 21:00:00,2018-09-16 22:00,2.37344,0.0,1.14531,0.003,1.22513,0.0,0.0,0.0,0.0
2018-09-16 22:00:00,2018-09-16 23:00,2.4045,0.0,1.12873,0.39615,0.87962,0.0,0.0,0.0,0.0
2018-09-16 23:00:00,2018-09-17 00:00,1.6511,0.0,1.10926,0.003,0.53884,0.0,0.0,0.0,0.0
2018-09-17 00:00:00,2018-09-17 01:00,1.57963,0.0,1.08744,0.003,0.48919,0.0,0.0,0.0,0.0
2018-09-17 01:00:00,2018-09-17 02:00,1.54517,0.0,1.07604,0.003,0.46613,0.0,0.0,0.0,0.0
2018-09-17 02:00:00,2018-09-17 03:00,1.52925,0.0,1.07312,0.003,0.45313,0.0,0.0,0.0,0.0
2018-09-17 03:00:00,2018-09-17 04:00,1.7881,0.0,1.02379,0.31464,0.44967,0.0,0.0,0.0,0.0
2018-09-17 04:00:00,2018-09-17 05:00,1.49647,0.0,0.91509,0.003,0.57838,0.0,0.0,0.0,0.0
2018-09-17 05:00:00,2018-09-17 06:00,3.37164,0.0,0.91382,0.11315,2.34467,0.01124,0.0,0.0,0.01124
2018-09-17 06:00:00,2018-09-17 07:00,3.61479,0.0,0.91668,0.45496,2.24315,0.01498,0.0,0.0,0.01498
2018-09-17 07:00:00,2018-09-17 08:00,1.82803,0.0,0.9492,0.18281,0.69602,0.06745,0.0,0.0,0.06745
2018-09-17 08:00:00,2018-09-17 09:00,1.60314,0.0,0.98936,0.003,0.61078,0.06745,0.0,0.0,0.06745
2018-09-17 09:00:00,2018-09-17 10:00,1.3355,0.0,0.8472,0.003,0.4853,0.0,0.0,0.0,0.0
2018-09-17 10:00:00,2018-09-17 11:00,1.37022,0.0,0.89606,0.003,0.47116,0.0,0.0,0.0,0.0
2018-09-17 11:00:00,2018-09-17 12:00,1.42663,0.0,0.95517,0.003,0.46846,0.0,0.0,0.0,0.0
2018-09-17 12:00:00,2018-09-17 13:00,1.41467,0.0,0.93487,0.003,0.4768,0.0,0.0,0.0,0.0
2018-09-17 13:00:00,2018-09-17 14:00,1.2433,0.0,0.76263,0.003,0.47767,0.0,0.0,0.0,0.0
2018-09-17 14:00:00,2018-09-17 15:00,1.29922,0.0,0.52943,0.29211,0.47768,0.0,0.0,0.0,0.0
2018-09-17 15:00:00,2018-09-17 16:00,1.0744,0.0,0.51796,0.003,0.55344,0.0,0.0,0.0,0.0
2018-09-17 16:00:00,2018-09-17 17:00,1.17649,0.0,0.52914,0.003,0.64435,0.0,0.0,0.0,0.0
2018-09-17 17:00:00,2018-09-17 18:00,1.34229,0.0,0.55295,0.11657,0.67277,0.01124,0.0,0.0,0.01124
2018-09-17 18:00:00,2018-09-17 19:00,1.73303,0.0,0.58867,0.2219,0.92246,0.01498,0.0,0.0,0.01498
2018-09-17 19:00:00,2018-09-17 20:00,1.54779,0.0,0.57598,0.003,0.96881,0.0,0.0,0.0,0.0
2018-09-17 20:00:00,2018-09-17 21:00,1.4388,0.0,0.52936,0.003,0.90644,0.0,0.0,0.0,0.0
2018-09-17 21:00:00,2018-09-17 22:00,1.30116,0.0,0.47983,0.003,0.81833,0.0,0.0,0.0,0.0
2018-09-17 22:00:00,2018-09-17 23:00,1.28333,0.0,0.45265,0.23343,0.59725,0.0,0.0,0.0,0.0
2018-09-17 23:00:00,2018-09-18 00:00,1.00327,0.0,0.42558,0.10095,0.47674,0.0,0.0,0.0,0.0
2018-09-18 00:00:00,2018-09-18 01:00,0.91085,0.0,0.43701,0.003,0.47084,0.0,0.0,0.0,0.0
2018-09-18 01:00:00,2018-09-18 02:00,0.88119,0.0,0.41182,0.003,0.46637,0.0,0.0,0.0,0.0
2018-09-18 02:00:00,2018-09-18 03:00,0.85197,0.0,0.38865,0.003,0.46032,0.0,0.0,0.0,0.0
2018-09-18 03:00:00,2018-09-18 04:00,0.82917,0.0,0.37333,0.003,0.45284,0.0,0.0,0.0,0.0
2018-09-18 04:00:00,2018-09-18 05:00,1.12296,0.0,0.42498,0.23032,0.46766,0.02622,0.0,0.0,0.02622
2018-09-18 05:00:00,2018-09-18 06:00,1.12982,0.0,0.35609,0.30746,0.46627,0.0,0.0,0.0,0.0
2018-09-18 06:00:00,2018-09-18 07:00,1.0088,0.0,0.34215,0.11537,0.55128,0.0,0.0,0.0,0.0
2018-09-18 07:00:00,2018-09-18 08:00,1.32382,0.0,0.3434,0.44061,0.53981,0.0,0.0,0.0,0.0
2018-09-18 08:00:00,2018-09-18 09:00,1.28419,0.0,0.32949,0.003,0.9517,0.0,0.0,0.0,0.0
2018-09-18 09:00:00,2018-09-18 10:00,3.03004,0.0,0.30816,0.003,2.71888,0.0,0.0,0.0,0.0
2018-09-18 10:00:00,2018-09-18 11:00,1.13226,0.0,0.33494,0.11575,0.68157,0.0,0.0,0.0,0.0
2018-09-18 11:00:00,2018-09-18 12:00,1.12242,0.0,0.34401,0.21143,0.56698,0.0,0.0,0.0,0.0
2018-09-18 12:00:00,2018-09-18 13:00,0.84279,0.0,0.34228,0.003,0.49751,0.0,0.0,0.0,0.0
2018-09-18 13:00:00,2018-09-18 14:00,0.86586,0.0,0.3852,0.003,0.47766,0.0,0.0,0.0,0.0
2018-09-18 14:00:00,2018-09-18 15:00,0.89031,0.0,0.40962,0.003,0.47769,0.0,0.0,0.0,0.0
2018-09-18 15:00:00,2018-09-18 16:00,0.88681,0.0,0.4082,0.003,0.47561,0.0,0.0,0.0,0.0
2018-09-18 16:00:00,2018-09-18 17:00,1.20678,0.0,0.41903,0.23239,0.55536,0.0,0.0,0.0,0.0
2018-09-18 17:00:00,2018-09-18 18:00,1.12388,0.0,0.41751,0.10626,0.60011,0.0,0.0,0.0,0.0
2018-09-18 18:00:00,2018-09-18 19:00,1.21107,0.0,0.41261,0.003,0.79546,0.0,0.0,0.0,0.0
2018-09-18 19:00:00,2018-09-18 20:00,1.65153,0.0,0.58125,0.003,1.06728,0.05433,0.0,0.0,0.05433
2018-09-18 20:00:00,2018-09-18 21:00,1.5884,0.0,0.47959,0.003,1.10581,0.0,0.0,0.0,0.0
2018-09-18 21:00:00,2018-09-18 22:00,1.52027,0.0,0.44987,0.003,1.0674,0.0,0.0,0.0,0.0
2018-09-18 22:00:00,2018-09-18 23:00,1.45149,0.0,0.39831,0.38702,0.66616,0.0,0.0,0.0,0.0
2018-09-18 23:00:00,2018-09-19 00:00,0.88107,0.0,0.36368,0.003,0.51439,0.0,0.0,0.0,0.0
2018-09-19 00:00:00,2018-09-19 01:00,0.77275,0.0,0.29753,0.003,0.47222,0.0,0.0,0.0,0.0
2018-09-19 01:00:00,2018-09-19 02:00,0.76504,0.0,0.29567,0.003,0.46637,0.0,0.0,0.0,0.0
2018-09-19 02:00:00,2018-09-19 03:00,0.74424,0.0,0.28092,0.003,0.46032,0.0,0.0,0.0,0.0
2018-09-19 03:00:00,2018-09-19 04:00,0.7284,0.0,0.26726,0.003,0.45814,0.0,0.0,0.0,0.0
2018-09-19 04:00:00,2018-09-19 05:00,0.95115,0.0,0.2663,0.23519,0.44966,0.0,0.0,0.0,0.0
2018-09-19 05:00:00,2018-09-19 06:00,1.05637,0.0,0.251,0.33908,0.46629,0.0,0.0,0.0,0.0
2018-09-19 06:00:00,2018-09-19 07:00,0.89691,0.0,0.21949,0.1142,0.56322,0.0,0.0,0.0,0.0
2018-09-19 07:00:00,2018-09-19 08:00,1.37881,0.0,0.2619,0.46764,0.64927,0.0,0.0,0.0,0.0
2018-09-19 08:00:00,2018-09-19 09:00,0.95126,0.0,0.23838,0.10131,0.61157,0.0,0.0,0.0,0.0
2018-09-19 09:00:00,2018-09-19 10:00,0.75768,0.0,0.17609,0.003,0.57859,0.0,0.0,0.0,0.0
2018-09-19 10:00:00,2018-09-19 11:00,0.83227,0.0,0.11459,0.2311,0.48658,0.0,0.0,0.0,0.0
2018-09-19 11:00:00,2018-09-19 12:00,0.67962,0.0,0.11174,0.09943,0.46845,0.0,0.0,0.0,0.0
2018-09-19 12:00:00,2018-09-19 13:00,0.62767,0.0,0.14787,0.003,0.4768,0.0,0.0,0.0,0.0
2018-09-19 13:00:00,2018-09-19 14:00,0.63715,0.0,0.15648,0.003,0.47767,0.0,0.0,0.0,0.0
2018-09-19 14:00:00,2018-09-19 15:00,0.66189,0.0,0.18119,0.003,0.4777,0.0,0.0,0.0,0.0
2018-09-19 15:00:00,2018-09-19 16:00,1.08515,0.0,0.4715,0.003,0.61065,0.08058,0.0,0.0,0.08058
2018-09-19 16:00:00,2018-09-19 17:00,0.84685,0.0,0.27702,0.003,0.56683,0.0,0.0,0.0,0.0
2018-09-19 17:00:00,2018-09-19 18:00,1.28026,0.0,0.31927,0.30236,0.65863,0.0,0.0,0.0,0.0
2018-09-19 18:00:00,2018-09-19 19:00,1.21971,0.0,0.33305,0.003,0.88366,0.03935,0.0,0.0,0.03935
2018-09-19 19:00:00,2018-09-19 20:00,1.45702,0.0,0.39984,0.003,1.05418,0.04123,0.0,0.0,0.04123
2018-09-19 20:00:00,2018-09-19 21:00,1.52212,0.0,0.2943,0.003,1.22482,0.0,0.0,0.0,0.0
2018-09-19 21:00:00,2018-09-19 22:00,1.50189,0.0,0.26678,0.003,1.23211,0.0,0.0,0.0,0.0
2018-09-19 22:00:00,2018-09-19 23:00,0.85786,0.0,0.21022,0.003,0.64464,0.0,0.0,0.0,0.0
2018-09-19 23:00:00,2018-09-20 00:00,0.64151,0.0,0.16179,0.003,0.47672,0.0,0.0,0.0,0.0
2018-09-20 00:00:00,2018-09-20 01:00,0.66986,0.0,0.19604,0.003,0.47082,0.0,0.0,0.0,0.0
2018-09-20 01:00:00,2018-09-20 02:00,0.64784,0.0,0.1785,0.003,0.46634,0.0,0.0,0.0,0.0
2018-09-20 02:00:00,2018-09-20 03:00,0.63037,0.0,0.16705,0.003,0.46032,0.0,0.0,0.0,0.0
2018-09-20 03:00:00,2018-09-20 04:00,0.63533,0.0,0.17421,0.003,0.45812,0.0,0.0,0.0,0.0
2018-09-20 04:00:00,2018-09-20 05:00,0.92225,0.0,0.1978,0.26078,0.46367,0.01124,0.0,0.0,0.01124
2018-09-20 05:00:00,2018-09-20 06:00,0.72389,0.0,0.23279,0.003,0.4881,0.02622,0.0,0.0,0.02622
2018-09-20 06:00:00,2018-09-20 07:00,1.0951,0.0,0.18044,0.35409,0.56057,0.01498,0.0,0.0,0.01498
2018-09-20 07:00:00,2018-09-20 08:00,0.68988,0.0,0.15495,0.01004,0.52489,0.0,0.0,0.0,0.0
2018-09-20 08:00:00,2018-09-20 09:00,0.76256,0.0,0.13196,0.1166,0.514,0.0,0.0,0.0,0.0
2018-09-20 09:00:00,2018-09-20 10:00,0.83174,0.0,0.12143,0.21487,0.49544,0.0,0.0,0.0,0.0
2018-09-20 10:00:00,2018-09-20 11:00,0.89692,0.0,0.14533,0.22919,0.5224,0.0,0.0,0.0,0.0
2018-09-20 11:00:00,2018-09-20 12:00,0.8473,0.0,0.15072,0.20741,0.48917,0.0,0.0,0.0,0.0
2018-09-20 12:00:00,2018-09-20 13:00,0.63795,0.0,0.15814,0.003,0.47681,0.0,0.0,0.0,0.0
2018-09-20 13:00:00,2018-09-20 14:00,0.6472,0.0,0.16652,0.003,0.47768,0.0,0.0,0.0,0.0
2018-09-20 14:00:00,2018-09-20 15:00,0.65907,0.0,0.17839,0.003,0.47768,0.0,0.0,0.0,0.0
2018-09-20 15:00:00,2018-09-20 16:00,0.74849,0.0,0.20778,0.003,0.53771,0.0,0.0,0.0,0.0
2018-09-20 16:00:00,2018-09-20 17:00,0.99181,0.0,0.31824,0.003,0.67057,0.02622,0.0,0.0,0.02622
2018-09-20 17:00:00,2018-09-20 18:00,1.20885,0.0,0.27879,0.23438,0.69568,0.0,0.0,0.0,0.0
2018-09-20 18:00:00,2018-09-20 19:00,1.3314,0.0,0.27779,0.25623,0.79738,0.0,0.0,0.0,0.0
2018-09-20 19:00:00,2018-09-20 20:00,1.32367,0.0,0.38707,0.003,0.9336,0.02622,0.0,0.0,0.02622
2018-09-20 20:00:00,2018-09-20 21:00,1.50187,0.0,0.37338,0.003,1.12549,0.0,0.0,0.0,0.0
2018-09-20 21:00:00,2018-09-20 22:00,1.70969,0.0,0.39784,0.11696,1.19489,0.0,0.0,0.0,0.0
2018-09-20 22:00:00,2018-09-20 23:00,1.33236,0.0,0.34345,0.25949,0.72942,0.0,0.0,0.0,0.0
2018-09-20 23:00:00,2018-09-21 00:00,0.86677,0.0,0.31224,0.003,0.55153,0.0,0.0,0.0,0.0
2018-09-21 00:00:00,2018-09-21 01:00,0.69838,0.0,0.21642,0.003,0.47896,0.0,0.0,0.0,0.0
2018-09-21 01:00:00,2018-09-21 02:00,0.54853,0.0,0.08175,0.003,0.46378,0.0,0.0,0.0,0.0
2018-09-21 02:00:00,2018-09-21 03:00,0.50733,0.0,0.04701,0.003,0.45732,0.0,0.0,0.0,0.0
2018-09-21 03:00:00,2018-09-21 04:00,0.48019,0.0,0.01907,0.003,0.45812,0.0,0.0,0.0,0.0
2018-09-21 04:00:00,2018-09-21 05:00,0.45496,0.0,0.0,0.003,0.45196,0.0,0.0,0.0,0.0
2018-09-21 05:00:00,2018-09-21 06:00,0.45464,0.0,0.0,0.003,0.45164,0.0,0.0,0.0,0.0
2018-09-21 06:00:00,2018-09-21 07:00,0.7401,0.0,0.0,0.23739,0.50271,0.0,0.0,0.0,0.0
2018-09-21 07:00:00,2018-09-21 08:00,0.6107,0.0,0.0,0.09594,0.51476,0.0,0.0,0.0,0.0
2018-09-21 08:00:00,2018-09-21 09:00,0.51423,0.0,0.0,0.003,0.51123,0.0,0.0,0.0,0.0
2018-09-21 09:00:00,2018-09-21 10:00,0.88001,0.0,0.0,0.35256,0.52745,0.0,0.0,0.0,0.0
2018-09-21 10:00:00,2018-09-21 11:00,0.5976,0.0,0.0,0.08891,0.50869,0.0,0.0,0.0,0.0
2018-09-21 11:00:00,2018-09-21 12:00,0.5076,0.0,0.0,0.003,0.5046,0.01124,0.0,0.0,0.01124
2018-09-21 12:00:00,2018-09-21 13:00,0.54595,0.0,0.0,0.003,0.54295,0.01498,0.0,0.0,0.01498
2018-09-21 13:00:00,2018-09-21 14:00,0.48801,0.0,0.0,0.003,0.48501,0.0,0.0,0.0,0.0
2018-09-21 14:00:00,2018-09-21 15:00,0.47979,0.0,0.0,0.003,0.47679,0.0,0.0,0.0,0.0
2018-09-21 15:00:00,2018-09-21 16:00,0.48554,0.0,0.0,0.003,0.48254,0.0,0.0,0.0,0.0
2018-09-21 16:00:00,2018-09-21 17:00,1.06354,0.0,0.10688,0.33569,0.62097,0.05433,0.0,0.0,0.05433
2018-09-21 17:00:00,2018-09-21 18:00,0.63564,0.0,0.03256,0.003,0.60008,0.0,0.0,0.0,0.0
2018-09-21 18:00:00,2018-09-21 19:00,0.74391,0.0,0.04193,0.003,0.69898,0.01124,0.0,0.0,0.01124
2018-09-21 19:00:00,2018-09-21 20:00,1.61059,0.0,0.14775,0.45922,1.00362,0.01498,0.0,0.0,0.01498
2018-09-21 20:00:00,2018-09-21 21:00,1.20025,0.0,0.09144,0.003,1.10581,0.0,0.0,0.0,0.0
2018-09-21 21:00:00,2018-09-21 22:00,1.12611,0.0,0.06756,0.003,1.05555,0.0,0.0,0.0,0.0
2018-09-21 22:00:00,2018-09-21 23:00,0.73096,0.0,0.05,0.003,0.67796,0.0,0.0,0.0,0.0
2018-09-21 23:00:00,2018-09-22 00:00,0.56743,0.0,0.05,0.003,0.51443,0.0,0.0,0.0,0.0
2018-09-22 00:00:00,2018-09-22 01:00,0.53002,0.0,0.05,0.003,0.47702,0.0,0.0,0.0,0.0
2018-09-22 01:00:00,2018-09-22 02:00,0.82823,0.0,0.05,0.31129,0.46694,0.0,0.0,0.0,0.0
2018-09-22 02:00:00,2018-09-22 03:00,0.53786,0.0,0.05,0.003,0.48486,0.02624,0.0,0.0,0.02624
2018-09-22 03:00:00,2018-09-22 04:00,0.50566,0.0,0.05,0.003,0.45266,0.0,0.0,0.0,0.0
2018-09-22 04:00:00,2018-09-22 05:00,0.50516,0.0,0.05,0.003,0.45216,0.0,0.0,0.0,0.0
2018-09-22 05:00:00,2018-09-22 06:00,0.50452,0.0,0.05,0.003,0.45152,0.0,0.0,0.0,0.0
2018-09-22 06:00:00,2018-09-22 07:00,0.55499,0.0,0.05,0.003,0.50199,0.0,0.0,0.0,0.0
2018-09-22 07:00:00,2018-09-22 08:00,0.72081,0.0,0.05,0.11609,0.55472,0.0,0.0,0.0,0.0
2018-09-22 08:00:00,2018-09-22 09:00,0.91708,0.0,0.0375,0.2283,0.65128,0.02998,0.0,0.0,0.02998
2018-09-22 09:00:00,2018-09-22 10:00,0.81041,0.0,0.0,0.003,0.80741,0.07869,0.0,0.0,0.07869
2018-09-22 10:00:00,2018-09-22 11:00,1.89169,0.0,0.0,0.003,1.88869,0.0,0.0,0.0,0.0
2018-09-22 11:00:00,2018-09-22 12:00,2.86484,0.0,0.0,0.003,2.86184,0.0,0.0,0.0,0.0
2018-09-22 12:00:00,2018-09-22 13:00,1.36614,0.0,0.01633,0.40742,0.94239,0.0,0.0,0.0,0.0
2018-09-22 13:00:00,2018-09-22 14:00,0.96931,0.0,0.17337,0.003,0.79294,0.0,0.0,0.0,0.0
2018-09-22 14:00:00,2018-09-22 15:00,1.20201,0.0,0.26488,0.11407,0.82306,0.0,0.0,0.0,0.0
2018-09-22 15:00:00,2018-09-22 16:00,1.53834,0.0,0.34404,0.34035,0.85395,0.0,0.0,0.0,0.0
2018-09-22 16:00:00,2018-09-22 17:00,1.18977,0.0,0.38644,0.003,0.80033,0.0,0.0,0.0,0.0
2018-09-22 17:00:00,2018-09-22 18:00,1.1892,0.0,0.36546,0.003,0.82074,0.0,0.0,0.0,0.0
2018-09-22 18:00:00,2018-09-22 19:00,1.26125,0.0,0.30949,0.11475,0.83701,0.0,0.0,0.0,0.0
2018-09-22 19:00:00,2018-09-22 20:00,1.45016,0.0,0.28313,0.28661,0.88042,0.0,0.0,0.0,0.0
2018-09-22 20:00:00,2018-09-22 21:00,1.16747,0.0,0.2439,0.003,0.92057,0.0,0.0,0.0,0.0
2018-09-22 21:00:00,2018-09-22 22:00,1.08077,0.0,0.21445,0.003,0.86332,0.0,0.0,0.0,0.0
2018-09-22 22:00:00,2018-09-22 23:00,0.85814,0.0,0.1698,0.003,0.68534,0.0,0.0,0.0,0.0
2018-09-22 23:00:00,2018-09-23 00:00,0.64951,0.0,0.1315,0.003,0.51501,0.0,0.0,0.0,0.0
2018-09-23 00:00:00,2018-09-23 01:00,0.61065,0.0,0.11898,0.003,0.48867,0.0,0.0,0.0,0.0
2018-09-23 01:00:00,2018-09-23 02:00,0.78768,0.0,0.09013,0.2325,0.46505,0.0,0.0,0.0,0.0
2018-09-23 02:00:00,2018-09-23 03:00,0.6304,0.0,0.07403,0.10197,0.4544,0.0,0.0,0.0,0.0
2018-09-23 03:00:00,2018-09-23 04:00,0.50792,0.0,0.05143,0.003,0.45349,0.0,0.0,0.0,0.0
2018-09-23 04:00:00,2018-09-23 05:00,0.478,0.0,0.02175,0.003,0.45325,0.0,0.0,0.0,0.0
2018-09-23 05:00:00,2018-09-23 06:00,0.45752,0.0,0.00152,0.003,0.453,0.0,0.0,0.0,0.0
2018-09-23 06:00:00,2018-09-23 07:00,0.50782,0.0,0.0,0.003,0.50482,0.0,0.0,0.0,0.0
2018-09-23 07:00:00,2018-09-23 08:00,0.94885,0.0,0.0,0.34447,0.60438,0.0,0.0,0.0,0.0
2018-09-23 08:00:00,2018-09-23 09:00,0.85672,0.0,0.04341,0.1662,0.64711,0.0,0.0,0.0,0.0
2018-09-23 09:00:00,2018-09-23 10:00,0.7496,0.0,0.11381,0.003,0.63279,0.0,0.0,0.0,0.0
2018-09-23 10:00:00,2018-09-23 11:00,1.11434,0.0,0.19173,0.34772,0.57489,0.0,0.0,0.0,0.0
2018-09-23 11:00:00,2018-09-23 12:00,1.10521,0.0,0.31179,0.05841,0.73501,0.0,0.0,0.0,0.0
2018-09-23 12:00:00,2018-09-23 13:00,2.93926,0.0,0.44639,0.11452,2.37835,0.0,0.0,0.0,0.0
2018-09-23 13:00:00,2018-09-23 14:00,2.5508,0.0,0.5361,0.45256,1.56214,0.0,0.0,0.0,0.0
2018-09-23 14:00:00,2018-09-23 15:00,1.4557,0.0,0.62962,0.003,0.82308,0.0,0.0,0.0,0.0
2018-09-23 15:00:00,2018-09-23 16:00,1.49976,0.0,0.71433,0.003,0.78243,0.0,0.0,0.0,0.0
2018-09-23 16:00:00,2018-09-23 17:00,1.70715,0.0,0.76415,0.11324,0.82976,0.0,0.0,0.0,0.0
2018-09-23 17:00:00,2018-09-23 18:00,2.05236,0.0,0.79355,0.25899,0.99982,0.02624,0.0,0.0,0.02624
2018-09-23 18:00:00,2018-09-23 19:00,1.81739,0.0,0.68653,0.003,1.12786,0.0,0.0,0.0,0.0
2018-09-23 19:00:00,2018-09-23 20:00,1.88673,0.0,0.63756,0.003,1.24617,0.0,0.0,0.0,0.0
2018-09-23 20:00:00,2018-09-23 21:00,1.94041,0.0,0.60691,0.003,1.3305,0.0,0.0,0.0,0.0
2018-09-23 21:00:00,2018-09-23 22:00,1.72272,0.0,0.52972,0.003,1.19,0.0,0.0,0.0,0.0
2018-09-23 22:00:00,2018-09-23 23:00,1.57628,0.0,0.42266,0.39681,0.75681,0.0,0.0,0.0,0.0
2018-09-23 23:00:00,2018-09-24 00:00,0.89976,0.0,0.34732,0.003,0.54944,0.0,0.0,0.0,0.0
2018-09-24 00:00:00,2018-09-24 01:00,0.72115,0.0,0.23503,0.003,0.48312,0.0,0.0,0.0,0.0
2018-09-24 01:00:00,2018-09-24 02:00,0.69751,0.0,0.22813,0.003,0.46638,0.0,0.0,0.0,0.0
2018-09-24 02:00:00,2018-09-24 03:00,0.9847,0.0,0.20154,0.32285,0.46031,0.0,0.0,0.0,0.0
2018-09-24 03:00:00,2018-09-24 04:00,0.60792,0.0,0.14677,0.003,0.45815,0.0,0.0,0.0,0.0
2018-09-24 04:00:00,2018-09-24 05:00,0.56128,0.0,0.10628,0.003,0.452,0.0,0.0,0.0,0.0
2018-09-24 05:00:00,2018-09-24 06:00,0.5595,0.0,0.08752,0.003,0.46898,0.01124,0.0,0.0,0.01124
2018-09-24 06:00:00,2018-09-24 07:00,0.98588,0.0,0.22724,0.11424,0.6444,0.09744,0.0,0.0,0.09744
2018-09-24 07:00:00,2018-09-24 08:00,1.0557,0.0,0.06147,0.46598,0.52825,0.0,0.0,0.0,0.0
2018-09-24 08:00:00,2018-09-24 09:00,0.57879,0.0,0.08749,0.0112,0.4801,0.0,0.0,0.0,0.0
2018-09-24 09:00:00,2018-09-24 10:00,0.63992,0.0,0.1265,0.003,0.51042,0.0,0.0,0.0,0.0
2018-09-24 10:00:00,2018-09-24 11:00,0.64979,0.0,0.17564,0.003,0.47115,0.0,0.0,0.0,0.0
2018-09-24 11:00:00,2018-09-24 12:00,0.80311,0.0,0.33165,0.003,0.46846,0.0,0.0,0.0,0.0
2018-09-24 12:00:00,2018-09-24 13:00,0.91218,0.0,0.43236,0.003,0.47682,0.0,0.0,0.0,0.0
2018-09-24 13:00:00,2018-09-24 14:00,1.30057,0.0,0.51548,0.30742,0.47767,0.0,0.0,0.0,0.0
2018-09-24 14:00:00,2018-09-24 15:00,1.0518,0.0,0.57111,0.003,0.47769,0.0,0.0,0.0,0.0
2018-09-24 15:00:00,2018-09-24 16:00,1.06496,0.0,0.58633,0.003,0.47563,0.0,0.0,0.0,0.0
2018-09-24 16:00:00,2018-09-24 17:00,1.12221,0.0,0.58285,0.003,0.53636,0.0,0.0,0.0,0.0
2018-09-24 17:00:00,2018-09-24 18:00,1.62911,0.0,0.59811,0.34919,0.68181,0.0,0.0,0.0,0.0
2018-09-24 18:00:00,2018-09-24 19:00,1.91754,0.0,0.82512,0.09155,1.00087,0.09556,0.0,0.0,0.09556
2018-09-24 19:00:00,2018-09-24 20:00,1.65025,0.0,0.56048,0.003,1.08677,0.01312,0.0,0.0,0.01312
2018-09-24 20:00:00,2018-09-24 21:00,2.27923,0.0,0.51192,0.46309,1.30422,0.0,0.0,0.0,0.0
2018-09-24 21:00:00,2018-09-24 22:00,1.77065,0.0,0.46117,0.06549,1.24399,0.0,0.0,0.0,0.0
2018-09-24 22:00:00,2018-09-24 23:00,1.1896,0.0,0.3689,0.003,0.8177,0.0,0.0,0.0,0.0
2018-09-24 23:00:00,2018-09-25 00:00,0.84837,0.0,0.29297,0.003,0.5524,0.0,0.0,0.0,0.0
2018-09-25 00:00:00,2018-09-25 01:00,0.78766,0.0,0.29674,0.003,0.48792,0.0,0.0,0.0,0.0
2018-09-25 01:00:00,2018-09-25 02:00,0.72139,0.0,0.25203,0.003,0.46636,0.0,0.0,0.0,0.0
2018-09-25 02:00:00,2018-09-25 03:00,0.66491,0.0,0.2016,0.003,0.46031,0.0,0.0,0.0,0.0
2018-09-25 03:00:00,2018-09-25 04:00,0.61105,0.0,0.14993,0.003,0.45812,0.0,0.0,0.0,0.0
2018-09-25 04:00:00,2018-09-25 05:00,0.55566,0.0,0.10025,0.003,0.45241,0.0,0.0,0.0,0.0
2018-09-25 05:00:00,2018-09-25 06:00,0.97065,0.0,0.07663,0.43521,0.45881,0.0,0.0,0.0,0.0
2018-09-25 06:00:00,2018-09-25 07:00,0.64585,0.0,0.00483,0.11398,0.52704,0.0,0.0,0.0,0.0
2018-09-25 07:00:00,2018-09-25 08:00,0.8722,0.0,0.0,0.36591,0.50629,0.0,0.0,0.0,0.0
2018-09-25 08:00:00,2018-09-25 09:00,0.478,0.0,0.0,0.003,0.475,0.0,0.0,0.0,0.0
2018-09-25 09:00:00,2018-09-25 10:00,0.48057,0.0,0.0,0.003,0.47757,0.0,0.0,0.0,0.0
2018-09-25 10:00:00,2018-09-25 11:00,0.47381,0.0,0.0,0.003,0.47081,0.0,0.0,0.0,0.0
2018-09-25 11:00:00,2018-09-25 12:00,0.47108,0.0,0.0,0.003,0.46808,0.0,0.0,0.0,0.0
2018-09-25 12:00:00,2018-09-25 13:00,0.47944,0.0,0.0,0.003,0.47644,0.0,0.0,0.0,0.0
2018-09-25 13:00:00,2018-09-25 14:00,0.48028,0.0,0.0,0.003,0.47728,0.0,0.0,0.0,0.0
2018-09-25 14:00:00,2018-09-25 15:00,0.48021,0.0,0.0,0.003,0.47721,0.0,0.0,0.0,0.0
2018-09-25 15:00:00,2018-09-25 16:00,0.51693,0.0,0.0,0.003,0.51393,0.0,0.0,0.0,0.0
2018-09-25 16:00:00,2018-09-25 17:00,0.79032,0.0,0.0,0.23319,0.55713,0.0,0.0,0.0,0.0
2018-09-25 17:00:00,2018-09-25 18:00,0.66643,0.0,0.0,0.12672,0.53971,0.0,0.0,0.0,0.0
2018-09-25 18:00:00,2018-09-25 19:00,0.67416,0.0,0.0,0.003,0.67116,0.0,0.0,0.0,0.0
2018-09-25 19:00:00,2018-09-25 20:00,0.76457,0.0,0.0,0.003,0.76157,0.0,0.0,0.0,0.0
2018-09-25 20:00:00,2018-09-25 21:00,1.27454,0.0,0.0,0.34806,0.92648,0.0,0.0,0.0,0.0
2018-09-25 21:00:00,2018-09-25 22:00,0.89786,0.0,0.05,0.07874,0.76912,0.0,0.0,0.0,0.0
2018-09-25 22:00:00,2018-09-25 23:00,0.66529,0.0,0.05,0.003,0.61229,0.01124,0.0,0.0,0.01124
2018-09-25 23:00:00,2018-09-26 00:00,0.6103,0.0,0.05,0.003,0.5573,0.04308,0.0,0.0,0.04308
2018-09-26 00:00:00,2018-09-26 01:00,0.53155,0.0,0.05,0.003,0.47855,0.0,0.0,0.0,0.0
2018-09-26 01:00:00,2018-09-26 02:00,0.50354,0.0,0.0375,0.003,0.46304,0.0,0.0,0.0,0.0
2018-09-26 02:00:00,2018-09-26 03:00,0.84127,0.0,0.0,0.38841,0.45286,0.0,0.0,0.0,0.0
2018-09-26 03:00:00,2018-09-26 04:00,0.46023,0.0,0.0,0.003,0.45723,0.0,0.0,0.0,0.0
2018-09-26 04:00:00,2018-09-26 05:00,0.50396,0.0,0.05,0.003,0.45096,0.0,0.0,0.0,0.0
2018-09-26 05:00:00,2018-09-26 06:00,0.50993,0.0,0.05,0.003,0.45693,0.0,0.0,0.0,0.0
2018-09-26 06:00:00,2018-09-26 07:00,0.80359,0.0,0.05,0.22856,0.52503,0.0,0.0,0.0,0.0
2018-09-26 07:00:00,2018-09-26 08:00,0.87388,0.0,0.05,0.27101,0.55287,0.0,0.0,0.0,0.0
2018-09-26 08:00:00,2018-09-26 09:00,0.79831,0.0,0.05,0.22621,0.5221,0.0,0.0,0.0,0.0
2018-09-26 09:00:00,2018-09-26 10:00,0.74964,0.0,0.0375,0.1858,0.52634,0.0,0.0,0.0,0.0
2018-09-26 10:00:00,2018-09-26 11:00,0.51835,0.0,0.0,0.003,0.51535,0.0,0.0,0.0,0.0
2018-09-26 11:00:00,2018-09-26 12:00,0.47,0.0,0.0,0.003,0.467,0.0,0.0,0.0,0.0
2018-09-26 12:00:00,2018-09-26 13:00,0.47864,0.0,0.0,0.003,0.47564,0.0,0.0,0.0,0.0
2018-09-26 13:00:00,2018-09-26 14:00,0.47992,0.0,0.0,0.003,0.47692,0.0,0.0,0.0,0.0
2018-09-26 14:00:00,2018-09-26 15:00,0.48017,0.0,0.0,0.003,0.47717,0.0,0.0,0.0,0.0
2018-09-26 15:00:00,2018-09-26 16:00,0.50149,0.0,0.0,0.003,0.49849,0.0,0.0,0.0,0.0
2018-09-26 16:00:00,2018-09-26 17:00,2.11683,0.0,0.13227,0.003,1.98156,0.0,0.0,0.0,0.0
2018-09-26 17:00:00,2018-09-26 18:00,3.48374,0.0,0.20223,0.34833,2.93318,0.02622,0.0,0.0,0.02622
2018-09-26 18:00:00,2018-09-26 19:00,2.55268,0.0,0.1018,0.09752,2.35336,0.0,0.0,0.0,0.0
2018-09-26 19:00:00,2018-09-26 20:00,0.95817,0.0,0.10843,0.003,0.84674,0.0,0.0,0.0,0.0
2018-09-26 20:00:00,2018-09-26 21:00,1.76303,0.0,0.22574,0.34444,1.19285,0.06745,0.0,0.0,0.06745
2018-09-26 21:00:00,2018-09-26 22:00,1.03956,0.0,0.12678,0.003,0.90978,0.01312,0.0,0.0,0.01312
2018-09-26 22:00:00,2018-09-26 23:00,0.6463,0.0,0.04603,0.003,0.59727,0.0,0.0,0.0,0.0
2018-09-26 23:00:00,2018-09-27 00:00,0.49004,0.0,0.01032,0.003,0.47672,0.0,0.0,0.0,0.0
2018-09-27 00:00:00,2018-09-27 01:00,0.53179,0.0,0.05797,0.003,0.47082,0.0,0.0,0.0,0.0
2018-09-27 01:00:00,2018-09-27 02:00,0.51858,0.0,0.04923,0.003,0.46635,0.0,0.0,0.0,0.0
2018-09-27 02:00:00,2018-09-27 03:00,0.50361,0.0,0.0403,0.003,0.46031,0.0,0.0,0.0,0.0
2018-09-27 03:00:00,2018-09-27 04:00,0.48751,0.0,0.02637,0.003,0.45814,0.0,0.0,0.0,0.0
2018-09-27 04:00:00,2018-09-27 05:00,0.48477,0.0,0.02979,0.003,0.45198,0.0,0.0,0.0,0.0
2018-09-27 05:00:00,2018-09-27 06:00,0.71073,0.0,0.01728,0.23212,0.46133,0.0,0.0,0.0,0.0
2018-09-27 06:00:00,2018-09-27 07:00,0.77256,0.0,0.0,0.2333,0.53926,0.0,0.0,0.0,0.0
2018-09-27 07:00:00,2018-09-27 08:00,0.74443,0.0,0.0,0.22265,0.52178,0.0,0.0,0.0,0.0
2018-09-27 08:00:00,2018-09-27 09:00,0.81381,0.0,0.0,0.29516,0.51865,0.0,0.0,0.0,0.0
2018-09-27 09:00:00,2018-09-27 10:00,0.48048,0.0,0.0,0.003,0.47748,0.0,0.0,0.0,0.0
2018-09-27 10:00:00,2018-09-27 11:00,0.4738,0.0,0.0,0.003,0.4708,0.0,0.0,0.0,0.0
2018-09-27 11:00:00,2018-09-27 12:00,0.47115,0.0,0.0,0.003,0.46815,0.0,0.0,0.0,0.0
2018-09-27 12:00:00,2018-09-27 13:00,0.47958,0.0,0.0,0.003,0.47658,0.0,0.0,0.0,0.0
2018-09-27 13:00:00,2018-09-27 14:00,0.48055,0.0,0.0,0.003,0.47755,0.0,0.0,0.0,0.0
2018-09-27 14:00:00,2018-09-27 15:00,0.52001,0.0,0.03933,0.003,0.47768,0.0,0.0,0.0,0.0
2018-09-27 15:00:00,2018-09-27 16:00,0.57379,0.0,0.04881,0.003,0.52198,0.0,0.0,0.0,0.0
2018-09-27 16:00:00,2018-09-27 17:00,1.0608,0.0,0.06846,0.348,0.64434,0.0,0.0,0.0,0.0
2018-09-27 17:00:00,2018-09-27 18:00,1.16051,0.0,0.09002,0.32853,0.74196,0.0,0.0,0.0,0.0
2018-09-27 18:00:00,2018-09-27 19:00,0.8786,0.0,0.04761,0.003,0.82799,0.0,0.0,0.0,0.0
2018-09-27 19:00:00,2018-09-27 20:00,1.05874,0.0,0.0671,0.003,0.98864,0.0,0.0,0.0,0.0
2018-09-27 20:00:00,2018-09-27 21:00,1.37299,0.0,0.04557,0.2216,1.10582,0.0,0.0,0.0,0.0
2018-09-27 21:00:00,2018-09-27 22:00,1.47377,0.0,0.01564,0.4026,1.05553,0.0,0.0,0.0,0.0
2018-09-27 22:00:00,2018-09-27 23:00,0.62207,0.0,0.0,0.003,0.61907,0.0,0.0,0.0,0.0
2018-09-27 23:00:00,2018-09-28 00:00,0.51059,0.0,0.025,0.003,0.48259,0.0,0.0,0.0,0.0
2018-09-28 00:00:00,2018-09-28 01:00,0.52325,0.0,0.05,0.003,0.47025,0.0,0.0,0.0,0.0
2018-09-28 01:00:00,2018-09-28 02:00,0.51844,0.0,0.05,0.003,0.46544,0.0,0.0,0.0,0.0
2018-09-28 02:00:00,2018-09-28 03:00,0.51224,0.0,0.05,0.003,0.45924,0.0,0.0,0.0,0.0
2018-09-28 03:00:00,2018-09-28 04:00,0.50982,0.0,0.05,0.003,0.45682,0.0,0.0,0.0,0.0
2018-09-28 04:00:00,2018-09-28 05:00,0.82817,0.0,0.05,0.33209,0.44608,0.0,0.0,0.0,0.0
2018-09-28 05:00:00,2018-09-28 06:00,0.97245,0.0,0.05,0.46236,0.46009,0.0,0.0,0.0,0.0
2018-09-28 06:00:00,2018-09-28 07:00,0.80614,0.0,0.05,0.18446,0.57168,0.0,0.0,0.0,0.0
2018-09-28 07:00:00,2018-09-28 08:00,0.86155,0.00425,0.05,0.22101,0.58629,0.00568,0.00568,0.0,0.0
2018-09-28 08:00:00,2018-09-28 09:00,1.09265,0.00576,0.05,0.45411,0.58278,0.00769,0.00769,0.0,-0.0
2018-09-28 09:00:00,2018-09-28 10:00,0.85157,0.00056,0.05,0.22952,0.57149,0.00075,0.00075,0.0,0.0
2018-09-28 10:00:00,2018-09-28 11:00,0.53496,0.0,0.0375,0.003,0.49446,0.0,0.0,0.0,0.0
2018-09-28 11:00:00,2018-09-28 12:00,0.97282,0.0,0.0,0.44952,0.5233,0.0,0.0,0.0,0.0
2018-09-28 12:00:00,2018-09-28 13:00,0.66281,0.0,0.0,0.13365,0.52916,0.0,0.0,0.0,0.0
2018-09-28 13:00:00,2018-09-28 14:00,0.47908,0.0,0.0,0.003,0.47608,0.0,0.0,0.0,0.0
2018-09-28 14:00:00,2018-09-28 15:00,0.4793,0.0,0.0,0.003,0.4763,0.0,0.0,0.0,0.0
2018-09-28 15:00:00,2018-09-28 16:00,0.50063,0.0,0.0,0.003,0.49763,0.0,0.0,0.0,0.0
2018-09-28 16:00:00,2018-09-28 17:00,0.56906,0.0,0.0,0.003,0.56606,0.0,0.0,0.0,0.0
2018-09-28 17:00:00,2018-09-28 18:00,0.71027,0.0,0.0,0.003,0.70727,0.02622,0.0,0.0,0.02622
2018-09-28 18:00:00,2018-09-28 19:00,0.79962,0.0,0.0,0.003,0.79662,0.0,0.0,0.0,0.0
2018-09-28 19:00:00,2018-09-28 20:00,1.40054,0.0,0.05,0.34264,1.0079,0.0,0.0,0.0,0.0
2018-09-28 20:00:00,2018-09-28 21:00,1.4339,0.0,0.05,0.08011,1.30379,0.0,0.0,0.0,0.0
2018-09-28 21:00:00,2018-09-28 22:00,1.30824,0.0,0.05,0.003,1.25524,0.0,0.0,0.0,0.0
2018-09-28 22:00:00,2018-09-28 23:00,0.88772,0.0,0.05,0.003,0.83472,0.0,0.0,0.0,0.0
2018-09-28 23:00:00,2018-09-29 00:00,0.58298,0.0,0.05,0.003,0.52998,0.0,0.0,0.0,0.0
2018-09-29 00:00:00,2018-09-29 01:00,0.86031,0.0,0.05,0.33997,0.47034,0.0,0.0,0.0,0.0
2018-09-29 01:00:00,2018-09-29 02:00,0.51853,0.0,0.05,0.003,0.46553,0.0,0.0,0.0,0.0
2018-09-29 02:00:00,2018-09-29 03:00,0.52363,0.01114,0.05,0.003,0.45949,0.01487,0.01487,0.0,0.0
2018-09-29 03:00:00,2018-09-29 04:00,0.5324,0.02224,0.05,0.003,0.45716,0.0297,0.0297,0.0,0.0
2018-09-29 04:00:00,2018-09-29 05:00,0.53002,0.02588,0.05,0.003,0.45114,0.03455,0.03455,0.0,-0.0
2018-09-29 05:00:00,2018-09-29 06:00,0.53245,0.02881,0.05,0.003,0.45064,0.03846,0.03846,0.0,0.0
2018-09-29 06:00:00,2018-09-29 07:00,0.60804,0.04174,0.05,0.003,0.5133,0.05573,0.05573,0.0,-0.0
2018-09-29 07:00:00,2018-09-29 08:00,1.08498,0.03036,0.05,0.42508,0.57954,0.04055,0.04055,0.0,0.0
2018-09-29 08:00:00,2018-09-29 09:00,0.74401,0.02939,0.05,0.003,0.66162,0.03925,0.03925,0.0,-0.0
2018-09-29 09:00:00,2018-09-29 10:00,1.02897,0.02712,0.05,0.22401,0.72784,0.03622,0.03622,0.0,0.0
2018-09-29 10:00:00,2018-09-29 11:00,1.07546,0.0261,0.05,0.29927,0.70009,0.03487,0.03487,0.0,0.0
2018-09-29 11:00:00,2018-09-29 12:00,0.68324,0.02651,0.05,0.003,0.60373,0.0354,0.0354,0.0,0.0
2018-09-29 12:00:00,2018-09-29 13:00,0.7913,0.02123,0.05,0.003,0.71707,0.02837,0.02837,0.0,-0.0
2018-09-29 13:00:00,2018-09-29 14:00,1.63656,0.01457,0.05,0.22043,1.35156,0.01946,0.01946,0.0,0.0
2018-09-29 14:00:00,2018-09-29 15:00,1.31157,0.00818,0.0375,0.39237,0.87352,0.01091,0.01091,0.0,-0.0
2018-09-29 15:00:00,2018-09-29 16:00,2.56546,0.00503,0.0,0.003,2.55743,0.00671,0.00671,0.0,0.0
2018-09-29 16:00:00,2018-09-29 17:00,1.22759,0.00056,0.05,0.003,1.17403,0.00262,0.00074,0.0,0.00187
2018-09-29 17:00:00,2018-09-29 18:00,1.40712,0.0,0.05,0.33346,1.02366,0.05247,0.0,0.0,0.05247
2018-09-29 18:00:00,2018-09-29 19:00,1.29067,0.00723,0.05,0.19108,1.04236,0.00965,0.00965,0.0,0.0
2018-09-29 19:00:00,2018-09-29 20:00,1.08305,0.00404,0.05,0.003,1.02601,0.00728,0.0054,0.0,0.00187
2018-09-29 20:00:00,2018-09-29 21:00,1.43434,0.0,0.05,0.003,1.38134,0.05247,0.0,0.0,0.05247
2018-09-29 21:00:00,2018-09-29 22:00,1.14099,0.0,0.05,0.003,1.08799,0.0,0.0,0.0,0.0
2018-09-29 22:00:00,2018-09-29 23:00,0.78814,0.0114,0.05,0.003,0.72374,0.01522,0.01522,0.0,-0.0
2018-09-29 23:00:00,2018-09-30 00:00,0.58789,0.01321,0.05,0.003,0.52168,0.01765,0.01765,0.0,0.0
2018-09-30 00:00:00,2018-09-30 01:00,0.54378,0.01334,0.05,0.003,0.47744,0.01781,0.01781,0.0,0.0
2018-09-30 01:00:00,2018-09-30 02:00,0.64099,0.01509,0.05,0.11333,0.46257,0.02015,0.02015,0.0,-0.0
2018-09-30 02:00:00,2018-09-30 03:00,0.76003,0.01791,0.05,0.23979,0.45233,0.02391,0.02391,0.0,0.0
2018-09-30 03:00:00,2018-09-30 04:00,0.5206,0.01822,0.05,0.003,0.44938,0.02433,0.02433,0.0,-0.0
2018-09-30 04:00:00,2018-09-30 05:00,0.51894,0.0191,0.05,0.003,0.44684,0.02551,0.02551,0.0,0.0
2018-09-30 05:00:00,2018-09-30 06:00,0.54129,0.0203,0.05,0.003,0.46799,0.02711,0.02711,0.0,0.0
2018-09-30 06:00:00,2018-09-30 07:00,1.06878,0.02983,0.05,0.43397,0.55498,0.03982,0.03982,0.0,0.0
2018-09-30 07:00:00,2018-09-30 08:00,0.61896,0.02319,0.05,0.003,0.54277,0.03097,0.03097,0.0,0.0
2018-09-30 08:00:00,2018-09-30 09:00,2.37209,0.02123,0.05,0.003,2.29786,0.05832,0.02834,0.0,0.02998
2018-09-30 09:00:00,2018-09-30 10:00,3.24376,0.01416,0.05,0.33734,2.84226,0.04327,0.01891,0.0,0.02437
2018-09-30 10:00:00,2018-09-30 11:00,1.1742,0.0021,0.05,0.22277,0.89933,0.089,0.00281,0.0,0.08619
2018-09-30 11:00:00,2018-09-30 12:00,0.78767,0.0,0.0375,0.003,0.74717,0.02248,0.0,0.0,0.02248
2018-09-30 12:00:00,2018-09-30 13:00,0.98479,0.0,0.0,0.2235,0.76129,0.0,0.0,0.0,0.0
2018-09-30 13:00:00,2018-09-30 14:00,0.95629,0.0,0.0,0.16529,0.791,0.0,0.0,0.0,0.0
2018-09-30 14:00:00,2018-09-30 15:00,0.82416,0.0,0.0,0.003,0.82116,0.0,0.0,0.0,0.0
2018-09-30 15:00:00,2018-09-30 16:00,1.07604,0.0,0.0,0.22186,0.85418,0.0,0.0,0.0,0.0
2018-09-30 16:00:00,2018-09-30 17:00,1.22733,0.0,0.0,0.32459,0.90274,0.0,0.0,0.0,0.0
2018-09-30 17:00:00,2018-09-30 18:00,1.02988,0.0,0.0,0.003,1.02688,0.05435,0.0,0.0,0.05435
2018-09-30 18:00:00,2018-09-30 19:00,1.1597,0.0,0.0,0.1128,1.0469,0.0,0.0,0.0,0.0
2018-09-30 19:00:00,2018-09-30 20:00,1.43315,0.0,0.0,0.36721,1.06594,0.0,0.0,0.0,0.0
2018-09-30 20:00:00,2018-09-30 21:00,1.38277,0.0,0.05,0.003,1.32977,0.0,0.0,0.0,0.0
2018-09-30 21:00:00,2018-09-30 22:00,1.2422,0.0,0.05,0.003,1.1892,0.0,0.0,0.0,0.0
2018-09-30 22:00:00,2018-09-30 23:00,0.86321,0.0,0.0375,0.11253,0.71318,0.0,0.0,0.0,0.0
2018-09-30 23:00:00,2018-10-01 00:00,0.89964,0.0,0.05,0.33705,0.51259,0.0,0.0,0.0,0.0
2018-10-01 00:00:00,2018-10-01 01:00,0.50962,0.0,0.05,0.003,0.45662,0.0,0.0,0.0,0.0
2018-10-01 01:00:00,2018-10-01 02:00,0.49786,0.0,0.05,0.003,0.44486,0.0,0.0,0.0,0.0
2018-10-01 02:00:00,2018-10-01 03:00,0.48867,0.0,0.05,0.003,0.43567,0.0,0.0,0.0,0.0
2018-10-01 03:00:00,2018-10-01 04:00,0.82243,0.01255,0.05,0.32708,0.4328,0.01676,0.01676,0.0,0.0
2018-10-01 04:00:00,2018-10-01 05:00,0.8328,0.01582,0.05,0.33594,0.43104,0.02112,0.02112,0.0,0.0
2018-10-01 05:00:00,2018-10-01 06:00,0.50134,0.01774,0.05,0.003,0.4306,0.02367,0.02367,0.0,0.0
2018-10-01 06:00:00,2018-10-01 07:00,0.58109,0.02506,0.05,0.003,0.50303,0.04472,0.03348,0.0,0.01124
2018-10-01 07:00:00,2018-10-01 08:00,0.65565,0.0,0.05,0.003,0.60265,0.10118,0.0,0.0,0.10118
2018-10-01 08:00:00,2018-10-01 09:00,0.91589,0.01383,0.05,0.34175,0.51031,0.01847,0.01847,0.0,-0.0
2018-10-01 09:00:00,2018-10-01 10:00,0.76969,0.02358,0.05,0.18127,0.51484,0.03149,0.03149,0.0,0.0
2018-10-01 10:00:00,2018-10-01 11:00,0.70319,0.02618,0.05,0.11192,0.51509,0.03496,0.03496,0.0,0.0
2018-10-01 11:00:00,2018-10-01 12:00,1.09871,0.02545,0.05,0.455,0.56826,0.03399,0.03399,0.0,0.0
2018-10-01 12:00:00,2018-10-01 13:00,0.70435,0.02414,0.05,0.08293,0.54728,0.03223,0.03223,0.0,0.0
2018-10-01 13:00:00,2018-10-01 14:00,0.53439,0.02797,0.05,0.003,0.45342,0.03736,0.03736,0.0,0.0
2018-10-01 14:00:00,2018-10-01 15:00,0.53663,0.03031,0.05,0.003,0.45332,0.04047,0.04047,0.0,0.0
2018-10-01 15:00:00,2018-10-01 16:00,0.56527,0.02417,0.05,0.003,0.4881,0.03228,0.03228,0.0,0.0
2018-10-01 16:00:00,2018-10-01 17:00,0.61354,0.0204,0.05,0.003,0.54014,0.02723,0.02723,0.0,0.0
2018-10-01 17:00:00,2018-10-01 18:00,1.10969,0.01708,0.05,0.45451,0.5881,0.02282,0.02282,0.0,0.0
2018-10-01 18:00:00,2018-10-01 19:00,1.05402,0.02279,0.05,0.23214,0.74909,0.03042,0.03042,0.0,-0.0
2018-10-01 19:00:00,2018-10-01 20:00,0.94239,0.01486,0.05,0.003,0.87453,0.01984,0.01984,0.0,0.0
2018-10-01 20:00:00,2018-10-01 21:00,1.16177,0.01022,0.05,0.003,1.09855,0.01365,0.01365,0.0,-0.0
2018-10-01 21:00:00,2018-10-01 22:00,1.07069,0.01005,0.05,0.003,1.00764,0.01343,0.01343,0.0,0.0
2018-10-01 22:00:00,2018-10-01 23:00,0.73995,0.01419,0.05,0.003,0.67276,0.01895,0.01895,0.0,0.0
2018-10-01 23:00:00,2018-10-02 00:00,1.00775,0.01544,0.05,0.44474,0.49757,0.02062,0.02063,0.0,-0.0
2018-10-02 00:00:00,2018-10-02 01:00,0.51699,0.01672,0.05,0.003,0.44727,0.02233,0.02233,0.0,0.0
2018-10-02 01:00:00,2018-10-02 02:00,0.5156,0.01916,0.05,0.003,0.44344,0.02558,0.02558,0.0,-0.0
2018-10-02 02:00:00,2018-10-02 03:00,0.51253,0.02122,0.05,0.003,0.43831,0.02833,0.02833,0.0,0.0
2018-10-02 03:00:00,2018-10-02 04:00,0.51111,0.02182,0.05,0.003,0.43629,0.02914,0.02914,0.0,0.0
2018-10-02 04:00:00,2018-10-02 05:00,0.50557,0.02229,0.05,0.003,0.43028,0.02978,0.02978,0.0,-0.0
2018-10-02 05:00:00,2018-10-02 06:00,0.86488,0.02295,0.05,0.33724,0.45469,0.03063,0.03063,0.0,-0.0
2018-10-02 06:00:00,2018-10-02 07:00,1.11087,0.03103,0.05,0.46241,0.56743,0.04144,0.04144,0.0,0.0
2018-10-02 07:00:00,2018-10-02 08:00,1.12701,0.02386,0.05,0.46483,0.58832,0.03186,0.03186,0.0,0.0
2018-10-02 08:00:00,2018-10-02 09:00,0.7515,0.02585,0.05,0.11844,0.55721,0.03452,0.03452,0.0,0.0
2018-10-02 09:00:00,2018-10-02 10:00,0.55917,0.0277,0.05,0.003,0.47847,0.03699,0.03699,0.0,0.0
2018-10-02 10:00:00,2018-10-02 11:00,0.52879,0.02824,0.05,0.003,0.44755,0.03772,0.03772,0.0,0.0
2018-10-02 11:00:00,2018-10-02 12:00,0.51164,0.02618,0.0375,0.003,0.44496,0.03495,0.03495,0.0,-0.0
2018-10-02 12:00:00,2018-10-02 13:00,0.48429,0.02273,0.0,0.003,0.45856,0.03035,0.03035,0.0,0.0
2018-10-02 13:00:00,2018-10-02 14:00,0.77142,0.0231,0.0,0.22449,0.52383,0.03085,0.03085,0.0,0.0
2018-10-02 14:00:00,2018-10-02 15:00,0.7721,0.01836,0.0,0.20114,0.5526,0.02452,0.02452,0.0,0.0
2018-10-02 15:00:00,2018-10-02 16:00,0.61823,0.01519,0.0,0.003,0.60004,0.02028,0.02028,0.0,-0.0
2018-10-02 16:00:00,2018-10-02 17:00,0.65748,0.01163,0.0,0.003,0.64285,0.01553,0.01553,0.0,-0.0
2018-10-02 17:00:00,2018-10-02 18:00,0.71418,0.01187,0.0,0.003,0.69931,0.01584,0.01584,0.0,0.0
2018-10-02 18:00:00,2018-10-02 19:00,0.93432,0.01543,0.0,0.11372,0.80517,0.02061,0.02061,0.0,0.0
2018-10-02 19:00:00,2018-10-02 20:00,1.50171,0.00552,0.0,0.31694,1.17925,0.00738,0.00738,0.0,-0.0
2018-10-02 20:00:00,2018-10-02 21:00,2.31288,0.00147,0.0,0.003,2.30841,0.00196,0.00196,0.0,-0.0
2018-10-02 21:00:00,2018-10-02 22:00,0.91788,0.00166,0.0,0.003,0.91322,0.0022,0.0022,0.0,-0.0
2018-10-02 22:00:00,2018-10-02 23:00,0.70708,0.00377,0.0,0.003,0.70031,0.00503,0.00503,0.0,0.0
2018-10-02 23:00:00,2018-10-03 00:00,0.51807,0.00555,0.0,0.003,0.50952,0.00743,0.00743,0.0,0.0
2018-10-03 00:00:00,2018-10-03 01:00,0.46727,0.00541,0.0,0.003,0.45886,0.00723,0.00723,0.0,-0.0
2018-10-03 01:00:00,2018-10-03 02:00,0.45321,0.00677,0.0,0.003,0.44344,0.00905,0.00905,0.0,0.0
2018-10-03 02:00:00,2018-10-03 03:00,0.4478,0.00649,0.0,0.003,0.43831,0.00867,0.00867,0.0,0.0
2018-10-03 03:00:00,2018-10-03 04:00,0.44474,0.00544,0.0,0.003,0.4363,0.00728,0.00728,0.0,0.0
2018-10-03 04:00:00,2018-10-03 05:00,0.89779,0.00425,0.0,0.46135,0.43219,0.00568,0.00568,0.0,-0.0
2018-10-03 05:00:00,2018-10-03 06:00,0.5509,0.00597,0.0,0.08847,0.45646,0.00796,0.00796,0.0,0.0
2018-10-03 06:00:00,2018-10-03 07:00,0.76541,0.01221,0.0,0.22368,0.52952,0.0163,0.0163,0.0,0.0
2018-10-03 07:00:00,2018-10-03 08:00,0.91032,0.00919,0.0,0.40561,0.49552,0.01227,0.01227,0.0,-0.0
2018-10-03 08:00:00,2018-10-03 09:00,0.46333,0.00878,0.0,0.003,0.45155,0.01172,0.01172,0.0,0.0
2018-10-03 09:00:00,2018-10-03 10:00,0.46138,0.00425,0.0,0.003,0.45413,0.00569,0.00569,0.0,-0.0
2018-10-03 10:00:00,2018-10-03 11:00,0.45054,0.0,0.0,0.003,0.44754,0.0,0.0,0.0,0.0
2018-10-03 11:00:00,2018-10-03 12:00,0.44808,0.0,0.0,0.003,0.44508,0.0,0.0,0.0,0.0
2018-10-03 12:00:00,2018-10-03 13:00,0.45567,0.0,0.0,0.003,0.45267,0.0,0.0,0.0,0.0
2018-10-03 13:00:00,2018-10-03 14:00,0.45708,0.0,0.0,0.003,0.45408,0.0,0.0,0.0,0.0
2018-10-03 14:00:00,2018-10-03 15:00,0.45732,0.0,0.0,0.003,0.45432,0.0,0.0,0.0,0.0
2018-10-03 15:00:00,2018-10-03 16:00,0.51911,0.0,0.0,0.003,0.51611,0.0,0.0,0.0,0.0
2018-10-03 16:00:00,2018-10-03 17:00,0.98703,0.0,0.0,0.43213,0.5549,0.0,0.0,0.0,0.0
2018-10-03 17:00:00,2018-10-03 18:00,0.59352,0.0,0.0,0.003,0.59052,0.0,0.0,0.0,0.0
2018-10-03 18:00:00,2018-10-03 19:00,1.07468,0.0,0.14054,0.003,0.93114,0.05621,0.0,0.0,0.05621
2018-10-03 19:00:00,2018-10-03 20:00,1.39005,0.0,0.0,0.35114,1.03891,0.0,0.0,0.0,0.0
2018-10-03 20:00:00,2018-10-03 21:00,1.1555,0.0,0.0,0.05545,1.10005,0.0,0.0,0.0,0.0
2018-10-03 21:00:00,2018-10-03 22:00,1.00197,0.0,0.0375,0.003,0.96147,0.0,0.0,0.0,0.0
2018-10-03 22:00:00,2018-10-03 23:00,0.93928,0.01676,0.05,0.23124,0.64128,0.02238,0.02238,0.0,0.0
2018-10-03 23:00:00,2018-10-04 00:00,0.65226,0.04247,0.05,0.10057,0.45922,0.05671,0.05671,0.0,0.0
2018-10-04 00:00:00,2018-10-04 01:00,0.53866,0.03839,0.05,0.003,0.44727,0.05126,0.05126,0.0,-0.0
2018-10-04 01:00:00,2018-10-04 02:00,0.53373,0.03729,0.05,0.003,0.44344,0.0498,0.0498,0.0,0.0
2018-10-04 02:00:00,2018-10-04 03:00,0.52948,0.03817,0.05,0.003,0.43831,0.05097,0.05097,0.0,-0.0
2018-10-04 03:00:00,2018-10-04 04:00,0.53627,0.04675,0.05,0.003,0.43652,0.06244,0.06244,0.0,0.0
2018-10-04 04:00:00,2018-10-04 05:00,0.54845,0.06442,0.05,0.003,0.43103,0.08603,0.08603,0.0,0.0
2018-10-04 05:00:00,2018-10-04 06:00,0.55866,0.05665,0.05,0.003,0.44901,0.0869,0.07566,0.0,0.01124
2018-10-04 06:00:00,2018-10-04 07:00,0.65955,0.05003,0.05,0.003,0.55652,0.11179,0.06682,0.0,0.04497
2018-10-04 07:00:00,2018-10-04 08:00,0.84243,0.05862,0.05,0.23246,0.50135,0.07827,0.07827,0.0,0.0
2018-10-04 08:00:00,2018-10-04 09:00,0.78139,0.06023,0.05,0.13385,0.53731,0.08043,0.08043,0.0,0.0
2018-10-04 09:00:00,2018-10-04 10:00,1.01839,0.04572,0.05,0.34382,0.57885,0.06106,0.06106,0.0,-0.0
2018-10-04 10:00:00,2018-10-04 11:00,0.64646,0.03539,0.05,0.07366,0.48741,0.04725,0.04725,0.0,0.0
2018-10-04 11:00:00,2018-10-04 12:00,0.52539,0.02743,0.05,0.003,0.44496,0.03663,0.03663,0.0,0.0
2018-10-04 12:00:00,2018-10-04 13:00,0.52352,0.01827,0.05,0.003,0.45225,0.0244,0.0244,0.0,-0.0
2018-10-04 13:00:00,2018-10-04 14:00,0.51842,0.01202,0.05,0.003,0.4534,0.01605,0.01605,0.0,0.0
2018-10-04 14:00:00,2018-10-04 15:00,0.54466,0.01496,0.05,0.003,0.4767,0.01998,0.01998,0.0,0.0
2018-10-04 15:00:00,2018-10-04 16:00,0.58975,0.01088,0.05,0.003,0.52587,0.01454,0.01454,0.0,-0.0
2018-10-04 16:00:00,2018-10-04 17:00,0.9647,0.00804,0.05,0.3425,0.56416,0.01074,0.01074,0.0,0.0
2018-10-04 17:00:00,2018-10-04 18:00,0.82462,0.00615,0.05,0.06916,0.69931,0.0082,0.0082,0.0,-0.0
2018-10-04 18:00:00,2018-10-04 19:00,1.00453,0.01928,0.05,0.11189,0.82336,0.02574,0.02574,0.0,-0.0
2018-10-04 19:00:00,2018-10-04 20:00,1.37762,0.00818,0.05,0.26198,1.05746,0.01092,0.01092,0.0,0.0
2018-10-04 20:00:00,2018-10-04 21:00,1.36149,0.0051,0.05,0.003,1.30339,0.00682,0.00682,0.0,0.0
2018-10-04 21:00:00,2018-10-04 22:00,1.26208,0.01011,0.05,0.003,1.19897,0.0135,0.0135,0.0,0.0
2018-10-04 22:00:00,2018-10-04 23:00,0.83508,0.02137,0.05,0.003,0.76071,0.02853,0.02853,0.0,0.0
2018-10-04 23:00:00,2018-10-05 00:00,0.59002,0.02753,0.05,0.003,0.50949,0.03675,0.03675,0.0,0.0
2018-10-05 00:00:00,2018-10-05 01:00,0.53814,0.03271,0.05,0.003,0.45243,0.04369,0.04369,0.0,0.0
2018-10-05 01:00:00,2018-10-05 02:00,0.53219,0.03577,0.05,0.003,0.44342,0.04776,0.04776,0.0,0.0
2018-10-05 02:00:00,2018-10-05 03:00,0.53326,0.04195,0.05,0.003,0.43831,0.05602,0.05602,0.0,-0.0
2018-10-05 03:00:00,2018-10-05 04:00,0.53202,0.04272,0.05,0.003,0.4363,0.05706,0.05706,0.0,0.0
2018-10-05 04:00:00,2018-10-05 05:00,0.83407,0.04406,0.05,0.30972,0.43029,0.05882,0.05882,0.0,0.0
2018-10-05 05:00:00,2018-10-05 06:00,0.53215,0.04855,0.05,0.003,0.4306,0.06482,0.06482,0.0,-0.0
2018-10-05 06:00:00,2018-10-05 07:00,0.59338,0.06115,0.05,0.003,0.47923,0.08166,0.08166,0.0,0.0
2018-10-05 07:00:00,2018-10-05 08:00,0.95733,0.04912,0.05,0.34108,0.51713,0.0656,0.0656,0.0,-0.0
2018-10-05 08:00:00,2018-10-05 09:00,0.59772,0.04797,0.05,0.04819,0.45156,0.06406,0.06406,0.0,0.0
2018-10-05 09:00:00,2018-10-05 10:00,0.55374,0.04661,0.05,0.003,0.45413,0.06225,0.06225,0.0,0.0
2018-10-05 10:00:00,2018-10-05 11:00,0.54449,0.04396,0.05,0.003,0.44753,0.0587,0.0587,0.0,0.0
2018-10-05 11:00:00,2018-10-05 12:00,0.54484,0.04081,0.05,0.003,0.45103,0.05451,0.05451,0.0,0.0
2018-10-05 12:00:00,2018-10-05 13:00,0.60085,0.03436,0.05,0.003,0.51349,0.04588,0.04588,0.0,0.0
2018-10-05 13:00:00,2018-10-05 14:00,0.93678,0.02063,0.0375,0.3397,0.53895,0.05566,0.02756,0.0,0.0281
2018-10-05 14:00:00,2018-10-05 15:00,0.56446,0.02838,0.0,0.08276,0.45332,0.03789,0.03789,0.0,0.0
2018-10-05 15:00:00,2018-10-05 16:00,0.4815,0.02639,0.0,0.003,0.45211,0.03524,0.03524,0.0,-0.0
2018-10-05 16:00:00,2018-10-05 17:00,0.49321,0.02593,0.0,0.003,0.46428,0.03463,0.03463,0.0,0.0
2018-10-05 17:00:00,2018-10-05 18:00,0.74158,0.00288,0.0,0.003,0.7357,0.0994,0.00384,0.0,0.09556
2018-10-05 18:00:00,2018-10-05 19:00,0.87751,0.00903,0.025,0.003,0.84048,0.02893,0.01206,0.0,0.01686
2018-10-05 19:00:00,2018-10-05 20:00,1.70176,0.00459,0.05,0.45404,1.19313,0.00613,0.00613,0.0,-0.0
2018-10-05 20:00:00,2018-10-05 21:00,1.56782,0.00386,0.0375,0.22309,1.30337,0.00516,0.00516,0.0,0.0
2018-10-05 21:00:00,2018-10-05 22:00,1.17896,0.00714,0.05,0.003,1.11882,0.00954,0.00954,0.0,0.0
2018-10-05 22:00:00,2018-10-05 23:00,0.62968,0.0154,0.0375,0.003,0.57378,0.02056,0.02056,0.0,-0.0
2018-10-05 23:00:00,2018-10-06 00:00,0.69445,0.0218,0.05,0.11285,0.5098,0.02911,0.02911,0.0,0.0
2018-10-06 00:00:00,2018-10-06 01:00,0.77051,0.02729,0.05,0.23133,0.46189,0.03644,0.03644,0.0,-0.0
2018-10-06 01:00:00,2018-10-06 02:00,0.53221,0.03193,0.05,0.003,0.44728,0.04263,0.04263,0.0,0.0
2018-10-06 02:00:00,2018-10-06 03:00,0.64015,0.04002,0.05,0.11292,0.43721,0.05344,0.05344,0.0,0.0
2018-10-06 03:00:00,2018-10-06 04:00,0.95255,0.0405,0.05,0.42729,0.43476,0.05408,0.05408,0.0,0.0
2018-10-06 04:00:00,2018-10-06 05:00,0.52476,0.03871,0.05,0.003,0.43305,0.0517,0.0517,0.0,0.0
2018-10-06 05:00:00,2018-10-06 06:00,0.53733,0.04193,0.05,0.003,0.4424,0.05599,0.05599,0.0,-0.0
2018-10-06 06:00:00,2018-10-06 07:00,0.83924,0.05414,0.05,0.22377,0.51133,0.0723,0.0723,0.0,0.0
2018-10-06 07:00:00,2018-10-06 08:00,0.83617,0.05425,0.05,0.17308,0.55884,0.07244,0.07244,0.0,0.0
2018-10-06 08:00:00,2018-10-06 09:00,0.71427,0.05301,0.05,0.003,0.60826,0.08203,0.07079,0.0,0.01124
2018-10-06 09:00:00,2018-10-06 10:00,0.84972,0.04033,0.05,0.003,0.75639,0.0707,0.05384,0.0,0.01686
2018-10-06 10:00:00,2018-10-06 11:00,1.17442,0.0464,0.05,0.33885,0.73917,0.06197,0.06197,0.0,-0.0
2018-10-06 11:00:00,2018-10-06 12:00,1.00455,0.04965,0.05,0.15154,0.75336,0.0663,0.0663,0.0,0.0
2018-10-06 12:00:00,2018-10-06 13:00,1.81861,0.04976,0.05,0.003,1.71585,0.06643,0.06643,0.0,-0.0
2018-10-06 13:00:00,2018-10-06 14:00,2.52576,0.04475,0.05,0.003,2.42801,0.05976,0.05976,0.0,0.0
2018-10-06 14:00:00,2018-10-06 15:00,0.99818,0.02985,0.05,0.11278,0.80555,0.03985,0.03985,0.0,-0.0
2018-10-06 15:00:00,2018-10-06 16:00,1.16669,0.02667,0.05,0.33857,0.75145,0.03561,0.03561,0.0,-0.0
2018-10-06 16:00:00,2018-10-06 17:00,0.96413,0.02052,0.05,0.003,0.89061,0.02741,0.02741,0.0,-0.0
2018-10-06 17:00:00,2018-10-06 18:00,1.01172,0.02055,0.05,0.003,0.93817,0.02743,0.02743,0.0,-0.0
2018-10-06 18:00:00,2018-10-06 19:00,1.06489,0.02857,0.05,0.003,0.98332,0.03815,0.03815,0.0,0.0
2018-10-06 19:00:00,2018-10-06 20:00,1.13765,0.01823,0.05,0.003,1.06642,0.02436,0.02436,0.0,0.0
2018-10-06 20:00:00,2018-10-06 21:00,1.30065,0.01833,0.05,0.11361,1.11871,0.02448,0.02448,0.0,0.0
2018-10-06 21:00:00,2018-10-06 22:00,1.36177,0.02201,0.05,0.31846,0.9713,0.02939,0.02939,0.0,0.0
2018-10-06 22:00:00,2018-10-06 23:00,0.76111,0.02953,0.05,0.003,0.67858,0.03945,0.03945,0.0,0.0
2018-10-06 23:00:00,2018-10-07 00:00,0.58488,0.03641,0.05,0.003,0.49547,0.04861,0.04861,0.0,0.0
2018-10-07 00:00:00,2018-10-07 01:00,0.53884,0.03732,0.05,0.003,0.44852,0.04983,0.04983,0.0,0.0
2018-10-07 01:00:00,2018-10-07 02:00,0.53559,0.0379,0.05,0.003,0.44469,0.05062,0.05062,0.0,-0.0
2018-10-07 02:00:00,2018-10-07 03:00,0.53247,0.03991,0.05,0.003,0.43956,0.05329,0.05329,0.0,0.0
2018-10-07 03:00:00,2018-10-07 04:00,0.53227,0.04151,0.05,0.003,0.43776,0.05544,0.05544,0.0,-0.0
2018-10-07 04:00:00,2018-10-07 05:00,0.5286,0.04331,0.05,0.003,0.43229,0.05784,0.05784,0.0,0.0
2018-10-07 05:00:00,2018-10-07 06:00,0.53123,0.04638,0.05,0.003,0.43185,0.06193,0.06193,0.0,-0.0
2018-10-07 06:00:00,2018-10-07 07:00,0.58603,0.05784,0.05,0.003,0.47519,0.07723,0.07723,0.0,0.0
2018-10-07 07:00:00,2018-10-07 08:00,0.58688,0.05002,0.05,0.003,0.48386,0.06679,0.06679,0.0,-0.0
2018-10-07 08:00:00,2018-10-07 09:00,1.07557,0.04566,0.05,0.42522,0.55469,0.06097,0.06097,0.0,0.0
2018-10-07 09:00:00,2018-10-07 10:00,0.75674,0.04274,0.05,0.003,0.661,0.05708,0.05708,0.0,0.0
2018-10-07 10:00:00,2018-10-07 11:00,0.97641,0.04009,0.05,0.22522,0.6611,0.05354,0.05354,0.0,0.0
2018-10-07 11:00:00,2018-10-07 12:00,1.04484,0.03528,0.05,0.28604,0.67352,0.04712,0.04712,0.0,0.0
2018-10-07 12:00:00,2018-10-07 13:00,0.7475,0.01835,0.0125,0.003,0.71365,0.05261,0.02451,0.0,0.0281
2018-10-07 13:00:00,2018-10-07 14:00,0.74112,0.02334,0.0,0.003,0.71478,0.03118,0.03118,0.0,-0.0
2018-10-07 14:00:00,2018-10-07 15:00,1.21082,0.02286,0.05,0.3324,0.80556,0.03053,0.03053,0.0,0.0
2018-10-07 15:00:00,2018-10-07 16:00,1.22512,0.02472,0.05,0.38806,0.76234,0.033,0.033,0.0,0.0
2018-10-07 16:00:00,2018-10-07 17:00,0.92967,0.0218,0.0375,0.003,0.86737,0.02911,0.02911,0.0,0.0
2018-10-07 17:00:00,2018-10-07 18:00,1.06369,0.00371,0.05,0.003,1.00698,0.06116,0.00496,0.0,0.05621
2018-10-07 18:00:00,2018-10-07 19:00,1.28747,0.032,0.05,0.22215,0.98332,0.04274,0.04274,0.0,0.0
2018-10-07 19:00:00,2018-10-07 20:00,1.45792,0.02377,0.05,0.31774,1.06641,0.03173,0.03173,0.0,-0.0
2018-10-07 20:00:00,2018-10-07 21:00,1.17733,0.02499,0.05,0.003,1.09934,0.03337,0.03337,0.0,0.0
2018-10-07 21:00:00,2018-10-07 22:00,1.0813,0.02649,0.05,0.003,1.00181,0.03538,0.03538,0.0,0.0
2018-10-07 22:00:00,2018-10-07 23:00,1.14671,0.0281,0.05,0.33941,0.7292,0.03751,0.03751,0.0,0.0
2018-10-07 23:00:00,2018-10-08 00:00,0.68094,0.0327,0.05,0.10749,0.49075,0.04367,0.04367,0.0,0.0
2018-10-08 00:00:00,2018-10-08 01:00,0.53761,0.03733,0.05,0.003,0.44728,0.04985,0.04985,0.0,0.0
2018-10-08 01:00:00,2018-10-08 02:00,0.53556,0.03912,0.05,0.003,0.44344,0.05225,0.05225,0.0,0.0
2018-10-08 02:00:00,2018-10-08 03:00,0.53119,0.03987,0.05,0.003,0.43832,0.05324,0.05324,0.0,-0.0
2018-10-08 03:00:00,2018-10-08 04:00,0.53018,0.04066,0.05,0.003,0.43652,0.05431,0.05431,0.0,0.0
2018-10-08 04:00:00,2018-10-08 05:00,0.52644,0.04151,0.05,0.003,0.43193,0.05542,0.05542,0.0,0.0
2018-10-08 05:00:00,2018-10-08 06:00,0.98756,0.04262,0.05,0.45827,0.43667,0.05691,0.05691,0.0,-0.0
2018-10-08 06:00:00,2018-10-08 07:00,0.662,0.05357,0.05,0.06665,0.49178,0.07154,0.07154,0.0,0.0
2018-10-08 07:00:00,2018-10-08 08:00,0.83621,0.04682,0.05,0.22451,0.51488,0.06253,0.06253,0.0,0.0
2018-10-08 08:00:00,2018-10-08 09:00,0.79769,0.04762,0.05,0.22509,0.47498,0.06359,0.06359,0.0,0.0
2018-10-08 09:00:00,2018-10-08 10:00,0.55372,0.0466,0.05,0.003,0.45412,0.06223,0.06223,0.0,-0.0
2018-10-08 10:00:00,2018-10-08 11:00,0.531,0.04295,0.0375,0.003,0.44755,0.05737,0.05737,0.0,0.0
2018-10-08 11:00:00,2018-10-08 12:00,0.4859,0.03796,0.0,0.003,0.44494,0.05069,0.05069,0.0,0.0
2018-10-08 12:00:00,2018-10-08 13:00,0.4884,0.03315,0.0,0.003,0.45225,0.04427,0.04427,0.0,0.0
2018-10-08 13:00:00,2018-10-08 14:00,0.48636,0.02996,0.0,0.003,0.4534,0.04001,0.04001,0.0,0.0
2018-10-08 14:00:00,2018-10-08 15:00,0.49802,0.02546,0.0,0.003,0.46956,0.03399,0.03399,0.0,0.0
2018-10-08 15:00:00,2018-10-08 16:00,0.4794,0.02429,0.0,0.003,0.45211,0.03244,0.03244,0.0,0.0
2018-10-08 16:00:00,2018-10-08 17:00,0.60591,0.0258,0.0,0.11584,0.46427,0.03446,0.03446,0.0,0.0
2018-10-08 17:00:00,2018-10-08 18:00,0.71817,0.02705,0.0,0.18588,0.50524,0.03613,0.03613,0.0,0.0
2018-10-08 18:00:00,2018-10-08 19:00,0.92426,0.02795,0.0,0.003,0.89331,0.03732,0.03732,0.0,-0.0
2018-10-08 19:00:00,2018-10-08 20:00,1.16852,0.01799,0.0,0.11377,1.03676,0.02403,0.02403,0.0,-0.0
2018-10-08 20:00:00,2018-10-08 21:00,1.62627,0.01293,0.0,0.35978,1.25356,0.01725,0.01725,0.0,0.0
2018-10-08 21:00:00,2018-10-08 22:00,1.02601,0.01538,0.0,0.003,1.00763,0.02053,0.02053,0.0,0.0
2018-10-08 22:00:00,2018-10-08 23:00,0.66512,0.02117,0.0,0.003,0.64095,0.02825,0.02825,0.0,0.0
2018-10-08 23:00:00,2018-10-09 00:00,0.4984,0.02552,0.0,0.003,0.46988,0.03408,0.03408,0.0,-0.0
2018-10-09 00:00:00,2018-10-09 01:00,0.47792,0.02766,0.0,0.003,0.44726,0.03693,0.03693,0.0,0.0
2018-10-09 01:00:00,2018-10-09 02:00,0.70213,0.02857,0.0,0.23012,0.44344,0.03815,0.03815,0.0,0.0
2018-10-09 02:00:00,2018-10-09 03:00,0.61149,0.03238,0.05,0.09079,0.43832,0.04325,0.04325,0.0,0.0
2018-10-09 03:00:00,2018-10-09 04:00,0.52538,0.03608,0.05,0.003,0.4363,0.04818,0.04818,0.0,-0.0
2018-10-09 04:00:00,2018-10-09 05:00,0.5212,0.03743,0.05,0.003,0.43077,0.04998,0.04998,0.0,0.0
2018-10-09 05:00:00,2018-10-09 06:00,0.53391,0.03847,0.05,0.003,0.44244,0.05137,0.05137,0.0,0.0
2018-10-09 06:00:00,2018-10-09 07:00,0.87511,0.04628,0.05,0.23132,0.54751,0.0618,0.0618,0.0,0.0
2018-10-09 07:00:00,2018-10-09 08:00,0.76123,0.04412,0.05,0.19809,0.46902,0.05892,0.05892,0.0,-0.0
2018-10-09 08:00:00,2018-10-09 09:00,0.55163,0.04708,0.05,0.003,0.45155,0.06287,0.06287,0.0,0.0
2018-10-09 09:00:00,2018-10-09 10:00,0.58971,0.04617,0.05,0.003,0.49054,0.06166,0.06166,0.0,-0.0
2018-10-09 10:00:00,2018-10-09 11:00,0.85053,0.04233,0.05,0.003,0.7552,0.05652,0.05652,0.0,0.0
2018-10-09 11:00:00,2018-10-09 12:00,3.11013,0.04678,0.05,0.45243,2.56092,0.06245,0.06245,0.0,-0.0
2018-10-09 12:00:00,2018-10-09 13:00,1.43721,0.04039,0.05,0.18167,1.16515,0.05392,0.05392,0.0,0.0
2018-10-09 13:00:00,2018-10-09 14:00,0.74759,0.04158,0.05,0.11313,0.54288,0.05553,0.05553,0.0,0.0
2018-10-09 14:00:00,2018-10-09 15:00,1.07212,0.04174,0.05,0.46125,0.51913,0.05574,0.05574,0.0,-0.0
2018-10-09 15:00:00,2018-10-09 16:00,0.65887,0.04189,0.05,0.04111,0.52587,0.05594,0.05594,0.0,0.0
2018-10-09 16:00:00,2018-10-09 17:00,0.68034,0.04138,0.05,0.003,0.58596,0.05526,0.05526,0.0,-0.0
2018-10-09 17:00:00,2018-10-09 18:00,0.82245,0.04305,0.05,0.003,0.7264,0.05749,0.05749,0.0,-0.0
2018-10-09 18:00:00,2018-10-09 19:00,1.46972,0.02118,0.05,0.37461,1.02393,0.12383,0.02827,0.0,0.09556
2018-10-09 19:00:00,2018-10-09 20:00,1.31128,0.02018,0.05,0.003,1.2381,0.07191,0.02694,0.0,0.04497
2018-10-09 20:00:00,2018-10-09 21:00,1.39126,0.0349,0.05,0.003,1.30336,0.0466,0.0466,0.0,0.0
2018-10-09 21:00:00,2018-10-09 22:00,1.234,0.04013,0.05,0.003,1.14087,0.05358,0.05358,0.0,-0.0
2018-10-09 22:00:00,2018-10-09 23:00,1.32546,0.04551,0.05,0.45767,0.77228,0.06078,0.06078,0.0,0.0
2018-10-09 23:00:00,2018-10-10 00:00,0.67923,0.05044,0.05,0.04781,0.53098,0.06735,0.06735,0.0,-0.0
2018-10-10 00:00:00,2018-10-10 01:00,0.56339,0.05133,0.05,0.003,0.45906,0.06854,0.06854,0.0,-0.0
2018-10-10 01:00:00,2018-10-10 02:00,0.54844,0.05194,0.05,0.003,0.4435,0.06935,0.06935,0.0,-0.0
2018-10-10 02:00:00,2018-10-10 03:00,0.76902,0.05783,0.05,0.22538,0.43581,0.07723,0.07723,0.0,0.0
2018-10-10 03:00:00,2018-10-10 04:00,0.76948,0.06429,0.05,0.21867,0.43652,0.08585,0.08585,0.0,-0.0
2018-10-10 04:00:00,2018-10-10 05:00,0.54953,0.06459,0.05,0.003,0.43194,0.08625,0.08625,0.0,-0.0
2018-10-10 05:00:00,2018-10-10 06:00,0.56942,0.06415,0.05,0.003,0.45227,0.08567,0.08567,0.0,-0.0
2018-10-10 06:00:00,2018-10-10 07:00,1.07052,0.06317,0.05,0.34149,0.61586,0.12371,0.08436,0.0,0.03935
2018-10-10 07:00:00,2018-10-10 08:00,0.73361,0.05165,0.05,0.10992,0.52204,0.11393,0.06896,0.0,0.04497
2018-10-10 08:00:00,2018-10-10 09:00,0.56974,0.0592,0.05,0.003,0.45754,0.07905,0.07905,0.0,0.0
2018-10-10 09:00:00,2018-10-10 10:00,0.61803,0.05019,0.05,0.003,0.51484,0.06703,0.06703,0.0,0.0
2018-10-10 10:00:00,2018-10-10 11:00,0.77082,0.04476,0.05,0.11482,0.56124,0.05978,0.05978,0.0,0.0
2018-10-10 11:00:00,2018-10-10 12:00,1.12226,0.0392,0.05,0.45865,0.57441,0.05235,0.05235,0.0,0.0
2018-10-10 12:00:00,2018-10-10 13:00,1.00503,0.03285,0.05,0.30662,0.61556,0.04386,0.04386,0.0,0.0
2018-10-10 13:00:00,2018-10-10 14:00,0.63026,0.03437,0.05,0.003,0.54289,0.04589,0.04589,0.0,-0.0
2018-10-10 14:00:00,2018-10-10 15:00,0.60813,0.036,0.05,0.003,0.51913,0.04807,0.04807,0.0,0.0
2018-10-10 15:00:00,2018-10-10 16:00,0.61521,0.03633,0.05,0.003,0.52588,0.04853,0.04853,0.0,0.0
2018-10-10 16:00:00,2018-10-10 17:00,0.98586,0.0418,0.05,0.34066,0.5534,0.05582,0.05582,0.0,-0.0
2018-10-10 17:00:00,2018-10-10 18:00,0.86385,0.03715,0.05,0.02794,0.74876,0.06085,0.04961,0.0,0.01124
2018-10-10 18:00:00,2018-10-10 19:00,0.99625,0.02399,0.05,0.003,0.91926,0.10511,0.03204,0.0,0.07307
2018-10-10 19:00:00,2018-10-10 20:00,1.7414,0.03658,0.05,0.003,1.65182,0.04885,0.04885,0.0,0.0
2018-10-10 20:00:00,2018-10-10 21:00,3.56419,0.0549,0.05,0.003,3.45629,0.07332,0.07332,0.0,0.0
2018-10-10 21:00:00,2018-10-10 22:00,1.24236,0.05964,0.05,0.003,1.12972,0.07964,0.07964,0.0,-0.0
2018-10-10 22:00:00,2018-10-10 23:00,1.3034,0.07215,0.05,0.40898,0.77227,0.09635,0.09635,0.0,0.0
2018-10-10 23:00:00,2018-10-11 00:00,0.64287,0.08164,0.05,0.003,0.50823,0.10901,0.10901,0.0,0.0
2018-10-11 00:00:00,2018-10-11 01:00,0.58643,0.08615,0.05,0.003,0.44728,0.11504,0.11504,0.0,0.0
2018-10-11 01:00:00,2018-10-11 02:00,0.59029,0.09385,0.05,0.003,0.44344,0.12533,0.12533,0.0,0.0
2018-10-11 02:00:00,2018-10-11 03:00,0.60153,0.11023,0.05,0.003,0.4383,0.14718,0.14718,0.0,0.0
2018-10-11 03:00:00,2018-10-11 04:00,0.59505,0.10553,0.05,0.003,0.43652,0.14092,0.14092,0.0,-0.0
2018-10-11 04:00:00,2018-10-11 05:00,0.59105,0.10701,0.05,0.003,0.43104,0.14291,0.14291,0.0,0.0
2018-10-11 05:00:00,2018-10-11 06:00,0.59721,0.10897,0.05,0.003,0.43524,0.14552,0.14552,0.0,-0.0
2018-10-11 06:00:00,2018-10-11 07:00,1.01329,0.11897,0.05,0.34181,0.50251,0.15886,0.15886,0.0,-0.0
2018-10-11 07:00:00,2018-10-11 08:00,1.23788,0.11613,0.05,0.46208,0.60967,0.15507,0.15507,0.0,0.0
2018-10-11 08:00:00,2018-10-11 09:00,1.22823,0.11907,0.05,0.45137,0.60779,0.15899,0.15899,0.0,-0.0
2018-10-11 09:00:00,2018-10-11 10:00,0.74339,0.11754,0.05,0.02144,0.55441,0.15697,0.15697,0.0,0.0
2018-10-11 10:00:00,2018-10-11 11:00,0.7919,0.1229,0.05,0.11018,0.50882,0.16412,0.16412,0.0,-0.0
2018-10-11 11:00:00,2018-10-11 12:00,1.0198,0.13205,0.05,0.33738,0.50037,0.17632,0.17632,0.0,-0.0
2018-10-11 12:00:00,2018-10-11 13:00,0.63119,0.12594,0.05,0.003,0.45225,0.16817,0.16817,0.0,-0.0
2018-10-11 13:00:00,2018-10-11 14:00,0.6247,0.11829,0.05,0.003,0.45341,0.15796,0.15796,0.0,0.0
2018-10-11 14:00:00,2018-10-11 15:00,0.6162,0.10987,0.05,0.003,0.45333,0.14671,0.14671,0.0,0.0
2018-10-11 15:00:00,2018-10-11 16:00,0.71659,0.10352,0.05,0.003,0.56007,0.13823,0.13823,0.0,-0.0
2018-10-11 16:00:00,2018-10-11 17:00,1.01946,0.10294,0.05,0.22369,0.64283,0.13746,0.13746,0.0,0.0
2018-10-11 17:00:00,2018-10-11 18:00,1.09465,0.07786,0.05,0.13168,0.83511,0.17143,0.10398,0.0,0.06745
2018-10-11 18:00:00,2018-10-11 19:00,1.04678,0.09774,0.05,0.003,0.89604,0.14739,0.13052,0.0,0.01686
2018-10-11 19:00:00,2018-10-11 20:00,1.11794,0.09408,0.05,0.003,0.97086,0.12563,0.12563,0.0,-0.0
2018-10-11 20:00:00,2018-10-11 21:00,1.18354,0.09603,0.05,0.003,1.03451,0.12823,0.12823,0.0,0.0
2018-10-11 21:00:00,2018-10-11 22:00,1.54314,0.09365,0.05,0.22243,1.17706,0.12505,0.12505,0.0,-0.0
2018-10-11 22:00:00,2018-10-11 23:00,0.99103,0.10251,0.05,0.17003,0.66849,0.13688,0.13688,0.0,0.0
2018-10-11 23:00:00,2018-10-12 00:00,0.63779,0.11489,0.05,0.003,0.4699,0.15342,0.15342,0.0,0.0
2018-10-12 00:00:00,2018-10-12 01:00,0.61524,0.11496,0.05,0.003,0.44728,0.15352,0.15352,0.0,0.0
2018-10-12 01:00:00,2018-10-12 02:00,0.61093,0.11309,0.05,0.003,0.44484,0.15101,0.15101,0.0,-0.0
2018-10-12 02:00:00,2018-10-12 03:00,0.60237,0.11358,0.05,0.003,0.43579,0.15165,0.15165,0.0,0.0
2018-10-12 03:00:00,2018-10-12 04:00,0.60626,0.11674,0.05,0.003,0.43652,0.1559,0.1559,0.0,-0.0
2018-10-12 04:00:00,2018-10-12 05:00,0.60229,0.11825,0.05,0.003,0.43104,0.1579,0.1579,0.0,0.0
2018-10-12 05:00:00,2018-10-12 06:00,0.60119,0.11758,0.05,0.003,0.43061,0.15702,0.15702,0.0,0.0
2018-10-12 06:00:00,2018-10-12 07:00,1.11995,0.13258,0.05,0.44198,0.49539,0.17702,0.17702,0.0,-0.0
2018-10-12 07:00:00,2018-10-12 08:00,0.73756,0.1225,0.05,0.11727,0.44779,0.16359,0.16359,0.0,0.0
2018-10-12 08:00:00,2018-10-12 09:00,0.62594,0.12139,0.05,0.003,0.45155,0.1621,0.1621,0.0,0.0
2018-10-12 09:00:00,2018-10-12 10:00,0.62317,0.11605,0.05,0.003,0.45412,0.15496,0.15496,0.0,-0.0
2018-10-12 10:00:00,2018-10-12 11:00,0.615,0.10838,0.05,0.003,0.45362,0.14473,0.14473,0.0,0.0
2018-10-12 11:00:00,2018-10-12 12:00,0.76816,0.09991,0.05,0.11181,0.50644,0.13342,0.13342,0.0,0.0
2018-10-12 12:00:00,2018-10-12 13:00,0.94468,0.08661,0.05,0.30088,0.50719,0.11565,0.11565,0.0,-0.0
2018-10-12 13:00:00,2018-10-12 14:00,0.6187,0.07395,0.05,0.003,0.49175,0.09875,0.09875,0.0,-0.0
2018-10-12 14:00:00,2018-10-12 15:00,0.63053,0.0584,0.05,0.003,0.51913,0.07799,0.07799,0.0,0.0
2018-10-12 15:00:00,2018-10-12 16:00,1.0065,0.04288,0.05,0.38777,0.52585,0.05724,0.05724,0.0,-0.0
2018-10-12 16:00:00,2018-10-12 17:00,0.60269,0.03995,0.05,0.003,0.50974,0.05335,0.05335,0.0,-0.0
2018-10-12 17:00:00,2018-10-12 18:00,0.78409,0.0187,0.05,0.003,0.71239,0.08118,0.02498,0.0,0.05621
2018-10-12 18:00:00,2018-10-12 19:00,1.26983,0.04782,0.05,0.33051,0.8415,0.06386,0.06386,0.0,0.0
2018-10-12 19:00:00,2018-10-12 20:00,1.40778,0.04109,0.05,0.09647,1.22022,0.05487,0.05487,0.0,-0.0
2018-10-12 20:00:00,2018-10-12 21:00,1.33507,0.04907,0.05,0.003,1.233,0.06552,0.06552,0.0,0.0
2018-10-12 21:00:00,2018-10-12 22:00,1.13099,0.05952,0.05,0.003,1.01847,0.07947,0.07947,0.0,0.0
2018-10-12 22:00:00,2018-10-12 23:00,1.2466,0.06917,0.05,0.44239,0.68504,0.09236,0.09236,0.0,-0.0
2018-10-12 23:00:00,2018-10-13 00:00,0.65397,0.07839,0.05,0.03281,0.49277,0.10468,0.10468,0.0,0.0
2018-10-13 00:00:00,2018-10-13 01:00,0.60098,0.08638,0.05,0.003,0.4616,0.11535,0.11535,0.0,0.0
2018-10-13 01:00:00,2018-10-13 02:00,0.58792,0.09023,0.05,0.003,0.44469,0.12048,0.12048,0.0,0.0
2018-10-13 02:00:00,2018-10-13 03:00,0.5837,0.09114,0.05,0.003,0.43956,0.12171,0.12171,0.0,-0.0
2018-10-13 03:00:00,2018-10-13 04:00,0.58275,0.09365,0.05,0.003,0.4361,0.12506,0.12506,0.0,0.0
2018-10-13 04:00:00,2018-10-13 05:00,0.58363,0.09835,0.05,0.003,0.43228,0.13132,0.13132,0.0,-0.0
2018-10-13 05:00:00,2018-10-13 06:00,0.59208,0.10723,0.05,0.003,0.43185,0.14318,0.14318,0.0,0.0
2018-10-13 06:00:00,2018-10-13 07:00,0.6585,0.11324,0.05,0.003,0.49226,0.15122,0.15122,0.0,0.0
2018-10-13 07:00:00,2018-10-13 08:00,0.6712,0.09035,0.05,0.003,0.52785,0.13189,0.12065,0.0,0.01124
2018-10-13 08:00:00,2018-10-13 09:00,1.19497,0.05084,0.05,0.34037,0.75376,0.1803,0.06788,0.0,0.11242
2018-10-13 09:00:00,2018-10-13 10:00,0.79021,0.0706,0.05,0.04097,0.62864,0.11115,0.09428,0.0,0.01686
2018-10-13 10:00:00,2018-10-13 11:00,0.88301,0.06038,0.05,0.003,0.76963,0.08064,0.08064,0.0,0.0
2018-10-13 11:00:00,2018-10-13 12:00,1.36674,0.04784,0.025,0.003,1.2909,0.06389,0.06389,0.0,0.0
2018-10-13 12:00:00,2018-10-13 13:00,2.93543,0.0363,0.0,0.003,2.89613,0.04847,0.04847,0.0,0.0
2018-10-13 13:00:00,2018-10-13 14:00,1.07177,0.02263,0.0,0.003,1.04614,0.0302,0.0302,0.0,0.0
2018-10-13 14:00:00,2018-10-13 15:00,2.91278,0.01949,0.0,0.37414,2.51915,0.02602,0.02602,0.0,0.0
2018-10-13 15:00:00,2018-10-13 16:00,0.89891,0.00369,0.0,0.003,0.89222,0.06114,0.00493,0.0,0.05621
2018-10-13 16:00:00,2018-10-13 17:00,0.91393,0.00384,0.0,0.003,0.90709,0.00512,0.00512,0.0,0.0
2018-10-13 17:00:00,2018-10-13 18:00,1.39602,0.01469,0.0,0.44314,0.93819,0.01961,0.01961,0.0,0.0
2018-10-13 18:00:00,2018-10-13 19:00,1.18473,0.02756,0.025,0.14885,0.98332,0.0368,0.0368,0.0,0.0
2018-10-13 19:00:00,2018-10-13 20:00,1.26214,0.02618,0.05,0.003,1.18296,0.03496,0.03496,0.0,0.0
2018-10-13 20:00:00,2018-10-13 21:00,1.25754,0.02562,0.05,0.003,1.17892,0.06232,0.03421,0.0,0.0281
2018-10-13 21:00:00,2018-10-13 22:00,0.90631,0.03766,0.05,0.003,0.81565,0.05029,0.05029,0.0,-0.0
2018-10-13 22:00:00,2018-10-13 23:00,0.67352,0.04506,0.05,0.003,0.57546,0.06017,0.06017,0.0,-0.0
2018-10-13 23:00:00,2018-10-14 00:00,0.96436,0.04946,0.05,0.36801,0.49689,0.06603,0.06603,0.0,0.0
2018-10-14 00:00:00,2018-10-14 01:00,0.57197,0.0571,0.05,0.003,0.46187,0.07624,0.07624,0.0,0.0
2018-10-14 01:00:00,2018-10-14 02:00,0.56383,0.06357,0.05,0.003,0.44726,0.08489,0.08489,0.0,0.0
2018-10-14 02:00:00,2018-10-14 03:00,0.55686,0.06665,0.05,0.003,0.43721,0.089,0.089,0.0,0.0
2018-10-14 03:00:00,2018-10-14 04:00,0.56195,0.07166,0.05,0.003,0.43729,0.0957,0.0957,0.0,0.0
2018-10-14 04:00:00,2018-10-14 05:00,0.56227,0.07699,0.05,0.003,0.43228,0.1028,0.1028,0.0,0.0
2018-10-14 05:00:00,2018-10-14 06:00,0.56417,0.07932,0.05,0.003,0.43185,0.10592,0.10592,0.0,0.0
2018-10-14 06:00:00,2018-10-14 07:00,0.61663,0.09383,0.05,0.003,0.4698,0.12529,0.12529,0.0,0.0
2018-10-14 07:00:00,2018-10-14 08:00,0.71427,0.09393,0.05,0.11493,0.45541,0.12542,0.12542,0.0,-0.0
2018-10-14 08:00:00,2018-10-14 09:00,0.92397,0.09831,0.05,0.21126,0.5644,0.13127,0.13127,0.0,-0.0
2018-10-14 09:00:00,2018-10-14 10:00,0.93482,0.0978,0.05,0.11117,0.67585,0.13058,0.13058,0.0,-0.0
2018-10-14 10:00:00,2018-10-14 11:00,1.2884,0.09734,0.05,0.39425,0.74681,0.12998,0.12998,0.0,0.0
2018-10-14 11:00:00,2018-10-14 12:00,0.89751,0.09505,0.05,0.003,0.74946,0.12693,0.12693,0.0,0.0
2018-10-14 12:00:00,2018-10-14 13:00,0.86298,0.09373,0.05,0.003,0.71625,0.12516,0.12516,0.0,0.0
2018-10-14 13:00:00,2018-10-14 14:00,1.37194,0.08828,0.05,0.33403,0.89963,0.11787,0.11787,0.0,0.0
2018-10-14 14:00:00,2018-10-14 15:00,2.55251,0.08795,0.05,0.17782,2.23674,0.11743,0.11743,0.0,-0.0
2018-10-14 15:00:00,2018-10-14 16:00,1.2779,0.07461,0.05,0.33026,0.82303,0.09962,0.09962,0.0,-0.0
2018-10-14 16:00:00,2018-10-14 17:00,1.38444,0.05583,0.05,0.45327,0.82534,0.13076,0.07455,0.0,0.05621
2018-10-14 17:00:00,2018-10-14 18:00,1.2956,0.07607,0.05,0.31214,0.85739,0.10158,0.10158,0.0,-0.0
2018-10-14 18:00:00,2018-10-14 19:00,1.23611,0.09222,0.05,0.11057,0.98332,0.12315,0.12315,0.0,0.0
2018-10-14 19:00:00,2018-10-14 20:00,1.71157,0.08627,0.05,0.43995,1.13535,0.11519,0.11519,0.0,-0.0
2018-10-14 20:00:00,2018-10-14 21:00,1.52965,0.07913,0.05,0.07004,1.33048,0.10566,0.10566,0.0,-0.0
2018-10-14 21:00:00,2018-10-14 22:00,1.34556,0.08889,0.05,0.003,1.20367,0.1187,0.1187,0.0,0.0
2018-10-14 22:00:00,2018-10-14 23:00,0.93242,0.09254,0.05,0.003,0.78688,0.12357,0.12357,0.0,0.0
2018-10-14 23:00:00,2018-10-15 00:00,0.65877,0.09086,0.05,0.003,0.51491,0.12132,0.12132,0.0,0.0
2018-10-15 00:00:00,2018-10-15 01:00,0.60979,0.09792,0.05,0.003,0.45887,0.13076,0.13076,0.0,-0.0
2018-10-15 01:00:00,2018-10-15 02:00,0.59875,0.10231,0.05,0.003,0.44344,0.13662,0.13662,0.0,0.0
2018-10-15 02:00:00,2018-10-15 03:00,0.59545,0.10415,0.05,0.003,0.4383,0.13907,0.13907,0.0,0.0
2018-10-15 03:00:00,2018-10-15 04:00,0.59442,0.10492,0.05,0.003,0.4365,0.1401,0.1401,0.0,-0.0
2018-10-15 04:00:00,2018-10-15 05:00,0.60199,0.11706,0.05,0.003,0.43193,0.15632,0.15632,0.0,-0.0
2018-10-15 05:00:00,2018-10-15 06:00,1.05343,0.12476,0.05,0.43249,0.44618,0.16658,0.16658,0.0,0.0
2018-10-15 06:00:00,2018-10-15 07:00,0.75409,0.13376,0.05,0.003,0.56733,0.17861,0.17861,0.0,-0.0
2018-10-15 07:00:00,2018-10-15 08:00,1.04771,0.1253,0.05,0.32803,0.54438,0.16733,0.16733,0.0,-0.0
2018-10-15 08:00:00,2018-10-15 09:00,1.13203,0.12312,0.05,0.44867,0.51024,0.16441,0.16441,0.0,0.0
2018-10-15 09:00:00,2018-10-15 10:00,0.92608,0.11684,0.05,0.24439,0.51485,0.15602,0.15602,0.0,-0.0
2018-10-15 10:00:00,2018-10-15 11:00,0.66846,0.10665,0.05,0.003,0.50881,0.14243,0.14243,0.0,-0.0
2018-10-15 11:00:00,2018-10-15 12:00,0.65408,0.09463,0.05,0.003,0.50645,0.12637,0.12637,0.0,-0.0
2018-10-15 12:00:00,2018-10-15 13:00,1.05377,0.07507,0.05,0.43676,0.49194,0.10024,0.10024,0.0,-0.0
2018-10-15 13:00:00,2018-10-15 14:00,0.68806,0.06462,0.05,0.0817,0.49174,0.08628,0.08628,0.0,0.0
2018-10-15 14:00:00,2018-10-15 15:00,0.62697,0.05484,0.05,0.003,0.51913,0.07323,0.07323,0.0,0.0
2018-10-15 15:00:00,2018-10-15 16:00,0.62969,0.05082,0.05,0.003,0.52587,0.06786,0.06786,0.0,-0.0
2018-10-15 16:00:00,2018-10-15 17:00,1.00864,0.04803,0.05,0.32912,0.58149,0.09224,0.06413,0.0,0.0281
2018-10-15 17:00:00,2018-10-15 18:00,0.88318,0.04696,0.05,0.103,0.68322,0.06271,0.06271,0.0,0.0
2018-10-15 18:00:00,2018-10-15 19:00,0.94644,0.05319,0.05,0.003,0.84025,0.07103,0.07103,0.0,0.0
2018-10-15 19:00:00,2018-10-15 20:00,0.9556,0.04887,0.05,0.003,0.85373,0.06526,0.06526,0.0,0.0
2018-10-15 20:00:00,2018-10-15 21:00,1.27975,0.03258,0.05,0.003,1.19417,0.09971,0.0435,0.0,0.05621
2018-10-15 21:00:00,2018-10-15 22:00,1.29654,0.05563,0.05,0.003,1.18791,0.07428,0.07428,0.0,0.0
2018-10-15 22:00:00,2018-10-15 23:00,1.2711,0.06685,0.05,0.43739,0.71686,0.08926,0.08926,0.0,0.0
2018-10-15 23:00:00,2018-10-16 00:00,0.79941,0.07069,0.05,0.17988,0.49884,0.0944,0.0944,0.0,0.0
2018-10-16 00:00:00,2018-10-16 01:00,0.58177,0.06971,0.05,0.003,0.45906,0.09307,0.09307,0.0,0.0
2018-10-16 01:00:00,2018-10-16 02:00,0.56581,0.06843,0.05,0.003,0.44438,0.09137,0.09137,0.0,0.0
2018-10-16 02:00:00,2018-10-16 03:00,0.56457,0.07325,0.05,0.003,0.43832,0.09783,0.09783,0.0,0.0
2018-10-16 03:00:00,2018-10-16 04:00,0.56486,0.07559,0.05,0.003,0.43627,0.10092,0.10092,0.0,-0.0
2018-10-16 04:00:00,2018-10-16 05:00,0.99439,0.07598,0.05,0.43815,0.43026,0.10146,0.10146,0.0,0.0
2018-10-16 05:00:00,2018-10-16 06:00,0.56516,0.07426,0.05,0.003,0.4379,0.09917,0.09917,0.0,-0.0
2018-10-16 06:00:00,2018-10-16 07:00,0.67361,0.0858,0.05,0.003,0.53481,0.11457,0.11457,0.0,0.0
2018-10-16 07:00:00,2018-10-16 08:00,1.20126,0.06554,0.05,0.44198,0.64374,0.11562,0.08752,0.0,0.0281
2018-10-16 08:00:00,2018-10-16 09:00,0.99515,0.06824,0.05,0.22475,0.65216,0.09112,0.09112,0.0,-0.0
2018-10-16 09:00:00,2018-10-16 10:00,0.71075,0.05741,0.05,0.003,0.60034,0.07665,0.07665,0.0,-0.0
2018-10-16 10:00:00,2018-10-16 11:00,0.9296,0.04666,0.0375,0.32744,0.518,0.06229,0.06229,0.0,-0.0
2018-10-16 11:00:00,2018-10-16 12:00,0.99447,0.0366,0.0,0.45144,0.50643,0.04886,0.04886,0.0,0.0
2018-10-16 12:00:00,2018-10-16 13:00,0.77056,0.02648,0.0,0.21288,0.5312,0.04662,0.03538,0.0,0.01124
2018-10-16 13:00:00,2018-10-16 14:00,0.61399,0.01265,0.0,0.003,0.59834,0.03376,0.0169,0.0,0.01686
2018-10-16 14:00:00,2018-10-16 15:00,0.71274,0.00859,0.0,0.10755,0.5966,0.02271,0.01147,0.0,0.01124
2018-10-16 15:00:00,2018-10-16 16:00,1.08624,0.0,0.0,0.44255,0.64369,0.01686,0.0,0.0,0.01686
2018-10-16 16:00:00,2018-10-16 17:00,1.05616,0.0,0.0,0.28482,0.77134,0.03935,0.0,0.0,0.03935
2018-10-16 17:00:00,2018-10-16 18:00,0.85937,0.0,0.0,0.003,0.85637,0.04497,0.0,0.0,0.04497
2018-10-16 18:00:00,2018-10-16 19:00,0.88321,0.01182,0.025,0.003,0.84339,0.01578,0.01578,0.0,0.0
2018-10-16 19:00:00,2018-10-16 20:00,0.9695,0.02419,0.05,0.003,0.89231,0.0323,0.0323,0.0,-0.0
2018-10-16 20:00:00,2018-10-16 21:00,1.27633,0.0213,0.05,0.003,1.20203,0.02844,0.02844,0.0,0.0
2018-10-16 21:00:00,2018-10-16 22:00,1.52502,0.02896,0.05,0.003,1.44306,0.03868,0.03868,0.0,-0.0
2018-10-16 22:00:00,2018-10-16 23:00,2.62919,0.05074,0.05,0.2202,2.30825,0.06774,0.06774,0.0,0.0
2018-10-16 23:00:00,2018-10-17 00:00,0.73497,0.04753,0.05,0.16757,0.46987,0.06346,0.06346,0.0,0.0
2018-10-17 00:00:00,2018-10-17 01:00,0.55061,0.05034,0.05,0.003,0.44727,0.06722,0.06722,0.0,0.0
2018-10-17 01:00:00,2018-10-17 02:00,0.55324,0.0568,0.05,0.003,0.44344,0.07585,0.07585,0.0,-0.0
2018-10-17 02:00:00,2018-10-17 03:00,0.5534,0.06208,0.05,0.003,0.43832,0.08288,0.08288,0.0,0.0
2018-10-17 03:00:00,2018-10-17 04:00,0.55331,0.06401,0.05,0.003,0.4363,0.08549,0.08549,0.0,-0.0
2018-10-17 04:00:00,2018-10-17 05:00,0.65961,0.06867,0.05,0.11066,0.43028,0.0917,0.0917,0.0,-0.0
2018-10-17 05:00:00,2018-10-17 06:00,1.01396,0.07384,0.05,0.43898,0.45114,0.0986,0.0986,0.0,-0.0
2018-10-17 06:00:00,2018-10-17 07:00,1.12872,0.08891,0.05,0.45492,0.53489,0.11871,0.11871,0.0,0.0
2018-10-17 07:00:00,2018-10-17 08:00,0.80158,0.08016,0.05,0.14482,0.5266,0.11829,0.10705,0.0,0.01124
2018-10-17 08:00:00,2018-10-17 09:00,0.90247,0.07417,0.05,0.21308,0.56522,0.1159,0.09904,0.0,0.01686
2018-10-17 09:00:00,2018-10-17 10:00,1.09246,0.0706,0.05,0.43564,0.53622,0.09427,0.09427,0.0,-0.0
2018-10-17 10:00:00,2018-10-17 11:00,0.90484,0.06616,0.05,0.21822,0.57046,0.08833,0.08833,0.0,-0.0
2018-10-17 11:00:00,2018-10-17 12:00,1.06949,0.05974,0.05,0.43473,0.52502,0.07979,0.07979,0.0,0.0
2018-10-17 12:00:00,2018-10-17 13:00,0.70195,0.04144,0.05,0.15194,0.45857,0.05534,0.05534,0.0,0.0
2018-10-17 13:00:00,2018-10-17 14:00,0.79912,0.03482,0.05,0.003,0.7113,0.0465,0.0465,0.0,-0.0
2018-10-17 14:00:00,2018-10-17 15:00,2.81633,0.03497,0.05,0.21957,2.51179,0.04669,0.04669,0.0,-0.0
2018-10-17 15:00:00,2018-10-17 16:00,2.0209,0.02209,0.05,0.36464,1.58417,0.0295,0.0295,0.0,-0.0
2018-10-17 16:00:00,2018-10-17 17:00,0.621,0.01462,0.05,0.003,0.55338,0.01952,0.01952,0.0,0.0
2018-10-17 17:00:00,2018-10-17 18:00,0.74323,0.00761,0.05,0.003,0.68262,0.04951,0.01016,0.0,0.03935
2018-10-17 18:00:00,2018-10-17 19:00,1.879,0.00874,0.05,0.21688,1.60338,0.05664,0.01167,0.0,0.04497
2018-10-17 19:00:00,2018-10-17 20:00,1.38635,0.01902,0.05,0.28057,1.03676,0.02539,0.02539,0.0,0.0
2018-10-17 20:00:00,2018-10-17 21:00,1.58395,0.02447,0.05,0.003,1.50648,0.03267,0.03267,0.0,0.0
2018-10-17 21:00:00,2018-10-17 22:00,3.26483,0.0513,0.05,0.003,3.16053,0.06851,0.06851,0.0,0.0
2018-10-17 22:00:00,2018-10-17 23:00,0.9143,0.04483,0.05,0.003,0.81647,0.05986,0.05986,0.0,-0.0
2018-10-17 23:00:00,2018-10-18 00:00,0.62591,0.05275,0.05,0.003,0.52016,0.07044,0.07044,0.0,-0.0
2018-10-18 00:00:00,2018-10-18 01:00,0.5731,0.06103,0.05,0.003,0.45907,0.0815,0.0815,0.0,0.0
2018-10-18 01:00:00,2018-10-18 02:00,0.56678,0.0694,0.05,0.003,0.44438,0.09268,0.09268,0.0,-0.0
2018-10-18 02:00:00,2018-10-18 03:00,0.56715,0.07583,0.05,0.003,0.43832,0.10127,0.10127,0.0,0.0
2018-10-18 03:00:00,2018-10-18 04:00,0.79024,0.07861,0.05,0.22534,0.43629,0.10497,0.10497,0.0,-0.0
2018-10-18 04:00:00,2018-10-18 05:00,0.72756,0.07853,0.05,0.15752,0.44151,0.11611,0.10487,0.0,0.01124
2018-10-18 05:00:00,2018-10-18 06:00,0.98545,0.05006,0.05,0.32678,0.55861,0.17926,0.06684,0.0,0.11242
2018-10-18 06:00:00,2018-10-18 07:00,1.00589,0.08641,0.05,0.3142,0.55528,0.13226,0.1154,0.0,0.01686
2018-10-18 07:00:00,2018-10-18 08:00,0.64311,0.08281,0.05,0.003,0.5073,0.11058,0.11058,0.0,-0.0
2018-10-18 08:00:00,2018-10-18 09:00,1.06952,0.07391,0.05,0.42663,0.51898,0.09869,0.09869,0.0,-0.0
2018-10-18 09:00:00,2018-10-18 10:00,1.07002,0.06166,0.05,0.44352,0.51484,0.08234,0.08234,0.0,0.0
2018-10-18 10:00:00,2018-10-18 11:00,1.01313,0.04016,0.0125,0.45771,0.50276,0.05364,0.05364,0.0,-0.0
2018-10-18 11:00:00,2018-10-18 12:00,0.49162,0.02629,0.0,0.02038,0.44495,0.03509,0.03509,0.0,-0.0
2018-10-18 12:00:00,2018-10-18 13:00,0.46703,0.01179,0.0,0.003,0.45224,0.01573,0.01573,0.0,0.0
2018-10-18 13:00:00,2018-10-18 14:00,0.45712,0.0007,0.0,0.003,0.45342,0.00094,0.00094,0.0,0.0
2018-10-18 14:00:00,2018-10-18 15:00,0.45648,0.0,0.0,0.003,0.45348,0.0,0.0,0.0,0.0
2018-10-18 15:00:00,2018-10-18 16:00,0.45562,0.0,0.0,0.003,0.45262,0.0,0.0,0.0,0.0
2018-10-18 16:00:00,2018-10-18 17:00,0.46825,0.0,0.0,0.003,0.46525,0.0,0.0,0.0,0.0
2018-10-18 17:00:00,2018-10-18 18:00,0.59067,0.0,0.0,0.003,0.58767,0.0,0.0,0.0,0.0
2018-10-18 18:00:00,2018-10-18 19:00,1.05334,0.0,0.0,0.22349,0.82985,0.0,0.0,0.0,0.0
2018-10-18 19:00:00,2018-10-18 20:00,1.96759,0.0,0.0,0.30186,1.66573,0.03935,0.0,0.0,0.03935
2018-10-18 20:00:00,2018-10-18 21:00,2.60694,0.0,0.0265,0.11039,2.47005,0.01686,0.0,0.0,0.01686
2018-10-18 21:00:00,2018-10-18 22:00,1.342,0.0,0.0,0.257,1.085,0.0,0.0,0.0,0.0
2018-10-18 22:00:00,2018-10-18 23:00,0.66919,0.0,0.0,0.003,0.66619,0.0,0.0,0.0,0.0
2018-10-18 23:00:00,2018-10-19 00:00,0.45776,0.0,0.0,0.003,0.45476,0.0,0.0,0.0,0.0
2018-10-19 00:00:00,2018-10-19 01:00,0.452,0.0,0.0,0.003,0.449,0.0,0.0,0.0,0.0
2018-10-19 01:00:00,2018-10-19 02:00,0.44788,0.0,0.0,0.003,0.44488,0.0,0.0,0.0,0.0
2018-10-19 02:00:00,2018-10-19 03:00,0.44234,0.0,0.0,0.003,0.43934,0.0,0.0,0.0,0.0
2018-10-19 03:00:00,2018-10-19 04:00,0.7775,0.0,0.0,0.34011,0.43739,0.0,0.0,0.0,0.0
2018-10-19 04:00:00,2018-10-19 05:00,0.43546,0.0,0.0,0.003,0.43246,0.0,0.0,0.0,0.0
2018-10-19 05:00:00,2018-10-19 06:00,0.66544,0.0,0.0,0.22268,0.44276,0.0,0.0,0.0,0.0
2018-10-19 06:00:00,2018-10-19 07:00,0.94962,0.01396,0.0,0.4242,0.51146,0.01864,0.01864,0.0,-0.0
2018-10-19 07:00:00,2018-10-19 08:00,0.81258,0.0,0.0,0.22007,0.59251,0.05621,0.0,0.0,0.05621
2018-10-19 08:00:00,2018-10-19 09:00,0.9061,0.00888,0.0,0.38694,0.51028,0.01186,0.01186,0.0,0.0
2018-10-19 09:00:00,2018-10-19 10:00,0.48769,0.00622,0.0,0.003,0.47847,0.0083,0.0083,0.0,-0.0
2018-10-19 10:00:00,2018-10-19 11:00,0.45746,0.00085,0.0,0.003,0.45361,0.00113,0.00113,0.0,-0.0
2018-10-19 11:00:00,2018-10-19 12:00,0.48806,0.0,0.0,0.003,0.48506,0.0,0.0,0.0,0.0
2018-10-19 12:00:00,2018-10-19 13:00,0.45564,0.0,0.0,0.003,0.45264,0.0,0.0,0.0,0.0
2018-10-19 13:00:00,2018-10-19 14:00,0.45705,0.0,0.0,0.003,0.45405,0.0,0.0,0.0,0.0
2018-10-19 14:00:00,2018-10-19 15:00,0.45719,0.0,0.0,0.003,0.45419,0.0,0.0,0.0,0.0
2018-10-19 15:00:00,2018-10-19 16:00,0.95908,0.0,0.0,0.41622,0.54286,0.0,0.0,0.0,0.0
2018-10-19 16:00:00,2018-10-19 17:00,0.68652,0.0,0.0,0.003,0.68352,0.03935,0.0,0.0,0.03935
2018-10-19 17:00:00,2018-10-19 18:00,0.9083,0.0,0.00731,0.11302,0.78797,0.04497,0.0,0.0,0.04497
2018-10-19 18:00:00,2018-10-19 19:00,1.17389,0.0,0.0,0.23992,0.93397,0.0,0.0,0.0,0.0
2018-10-19 19:00:00,2018-10-19 20:00,1.01443,0.0,0.0,0.003,1.01143,0.0,0.0,0.0,0.0
2018-10-19 20:00:00,2018-10-19 21:00,1.15472,0.0,0.0,0.003,1.15172,0.0,0.0,0.0,0.0
2018-10-19 21:00:00,2018-10-19 22:00,0.90659,0.0,0.0,0.003,0.90359,0.0,0.0,0.0,0.0
2018-10-19 22:00:00,2018-10-19 23:00,0.82028,0.0,0.025,0.22447,0.57081,0.0,0.0,0.0,0.0
2018-10-19 23:00:00,2018-10-20 00:00,0.69474,0.0,0.05,0.15236,0.49238,0.0,0.0,0.0,0.0
2018-10-20 00:00:00,2018-10-20 01:00,0.50215,0.0,0.05,0.003,0.44915,0.0,0.0,0.0,0.0
2018-10-20 01:00:00,2018-10-20 02:00,0.50137,0.00348,0.05,0.003,0.44489,0.00464,0.00464,0.0,0.0
2018-10-20 02:00:00,2018-10-20 03:00,0.51383,0.02127,0.05,0.003,0.43956,0.0284,0.0284,0.0,-0.0
2018-10-20 03:00:00,2018-10-20 04:00,0.52014,0.02938,0.05,0.003,0.43776,0.03924,0.03924,0.0,0.0
2018-10-20 04:00:00,2018-10-20 05:00,0.55755,0.07227,0.05,0.003,0.43228,0.09651,0.09651,0.0,0.0
2018-10-20 05:00:00,2018-10-20 06:00,0.58769,0.10283,0.05,0.003,0.43186,0.13732,0.13732,0.0,0.0
2018-10-20 06:00:00,2018-10-20 07:00,0.65219,0.124,0.05,0.003,0.47519,0.16558,0.16558,0.0,-0.0
2018-10-20 07:00:00,2018-10-20 08:00,1.00078,0.10495,0.05,0.33565,0.51018,0.14013,0.14013,0.0,0.0
2018-10-20 08:00:00,2018-10-20 09:00,0.92233,0.09918,0.05,0.1901,0.58305,0.13245,0.13245,0.0,-0.0
2018-10-20 09:00:00,2018-10-20 10:00,0.86733,0.10367,0.05,0.10921,0.60445,0.13843,0.13843,0.0,0.0
2018-10-20 10:00:00,2018-10-20 11:00,1.35757,0.11127,0.05,0.43639,0.75991,0.14859,0.14859,0.0,0.0
2018-10-20 11:00:00,2018-10-20 12:00,2.42193,0.06889,0.05,0.45582,1.84722,0.15944,0.09199,0.0,0.06745
2018-10-20 12:00:00,2018-10-20 13:00,2.58997,0.05803,0.05,0.05147,2.43047,0.09436,0.0775,0.0,0.01686
2018-10-20 13:00:00,2018-10-20 14:00,0.97559,0.05729,0.05,0.1082,0.7601,0.07651,0.07651,0.0,-0.0
2018-10-20 14:00:00,2018-10-20 15:00,1.32323,0.05003,0.05,0.44343,0.77977,0.06681,0.06681,0.0,-0.0
2018-10-20 15:00:00,2018-10-20 16:00,1.01385,0.03649,0.05,0.17201,0.75535,0.04873,0.04873,0.0,0.0
2018-10-20 16:00:00,2018-10-20 17:00,0.81681,0.02589,0.05,0.003,0.73792,0.03458,0.03458,0.0,0.0
2018-10-20 17:00:00,2018-10-20 18:00,1.06784,0.01944,0.05,0.003,0.9954,0.03719,0.02595,0.0,0.01124
2018-10-20 18:00:00,2018-10-20 19:00,1.66602,0.02946,0.05,0.431,1.15556,0.05619,0.03933,0.0,0.01686
2018-10-20 19:00:00,2018-10-20 20:00,1.51049,0.02773,0.05,0.17352,1.25924,0.03702,0.03702,0.0,0.0
2018-10-20 20:00:00,2018-10-20 21:00,1.40176,0.03755,0.05,0.003,1.31121,0.05015,0.05015,0.0,-0.0
2018-10-20 21:00:00,2018-10-20 22:00,1.12049,0.04808,0.05,0.003,1.01941,0.06421,0.06421,0.0,-0.0
2018-10-20 22:00:00,2018-10-20 23:00,0.79508,0.05882,0.05,0.003,0.68326,0.07854,0.07854,0.0,0.0
2018-10-20 23:00:00,2018-10-21 00:00,0.66288,0.07164,0.05,0.003,0.53824,0.09566,0.09566,0.0,-0.0
2018-10-21 00:00:00,2018-10-21 01:00,0.59318,0.0783,0.05,0.003,0.46188,0.10455,0.10455,0.0,0.0
2018-10-21 01:00:00,2018-10-21 02:00,0.58515,0.08462,0.05,0.003,0.44753,0.11299,0.11299,0.0,0.0
2018-10-21 02:00:00,2018-10-21 03:00,0.58596,0.09339,0.05,0.003,0.43957,0.12471,0.12471,0.0,0.0
2018-10-21 03:00:00,2018-10-21 04:00,0.59195,0.10119,0.05,0.003,0.43776,0.13513,0.13513,0.0,0.0
2018-10-21 04:00:00,2018-10-21 05:00,0.59225,0.10697,0.05,0.003,0.43228,0.14284,0.14284,0.0,0.0
2018-10-21 05:00:00,2018-10-21 06:00,0.82029,0.11248,0.05,0.22597,0.43184,0.15019,0.15019,0.0,0.0
2018-10-21 06:00:00,2018-10-21 07:00,0.73246,0.12871,0.05,0.08395,0.4698,0.17187,0.17187,0.0,0.0
2018-10-21 07:00:00,2018-10-21 08:00,0.61924,0.11722,0.05,0.003,0.44902,0.15653,0.15653,0.0,0.0
2018-10-21 08:00:00,2018-10-21 09:00,0.62438,0.1116,0.05,0.003,0.45978,0.14902,0.14902,0.0,0.0
2018-10-21 09:00:00,2018-10-21 10:00,0.70115,0.09974,0.05,0.003,0.54841,0.13318,0.13318,0.0,-0.0
2018-10-21 10:00:00,2018-10-21 11:00,1.20548,0.08157,0.05,0.33474,0.73917,0.10893,0.10893,0.0,-0.0
2018-10-21 11:00:00,2018-10-21 12:00,0.97767,0.06675,0.05,0.19511,0.66581,0.08912,0.08912,0.0,0.0
2018-10-21 12:00:00,2018-10-21 13:00,0.70872,0.04495,0.025,0.003,0.63577,0.06004,0.06004,0.0,0.0
2018-10-21 13:00:00,2018-10-21 14:00,0.79653,0.02297,0.0,0.10932,0.66424,0.03067,0.03067,0.0,0.0
2018-10-21 14:00:00,2018-10-21 15:00,1.13002,0.00577,0.0,0.399,0.72525,0.00771,0.00771,0.0,-0.0
2018-10-21 15:00:00,2018-10-21 16:00,0.7545,0.0,0.0,0.003,0.7515,0.0,0.0,0.0,0.0
2018-10-21 16:00:00,2018-10-21 17:00,1.00692,0.0,0.0,0.2101,0.79682,0.0,0.0,0.0,0.0
2018-10-21 17:00:00,2018-10-21 18:00,1.28249,0.0,0.0,0.42451,0.85798,0.0,0.0,0.0,0.0
2018-10-21 18:00:00,2018-10-21 19:00,1.41513,0.0,0.0,0.43121,0.98392,0.0,0.0,0.0,0.0
2018-10-21 19:00:00,2018-10-21 20:00,1.4325,0.0,0.05,0.3158,1.0667,0.0,0.0,0.0,0.0
2018-10-21 20:00:00,2018-10-21 21:00,1.30686,0.0,0.05,0.003,1.25386,0.0281,0.0,0.0,0.0281
2018-10-21 21:00:00,2018-10-21 22:00,1.08995,0.00611,0.05,0.003,1.03084,0.00816,0.00816,0.0,-0.0
2018-10-21 22:00:00,2018-10-21 23:00,0.80356,0.02135,0.05,0.003,0.72921,0.0285,0.0285,0.0,0.0
2018-10-21 23:00:00,2018-10-22 00:00,0.62372,0.03277,0.05,0.003,0.53795,0.04375,0.04375,0.0,0.0
2018-10-22 00:00:00,2018-10-22 01:00,0.55181,0.03974,0.05,0.003,0.45907,0.05308,0.05308,0.0,0.0
2018-10-22 01:00:00,2018-10-22 02:00,0.9078,0.04964,0.05,0.36296,0.4452,0.06627,0.06627,0.0,0.0
2018-10-22 02:00:00,2018-10-22 03:00,0.54598,0.05779,0.05,0.003,0.43519,0.07716,0.07716,0.0,-0.0
2018-10-22 03:00:00,2018-10-22 04:00,0.54861,0.06476,0.05,0.003,0.43085,0.08646,0.08646,0.0,0.0
2018-10-22 04:00:00,2018-10-22 05:00,0.91068,0.07426,0.05,0.35538,0.43104,0.09916,0.09916,0.0,0.0
2018-10-22 05:00:00,2018-10-22 06:00,0.56252,0.07892,0.05,0.003,0.4306,0.10538,0.10538,0.0,0.0
2018-10-22 06:00:00,2018-10-22 07:00,0.64956,0.09405,0.05,0.003,0.50251,0.12559,0.12559,0.0,-0.0
2018-10-22 07:00:00,2018-10-22 08:00,0.91146,0.08669,0.05,0.21708,0.55769,0.11576,0.11576,0.0,0.0
2018-10-22 08:00:00,2018-10-22 09:00,1.02397,0.08384,0.05,0.3799,0.51023,0.11196,0.11196,0.0,-0.0
2018-10-22 09:00:00,2018-10-22 10:00,0.84101,0.06174,0.05,0.21444,0.51483,0.08244,0.08244,0.0,0.0
2018-10-22 10:00:00,2018-10-22 11:00,0.85519,0.03886,0.025,0.33455,0.45678,0.05188,0.05188,0.0,0.0
2018-10-22 11:00:00,2018-10-22 12:00,0.47292,0.02497,0.0,0.003,0.44495,0.03333,0.03333,0.0,0.0
2018-10-22 12:00:00,2018-10-22 13:00,0.47239,0.01714,0.0,0.003,0.45225,0.02289,0.02289,0.0,0.0
2018-10-22 13:00:00,2018-10-22 14:00,0.46137,0.00496,0.0,0.003,0.45341,0.00663,0.00663,0.0,0.0
2018-10-22 14:00:00,2018-10-22 15:00,0.45633,0.0,0.0,0.003,0.45333,0.0,0.0,0.0,0.0
2018-10-22 15:00:00,2018-10-22 16:00,0.45519,0.0,0.0,0.003,0.45219,0.0,0.0,0.0,0.0
2018-10-22 16:00:00,2018-10-22 17:00,0.46748,0.0,0.0,0.003,0.46448,0.0,0.0,0.0,0.0
2018-10-22 17:00:00,2018-10-22 18:00,0.48051,0.0,0.0,0.003,0.47751,0.0,0.0,0.0,0.0
2018-10-22 18:00:00,2018-10-22 19:00,0.92161,0.0,0.0,0.11215,0.80946,0.0281,0.0,0.0,0.0281
2018-10-22 19:00:00,2018-10-22 20:00,1.23951,0.0,0.0,0.24777,0.99174,0.0,0.0,0.0,0.0
2018-10-22 20:00:00,2018-10-22 21:00,1.19079,0.0,0.0375,0.003,1.15029,0.0,0.0,0.0,0.0
2018-10-22 21:00:00,2018-10-22 22:00,0.97472,0.00846,0.05,0.003,0.91326,0.01131,0.01131,0.0,0.0
2018-10-22 22:00:00,2018-10-22 23:00,1.1831,0.02036,0.05,0.43997,0.67277,0.02719,0.02719,0.0,0.0
2018-10-22 23:00:00,2018-10-23 00:00,0.91254,0.02936,0.05,0.30353,0.52965,0.0392,0.0392,0.0,0.0
2018-10-23 00:00:00,2018-10-23 01:00,0.53819,0.03792,0.05,0.003,0.44727,0.05064,0.05064,0.0,-0.0
2018-10-23 01:00:00,2018-10-23 02:00,0.54168,0.04525,0.05,0.003,0.44343,0.06042,0.06042,0.0,0.0
2018-10-23 02:00:00,2018-10-23 03:00,0.54251,0.0512,0.05,0.003,0.43831,0.06836,0.06836,0.0,0.0
2018-10-23 03:00:00,2018-10-23 04:00,0.54957,0.06028,0.05,0.003,0.43629,0.0805,0.0805,0.0,0.0
2018-10-23 04:00:00,2018-10-23 05:00,0.65826,0.06712,0.05,0.11089,0.43025,0.08962,0.08962,0.0,0.0
2018-10-23 05:00:00,2018-10-23 06:00,0.86588,0.07215,0.05,0.30474,0.43899,0.09634,0.09634,0.0,0.0
2018-10-23 06:00:00,2018-10-23 07:00,0.63535,0.09057,0.05,0.003,0.49178,0.12094,0.12094,0.0,-0.0
2018-10-23 07:00:00,2018-10-23 08:00,0.9565,0.08425,0.05,0.32088,0.50137,0.11251,0.11251,0.0,0.0
2018-10-23 08:00:00,2018-10-23 09:00,1.07683,0.07847,0.05,0.4441,0.50426,0.10478,0.10478,0.0,0.0
2018-10-23 09:00:00,2018-10-23 10:00,0.67175,0.06587,0.05,0.10176,0.45412,0.08795,0.08795,0.0,0.0
2018-10-23 10:00:00,2018-10-23 11:00,0.55142,0.05089,0.05,0.003,0.44753,0.06795,0.06795,0.0,0.0
2018-10-23 11:00:00,2018-10-23 12:00,0.53856,0.04061,0.05,0.003,0.44495,0.05422,0.05422,0.0,-0.0
2018-10-23 12:00:00,2018-10-23 13:00,0.565,0.03061,0.05,0.003,0.48139,0.04088,0.04088,0.0,0.0
2018-10-23 13:00:00,2018-10-23 14:00,2.00334,0.02439,0.05,0.003,1.92595,0.03256,0.03256,0.0,0.0
2018-10-23 14:00:00,2018-10-23 15:00,1.83974,0.01697,0.05,0.11196,1.66081,0.02266,0.02266,0.0,-0.0
2018-10-23 15:00:00,2018-10-23 16:00,1.06456,0.00204,0.05,0.43213,0.58039,0.00274,0.00274,0.0,-0.0
2018-10-23 16:00:00,2018-10-23 17:00,0.7109,0.0,0.05,0.003,0.6579,0.0281,0.0,0.0,0.0281
2018-10-23 17:00:00,2018-10-23 18:00,0.75258,0.0,0.05,0.003,0.69958,0.0,0.0,0.0,0.0
2018-10-23 18:00:00,2018-10-23 19:00,0.91321,0.02017,0.05,0.003,0.84004,0.02694,0.02694,0.0,0.0
2018-10-23 19:00:00,2018-10-23 20:00,1.40248,0.01883,0.05,0.43486,0.89879,0.02514,0.02514,0.0,0.0
2018-10-23 20:00:00,2018-10-23 21:00,1.49933,0.02003,0.05,0.20683,1.22247,0.02676,0.02676,0.0,0.0
2018-10-23 21:00:00,2018-10-23 22:00,1.2285,0.03096,0.05,0.003,1.14454,0.04135,0.04135,0.0,0.0
2018-10-23 22:00:00,2018-10-23 23:00,1.34818,0.04593,0.05,0.003,1.24925,0.06133,0.06133,0.0,0.0
2018-10-23 23:00:00,2018-10-24 00:00,0.57707,0.05419,0.05,0.003,0.46988,0.07235,0.07235,0.0,0.0
2018-10-24 00:00:00,2018-10-24 01:00,0.56251,0.06223,0.05,0.003,0.44728,0.08312,0.08312,0.0,0.0
2018-10-24 01:00:00,2018-10-24 02:00,0.56746,0.07019,0.05,0.003,0.44427,0.09372,0.09372,0.0,0.0
2018-10-24 02:00:00,2018-10-24 03:00,0.98455,0.07813,0.05,0.41956,0.43686,0.10433,0.10433,0.0,0.0
2018-10-24 03:00:00,2018-10-24 04:00,0.57036,0.08386,0.05,0.003,0.4335,0.11198,0.11198,0.0,0.0
2018-10-24 04:00:00,2018-10-24 05:00,0.57361,0.08957,0.05,0.003,0.43104,0.1196,0.1196,0.0,-0.0
2018-10-24 05:00:00,2018-10-24 06:00,0.69377,0.0944,0.05,0.11058,0.43879,0.12605,0.12605,0.0,0.0
2018-10-24 06:00:00,2018-10-24 07:00,1.18676,0.0904,0.05,0.44056,0.6058,0.18817,0.12072,0.0,0.06745
2018-10-24 07:00:00,2018-10-24 08:00,0.78181,0.083,0.05,0.10773,0.54108,0.15581,0.11084,0.0,0.04497
2018-10-24 08:00:00,2018-10-24 09:00,0.63822,0.09561,0.05,0.003,0.48961,0.12766,0.12766,0.0,0.0
2018-10-24 09:00:00,2018-10-24 10:00,0.58695,0.07983,0.05,0.003,0.45412,0.10659,0.10659,0.0,-0.0
2018-10-24 10:00:00,2018-10-24 11:00,0.55839,0.05785,0.05,0.003,0.44754,0.07725,0.07725,0.0,0.0
2018-10-24 11:00:00,2018-10-24 12:00,0.54184,0.0439,0.05,0.003,0.44494,0.05861,0.05861,0.0,-0.0
2018-10-24 12:00:00,2018-10-24 13:00,0.54482,0.03958,0.05,0.003,0.45224,0.05284,0.05284,0.0,0.0
2018-10-24 13:00:00,2018-10-24 14:00,0.49937,0.03045,0.0125,0.003,0.45342,0.04067,0.04067,0.0,0.0
2018-10-24 14:00:00,2018-10-24 15:00,0.47617,0.01985,0.0,0.003,0.45332,0.0265,0.0265,0.0,0.0
2018-10-24 15:00:00,2018-10-24 16:00,0.97102,0.00907,0.0,0.44698,0.51497,0.01211,0.01211,0.0,0.0
2018-10-24 16:00:00,2018-10-24 17:00,0.73517,0.0,0.0,0.08612,0.64905,0.09556,0.0,0.0,0.09556
2018-10-24 17:00:00,2018-10-24 18:00,0.74537,0.0,0.0,0.003,0.74237,0.11242,0.0,0.0,0.11242
2018-10-24 18:00:00,2018-10-24 19:00,1.13956,0.0,0.05,0.21786,0.8717,0.11242,0.0,0.0,0.11242
2018-10-24 19:00:00,2018-10-24 20:00,3.41459,0.0,0.05,0.4485,2.91609,0.07496,0.0,0.0,0.07496
2018-10-24 20:00:00,2018-10-24 21:00,2.22204,0.00062,0.05,0.09384,2.07758,0.00082,0.00082,0.0,0.0
2018-10-24 21:00:00,2018-10-24 22:00,1.25858,0.01492,0.05,0.21885,0.97481,0.01991,0.01991,0.0,0.0
2018-10-24 22:00:00,2018-10-24 23:00,1.97127,0.02304,0.05,0.20388,1.69435,0.03075,0.03075,0.0,0.0
2018-10-24 23:00:00,2018-10-25 00:00,0.56992,0.02445,0.05,0.003,0.49247,0.03264,0.03264,0.0,0.0
2018-10-25 00:00:00,2018-10-25 01:00,0.54121,0.02914,0.05,0.003,0.45907,0.03892,0.03892,0.0,-0.0
2018-10-25 01:00:00,2018-10-25 02:00,0.53114,0.03263,0.05,0.003,0.44551,0.04357,0.04357,0.0,-0.0
2018-10-25 02:00:00,2018-10-25 03:00,0.52563,0.03467,0.05,0.003,0.43796,0.04631,0.04631,0.0,-0.0
2018-10-25 03:00:00,2018-10-25 04:00,0.52268,0.03618,0.05,0.003,0.4335,0.04832,0.04832,0.0,-0.0
2018-10-25 04:00:00,2018-10-25 05:00,0.52384,0.0398,0.05,0.003,0.43104,0.05315,0.05315,0.0,0.0
2018-10-25 05:00:00,2018-10-25 06:00,0.63891,0.04191,0.05,0.11285,0.43415,0.05597,0.05597,0.0,0.0
2018-10-25 06:00:00,2018-10-25 07:00,1.09732,0.0493,0.05,0.45422,0.5438,0.06582,0.06582,0.0,-0.0
2018-10-25 07:00:00,2018-10-25 08:00,0.88493,0.03953,0.05,0.15889,0.63651,0.05278,0.05278,0.0,0.0
2018-10-25 08:00:00,2018-10-25 09:00,1.10365,0.04109,0.05,0.44056,0.572,0.05486,0.05486,0.0,-0.0
2018-10-25 09:00:00,2018-10-25 10:00,0.81995,0.04315,0.05,0.07507,0.65173,0.0576,0.0576,0.0,-0.0
2018-10-25 10:00:00,2018-10-25 11:00,2.5678,0.04555,0.05,0.003,2.46925,0.06083,0.06083,0.0,0.0
2018-10-25 11:00:00,2018-10-25 12:00,1.58392,0.03577,0.0375,0.39441,1.11624,0.04776,0.04776,0.0,0.0
2018-10-25 12:00:00,2018-10-25 13:00,0.49362,0.02916,0.0,0.003,0.46146,0.03893,0.03893,0.0,-0.0
2018-10-25 13:00:00,2018-10-25 14:00,0.48102,0.02462,0.0,0.003,0.4534,0.03288,0.03288,0.0,0.0
2018-10-25 14:00:00,2018-10-25 15:00,0.47868,0.02236,0.0,0.003,0.45332,0.02988,0.02988,0.0,-0.0
2018-10-25 15:00:00,2018-10-25 16:00,0.51984,0.01993,0.0,0.003,0.49691,0.02662,0.02662,0.0,0.0
2018-10-25 16:00:00,2018-10-25 17:00,0.57663,0.02025,0.0,0.003,0.55338,0.02704,0.02704,0.0,0.0
2018-10-25 17:00:00,2018-10-25 18:00,0.68497,0.01348,0.0,0.003,0.66849,0.05734,0.018,0.0,0.03935
2018-10-25 18:00:00,2018-10-25 19:00,1.18978,0.0,0.0,0.22323,0.96655,0.07307,0.0,0.0,0.07307
2018-10-25 19:00:00,2018-10-25 20:00,1.48876,0.00955,0.05,0.32649,1.10272,0.01276,0.01276,0.0,-0.0
2018-10-25 20:00:00,2018-10-25 21:00,1.38712,0.00388,0.0375,0.003,1.34274,0.04453,0.00519,0.0,0.03935
2018-10-25 21:00:00,2018-10-25 22:00,1.15304,0.0,0.05,0.003,1.10004,0.01686,0.0,0.0,0.01686
2018-10-25 22:00:00,2018-10-25 23:00,0.6891,0.02266,0.05,0.003,0.61344,0.03025,0.03025,0.0,0.0
2018-10-25 23:00:00,2018-10-26 00:00,0.57276,0.02728,0.05,0.003,0.49248,0.03643,0.03643,0.0,0.0
2018-10-26 00:00:00,2018-10-26 01:00,0.53344,0.03122,0.05,0.003,0.44922,0.04169,0.04169,0.0,0.0
2018-10-26 01:00:00,2018-10-26 02:00,0.53028,0.03385,0.05,0.003,0.44343,0.04519,0.04519,0.0,0.0
2018-10-26 02:00:00,2018-10-26 03:00,0.52715,0.03584,0.05,0.003,0.43831,0.04787,0.04787,0.0,0.0
2018-10-26 03:00:00,2018-10-26 04:00,0.5282,0.03891,0.05,0.003,0.43629,0.05197,0.05197,0.0,0.0
2018-10-26 04:00:00,2018-10-26 05:00,0.85279,0.04111,0.05,0.33142,0.43026,0.05489,0.05489,0.0,-0.0
2018-10-26 05:00:00,2018-10-26 06:00,0.85745,0.04006,0.05,0.29672,0.47067,0.06473,0.05349,0.0,0.01124
2018-10-26 06:00:00,2018-10-26 07:00,0.84179,0.03625,0.05,0.1107,0.64484,0.09337,0.0484,0.0,0.04497
2018-10-26 07:00:00,2018-10-26 08:00,1.13397,0.04681,0.05,0.44683,0.59033,0.06249,0.06249,0.0,-0.0
2018-10-26 08:00:00,2018-10-26 09:00,0.83954,0.05212,0.05,0.20375,0.53367,0.0696,0.0696,0.0,0.0
2018-10-26 09:00:00,2018-10-26 10:00,0.82622,0.05252,0.05,0.21493,0.50877,0.07013,0.07013,0.0,-0.0
2018-10-26 10:00:00,2018-10-26 11:00,0.87508,0.05342,0.05,0.32413,0.44753,0.07133,0.07133,0.0,0.0
2018-10-26 11:00:00,2018-10-26 12:00,0.55024,0.05228,0.05,0.003,0.44496,0.06981,0.06981,0.0,0.0
2018-10-26 12:00:00,2018-10-26 13:00,0.55457,0.04933,0.05,0.003,0.45224,0.06587,0.06587,0.0,0.0
2018-10-26 13:00:00,2018-10-26 14:00,0.55685,0.05043,0.05,0.003,0.45342,0.06735,0.06735,0.0,0.0
2018-10-26 14:00:00,2018-10-26 15:00,0.58201,0.05228,0.05,0.003,0.47673,0.06983,0.06983,0.0,0.0
2018-10-26 15:00:00,2018-10-26 16:00,0.63809,0.05053,0.05,0.003,0.53456,0.06749,0.06749,0.0,-0.0
2018-10-26 16:00:00,2018-10-26 17:00,1.18956,0.04674,0.05,0.44999,0.64283,0.06242,0.06242,0.0,0.0
2018-10-26 17:00:00,2018-10-26 18:00,0.85468,0.0356,0.05,0.03044,0.73864,0.08686,0.04752,0.0,0.03935
2018-10-26 18:00:00,2018-10-26 19:00,0.94121,0.03808,0.05,0.003,0.85013,0.09581,0.05085,0.0,0.04497
2018-10-26 19:00:00,2018-10-26 20:00,1.37107,0.04367,0.05,0.33352,0.94388,0.05831,0.05831,0.0,-0.0
2018-10-26 20:00:00,2018-10-26 21:00,1.28208,0.04128,0.05,0.12336,1.06744,0.05513,0.05513,0.0,-0.0
2018-10-26 21:00:00,2018-10-26 22:00,1.10011,0.03948,0.05,0.003,1.00763,0.05272,0.05272,0.0,0.0
2018-10-26 22:00:00,2018-10-26 23:00,0.70749,0.04533,0.05,0.003,0.60916,0.06053,0.06053,0.0,-0.0
2018-10-26 23:00:00,2018-10-27 00:00,0.55462,0.04864,0.05,0.003,0.45298,0.06496,0.06496,0.0,0.0
2018-10-27 00:00:00,2018-10-27 01:00,0.55234,0.05082,0.05,0.003,0.44852,0.06786,0.06786,0.0,-0.0
2018-10-27 01:00:00,2018-10-27 02:00,0.55068,0.053,0.05,0.003,0.44468,0.07076,0.07076,0.0,0.0
2018-10-27 02:00:00,2018-10-27 03:00,0.54584,0.05328,0.05,0.003,0.43956,0.07115,0.07115,0.0,0.0
2018-10-27 03:00:00,2018-10-27 04:00,0.65514,0.05278,0.05,0.11484,0.43752,0.07048,0.07048,0.0,-0.0
2018-10-27 04:00:00,2018-10-27 05:00,0.80831,0.05353,0.05,0.27365,0.43113,0.07149,0.07149,0.0,-0.0
2018-10-27 05:00:00,2018-10-27 06:00,0.54968,0.05429,0.05,0.003,0.44239,0.07249,0.07249,0.0,-0.0
2018-10-27 06:00:00,2018-10-27 07:00,0.62784,0.06351,0.05,0.003,0.51133,0.0848,0.0848,0.0,0.0
2018-10-27 07:00:00,2018-10-27 08:00,0.77447,0.05304,0.05,0.11258,0.55885,0.07084,0.07084,0.0,-0.0
2018-10-27 08:00:00,2018-10-27 09:00,1.0954,0.04969,0.05,0.40555,0.59016,0.06634,0.06634,0.0,-0.0
2018-10-27 09:00:00,2018-10-27 10:00,0.74021,0.04304,0.05,0.003,0.64417,0.06872,0.05748,0.0,0.01124
2018-10-27 10:00:00,2018-10-27 11:00,0.83819,0.01687,0.05,0.003,0.76832,0.0956,0.02253,0.0,0.07307
2018-10-27 11:00:00,2018-10-27 12:00,1.6276,0.03203,0.0375,0.33544,1.22263,0.04278,0.04278,0.0,0.0
2018-10-27 12:00:00,2018-10-27 13:00,3.07477,0.03474,0.0,0.20158,2.83845,0.0464,0.0464,0.0,0.0
2018-10-27 13:00:00,2018-10-27 14:00,2.82756,0.02848,0.0,0.003,2.79608,0.03802,0.03802,0.0,-0.0
2018-10-27 14:00:00,2018-10-27 15:00,1.27362,0.01705,0.0,0.45101,0.80556,0.02276,0.02276,0.0,-0.0
2018-10-27 15:00:00,2018-10-27 16:00,0.91929,0.01634,0.0,0.20055,0.7024,0.02181,0.02181,0.0,0.0
2018-10-27 16:00:00,2018-10-27 17:00,0.8664,0.01398,0.0,0.11057,0.74185,0.01867,0.01867,0.0,0.0
2018-10-27 17:00:00,2018-10-27 18:00,1.4068,0.01498,0.0,0.45724,0.93458,0.02,0.02,0.0,-0.0
2018-10-27 18:00:00,2018-10-27 19:00,1.20373,0.01512,0.0,0.02182,1.16679,0.04828,0.02018,0.0,0.0281
2018-10-27 19:00:00,2018-10-27 20:00,1.25613,0.01515,0.0,0.003,1.23798,0.02023,0.02023,0.0,-0.0
2018-10-27 20:00:00,2018-10-27 21:00,1.01468,0.01917,0.0,0.003,0.99251,0.0256,0.0256,0.0,0.0
2018-10-27 21:00:00,2018-10-27 22:00,0.92392,0.02436,0.05,0.003,0.84656,0.03253,0.03253,0.0,0.0
2018-10-27 22:00:00,2018-10-27 23:00,0.76788,0.03161,0.05,0.003,0.68327,0.04221,0.04221,0.0,0.0
2018-10-27 23:00:00,2018-10-28 00:00,0.62579,0.03454,0.05,0.003,0.53825,0.04612,0.04612,0.0,-0.0
2018-10-28 00:00:00,2018-10-28 01:00,0.863,0.03625,0.025,0.33985,0.4619,0.04842,0.04842,0.0,-0.0
2018-10-28 01:00:00,2018-10-28 02:00,0.60271,0.04882,0.05,0.05713,0.44676,0.0652,0.0652,0.0,-0.0
2018-10-28 02:00:00,2018-10-28 03:00,0.55203,0.05947,0.05,0.003,0.43956,0.0794,0.0794,0.0,0.0
2018-10-28 03:00:00,2018-10-28 04:00,0.56247,0.07171,0.05,0.003,0.43776,0.09576,0.09576,0.0,0.0
2018-10-28 04:00:00,2018-10-28 05:00,0.57271,0.08743,0.05,0.003,0.43228,0.11675,0.11675,0.0,0.0
2018-10-28 05:00:00,2018-10-28 06:00,0.57471,0.08987,0.05,0.003,0.43184,0.12,0.12,0.0,0.0
2018-10-28 06:00:00,2018-10-28 07:00,0.61895,0.09075,0.05,0.003,0.4752,0.12119,0.12119,0.0,0.0
2018-10-28 07:00:00,2018-10-28 08:00,0.67048,0.06795,0.05,0.003,0.54953,0.13008,0.09073,0.0,0.03935
2018-10-28 08:00:00,2018-10-28 09:00,0.97853,0.04469,0.05,0.22771,0.65613,0.13275,0.05967,0.0,0.07307
2018-10-28 09:00:00,2018-10-28 10:00,0.93349,0.05671,0.05,0.22235,0.60443,0.07572,0.07572,0.0,0.0
2018-10-28 10:00:00,2018-10-28 11:00,0.76834,0.04291,0.05,0.003,0.67243,0.0573,0.0573,0.0,0.0
2018-10-28 11:00:00,2018-10-28 12:00,0.71194,0.02826,0.0375,0.003,0.64318,0.03774,0.03774,0.0,0.0
2018-10-28 12:00:00,2018-10-28 13:00,0.78595,0.01992,0.0,0.003,0.76303,0.0266,0.0266,0.0,0.0
2018-10-28 13:00:00,2018-10-28 14:00,0.77412,0.00384,0.0,0.003,0.76728,0.03324,0.00513,0.0,0.0281
2018-10-28 14:00:00,2018-10-28 15:00,1.25539,0.00234,0.0,0.4509,0.80215,0.00313,0.00313,0.0,-0.0
2018-10-28 15:00:00,2018-10-28 16:00,1.12692,0.00144,0.0,0.27484,0.85064,0.00192,0.00192,0.0,-0.0
2018-10-28 16:00:00,2018-10-28 17:00,1.01999,0.00134,0.0,0.11167,0.90698,0.00178,0.00178,0.0,-0.0
2018-10-28 17:00:00,2018-10-28 18:00,1.36785,0.00627,0.0,0.45447,0.90711,0.00837,0.00837,0.0,-0.0
2018-10-28 18:00:00,2018-10-28 19:00,1.11445,0.0153,0.0,0.11583,0.98332,0.02044,0.02044,0.0,0.0
2018-10-28 19:00:00,2018-10-28 20:00,1.20382,0.0,0.05,0.003,1.15082,0.08431,0.0,0.0,0.08431
2018-10-28 20:00:00,2018-10-28 21:00,1.35894,0.00653,0.05,0.11095,1.19146,0.00872,0.00872,0.0,-0.0
2018-10-28 21:00:00,2018-10-28 22:00,1.38925,0.01806,0.05,0.3211,1.00009,0.02412,0.02412,0.0,0.0
2018-10-28 22:00:00,2018-10-28 23:00,0.72858,0.02567,0.05,0.003,0.64991,0.03428,0.03428,0.0,-0.0
2018-10-28 23:00:00,2018-10-29 00:00,0.5559,0.03054,0.05,0.003,0.47236,0.04078,0.04078,0.0,0.0
2018-10-29 00:00:00,2018-10-29 01:00,0.53537,0.03509,0.05,0.003,0.44728,0.04686,0.04686,0.0,0.0
2018-10-29 01:00:00,2018-10-29 02:00,0.64396,0.03876,0.05,0.11176,0.44344,0.05177,0.05177,0.0,-0.0
2018-10-29 02:00:00,2018-10-29 03:00,0.77367,0.04319,0.05,0.24217,0.43831,0.05768,0.05768,0.0,0.0
2018-10-29 03:00:00,2018-10-29 04:00,0.53906,0.04954,0.05,0.003,0.43652,0.06616,0.06616,0.0,0.0
2018-10-29 04:00:00,2018-10-29 05:00,0.53993,0.05407,0.05,0.003,0.43286,0.0722,0.0722,0.0,-0.0
2018-10-29 05:00:00,2018-10-29 06:00,0.79363,0.05846,0.05,0.22384,0.46133,0.08931,0.07807,0.0,0.01124
2018-10-29 06:00:00,2018-10-29 07:00,1.20651,0.04022,0.05,0.46062,0.65567,0.15487,0.0537,0.0,0.10118
2018-10-29 07:00:00,2018-10-29 08:00,0.81443,0.058,0.05,0.09462,0.61181,0.07745,0.07745,0.0,0.0
2018-10-29 08:00:00,2018-10-29 09:00,0.67281,0.06261,0.05,0.003,0.5572,0.0836,0.0836,0.0,0.0
2018-10-29 09:00:00,2018-10-29 10:00,0.57242,0.0653,0.05,0.003,0.45412,0.08719,0.08719,0.0,0.0
2018-10-29 10:00:00,2018-10-29 11:00,0.55784,0.05731,0.05,0.003,0.44753,0.07653,0.07653,0.0,-0.0
2018-10-29 11:00:00,2018-10-29 12:00,0.54677,0.04882,0.05,0.003,0.44495,0.0652,0.0652,0.0,0.0
2018-10-29 12:00:00,2018-10-29 13:00,0.601,0.03481,0.05,0.003,0.51319,0.08582,0.04648,0.0,0.03935
2018-10-29 13:00:00,2018-10-29 14:00,1.07321,0.01904,0.05,0.41377,0.5904,0.0985,0.02542,0.0,0.07307
2018-10-29 14:00:00,2018-10-29 15:00,0.5964,0.03677,0.0375,0.003,0.51913,0.0491,0.0491,0.0,0.0
2018-10-29 15:00:00,2018-10-29 16:00,0.51821,0.03424,0.0,0.003,0.48097,0.04572,0.04572,0.0,-0.0
2018-10-29 16:00:00,2018-10-29 17:00,0.50217,0.03489,0.0,0.003,0.46428,0.0466,0.0466,0.0,0.0
2018-10-29 17:00:00,2018-10-29 18:00,0.54401,0.0388,0.025,0.003,0.47721,0.05181,0.05181,0.0,0.0
2018-10-29 18:00:00,2018-10-29 19:00,0.98212,0.04918,0.05,0.22498,0.65796,0.06567,0.06567,0.0,-0.0
2018-10-29 19:00:00,2018-10-29 20:00,1.558,0.02472,0.05,0.28928,1.194,0.06112,0.03302,0.0,0.0281
2018-10-29 20:00:00,2018-10-29 21:00,1.36978,0.03223,0.05,0.003,1.28455,0.04304,0.04304,0.0,-0.0
2018-10-29 21:00:00,2018-10-29 22:00,1.44158,0.03725,0.05,0.33583,1.0185,0.04975,0.04975,0.0,-0.0
2018-10-29 22:00:00,2018-10-29 23:00,0.91175,0.0416,0.05,0.0436,0.77655,0.05554,0.05554,0.0,0.0
2018-10-29 23:00:00,2018-10-30 00:00,0.65845,0.04621,0.05,0.003,0.55924,0.06172,0.06172,0.0,0.0
2018-10-30 00:00:00,2018-10-30 01:00,0.55441,0.04898,0.05,0.003,0.45243,0.0654,0.0654,0.0,-0.0
2018-10-30 01:00:00,2018-10-30 02:00,0.54774,0.0513,0.05,0.003,0.44344,0.0685,0.0685,0.0,0.0
2018-10-30 02:00:00,2018-10-30 03:00,0.54097,0.04965,0.05,0.003,0.43832,0.06631,0.06631,0.0,0.0
2018-10-30 03:00:00,2018-10-30 04:00,0.53969,0.05018,0.05,0.003,0.43651,0.067,0.067,0.0,0.0
2018-10-30 04:00:00,2018-10-30 05:00,0.53613,0.05111,0.05,0.003,0.43202,0.06826,0.06826,0.0,-0.0
2018-10-30 05:00:00,2018-10-30 06:00,0.90425,0.04963,0.05,0.33837,0.46625,0.07752,0.06628,0.0,0.01124
2018-10-30 06:00:00,2018-10-30 07:00,0.92791,0.0433,0.05,0.20807,0.62654,0.10279,0.05782,0.0,0.04497
2018-10-30 07:00:00,2018-10-30 08:00,0.70325,0.05188,0.05,0.003,0.59837,0.06927,0.06927,0.0,0.0
2018-10-30 08:00:00,2018-10-30 09:00,1.03251,0.05437,0.05,0.33595,0.59219,0.0726,0.0726,0.0,0.0
2018-10-30 09:00:00,2018-10-30 10:00,1.34086,0.05402,0.05,0.11193,1.12491,0.07213,0.07213,0.0,0.0
2018-10-30 10:00:00,2018-10-30 11:00,1.31381,0.05073,0.05,0.003,1.21008,0.06775,0.06775,0.0,-0.0
2018-10-30 11:00:00,2018-10-30 12:00,0.69557,0.04125,0.0375,0.11039,0.50643,0.05508,0.05508,0.0,-0.0
2018-10-30 12:00:00,2018-10-30 13:00,0.9988,0.03333,0.0,0.45197,0.5135,0.04451,0.04451,0.0,-0.0
2018-10-30 13:00:00,2018-10-30 14:00,0.63388,0.0273,0.0,0.08924,0.51734,0.03645,0.03645,0.0,-0.0
2018-10-30 14:00:00,2018-10-30 15:00,0.54327,0.02114,0.0,0.003,0.51913,0.02823,0.02823,0.0,0.0
2018-10-30 15:00:00,2018-10-30 16:00,0.52152,0.01952,0.0,0.003,0.499,0.02605,0.02605,0.0,0.0
2018-10-30 16:00:00,2018-10-30 17:00,0.52328,0.02349,0.0,0.003,0.49679,0.03136,0.03136,0.0,-0.0
2018-10-30 17:00:00,2018-10-30 18:00,0.90052,0.02296,0.0,0.22139,0.65617,0.03065,0.03065,0.0,-0.0
2018-10-30 18:00:00,2018-10-30 19:00,1.21384,0.03153,0.05,0.32715,0.80516,0.04209,0.04209,0.0,-0.0
2018-10-30 19:00:00,2018-10-30 20:00,0.93541,0.02868,0.05,0.003,0.85373,0.0383,0.0383,0.0,-0.0
2018-10-30 20:00:00,2018-10-30 21:00,1.09816,0.02949,0.05,0.003,1.01567,0.03938,0.03938,0.0,0.0
2018-10-30 21:00:00,2018-10-30 22:00,1.10409,0.0326,0.05,0.003,1.01849,0.04353,0.04353,0.0,0.0
2018-10-30 22:00:00,2018-10-30 23:00,0.80965,0.04406,0.05,0.003,0.71259,0.05884,0.05884,0.0,0.0
2018-10-30 23:00:00,2018-10-31 00:00,0.81976,0.05318,0.05,0.22411,0.49247,0.07101,0.07101,0.0,0.0
2018-10-31 00:00:00,2018-10-31 01:00,0.87368,0.05834,0.05,0.30948,0.45586,0.07792,0.07792,0.0,0.0
2018-10-31 01:00:00,2018-10-31 02:00,0.5629,0.06552,0.05,0.003,0.44438,0.0875,0.0875,0.0,-0.0
2018-10-31 02:00:00,2018-10-31 03:00,0.56571,0.0744,0.05,0.003,0.43831,0.09934,0.09934,0.0,0.0
2018-10-31 03:00:00,2018-10-31 04:00,0.56802,0.07851,0.05,0.003,0.43651,0.10485,0.10485,0.0,-0.0
2018-10-31 04:00:00,2018-10-31 05:00,0.56472,0.0798,0.05,0.003,0.43192,0.10656,0.10656,0.0,-0.0
2018-10-31 05:00:00,2018-10-31 06:00,0.8068,0.08204,0.05,0.22364,0.45112,0.10953,0.10953,0.0,-0.0
2018-10-31 06:00:00,2018-10-31 07:00,1.00329,0.09625,0.05,0.26645,0.59059,0.12853,0.12853,0.0,-0.0
2018-10-31 07:00:00,2018-10-31 08:00,1.13227,0.08913,0.05,0.42137,0.57177,0.119,0.119,0.0,0.0
2018-10-31 08:00:00,2018-10-31 09:00,1.11648,0.0892,0.05,0.4494,0.52788,0.11911,0.11911,0.0,0.0
2018-10-31 09:00:00,2018-10-31 10:00,0.74841,0.07854,0.05,0.16574,0.45413,0.10488,0.10488,0.0,0.0
2018-10-31 10:00:00,2018-10-31 11:00,0.56277,0.06224,0.05,0.003,0.44753,0.08311,0.08311,0.0,0.0
2018-10-31 11:00:00,2018-10-31 12:00,0.57655,0.0479,0.05,0.003,0.47565,0.06395,0.06395,0.0,-0.0
2018-10-31 12:00:00,2018-10-31 13:00,0.52675,0.03399,0.0375,0.003,0.45226,0.04539,0.04539,0.0,0.0
2018-10-31 13:00:00,2018-10-31 14:00,0.48026,0.02384,0.0,0.003,0.45342,0.03184,0.03184,0.0,0.0
2018-10-31 14:00:00,2018-10-31 15:00,0.48819,0.01562,0.0,0.003,0.46957,0.02086,0.02086,0.0,0.0
2018-10-31 15:00:00,2018-10-31 16:00,0.49059,0.00871,0.0,0.003,0.47888,0.01164,0.01164,0.0,0.0
2018-10-31 16:00:00,2018-10-31 17:00,0.91861,0.00661,0.0,0.35862,0.55338,0.00882,0.00882,0.0,0.0
2018-10-31 17:00:00,2018-10-31 18:00,0.66553,0.00636,0.0,0.003,0.65617,0.00848,0.00848,0.0,0.0
2018-10-31 18:00:00,2018-10-31 19:00,1.14712,0.01703,0.05,0.22187,0.85822,0.02273,0.02273,0.0,-0.0
2018-10-31 19:00:00,2018-10-31 20:00,1.58533,0.01301,0.05,0.44204,1.08028,0.01738,0.01738,0.0,-0.0
2018-10-31 20:00:00,2018-10-31 21:00,2.82686,0.02347,0.05,0.003,2.75039,0.03133,0.03133,0.0,0.0
2018-10-31 21:00:00,2018-10-31 22:00,3.42027,0.0373,0.05,0.003,3.32997,0.0498,0.0498,0.0,0.0
2018-10-31 22:00:00,2018-10-31 23:00,2.82131,0.04766,0.05,0.44048,2.28317,0.06364,0.06364,0.0,-0.0
2018-10-31 23:00:00,2018-11-01 00:00,0.80901,0.04563,0.05,0.22091,0.49247,0.06094,0.06094,0.0,-0.0
2018-11-01 00:00:00,2018-11-01 01:00,0.56558,0.05419,0.05,0.003,0.45839,0.07237,0.07237,0.0,0.0
2018-11-01 01:00:00,2018-11-01 02:00,0.55891,0.06275,0.05,0.003,0.44316,0.08381,0.08381,0.0,0.0
2018-11-01 02:00:00,2018-11-01 03:00,0.5632,0.07214,0.05,0.003,0.43806,0.09634,0.09634,0.0,0.0
2018-11-01 03:00:00,2018-11-01 04:00,0.5634,0.07416,0.05,0.003,0.43624,0.09903,0.09903,0.0,0.0
2018-11-01 04:00:00,2018-11-01 05:00,0.56024,0.07646,0.05,0.003,0.43078,0.1021,0.1021,0.0,0.0
2018-11-01 05:00:00,2018-11-01 06:00,0.57059,0.07983,0.05,0.003,0.43776,0.1066,0.1066,0.0,0.0
2018-11-01 06:00:00,2018-11-01 07:00,0.95586,0.09728,0.05,0.21986,0.58872,0.1299,0.1299,0.0,0.0
2018-11-01 07:00:00,2018-11-01 08:00,1.16815,0.08849,0.05,0.4382,0.59146,0.1294,0.11816,0.0,0.01124
2018-11-01 08:00:00,2018-11-01 09:00,1.15091,0.0811,0.05,0.44917,0.57064,0.12704,0.10829,0.0,0.01875
2018-11-01 09:00:00,2018-11-01 10:00,0.85467,0.07719,0.05,0.20985,0.51763,0.10308,0.10308,0.0,-0.0
2018-11-01 10:00:00,2018-11-01 11:00,0.94977,0.05941,0.05,0.32876,0.5116,0.07934,0.07934,0.0,0.0
2018-11-01 11:00:00,2018-11-01 12:00,0.88892,0.04819,0.05,0.28186,0.50887,0.06435,0.06435,0.0,-0.0
2018-11-01 12:00:00,2018-11-01 13:00,0.56835,0.03797,0.05,0.003,0.47738,0.0507,0.0507,0.0,0.0
2018-11-01 13:00:00,2018-11-01 14:00,0.53269,0.02673,0.05,0.003,0.45296,0.0357,0.0357,0.0,0.0
2018-11-01 14:00:00,2018-11-01 15:00,0.50869,0.0153,0.0375,0.003,0.45289,0.02044,0.02044,0.0,0.0
2018-11-01 15:00:00,2018-11-01 16:00,0.47325,0.00778,0.0,0.003,0.46247,0.01039,0.01039,0.0,0.0
2018-11-01 16:00:00,2018-11-01 17:00,0.84923,0.0082,0.05,0.21664,0.57439,0.01096,0.01096,0.0,-0.0
2018-11-01 17:00:00,2018-11-01 18:00,1.14128,0.00503,0.05,0.35651,0.72974,0.04607,0.00672,0.0,0.03935
2018-11-01 18:00:00,2018-11-01 19:00,1.20924,0.0,0.05,0.003,1.15624,0.05247,0.0,0.0,0.05247
2018-11-01 19:00:00,2018-11-01 20:00,1.31328,0.0047,0.05,0.003,1.25558,0.00628,0.00628,0.0,0.0
2018-11-01 20:00:00,2018-11-01 21:00,1.18745,0.01375,0.05,0.003,1.1207,0.01836,0.01836,0.0,0.0
2018-11-01 21:00:00,2018-11-01 22:00,0.88188,0.02175,0.05,0.003,0.80713,0.02905,0.02905,0.0,-0.0
2018-11-01 22:00:00,2018-11-01 23:00,0.69904,0.03314,0.05,0.003,0.6129,0.04426,0.04426,0.0,0.0
2018-11-01 23:00:00,2018-11-02 00:00,0.60224,0.0402,0.05,0.003,0.50904,0.05368,0.05368,0.0,0.0
2018-11-02 00:00:00,2018-11-02 01:00,0.55237,0.04736,0.05,0.003,0.45201,0.06323,0.06323,0.0,-0.0
2018-11-02 01:00:00,2018-11-02 02:00,0.55083,0.05469,0.05,0.003,0.44314,0.07301,0.07301,0.0,0.0
2018-11-02 02:00:00,2018-11-02 03:00,0.54951,0.05845,0.05,0.003,0.43806,0.07805,0.07805,0.0,0.0
2018-11-02 03:00:00,2018-11-02 04:00,0.6633,0.06247,0.05,0.11459,0.43624,0.08342,0.08342,0.0,0.0
2018-11-02 04:00:00,2018-11-02 05:00,0.73299,0.06754,0.05,0.18466,0.43079,0.09019,0.09019,0.0,-0.0
2018-11-02 05:00:00,2018-11-02 06:00,0.56542,0.07089,0.05,0.003,0.44153,0.09466,0.09466,0.0,-0.0
2018-11-02 06:00:00,2018-11-02 07:00,1.02671,0.08962,0.05,0.003,0.88409,0.11967,0.11967,0.0,-0.0
2018-11-02 07:00:00,2018-11-02 08:00,3.21058,0.09112,0.05,0.32838,2.74108,0.15168,0.12169,0.0,0.02999
2018-11-02 08:00:00,2018-11-02 09:00,1.56369,0.07391,0.05,0.43121,1.00857,0.12868,0.0987,0.0,0.02999
2018-11-02 09:00:00,2018-11-02 10:00,0.66826,0.07198,0.05,0.003,0.54328,0.09612,0.09612,0.0,0.0
2018-11-02 10:00:00,2018-11-02 11:00,0.61788,0.05986,0.05,0.003,0.50502,0.07992,0.07992,0.0,0.0
2018-11-02 11:00:00,2018-11-02 12:00,0.55791,0.06042,0.05,0.003,0.44449,0.08069,0.08069,0.0,-0.0
2018-11-02 12:00:00,2018-11-02 13:00,0.63754,0.0341,0.05,0.003,0.55044,0.10547,0.04553,0.0,0.05995
2018-11-02 13:00:00,2018-11-02 14:00,0.93477,0.03237,0.05,0.33267,0.51973,0.04323,0.04323,0.0,0.0
2018-11-02 14:00:00,2018-11-02 15:00,0.79238,0.02262,0.05,0.19643,0.52333,0.0302,0.0302,0.0,-0.0
2018-11-02 15:00:00,2018-11-02 16:00,0.61811,0.01836,0.05,0.003,0.54675,0.02452,0.02452,0.0,0.0
2018-11-02 16:00:00,2018-11-02 17:00,0.825,0.01896,0.05,0.003,0.75304,0.02531,0.02531,0.0,0.0
2018-11-02 17:00:00,2018-11-02 18:00,1.32961,0.02301,0.05,0.43568,0.82092,0.03072,0.03072,0.0,0.0
2018-11-02 18:00:00,2018-11-02 19:00,0.85203,0.03846,0.05,0.003,0.76057,0.05135,0.05135,0.0,0.0
2018-11-02 19:00:00,2018-11-02 20:00,0.76679,0.03464,0.05,0.003,0.67915,0.04626,0.04626,0.0,0.0
2018-11-02 20:00:00,2018-11-02 21:00,1.35338,0.03323,0.05,0.21938,1.05077,0.04438,0.04438,0.0,-0.0
2018-11-02 21:00:00,2018-11-02 22:00,1.57989,0.03506,0.05,0.40395,1.09088,0.04683,0.04683,0.0,0.0
2018-11-02 22:00:00,2018-11-02 23:00,0.89699,0.04354,0.05,0.003,0.80045,0.05814,0.05814,0.0,-0.0
2018-11-02 23:00:00,2018-11-03 00:00,0.58539,0.05203,0.05,0.003,0.48036,0.06946,0.06946,0.0,0.0
2018-11-03 00:00:00,2018-11-03 01:00,0.56022,0.05898,0.05,0.003,0.44824,0.07875,0.07875,0.0,0.0
2018-11-03 01:00:00,2018-11-03 02:00,0.56407,0.06667,0.05,0.003,0.4444,0.08902,0.08902,0.0,0.0
2018-11-03 02:00:00,2018-11-03 03:00,0.56563,0.07333,0.05,0.003,0.4393,0.09793,0.09793,0.0,-0.0
2018-11-03 03:00:00,2018-11-03 04:00,0.56503,0.07454,0.05,0.003,0.43749,0.09954,0.09954,0.0,0.0
2018-11-03 04:00:00,2018-11-03 05:00,0.56176,0.07672,0.05,0.003,0.43204,0.10244,0.10244,0.0,-0.0
2018-11-03 05:00:00,2018-11-03 06:00,0.7909,0.08151,0.05,0.22001,0.43938,0.10885,0.10885,0.0,-0.0
2018-11-03 06:00:00,2018-11-03 07:00,1.02472,0.09603,0.05,0.37176,0.50693,0.12824,0.12824,0.0,0.0
2018-11-03 07:00:00,2018-11-03 08:00,0.64466,0.08653,0.05,0.003,0.50513,0.11555,0.11555,0.0,0.0
2018-11-03 08:00:00,2018-11-03 09:00,0.68045,0.0816,0.05,0.003,0.54585,0.12019,0.10895,0.0,0.01124
2018-11-03 09:00:00,2018-11-03 10:00,1.25921,0.07119,0.05,0.44276,0.69526,0.11382,0.09507,0.0,0.01875
2018-11-03 10:00:00,2018-11-03 11:00,0.85976,0.06919,0.05,0.0524,0.68817,0.0924,0.0924,0.0,-0.0
2018-11-03 11:00:00,2018-11-03 12:00,1.08799,0.0607,0.05,0.21721,0.76008,0.08105,0.08105,0.0,-0.0
2018-11-03 12:00:00,2018-11-03 13:00,1.24736,0.05549,0.05,0.36824,0.77363,0.0741,0.0741,0.0,0.0
2018-11-03 13:00:00,2018-11-03 14:00,0.90109,0.04762,0.05,0.003,0.80047,0.06359,0.06359,0.0,0.0
2018-11-03 14:00:00,2018-11-03 15:00,0.9197,0.04508,0.05,0.003,0.82162,0.0602,0.0602,0.0,0.0
2018-11-03 15:00:00,2018-11-03 16:00,0.8816,0.04702,0.05,0.003,0.78158,0.06281,0.06281,0.0,-0.0
2018-11-03 16:00:00,2018-11-03 17:00,2.45572,0.04951,0.05,0.003,2.35321,0.06612,0.06612,0.0,-0.0
2018-11-03 17:00:00,2018-11-03 18:00,2.01458,0.02743,0.05,0.4406,1.49655,0.09659,0.03664,0.0,0.05995
2018-11-03 18:00:00,2018-11-03 19:00,1.44321,0.05183,0.05,0.0809,1.26048,0.06921,0.06921,0.0,0.0
2018-11-03 19:00:00,2018-11-03 20:00,1.41449,0.03741,0.05,0.003,1.32408,0.07994,0.04995,0.0,0.02999
2018-11-03 20:00:00,2018-11-03 21:00,1.36223,0.05143,0.05,0.003,1.2578,0.06869,0.06869,0.0,0.0
2018-11-03 21:00:00,2018-11-03 22:00,1.12328,0.05605,0.05,0.003,1.01423,0.07484,0.07484,0.0,0.0
2018-11-03 22:00:00,2018-11-03 23:00,0.94652,0.06328,0.05,0.11235,0.72089,0.08449,0.08449,0.0,0.0
2018-11-03 23:00:00,2018-11-04 00:00,0.95294,0.0731,0.05,0.31659,0.51325,0.09761,0.09761,0.0,0.0
2018-11-04 00:00:00,2018-11-04 01:00,0.58041,0.07917,0.05,0.003,0.44824,0.1057,0.1057,0.0,0.0
2018-11-04 01:00:00,2018-11-04 01:00,0.57767,0.08026,0.05,0.003,0.44441,0.10717,0.10717,0.0,0.0
2018-11-04 02:00:00,2018-11-04 02:00,0.58227,0.08998,0.05,0.003,0.43929,0.12014,0.12014,0.0,-0.0
2018-11-04 03:00:00,2018-11-04 03:00,0.58123,0.09075,0.05,0.003,0.43748,0.12118,0.12118,0.0,0.0
2018-11-04 04:00:00,2018-11-04 04:00,0.57581,0.09077,0.05,0.003,0.43204,0.12121,0.12121,0.0,0.0
2018-11-04 05:00:00,2018-11-04 05:00,0.57939,0.09474,0.05,0.003,0.43165,0.12651,0.12651,0.0,0.0
2018-11-04 06:00:00,2018-11-04 06:00,0.62957,0.10695,0.05,0.003,0.46962,0.14281,0.14281,0.0,0.0
2018-11-04 07:00:00,2018-11-04 07:00,0.61677,0.10159,0.05,0.003,0.46218,0.13567,0.13567,0.0,0.0
2018-11-04 08:00:00,2018-11-04 08:00,1.18305,0.10091,0.05,0.44505,0.58709,0.13475,0.13475,0.0,-0.0
2018-11-04 09:00:00,2018-11-04 09:00,1.14916,0.09298,0.05,0.33973,0.66645,0.1354,0.12416,0.0,0.01124
2018-11-04 10:00:00,2018-11-04 10:00,0.96129,0.06423,0.05,0.003,0.84406,0.17196,0.08576,0.0,0.0862
2018-11-04 11:00:00,2018-11-04 11:00,1.13296,0.08016,0.05,0.21835,0.78445,0.1314,0.10704,0.0,0.02437
2018-11-04 12:00:00,2018-11-04 12:00,1.17833,0.09107,0.05,0.30336,0.7339,0.12161,0.12161,0.0,-0.0
2018-11-04 13:00:00,2018-11-04 13:00,0.93284,0.08874,0.05,0.003,0.7911,0.11851,0.11851,0.0,0.0
2018-11-04 14:00:00,2018-11-04 14:00,1.24043,0.08791,0.05,0.44527,0.65725,0.1174,0.1174,0.0,-0.0
2018-11-04 15:00:00,2018-11-04 15:00,0.89993,0.07484,0.05,0.06036,0.71473,0.12993,0.09994,0.0,0.02999
2018-11-04 16:00:00,2018-11-04 16:00,1.0387,0.07817,0.05,0.003,0.90753,0.10439,0.10439,0.0,0.0
2018-11-04 17:00:00,2018-11-04 17:00,1.68268,0.07669,0.05,0.44234,1.11365,0.10241,0.10241,0.0,0.0
2018-11-04 18:00:00,2018-11-04 18:00,1.39877,0.08531,0.05,0.003,1.26046,0.1139,0.1139,0.0,-0.0
2018-11-04 19:00:00,2018-11-04 19:00,1.42263,0.07554,0.05,0.003,1.29409,0.10087,0.10087,0.0,-0.0
2018-11-04 20:00:00,2018-11-04 20:00,1.47998,0.07696,0.05,0.11148,1.24154,0.10276,0.10276,0.0,-0.0
2018-11-04 21:00:00,2018-11-04 21:00,1.41539,0.08036,0.05,0.33584,0.94919,0.10731,0.10731,0.0,0.0
2018-11-04 22:00:00,2018-11-04 22:00,0.91437,0.08489,0.05,0.003,0.77648,0.11336,0.11336,0.0,0.0
2018-11-04 23:00:00,2018-11-04 23:00,0.66896,0.09021,0.05,0.003,0.52575,0.12046,0.12046,0.0,0.0
2018-11-05 00:00:00,2018-11-05 00:00,0.5992,0.09418,0.05,0.003,0.45202,0.12577,0.12577,0.0,0.0
2018-11-05 01:00:00,2018-11-05 01:00,0.82182,0.0978,0.05,0.22235,0.45167,0.1306,0.1306,0.0,-0.0
2018-11-05 02:00:00,2018-11-05 02:00,0.72602,0.09945,0.05,0.13552,0.44105,0.1328,0.1328,0.0,0.0
2018-11-05 03:00:00,2018-11-05 03:00,0.59359,0.10101,0.05,0.003,0.43958,0.13488,0.13488,0.0,-0.0
2018-11-05 04:00:00,2018-11-05 04:00,0.58686,0.10188,0.05,0.003,0.43198,0.13604,0.13604,0.0,-0.0
2018-11-05 05:00:00,2018-11-05 05:00,0.58568,0.10295,0.05,0.003,0.42973,0.13747,0.13747,0.0,0.0
2018-11-05 06:00:00,2018-11-05 06:00,0.70788,0.1002,0.05,0.11124,0.44644,0.14504,0.13379,0.0,0.01124
2018-11-05 07:00:00,2018-11-05 07:00,1.13227,0.10443,0.05,0.43905,0.53879,0.15819,0.13945,0.0,0.01875
2018-11-05 08:00:00,2018-11-05 08:00,1.13872,0.09765,0.05,0.45246,0.53861,0.13039,0.13039,0.0,0.0
2018-11-05 09:00:00,2018-11-05 09:00,0.85069,0.09707,0.05,0.18501,0.51861,0.12962,0.12962,0.0,-0.0
2018-11-05 10:00:00,2018-11-05 10:00,0.59813,0.09489,0.05,0.003,0.45024,0.12672,0.12672,0.0,0.0
2018-11-05 11:00:00,2018-11-05 11:00,0.58703,0.08955,0.05,0.003,0.44448,0.11957,0.11957,0.0,0.0
2018-11-05 12:00:00,2018-11-05 12:00,0.58236,0.08377,0.05,0.003,0.44559,0.11188,0.11188,0.0,-0.0
2018-11-05 13:00:00,2018-11-05 13:00,0.5889,0.08343,0.05,0.003,0.45247,0.11141,0.11141,0.0,0.0
2018-11-05 14:00:00,2018-11-05 14:00,0.58763,0.08207,0.05,0.003,0.45256,0.10957,0.10957,0.0,-0.0
2018-11-05 15:00:00,2018-11-05 15:00,0.58836,0.08143,0.05,0.003,0.45393,0.10873,0.10873,0.0,0.0
2018-11-05 16:00:00,2018-11-05 16:00,0.58813,0.08168,0.05,0.003,0.45345,0.10905,0.10905,0.0,0.0
2018-11-05 17:00:00,2018-11-05 17:00,0.91891,0.07501,0.05,0.22534,0.56856,0.11141,0.10017,0.0,0.01124
2018-11-05 18:00:00,2018-11-05 18:00,1.0244,0.05617,0.05,0.19381,0.72442,0.12371,0.07501,0.0,0.04871
2018-11-05 19:00:00,2018-11-05 19:00,1.08307,0.06577,0.05,0.003,0.9643,0.1178,0.08781,0.0,0.02999
2018-11-05 20:00:00,2018-11-05 20:00,1.23643,0.06164,0.05,0.11083,1.01396,0.08231,0.08231,0.0,0.0
2018-11-05 21:00:00,2018-11-05 21:00,1.63667,0.05899,0.05,0.32748,1.2002,0.07877,0.07877,0.0,-0.0
2018-11-05 22:00:00,2018-11-05 22:00,1.18928,0.05895,0.05,0.003,1.07733,0.07872,0.07872,0.0,0.0
2018-11-05 23:00:00,2018-11-05 23:00,1.03329,0.06376,0.05,0.21784,0.70169,0.08515,0.08515,0.0,0.0
2018-11-06 00:00:00,2018-11-06 00:00,1.02782,0.06848,0.05,0.43058,0.47876,0.09144,0.09144,0.0,-0.0
2018-11-06 01:00:00,2018-11-06 01:00,0.57065,0.07101,0.05,0.003,0.44664,0.0948,0.0948,0.0,0.0
2018-11-06 02:00:00,2018-11-06 02:00,0.56814,0.0741,0.05,0.003,0.44104,0.09894,0.09894,0.0,-0.0
2018-11-06 03:00:00,2018-11-06 03:00,0.5685,0.07592,0.05,0.003,0.43958,0.10138,0.10138,0.0,0.0
2018-11-06 04:00:00,2018-11-06 04:00,0.56312,0.07633,0.05,0.003,0.43379,0.10192,0.10192,0.0,-0.0
2018-11-06 05:00:00,2018-11-06 05:00,0.56051,0.07683,0.05,0.003,0.43068,0.10258,0.10258,0.0,0.0
2018-11-06 06:00:00,2018-11-06 06:00,1.02262,0.0793,0.05,0.45057,0.44275,0.10588,0.10588,0.0,0.0
2018-11-06 07:00:00,2018-11-06 07:00,0.824,0.09121,0.05,0.10901,0.57378,0.12179,0.12179,0.0,0.0
2018-11-06 08:00:00,2018-11-06 08:00,1.18073,0.09843,0.05,0.44981,0.58249,0.13142,0.13142,0.0,0.0
2018-11-06 09:00:00,2018-11-06 09:00,0.96947,0.11243,0.05,0.23005,0.57699,0.15014,0.15014,0.0,-0.0
2018-11-06 10:00:00,2018-11-06 10:00,0.74824,0.11693,0.05,0.003,0.57831,0.15614,0.15614,0.0,0.0
2018-11-06 11:00:00,2018-11-06 11:00,0.79566,0.12798,0.05,0.003,0.61468,0.17088,0.17088,0.0,0.0
2018-11-06 12:00:00,2018-11-06 12:00,2.0497,0.13029,0.05,0.22083,1.64858,0.17399,0.17399,0.0,0.0
2018-11-06 13:00:00,2018-11-06 13:00,0.8042,0.13212,0.05,0.16006,0.46202,0.17641,0.17641,0.0,0.0
2018-11-06 14:00:00,2018-11-06 14:00,0.64232,0.13676,0.05,0.003,0.45256,0.18262,0.18262,0.0,0.0
2018-11-06 15:00:00,2018-11-06 15:00,0.682,0.13232,0.05,0.003,0.49668,0.17669,0.17669,0.0,0.0
2018-11-06 16:00:00,2018-11-06 16:00,0.79273,0.12983,0.05,0.003,0.6099,0.17337,0.17337,0.0,0.0
2018-11-06 17:00:00,2018-11-06 17:00,0.86721,0.12975,0.05,0.003,0.68446,0.17326,0.17326,0.0,0.0
2018-11-06 18:00:00,2018-11-06 18:00,1.24093,0.13105,0.05,0.33408,0.7258,0.18622,0.17498,0.0,0.01124
2018-11-06 19:00:00,2018-11-06 19:00,1.22949,0.13781,0.05,0.11474,0.92694,0.20278,0.18403,0.0,0.01875
2018-11-06 20:00:00,2018-11-06 20:00,1.57286,0.13048,0.05,0.33027,1.06211,0.17424,0.17424,0.0,0.0
2018-11-06 21:00:00,2018-11-06 21:00,1.31723,0.13667,0.05,0.08858,1.04198,0.18251,0.18251,0.0,0.0
2018-11-06 22:00:00,2018-11-06 22:00,1.11961,0.13258,0.05,0.003,0.93403,0.17703,0.17703,0.0,-0.0
2018-11-06 23:00:00,2018-11-06 23:00,0.95678,0.13365,0.05,0.003,0.77013,0.18971,0.17847,0.0,0.01124
2018-11-07 00:00:00,2018-11-07 00:00,0.75512,0.11399,0.05,0.003,0.58813,0.2328,0.15222,0.0,0.08058
2018-11-07 01:00:00,2018-11-07 01:00,0.97996,0.13736,0.05,0.33426,0.45834,0.18341,0.18341,0.0,0.0
2018-11-07 02:00:00,2018-11-07 02:00,0.66452,0.14256,0.05,0.03066,0.4413,0.19036,0.19036,0.0,-0.0
2018-11-07 03:00:00,2018-11-07 03:00,0.64253,0.14995,0.05,0.003,0.43958,0.20023,0.20023,0.0,0.0
2018-11-07 04:00:00,2018-11-07 04:00,0.63681,0.15003,0.05,0.003,0.43378,0.20034,0.20034,0.0,0.0
2018-11-07 05:00:00,2018-11-07 05:00,0.63437,0.15164,0.05,0.003,0.42973,0.20248,0.20248,0.0,0.0
2018-11-07 06:00:00,2018-11-07 06:00,0.67457,0.14894,0.05,0.003,0.47263,0.22887,0.19888,0.0,0.02999
2018-11-07 07:00:00,2018-11-07 07:00,0.7433,0.1741,0.05,0.003,0.5162,0.23248,0.23248,0.0,-0.0
2018-11-07 08:00:00,2018-11-07 08:00,1.03085,0.16445,0.05,0.2224,0.594,0.2196,0.2196,0.0,0.0
2018-11-07 09:00:00,2018-11-07 09:00,1.26991,0.16863,0.05,0.44073,0.61055,0.22518,0.22518,0.0,0.0
2018-11-07 10:00:00,2018-11-07 10:00,1.08259,0.16487,0.05,0.3535,0.51422,0.22016,0.22016,0.0,0.0
2018-11-07 11:00:00,2018-11-07 11:00,0.70375,0.16444,0.05,0.003,0.48631,0.21958,0.21958,0.0,-0.0
2018-11-07 12:00:00,2018-11-07 12:00,0.67738,0.16119,0.05,0.003,0.46319,0.22648,0.21524,0.0,0.01124
2018-11-07 13:00:00,2018-11-07 13:00,0.76033,0.1417,0.05,0.003,0.56563,0.23793,0.18922,0.0,0.04871
2018-11-07 14:00:00,2018-11-07 14:00,0.66561,0.15016,0.05,0.003,0.46245,0.20052,0.20052,0.0,0.0
2018-11-07 15:00:00,2018-11-07 15:00,0.65512,0.14817,0.05,0.003,0.45395,0.19786,0.19786,0.0,-0.0
2018-11-07 16:00:00,2018-11-07 16:00,0.92677,0.15554,0.05,0.21626,0.50497,0.20771,0.20771,0.0,0.0
2018-11-07 17:00:00,2018-11-07 17:00,1.22585,0.15179,0.05,0.43946,0.5846,0.21392,0.20268,0.0,0.01124
2018-11-07 18:00:00,2018-11-07 18:00,1.02821,0.1429,0.05,0.07059,0.76472,0.20957,0.19082,0.0,0.01875
2018-11-07 19:00:00,2018-11-07 19:00,1.1492,0.16188,0.05,0.003,0.93432,0.21616,0.21616,0.0,0.0
2018-11-07 20:00:00,2018-11-07 20:00,1.72866,0.14559,0.05,0.32647,1.2066,0.19441,0.19441,0.0,0.0
2018-11-07 21:00:00,2018-11-07 21:00,1.42318,0.14372,0.05,0.18749,1.04197,0.19192,0.19192,0.0,0.0
2018-11-07 22:00:00,2018-11-07 22:00,1.08973,0.15302,0.05,0.003,0.88371,0.20432,0.20432,0.0,0.0
2018-11-07 23:00:00,2018-11-07 23:00,1.03696,0.16346,0.05,0.21771,0.60579,0.21827,0.21827,0.0,0.0
2018-11-08 00:00:00,2018-11-08 00:00,0.85684,0.16355,0.05,0.18577,0.45752,0.21839,0.21839,0.0,0.0
2018-11-08 01:00:00,2018-11-08 01:00,0.6678,0.16815,0.05,0.003,0.44665,0.22453,0.22453,0.0,0.0
2018-11-08 02:00:00,2018-11-08 02:00,0.66578,0.17173,0.05,0.003,0.44105,0.22931,0.22931,0.0,0.0
2018-11-08 03:00:00,2018-11-08 03:00,0.67492,0.18232,0.05,0.003,0.4396,0.24347,0.24347,0.0,0.0
2018-11-08 04:00:00,2018-11-08 04:00,0.67406,0.18726,0.05,0.003,0.4338,0.25004,0.25004,0.0,0.0
2018-11-08 05:00:00,2018-11-08 05:00,0.66729,0.18455,0.05,0.003,0.42974,0.24643,0.24643,0.0,-0.0
2018-11-08 06:00:00,2018-11-08 06:00,0.67794,0.1848,0.05,0.003,0.44014,0.24678,0.24678,0.0,0.0
2018-11-08 07:00:00,2018-11-08 07:00,1.19082,0.19983,0.05,0.43026,0.51073,0.26684,0.26684,0.0,0.0
2018-11-08 08:00:00,2018-11-08 08:00,1.22174,0.18265,0.05,0.42911,0.55998,0.24389,0.24389,0.0,-0.0
2018-11-08 09:00:00,2018-11-08 09:00,1.19302,0.18499,0.05,0.44218,0.51585,0.24702,0.24702,0.0,0.0
2018-11-08 10:00:00,2018-11-08 10:00,0.80607,0.18309,0.05,0.05877,0.51421,0.24449,0.24449,0.0,0.0
2018-11-08 11:00:00,2018-11-08 11:00,0.68767,0.18064,0.05,0.003,0.45403,0.24121,0.24121,0.0,0.0
2018-11-08 12:00:00,2018-11-08 12:00,0.67258,0.17401,0.05,0.003,0.44557,0.23235,0.23235,0.0,0.0
2018-11-08 13:00:00,2018-11-08 13:00,0.67221,0.16674,0.05,0.003,0.45247,0.22267,0.22267,0.0,-0.0
2018-11-08 14:00:00,2018-11-08 14:00,0.66807,0.16253,0.05,0.003,0.45254,0.21702,0.21702,0.0,0.0
2018-11-08 15:00:00,2018-11-08 15:00,0.66784,0.16089,0.05,0.003,0.45395,0.21485,0.21485,0.0,-0.0
2018-11-08 16:00:00,2018-11-08 16:00,0.68782,0.16095,0.05,0.003,0.47387,0.21492,0.21492,0.0,-0.0
2018-11-08 17:00:00,2018-11-08 17:00,0.69427,0.16432,0.05,0.003,0.47695,0.21943,0.21943,0.0,-0.0
2018-11-08 18:00:00,2018-11-08 18:00,1.59232,0.16572,0.05,0.43131,0.94529,0.2213,0.2213,0.0,-0.0
2018-11-08 19:00:00,2018-11-08 19:00,3.64386,0.21482,0.05,0.39762,2.98142,0.28686,0.28686,0.0,0.0
2018-11-08 20:00:00,2018-11-08 20:00,1.64756,0.15339,0.05,0.003,1.44117,0.23482,0.20484,0.0,0.02999
2018-11-08 21:00:00,2018-11-08 21:00,1.63652,0.15928,0.05,0.21436,1.21288,0.2127,0.2127,0.0,0.0
2018-11-08 22:00:00,2018-11-08 22:00,1.46596,0.16482,0.05,0.32772,0.92342,0.22009,0.22009,0.0,0.0
2018-11-08 23:00:00,2018-11-08 23:00,0.80234,0.17032,0.05,0.003,0.57902,0.22743,0.22743,0.0,0.0
2018-11-09 00:00:00,2018-11-09 00:00,0.71593,0.17356,0.05,0.003,0.48937,0.23176,0.23176,0.0,0.0
2018-11-09 01:00:00,2018-11-09 01:00,0.67829,0.17863,0.05,0.003,0.44666,0.23853,0.23853,0.0,0.0
2018-11-09 02:00:00,2018-11-09 02:00,0.67687,0.18282,0.05,0.003,0.44105,0.24412,0.24412,0.0,0.0
2018-11-09 03:00:00,2018-11-09 03:00,0.67758,0.18501,0.05,0.003,0.43957,0.24704,0.24704,0.0,0.0
2018-11-09 04:00:00,2018-11-09 04:00,0.67455,0.18776,0.05,0.003,0.43379,0.25072,0.25072,0.0,-0.0
2018-11-09 05:00:00,2018-11-09 05:00,0.67632,0.19358,0.05,0.003,0.42974,0.25849,0.25849,0.0,0.0
2018-11-09 06:00:00,2018-11-09 06:00,0.69669,0.20479,0.05,0.003,0.4389,0.27346,0.27346,0.0,-0.0
2018-11-09 07:00:00,2018-11-09 07:00,1.28796,0.23587,0.05,0.41864,0.58345,0.34494,0.31496,0.0,0.02999
2018-11-09 08:00:00,2018-11-09 08:00,1.19922,0.23313,0.05,0.44083,0.47526,0.32254,0.3113,0.0,0.01124
2018-11-09 09:00:00,2018-11-09 09:00,0.78038,0.21493,0.05,0.003,0.51245,0.33571,0.28701,0.0,0.04871
2018-11-09 10:00:00,2018-11-09 10:00,0.73384,0.23062,0.05,0.003,0.45022,0.30794,0.30794,0.0,0.0
2018-11-09 11:00:00,2018-11-09 11:00,0.83808,0.19025,0.05,0.003,0.59483,0.34959,0.25403,0.0,0.09556
2018-11-09 12:00:00,2018-11-09 12:00,0.7892,0.20004,0.05,0.003,0.53616,0.29332,0.2671,0.0,0.02622
2018-11-09 13:00:00,2018-11-09 13:00,0.74383,0.21275,0.05,0.003,0.47808,0.28409,0.28409,0.0,0.0
2018-11-09 14:00:00,2018-11-09 14:00,0.92156,0.19923,0.05,0.21977,0.45256,0.26604,0.26604,0.0,0.0
2018-11-09 15:00:00,2018-11-09 15:00,0.83862,0.19631,0.05,0.13022,0.46209,0.26216,0.26216,0.0,-0.0
2018-11-09 16:00:00,2018-11-09 16:00,0.90721,0.22138,0.05,0.003,0.63283,0.2956,0.2956,0.0,0.0
2018-11-09 17:00:00,2018-11-09 17:00,1.50079,0.23048,0.05,0.32184,0.89847,0.30776,0.30776,0.0,0.0
2018-11-09 18:00:00,2018-11-09 18:00,2.49385,0.22777,0.05,0.33086,1.88522,0.33414,0.30415,0.0,0.02999
2018-11-09 19:00:00,2018-11-09 19:00,1.4609,0.23828,0.05,0.10694,1.06568,0.31819,0.31819,0.0,-0.0
2018-11-09 20:00:00,2018-11-09 20:00,1.92977,0.21595,0.05,0.4095,1.25432,0.28836,0.28836,0.0,0.0
2018-11-09 21:00:00,2018-11-09 21:00,1.64142,0.22267,0.05,0.003,1.36575,0.29734,0.29734,0.0,0.0
2018-11-09 22:00:00,2018-11-09 22:00,3.28564,0.24535,0.05,0.003,2.98729,0.32762,0.32762,0.0,-0.0
2018-11-09 23:00:00,2018-11-09 23:00,3.08639,0.25475,0.05,0.21147,2.57017,0.34018,0.34018,0.0,0.0
2018-11-10 00:00:00,2018-11-10 00:00,1.60724,0.24405,0.05,0.3396,0.97359,0.32589,0.32589,0.0,0.0
2018-11-10 01:00:00,2018-11-10 01:00,2.92436,0.25728,0.05,0.003,2.61408,0.34355,0.34355,0.0,-0.0
2018-11-10 02:00:00,2018-11-10 02:00,2.14605,0.24881,0.05,0.003,1.84424,0.33224,0.33224,0.0,0.0
2018-11-10 03:00:00,2018-11-10 03:00,0.73374,0.24231,0.05,0.003,0.43843,0.32355,0.32355,0.0,0.0
2018-11-10 04:00:00,2018-11-10 04:00,0.73087,0.24608,0.05,0.003,0.43179,0.3286,0.3286,0.0,-0.0
2018-11-10 05:00:00,2018-11-10 05:00,0.94244,0.25253,0.05,0.20994,0.42997,0.33722,0.33722,0.0,0.0
2018-11-10 06:00:00,2018-11-10 06:00,1.1765,0.256,0.05,0.4266,0.4439,0.34184,0.34184,0.0,-0.0
2018-11-10 07:00:00,2018-11-10 07:00,1.14521,0.27876,0.05,0.30589,0.51056,0.37224,0.37224,0.0,-0.0
2018-11-10 08:00:00,2018-11-10 08:00,0.78799,0.26185,0.05,0.003,0.47314,0.34965,0.34965,0.0,0.0
2018-11-10 09:00:00,2018-11-10 09:00,0.89383,0.22705,0.05,0.003,0.61378,0.36313,0.30318,0.0,0.05995
2018-11-10 10:00:00,2018-11-10 10:00,0.9248,0.21674,0.05,0.003,0.65506,0.30067,0.28943,0.0,0.01124
2018-11-10 11:00:00,2018-11-10 11:00,1.42394,0.19013,0.05,0.43015,0.75366,0.3026,0.25389,0.0,0.04871
2018-11-10 12:00:00,2018-11-10 12:00,1.1151,0.20923,0.05,0.09471,0.76116,0.27938,0.27938,0.0,0.0
2018-11-10 13:00:00,2018-11-10 13:00,1.02647,0.19914,0.05,0.003,0.77433,0.26592,0.26592,0.0,0.0
2018-11-10 14:00:00,2018-11-10 14:00,1.02737,0.18366,0.05,0.003,0.79071,0.24525,0.24525,0.0,0.0
2018-11-10 15:00:00,2018-11-10 15:00,1.38957,0.17829,0.05,0.42265,0.73863,0.23806,0.23806,0.0,0.0
2018-11-10 16:00:00,2018-11-10 16:00,1.5172,0.18045,0.05,0.43657,0.85018,0.24095,0.24095,0.0,-0.0
2018-11-10 17:00:00,2018-11-10 17:00,1.39809,0.18593,0.05,0.17152,0.99064,0.24828,0.24828,0.0,-0.0
2018-11-10 18:00:00,2018-11-10 18:00,1.33973,0.189,0.05,0.003,1.09773,0.25238,0.25238,0.0,-0.0
2018-11-10 19:00:00,2018-11-10 19:00,1.49238,0.20083,0.05,0.003,1.23855,0.26817,0.26817,0.0,-0.0
2018-11-10 20:00:00,2018-11-10 20:00,1.86304,0.18415,0.05,0.40619,1.2227,0.2459,0.2459,0.0,0.0
2018-11-10 21:00:00,2018-11-10 21:00,1.31921,0.17424,0.05,0.003,1.09197,0.26266,0.23268,0.0,0.02999
2018-11-10 22:00:00,2018-11-10 22:00,1.09317,0.18594,0.05,0.003,0.85423,0.24829,0.24829,0.0,-0.0
2018-11-10 23:00:00,2018-11-10 23:00,0.80453,0.19376,0.05,0.003,0.55777,0.25874,0.25874,0.0,0.0
2018-11-11 00:00:00,2018-11-11 00:00,0.74136,0.19336,0.05,0.003,0.495,0.25819,0.25819,0.0,0.0
2018-11-11 01:00:00,2018-11-11 01:00,0.7029,0.18872,0.05,0.003,0.46118,0.252,0.252,0.0,-0.0
2018-11-11 02:00:00,2018-11-11 02:00,0.68647,0.19002,0.05,0.003,0.44345,0.25374,0.25374,0.0,0.0
2018-11-11 03:00:00,2018-11-11 03:00,0.68379,0.18996,0.05,0.003,0.44083,0.25366,0.25366,0.0,0.0
2018-11-11 04:00:00,2018-11-11 04:00,0.67282,0.18478,0.05,0.003,0.43504,0.24675,0.24675,0.0,0.0
2018-11-11 05:00:00,2018-11-11 05:00,0.66714,0.18316,0.05,0.003,0.43098,0.24457,0.24457,0.0,0.0
2018-11-11 06:00:00,2018-11-11 06:00,0.66754,0.18175,0.05,0.003,0.43279,0.2427,0.2427,0.0,0.0
2018-11-11 07:00:00,2018-11-11 07:00,0.84983,0.1931,0.05,0.1103,0.49643,0.25785,0.25785,0.0,0.0
2018-11-11 08:00:00,2018-11-11 08:00,1.14204,0.17349,0.05,0.40453,0.51402,0.23166,0.23166,0.0,0.0
2018-11-11 09:00:00,2018-11-11 09:00,0.82016,0.16533,0.05,0.003,0.60183,0.23202,0.22078,0.0,0.01124
2018-11-11 10:00:00,2018-11-11 10:00,1.03703,0.17137,0.05,0.10821,0.70745,0.24758,0.22883,0.0,0.01875
2018-11-11 11:00:00,2018-11-11 11:00,1.35764,0.18224,0.05,0.37011,0.75529,0.24335,0.24335,0.0,-0.0
2018-11-11 12:00:00,2018-11-11 12:00,0.98099,0.16682,0.05,0.003,0.76117,0.22276,0.22276,0.0,-0.0
2018-11-11 13:00:00,2018-11-11 13:00,0.99432,0.16698,0.05,0.003,0.77434,0.22298,0.22298,0.0,-0.0
2018-11-11 14:00:00,2018-11-11 14:00,1.33391,0.16568,0.05,0.31813,0.8001,0.22125,0.22125,0.0,0.0
2018-11-11 15:00:00,2018-11-11 15:00,1.33991,0.16044,0.05,0.30681,0.82266,0.21423,0.21423,0.0,0.0
2018-11-11 16:00:00,2018-11-11 16:00,0.90763,0.16459,0.05,0.003,0.69004,0.21979,0.21979,0.0,-0.0
2018-11-11 17:00:00,2018-11-11 17:00,0.86121,0.16334,0.05,0.003,0.64487,0.24811,0.21812,0.0,0.02999
2018-11-11 18:00:00,2018-11-11 18:00,1.18771,0.16831,0.05,0.21488,0.75452,0.26408,0.22474,0.0,0.03935
2018-11-11 19:00:00,2018-11-11 19:00,1.59581,0.17431,0.05,0.27018,1.10132,0.25337,0.23277,0.0,0.0206
2018-11-11 20:00:00,2018-11-11 20:00,1.31746,0.17312,0.05,0.003,1.09134,0.23116,0.23116,0.0,0.0
2018-11-11 21:00:00,2018-11-11 21:00,1.29288,0.1779,0.05,0.003,1.06198,0.23756,0.23756,0.0,0.0
2018-11-11 22:00:00,2018-11-11 22:00,1.3143,0.17799,0.05,0.003,1.08331,0.23769,0.23769,0.0,0.0
2018-11-11 23:00:00,2018-11-11 23:00,2.93394,0.20182,0.05,0.32279,2.35933,0.26949,0.26949,0.0,-0.0
2018-11-12 00:00:00,2018-11-12 00:00,1.00371,0.20796,0.05,0.25104,0.49471,0.27768,0.27768,0.0,0.0
2018-11-12 01:00:00,2018-11-12 01:00,0.72246,0.21112,0.05,0.003,0.45834,0.28191,0.28191,0.0,-0.0
2018-11-12 02:00:00,2018-11-12 02:00,0.70341,0.20854,0.05,0.003,0.44187,0.27847,0.27847,0.0,0.0
2018-11-12 03:00:00,2018-11-12 03:00,0.70047,0.2079,0.05,0.003,0.43957,0.27762,0.27762,0.0,0.0
2018-11-12 04:00:00,2018-11-12 04:00,0.70161,0.21481,0.05,0.003,0.4338,0.28685,0.28685,0.0,0.0
2018-11-12 05:00:00,2018-11-12 05:00,0.69744,0.21471,0.05,0.003,0.42973,0.28671,0.28671,0.0,0.0
2018-11-12 06:00:00,2018-11-12 06:00,0.69877,0.21421,0.05,0.003,0.43156,0.28605,0.28605,0.0,0.0
2018-11-12 07:00:00,2018-11-12 07:00,1.25582,0.23567,0.05,0.42999,0.54016,0.31471,0.31471,0.0,-0.0
2018-11-12 08:00:00,2018-11-12 08:00,1.30723,0.2349,0.05,0.43168,0.59065,0.31367,0.31367,0.0,0.0
2018-11-12 09:00:00,2018-11-12 09:00,1.16364,0.23638,0.05,0.32185,0.55541,0.31565,0.31565,0.0,0.0
2018-11-12 10:00:00,2018-11-12 10:00,0.79133,0.2307,0.05,0.003,0.50763,0.30806,0.30806,0.0,-0.0
2018-11-12 11:00:00,2018-11-12 11:00,0.71747,0.21998,0.05,0.003,0.44449,0.29376,0.29376,0.0,0.0
2018-11-12 12:00:00,2018-11-12 12:00,0.71236,0.21377,0.05,0.003,0.44559,0.28546,0.28546,0.0,0.0
2018-11-12 13:00:00,2018-11-12 13:00,0.7186,0.21314,0.05,0.003,0.45246,0.28462,0.28462,0.0,-0.0
2018-11-12 14:00:00,2018-11-12 14:00,1.06887,0.20762,0.05,0.31857,0.49268,0.27725,0.27725,0.0,0.0
2018-11-12 15:00:00,2018-11-12 15:00,1.20011,0.19254,0.05,0.43318,0.52439,0.2571,0.2571,0.0,-0.0
2018-11-12 16:00:00,2018-11-12 16:00,0.83124,0.20106,0.05,0.0425,0.53768,0.26848,0.26848,0.0,0.0
2018-11-12 17:00:00,2018-11-12 17:00,0.95103,0.20784,0.05,0.10571,0.58748,0.27755,0.27755,0.0,-0.0
2018-11-12 18:00:00,2018-11-12 18:00,1.53567,0.19668,0.05,0.42286,0.86613,0.27388,0.26264,0.0,0.01124
2018-11-12 19:00:00,2018-11-12 19:00,1.91633,0.18787,0.05,0.4345,1.24396,0.29956,0.25085,0.0,0.04871
2018-11-12 20:00:00,2018-11-12 20:00,1.92507,0.19233,0.05,0.42842,1.25432,0.25683,0.25683,0.0,0.0
2018-11-12 21:00:00,2018-11-12 21:00,1.48374,0.20188,0.05,0.003,1.22886,0.26959,0.26959,0.0,-0.0
2018-11-12 22:00:00,2018-11-12 22:00,1.37005,0.19898,0.05,0.003,1.11807,0.2957,0.26571,0.0,0.02999
2018-11-12 23:00:00,2018-11-12 23:00,1.13133,0.21924,0.05,0.003,0.85909,0.29277,0.29277,0.0,0.0
2018-11-13 00:00:00,2018-11-13 00:00,0.81325,0.23685,0.05,0.003,0.5234,0.31628,0.31628,0.0,0.0
2018-11-13 01:00:00,2018-11-13 01:00,0.74421,0.24455,0.05,0.003,0.44666,0.32656,0.32656,0.0,0.0
2018-11-13 02:00:00,2018-11-13 02:00,0.74648,0.25244,0.05,0.003,0.44104,0.33708,0.33708,0.0,0.0
2018-11-13 03:00:00,2018-11-13 03:00,1.0762,0.26362,0.05,0.32301,0.43957,0.35201,0.35201,0.0,-0.0
2018-11-13 04:00:00,2018-11-13 04:00,0.81835,0.26988,0.05,0.06467,0.4338,0.36037,0.36037,0.0,0.0
2018-11-13 05:00:00,2018-11-13 05:00,0.75654,0.27381,0.05,0.003,0.42973,0.36562,0.36562,0.0,0.0
2018-11-13 06:00:00,2018-11-13 06:00,0.77666,0.27855,0.05,0.003,0.44511,0.37195,0.37195,0.0,0.0
2018-11-13 07:00:00,2018-11-13 07:00,0.99157,0.29413,0.05,0.10673,0.54071,0.42274,0.39275,0.0,0.02999
2018-11-13 08:00:00,2018-11-13 08:00,1.28128,0.28189,0.05,0.43214,0.51725,0.37642,0.37642,0.0,0.0
2018-11-13 09:00:00,2018-11-13 09:00,1.19355,0.26035,0.05,0.32492,0.55828,0.34766,0.34766,0.0,-0.0
2018-11-13 10:00:00,2018-11-13 10:00,0.74836,0.24514,0.05,0.003,0.45022,0.32734,0.32734,0.0,-0.0
2018-11-13 11:00:00,2018-11-13 11:00,0.7265,0.22902,0.05,0.003,0.44448,0.30581,0.30581,0.0,0.0
2018-11-13 12:00:00,2018-11-13 12:00,0.71269,0.21412,0.05,0.003,0.44557,0.28592,0.28592,0.0,0.0
2018-11-13 13:00:00,2018-11-13 13:00,0.70254,0.19708,0.05,0.003,0.45246,0.26317,0.26317,0.0,-0.0
2018-11-13 14:00:00,2018-11-13 14:00,0.68621,0.18065,0.05,0.003,0.45256,0.24124,0.24124,0.0,0.0
2018-11-13 15:00:00,2018-11-13 15:00,0.67694,0.16999,0.05,0.003,0.45395,0.227,0.227,0.0,-0.0
2018-11-13 16:00:00,2018-11-13 16:00,0.69694,0.16909,0.05,0.003,0.47485,0.2258,0.2258,0.0,0.0
2018-11-13 17:00:00,2018-11-13 17:00,1.3312,0.17101,0.05,0.42575,0.68444,0.22836,0.22836,0.0,-0.0
2018-11-13 18:00:00,2018-11-13 18:00,1.44098,0.17025,0.05,0.42518,0.79555,0.23858,0.22733,0.0,0.01124
2018-11-13 19:00:00,2018-11-13 19:00,1.73241,0.18056,0.05,0.43659,1.06526,0.25985,0.24111,0.0,0.01875
2018-11-13 20:00:00,2018-11-13 20:00,1.4292,0.17658,0.05,0.02517,1.17745,0.23579,0.23579,0.0,-0.0
2018-11-13 21:00:00,2018-11-13 21:00,1.84196,0.17932,0.05,0.41562,1.19702,0.23944,0.23944,0.0,-0.0
2018-11-13 22:00:00,2018-11-13 22:00,1.3172,0.1932,0.05,0.38335,0.69065,0.25798,0.25798,0.0,-0.0
2018-11-13 23:00:00,2018-11-13 23:00,0.81288,0.20127,0.05,0.003,0.55861,0.26877,0.26877,0.0,-0.0
2018-11-14 00:00:00,2018-11-14 00:00,0.71279,0.2086,0.05,0.003,0.45119,0.27856,0.27856,0.0,0.0
2018-11-14 01:00:00,2018-11-14 01:00,0.71063,0.21098,0.05,0.003,0.44665,0.28172,0.28172,0.0,0.0
2018-11-14 02:00:00,2018-11-14 02:00,0.71211,0.21805,0.05,0.003,0.44106,0.29117,0.29117,0.0,-0.0
2018-11-14 03:00:00,2018-11-14 03:00,0.71226,0.21969,0.05,0.003,0.43957,0.29336,0.29336,0.0,0.0
2018-11-14 04:00:00,2018-11-14 04:00,0.70762,0.22082,0.05,0.003,0.4338,0.29487,0.29487,0.0,-0.0
2018-11-14 05:00:00,2018-11-14 05:00,0.70904,0.22534,0.05,0.003,0.4307,0.3009,0.3009,0.0,0.0
2018-11-14 06:00:00,2018-11-14 06:00,1.03939,0.23173,0.05,0.31356,0.4441,0.30945,0.30945,0.0,0.0
2018-11-14 07:00:00,2018-11-14 07:00,1.23955,0.24863,0.05,0.42472,0.5162,0.33201,0.33201,0.0,-0.0
2018-11-14 08:00:00,2018-11-14 08:00,1.25113,0.22528,0.05,0.42143,0.55442,0.30082,0.30082,0.0,0.0
2018-11-14 09:00:00,2018-11-14 09:00,1.2114,0.21115,0.05,0.43439,0.51586,0.28195,0.28195,0.0,-0.0
2018-11-14 10:00:00,2018-11-14 10:00,1.16647,0.17877,0.05,0.43009,0.50761,0.23871,0.23871,0.0,-0.0
2018-11-14 11:00:00,2018-11-14 11:00,0.67577,0.15577,0.05,0.003,0.467,0.208,0.208,0.0,-0.0
2018-11-14 12:00:00,2018-11-14 12:00,0.64808,0.13989,0.05,0.003,0.45519,0.18679,0.18679,0.0,0.0
2018-11-14 13:00:00,2018-11-14 13:00,0.62724,0.12178,0.05,0.003,0.45246,0.16262,0.16262,0.0,0.0
2018-11-14 14:00:00,2018-11-14 14:00,0.61192,0.10636,0.05,0.003,0.45256,0.14202,0.14202,0.0,0.0
2018-11-14 15:00:00,2018-11-14 15:00,0.60836,0.10144,0.05,0.003,0.45392,0.13544,0.13544,0.0,0.0
2018-11-14 16:00:00,2018-11-14 16:00,0.60483,0.09835,0.05,0.003,0.45348,0.13134,0.13134,0.0,-0.0
2018-11-14 17:00:00,2018-11-14 17:00,0.65312,0.10037,0.05,0.003,0.49975,0.13402,0.13402,0.0,0.0
2018-11-14 18:00:00,2018-11-14 18:00,1.31178,0.08765,0.05,0.21322,0.96091,0.15639,0.11704,0.0,0.03935
2018-11-14 19:00:00,2018-11-14 19:00,3.07562,0.10306,0.05,0.43767,2.48489,0.19008,0.13761,0.0,0.05247
2018-11-14 20:00:00,2018-11-14 20:00,2.94379,0.1141,0.05,0.04384,2.73585,0.15237,0.15237,0.0,0.0
2018-11-14 21:00:00,2018-11-14 21:00,1.02356,0.11625,0.05,0.003,0.85431,0.15523,0.15523,0.0,0.0
2018-11-14 22:00:00,2018-11-14 22:00,1.15436,0.12169,0.05,0.21281,0.76986,0.1625,0.1625,0.0,0.0
2018-11-14 23:00:00,2018-11-14 23:00,0.95432,0.13783,0.05,0.26083,0.50566,0.18405,0.18405,0.0,0.0
2018-11-15 00:00:00,2018-11-15 00:00,0.65445,0.15026,0.05,0.003,0.45119,0.20066,0.20066,0.0,-0.0
2018-11-15 01:00:00,2018-11-15 01:00,0.65087,0.15123,0.05,0.003,0.44664,0.20193,0.20193,0.0,0.0
2018-11-15 02:00:00,2018-11-15 02:00,0.65074,0.15669,0.05,0.003,0.44105,0.20923,0.20923,0.0,-0.0
2018-11-15 03:00:00,2018-11-15 03:00,0.66012,0.16754,0.05,0.003,0.43958,0.22372,0.22372,0.0,0.0
2018-11-15 04:00:00,2018-11-15 04:00,0.65968,0.17309,0.05,0.003,0.43359,0.23115,0.23115,0.0,0.0
2018-11-15 05:00:00,2018-11-15 05:00,0.65102,0.16864,0.05,0.003,0.42938,0.2252,0.2252,0.0,0.0
2018-11-15 06:00:00,2018-11-15 06:00,0.64968,0.16147,0.05,0.003,0.43521,0.21561,0.21561,0.0,0.0
2018-11-15 07:00:00,2018-11-15 07:00,1.11266,0.17408,0.05,0.32156,0.56702,0.23245,0.23245,0.0,0.0
2018-11-15 08:00:00,2018-11-15 08:00,3.07122,0.16866,0.05,0.40172,2.45084,0.22522,0.22522,0.0,-0.0
2018-11-15 09:00:00,2018-11-15 09:00,2.19679,0.15696,0.05,0.003,1.98683,0.20959,0.20959,0.0,0.0
2018-11-15 10:00:00,2018-11-15 10:00,0.71321,0.14601,0.05,0.003,0.5142,0.19496,0.19496,0.0,-0.0
2018-11-15 11:00:00,2018-11-15 11:00,0.9435,0.13644,0.05,0.2094,0.54766,0.1822,0.1822,0.0,-0.0
2018-11-15 12:00:00,2018-11-15 12:00,1.17518,0.12132,0.05,0.42931,0.57455,0.162,0.162,0.0,0.0
2018-11-15 13:00:00,2018-11-15 13:00,1.14759,0.0915,0.05,0.44007,0.56602,0.16153,0.12219,0.0,0.03935
2018-11-15 14:00:00,2018-11-15 14:00,0.69229,0.06749,0.05,0.003,0.5718,0.14259,0.09011,0.0,0.05247
2018-11-15 15:00:00,2018-11-15 15:00,0.59653,0.07929,0.05,0.003,0.46424,0.10587,0.10587,0.0,0.0
2018-11-15 16:00:00,2018-11-15 16:00,0.58091,0.07444,0.05,0.003,0.45347,0.0994,0.0994,0.0,-0.0
2018-11-15 17:00:00,2018-11-15 17:00,0.62081,0.07804,0.05,0.003,0.48977,0.10421,0.10421,0.0,0.0
2018-11-15 18:00:00,2018-11-15 18:00,1.05634,0.08071,0.05,0.32359,0.60204,0.10777,0.10777,0.0,0.0
2018-11-15 19:00:00,2018-11-15 19:00,1.32175,0.09214,0.05,0.27116,0.90845,0.12305,0.12305,0.0,0.0
2018-11-15 20:00:00,2018-11-15 20:00,1.39923,0.06073,0.05,0.003,1.2855,0.14104,0.08109,0.0,0.05995
2018-11-15 21:00:00,2018-11-15 21:00,1.34824,0.08239,0.05,0.003,1.21285,0.11001,0.11001,0.0,-0.0
2018-11-15 22:00:00,2018-11-15 22:00,1.49233,0.09597,0.05,0.42295,0.92341,0.12815,0.12815,0.0,0.0
2018-11-15 23:00:00,2018-11-15 23:00,0.80396,0.11427,0.05,0.003,0.63669,0.15258,0.15258,0.0,-0.0
2018-11-16 00:00:00,2018-11-16 00:00,0.70513,0.13396,0.05,0.003,0.51817,0.17889,0.17889,0.0,-0.0
2018-11-16 01:00:00,2018-11-16 01:00,0.65724,0.15257,0.05,0.003,0.45167,0.20374,0.20374,0.0,0.0
2018-11-16 02:00:00,2018-11-16 02:00,0.64567,0.15163,0.05,0.003,0.44104,0.20248,0.20248,0.0,0.0
2018-11-16 03:00:00,2018-11-16 03:00,0.64419,0.15162,0.05,0.003,0.43957,0.20246,0.20246,0.0,0.0
2018-11-16 04:00:00,2018-11-16 04:00,0.64491,0.15811,0.05,0.003,0.4338,0.21113,0.21113,0.0,0.0
2018-11-16 05:00:00,2018-11-16 05:00,0.64732,0.16458,0.05,0.003,0.42974,0.21977,0.21977,0.0,-0.0
2018-11-16 06:00:00,2018-11-16 06:00,0.64749,0.16294,0.05,0.003,0.43155,0.21759,0.21759,0.0,0.0
2018-11-16 07:00:00,2018-11-16 07:00,1.05516,0.17831,0.05,0.32544,0.50141,0.23811,0.23811,0.0,0.0
2018-11-16 08:00:00,2018-11-16 08:00,1.23318,0.14664,0.05,0.4306,0.60594,0.23517,0.19583,0.0,0.03935
2018-11-16 09:00:00,2018-11-16 09:00,1.22536,0.1468,0.05,0.44331,0.58525,0.21663,0.19603,0.0,0.0206
2018-11-16 10:00:00,2018-11-16 10:00,0.91996,0.16232,0.05,0.23196,0.47568,0.21675,0.21675,0.0,-0.0
2018-11-16 11:00:00,2018-11-16 11:00,0.66032,0.16283,0.05,0.003,0.44449,0.21744,0.21744,0.0,0.0
2018-11-16 12:00:00,2018-11-16 12:00,0.65751,0.15893,0.05,0.003,0.44558,0.21222,0.21222,0.0,0.0
2018-11-16 13:00:00,2018-11-16 13:00,0.67321,0.1518,0.05,0.003,0.46841,0.20271,0.20271,0.0,-0.0
2018-11-16 14:00:00,2018-11-16 14:00,0.65134,0.14578,0.05,0.003,0.45256,0.19466,0.19466,0.0,0.0
2018-11-16 15:00:00,2018-11-16 15:00,0.64639,0.13945,0.05,0.003,0.45394,0.18621,0.18621,0.0,0.0
2018-11-16 16:00:00,2018-11-16 16:00,0.68245,0.13516,0.05,0.003,0.49429,0.18048,0.18048,0.0,0.0
2018-11-16 17:00:00,2018-11-16 17:00,0.82505,0.13512,0.05,0.10937,0.53056,0.18044,0.18044,0.0,0.0
2018-11-16 18:00:00,2018-11-16 18:00,1.31706,0.12566,0.05,0.43568,0.70572,0.1978,0.16781,0.0,0.02999
2018-11-16 19:00:00,2018-11-16 19:00,1.73141,0.13917,0.05,0.43527,1.10697,0.18585,0.18585,0.0,-0.0
2018-11-16 20:00:00,2018-11-16 20:00,1.26258,0.12851,0.05,0.003,1.08107,0.17159,0.17159,0.0,-0.0
2018-11-16 21:00:00,2018-11-16 21:00,1.62066,0.1279,0.05,0.2139,1.22886,0.1708,0.1708,0.0,-0.0
2018-11-16 22:00:00,2018-11-16 22:00,1.33224,0.13908,0.05,0.23548,0.90768,0.1857,0.1857,0.0,0.0
2018-11-16 23:00:00,2018-11-16 23:00,0.87479,0.15844,0.05,0.003,0.66335,0.21157,0.21157,0.0,0.0
2018-11-17 00:00:00,2018-11-17 00:00,0.74939,0.16726,0.05,0.003,0.52913,0.22336,0.22336,0.0,0.0
2018-11-17 01:00:00,2018-11-17 01:00,0.67681,0.17382,0.05,0.003,0.44999,0.23211,0.23211,0.0,0.0
2018-11-17 02:00:00,2018-11-17 02:00,0.67364,0.17833,0.05,0.003,0.44231,0.23813,0.23813,0.0,-0.0
2018-11-17 03:00:00,2018-11-17 03:00,0.67485,0.18102,0.05,0.003,0.44083,0.24172,0.24172,0.0,0.0
2018-11-17 04:00:00,2018-11-17 04:00,0.67802,0.18998,0.05,0.003,0.43504,0.25369,0.25369,0.0,0.0
2018-11-17 05:00:00,2018-11-17 05:00,0.67378,0.19002,0.05,0.003,0.43076,0.25374,0.25374,0.0,0.0
2018-11-17 06:00:00,2018-11-17 06:00,1.00877,0.19931,0.05,0.31553,0.44393,0.26616,0.26616,0.0,-0.0
2018-11-17 07:00:00,2018-11-17 07:00,1.18721,0.21286,0.05,0.41715,0.5072,0.28425,0.28425,0.0,-0.0
2018-11-17 08:00:00,2018-11-17 08:00,1.25264,0.20251,0.05,0.4363,0.56383,0.27041,0.27041,0.0,0.0
2018-11-17 09:00:00,2018-11-17 09:00,0.8407,0.19712,0.05,0.003,0.59058,0.26322,0.26322,0.0,0.0
2018-11-17 10:00:00,2018-11-17 10:00,0.86155,0.19343,0.05,0.003,0.61512,0.25829,0.25829,0.0,0.0
2018-11-17 11:00:00,2018-11-17 11:00,1.08951,0.1753,0.05,0.10892,0.75529,0.23409,0.23409,0.0,0.0
2018-11-17 12:00:00,2018-11-17 12:00,1.37932,0.15594,0.05,0.43174,0.74164,0.20823,0.20823,0.0,0.0
2018-11-17 13:00:00,2018-11-17 13:00,1.14738,0.14166,0.05,0.18138,0.77434,0.18918,0.18918,0.0,-0.0
2018-11-17 14:00:00,2018-11-17 14:00,0.97559,0.13188,0.05,0.003,0.79071,0.1761,0.1761,0.0,0.0
2018-11-17 15:00:00,2018-11-17 15:00,0.9535,0.1278,0.05,0.003,0.7727,0.17066,0.17066,0.0,-0.0
2018-11-17 16:00:00,2018-11-17 16:00,1.48998,0.12392,0.05,0.42262,0.89344,0.16547,0.16547,0.0,-0.0
2018-11-17 17:00:00,2018-11-17 17:00,1.6095,0.12768,0.05,0.44118,0.99064,0.17049,0.17049,0.0,-0.0
2018-11-17 18:00:00,2018-11-17 18:00,1.34463,0.1371,0.05,0.04139,1.11614,0.18306,0.18306,0.0,-0.0
2018-11-17 19:00:00,2018-11-17 19:00,1.50944,0.1511,0.05,0.003,1.30534,0.24113,0.20178,0.0,0.03935
2018-11-17 20:00:00,2018-11-17 20:00,1.43968,0.13207,0.05,0.003,1.25461,0.25878,0.17635,0.0,0.08243
2018-11-17 21:00:00,2018-11-17 21:00,1.7028,0.17745,0.05,0.41336,1.06199,0.23696,0.23696,0.0,-0.0
2018-11-17 22:00:00,2018-11-17 22:00,1.1984,0.19901,0.05,0.003,0.94639,0.26574,0.26574,0.0,0.0
2018-11-17 23:00:00,2018-11-17 23:00,1.09442,0.21912,0.05,0.10738,0.71792,0.2926,0.2926,0.0,-0.0
2018-11-18 00:00:00,2018-11-18 00:00,1.1713,0.23788,0.05,0.34746,0.53596,0.31766,0.31766,0.0,0.0
2018-11-18 01:00:00,2018-11-18 01:00,0.7661,0.25192,0.05,0.003,0.46118,0.33641,0.33641,0.0,0.0
2018-11-18 02:00:00,2018-11-18 02:00,0.76081,0.26296,0.05,0.003,0.44485,0.35114,0.35114,0.0,0.0
2018-11-18 03:00:00,2018-11-18 03:00,0.76857,0.27575,0.05,0.003,0.43982,0.36821,0.36821,0.0,0.0
2018-11-18 04:00:00,2018-11-18 04:00,0.77306,0.28502,0.05,0.003,0.43504,0.38058,0.38058,0.0,0.0
2018-11-18 05:00:00,2018-11-18 05:00,0.77601,0.29203,0.05,0.003,0.43098,0.38996,0.38996,0.0,0.0
2018-11-18 06:00:00,2018-11-18 06:00,0.78327,0.29749,0.05,0.003,0.43278,0.39724,0.39724,0.0,0.0
2018-11-18 07:00:00,2018-11-18 07:00,0.85454,0.32273,0.05,0.003,0.47881,0.43095,0.43095,0.0,0.0
2018-11-18 08:00:00,2018-11-18 08:00,0.98078,0.30712,0.05,0.10965,0.51401,0.4101,0.4101,0.0,-0.0
2018-11-18 09:00:00,2018-11-18 09:00,1.35986,0.28441,0.05,0.43485,0.5906,0.37979,0.37979,0.0,0.0
2018-11-18 10:00:00,2018-11-18 10:00,0.98838,0.24692,0.05,0.08036,0.6111,0.3597,0.32971,0.0,0.02999
2018-11-18 11:00:00,2018-11-18 11:00,0.89885,0.22993,0.05,0.003,0.61592,0.30703,0.30703,0.0,0.0
2018-11-18 12:00:00,2018-11-18 12:00,1.01842,0.20424,0.05,0.003,0.76118,0.27272,0.27272,0.0,0.0
2018-11-18 13:00:00,2018-11-18 13:00,1.2076,0.18632,0.05,0.003,0.96828,0.2488,0.2488,0.0,-0.0
2018-11-18 14:00:00,2018-11-18 14:00,2.94722,0.18904,0.05,0.40784,2.30034,0.25243,0.25243,0.0,-0.0
2018-11-18 15:00:00,2018-11-18 15:00,2.16435,0.16702,0.05,0.4112,1.53613,0.25302,0.22303,0.0,0.02999
2018-11-18 16:00:00,2018-11-18 16:00,1.50177,0.16873,0.05,0.43285,0.85019,0.22531,0.22531,0.0,0.0
2018-11-18 17:00:00,2018-11-18 17:00,1.3951,0.17179,0.05,0.19828,0.97503,0.2294,0.2294,0.0,0.0
2018-11-18 18:00:00,2018-11-18 18:00,1.18627,0.17585,0.05,0.003,0.95742,0.23482,0.23482,0.0,0.0
2018-11-18 19:00:00,2018-11-18 19:00,1.32139,0.18767,0.05,0.003,1.08072,0.2506,0.2506,0.0,0.0
2018-11-18 20:00:00,2018-11-18 20:00,1.33439,0.17037,0.05,0.003,1.11102,0.22751,0.22751,0.0,-0.0
2018-11-18 21:00:00,2018-11-18 21:00,1.48162,0.16242,0.05,0.003,1.2662,0.22813,0.21689,0.0,0.01124
2018-11-18 22:00:00,2018-11-18 22:00,1.68579,0.13742,0.05,0.32515,1.17322,0.26408,0.1835,0.0,0.08058
2018-11-18 23:00:00,2018-11-18 23:00,1.10919,0.16434,0.05,0.13062,0.76423,0.21943,0.21943,0.0,0.0
2018-11-19 00:00:00,2018-11-19 00:00,0.6744,0.1691,0.05,0.003,0.4523,0.2258,0.2258,0.0,0.0
2018-11-19 01:00:00,2018-11-19 01:00,0.66892,0.16926,0.05,0.003,0.44666,0.22602,0.22602,0.0,0.0
2018-11-19 02:00:00,2018-11-19 02:00,0.66359,0.16954,0.05,0.003,0.44105,0.22639,0.22639,0.0,0.0
2018-11-19 03:00:00,2018-11-19 03:00,0.6631,0.17051,0.05,0.003,0.43959,0.22769,0.22769,0.0,0.0
2018-11-19 04:00:00,2018-11-19 04:00,0.65824,0.17146,0.05,0.003,0.43378,0.22895,0.22895,0.0,0.0
2018-11-19 05:00:00,2018-11-19 05:00,0.6581,0.17536,0.05,0.003,0.42974,0.23416,0.23416,0.0,0.0
2018-11-19 06:00:00,2018-11-19 06:00,0.66966,0.18277,0.05,0.003,0.43389,0.24405,0.24405,0.0,-0.0
2018-11-19 07:00:00,2018-11-19 07:00,0.73232,0.20181,0.05,0.003,0.47751,0.26949,0.26949,0.0,-0.0
2018-11-19 08:00:00,2018-11-19 08:00,1.0804,0.18965,0.05,0.32945,0.5113,0.25325,0.25325,0.0,0.0
2018-11-19 09:00:00,2018-11-19 09:00,1.17726,0.1874,0.05,0.2057,0.73416,0.25024,0.25024,0.0,-0.0
2018-11-19 10:00:00,2018-11-19 10:00,2.74309,0.20577,0.05,0.003,2.48432,0.27477,0.27477,0.0,-0.0
2018-11-19 11:00:00,2018-11-19 11:00,2.06161,0.20079,0.05,0.003,1.80782,0.26813,0.26813,0.0,0.0
2018-11-19 12:00:00,2018-11-19 12:00,0.72535,0.1882,0.05,0.003,0.48415,0.2513,0.2513,0.0,0.0
2018-11-19 13:00:00,2018-11-19 13:00,1.0643,0.18212,0.05,0.31527,0.51691,0.24318,0.24318,0.0,-0.0
2018-11-19 14:00:00,2018-11-19 14:00,1.17283,0.17952,0.05,0.42396,0.51935,0.23972,0.23972,0.0,-0.0
2018-11-19 15:00:00,2018-11-19 15:00,1.17348,0.18517,0.05,0.42218,0.51613,0.24727,0.24727,0.0,0.0
2018-11-19 16:00:00,2018-11-19 16:00,1.05901,0.19401,0.05,0.36154,0.45346,0.25906,0.25906,0.0,-0.0
2018-11-19 17:00:00,2018-11-19 17:00,0.90379,0.16561,0.05,0.003,0.68518,0.28108,0.22113,0.0,0.05995
2018-11-19 18:00:00,2018-11-19 18:00,1.21497,0.18271,0.05,0.21512,0.76714,0.24397,0.24397,0.0,-0.0
2018-11-19 19:00:00,2018-11-19 19:00,1.41759,0.19834,0.05,0.25419,0.91506,0.26484,0.26484,0.0,-0.0
2018-11-19 20:00:00,2018-11-19 20:00,1.1349,0.19307,0.05,0.003,0.88883,0.25783,0.25783,0.0,0.0
2018-11-19 21:00:00,2018-11-19 21:00,1.34739,0.1892,0.05,0.003,1.10519,0.25264,0.25264,0.0,-0.0
2018-11-19 22:00:00,2018-11-19 22:00,1.31805,0.18775,0.05,0.003,1.0773,0.25069,0.25069,0.0,-0.0
2018-11-19 23:00:00,2018-11-19 23:00,0.8424,0.1986,0.05,0.003,0.5908,0.2652,0.2652,0.0,0.0
2018-11-20 00:00:00,2018-11-20 00:00,0.81458,0.20501,0.05,0.10838,0.45119,0.27376,0.27376,0.0,0.0
2018-11-20 01:00:00,2018-11-20 01:00,0.97114,0.20835,0.05,0.26613,0.44666,0.27822,0.27822,0.0,0.0
2018-11-20 02:00:00,2018-11-20 02:00,0.70628,0.21222,0.05,0.003,0.44106,0.28339,0.28339,0.0,-0.0
2018-11-20 03:00:00,2018-11-20 03:00,0.7176,0.22503,0.05,0.003,0.43957,0.30048,0.30048,0.0,0.0
2018-11-20 04:00:00,2018-11-20 04:00,0.72158,0.23478,0.05,0.003,0.4338,0.31351,0.31351,0.0,0.0
2018-11-20 05:00:00,2018-11-20 05:00,0.72479,0.24205,0.05,0.003,0.42974,0.32322,0.32322,0.0,0.0
2018-11-20 06:00:00,2018-11-20 06:00,0.75529,0.25465,0.05,0.003,0.44764,0.34003,0.34003,0.0,0.0
2018-11-20 07:00:00,2018-11-20 07:00,1.2067,0.28981,0.05,0.31162,0.55527,0.38699,0.38699,0.0,0.0
2018-11-20 08:00:00,2018-11-20 08:00,1.33097,0.28048,0.05,0.42635,0.57414,0.37453,0.37453,0.0,-0.0
2018-11-20 09:00:00,2018-11-20 09:00,1.29669,0.28509,0.05,0.43658,0.52502,0.38069,0.38069,0.0,-0.0
2018-11-20 10:00:00,2018-11-20 10:00,0.92039,0.29024,0.05,0.12046,0.45969,0.38757,0.38757,0.0,0.0
2018-11-20 11:00:00,2018-11-20 11:00,0.77257,0.27509,0.05,0.003,0.44448,0.36733,0.36733,0.0,-0.0
2018-11-20 12:00:00,2018-11-20 12:00,0.75998,0.26142,0.05,0.003,0.44556,0.34907,0.34907,0.0,0.0
2018-11-20 13:00:00,2018-11-20 13:00,0.74523,0.23979,0.05,0.003,0.45244,0.32019,0.32019,0.0,0.0
2018-11-20 14:00:00,2018-11-20 14:00,0.72336,0.2178,0.05,0.003,0.45256,0.29083,0.29083,0.0,-0.0
2018-11-20 15:00:00,2018-11-20 15:00,0.71394,0.20701,0.05,0.003,0.45393,0.27642,0.27642,0.0,0.0
2018-11-20 16:00:00,2018-11-20 16:00,0.79591,0.17049,0.05,0.003,0.57242,0.29512,0.22767,0.0,0.06745
2018-11-20 17:00:00,2018-11-20 17:00,1.26164,0.15552,0.05,0.42843,0.62769,0.262,0.20767,0.0,0.05433
2018-11-20 18:00:00,2018-11-20 18:00,0.86261,0.1689,0.05,0.003,0.64071,0.22554,0.22554,0.0,-0.0
2018-11-20 19:00:00,2018-11-20 19:00,1.30815,0.17209,0.05,0.003,1.08306,0.22979,0.22979,0.0,0.0
2018-11-20 20:00:00,2018-11-20 20:00,1.74964,0.14518,0.05,0.41464,1.13982,0.22386,0.19388,0.0,0.02999
2018-11-20 21:00:00,2018-11-20 21:00,1.40957,0.14371,0.05,0.003,1.21286,0.1919,0.1919,0.0,0.0
2018-11-20 22:00:00,2018-11-20 22:00,1.13371,0.14666,0.05,0.003,0.93405,0.19585,0.19585,0.0,-0.0
2018-11-20 23:00:00,2018-11-20 23:00,1.14,0.14878,0.05,0.10675,0.83447,0.19867,0.19867,0.0,-0.0
2018-11-21 00:00:00,2018-11-21 00:00,1.70437,0.1642,0.05,0.41866,1.07151,0.21926,0.21926,0.0,-0.0
2018-11-21 01:00:00,2018-11-21 01:00,2.51554,0.17422,0.05,0.003,2.28832,0.23265,0.23265,0.0,-0.0
2018-11-21 02:00:00,2018-11-21 02:00,0.65884,0.16303,0.05,0.003,0.44281,0.2177,0.2177,0.0,0.0
2018-11-21 03:00:00,2018-11-21 03:00,1.08038,0.16511,0.05,0.42857,0.4367,0.22047,0.22047,0.0,-0.0
2018-11-21 04:00:00,2018-11-21 04:00,0.81077,0.16633,0.05,0.16379,0.43065,0.2221,0.2221,0.0,-0.0
2018-11-21 05:00:00,2018-11-21 05:00,0.65916,0.17641,0.05,0.003,0.42975,0.23557,0.23557,0.0,0.0
2018-11-21 06:00:00,2018-11-21 06:00,0.67401,0.18347,0.05,0.003,0.43754,0.24498,0.24498,0.0,0.0
2018-11-21 07:00:00,2018-11-21 07:00,0.97774,0.20138,0.05,0.21016,0.5162,0.26892,0.26892,0.0,-0.0
2018-11-21 08:00:00,2018-11-21 08:00,1.19297,0.19725,0.05,0.4324,0.51332,0.2634,0.2634,0.0,0.0
2018-11-21 09:00:00,2018-11-21 09:00,0.92733,0.19792,0.05,0.19409,0.48532,0.26429,0.26429,0.0,0.0
2018-11-21 10:00:00,2018-11-21 10:00,0.97844,0.20087,0.05,0.21336,0.51421,0.26823,0.26823,0.0,-0.0
2018-11-21 11:00:00,2018-11-21 11:00,1.12755,0.19886,0.05,0.39236,0.48633,0.26556,0.26556,0.0,0.0
2018-11-21 12:00:00,2018-11-21 12:00,0.69698,0.1984,0.05,0.003,0.44558,0.26493,0.26493,0.0,0.0
2018-11-21 13:00:00,2018-11-21 13:00,0.69908,0.19363,0.05,0.003,0.45245,0.25855,0.25855,0.0,-0.0
2018-11-21 14:00:00,2018-11-21 14:00,0.68937,0.18382,0.05,0.003,0.45255,0.24545,0.24545,0.0,0.0
2018-11-21 15:00:00,2018-11-21 15:00,0.73911,0.17215,0.05,0.003,0.51396,0.22987,0.22987,0.0,-0.0
2018-11-21 16:00:00,2018-11-21 16:00,0.69304,0.17429,0.05,0.003,0.46575,0.23273,0.23273,0.0,-0.0
2018-11-21 17:00:00,2018-11-21 17:00,0.69469,0.17873,0.05,0.003,0.46296,0.23865,0.23865,0.0,0.0
2018-11-21 18:00:00,2018-11-21 18:00,1.05174,0.17354,0.05,0.10857,0.71963,0.26172,0.23173,0.0,0.02999
2018-11-21 19:00:00,2018-11-21 19:00,1.59692,0.19036,0.05,0.31665,1.03991,0.25419,0.25419,0.0,0.0
2018-11-21 20:00:00,2018-11-21 20:00,1.47644,0.16913,0.05,0.003,1.25431,0.22584,0.22584,0.0,0.0
2018-11-21 21:00:00,2018-11-21 21:00,1.45317,0.17133,0.05,0.003,1.22884,0.22878,0.22878,0.0,-0.0
2018-11-21 22:00:00,2018-11-21 22:00,1.42814,0.17924,0.05,0.21184,0.98706,0.23935,0.23935,0.0,0.0
2018-11-21 23:00:00,2018-11-21 23:00,1.3627,0.19148,0.05,0.43542,0.6858,0.25568,0.25568,0.0,-0.0
2018-11-22 00:00:00,2018-11-22 00:00,0.73553,0.20634,0.05,0.01106,0.46813,0.27552,0.27552,0.0,0.0
2018-11-22 01:00:00,2018-11-22 01:00,0.71572,0.21606,0.05,0.003,0.44666,0.28851,0.28851,0.0,-0.0
2018-11-22 02:00:00,2018-11-22 02:00,0.70391,0.20986,0.05,0.003,0.44105,0.28023,0.28023,0.0,0.0
2018-11-22 03:00:00,2018-11-22 03:00,0.69518,0.20262,0.05,0.003,0.43956,0.27055,0.27055,0.0,0.0
2018-11-22 04:00:00,2018-11-22 04:00,0.68295,0.19636,0.05,0.003,0.43359,0.26221,0.26221,0.0,-0.0
2018-11-22 05:00:00,2018-11-22 05:00,1.00902,0.1927,0.05,0.32597,0.44035,0.26856,0.25732,0.0,0.01124
2018-11-22 06:00:00,2018-11-22 06:00,0.87577,0.17345,0.05,0.15587,0.49645,0.28033,0.23162,0.0,0.04871
2018-11-22 07:00:00,2018-11-22 07:00,1.03545,0.20471,0.05,0.20696,0.57378,0.27336,0.27336,0.0,0.0
2018-11-22 08:00:00,2018-11-22 08:00,1.24439,0.19841,0.05,0.42729,0.56869,0.26494,0.26494,0.0,-0.0
2018-11-22 09:00:00,2018-11-22 09:00,1.12814,0.19175,0.05,0.3526,0.53379,0.25605,0.25605,0.0,-0.0
2018-11-22 10:00:00,2018-11-22 10:00,0.70155,0.19192,0.05,0.003,0.45663,0.25627,0.25627,0.0,0.0
2018-11-22 11:00:00,2018-11-22 11:00,0.7576,0.19558,0.05,0.003,0.50902,0.26117,0.26117,0.0,-0.0
2018-11-22 12:00:00,2018-11-22 12:00,1.37952,0.19722,0.05,0.31776,0.81454,0.26335,0.26335,0.0,0.0
2018-11-22 13:00:00,2018-11-22 13:00,2.04094,0.18837,0.05,0.42447,1.3781,0.25155,0.25155,0.0,0.0
2018-11-22 14:00:00,2018-11-22 14:00,1.0895,0.1735,0.05,0.30638,0.55962,0.23168,0.23168,0.0,0.0
2018-11-22 15:00:00,2018-11-22 15:00,0.87043,0.16978,0.05,0.10762,0.54303,0.22672,0.22672,0.0,0.0
2018-11-22 16:00:00,2018-11-22 16:00,1.12246,0.17156,0.05,0.4024,0.4985,0.22909,0.22909,0.0,0.0
2018-11-22 17:00:00,2018-11-22 17:00,0.70323,0.16202,0.05,0.003,0.48821,0.22761,0.21637,0.0,0.01124
2018-11-22 18:00:00,2018-11-22 18:00,0.90799,0.13372,0.05,0.003,0.72127,0.25914,0.17856,0.0,0.08058
2018-11-22 19:00:00,2018-11-22 19:00,1.21366,0.15319,0.05,0.003,1.00747,0.23455,0.20456,0.0,0.02999
2018-11-22 20:00:00,2018-11-22 20:00,1.28184,0.14776,0.05,0.003,1.08108,0.19729,0.19729,0.0,0.0
2018-11-22 21:00:00,2018-11-22 21:00,1.74849,0.11173,0.05,0.32583,1.26093,0.24476,0.14921,0.0,0.09556
2018-11-22 22:00:00,2018-11-22 22:00,1.16549,0.12894,0.05,0.1666,0.81995,0.19839,0.17217,0.0,0.02622
2018-11-22 23:00:00,2018-11-22 23:00,0.69938,0.14074,0.05,0.003,0.50564,0.18793,0.18793,0.0,0.0
2018-11-23 00:00:00,2018-11-23 00:00,0.64746,0.1433,0.05,0.003,0.45116,0.19134,0.19134,0.0,0.0
2018-11-23 01:00:00,2018-11-23 01:00,0.64267,0.14301,0.05,0.003,0.44666,0.19096,0.19096,0.0,0.0
2018-11-23 02:00:00,2018-11-23 02:00,0.63374,0.13968,0.05,0.003,0.44106,0.18653,0.18653,0.0,0.0
2018-11-23 03:00:00,2018-11-23 03:00,0.62895,0.13637,0.05,0.003,0.43958,0.1821,0.1821,0.0,0.0
2018-11-23 04:00:00,2018-11-23 04:00,0.62167,0.13487,0.05,0.003,0.4338,0.18011,0.18011,0.0,0.0
2018-11-23 05:00:00,2018-11-23 05:00,0.61337,0.12966,0.05,0.003,0.43071,0.17315,0.17315,0.0,0.0
2018-11-23 06:00:00,2018-11-23 06:00,1.06436,0.13046,0.05,0.4398,0.4441,0.17421,0.17421,0.0,0.0
2018-11-23 07:00:00,2018-11-23 07:00,1.18275,0.13856,0.05,0.4408,0.55339,0.18503,0.18503,0.0,-0.0
2018-11-23 08:00:00,2018-11-23 08:00,0.96048,0.12692,0.05,0.21696,0.5666,0.16948,0.16948,0.0,-0.0
2018-11-23 09:00:00,2018-11-23 09:00,1.01996,0.12522,0.05,0.21261,0.63213,0.1672,0.1672,0.0,-0.0
2018-11-23 10:00:00,2018-11-23 10:00,1.19159,0.10706,0.05,0.43262,0.60191,0.17294,0.14296,0.0,0.02999
2018-11-23 11:00:00,2018-11-23 11:00,1.09994,0.10964,0.05,0.43128,0.50902,0.14642,0.14642,0.0,-0.0
2018-11-23 12:00:00,2018-11-23 12:00,0.67336,0.11041,0.05,0.003,0.50995,0.14743,0.14743,0.0,0.0
2018-11-23 13:00:00,2018-11-23 13:00,0.67853,0.10861,0.05,0.003,0.51692,0.14503,0.14503,0.0,0.0
2018-11-23 14:00:00,2018-11-23 14:00,0.67605,0.1037,0.05,0.003,0.51935,0.13848,0.13848,0.0,0.0
2018-11-23 15:00:00,2018-11-23 15:00,1.02715,0.109,0.05,0.3264,0.54175,0.14554,0.14554,0.0,-0.0
2018-11-23 16:00:00,2018-11-23 16:00,0.75378,0.11575,0.05,0.12228,0.46575,0.15457,0.15457,0.0,0.0
2018-11-23 17:00:00,2018-11-23 17:00,0.72331,0.113,0.05,0.003,0.55731,0.15088,0.15088,0.0,0.0
2018-11-23 18:00:00,2018-11-23 18:00,0.94471,0.11184,0.05,0.21202,0.57085,0.14934,0.14934,0.0,-0.0
2018-11-23 19:00:00,2018-11-23 19:00,1.50578,0.08553,0.05,0.41535,0.9549,0.20603,0.11421,0.0,0.09182
2018-11-23 20:00:00,2018-11-23 20:00,1.04015,0.09835,0.05,0.003,0.8888,0.13133,0.13133,0.0,-0.0
2018-11-23 21:00:00,2018-11-23 21:00,1.34682,0.09362,0.05,0.003,1.2002,0.12501,0.12501,0.0,-0.0
2018-11-23 22:00:00,2018-11-23 22:00,1.59278,0.09389,0.05,0.3822,1.06669,0.12538,0.12538,0.0,-0.0
2018-11-23 23:00:00,2018-11-23 23:00,0.67822,0.10344,0.05,0.003,0.52178,0.13813,0.13813,0.0,0.0
2018-11-24 00:00:00,2018-11-24 00:00,0.61086,0.10655,0.05,0.003,0.45131,0.14228,0.14228,0.0,0.0
2018-11-24 01:00:00,2018-11-24 01:00,0.60855,0.10763,0.05,0.003,0.44792,0.14373,0.14373,0.0,0.0
2018-11-24 02:00:00,2018-11-24 02:00,0.60659,0.11129,0.05,0.003,0.4423,0.14861,0.14861,0.0,-0.0
2018-11-24 03:00:00,2018-11-24 03:00,0.60993,0.1161,0.05,0.003,0.44083,0.15503,0.15503,0.0,0.0
2018-11-24 04:00:00,2018-11-24 04:00,0.60829,0.12024,0.05,0.003,0.43505,0.16056,0.16056,0.0,0.0
2018-11-24 05:00:00,2018-11-24 05:00,0.60624,0.12226,0.05,0.003,0.43098,0.16325,0.16325,0.0,-0.0
2018-11-24 06:00:00,2018-11-24 06:00,0.60905,0.12326,0.05,0.003,0.43279,0.16459,0.16459,0.0,0.0
2018-11-24 07:00:00,2018-11-24 07:00,0.66982,0.138,0.05,0.003,0.47882,0.18428,0.18428,0.0,0.0
2018-11-24 08:00:00,2018-11-24 08:00,0.8031,0.13141,0.05,0.11429,0.5074,0.17547,0.17547,0.0,0.0
2018-11-24 09:00:00,2018-11-24 09:00,1.17422,0.14481,0.05,0.45611,0.5233,0.19338,0.19338,0.0,0.0
2018-11-24 10:00:00,2018-11-24 10:00,1.09173,0.13642,0.05,0.32378,0.58153,0.21216,0.18217,0.0,0.02999
2018-11-24 11:00:00,2018-11-24 11:00,0.87987,0.13352,0.05,0.003,0.69335,0.1783,0.1783,0.0,0.0
2018-11-24 12:00:00,2018-11-24 12:00,1.21199,0.12916,0.05,0.32698,0.70585,0.17246,0.17246,0.0,0.0
2018-11-24 13:00:00,2018-11-24 13:00,0.89997,0.13263,0.05,0.10331,0.61403,0.1771,0.1771,0.0,0.0
2018-11-24 14:00:00,2018-11-24 14:00,0.81254,0.13288,0.05,0.003,0.62666,0.17743,0.17743,0.0,0.0
2018-11-24 15:00:00,2018-11-24 15:00,0.82219,0.13559,0.05,0.003,0.6336,0.18105,0.18105,0.0,-0.0
2018-11-24 16:00:00,2018-11-24 16:00,1.27359,0.13511,0.05,0.44484,0.64364,0.18041,0.18041,0.0,0.0
2018-11-24 17:00:00,2018-11-24 17:00,1.14544,0.12671,0.05,0.12563,0.8431,0.1692,0.1692,0.0,0.0
2018-11-24 18:00:00,2018-11-24 18:00,1.40455,0.13897,0.05,0.39862,0.81696,0.18557,0.18557,0.0,-0.0
2018-11-24 19:00:00,2018-11-24 19:00,1.2883,0.15457,0.05,0.003,1.08073,0.20641,0.20641,0.0,-0.0
2018-11-24 20:00:00,2018-11-24 20:00,1.3185,0.15448,0.05,0.003,1.11102,0.20627,0.20627,0.0,0.0
2018-11-24 21:00:00,2018-11-24 21:00,1.56896,0.15461,0.05,0.1094,1.25495,0.20645,0.20645,0.0,-0.0
2018-11-24 22:00:00,2018-11-24 22:00,1.6045,0.14987,0.05,0.44491,0.95972,0.20012,0.20012,0.0,0.0
2018-11-24 23:00:00,2018-11-24 23:00,0.92626,0.16041,0.05,0.04255,0.6733,0.21419,0.21419,0.0,0.0
2018-11-25 00:00:00,2018-11-25 00:00,0.73429,0.1681,0.05,0.003,0.51319,0.22447,0.22447,0.0,0.0
2018-11-25 01:00:00,2018-11-25 01:00,0.67869,0.17212,0.05,0.003,0.45357,0.22983,0.22983,0.0,-0.0
2018-11-25 02:00:00,2018-11-25 02:00,0.66834,0.17304,0.05,0.003,0.4423,0.23107,0.23107,0.0,0.0
2018-11-25 03:00:00,2018-11-25 03:00,0.67144,0.17762,0.05,0.003,0.44082,0.23717,0.23717,0.0,0.0
2018-11-25 04:00:00,2018-11-25 04:00,0.89236,0.18718,0.05,0.22013,0.43505,0.24995,0.24995,0.0,0.0
2018-11-25 05:00:00,2018-11-25 05:00,0.80192,0.18662,0.05,0.13432,0.43098,0.2492,0.2492,0.0,0.0
2018-11-25 06:00:00,2018-11-25 06:00,0.67839,0.1926,0.05,0.003,0.43279,0.25719,0.25719,0.0,-0.0
2018-11-25 07:00:00,2018-11-25 07:00,0.74477,0.20172,0.05,0.003,0.49005,0.28061,0.26937,0.0,0.01124
2018-11-25 08:00:00,2018-11-25 08:00,0.82712,0.17693,0.05,0.003,0.59719,0.28497,0.23626,0.0,0.04871
2018-11-25 09:00:00,2018-11-25 09:00,1.22671,0.19134,0.05,0.32735,0.65802,0.25549,0.25549,0.0,-0.0
2018-11-25 10:00:00,2018-11-25 10:00,1.08845,0.18421,0.05,0.18877,0.66547,0.24598,0.24598,0.0,-0.0
2018-11-25 11:00:00,2018-11-25 11:00,0.89299,0.17384,0.05,0.003,0.66615,0.23213,0.23213,0.0,-0.0
2018-11-25 12:00:00,2018-11-25 12:00,1.21544,0.16064,0.05,0.31471,0.69009,0.2145,0.2145,0.0,-0.0
2018-11-25 13:00:00,2018-11-25 13:00,1.38439,0.15376,0.05,0.42623,0.7544,0.20533,0.20532,0.0,0.0
2018-11-25 14:00:00,2018-11-25 14:00,1.45106,0.15648,0.05,0.44451,0.80007,0.20895,0.20895,0.0,0.0
2018-11-25 15:00:00,2018-11-25 15:00,1.26556,0.15758,0.05,0.21328,0.8447,0.22167,0.21043,0.0,0.01124
2018-11-25 16:00:00,2018-11-25 16:00,1.1393,0.1221,0.05,0.003,0.9642,0.27358,0.16305,0.0,0.11054
2018-11-25 17:00:00,2018-11-25 17:00,1.38578,0.15542,0.05,0.32152,0.85884,0.20754,0.20754,0.0,-0.0
2018-11-25 18:00:00,2018-11-25 18:00,1.49546,0.1776,0.05,0.31044,0.95742,0.23714,0.23714,0.0,0.0
2018-11-25 19:00:00,2018-11-25 19:00,1.34137,0.20764,0.05,0.003,1.08073,0.27728,0.27728,0.0,-0.0
2018-11-25 20:00:00,2018-11-25 20:00,1.22038,0.1967,0.05,0.003,0.97068,0.26266,0.26266,0.0,0.0
2018-11-25 21:00:00,2018-11-25 21:00,1.26383,0.19474,0.05,0.003,1.01609,0.26005,0.26005,0.0,0.0
2018-11-25 22:00:00,2018-11-25 22:00,1.22683,0.19848,0.05,0.10786,0.87049,0.26503,0.26503,0.0,0.0
2018-11-25 23:00:00,2018-11-25 23:00,1.17905,0.21104,0.05,0.27687,0.64114,0.28181,0.28181,0.0,-0.0
2018-11-26 00:00:00,2018-11-26 00:00,0.76728,0.21956,0.05,0.003,0.49472,0.29318,0.29318,0.0,0.0
2018-11-26 01:00:00,2018-11-26 01:00,0.72878,0.22412,0.05,0.003,0.45166,0.29927,0.29927,0.0,-0.0
2018-11-26 02:00:00,2018-11-26 02:00,0.72568,0.23164,0.05,0.003,0.44104,0.30932,0.30932,0.0,0.0
2018-11-26 03:00:00,2018-11-26 03:00,0.73318,0.24059,0.05,0.003,0.43959,0.32127,0.32127,0.0,0.0
2018-11-26 04:00:00,2018-11-26 04:00,0.72973,0.24294,0.05,0.003,0.43379,0.3244,0.3244,0.0,0.0
2018-11-26 05:00:00,2018-11-26 05:00,0.94295,0.24591,0.05,0.2173,0.42974,0.32838,0.32838,0.0,0.0
2018-11-26 06:00:00,2018-11-26 06:00,1.06955,0.24387,0.05,0.33556,0.44012,0.32564,0.32564,0.0,-0.0
2018-11-26 07:00:00,2018-11-26 07:00,0.79783,0.26183,0.05,0.003,0.483,0.34961,0.34961,0.0,-0.0
2018-11-26 08:00:00,2018-11-26 08:00,1.02847,0.25437,0.05,0.21136,0.51274,0.33967,0.33967,0.0,-0.0
2018-11-26 09:00:00,2018-11-26 09:00,1.18444,0.25317,0.05,0.39627,0.485,0.33806,0.33806,0.0,-0.0
2018-11-26 10:00:00,2018-11-26 10:00,0.75068,0.24745,0.05,0.003,0.45023,0.33042,0.33042,0.0,0.0
2018-11-26 11:00:00,2018-11-26 11:00,0.74612,0.24864,0.05,0.003,0.44448,0.33201,0.33201,0.0,0.0
2018-11-26 12:00:00,2018-11-26 12:00,0.73058,0.23199,0.05,0.003,0.44559,0.3098,0.3098,0.0,0.0
2018-11-26 13:00:00,2018-11-26 13:00,0.72565,0.2202,0.05,0.003,0.45245,0.29403,0.29403,0.0,0.0
2018-11-26 14:00:00,2018-11-26 14:00,0.71926,0.2137,0.05,0.003,0.45256,0.28535,0.28535,0.0,-0.0
2018-11-26 15:00:00,2018-11-26 15:00,0.7145,0.20756,0.05,0.003,0.45394,0.27717,0.27717,0.0,0.0
2018-11-26 16:00:00,2018-11-26 16:00,0.70792,0.20145,0.05,0.003,0.45347,0.269,0.269,0.0,0.0
2018-11-26 17:00:00,2018-11-26 17:00,1.16136,0.20259,0.05,0.32457,0.5842,0.27052,0.27052,0.0,0.0
2018-11-26 18:00:00,2018-11-26 18:00,1.26291,0.18643,0.05,0.22055,0.80593,0.3089,0.24895,0.0,0.05995
2018-11-26 19:00:00,2018-11-26 19:00,1.48129,0.21881,0.05,0.31786,0.89462,0.29218,0.29218,0.0,-0.0
2018-11-26 20:00:00,2018-11-26 20:00,2.79327,0.22564,0.05,0.20081,2.31682,0.30131,0.30131,0.0,-0.0
2018-11-26 21:00:00,2018-11-26 21:00,2.74079,0.22793,0.05,0.003,2.45986,0.30435,0.30435,0.0,0.0
2018-11-26 22:00:00,2018-11-26 22:00,1.0901,0.23279,0.05,0.003,0.80431,0.31084,0.31084,0.0,0.0
2018-11-26 23:00:00,2018-11-26 23:00,0.97639,0.24094,0.05,0.10643,0.57902,0.32172,0.32172,0.0,-0.0
2018-11-27 00:00:00,2018-11-27 00:00,1.14116,0.23922,0.05,0.37318,0.47876,0.31944,0.31944,0.0,0.0
2018-11-27 01:00:00,2018-11-27 01:00,0.74749,0.24783,0.05,0.003,0.44666,0.33093,0.33093,0.0,-0.0
2018-11-27 02:00:00,2018-11-27 02:00,0.75209,0.25803,0.05,0.003,0.44106,0.34455,0.34455,0.0,0.0
2018-11-27 03:00:00,2018-11-27 03:00,0.75338,0.26082,0.05,0.003,0.43956,0.34826,0.34826,0.0,0.0
2018-11-27 04:00:00,2018-11-27 04:00,0.7487,0.26191,0.05,0.003,0.43379,0.34973,0.34973,0.0,0.0
2018-11-27 05:00:00,2018-11-27 05:00,0.74488,0.2621,0.05,0.003,0.42978,0.34998,0.34998,0.0,0.0
2018-11-27 06:00:00,2018-11-27 06:00,0.75315,0.26111,0.05,0.003,0.43904,0.34865,0.34865,0.0,0.0
2018-11-27 07:00:00,2018-11-27 07:00,1.08446,0.28042,0.05,0.21367,0.54037,0.37446,0.37446,0.0,-0.0
2018-11-27 08:00:00,2018-11-27 08:00,1.35793,0.25753,0.05,0.42041,0.62999,0.3439,0.3439,0.0,-0.0
2018-11-27 09:00:00,2018-11-27 09:00,1.29708,0.2637,0.05,0.43393,0.54945,0.35212,0.35212,0.0,-0.0
2018-11-27 10:00:00,2018-11-27 10:00,0.83573,0.26852,0.05,0.003,0.51421,0.35856,0.35856,0.0,-0.0
2018-11-27 11:00:00,2018-11-27 11:00,0.78766,0.24835,0.05,0.003,0.48631,0.33162,0.33162,0.0,0.0
2018-11-27 12:00:00,2018-11-27 12:00,0.77821,0.24104,0.05,0.003,0.48417,0.32187,0.32187,0.0,-0.0
2018-11-27 13:00:00,2018-11-27 13:00,1.22117,0.22743,0.05,0.42681,0.51693,0.3037,0.3037,0.0,0.0
2018-11-27 14:00:00,2018-11-27 14:00,0.8981,0.18735,0.05,0.07395,0.5868,0.31764,0.25019,0.0,0.06745
2018-11-27 15:00:00,2018-11-27 15:00,1.0457,0.15024,0.05,0.20866,0.6368,0.31302,0.20061,0.0,0.11242
2018-11-27 16:00:00,2018-11-27 16:00,1.18754,0.16018,0.05,0.42563,0.55173,0.27946,0.21389,0.0,0.06557
2018-11-27 17:00:00,2018-11-27 17:00,0.95836,0.15117,0.05,0.10433,0.65286,0.2974,0.20184,0.0,0.09556
2018-11-27 18:00:00,2018-11-27 18:00,0.90524,0.16815,0.05,0.003,0.68409,0.25076,0.22453,0.0,0.02622
2018-11-27 19:00:00,2018-11-27 19:00,1.50018,0.19302,0.05,0.21065,1.04651,0.25774,0.25774,0.0,0.0
2018-11-27 20:00:00,2018-11-27 20:00,1.67832,0.18735,0.05,0.37886,1.06211,0.25018,0.25018,0.0,0.0
2018-11-27 21:00:00,2018-11-27 21:00,1.28992,0.19496,0.05,0.003,1.04196,0.26034,0.26034,0.0,0.0
2018-11-27 22:00:00,2018-11-27 22:00,1.29635,0.20064,0.05,0.003,1.04271,0.26791,0.26791,0.0,0.0
2018-11-27 23:00:00,2018-11-27 23:00,0.84287,0.21485,0.05,0.003,0.57502,0.28689,0.28689,0.0,0.0
2018-11-28 00:00:00,2018-11-28 00:00,0.72949,0.22531,0.05,0.003,0.45118,0.30086,0.30086,0.0,0.0
2018-11-28 01:00:00,2018-11-28 01:00,0.73208,0.23242,0.05,0.003,0.44666,0.31035,0.31035,0.0,0.0
2018-11-28 02:00:00,2018-11-28 02:00,0.73286,0.2388,0.05,0.003,0.44106,0.31888,0.31888,0.0,0.0
2018-11-28 03:00:00,2018-11-28 03:00,0.73522,0.24264,0.05,0.003,0.43958,0.32401,0.32401,0.0,-0.0
2018-11-28 04:00:00,2018-11-28 04:00,0.73154,0.24496,0.05,0.003,0.43358,0.3271,0.3271,0.0,0.0
2018-11-28 05:00:00,2018-11-28 05:00,1.16029,0.24521,0.05,0.43597,0.42911,0.32744,0.32744,0.0,-0.0
2018-11-28 06:00:00,2018-11-28 06:00,0.81725,0.24674,0.05,0.08512,0.43539,0.32948,0.32948,0.0,-0.0
2018-11-28 07:00:00,2018-11-28 07:00,0.95503,0.26307,0.05,0.10715,0.53481,0.35129,0.3513,0.0,-0.0
2018-11-28 08:00:00,2018-11-28 08:00,1.28647,0.2423,0.05,0.42229,0.57188,0.32355,0.32355,0.0,0.0
2018-11-28 09:00:00,2018-11-28 09:00,3.15322,0.25389,0.05,0.43704,2.41229,0.33902,0.33902,0.0,0.0
2018-11-28 10:00:00,2018-11-28 10:00,3.05398,0.24975,0.05,0.08712,2.66711,0.3335,0.3335,0.0,0.0
2018-11-28 11:00:00,2018-11-28 11:00,2.64532,0.22979,0.05,0.31343,2.0521,0.30685,0.30685,0.0,0.0
2018-11-28 12:00:00,2018-11-28 12:00,1.01265,0.21105,0.05,0.26421,0.48739,0.28183,0.28183,0.0,0.0
2018-11-28 13:00:00,2018-11-28 13:00,0.716,0.21056,0.05,0.003,0.45244,0.28115,0.28115,0.0,-0.0
2018-11-28 14:00:00,2018-11-28 14:00,0.71286,0.20731,0.05,0.003,0.45255,0.27682,0.27682,0.0,0.0
2018-11-28 15:00:00,2018-11-28 15:00,0.71594,0.209,0.05,0.003,0.45394,0.27909,0.27909,0.0,0.0
2018-11-28 16:00:00,2018-11-28 16:00,0.74756,0.21002,0.05,0.003,0.48454,0.28045,0.28045,0.0,0.0
2018-11-28 17:00:00,2018-11-28 17:00,0.8971,0.1998,0.05,0.003,0.6443,0.29678,0.26679,0.0,0.02999
2018-11-28 18:00:00,2018-11-28 18:00,1.32376,0.19916,0.05,0.32483,0.74977,0.26596,0.26596,0.0,0.0
2018-11-28 19:00:00,2018-11-28 19:00,1.03274,0.21194,0.05,0.05479,0.71601,0.28301,0.28301,0.0,-0.0
2018-11-28 20:00:00,2018-11-28 20:00,1.52919,0.16976,0.05,0.20876,1.10067,0.29414,0.22669,0.0,0.06745
2018-11-28 21:00:00,2018-11-28 21:00,1.63377,0.16521,0.05,0.32228,1.09628,0.27491,0.22059,0.0,0.05433
2018-11-28 22:00:00,2018-11-28 22:00,1.03204,0.18533,0.05,0.003,0.79371,0.24747,0.24747,0.0,0.0
2018-11-28 23:00:00,2018-11-28 23:00,0.80582,0.18993,0.05,0.003,0.56289,0.25362,0.25362,0.0,0.0
2018-11-29 00:00:00,2018-11-29 00:00,0.73645,0.19282,0.05,0.003,0.49063,0.25748,0.25748,0.0,0.0
2018-11-29 01:00:00,2018-11-29 01:00,1.09512,0.19338,0.05,0.40007,0.45167,0.25823,0.25823,0.0,0.0
2018-11-29 02:00:00,2018-11-29 02:00,0.68835,0.19429,0.05,0.003,0.44106,0.25944,0.25944,0.0,0.0
2018-11-29 03:00:00,2018-11-29 03:00,0.6907,0.19811,0.05,0.003,0.43959,0.26455,0.26455,0.0,-0.0
2018-11-29 04:00:00,2018-11-29 04:00,0.68825,0.20146,0.05,0.003,0.43379,0.269,0.269,0.0,0.0
2018-11-29 05:00:00,2018-11-29 05:00,0.68537,0.20262,0.05,0.003,0.42975,0.27057,0.27057,0.0,0.0
2018-11-29 06:00:00,2018-11-29 06:00,0.68651,0.20199,0.05,0.003,0.43152,0.2697,0.2697,0.0,0.0
2018-11-29 07:00:00,2018-11-29 07:00,0.77463,0.21477,0.05,0.003,0.50686,0.28678,0.28678,0.0,0.0
2018-11-29 08:00:00,2018-11-29 08:00,1.28395,0.19919,0.05,0.4186,0.61616,0.26598,0.26598,0.0,-0.0
2018-11-29 09:00:00,2018-11-29 09:00,1.22966,0.19654,0.05,0.39688,0.58624,0.26245,0.26245,0.0,0.0
2018-11-29 10:00:00,2018-11-29 10:00,1.19096,0.19295,0.05,0.40814,0.53987,0.25766,0.25766,0.0,0.0
2018-11-29 11:00:00,2018-11-29 11:00,1.17047,0.18866,0.05,0.42279,0.50902,0.25193,0.25193,0.0,-0.0
2018-11-29 12:00:00,2018-11-29 12:00,1.18338,0.18872,0.05,0.43471,0.50995,0.252,0.252,0.0,0.0
2018-11-29 13:00:00,2018-11-29 13:00,0.89754,0.19005,0.05,0.14732,0.51017,0.25377,0.25377,0.0,0.0
2018-11-29 14:00:00,2018-11-29 14:00,0.69137,0.18581,0.05,0.003,0.45256,0.24813,0.24813,0.0,0.0
2018-11-29 15:00:00,2018-11-29 15:00,0.68582,0.17888,0.05,0.003,0.45394,0.23886,0.23886,0.0,0.0
2018-11-29 16:00:00,2018-11-29 16:00,0.74462,0.17577,0.05,0.003,0.51585,0.23471,0.23471,0.0,0.0
2018-11-29 17:00:00,2018-11-29 17:00,1.27014,0.17041,0.05,0.43328,0.61645,0.22755,0.22755,0.0,-0.0
2018-11-29 18:00:00,2018-11-29 18:00,1.26745,0.16834,0.05,0.42585,0.62326,0.2248,0.2248,0.0,0.0
2018-11-29 19:00:00,2018-11-29 19:00,1.53241,0.17651,0.05,0.39771,0.90819,0.23568,0.23568,0.0,0.0
2018-11-29 20:00:00,2018-11-29 20:00,1.41305,0.13412,0.05,0.003,1.22593,0.24654,0.17909,0.0,0.06745
2018-11-29 21:00:00,2018-11-29 21:00,1.27996,0.13068,0.05,0.003,1.09628,0.22882,0.17449,0.0,0.05433
2018-11-29 22:00:00,2018-11-29 22:00,1.04015,0.15377,0.05,0.003,0.83338,0.20534,0.20534,0.0,-0.0
2018-11-29 23:00:00,2018-11-29 23:00,0.72004,0.16139,0.05,0.003,0.50565,0.21551,0.21551,0.0,-0.0
2018-11-30 00:00:00,2018-11-30 00:00,1.03659,0.16475,0.05,0.37068,0.45116,0.21999,0.21999,0.0,0.0
2018-11-30 01:00:00,2018-11-30 01:00,0.66594,0.16627,0.05,0.003,0.44667,0.22202,0.22202,0.0,-0.0
2018-11-30 02:00:00,2018-11-30 02:00,0.66107,0.16703,0.05,0.003,0.44104,0.22303,0.22303,0.0,0.0
2018-11-30 03:00:00,2018-11-30 03:00,0.66035,0.16776,0.05,0.003,0.43959,0.22403,0.22403,0.0,0.0
2018-11-30 04:00:00,2018-11-30 04:00,0.65555,0.16877,0.05,0.003,0.43378,0.22536,0.22536,0.0,0.0
2018-11-30 05:00:00,2018-11-30 05:00,0.65009,0.16736,0.05,0.003,0.42973,0.22347,0.22347,0.0,0.0
2018-11-30 06:00:00,2018-11-30 06:00,0.65667,0.16847,0.05,0.003,0.4352,0.22496,0.22496,0.0,0.0
2018-11-30 07:00:00,2018-11-30 07:00,0.75246,0.18326,0.05,0.003,0.5162,0.24472,0.24472,0.0,0.0
2018-11-30 08:00:00,2018-11-30 08:00,1.13349,0.17044,0.05,0.32978,0.58327,0.2276,0.2276,0.0,-0.0
2018-11-30 09:00:00,2018-11-30 09:00,2.47056,0.18065,0.05,0.25268,1.98723,0.24124,0.24124,0.0,-0.0
2018-11-30 10:00:00,2018-11-30 10:00,2.72718,0.17992,0.05,0.003,2.49426,0.24025,0.24025,0.0,0.0
2018-11-30 11:00:00,2018-11-30 11:00,0.88601,0.15484,0.05,0.10771,0.57346,0.20677,0.20677,0.0,0.0
2018-11-30 12:00:00,2018-11-30 12:00,1.2008,0.14671,0.05,0.42955,0.57454,0.1959,0.1959,0.0,-0.0
2018-11-30 13:00:00,2018-11-30 13:00,1.10929,0.14674,0.05,0.331,0.58155,0.19595,0.19595,0.0,-0.0
2018-11-30 14:00:00,2018-11-30 14:00,0.78641,0.14703,0.05,0.003,0.58638,0.19633,0.19633,0.0,-0.0
2018-11-30 15:00:00,2018-11-30 15:00,0.79201,0.144,0.05,0.003,0.59501,0.19229,0.19229,0.0,0.0
2018-11-30 16:00:00,2018-11-30 16:00,1.19674,0.14422,0.05,0.43219,0.57033,0.19258,0.19258,0.0,0.0
2018-11-30 17:00:00,2018-11-30 17:00,1.06185,0.15297,0.05,0.28552,0.57336,0.20426,0.20426,0.0,-0.0
2018-11-30 18:00:00,2018-11-30 18:00,1.85564,0.16019,0.05,0.003,1.64245,0.21389,0.21389,0.0,0.0
2018-11-30 19:00:00,2018-11-30 19:00,1.74472,0.16528,0.05,0.321,1.20844,0.23194,0.2207,0.0,0.01124
2018-11-30 20:00:00,2018-11-30 20:00,1.60383,0.13969,0.05,0.14109,1.27305,0.20527,0.18652,0.0,0.01875
2018-11-30 21:00:00,2018-11-30 21:00,1.41416,0.1483,0.05,0.003,1.21286,0.19803,0.19803,0.0,0.0
2018-11-30 22:00:00,2018-11-30 22:00,1.69553,0.1507,0.05,0.43073,1.0641,0.20123,0.20123,0.0,-0.0
2018-11-30 23:00:00,2018-11-30 23:00,0.97125,0.15644,0.05,0.13124,0.63357,0.20891,0.20891,0.0,-0.0
2018-12-01 00:00:00,2018-12-01 00:00,0.66919,0.16488,0.05,0.003,0.45131,0.22017,0.22017,0.0,0.0
2018-12-01 01:00:00,2018-12-01 01:00,0.66186,0.17216,0.05,0.003,0.4367,0.22989,0.22989,0.0,0.0
2018-12-01 02:00:00,2018-12-01 02:00,0.66226,0.1779,0.05,0.003,0.43136,0.23755,0.23755,0.0,0.0
2018-12-01 03:00:00,2018-12-01 03:00,0.667,0.18383,0.05,0.003,0.43017,0.24547,0.24546,0.0,0.0
2018-12-01 04:00:00,2018-12-01 04:00,0.66612,0.18847,0.05,0.003,0.42465,0.25166,0.25166,0.0,0.0
2018-12-01 05:00:00,2018-12-01 05:00,0.6611,0.1872,0.05,0.003,0.4209,0.24998,0.24998,0.0,0.0
2018-12-01 06:00:00,2018-12-01 06:00,0.66528,0.18957,0.05,0.003,0.42271,0.25314,0.25314,0.0,-0.0
2018-12-01 07:00:00,2018-12-01 07:00,0.84785,0.20257,0.05,0.11098,0.4843,0.27048,0.27048,0.0,0.0
2018-12-01 08:00:00,2018-12-01 08:00,1.21311,0.19567,0.05,0.44723,0.52021,0.26128,0.26128,0.0,0.0
2018-12-01 09:00:00,2018-12-01 09:00,0.99024,0.19376,0.05,0.2073,0.53918,0.25874,0.25874,0.0,-0.0
2018-12-01 10:00:00,2018-12-01 10:00,0.89515,0.16829,0.05,0.003,0.67386,0.29218,0.22473,0.0,0.06745
2018-12-01 11:00:00,2018-12-01 11:00,0.9107,0.16784,0.05,0.10695,0.58591,0.25036,0.22414,0.0,0.02622
2018-12-01 12:00:00,2018-12-01 12:00,1.32,0.18439,0.05,0.43367,0.65194,0.24622,0.24622,0.0,0.0
2018-12-01 13:00:00,2018-12-01 13:00,1.1182,0.17809,0.05,0.10753,0.78258,0.23781,0.23781,0.0,0.0
2018-12-01 14:00:00,2018-12-01 14:00,1.02897,0.16805,0.05,0.003,0.80792,0.2244,0.2244,0.0,0.0
2018-12-01 15:00:00,2018-12-01 15:00,1.1661,0.16707,0.05,0.10805,0.84098,0.2231,0.2231,0.0,0.0
2018-12-01 16:00:00,2018-12-01 16:00,1.5683,0.1747,0.05,0.42874,0.91486,0.23328,0.23328,0.0,0.0
2018-12-01 17:00:00,2018-12-01 17:00,1.82196,0.17022,0.05,0.43794,1.1638,0.22731,0.22731,0.0,0.0
2018-12-01 18:00:00,2018-12-01 18:00,2.4221,0.15647,0.05,0.0402,2.17543,0.23893,0.20894,0.0,0.02999
2018-12-01 19:00:00,2018-12-01 19:00,2.65992,0.1796,0.05,0.003,2.42732,0.23982,0.23982,0.0,0.0
2018-12-01 20:00:00,2018-12-01 20:00,1.91341,0.15878,0.05,0.2154,1.48923,0.21203,0.21203,0.0,0.0
2018-12-01 21:00:00,2018-12-01 21:00,1.96012,0.15713,0.05,0.30055,1.45244,0.20982,0.20982,0.0,0.0
2018-12-01 22:00:00,2018-12-01 22:00,1.50107,0.16451,0.05,0.003,1.28356,0.21967,0.21967,0.0,0.0
2018-12-01 23:00:00,2018-12-01 23:00,1.10556,0.17134,0.05,0.003,0.88122,0.22878,0.22878,0.0,-0.0
2018-12-02 00:00:00,2018-12-02 00:00,0.73938,0.1778,0.05,0.003,0.50858,0.23744,0.23744,0.0,0.0
2018-12-02 01:00:00,2018-12-02 01:00,0.70255,0.1799,0.05,0.003,0.46965,0.24023,0.24023,0.0,-0.0
2018-12-02 02:00:00,2018-12-02 02:00,0.68463,0.17992,0.05,0.003,0.45171,0.24024,0.24024,0.0,-0.0
2018-12-02 03:00:00,2018-12-02 03:00,1.12283,0.18817,0.05,0.43992,0.44474,0.25128,0.25128,0.0,0.0
2018-12-02 04:00:00,2018-12-02 04:00,0.83231,0.18944,0.05,0.1563,0.43657,0.25297,0.25297,0.0,0.0
2018-12-02 05:00:00,2018-12-02 05:00,0.65996,0.18607,0.05,0.003,0.42089,0.24846,0.24846,0.0,0.0
2018-12-02 06:00:00,2018-12-02 06:00,0.6645,0.18878,0.05,0.003,0.42272,0.25209,0.25209,0.0,0.0
2018-12-02 07:00:00,2018-12-02 07:00,0.71171,0.19607,0.05,0.003,0.46264,0.26181,0.26181,0.0,0.0
2018-12-02 08:00:00,2018-12-02 08:00,0.70258,0.19102,0.05,0.003,0.45856,0.25507,0.25507,0.0,0.0
2018-12-02 09:00:00,2018-12-02 09:00,0.99566,0.19091,0.05,0.10924,0.64551,0.26617,0.25493,0.0,0.01124
2018-12-02 10:00:00,2018-12-02 10:00,1.36958,0.17706,0.05,0.44404,0.69848,0.28701,0.23642,0.0,0.05059
2018-12-02 11:00:00,2018-12-02 11:00,0.93047,0.1855,0.05,0.09726,0.59771,0.24769,0.24769,0.0,0.0
2018-12-02 12:00:00,2018-12-02 12:00,1.0031,0.17749,0.05,0.10679,0.66882,0.23701,0.23701,0.0,-0.0
2018-12-02 13:00:00,2018-12-02 13:00,1.41172,0.17657,0.05,0.40258,0.78257,0.23577,0.23577,0.0,0.0
2018-12-02 14:00:00,2018-12-02 14:00,1.03904,0.17812,0.05,0.003,0.80792,0.23785,0.23785,0.0,0.0
2018-12-02 15:00:00,2018-12-02 15:00,1.4474,0.1685,0.05,0.43558,0.79332,0.225,0.225,0.0,0.0
2018-12-02 16:00:00,2018-12-02 16:00,1.17275,0.1653,0.05,0.21148,0.74597,0.22073,0.22073,0.0,0.0
2018-12-02 17:00:00,2018-12-02 17:00,1.34361,0.16359,0.05,0.3221,0.80792,0.21844,0.21844,0.0,0.0
2018-12-02 18:00:00,2018-12-02 18:00,1.1058,0.16779,0.05,0.003,0.88501,0.22406,0.22406,0.0,0.0
2018-12-02 19:00:00,2018-12-02 19:00,1.42029,0.1815,0.05,0.003,1.18579,0.24236,0.24236,0.0,-0.0
2018-12-02 20:00:00,2018-12-02 20:00,2.44993,0.16671,0.05,0.003,2.23022,0.22263,0.22263,0.0,-0.0
2018-12-02 21:00:00,2018-12-02 21:00,3.00987,0.16572,0.05,0.4354,2.35875,0.2213,0.2213,0.0,0.0
2018-12-02 22:00:00,2018-12-02 22:00,1.49443,0.15951,0.05,0.01622,1.2687,0.21299,0.21299,0.0,-0.0
2018-12-02 23:00:00,2018-12-02 23:00,1.00342,0.16572,0.05,0.003,0.7847,0.2213,0.2213,0.0,0.0
2018-12-03 00:00:00,2018-12-03 00:00,0.7321,0.17087,0.05,0.003,0.50823,0.22817,0.22817,0.0,0.0
2018-12-03 01:00:00,2018-12-03 01:00,0.69569,0.17651,0.05,0.003,0.46618,0.23571,0.23571,0.0,0.0
2018-12-03 02:00:00,2018-12-03 02:00,0.67974,0.17743,0.05,0.003,0.44931,0.23693,0.23693,0.0,0.0
2018-12-03 03:00:00,2018-12-03 03:00,0.88212,0.17948,0.05,0.21819,0.43445,0.23968,0.23968,0.0,-0.0
2018-12-03 04:00:00,2018-12-03 04:00,0.79646,0.17863,0.05,0.14442,0.42341,0.23853,0.23853,0.0,0.0
2018-12-03 05:00:00,2018-12-03 05:00,0.66934,0.18277,0.05,0.003,0.43357,0.2553,0.24406,0.0,0.01124
2018-12-03 06:00:00,2018-12-03 06:00,0.70015,0.17622,0.05,0.003,0.47093,0.25405,0.2353,0.0,0.01875
2018-12-03 07:00:00,2018-12-03 07:00,1.17801,0.19787,0.05,0.43803,0.49211,0.26422,0.26422,0.0,0.0
2018-12-03 08:00:00,2018-12-03 08:00,0.82471,0.18349,0.05,0.06251,0.52871,0.25626,0.24502,0.0,0.01124
2018-12-03 09:00:00,2018-12-03 09:00,0.8131,0.16859,0.05,0.003,0.59151,0.28694,0.22511,0.0,0.06183
2018-12-03 10:00:00,2018-12-03 10:00,0.78015,0.17899,0.05,0.003,0.54816,0.25776,0.23901,0.0,0.01875
2018-12-03 11:00:00,2018-12-03 11:00,1.19139,0.18442,0.05,0.43184,0.52513,0.24626,0.24626,0.0,0.0
2018-12-03 12:00:00,2018-12-03 12:00,0.75266,0.18639,0.05,0.04513,0.47114,0.24889,0.24889,0.0,0.0
2018-12-03 13:00:00,2018-12-03 13:00,0.67637,0.18279,0.05,0.003,0.44058,0.24409,0.24409,0.0,0.0
2018-12-03 14:00:00,2018-12-03 14:00,0.67469,0.18098,0.05,0.003,0.44071,0.24167,0.24167,0.0,0.0
2018-12-03 15:00:00,2018-12-03 15:00,0.67048,0.17538,0.05,0.003,0.4421,0.23418,0.23418,0.0,0.0
2018-12-03 16:00:00,2018-12-03 16:00,0.76869,0.1733,0.05,0.003,0.54239,0.23141,0.23141,0.0,-0.0
2018-12-03 17:00:00,2018-12-03 17:00,1.05117,0.17175,0.05,0.21771,0.61171,0.24059,0.22935,0.0,0.01124
2018-12-03 18:00:00,2018-12-03 18:00,1.30393,0.13082,0.05,0.14824,0.97487,0.28711,0.17469,0.0,0.11242
2018-12-03 19:00:00,2018-12-03 19:00,1.39137,0.13781,0.05,0.003,1.20056,0.29645,0.18403,0.0,0.11242
2018-12-03 20:00:00,2018-12-03 20:00,1.61025,0.11914,0.05,0.10807,1.33304,0.2715,0.15908,0.0,0.11242
2018-12-03 21:00:00,2018-12-03 21:00,2.05311,0.13987,0.05,0.43434,1.4289,0.21862,0.18678,0.0,0.03184
2018-12-03 22:00:00,2018-12-03 22:00,1.38322,0.16492,0.05,0.10647,1.06183,0.22023,0.22023,0.0,0.0
2018-12-03 23:00:00,2018-12-03 23:00,0.99829,0.17593,0.05,0.003,0.76936,0.23491,0.23491,0.0,0.0
2018-12-04 00:00:00,2018-12-04 00:00,0.70417,0.18476,0.05,0.003,0.46641,0.24671,0.24671,0.0,0.0
2018-12-04 01:00:00,2018-12-04 01:00,0.67904,0.19059,0.05,0.003,0.43545,0.25449,0.25449,0.0,0.0
2018-12-04 02:00:00,2018-12-04 02:00,0.67971,0.1966,0.05,0.003,0.43011,0.26252,0.26252,0.0,0.0
2018-12-04 03:00:00,2018-12-04 03:00,0.6812,0.19928,0.05,0.003,0.42892,0.26609,0.26609,0.0,0.0
2018-12-04 04:00:00,2018-12-04 04:00,0.68224,0.20582,0.05,0.003,0.42342,0.27485,0.27485,0.0,0.0
2018-12-04 05:00:00,2018-12-04 05:00,0.67924,0.2039,0.05,0.003,0.42234,0.27227,0.27227,0.0,0.0
2018-12-04 06:00:00,2018-12-04 06:00,0.94071,0.20057,0.05,0.218,0.47214,0.26783,0.26783,0.0,0.0
2018-12-04 07:00:00,2018-12-04 07:00,1.29674,0.21863,0.05,0.43943,0.58868,0.29194,0.29194,0.0,0.0
2018-12-04 08:00:00,2018-12-04 08:00,1.31033,0.21008,0.05,0.41414,0.63611,0.28054,0.28054,0.0,0.0
2018-12-04 09:00:00,2018-12-04 09:00,1.4337,0.21358,0.05,0.40384,0.76628,0.2852,0.2852,0.0,-0.0
2018-12-04 10:00:00,2018-12-04 10:00,3.14886,0.22938,0.05,0.40733,2.46215,0.30629,0.30629,0.0,-0.0
2018-12-04 11:00:00,2018-12-04 11:00,1.68106,0.22104,0.05,0.41501,0.99501,0.29515,0.29515,0.0,0.0
2018-12-04 12:00:00,2018-12-04 12:00,1.12956,0.22093,0.05,0.42435,0.43428,0.29502,0.29502,0.0,0.0
2018-12-04 13:00:00,2018-12-04 13:00,1.12893,0.21732,0.05,0.39803,0.46358,0.2902,0.2902,0.0,-0.0
2018-12-04 14:00:00,2018-12-04 14:00,0.70943,0.21571,0.05,0.003,0.44072,0.28805,0.28805,0.0,0.0
2018-12-04 15:00:00,2018-12-04 15:00,0.72497,0.21843,0.05,0.003,0.45354,0.29168,0.29168,0.0,0.0
2018-12-04 16:00:00,2018-12-04 16:00,0.82574,0.21315,0.05,0.003,0.55959,0.28464,0.28464,0.0,0.0
2018-12-04 17:00:00,2018-12-04 17:00,0.87978,0.20767,0.05,0.003,0.61911,0.27731,0.27731,0.0,0.0
2018-12-04 18:00:00,2018-12-04 18:00,1.53825,0.2038,0.05,0.44074,0.84371,0.27213,0.27213,0.0,0.0
2018-12-04 19:00:00,2018-12-04 19:00,1.10062,0.2225,0.05,0.00891,0.81921,0.2971,0.2971,0.0,0.0
2018-12-04 20:00:00,2018-12-04 20:00,1.05259,0.19832,0.05,0.003,0.80127,0.30416,0.26481,0.0,0.03935
2018-12-04 21:00:00,2018-12-04 21:00,1.80498,0.16565,0.05,0.32316,1.26617,0.30737,0.22119,0.0,0.08619
2018-12-04 22:00:00,2018-12-04 22:00,1.16944,0.19714,0.05,0.09573,0.82657,0.26326,0.26326,0.0,0.0
2018-12-04 23:00:00,2018-12-04 23:00,0.83536,0.20412,0.05,0.003,0.57824,0.27256,0.27256,0.0,0.0
2018-12-05 00:00:00,2018-12-05 00:00,0.70011,0.20739,0.05,0.003,0.43972,0.27692,0.27692,0.0,0.0
2018-12-05 01:00:00,2018-12-05 01:00,0.69341,0.20495,0.05,0.003,0.43546,0.27368,0.27368,0.0,0.0
2018-12-05 02:00:00,2018-12-05 02:00,0.68787,0.20475,0.05,0.003,0.43012,0.27341,0.27341,0.0,0.0
2018-12-05 03:00:00,2018-12-05 03:00,0.68654,0.20462,0.05,0.003,0.42892,0.27324,0.27324,0.0,0.0
2018-12-05 04:00:00,2018-12-05 04:00,0.682,0.20559,0.05,0.003,0.42341,0.27452,0.27452,0.0,0.0
2018-12-05 05:00:00,2018-12-05 05:00,0.79369,0.20389,0.05,0.10986,0.42994,0.27227,0.27227,0.0,0.0
2018-12-05 06:00:00,2018-12-05 06:00,1.14266,0.20239,0.05,0.41236,0.47791,0.27026,0.27026,0.0,-0.0
2018-12-05 07:00:00,2018-12-05 07:00,1.30206,0.21625,0.05,0.40323,0.63258,0.28876,0.28876,0.0,0.0
2018-12-05 08:00:00,2018-12-05 08:00,1.19052,0.20451,0.05,0.39601,0.54,0.27308,0.27308,0.0,-0.0
2018-12-05 09:00:00,2018-12-05 09:00,1.12613,0.20584,0.05,0.42721,0.44308,0.27486,0.27486,0.0,0.0
2018-12-05 10:00:00,2018-12-05 10:00,1.13166,0.20168,0.05,0.43223,0.44775,0.2693,0.2693,0.0,0.0
2018-12-05 11:00:00,2018-12-05 11:00,0.71748,0.19462,0.05,0.003,0.46986,0.25987,0.25987,0.0,-0.0
2018-12-05 12:00:00,2018-12-05 12:00,0.67364,0.18636,0.05,0.003,0.43428,0.24886,0.24886,0.0,0.0
2018-12-05 13:00:00,2018-12-05 13:00,0.67186,0.17827,0.05,0.003,0.44059,0.23805,0.23805,0.0,-0.0
2018-12-05 14:00:00,2018-12-05 14:00,0.66024,0.16653,0.05,0.003,0.44071,0.22237,0.22237,0.0,0.0
2018-12-05 15:00:00,2018-12-05 15:00,0.6595,0.1644,0.05,0.003,0.4421,0.21953,0.21953,0.0,0.0
2018-12-05 16:00:00,2018-12-05 16:00,0.66381,0.16887,0.05,0.003,0.44194,0.22549,0.22549,0.0,0.0
2018-12-05 17:00:00,2018-12-05 17:00,1.04007,0.1699,0.05,0.22296,0.59721,0.22687,0.22687,0.0,0.0
2018-12-05 18:00:00,2018-12-05 18:00,1.3515,0.16845,0.05,0.28934,0.84371,0.22493,0.22493,0.0,0.0
2018-12-05 19:00:00,2018-12-05 19:00,1.37508,0.17886,0.05,0.003,1.14322,0.23884,0.23884,0.0,-0.0
2018-12-05 20:00:00,2018-12-05 20:00,1.88131,0.17805,0.05,0.43264,1.22062,0.23775,0.23775,0.0,0.0
2018-12-05 21:00:00,2018-12-05 21:00,1.63594,0.18588,0.05,0.003,1.39706,0.24821,0.24821,0.0,-0.0
2018-12-05 22:00:00,2018-12-05 22:00,1.19229,0.19523,0.05,0.003,0.94406,0.26069,0.26069,0.0,0.0
2018-12-05 23:00:00,2018-12-05 23:00,0.97216,0.20003,0.05,0.003,0.71913,0.26711,0.26711,0.0,-0.0
2018-12-06 00:00:00,2018-12-06 00:00,0.82421,0.20756,0.05,0.003,0.56365,0.27716,0.27716,0.0,0.0
2018-12-06 01:00:00,2018-12-06 01:00,0.9449,0.21993,0.05,0.2108,0.46417,0.29368,0.29368,0.0,0.0
2018-12-06 02:00:00,2018-12-06 02:00,1.01348,0.22516,0.05,0.3082,0.43012,0.30067,0.30067,0.0,0.0
2018-12-06 03:00:00,2018-12-06 03:00,0.70777,0.22585,0.05,0.003,0.42892,0.30159,0.30159,0.0,0.0
2018-12-06 04:00:00,2018-12-06 04:00,0.70138,0.22496,0.05,0.003,0.42342,0.3004,0.3004,0.0,0.0
2018-12-06 05:00:00,2018-12-06 05:00,0.69582,0.22318,0.05,0.003,0.41964,0.29802,0.29802,0.0,0.0
2018-12-06 06:00:00,2018-12-06 06:00,0.70454,0.22437,0.05,0.003,0.42717,0.29962,0.29962,0.0,-0.0
2018-12-06 07:00:00,2018-12-06 07:00,0.97232,0.23761,0.05,0.10793,0.57678,0.32852,0.31728,0.0,0.01124
2018-12-06 08:00:00,2018-12-06 08:00,1.34444,0.2235,0.05,0.43333,0.63761,0.31719,0.29844,0.0,0.01875
2018-12-06 09:00:00,2018-12-06 09:00,0.90658,0.23354,0.05,0.09334,0.5297,0.31186,0.31186,0.0,-0.0
2018-12-06 10:00:00,2018-12-06 10:00,1.23695,0.23291,0.05,0.42463,0.52941,0.311,0.311,0.0,-0.0
2018-12-06 11:00:00,2018-12-06 11:00,1.16617,0.23568,0.05,0.36467,0.51582,0.31472,0.31472,0.0,-0.0
2018-12-06 12:00:00,2018-12-06 12:00,0.72161,0.23434,0.05,0.003,0.43427,0.31291,0.31291,0.0,0.0
2018-12-06 13:00:00,2018-12-06 13:00,0.7194,0.22582,0.05,0.003,0.44058,0.30154,0.30154,0.0,0.0
2018-12-06 14:00:00,2018-12-06 14:00,0.76082,0.20945,0.05,0.003,0.49837,0.27969,0.27969,0.0,0.0
2018-12-06 15:00:00,2018-12-06 15:00,1.17892,0.20171,0.05,0.31061,0.6166,0.26934,0.26934,0.0,0.0
2018-12-06 16:00:00,2018-12-06 16:00,1.24625,0.20799,0.05,0.42868,0.55958,0.27773,0.27773,0.0,0.0
2018-12-06 17:00:00,2018-12-06 17:00,0.99198,0.2175,0.05,0.12402,0.60046,0.29042,0.29042,0.0,0.0
2018-12-06 18:00:00,2018-12-06 18:00,1.16475,0.22733,0.05,0.003,0.88442,0.30355,0.30355,0.0,0.0
2018-12-06 19:00:00,2018-12-06 19:00,1.58782,0.24815,0.05,0.003,1.28667,0.33135,0.33135,0.0,0.0
2018-12-06 20:00:00,2018-12-06 20:00,1.48786,0.23825,0.05,0.003,1.19661,0.31815,0.31815,0.0,0.0
2018-12-06 21:00:00,2018-12-06 21:00,1.94061,0.24907,0.05,0.32025,1.32129,0.3326,0.3326,0.0,-0.0
2018-12-06 22:00:00,2018-12-06 22:00,1.77473,0.2612,0.05,0.20112,1.26241,0.34879,0.34879,0.0,-0.0
2018-12-06 23:00:00,2018-12-06 23:00,1.08905,0.28094,0.05,0.003,0.75511,0.37514,0.37514,0.0,-0.0
2018-12-07 00:00:00,2018-12-07 00:00,0.85046,0.29764,0.05,0.003,0.49982,0.39744,0.39744,0.0,0.0
2018-12-07 01:00:00,2018-12-07 01:00,0.79337,0.30493,0.05,0.003,0.43544,0.40718,0.40718,0.0,0.0
2018-12-07 02:00:00,2018-12-07 02:00,0.79534,0.31222,0.05,0.003,0.43012,0.41692,0.41692,0.0,-0.0
2018-12-07 03:00:00,2018-12-07 03:00,0.79583,0.31391,0.05,0.003,0.42892,0.41917,0.41917,0.0,0.0
2018-12-07 04:00:00,2018-12-07 04:00,0.77991,0.30349,0.05,0.003,0.42342,0.40526,0.40526,0.0,0.0
2018-12-07 05:00:00,2018-12-07 05:00,0.76699,0.29435,0.05,0.003,0.41964,0.39304,0.39304,0.0,0.0
2018-12-07 06:00:00,2018-12-07 06:00,1.20456,0.28884,0.05,0.42471,0.44101,0.3857,0.3857,0.0,-0.0
2018-12-07 07:00:00,2018-12-07 07:00,1.31217,0.30033,0.05,0.43292,0.52892,0.40103,0.40103,0.0,-0.0
2018-12-07 08:00:00,2018-12-07 08:00,1.27226,0.28193,0.05,0.33532,0.60501,0.37646,0.37646,0.0,0.0
2018-12-07 09:00:00,2018-12-07 09:00,1.26592,0.27199,0.05,0.10358,0.84035,0.3632,0.3632,0.0,0.0
2018-12-07 10:00:00,2018-12-07 10:00,3.26905,0.2782,0.05,0.41049,2.53036,0.37148,0.37148,0.0,0.0
2018-12-07 11:00:00,2018-12-07 11:00,2.41602,0.25866,0.05,0.43319,1.67417,0.3454,0.3454,0.0,-0.0
2018-12-07 12:00:00,2018-12-07 12:00,0.96919,0.23462,0.05,0.15792,0.52665,0.3133,0.3133,0.0,-0.0
2018-12-07 13:00:00,2018-12-07 13:00,0.76855,0.21489,0.05,0.003,0.50066,0.28696,0.28696,0.0,-0.0
2018-12-07 14:00:00,2018-12-07 14:00,0.69645,0.20274,0.05,0.003,0.44071,0.27073,0.27073,0.0,0.0
2018-12-07 15:00:00,2018-12-07 15:00,0.69429,0.19919,0.05,0.003,0.4421,0.26598,0.26598,0.0,0.0
2018-12-07 16:00:00,2018-12-07 16:00,0.69754,0.20258,0.05,0.003,0.44196,0.27052,0.27052,0.0,0.0
2018-12-07 17:00:00,2018-12-07 17:00,0.76632,0.2077,0.05,0.003,0.50562,0.27736,0.27736,0.0,-0.0
2018-12-07 18:00:00,2018-12-07 18:00,1.33837,0.21094,0.05,0.42262,0.65481,0.28167,0.28167,0.0,-0.0
2018-12-07 19:00:00,2018-12-07 19:00,1.36197,0.22816,0.05,0.16303,0.92078,0.30467,0.30467,0.0,0.0
2018-12-07 20:00:00,2018-12-07 20:00,1.31097,0.21828,0.05,0.003,1.03969,0.29147,0.29147,0.0,-0.0
2018-12-07 21:00:00,2018-12-07 21:00,1.65073,0.21619,0.05,0.003,1.38154,0.28868,0.28868,0.0,0.0
2018-12-07 22:00:00,2018-12-07 22:00,1.73634,0.22662,0.05,0.21145,1.24827,0.30261,0.30261,0.0,0.0
2018-12-07 23:00:00,2018-12-07 23:00,1.37231,0.24145,0.05,0.35368,0.72718,0.32242,0.32242,0.0,-0.0
2018-12-08 00:00:00,2018-12-08 00:00,0.74746,0.25462,0.05,0.003,0.43984,0.33999,0.33999,0.0,0.0
2018-12-08 01:00:00,2018-12-08 01:00,0.75641,0.2667,0.05,0.003,0.43671,0.35614,0.35614,0.0,-0.0
2018-12-08 02:00:00,2018-12-08 02:00,0.76009,0.27573,0.05,0.003,0.43136,0.36819,0.36819,0.0,0.0
2018-12-08 03:00:00,2018-12-08 03:00,0.76016,0.277,0.05,0.003,0.43016,0.36987,0.36987,0.0,0.0
2018-12-08 04:00:00,2018-12-08 04:00,0.78223,0.27138,0.05,0.003,0.45785,0.39236,0.36238,0.0,0.02999
2018-12-08 05:00:00,2018-12-08 05:00,0.75514,0.28125,0.05,0.003,0.42089,0.37556,0.37556,0.0,0.0
2018-12-08 06:00:00,2018-12-08 06:00,0.75426,0.27855,0.05,0.003,0.42271,0.37196,0.37196,0.0,0.0
2018-12-08 07:00:00,2018-12-08 07:00,0.81048,0.29484,0.05,0.003,0.46264,0.39371,0.39371,0.0,-0.0
2018-12-08 08:00:00,2018-12-08 08:00,0.81138,0.26977,0.05,0.003,0.48861,0.36021,0.36021,0.0,-0.0
2018-12-08 09:00:00,2018-12-08 09:00,1.38601,0.23711,0.05,0.43024,0.66866,0.37847,0.31664,0.0,0.06183
2018-12-08 10:00:00,2018-12-08 10:00,1.47169,0.23577,0.05,0.43376,0.75216,0.31484,0.31484,0.0,-0.0
2018-12-08 11:00:00,2018-12-08 11:00,1.20769,0.22643,0.05,0.1428,0.78846,0.30236,0.30236,0.0,0.0
2018-12-08 12:00:00,2018-12-08 12:00,1.04484,0.22346,0.05,0.003,0.76838,0.29837,0.29837,0.0,0.0
2018-12-08 13:00:00,2018-12-08 13:00,1.15477,0.21573,0.05,0.10647,0.78257,0.28807,0.28807,0.0,0.0
2018-12-08 14:00:00,2018-12-08 14:00,1.36615,0.20605,0.05,0.37574,0.73436,0.27513,0.27513,0.0,-0.0
2018-12-08 15:00:00,2018-12-08 15:00,0.94637,0.2001,0.05,0.003,0.69327,0.26721,0.26721,0.0,-0.0
2018-12-08 16:00:00,2018-12-08 16:00,1.08768,0.19697,0.05,0.20889,0.63182,0.26302,0.26302,0.0,0.0
2018-12-08 17:00:00,2018-12-08 17:00,1.32375,0.19745,0.05,0.42627,0.65003,0.26366,0.26366,0.0,-0.0
2018-12-08 18:00:00,2018-12-08 18:00,1.49816,0.19044,0.05,0.36146,0.89626,0.26553,0.25429,0.0,0.01124
2018-12-08 19:00:00,2018-12-08 19:00,1.32294,0.17801,0.05,0.003,1.09193,0.32012,0.23769,0.0,0.08243
2018-12-08 20:00:00,2018-12-08 20:00,1.48056,0.1925,0.05,0.003,1.23506,0.25705,0.25706,0.0,-0.0
2018-12-08 21:00:00,2018-12-08 21:00,1.46541,0.20589,0.05,0.003,1.20652,0.27492,0.27492,0.0,0.0
2018-12-08 22:00:00,2018-12-08 22:00,1.51473,0.21006,0.05,0.003,1.25167,0.28048,0.28048,0.0,-0.0
2018-12-08 23:00:00,2018-12-08 23:00,1.25814,0.21289,0.05,0.003,0.99225,0.2843,0.2843,0.0,0.0
2018-12-09 00:00:00,2018-12-09 00:00,1.10128,0.21878,0.05,0.32392,0.50858,0.29215,0.29215,0.0,-0.0
2018-12-09 01:00:00,2018-12-09 01:00,0.79865,0.22275,0.05,0.0584,0.4675,0.29745,0.29745,0.0,0.0
2018-12-09 02:00:00,2018-12-09 02:00,0.71405,0.22967,0.05,0.003,0.43138,0.3067,0.3067,0.0,0.0
2018-12-09 03:00:00,2018-12-09 03:00,0.71861,0.23545,0.05,0.003,0.43016,0.31439,0.31439,0.0,0.0
2018-12-09 04:00:00,2018-12-09 04:00,0.71876,0.23968,0.05,0.003,0.42608,0.32005,0.32005,0.0,0.0
2018-12-09 05:00:00,2018-12-09 05:00,1.15135,0.24286,0.05,0.42158,0.43691,0.32429,0.32429,0.0,-0.0
2018-12-09 06:00:00,2018-12-09 06:00,1.05338,0.24248,0.05,0.30927,0.45163,0.32378,0.32378,0.0,-0.0
2018-12-09 07:00:00,2018-12-09 07:00,0.83471,0.26124,0.05,0.003,0.52047,0.34885,0.34885,0.0,0.0
2018-12-09 08:00:00,2018-12-09 08:00,0.83821,0.24622,0.05,0.003,0.53899,0.32878,0.32878,0.0,-0.0
2018-12-09 09:00:00,2018-12-09 09:00,1.22895,0.2377,0.05,0.21173,0.72952,0.3174,0.3174,0.0,0.0
2018-12-09 10:00:00,2018-12-09 10:00,1.298,0.22055,0.05,0.34176,0.68569,0.30576,0.29452,0.0,0.01124
2018-12-09 11:00:00,2018-12-09 11:00,1.12639,0.16419,0.05,0.003,0.9092,0.30167,0.21924,0.0,0.08243
2018-12-09 12:00:00,2018-12-09 12:00,1.10576,0.17313,0.05,0.003,0.87963,0.23117,0.23117,0.0,-0.0
2018-12-09 13:00:00,2018-12-09 13:00,1.32497,0.16692,0.05,0.21197,0.89608,0.22289,0.22289,0.0,-0.0
2018-12-09 14:00:00,2018-12-09 14:00,1.57058,0.16012,0.05,0.4303,0.93016,0.21381,0.21381,0.0,0.0
2018-12-09 15:00:00,2018-12-09 15:00,1.16742,0.15598,0.05,0.003,0.95844,0.20827,0.20827,0.0,0.0
2018-12-09 16:00:00,2018-12-09 16:00,0.98528,0.16401,0.05,0.003,0.76827,0.219,0.219,0.0,-0.0
2018-12-09 17:00:00,2018-12-09 17:00,1.27682,0.17095,0.05,0.003,1.05287,0.22828,0.22828,0.0,0.0
2018-12-09 18:00:00,2018-12-09 18:00,3.06759,0.1884,0.05,0.32026,2.50893,0.25157,0.25157,0.0,0.0
2018-12-09 19:00:00,2018-12-09 19:00,3.85732,0.23742,0.05,0.19584,3.37406,0.31703,0.31703,0.0,-0.0
2018-12-09 20:00:00,2018-12-09 20:00,3.65048,0.20951,0.05,0.003,3.38797,0.27977,0.27977,0.0,0.0
2018-12-09 21:00:00,2018-12-09 21:00,3.69196,0.21711,0.05,0.003,3.42185,0.28991,0.28991,0.0,0.0
2018-12-09 22:00:00,2018-12-09 22:00,3.83237,0.22907,0.05,0.32241,3.23089,0.30588,0.30588,0.0,0.0
2018-12-09 23:00:00,2018-12-09 23:00,1.9332,0.23281,0.05,0.11295,1.53744,0.31088,0.31088,0.0,0.0
2018-12-10 00:00:00,2018-12-10 00:00,0.80486,0.24363,0.05,0.003,0.50823,0.32532,0.32532,0.0,0.0
2018-12-10 01:00:00,2018-12-10 01:00,0.76806,0.2509,0.05,0.003,0.46416,0.33502,0.33502,0.0,0.0
2018-12-10 02:00:00,2018-12-10 02:00,0.74209,0.25898,0.05,0.003,0.43011,0.34581,0.34581,0.0,0.0
2018-12-10 03:00:00,2018-12-10 03:00,0.74553,0.26361,0.05,0.003,0.42892,0.35201,0.35201,0.0,-0.0
2018-12-10 04:00:00,2018-12-10 04:00,0.77003,0.2556,0.05,0.003,0.46143,0.3713,0.34132,0.0,0.02999
2018-12-10 05:00:00,2018-12-10 05:00,0.9599,0.25907,0.05,0.21192,0.43891,0.34595,0.34595,0.0,0.0
2018-12-10 06:00:00,2018-12-10 06:00,1.20416,0.25276,0.05,0.41799,0.48341,0.33751,0.33751,0.0,-0.0
2018-12-10 07:00:00,2018-12-10 07:00,1.31134,0.26543,0.05,0.43065,0.56526,0.35443,0.35443,0.0,-0.0
2018-12-10 08:00:00,2018-12-10 08:00,0.91006,0.25699,0.05,0.14731,0.45576,0.34316,0.34316,0.0,0.0
2018-12-10 09:00:00,2018-12-10 09:00,1.1127,0.25375,0.05,0.21087,0.59808,0.33885,0.33885,0.0,-0.0
2018-12-10 10:00:00,2018-12-10 10:00,1.00395,0.2516,0.05,0.2637,0.43865,0.33597,0.33597,0.0,0.0
2018-12-10 11:00:00,2018-12-10 11:00,0.72517,0.23899,0.05,0.003,0.43318,0.31913,0.31913,0.0,-0.0
2018-12-10 12:00:00,2018-12-10 12:00,0.71914,0.23186,0.05,0.003,0.43428,0.30961,0.30961,0.0,0.0
2018-12-10 13:00:00,2018-12-10 13:00,0.79327,0.23042,0.05,0.003,0.50985,0.30769,0.30769,0.0,-0.0
2018-12-10 14:00:00,2018-12-10 14:00,0.72065,0.22694,0.05,0.003,0.44071,0.30304,0.30304,0.0,0.0
2018-12-10 15:00:00,2018-12-10 15:00,0.72313,0.21659,0.05,0.003,0.45354,0.28924,0.28924,0.0,-0.0
2018-12-10 16:00:00,2018-12-10 16:00,1.27798,0.2043,0.05,0.42074,0.60294,0.27281,0.27281,0.0,-0.0
2018-12-10 17:00:00,2018-12-10 17:00,1.31539,0.20327,0.05,0.31096,0.75116,0.27144,0.27144,0.0,0.0
2018-12-10 18:00:00,2018-12-10 18:00,1.10655,0.20983,0.05,0.003,0.84372,0.28019,0.28019,0.0,0.0
2018-12-10 19:00:00,2018-12-10 19:00,1.44366,0.22331,0.05,0.003,1.16735,0.2982,0.2982,0.0,-0.0
2018-12-10 20:00:00,2018-12-10 20:00,1.82493,0.19155,0.05,0.10588,1.4775,0.29514,0.2558,0.0,0.03935
2018-12-10 21:00:00,2018-12-10 21:00,2.13257,0.18241,0.05,0.42815,1.47201,0.29791,0.24358,0.0,0.05433
2018-12-10 22:00:00,2018-12-10 22:00,1.62696,0.20995,0.05,0.13288,1.23413,0.28035,0.28035,0.0,-0.0
2018-12-10 23:00:00,2018-12-10 23:00,0.88856,0.22922,0.05,0.003,0.60634,0.30609,0.30609,0.0,-0.0
2018-12-11 00:00:00,2018-12-11 00:00,0.79286,0.2368,0.05,0.003,0.50306,0.3162,0.3162,0.0,0.0
2018-12-11 01:00:00,2018-12-11 01:00,0.76027,0.2411,0.05,0.003,0.46617,0.32194,0.32194,0.0,0.0
2018-12-11 02:00:00,2018-12-11 02:00,1.12473,0.2417,0.05,0.38517,0.44786,0.32275,0.32275,0.0,-0.0
2018-12-11 03:00:00,2018-12-11 03:00,0.73102,0.2491,0.05,0.003,0.42892,0.33261,0.33261,0.0,0.0
2018-12-11 04:00:00,2018-12-11 04:00,0.73207,0.25567,0.05,0.003,0.4234,0.3414,0.3414,0.0,-0.0
2018-12-11 05:00:00,2018-12-11 05:00,0.73453,0.26189,0.05,0.003,0.41964,0.34971,0.34971,0.0,0.0
2018-12-11 06:00:00,2018-12-11 06:00,0.78411,0.26954,0.05,0.003,0.46157,0.35993,0.35993,0.0,0.0
2018-12-11 07:00:00,2018-12-11 07:00,3.35163,0.31272,0.05,0.4221,2.56681,0.44757,0.41758,0.0,0.02999
2018-12-11 08:00:00,2018-12-11 08:00,2.54066,0.26688,0.05,0.41481,1.80897,0.38636,0.35637,0.0,0.02999
2018-12-11 09:00:00,2018-12-11 09:00,1.34119,0.26462,0.05,0.42964,0.59693,0.36458,0.35334,0.0,0.01124
2018-12-11 10:00:00,2018-12-11 10:00,1.04092,0.24749,0.05,0.19527,0.54816,0.34922,0.33047,0.0,0.01875
2018-12-11 11:00:00,2018-12-11 11:00,0.75808,0.23521,0.05,0.003,0.46987,0.31409,0.31409,0.0,-0.0
2018-12-11 12:00:00,2018-12-11 12:00,0.70774,0.22046,0.05,0.003,0.43428,0.29439,0.29439,0.0,-0.0
2018-12-11 13:00:00,2018-12-11 13:00,0.69798,0.2044,0.05,0.003,0.44058,0.27294,0.27294,0.0,0.0
2018-12-11 14:00:00,2018-12-11 14:00,0.68511,0.1914,0.05,0.003,0.44071,0.25558,0.25558,0.0,0.0
2018-12-11 15:00:00,2018-12-11 15:00,0.67994,0.18484,0.05,0.003,0.4421,0.24682,0.24682,0.0,0.0
2018-12-11 16:00:00,2018-12-11 16:00,0.67909,0.18415,0.05,0.003,0.44194,0.2459,0.2459,0.0,0.0
2018-12-11 17:00:00,2018-12-11 17:00,0.76746,0.17886,0.05,0.003,0.5356,0.26883,0.23884,0.0,0.02999
2018-12-11 18:00:00,2018-12-11 18:00,1.46916,0.18617,0.05,0.41705,0.81594,0.24859,0.24859,0.0,0.0
2018-12-11 19:00:00,2018-12-11 19:00,1.23102,0.20002,0.05,0.003,0.978,0.26709,0.26709,0.0,-0.0
2018-12-11 20:00:00,2018-12-11 20:00,1.56538,0.18772,0.05,0.10703,1.22063,0.25068,0.25068,0.0,0.0
2018-12-11 21:00:00,2018-12-11 21:00,1.98929,0.18769,0.05,0.33392,1.41768,0.25063,0.25063,0.0,-0.0
2018-12-11 22:00:00,2018-12-11 22:00,1.50446,0.18904,0.05,0.003,1.26242,0.25243,0.25243,0.0,0.0
2018-12-11 23:00:00,2018-12-11 23:00,1.15461,0.19788,0.05,0.003,0.90373,0.26423,0.26423,0.0,0.0
2018-12-12 00:00:00,2018-12-12 00:00,0.78908,0.20617,0.05,0.003,0.52991,0.2753,0.2753,0.0,-0.0
2018-12-12 01:00:00,2018-12-12 01:00,0.72316,0.20598,0.05,0.003,0.46418,0.27505,0.27505,0.0,0.0
2018-12-12 02:00:00,2018-12-12 02:00,0.68978,0.20666,0.05,0.003,0.43012,0.27597,0.27597,0.0,0.0
2018-12-12 03:00:00,2018-12-12 03:00,0.68951,0.20759,0.05,0.003,0.42892,0.27719,0.27719,0.0,0.0
2018-12-12 04:00:00,2018-12-12 04:00,0.68158,0.20372,0.05,0.003,0.42486,0.27204,0.27204,0.0,0.0
2018-12-12 05:00:00,2018-12-12 05:00,1.11893,0.20391,0.05,0.43667,0.42835,0.27229,0.27229,0.0,0.0
2018-12-12 06:00:00,2018-12-12 06:00,0.78454,0.20651,0.05,0.04309,0.48494,0.27577,0.27577,0.0,0.0
2018-12-12 07:00:00,2018-12-12 07:00,1.32809,0.21896,0.05,0.42655,0.63258,0.29238,0.29238,0.0,-0.0
2018-12-12 08:00:00,2018-12-12 08:00,1.1768,0.20707,0.05,0.38206,0.53767,0.27651,0.27651,0.0,-0.0
2018-12-12 09:00:00,2018-12-12 09:00,0.87309,0.2037,0.05,0.003,0.61639,0.27201,0.27201,0.0,0.0
2018-12-12 10:00:00,2018-12-12 10:00,0.97342,0.19719,0.05,0.10595,0.62028,0.26331,0.26331,0.0,-0.0
2018-12-12 11:00:00,2018-12-12 11:00,1.20963,0.18954,0.05,0.40828,0.56181,0.2531,0.2531,0.0,0.0
2018-12-12 12:00:00,2018-12-12 12:00,0.76393,0.18429,0.05,0.003,0.52664,0.24608,0.24608,0.0,-0.0
2018-12-12 13:00:00,2018-12-12 13:00,1.17504,0.17692,0.05,0.42434,0.52378,0.23624,0.23624,0.0,0.0
2018-12-12 14:00:00,2018-12-12 14:00,0.93823,0.16184,0.05,0.1741,0.55229,0.24608,0.21609,0.0,0.02999
2018-12-12 15:00:00,2018-12-12 15:00,0.81347,0.16824,0.05,0.003,0.59223,0.22464,0.22464,0.0,0.0
2018-12-12 16:00:00,2018-12-12 16:00,0.81871,0.17458,0.05,0.10643,0.4877,0.23311,0.23311,0.0,0.0
2018-12-12 17:00:00,2018-12-12 17:00,1.19121,0.17648,0.05,0.36753,0.5972,0.23566,0.23566,0.0,0.0
2018-12-12 18:00:00,2018-12-12 18:00,1.07089,0.17418,0.05,0.003,0.84371,0.23258,0.23258,0.0,0.0
2018-12-12 19:00:00,2018-12-12 19:00,1.47953,0.18703,0.05,0.1074,1.1351,0.24976,0.24976,0.0,0.0
2018-12-12 20:00:00,2018-12-12 20:00,2.69901,0.17095,0.05,0.43523,2.04283,0.22827,0.22827,0.0,0.0
2018-12-12 21:00:00,2018-12-12 21:00,1.71891,0.17078,0.05,0.08044,1.41769,0.22805,0.22805,0.0,-0.0
2018-12-12 22:00:00,2018-12-12 22:00,1.37438,0.17668,0.05,0.003,1.1447,0.23593,0.23593,0.0,0.0
2018-12-12 23:00:00,2018-12-12 23:00,1.36403,0.18866,0.05,0.42682,0.69855,0.25192,0.25192,0.0,0.0
2018-12-13 00:00:00,2018-12-13 00:00,0.83764,0.19639,0.05,0.0882,0.50305,0.26224,0.26224,0.0,0.0
2018-12-13 01:00:00,2018-12-13 01:00,0.72115,0.20197,0.05,0.003,0.46618,0.2697,0.2697,0.0,-0.0
2018-12-13 02:00:00,2018-12-13 02:00,0.70552,0.20466,0.05,0.003,0.44786,0.27328,0.27328,0.0,0.0
2018-12-13 03:00:00,2018-12-13 03:00,0.68759,0.20566,0.05,0.003,0.42893,0.27463,0.27463,0.0,-0.0
2018-12-13 04:00:00,2018-12-13 04:00,0.68162,0.20521,0.05,0.003,0.42341,0.27403,0.27403,0.0,0.0
2018-12-13 05:00:00,2018-12-13 05:00,0.68132,0.20868,0.05,0.003,0.41964,0.27867,0.27867,0.0,-0.0
2018-12-13 06:00:00,2018-12-13 06:00,0.76873,0.18732,0.05,0.003,0.52841,0.31758,0.25013,0.0,0.06745
2018-12-13 07:00:00,2018-12-13 07:00,1.25655,0.20318,0.05,0.32305,0.68032,0.29754,0.27132,0.0,0.02622
2018-12-13 08:00:00,2018-12-13 08:00,1.34437,0.20082,0.05,0.4347,0.65885,0.26815,0.26815,0.0,0.0
2018-12-13 09:00:00,2018-12-13 09:00,1.17523,0.20637,0.05,0.42853,0.49033,0.27557,0.27557,0.0,0.0
2018-12-13 10:00:00,2018-12-13 10:00,0.89387,0.19931,0.05,0.20591,0.43865,0.26614,0.26614,0.0,0.0
2018-12-13 11:00:00,2018-12-13 11:00,0.67774,0.19155,0.05,0.003,0.43319,0.25579,0.25579,0.0,-0.0
2018-12-13 12:00:00,2018-12-13 12:00,0.79106,0.17911,0.05,0.003,0.55895,0.23917,0.23917,0.0,0.0
2018-12-13 13:00:00,2018-12-13 13:00,1.073,0.17173,0.05,0.3178,0.53347,0.2293,0.2293,0.0,0.0
2018-12-13 14:00:00,2018-12-13 14:00,1.18836,0.16351,0.05,0.43809,0.53676,0.21835,0.21835,0.0,-0.0
2018-12-13 15:00:00,2018-12-13 15:00,1.05354,0.13423,0.05,0.19811,0.6712,0.24669,0.17923,0.0,0.06745
2018-12-13 16:00:00,2018-12-13 16:00,0.95016,0.10745,0.05,0.003,0.78971,0.25589,0.14347,0.0,0.11242
2018-12-13 17:00:00,2018-12-13 17:00,1.31097,0.11536,0.05,0.32137,0.82424,0.22711,0.15404,0.0,0.07307
2018-12-13 18:00:00,2018-12-13 18:00,1.12395,0.14487,0.05,0.08536,0.84372,0.19345,0.19345,0.0,0.0
2018-12-13 19:00:00,2018-12-13 19:00,1.18724,0.15624,0.05,0.003,0.978,0.20862,0.20862,0.0,0.0
2018-12-13 20:00:00,2018-12-13 20:00,1.59083,0.13598,0.05,0.003,1.40185,0.18157,0.18157,0.0,-0.0
2018-12-13 21:00:00,2018-12-13 21:00,1.77677,0.13878,0.05,0.21168,1.37631,0.18532,0.18532,0.0,-0.0
2018-12-13 22:00:00,2018-12-13 22:00,1.46589,0.15004,0.05,0.40465,0.8612,0.20035,0.20035,0.0,-0.0
2018-12-13 23:00:00,2018-12-13 23:00,0.92128,0.1557,0.05,0.003,0.71258,0.20791,0.20791,0.0,0.0
2018-12-14 00:00:00,2018-12-14 00:00,0.66795,0.16525,0.05,0.003,0.4497,0.22066,0.22066,0.0,0.0
2018-12-14 01:00:00,2018-12-14 01:00,0.66047,0.17202,0.05,0.003,0.43545,0.2297,0.2297,0.0,-0.0
2018-12-14 02:00:00,2018-12-14 02:00,0.66034,0.17723,0.05,0.003,0.43011,0.23666,0.23666,0.0,0.0
2018-12-14 03:00:00,2018-12-14 03:00,0.66108,0.17916,0.05,0.003,0.42892,0.23923,0.23923,0.0,0.0
2018-12-14 04:00:00,2018-12-14 04:00,0.65983,0.18341,0.05,0.003,0.42342,0.24492,0.24492,0.0,0.0
2018-12-14 05:00:00,2018-12-14 05:00,0.66769,0.18953,0.05,0.003,0.42516,0.25308,0.25308,0.0,-0.0
2018-12-14 06:00:00,2018-12-14 06:00,1.1605,0.19272,0.05,0.42859,0.48919,0.25734,0.25734,0.0,0.0
2018-12-14 07:00:00,2018-12-14 07:00,1.32061,0.20928,0.05,0.42096,0.64037,0.27945,0.27945,0.0,-0.0
2018-12-14 08:00:00,2018-12-14 08:00,1.31434,0.19229,0.05,0.41453,0.65752,0.28675,0.25677,0.0,0.02999
2018-12-14 09:00:00,2018-12-14 09:00,1.17526,0.19998,0.05,0.43496,0.49032,0.26703,0.26703,0.0,0.0
2018-12-14 10:00:00,2018-12-14 10:00,0.81481,0.18347,0.05,0.14269,0.43865,0.24499,0.24499,0.0,0.0
2018-12-14 11:00:00,2018-12-14 11:00,0.65575,0.16957,0.05,0.003,0.43318,0.22643,0.22643,0.0,-0.0
2018-12-14 12:00:00,2018-12-14 12:00,0.64487,0.15761,0.05,0.003,0.43426,0.21045,0.21045,0.0,0.0
2018-12-14 13:00:00,2018-12-14 13:00,0.64557,0.14248,0.05,0.003,0.45009,0.19026,0.19026,0.0,0.0
2018-12-14 14:00:00,2018-12-14 14:00,0.92975,0.12272,0.05,0.2203,0.53673,0.16386,0.16386,0.0,-0.0
2018-12-14 15:00:00,2018-12-14 15:00,0.9401,0.11173,0.05,0.29661,0.48176,0.1492,0.1492,0.0,-0.0
2018-12-14 16:00:00,2018-12-14 16:00,0.62637,0.11687,0.05,0.003,0.4565,0.15605,0.15605,0.0,0.0
2018-12-14 17:00:00,2018-12-14 17:00,0.68709,0.12502,0.05,0.003,0.50907,0.16694,0.16694,0.0,0.0
2018-12-14 18:00:00,2018-12-14 18:00,0.95879,0.13819,0.05,0.21406,0.55654,0.18454,0.18454,0.0,0.0
2018-12-14 19:00:00,2018-12-14 19:00,1.53328,0.15356,0.05,0.43106,0.89866,0.20506,0.20506,0.0,0.0
2018-12-14 20:00:00,2018-12-14 20:00,2.10663,0.14016,0.05,0.30999,1.60648,0.18715,0.18715,0.0,-0.0
2018-12-14 21:00:00,2018-12-14 21:00,3.7822,0.15863,0.05,0.003,3.57057,0.21181,0.21181,0.0,0.0
2018-12-14 22:00:00,2018-12-14 22:00,2.59127,0.15612,0.05,0.003,2.38215,0.20847,0.20847,0.0,-0.0
2018-12-14 23:00:00,2018-12-14 23:00,0.82146,0.16214,0.05,0.003,0.60632,0.21651,0.21651,0.0,0.0
2018-12-15 00:00:00,2018-12-15 00:00,0.70967,0.17343,0.05,0.003,0.48324,0.23158,0.23158,0.0,-0.0
2018-12-15 01:00:00,2018-12-15 01:00,0.67548,0.18578,0.05,0.003,0.4367,0.24808,0.24808,0.0,0.0
2018-12-15 02:00:00,2018-12-15 02:00,0.78377,0.19352,0.05,0.10889,0.43136,0.2584,0.2584,0.0,-0.0
2018-12-15 03:00:00,2018-12-15 03:00,0.92497,0.19614,0.05,0.24866,0.43017,0.26192,0.26192,0.0,0.0
2018-12-15 04:00:00,2018-12-15 04:00,0.67856,0.20089,0.05,0.003,0.42467,0.26826,0.26826,0.0,0.0
2018-12-15 05:00:00,2018-12-15 05:00,0.68262,0.20873,0.05,0.003,0.42089,0.27872,0.27872,0.0,0.0
2018-12-15 06:00:00,2018-12-15 06:00,0.68598,0.21026,0.05,0.003,0.42272,0.28076,0.28076,0.0,0.0
2018-12-15 07:00:00,2018-12-15 07:00,0.78607,0.22691,0.05,0.003,0.50616,0.303,0.303,0.0,0.0
2018-12-15 08:00:00,2018-12-15 08:00,1.08541,0.20829,0.05,0.10911,0.71801,0.27813,0.27813,0.0,-0.0
2018-12-15 09:00:00,2018-12-15 09:00,1.50161,0.19651,0.05,0.43074,0.82436,0.2624,0.2624,0.0,-0.0
2018-12-15 10:00:00,2018-12-15 10:00,1.16155,0.16971,0.05,0.08585,0.85599,0.22662,0.22662,0.0,0.0
2018-12-15 11:00:00,2018-12-15 11:00,1.06001,0.13668,0.05,0.003,0.87033,0.18251,0.18251,0.0,0.0
2018-12-15 12:00:00,2018-12-15 12:00,1.14925,0.11221,0.05,0.10741,0.87963,0.14983,0.14983,0.0,-0.0
2018-12-15 13:00:00,2018-12-15 13:00,1.3556,0.10973,0.05,0.43674,0.75913,0.14652,0.14652,0.0,0.0
2018-12-15 14:00:00,2018-12-15 14:00,1.09794,0.10345,0.05,0.24532,0.69917,0.13813,0.13813,0.0,0.0
2018-12-15 15:00:00,2018-12-15 15:00,0.98397,0.09,0.05,0.003,0.84097,0.12018,0.12018,0.0,-0.0
2018-12-15 16:00:00,2018-12-15 16:00,1.03926,0.08896,0.05,0.003,0.8973,0.11879,0.11879,0.0,-0.0
2018-12-15 17:00:00,2018-12-15 17:00,1.49953,0.07672,0.05,0.31934,1.05347,0.1699,0.10245,0.0,0.06745
2018-12-15 18:00:00,2018-12-15 18:00,1.68691,0.08302,0.05,0.40213,1.15176,0.16895,0.11086,0.0,0.05808
2018-12-15 19:00:00,2018-12-15 19:00,1.39238,0.11824,0.05,0.003,1.22114,0.15788,0.15788,0.0,0.0
2018-12-15 20:00:00,2018-12-15 20:00,1.6117,0.11121,0.05,0.21543,1.23506,0.1485,0.1485,0.0,0.0
2018-12-15 21:00:00,2018-12-15 21:00,1.93665,0.10561,0.05,0.366,1.41504,0.14103,0.14103,0.0,-0.0
2018-12-15 22:00:00,2018-12-15 22:00,1.4166,0.10961,0.05,0.003,1.25399,0.14636,0.14636,0.0,0.0
2018-12-15 23:00:00,2018-12-15 23:00,0.90037,0.12202,0.05,0.003,0.72535,0.16293,0.16293,0.0,-0.0
2018-12-16 00:00:00,2018-12-16 00:00,0.6522,0.12975,0.05,0.003,0.46945,0.17327,0.17327,0.0,0.0
2018-12-16 01:00:00,2018-12-16 01:00,0.62606,0.13637,0.05,0.003,0.43669,0.18209,0.18209,0.0,-0.0
2018-12-16 02:00:00,2018-12-16 02:00,0.62484,0.14048,0.05,0.003,0.43136,0.18759,0.18759,0.0,0.0
2018-12-16 03:00:00,2018-12-16 03:00,0.62862,0.14546,0.05,0.003,0.43016,0.19424,0.19424,0.0,0.0
2018-12-16 04:00:00,2018-12-16 04:00,0.73454,0.14928,0.05,0.10917,0.42609,0.19934,0.19934,0.0,0.0
2018-12-16 05:00:00,2018-12-16 05:00,0.9534,0.15323,0.05,0.31326,0.43691,0.20461,0.20461,0.0,0.0
2018-12-16 06:00:00,2018-12-16 06:00,0.76451,0.15526,0.05,0.1076,0.45165,0.20733,0.20733,0.0,0.0
2018-12-16 07:00:00,2018-12-16 07:00,1.16414,0.16904,0.05,0.42465,0.52045,0.22571,0.22571,0.0,0.0
2018-12-16 08:00:00,2018-12-16 08:00,0.93424,0.15884,0.05,0.15633,0.56907,0.21213,0.21213,0.0,0.0
2018-12-16 09:00:00,2018-12-16 09:00,0.89575,0.15099,0.05,0.003,0.69176,0.20162,0.20162,0.0,-0.0
2018-12-16 10:00:00,2018-12-16 10:00,1.1524,0.13378,0.05,0.21649,0.75213,0.17863,0.17863,0.0,0.0
2018-12-16 11:00:00,2018-12-16 11:00,1.36805,0.11395,0.05,0.44273,0.76137,0.15215,0.15215,0.0,-0.0
2018-12-16 12:00:00,2018-12-16 12:00,1.01096,0.09284,0.05,0.08848,0.77964,0.13522,0.12398,0.0,0.01124
2018-12-16 13:00:00,2018-12-16 13:00,0.96068,0.06242,0.05,0.003,0.84526,0.13393,0.08335,0.0,0.05059
2018-12-16 14:00:00,2018-12-16 14:00,1.65117,0.06898,0.05,0.31049,1.2217,0.09211,0.09211,0.0,0.0
2018-12-16 15:00:00,2018-12-16 15:00,3.57257,0.07223,0.05,0.43045,3.01989,0.10769,0.09644,0.0,0.01124
2018-12-16 16:00:00,2018-12-16 16:00,3.37564,0.05401,0.05,0.14853,3.1231,0.1227,0.07211,0.0,0.05059
2018-12-16 17:00:00,2018-12-16 17:00,2.60058,0.07636,0.05,0.10933,2.36489,0.10196,0.10196,0.0,0.0
2018-12-16 18:00:00,2018-12-16 18:00,1.4912,0.08271,0.05,0.38707,0.97142,0.1217,0.11046,0.0,0.01124
2018-12-16 19:00:00,2018-12-16 19:00,1.58705,0.09213,0.05,0.003,1.44192,0.14177,0.12302,0.0,0.01875
2018-12-16 20:00:00,2018-12-16 20:00,1.63467,0.09244,0.05,0.003,1.48923,0.12345,0.12345,0.0,0.0
2018-12-16 21:00:00,2018-12-16 21:00,1.60798,0.10253,0.05,0.003,1.45245,0.13692,0.13692,0.0,-0.0
2018-12-16 22:00:00,2018-12-16 22:00,1.63219,0.11216,0.05,0.32206,1.14797,0.14977,0.14977,0.0,0.0
2018-12-16 23:00:00,2018-12-16 23:00,1.18169,0.12068,0.05,0.27856,0.73245,0.16115,0.16115,0.0,-0.0
2018-12-17 00:00:00,2018-12-17 00:00,0.75261,0.13009,0.05,0.003,0.56952,0.17371,0.17371,0.0,0.0
2018-12-17 01:00:00,2018-12-17 01:00,0.63066,0.14222,0.05,0.003,0.43544,0.18991,0.18991,0.0,-0.0
2018-12-17 02:00:00,2018-12-17 02:00,0.63489,0.15178,0.05,0.003,0.43011,0.20268,0.20268,0.0,0.0
2018-12-17 03:00:00,2018-12-17 03:00,0.63779,0.15586,0.05,0.003,0.42893,0.20813,0.20813,0.0,0.0
2018-12-17 04:00:00,2018-12-17 04:00,0.63689,0.16048,0.05,0.003,0.42341,0.21429,0.21429,0.0,0.0
2018-12-17 05:00:00,2018-12-17 05:00,0.63992,0.16728,0.05,0.003,0.41964,0.22337,0.22337,0.0,0.0
2018-12-17 06:00:00,2018-12-17 06:00,0.64708,0.17262,0.05,0.003,0.42146,0.23051,0.23051,0.0,0.0
2018-12-17 07:00:00,2018-12-17 07:00,0.76526,0.19208,0.05,0.003,0.52018,0.25651,0.25651,0.0,0.0
2018-12-17 08:00:00,2018-12-17 08:00,1.17663,0.1843,0.05,0.43268,0.50965,0.24609,0.24609,0.0,0.0
2018-12-17 09:00:00,2018-12-17 09:00,0.99127,0.17982,0.05,0.26248,0.49897,0.24013,0.24013,0.0,0.0
2018-12-17 10:00:00,2018-12-17 10:00,0.67375,0.16176,0.05,0.003,0.45899,0.22724,0.21599,0.0,0.01124
2018-12-17 11:00:00,2018-12-17 11:00,0.73609,0.13921,0.05,0.003,0.54388,0.20464,0.1859,0.0,0.01875
2018-12-17 12:00:00,2018-12-17 12:00,0.91431,0.10675,0.05,0.10786,0.6497,0.21,0.14254,0.0,0.06745
2018-12-17 13:00:00,2018-12-17 13:00,1.2943,0.07378,0.05,0.43155,0.73897,0.21094,0.09852,0.0,0.11242
2018-12-17 14:00:00,2018-12-17 14:00,1.33534,0.0564,0.05,0.29932,0.92962,0.18774,0.07532,0.0,0.11242
2018-12-17 15:00:00,2018-12-17 15:00,2.64764,0.06741,0.05,0.003,2.52723,0.17807,0.09002,0.0,0.08805
2018-12-17 16:00:00,2018-12-17 16:00,2.81747,0.0999,0.05,0.32111,2.34646,0.13341,0.13341,0.0,0.0
2018-12-17 17:00:00,2018-12-17 17:00,1.51223,0.11333,0.05,0.32817,1.02073,0.15132,0.15132,0.0,-0.0
2018-12-17 18:00:00,2018-12-17 18:00,3.10748,0.14258,0.05,0.1072,2.8077,0.19038,0.19038,0.0,-0.0
2018-12-17 19:00:00,2018-12-17 19:00,2.60226,0.16024,0.05,0.43384,1.95818,0.21398,0.21398,0.0,0.0
2018-12-17 20:00:00,2018-12-17 20:00,1.80485,0.1338,0.05,0.43656,1.18449,0.17868,0.17868,0.0,0.0
2018-12-17 21:00:00,2018-12-17 21:00,1.79964,0.13467,0.05,0.19729,1.41768,0.17984,0.17984,0.0,0.0
2018-12-17 22:00:00,2018-12-17 22:00,1.35101,0.13931,0.05,0.003,1.1587,0.18603,0.18603,0.0,0.0
2018-12-17 23:00:00,2018-12-17 23:00,1.32412,0.14786,0.05,0.003,1.12326,0.19744,0.19744,0.0,0.0
2018-12-18 00:00:00,2018-12-18 00:00,2.81931,0.17369,0.05,0.003,2.59262,0.23193,0.23193,0.0,-0.0
2018-12-18 01:00:00,2018-12-18 01:00,1.22544,0.16287,0.05,0.003,1.00957,0.21748,0.21748,0.0,0.0
2018-12-18 02:00:00,2018-12-18 02:00,0.64272,0.15961,0.05,0.003,0.43011,0.21314,0.21314,0.0,-0.0
2018-12-18 03:00:00,2018-12-18 03:00,0.64181,0.15988,0.05,0.003,0.42893,0.2135,0.2135,0.0,0.0
2018-12-18 04:00:00,2018-12-18 04:00,0.63866,0.16225,0.05,0.003,0.42341,0.21665,0.21665,0.0,0.0
2018-12-18 05:00:00,2018-12-18 05:00,0.85238,0.15825,0.05,0.21702,0.42711,0.21131,0.21131,0.0,-0.0
2018-12-18 06:00:00,2018-12-18 06:00,0.83069,0.15613,0.05,0.19629,0.42827,0.20848,0.20848,0.0,-0.0
2018-12-18 07:00:00,2018-12-18 07:00,0.72641,0.1676,0.05,0.003,0.50581,0.22379,0.22379,0.0,0.0
2018-12-18 08:00:00,2018-12-18 08:00,0.67578,0.16075,0.05,0.003,0.46203,0.21464,0.21464,0.0,-0.0
2018-12-18 09:00:00,2018-12-18 09:00,0.89384,0.15498,0.05,0.21516,0.4737,0.20695,0.20695,0.0,-0.0
2018-12-18 10:00:00,2018-12-18 10:00,1.17813,0.13973,0.05,0.43639,0.55201,0.18658,0.18658,0.0,0.0
2018-12-18 11:00:00,2018-12-18 11:00,0.925,0.13467,0.05,0.1923,0.54803,0.17982,0.17982,0.0,0.0
2018-12-18 12:00:00,2018-12-18 12:00,0.69961,0.11997,0.05,0.003,0.52664,0.1602,0.1602,0.0,-0.0
2018-12-18 13:00:00,2018-12-18 13:00,0.69262,0.10614,0.05,0.003,0.53348,0.14173,0.14173,0.0,-0.0
2018-12-18 14:00:00,2018-12-18 14:00,0.89829,0.09815,0.05,0.21339,0.53675,0.13106,0.13106,0.0,-0.0
2018-12-18 15:00:00,2018-12-18 15:00,0.84864,0.09786,0.05,0.21903,0.48175,0.13068,0.13068,0.0,0.0
2018-12-18 16:00:00,2018-12-18 16:00,0.60036,0.10543,0.05,0.003,0.44193,0.14077,0.14077,0.0,0.0
2018-12-18 17:00:00,2018-12-18 17:00,0.74289,0.11131,0.05,0.003,0.57858,0.14864,0.14864,0.0,-0.0
2018-12-18 18:00:00,2018-12-18 18:00,1.20364,0.1128,0.05,0.31751,0.72333,0.15063,0.15063,0.0,0.0
2018-12-18 19:00:00,2018-12-18 19:00,1.74554,0.11865,0.05,0.43368,1.14321,0.15845,0.15845,0.0,0.0
2018-12-18 20:00:00,2018-12-18 20:00,1.76801,0.10819,0.05,0.41323,1.19659,0.14447,0.14447,0.0,0.0
2018-12-18 21:00:00,2018-12-18 21:00,2.58891,0.11676,0.05,0.43888,1.98327,0.15589,0.15589,0.0,0.0
2018-12-18 22:00:00,2018-12-18 22:00,3.69301,0.12842,0.05,0.28284,3.23175,0.17148,0.17148,0.0,-0.0
2018-12-18 23:00:00,2018-12-18 23:00,1.31738,0.1258,0.05,0.003,1.13858,0.16797,0.16797,0.0,0.0
2018-12-19 00:00:00,2018-12-19 00:00,0.61831,0.12559,0.05,0.003,0.43972,0.16771,0.16771,0.0,0.0
2018-12-19 01:00:00,2018-12-19 01:00,0.62089,0.13245,0.05,0.003,0.43544,0.17686,0.17686,0.0,0.0
2018-12-19 02:00:00,2018-12-19 02:00,0.62036,0.13724,0.05,0.003,0.43012,0.18326,0.18326,0.0,0.0
2018-12-19 03:00:00,2018-12-19 03:00,0.61793,0.136,0.05,0.003,0.42893,0.18162,0.18162,0.0,0.0
2018-12-19 04:00:00,2018-12-19 04:00,0.61284,0.13643,0.05,0.003,0.42341,0.18218,0.18218,0.0,-0.0
2018-12-19 05:00:00,2018-12-19 05:00,0.60865,0.13601,0.05,0.003,0.41964,0.18162,0.18162,0.0,0.0
2018-12-19 06:00:00,2018-12-19 06:00,0.6302,0.13297,0.05,0.003,0.44423,0.18882,0.17758,0.0,0.01124
2018-12-19 07:00:00,2018-12-19 07:00,1.10202,0.12827,0.05,0.32901,0.59474,0.22188,0.17129,0.0,0.05059
2018-12-19 08:00:00,2018-12-19 08:00,0.88727,0.13294,0.05,0.18685,0.51748,0.17752,0.17752,0.0,-0.0
2018-12-19 09:00:00,2018-12-19 09:00,1.03196,0.13354,0.05,0.31873,0.52969,0.17832,0.17832,0.0,0.0
2018-12-19 10:00:00,2018-12-19 10:00,1.05312,0.12786,0.05,0.34586,0.5294,0.17073,0.17073,0.0,0.0
2018-12-19 11:00:00,2018-12-19 11:00,0.69663,0.11851,0.05,0.003,0.52512,0.15824,0.15824,0.0,0.0
2018-12-19 12:00:00,2018-12-19 12:00,0.65307,0.11974,0.05,0.003,0.48033,0.1599,0.1599,0.0,-0.0
2018-12-19 13:00:00,2018-12-19 13:00,1.10549,0.11272,0.05,0.43259,0.51018,0.1505,0.1505,0.0,0.0
2018-12-19 14:00:00,2018-12-19 14:00,0.94561,0.10674,0.05,0.262,0.52687,0.14254,0.14254,0.0,0.0
2018-12-19 15:00:00,2018-12-19 15:00,0.60372,0.1086,0.05,0.003,0.44212,0.14503,0.14503,0.0,0.0
2018-12-19 16:00:00,2018-12-19 16:00,0.80438,0.10742,0.05,0.10457,0.54239,0.14343,0.14343,0.0,0.0
2018-12-19 17:00:00,2018-12-19 17:00,1.3061,0.11094,0.05,0.41605,0.72911,0.14814,0.14814,0.0,0.0
2018-12-19 18:00:00,2018-12-19 18:00,1.47933,0.11539,0.05,0.44826,0.86568,0.15408,0.15408,0.0,0.0
2018-12-19 19:00:00,2018-12-19 19:00,1.23103,0.12621,0.05,0.01291,1.04191,0.16854,0.16854,0.0,0.0
2018-12-19 20:00:00,2018-12-19 20:00,1.44246,0.11735,0.05,0.32004,0.95507,0.15671,0.15671,0.0,-0.0
2018-12-19 21:00:00,2018-12-19 21:00,1.64272,0.08474,0.05,0.32883,1.17915,0.20871,0.11316,0.0,0.09556
2018-12-19 22:00:00,2018-12-19 22:00,1.23192,0.10117,0.05,0.003,1.07775,0.16507,0.13509,0.0,0.02998
2018-12-19 23:00:00,2018-12-19 23:00,0.67182,0.1254,0.05,0.003,0.49342,0.16745,0.16745,0.0,0.0
2018-12-20 00:00:00,2018-12-20 00:00,0.6239,0.13118,0.05,0.003,0.43972,0.17517,0.17517,0.0,0.0
2018-12-20 01:00:00,2018-12-20 01:00,0.62319,0.13474,0.05,0.003,0.43545,0.17993,0.17993,0.0,-0.0
2018-12-20 02:00:00,2018-12-20 02:00,0.61877,0.13565,0.05,0.003,0.43012,0.18114,0.18114,0.0,0.0
2018-12-20 03:00:00,2018-12-20 03:00,0.61647,0.13455,0.05,0.003,0.42892,0.17966,0.17966,0.0,0.0
2018-12-20 04:00:00,2018-12-20 04:00,0.6164,0.14,0.05,0.003,0.4234,0.18694,0.18694,0.0,0.0
2018-12-20 05:00:00,2018-12-20 05:00,0.61405,0.14141,0.05,0.003,0.41964,0.18881,0.18881,0.0,0.0
2018-12-20 06:00:00,2018-12-20 06:00,0.96883,0.14211,0.05,0.32987,0.44685,0.18977,0.18977,0.0,0.0
2018-12-20 07:00:00,2018-12-20 07:00,1.21582,0.15433,0.05,0.41638,0.59511,0.20608,0.20608,0.0,0.0
2018-12-20 08:00:00,2018-12-20 08:00,1.22768,0.13542,0.05,0.41569,0.62657,0.22205,0.18082,0.0,0.04123
2018-12-20 09:00:00,2018-12-20 09:00,1.5662,0.13473,0.05,0.44265,0.93882,0.2305,0.17991,0.0,0.05059
2018-12-20 10:00:00,2018-12-20 10:00,2.01443,0.15691,0.05,0.25316,1.55436,0.20953,0.20953,0.0,-0.0
2018-12-20 11:00:00,2018-12-20 11:00,1.21755,0.15307,0.05,0.003,1.01148,0.2044,0.2044,0.0,-0.0
2018-12-20 12:00:00,2018-12-20 12:00,1.14713,0.15524,0.05,0.32249,0.6194,0.20729,0.20729,0.0,-0.0
2018-12-20 13:00:00,2018-12-20 13:00,1.00573,0.15969,0.05,0.28155,0.51449,0.21323,0.21323,0.0,-0.0
2018-12-20 14:00:00,2018-12-20 14:00,0.66633,0.17263,0.05,0.003,0.4407,0.23051,0.23051,0.0,0.0
2018-12-20 15:00:00,2018-12-20 15:00,0.66968,0.1746,0.05,0.003,0.44208,0.23314,0.23314,0.0,0.0
2018-12-20 16:00:00,2018-12-20 16:00,0.67753,0.16802,0.05,0.003,0.45651,0.22436,0.22436,0.0,0.0
2018-12-20 17:00:00,2018-12-20 17:00,0.82195,0.16848,0.05,0.003,0.60047,0.22497,0.22497,0.0,-0.0
2018-12-20 18:00:00,2018-12-20 18:00,0.87799,0.17018,0.05,0.003,0.65481,0.22725,0.22725,0.0,0.0
2018-12-20 19:00:00,2018-12-20 19:00,1.60909,0.17532,0.05,0.32873,1.05504,0.23411,0.23411,0.0,0.0
2018-12-20 20:00:00,2018-12-20 20:00,1.70033,0.1559,0.05,0.29782,1.19661,0.20819,0.20819,0.0,-0.0
2018-12-20 21:00:00,2018-12-20 21:00,1.37172,0.15945,0.05,0.003,1.15927,0.21292,0.21292,0.0,-0.0
2018-12-20 22:00:00,2018-12-20 22:00,1.0697,0.16964,0.05,0.003,0.84706,0.22653,0.22653,0.0,0.0
2018-12-20 23:00:00,2018-12-20 23:00,0.81633,0.17827,0.05,0.003,0.58506,0.23804,0.23804,0.0,-0.0
2018-12-21 00:00:00,2018-12-21 00:00,0.73428,0.18146,0.05,0.003,0.49982,0.24231,0.24231,0.0,0.0
2018-12-21 01:00:00,2018-12-21 01:00,0.66918,0.18074,0.05,0.003,0.43544,0.24135,0.24135,0.0,0.0
2018-12-21 02:00:00,2018-12-21 02:00,0.67524,0.19213,0.05,0.003,0.43011,0.25655,0.25655,0.0,0.0
2018-12-21 03:00:00,2018-12-21 03:00,0.67711,0.19519,0.05,0.003,0.42892,0.26063,0.26063,0.0,0.0
2018-12-21 04:00:00,2018-12-21 04:00,0.67101,0.19314,0.05,0.003,0.42487,0.25791,0.25791,0.0,-0.0
2018-12-21 05:00:00,2018-12-21 05:00,1.05461,0.19495,0.05,0.3802,0.42946,0.26032,0.26032,0.0,0.0
2018-12-21 06:00:00,2018-12-21 06:00,0.68172,0.20156,0.05,0.003,0.42716,0.26915,0.26915,0.0,0.0
2018-12-21 07:00:00,2018-12-21 07:00,0.79316,0.21124,0.05,0.003,0.52892,0.28207,0.28207,0.0,-0.0
2018-12-21 08:00:00,2018-12-21 08:00,1.09167,0.18285,0.05,0.21293,0.64589,0.27416,0.24418,0.0,0.02999
2018-12-21 09:00:00,2018-12-21 09:00,1.29602,0.20026,0.05,0.42938,0.61638,0.26741,0.26741,0.0,0.0
2018-12-21 10:00:00,2018-12-21 10:00,1.16033,0.20555,0.05,0.39362,0.51116,0.27447,0.27447,0.0,0.0
2018-12-21 11:00:00,2018-12-21 11:00,0.69237,0.20618,0.05,0.003,0.43319,0.27533,0.27533,0.0,0.0
2018-12-21 12:00:00,2018-12-21 12:00,0.6918,0.20452,0.05,0.003,0.43428,0.27311,0.27311,0.0,-0.0
2018-12-21 13:00:00,2018-12-21 13:00,0.72498,0.19872,0.05,0.003,0.47326,0.26536,0.26536,0.0,-0.0
2018-12-21 14:00:00,2018-12-21 14:00,0.75865,0.1929,0.05,0.003,0.51275,0.25757,0.25757,0.0,0.0
2018-12-21 15:00:00,2018-12-21 15:00,1.15645,0.19391,0.05,0.43081,0.48173,0.25893,0.25893,0.0,-0.0
2018-12-21 16:00:00,2018-12-21 16:00,0.69042,0.19547,0.05,0.003,0.44195,0.26103,0.26103,0.0,0.0
2018-12-21 17:00:00,2018-12-21 17:00,0.69991,0.19627,0.05,0.003,0.45064,0.26208,0.26208,0.0,0.0
2018-12-21 18:00:00,2018-12-21 18:00,0.92251,0.19835,0.05,0.003,0.67116,0.26488,0.26488,0.0,-0.0
2018-12-21 19:00:00,2018-12-21 19:00,1.48005,0.18329,0.05,0.003,1.24376,0.31221,0.24476,0.0,0.06745
2018-12-21 20:00:00,2018-12-21 20:00,1.78882,0.17449,0.05,0.31749,1.24684,0.25922,0.233,0.0,0.02622
2018-12-21 21:00:00,2018-12-21 21:00,2.22122,0.17846,0.05,0.38113,1.61163,0.2383,0.2383,0.0,-0.0
2018-12-21 22:00:00,2018-12-21 22:00,2.47755,0.19728,0.05,0.003,2.22727,0.26343,0.26343,0.0,-0.0
2018-12-21 23:00:00,2018-12-21 23:00,0.83247,0.19441,0.05,0.003,0.58506,0.2596,0.2596,0.0,0.0
2018-12-22 00:00:00,2018-12-22 00:00,0.7481,0.19515,0.05,0.003,0.49995,0.26059,0.26059,0.0,0.0
2018-12-22 01:00:00,2018-12-22 01:00,0.68776,0.19807,0.05,0.003,0.43669,0.26448,0.26448,0.0,0.0
2018-12-22 02:00:00,2018-12-22 02:00,0.68609,0.20173,0.05,0.003,0.43136,0.26938,0.26938,0.0,0.0
2018-12-22 03:00:00,2018-12-22 03:00,0.69059,0.20741,0.05,0.003,0.43018,0.27697,0.27697,0.0,-0.0
2018-12-22 04:00:00,2018-12-22 04:00,0.68827,0.2106,0.05,0.003,0.42467,0.28123,0.28123,0.0,0.0
2018-12-22 05:00:00,2018-12-22 05:00,0.68045,0.20657,0.05,0.003,0.42088,0.27583,0.27583,0.0,-0.0
2018-12-22 06:00:00,2018-12-22 06:00,0.79248,0.20381,0.05,0.11048,0.42819,0.27216,0.27216,0.0,0.0
2018-12-22 07:00:00,2018-12-22 07:00,1.21559,0.21782,0.05,0.4273,0.52047,0.29085,0.29085,0.0,0.0
2018-12-22 08:00:00,2018-12-22 08:00,1.25748,0.184,0.05,0.44145,0.58203,0.30752,0.24569,0.0,0.06183
2018-12-22 09:00:00,2018-12-22 09:00,0.86988,0.19538,0.05,0.06467,0.55983,0.26089,0.26089,0.0,0.0
2018-12-22 10:00:00,2018-12-22 10:00,0.99558,0.19045,0.05,0.003,0.75213,0.2543,0.2543,0.0,0.0
2018-12-22 11:00:00,2018-12-22 11:00,1.52139,0.18672,0.05,0.31844,0.96623,0.24932,0.24932,0.0,0.0
2018-12-22 12:00:00,2018-12-22 12:00,3.31296,0.19738,0.05,0.2895,2.77608,0.26357,0.26357,0.0,0.0
2018-12-22 13:00:00,2018-12-22 13:00,2.24751,0.18608,0.05,0.003,2.00843,0.24848,0.24848,0.0,0.0
2018-12-22 14:00:00,2018-12-22 14:00,1.08396,0.17446,0.05,0.003,0.8565,0.23298,0.23298,0.0,0.0
2018-12-22 15:00:00,2018-12-22 15:00,1.27459,0.17121,0.05,0.21241,0.84097,0.22862,0.22862,0.0,0.0
2018-12-22 16:00:00,2018-12-22 16:00,1.63901,0.16672,0.05,0.43286,0.98943,0.22263,0.22263,0.0,-0.0
2018-12-22 17:00:00,2018-12-22 17:00,1.47168,0.16038,0.05,0.0975,1.1638,0.21416,0.21416,0.0,0.0
2018-12-22 18:00:00,2018-12-22 18:00,1.53426,0.14862,0.05,0.003,1.33264,0.22845,0.19846,0.0,0.02999
2018-12-22 19:00:00,2018-12-22 19:00,1.867,0.17077,0.05,0.21312,1.43311,0.22804,0.22804,0.0,-0.0
2018-12-22 20:00:00,2018-12-22 20:00,1.87811,0.16512,0.05,0.42794,1.23505,0.22048,0.22048,0.0,-0.0
2018-12-22 21:00:00,2018-12-22 21:00,1.61396,0.16559,0.05,0.17064,1.22773,0.22111,0.22111,0.0,0.0
2018-12-22 22:00:00,2018-12-22 22:00,1.48599,0.16428,0.05,0.003,1.26871,0.21938,0.21937,0.0,0.0
2018-12-22 23:00:00,2018-12-22 23:00,1.00269,0.17221,0.05,0.003,0.77748,0.22996,0.22996,0.0,-0.0
2018-12-23 00:00:00,2018-12-23 00:00,0.67361,0.17965,0.05,0.003,0.44096,0.23989,0.23989,0.0,0.0
2018-12-23 01:00:00,2018-12-23 01:00,0.6683,0.17862,0.05,0.003,0.43668,0.2385,0.2385,0.0,0.0
2018-12-23 02:00:00,2018-12-23 02:00,0.66712,0.18276,0.05,0.003,0.43136,0.24405,0.24405,0.0,0.0
2018-12-23 03:00:00,2018-12-23 03:00,0.67117,0.188,0.05,0.003,0.43017,0.25103,0.25103,0.0,0.0
2018-12-23 04:00:00,2018-12-23 04:00,0.99425,0.18867,0.05,0.33092,0.42466,0.25193,0.25193,0.0,0.0
2018-12-23 05:00:00,2018-12-23 05:00,0.68203,0.19168,0.05,0.01692,0.42343,0.25596,0.25596,0.0,-0.0
2018-12-23 06:00:00,2018-12-23 06:00,0.69873,0.19409,0.05,0.003,0.45164,0.25917,0.25917,0.0,0.0
2018-12-23 07:00:00,2018-12-23 07:00,0.79928,0.21785,0.05,0.003,0.52843,0.29089,0.29089,0.0,-0.0
2018-12-23 08:00:00,2018-12-23 08:00,0.86882,0.21514,0.05,0.003,0.60068,0.28729,0.28729,0.0,0.0
2018-12-23 09:00:00,2018-12-23 09:00,0.94602,0.21209,0.05,0.10917,0.57476,0.29445,0.28321,0.0,0.01124
2018-12-23 10:00:00,2018-12-23 10:00,1.16227,0.19854,0.05,0.24708,0.66665,0.28386,0.26511,0.0,0.01875
2018-12-23 11:00:00,2018-12-23 11:00,1.04078,0.20669,0.05,0.003,0.78109,0.27602,0.27602,0.0,0.0
2018-12-23 12:00:00,2018-12-23 12:00,3.04819,0.21912,0.05,0.003,2.77607,0.2926,0.2926,0.0,0.0
2018-12-23 13:00:00,2018-12-23 13:00,2.31601,0.19275,0.05,0.003,2.07026,0.31921,0.25738,0.0,0.06183
2018-12-23 14:00:00,2018-12-23 14:00,1.18597,0.2028,0.05,0.003,0.93017,0.27081,0.27081,0.0,0.0
2018-12-23 15:00:00,2018-12-23 15:00,1.65193,0.19716,0.05,0.43155,0.97322,0.26327,0.26327,0.0,0.0
2018-12-23 16:00:00,2018-12-23 16:00,1.41013,0.19734,0.05,0.11361,1.04918,0.26352,0.26352,0.0,-0.0
2018-12-23 17:00:00,2018-12-23 17:00,1.34863,0.1961,0.05,0.003,1.09953,0.26187,0.26187,0.0,-0.0
2018-12-23 18:00:00,2018-12-23 18:00,1.45481,0.20397,0.05,0.10715,1.09369,0.27238,0.27238,0.0,0.0
2018-12-23 19:00:00,2018-12-23 19:00,1.91394,0.22158,0.05,0.4212,1.22116,0.29588,0.29588,0.0,0.0
2018-12-23 20:00:00,2018-12-23 20:00,1.59176,0.20158,0.05,0.10512,1.23506,0.26917,0.26917,0.0,-0.0
2018-12-23 21:00:00,2018-12-23 21:00,1.87635,0.20224,0.05,0.40631,1.2178,0.28131,0.27007,0.0,0.01124
2018-12-23 22:00:00,2018-12-23 22:00,1.24069,0.21184,0.05,0.003,0.97585,0.30162,0.28287,0.0,0.01875
2018-12-23 23:00:00,2018-12-23 23:00,0.88505,0.2247,0.05,0.003,0.60735,0.30006,0.30006,0.0,0.0
2018-12-24 00:00:00,2018-12-24 00:00,0.72354,0.22656,0.05,0.003,0.44398,0.30253,0.30253,0.0,-0.0
2018-12-24 01:00:00,2018-12-24 01:00,1.14206,0.2302,0.05,0.39769,0.46417,0.30739,0.30739,0.0,-0.0
2018-12-24 02:00:00,2018-12-24 02:00,0.72289,0.23977,0.05,0.003,0.43012,0.32018,0.32018,0.0,0.0
2018-12-24 03:00:00,2018-12-24 03:00,0.72959,0.24767,0.05,0.003,0.42892,0.33072,0.33072,0.0,0.0
2018-12-24 04:00:00,2018-12-24 04:00,0.73104,0.25462,0.05,0.003,0.42342,0.34,0.34,0.0,0.0
2018-12-24 05:00:00,2018-12-24 05:00,0.73492,0.25592,0.05,0.003,0.426,0.34174,0.34174,0.0,0.0
2018-12-24 06:00:00,2018-12-24 06:00,0.88065,0.26499,0.05,0.10765,0.45801,0.35384,0.35384,0.0,0.0
2018-12-24 07:00:00,2018-12-24 07:00,1.4167,0.26914,0.05,0.43303,0.66453,0.39874,0.35939,0.0,0.03935
2018-12-24 08:00:00,2018-12-24 08:00,1.48567,0.22548,0.05,0.42617,0.78402,0.38728,0.30109,0.0,0.08619
2018-12-24 09:00:00,2018-12-24 09:00,1.08385,0.25391,0.05,0.2068,0.57314,0.33905,0.33905,0.0,-0.0
2018-12-24 10:00:00,2018-12-24 10:00,0.86241,0.24368,0.05,0.003,0.56573,0.3254,0.3254,0.0,-0.0
2018-12-24 11:00:00,2018-12-24 11:00,0.73293,0.23305,0.05,0.003,0.44688,0.31118,0.31118,0.0,0.0
2018-12-24 12:00:00,2018-12-24 12:00,0.70708,0.21981,0.05,0.003,0.43427,0.29352,0.29352,0.0,0.0
2018-12-24 13:00:00,2018-12-24 13:00,0.69705,0.20346,0.05,0.003,0.44059,0.27169,0.27169,0.0,-0.0
2018-12-24 14:00:00,2018-12-24 14:00,0.68361,0.1899,0.05,0.003,0.44071,0.25358,0.25358,0.0,0.0
2018-12-24 15:00:00,2018-12-24 15:00,0.6696,0.17451,0.05,0.003,0.44209,0.23301,0.23301,0.0,0.0
2018-12-24 16:00:00,2018-12-24 16:00,0.92088,0.17357,0.05,0.21215,0.48516,0.23177,0.23177,0.0,0.0
2018-12-24 17:00:00,2018-12-24 17:00,1.32644,0.17456,0.05,0.43481,0.66707,0.26309,0.2331,0.0,0.02999
2018-12-24 18:00:00,2018-12-24 18:00,1.02583,0.1924,0.05,0.0601,0.72333,0.25692,0.25692,0.0,0.0
2018-12-24 19:00:00,2018-12-24 19:00,1.34195,0.2008,0.05,0.003,1.08815,0.26814,0.26814,0.0,0.0
2018-12-24 20:00:00,2018-12-24 20:00,1.72388,0.18196,0.05,0.21091,1.28101,0.24297,0.24297,0.0,0.0
2018-12-24 21:00:00,2018-12-24 21:00,1.99707,0.18141,0.05,0.36862,1.39704,0.24224,0.24224,0.0,0.0
2018-12-24 22:00:00,2018-12-24 22:00,1.29163,0.19085,0.05,0.003,1.04778,0.25485,0.25485,0.0,-0.0
2018-12-24 23:00:00,2018-12-24 23:00,0.96802,0.20244,0.05,0.003,0.71258,0.27033,0.27033,0.0,0.0
2018-12-25 00:00:00,2018-12-25 00:00,1.18271,0.20816,0.05,0.42472,0.49983,0.27796,0.27796,0.0,0.0
2018-12-25 01:00:00,2018-12-25 01:00,0.70376,0.21531,0.05,0.003,0.43545,0.28751,0.28751,0.0,0.0
2018-12-25 02:00:00,2018-12-25 02:00,0.70393,0.22081,0.05,0.003,0.43012,0.29485,0.29485,0.0,0.0
2018-12-25 03:00:00,2018-12-25 03:00,0.70752,0.2256,0.05,0.003,0.42892,0.30125,0.30125,0.0,0.0
2018-12-25 04:00:00,2018-12-25 04:00,0.70214,0.22573,0.05,0.003,0.42341,0.30142,0.30142,0.0,-0.0
2018-12-25 05:00:00,2018-12-25 05:00,0.70616,0.22041,0.05,0.003,0.43275,0.29431,0.29431,0.0,0.0
2018-12-25 06:00:00,2018-12-25 06:00,1.17427,0.21993,0.05,0.42671,0.47763,0.29367,0.29367,0.0,-0.0
2018-12-25 07:00:00,2018-12-25 07:00,1.32968,0.21973,0.05,0.42908,0.63087,0.3234,0.29341,0.0,0.02999
2018-12-25 08:00:00,2018-12-25 08:00,1.32972,0.21217,0.05,0.42356,0.64399,0.28331,0.28331,0.0,0.0
2018-12-25 09:00:00,2018-12-25 09:00,1.30716,0.20923,0.05,0.41857,0.62936,0.27938,0.27938,0.0,-0.0
2018-12-25 10:00:00,2018-12-25 10:00,1.12282,0.20214,0.05,0.33693,0.53375,0.26992,0.26992,0.0,-0.0
2018-12-25 11:00:00,2018-12-25 11:00,0.69542,0.20006,0.05,0.003,0.44236,0.26716,0.26716,0.0,0.0
2018-12-25 12:00:00,2018-12-25 12:00,0.71768,0.19369,0.05,0.003,0.47099,0.25862,0.25862,0.0,0.0
2018-12-25 13:00:00,2018-12-25 13:00,0.68634,0.19275,0.05,0.003,0.44059,0.25739,0.25739,0.0,-0.0
2018-12-25 14:00:00,2018-12-25 14:00,0.68646,0.19276,0.05,0.003,0.4407,0.2574,0.2574,0.0,0.0
2018-12-25 15:00:00,2018-12-25 15:00,0.69857,0.19202,0.05,0.003,0.45355,0.25642,0.25642,0.0,0.0
2018-12-25 16:00:00,2018-12-25 16:00,1.23033,0.18971,0.05,0.43104,0.55958,0.25332,0.25332,0.0,0.0
2018-12-25 17:00:00,2018-12-25 17:00,1.2797,0.19264,0.05,0.43658,0.60048,0.25724,0.25724,0.0,-0.0
2018-12-25 18:00:00,2018-12-25 18:00,1.12784,0.16736,0.05,0.01052,0.89996,0.28532,0.22349,0.0,0.06183
2018-12-25 19:00:00,2018-12-25 19:00,1.42495,0.18439,0.05,0.003,1.18756,0.25746,0.24622,0.0,0.01124
2018-12-25 20:00:00,2018-12-25 20:00,1.25856,0.17149,0.05,0.003,1.03407,0.24775,0.22901,0.0,0.01875
2018-12-25 21:00:00,2018-12-25 21:00,1.77748,0.1755,0.05,0.3117,1.24028,0.23435,0.23435,0.0,0.0
2018-12-25 22:00:00,2018-12-25 22:00,1.55805,0.17797,0.05,0.38601,0.94407,0.23766,0.23766,0.0,-0.0
2018-12-25 23:00:00,2018-12-25 23:00,0.94953,0.18394,0.05,0.003,0.71259,0.24562,0.24562,0.0,-0.0
2018-12-26 00:00:00,2018-12-26 00:00,0.74853,0.19247,0.05,0.003,0.50306,0.25701,0.25701,0.0,0.0
2018-12-26 01:00:00,2018-12-26 01:00,0.69755,0.19637,0.05,0.003,0.44818,0.26223,0.26223,0.0,0.0
2018-12-26 02:00:00,2018-12-26 02:00,0.68194,0.19882,0.05,0.003,0.43012,0.26551,0.26551,0.0,0.0
2018-12-26 03:00:00,2018-12-26 03:00,0.68469,0.20276,0.05,0.003,0.42893,0.27076,0.27076,0.0,-0.0
2018-12-26 04:00:00,2018-12-26 04:00,0.79285,0.20977,0.05,0.10822,0.42486,0.28011,0.28011,0.0,0.0
2018-12-26 05:00:00,2018-12-26 05:00,1.13045,0.21419,0.05,0.43791,0.42835,0.28601,0.28601,0.0,-0.0
2018-12-26 06:00:00,2018-12-26 06:00,0.89227,0.21385,0.05,0.18205,0.44637,0.28556,0.28556,0.0,0.0
2018-12-26 07:00:00,2018-12-26 07:00,0.76386,0.23392,0.05,0.003,0.47694,0.31236,0.31236,0.0,0.0
2018-12-26 08:00:00,2018-12-26 08:00,1.02336,0.218,0.05,0.20669,0.54867,0.29109,0.29109,0.0,0.0
2018-12-26 09:00:00,2018-12-26 09:00,1.16567,0.2199,0.05,0.41835,0.47742,0.29362,0.29362,0.0,0.0
2018-12-26 10:00:00,2018-12-26 10:00,0.92456,0.21691,0.05,0.219,0.43865,0.28965,0.28965,0.0,0.0
2018-12-26 11:00:00,2018-12-26 11:00,0.69627,0.21009,0.05,0.003,0.43318,0.28054,0.28054,0.0,0.0
2018-12-26 12:00:00,2018-12-26 12:00,0.69327,0.20599,0.05,0.003,0.43428,0.27506,0.27506,0.0,-0.0
2018-12-26 13:00:00,2018-12-26 13:00,0.69474,0.20117,0.05,0.003,0.44057,0.26862,0.26862,0.0,0.0
2018-12-26 14:00:00,2018-12-26 14:00,0.6905,0.1968,0.05,0.003,0.4407,0.26279,0.26279,0.0,0.0
2018-12-26 15:00:00,2018-12-26 15:00,0.69039,0.19529,0.05,0.003,0.4421,0.26077,0.26077,0.0,0.0
2018-12-26 16:00:00,2018-12-26 16:00,0.68998,0.19504,0.05,0.003,0.44194,0.26044,0.26044,0.0,0.0
2018-12-26 17:00:00,2018-12-26 17:00,0.76757,0.19092,0.05,0.003,0.52365,0.25494,0.25494,0.0,-0.0
2018-12-26 18:00:00,2018-12-26 18:00,1.25696,0.167,0.05,0.32334,0.71662,0.29044,0.22299,0.0,0.06745
2018-12-26 19:00:00,2018-12-26 19:00,1.77219,0.141,0.05,0.4357,1.14549,0.3007,0.18828,0.0,0.11242
2018-12-26 20:00:00,2018-12-26 20:00,1.61289,0.15636,0.05,0.20057,1.20596,0.21815,0.20879,0.0,0.00936
2018-12-26 21:00:00,2018-12-26 21:00,1.80249,0.16641,0.05,0.43448,1.1516,0.23346,0.22222,0.0,0.01124
2018-12-26 22:00:00,2018-12-26 22:00,1.45245,0.14612,0.05,0.0434,1.21293,0.27754,0.19511,0.0,0.08243
2018-12-26 23:00:00,2018-12-26 23:00,0.95409,0.18196,0.05,0.003,0.71913,0.24298,0.24298,0.0,0.0
2018-12-27 00:00:00,2018-12-27 00:00,0.78862,0.18889,0.05,0.003,0.54673,0.25223,0.25223,0.0,0.0
2018-12-27 01:00:00,2018-12-27 01:00,0.69691,0.19572,0.05,0.003,0.44819,0.26134,0.26134,0.0,0.0
2018-12-27 02:00:00,2018-12-27 02:00,0.67193,0.18881,0.05,0.003,0.43012,0.25213,0.25213,0.0,0.0
2018-12-27 03:00:00,2018-12-27 03:00,0.66335,0.18142,0.05,0.003,0.42893,0.24226,0.24226,0.0,0.0
2018-12-27 04:00:00,2018-12-27 04:00,1.01117,0.18015,0.05,0.35762,0.4234,0.24056,0.24056,0.0,-0.0
2018-12-27 05:00:00,2018-12-27 05:00,0.65073,0.17539,0.05,0.003,0.42234,0.2342,0.2342,0.0,-0.0
2018-12-27 06:00:00,2018-12-27 06:00,0.68395,0.17292,0.05,0.003,0.45803,0.23092,0.23092,0.0,0.0
2018-12-27 07:00:00,2018-12-27 07:00,1.26564,0.18001,0.05,0.41828,0.61735,0.24036,0.24036,0.0,-0.0
2018-12-27 08:00:00,2018-12-27 08:00,1.31165,0.16912,0.05,0.41744,0.67509,0.22582,0.22582,0.0,-0.0
2018-12-27 09:00:00,2018-12-27 09:00,1.28697,0.16136,0.05,0.42458,0.65103,0.21546,0.21546,0.0,-0.0
2018-12-27 10:00:00,2018-12-27 10:00,1.25425,0.15612,0.05,0.43699,0.61114,0.20848,0.20848,0.0,0.0
2018-12-27 11:00:00,2018-12-27 11:00,0.80569,0.15725,0.05,0.07332,0.52512,0.20999,0.20999,0.0,0.0
2018-12-27 12:00:00,2018-12-27 12:00,0.68461,0.16047,0.05,0.003,0.47114,0.21428,0.21428,0.0,0.0
2018-12-27 13:00:00,2018-12-27 13:00,0.92218,0.15972,0.05,0.21605,0.49641,0.21328,0.21328,0.0,0.0
2018-12-27 14:00:00,2018-12-27 14:00,1.03761,0.15748,0.05,0.35116,0.47897,0.21028,0.21028,0.0,0.0
2018-12-27 15:00:00,2018-12-27 15:00,0.6868,0.15562,0.05,0.003,0.47818,0.2078,0.2078,0.0,-0.0
2018-12-27 16:00:00,2018-12-27 16:00,0.72111,0.15177,0.05,0.003,0.51634,0.20268,0.20268,0.0,0.0
2018-12-27 17:00:00,2018-12-27 17:00,0.87227,0.15474,0.05,0.10681,0.56072,0.20663,0.20663,0.0,-0.0
2018-12-27 18:00:00,2018-12-27 18:00,1.47739,0.14858,0.05,0.4351,0.84371,0.1984,0.19839,0.0,0.0
2018-12-27 19:00:00,2018-12-27 19:00,1.70586,0.13393,0.05,0.29264,1.22929,0.24068,0.17885,0.0,0.06183
2018-12-27 20:00:00,2018-12-27 20:00,1.62791,0.13678,0.05,0.003,1.43813,0.18264,0.18264,0.0,0.0
2018-12-27 21:00:00,2018-12-27 21:00,1.58912,0.13907,0.05,0.003,1.39705,0.18572,0.18572,0.0,-0.0
2018-12-27 22:00:00,2018-12-27 22:00,1.14764,0.15057,0.05,0.003,0.94407,0.20106,0.20106,0.0,0.0
2018-12-27 23:00:00,2018-12-27 23:00,0.93334,0.16128,0.05,0.10907,0.61299,0.21537,0.21537,0.0,0.0
2018-12-28 00:00:00,2018-12-28 00:00,1.22742,0.16996,0.05,0.4438,0.56366,0.22696,0.22696,0.0,0.0
2018-12-28 01:00:00,2018-12-28 01:00,0.76743,0.17832,0.05,0.07294,0.46617,0.23811,0.23811,0.0,0.0
2018-12-28 02:00:00,2018-12-28 02:00,0.68984,0.18754,0.05,0.003,0.4493,0.25042,0.25042,0.0,0.0
2018-12-28 03:00:00,2018-12-28 03:00,0.70083,0.20507,0.05,0.003,0.44276,0.27384,0.27384,0.0,-0.0
2018-12-28 04:00:00,2018-12-28 04:00,1.06789,0.21219,0.05,0.37047,0.43523,0.28335,0.28335,0.0,-0.0
2018-12-28 05:00:00,2018-12-28 05:00,0.69229,0.21694,0.05,0.003,0.42235,0.2897,0.2897,0.0,0.0
2018-12-28 06:00:00,2018-12-28 06:00,0.73402,0.22883,0.05,0.003,0.45219,0.30557,0.30557,0.0,0.0
2018-12-28 07:00:00,2018-12-28 07:00,1.20807,0.25041,0.05,0.31993,0.58773,0.36437,0.33438,0.0,0.02999
2018-12-28 08:00:00,2018-12-28 08:00,1.11604,0.25235,0.05,0.21725,0.59644,0.33696,0.33696,0.0,0.0
2018-12-28 09:00:00,2018-12-28 09:00,1.17999,0.24855,0.05,0.31732,0.56412,0.33188,0.33188,0.0,0.0
2018-12-28 10:00:00,2018-12-28 10:00,1.26446,0.24821,0.05,0.43683,0.52942,0.33145,0.33145,0.0,0.0
2018-12-28 11:00:00,2018-12-28 11:00,0.97205,0.25068,0.05,0.14625,0.52512,0.33474,0.33474,0.0,-0.0
2018-12-28 12:00:00,2018-12-28 12:00,0.80903,0.23874,0.05,0.003,0.51729,0.31879,0.31879,0.0,0.0
2018-12-28 13:00:00,2018-12-28 13:00,0.7508,0.25722,0.05,0.003,0.44058,0.34347,0.34347,0.0,0.0
2018-12-28 14:00:00,2018-12-28 14:00,0.76157,0.26787,0.05,0.003,0.4407,0.35768,0.35768,0.0,-0.0
2018-12-28 15:00:00,2018-12-28 15:00,0.76764,0.27254,0.05,0.003,0.4421,0.36394,0.36394,0.0,0.0
2018-12-28 16:00:00,2018-12-28 16:00,0.99688,0.25477,0.05,0.10637,0.58574,0.3402,0.3402,0.0,0.0
2018-12-28 17:00:00,2018-12-28 17:00,1.48912,0.24343,0.05,0.40812,0.78757,0.32505,0.32505,0.0,-0.0
2018-12-28 18:00:00,2018-12-28 18:00,1.71747,0.24795,0.05,0.41441,1.00511,0.33108,0.33108,0.0,-0.0
2018-12-28 19:00:00,2018-12-28 19:00,1.92381,0.2686,0.05,0.4289,1.17631,0.35867,0.35867,0.0,-0.0
2018-12-28 20:00:00,2018-12-28 20:00,1.74081,0.24123,0.05,0.16712,1.28246,0.38396,0.32213,0.0,0.06183
2018-12-28 21:00:00,2018-12-28 21:00,1.72253,0.25184,0.05,0.003,1.41769,0.33631,0.33631,0.0,0.0
2018-12-28 22:00:00,2018-12-28 22:00,1.59953,0.25232,0.05,0.32209,0.97512,0.33692,0.33692,0.0,-0.0
2018-12-28 23:00:00,2018-12-28 23:00,1.15649,0.26068,0.05,0.20406,0.64175,0.3481,0.3481,0.0,-0.0
2018-12-29 00:00:00,2018-12-29 00:00,0.78822,0.2687,0.05,0.003,0.46652,0.35879,0.35879,0.0,0.0
2018-12-29 01:00:00,2018-12-29 01:00,0.76223,0.27255,0.05,0.003,0.43668,0.36393,0.36393,0.0,-0.0
2018-12-29 02:00:00,2018-12-29 02:00,0.75942,0.27505,0.05,0.003,0.43137,0.36729,0.36729,0.0,0.0
2018-12-29 03:00:00,2018-12-29 03:00,0.76378,0.28062,0.05,0.003,0.43016,0.3747,0.3747,0.0,-0.0
2018-12-29 04:00:00,2018-12-29 04:00,0.75957,0.2819,0.05,0.003,0.42467,0.37644,0.37644,0.0,0.0
2018-12-29 05:00:00,2018-12-29 05:00,0.75628,0.28238,0.05,0.003,0.4209,0.37708,0.37708,0.0,0.0
2018-12-29 06:00:00,2018-12-29 06:00,0.76248,0.28676,0.05,0.003,0.42272,0.38292,0.38292,0.0,-0.0
2018-12-29 07:00:00,2018-12-29 07:00,0.82698,0.31134,0.05,0.003,0.46264,0.41574,0.41574,0.0,0.0
2018-12-29 08:00:00,2018-12-29 08:00,0.89266,0.28358,0.05,0.003,0.55608,0.44612,0.37867,0.0,0.06745
2018-12-29 09:00:00,2018-12-29 09:00,1.04947,0.28284,0.05,0.10908,0.60755,0.43578,0.37769,0.0,0.05808
2018-12-29 10:00:00,2018-12-29 10:00,1.4028,0.30221,0.05,0.42846,0.62213,0.40355,0.40355,0.0,0.0
2018-12-29 11:00:00,2018-12-29 11:00,1.36026,0.29994,0.05,0.35823,0.65209,0.40051,0.40051,0.0,-0.0
2018-12-29 12:00:00,2018-12-29 12:00,1.01234,0.30163,0.05,0.003,0.65771,0.40278,0.40278,0.0,-0.0
2018-12-29 13:00:00,2018-12-29 13:00,1.01882,0.28475,0.05,0.003,0.68107,0.38024,0.38024,0.0,-0.0
2018-12-29 14:00:00,2018-12-29 14:00,1.32936,0.26306,0.05,0.20838,0.80792,0.35127,0.35127,0.0,-0.0
2018-12-29 15:00:00,2018-12-29 15:00,1.5867,0.24879,0.05,0.43218,0.85573,0.3322,0.3322,0.0,0.0
2018-12-29 16:00:00,2018-12-29 16:00,1.75646,0.24086,0.05,0.40517,1.06043,0.33287,0.32163,0.0,0.01124
2018-12-29 17:00:00,2018-12-29 17:00,1.47543,0.22855,0.05,0.003,1.19388,0.35578,0.30519,0.0,0.05059
2018-12-29 18:00:00,2018-12-29 18:00,1.4249,0.2547,0.05,0.003,1.1172,0.3401,0.3401,0.0,0.0
2018-12-29 19:00:00,2018-12-29 19:00,1.78389,0.27239,0.05,0.003,1.4585,0.36372,0.36372,0.0,-0.0
2018-12-29 20:00:00,2018-12-29 20:00,2.21722,0.25538,0.05,0.42261,1.48923,0.34103,0.34103,0.0,0.0
2018-12-29 21:00:00,2018-12-29 21:00,1.78391,0.26475,0.05,0.03777,1.43139,0.35352,0.35352,0.0,0.0
2018-12-29 22:00:00,2018-12-29 22:00,1.39031,0.27391,0.05,0.003,1.0634,0.36577,0.36577,0.0,-0.0
2018-12-29 23:00:00,2018-12-29 23:00,0.96901,0.27167,0.05,0.003,0.64434,0.36277,0.36277,0.0,0.0
2018-12-30 00:00:00,2018-12-30 00:00,0.76671,0.27273,0.05,0.003,0.44098,0.3642,0.3642,0.0,0.0
2018-12-30 01:00:00,2018-12-30 01:00,0.76471,0.27501,0.05,0.003,0.4367,0.36723,0.36723,0.0,0.0
2018-12-30 02:00:00,2018-12-30 02:00,0.76172,0.27736,0.05,0.003,0.43136,0.37034,0.37034,0.0,0.0
2018-12-30 03:00:00,2018-12-30 03:00,0.75336,0.27019,0.05,0.003,0.43017,0.36079,0.36079,0.0,-0.0
2018-12-30 04:00:00,2018-12-30 04:00,0.74052,0.26286,0.05,0.003,0.42466,0.351,0.351,0.0,0.0
2018-12-30 05:00:00,2018-12-30 05:00,0.7308,0.2569,0.05,0.003,0.4209,0.34305,0.34305,0.0,0.0
2018-12-30 06:00:00,2018-12-30 06:00,0.72978,0.25407,0.05,0.003,0.42271,0.33926,0.33926,0.0,0.0
2018-12-30 07:00:00,2018-12-30 07:00,0.81347,0.26229,0.05,0.003,0.49818,0.35025,0.35025,0.0,0.0
2018-12-30 08:00:00,2018-12-30 08:00,1.2571,0.24068,0.05,0.31942,0.647,0.32139,0.32139,0.0,-0.0
2018-12-30 09:00:00,2018-12-30 09:00,1.54763,0.22793,0.05,0.4341,0.8356,0.3156,0.30436,0.0,0.01124
2018-12-30 10:00:00,2018-12-30 10:00,1.17807,0.20611,0.05,0.07794,0.84402,0.32582,0.27523,0.0,0.05059
2018-12-30 11:00:00,2018-12-30 11:00,1.21973,0.20961,0.05,0.20991,0.75021,0.27987,0.27987,0.0,0.0
2018-12-30 12:00:00,2018-12-30 12:00,1.32601,0.19645,0.05,0.42185,0.65771,0.26231,0.26231,0.0,-0.0
2018-12-30 13:00:00,2018-12-30 13:00,1.32773,0.18498,0.05,0.42868,0.66407,0.25827,0.24702,0.0,0.01124
2018-12-30 14:00:00,2018-12-30 14:00,1.46388,0.16414,0.05,0.42308,0.82666,0.23792,0.21917,0.0,0.01875
2018-12-30 15:00:00,2018-12-30 15:00,1.574,0.16942,0.05,0.4337,0.92088,0.22622,0.22622,0.0,0.0
2018-12-30 16:00:00,2018-12-30 16:00,1.2702,0.16801,0.05,0.003,1.04919,0.22435,0.22435,0.0,0.0
2018-12-30 17:00:00,2018-12-30 17:00,1.48284,0.16338,0.05,0.10566,1.1638,0.21817,0.21817,0.0,-0.0
2018-12-30 18:00:00,2018-12-30 18:00,1.9503,0.15958,0.05,0.42682,1.3139,0.22434,0.2131,0.0,0.01124
2018-12-30 19:00:00,2018-12-30 19:00,1.71988,0.16523,0.05,0.02739,1.47726,0.23938,0.22064,0.0,0.01875
2018-12-30 20:00:00,2018-12-30 20:00,1.6727,0.15535,0.05,0.003,1.46435,0.20743,0.20743,0.0,0.0
2018-12-30 21:00:00,2018-12-30 21:00,1.46092,0.13956,0.05,0.003,1.26836,0.24818,0.18635,0.0,0.06183
2018-12-30 22:00:00,2018-12-30 22:00,1.28677,0.15578,0.05,0.003,1.07799,0.20803,0.20803,0.0,-0.0
2018-12-30 23:00:00,2018-12-30 23:00,1.00543,0.16063,0.05,0.003,0.7918,0.21448,0.21448,0.0,0.0
2018-12-31 00:00:00,2018-12-31 00:00,0.75376,0.16711,0.05,0.003,0.53365,0.22316,0.22316,0.0,0.0
2018-12-31 01:00:00,2018-12-31 01:00,0.6623,0.17386,0.05,0.003,0.43544,0.23215,0.23215,0.0,0.0
2018-12-31 02:00:00,2018-12-31 02:00,0.66115,0.17804,0.05,0.003,0.43011,0.23773,0.23773,0.0,-0.0
2018-12-31 03:00:00,2018-12-31 03:00,0.66007,0.17815,0.05,0.003,0.42892,0.23788,0.23788,0.0,0.0
2018-12-31 04:00:00,2018-12-31 04:00,0.76332,0.17888,0.05,0.10957,0.42487,0.23887,0.23887,0.0,0.0
2018-12-31 05:00:00,2018-12-31 05:00,1.05032,0.18202,0.05,0.38221,0.43609,0.24306,0.24306,0.0,-0.0
2018-12-31 06:00:00,2018-12-31 06:00,0.89061,0.18383,0.05,0.21167,0.44511,0.24548,0.24548,0.0,-0.0
2018-12-31 07:00:00,2018-12-31 07:00,1.07583,0.19746,0.05,0.32176,0.50661,0.26368,0.26368,0.0,0.0
2018-12-31 08:00:00,2018-12-31 08:00,0.86031,0.1872,0.05,0.10563,0.51748,0.24997,0.24997,0.0,-0.0
2018-12-31 09:00:00,2018-12-31 09:00,1.23947,0.18971,0.05,0.41795,0.58181,0.25333,0.25333,0.0,0.0
2018-12-31 10:00:00,2018-12-31 10:00,1.31717,0.1726,0.05,0.42161,0.67296,0.29231,0.23048,0.0,0.06183
2018-12-31 11:00:00,2018-12-31 11:00,1.20337,0.20313,0.05,0.42511,0.52513,0.27124,0.27124,0.0,-0.0
2018-12-31 12:00:00,2018-12-31 12:00,0.93843,0.21006,0.05,0.20724,0.47113,0.2805,0.2805,0.0,0.0
2018-12-31 13:00:00,2018-12-31 13:00,0.71766,0.22407,0.05,0.003,0.44059,0.29921,0.29921,0.0,0.0
2018-12-31 14:00:00,2018-12-31 14:00,0.72937,0.23567,0.05,0.003,0.4407,0.31469,0.31469,0.0,0.0
2018-12-31 15:00:00,2018-12-31 15:00,0.73142,0.23633,0.05,0.003,0.44209,0.31557,0.31557,0.0,0.0
2018-12-31 16:00:00,2018-12-31 16:00,0.73718,0.24223,0.05,0.003,0.44195,0.32347,0.32347,0.0,0.0
2018-12-31 17:00:00,2018-12-31 17:00,0.7551,0.25146,0.05,0.003,0.45064,0.33577,0.33577,0.0,-0.0
2018-12-31 18:00:00,2018-12-31 18:00,0.83947,0.25217,0.05,0.003,0.5343,0.33673,0.33673,0.0,0.0
2018-12-31 19:00:00,2018-12-31 19:00,1.53158,0.26254,0.05,0.10892,1.11012,0.35058,0.35058,0.0,0.0
2018-12-31 20:00:00,2018-12-31 20:00,2.13513,0.24463,0.05,0.43865,1.40185,0.32665,0.32665,0.0,-0.0
2018-12-31 21:00:00,2018-12-31 21:00,1.96563,0.25361,0.05,0.42697,1.23505,0.33866,0.33866,0.0,0.0
2018-12-31 22:00:00,2018-12-31 22:00,1.30304,0.26982,0.05,0.30794,0.67528,0.36031,0.36031,0.0,0.0
2018-12-31 23:00:00,2018-12-31 23:00,0.97369,0.27894,0.05,0.003,0.64175,0.37248,0.37248,0.0,-0.0
