timestamp_standard,timestamp_local,elec_total_kwh,elec_heating_kwh,elec_cooling_kwh,elec_hot_water_kwh,elec_other_kwh,gas_total_therms,gas_heating_therms,gas_hot_water_therms,gas_other_therms
2018-01-01 00:00:00,2018-01-01 00:00,0.67262,0.2032,0.0,0.003,0.46642,0.34862,0.34862,0.0,-0.0
2018-01-01 01:00:00,2018-01-01 01:00,0.6416,0.2032,0.0,0.003,0.4354,0.44079,0.44079,0.0,0.0
2018-01-01 02:00:00,2018-01-01 02:00,0.63628,0.2032,0.0,0.003,0.43008,0.46383,0.46383,0.0,0.0
2018-01-01 03:00:00,2018-01-01 03:00,0.63508,0.2032,0.0,0.003,0.42888,0.48325,0.48325,0.0,-0.0
2018-01-01 04:00:00,2018-01-01 04:00,0.6296,0.2032,0.0,0.003,0.4234,0.49708,0.49708,0.0,0.0
2018-01-01 05:00:00,2018-01-01 05:00,0.62852,0.2032,0.0,0.003,0.42232,0.50706,0.50706,0.0,-0.0
2018-01-01 06:00:00,2018-01-01 06:00,0.65268,0.2032,0.0,0.003,0.44648,0.51515,0.51515,0.0,0.0
2018-01-01 07:00:00,2018-01-01 07:00,0.78196,0.2032,0.0,0.10963,0.46913,0.55175,0.55175,0.0,0.0
2018-01-01 08:00:00,2018-01-01 08:00,1.15141,0.2032,0.0,0.38248,0.56573,0.52584,0.52584,0.0,-0.0
2018-01-01 09:00:00,2018-01-01 09:00,0.82425,0.2032,0.0,0.003,0.61805,0.51329,0.51329,0.0,0.0
2018-01-01 10:00:00,2018-01-01 10:00,1.52698,0.2032,0.0,0.41811,0.90567,0.49294,0.49294,0.0,-0.0
2018-01-01 11:00:00,2018-01-01 11:00,2.66056,0.2032,0.0,0.42438,2.03298,0.48154,0.48154,0.0,0.0
2018-01-01 12:00:00,2018-01-01 12:00,0.78245,0.2032,0.0,0.05144,0.52781,0.42494,0.42494,0.0,0.0
2018-01-01 13:00:00,2018-01-01 13:00,0.74051,0.2032,0.0,0.003,0.53431,0.41106,0.41106,0.0,-0.0
2018-01-01 14:00:00,2018-01-01 14:00,0.74377,0.2032,0.0,0.003,0.53757,0.39395,0.39395,0.0,-0.0
2018-01-01 15:00:00,2018-01-01 15:00,0.84854,0.2032,0.0,0.10285,0.54249,0.37215,0.37215,0.0,-0.0
2018-01-01 16:00:00,2018-01-01 16:00,1.15235,0.2032,0.0,0.4069,0.54225,0.3729,0.3729,0.0,0.0
2018-01-01 17:00:00,2018-01-01 17:00,1.33155,0.2032,0.0,0.42202,0.70633,0.39661,0.38537,0.0,0.01124
2018-01-01 18:00:00,2018-01-01 18:00,1.93719,0.2032,0.0,0.20334,1.53065,0.44159,0.36663,0.0,0.07496
2018-01-01 19:00:00,2018-01-01 19:00,4.10348,0.2032,0.0,0.40862,3.49166,0.49496,0.49496,0.0,0.0
2018-01-01 20:00:00,2018-01-01 20:00,2.11386,0.2032,0.0,0.003,1.90766,0.42085,0.42085,0.0,0.0
2018-01-01 21:00:00,2018-01-01 21:00,1.32709,0.2032,0.0,0.003,1.12089,0.46976,0.41167,0.0,0.05809
2018-01-01 22:00:00,2018-01-01 22:00,1.14949,0.2032,0.0,0.003,0.94329,0.49383,0.42637,0.0,0.06745
2018-01-01 23:00:00,2018-01-01 23:00,0.99064,0.2032,0.0,0.003,0.78444,0.47134,0.4526,0.0,0.01875
2018-01-02 00:00:00,2018-01-02 00:00,0.77302,0.2032,0.0,0.003,0.56682,0.47671,0.47671,0.0,-0.0
2018-01-02 01:00:00,2018-01-02 01:00,1.09552,0.2032,0.0,0.41927,0.47305,0.49143,0.49143,0.0,0.0
2018-01-02 02:00:00,2018-01-02 02:00,1.09054,0.2032,0.0,0.41982,0.46752,0.49346,0.49346,0.0,-0.0
2018-01-02 03:00:00,2018-01-02 03:00,0.92583,0.2032,0.0,0.28126,0.44137,0.51116,0.51116,0.0,-0.0
2018-01-02 04:00:00,2018-01-02 04:00,0.63104,0.2032,0.0,0.003,0.42484,0.52532,0.52532,0.0,0.0
2018-01-02 05:00:00,2018-01-02 05:00,0.9494,0.2032,0.0,0.31013,0.43607,0.52742,0.52742,0.0,-0.0
2018-01-02 06:00:00,2018-01-02 06:00,0.94654,0.2032,0.0,0.29813,0.44521,0.53454,0.53454,0.0,-0.0
2018-01-02 07:00:00,2018-01-02 07:00,0.73885,0.2032,0.0,0.003,0.53265,0.56448,0.55324,0.0,0.01124
2018-01-02 08:00:00,2018-01-02 08:00,1.12314,0.2032,0.0,0.30736,0.61258,0.55203,0.50518,0.0,0.04685
2018-01-02 09:00:00,2018-01-02 09:00,1.09227,0.2032,0.0,0.30213,0.58694,0.50645,0.50645,0.0,-0.0
2018-01-02 10:00:00,2018-01-02 10:00,1.04159,0.2032,0.0,0.30816,0.53023,0.4788,0.4788,0.0,-0.0
2018-01-02 11:00:00,2018-01-02 11:00,0.97454,0.2032,0.0,0.25479,0.51655,0.45184,0.45184,0.0,-0.0
2018-01-02 12:00:00,2018-01-02 12:00,0.64044,0.2032,0.0,0.003,0.43424,0.41974,0.41974,0.0,-0.0
2018-01-02 13:00:00,2018-01-02 13:00,0.75952,0.2032,0.0,0.003,0.55332,0.41329,0.41329,0.0,0.0
2018-01-02 14:00:00,2018-01-02 14:00,0.84087,0.2032,0.0,0.003,0.63467,0.40408,0.40408,0.0,-0.0
2018-01-02 15:00:00,2018-01-02 15:00,0.81303,0.2032,0.0,0.003,0.60683,0.3817,0.3817,0.0,-0.0
2018-01-02 16:00:00,2018-01-02 16:00,1.16913,0.2032,0.0,0.3117,0.65423,0.37241,0.37241,0.0,0.0
2018-01-02 17:00:00,2018-01-02 17:00,1.36074,0.2032,0.0,0.4206,0.73694,0.36474,0.36474,0.0,-0.0
2018-01-02 18:00:00,2018-01-02 18:00,1.32826,0.2032,0.0,0.09757,1.02749,0.34213,0.34214,0.0,-0.0
2018-01-02 19:00:00,2018-01-02 19:00,1.57963,0.2032,0.0,0.003,1.37343,0.38994,0.32249,0.0,0.06745
2018-01-02 20:00:00,2018-01-02 20:00,2.13081,0.2032,0.0,0.41983,1.50778,0.32351,0.30477,0.0,0.01875
2018-01-02 21:00:00,2018-01-02 21:00,2.26767,0.2032,0.0,0.12232,1.94215,0.31295,0.31295,0.0,0.0
2018-01-02 22:00:00,2018-01-02 22:00,3.5678,0.2032,0.0,0.003,3.3616,0.372,0.33265,0.0,0.03935
2018-01-02 23:00:00,2018-01-02 23:00,1.5741,0.2032,0.0,0.003,1.3679,0.37676,0.3299,0.0,0.04685
2018-01-03 00:00:00,2018-01-03 00:00,0.70596,0.2032,0.0,0.003,0.49976,0.39282,0.39282,0.0,0.0
2018-01-03 01:00:00,2018-01-03 01:00,0.6416,0.2032,0.0,0.003,0.4354,0.39577,0.39577,0.0,0.0
2018-01-03 02:00:00,2018-01-03 02:00,0.63628,0.2032,0.0,0.003,0.43008,0.40105,0.40105,0.0,0.0
2018-01-03 03:00:00,2018-01-03 03:00,0.63508,0.2032,0.0,0.003,0.42888,0.406,0.406,0.0,0.0
2018-01-03 04:00:00,2018-01-03 04:00,0.73331,0.2032,0.0,0.10671,0.4234,0.40574,0.40574,0.0,0.0
2018-01-03 05:00:00,2018-01-03 05:00,1.01222,0.2032,0.0,0.3791,0.42992,0.42447,0.42447,0.0,0.0
2018-01-03 06:00:00,2018-01-03 06:00,0.65024,0.2032,0.0,0.003,0.44404,0.44228,0.44228,0.0,0.0
2018-01-03 07:00:00,2018-01-03 07:00,1.25615,0.2032,0.0,0.4122,0.64075,0.44928,0.44928,0.0,0.0
2018-01-03 08:00:00,2018-01-03 08:00,1.29688,0.2032,0.0,0.42271,0.67097,0.42675,0.42675,0.0,0.0
2018-01-03 09:00:00,2018-01-03 09:00,1.16004,0.2032,0.0,0.42645,0.53039,0.42961,0.42961,0.0,0.0
2018-01-03 10:00:00,2018-01-03 10:00,0.97594,0.2032,0.0,0.27473,0.49801,0.42626,0.42626,0.0,-0.0
2018-01-03 11:00:00,2018-01-03 11:00,0.63936,0.2032,0.0,0.003,0.43316,0.41367,0.41367,0.0,-0.0
2018-01-03 12:00:00,2018-01-03 12:00,0.64044,0.2032,0.0,0.003,0.43424,0.39054,0.39054,0.0,0.0
2018-01-03 13:00:00,2018-01-03 13:00,0.72645,0.2032,0.0,0.003,0.52025,0.37552,0.37552,0.0,-0.0
2018-01-03 14:00:00,2018-01-03 14:00,0.69533,0.2032,0.0,0.003,0.48913,0.37277,0.37277,0.0,0.0
2018-01-03 15:00:00,2018-01-03 15:00,1.05231,0.2032,0.0,0.30662,0.54249,0.36006,0.36006,0.0,-0.0
2018-01-03 16:00:00,2018-01-03 16:00,1.37392,0.2032,0.0,0.42092,0.7498,0.41086,0.31531,0.0,0.09556
2018-01-03 17:00:00,2018-01-03 17:00,1.1052,0.2032,0.0,0.08638,0.81562,0.40507,0.32637,0.0,0.07869
2018-01-03 18:00:00,2018-01-03 18:00,1.27507,0.2032,0.0,0.10479,0.96708,0.37826,0.35015,0.0,0.0281
2018-01-03 19:00:00,2018-01-03 19:00,1.7906,0.2032,0.0,0.41528,1.17212,0.38789,0.38789,0.0,0.0
2018-01-03 20:00:00,2018-01-03 20:00,1.67433,0.2032,0.0,0.16637,1.30476,0.37772,0.37772,0.0,-0.0
2018-01-03 21:00:00,2018-01-03 21:00,1.57951,0.2032,0.0,0.003,1.37331,0.38605,0.38605,0.0,-0.0
2018-01-03 22:00:00,2018-01-03 22:00,1.28976,0.2032,0.0,0.003,1.08356,0.39913,0.39913,0.0,-0.0
2018-01-03 23:00:00,2018-01-03 23:00,1.37311,0.2032,0.0,0.30884,0.86107,0.41587,0.41587,0.0,-0.0
2018-01-04 00:00:00,2018-01-04 00:00,1.13197,0.2032,0.0,0.41574,0.51303,0.42907,0.42907,0.0,0.0
2018-01-04 01:00:00,2018-01-04 01:00,1.02712,0.2032,0.0,0.35778,0.46614,0.42817,0.42817,0.0,-0.0
2018-01-04 02:00:00,2018-01-04 02:00,0.65402,0.2032,0.0,0.003,0.44782,0.42393,0.42393,0.0,-0.0
2018-01-04 03:00:00,2018-01-04 03:00,0.63508,0.2032,0.0,0.003,0.42888,0.42669,0.42669,0.0,0.0
2018-01-04 04:00:00,2018-01-04 04:00,0.6296,0.2032,0.0,0.003,0.4234,0.43154,0.43154,0.0,0.0
2018-01-04 05:00:00,2018-01-04 05:00,0.63136,0.2032,0.0,0.003,0.42516,0.43535,0.43535,0.0,-0.0
2018-01-04 06:00:00,2018-01-04 06:00,1.0975,0.2032,0.0,0.41063,0.48367,0.43566,0.43566,0.0,0.0
2018-01-04 07:00:00,2018-01-04 07:00,2.08913,0.2032,0.0,0.42475,1.46118,0.48364,0.48364,0.0,0.0
2018-01-04 08:00:00,2018-01-04 08:00,2.15734,0.2032,0.0,0.25082,1.70332,0.48131,0.42321,0.0,0.05809
2018-01-04 09:00:00,2018-01-04 09:00,1.09762,0.2032,0.0,0.20728,0.68714,0.42915,0.42915,0.0,0.0
2018-01-04 10:00:00,2018-01-04 10:00,1.15632,0.2032,0.0,0.42289,0.53023,0.43107,0.43107,0.0,0.0
2018-01-04 11:00:00,2018-01-04 11:00,0.76756,0.2032,0.0,0.0384,0.52596,0.41995,0.41995,0.0,0.0
2018-01-04 12:00:00,2018-01-04 12:00,0.73401,0.2032,0.0,0.003,0.52781,0.40861,0.40861,0.0,-0.0
2018-01-04 13:00:00,2018-01-04 13:00,1.34878,0.2032,0.0,0.41795,0.72763,0.39228,0.39228,0.0,-0.0
2018-01-04 14:00:00,2018-01-04 14:00,1.89715,0.2032,0.0,0.06123,1.63272,0.3903,0.3903,0.0,-0.0
2018-01-04 15:00:00,2018-01-04 15:00,3.1448,0.2032,0.0,0.2066,2.735,0.40483,0.40483,0.0,-0.0
2018-01-04 16:00:00,2018-01-04 16:00,1.75008,0.2032,0.0,0.41848,1.1284,0.37996,0.37996,0.0,0.0
2018-01-04 17:00:00,2018-01-04 17:00,1.17695,0.2032,0.0,0.23681,0.73694,0.37747,0.37747,0.0,0.0
2018-01-04 18:00:00,2018-01-04 18:00,1.07902,0.2032,0.0,0.003,0.87282,0.38497,0.38497,0.0,0.0
2018-01-04 19:00:00,2018-01-04 19:00,1.74442,0.2032,0.0,0.40199,1.13923,0.41292,0.41292,0.0,-0.0
2018-01-04 20:00:00,2018-01-04 20:00,1.86729,0.2032,0.0,0.40726,1.25683,0.41573,0.37639,0.0,0.03935
2018-01-04 21:00:00,2018-01-04 21:00,1.85597,0.2032,0.0,0.4227,1.23007,0.40495,0.3862,0.0,0.01875
2018-01-04 22:00:00,2018-01-04 22:00,1.43327,0.2032,0.0,0.12605,1.10402,0.41244,0.41244,0.0,-0.0
2018-01-04 23:00:00,2018-01-04 23:00,2.63607,0.2032,0.0,0.003,2.42987,0.45398,0.45398,0.0,-0.0
2018-01-05 00:00:00,2018-01-05 00:00,1.06729,0.2032,0.0,0.39773,0.46636,0.4459,0.4459,0.0,0.0
2018-01-05 01:00:00,2018-01-05 01:00,0.6416,0.2032,0.0,0.003,0.4354,0.45976,0.45976,0.0,0.0
2018-01-05 02:00:00,2018-01-05 02:00,0.63628,0.2032,0.0,0.003,0.43008,0.47206,0.47206,0.0,0.0
2018-01-05 03:00:00,2018-01-05 03:00,0.63633,0.2032,0.0,0.003,0.43013,0.4821,0.4821,0.0,-0.0
2018-01-05 04:00:00,2018-01-05 04:00,0.63153,0.2032,0.0,0.003,0.42533,0.48613,0.48613,0.0,0.0
2018-01-05 05:00:00,2018-01-05 05:00,0.6258,0.2032,0.0,0.003,0.4196,0.49113,0.49113,0.0,0.0
2018-01-05 06:00:00,2018-01-05 06:00,0.74347,0.2032,0.0,0.10733,0.43294,0.4965,0.4965,0.0,0.0
2018-01-05 07:00:00,2018-01-05 07:00,1.16373,0.2032,0.0,0.41589,0.54464,0.52902,0.52902,0.0,0.0
2018-01-05 08:00:00,2018-01-05 08:00,1.28988,0.2032,0.0,0.41416,0.67252,0.51074,0.51074,0.0,-0.0
2018-01-05 09:00:00,2018-01-05 09:00,1.21322,0.2032,0.0,0.41913,0.59089,0.5057,0.5057,0.0,-0.0
2018-01-05 10:00:00,2018-01-05 10:00,0.84328,0.2032,0.0,0.20144,0.43864,0.48443,0.48443,0.0,0.0
2018-01-05 11:00:00,2018-01-05 11:00,0.63936,0.2032,0.0,0.003,0.43316,0.44943,0.44943,0.0,-0.0
2018-01-05 12:00:00,2018-01-05 12:00,0.64044,0.2032,0.0,0.003,0.43424,0.4177,0.4177,0.0,0.0
2018-01-05 13:00:00,2018-01-05 13:00,0.65636,0.2032,0.0,0.003,0.45016,0.39127,0.39127,0.0,-0.0
2018-01-05 14:00:00,2018-01-05 14:00,0.68547,0.2032,0.0,0.003,0.47927,0.38197,0.38197,0.0,0.0
2018-01-05 15:00:00,2018-01-05 15:00,0.64828,0.2032,0.0,0.003,0.44208,0.36745,0.36745,0.0,0.0
2018-01-05 16:00:00,2018-01-05 16:00,0.96211,0.2032,0.0,0.31699,0.44192,0.37408,0.37408,0.0,0.0
2018-01-05 17:00:00,2018-01-05 17:00,0.72832,0.2032,0.0,0.07452,0.4506,0.39441,0.39441,0.0,0.0
2018-01-05 18:00:00,2018-01-05 18:00,1.16914,0.2032,0.0,0.10256,0.86338,0.39794,0.39794,0.0,-0.0
2018-01-05 19:00:00,2018-01-05 19:00,1.99102,0.2032,0.0,0.39443,1.39339,0.4171,0.4171,0.0,-0.0
2018-01-05 20:00:00,2018-01-05 20:00,2.13796,0.2032,0.0,0.4011,1.53366,0.44273,0.37528,0.0,0.06745
2018-01-05 21:00:00,2018-01-05 21:00,2.08048,0.2032,0.0,0.40104,1.47624,0.41333,0.39458,0.0,0.01875
2018-01-05 22:00:00,2018-01-05 22:00,1.88944,0.2032,0.0,0.40935,1.27689,0.42209,0.42209,0.0,0.0
2018-01-05 23:00:00,2018-01-05 23:00,1.40529,0.2032,0.0,0.42092,0.78117,0.44284,0.44284,0.0,-0.0
2018-01-06 00:00:00,2018-01-06 00:00,0.94543,0.2032,0.0,0.23888,0.50335,0.46542,0.46542,0.0,0.0
2018-01-06 01:00:00,2018-01-06 01:00,0.67579,0.2032,0.0,0.003,0.46959,0.48444,0.48444,0.0,-0.0
2018-01-06 02:00:00,2018-01-06 02:00,0.65634,0.2032,0.0,0.003,0.45014,0.49621,0.49621,0.0,0.0
2018-01-06 03:00:00,2018-01-06 03:00,0.63632,0.2032,0.0,0.003,0.43012,0.50782,0.50782,0.0,0.0
2018-01-06 04:00:00,2018-01-06 04:00,0.63084,0.2032,0.0,0.003,0.42464,0.50965,0.50965,0.0,0.0
2018-01-06 05:00:00,2018-01-06 05:00,0.62708,0.2032,0.0,0.003,0.42088,0.51475,0.51475,0.0,0.0
2018-01-06 06:00:00,2018-01-06 06:00,0.62888,0.2032,0.0,0.003,0.42268,0.52067,0.52067,0.0,-0.0
2018-01-06 07:00:00,2018-01-06 07:00,0.6688,0.2032,0.0,0.003,0.4626,0.54925,0.54925,0.0,0.0
2018-01-06 08:00:00,2018-01-06 08:00,0.73258,0.2032,0.0,0.003,0.52638,0.5471,0.519,0.0,0.0281
2018-01-06 09:00:00,2018-01-06 09:00,1.16225,0.2032,0.0,0.32313,0.63592,0.50665,0.50665,0.0,-0.0
2018-01-06 10:00:00,2018-01-06 10:00,0.92138,0.2032,0.0,0.06818,0.65,0.4646,0.4646,0.0,0.0
2018-01-06 11:00:00,2018-01-06 11:00,1.06599,0.2032,0.0,0.10413,0.75866,0.42006,0.42006,0.0,0.0
2018-01-06 12:00:00,2018-01-06 12:00,1.48505,0.2032,0.0,0.40986,0.87199,0.38897,0.38897,0.0,-0.0
2018-01-06 13:00:00,2018-01-06 13:00,1.37221,0.2032,0.0,0.41276,0.75625,0.39047,0.36237,0.0,0.0281
2018-01-06 14:00:00,2018-01-06 14:00,1.484,0.2032,0.0,0.41922,0.86158,0.37734,0.34923,0.0,0.0281
2018-01-06 15:00:00,2018-01-06 15:00,2.71589,0.2032,0.0,0.14457,2.36812,0.35446,0.35446,0.0,0.0
2018-01-06 16:00:00,2018-01-06 16:00,3.59984,0.2032,0.0,0.2076,3.18904,0.35142,0.35142,0.0,0.0
2018-01-06 17:00:00,2018-01-06 17:00,2.34866,0.2032,0.0,0.41961,1.72585,0.34895,0.34895,0.0,-0.0
2018-01-06 18:00:00,2018-01-06 18:00,2.05589,0.2032,0.0,0.42031,1.43238,0.36001,0.36001,0.0,0.0
2018-01-06 19:00:00,2018-01-06 19:00,3.78866,0.2032,0.0,0.18955,3.39591,0.41999,0.41999,0.0,-0.0
2018-01-06 20:00:00,2018-01-06 20:00,2.83586,0.2032,0.0,0.003,2.62966,0.34936,0.34936,0.0,-0.0
2018-01-06 21:00:00,2018-01-06 21:00,1.69848,0.2032,0.0,0.003,1.49228,0.35733,0.35733,0.0,0.0
2018-01-06 22:00:00,2018-01-06 22:00,1.33872,0.2032,0.0,0.003,1.13252,0.38982,0.38982,0.0,0.0
2018-01-06 23:00:00,2018-01-06 23:00,1.2929,0.2032,0.0,0.20963,0.88007,0.37427,0.37427,0.0,0.0
2018-01-07 00:00:00,2018-01-07 00:00,1.00321,0.2032,0.0,0.28412,0.51589,0.36939,0.36939,0.0,-0.0
2018-01-07 01:00:00,2018-01-07 01:00,0.64487,0.2032,0.0,0.003,0.43867,0.36576,0.36576,0.0,0.0
2018-01-07 02:00:00,2018-01-07 02:00,0.64062,0.2032,0.0,0.003,0.43442,0.35454,0.35454,0.0,-0.0
2018-01-07 03:00:00,2018-01-07 03:00,0.63632,0.2032,0.0,0.003,0.43012,0.34731,0.34731,0.0,-0.0
2018-01-07 04:00:00,2018-01-07 04:00,0.63084,0.2032,0.0,0.003,0.42464,0.33722,0.33722,0.0,0.0
2018-01-07 05:00:00,2018-01-07 05:00,0.83383,0.2032,0.0,0.20975,0.42088,0.33315,0.33315,0.0,-0.0
2018-01-07 06:00:00,2018-01-07 06:00,0.81819,0.2032,0.0,0.19231,0.42268,0.33112,0.33112,0.0,0.0
2018-01-07 07:00:00,2018-01-07 07:00,0.6688,0.2032,0.0,0.003,0.4626,0.34319,0.34319,0.0,0.0
2018-01-07 08:00:00,2018-01-07 08:00,0.69504,0.2032,0.0,0.003,0.48884,0.33522,0.33522,0.0,-0.0
2018-01-07 09:00:00,2018-01-07 09:00,0.75657,0.2032,0.0,0.003,0.55037,0.32653,0.32653,0.0,-0.0
2018-01-07 10:00:00,2018-01-07 10:00,1.27189,0.2032,0.0,0.41869,0.65,0.30962,0.30962,0.0,0.0
2018-01-07 11:00:00,2018-01-07 11:00,0.98454,0.2032,0.0,0.003,0.77834,0.33721,0.27912,0.0,0.05809
2018-01-07 12:00:00,2018-01-07 12:00,0.97753,0.2032,0.0,0.003,0.77133,0.26304,0.26304,0.0,0.0
2018-01-07 13:00:00,2018-01-07 13:00,1.31841,0.2032,0.0,0.31747,0.79774,0.24291,0.24291,0.0,0.0
2018-01-07 14:00:00,2018-01-07 14:00,1.18381,0.2032,0.0,0.1277,0.85291,0.23327,0.22203,0.0,0.01124
2018-01-07 15:00:00,2018-01-07 15:00,1.45983,0.2032,0.0,0.20923,1.0474,0.24791,0.17295,0.0,0.07496
2018-01-07 16:00:00,2018-01-07 16:00,1.67575,0.2032,0.0,0.42518,1.04737,0.19747,0.18623,0.0,0.01124
2018-01-07 17:00:00,2018-01-07 17:00,1.53981,0.2032,0.0,0.18404,1.15257,0.20578,0.18892,0.0,0.01686
2018-01-07 18:00:00,2018-01-07 18:00,1.4784,0.2032,0.0,0.003,1.2722,0.19736,0.19736,0.0,0.0
2018-01-07 19:00:00,2018-01-07 19:00,1.5163,0.2032,0.0,0.003,1.3101,0.21289,0.21289,0.0,0.0
2018-01-07 20:00:00,2018-01-07 20:00,1.8359,0.2032,0.0,0.40281,1.22989,0.20389,0.20389,0.0,0.0
2018-01-07 21:00:00,2018-01-07 21:00,1.1866,0.2032,0.0,0.003,0.9804,0.20906,0.20906,0.0,0.0
2018-01-07 22:00:00,2018-01-07 22:00,1.0931,0.2032,0.0,0.003,0.8869,0.20636,0.20636,0.0,0.0
2018-01-07 23:00:00,2018-01-07 23:00,0.94844,0.2032,0.0,0.003,0.74224,0.20358,0.20358,0.0,0.0
2018-01-08 00:00:00,2018-01-08 00:00,0.88308,0.2032,0.0,0.10709,0.57279,0.2083,0.2083,0.0,0.0
2018-01-08 01:00:00,2018-01-08 01:00,1.08414,0.2032,0.0,0.4328,0.44814,0.22122,0.22122,0.0,0.0
2018-01-08 02:00:00,2018-01-08 02:00,0.70103,0.2032,0.0,0.06775,0.43008,0.23096,0.23096,0.0,-0.0
2018-01-08 03:00:00,2018-01-08 03:00,0.63508,0.2032,0.0,0.003,0.42888,0.23644,0.23644,0.0,0.0
2018-01-08 04:00:00,2018-01-08 04:00,0.6296,0.2032,0.0,0.003,0.4234,0.24376,0.24376,0.0,0.0
2018-01-08 05:00:00,2018-01-08 05:00,0.6258,0.2032,0.0,0.003,0.4196,0.25216,0.25216,0.0,0.0
2018-01-08 06:00:00,2018-01-08 06:00,0.87694,0.2032,0.0,0.2139,0.45984,0.25905,0.25905,0.0,0.0
2018-01-08 07:00:00,2018-01-08 07:00,1.22196,0.2032,0.0,0.42176,0.597,0.27572,0.27572,0.0,0.0
2018-01-08 08:00:00,2018-01-08 08:00,1.16608,0.2032,0.0,0.43636,0.52652,0.26047,0.26047,0.0,-0.0
2018-01-08 09:00:00,2018-01-08 09:00,1.21909,0.2032,0.0,0.42907,0.58682,0.25885,0.25885,0.0,0.0
2018-01-08 10:00:00,2018-01-08 10:00,1.14338,0.2032,0.0,0.40995,0.53023,0.24342,0.24342,0.0,0.0
2018-01-08 11:00:00,2018-01-08 11:00,1.16953,0.2032,0.0,0.41983,0.5465,0.2294,0.21816,0.0,0.01124
2018-01-08 12:00:00,2018-01-08 12:00,1.28129,0.2032,0.0,0.41932,0.65877,0.23087,0.18402,0.0,0.04685
2018-01-08 13:00:00,2018-01-08 13:00,1.39833,0.55168,0.0,0.32203,0.52462,0.14035,0.14035,0.0,0.0
2018-01-08 14:00:00,2018-01-08 14:00,2.04901,1.60538,0.0,0.003,0.44063,0.0,0.0,0.0,0.0
2018-01-08 15:00:00,2018-01-08 15:00,1.99058,1.54556,0.0,0.003,0.44202,0.0,0.0,0.0,0.0
2018-01-08 16:00:00,2018-01-08 16:00,1.94119,1.49628,0.0,0.003,0.44191,0.0,0.0,0.0,0.0
2018-01-08 17:00:00,2018-01-08 17:00,1.11183,0.53613,0.0,0.003,0.5727,0.12461,0.12461,0.0,0.0
2018-01-08 18:00:00,2018-01-08 18:00,1.27552,0.2032,0.0,0.4254,0.64692,0.17596,0.17596,0.0,0.0
2018-01-08 19:00:00,2018-01-08 19:00,1.11852,0.2032,0.0,0.15789,0.75743,0.21287,0.18476,0.0,0.0281
2018-01-08 20:00:00,2018-01-08 20:00,1.39258,0.2032,0.0,0.003,1.18638,0.17217,0.17217,0.0,-0.0
2018-01-08 21:00:00,2018-01-08 21:00,3.21166,0.2032,0.0,0.31924,2.68922,0.17227,0.17227,0.0,0.0
2018-01-08 22:00:00,2018-01-08 22:00,1.66029,0.2032,0.0,0.28759,1.1695,0.17609,0.17609,0.0,0.0
2018-01-08 23:00:00,2018-01-08 23:00,1.02405,0.2032,0.0,0.003,0.81785,0.19331,0.19331,0.0,0.0
2018-01-09 00:00:00,2018-01-09 00:00,0.70596,0.2032,0.0,0.003,0.49976,0.20578,0.20578,0.0,0.0
2018-01-09 01:00:00,2018-01-09 01:00,0.6416,0.2032,0.0,0.003,0.4354,0.21102,0.21102,0.0,-0.0
2018-01-09 02:00:00,2018-01-09 02:00,0.63628,0.2032,0.0,0.003,0.43008,0.21197,0.21197,0.0,0.0
2018-01-09 03:00:00,2018-01-09 03:00,0.63508,0.2032,0.0,0.003,0.42888,0.20994,0.20994,0.0,0.0
2018-01-09 04:00:00,2018-01-09 04:00,0.6296,0.2032,0.0,0.003,0.4234,0.20986,0.20986,0.0,0.0
2018-01-09 05:00:00,2018-01-09 05:00,0.6258,0.2032,0.0,0.003,0.4196,0.20877,0.20877,0.0,0.0
2018-01-09 06:00:00,2018-01-09 06:00,0.74573,0.2032,0.0,0.10853,0.434,0.20691,0.20691,0.0,0.0
2018-01-09 07:00:00,2018-01-09 07:00,1.1416,0.2032,0.0,0.41699,0.52141,0.22542,0.22542,0.0,0.0
2018-01-09 08:00:00,2018-01-09 08:00,2.00082,0.2032,0.0,0.43697,1.36065,0.22224,0.22224,0.0,-0.0
2018-01-09 09:00:00,2018-01-09 09:00,2.33815,0.2032,0.0,0.06146,2.07349,0.21965,0.21965,0.0,0.0
2018-01-09 10:00:00,2018-01-09 10:00,0.74768,0.2032,0.0,0.003,0.54148,0.21197,0.20072,0.0,0.01124
2018-01-09 11:00:00,2018-01-09 11:00,2.02281,1.23687,0.0,0.21315,0.57279,0.0862,0.03935,0.0,0.04685
2018-01-09 12:00:00,2018-01-09 12:00,2.5242,1.57115,0.0,0.43468,0.51837,0.0,0.0,0.0,0.0
2018-01-09 13:00:00,2018-01-09 13:00,1.71379,1.10778,0.0,0.09477,0.51124,0.0281,0.0,0.0,0.0281
2018-01-09 14:00:00,2018-01-09 14:00,1.74795,1.04202,0.0,0.10539,0.60054,0.0,0.0,0.0,0.0
2018-01-09 15:00:00,2018-01-09 15:00,2.0533,1.07988,0.0,0.43092,0.5425,0.0,0.0,0.0,0.0
2018-01-09 16:00:00,2018-01-09 16:00,1.91589,1.11103,0.0,0.17864,0.62622,0.0,0.0,0.0,0.0
2018-01-09 17:00:00,2018-01-09 17:00,1.93329,1.07826,0.0,0.10688,0.74815,0.01124,0.0,0.0,0.01124
2018-01-09 18:00:00,2018-01-09 18:00,2.33868,0.97599,0.0,0.42949,0.9332,0.10492,0.0,0.0,0.10492
2018-01-09 19:00:00,2018-01-09 19:00,2.73714,1.42803,0.0,0.1699,1.13921,0.0,0.0,0.0,0.0
2018-01-09 20:00:00,2018-01-09 20:00,2.60788,1.38742,0.0,0.003,1.21746,0.0,0.0,0.0,0.0
2018-01-09 21:00:00,2018-01-09 21:00,2.69673,1.39949,0.0,0.003,1.29424,0.0,0.0,0.0,0.0
2018-01-09 22:00:00,2018-01-09 22:00,2.83135,1.44974,0.0,0.21215,1.16946,0.0,0.0,0.0,0.0
2018-01-09 23:00:00,2018-01-09 23:00,2.77846,1.56566,0.0,0.43165,0.78115,0.0,0.0,0.0,0.0
2018-01-10 00:00:00,2018-01-10 00:00,2.06198,1.59271,0.0,0.003,0.46627,0.0,0.0,0.0,0.0
2018-01-10 01:00:00,2018-01-10 01:00,2.00727,1.56932,0.0,0.003,0.43495,0.0,0.0,0.0,0.0
2018-01-10 02:00:00,2018-01-10 02:00,0.63616,0.2032,0.0,0.003,0.42996,0.2111,0.2111,0.0,-0.0
2018-01-10 03:00:00,2018-01-10 03:00,0.63508,0.2032,0.0,0.003,0.42888,0.1949,0.1949,0.0,0.0
2018-01-10 04:00:00,2018-01-10 04:00,0.96603,0.53819,0.0,0.003,0.42484,0.14572,0.14572,0.0,0.0
2018-01-10 05:00:00,2018-01-10 05:00,2.17215,1.53284,0.0,0.21426,0.42505,0.0,0.0,0.0,0.0
2018-01-10 06:00:00,2018-01-10 06:00,2.3902,1.51179,0.0,0.439,0.43941,0.0,0.0,0.0,0.0
2018-01-10 07:00:00,2018-01-10 07:00,2.14789,1.49962,0.0,0.09193,0.55634,0.0,0.0,0.0,0.0
2018-01-10 08:00:00,2018-01-10 08:00,2.48397,1.48938,0.0,0.42724,0.56735,0.01124,0.0,0.0,0.01124
2018-01-10 09:00:00,2018-01-10 09:00,2.127,1.48662,0.0,0.13457,0.50581,0.01686,0.0,0.0,0.01686
2018-01-10 10:00:00,2018-01-10 10:00,1.92235,1.48318,0.0,0.003,0.43617,0.0,0.0,0.0,0.0
2018-01-10 11:00:00,2018-01-10 11:00,1.91449,1.48088,0.0,0.003,0.43061,0.0,0.0,0.0,0.0
2018-01-10 12:00:00,2018-01-10 12:00,1.91566,1.48099,0.0,0.003,0.43167,0.0,0.0,0.0,0.0
2018-01-10 13:00:00,2018-01-10 13:00,1.92195,1.48065,0.0,0.003,0.4383,0.0,0.0,0.0,0.0
2018-01-10 14:00:00,2018-01-10 14:00,1.92254,1.48121,0.0,0.003,0.43833,0.0,0.0,0.0,0.0
2018-01-10 15:00:00,2018-01-10 15:00,1.91937,1.47635,0.0,0.003,0.44002,0.0,0.0,0.0,0.0
2018-01-10 16:00:00,2018-01-10 16:00,1.91606,1.4732,0.0,0.003,0.43986,0.0,0.0,0.0,0.0
2018-01-10 17:00:00,2018-01-10 17:00,1.95238,1.47263,0.0,0.003,0.47675,0.01124,0.0,0.0,0.01124
2018-01-10 18:00:00,2018-01-10 18:00,2.44289,1.47382,0.0,0.21952,0.74955,0.10491,0.0,0.0,0.10491
2018-01-10 19:00:00,2018-01-10 19:00,2.63666,1.47485,0.0,0.32992,0.83189,0.0,0.0,0.0,0.0
2018-01-10 20:00:00,2018-01-10 20:00,2.51515,1.47104,0.0,0.003,1.04111,0.01124,0.0,0.0,0.01124
2018-01-10 21:00:00,2018-01-10 21:00,2.78882,1.47619,0.0,0.003,1.30963,0.01686,0.0,0.0,0.01686
2018-01-10 22:00:00,2018-01-10 22:00,3.20219,1.47371,0.0,0.43846,1.29002,0.0,0.0,0.0,0.0
2018-01-10 23:00:00,2018-01-10 23:00,2.29457,1.47681,0.0,0.00954,0.80822,0.0,0.0,0.0,0.0
2018-01-11 00:00:00,2018-01-11 00:00,2.03344,1.48548,0.0,0.003,0.54496,0.0,0.0,0.0,0.0
2018-01-11 01:00:00,2018-01-11 01:00,1.31193,0.8441,0.0,0.003,0.46483,0.15003,0.15003,0.0,-0.0
2018-01-11 02:00:00,2018-01-11 02:00,0.65546,0.2032,0.0,0.003,0.44926,0.23891,0.23891,0.0,0.0
2018-01-11 03:00:00,2018-01-11 03:00,0.64409,0.2032,0.0,0.003,0.43789,0.23033,0.23033,0.0,0.0
2018-01-11 04:00:00,2018-01-11 04:00,0.6296,0.2032,0.0,0.003,0.4234,0.26659,0.26659,0.0,-0.0
2018-01-11 05:00:00,2018-01-11 05:00,0.70358,0.2032,0.0,0.003,0.49738,0.35383,0.28638,0.0,0.06745
2018-01-11 06:00:00,2018-01-11 06:00,1.15954,0.2032,0.0,0.43527,0.52107,0.34552,0.29682,0.0,0.04871
2018-01-11 07:00:00,2018-01-11 07:00,1.31782,0.2032,0.0,0.43814,0.67648,0.37342,0.31532,0.0,0.05809
2018-01-11 08:00:00,2018-01-11 08:00,1.21213,0.2032,0.0,0.42826,0.58067,0.33015,0.33015,0.0,-0.0
2018-01-11 09:00:00,2018-01-11 09:00,1.16792,0.2032,0.0,0.43433,0.53039,0.34501,0.34501,0.0,0.0
2018-01-11 10:00:00,2018-01-11 10:00,0.73643,0.2032,0.0,0.003,0.53023,0.35911,0.35911,0.0,0.0
2018-01-11 11:00:00,2018-01-11 11:00,0.73216,0.2032,0.0,0.003,0.52596,0.36107,0.36107,0.0,-0.0
2018-01-11 12:00:00,2018-01-11 12:00,1.05964,0.2032,0.0,0.3193,0.53714,0.35919,0.35919,0.0,-0.0
2018-01-11 13:00:00,2018-01-11 13:00,1.01145,0.2032,0.0,0.29297,0.51528,0.36732,0.36732,0.0,-0.0
2018-01-11 14:00:00,2018-01-11 14:00,0.64688,0.2032,0.0,0.003,0.44068,0.37539,0.37539,0.0,0.0
2018-01-11 15:00:00,2018-01-11 15:00,0.64828,0.2032,0.0,0.003,0.44208,0.37885,0.37885,0.0,0.0
2018-01-11 16:00:00,2018-01-11 16:00,0.66206,0.2032,0.0,0.003,0.45586,0.38459,0.38459,0.0,-0.0
2018-01-11 17:00:00,2018-01-11 17:00,1.13029,0.2032,0.0,0.31576,0.61133,0.37078,0.37078,0.0,-0.0
2018-01-11 18:00:00,2018-01-11 18:00,1.28942,0.2032,0.0,0.27971,0.80651,0.36663,0.36662,0.0,0.0
2018-01-11 19:00:00,2018-01-11 19:00,1.17401,0.2032,0.0,0.003,0.96781,0.39992,0.39992,0.0,0.0
2018-01-11 20:00:00,2018-01-11 20:00,1.87606,0.2032,0.0,0.20665,1.46621,0.38405,0.38405,0.0,-0.0
2018-01-11 21:00:00,2018-01-11 21:00,2.08987,0.2032,0.0,0.42918,1.45749,0.39431,0.39431,0.0,0.0
2018-01-11 22:00:00,2018-01-11 22:00,1.81926,0.2032,0.0,0.33917,1.27689,0.40647,0.40647,0.0,0.0
2018-01-11 23:00:00,2018-01-11 23:00,0.84021,0.2032,0.0,0.003,0.63401,0.40605,0.40605,0.0,0.0
2018-01-12 00:00:00,2018-01-12 00:00,0.7092,0.2032,0.0,0.003,0.503,0.44172,0.44172,0.0,0.0
2018-01-12 01:00:00,2018-01-12 01:00,0.64635,0.2032,0.0,0.003,0.44015,0.48279,0.48279,0.0,0.0
2018-01-12 02:00:00,2018-01-12 02:00,0.63628,0.2032,0.0,0.003,0.43008,0.48236,0.48236,0.0,0.0
2018-01-12 03:00:00,2018-01-12 03:00,0.63508,0.2032,0.0,0.003,0.42888,0.49991,0.49991,0.0,0.0
2018-01-12 04:00:00,2018-01-12 04:00,0.6296,0.2032,0.0,0.003,0.4234,0.50065,0.50065,0.0,0.0
2018-01-12 05:00:00,2018-01-12 05:00,0.94236,0.2032,0.0,0.31956,0.4196,0.49969,0.49969,0.0,0.0
2018-01-12 06:00:00,2018-01-12 06:00,0.70446,0.2032,0.0,0.06018,0.44108,0.50461,0.50461,0.0,0.0
2018-01-12 07:00:00,2018-01-12 07:00,1.06511,0.2032,0.0,0.31034,0.55157,0.53603,0.53603,0.0,-0.0
2018-01-12 08:00:00,2018-01-12 08:00,1.19904,0.2032,0.0,0.39561,0.60023,0.5179,0.5179,0.0,-0.0
2018-01-12 09:00:00,2018-01-12 09:00,1.19056,0.2032,0.0,0.40421,0.58315,0.51562,0.51562,0.0,0.0
2018-01-12 10:00:00,2018-01-12 10:00,1.17831,0.2032,0.0,0.4174,0.55771,0.49399,0.49399,0.0,-0.0
2018-01-12 11:00:00,2018-01-12 11:00,0.93167,0.2032,0.0,0.29531,0.43316,0.46271,0.46271,0.0,0.0
2018-01-12 12:00:00,2018-01-12 12:00,0.64044,0.2032,0.0,0.003,0.43424,0.42885,0.42885,0.0,-0.0
2018-01-12 13:00:00,2018-01-12 13:00,0.64676,0.2032,0.0,0.003,0.44056,0.41484,0.41484,0.0,0.0
2018-01-12 14:00:00,2018-01-12 14:00,0.64688,0.2032,0.0,0.003,0.44068,0.39494,0.39494,0.0,0.0
2018-01-12 15:00:00,2018-01-12 15:00,0.64828,0.2032,0.0,0.003,0.44208,0.37845,0.37845,0.0,0.0
2018-01-12 16:00:00,2018-01-12 16:00,0.64812,0.2032,0.0,0.003,0.44192,0.38381,0.38381,0.0,0.0
2018-01-12 17:00:00,2018-01-12 17:00,0.70934,0.2032,0.0,0.003,0.50314,0.38435,0.38435,0.0,0.0
2018-01-12 18:00:00,2018-01-12 18:00,1.19918,0.2032,0.0,0.21418,0.7818,0.39974,0.38849,0.0,0.01124
2018-01-12 19:00:00,2018-01-12 19:00,3.31302,0.2032,0.0,0.41907,2.69075,0.47988,0.43303,0.0,0.04685
2018-01-12 20:00:00,2018-01-12 20:00,3.53126,0.2032,0.0,0.40992,2.91814,0.44744,0.38935,0.0,0.05809
2018-01-12 21:00:00,2018-01-12 21:00,2.04428,0.2032,0.0,0.4212,1.41988,0.40302,0.40302,0.0,0.0
2018-01-12 22:00:00,2018-01-12 22:00,1.65434,0.2032,0.0,0.29635,1.15479,0.41509,0.41509,0.0,-0.0
2018-01-12 23:00:00,2018-01-12 23:00,0.93512,0.2032,0.0,0.003,0.72892,0.4251,0.4251,0.0,-0.0
2018-01-13 00:00:00,2018-01-13 00:00,0.9234,0.2032,0.0,0.20682,0.51338,0.43847,0.43847,0.0,0.0
2018-01-13 01:00:00,2018-01-13 01:00,0.9062,0.2032,0.0,0.26126,0.44174,0.45643,0.45643,0.0,0.0
2018-01-13 02:00:00,2018-01-13 02:00,0.63752,0.2032,0.0,0.003,0.43132,0.4689,0.4689,0.0,0.0
2018-01-13 03:00:00,2018-01-13 03:00,0.63632,0.2032,0.0,0.003,0.43012,0.47739,0.47739,0.0,0.0
2018-01-13 04:00:00,2018-01-13 04:00,0.63084,0.2032,0.0,0.003,0.42464,0.48974,0.48974,0.0,0.0
2018-01-13 05:00:00,2018-01-13 05:00,0.62708,0.2032,0.0,0.003,0.42088,0.49984,0.49984,0.0,-0.0
2018-01-13 06:00:00,2018-01-13 06:00,0.62888,0.2032,0.0,0.003,0.42268,0.51111,0.51111,0.0,0.0
2018-01-13 07:00:00,2018-01-13 07:00,0.67666,0.2032,0.0,0.003,0.47046,0.54198,0.54198,0.0,0.0
2018-01-13 08:00:00,2018-01-13 08:00,0.86905,0.2032,0.0,0.10564,0.56021,0.51794,0.51794,0.0,0.0
2018-01-13 09:00:00,2018-01-13 09:00,1.16575,0.2032,0.0,0.42267,0.53988,0.51139,0.51139,0.0,0.0
2018-01-13 10:00:00,2018-01-13 10:00,0.82963,0.2032,0.0,0.07069,0.55574,0.48145,0.48145,0.0,0.0
2018-01-13 11:00:00,2018-01-13 11:00,1.02775,0.2032,0.0,0.10431,0.72024,0.44026,0.44026,0.0,0.0
2018-01-13 12:00:00,2018-01-13 12:00,1.42978,0.2032,0.0,0.41613,0.81045,0.41601,0.40477,0.0,0.01124
2018-01-13 13:00:00,2018-01-13 13:00,1.32932,0.2032,0.0,0.26708,0.85904,0.39417,0.3773,0.0,0.01686
2018-01-13 14:00:00,2018-01-13 14:00,0.94267,0.2032,0.0,0.003,0.73647,0.36366,0.36366,0.0,0.0
2018-01-13 15:00:00,2018-01-13 15:00,0.92839,0.2032,0.0,0.003,0.72219,0.34595,0.34595,0.0,-0.0
2018-01-13 16:00:00,2018-01-13 16:00,1.4037,0.2032,0.0,0.31285,0.88765,0.34084,0.34084,0.0,0.0
2018-01-13 17:00:00,2018-01-13 17:00,1.58326,0.2032,0.0,0.41515,0.96491,0.35866,0.35866,0.0,-0.0
2018-01-13 18:00:00,2018-01-13 18:00,1.69951,0.2032,0.0,0.42555,1.07076,0.37563,0.37563,0.0,0.0
2018-01-13 19:00:00,2018-01-13 19:00,1.6086,0.2032,0.0,0.18845,1.21695,0.41131,0.41131,0.0,-0.0
2018-01-13 20:00:00,2018-01-13 20:00,1.46213,0.2032,0.0,0.003,1.25593,0.39829,0.39829,0.0,0.0
2018-01-13 21:00:00,2018-01-13 21:00,1.84711,0.2032,0.0,0.40739,1.23652,0.40579,0.40579,0.0,-0.0
2018-01-13 22:00:00,2018-01-13 22:00,1.48603,0.2032,0.0,0.19835,1.08448,0.43345,0.43345,0.0,0.0
2018-01-13 23:00:00,2018-01-13 23:00,0.86466,0.2032,0.0,0.003,0.65846,0.4544,0.4544,0.0,0.0
2018-01-14 00:00:00,2018-01-14 00:00,0.6756,0.2032,0.0,0.003,0.4694,0.46074,0.46074,0.0,0.0
2018-01-14 01:00:00,2018-01-14 01:00,0.67059,0.2032,0.0,0.003,0.46439,0.46691,0.46691,0.0,-0.0
2018-01-14 02:00:00,2018-01-14 02:00,0.6511,0.2032,0.0,0.003,0.4449,0.47161,0.47161,0.0,0.0
2018-01-14 03:00:00,2018-01-14 03:00,0.63632,0.2032,0.0,0.003,0.43012,0.48071,0.48071,0.0,0.0
2018-01-14 04:00:00,2018-01-14 04:00,0.63084,0.2032,0.0,0.003,0.42464,0.49807,0.49807,0.0,0.0
2018-01-14 05:00:00,2018-01-14 05:00,0.62708,0.2032,0.0,0.003,0.42088,0.49573,0.49573,0.0,0.0
2018-01-14 06:00:00,2018-01-14 06:00,0.73809,0.2032,0.0,0.1067,0.42819,0.47655,0.47655,0.0,0.0
2018-01-14 07:00:00,2018-01-14 07:00,1.09473,0.2032,0.0,0.42061,0.47092,0.48036,0.48036,0.0,-0.0
2018-01-14 08:00:00,2018-01-14 08:00,0.72138,0.2032,0.0,0.06898,0.4492,0.44203,0.44203,0.0,0.0
2018-01-14 09:00:00,2018-01-14 09:00,0.74608,0.2032,0.0,0.003,0.53988,0.42834,0.42834,0.0,-0.0
2018-01-14 10:00:00,2018-01-14 10:00,0.81418,0.2032,0.0,0.003,0.60798,0.42613,0.42613,0.0,0.0
2018-01-14 11:00:00,2018-01-14 11:00,1.21362,0.2032,0.0,0.4224,0.58802,0.4122,0.4122,0.0,-0.0
2018-01-14 12:00:00,2018-01-14 12:00,0.91884,0.2032,0.0,0.04276,0.67288,0.43077,0.37268,0.0,0.05809
2018-01-14 13:00:00,2018-01-14 13:00,1.33713,0.2032,0.0,0.10291,1.03102,0.36057,0.36057,0.0,-0.0
2018-01-14 14:00:00,2018-01-14 14:00,2.7089,0.2032,0.0,0.3974,2.1083,0.35113,0.35113,0.0,0.0
2018-01-14 15:00:00,2018-01-14 15:00,1.59264,0.2032,0.0,0.41699,0.97245,0.3331,0.3331,0.0,-0.0
2018-01-14 16:00:00,2018-01-14 16:00,1.67311,0.2032,0.0,0.43378,1.03613,0.3257,0.3257,0.0,-0.0
2018-01-14 17:00:00,2018-01-14 17:00,1.75791,0.2032,0.0,0.419,1.13571,0.31321,0.31321,0.0,-0.0
2018-01-14 18:00:00,2018-01-14 18:00,1.45508,0.2032,0.0,0.003,1.24888,0.30506,0.30506,0.0,-0.0
2018-01-14 19:00:00,2018-01-14 19:00,1.72801,0.2032,0.0,0.30786,1.21695,0.31969,0.31969,0.0,0.0
2018-01-14 20:00:00,2018-01-14 20:00,1.71847,0.2032,0.0,0.25934,1.25593,0.29576,0.29576,0.0,0.0
2018-01-14 21:00:00,2018-01-14 21:00,1.46465,0.2032,0.0,0.003,1.25845,0.29512,0.29512,0.0,0.0
2018-01-14 22:00:00,2018-01-14 22:00,1.50353,0.2032,0.0,0.003,1.29733,0.32108,0.32108,0.0,0.0
2018-01-14 23:00:00,2018-01-14 23:00,1.29828,0.2032,0.0,0.20794,0.88714,0.35072,0.35072,0.0,-0.0
2018-01-15 00:00:00,2018-01-15 00:00,1.23533,0.2032,0.0,0.4063,0.62583,0.36316,0.36316,0.0,-0.0
2018-01-15 01:00:00,2018-01-15 01:00,0.76086,0.2032,0.0,0.003,0.55466,0.40633,0.37823,0.0,0.0281
2018-01-15 02:00:00,2018-01-15 02:00,0.86325,0.2032,0.0,0.20774,0.45231,0.40705,0.40705,0.0,0.0
2018-01-15 03:00:00,2018-01-15 03:00,1.05657,0.2032,0.0,0.41064,0.44273,0.4115,0.4115,0.0,0.0
2018-01-15 04:00:00,2018-01-15 04:00,0.63482,0.2032,0.0,0.003,0.42862,0.41719,0.41719,0.0,0.0
2018-01-15 05:00:00,2018-01-15 05:00,0.6258,0.2032,0.0,0.003,0.4196,0.42231,0.42231,0.0,-0.0
2018-01-15 06:00:00,2018-01-15 06:00,0.9739,0.2032,0.0,0.30957,0.46113,0.43371,0.43371,0.0,0.0
2018-01-15 07:00:00,2018-01-15 07:00,1.16688,0.2032,0.0,0.41113,0.55255,0.47017,0.47017,0.0,0.0
2018-01-15 08:00:00,2018-01-15 08:00,1.22416,0.2032,0.0,0.4237,0.59726,0.44959,0.44959,0.0,0.0
2018-01-15 09:00:00,2018-01-15 09:00,1.15525,0.2032,0.0,0.40867,0.54338,0.46871,0.46871,0.0,0.0
2018-01-15 10:00:00,2018-01-15 10:00,1.06897,0.2032,0.0,0.39062,0.47515,0.48197,0.48197,0.0,-0.0
2018-01-15 11:00:00,2018-01-15 11:00,0.63936,0.2032,0.0,0.003,0.43316,0.44566,0.44566,0.0,0.0
2018-01-15 12:00:00,2018-01-15 12:00,0.64044,0.2032,0.0,0.003,0.43424,0.43603,0.43603,0.0,-0.0
2018-01-15 13:00:00,2018-01-15 13:00,0.64676,0.2032,0.0,0.003,0.44056,0.4342,0.4342,0.0,0.0
2018-01-15 14:00:00,2018-01-15 14:00,0.64688,0.2032,0.0,0.003,0.44068,0.42902,0.42902,0.0,0.0
2018-01-15 15:00:00,2018-01-15 15:00,0.64828,0.2032,0.0,0.003,0.44208,0.43871,0.43871,0.0,-0.0
2018-01-15 16:00:00,2018-01-15 16:00,0.64812,0.2032,0.0,0.003,0.44192,0.42053,0.42053,0.0,0.0
2018-01-15 17:00:00,2018-01-15 17:00,0.70934,0.2032,0.0,0.003,0.50314,0.40568,0.40568,0.0,-0.0
2018-01-15 18:00:00,2018-01-15 18:00,1.11953,0.2032,0.0,0.21132,0.70501,0.45497,0.39687,0.0,0.05809
2018-01-15 19:00:00,2018-01-15 19:00,1.37093,0.2032,0.0,0.24956,0.91817,0.44088,0.44088,0.0,-0.0
2018-01-15 20:00:00,2018-01-15 20:00,1.20043,0.2032,0.0,0.003,0.99423,0.42564,0.42564,0.0,-0.0
2018-01-15 21:00:00,2018-01-15 21:00,1.5184,0.2032,0.0,0.10521,1.20999,0.42729,0.42729,0.0,-0.0
2018-01-15 22:00:00,2018-01-15 22:00,1.8806,0.2032,0.0,0.41829,1.25911,0.42174,0.42174,0.0,-0.0
2018-01-15 23:00:00,2018-01-15 23:00,1.17692,0.2032,0.0,0.20722,0.7665,0.42877,0.42877,0.0,-0.0
2018-01-16 00:00:00,2018-01-16 00:00,0.68926,0.2032,0.0,0.003,0.48306,0.44052,0.44052,0.0,0.0
2018-01-16 01:00:00,2018-01-16 01:00,0.6416,0.2032,0.0,0.003,0.4354,0.44721,0.44721,0.0,0.0
2018-01-16 02:00:00,2018-01-16 02:00,0.63628,0.2032,0.0,0.003,0.43008,0.45104,0.45104,0.0,0.0
2018-01-16 03:00:00,2018-01-16 03:00,0.63508,0.2032,0.0,0.003,0.42888,0.45066,0.45066,0.0,0.0
2018-01-16 04:00:00,2018-01-16 04:00,0.6296,0.2032,0.0,0.003,0.4234,0.45182,0.45182,0.0,0.0
2018-01-16 05:00:00,2018-01-16 05:00,0.94976,0.2032,0.0,0.30595,0.44061,0.45067,0.45067,0.0,0.0
2018-01-16 06:00:00,2018-01-16 06:00,1.08601,0.2032,0.0,0.40619,0.47662,0.44833,0.44833,0.0,0.0
2018-01-16 07:00:00,2018-01-16 07:00,1.20454,0.2032,0.0,0.41312,0.58822,0.47924,0.47924,0.0,-0.0
2018-01-16 08:00:00,2018-01-16 08:00,1.12812,0.2032,0.0,0.40706,0.51786,0.45674,0.45674,0.0,0.0
2018-01-16 09:00:00,2018-01-16 09:00,1.12534,0.2032,0.0,0.40096,0.52118,0.45874,0.45874,0.0,0.0
2018-01-16 10:00:00,2018-01-16 10:00,1.10323,0.2032,0.0,0.41579,0.48424,0.44757,0.44757,0.0,0.0
2018-01-16 11:00:00,2018-01-16 11:00,0.88582,0.2032,0.0,0.24946,0.43316,0.42314,0.42314,0.0,0.0
2018-01-16 12:00:00,2018-01-16 12:00,0.64044,0.2032,0.0,0.003,0.43424,0.40078,0.40078,0.0,0.0
2018-01-16 13:00:00,2018-01-16 13:00,0.71676,0.2032,0.0,0.003,0.51056,0.38616,0.38616,0.0,-0.0
2018-01-16 14:00:00,2018-01-16 14:00,0.96284,0.2032,0.0,0.31896,0.44068,0.38278,0.38278,0.0,-0.0
2018-01-16 15:00:00,2018-01-16 15:00,0.7307,0.2032,0.0,0.06304,0.46446,0.38119,0.36995,0.0,0.01124
2018-01-16 16:00:00,2018-01-16 16:00,0.8213,0.2032,0.0,0.003,0.6151,0.37541,0.35854,0.0,0.01686
2018-01-16 17:00:00,2018-01-16 17:00,1.35648,0.2032,0.0,0.41634,0.73694,0.36744,0.36744,0.0,0.0
2018-01-16 18:00:00,2018-01-16 18:00,1.52826,0.2032,0.0,0.35294,0.97212,0.38683,0.37559,0.0,0.01124
2018-01-16 19:00:00,2018-01-16 19:00,1.49375,0.2032,0.0,0.003,1.28755,0.42678,0.39867,0.0,0.0281
2018-01-16 20:00:00,2018-01-16 20:00,1.44055,0.2032,0.0,0.003,1.23435,0.40456,0.38769,0.0,0.01686
2018-01-16 21:00:00,2018-01-16 21:00,1.50048,0.2032,0.0,0.003,1.29428,0.40447,0.40447,0.0,0.0
2018-01-16 22:00:00,2018-01-16 22:00,1.5927,0.2032,0.0,0.10457,1.28493,0.41607,0.41607,0.0,-0.0
2018-01-16 23:00:00,2018-01-16 23:00,2.16525,0.2032,0.0,0.34755,1.6145,0.44566,0.44566,0.0,-0.0
2018-01-17 00:00:00,2018-01-17 00:00,2.82546,0.2032,0.0,0.003,2.61926,0.47602,0.47602,0.0,-0.0
2018-01-17 01:00:00,2018-01-17 01:00,1.17983,0.2032,0.0,0.003,0.97363,0.45476,0.45476,0.0,0.0
2018-01-17 02:00:00,2018-01-17 02:00,0.63628,0.2032,0.0,0.003,0.43008,0.45173,0.45173,0.0,-0.0
2018-01-17 03:00:00,2018-01-17 03:00,0.63508,0.2032,0.0,0.003,0.42888,0.45323,0.45323,0.0,0.0
2018-01-17 04:00:00,2018-01-17 04:00,0.6296,0.2032,0.0,0.003,0.4234,0.4499,0.4499,0.0,0.0
2018-01-17 05:00:00,2018-01-17 05:00,0.83394,0.2032,0.0,0.21114,0.4196,0.44609,0.44609,0.0,-0.0
2018-01-17 06:00:00,2018-01-17 06:00,1.00638,0.2032,0.0,0.3621,0.44108,0.43843,0.43843,0.0,0.0
2018-01-17 07:00:00,2018-01-17 07:00,0.89541,0.2032,0.0,0.10361,0.5886,0.4566,0.4566,0.0,0.0
2018-01-17 08:00:00,2018-01-17 08:00,1.32792,0.2032,0.0,0.38701,0.73771,0.45965,0.40156,0.0,0.05809
2018-01-17 09:00:00,2018-01-17 09:00,1.188,0.2032,0.0,0.37595,0.60885,0.40748,0.40748,0.0,0.0
2018-01-17 10:00:00,2018-01-17 10:00,1.05737,0.2032,0.0,0.37902,0.47515,0.40072,0.40072,0.0,0.0
2018-01-17 11:00:00,2018-01-17 11:00,1.06716,0.2032,0.0,0.41029,0.45367,0.38826,0.37702,0.0,0.01124
2018-01-17 12:00:00,2018-01-17 12:00,1.17941,0.2032,0.0,0.43154,0.54467,0.34995,0.33309,0.0,0.01686
2018-01-17 13:00:00,2018-01-17 13:00,1.09383,0.2032,0.0,0.43606,0.45457,0.30839,0.30839,0.0,-0.0
2018-01-17 14:00:00,2018-01-17 14:00,0.65878,0.2032,0.0,0.0149,0.44068,0.28763,0.28763,0.0,0.0
2018-01-17 15:00:00,2018-01-17 15:00,0.64828,0.2032,0.0,0.003,0.44208,0.28009,0.28009,0.0,0.0
2018-01-17 16:00:00,2018-01-17 16:00,0.64812,0.2032,0.0,0.003,0.44192,0.26573,0.26573,0.0,0.0
2018-01-17 17:00:00,2018-01-17 17:00,0.92448,0.2032,0.0,0.003,0.71828,0.28805,0.22996,0.0,0.05809
2018-01-17 18:00:00,2018-01-17 18:00,1.35133,0.2032,0.0,0.31982,0.82831,0.24846,0.24846,0.0,0.0
2018-01-17 19:00:00,2018-01-17 19:00,1.58246,0.2032,0.0,0.42831,0.95095,0.26214,0.26214,0.0,0.0
2018-01-17 20:00:00,2018-01-17 20:00,1.48749,0.2032,0.0,0.0786,1.20569,0.24275,0.24275,0.0,0.0
2018-01-17 21:00:00,2018-01-17 21:00,1.66369,0.2032,0.0,0.003,1.45749,0.23417,0.23417,0.0,-0.0
2018-01-17 22:00:00,2018-01-17 22:00,1.32199,0.2032,0.0,0.003,1.11579,0.24233,0.24233,0.0,-0.0
2018-01-17 23:00:00,2018-01-17 23:00,0.83343,0.2032,0.0,0.003,0.62723,0.25541,0.25541,0.0,-0.0
2018-01-18 00:00:00,2018-01-18 00:00,0.85495,0.2032,0.0,0.21207,0.43968,0.26997,0.26997,0.0,0.0
2018-01-18 01:00:00,2018-01-18 01:00,0.80262,0.2032,0.0,0.16402,0.4354,0.27369,0.27369,0.0,0.0
2018-01-18 02:00:00,2018-01-18 02:00,0.63628,0.2032,0.0,0.003,0.43008,0.27854,0.27854,0.0,0.0
2018-01-18 03:00:00,2018-01-18 03:00,0.63508,0.2032,0.0,0.003,0.42888,0.28124,0.28124,0.0,-0.0
2018-01-18 04:00:00,2018-01-18 04:00,0.63104,0.2032,0.0,0.003,0.42484,0.27608,0.27608,0.0,0.0
2018-01-18 05:00:00,2018-01-18 05:00,0.63563,0.2032,0.0,0.003,0.42943,0.27092,0.27092,0.0,0.0
2018-01-18 06:00:00,2018-01-18 06:00,0.84516,0.2032,0.0,0.20785,0.43411,0.27039,0.27039,0.0,0.0
2018-01-18 07:00:00,2018-01-18 07:00,1.13027,0.2032,0.0,0.41355,0.51352,0.29477,0.29477,0.0,0.0
2018-01-18 08:00:00,2018-01-18 08:00,0.98729,0.2032,0.0,0.34553,0.43856,0.29454,0.29454,0.0,0.0
2018-01-18 09:00:00,2018-01-18 09:00,0.65837,0.2032,0.0,0.003,0.45217,0.28484,0.28484,0.0,0.0
2018-01-18 10:00:00,2018-01-18 10:00,0.72707,0.2032,0.0,0.003,0.52087,0.26124,0.26124,0.0,-0.0
2018-01-18 11:00:00,2018-01-18 11:00,0.63936,0.2032,0.0,0.003,0.43316,0.23763,0.23763,0.0,0.0
2018-01-18 12:00:00,2018-01-18 12:00,0.99102,0.55377,0.0,0.003,0.43425,0.15587,0.15587,0.0,0.0
2018-01-18 13:00:00,2018-01-18 13:00,2.05403,1.61057,0.0,0.003,0.44046,0.0,0.0,0.0,0.0
2018-01-18 14:00:00,2018-01-18 14:00,1.97722,1.53359,0.0,0.003,0.44063,0.0,0.0,0.0,0.0
2018-01-18 15:00:00,2018-01-18 15:00,2.14942,1.24927,0.0,0.43341,0.46674,0.0,0.0,0.0,0.0
2018-01-18 16:00:00,2018-01-18 16:00,2.0323,1.42566,0.0,0.095,0.51164,0.0,0.0,0.0,0.0
2018-01-18 17:00:00,2018-01-18 17:00,2.48529,1.49703,0.0,0.30726,0.681,0.0,0.0,0.0,0.0
2018-01-18 18:00:00,2018-01-18 18:00,2.85765,1.42428,0.0,0.42191,1.01146,0.0281,0.0,0.0,0.0281
2018-01-18 19:00:00,2018-01-18 19:00,2.8075,1.56201,0.0,0.22597,1.01952,0.01124,0.0,0.0,0.01124
2018-01-18 20:00:00,2018-01-18 20:00,1.52856,0.2032,0.0,0.003,1.32236,0.22915,0.12424,0.0,0.10491
2018-01-18 21:00:00,2018-01-18 21:00,1.41619,0.2032,0.0,0.003,1.20999,0.16525,0.16525,0.0,-0.0
2018-01-18 22:00:00,2018-01-18 22:00,1.55405,0.2032,0.0,0.1063,1.24455,0.17177,0.17177,0.0,-0.0
2018-01-18 23:00:00,2018-01-18 23:00,1.37215,0.2032,0.0,0.43126,0.73769,0.18808,0.18808,0.0,0.0
2018-01-19 00:00:00,2018-01-19 00:00,0.77253,0.2032,0.0,0.12965,0.43968,0.19939,0.19939,0.0,-0.0
2018-01-19 01:00:00,2018-01-19 01:00,0.6416,0.2032,0.0,0.003,0.4354,0.20475,0.20475,0.0,0.0
2018-01-19 02:00:00,2018-01-19 02:00,0.63628,0.2032,0.0,0.003,0.43008,0.20736,0.20736,0.0,0.0
2018-01-19 03:00:00,2018-01-19 03:00,0.63508,0.2032,0.0,0.003,0.42888,0.20942,0.20942,0.0,0.0
2018-01-19 04:00:00,2018-01-19 04:00,0.6296,0.2032,0.0,0.003,0.4234,0.2095,0.2095,0.0,0.0
2018-01-19 05:00:00,2018-01-19 05:00,0.6258,0.2032,0.0,0.003,0.4196,0.21222,0.21222,0.0,0.0
2018-01-19 06:00:00,2018-01-19 06:00,0.62764,0.2032,0.0,0.003,0.42144,0.21346,0.21346,0.0,0.0
2018-01-19 07:00:00,2018-01-19 07:00,0.68321,0.2032,0.0,0.003,0.47701,0.22938,0.22938,0.0,0.0
2018-01-19 08:00:00,2018-01-19 08:00,1.1236,0.2032,0.0,0.32314,0.59726,0.21321,0.21321,0.0,-0.0
2018-01-19 09:00:00,2018-01-19 09:00,1.03823,0.2032,0.0,0.26987,0.56516,0.21496,0.21496,0.0,-0.0
2018-01-19 10:00:00,2018-01-19 10:00,0.8387,0.2032,0.0,0.10527,0.53023,0.21645,0.21645,0.0,-0.0
2018-01-19 11:00:00,2018-01-19 11:00,1.82949,0.89149,0.0,0.41208,0.52592,0.10504,0.10504,0.0,0.0
2018-01-19 12:00:00,2018-01-19 12:00,2.48218,1.58085,0.0,0.43023,0.4711,0.0,0.0,0.0,0.0
2018-01-19 13:00:00,2018-01-19 13:00,2.08095,1.58541,0.0,0.0558,0.43974,0.0,0.0,0.0,0.0
2018-01-19 14:00:00,2018-01-19 14:00,2.03467,1.5916,0.0,0.003,0.44007,0.0,0.0,0.0,0.0
2018-01-19 15:00:00,2018-01-19 15:00,1.72857,1.28352,0.0,0.003,0.44205,0.0,0.0,0.0,0.0
2018-01-19 16:00:00,2018-01-19 16:00,1.64115,1.19626,0.0,0.003,0.44189,0.0,0.0,0.0,0.0
2018-01-19 17:00:00,2018-01-19 17:00,1.61151,1.14025,0.0,0.003,0.46826,0.0,0.0,0.0,0.0
2018-01-19 18:00:00,2018-01-19 18:00,2.28959,1.16046,0.0,0.31611,0.81302,0.01124,0.0,0.0,0.01124
2018-01-19 19:00:00,2018-01-19 19:00,2.82268,1.46465,0.0,0.39023,0.9678,0.01686,0.0,0.0,0.01686
2018-01-19 20:00:00,2018-01-19 20:00,2.62526,1.44192,0.0,0.003,1.18034,0.0,0.0,0.0,0.0
2018-01-19 21:00:00,2018-01-19 21:00,2.72542,1.44953,0.0,0.003,1.27289,0.0,0.0,0.0,0.0
2018-01-19 22:00:00,2018-01-19 22:00,2.6595,1.46823,0.0,0.10777,1.0835,0.0,0.0,0.0,0.0
2018-01-19 23:00:00,2018-01-19 23:00,2.69756,1.54239,0.0,0.36749,0.78768,0.0,0.0,0.0,0.0
2018-01-20 00:00:00,2018-01-20 00:00,2.11756,1.55073,0.0,0.003,0.56383,0.0,0.0,0.0,0.0
2018-01-20 01:00:00,2018-01-20 01:00,2.01722,1.54708,0.0,0.003,0.46714,0.0,0.0,0.0,0.0
2018-01-20 02:00:00,2018-01-20 02:00,0.63743,0.2032,0.0,0.003,0.43123,0.19113,0.19113,0.0,0.0
2018-01-20 03:00:00,2018-01-20 03:00,0.63632,0.2032,0.0,0.003,0.43012,0.18655,0.18655,0.0,0.0
2018-01-20 04:00:00,2018-01-20 04:00,0.63084,0.2032,0.0,0.003,0.42464,0.19749,0.19749,0.0,0.0
2018-01-20 05:00:00,2018-01-20 05:00,0.62708,0.2032,0.0,0.003,0.42088,0.20403,0.20403,0.0,0.0
2018-01-20 06:00:00,2018-01-20 06:00,0.62888,0.2032,0.0,0.003,0.42268,0.20386,0.20386,0.0,0.0
2018-01-20 07:00:00,2018-01-20 07:00,0.6688,0.2032,0.0,0.003,0.4626,0.22488,0.22488,0.0,0.0
2018-01-20 08:00:00,2018-01-20 08:00,0.88548,0.2032,0.0,0.22184,0.46044,0.22327,0.21203,0.0,0.01124
2018-01-20 09:00:00,2018-01-20 09:00,0.99569,0.2032,0.0,0.08983,0.70266,0.23095,0.1841,0.0,0.04685
2018-01-20 10:00:00,2018-01-20 10:00,1.19142,0.2032,0.0,0.32254,0.66568,0.18153,0.18153,0.0,-0.0
2018-01-20 11:00:00,2018-01-20 11:00,1.39363,0.53836,0.0,0.20116,0.65411,0.12326,0.12326,0.0,-0.0
2018-01-20 12:00:00,2018-01-20 12:00,2.52778,1.54595,0.0,0.32218,0.65965,0.0,0.0,0.0,0.0
2018-01-20 13:00:00,2018-01-20 13:00,2.23449,1.42949,0.0,0.10997,0.69503,0.0,0.0,0.0,0.0
2018-01-20 14:00:00,2018-01-20 14:00,2.29471,1.14665,0.0,0.21445,0.93361,0.0,0.0,0.0,0.0
2018-01-20 15:00:00,2018-01-20 15:00,2.26246,0.94148,0.0,0.32573,0.99525,0.0,0.0,0.0,0.0
2018-01-20 16:00:00,2018-01-20 16:00,2.92746,0.92249,0.0,0.003,2.00197,0.0,0.0,0.0,0.0
2018-01-20 17:00:00,2018-01-20 17:00,4.36048,1.02472,0.0,0.1075,3.22826,0.01124,0.0,0.0,0.01124
2018-01-20 18:00:00,2018-01-20 18:00,2.67444,1.0573,0.0,0.3281,1.28904,0.01686,0.0,0.0,0.01686
2018-01-20 19:00:00,2018-01-20 19:00,2.67596,1.30466,0.0,0.003,1.3683,0.0,0.0,0.0,0.0
2018-01-20 20:00:00,2018-01-20 20:00,2.81766,1.26401,0.0,0.20622,1.34743,0.0,0.0,0.0,0.0
2018-01-20 21:00:00,2018-01-20 21:00,3.15034,1.24495,0.0,0.41316,1.49223,0.0,0.0,0.0,0.0
2018-01-20 22:00:00,2018-01-20 22:00,3.11313,1.37398,0.0,0.44186,1.29729,0.0,0.0,0.0,0.0
2018-01-20 23:00:00,2018-01-20 23:00,2.44084,1.51837,0.0,0.03533,0.88714,0.0,0.0,0.0,0.0
2018-01-21 00:00:00,2018-01-21 00:00,1.22049,0.2032,0.0,0.43003,0.58726,0.15368,0.15368,0.0,-0.0
2018-01-21 01:00:00,2018-01-21 01:00,1.38017,0.87637,0.0,0.003,0.5008,0.07941,0.07941,0.0,-0.0
2018-01-21 02:00:00,2018-01-21 02:00,1.30447,0.5384,0.0,0.31445,0.45162,0.12998,0.12998,0.0,-0.0
2018-01-21 03:00:00,2018-01-21 03:00,1.40297,0.5384,0.0,0.42491,0.43966,0.12574,0.12574,0.0,-0.0
2018-01-21 04:00:00,2018-01-21 04:00,0.63082,0.2032,0.0,0.003,0.42462,0.17466,0.17466,0.0,0.0
2018-01-21 05:00:00,2018-01-21 05:00,0.62708,0.2032,0.0,0.003,0.42088,0.17434,0.17434,0.0,-0.0
2018-01-21 06:00:00,2018-01-21 06:00,0.96638,0.5407,0.0,0.003,0.42268,0.13087,0.13087,0.0,0.0
2018-01-21 07:00:00,2018-01-21 07:00,2.0315,1.54715,0.0,0.003,0.48135,0.01124,0.0,0.0,0.01124
2018-01-21 08:00:00,2018-01-21 08:00,2.12571,1.54616,0.0,0.003,0.57655,0.04685,0.0,0.0,0.04685
2018-01-21 09:00:00,2018-01-21 09:00,2.30683,1.55185,0.0,0.10889,0.64609,0.0,0.0,0.0,0.0
2018-01-21 10:00:00,2018-01-21 10:00,2.73622,1.55598,0.0,0.43655,0.74369,0.0,0.0,0.0,0.0
2018-01-21 11:00:00,2018-01-21 11:00,2.33248,1.56963,0.0,0.10896,0.65389,0.0,0.0,0.0,0.0
2018-01-21 12:00:00,2018-01-21 12:00,2.1198,1.55252,0.0,0.003,0.56428,0.0,0.0,0.0,0.0
2018-01-21 13:00:00,2018-01-21 13:00,2.36371,1.46637,0.0,0.32898,0.56836,0.0,0.0,0.0,0.0
2018-01-21 14:00:00,2018-01-21 14:00,2.15136,1.42748,0.0,0.03631,0.68757,0.0,0.0,0.0,0.0
2018-01-21 15:00:00,2018-01-21 15:00,2.16636,1.45576,0.0,0.003,0.7076,0.0,0.0,0.0,0.0
2018-01-21 16:00:00,2018-01-21 16:00,2.46134,1.49282,0.0,0.3189,0.64962,0.0,0.0,0.0,0.0
2018-01-21 17:00:00,2018-01-21 17:00,2.58225,1.51908,0.0,0.4407,0.62247,0.0,0.0,0.0,0.0
2018-01-21 18:00:00,2018-01-21 18:00,2.53797,1.54729,0.0,0.20012,0.79056,0.0,0.0,0.0,0.0
2018-01-21 19:00:00,2018-01-21 19:00,2.77014,1.5783,0.0,0.21071,0.98113,0.0,0.0,0.0,0.0
2018-01-21 20:00:00,2018-01-21 20:00,2.98012,1.53301,0.0,0.29539,1.15172,0.0,0.0,0.0,0.0
2018-01-21 21:00:00,2018-01-21 21:00,2.86309,1.47167,0.0,0.003,1.38842,0.0,0.0,0.0,0.0
2018-01-21 22:00:00,2018-01-21 22:00,3.11763,1.5021,0.0,0.42818,1.18735,0.0,0.0,0.0,0.0
2018-01-21 23:00:00,2018-01-21 23:00,2.66412,1.56268,0.0,0.2143,0.88714,0.0,0.0,0.0,0.0
2018-01-22 00:00:00,2018-01-22 00:00,2.15776,1.56811,0.0,0.003,0.58665,0.0,0.0,0.0,0.0
2018-01-22 01:00:00,2018-01-22 01:00,2.05724,1.55913,0.0,0.003,0.49511,0.0,0.0,0.0,0.0
2018-01-22 02:00:00,2018-01-22 02:00,0.86579,0.2032,0.0,0.21343,0.44916,0.2087,0.2087,0.0,0.0
2018-01-22 03:00:00,2018-01-22 03:00,1.01003,0.2032,0.0,0.37242,0.43441,0.20531,0.20531,0.0,-0.0
2018-01-22 04:00:00,2018-01-22 04:00,0.63104,0.2032,0.0,0.003,0.42484,0.20571,0.20571,0.0,-0.0
2018-01-22 05:00:00,2018-01-22 05:00,0.62803,0.2032,0.0,0.003,0.42183,0.20425,0.20425,0.0,0.0
2018-01-22 06:00:00,2018-01-22 06:00,0.95523,0.2032,0.0,0.32487,0.42716,0.20696,0.20696,0.0,0.0
2018-01-22 07:00:00,2018-01-22 07:00,1.06578,0.2032,0.0,0.37808,0.4845,0.23405,0.23405,0.0,0.0
2018-01-22 08:00:00,2018-01-22 08:00,0.64476,0.2032,0.0,0.003,0.43856,0.22517,0.22517,0.0,0.0
2018-01-22 09:00:00,2018-01-22 09:00,0.75159,0.2032,0.0,0.003,0.54539,0.23723,0.20913,0.0,0.0281
2018-01-22 10:00:00,2018-01-22 10:00,0.73643,0.2032,0.0,0.003,0.53023,0.22299,0.22299,0.0,0.0
2018-01-22 11:00:00,2018-01-22 11:00,1.22745,0.2032,0.0,0.41928,0.60497,0.22555,0.22555,0.0,0.0
2018-01-22 12:00:00,2018-01-22 12:00,1.15664,0.2032,0.0,0.42104,0.5324,0.23508,0.23508,0.0,0.0
2018-01-22 13:00:00,2018-01-22 13:00,0.91957,0.2032,0.0,0.27581,0.44056,0.24386,0.24386,0.0,0.0
2018-01-22 14:00:00,2018-01-22 14:00,0.64688,0.2032,0.0,0.003,0.44068,0.22512,0.22512,0.0,0.0
2018-01-22 15:00:00,2018-01-22 15:00,0.64828,0.2032,0.0,0.003,0.44208,0.23222,0.23222,0.0,0.0
2018-01-22 16:00:00,2018-01-22 16:00,0.64812,0.2032,0.0,0.003,0.44192,0.24495,0.24495,0.0,0.0
2018-01-22 17:00:00,2018-01-22 17:00,0.6568,0.2032,0.0,0.003,0.4506,0.25197,0.25197,0.0,-0.0
2018-01-22 18:00:00,2018-01-22 18:00,0.69398,0.2032,0.0,0.003,0.48778,0.25731,0.25731,0.0,0.0
2018-01-22 19:00:00,2018-01-22 19:00,1.36273,0.2032,0.0,0.4302,0.72933,0.25653,0.25653,0.0,0.0
2018-01-22 20:00:00,2018-01-22 20:00,1.68498,0.2032,0.0,0.32735,1.15443,0.23944,0.22819,0.0,0.01124
2018-01-22 21:00:00,2018-01-22 21:00,1.55877,0.2032,0.0,0.003,1.35257,0.23403,0.21716,0.0,0.01686
2018-01-22 22:00:00,2018-01-22 22:00,1.0848,0.2032,0.0,0.003,0.8786,0.2305,0.2305,0.0,-0.0
2018-01-22 23:00:00,2018-01-22 23:00,0.65704,0.2032,0.0,0.003,0.45084,0.24394,0.24394,0.0,0.0
2018-01-23 00:00:00,2018-01-23 00:00,0.64588,0.2032,0.0,0.003,0.43968,0.24035,0.24035,0.0,-0.0
2018-01-23 01:00:00,2018-01-23 01:00,0.6416,0.2032,0.0,0.003,0.4354,0.24017,0.24017,0.0,0.0
2018-01-23 02:00:00,2018-01-23 02:00,0.63628,0.2032,0.0,0.003,0.43008,0.23738,0.23738,0.0,0.0
2018-01-23 03:00:00,2018-01-23 03:00,0.71074,0.2032,0.0,0.003,0.50454,0.28652,0.21907,0.0,0.06745
2018-01-23 04:00:00,2018-01-23 04:00,1.12023,0.2032,0.0,0.3793,0.53773,0.31812,0.2057,0.0,0.11242
2018-01-23 05:00:00,2018-01-23 05:00,0.65861,0.2032,0.0,0.003,0.45241,0.26682,0.24434,0.0,0.02248
2018-01-23 06:00:00,2018-01-23 06:00,1.08985,0.2032,0.0,0.42846,0.45819,0.26573,0.26573,0.0,0.0
2018-01-23 07:00:00,2018-01-23 07:00,1.25929,0.2032,0.0,0.42648,0.62961,0.29844,0.2872,0.0,0.01124
2018-01-23 08:00:00,2018-01-23 08:00,1.32214,0.2032,0.0,0.42565,0.69329,0.28543,0.26857,0.0,0.01686
2018-01-23 09:00:00,2018-01-23 09:00,1.25582,0.2032,0.0,0.42158,0.63104,0.27889,0.27889,0.0,0.0
2018-01-23 10:00:00,2018-01-23 10:00,1.25682,0.2032,0.0,0.43123,0.62239,0.269,0.269,0.0,-0.0
2018-01-23 11:00:00,2018-01-23 11:00,1.25047,0.2032,0.0,0.4283,0.61897,0.25306,0.25306,0.0,0.0
2018-01-23 12:00:00,2018-01-23 12:00,1.08642,0.2032,0.0,0.31809,0.56513,0.24018,0.24018,0.0,0.0
2018-01-23 13:00:00,2018-01-23 13:00,0.74051,0.2032,0.0,0.003,0.53431,0.22957,0.22957,0.0,0.0
2018-01-23 14:00:00,2018-01-23 14:00,0.84617,0.2032,0.0,0.1054,0.53757,0.21002,0.21002,0.0,-0.0
2018-01-23 15:00:00,2018-01-23 15:00,0.99549,0.2032,0.0,0.33538,0.45691,0.19077,0.19077,0.0,0.0
2018-01-23 16:00:00,2018-01-23 16:00,0.64812,0.2032,0.0,0.003,0.44192,0.18904,0.18904,0.0,0.0
2018-01-23 17:00:00,2018-01-23 17:00,0.80699,0.2032,0.0,0.003,0.60079,0.1932,0.1932,0.0,-0.0
2018-01-23 18:00:00,2018-01-23 18:00,2.56257,0.2032,0.0,0.10583,2.25354,0.20333,0.20333,0.0,0.0
2018-01-23 19:00:00,2018-01-23 19:00,1.97651,0.2032,0.0,0.42462,1.34869,0.23331,0.22207,0.0,0.01124
2018-01-23 20:00:00,2018-01-23 20:00,1.98914,0.2032,0.0,0.43434,1.3516,0.22647,0.17962,0.0,0.04685
2018-01-23 21:00:00,2018-01-23 21:00,1.60886,0.2032,0.0,0.03235,1.37331,0.19819,0.19819,0.0,-0.0
2018-01-23 22:00:00,2018-01-23 22:00,1.16776,0.2032,0.0,0.003,0.96156,0.21879,0.21879,0.0,-0.0
2018-01-23 23:00:00,2018-01-23 23:00,0.92858,0.2032,0.0,0.003,0.72238,0.23437,0.23437,0.0,0.0
2018-01-24 00:00:00,2018-01-24 00:00,0.70596,0.2032,0.0,0.003,0.49976,0.24963,0.24963,0.0,0.0
2018-01-24 01:00:00,2018-01-24 01:00,0.6416,0.2032,0.0,0.003,0.4354,0.26378,0.26378,0.0,0.0
2018-01-24 02:00:00,2018-01-24 02:00,0.63628,0.2032,0.0,0.003,0.43008,0.27129,0.27129,0.0,0.0
2018-01-24 03:00:00,2018-01-24 03:00,0.63508,0.2032,0.0,0.003,0.42888,0.28103,0.28103,0.0,-0.0
2018-01-24 04:00:00,2018-01-24 04:00,0.6296,0.2032,0.0,0.003,0.4234,0.28777,0.28777,0.0,0.0
2018-01-24 05:00:00,2018-01-24 05:00,0.73432,0.2032,0.0,0.1088,0.42232,0.28915,0.28915,0.0,0.0
2018-01-24 06:00:00,2018-01-24 06:00,1.09776,0.2032,0.0,0.43637,0.45819,0.28707,0.28707,0.0,-0.0
2018-01-24 07:00:00,2018-01-24 07:00,0.88037,0.2032,0.0,0.0086,0.66857,0.33513,0.27704,0.0,0.05809
2018-01-24 08:00:00,2018-01-24 08:00,1.22075,0.2032,0.0,0.41162,0.60593,0.27484,0.27484,0.0,0.0
2018-01-24 09:00:00,2018-01-24 09:00,1.20545,0.2032,0.0,0.40231,0.59994,0.27344,0.27344,0.0,-0.0
2018-01-24 10:00:00,2018-01-24 10:00,1.14275,0.2032,0.0,0.40932,0.53023,0.26259,0.26259,0.0,-0.0
2018-01-24 11:00:00,2018-01-24 11:00,1.1371,0.2032,0.0,0.40794,0.52596,0.25022,0.25022,0.0,-0.0
2018-01-24 12:00:00,2018-01-24 12:00,1.08358,0.2032,0.0,0.40873,0.47165,0.24475,0.24475,0.0,0.0
2018-01-24 13:00:00,2018-01-24 13:00,1.07518,0.2032,0.0,0.43142,0.44056,0.23701,0.23701,0.0,-0.0
2018-01-24 14:00:00,2018-01-24 14:00,0.7529,0.2032,0.0,0.10902,0.44068,0.2298,0.2298,0.0,0.0
2018-01-24 15:00:00,2018-01-24 15:00,0.70892,0.2032,0.0,0.003,0.50272,0.22255,0.22255,0.0,-0.0
2018-01-24 16:00:00,2018-01-24 16:00,0.83243,0.2032,0.0,0.003,0.62623,0.21988,0.21988,0.0,-0.0
2018-01-24 17:00:00,2018-01-24 17:00,0.94314,0.2032,0.0,0.003,0.73694,0.21711,0.21711,0.0,0.0
2018-01-24 18:00:00,2018-01-24 18:00,1.09261,0.2032,0.0,0.003,0.88641,0.25092,0.19283,0.0,0.05809
2018-01-24 19:00:00,2018-01-24 19:00,1.56002,0.2032,0.0,0.11019,1.24663,0.24311,0.21501,0.0,0.0281
2018-01-24 20:00:00,2018-01-24 20:00,2.08331,0.2032,0.0,0.43909,1.44102,0.20717,0.20717,0.0,0.0
2018-01-24 21:00:00,2018-01-24 21:00,1.45101,0.2032,0.0,0.03782,1.20999,0.21721,0.21721,0.0,0.0
2018-01-24 22:00:00,2018-01-24 22:00,1.27508,0.2032,0.0,0.003,1.06888,0.22584,0.22584,0.0,0.0
2018-01-24 23:00:00,2018-01-24 23:00,1.24226,0.2032,0.0,0.31668,0.72238,0.23256,0.23256,0.0,0.0
2018-01-25 00:00:00,2018-01-25 00:00,0.97125,0.2032,0.0,0.26505,0.503,0.23421,0.23421,0.0,-0.0
2018-01-25 01:00:00,2018-01-25 01:00,0.67234,0.2032,0.0,0.003,0.46614,0.23655,0.23655,0.0,0.0
2018-01-25 02:00:00,2018-01-25 02:00,0.65546,0.2032,0.0,0.003,0.44926,0.23779,0.23779,0.0,-0.0
2018-01-25 03:00:00,2018-01-25 03:00,0.96586,0.2032,0.0,0.32129,0.44137,0.23704,0.23704,0.0,0.0
2018-01-25 04:00:00,2018-01-25 04:00,0.70125,0.2032,0.0,0.07465,0.4234,0.23834,0.23834,0.0,-0.0
2018-01-25 05:00:00,2018-01-25 05:00,0.62948,0.2032,0.0,0.003,0.42328,0.24196,0.24196,0.0,-0.0
2018-01-25 06:00:00,2018-01-25 06:00,0.63336,0.2032,0.0,0.003,0.42716,0.24383,0.24383,0.0,0.0
2018-01-25 07:00:00,2018-01-25 07:00,0.93748,0.2032,0.0,0.21287,0.52141,0.25787,0.25787,0.0,-0.0
2018-01-25 08:00:00,2018-01-25 08:00,1.05181,0.2032,0.0,0.27266,0.57595,0.27737,0.21928,0.0,0.05809
2018-01-25 09:00:00,2018-01-25 09:00,0.89161,0.2032,0.0,0.21067,0.47774,0.23988,0.23988,0.0,0.0
2018-01-25 10:00:00,2018-01-25 10:00,0.85992,0.2032,0.0,0.21808,0.43864,0.24346,0.24346,0.0,0.0
2018-01-25 11:00:00,2018-01-25 11:00,0.64863,0.2032,0.0,0.003,0.44243,0.24576,0.24576,0.0,0.0
2018-01-25 12:00:00,2018-01-25 12:00,0.94054,0.2032,0.0,0.20953,0.52781,0.23821,0.23821,0.0,0.0
2018-01-25 13:00:00,2018-01-25 13:00,1.18636,0.2032,0.0,0.42555,0.55761,0.23393,0.23393,0.0,-0.0
2018-01-25 14:00:00,2018-01-25 14:00,1.17049,0.2032,0.0,0.42972,0.53757,0.23361,0.23361,0.0,0.0
2018-01-25 15:00:00,2018-01-25 15:00,0.97355,0.2032,0.0,0.28863,0.48172,0.23268,0.23268,0.0,0.0
2018-01-25 16:00:00,2018-01-25 16:00,0.64812,0.2032,0.0,0.003,0.44192,0.23821,0.23821,0.0,0.0
2018-01-25 17:00:00,2018-01-25 17:00,0.70934,0.2032,0.0,0.003,0.50314,0.24995,0.24995,0.0,0.0
2018-01-25 18:00:00,2018-01-25 18:00,1.20614,0.2032,0.0,0.10557,0.89737,0.30118,0.20563,0.0,0.09556
2018-01-25 19:00:00,2018-01-25 19:00,1.59987,0.2032,0.0,0.42512,0.97155,0.25789,0.23729,0.0,0.0206
2018-01-25 20:00:00,2018-01-25 20:00,1.21877,0.2032,0.0,0.25747,0.7581,0.23091,0.23091,0.0,0.0
2018-01-25 21:00:00,2018-01-25 21:00,1.21512,0.2032,0.0,0.003,1.00892,0.21749,0.21749,0.0,-0.0
2018-01-25 22:00:00,2018-01-25 22:00,1.27508,0.2032,0.0,0.003,1.06888,0.21492,0.21492,0.0,-0.0
2018-01-25 23:00:00,2018-01-25 23:00,0.88487,0.2032,0.0,0.003,0.67867,0.22413,0.22413,0.0,0.0
2018-01-26 00:00:00,2018-01-26 00:00,0.64588,0.2032,0.0,0.003,0.43968,0.22363,0.22363,0.0,0.0
2018-01-26 01:00:00,2018-01-26 01:00,0.6435,0.2032,0.0,0.003,0.4373,0.23068,0.23068,0.0,0.0
2018-01-26 02:00:00,2018-01-26 02:00,0.8676,0.2032,0.0,0.2137,0.4507,0.22666,0.22666,0.0,-0.0
2018-01-26 03:00:00,2018-01-26 03:00,0.89814,0.2032,0.0,0.23932,0.45562,0.21776,0.21776,0.0,0.0
2018-01-26 04:00:00,2018-01-26 04:00,0.6414,0.2032,0.0,0.003,0.4352,0.20913,0.20913,0.0,0.0
2018-01-26 05:00:00,2018-01-26 05:00,1.67607,1.25354,0.0,0.003,0.41953,0.0502,0.0502,0.0,-0.0
2018-01-26 06:00:00,2018-01-26 06:00,1.95535,1.52538,0.0,0.003,0.42697,0.0,0.0,0.0,0.0
2018-01-26 07:00:00,2018-01-26 07:00,2.47171,1.46567,0.0,0.41081,0.59523,0.0,0.0,0.0,0.0
2018-01-26 08:00:00,2018-01-26 08:00,2.47853,1.37498,0.0,0.41846,0.68509,0.0,0.0,0.0,0.0
2018-01-26 09:00:00,2018-01-26 09:00,2.47174,1.35849,0.0,0.42573,0.68752,0.0,0.0,0.0,0.0
2018-01-26 10:00:00,2018-01-26 10:00,2.10123,1.30695,0.0,0.17192,0.62236,0.0,0.0,0.0,0.0
2018-01-26 11:00:00,2018-01-26 11:00,1.8386,1.28194,0.0,0.003,0.55366,0.0,0.0,0.0,0.0
2018-01-26 12:00:00,2018-01-26 12:00,1.71837,1.28114,0.0,0.003,0.43423,0.0,0.0,0.0,0.0
2018-01-26 13:00:00,2018-01-26 13:00,1.57758,1.13403,0.0,0.003,0.44055,0.0,0.0,0.0,0.0
2018-01-26 14:00:00,2018-01-26 14:00,1.53139,1.08772,0.0,0.003,0.44067,0.0,0.0,0.0,0.0
2018-01-26 15:00:00,2018-01-26 15:00,1.44909,0.9401,0.0,0.003,0.50599,0.0281,0.0,0.0,0.0281
2018-01-26 16:00:00,2018-01-26 16:00,1.90188,0.93015,0.0,0.34551,0.62622,0.0,0.0,0.0,0.0
2018-01-26 17:00:00,2018-01-26 17:00,1.70676,0.96682,0.0,0.003,0.73694,0.0,0.0,0.0,0.0
2018-01-26 18:00:00,2018-01-26 18:00,2.06692,1.08057,0.0,0.003,0.98335,0.0,0.0,0.0,0.0
2018-01-26 19:00:00,2018-01-26 19:00,2.66113,1.35333,0.0,0.32425,0.98355,0.0,0.0,0.0,0.0
2018-01-26 20:00:00,2018-01-26 20:00,2.6103,1.46902,0.0,0.17214,0.96914,0.0,0.0,0.0,0.0
2018-01-26 21:00:00,2018-01-26 21:00,2.63778,1.56685,0.0,0.003,1.06793,0.0,0.0,0.0,0.0
2018-01-26 22:00:00,2018-01-26 22:00,2.77198,1.5606,0.0,0.003,1.20838,0.0,0.0,0.0,0.0
2018-01-26 23:00:00,2018-01-26 23:00,2.29127,1.55942,0.0,0.003,0.72885,0.0,0.0,0.0,0.0
2018-01-27 00:00:00,2018-01-27 00:00,2.08376,1.56752,0.0,0.003,0.51324,0.0,0.0,0.0,0.0
2018-01-27 01:00:00,2018-01-27 01:00,0.97195,0.2032,0.0,0.2144,0.55435,0.24441,0.17696,0.0,0.06745
2018-01-27 02:00:00,2018-01-27 02:00,0.8701,0.2032,0.0,0.21373,0.45317,0.22171,0.20297,0.0,0.01875
2018-01-27 03:00:00,2018-01-27 03:00,0.63632,0.2032,0.0,0.003,0.43012,0.19809,0.19809,0.0,0.0
2018-01-27 04:00:00,2018-01-27 04:00,0.63084,0.2032,0.0,0.003,0.42464,0.2015,0.2015,0.0,0.0
2018-01-27 05:00:00,2018-01-27 05:00,0.62708,0.2032,0.0,0.003,0.42088,0.20673,0.20673,0.0,0.0
2018-01-27 06:00:00,2018-01-27 06:00,0.62888,0.2032,0.0,0.003,0.42268,0.22023,0.22023,0.0,0.0
2018-01-27 07:00:00,2018-01-27 07:00,0.67666,0.2032,0.0,0.003,0.47046,0.25038,0.25038,0.0,-0.0
2018-01-27 08:00:00,2018-01-27 08:00,0.7268,0.2032,0.0,0.003,0.5206,0.23894,0.23894,0.0,0.0
2018-01-27 09:00:00,2018-01-27 09:00,0.72232,0.2032,0.0,0.003,0.51612,0.23866,0.23866,0.0,-0.0
2018-01-27 10:00:00,2018-01-27 10:00,1.20561,0.2032,0.0,0.43562,0.56679,0.21814,0.21814,0.0,-0.0
2018-01-27 11:00:00,2018-01-27 11:00,1.29976,0.2032,0.0,0.32123,0.77533,0.19069,0.19069,0.0,-0.0
2018-01-27 12:00:00,2018-01-27 12:00,1.41211,0.2032,0.0,0.31424,0.89467,0.18059,0.16934,0.0,0.01124
2018-01-27 13:00:00,2018-01-27 13:00,1.64399,0.2032,0.0,0.42849,1.0123,0.23418,0.12176,0.0,0.11242
2018-01-27 14:00:00,2018-01-27 14:00,1.59327,0.2032,0.0,0.43584,0.95423,0.16035,0.13975,0.0,0.0206
2018-01-27 15:00:00,2018-01-27 15:00,1.59767,0.2032,0.0,0.42202,0.97245,0.14387,0.14387,0.0,-0.0
2018-01-27 16:00:00,2018-01-27 16:00,1.659,0.2032,0.0,0.41967,1.03613,0.156,0.156,0.0,-0.0
2018-01-27 17:00:00,2018-01-27 17:00,1.82411,0.2032,0.0,0.42712,1.19379,0.19267,0.13458,0.0,0.05809
2018-01-27 18:00:00,2018-01-27 18:00,1.80505,0.2032,0.0,0.32965,1.2722,0.159,0.159,0.0,-0.0
2018-01-27 19:00:00,2018-01-27 19:00,1.65893,0.2032,0.0,0.003,1.45273,0.18473,0.18473,0.0,-0.0
2018-01-27 20:00:00,2018-01-27 20:00,1.82682,0.2032,0.0,0.10632,1.5173,0.18087,0.18087,0.0,0.0
2018-01-27 21:00:00,2018-01-27 21:00,2.11155,0.2032,0.0,0.41607,1.49228,0.18591,0.18591,0.0,0.0
2018-01-27 22:00:00,2018-01-27 22:00,1.72848,0.2032,0.0,0.21268,1.3126,0.20054,0.20054,0.0,-0.0
2018-01-27 23:00:00,2018-01-27 23:00,1.12226,0.2032,0.0,0.003,0.91606,0.25464,0.19655,0.0,0.05809
2018-01-28 00:00:00,2018-01-28 00:00,0.71474,0.2032,0.0,0.003,0.50854,0.22877,0.22877,0.0,0.0
2018-01-28 01:00:00,2018-01-28 01:00,0.66508,0.2032,0.0,0.003,0.45888,0.23953,0.23953,0.0,0.0
2018-01-28 02:00:00,2018-01-28 02:00,0.63752,0.2032,0.0,0.003,0.43132,0.24536,0.24536,0.0,0.0
2018-01-28 03:00:00,2018-01-28 03:00,0.63632,0.2032,0.0,0.003,0.43012,0.24927,0.24927,0.0,0.0
2018-01-28 04:00:00,2018-01-28 04:00,0.97846,0.2032,0.0,0.35062,0.42464,0.25509,0.25509,0.0,-0.0
2018-01-28 05:00:00,2018-01-28 05:00,0.62708,0.2032,0.0,0.003,0.42088,0.26125,0.26125,0.0,0.0
2018-01-28 06:00:00,2018-01-28 06:00,0.62888,0.2032,0.0,0.003,0.42268,0.27204,0.27204,0.0,0.0
2018-01-28 07:00:00,2018-01-28 07:00,0.6688,0.2032,0.0,0.003,0.4626,0.29738,0.29738,0.0,0.0
2018-01-28 08:00:00,2018-01-28 08:00,0.72314,0.2032,0.0,0.003,0.51694,0.29496,0.26685,0.0,0.0281
2018-01-28 09:00:00,2018-01-28 09:00,1.13289,0.2032,0.0,0.32142,0.60827,0.2828,0.2828,0.0,0.0
2018-01-28 10:00:00,2018-01-28 10:00,1.20012,0.2032,0.0,0.21568,0.78124,0.26805,0.26805,0.0,0.0
2018-01-28 11:00:00,2018-01-28 11:00,1.00894,0.2032,0.0,0.003,0.80274,0.25693,0.25693,0.0,-0.0
2018-01-28 12:00:00,2018-01-28 12:00,1.40012,0.2032,0.0,0.31349,0.88343,0.25274,0.25274,0.0,-0.0
2018-01-28 13:00:00,2018-01-28 13:00,1.51331,0.2032,0.0,0.42243,0.88768,0.24423,0.24423,0.0,0.0
2018-01-28 14:00:00,2018-01-28 14:00,1.31429,0.2032,0.0,0.27616,0.83493,0.24802,0.23678,0.0,0.01124
2018-01-28 15:00:00,2018-01-28 15:00,1.28355,0.2032,0.0,0.003,1.07735,0.29588,0.19097,0.0,0.10491
2018-01-28 16:00:00,2018-01-28 16:00,1.24233,0.2032,0.0,0.003,1.03613,0.23677,0.23677,0.0,-0.0
2018-01-28 17:00:00,2018-01-28 17:00,1.44441,0.2032,0.0,0.1055,1.13571,0.23879,0.23879,0.0,-0.0
2018-01-28 18:00:00,2018-01-28 18:00,1.80399,0.2032,0.0,0.35191,1.24888,0.24022,0.24022,0.0,0.0
2018-01-28 19:00:00,2018-01-28 19:00,1.42315,0.2032,0.0,0.003,1.21695,0.27591,0.27591,0.0,-0.0
2018-01-28 20:00:00,2018-01-28 20:00,1.46213,0.2032,0.0,0.003,1.25593,0.26557,0.26557,0.0,-0.0
2018-01-28 21:00:00,2018-01-28 21:00,1.44272,0.2032,0.0,0.003,1.23652,0.26321,0.26321,0.0,0.0
2018-01-28 22:00:00,2018-01-28 22:00,1.73206,0.2032,0.0,0.42914,1.09972,0.27021,0.27021,0.0,0.0
2018-01-28 23:00:00,2018-01-28 23:00,1.12833,0.2032,0.0,0.04506,0.88007,0.28446,0.28446,0.0,0.0
2018-01-29 00:00:00,2018-01-29 00:00,0.77568,0.2032,0.0,0.003,0.56948,0.30556,0.30556,0.0,0.0
2018-01-29 01:00:00,2018-01-29 01:00,0.6416,0.2032,0.0,0.003,0.4354,0.31991,0.31991,0.0,0.0
2018-01-29 02:00:00,2018-01-29 02:00,0.63628,0.2032,0.0,0.003,0.43008,0.33309,0.33309,0.0,-0.0
2018-01-29 03:00:00,2018-01-29 03:00,0.63508,0.2032,0.0,0.003,0.42888,0.34142,0.34142,0.0,0.0
2018-01-29 04:00:00,2018-01-29 04:00,0.63104,0.2032,0.0,0.003,0.42484,0.34904,0.34904,0.0,-0.0
2018-01-29 05:00:00,2018-01-29 05:00,0.95698,0.2032,0.0,0.31487,0.43891,0.3561,0.3561,0.0,-0.0
2018-01-29 06:00:00,2018-01-29 06:00,1.11861,0.2032,0.0,0.43174,0.48367,0.36249,0.36249,0.0,-0.0
2018-01-29 07:00:00,2018-01-29 07:00,0.98368,0.2032,0.0,0.1965,0.58398,0.42353,0.38418,0.0,0.03935
2018-01-29 08:00:00,2018-01-29 08:00,0.88372,0.2032,0.0,0.10471,0.57581,0.39311,0.37436,0.0,0.01875
2018-01-29 09:00:00,2018-01-29 09:00,1.13991,0.2032,0.0,0.40632,0.53039,0.3839,0.38389,0.0,0.0
2018-01-29 10:00:00,2018-01-29 10:00,1.16633,0.2032,0.0,0.4329,0.53023,0.3651,0.3651,0.0,-0.0
2018-01-29 11:00:00,2018-01-29 11:00,0.71655,0.2032,0.0,0.04318,0.47017,0.34168,0.34168,0.0,0.0
2018-01-29 12:00:00,2018-01-29 12:00,0.64044,0.2032,0.0,0.003,0.43424,0.32195,0.32195,0.0,0.0
2018-01-29 13:00:00,2018-01-29 13:00,0.64676,0.2032,0.0,0.003,0.44056,0.29972,0.29972,0.0,0.0
2018-01-29 14:00:00,2018-01-29 14:00,0.64688,0.2032,0.0,0.003,0.44068,0.28026,0.28026,0.0,0.0
2018-01-29 15:00:00,2018-01-29 15:00,0.80013,0.2032,0.0,0.10536,0.49157,0.26267,0.26267,0.0,0.0
2018-01-29 16:00:00,2018-01-29 16:00,1.05105,0.2032,0.0,0.39199,0.45586,0.25925,0.25925,0.0,0.0
2018-01-29 17:00:00,2018-01-29 17:00,0.79974,0.2032,0.0,0.003,0.59354,0.26013,0.26013,0.0,-0.0
2018-01-29 18:00:00,2018-01-29 18:00,1.05458,0.2032,0.0,0.20446,0.64692,0.27209,0.27209,0.0,0.0
2018-01-29 19:00:00,2018-01-29 19:00,1.53304,0.2032,0.0,0.41167,0.91817,0.29791,0.29791,0.0,-0.0
2018-01-29 20:00:00,2018-01-29 20:00,1.83118,0.2032,0.0,0.42229,1.20569,0.27927,0.27926,0.0,0.0
2018-01-29 21:00:00,2018-01-29 21:00,1.86868,0.2032,0.0,0.19675,1.46873,0.29239,0.28115,0.0,0.01124
2018-01-29 22:00:00,2018-01-29 22:00,1.39256,0.2032,0.0,0.003,1.18636,0.3094,0.29254,0.0,0.01686
2018-01-29 23:00:00,2018-01-29 23:00,1.42131,0.2032,0.0,0.40026,0.81785,0.32498,0.32498,0.0,0.0
2018-01-30 00:00:00,2018-01-30 00:00,0.67256,0.2032,0.0,0.003,0.46636,0.34932,0.34932,0.0,0.0
2018-01-30 01:00:00,2018-01-30 01:00,0.6416,0.2032,0.0,0.003,0.4354,0.36331,0.36331,0.0,0.0
2018-01-30 02:00:00,2018-01-30 02:00,0.63628,0.2032,0.0,0.003,0.43008,0.37476,0.37476,0.0,0.0
2018-01-30 03:00:00,2018-01-30 03:00,0.63508,0.2032,0.0,0.003,0.42888,0.39019,0.39019,0.0,0.0
2018-01-30 04:00:00,2018-01-30 04:00,0.6296,0.2032,0.0,0.003,0.4234,0.38989,0.38989,0.0,0.0
2018-01-30 05:00:00,2018-01-30 05:00,0.63136,0.2032,0.0,0.003,0.42516,0.39628,0.39628,0.0,-0.0
2018-01-30 06:00:00,2018-01-30 06:00,1.0752,0.2032,0.0,0.39668,0.47532,0.40021,0.40021,0.0,-0.0
2018-01-30 07:00:00,2018-01-30 07:00,1.20824,0.2032,0.0,0.40024,0.6048,0.41823,0.41823,0.0,-0.0
2018-01-30 08:00:00,2018-01-30 08:00,1.19734,0.2032,0.0,0.39688,0.59726,0.39475,0.39475,0.0,-0.0
2018-01-30 09:00:00,2018-01-30 09:00,1.18802,0.2032,0.0,0.39788,0.58694,0.38764,0.38764,0.0,0.0
2018-01-30 10:00:00,2018-01-30 10:00,1.142,0.2032,0.0,0.41793,0.52087,0.38667,0.38667,0.0,-0.0
2018-01-30 11:00:00,2018-01-30 11:00,0.9495,0.2032,0.0,0.31314,0.43316,0.37916,0.37916,0.0,0.0
2018-01-30 12:00:00,2018-01-30 12:00,0.64044,0.2032,0.0,0.003,0.43424,0.361,0.361,0.0,-0.0
2018-01-30 13:00:00,2018-01-30 13:00,0.77055,0.2032,0.0,0.003,0.56435,0.37634,0.30889,0.0,0.06745
2018-01-30 14:00:00,2018-01-30 14:00,0.76252,0.2032,0.0,0.003,0.55632,0.31915,0.3004,0.0,0.01875
2018-01-30 15:00:00,2018-01-30 15:00,0.68792,0.2032,0.0,0.003,0.48172,0.32046,0.32046,0.0,-0.0
2018-01-30 16:00:00,2018-01-30 16:00,1.09628,0.2032,0.0,0.38142,0.51166,0.31595,0.31595,0.0,-0.0
2018-01-30 17:00:00,2018-01-30 17:00,0.81098,0.2032,0.0,0.003,0.60478,0.29869,0.28745,0.0,0.01124
2018-01-30 18:00:00,2018-01-30 18:00,1.26466,0.2032,0.0,0.10588,0.95558,0.28168,0.26481,0.0,0.01686
2018-01-30 19:00:00,2018-01-30 19:00,2.88776,0.2032,0.0,0.42521,2.25935,0.27956,0.27956,0.0,-0.0
2018-01-30 20:00:00,2018-01-30 20:00,1.15058,0.2032,0.0,0.003,0.94438,0.23885,0.23885,0.0,0.0
2018-01-30 21:00:00,2018-01-30 21:00,2.75948,0.2032,0.0,0.003,2.55328,0.25176,0.25176,0.0,0.0
2018-01-30 22:00:00,2018-01-30 22:00,3.32066,0.2032,0.0,0.003,3.11446,0.25065,0.25065,0.0,0.0
2018-01-30 23:00:00,2018-01-30 23:00,2.72901,0.2032,0.0,0.003,2.52281,0.23417,0.23417,0.0,0.0
2018-01-31 00:00:00,2018-01-31 00:00,0.77302,0.2032,0.0,0.003,0.56682,0.22003,0.22003,0.0,0.0
2018-01-31 01:00:00,2018-01-31 01:00,0.70357,0.2032,0.0,0.003,0.49737,0.2184,0.2184,0.0,0.0
2018-01-31 02:00:00,2018-01-31 02:00,0.64719,0.2032,0.0,0.003,0.44099,0.22031,0.22031,0.0,-0.0
2018-01-31 03:00:00,2018-01-31 03:00,0.74064,0.2032,0.0,0.10856,0.42888,0.2232,0.2232,0.0,0.0
2018-01-31 04:00:00,2018-01-31 04:00,0.86182,0.2032,0.0,0.23522,0.4234,0.21967,0.21967,0.0,0.0
2018-01-31 05:00:00,2018-01-31 05:00,0.66326,0.2032,0.0,0.003,0.45706,0.23734,0.20924,0.0,0.0281
2018-01-31 06:00:00,2018-01-31 06:00,0.79244,0.2032,0.0,0.10557,0.48367,0.22993,0.22993,0.0,0.0
2018-01-31 07:00:00,2018-01-31 07:00,1.1958,0.2032,0.0,0.42881,0.56379,0.25726,0.24602,0.0,0.01124
2018-01-31 08:00:00,2018-01-31 08:00,0.93657,0.2032,0.0,0.0806,0.65277,0.27582,0.22897,0.0,0.04685
2018-01-31 09:00:00,2018-01-31 09:00,1.13351,0.2032,0.0,0.30861,0.6217,0.2599,0.2599,0.0,0.0
2018-01-31 10:00:00,2018-01-31 10:00,1.16426,0.2032,0.0,0.43083,0.53023,0.25918,0.25918,0.0,-0.0
2018-01-31 11:00:00,2018-01-31 11:00,1.1193,0.2032,0.0,0.36703,0.54907,0.23235,0.23235,0.0,-0.0
2018-01-31 12:00:00,2018-01-31 12:00,0.65444,0.2032,0.0,0.003,0.44824,0.21606,0.21606,0.0,-0.0
2018-01-31 13:00:00,2018-01-31 13:00,0.64676,0.2032,0.0,0.003,0.44056,0.21514,0.21514,0.0,0.0
2018-01-31 14:00:00,2018-01-31 14:00,0.64688,0.2032,0.0,0.003,0.44068,0.20935,0.20935,0.0,0.0
2018-01-31 15:00:00,2018-01-31 15:00,0.7698,0.2032,0.0,0.003,0.5636,0.19495,0.19495,0.0,0.0
2018-01-31 16:00:00,2018-01-31 16:00,0.87721,0.2032,0.0,0.003,0.67101,0.18909,0.18909,0.0,0.0
2018-01-31 17:00:00,2018-01-31 17:00,1.34073,0.2032,0.0,0.31315,0.82438,0.18076,0.18076,0.0,-0.0
2018-01-31 18:00:00,2018-01-31 18:00,1.47795,0.2032,0.0,0.41983,0.85492,0.18038,0.18038,0.0,0.0
2018-01-31 19:00:00,2018-01-31 19:00,1.42779,0.2032,0.0,0.003,1.22159,0.19514,0.19514,0.0,0.0
2018-01-31 20:00:00,2018-01-31 20:00,3.98421,0.2032,0.0,0.41851,3.3625,0.24071,0.17326,0.0,0.06745
2018-01-31 21:00:00,2018-01-31 21:00,3.93346,0.2032,0.0,0.11123,3.61903,0.26295,0.23296,0.0,0.02999
2018-01-31 22:00:00,2018-01-31 22:00,1.42339,0.2032,0.0,0.003,1.21719,0.34797,0.23555,0.0,0.11242
2018-01-31 23:00:00,2018-01-31 23:00,1.03724,0.2032,0.0,0.003,0.83104,0.37892,0.27024,0.0,0.10868
2018-02-01 00:00:00,2018-02-01 00:00,0.70931,0.2032,0.0,0.003,0.50311,0.34291,0.34291,0.0,0.0
2018-02-01 01:00:00,2018-02-01 01:00,0.64088,0.2032,0.0,0.003,0.43468,0.36967,0.36967,0.0,0.0
2018-02-01 02:00:00,2018-02-01 02:00,0.6356,0.2032,0.0,0.003,0.4294,0.39745,0.39745,0.0,0.0
2018-02-01 03:00:00,2018-02-01 03:00,0.84494,0.2032,0.0,0.21354,0.4282,0.39954,0.39954,0.0,0.0
2018-02-01 04:00:00,2018-02-01 04:00,0.78926,0.2032,0.0,0.15889,0.42717,0.41639,0.41639,0.0,0.0
2018-02-01 05:00:00,2018-02-01 05:00,0.96254,0.2032,0.0,0.30472,0.45462,0.44906,0.44906,0.0,0.0
2018-02-01 06:00:00,2018-02-01 06:00,1.09538,0.2032,0.0,0.41667,0.47551,0.47619,0.44808,0.0,0.0281
2018-02-01 07:00:00,2018-02-01 07:00,0.96108,0.2032,0.0,0.29728,0.4606,0.48095,0.48095,0.0,0.0
2018-02-01 08:00:00,2018-02-01 08:00,0.66363,0.2032,0.0,0.003,0.45743,0.48006,0.48006,0.0,-0.0
2018-02-01 09:00:00,2018-02-01 09:00,0.64864,0.2032,0.0,0.003,0.44244,0.47928,0.47928,0.0,0.0
2018-02-01 10:00:00,2018-02-01 10:00,0.64428,0.2032,0.0,0.003,0.43808,0.466,0.466,0.0,-0.0
2018-02-01 11:00:00,2018-02-01 11:00,0.63884,0.2032,0.0,0.003,0.43264,0.43943,0.43943,0.0,0.0
2018-02-01 12:00:00,2018-02-01 12:00,0.63992,0.2032,0.0,0.003,0.43372,0.40933,0.40933,0.0,0.0
2018-02-01 13:00:00,2018-02-01 13:00,0.6462,0.2032,0.0,0.003,0.44,0.38388,0.38388,0.0,0.0
2018-02-01 14:00:00,2018-02-01 14:00,0.64628,0.2032,0.0,0.003,0.44008,0.38445,0.38445,0.0,0.0
2018-02-01 15:00:00,2018-02-01 15:00,0.80703,0.2032,0.0,0.1073,0.49653,0.37728,0.37728,0.0,0.0
2018-02-01 16:00:00,2018-02-01 16:00,1.12453,0.2032,0.0,0.36527,0.55606,0.36244,0.36244,0.0,-0.0
2018-02-01 17:00:00,2018-02-01 17:00,0.79585,0.2032,0.0,0.003,0.58965,0.35851,0.35851,0.0,-0.0
2018-02-01 18:00:00,2018-02-01 18:00,0.94435,0.2032,0.0,0.003,0.73815,0.36003,0.36003,0.0,-0.0
2018-02-01 19:00:00,2018-02-01 19:00,1.93568,0.2032,0.0,0.41967,1.31281,0.39629,0.36818,0.0,0.0281
2018-02-01 20:00:00,2018-02-01 20:00,1.84884,0.2032,0.0,0.17067,1.47497,0.36823,0.36823,0.0,-0.0
2018-02-01 21:00:00,2018-02-01 21:00,1.61715,0.2032,0.0,0.003,1.41095,0.37717,0.37717,0.0,0.0
2018-02-01 22:00:00,2018-02-01 22:00,1.39243,0.2032,0.0,0.10431,1.08492,0.3929,0.3929,0.0,0.0
2018-02-01 23:00:00,2018-02-01 23:00,2.52023,0.2032,0.0,0.42101,1.89602,0.42935,0.42935,0.0,0.0
2018-02-02 00:00:00,2018-02-02 00:00,1.76226,0.2032,0.0,0.003,1.55606,0.44684,0.44684,0.0,0.0
2018-02-02 01:00:00,2018-02-02 01:00,0.64088,0.2032,0.0,0.003,0.43468,0.44161,0.44161,0.0,0.0
2018-02-02 02:00:00,2018-02-02 02:00,0.6356,0.2032,0.0,0.003,0.4294,0.46166,0.46166,0.0,-0.0
2018-02-02 03:00:00,2018-02-02 03:00,0.6344,0.2032,0.0,0.003,0.4282,0.46805,0.46805,0.0,0.0
2018-02-02 04:00:00,2018-02-02 04:00,0.62892,0.2032,0.0,0.003,0.42272,0.47907,0.47907,0.0,0.0
2018-02-02 05:00:00,2018-02-02 05:00,0.62516,0.2032,0.0,0.003,0.41896,0.48879,0.48879,0.0,0.0
2018-02-02 06:00:00,2018-02-02 06:00,0.62696,0.2032,0.0,0.003,0.42076,0.5046,0.5046,0.0,0.0
2018-02-02 07:00:00,2018-02-02 07:00,0.94748,0.2032,0.0,0.21016,0.53412,0.533,0.533,0.0,0.0
2018-02-02 08:00:00,2018-02-02 08:00,1.20911,0.2032,0.0,0.40922,0.59669,0.50196,0.50196,0.0,0.0
2018-02-02 09:00:00,2018-02-02 09:00,0.73636,0.2032,0.0,0.003,0.53016,0.4915,0.4915,0.0,-0.0
2018-02-02 10:00:00,2018-02-02 10:00,0.78937,0.2032,0.0,0.10548,0.48069,0.46445,0.46445,0.0,-0.0
2018-02-02 11:00:00,2018-02-02 11:00,1.00308,0.2032,0.0,0.36724,0.43264,0.44223,0.44223,0.0,0.0
2018-02-02 12:00:00,2018-02-02 12:00,0.71248,0.2032,0.0,0.003,0.50628,0.41104,0.41104,0.0,0.0
2018-02-02 13:00:00,2018-02-02 13:00,0.73989,0.2032,0.0,0.003,0.53369,0.37095,0.37095,0.0,0.0
2018-02-02 14:00:00,2018-02-02 14:00,0.71499,0.2032,0.0,0.003,0.50879,0.35043,0.35043,0.0,0.0
2018-02-02 15:00:00,2018-02-02 15:00,0.9297,0.2032,0.0,0.20541,0.52109,0.34193,0.34193,0.0,0.0
2018-02-02 16:00:00,2018-02-02 16:00,1.16292,0.2032,0.0,0.40366,0.55606,0.34292,0.34292,0.0,-0.0
2018-02-02 17:00:00,2018-02-02 17:00,1.25798,0.2032,0.0,0.41921,0.63557,0.33839,0.33839,0.0,0.0
2018-02-02 18:00:00,2018-02-02 18:00,1.57512,0.2032,0.0,0.42533,0.94659,0.33059,0.33059,0.0,0.0
2018-02-02 19:00:00,2018-02-02 19:00,1.51894,0.2032,0.0,0.27349,1.04225,0.37432,0.34248,0.0,0.03184
2018-02-02 20:00:00,2018-02-02 20:00,1.52883,0.2032,0.0,0.003,1.32263,0.33173,0.30737,0.0,0.02437
2018-02-02 21:00:00,2018-02-02 21:00,1.61715,0.2032,0.0,0.003,1.41095,0.30867,0.30867,0.0,0.0
2018-02-02 22:00:00,2018-02-02 22:00,1.59811,0.2032,0.0,0.30999,1.08492,0.31312,0.31312,0.0,0.0
2018-02-02 23:00:00,2018-02-02 23:00,1.25298,0.2032,0.0,0.29743,0.75235,0.31875,0.31875,0.0,0.0
2018-02-03 00:00:00,2018-02-03 00:00,0.67448,0.2032,0.0,0.003,0.46828,0.32567,0.32567,0.0,0.0
2018-02-03 01:00:00,2018-02-03 01:00,0.64212,0.2032,0.0,0.003,0.43592,0.32591,0.32591,0.0,-0.0
2018-02-03 02:00:00,2018-02-03 02:00,0.63684,0.2032,0.0,0.003,0.43064,0.32683,0.32683,0.0,0.0
2018-02-03 03:00:00,2018-02-03 03:00,0.63568,0.2032,0.0,0.003,0.42948,0.32914,0.32914,0.0,0.0
2018-02-03 04:00:00,2018-02-03 04:00,0.6302,0.2032,0.0,0.003,0.424,0.33023,0.33023,0.0,-0.0
2018-02-03 05:00:00,2018-02-03 05:00,0.62644,0.2032,0.0,0.003,0.42024,0.3313,0.3313,0.0,0.0
2018-02-03 06:00:00,2018-02-03 06:00,0.6282,0.2032,0.0,0.003,0.422,0.32934,0.32934,0.0,0.0
2018-02-03 07:00:00,2018-02-03 07:00,0.66804,0.2032,0.0,0.003,0.46184,0.34314,0.34314,0.0,0.0
2018-02-03 08:00:00,2018-02-03 08:00,0.74271,0.2032,0.0,0.003,0.53651,0.32204,0.32204,0.0,0.0
2018-02-03 09:00:00,2018-02-03 09:00,1.13653,0.2032,0.0,0.20911,0.72422,0.32891,0.30081,0.0,0.0281
2018-02-03 10:00:00,2018-02-03 10:00,1.2073,0.2032,0.0,0.38375,0.62035,0.30263,0.30263,0.0,-0.0
2018-02-03 11:00:00,2018-02-03 11:00,0.75375,0.2032,0.0,0.003,0.54755,0.29039,0.28851,0.0,0.00187
2018-02-03 12:00:00,2018-02-03 12:00,0.864,0.2032,0.0,0.003,0.6578,0.28447,0.25824,0.0,0.02622
2018-02-03 13:00:00,2018-02-03 13:00,1.50019,0.2032,0.0,0.41147,0.88552,0.29576,0.23956,0.0,0.0562
2018-02-03 14:00:00,2018-02-03 14:00,1.50648,0.2032,0.0,0.3594,0.94388,0.25811,0.25811,0.0,-0.0
2018-02-03 15:00:00,2018-02-03 15:00,1.19404,0.2032,0.0,0.003,0.98784,0.25829,0.25829,0.0,0.0
2018-02-03 16:00:00,2018-02-03 16:00,1.17099,0.2032,0.0,0.003,0.96479,0.27223,0.27223,0.0,-0.0
2018-02-03 17:00:00,2018-02-03 17:00,1.47953,0.2032,0.0,0.31076,0.96557,0.28062,0.28062,0.0,0.0
2018-02-03 18:00:00,2018-02-03 18:00,1.61186,0.2032,0.0,0.41864,0.99002,0.30099,0.2729,0.0,0.0281
2018-02-03 19:00:00,2018-02-03 19:00,1.71634,0.2032,0.0,0.41884,1.0943,0.30497,0.30497,0.0,-0.0
2018-02-03 20:00:00,2018-02-03 20:00,1.63807,0.2032,0.0,0.43176,1.00311,0.30099,0.30099,0.0,0.0
2018-02-03 21:00:00,2018-02-03 21:00,1.38928,0.2032,0.0,0.12112,1.06496,0.3263,0.2982,0.0,0.0281
2018-02-03 22:00:00,2018-02-03 22:00,0.91942,0.2032,0.0,0.003,0.71322,0.3289,0.3289,0.0,0.0
2018-02-03 23:00:00,2018-02-03 23:00,0.73781,0.2032,0.0,0.003,0.53161,0.3537,0.3537,0.0,0.0
2018-02-04 00:00:00,2018-02-04 00:00,0.64632,0.2032,0.0,0.003,0.44012,0.36882,0.36882,0.0,-0.0
2018-02-04 01:00:00,2018-02-04 01:00,0.6699,0.2032,0.0,0.003,0.4637,0.37275,0.37275,0.0,-0.0
2018-02-04 02:00:00,2018-02-04 02:00,0.63684,0.2032,0.0,0.003,0.43064,0.38829,0.38829,0.0,0.0
2018-02-04 03:00:00,2018-02-04 03:00,0.63568,0.2032,0.0,0.003,0.42948,0.41099,0.41099,0.0,-0.0
2018-02-04 04:00:00,2018-02-04 04:00,0.84628,0.2032,0.0,0.21101,0.43207,0.44104,0.44104,0.0,0.0
2018-02-04 05:00:00,2018-02-04 05:00,0.99327,0.2032,0.0,0.36229,0.42778,0.44206,0.44206,0.0,0.0
2018-02-04 06:00:00,2018-02-04 06:00,0.62914,0.2032,0.0,0.003,0.42294,0.45591,0.45591,0.0,0.0
2018-02-04 07:00:00,2018-02-04 07:00,0.85962,0.2032,0.0,0.10541,0.55101,0.48472,0.48472,0.0,-0.0
2018-02-04 08:00:00,2018-02-04 08:00,1.27477,0.2032,0.0,0.41076,0.66081,0.46872,0.46872,0.0,0.0
2018-02-04 09:00:00,2018-02-04 09:00,1.26545,0.2032,0.0,0.41817,0.64408,0.47286,0.47286,0.0,-0.0
2018-02-04 10:00:00,2018-02-04 10:00,0.96728,0.2032,0.0,0.003,0.76108,0.45405,0.45217,0.0,0.00187
2018-02-04 11:00:00,2018-02-04 11:00,1.02876,0.2032,0.0,0.003,0.82256,0.47003,0.41571,0.0,0.05433
2018-02-04 12:00:00,2018-02-04 12:00,1.82258,0.2032,0.0,0.10485,1.51453,0.42881,0.42881,0.0,0.0
2018-02-04 13:00:00,2018-02-04 13:00,2.06818,0.2032,0.0,0.41604,1.44894,0.41116,0.41116,0.0,0.0
2018-02-04 14:00:00,2018-02-04 14:00,1.57321,0.2032,0.0,0.42613,0.94388,0.39733,0.39733,0.0,0.0
2018-02-04 15:00:00,2018-02-04 15:00,1.37635,0.2032,0.0,0.18531,0.98784,0.37367,0.37367,0.0,-0.0
2018-02-04 16:00:00,2018-02-04 16:00,1.58498,0.2032,0.0,0.30686,1.07492,0.37484,0.34675,0.0,0.0281
2018-02-04 17:00:00,2018-02-04 17:00,1.76275,0.2032,0.0,0.4229,1.13665,0.36254,0.36254,0.0,-0.0
2018-02-04 18:00:00,2018-02-04 18:00,1.52219,0.2032,0.0,0.04568,1.27331,0.3671,0.3671,0.0,-0.0
2018-02-04 19:00:00,2018-02-04 19:00,1.90558,0.2032,0.0,0.20563,1.49675,0.41868,0.39058,0.0,0.0281
2018-02-04 20:00:00,2018-02-04 20:00,1.98178,0.2032,0.0,0.24918,1.5294,0.38815,0.38815,0.0,-0.0
2018-02-04 21:00:00,2018-02-04 21:00,1.42608,0.2032,0.0,0.003,1.21988,0.40489,0.40489,0.0,-0.0
2018-02-04 22:00:00,2018-02-04 22:00,1.26211,0.2032,0.0,0.003,1.05591,0.42343,0.42343,0.0,0.0
2018-02-04 23:00:00,2018-02-04 23:00,1.14007,0.2032,0.0,0.20723,0.72964,0.44151,0.44151,0.0,0.0
2018-02-05 00:00:00,2018-02-05 00:00,0.94235,0.2032,0.0,0.26387,0.47528,0.456,0.456,0.0,-0.0
2018-02-05 01:00:00,2018-02-05 01:00,0.64088,0.2032,0.0,0.003,0.43468,0.45978,0.45978,0.0,0.0
2018-02-05 02:00:00,2018-02-05 02:00,0.6356,0.2032,0.0,0.003,0.4294,0.46223,0.46223,0.0,0.0
2018-02-05 03:00:00,2018-02-05 03:00,0.63798,0.2032,0.0,0.003,0.43178,0.46592,0.46592,0.0,0.0
2018-02-05 04:00:00,2018-02-05 04:00,0.63337,0.2032,0.0,0.003,0.42717,0.46517,0.46517,0.0,0.0
2018-02-05 05:00:00,2018-02-05 05:00,0.9508,0.2032,0.0,0.30905,0.43855,0.46132,0.46132,0.0,-0.0
2018-02-05 06:00:00,2018-02-05 06:00,1.08566,0.2032,0.0,0.42481,0.45765,0.4562,0.4562,0.0,-0.0
2018-02-05 07:00:00,2018-02-05 07:00,1.18812,0.2032,0.0,0.41163,0.57329,0.47302,0.47302,0.0,-0.0
2018-02-05 08:00:00,2018-02-05 08:00,1.10858,0.2032,0.0,0.40659,0.49879,0.45079,0.45079,0.0,0.0
2018-02-05 09:00:00,2018-02-05 09:00,1.15145,0.2032,0.0,0.41809,0.53016,0.43963,0.43963,0.0,0.0
2018-02-05 10:00:00,2018-02-05 10:00,0.89549,0.2032,0.0,0.16292,0.52937,0.4171,0.4171,0.0,-0.0
2018-02-05 11:00:00,2018-02-05 11:00,0.83323,0.2032,0.0,0.10514,0.52489,0.38529,0.38529,0.0,0.0
2018-02-05 12:00:00,2018-02-05 12:00,1.1717,0.2032,0.0,0.4156,0.5529,0.3699,0.3699,0.0,0.0
2018-02-05 13:00:00,2018-02-05 13:00,1.04083,0.2032,0.0,0.24032,0.59731,0.34816,0.34816,0.0,-0.0
2018-02-05 14:00:00,2018-02-05 14:00,0.64628,0.2032,0.0,0.003,0.44008,0.34208,0.34208,0.0,-0.0
2018-02-05 15:00:00,2018-02-05 15:00,0.67477,0.2032,0.0,0.003,0.46857,0.33246,0.33246,0.0,0.0
2018-02-05 16:00:00,2018-02-05 16:00,0.64744,0.2032,0.0,0.003,0.44124,0.31824,0.31824,0.0,0.0
2018-02-05 17:00:00,2018-02-05 17:00,0.93929,0.2032,0.0,0.2075,0.52859,0.31331,0.31331,0.0,-0.0
2018-02-05 18:00:00,2018-02-05 18:00,1.37851,0.2032,0.0,0.27556,0.89975,0.35418,0.29797,0.0,0.05621
2018-02-05 19:00:00,2018-02-05 19:00,1.46706,0.2032,0.0,0.003,1.26086,0.34126,0.34126,0.0,0.0
2018-02-05 20:00:00,2018-02-05 20:00,2.0955,0.2032,0.0,0.41733,1.47497,0.32654,0.32654,0.0,0.0
2018-02-05 21:00:00,2018-02-05 21:00,1.71704,0.2032,0.0,0.03817,1.47567,0.35258,0.35258,0.0,-0.0
2018-02-05 22:00:00,2018-02-05 22:00,1.409,0.2032,0.0,0.003,1.2028,0.38122,0.38122,0.0,0.0
2018-02-05 23:00:00,2018-02-05 23:00,0.8857,0.2032,0.0,0.003,0.6795,0.39648,0.39648,0.0,0.0
2018-02-06 00:00:00,2018-02-06 00:00,0.64508,0.2032,0.0,0.003,0.43888,0.41259,0.41259,0.0,0.0
2018-02-06 01:00:00,2018-02-06 01:00,0.64088,0.2032,0.0,0.003,0.43468,0.42341,0.42341,0.0,0.0
2018-02-06 02:00:00,2018-02-06 02:00,0.6356,0.2032,0.0,0.003,0.4294,0.43208,0.43208,0.0,-0.0
2018-02-06 03:00:00,2018-02-06 03:00,0.6344,0.2032,0.0,0.003,0.4282,0.44961,0.44961,0.0,0.0
2018-02-06 04:00:00,2018-02-06 04:00,0.73669,0.2032,0.0,0.10632,0.42717,0.45626,0.45626,0.0,0.0
2018-02-06 05:00:00,2018-02-06 05:00,1.01476,0.2032,0.0,0.38915,0.42241,0.46548,0.46548,0.0,-0.0
2018-02-06 06:00:00,2018-02-06 06:00,0.64338,0.2032,0.0,0.003,0.43718,0.47963,0.47963,0.0,-0.0
2018-02-06 07:00:00,2018-02-06 07:00,0.95718,0.2032,0.0,0.20728,0.5467,0.51413,0.51413,0.0,0.0
2018-02-06 08:00:00,2018-02-06 08:00,1.26967,0.2032,0.0,0.41065,0.65582,0.53069,0.47448,0.0,0.05621
2018-02-06 09:00:00,2018-02-06 09:00,1.15773,0.2032,0.0,0.40554,0.54899,0.48025,0.48025,0.0,0.0
2018-02-06 10:00:00,2018-02-06 10:00,1.13146,0.2032,0.0,0.42505,0.50321,0.45643,0.45643,0.0,-0.0
2018-02-06 11:00:00,2018-02-06 11:00,0.69594,0.2032,0.0,0.0601,0.43264,0.42726,0.42726,0.0,0.0
2018-02-06 12:00:00,2018-02-06 12:00,0.63992,0.2032,0.0,0.003,0.43372,0.40773,0.40773,0.0,0.0
2018-02-06 13:00:00,2018-02-06 13:00,0.6462,0.2032,0.0,0.003,0.44,0.37918,0.37918,0.0,-0.0
2018-02-06 14:00:00,2018-02-06 14:00,0.64628,0.2032,0.0,0.003,0.44008,0.36626,0.36626,0.0,0.0
2018-02-06 15:00:00,2018-02-06 15:00,0.64764,0.2032,0.0,0.003,0.44144,0.36074,0.36074,0.0,0.0
2018-02-06 16:00:00,2018-02-06 16:00,0.73877,0.2032,0.0,0.003,0.53257,0.35084,0.35084,0.0,0.0
2018-02-06 17:00:00,2018-02-06 17:00,0.96915,0.2032,0.0,0.20997,0.55598,0.37097,0.33912,0.0,0.03184
2018-02-06 18:00:00,2018-02-06 18:00,1.42387,0.2032,0.0,0.42156,0.79911,0.37713,0.3228,0.0,0.05433
2018-02-06 19:00:00,2018-02-06 19:00,1.7817,0.2032,0.0,0.42147,1.15703,0.36588,0.36588,0.0,-0.0
2018-02-06 20:00:00,2018-02-06 20:00,1.62786,0.2032,0.0,0.003,1.42166,0.3425,0.3425,0.0,0.0
2018-02-06 21:00:00,2018-02-06 21:00,1.68187,0.2032,0.0,0.003,1.47567,0.34334,0.34334,0.0,-0.0
2018-02-06 22:00:00,2018-02-06 22:00,1.409,0.2032,0.0,0.003,1.2028,0.35135,0.35135,0.0,0.0
2018-02-06 23:00:00,2018-02-06 23:00,0.90479,0.2032,0.0,0.003,0.69859,0.36205,0.36205,0.0,-0.0
2018-02-07 00:00:00,2018-02-07 00:00,0.6966,0.2032,0.0,0.003,0.4904,0.36675,0.36675,0.0,0.0
2018-02-07 01:00:00,2018-02-07 01:00,0.96114,0.2032,0.0,0.31619,0.44175,0.3697,0.3697,0.0,0.0
2018-02-07 02:00:00,2018-02-07 02:00,0.70885,0.2032,0.0,0.07625,0.4294,0.37201,0.37201,0.0,0.0
2018-02-07 03:00:00,2018-02-07 03:00,0.6344,0.2032,0.0,0.003,0.4282,0.37654,0.37654,0.0,0.0
2018-02-07 04:00:00,2018-02-07 04:00,0.63337,0.2032,0.0,0.003,0.42717,0.37822,0.37823,0.0,-0.0
2018-02-07 05:00:00,2018-02-07 05:00,0.95213,0.2032,0.0,0.31038,0.43855,0.38396,0.38396,0.0,0.0
2018-02-07 06:00:00,2018-02-07 06:00,1.0707,0.2032,0.0,0.41904,0.44846,0.39591,0.39591,0.0,0.0
2018-02-07 07:00:00,2018-02-07 07:00,0.85143,0.2032,0.0,0.18763,0.4606,0.43339,0.43339,0.0,-0.0
2018-02-07 08:00:00,2018-02-07 08:00,0.64404,0.2032,0.0,0.003,0.43784,0.4238,0.4238,0.0,0.0
2018-02-07 09:00:00,2018-02-07 09:00,1.00028,0.2032,0.0,0.31156,0.48552,0.41285,0.41285,0.0,-0.0
2018-02-07 10:00:00,2018-02-07 10:00,0.82803,0.2032,0.0,0.18675,0.43808,0.38841,0.38841,0.0,-0.0
2018-02-07 11:00:00,2018-02-07 11:00,0.63884,0.2032,0.0,0.003,0.43264,0.36317,0.36317,0.0,0.0
2018-02-07 12:00:00,2018-02-07 12:00,0.66612,0.2032,0.0,0.003,0.45992,0.32933,0.32933,0.0,0.0
2018-02-07 13:00:00,2018-02-07 13:00,0.66626,0.2032,0.0,0.003,0.46006,0.3125,0.3125,0.0,0.0
2018-02-07 14:00:00,2018-02-07 14:00,0.64628,0.2032,0.0,0.003,0.44008,0.30712,0.30712,0.0,0.0
2018-02-07 15:00:00,2018-02-07 15:00,0.67834,0.2032,0.0,0.003,0.47214,0.30219,0.30219,0.0,0.0
2018-02-07 16:00:00,2018-02-07 16:00,0.96947,0.2032,0.0,0.21021,0.55606,0.29825,0.29825,0.0,-0.0
2018-02-07 17:00:00,2018-02-07 17:00,1.26095,0.2032,0.0,0.37118,0.68657,0.35567,0.2695,0.0,0.08617
2018-02-07 18:00:00,2018-02-07 18:00,1.19487,0.2032,0.0,0.003,0.98867,0.3012,0.3012,0.0,-0.0
2018-02-07 19:00:00,2018-02-07 19:00,1.61807,0.2032,0.0,0.2067,1.20817,0.33368,0.33368,0.0,-0.0
2018-02-07 20:00:00,2018-02-07 20:00,1.92441,0.2032,0.0,0.42295,1.29826,0.32385,0.32385,0.0,-0.0
2018-02-07 21:00:00,2018-02-07 21:00,1.7047,0.2032,0.0,0.09055,1.41095,0.32712,0.32712,0.0,0.0
2018-02-07 22:00:00,2018-02-07 22:00,1.29112,0.2032,0.0,0.003,1.08492,0.34259,0.34259,0.0,0.0
2018-02-07 23:00:00,2018-02-07 23:00,1.19518,0.2032,0.0,0.10245,0.88953,0.34607,0.34607,0.0,-0.0
2018-02-08 00:00:00,2018-02-08 00:00,1.16596,0.2032,0.0,0.41812,0.54464,0.35241,0.35241,0.0,0.0
2018-02-08 01:00:00,2018-02-08 01:00,0.76025,0.2032,0.0,0.1071,0.44995,0.35907,0.35907,0.0,0.0
2018-02-08 02:00:00,2018-02-08 02:00,0.6356,0.2032,0.0,0.003,0.4294,0.36766,0.36766,0.0,0.0
2018-02-08 03:00:00,2018-02-08 03:00,0.6344,0.2032,0.0,0.003,0.4282,0.37249,0.37249,0.0,0.0
2018-02-08 04:00:00,2018-02-08 04:00,0.62892,0.2032,0.0,0.003,0.42272,0.38495,0.38495,0.0,0.0
2018-02-08 05:00:00,2018-02-08 05:00,0.73658,0.2032,0.0,0.1064,0.42698,0.39492,0.39492,0.0,0.0
2018-02-08 06:00:00,2018-02-08 06:00,1.127,0.2032,0.0,0.41785,0.50595,0.42179,0.38995,0.0,0.03184
2018-02-08 07:00:00,2018-02-08 07:00,1.26882,0.2032,0.0,0.39738,0.66824,0.47448,0.39205,0.0,0.08243
2018-02-08 08:00:00,2018-02-08 08:00,1.31127,0.2032,0.0,0.40557,0.7025,0.43748,0.38127,0.0,0.05621
2018-02-08 09:00:00,2018-02-08 09:00,1.18851,0.2032,0.0,0.41739,0.56792,0.39232,0.39232,0.0,-0.0
2018-02-08 10:00:00,2018-02-08 10:00,0.99466,0.2032,0.0,0.2652,0.52626,0.36585,0.36585,0.0,0.0
2018-02-08 11:00:00,2018-02-08 11:00,0.63884,0.2032,0.0,0.003,0.43264,0.33578,0.33578,0.0,0.0
2018-02-08 12:00:00,2018-02-08 12:00,0.63992,0.2032,0.0,0.003,0.43372,0.31446,0.31446,0.0,0.0
2018-02-08 13:00:00,2018-02-08 13:00,0.67331,0.2032,0.0,0.003,0.46711,0.29834,0.29834,0.0,-0.0
2018-02-08 14:00:00,2018-02-08 14:00,0.97394,0.2032,0.0,0.20993,0.56081,0.28006,0.28006,0.0,0.0
2018-02-08 15:00:00,2018-02-08 15:00,1.06066,0.2032,0.0,0.315,0.54246,0.26837,0.26837,0.0,-0.0
2018-02-08 16:00:00,2018-02-08 16:00,0.85349,0.2032,0.0,0.003,0.64729,0.26987,0.26987,0.0,-0.0
2018-02-08 17:00:00,2018-02-08 17:00,1.31881,0.2032,0.0,0.30759,0.80802,0.27627,0.27627,0.0,0.0
2018-02-08 18:00:00,2018-02-08 18:00,1.50961,0.2032,0.0,0.41635,0.89006,0.28442,0.28442,0.0,0.0
2018-02-08 19:00:00,2018-02-08 19:00,1.43773,0.2032,0.0,0.29404,0.94049,0.31475,0.31475,0.0,0.0
2018-02-08 20:00:00,2018-02-08 20:00,2.10965,0.2032,0.0,0.003,1.90345,0.30168,0.30168,0.0,0.0
2018-02-08 21:00:00,2018-02-08 21:00,3.4336,0.2032,0.0,0.10414,3.12626,0.31686,0.31686,0.0,0.0
2018-02-08 22:00:00,2018-02-08 22:00,1.74286,0.2032,0.0,0.41058,1.12908,0.30789,0.30789,0.0,-0.0
2018-02-08 23:00:00,2018-02-08 23:00,1.11149,0.2032,0.0,0.19064,0.71765,0.32499,0.32499,0.0,0.0
2018-02-09 00:00:00,2018-02-09 00:00,0.75417,0.2032,0.0,0.003,0.54797,0.33762,0.33762,0.0,-0.0
2018-02-09 01:00:00,2018-02-09 01:00,0.64795,0.2032,0.0,0.003,0.44175,0.34394,0.34394,0.0,0.0
2018-02-09 02:00:00,2018-02-09 02:00,0.6356,0.2032,0.0,0.003,0.4294,0.36084,0.36084,0.0,0.0
2018-02-09 03:00:00,2018-02-09 03:00,0.6344,0.2032,0.0,0.003,0.4282,0.37469,0.37469,0.0,0.0
2018-02-09 04:00:00,2018-02-09 04:00,0.66148,0.2032,0.0,0.003,0.45528,0.38887,0.36077,0.0,0.0281
2018-02-09 05:00:00,2018-02-09 05:00,1.05494,0.2032,0.0,0.41319,0.43855,0.3764,0.3764,0.0,-0.0
2018-02-09 06:00:00,2018-02-09 06:00,1.09648,0.2032,0.0,0.42109,0.47219,0.38915,0.38915,0.0,-0.0
2018-02-09 07:00:00,2018-02-09 07:00,1.185,0.2032,0.0,0.42305,0.55875,0.42158,0.42158,0.0,0.0
2018-02-09 08:00:00,2018-02-09 08:00,1.12181,0.2032,0.0,0.42463,0.49398,0.41137,0.41137,0.0,-0.0
2018-02-09 09:00:00,2018-02-09 09:00,0.68999,0.2032,0.0,0.01868,0.46811,0.41357,0.41357,0.0,-0.0
2018-02-09 10:00:00,2018-02-09 10:00,0.68669,0.2032,0.0,0.003,0.48049,0.39479,0.39479,0.0,0.0
2018-02-09 11:00:00,2018-02-09 11:00,0.665,0.2032,0.0,0.003,0.4588,0.36241,0.36241,0.0,0.0
2018-02-09 12:00:00,2018-02-09 12:00,0.68313,0.2032,0.0,0.003,0.47693,0.34223,0.34223,0.0,-0.0
2018-02-09 13:00:00,2018-02-09 13:00,0.6462,0.2032,0.0,0.003,0.44,0.33076,0.33076,0.0,0.0
2018-02-09 14:00:00,2018-02-09 14:00,0.64628,0.2032,0.0,0.003,0.44008,0.32001,0.32001,0.0,0.0
2018-02-09 15:00:00,2018-02-09 15:00,0.64764,0.2032,0.0,0.003,0.44144,0.30375,0.30375,0.0,-0.0
2018-02-09 16:00:00,2018-02-09 16:00,0.96631,0.2032,0.0,0.31751,0.4456,0.30278,0.30278,0.0,0.0
2018-02-09 17:00:00,2018-02-09 17:00,0.89524,0.2032,0.0,0.10239,0.58965,0.3054,0.3054,0.0,0.0
2018-02-09 18:00:00,2018-02-09 18:00,0.85256,0.2032,0.0,0.003,0.64636,0.31642,0.31642,0.0,0.0
2018-02-09 19:00:00,2018-02-09 19:00,1.25639,0.2032,0.0,0.1044,0.94879,0.34518,0.34518,0.0,0.0
2018-02-09 20:00:00,2018-02-09 20:00,1.7405,0.2032,0.0,0.30442,1.23288,0.32879,0.32879,0.0,0.0
2018-02-09 21:00:00,2018-02-09 21:00,1.68187,0.2032,0.0,0.003,1.47567,0.33042,0.33042,0.0,-0.0
2018-02-09 22:00:00,2018-02-09 22:00,1.29514,0.2032,0.0,0.003,1.08894,0.34281,0.34281,0.0,0.0
2018-02-09 23:00:00,2018-02-09 23:00,0.90479,0.2032,0.0,0.003,0.69859,0.36428,0.36428,0.0,0.0
2018-02-10 00:00:00,2018-02-10 00:00,1.01691,0.2032,0.0,0.31202,0.50169,0.37583,0.37583,0.0,0.0
2018-02-10 01:00:00,2018-02-10 01:00,0.80368,0.2032,0.0,0.16456,0.43592,0.37718,0.37718,0.0,-0.0
2018-02-10 02:00:00,2018-02-10 02:00,0.63684,0.2032,0.0,0.003,0.43064,0.38082,0.38082,0.0,0.0
2018-02-10 03:00:00,2018-02-10 03:00,0.63568,0.2032,0.0,0.003,0.42948,0.38049,0.38049,0.0,0.0
2018-02-10 04:00:00,2018-02-10 04:00,0.63795,0.2032,0.0,0.003,0.43175,0.3846,0.3846,0.0,-0.0
2018-02-10 05:00:00,2018-02-10 05:00,0.62683,0.2032,0.0,0.003,0.42063,0.39607,0.39607,0.0,0.0
2018-02-10 06:00:00,2018-02-10 06:00,0.77233,0.2032,0.0,0.10535,0.46378,0.4018,0.4018,0.0,-0.0
2018-02-10 07:00:00,2018-02-10 07:00,1.05285,0.2032,0.0,0.31994,0.52971,0.43977,0.43977,0.0,0.0
2018-02-10 08:00:00,2018-02-10 08:00,0.78112,0.2032,0.0,0.003,0.57492,0.42726,0.42726,0.0,-0.0
2018-02-10 09:00:00,2018-02-10 09:00,1.26544,0.2032,0.0,0.41988,0.64236,0.41393,0.41393,0.0,-0.0
2018-02-10 10:00:00,2018-02-10 10:00,0.98211,0.2032,0.0,0.07189,0.70702,0.38608,0.38608,0.0,-0.0
2018-02-10 11:00:00,2018-02-10 11:00,0.97318,0.2032,0.0,0.003,0.76698,0.38353,0.35543,0.0,0.0281
2018-02-10 12:00:00,2018-02-10 12:00,0.97567,0.2032,0.0,0.003,0.76947,0.35285,0.35285,0.0,0.0
2018-02-10 13:00:00,2018-02-10 13:00,1.32899,0.2032,0.0,0.4176,0.70819,0.3374,0.3374,0.0,0.0
2018-02-10 14:00:00,2018-02-10 14:00,1.25502,0.2032,0.0,0.16674,0.88508,0.30671,0.30671,0.0,-0.0
2018-02-10 15:00:00,2018-02-10 15:00,1.61078,0.2032,0.0,0.41974,0.98784,0.28207,0.28207,0.0,0.0
2018-02-10 16:00:00,2018-02-10 16:00,1.67082,0.2032,0.0,0.4208,1.04682,0.27217,0.27217,0.0,0.0
2018-02-10 17:00:00,2018-02-10 17:00,1.24545,0.2032,0.0,0.09144,0.95081,0.2844,0.2844,0.0,-0.0
2018-02-10 18:00:00,2018-02-10 18:00,1.17511,0.2032,0.0,0.3041,0.66781,0.31349,0.31349,0.0,-0.0
2018-02-10 19:00:00,2018-02-10 19:00,1.50194,0.2032,0.0,0.30547,0.99327,0.38601,0.32981,0.0,0.0562
2018-02-10 20:00:00,2018-02-10 20:00,1.21391,0.2032,0.0,0.003,1.00771,0.34144,0.34144,0.0,0.0
2018-02-10 21:00:00,2018-02-10 21:00,1.36428,0.2032,0.0,0.003,1.15808,0.35042,0.35042,0.0,-0.0
2018-02-10 22:00:00,2018-02-10 22:00,1.06356,0.2032,0.0,0.003,0.85736,0.36749,0.36749,0.0,0.0
2018-02-10 23:00:00,2018-02-10 23:00,0.81247,0.2032,0.0,0.003,0.60627,0.38787,0.38787,0.0,0.0
2018-02-11 00:00:00,2018-02-11 00:00,0.66027,0.2032,0.0,0.003,0.45407,0.40495,0.40495,0.0,0.0
2018-02-11 01:00:00,2018-02-11 01:00,0.64212,0.2032,0.0,0.003,0.43592,0.4197,0.4197,0.0,0.0
2018-02-11 02:00:00,2018-02-11 02:00,0.63684,0.2032,0.0,0.003,0.43064,0.42096,0.42096,0.0,0.0
2018-02-11 03:00:00,2018-02-11 03:00,0.63568,0.2032,0.0,0.003,0.42948,0.42868,0.42868,0.0,0.0
2018-02-11 04:00:00,2018-02-11 04:00,0.63041,0.2032,0.0,0.003,0.42421,0.44198,0.44198,0.0,-0.0
2018-02-11 05:00:00,2018-02-11 05:00,0.96115,0.2032,0.0,0.31624,0.44171,0.44762,0.44762,0.0,-0.0
2018-02-11 06:00:00,2018-02-11 06:00,1.0798,0.2032,0.0,0.41376,0.46284,0.44807,0.44807,0.0,0.0
2018-02-11 07:00:00,2018-02-11 07:00,1.06466,0.2032,0.0,0.39642,0.46504,0.48123,0.47935,0.0,0.00187
2018-02-11 08:00:00,2018-02-11 08:00,0.80734,0.2032,0.0,0.003,0.60114,0.47387,0.44765,0.0,0.02622
2018-02-11 09:00:00,2018-02-11 09:00,1.10387,0.2032,0.0,0.20455,0.69612,0.43829,0.43829,0.0,0.0
2018-02-11 10:00:00,2018-02-11 10:00,1.41094,0.2032,0.0,0.42044,0.7873,0.4195,0.3914,0.0,0.0281
2018-02-11 11:00:00,2018-02-11 11:00,1.12348,0.2032,0.0,0.15585,0.76443,0.35745,0.35745,0.0,-0.0
2018-02-11 12:00:00,2018-02-11 12:00,0.91922,0.2032,0.0,0.003,0.71302,0.33218,0.33218,0.0,-0.0
2018-02-11 13:00:00,2018-02-11 13:00,1.22347,0.2032,0.0,0.31003,0.71024,0.31079,0.31079,0.0,0.0
2018-02-11 14:00:00,2018-02-11 14:00,1.51578,0.2032,0.0,0.37681,0.93577,0.28491,0.28491,0.0,-0.0
2018-02-11 15:00:00,2018-02-11 15:00,2.2799,0.2032,0.0,0.003,2.0737,0.28131,0.28131,0.0,-0.0
2018-02-11 16:00:00,2018-02-11 16:00,3.13437,0.2032,0.0,0.003,2.92817,0.28455,0.28455,0.0,0.0
2018-02-11 17:00:00,2018-02-11 17:00,0.93628,0.2032,0.0,0.003,0.73008,0.26666,0.26666,0.0,-0.0
2018-02-11 18:00:00,2018-02-11 18:00,1.394,0.2032,0.0,0.40948,0.78132,0.26934,0.26934,0.0,0.0
2018-02-11 19:00:00,2018-02-11 19:00,1.60063,0.2032,0.0,0.40912,0.98831,0.30153,0.30153,0.0,0.0
2018-02-11 20:00:00,2018-02-11 20:00,1.60453,0.2032,0.0,0.40585,0.99548,0.29074,0.29074,0.0,0.0
2018-02-11 21:00:00,2018-02-11 21:00,1.34711,0.2032,0.0,0.42552,0.71839,0.30941,0.30941,0.0,-0.0
2018-02-11 22:00:00,2018-02-11 22:00,1.07942,0.2032,0.0,0.21704,0.65918,0.32614,0.32614,0.0,-0.0
2018-02-11 23:00:00,2018-02-11 23:00,0.77484,0.2032,0.0,0.003,0.56864,0.33841,0.33841,0.0,0.0
2018-02-12 00:00:00,2018-02-12 00:00,1.09601,0.2032,0.0,0.41807,0.47474,0.34746,0.34746,0.0,0.0
2018-02-12 01:00:00,2018-02-12 01:00,0.71796,0.2032,0.0,0.08008,0.43468,0.35557,0.35557,0.0,-0.0
2018-02-12 02:00:00,2018-02-12 02:00,0.6356,0.2032,0.0,0.003,0.4294,0.36857,0.36857,0.0,0.0
2018-02-12 03:00:00,2018-02-12 03:00,0.6344,0.2032,0.0,0.003,0.4282,0.38593,0.38593,0.0,-0.0
2018-02-12 04:00:00,2018-02-12 04:00,0.62892,0.2032,0.0,0.003,0.42272,0.39356,0.39356,0.0,0.0
2018-02-12 05:00:00,2018-02-12 05:00,0.62516,0.2032,0.0,0.003,0.41896,0.40256,0.40256,0.0,-0.0
2018-02-12 06:00:00,2018-02-12 06:00,0.62696,0.2032,0.0,0.003,0.42076,0.41063,0.41063,0.0,0.0
2018-02-12 07:00:00,2018-02-12 07:00,0.82083,0.2032,0.0,0.10586,0.51177,0.44247,0.44247,0.0,0.0
2018-02-12 08:00:00,2018-02-12 08:00,1.14735,0.2032,0.0,0.42273,0.52142,0.42915,0.42915,0.0,-0.0
2018-02-12 09:00:00,2018-02-12 09:00,0.94878,0.2032,0.0,0.19659,0.54899,0.41996,0.41996,0.0,-0.0
2018-02-12 10:00:00,2018-02-12 10:00,0.86293,0.2032,0.0,0.10415,0.55558,0.39313,0.39313,0.0,0.0
2018-02-12 11:00:00,2018-02-12 11:00,1.1503,0.2032,0.0,0.40235,0.54475,0.36534,0.36534,0.0,0.0
2018-02-12 12:00:00,2018-02-12 12:00,1.08699,0.2032,0.0,0.40686,0.47693,0.35025,0.35025,0.0,-0.0
2018-02-12 13:00:00,2018-02-12 13:00,1.00942,0.2032,0.0,0.36622,0.44,0.33579,0.33579,0.0,-0.0
2018-02-12 14:00:00,2018-02-12 14:00,0.64628,0.2032,0.0,0.003,0.44008,0.32543,0.32543,0.0,0.0
2018-02-12 15:00:00,2018-02-12 15:00,0.80081,0.2032,0.0,0.10465,0.49296,0.30615,0.30615,0.0,-0.0
2018-02-12 16:00:00,2018-02-12 16:00,1.10615,0.2032,0.0,0.42464,0.47831,0.29608,0.29608,0.0,-0.0
2018-02-12 17:00:00,2018-02-12 17:00,1.03973,0.2032,0.0,0.21503,0.6215,0.3158,0.28395,0.0,0.03184
2018-02-12 18:00:00,2018-02-12 18:00,1.10789,0.2032,0.0,0.003,0.90169,0.31333,0.28896,0.0,0.02437
2018-02-12 19:00:00,2018-02-12 19:00,1.56195,0.2032,0.0,0.10383,1.25492,0.34175,0.31365,0.0,0.0281
2018-02-12 20:00:00,2018-02-12 20:00,2.08924,0.2032,0.0,0.41107,1.47497,0.30778,0.30778,0.0,0.0
2018-02-12 21:00:00,2018-02-12 21:00,2.00529,0.2032,0.0,0.39873,1.40336,0.32276,0.32276,0.0,-0.0
2018-02-12 22:00:00,2018-02-12 22:00,1.07745,0.2032,0.0,0.003,0.87125,0.34698,0.34698,0.0,0.0
2018-02-12 23:00:00,2018-02-12 23:00,0.77089,0.2032,0.0,0.003,0.56469,0.36091,0.36091,0.0,-0.0
2018-02-13 00:00:00,2018-02-13 00:00,0.64508,0.2032,0.0,0.003,0.43888,0.35832,0.35832,0.0,0.0
2018-02-13 01:00:00,2018-02-13 01:00,0.64088,0.2032,0.0,0.003,0.43468,0.35514,0.35514,0.0,0.0
2018-02-13 02:00:00,2018-02-13 02:00,0.73908,0.2032,0.0,0.10291,0.43297,0.35888,0.35888,0.0,0.0
2018-02-13 03:00:00,2018-02-13 03:00,1.04605,0.2032,0.0,0.41465,0.4282,0.35827,0.35827,0.0,-0.0
2018-02-13 04:00:00,2018-02-13 04:00,0.75542,0.2032,0.0,0.1295,0.42272,0.36041,0.36041,0.0,0.0
2018-02-13 05:00:00,2018-02-13 05:00,0.62516,0.2032,0.0,0.003,0.41896,0.3602,0.3602,0.0,0.0
2018-02-13 06:00:00,2018-02-13 06:00,0.64338,0.2032,0.0,0.003,0.43718,0.35845,0.35845,0.0,-0.0
2018-02-13 07:00:00,2018-02-13 07:00,1.15978,0.2032,0.0,0.30805,0.64853,0.39119,0.36309,0.0,0.0281
2018-02-13 08:00:00,2018-02-13 08:00,1.32294,0.2032,0.0,0.40759,0.71215,0.33939,0.33939,0.0,0.0
2018-02-13 09:00:00,2018-02-13 09:00,1.23826,0.2032,0.0,0.41665,0.61841,0.332,0.332,0.0,-0.0
2018-02-13 10:00:00,2018-02-13 10:00,1.2011,0.2032,0.0,0.40298,0.59492,0.33106,0.33106,0.0,0.0
2018-02-13 11:00:00,2018-02-13 11:00,1.09661,0.2032,0.0,0.4178,0.47561,0.33462,0.33462,0.0,-0.0
2018-02-13 12:00:00,2018-02-13 12:00,0.79936,0.2032,0.0,0.16244,0.43372,0.32382,0.32382,0.0,0.0
2018-02-13 13:00:00,2018-02-13 13:00,0.6462,0.2032,0.0,0.003,0.44,0.3052,0.3052,0.0,0.0
2018-02-13 14:00:00,2018-02-13 14:00,0.64628,0.2032,0.0,0.003,0.44008,0.27693,0.27693,0.0,0.0
2018-02-13 15:00:00,2018-02-13 15:00,0.64764,0.2032,0.0,0.003,0.44144,0.25722,0.25722,0.0,-0.0
2018-02-13 16:00:00,2018-02-13 16:00,0.85767,0.2032,0.0,0.10452,0.54995,0.23381,0.23381,0.0,-0.0
2018-02-13 17:00:00,2018-02-13 17:00,2.56536,0.2032,0.0,0.41459,1.94757,0.23959,0.23959,0.0,0.0
2018-02-13 18:00:00,2018-02-13 18:00,1.28358,0.2032,0.0,0.41243,0.66795,0.24287,0.24287,0.0,-0.0
2018-02-13 19:00:00,2018-02-13 19:00,0.72169,0.2032,0.0,0.003,0.51549,0.26978,0.26978,0.0,0.0
2018-02-13 20:00:00,2018-02-13 20:00,0.93707,0.2032,0.0,0.003,0.73087,0.25208,0.25208,0.0,0.0
2018-02-13 21:00:00,2018-02-13 21:00,1.50926,0.2032,0.0,0.20567,1.10039,0.24254,0.24254,0.0,0.0
2018-02-13 22:00:00,2018-02-13 22:00,1.67089,0.2032,0.0,0.42835,1.03934,0.2432,0.2432,0.0,-0.0
2018-02-13 23:00:00,2018-02-13 23:00,0.94674,0.2032,0.0,0.02811,0.71543,0.25417,0.25417,0.0,-0.0
2018-02-14 00:00:00,2018-02-14 00:00,0.65964,0.2032,0.0,0.003,0.45344,0.26573,0.26573,0.0,0.0
2018-02-14 01:00:00,2018-02-14 01:00,0.64088,0.2032,0.0,0.003,0.43468,0.27296,0.27296,0.0,-0.0
2018-02-14 02:00:00,2018-02-14 02:00,0.6356,0.2032,0.0,0.003,0.4294,0.27618,0.27618,0.0,0.0
2018-02-14 03:00:00,2018-02-14 03:00,0.6344,0.2032,0.0,0.003,0.4282,0.27649,0.27649,0.0,0.0
2018-02-14 04:00:00,2018-02-14 04:00,0.62892,0.2032,0.0,0.003,0.42272,0.27613,0.27613,0.0,0.0
2018-02-14 05:00:00,2018-02-14 05:00,0.62516,0.2032,0.0,0.003,0.41896,0.27892,0.27892,0.0,0.0
2018-02-14 06:00:00,2018-02-14 06:00,0.86957,0.2032,0.0,0.21127,0.4551,0.28631,0.28257,0.0,0.00374
2018-02-14 07:00:00,2018-02-14 07:00,1.2875,0.2032,0.0,0.41042,0.67388,0.31532,0.29096,0.0,0.02437
2018-02-14 08:00:00,2018-02-14 08:00,1.26408,0.2032,0.0,0.41056,0.65032,0.2851,0.2851,0.0,-0.0
2018-02-14 09:00:00,2018-02-14 09:00,1.07928,0.2032,0.0,0.41497,0.46111,0.28471,0.28471,0.0,0.0
2018-02-14 10:00:00,2018-02-14 10:00,0.64428,0.2032,0.0,0.003,0.43808,0.2523,0.2523,0.0,0.0
2018-02-14 11:00:00,2018-02-14 11:00,0.63884,0.2032,0.0,0.003,0.43264,0.22146,0.22146,0.0,-0.0
2018-02-14 12:00:00,2018-02-14 12:00,0.63992,0.2032,0.0,0.003,0.43372,0.20271,0.20271,0.0,-0.0
2018-02-14 13:00:00,2018-02-14 13:00,1.69056,1.2476,0.0,0.003,0.43996,0.04761,0.04761,0.0,0.0
2018-02-14 14:00:00,2018-02-14 14:00,2.00452,1.56151,0.0,0.003,0.44001,0.0,0.0,0.0,0.0
2018-02-14 15:00:00,2018-02-14 15:00,1.94272,1.49829,0.0,0.003,0.44143,0.0,0.0,0.0,0.0
2018-02-14 16:00:00,2018-02-14 16:00,2.01508,1.35123,0.0,0.003,0.66085,0.0,0.0,0.0,0.0
2018-02-14 17:00:00,2018-02-14 17:00,2.27652,1.29909,0.0,0.10823,0.8692,0.0,0.0,0.0,0.0
2018-02-14 18:00:00,2018-02-14 18:00,2.72467,1.38189,0.0,0.41209,0.93069,0.0,0.0,0.0,0.0
2018-02-14 19:00:00,2018-02-14 19:00,2.90551,1.55879,0.0,0.40625,0.94047,0.0,0.0,0.0,0.0
2018-02-14 20:00:00,2018-02-14 20:00,3.00243,1.45359,0.0,0.40289,1.14595,0.0281,0.0,0.0,0.0281
2018-02-14 21:00:00,2018-02-14 21:00,2.41869,0.51827,0.0,0.42476,1.47566,0.10421,0.10421,0.0,0.0
2018-02-14 22:00:00,2018-02-14 22:00,1.67353,0.2032,0.0,0.26753,1.2028,0.14769,0.14769,0.0,-0.0
2018-02-14 23:00:00,2018-02-14 23:00,1.24399,0.54239,0.0,0.003,0.6986,0.11988,0.11988,0.0,0.0
2018-02-15 00:00:00,2018-02-15 00:00,0.69337,0.2032,0.0,0.003,0.48717,0.17457,0.17457,0.0,0.0
2018-02-15 01:00:00,2018-02-15 01:00,0.64088,0.2032,0.0,0.003,0.43468,0.18149,0.18149,0.0,-0.0
2018-02-15 02:00:00,2018-02-15 02:00,0.6356,0.2032,0.0,0.003,0.4294,0.18757,0.18757,0.0,0.0
2018-02-15 03:00:00,2018-02-15 03:00,0.6383,0.2032,0.0,0.003,0.4321,0.19009,0.19009,0.0,-0.0
2018-02-15 04:00:00,2018-02-15 04:00,0.63639,0.2032,0.0,0.003,0.43019,0.19652,0.19652,0.0,0.0
2018-02-15 05:00:00,2018-02-15 05:00,0.96215,0.2032,0.0,0.31237,0.44658,0.20623,0.20623,0.0,-0.0
2018-02-15 06:00:00,2018-02-15 06:00,1.164,0.2032,0.0,0.42159,0.53921,0.23025,0.20214,0.0,0.0281
2018-02-15 07:00:00,2018-02-15 07:00,1.28711,0.2032,0.0,0.43415,0.64976,0.22737,0.22737,0.0,0.0
2018-02-15 08:00:00,2018-02-15 08:00,1.12684,0.2032,0.0,0.43209,0.49155,0.21919,0.21919,0.0,0.0
2018-02-15 09:00:00,2018-02-15 09:00,0.7348,0.2032,0.0,0.06349,0.46811,0.20489,0.20489,0.0,0.0
2018-02-15 10:00:00,2018-02-15 10:00,1.00323,0.54246,0.0,0.003,0.45777,0.14193,0.14193,0.0,0.0
2018-02-15 11:00:00,2018-02-15 11:00,2.00644,1.57114,0.0,0.003,0.4323,0.0,0.0,0.0,0.0
2018-02-15 12:00:00,2018-02-15 12:00,2.01456,1.57516,0.0,0.003,0.4364,0.0,0.0,0.0,0.0
2018-02-15 13:00:00,2018-02-15 13:00,2.46657,1.57688,0.0,0.38348,0.50621,0.0,0.0,0.0,0.0
2018-02-15 14:00:00,2018-02-15 14:00,2.03152,1.58864,0.0,0.003,0.43988,0.0,0.0,0.0,0.0
2018-02-15 15:00:00,2018-02-15 15:00,2.09291,1.59358,0.0,0.003,0.49633,0.0,0.0,0.0,0.0
2018-02-15 16:00:00,2018-02-15 16:00,1.5835,0.55119,0.0,0.41211,0.6202,0.12544,0.12544,0.0,-0.0
2018-02-15 17:00:00,2018-02-15 17:00,1.37798,0.2032,0.0,0.41282,0.76196,0.1694,0.1694,0.0,0.0
2018-02-15 18:00:00,2018-02-15 18:00,1.55861,0.2032,0.0,0.4146,0.94081,0.19466,0.16655,0.0,0.0281
2018-02-15 19:00:00,2018-02-15 19:00,2.3445,0.2032,0.0,0.43252,1.70878,0.20659,0.20659,0.0,-0.0
2018-02-15 20:00:00,2018-02-15 20:00,3.63606,0.2032,0.0,0.1092,3.32366,0.23173,0.23173,0.0,-0.0
2018-02-15 21:00:00,2018-02-15 21:00,1.50062,0.2032,0.0,0.003,1.29442,0.2176,0.2176,0.0,-0.0
2018-02-15 22:00:00,2018-02-15 22:00,1.44676,0.2032,0.0,0.31785,0.92571,0.22738,0.22738,0.0,-0.0
2018-02-15 23:00:00,2018-02-15 23:00,1.33003,0.2032,0.0,0.42824,0.69859,0.2788,0.2788,0.0,0.0
2018-02-16 00:00:00,2018-02-16 00:00,1.11446,0.2032,0.0,0.42408,0.48718,0.3047,0.3047,0.0,0.0
2018-02-16 01:00:00,2018-02-16 01:00,0.7195,0.2032,0.0,0.08162,0.43468,0.33285,0.33285,0.0,0.0
2018-02-16 02:00:00,2018-02-16 02:00,0.6356,0.2032,0.0,0.003,0.4294,0.35257,0.35257,0.0,0.0
2018-02-16 03:00:00,2018-02-16 03:00,0.6344,0.2032,0.0,0.003,0.4282,0.37132,0.37132,0.0,0.0
2018-02-16 04:00:00,2018-02-16 04:00,0.62892,0.2032,0.0,0.003,0.42272,0.39417,0.39417,0.0,0.0
2018-02-16 05:00:00,2018-02-16 05:00,0.62516,0.2032,0.0,0.003,0.41896,0.39712,0.39712,0.0,-0.0
2018-02-16 06:00:00,2018-02-16 06:00,0.64338,0.2032,0.0,0.003,0.43718,0.39133,0.39133,0.0,-0.0
2018-02-16 07:00:00,2018-02-16 07:00,0.89863,0.2032,0.0,0.10421,0.59122,0.42006,0.42006,0.0,-0.0
2018-02-16 08:00:00,2018-02-16 08:00,1.32358,0.2032,0.0,0.39475,0.72563,0.4179,0.3898,0.0,0.0281
2018-02-16 09:00:00,2018-02-16 09:00,1.26789,0.2032,0.0,0.38406,0.68063,0.38372,0.38372,0.0,0.0
2018-02-16 10:00:00,2018-02-16 10:00,1.11955,0.2032,0.0,0.36712,0.54923,0.35928,0.35928,0.0,0.0
2018-02-16 11:00:00,2018-02-16 11:00,1.09293,0.2032,0.0,0.36793,0.5218,0.33708,0.33708,0.0,-0.0
2018-02-16 12:00:00,2018-02-16 12:00,1.03382,0.2032,0.0,0.3969,0.43372,0.32983,0.32983,0.0,0.0
2018-02-16 13:00:00,2018-02-16 13:00,1.06738,0.2032,0.0,0.42418,0.44,0.31131,0.31131,0.0,0.0
2018-02-16 14:00:00,2018-02-16 14:00,1.15494,0.2032,0.0,0.43927,0.51247,0.28506,0.28506,0.0,-0.0
2018-02-16 15:00:00,2018-02-16 15:00,0.94466,0.2032,0.0,0.29641,0.44505,0.27305,0.27305,0.0,0.0
2018-02-16 16:00:00,2018-02-16 16:00,0.90179,0.2032,0.0,0.10564,0.59295,0.27463,0.27463,0.0,-0.0
2018-02-16 17:00:00,2018-02-16 17:00,1.3418,0.2032,0.0,0.41493,0.72367,0.27893,0.27893,0.0,0.0
2018-02-16 18:00:00,2018-02-16 18:00,1.49738,0.2032,0.0,0.42928,0.8649,0.29381,0.26571,0.0,0.0281
2018-02-16 19:00:00,2018-02-16 19:00,1.73761,0.2032,0.0,0.32624,1.20817,0.29581,0.29581,0.0,-0.0
2018-02-16 20:00:00,2018-02-16 20:00,1.53169,0.2032,0.0,0.10441,1.22408,0.28048,0.28048,0.0,-0.0
2018-02-16 21:00:00,2018-02-16 21:00,1.85184,0.2032,0.0,0.4258,1.22284,0.29018,0.29018,0.0,0.0
2018-02-16 22:00:00,2018-02-16 22:00,1.71199,0.2032,0.0,0.08587,1.42292,0.28737,0.28737,0.0,-0.0
2018-02-16 23:00:00,2018-02-16 23:00,2.90608,0.2032,0.0,0.003,2.69988,0.3047,0.3047,0.0,0.0
2018-02-17 00:00:00,2018-02-17 00:00,2.31253,0.2032,0.0,0.41875,1.69058,0.30334,0.30334,0.0,0.0
2018-02-17 01:00:00,2018-02-17 01:00,0.81246,0.2032,0.0,0.17334,0.43592,0.29237,0.29237,0.0,0.0
2018-02-17 02:00:00,2018-02-17 02:00,0.63684,0.2032,0.0,0.003,0.43064,0.29006,0.29006,0.0,-0.0
2018-02-17 03:00:00,2018-02-17 03:00,0.63568,0.2032,0.0,0.003,0.42948,0.27743,0.27743,0.0,0.0
2018-02-17 04:00:00,2018-02-17 04:00,0.6302,0.2032,0.0,0.003,0.424,0.2662,0.2662,0.0,0.0
2018-02-17 05:00:00,2018-02-17 05:00,0.62644,0.2032,0.0,0.003,0.42024,0.25685,0.25685,0.0,-0.0
2018-02-17 06:00:00,2018-02-17 06:00,0.6282,0.2032,0.0,0.003,0.422,0.25482,0.25482,0.0,0.0
2018-02-17 07:00:00,2018-02-17 07:00,0.66936,0.2032,0.0,0.003,0.46316,0.27324,0.27324,0.0,0.0
2018-02-17 08:00:00,2018-02-17 08:00,1.0424,0.2032,0.0,0.20807,0.63113,0.28926,0.23306,0.0,0.0562
2018-02-17 09:00:00,2018-02-17 09:00,1.30409,0.2032,0.0,0.40477,0.69612,0.23395,0.23395,0.0,-0.0
2018-02-17 10:00:00,2018-02-17 10:00,1.42888,0.2032,0.0,0.41008,0.8156,0.21778,0.21778,0.0,0.0
2018-02-17 11:00:00,2018-02-17 11:00,1.41788,0.2032,0.0,0.42495,0.78973,0.20461,0.2046,0.0,0.0
2018-02-17 12:00:00,2018-02-17 12:00,1.40961,0.2032,0.0,0.43519,0.77122,0.18799,0.18799,0.0,0.0
2018-02-17 13:00:00,2018-02-17 13:00,1.04986,0.2032,0.0,0.05363,0.79303,0.17076,0.17076,0.0,0.0
2018-02-17 14:00:00,2018-02-17 14:00,1.12168,0.2032,0.0,0.003,0.91548,0.15278,0.15278,0.0,0.0
2018-02-17 15:00:00,2018-02-17 15:00,1.78977,0.67052,0.0,0.10332,1.01593,0.09939,0.0713,0.0,0.0281
2018-02-17 16:00:00,2018-02-17 16:00,2.73921,1.27349,0.0,0.41891,1.04681,0.0,0.0,0.0,0.0
2018-02-17 17:00:00,2018-02-17 17:00,2.68571,1.42341,0.0,0.12567,1.13663,0.0,0.0,0.0,0.0
2018-02-17 18:00:00,2018-02-17 18:00,1.47951,0.2032,0.0,0.003,1.27331,0.15183,0.15183,0.0,-0.0
2018-02-17 19:00:00,2018-02-17 19:00,1.67484,0.2032,0.0,0.003,1.46864,0.16848,0.16848,0.0,0.0
2018-02-17 20:00:00,2018-02-17 20:00,1.74008,0.2032,0.0,0.003,1.53388,0.16123,0.16123,0.0,0.0
2018-02-17 21:00:00,2018-02-17 21:00,1.93435,0.2032,0.0,0.32184,1.40931,0.17489,0.17489,0.0,-0.0
2018-02-17 22:00:00,2018-02-17 22:00,1.22983,0.2032,0.0,0.05703,0.9696,0.19333,0.19333,0.0,0.0
2018-02-17 23:00:00,2018-02-17 23:00,0.81828,0.2032,0.0,0.003,0.61208,0.21364,0.21364,0.0,0.0
2018-02-18 00:00:00,2018-02-18 00:00,0.67431,0.2032,0.0,0.003,0.46811,0.22621,0.22621,0.0,0.0
2018-02-18 01:00:00,2018-02-18 01:00,0.65901,0.2032,0.0,0.003,0.45281,0.24266,0.24266,0.0,-0.0
2018-02-18 02:00:00,2018-02-18 02:00,0.64063,0.2032,0.0,0.003,0.43443,0.25179,0.25179,0.0,-0.0
2018-02-18 03:00:00,2018-02-18 03:00,0.63568,0.2032,0.0,0.003,0.42948,0.25939,0.25939,0.0,0.0
2018-02-18 04:00:00,2018-02-18 04:00,0.6302,0.2032,0.0,0.003,0.424,0.25714,0.25714,0.0,0.0
2018-02-18 05:00:00,2018-02-18 05:00,0.62644,0.2032,0.0,0.003,0.42024,0.25334,0.25334,0.0,0.0
2018-02-18 06:00:00,2018-02-18 06:00,0.6282,0.2032,0.0,0.003,0.422,0.26685,0.26685,0.0,0.0
2018-02-18 07:00:00,2018-02-18 07:00,0.66804,0.2032,0.0,0.003,0.46184,0.29403,0.29403,0.0,0.0
2018-02-18 08:00:00,2018-02-18 08:00,0.96899,0.2032,0.0,0.32517,0.44062,0.28362,0.28362,0.0,0.0
2018-02-18 09:00:00,2018-02-18 09:00,0.74899,0.2032,0.0,0.003,0.54279,0.2792,0.2792,0.0,0.0
2018-02-18 10:00:00,2018-02-18 10:00,0.75563,0.2032,0.0,0.003,0.54943,0.27205,0.27205,0.0,0.0
2018-02-18 11:00:00,2018-02-18 11:00,1.13223,0.2032,0.0,0.10706,0.82197,0.22982,0.22982,0.0,-0.0
2018-02-18 12:00:00,2018-02-18 12:00,2.54942,1.24246,0.0,0.42158,0.88538,0.05456,0.05269,0.0,0.00187
2018-02-18 13:00:00,2018-02-18 13:00,2.91524,1.61499,0.0,0.42665,0.8736,0.02622,0.0,0.0,0.02622
2018-02-18 14:00:00,2018-02-18 14:00,2.45634,1.4769,0.0,0.16161,0.81783,0.0,0.0,0.0,0.0
2018-02-18 15:00:00,2018-02-18 15:00,2.70391,1.49259,0.0,0.21029,1.00103,0.0,0.0,0.0,0.0
2018-02-18 16:00:00,2018-02-18 16:00,3.08452,1.16092,0.0,0.4157,1.5079,0.0281,0.0,0.0,0.0281
2018-02-18 17:00:00,2018-02-18 17:00,2.53024,1.0596,0.0,0.4283,1.04234,0.0,0.0,0.0,0.0
2018-02-18 18:00:00,2018-02-18 18:00,2.63479,1.12729,0.0,0.436,1.0715,0.0,0.0,0.0,0.0
2018-02-18 19:00:00,2018-02-18 19:00,3.10158,1.32529,0.0,0.41828,1.35801,0.0,0.0,0.0,0.0
2018-02-18 20:00:00,2018-02-18 20:00,2.91542,1.29987,0.0,0.41937,1.19618,0.0,0.0,0.0,0.0
2018-02-18 21:00:00,2018-02-18 21:00,2.59823,1.47253,0.0,0.15658,0.96912,0.0,0.0,0.0,0.0
2018-02-18 22:00:00,2018-02-18 22:00,0.9805,0.2032,0.0,0.003,0.7743,0.16295,0.16295,0.0,0.0
2018-02-18 23:00:00,2018-02-18 23:00,0.99419,0.2032,0.0,0.10463,0.68636,0.19872,0.19872,0.0,0.0
2018-02-19 00:00:00,2018-02-19 00:00,1.15012,0.2032,0.0,0.42489,0.52203,0.23238,0.23238,0.0,0.0
2018-02-19 01:00:00,2018-02-19 01:00,0.75979,0.2032,0.0,0.09257,0.46402,0.22441,0.22441,0.0,0.0
2018-02-19 02:00:00,2018-02-19 02:00,0.75727,0.2032,0.0,0.10572,0.44835,0.21882,0.21882,0.0,-0.0
2018-02-19 03:00:00,2018-02-19 03:00,1.02422,0.2032,0.0,0.38964,0.43138,0.23112,0.23112,0.0,0.0
2018-02-19 04:00:00,2018-02-19 04:00,0.62892,0.2032,0.0,0.003,0.42272,0.2568,0.2568,0.0,0.0
2018-02-19 05:00:00,2018-02-19 05:00,0.62516,0.2032,0.0,0.003,0.41896,0.28218,0.28218,0.0,0.0
2018-02-19 06:00:00,2018-02-19 06:00,0.65043,0.2032,0.0,0.003,0.44423,0.28377,0.28377,0.0,0.0
2018-02-19 07:00:00,2018-02-19 07:00,1.0794,0.2032,0.0,0.30726,0.56894,0.31456,0.31456,0.0,0.0
2018-02-19 08:00:00,2018-02-19 08:00,1.30006,0.2032,0.0,0.41941,0.67745,0.3093,0.3093,0.0,0.0
2018-02-19 09:00:00,2018-02-19 09:00,1.18894,0.2032,0.0,0.41501,0.57073,0.30455,0.30455,0.0,0.0
2018-02-19 10:00:00,2018-02-19 10:00,1.16284,0.2032,0.0,0.43338,0.52626,0.29617,0.29617,0.0,-0.0
2018-02-19 11:00:00,2018-02-19 11:00,0.66756,0.2032,0.0,0.03172,0.43264,0.30003,0.30003,0.0,0.0
2018-02-19 12:00:00,2018-02-19 12:00,0.663,0.2032,0.0,0.003,0.4568,0.29565,0.29565,0.0,-0.0
2018-02-19 13:00:00,2018-02-19 13:00,0.6462,0.2032,0.0,0.003,0.44,0.28621,0.28621,0.0,-0.0
2018-02-19 14:00:00,2018-02-19 14:00,0.64628,0.2032,0.0,0.003,0.44008,0.28629,0.28629,0.0,0.0
2018-02-19 15:00:00,2018-02-19 15:00,0.64764,0.2032,0.0,0.003,0.44144,0.29087,0.29087,0.0,0.0
2018-02-19 16:00:00,2018-02-19 16:00,0.67456,0.2032,0.0,0.003,0.46836,0.28564,0.28564,0.0,-0.0
2018-02-19 17:00:00,2018-02-19 17:00,0.66141,0.2032,0.0,0.003,0.45521,0.27961,0.27961,0.0,0.0
2018-02-19 18:00:00,2018-02-19 18:00,1.34902,0.2032,0.0,0.30903,0.83679,0.26618,0.26618,0.0,-0.0
2018-02-19 19:00:00,2018-02-19 19:00,1.80054,0.2032,0.0,0.432,1.16534,0.2818,0.2818,0.0,-0.0
2018-02-19 20:00:00,2018-02-19 20:00,2.11078,0.2032,0.0,0.43261,1.47497,0.26058,0.26058,0.0,0.0
2018-02-19 21:00:00,2018-02-19 21:00,1.67434,0.2032,0.0,0.12579,1.34535,0.25932,0.25932,0.0,-0.0
2018-02-19 22:00:00,2018-02-19 22:00,1.29112,0.2032,0.0,0.003,1.08492,0.26249,0.26249,0.0,0.0
2018-02-19 23:00:00,2018-02-19 23:00,0.9987,0.2032,0.0,0.003,0.7925,0.26892,0.26892,0.0,-0.0
2018-02-20 00:00:00,2018-02-20 00:00,0.75417,0.2032,0.0,0.003,0.54797,0.26465,0.26465,0.0,0.0
2018-02-20 01:00:00,2018-02-20 01:00,0.9945,0.2032,0.0,0.31787,0.47343,0.26539,0.26539,0.0,-0.0
2018-02-20 02:00:00,2018-02-20 02:00,0.76302,0.2032,0.0,0.13042,0.4294,0.26305,0.26305,0.0,0.0
2018-02-20 03:00:00,2018-02-20 03:00,0.6344,0.2032,0.0,0.003,0.4282,0.26611,0.26611,0.0,0.0
2018-02-20 04:00:00,2018-02-20 04:00,0.62892,0.2032,0.0,0.003,0.42272,0.26547,0.26547,0.0,0.0
2018-02-20 05:00:00,2018-02-20 05:00,0.62516,0.2032,0.0,0.003,0.41896,0.27135,0.27135,0.0,0.0
2018-02-20 06:00:00,2018-02-20 06:00,0.81337,0.2032,0.0,0.10819,0.50198,0.29503,0.26318,0.0,0.03184
2018-02-20 07:00:00,2018-02-20 07:00,1.3338,0.2032,0.0,0.42392,0.70668,0.31911,0.26478,0.0,0.05433
2018-02-20 08:00:00,2018-02-20 08:00,1.24996,0.2032,0.0,0.43021,0.61655,0.27412,0.27412,0.0,-0.0
2018-02-20 09:00:00,2018-02-20 09:00,1.14205,0.2032,0.0,0.41571,0.52314,0.28368,0.28368,0.0,0.0
2018-02-20 10:00:00,2018-02-20 10:00,1.14189,0.2032,0.0,0.42909,0.5096,0.28182,0.28182,0.0,0.0
2018-02-20 11:00:00,2018-02-20 11:00,0.89752,0.2032,0.0,0.16943,0.52489,0.26997,0.26997,0.0,0.0
2018-02-20 12:00:00,2018-02-20 12:00,0.70628,0.2032,0.0,0.003,0.50008,0.26911,0.26911,0.0,-0.0
2018-02-20 13:00:00,2018-02-20 13:00,0.64932,0.2032,0.0,0.003,0.44312,0.26886,0.26886,0.0,0.0
2018-02-20 14:00:00,2018-02-20 14:00,0.66701,0.2032,0.0,0.003,0.46081,0.271,0.271,0.0,0.0
2018-02-20 15:00:00,2018-02-20 15:00,0.64764,0.2032,0.0,0.003,0.44144,0.26537,0.26537,0.0,0.0
2018-02-20 16:00:00,2018-02-20 16:00,0.64744,0.2032,0.0,0.003,0.44124,0.25388,0.25388,0.0,0.0
2018-02-20 17:00:00,2018-02-20 17:00,0.66515,0.2032,0.0,0.003,0.45895,0.25934,0.2556,0.0,0.00374
2018-02-20 18:00:00,2018-02-20 18:00,1.29378,0.2032,0.0,0.39876,0.69182,0.30774,0.25527,0.0,0.05247
2018-02-20 19:00:00,2018-02-20 19:00,1.53642,0.2032,0.0,0.409,0.92422,0.31468,0.28658,0.0,0.0281
2018-02-20 20:00:00,2018-02-20 20:00,1.60635,0.2032,0.0,0.43021,0.97294,0.28618,0.28618,0.0,-0.0
2018-02-20 21:00:00,2018-02-20 21:00,1.67782,0.2032,0.0,0.17816,1.29646,0.3032,0.3032,0.0,-0.0
2018-02-20 22:00:00,2018-02-20 22:00,2.12145,0.2032,0.0,0.003,1.91525,0.32517,0.32517,0.0,0.0
2018-02-20 23:00:00,2018-02-20 23:00,3.20868,0.2032,0.0,0.003,3.00248,0.3525,0.3525,0.0,0.0
2018-02-21 00:00:00,2018-02-21 00:00,1.79322,0.2032,0.0,0.42614,1.16388,0.33998,0.33998,0.0,-0.0
2018-02-21 01:00:00,2018-02-21 01:00,0.87011,0.2032,0.0,0.20876,0.45815,0.34931,0.34931,0.0,0.0
2018-02-21 02:00:00,2018-02-21 02:00,0.6356,0.2032,0.0,0.003,0.4294,0.35829,0.35829,0.0,0.0
2018-02-21 03:00:00,2018-02-21 03:00,0.6344,0.2032,0.0,0.003,0.4282,0.36535,0.36535,0.0,-0.0
2018-02-21 04:00:00,2018-02-21 04:00,0.62892,0.2032,0.0,0.003,0.42272,0.38066,0.38066,0.0,0.0
2018-02-21 05:00:00,2018-02-21 05:00,0.62516,0.2032,0.0,0.003,0.41896,0.39511,0.39511,0.0,0.0
2018-02-21 06:00:00,2018-02-21 06:00,0.75809,0.2032,0.0,0.10352,0.45137,0.40754,0.40754,0.0,0.0
2018-02-21 07:00:00,2018-02-21 07:00,1.20462,0.2032,0.0,0.40065,0.60077,0.45403,0.42218,0.0,0.03184
2018-02-21 08:00:00,2018-02-21 08:00,1.32851,0.2032,0.0,0.41517,0.71014,0.43045,0.37612,0.0,0.05433
2018-02-21 09:00:00,2018-02-21 09:00,1.11121,0.2032,0.0,0.36205,0.54596,0.39884,0.39884,0.0,-0.0
2018-02-21 10:00:00,2018-02-21 10:00,0.64428,0.2032,0.0,0.003,0.43808,0.37618,0.37618,0.0,-0.0
2018-02-21 11:00:00,2018-02-21 11:00,0.63884,0.2032,0.0,0.003,0.43264,0.34273,0.34273,0.0,0.0
2018-02-21 12:00:00,2018-02-21 12:00,0.63992,0.2032,0.0,0.003,0.43372,0.31578,0.31578,0.0,0.0
2018-02-21 13:00:00,2018-02-21 13:00,0.6462,0.2032,0.0,0.003,0.44,0.29456,0.29456,0.0,0.0
2018-02-21 14:00:00,2018-02-21 14:00,0.64628,0.2032,0.0,0.003,0.44008,0.27773,0.27773,0.0,0.0
2018-02-21 15:00:00,2018-02-21 15:00,0.70273,0.2032,0.0,0.003,0.49653,0.26061,0.26061,0.0,-0.0
2018-02-21 16:00:00,2018-02-21 16:00,1.07498,0.2032,0.0,0.31572,0.55606,0.25237,0.25237,0.0,0.0
2018-02-21 17:00:00,2018-02-21 17:00,1.22133,0.2032,0.0,0.42474,0.59339,0.25432,0.25058,0.0,0.00374
2018-02-21 18:00:00,2018-02-21 18:00,1.23342,0.2032,0.0,0.2977,0.73252,0.31085,0.22468,0.0,0.08617
2018-02-21 19:00:00,2018-02-21 19:00,1.38453,0.2032,0.0,0.20817,0.97316,0.29623,0.27187,0.0,0.02437
2018-02-21 20:00:00,2018-02-21 20:00,2.27594,0.2032,0.0,0.40837,1.66437,0.25824,0.25824,0.0,0.0
2018-02-21 21:00:00,2018-02-21 21:00,4.25038,0.2032,0.0,0.41859,3.62859,0.2894,0.2894,0.0,-0.0
2018-02-21 22:00:00,2018-02-21 22:00,2.20818,0.2032,0.0,0.20361,1.80137,0.27989,0.27989,0.0,0.0
2018-02-21 23:00:00,2018-02-21 23:00,1.08389,0.2032,0.0,0.003,0.87769,0.30547,0.27736,0.0,0.0281
2018-02-22 00:00:00,2018-02-22 00:00,0.75915,0.2032,0.0,0.003,0.55295,0.30854,0.30854,0.0,-0.0
2018-02-22 01:00:00,2018-02-22 01:00,0.66435,0.2032,0.0,0.003,0.45815,0.33253,0.33253,0.0,0.0
2018-02-22 02:00:00,2018-02-22 02:00,0.6356,0.2032,0.0,0.003,0.4294,0.33779,0.33779,0.0,0.0
2018-02-22 03:00:00,2018-02-22 03:00,0.6344,0.2032,0.0,0.003,0.4282,0.35177,0.35177,0.0,0.0
2018-02-22 04:00:00,2018-02-22 04:00,0.73688,0.2032,0.0,0.10651,0.42717,0.36736,0.36736,0.0,-0.0
2018-02-22 05:00:00,2018-02-22 05:00,0.95691,0.2032,0.0,0.31927,0.43444,0.36279,0.36279,0.0,-0.0
2018-02-22 06:00:00,2018-02-22 06:00,0.70385,0.2032,0.0,0.003,0.49765,0.34799,0.34799,0.0,0.0
2018-02-22 07:00:00,2018-02-22 07:00,1.2301,0.2032,0.0,0.39666,0.63024,0.35963,0.35963,0.0,0.0
2018-02-22 08:00:00,2018-02-22 08:00,1.20995,0.2032,0.0,0.40714,0.59961,0.33508,0.33508,0.0,-0.0
2018-02-22 09:00:00,2018-02-22 09:00,1.19504,0.2032,0.0,0.42111,0.57073,0.32114,0.32114,0.0,0.0
2018-02-22 10:00:00,2018-02-22 10:00,0.95149,0.2032,0.0,0.21892,0.52937,0.30522,0.30522,0.0,-0.0
2018-02-22 11:00:00,2018-02-22 11:00,0.93913,0.2032,0.0,0.21104,0.52489,0.28206,0.28206,0.0,0.0
2018-02-22 12:00:00,2018-02-22 12:00,0.9453,0.2032,0.0,0.21569,0.52641,0.26439,0.26439,0.0,-0.0
2018-02-22 13:00:00,2018-02-22 13:00,0.73989,0.2032,0.0,0.003,0.53369,0.24337,0.24337,0.0,-0.0
2018-02-22 14:00:00,2018-02-22 14:00,0.94638,0.2032,0.0,0.20652,0.53666,0.22451,0.22451,0.0,-0.0
2018-02-22 15:00:00,2018-02-22 15:00,1.17397,0.2032,0.0,0.42831,0.54246,0.20883,0.20883,0.0,-0.0
2018-02-22 16:00:00,2018-02-22 16:00,0.8286,0.2032,0.0,0.10646,0.51894,0.20395,0.20395,0.0,0.0
2018-02-22 17:00:00,2018-02-22 17:00,0.77988,0.2032,0.0,0.003,0.57368,0.23024,0.1984,0.0,0.03184
2018-02-22 18:00:00,2018-02-22 18:00,1.05159,0.2032,0.0,0.003,0.84539,0.27859,0.16617,0.0,0.11242
2018-02-22 19:00:00,2018-02-22 19:00,1.27697,0.2032,0.0,0.10517,0.9686,0.23722,0.20912,0.0,0.0281
2018-02-22 20:00:00,2018-02-22 20:00,1.99311,0.2032,0.0,0.42172,1.36819,0.20294,0.20294,0.0,0.0
2018-02-22 21:00:00,2018-02-22 21:00,1.68187,0.2032,0.0,0.003,1.47567,0.20004,0.20004,0.0,0.0
2018-02-22 22:00:00,2018-02-22 22:00,1.34072,0.2032,0.0,0.003,1.13452,0.20611,0.20611,0.0,0.0
2018-02-22 23:00:00,2018-02-22 23:00,0.93949,0.2032,0.0,0.003,0.73329,0.21275,0.21275,0.0,0.0
2018-02-23 00:00:00,2018-02-23 00:00,0.70754,0.2032,0.0,0.003,0.50134,0.22077,0.22077,0.0,-0.0
2018-02-23 01:00:00,2018-02-23 01:00,0.64795,0.2032,0.0,0.003,0.44175,0.22734,0.22734,0.0,-0.0
2018-02-23 02:00:00,2018-02-23 02:00,0.6356,0.2032,0.0,0.003,0.4294,0.231,0.231,0.0,0.0
2018-02-23 03:00:00,2018-02-23 03:00,0.6344,0.2032,0.0,0.003,0.4282,0.23046,0.23046,0.0,-0.0
2018-02-23 04:00:00,2018-02-23 04:00,0.62892,0.2032,0.0,0.003,0.42272,0.22648,0.22648,0.0,0.0
2018-02-23 05:00:00,2018-02-23 05:00,0.62516,0.2032,0.0,0.003,0.41896,0.22467,0.22467,0.0,0.0
2018-02-23 06:00:00,2018-02-23 06:00,0.97193,0.2032,0.0,0.31736,0.45137,0.2253,0.2253,0.0,-0.0
2018-02-23 07:00:00,2018-02-23 07:00,1.14032,0.2032,0.0,0.41277,0.52435,0.24406,0.24406,0.0,0.0
2018-02-23 08:00:00,2018-02-23 08:00,1.137,0.2032,0.0,0.4153,0.5185,0.24047,0.24047,0.0,-0.0
2018-02-23 09:00:00,2018-02-23 09:00,1.22742,0.2032,0.0,0.42768,0.59654,0.24402,0.24402,0.0,0.0
2018-02-23 10:00:00,2018-02-23 10:00,0.79827,0.2032,0.0,0.1373,0.45777,0.25067,0.25067,0.0,0.0
2018-02-23 11:00:00,2018-02-23 11:00,0.63884,0.2032,0.0,0.003,0.43264,0.2344,0.2344,0.0,0.0
2018-02-23 12:00:00,2018-02-23 12:00,0.66612,0.2032,0.0,0.003,0.45992,0.21517,0.21517,0.0,0.0
2018-02-23 13:00:00,2018-02-23 13:00,0.73989,0.2032,0.0,0.003,0.53369,0.2021,0.2021,0.0,-0.0
2018-02-23 14:00:00,2018-02-23 14:00,0.74286,0.2032,0.0,0.003,0.53666,0.19431,0.19431,0.0,-0.0
2018-02-23 15:00:00,2018-02-23 15:00,1.06688,0.2032,0.0,0.32122,0.54246,0.18277,0.18277,0.0,-0.0
2018-02-23 16:00:00,2018-02-23 16:00,0.95686,0.2032,0.0,0.1976,0.55606,0.16939,0.16939,0.0,-0.0
2018-02-23 17:00:00,2018-02-23 17:00,1.14104,0.2032,0.0,0.20524,0.7326,0.19509,0.16324,0.0,0.03184
2018-02-23 18:00:00,2018-02-23 18:00,1.56751,0.2032,0.0,0.408,0.95631,0.21331,0.15899,0.0,0.05433
2018-02-23 19:00:00,2018-02-23 19:00,1.85385,0.2032,0.0,0.42383,1.22682,0.20943,0.20943,0.0,0.0
2018-02-23 20:00:00,2018-02-23 20:00,1.86974,0.2032,0.0,0.16347,1.50307,0.21659,0.18849,0.0,0.0281
2018-02-23 21:00:00,2018-02-23 21:00,1.89294,0.2032,0.0,0.21407,1.47567,0.20869,0.20869,0.0,0.0
2018-02-23 22:00:00,2018-02-23 22:00,1.64025,0.2032,0.0,0.19411,1.24294,0.22418,0.22418,0.0,0.0
2018-02-23 23:00:00,2018-02-23 23:00,0.82469,0.2032,0.0,0.003,0.61849,0.24273,0.24273,0.0,0.0
2018-02-24 00:00:00,2018-02-24 00:00,0.70304,0.2032,0.0,0.003,0.49684,0.25932,0.25932,0.0,-0.0
2018-02-24 01:00:00,2018-02-24 01:00,0.66445,0.2032,0.0,0.003,0.45825,0.27478,0.27478,0.0,0.0
2018-02-24 02:00:00,2018-02-24 02:00,0.63684,0.2032,0.0,0.003,0.43064,0.28544,0.28544,0.0,0.0
2018-02-24 03:00:00,2018-02-24 03:00,0.63568,0.2032,0.0,0.003,0.42948,0.30103,0.30103,0.0,0.0
2018-02-24 04:00:00,2018-02-24 04:00,0.6302,0.2032,0.0,0.003,0.424,0.32044,0.32044,0.0,-0.0
2018-02-24 05:00:00,2018-02-24 05:00,0.62644,0.2032,0.0,0.003,0.42024,0.33309,0.33309,0.0,0.0
2018-02-24 06:00:00,2018-02-24 06:00,0.6282,0.2032,0.0,0.003,0.422,0.34816,0.34816,0.0,-0.0
2018-02-24 07:00:00,2018-02-24 07:00,0.66804,0.2032,0.0,0.003,0.46184,0.3775,0.3775,0.0,0.0
2018-02-24 08:00:00,2018-02-24 08:00,1.0662,0.2032,0.0,0.32649,0.53651,0.34615,0.34615,0.0,0.0
2018-02-24 09:00:00,2018-02-24 09:00,1.07275,0.2032,0.0,0.09611,0.77344,0.31985,0.31985,0.0,0.0
2018-02-24 10:00:00,2018-02-24 10:00,1.42273,0.2032,0.0,0.40999,0.80954,0.27908,0.27908,0.0,0.0
2018-02-24 11:00:00,2018-02-24 11:00,1.3944,0.2032,0.0,0.42677,0.76443,0.2499,0.2499,0.0,0.0
2018-02-24 12:00:00,2018-02-24 12:00,1.45033,0.2032,0.0,0.4173,0.82983,0.22349,0.22349,0.0,0.0
2018-02-24 13:00:00,2018-02-24 13:00,1.57486,0.2032,0.0,0.43284,0.93882,0.22473,0.19664,0.0,0.0281
2018-02-24 14:00:00,2018-02-24 14:00,1.26821,0.2032,0.0,0.09115,0.97386,0.19566,0.19566,0.0,-0.0
2018-02-24 15:00:00,2018-02-24 15:00,3.34692,0.2032,0.0,0.003,3.14072,0.20575,0.20575,0.0,-0.0
2018-02-24 16:00:00,2018-02-24 16:00,3.70887,0.2032,0.0,0.30594,3.19973,0.20388,0.20388,0.0,0.0
2018-02-24 17:00:00,2018-02-24 17:00,1.94949,0.2032,0.0,0.43041,1.31588,0.18437,0.18437,0.0,0.0
2018-02-24 18:00:00,2018-02-24 18:00,1.44536,0.2032,0.0,0.07848,1.16368,0.18079,0.18079,0.0,0.0
2018-02-24 19:00:00,2018-02-24 19:00,1.98591,0.2032,0.0,0.31407,1.46864,0.18935,0.18935,0.0,-0.0
2018-02-24 20:00:00,2018-02-24 20:00,2.02906,0.2032,0.0,0.43232,1.39354,0.17463,0.17463,0.0,0.0
2018-02-24 21:00:00,2018-02-24 21:00,1.40377,0.2032,0.0,0.04259,1.15798,0.17894,0.17894,0.0,-0.0
2018-02-24 22:00:00,2018-02-24 22:00,1.06356,0.2032,0.0,0.003,0.85736,0.18662,0.18662,0.0,0.0
2018-02-24 23:00:00,2018-02-24 23:00,0.89256,0.2032,0.0,0.003,0.68636,0.20128,0.20128,0.0,0.0
2018-02-25 00:00:00,2018-02-25 00:00,0.73048,0.2032,0.0,0.003,0.52428,0.23321,0.23321,0.0,0.0
2018-02-25 01:00:00,2018-02-25 01:00,0.64212,0.2032,0.0,0.003,0.43592,0.26093,0.26093,0.0,-0.0
2018-02-25 02:00:00,2018-02-25 02:00,0.63684,0.2032,0.0,0.003,0.43064,0.28402,0.28402,0.0,0.0
2018-02-25 03:00:00,2018-02-25 03:00,0.63568,0.2032,0.0,0.003,0.42948,0.29274,0.29274,0.0,-0.0
2018-02-25 04:00:00,2018-02-25 04:00,0.6302,0.2032,0.0,0.003,0.424,0.29869,0.29869,0.0,0.0
2018-02-25 05:00:00,2018-02-25 05:00,0.62644,0.2032,0.0,0.003,0.42024,0.29127,0.29127,0.0,0.0
2018-02-25 06:00:00,2018-02-25 06:00,0.62914,0.2032,0.0,0.003,0.42294,0.29004,0.29004,0.0,0.0
2018-02-25 07:00:00,2018-02-25 07:00,1.16405,0.2032,0.0,0.42978,0.53107,0.31319,0.31319,0.0,-0.0
2018-02-25 08:00:00,2018-02-25 08:00,1.25057,0.2032,0.0,0.43403,0.61334,0.30085,0.30085,0.0,0.0
2018-02-25 09:00:00,2018-02-25 09:00,0.959,0.2032,0.0,0.05968,0.69612,0.29433,0.29433,0.0,0.0
2018-02-25 10:00:00,2018-02-25 10:00,1.69059,0.2032,0.0,0.10499,1.3824,0.29962,0.27152,0.0,0.0281
2018-02-25 11:00:00,2018-02-25 11:00,1.3384,0.2032,0.0,0.42836,0.70684,0.26266,0.26266,0.0,0.0
2018-02-25 12:00:00,2018-02-25 12:00,0.87377,0.2032,0.0,0.00954,0.66103,0.23881,0.23881,0.0,0.0
2018-02-25 13:00:00,2018-02-25 13:00,1.0619,0.2032,0.0,0.003,0.8557,0.22196,0.22196,0.0,0.0
2018-02-25 14:00:00,2018-02-25 14:00,1.45636,0.2032,0.0,0.30928,0.94388,0.21494,0.21494,0.0,0.0
2018-02-25 15:00:00,2018-02-25 15:00,1.60927,0.2032,0.0,0.42052,0.98555,0.18963,0.18963,0.0,0.0
2018-02-25 16:00:00,2018-02-25 16:00,1.44802,0.2032,0.0,0.4287,0.81612,0.18239,0.18239,0.0,-0.0
2018-02-25 17:00:00,2018-02-25 17:00,1.06954,0.2032,0.0,0.08107,0.78527,0.18872,0.18872,0.0,-0.0
2018-02-25 18:00:00,2018-02-25 18:00,1.07612,0.2032,0.0,0.003,0.86992,0.19006,0.19006,0.0,-0.0
2018-02-25 19:00:00,2018-02-25 19:00,1.68205,0.2032,0.0,0.42123,1.05762,0.20678,0.20678,0.0,0.0
2018-02-25 20:00:00,2018-02-25 20:00,1.89681,0.2032,0.0,0.42543,1.26818,0.19484,0.19484,0.0,-0.0
2018-02-25 21:00:00,2018-02-25 21:00,1.77261,0.2032,0.0,0.16115,1.40826,0.20162,0.20162,0.0,-0.0
2018-02-25 22:00:00,2018-02-25 22:00,1.32724,0.2032,0.0,0.003,1.12104,0.21454,0.21454,0.0,-0.0
2018-02-25 23:00:00,2018-02-25 23:00,0.77484,0.2032,0.0,0.003,0.56864,0.23165,0.23165,0.0,0.0
2018-02-26 00:00:00,2018-02-26 00:00,0.68414,0.2032,0.0,0.003,0.47794,0.2434,0.2434,0.0,0.0
2018-02-26 01:00:00,2018-02-26 01:00,0.67022,0.2032,0.0,0.003,0.46402,0.25088,0.25088,0.0,-0.0
2018-02-26 02:00:00,2018-02-26 02:00,0.65455,0.2032,0.0,0.003,0.44835,0.26439,0.26439,0.0,-0.0
2018-02-26 03:00:00,2018-02-26 03:00,0.63758,0.2032,0.0,0.003,0.43138,0.27127,0.27127,0.0,0.0
2018-02-26 04:00:00,2018-02-26 04:00,0.73821,0.2032,0.0,0.10784,0.42717,0.27046,0.27046,0.0,0.0
2018-02-26 05:00:00,2018-02-26 05:00,1.06845,0.2032,0.0,0.4267,0.43855,0.27169,0.27169,0.0,0.0
2018-02-26 06:00:00,2018-02-26 06:00,1.17998,0.2032,0.0,0.43223,0.54455,0.31169,0.25548,0.0,0.05621
2018-02-26 07:00:00,2018-02-26 07:00,1.22101,0.2032,0.0,0.42941,0.5884,0.29687,0.29687,0.0,-0.0
2018-02-26 08:00:00,2018-02-26 08:00,1.12885,0.2032,0.0,0.39,0.53565,0.28559,0.28559,0.0,-0.0
2018-02-26 09:00:00,2018-02-26 09:00,0.66731,0.2032,0.0,0.003,0.46111,0.26962,0.26962,0.0,0.0
2018-02-26 10:00:00,2018-02-26 10:00,0.64428,0.2032,0.0,0.003,0.43808,0.23839,0.23839,0.0,-0.0
2018-02-26 11:00:00,2018-02-26 11:00,0.665,0.2032,0.0,0.003,0.4588,0.20802,0.20802,0.0,0.0
2018-02-26 12:00:00,2018-02-26 12:00,1.28891,0.55399,0.0,0.20851,0.52641,0.13749,0.13749,0.0,0.0
2018-02-26 13:00:00,2018-02-26 13:00,2.51952,1.56817,0.0,0.41768,0.53367,0.0,0.0,0.0,0.0
2018-02-26 14:00:00,2018-02-26 14:00,1.95403,1.41436,0.0,0.003,0.53667,0.0,0.0,0.0,0.0
2018-02-26 15:00:00,2018-02-26 15:00,1.92444,1.24656,0.0,0.1047,0.57318,0.0,0.0,0.0,0.0
2018-02-26 16:00:00,2018-02-26 16:00,2.19488,1.13571,0.0,0.42559,0.63358,0.0,0.0,0.0,0.0
2018-02-26 17:00:00,2018-02-26 17:00,1.77314,1.14121,0.0,0.0423,0.58963,0.0,0.0,0.0,0.0
2018-02-26 18:00:00,2018-02-26 18:00,1.89294,1.24686,0.0,0.003,0.64308,0.00374,0.0,0.0,0.00374
2018-02-26 19:00:00,2018-02-26 19:00,2.27834,1.35489,0.0,0.003,0.92045,0.02437,0.0,0.0,0.02437
2018-02-26 20:00:00,2018-02-26 20:00,1.31921,0.2032,0.0,0.003,1.11301,0.13987,0.13987,0.0,0.0
2018-02-26 21:00:00,2018-02-26 21:00,1.74909,0.2032,0.0,0.38745,1.15844,0.13548,0.13548,0.0,-0.0
2018-02-26 22:00:00,2018-02-26 22:00,1.08268,0.2032,0.0,0.003,0.87648,0.14446,0.14446,0.0,-0.0
2018-02-26 23:00:00,2018-02-26 23:00,0.92385,0.2032,0.0,0.003,0.71765,0.15009,0.15009,0.0,0.0
2018-02-27 00:00:00,2018-02-27 00:00,0.75084,0.2032,0.0,0.003,0.54464,0.16197,0.16197,0.0,0.0
2018-02-27 01:00:00,2018-02-27 01:00,0.64795,0.2032,0.0,0.003,0.44175,0.17652,0.17652,0.0,0.0
2018-02-27 02:00:00,2018-02-27 02:00,0.6356,0.2032,0.0,0.003,0.4294,0.18104,0.18104,0.0,0.0
2018-02-27 03:00:00,2018-02-27 03:00,0.6344,0.2032,0.0,0.003,0.4282,0.18565,0.18565,0.0,-0.0
2018-02-27 04:00:00,2018-02-27 04:00,0.62892,0.2032,0.0,0.003,0.42272,0.19339,0.19339,0.0,0.0
2018-02-27 05:00:00,2018-02-27 05:00,0.63318,0.2032,0.0,0.003,0.42698,0.20079,0.20079,0.0,-0.0
2018-02-27 06:00:00,2018-02-27 06:00,1.09969,0.2032,0.0,0.42238,0.47411,0.21042,0.21042,0.0,0.0
2018-02-27 07:00:00,2018-02-27 07:00,1.21354,0.2032,0.0,0.39272,0.61762,0.23435,0.23435,0.0,-0.0
2018-02-27 08:00:00,2018-02-27 08:00,1.13977,0.2032,0.0,0.40092,0.53565,0.22748,0.22748,0.0,0.0
2018-02-27 09:00:00,2018-02-27 09:00,1.14566,0.2032,0.0,0.4123,0.53016,0.21934,0.21934,0.0,0.0
2018-02-27 10:00:00,2018-02-27 10:00,1.1428,0.2032,0.0,0.41023,0.52937,0.19257,0.19257,0.0,0.0
2018-02-27 11:00:00,2018-02-27 11:00,1.76599,0.80844,0.0,0.43268,0.52487,0.082,0.082,0.0,0.0
2018-02-27 12:00:00,2018-02-27 12:00,1.93942,1.25323,0.0,0.18611,0.50008,0.0,0.0,0.0,0.0
2018-02-27 13:00:00,2018-02-27 13:00,1.41687,0.97389,0.0,0.003,0.43998,0.0,0.0,0.0,0.0
2018-02-27 14:00:00,2018-02-27 14:00,1.30143,0.85834,0.0,0.003,0.44009,0.0,0.0,0.0,0.0
2018-02-27 15:00:00,2018-02-27 15:00,1.24058,0.76545,0.0,0.003,0.47213,0.0,0.0,0.0,0.0
2018-02-27 16:00:00,2018-02-27 16:00,1.70124,0.65761,0.0,0.39635,0.64728,0.0,0.0,0.0,0.0
2018-02-27 17:00:00,2018-02-27 17:00,1.33917,0.57525,0.0,0.003,0.76092,0.03184,0.0,0.0,0.03184
2018-02-27 18:00:00,2018-02-27 18:00,1.7435,0.59485,0.0,0.31011,0.83854,0.02437,0.0,0.0,0.02437
2018-02-27 19:00:00,2018-02-27 19:00,2.23674,0.86521,0.0,0.43105,0.94048,0.0,0.0,0.0,0.0
2018-02-27 20:00:00,2018-02-27 20:00,2.2362,0.9712,0.0,0.20521,1.05979,0.00374,0.0,0.0,0.00374
2018-02-27 21:00:00,2018-02-27 21:00,2.26324,0.70215,0.0,0.003,1.55809,0.08243,0.0,0.0,0.08243
2018-02-27 22:00:00,2018-02-27 22:00,1.39235,0.40263,0.0,0.003,0.98672,0.08399,0.08399,0.0,0.0
2018-02-27 23:00:00,2018-02-27 23:00,0.78756,0.2032,0.0,0.003,0.58136,0.13237,0.13237,0.0,-0.0
2018-02-28 00:00:00,2018-02-28 00:00,0.65103,0.2032,0.0,0.003,0.44483,0.14431,0.14431,0.0,0.0
2018-02-28 01:00:00,2018-02-28 01:00,0.65615,0.2032,0.0,0.003,0.44995,0.15028,0.15028,0.0,0.0
2018-02-28 02:00:00,2018-02-28 02:00,0.6356,0.2032,0.0,0.003,0.4294,0.16539,0.16539,0.0,-0.0
2018-02-28 03:00:00,2018-02-28 03:00,0.6344,0.2032,0.0,0.003,0.4282,0.1733,0.1733,0.0,0.0
2018-02-28 04:00:00,2018-02-28 04:00,0.73963,0.2032,0.0,0.10926,0.42717,0.18068,0.18068,0.0,0.0
2018-02-28 05:00:00,2018-02-28 05:00,1.08615,0.2032,0.0,0.43637,0.44658,0.1809,0.1809,0.0,-0.0
2018-02-28 06:00:00,2018-02-28 06:00,0.89995,0.2032,0.0,0.20213,0.49462,0.18868,0.18868,0.0,0.0
2018-02-28 07:00:00,2018-02-28 07:00,1.25355,0.2032,0.0,0.41368,0.63667,0.21602,0.21229,0.0,0.00374
2018-02-28 08:00:00,2018-02-28 08:00,1.39695,0.2032,0.0,0.4281,0.76565,0.25688,0.14446,0.0,0.11242
2018-02-28 09:00:00,2018-02-28 09:00,1.41713,0.2032,0.0,0.4397,0.77423,0.23214,0.11972,0.0,0.11242
2018-02-28 10:00:00,2018-02-28 10:00,0.87662,0.2032,0.0,0.09422,0.5792,0.16603,0.13605,0.0,0.02998
2018-02-28 11:00:00,2018-02-28 11:00,1.50017,0.97229,0.0,0.003,0.52488,0.03449,0.03449,0.0,0.0
2018-02-28 12:00:00,2018-02-28 12:00,1.72623,0.99038,0.0,0.20945,0.5264,0.0,0.0,0.0,0.0
2018-02-28 13:00:00,2018-02-28 13:00,1.82548,0.88956,0.0,0.42949,0.50643,0.0,0.0,0.0,0.0
2018-02-28 14:00:00,2018-02-28 14:00,1.28197,0.77817,0.0,0.06373,0.44007,0.0,0.0,0.0,0.0
2018-02-28 15:00:00,2018-02-28 15:00,1.12015,0.67569,0.0,0.003,0.44146,0.0,0.0,0.0,0.0
2018-02-28 16:00:00,2018-02-28 16:00,1.06425,0.61567,0.0,0.003,0.44558,0.0,0.0,0.0,0.0
2018-02-28 17:00:00,2018-02-28 17:00,1.31225,0.61591,0.0,0.10669,0.58965,0.0,0.0,0.0,0.0
2018-02-28 18:00:00,2018-02-28 18:00,1.72782,0.49362,0.0,0.42949,0.80471,0.05995,0.0,0.0,0.05995
2018-02-28 19:00:00,2018-02-28 19:00,1.88756,0.52585,0.0,0.02945,1.33226,0.05433,0.0,0.0,0.05433
2018-02-28 20:00:00,2018-02-28 20:00,1.98276,0.64061,0.0,0.003,1.33915,0.0,0.0,0.0,0.0
2018-02-28 21:00:00,2018-02-28 21:00,2.27408,0.84463,0.0,0.20664,1.22281,0.0,0.0,0.0,0.0
2018-02-28 22:00:00,2018-02-28 22:00,2.50087,0.98739,0.0,0.434,1.07948,0.0,0.0,0.0,0.0
2018-02-28 23:00:00,2018-02-28 23:00,1.83306,1.12167,0.0,0.05288,0.65851,0.0,0.0,0.0,0.0
2018-03-01 00:00:00,2018-03-01 00:00,1.70706,1.21442,0.0,0.003,0.48964,0.0,0.0,0.0,0.0
2018-03-01 01:00:00,2018-03-01 01:00,1.78533,1.3101,0.0,0.003,0.47223,0.0,0.0,0.0,0.0
2018-03-01 02:00:00,2018-03-01 02:00,0.66668,0.2032,0.0,0.003,0.46048,0.14778,0.14778,0.0,0.0
2018-03-01 03:00:00,2018-03-01 03:00,0.66468,0.2032,0.0,0.003,0.45848,0.15815,0.15815,0.0,-0.0
2018-03-01 04:00:00,2018-03-01 04:00,0.65844,0.2032,0.0,0.003,0.45224,0.1694,0.1694,0.0,0.0
2018-03-01 05:00:00,2018-03-01 05:00,0.76041,0.2032,0.0,0.10826,0.44895,0.17829,0.17829,0.0,0.0
2018-03-01 06:00:00,2018-03-01 06:00,1.11819,0.2032,0.0,0.43463,0.48036,0.18347,0.18347,0.0,0.0
2018-03-01 07:00:00,2018-03-01 07:00,1.09167,0.2032,0.0,0.22254,0.66593,0.25118,0.19685,0.0,0.05433
2018-03-01 08:00:00,2018-03-01 08:00,1.11602,0.2032,0.0,0.31247,0.60035,0.2027,0.2027,0.0,0.0
2018-03-01 09:00:00,2018-03-01 09:00,1.1161,0.2032,0.0,0.42822,0.48468,0.19689,0.19689,0.0,-0.0
2018-03-01 10:00:00,2018-03-01 10:00,0.71887,0.2032,0.0,0.04475,0.47092,0.1752,0.1752,0.0,0.0
2018-03-01 11:00:00,2018-03-01 11:00,0.67088,0.2032,0.0,0.003,0.46468,0.15735,0.15735,0.0,0.0
2018-03-01 12:00:00,2018-03-01 12:00,1.21885,0.75007,0.0,0.003,0.46578,0.07272,0.07272,0.0,0.0
2018-03-01 13:00:00,2018-03-01 13:00,1.63853,1.15499,0.0,0.003,0.48054,0.0,0.0,0.0,0.0
2018-03-01 14:00:00,2018-03-01 14:00,1.54464,0.99803,0.0,0.003,0.54361,0.0,0.0,0.0,0.0
2018-03-01 15:00:00,2018-03-01 15:00,1.91578,0.94319,0.0,0.42542,0.54717,0.0,0.0,0.0,0.0
2018-03-01 16:00:00,2018-03-01 16:00,1.88136,0.88396,0.0,0.43278,0.56462,0.0,0.0,0.0,0.0
2018-03-01 17:00:00,2018-03-01 17:00,1.78427,0.86173,0.0,0.1624,0.76014,0.0,0.0,0.0,0.0
2018-03-01 18:00:00,2018-03-01 18:00,3.08629,0.93159,0.0,0.20478,1.94992,0.0,0.0,0.0,0.0
2018-03-01 19:00:00,2018-03-01 19:00,1.67516,0.43302,0.0,0.41738,0.82476,0.09354,0.09354,0.0,0.0
2018-03-01 20:00:00,2018-03-01 20:00,1.49555,0.2032,0.0,0.38576,0.90659,0.12976,0.12976,0.0,-0.0
2018-03-01 21:00:00,2018-03-01 21:00,1.14792,0.2032,0.0,0.003,0.94172,0.14759,0.14759,0.0,0.0
2018-03-01 22:00:00,2018-03-01 22:00,2.02934,0.2032,0.0,0.42557,1.40057,0.15929,0.15929,0.0,0.0
2018-03-01 23:00:00,2018-03-01 23:00,2.12271,0.2032,0.0,0.43011,1.4894,0.18958,0.18958,0.0,-0.0
2018-03-02 00:00:00,2018-03-02 00:00,0.90328,0.2032,0.0,0.21052,0.48956,0.1979,0.1979,0.0,0.0
2018-03-02 01:00:00,2018-03-02 01:00,0.67276,0.2032,0.0,0.003,0.46656,0.21315,0.21315,0.0,0.0
2018-03-02 02:00:00,2018-03-02 02:00,0.66668,0.2032,0.0,0.003,0.46048,0.22573,0.22573,0.0,-0.0
2018-03-02 03:00:00,2018-03-02 03:00,0.66468,0.2032,0.0,0.003,0.45848,0.23416,0.23416,0.0,0.0
2018-03-02 04:00:00,2018-03-02 04:00,0.65844,0.2032,0.0,0.003,0.45224,0.24711,0.24711,0.0,-0.0
2018-03-02 05:00:00,2018-03-02 05:00,0.65384,0.2032,0.0,0.003,0.44764,0.25929,0.25929,0.0,0.0
2018-03-02 06:00:00,2018-03-02 06:00,0.69472,0.2032,0.0,0.003,0.48852,0.28581,0.25959,0.0,0.02622
2018-03-02 07:00:00,2018-03-02 07:00,1.19892,0.2032,0.0,0.4245,0.57122,0.29027,0.29027,0.0,0.0
2018-03-02 08:00:00,2018-03-02 08:00,0.95057,0.2032,0.0,0.21223,0.53514,0.26741,0.26741,0.0,0.0
2018-03-02 09:00:00,2018-03-02 09:00,0.74471,0.2032,0.0,0.003,0.53851,0.25428,0.25428,0.0,0.0
2018-03-02 10:00:00,2018-03-02 10:00,0.8461,0.2032,0.0,0.10564,0.53726,0.23593,0.23593,0.0,-0.0
2018-03-02 11:00:00,2018-03-02 11:00,1.17695,0.2032,0.0,0.43071,0.54304,0.21412,0.20288,0.0,0.01124
2018-03-02 12:00:00,2018-03-02 12:00,1.05437,0.2032,0.0,0.18026,0.67091,0.22563,0.12819,0.0,0.09744
2018-03-02 13:00:00,2018-03-02 13:00,1.62626,0.98109,0.0,0.003,0.64217,0.03416,0.03416,0.0,0.0
2018-03-02 14:00:00,2018-03-02 14:00,1.89135,1.10772,0.0,0.21195,0.57168,0.0,0.0,0.0,0.0
2018-03-02 15:00:00,2018-03-02 15:00,1.91993,1.05998,0.0,0.31278,0.54717,0.0,0.0,0.0,0.0
2018-03-02 16:00:00,2018-03-02 16:00,1.73999,1.07047,0.0,0.10491,0.56461,0.0,0.0,0.0,0.0
2018-03-02 17:00:00,2018-03-02 17:00,2.13623,1.06573,0.0,0.41416,0.65634,0.0,0.0,0.0,0.0
2018-03-02 18:00:00,2018-03-02 18:00,2.20834,1.04609,0.0,0.43004,0.73221,0.0,0.0,0.0,0.0
2018-03-02 19:00:00,2018-03-02 19:00,2.35364,1.19982,0.0,0.42936,0.72446,0.0,0.0,0.0,0.0
2018-03-02 20:00:00,2018-03-02 20:00,2.18707,1.09234,0.0,0.18817,0.90656,0.0,0.0,0.0,0.0
2018-03-02 21:00:00,2018-03-02 21:00,2.15434,1.07886,0.0,0.003,1.07248,0.0,0.0,0.0,0.0
2018-03-02 22:00:00,2018-03-02 22:00,2.16372,1.10358,0.0,0.003,1.05714,0.0,0.0,0.0,0.0
2018-03-02 23:00:00,2018-03-02 23:00,1.98115,1.23985,0.0,0.10575,0.63555,0.0,0.0,0.0,0.0
2018-03-03 00:00:00,2018-03-03 00:00,2.18659,1.38113,0.0,0.33392,0.47154,0.0,0.0,0.0,0.0
2018-03-03 01:00:00,2018-03-03 01:00,1.89471,1.42395,0.0,0.003,0.46776,0.0,0.0,0.0,0.0
2018-03-03 02:00:00,2018-03-03 02:00,1.96016,1.49543,0.0,0.003,0.46173,0.0,0.0,0.0,0.0
2018-03-03 03:00:00,2018-03-03 03:00,1.97544,1.51271,0.0,0.003,0.45973,0.0,0.0,0.0,0.0
2018-03-03 04:00:00,2018-03-03 04:00,1.92594,1.46968,0.0,0.003,0.45326,0.0,0.0,0.0,0.0
2018-03-03 05:00:00,2018-03-03 05:00,1.98828,1.53662,0.0,0.003,0.44866,0.0,0.0,0.0,0.0
2018-03-03 06:00:00,2018-03-03 06:00,2.27805,1.59709,0.0,0.21475,0.46621,0.0,0.0,0.0,0.0
2018-03-03 07:00:00,2018-03-03 07:00,1.12422,0.2032,0.0,0.35174,0.56928,0.187,0.187,0.0,0.0
2018-03-03 08:00:00,2018-03-03 08:00,1.13077,0.5151,0.0,0.003,0.61267,0.13994,0.1287,0.0,0.01124
2018-03-03 09:00:00,2018-03-03 09:00,2.54334,1.46698,0.0,0.31116,0.7652,0.01498,0.0,0.0,0.01498
2018-03-03 10:00:00,2018-03-03 10:00,2.60837,1.47592,0.0,0.42796,0.70449,0.0,0.0,0.0,0.0
2018-03-03 11:00:00,2018-03-03 11:00,2.22401,1.35274,0.0,0.16075,0.71052,0.0,0.0,0.0,0.0
2018-03-03 12:00:00,2018-03-03 12:00,2.29908,1.16978,0.0,0.42574,0.70356,0.0,0.0,0.0,0.0
2018-03-03 13:00:00,2018-03-03 13:00,2.07836,1.18665,0.0,0.09785,0.79386,0.0,0.0,0.0,0.0
2018-03-03 14:00:00,2018-03-03 14:00,2.11997,1.06678,0.0,0.20989,0.8433,0.0,0.0,0.0,0.0
2018-03-03 15:00:00,2018-03-03 15:00,3.1773,0.97317,0.0,0.43123,1.7729,0.0,0.0,0.0,0.0
2018-03-03 16:00:00,2018-03-03 16:00,2.84805,0.86551,0.0,0.2091,1.77344,0.0,0.0,0.0,0.0
2018-03-03 17:00:00,2018-03-03 17:00,1.84235,0.86781,0.0,0.003,0.97154,0.0,0.0,0.0,0.0
2018-03-03 18:00:00,2018-03-03 18:00,2.22822,0.85869,0.0,0.30881,1.06072,0.0,0.0,0.0,0.0
2018-03-03 19:00:00,2018-03-03 19:00,2.57428,0.95095,0.0,0.39361,1.22972,0.0,0.0,0.0,0.0
2018-03-03 20:00:00,2018-03-03 20:00,2.15939,0.83137,0.0,0.003,1.32502,0.0,0.0,0.0,0.0
2018-03-03 21:00:00,2018-03-03 21:00,1.98603,0.79983,0.0,0.003,1.1832,0.0,0.0,0.0,0.0
2018-03-03 22:00:00,2018-03-03 22:00,1.79833,0.87737,0.0,0.003,0.91796,0.0,0.0,0.0,0.0
2018-03-03 23:00:00,2018-03-03 23:00,1.73615,1.01877,0.0,0.003,0.71438,0.0,0.0,0.0,0.0
2018-03-04 00:00:00,2018-03-04 00:00,1.92811,1.18711,0.0,0.215,0.526,0.0,0.0,0.0,0.0
2018-03-04 01:00:00,2018-03-04 01:00,1.89165,1.22651,0.0,0.18274,0.4824,0.0,0.0,0.0,0.0
2018-03-04 02:00:00,2018-03-04 02:00,1.78147,1.31675,0.0,0.003,0.46172,0.0,0.0,0.0,0.0
2018-03-04 03:00:00,2018-03-04 03:00,1.91652,1.45381,0.0,0.003,0.45971,0.0,0.0,0.0,0.0
2018-03-04 04:00:00,2018-03-04 04:00,2.00015,1.54388,0.0,0.003,0.45327,0.0,0.0,0.0,0.0
2018-03-04 05:00:00,2018-03-04 05:00,2.25046,1.5878,0.0,0.21496,0.4477,0.0,0.0,0.0,0.0
2018-03-04 06:00:00,2018-03-04 06:00,2.21867,1.57649,0.0,0.1918,0.45038,0.0,0.0,0.0,0.0
2018-03-04 07:00:00,2018-03-04 07:00,2.07084,1.56165,0.0,0.003,0.50619,0.0,0.0,0.0,0.0
2018-03-04 08:00:00,2018-03-04 08:00,0.97434,0.2032,0.0,0.21344,0.5577,0.21075,0.21075,0.0,0.0
2018-03-04 09:00:00,2018-03-04 09:00,2.22339,1.2235,0.0,0.38574,0.61415,0.04528,0.04528,0.0,-0.0
2018-03-04 10:00:00,2018-03-04 10:00,2.28185,1.56638,0.0,0.003,0.71247,0.0,0.0,0.0,0.0
2018-03-04 11:00:00,2018-03-04 11:00,2.66261,1.56396,0.0,0.31512,0.78353,0.0,0.0,0.0,0.0
2018-03-04 12:00:00,2018-03-04 12:00,2.71132,1.58305,0.0,0.42149,0.70678,0.0,0.0,0.0,0.0
2018-03-04 13:00:00,2018-03-04 13:00,2.58949,1.52983,0.0,0.41487,0.64479,0.0,0.0,0.0,0.0
2018-03-04 14:00:00,2018-03-04 14:00,2.32129,1.21465,0.0,0.43795,0.66869,0.0,0.0,0.0,0.0
2018-03-04 15:00:00,2018-03-04 15:00,1.91831,0.9603,0.0,0.18462,0.77339,0.0,0.0,0.0,0.0
2018-03-04 16:00:00,2018-03-04 16:00,1.63944,0.8334,0.0,0.003,0.80304,0.0,0.0,0.0,0.0
2018-03-04 17:00:00,2018-03-04 17:00,1.71496,0.86233,0.0,0.003,0.84963,0.0,0.0,0.0,0.0
2018-03-04 18:00:00,2018-03-04 18:00,1.6983,0.84687,0.0,0.003,0.84843,0.01124,0.0,0.0,0.01124
2018-03-04 19:00:00,2018-03-04 19:00,1.79985,0.89306,0.0,0.003,0.90379,0.01498,0.0,0.0,0.01498
2018-03-04 20:00:00,2018-03-04 20:00,1.9356,0.89791,0.0,0.109,0.92869,0.0,0.0,0.0,0.0
2018-03-04 21:00:00,2018-03-04 21:00,2.57649,0.98815,0.0,0.43936,1.14898,0.0,0.0,0.0,0.0
2018-03-04 22:00:00,2018-03-04 22:00,2.15525,1.01243,0.0,0.13555,1.00727,0.0,0.0,0.0,0.0
2018-03-04 23:00:00,2018-03-04 23:00,1.81615,1.21308,0.0,0.003,0.60007,0.0,0.0,0.0,0.0
2018-03-05 00:00:00,2018-03-05 00:00,1.88548,1.36428,0.0,0.003,0.5182,0.0,0.0,0.0,0.0
2018-03-05 01:00:00,2018-03-05 01:00,2.14842,1.46389,0.0,0.21228,0.47225,0.0,0.0,0.0,0.0
2018-03-05 02:00:00,2018-03-05 02:00,2.18945,1.53042,0.0,0.19856,0.46047,0.0,0.0,0.0,0.0
2018-03-05 03:00:00,2018-03-05 03:00,1.96601,1.50454,0.0,0.003,0.45847,0.0,0.0,0.0,0.0
2018-03-05 04:00:00,2018-03-05 04:00,2.0235,1.56828,0.0,0.003,0.45222,0.0,0.0,0.0,0.0
2018-03-05 05:00:00,2018-03-05 05:00,2.04979,1.59812,0.0,0.003,0.44867,0.0,0.0,0.0,0.0
2018-03-05 06:00:00,2018-03-05 06:00,2.48498,1.5884,0.0,0.42438,0.4722,0.0,0.0,0.0,0.0
2018-03-05 07:00:00,2018-03-05 07:00,2.54566,1.58276,0.0,0.42639,0.53651,0.0,0.0,0.0,0.0
2018-03-05 08:00:00,2018-03-05 08:00,2.15003,1.58607,0.0,0.003,0.56096,0.0,0.0,0.0,0.0
2018-03-05 09:00:00,2018-03-05 09:00,2.55935,1.59952,0.0,0.41235,0.54748,0.0,0.0,0.0,0.0
2018-03-05 10:00:00,2018-03-05 10:00,2.49936,1.58662,0.0,0.43285,0.47989,0.0,0.0,0.0,0.0
2018-03-05 11:00:00,2018-03-05 11:00,2.0913,1.57076,0.0,0.05702,0.46352,0.0,0.0,0.0,0.0
2018-03-05 12:00:00,2018-03-05 12:00,2.0357,1.56834,0.0,0.003,0.46436,0.0,0.0,0.0,0.0
2018-03-05 13:00:00,2018-03-05 13:00,2.05488,1.5795,0.0,0.003,0.47238,0.0,0.0,0.0,0.0
2018-03-05 14:00:00,2018-03-05 14:00,2.06204,1.58615,0.0,0.003,0.47289,0.0,0.0,0.0,0.0
2018-03-05 15:00:00,2018-03-05 15:00,0.68104,0.2032,0.0,0.003,0.47484,0.25642,0.25642,0.0,0.0
2018-03-05 16:00:00,2018-03-05 16:00,0.68016,0.2032,0.0,0.003,0.47396,0.21611,0.21611,0.0,0.0
2018-03-05 17:00:00,2018-03-05 17:00,0.86002,0.2032,0.0,0.1101,0.54672,0.23857,0.21235,0.0,0.02622
2018-03-05 18:00:00,2018-03-05 18:00,1.31024,0.2032,0.0,0.43669,0.67035,0.22243,0.22243,0.0,0.0
2018-03-05 19:00:00,2018-03-05 19:00,1.27182,0.2032,0.0,0.2052,0.86342,0.22828,0.22828,0.0,-0.0
2018-03-05 20:00:00,2018-03-05 20:00,2.2457,0.2032,0.0,0.003,2.0395,0.20848,0.20848,0.0,0.0
2018-03-05 21:00:00,2018-03-05 21:00,3.92331,0.2032,0.0,0.31748,3.40263,0.21809,0.21809,0.0,-0.0
2018-03-05 22:00:00,2018-03-05 22:00,2.31871,0.2032,0.0,0.23863,1.87688,0.22408,0.22408,0.0,-0.0
2018-03-05 23:00:00,2018-03-05 23:00,0.90898,0.2032,0.0,0.003,0.70278,0.22306,0.22306,0.0,0.0
2018-03-06 00:00:00,2018-03-06 00:00,0.76121,0.2032,0.0,0.003,0.55501,0.21982,0.21982,0.0,0.0
2018-03-06 01:00:00,2018-03-06 01:00,0.67847,0.2032,0.0,0.003,0.47227,0.22154,0.22154,0.0,0.0
2018-03-06 02:00:00,2018-03-06 02:00,0.66668,0.2032,0.0,0.003,0.46048,0.21988,0.21988,0.0,0.0
2018-03-06 03:00:00,2018-03-06 03:00,0.66468,0.2032,0.0,0.003,0.45848,0.21178,0.21178,0.0,0.0
2018-03-06 04:00:00,2018-03-06 04:00,0.65821,0.2032,0.0,0.003,0.45201,0.21422,0.21422,0.0,-0.0
2018-03-06 05:00:00,2018-03-06 05:00,1.00807,0.2032,0.0,0.31747,0.4874,0.23688,0.19753,0.0,0.03935
2018-03-06 06:00:00,2018-03-06 06:00,1.12886,0.2032,0.0,0.43407,0.49159,0.21118,0.1962,0.0,0.01498
2018-03-06 07:00:00,2018-03-06 07:00,1.20885,0.2032,0.0,0.41516,0.59049,0.21912,0.21912,0.0,0.0
2018-03-06 08:00:00,2018-03-06 08:00,0.8599,0.2032,0.0,0.003,0.6537,0.2568,0.18935,0.0,0.06745
2018-03-06 09:00:00,2018-03-06 09:00,1.79437,0.2032,0.0,0.10547,1.4857,0.2206,0.20748,0.0,0.01312
2018-03-06 10:00:00,2018-03-06 10:00,3.29802,0.2032,0.0,0.39797,2.69685,0.22713,0.22713,0.0,0.0
2018-03-06 11:00:00,2018-03-06 11:00,2.9344,0.2032,0.0,0.003,2.7282,0.22187,0.22187,0.0,-0.0
2018-03-06 12:00:00,2018-03-06 12:00,1.8156,0.2032,0.0,0.003,1.6094,0.20354,0.20354,0.0,0.0
2018-03-06 13:00:00,2018-03-06 13:00,0.74731,0.2032,0.0,0.003,0.54111,0.17765,0.17765,0.0,-0.0
2018-03-06 14:00:00,2018-03-06 14:00,0.95335,0.2032,0.0,0.21369,0.53646,0.17435,0.17435,0.0,-0.0
2018-03-06 15:00:00,2018-03-06 15:00,0.85876,0.2032,0.0,0.16467,0.49089,0.18395,0.18395,0.0,-0.0
2018-03-06 16:00:00,2018-03-06 16:00,0.83264,0.2032,0.0,0.003,0.62644,0.17651,0.17651,0.0,0.0
2018-03-06 17:00:00,2018-03-06 17:00,0.78856,0.2032,0.0,0.003,0.58236,0.17934,0.17934,0.0,0.0
2018-03-06 18:00:00,2018-03-06 18:00,0.93239,0.2032,0.0,0.003,0.72619,0.19439,0.16817,0.0,0.02622
2018-03-06 19:00:00,2018-03-06 19:00,1.68591,0.2032,0.0,0.42338,1.05933,0.18755,0.18755,0.0,-0.0
2018-03-06 20:00:00,2018-03-06 20:00,2.17101,0.2032,0.0,0.43514,1.53267,0.17106,0.17106,0.0,0.0
2018-03-06 21:00:00,2018-03-06 21:00,3.38446,0.2032,0.0,0.32558,2.85568,0.19472,0.19472,0.0,-0.0
2018-03-06 22:00:00,2018-03-06 22:00,1.06133,0.2032,0.0,0.003,0.85513,0.19592,0.19592,0.0,0.0
2018-03-06 23:00:00,2018-03-06 23:00,0.691,0.2032,0.0,0.003,0.4848,0.21223,0.21223,0.0,0.0
2018-03-07 00:00:00,2018-03-07 00:00,0.67764,0.2032,0.0,0.003,0.47144,0.22117,0.22117,0.0,-0.0
2018-03-07 01:00:00,2018-03-07 01:00,0.67276,0.2032,0.0,0.003,0.46656,0.22995,0.22995,0.0,0.0
2018-03-07 02:00:00,2018-03-07 02:00,0.66668,0.2032,0.0,0.003,0.46048,0.23428,0.23428,0.0,0.0
2018-03-07 03:00:00,2018-03-07 03:00,0.66468,0.2032,0.0,0.003,0.45848,0.23718,0.23718,0.0,-0.0
2018-03-07 04:00:00,2018-03-07 04:00,0.65844,0.2032,0.0,0.003,0.45224,0.24676,0.24676,0.0,0.0
2018-03-07 05:00:00,2018-03-07 05:00,0.65384,0.2032,0.0,0.003,0.44764,0.26698,0.26698,0.0,0.0
2018-03-07 06:00:00,2018-03-07 06:00,0.65556,0.2032,0.0,0.003,0.44936,0.28159,0.28159,0.0,0.0
2018-03-07 07:00:00,2018-03-07 07:00,1.21472,0.2032,0.0,0.42218,0.58934,0.33484,0.29549,0.0,0.03935
2018-03-07 08:00:00,2018-03-07 08:00,1.30627,0.2032,0.0,0.43055,0.67252,0.28763,0.27265,0.0,0.01498
2018-03-07 09:00:00,2018-03-07 09:00,2.07802,0.2032,0.0,0.42458,1.45024,0.26844,0.26844,0.0,0.0
2018-03-07 10:00:00,2018-03-07 10:00,3.02022,0.2032,0.0,0.19318,2.62384,0.2608,0.2608,0.0,0.0
2018-03-07 11:00:00,2018-03-07 11:00,2.8238,0.2032,0.0,0.003,2.6176,0.2448,0.2448,0.0,0.0
2018-03-07 12:00:00,2018-03-07 12:00,2.82488,0.2032,0.0,0.003,2.61868,0.23214,0.23214,0.0,0.0
2018-03-07 13:00:00,2018-03-07 13:00,0.71578,0.2032,0.0,0.003,0.50958,0.19222,0.19222,0.0,0.0
2018-03-07 14:00:00,2018-03-07 14:00,0.67992,0.2032,0.0,0.003,0.47372,0.18667,0.18667,0.0,0.0
2018-03-07 15:00:00,2018-03-07 15:00,0.68124,0.2032,0.0,0.003,0.47504,0.18721,0.18721,0.0,0.0
2018-03-07 16:00:00,2018-03-07 16:00,0.68964,0.2032,0.0,0.003,0.48344,0.16972,0.16972,0.0,0.0
2018-03-07 17:00:00,2018-03-07 17:00,1.29614,0.2032,0.0,0.42697,0.66597,0.16003,0.16003,0.0,-0.0
2018-03-07 18:00:00,2018-03-07 18:00,1.30683,0.2032,0.0,0.41537,0.68826,0.16708,0.16708,0.0,0.0
2018-03-07 19:00:00,2018-03-07 19:00,1.58153,0.2032,0.0,0.41848,0.95985,0.18681,0.18681,0.0,-0.0
2018-03-07 20:00:00,2018-03-07 20:00,1.64287,0.2032,0.0,0.33405,1.10562,0.18152,0.18152,0.0,0.0
2018-03-07 21:00:00,2018-03-07 21:00,1.36714,0.2032,0.0,0.003,1.16094,0.19732,0.19732,0.0,0.0
2018-03-07 22:00:00,2018-03-07 22:00,1.27504,0.2032,0.0,0.003,1.06884,0.20856,0.20856,0.0,-0.0
2018-03-07 23:00:00,2018-03-07 23:00,0.97548,0.2032,0.0,0.003,0.76928,0.22731,0.22731,0.0,0.0
2018-03-08 00:00:00,2018-03-08 00:00,0.67764,0.2032,0.0,0.003,0.47144,0.24376,0.24376,0.0,0.0
2018-03-08 01:00:00,2018-03-08 01:00,0.67276,0.2032,0.0,0.003,0.46656,0.24701,0.24701,0.0,0.0
2018-03-08 02:00:00,2018-03-08 02:00,0.66668,0.2032,0.0,0.003,0.46048,0.25632,0.25632,0.0,0.0
2018-03-08 03:00:00,2018-03-08 03:00,0.66468,0.2032,0.0,0.003,0.45848,0.26688,0.26688,0.0,0.0
2018-03-08 04:00:00,2018-03-08 04:00,0.86962,0.2032,0.0,0.21503,0.45139,0.27529,0.27529,0.0,-0.0
2018-03-08 05:00:00,2018-03-08 05:00,1.05158,0.2032,0.0,0.40053,0.44785,0.28455,0.28455,0.0,0.0
2018-03-08 06:00:00,2018-03-08 06:00,0.68484,0.2032,0.0,0.003,0.47864,0.28911,0.28911,0.0,-0.0
2018-03-08 07:00:00,2018-03-08 07:00,1.26475,0.2032,0.0,0.41813,0.64342,0.33652,0.3103,0.0,0.02622
2018-03-08 08:00:00,2018-03-08 08:00,1.28658,0.2032,0.0,0.42576,0.65762,0.28948,0.28948,0.0,0.0
2018-03-08 09:00:00,2018-03-08 09:00,1.16673,0.2032,0.0,0.41563,0.5479,0.27419,0.27419,0.0,0.0
2018-03-08 10:00:00,2018-03-08 10:00,1.04757,0.2032,0.0,0.30711,0.53726,0.24317,0.24317,0.0,0.0
2018-03-08 11:00:00,2018-03-08 11:00,0.738,0.2032,0.0,0.003,0.5318,0.21599,0.21599,0.0,-0.0
2018-03-08 12:00:00,2018-03-08 12:00,1.14141,0.2032,0.0,0.40527,0.53294,0.19139,0.19139,0.0,0.0
2018-03-08 13:00:00,2018-03-08 13:00,1.17379,0.2032,0.0,0.42948,0.54111,0.1705,0.1705,0.0,-0.0
2018-03-08 14:00:00,2018-03-08 14:00,0.92516,0.2032,0.0,0.17832,0.54364,0.16255,0.16255,0.0,0.0
2018-03-08 15:00:00,2018-03-08 15:00,1.59619,0.2032,0.0,0.003,1.38999,0.16087,0.16087,0.0,-0.0
2018-03-08 16:00:00,2018-03-08 16:00,2.87509,0.2032,0.0,0.003,2.66889,0.17849,0.15227,0.0,0.02622
2018-03-08 17:00:00,2018-03-08 17:00,1.18675,0.2032,0.0,0.20569,0.77786,0.14149,0.14149,0.0,0.0
2018-03-08 18:00:00,2018-03-08 18:00,1.51721,0.2032,0.0,0.42845,0.88556,0.15471,0.15471,0.0,0.0
2018-03-08 19:00:00,2018-03-08 19:00,1.52588,0.2032,0.0,0.23998,1.0827,0.18327,0.18327,0.0,0.0
2018-03-08 20:00:00,2018-03-08 20:00,1.33409,0.2032,0.0,0.003,1.12789,0.17801,0.17801,0.0,-0.0
2018-03-08 21:00:00,2018-03-08 21:00,1.58699,0.2032,0.0,0.003,1.38079,0.18611,0.18611,0.0,0.0
2018-03-08 22:00:00,2018-03-08 22:00,1.45434,0.2032,0.0,0.003,1.24814,0.19662,0.19662,0.0,0.0
2018-03-08 23:00:00,2018-03-08 23:00,0.89261,0.2032,0.0,0.003,0.68641,0.21469,0.21469,0.0,0.0
2018-03-09 00:00:00,2018-03-09 00:00,0.69576,0.2032,0.0,0.003,0.48956,0.2259,0.2259,0.0,0.0
2018-03-09 01:00:00,2018-03-09 01:00,0.67276,0.2032,0.0,0.003,0.46656,0.22971,0.22971,0.0,-0.0
2018-03-09 02:00:00,2018-03-09 02:00,0.66668,0.2032,0.0,0.003,0.46048,0.23431,0.23431,0.0,0.0
2018-03-09 03:00:00,2018-03-09 03:00,0.66468,0.2032,0.0,0.003,0.45848,0.23834,0.23834,0.0,0.0
2018-03-09 04:00:00,2018-03-09 04:00,0.65844,0.2032,0.0,0.003,0.45224,0.24188,0.24188,0.0,0.0
2018-03-09 05:00:00,2018-03-09 05:00,0.65384,0.2032,0.0,0.003,0.44764,0.24503,0.24503,0.0,-0.0
2018-03-09 06:00:00,2018-03-09 06:00,0.97592,0.2032,0.0,0.31959,0.45313,0.25653,0.25653,0.0,0.0
2018-03-09 07:00:00,2018-03-09 07:00,0.86903,0.2032,0.0,0.10433,0.5615,0.2826,0.2826,0.0,0.0
2018-03-09 08:00:00,2018-03-09 08:00,1.27761,0.2032,0.0,0.39849,0.67592,0.25098,0.25098,0.0,-0.0
2018-03-09 09:00:00,2018-03-09 09:00,1.23133,0.2032,0.0,0.3981,0.63003,0.23553,0.23553,0.0,-0.0
2018-03-09 10:00:00,2018-03-09 10:00,1.13517,0.2032,0.0,0.39471,0.53726,0.21685,0.21685,0.0,0.0
2018-03-09 11:00:00,2018-03-09 11:00,1.11999,0.2032,0.0,0.39179,0.525,0.18897,0.18897,0.0,0.0
2018-03-09 12:00:00,2018-03-09 12:00,1.09261,0.2032,0.0,0.42361,0.4658,0.16989,0.16989,0.0,0.0
2018-03-09 13:00:00,2018-03-09 13:00,1.05567,0.2032,0.0,0.37879,0.47368,0.1576,0.1576,0.0,0.0
2018-03-09 14:00:00,2018-03-09 14:00,0.67992,0.2032,0.0,0.003,0.47372,0.14481,0.14481,0.0,0.0
2018-03-09 15:00:00,2018-03-09 15:00,0.70692,0.2032,0.0,0.003,0.50072,0.12776,0.12776,0.0,0.0
2018-03-09 16:00:00,2018-03-09 16:00,0.71197,0.2032,0.0,0.003,0.50577,0.12009,0.12009,0.0,-0.0
2018-03-09 17:00:00,2018-03-09 17:00,0.88139,0.2032,0.0,0.11007,0.56812,0.1233,0.1233,0.0,-0.0
2018-03-09 18:00:00,2018-03-09 18:00,1.39249,0.2032,0.0,0.43487,0.75442,0.16489,0.11056,0.0,0.05433
2018-03-09 19:00:00,2018-03-09 19:00,1.25115,0.2032,0.0,0.16481,0.88314,0.15581,0.15581,0.0,0.0
2018-03-09 20:00:00,2018-03-09 20:00,2.42831,0.2032,0.0,0.10714,2.11797,0.15034,0.15034,0.0,0.0
2018-03-09 21:00:00,2018-03-09 21:00,2.87385,0.2032,0.0,0.42869,2.24196,0.15089,0.15089,0.0,-0.0
2018-03-09 22:00:00,2018-03-09 22:00,1.52971,0.2032,0.0,0.07837,1.24814,0.15526,0.15526,0.0,0.0
2018-03-09 23:00:00,2018-03-09 23:00,0.86375,0.2032,0.0,0.003,0.65755,0.17699,0.17699,0.0,0.0
2018-03-10 00:00:00,2018-03-10 00:00,0.68455,0.2032,0.0,0.003,0.47835,0.18183,0.18183,0.0,0.0
2018-03-10 01:00:00,2018-03-10 01:00,0.674,0.2032,0.0,0.003,0.4678,0.18573,0.18573,0.0,-0.0
2018-03-10 02:00:00,2018-03-10 02:00,0.66792,0.2032,0.0,0.003,0.46172,0.18735,0.18735,0.0,0.0
2018-03-10 03:00:00,2018-03-10 03:00,0.66596,0.2032,0.0,0.003,0.45976,0.18825,0.18825,0.0,0.0
2018-03-10 04:00:00,2018-03-10 04:00,0.65968,0.2032,0.0,0.003,0.45348,0.19258,0.19258,0.0,0.0
2018-03-10 05:00:00,2018-03-10 05:00,0.65512,0.2032,0.0,0.003,0.44892,0.19459,0.19459,0.0,-0.0
2018-03-10 06:00:00,2018-03-10 06:00,0.65684,0.2032,0.0,0.003,0.45064,0.20066,0.20066,0.0,0.0
2018-03-10 07:00:00,2018-03-10 07:00,0.71303,0.2032,0.0,0.003,0.50683,0.2162,0.2162,0.0,0.0
2018-03-10 08:00:00,2018-03-10 08:00,1.09766,0.2032,0.0,0.3228,0.57166,0.19406,0.19406,0.0,0.0
2018-03-10 09:00:00,2018-03-10 09:00,1.31071,0.2032,0.0,0.42775,0.67976,0.18672,0.18672,0.0,-0.0
2018-03-10 10:00:00,2018-03-10 10:00,1.29405,0.2032,0.0,0.42532,0.66553,0.17655,0.17655,0.0,-0.0
2018-03-10 11:00:00,2018-03-10 11:00,1.06009,0.2032,0.0,0.24846,0.60843,0.17146,0.17146,0.0,-0.0
2018-03-10 12:00:00,2018-03-10 12:00,0.85027,0.2032,0.0,0.003,0.64407,0.16493,0.15369,0.0,0.01124
2018-03-10 13:00:00,2018-03-10 13:00,1.28465,0.2032,0.0,0.003,1.07845,0.15831,0.14333,0.0,0.01498
2018-03-10 14:00:00,2018-03-10 14:00,3.13068,0.2032,0.0,0.10587,2.82161,0.16404,0.16404,0.0,0.0
2018-03-10 15:00:00,2018-03-10 15:00,2.10515,0.50554,0.0,0.43168,1.16793,0.11002,0.11002,0.0,-0.0
2018-03-10 16:00:00,2018-03-10 16:00,2.21646,1.39346,0.0,0.01997,0.80303,0.0,0.0,0.0,0.0
2018-03-10 17:00:00,2018-03-10 17:00,2.00666,1.05848,0.0,0.003,0.94518,0.09556,0.0,0.0,0.09556
2018-03-10 18:00:00,2018-03-10 18:00,1.14135,0.2032,0.0,0.003,0.93515,0.13777,0.12464,0.0,0.01312
2018-03-10 19:00:00,2018-03-10 19:00,1.67923,0.2032,0.0,0.41667,1.05936,0.14615,0.14615,0.0,0.0
2018-03-10 20:00:00,2018-03-10 20:00,1.84457,0.2032,0.0,0.32462,1.31675,0.1275,0.1275,0.0,0.0
2018-03-10 21:00:00,2018-03-10 21:00,1.61639,0.2032,0.0,0.003,1.41019,0.12856,0.12856,0.0,0.0
2018-03-10 22:00:00,2018-03-10 22:00,1.30721,0.2032,0.0,0.003,1.10101,0.14099,0.14099,0.0,0.0
2018-03-10 23:00:00,2018-03-10 23:00,0.92062,0.2032,0.0,0.003,0.71442,0.15288,0.15288,0.0,0.0
2018-03-11 00:00:00,2018-03-11 00:00,0.73221,0.2032,0.0,0.003,0.52601,0.1569,0.1569,0.0,0.0
2018-03-11 01:00:00,2018-03-11 01:00,0.67004,0.2032,0.0,0.003,0.46384,0.16225,0.16225,0.0,-0.0
2018-03-11 02:00:00,2018-03-11 03:00,0.6644,0.2032,0.0,0.003,0.4582,0.16717,0.16717,0.0,0.0
2018-03-11 03:00:00,2018-03-11 04:00,0.66192,0.2032,0.0,0.003,0.45572,0.1701,0.1701,0.0,0.0
2018-03-11 04:00:00,2018-03-11 05:00,0.97708,0.2032,0.0,0.32415,0.44973,0.17185,0.17185,0.0,-0.0
2018-03-11 05:00:00,2018-03-11 06:00,1.0716,0.2032,0.0,0.40688,0.46152,0.17467,0.17467,0.0,-0.0
2018-03-11 06:00:00,2018-03-11 07:00,0.73886,0.2032,0.0,0.003,0.53266,0.1908,0.1908,0.0,-0.0
2018-03-11 07:00:00,2018-03-11 08:00,1.09557,0.2032,0.0,0.1062,0.78617,0.1731,0.1731,0.0,-0.0
2018-03-11 08:00:00,2018-03-11 09:00,3.25542,0.2032,0.0,0.42051,2.63171,0.20068,0.17446,0.0,0.02622
2018-03-11 09:00:00,2018-03-11 10:00,3.4726,0.2032,0.0,0.43804,2.83136,0.17478,0.17478,0.0,0.0
2018-03-11 10:00:00,2018-03-11 11:00,1.04193,0.2032,0.0,0.04398,0.79475,0.14988,0.14988,0.0,-0.0
2018-03-11 11:00:00,2018-03-11 12:00,1.20459,0.2032,0.0,0.21172,0.78967,0.14438,0.14438,0.0,-0.0
2018-03-11 12:00:00,2018-03-11 13:00,1.60083,0.53179,0.0,0.39141,0.67763,0.10955,0.10955,0.0,-0.0
2018-03-11 13:00:00,2018-03-11 14:00,2.10972,1.50307,0.0,0.003,0.60365,0.0,0.0,0.0,0.0
2018-03-11 14:00:00,2018-03-11 15:00,2.3104,1.43008,0.0,0.21081,0.66951,0.0,0.0,0.0,0.0
2018-03-11 15:00:00,2018-03-11 16:00,2.52844,1.31522,0.0,0.37367,0.83955,0.01124,0.0,0.0,0.01124
2018-03-11 16:00:00,2018-03-11 17:00,2.11743,1.24879,0.0,0.003,0.86564,0.01498,0.0,0.0,0.01498
2018-03-11 17:00:00,2018-03-11 18:00,2.34038,1.2995,0.0,0.003,1.03788,0.0,0.0,0.0,0.0
2018-03-11 18:00:00,2018-03-11 19:00,2.27187,0.82978,0.0,0.32191,1.12018,0.0699,0.0699,0.0,0.0
2018-03-11 19:00:00,2018-03-11 20:00,1.41572,0.2032,0.0,0.09552,1.117,0.12938,0.12938,0.0,0.0
2018-03-11 20:00:00,2018-03-11 21:00,1.1665,0.2032,0.0,0.003,0.9603,0.13913,0.13913,0.0,0.0
2018-03-11 21:00:00,2018-03-11 22:00,0.98286,0.2032,0.0,0.003,0.77666,0.14479,0.14479,0.0,0.0
2018-03-11 22:00:00,2018-03-11 23:00,0.80927,0.2032,0.0,0.003,0.60307,0.15597,0.15597,0.0,0.0
2018-03-11 23:00:00,2018-03-12 00:00,0.7259,0.2032,0.0,0.003,0.5197,0.16627,0.16627,0.0,0.0
2018-03-12 00:00:00,2018-03-12 01:00,0.69748,0.2032,0.0,0.003,0.49128,0.17438,0.17438,0.0,-0.0
2018-03-12 01:00:00,2018-03-12 02:00,1.09421,0.2032,0.0,0.42356,0.46745,0.1861,0.1861,0.0,-0.0
2018-03-12 02:00:00,2018-03-12 03:00,0.98487,0.2032,0.0,0.32559,0.45608,0.19233,0.19233,0.0,-0.0
2018-03-12 03:00:00,2018-03-12 04:00,0.66071,0.2032,0.0,0.003,0.45451,0.20015,0.20015,0.0,-0.0
2018-03-12 04:00:00,2018-03-12 05:00,0.97789,0.2032,0.0,0.32667,0.44802,0.20945,0.20945,0.0,-0.0
2018-03-12 05:00:00,2018-03-12 06:00,1.09391,0.2032,0.0,0.43055,0.46016,0.22076,0.22076,0.0,0.0
2018-03-12 06:00:00,2018-03-12 07:00,1.17568,0.2032,0.0,0.43563,0.53685,0.24538,0.24538,0.0,-0.0
2018-03-12 07:00:00,2018-03-12 08:00,0.72519,0.2032,0.0,0.003,0.51899,0.2355,0.2355,0.0,-0.0
2018-03-12 08:00:00,2018-03-12 09:00,2.25874,0.2032,0.0,0.10528,1.95026,0.24419,0.24419,0.0,-0.0
2018-03-12 09:00:00,2018-03-12 10:00,2.62736,0.2032,0.0,0.41931,2.00485,0.22766,0.22766,0.0,0.0
2018-03-12 10:00:00,2018-03-12 11:00,1.09889,0.2032,0.0,0.38827,0.50742,0.18681,0.18681,0.0,-0.0
2018-03-12 11:00:00,2018-03-12 12:00,0.73806,0.2032,0.0,0.003,0.53186,0.16415,0.16415,0.0,-0.0
2018-03-12 12:00:00,2018-03-12 13:00,2.00626,1.05383,0.0,0.41204,0.54039,0.03829,0.03829,0.0,-0.0
2018-03-12 13:00:00,2018-03-12 14:00,2.24964,1.27253,0.0,0.43311,0.544,0.0,0.0,0.0,0.0
2018-03-12 14:00:00,2018-03-12 15:00,1.87482,1.30897,0.0,0.08122,0.48463,0.0,0.0,0.0,0.0
2018-03-12 15:00:00,2018-03-12 16:00,2.09,1.2332,0.0,0.31546,0.54134,0.0,0.0,0.0,0.0
2018-03-12 16:00:00,2018-03-12 17:00,2.009,1.16253,0.0,0.20341,0.64306,0.0,0.0,0.0,0.0
2018-03-12 17:00:00,2018-03-12 18:00,1.80605,1.07317,0.0,0.003,0.72988,0.0,0.0,0.0,0.0
2018-03-12 18:00:00,2018-03-12 19:00,2.05135,0.88699,0.0,0.21068,0.95368,0.08058,0.0,0.0,0.08058
2018-03-12 19:00:00,2018-03-12 20:00,2.52699,1.01901,0.0,0.43064,1.07734,0.0,0.0,0.0,0.0
2018-03-12 20:00:00,2018-03-12 21:00,1.46489,0.2032,0.0,0.16175,1.09994,0.12247,0.11123,0.0,0.01124
2018-03-12 21:00:00,2018-03-12 22:00,1.10219,0.2032,0.0,0.003,0.89599,0.13436,0.11938,0.0,0.01498
2018-03-12 22:00:00,2018-03-12 23:00,0.87837,0.2032,0.0,0.003,0.67217,0.13874,0.13874,0.0,0.0
2018-03-12 23:00:00,2018-03-13 00:00,0.71993,0.2032,0.0,0.003,0.51373,0.15378,0.15378,0.0,0.0
2018-03-13 00:00:00,2018-03-13 01:00,0.67308,0.2032,0.0,0.003,0.46688,0.16821,0.16821,0.0,0.0
2018-03-13 01:00:00,2018-03-13 02:00,0.6688,0.2032,0.0,0.003,0.4626,0.17751,0.17751,0.0,0.0
2018-03-13 02:00:00,2018-03-13 03:00,0.66316,0.2032,0.0,0.003,0.45696,0.18291,0.18291,0.0,-0.0
2018-03-13 03:00:00,2018-03-13 04:00,0.66088,0.2032,0.0,0.003,0.45468,0.19437,0.19437,0.0,0.0
2018-03-13 04:00:00,2018-03-13 05:00,0.65492,0.2032,0.0,0.003,0.44872,0.2034,0.2034,0.0,-0.0
2018-03-13 05:00:00,2018-03-13 06:00,0.76393,0.2032,0.0,0.10873,0.452,0.21331,0.21331,0.0,0.0
2018-03-13 06:00:00,2018-03-13 07:00,1.16463,0.2032,0.0,0.42852,0.53291,0.23872,0.23872,0.0,0.0
2018-03-13 07:00:00,2018-03-13 08:00,1.18595,0.2032,0.0,0.43575,0.547,0.22378,0.22378,0.0,0.0
2018-03-13 08:00:00,2018-03-13 09:00,1.04754,0.2032,0.0,0.30935,0.53499,0.22186,0.22186,0.0,0.0
2018-03-13 09:00:00,2018-03-13 10:00,0.70697,0.2032,0.0,0.003,0.50077,0.20703,0.20703,0.0,-0.0
2018-03-13 10:00:00,2018-03-13 11:00,0.67348,0.2032,0.0,0.003,0.46728,0.18841,0.18841,0.0,0.0
2018-03-13 11:00:00,2018-03-13 12:00,0.67088,0.2032,0.0,0.003,0.46468,0.17751,0.17751,0.0,0.0
2018-03-13 12:00:00,2018-03-13 13:00,0.67916,0.2032,0.0,0.003,0.47296,0.15931,0.15931,0.0,0.0
2018-03-13 13:00:00,2018-03-13 14:00,0.68032,0.2032,0.0,0.003,0.47412,0.15083,0.15083,0.0,-0.0
2018-03-13 14:00:00,2018-03-13 15:00,0.6802,0.2032,0.0,0.003,0.474,0.14509,0.14509,0.0,0.0
2018-03-13 15:00:00,2018-03-13 16:00,0.93583,0.46056,0.0,0.003,0.47227,0.10074,0.10074,0.0,0.0
2018-03-13 16:00:00,2018-03-13 17:00,1.64571,1.15687,0.0,0.003,0.48584,0.0,0.0,0.0,0.0
2018-03-13 17:00:00,2018-03-13 18:00,1.9112,1.1106,0.0,0.21396,0.58664,0.01124,0.0,0.0,0.01124
2018-03-13 18:00:00,2018-03-13 19:00,1.52072,0.2032,0.0,0.40983,0.90769,0.13061,0.11563,0.0,0.01498
2018-03-13 19:00:00,2018-03-13 20:00,1.89903,0.2032,0.0,0.41948,1.27635,0.10236,0.10236,0.0,0.0
2018-03-13 20:00:00,2018-03-13 21:00,2.02245,0.2032,0.0,0.43562,1.38363,0.11016,0.11016,0.0,0.0
2018-03-13 21:00:00,2018-03-13 22:00,1.50337,0.2032,0.0,0.14875,1.15142,0.12568,0.12568,0.0,0.0
2018-03-13 22:00:00,2018-03-13 23:00,0.98302,0.2032,0.0,0.003,0.77682,0.14557,0.14557,0.0,0.0
2018-03-13 23:00:00,2018-03-14 00:00,1.1087,0.2032,0.0,0.41445,0.49105,0.16265,0.16265,0.0,0.0
2018-03-14 00:00:00,2018-03-14 01:00,0.88827,0.2032,0.0,0.21819,0.46688,0.17306,0.17306,0.0,0.0
2018-03-14 01:00:00,2018-03-14 02:00,0.6688,0.2032,0.0,0.003,0.4626,0.18227,0.18227,0.0,-0.0
2018-03-14 02:00:00,2018-03-14 03:00,0.66316,0.2032,0.0,0.003,0.45696,0.19077,0.19077,0.0,0.0
2018-03-14 03:00:00,2018-03-14 04:00,0.66088,0.2032,0.0,0.003,0.45468,0.1988,0.1988,0.0,0.0
2018-03-14 04:00:00,2018-03-14 05:00,0.65492,0.2032,0.0,0.003,0.44872,0.20824,0.20824,0.0,0.0
2018-03-14 05:00:00,2018-03-14 06:00,0.67297,0.2032,0.0,0.003,0.46677,0.2211,0.2211,0.0,-0.0
2018-03-14 06:00:00,2018-03-14 07:00,1.20057,0.2032,0.0,0.42409,0.57328,0.24096,0.24096,0.0,-0.0
2018-03-14 07:00:00,2018-03-14 08:00,1.21362,0.2032,0.0,0.42659,0.58383,0.22327,0.22327,0.0,0.0
2018-03-14 08:00:00,2018-03-14 09:00,1.00711,0.2032,0.0,0.26892,0.53499,0.21755,0.21755,0.0,-0.0
2018-03-14 09:00:00,2018-03-14 10:00,0.95289,0.2032,0.0,0.20902,0.54067,0.18922,0.18922,0.0,-0.0
2018-03-14 10:00:00,2018-03-14 11:00,1.45271,0.49302,0.0,0.41853,0.54116,0.1197,0.1197,0.0,0.0
2018-03-14 11:00:00,2018-03-14 12:00,2.25712,1.24013,0.0,0.41775,0.59924,0.0,0.0,0.0,0.0
2018-03-14 12:00:00,2018-03-14 13:00,2.01776,1.09233,0.0,0.41552,0.50991,0.0,0.0,0.0,0.0
2018-03-14 13:00:00,2018-03-14 14:00,1.5252,0.85063,0.0,0.20048,0.47409,0.0,0.0,0.0,0.0
2018-03-14 14:00:00,2018-03-14 15:00,1.23196,0.72931,0.0,0.003,0.49965,0.0,0.0,0.0,0.0
2018-03-14 15:00:00,2018-03-14 16:00,1.18511,0.62881,0.0,0.003,0.5533,0.0,0.0,0.0,0.0
2018-03-14 16:00:00,2018-03-14 17:00,1.5401,0.50688,0.0,0.4267,0.60652,0.01124,0.0,0.0,0.01124
2018-03-14 17:00:00,2018-03-14 18:00,1.25046,0.3907,0.0,0.08679,0.77297,0.04308,0.0,0.0,0.04308
2018-03-14 18:00:00,2018-03-14 19:00,1.36207,0.62033,0.0,0.003,0.73874,0.0,0.0,0.0,0.0
2018-03-14 19:00:00,2018-03-14 20:00,1.47572,0.56235,0.0,0.003,0.91037,0.0,0.0,0.0,0.0
2018-03-14 20:00:00,2018-03-14 21:00,1.98087,0.60407,0.0,0.21305,1.16375,0.0,0.0,0.0,0.0
2018-03-14 21:00:00,2018-03-14 22:00,1.95074,0.85633,0.0,0.24529,0.84912,0.0,0.0,0.0,0.0
2018-03-14 22:00:00,2018-03-14 23:00,0.80265,0.2032,0.0,0.003,0.59645,0.10215,0.10215,0.0,-0.0
2018-03-14 23:00:00,2018-03-15 00:00,0.72142,0.2032,0.0,0.003,0.51522,0.11496,0.11496,0.0,-0.0
2018-03-15 00:00:00,2018-03-15 01:00,0.67881,0.2032,0.0,0.003,0.47261,0.12277,0.12277,0.0,0.0
2018-03-15 01:00:00,2018-03-15 02:00,0.6688,0.2032,0.0,0.003,0.4626,0.13241,0.13241,0.0,0.0
2018-03-15 02:00:00,2018-03-15 03:00,0.66316,0.2032,0.0,0.003,0.45696,0.13817,0.13817,0.0,-0.0
2018-03-15 03:00:00,2018-03-15 04:00,0.76684,0.2032,0.0,0.10913,0.45451,0.14301,0.14301,0.0,0.0
2018-03-15 04:00:00,2018-03-15 05:00,1.08844,0.2032,0.0,0.43635,0.44889,0.14737,0.14737,0.0,0.0
2018-03-15 05:00:00,2018-03-15 06:00,1.09875,0.2032,0.0,0.43369,0.46186,0.15878,0.15878,0.0,0.0
2018-03-15 06:00:00,2018-03-15 07:00,1.18144,0.2032,0.0,0.42606,0.55218,0.18219,0.18219,0.0,-0.0
2018-03-15 07:00:00,2018-03-15 08:00,0.94833,0.2032,0.0,0.16973,0.5754,0.17193,0.17193,0.0,0.0
2018-03-15 08:00:00,2018-03-15 09:00,0.94486,0.2032,0.0,0.20667,0.53499,0.17153,0.17153,0.0,0.0
2018-03-15 09:00:00,2018-03-15 10:00,1.17004,0.2032,0.0,0.42617,0.54067,0.16826,0.16826,0.0,-0.0
2018-03-15 10:00:00,2018-03-15 11:00,0.8067,0.2032,0.0,0.06914,0.53436,0.15021,0.15021,0.0,0.0
2018-03-15 11:00:00,2018-03-15 12:00,0.94819,0.45364,0.0,0.003,0.49155,0.09903,0.09903,0.0,0.0
2018-03-15 12:00:00,2018-03-15 13:00,1.64309,1.16711,0.0,0.003,0.47298,0.0,0.0,0.0,0.0
2018-03-15 13:00:00,2018-03-15 14:00,1.54873,1.07164,0.0,0.003,0.47409,0.0,0.0,0.0,0.0
2018-03-15 14:00:00,2018-03-15 15:00,1.47653,0.99953,0.0,0.003,0.474,0.0,0.0,0.0,0.0
2018-03-15 15:00:00,2018-03-15 16:00,1.3719,0.89664,0.0,0.003,0.47226,0.0,0.0,0.0,0.0
2018-03-15 16:00:00,2018-03-15 17:00,1.67234,0.78585,0.0,0.31746,0.56903,0.0,0.0,0.0,0.0
2018-03-15 17:00:00,2018-03-15 18:00,1.87161,0.8818,0.0,0.42649,0.56332,0.0,0.0,0.0,0.0
2018-03-15 18:00:00,2018-03-15 19:00,1.92386,1.06137,0.0,0.06574,0.79675,0.0,0.0,0.0,0.0
2018-03-15 19:00:00,2018-03-15 20:00,1.66646,0.37996,0.0,0.003,1.2835,0.06843,0.06843,0.0,0.0
2018-03-15 20:00:00,2018-03-15 21:00,1.36998,0.2032,0.0,0.003,1.16378,0.09921,0.09921,0.0,0.0
2018-03-15 21:00:00,2018-03-15 22:00,1.36071,0.2032,0.0,0.003,1.15451,0.1076,0.1076,0.0,0.0
2018-03-15 22:00:00,2018-03-15 23:00,2.71208,0.2032,0.0,0.003,2.50588,0.13954,0.13954,0.0,0.0
2018-03-15 23:00:00,2018-03-16 00:00,1.93318,0.2032,0.0,0.32431,1.40567,0.14983,0.14983,0.0,-0.0
2018-03-16 00:00:00,2018-03-16 01:00,0.71119,0.2032,0.0,0.04111,0.46688,0.15345,0.15345,0.0,0.0
2018-03-16 01:00:00,2018-03-16 02:00,0.6688,0.2032,0.0,0.003,0.4626,0.1625,0.1625,0.0,-0.0
2018-03-16 02:00:00,2018-03-16 03:00,0.66316,0.2032,0.0,0.003,0.45696,0.17041,0.17041,0.0,0.0
2018-03-16 03:00:00,2018-03-16 04:00,0.66071,0.2032,0.0,0.003,0.45451,0.18095,0.18095,0.0,0.0
2018-03-16 04:00:00,2018-03-16 05:00,1.07082,0.2032,0.0,0.41873,0.44889,0.18815,0.18815,0.0,-0.0
2018-03-16 05:00:00,2018-03-16 06:00,1.08617,0.2032,0.0,0.4146,0.46837,0.20127,0.20127,0.0,-0.0
2018-03-16 06:00:00,2018-03-16 07:00,1.18051,0.2032,0.0,0.40972,0.56759,0.22456,0.22456,0.0,-0.0
2018-03-16 07:00:00,2018-03-16 08:00,1.13438,0.2032,0.0,0.41858,0.5126,0.21898,0.21898,0.0,-0.0
2018-03-16 08:00:00,2018-03-16 09:00,0.95563,0.2032,0.0,0.21118,0.54125,0.2124,0.2124,0.0,0.0
2018-03-16 09:00:00,2018-03-16 10:00,1.12081,0.2032,0.0,0.41684,0.50077,0.19535,0.19535,0.0,-0.0
2018-03-16 10:00:00,2018-03-16 11:00,0.87177,0.2032,0.0,0.20129,0.46728,0.18639,0.18639,0.0,0.0
2018-03-16 11:00:00,2018-03-16 12:00,0.67088,0.2032,0.0,0.003,0.46468,0.17348,0.17348,0.0,0.0
2018-03-16 12:00:00,2018-03-16 13:00,0.96464,0.48868,0.0,0.003,0.47296,0.11565,0.11565,0.0,0.0
2018-03-16 13:00:00,2018-03-16 14:00,1.78095,1.30383,0.0,0.003,0.47412,0.0,0.0,0.0,0.0
2018-03-16 14:00:00,2018-03-16 15:00,1.65763,1.18064,0.0,0.003,0.47399,0.0,0.0,0.0,0.0
2018-03-16 15:00:00,2018-03-16 16:00,1.5261,1.05086,0.0,0.003,0.47224,0.0,0.0,0.0,0.0
2018-03-16 16:00:00,2018-03-16 17:00,1.49504,1.00619,0.0,0.003,0.48585,0.0,0.0,0.0,0.0
2018-03-16 17:00:00,2018-03-16 18:00,1.96608,0.91075,0.0,0.31959,0.73574,0.02622,0.0,0.0,0.02622
2018-03-16 18:00:00,2018-03-16 19:00,2.22524,1.05806,0.0,0.17445,0.99273,0.0,0.0,0.0,0.0
2018-03-16 19:00:00,2018-03-16 20:00,2.1642,0.9489,0.0,0.10853,1.10677,0.0,0.0,0.0,0.0
2018-03-16 20:00:00,2018-03-16 21:00,1.92885,0.2032,0.0,0.42496,1.30069,0.09788,0.09788,0.0,0.0
2018-03-16 21:00:00,2018-03-16 22:00,3.3,0.2032,0.0,0.28951,2.80729,0.12653,0.12653,0.0,-0.0
2018-03-16 22:00:00,2018-03-16 23:00,2.95265,0.2032,0.0,0.003,2.74645,0.13485,0.13485,0.0,0.0
2018-03-16 23:00:00,2018-03-17 00:00,1.12285,0.2032,0.0,0.4058,0.51385,0.12837,0.12837,0.0,-0.0
2018-03-17 00:00:00,2018-03-17 01:00,0.99074,0.2032,0.0,0.31938,0.46816,0.13446,0.13446,0.0,-0.0
2018-03-17 01:00:00,2018-03-17 02:00,0.67004,0.2032,0.0,0.003,0.46384,0.14162,0.14162,0.0,0.0
2018-03-17 02:00:00,2018-03-17 03:00,0.6644,0.2032,0.0,0.003,0.4582,0.15004,0.15004,0.0,-0.0
2018-03-17 03:00:00,2018-03-17 04:00,0.66212,0.2032,0.0,0.003,0.45592,0.1571,0.1571,0.0,0.0
2018-03-17 04:00:00,2018-03-17 05:00,0.65616,0.2032,0.0,0.003,0.44996,0.16074,0.16074,0.0,0.0
2018-03-17 05:00:00,2018-03-17 06:00,0.65568,0.2032,0.0,0.003,0.44948,0.16925,0.16925,0.0,0.0
2018-03-17 06:00:00,2018-03-17 07:00,0.72418,0.2032,0.0,0.003,0.51798,0.19909,0.19909,0.0,-0.0
2018-03-17 07:00:00,2018-03-17 08:00,1.2172,0.2032,0.0,0.42872,0.58528,0.1837,0.1837,0.0,0.0
2018-03-17 08:00:00,2018-03-17 09:00,1.01338,0.2032,0.0,0.19686,0.61332,0.17039,0.17039,0.0,-0.0
2018-03-17 09:00:00,2018-03-17 10:00,2.05659,0.47935,0.0,0.003,1.57424,0.14387,0.08954,0.0,0.05433
2018-03-17 10:00:00,2018-03-17 11:00,4.20447,1.183,0.0,0.10645,2.91502,0.0,0.0,0.0,0.0
2018-03-17 11:00:00,2018-03-17 12:00,3.45961,0.87677,0.0,0.42457,2.15827,0.0,0.0,0.0,0.0
2018-03-17 12:00:00,2018-03-17 13:00,1.47913,0.63925,0.0,0.15361,0.68627,0.0,0.0,0.0,0.0
2018-03-17 13:00:00,2018-03-17 14:00,1.25194,0.51157,0.0,0.003,0.73737,0.0,0.0,0.0,0.0
2018-03-17 14:00:00,2018-03-17 15:00,1.63192,0.42788,0.0,0.42085,0.78319,0.0,0.0,0.0,0.0
2018-03-17 15:00:00,2018-03-17 16:00,1.51119,0.33275,0.0,0.26787,0.91057,0.0,0.0,0.0,0.0
2018-03-17 16:00:00,2018-03-17 17:00,1.18398,0.252,0.0,0.003,0.92898,0.0,0.0,0.0,0.0
2018-03-17 17:00:00,2018-03-17 18:00,1.12595,0.30579,0.0,0.003,0.81716,0.0,0.0,0.0,0.0
2018-03-17 18:00:00,2018-03-17 19:00,1.69723,0.39176,0.0,0.10632,1.19915,0.0,0.0,0.0,0.0
2018-03-17 19:00:00,2018-03-17 20:00,2.11594,0.35027,0.0,0.41674,1.34893,0.0,0.0,0.0,0.0
2018-03-17 20:00:00,2018-03-17 21:00,2.15405,0.45212,0.0,0.28894,1.41299,0.0,0.0,0.0,0.0
2018-03-17 21:00:00,2018-03-17 22:00,1.85559,0.5963,0.0,0.003,1.25629,0.0,0.0,0.0,0.0
2018-03-17 22:00:00,2018-03-17 23:00,1.2092,0.48883,0.0,0.003,0.71737,0.04287,0.04287,0.0,0.0
2018-03-17 23:00:00,2018-03-18 00:00,0.74437,0.2032,0.0,0.003,0.53817,0.09837,0.09837,0.0,0.0
2018-03-18 00:00:00,2018-03-18 01:00,0.67436,0.2032,0.0,0.003,0.46816,0.11285,0.11285,0.0,-0.0
2018-03-18 01:00:00,2018-03-18 02:00,0.67004,0.2032,0.0,0.003,0.46384,0.12739,0.12739,0.0,0.0
2018-03-18 02:00:00,2018-03-18 03:00,0.6644,0.2032,0.0,0.003,0.4582,0.13708,0.13708,0.0,-0.0
2018-03-18 03:00:00,2018-03-18 04:00,0.66212,0.2032,0.0,0.003,0.45592,0.14762,0.14762,0.0,0.0
2018-03-18 04:00:00,2018-03-18 05:00,0.65616,0.2032,0.0,0.003,0.44996,0.15419,0.15419,0.0,-0.0
2018-03-18 05:00:00,2018-03-18 06:00,0.90321,0.2032,0.0,0.21838,0.48163,0.17824,0.15202,0.0,0.02622
2018-03-18 06:00:00,2018-03-18 07:00,0.88809,0.2032,0.0,0.15789,0.527,0.17629,0.17629,0.0,0.0
2018-03-18 07:00:00,2018-03-18 08:00,0.83607,0.2032,0.0,0.10608,0.52679,0.15735,0.15735,0.0,-0.0
2018-03-18 08:00:00,2018-03-18 09:00,1.22913,0.2032,0.0,0.42062,0.60531,0.18427,0.12994,0.0,0.05433
2018-03-18 09:00:00,2018-03-18 10:00,1.27201,0.2032,0.0,0.43835,0.63046,0.13485,0.13485,0.0,-0.0
2018-03-18 10:00:00,2018-03-18 11:00,1.38649,0.73284,0.0,0.0223,0.63135,0.06425,0.06425,0.0,0.0
2018-03-18 11:00:00,2018-03-18 12:00,1.81509,1.17196,0.0,0.003,0.64013,0.0,0.0,0.0,0.0
2018-03-18 12:00:00,2018-03-18 13:00,1.77766,1.01038,0.0,0.003,0.76428,0.02622,0.0,0.0,0.02622
2018-03-18 13:00:00,2018-03-18 14:00,2.11412,0.88445,0.0,0.41549,0.81418,0.0,0.0,0.0,0.0
2018-03-18 14:00:00,2018-03-18 15:00,1.86793,0.77172,0.0,0.40047,0.69574,0.02622,0.0,0.0,0.02622
2018-03-18 15:00:00,2018-03-18 16:00,1.60201,0.71657,0.0,0.003,0.88244,0.0,0.0,0.0,0.0
2018-03-18 16:00:00,2018-03-18 17:00,1.76596,0.70268,0.0,0.21265,0.85063,0.0,0.0,0.0,0.0
2018-03-18 17:00:00,2018-03-18 18:00,1.90045,0.75176,0.0,0.19519,0.9535,0.0,0.0,0.0,0.0
2018-03-18 18:00:00,2018-03-18 19:00,2.16315,0.961,0.0,0.003,1.19915,0.0,0.0,0.0,0.0
2018-03-18 19:00:00,2018-03-18 20:00,2.18985,0.83792,0.0,0.003,1.34893,0.0,0.0,0.0,0.0
2018-03-18 20:00:00,2018-03-18 21:00,2.27169,0.8557,0.0,0.003,1.41299,0.0,0.0,0.0,0.0
2018-03-18 21:00:00,2018-03-18 22:00,2.12751,0.91894,0.0,0.003,1.20557,0.0,0.0,0.0,0.0
2018-03-18 22:00:00,2018-03-18 23:00,1.84694,1.08639,0.0,0.10888,0.65167,0.0,0.0,0.0,0.0
2018-03-18 23:00:00,2018-03-19 00:00,1.97962,1.17824,0.0,0.28022,0.52116,0.0,0.0,0.0,0.0
2018-03-19 00:00:00,2018-03-19 01:00,1.67712,1.18102,0.0,0.003,0.4931,0.0,0.0,0.0,0.0
2018-03-19 01:00:00,2018-03-19 02:00,1.67538,1.20707,0.0,0.003,0.46531,0.0,0.0,0.0,0.0
2018-03-19 02:00:00,2018-03-19 03:00,1.71451,1.2565,0.0,0.003,0.45501,0.0,0.0,0.0,0.0
2018-03-19 03:00:00,2018-03-19 04:00,1.79119,1.33376,0.0,0.003,0.45443,0.0,0.0,0.0,0.0
2018-03-19 04:00:00,2018-03-19 05:00,2.25109,1.36571,0.0,0.43528,0.4501,0.0,0.0,0.0,0.0
2018-03-19 05:00:00,2018-03-19 06:00,0.78859,0.2032,0.0,0.10388,0.48151,0.14166,0.14166,0.0,0.0
2018-03-19 06:00:00,2018-03-19 07:00,1.24083,0.2032,0.0,0.43112,0.60651,0.19407,0.13975,0.0,0.05433
2018-03-19 07:00:00,2018-03-19 08:00,0.7465,0.2032,0.0,0.01662,0.52668,0.15095,0.15095,0.0,-0.0
2018-03-19 08:00:00,2018-03-19 09:00,0.67792,0.2032,0.0,0.003,0.47172,0.15511,0.15511,0.0,0.0
2018-03-19 09:00:00,2018-03-19 10:00,1.00197,0.52462,0.0,0.003,0.47435,0.11447,0.11447,0.0,0.0
2018-03-19 10:00:00,2018-03-19 11:00,1.9289,1.45863,0.0,0.003,0.46727,0.0,0.0,0.0,0.0
2018-03-19 11:00:00,2018-03-19 12:00,1.86222,1.38794,0.0,0.003,0.47128,0.0,0.0,0.0,0.0
2018-03-19 12:00:00,2018-03-19 13:00,2.0105,1.25439,0.0,0.21573,0.54038,0.0,0.0,0.0,0.0
2018-03-19 13:00:00,2018-03-19 14:00,1.98377,1.15479,0.0,0.28497,0.54401,0.0,0.0,0.0,0.0
2018-03-19 14:00:00,2018-03-19 15:00,1.47098,0.89603,0.0,0.003,0.57195,0.0,0.0,0.0,0.0
2018-03-19 15:00:00,2018-03-19 16:00,1.75322,0.73306,0.0,0.42554,0.59462,0.0,0.0,0.0,0.0
2018-03-19 16:00:00,2018-03-19 17:00,1.76184,0.65182,0.0,0.38115,0.72887,0.0,0.0,0.0,0.0
2018-03-19 17:00:00,2018-03-19 18:00,1.55172,0.66931,0.0,0.003,0.87941,0.0,0.0,0.0,0.0
2018-03-19 18:00:00,2018-03-19 19:00,1.77396,0.75518,0.0,0.003,1.01578,0.0,0.0,0.0,0.0
2018-03-19 19:00:00,2018-03-19 20:00,1.99169,0.71237,0.0,0.003,1.27632,0.0,0.0,0.0,0.0
2018-03-19 20:00:00,2018-03-19 21:00,2.2254,0.83879,0.0,0.003,1.38361,0.0,0.0,0.0,0.0
2018-03-19 21:00:00,2018-03-19 22:00,2.4264,0.94818,0.0,0.21554,1.26268,0.0,0.0,0.0,0.0
2018-03-19 22:00:00,2018-03-19 23:00,1.69255,0.41415,0.0,0.2087,1.0697,0.08668,0.08668,0.0,0.0
2018-03-19 23:00:00,2018-03-20 00:00,2.87284,0.2032,0.0,0.003,2.66664,0.13646,0.13646,0.0,-0.0
2018-03-20 00:00:00,2018-03-20 01:00,1.0676,0.2032,0.0,0.003,0.8614,0.13057,0.13057,0.0,-0.0
2018-03-20 01:00:00,2018-03-20 02:00,0.6688,0.2032,0.0,0.003,0.4626,0.1386,0.1386,0.0,0.0
2018-03-20 02:00:00,2018-03-20 03:00,0.87612,0.2032,0.0,0.21596,0.45696,0.14583,0.14583,0.0,0.0
2018-03-20 03:00:00,2018-03-20 04:00,0.80847,0.2032,0.0,0.15059,0.45468,0.15037,0.15037,0.0,0.0
2018-03-20 04:00:00,2018-03-20 05:00,0.65492,0.2032,0.0,0.003,0.44872,0.15366,0.15366,0.0,0.0
2018-03-20 05:00:00,2018-03-20 06:00,0.6582,0.2032,0.0,0.003,0.452,0.16068,0.16068,0.0,0.0
2018-03-20 06:00:00,2018-03-20 07:00,1.15109,0.2032,0.0,0.42623,0.52166,0.18292,0.18292,0.0,0.0
2018-03-20 07:00:00,2018-03-20 08:00,0.84166,0.2032,0.0,0.17106,0.4674,0.17418,0.17418,0.0,-0.0
2018-03-20 08:00:00,2018-03-20 09:00,0.7159,0.2032,0.0,0.003,0.5097,0.17486,0.17486,0.0,0.0
2018-03-20 09:00:00,2018-03-20 10:00,0.74687,0.2032,0.0,0.003,0.54067,0.17033,0.17033,0.0,-0.0
2018-03-20 10:00:00,2018-03-20 11:00,1.12077,0.2032,0.0,0.42355,0.49402,0.16565,0.16565,0.0,-0.0
2018-03-20 11:00:00,2018-03-20 12:00,0.83681,0.2032,0.0,0.16893,0.46468,0.16057,0.16057,0.0,0.0
2018-03-20 12:00:00,2018-03-20 13:00,0.67916,0.2032,0.0,0.003,0.47296,0.15367,0.15367,0.0,0.0
2018-03-20 13:00:00,2018-03-20 14:00,0.68032,0.2032,0.0,0.003,0.47412,0.1449,0.1449,0.0,0.0
2018-03-20 14:00:00,2018-03-20 15:00,0.6802,0.2032,0.0,0.003,0.474,0.13386,0.13386,0.0,0.0
2018-03-20 15:00:00,2018-03-20 16:00,0.76351,0.2032,0.0,0.003,0.55731,0.14054,0.11431,0.0,0.02622
2018-03-20 16:00:00,2018-03-20 17:00,1.30884,0.2032,0.0,0.42434,0.6813,0.11541,0.11541,0.0,0.0
2018-03-20 17:00:00,2018-03-20 18:00,1.37759,0.2032,0.0,0.35426,0.82013,0.11806,0.11806,0.0,0.0
2018-03-20 18:00:00,2018-03-20 19:00,1.22201,0.2032,0.0,0.003,1.01581,0.13593,0.13593,0.0,-0.0
2018-03-20 19:00:00,2018-03-20 20:00,1.70454,0.2032,0.0,0.4213,1.08004,0.12657,0.12657,0.0,-0.0
2018-03-20 20:00:00,2018-03-20 21:00,1.81953,0.2032,0.0,0.2327,1.38363,0.12414,0.12414,0.0,0.0
2018-03-20 21:00:00,2018-03-20 22:00,1.19674,0.2032,0.0,0.003,0.99054,0.13456,0.13456,0.0,-0.0
2018-03-20 22:00:00,2018-03-20 23:00,0.90738,0.2032,0.0,0.003,0.70118,0.14828,0.14828,0.0,0.0
2018-03-20 23:00:00,2018-03-21 00:00,0.69725,0.2032,0.0,0.003,0.49105,0.16299,0.16299,0.0,0.0
2018-03-21 00:00:00,2018-03-21 01:00,0.99549,0.2032,0.0,0.32541,0.46688,0.17335,0.17335,0.0,-0.0
2018-03-21 01:00:00,2018-03-21 02:00,0.71326,0.2032,0.0,0.04746,0.4626,0.18701,0.18701,0.0,0.0
2018-03-21 02:00:00,2018-03-21 03:00,0.66316,0.2032,0.0,0.003,0.45696,0.19593,0.19593,0.0,-0.0
2018-03-21 03:00:00,2018-03-21 04:00,0.67127,0.2032,0.0,0.003,0.46507,0.21096,0.19972,0.0,0.01124
2018-03-21 04:00:00,2018-03-21 05:00,1.11303,0.2032,0.0,0.41786,0.49197,0.23207,0.18899,0.0,0.04308
2018-03-21 05:00:00,2018-03-21 06:00,1.09658,0.2032,0.0,0.4223,0.47108,0.2032,0.2032,0.0,0.0
2018-03-21 06:00:00,2018-03-21 07:00,1.16848,0.2032,0.0,0.43228,0.533,0.2192,0.2192,0.0,-0.0
2018-03-21 07:00:00,2018-03-21 08:00,1.12904,0.2032,0.0,0.42179,0.50405,0.20348,0.20348,0.0,-0.0
2018-03-21 08:00:00,2018-03-21 09:00,1.15247,0.2032,0.0,0.43957,0.5097,0.20294,0.20294,0.0,-0.0
2018-03-21 09:00:00,2018-03-21 10:00,0.8799,0.2032,0.0,0.15938,0.51732,0.19369,0.19369,0.0,-0.0
2018-03-21 10:00:00,2018-03-21 11:00,0.67348,0.2032,0.0,0.003,0.46728,0.17754,0.17754,0.0,0.0
2018-03-21 11:00:00,2018-03-21 12:00,0.67088,0.2032,0.0,0.003,0.46468,0.15862,0.15862,0.0,0.0
2018-03-21 12:00:00,2018-03-21 13:00,0.67916,0.2032,0.0,0.003,0.47296,0.14026,0.14026,0.0,0.0
2018-03-21 13:00:00,2018-03-21 14:00,0.93376,0.45665,0.0,0.003,0.47411,0.09488,0.09488,0.0,0.0
2018-03-21 14:00:00,2018-03-21 15:00,1.71554,1.23856,0.0,0.003,0.47398,0.0,0.0,0.0,0.0
2018-03-21 15:00:00,2018-03-21 16:00,1.68096,1.19624,0.0,0.003,0.48172,0.0,0.0,0.0,0.0
2018-03-21 16:00:00,2018-03-21 17:00,1.65586,1.06952,0.0,0.003,0.58334,0.0,0.0,0.0,0.0
2018-03-21 17:00:00,2018-03-21 18:00,2.12056,0.93597,0.0,0.41549,0.7691,0.02622,0.0,0.0,0.02622
2018-03-21 18:00:00,2018-03-21 19:00,2.57344,1.14011,0.0,0.43715,0.99618,0.0,0.0,0.0,0.0
2018-03-21 19:00:00,2018-03-21 20:00,2.07204,1.0711,0.0,0.09319,0.90775,0.0,0.0,0.0,0.0
2018-03-21 20:00:00,2018-03-21 21:00,2.19195,1.05828,0.0,0.003,1.13067,0.0,0.0,0.0,0.0
2018-03-21 21:00:00,2018-03-21 22:00,1.48884,0.2032,0.0,0.214,1.07164,0.10577,0.10577,0.0,-0.0
2018-03-21 22:00:00,2018-03-21 23:00,1.33242,0.45713,0.0,0.30196,0.57333,0.08689,0.08689,0.0,0.0
2018-03-21 23:00:00,2018-03-22 00:00,0.71993,0.2032,0.0,0.003,0.51373,0.12451,0.12451,0.0,0.0
2018-03-22 00:00:00,2018-03-22 01:00,0.67308,0.2032,0.0,0.003,0.46688,0.12993,0.12993,0.0,0.0
2018-03-22 01:00:00,2018-03-22 02:00,0.6688,0.2032,0.0,0.003,0.4626,0.13278,0.13278,0.0,0.0
2018-03-22 02:00:00,2018-03-22 03:00,0.66316,0.2032,0.0,0.003,0.45696,0.13687,0.13687,0.0,0.0
2018-03-22 03:00:00,2018-03-22 04:00,0.66088,0.2032,0.0,0.003,0.45468,0.14062,0.14062,0.0,0.0
2018-03-22 04:00:00,2018-03-22 05:00,0.76061,0.2032,0.0,0.1069,0.45051,0.14371,0.14371,0.0,-0.0
2018-03-22 05:00:00,2018-03-22 06:00,1.09109,0.2032,0.0,0.43,0.45789,0.14675,0.14675,0.0,0.0
2018-03-22 06:00:00,2018-03-22 07:00,0.94838,0.2032,0.0,0.23706,0.50812,0.16367,0.16367,0.0,0.0
2018-03-22 07:00:00,2018-03-22 08:00,0.73051,0.2032,0.0,0.003,0.52431,0.15076,0.15076,0.0,0.0
2018-03-22 08:00:00,2018-03-22 09:00,1.03523,0.2032,0.0,0.31936,0.51267,0.15137,0.15137,0.0,0.0
2018-03-22 09:00:00,2018-03-22 10:00,1.12364,0.51345,0.0,0.13584,0.47435,0.11219,0.11219,0.0,0.0
2018-03-22 10:00:00,2018-03-22 11:00,1.82179,1.35154,0.0,0.003,0.46725,0.0,0.0,0.0,0.0
2018-03-22 11:00:00,2018-03-22 12:00,1.70906,1.24139,0.0,0.003,0.46467,0.0,0.0,0.0,0.0
2018-03-22 12:00:00,2018-03-22 13:00,1.60143,1.12548,0.0,0.003,0.47295,0.0,0.0,0.0,0.0
2018-03-22 13:00:00,2018-03-22 14:00,1.50314,1.02605,0.0,0.003,0.47409,0.0,0.0,0.0,0.0
2018-03-22 14:00:00,2018-03-22 15:00,1.31271,0.83571,0.0,0.003,0.474,0.0,0.0,0.0,0.0
2018-03-22 15:00:00,2018-03-22 16:00,1.23863,0.7539,0.0,0.003,0.48173,0.0,0.0,0.0,0.0
2018-03-22 16:00:00,2018-03-22 17:00,1.36842,0.67512,0.0,0.10996,0.58334,0.0,0.0,0.0,0.0
2018-03-22 17:00:00,2018-03-22 18:00,1.54556,0.532,0.0,0.30639,0.70717,0.03935,0.0,0.0,0.03935
2018-03-22 18:00:00,2018-03-22 19:00,1.56828,0.56973,0.0,0.003,0.99555,0.04123,0.0,0.0,0.04123
2018-03-22 19:00:00,2018-03-22 20:00,2.18281,0.65983,0.0,0.41621,1.10677,0.0,0.0,0.0,0.0
2018-03-22 20:00:00,2018-03-22 21:00,2.27595,0.74588,0.0,0.27513,1.25494,0.0,0.0,0.0,0.0
2018-03-22 21:00:00,2018-03-22 22:00,1.76726,0.8948,0.0,0.003,0.86946,0.0,0.0,0.0,0.0
2018-03-22 22:00:00,2018-03-22 23:00,1.63617,1.03674,0.0,0.003,0.59643,0.0,0.0,0.0,0.0
2018-03-22 23:00:00,2018-03-23 00:00,0.69725,0.2032,0.0,0.003,0.49105,0.1153,0.1153,0.0,0.0
2018-03-23 00:00:00,2018-03-23 01:00,0.67308,0.2032,0.0,0.003,0.46688,0.12834,0.12834,0.0,0.0
2018-03-23 01:00:00,2018-03-23 02:00,0.6688,0.2032,0.0,0.003,0.4626,0.14068,0.14068,0.0,0.0
2018-03-23 02:00:00,2018-03-23 03:00,0.66316,0.2032,0.0,0.003,0.45696,0.15503,0.15503,0.0,0.0
2018-03-23 03:00:00,2018-03-23 04:00,0.76669,0.2032,0.0,0.10898,0.45451,0.1586,0.1586,0.0,0.0
2018-03-23 04:00:00,2018-03-23 05:00,1.09215,0.2032,0.0,0.43902,0.44993,0.15945,0.15945,0.0,0.0
2018-03-23 05:00:00,2018-03-23 06:00,1.10252,0.2032,0.0,0.43317,0.46615,0.1672,0.1672,0.0,-0.0
2018-03-23 06:00:00,2018-03-23 07:00,1.16087,0.2032,0.0,0.43035,0.52732,0.18539,0.18539,0.0,0.0
2018-03-23 07:00:00,2018-03-23 08:00,0.74476,0.2032,0.0,0.003,0.53856,0.16735,0.16735,0.0,0.0
2018-03-23 08:00:00,2018-03-23 09:00,0.70965,0.2032,0.0,0.003,0.50345,0.16332,0.16332,0.0,0.0
2018-03-23 09:00:00,2018-03-23 10:00,1.06621,0.52254,0.0,0.003,0.54067,0.1189,0.1189,0.0,0.0
2018-03-23 10:00:00,2018-03-23 11:00,2.39226,1.4401,0.0,0.41781,0.53435,0.0,0.0,0.0,0.0
2018-03-23 11:00:00,2018-03-23 12:00,2.21596,1.29412,0.0,0.39001,0.53183,0.0,0.0,0.0,0.0
2018-03-23 12:00:00,2018-03-23 13:00,1.84296,1.32338,0.0,0.003,0.51658,0.0,0.0,0.0,0.0
2018-03-23 13:00:00,2018-03-23 14:00,1.8464,1.30274,0.0,0.003,0.54066,0.0,0.0,0.0,0.0
2018-03-23 14:00:00,2018-03-23 15:00,2.21235,1.16438,0.0,0.003,1.04497,0.0,0.0,0.0,0.0
2018-03-23 15:00:00,2018-03-23 16:00,4.29232,1.0426,0.0,0.42442,2.8253,0.02622,0.0,0.0,0.02622
2018-03-23 16:00:00,2018-03-23 17:00,2.47305,0.97285,0.0,0.4244,1.0758,0.0,0.0,0.0,0.0
2018-03-23 17:00:00,2018-03-23 18:00,1.75638,0.99692,0.0,0.003,0.75646,0.01124,0.0,0.0,0.01124
2018-03-23 18:00:00,2018-03-23 19:00,2.04217,1.00335,0.0,0.003,1.03582,0.04308,0.0,0.0,0.04308
2018-03-23 19:00:00,2018-03-23 20:00,2.26783,1.04846,0.0,0.003,1.21637,0.01124,0.0,0.0,0.01124
2018-03-23 20:00:00,2018-03-23 21:00,2.30738,0.96654,0.0,0.003,1.33784,0.04308,0.0,0.0,0.04308
2018-03-23 21:00:00,2018-03-23 22:00,2.76974,1.08954,0.0,0.4293,1.2509,0.0,0.0,0.0,0.0
2018-03-23 22:00:00,2018-03-23 23:00,1.92003,1.13161,0.0,0.06973,0.71869,0.0,0.0,0.0,0.0
2018-03-23 23:00:00,2018-03-24 00:00,1.7014,1.1829,0.0,0.003,0.5155,0.0,0.0,0.0,0.0
2018-03-24 00:00:00,2018-03-24 01:00,1.72994,1.25233,0.0,0.003,0.47461,0.0,0.0,0.0,0.0
2018-03-24 01:00:00,2018-03-24 02:00,1.78782,1.32099,0.0,0.003,0.46383,0.0,0.0,0.0,0.0
2018-03-24 02:00:00,2018-03-24 03:00,1.93328,1.47209,0.0,0.003,0.45819,0.0,0.0,0.0,0.0
2018-03-24 03:00:00,2018-03-24 04:00,0.87429,0.2032,0.0,0.21517,0.45592,0.17697,0.17697,0.0,0.0
2018-03-24 04:00:00,2018-03-24 05:00,0.80692,0.2032,0.0,0.15376,0.44996,0.19002,0.19002,0.0,-0.0
2018-03-24 05:00:00,2018-03-24 06:00,0.65926,0.2032,0.0,0.003,0.45306,0.1852,0.1852,0.0,0.0
2018-03-24 06:00:00,2018-03-24 07:00,0.7332,0.2032,0.0,0.003,0.527,0.18335,0.18335,0.0,0.0
2018-03-24 07:00:00,2018-03-24 08:00,1.09371,0.2032,0.0,0.31682,0.57369,0.18633,0.17508,0.0,0.01124
2018-03-24 08:00:00,2018-03-24 09:00,2.08577,0.2032,0.0,0.40071,1.48186,0.22032,0.17723,0.0,0.04308
2018-03-24 09:00:00,2018-03-24 10:00,2.84587,0.2032,0.0,0.003,2.63967,0.19654,0.19654,0.0,0.0
2018-03-24 10:00:00,2018-03-24 11:00,0.83755,0.2032,0.0,0.003,0.63135,0.17439,0.17439,0.0,0.0
2018-03-24 11:00:00,2018-03-24 12:00,1.05425,0.2032,0.0,0.21092,0.64013,0.16602,0.16602,0.0,0.0
2018-03-24 12:00:00,2018-03-24 13:00,1.31063,0.2032,0.0,0.42979,0.67764,0.15297,0.15297,0.0,-0.0
2018-03-24 13:00:00,2018-03-24 14:00,1.6555,0.79649,0.0,0.19977,0.65924,0.07406,0.07406,0.0,0.0
2018-03-24 14:00:00,2018-03-24 15:00,1.9214,1.17029,0.0,0.003,0.74811,0.03935,0.0,0.0,0.03935
2018-03-24 15:00:00,2018-03-24 16:00,2.04942,1.01395,0.0,0.20716,0.82831,0.01498,0.0,0.0,0.01498
2018-03-24 16:00:00,2018-03-24 17:00,2.3276,0.92933,0.0,0.42571,0.97256,0.0,0.0,0.0,0.0
2018-03-24 17:00:00,2018-03-24 18:00,2.35186,0.86176,0.0,0.43187,1.05823,0.0,0.0,0.0,0.0
2018-03-24 18:00:00,2018-03-24 19:00,2.63957,0.98292,0.0,0.43244,1.22421,0.0,0.0,0.0,0.0
2018-03-24 19:00:00,2018-03-24 20:00,2.27296,0.89139,0.0,0.03263,1.34894,0.0,0.0,0.0,0.0
2018-03-24 20:00:00,2018-03-24 21:00,2.36439,0.9484,0.0,0.003,1.41299,0.0,0.0,0.0,0.0
2018-03-24 21:00:00,2018-03-24 22:00,1.41179,0.2032,0.0,0.003,1.20559,0.10521,0.10521,0.0,0.0
2018-03-24 22:00:00,2018-03-24 23:00,0.85788,0.2032,0.0,0.003,0.65168,0.12085,0.12085,0.0,0.0
2018-03-24 23:00:00,2018-03-25 00:00,0.7,0.2032,0.0,0.003,0.4938,0.13357,0.13357,0.0,0.0
2018-03-25 00:00:00,2018-03-25 01:00,0.98862,0.2032,0.0,0.3133,0.47212,0.14512,0.14512,0.0,-0.0
2018-03-25 01:00:00,2018-03-25 02:00,0.95495,0.2032,0.0,0.28791,0.46384,0.15259,0.15259,0.0,-0.0
2018-03-25 02:00:00,2018-03-25 03:00,0.6644,0.2032,0.0,0.003,0.4582,0.15921,0.15921,0.0,0.0
2018-03-25 03:00:00,2018-03-25 04:00,0.66212,0.2032,0.0,0.003,0.45592,0.1641,0.1641,0.0,-0.0
2018-03-25 04:00:00,2018-03-25 05:00,0.65616,0.2032,0.0,0.003,0.44996,0.17013,0.17013,0.0,0.0
2018-03-25 05:00:00,2018-03-25 06:00,0.65926,0.2032,0.0,0.003,0.45306,0.17733,0.17733,0.0,-0.0
2018-03-25 06:00:00,2018-03-25 07:00,1.05375,0.2032,0.0,0.32355,0.527,0.20196,0.20196,0.0,0.0
2018-03-25 07:00:00,2018-03-25 08:00,0.90115,0.2032,0.0,0.15726,0.54069,0.19282,0.19282,0.0,-0.0
2018-03-25 08:00:00,2018-03-25 09:00,0.80517,0.2032,0.0,0.003,0.59897,0.18701,0.18701,0.0,0.0
2018-03-25 09:00:00,2018-03-25 10:00,1.22324,0.2032,0.0,0.42789,0.59215,0.1822,0.1822,0.0,0.0
2018-03-25 10:00:00,2018-03-25 11:00,1.489,0.2032,0.0,0.34448,0.94132,0.16226,0.16226,0.0,0.0
2018-03-25 11:00:00,2018-03-25 12:00,3.25743,1.12486,0.0,0.003,2.12957,0.0379,0.0379,0.0,0.0
2018-03-25 12:00:00,2018-03-25 13:00,3.47435,1.27132,0.0,0.003,2.20003,0.0,0.0,0.0,0.0
2018-03-25 13:00:00,2018-03-25 14:00,2.12205,1.00798,0.0,0.317,0.79707,0.0,0.0,0.0,0.0
2018-03-25 14:00:00,2018-03-25 15:00,1.86414,0.78457,0.0,0.19283,0.88674,0.05433,0.0,0.0,0.05433
2018-03-25 15:00:00,2018-03-25 16:00,2.01791,0.78185,0.0,0.003,1.23306,0.0,0.0,0.0,0.0
2018-03-25 16:00:00,2018-03-25 17:00,2.74214,0.82155,0.0,0.20878,1.71181,0.0,0.0,0.0,0.0
2018-03-25 17:00:00,2018-03-25 18:00,2.0711,0.72925,0.0,0.42234,0.91951,0.0,0.0,0.0,0.0
2018-03-25 18:00:00,2018-03-25 19:00,2.21286,0.76226,0.0,0.39677,1.05383,0.0,0.0,0.0,0.0
2018-03-25 19:00:00,2018-03-25 20:00,1.95603,0.68684,0.0,0.003,1.26619,0.0,0.0,0.0,0.0
2018-03-25 20:00:00,2018-03-25 21:00,2.13147,0.71547,0.0,0.003,1.413,0.0,0.0,0.0,0.0
2018-03-25 21:00:00,2018-03-25 22:00,2.31646,0.74043,0.0,0.31976,1.25627,0.0,0.0,0.0,0.0
2018-03-25 22:00:00,2018-03-25 23:00,1.63905,0.82492,0.0,0.09677,0.71736,0.0,0.0,0.0,0.0
2018-03-25 23:00:00,2018-03-26 00:00,1.42926,0.90051,0.0,0.003,0.52575,0.0,0.0,0.0,0.0
2018-03-26 00:00:00,2018-03-26 01:00,1.45293,0.98306,0.0,0.003,0.46687,0.0,0.0,0.0,0.0
2018-03-26 01:00:00,2018-03-26 02:00,1.13878,0.67319,0.0,0.003,0.46259,0.06902,0.06902,0.0,0.0
2018-03-26 02:00:00,2018-03-26 03:00,0.66316,0.2032,0.0,0.003,0.45696,0.14724,0.14724,0.0,0.0
2018-03-26 03:00:00,2018-03-26 04:00,0.66088,0.2032,0.0,0.003,0.45468,0.14749,0.14749,0.0,-0.0
2018-03-26 04:00:00,2018-03-26 05:00,0.65492,0.2032,0.0,0.003,0.44872,0.15503,0.15503,0.0,0.0
2018-03-26 05:00:00,2018-03-26 06:00,0.6582,0.2032,0.0,0.003,0.452,0.16067,0.16067,0.0,0.0
2018-03-26 06:00:00,2018-03-26 07:00,0.84073,0.2032,0.0,0.11021,0.52732,0.17018,0.17018,0.0,0.0
2018-03-26 07:00:00,2018-03-26 08:00,1.16716,0.2032,0.0,0.43334,0.53062,0.15356,0.15356,0.0,-0.0
2018-03-26 08:00:00,2018-03-26 09:00,1.43097,0.2032,0.0,0.26796,0.95981,0.15741,0.15741,0.0,0.0
2018-03-26 09:00:00,2018-03-26 10:00,2.74707,0.2032,0.0,0.003,2.54087,0.17103,0.17103,0.0,-0.0
2018-03-26 10:00:00,2018-03-26 11:00,1.25788,0.51227,0.0,0.21125,0.53436,0.11393,0.11393,0.0,0.0
2018-03-26 11:00:00,2018-03-26 12:00,2.3923,1.42925,0.0,0.43122,0.53183,0.0,0.0,0.0,0.0
2018-03-26 12:00:00,2018-03-26 13:00,2.04448,1.39637,0.0,0.10772,0.54039,0.0,0.0,0.0,0.0
2018-03-26 13:00:00,2018-03-26 14:00,2.33793,1.36554,0.0,0.42838,0.54401,0.0,0.0,0.0,0.0
2018-03-26 14:00:00,2018-03-26 15:00,1.95521,1.33903,0.0,0.02634,0.58984,0.0,0.0,0.0,0.0
2018-03-26 15:00:00,2018-03-26 16:00,2.07038,1.32948,0.0,0.10659,0.63431,0.0,0.0,0.0,0.0
2018-03-26 16:00:00,2018-03-26 17:00,2.4691,1.40088,0.0,0.38694,0.68128,0.0,0.0,0.0,0.0
2018-03-26 17:00:00,2018-03-26 18:00,0.95144,0.2032,0.0,0.003,0.74524,0.13673,0.13673,0.0,-0.0
2018-03-26 18:00:00,2018-03-26 19:00,1.12212,0.2032,0.0,0.003,0.91592,0.14835,0.14835,0.0,0.0
2018-03-26 19:00:00,2018-03-26 20:00,1.41124,0.2032,0.0,0.003,1.20504,0.12756,0.12756,0.0,0.0
2018-03-26 20:00:00,2018-03-26 21:00,1.35001,0.2032,0.0,0.003,1.14381,0.12641,0.12641,0.0,0.0
2018-03-26 21:00:00,2018-03-26 22:00,1.07568,0.2032,0.0,0.003,0.86948,0.13104,0.13104,0.0,-0.0
2018-03-26 22:00:00,2018-03-26 23:00,0.79809,0.2032,0.0,0.003,0.59189,0.13744,0.13744,0.0,0.0
2018-03-26 23:00:00,2018-03-27 00:00,0.67912,0.2032,0.0,0.003,0.47292,0.14024,0.14024,0.0,-0.0
2018-03-27 00:00:00,2018-03-27 01:00,0.67308,0.2032,0.0,0.003,0.46688,0.14184,0.14184,0.0,0.0
2018-03-27 01:00:00,2018-03-27 02:00,0.6688,0.2032,0.0,0.003,0.4626,0.14455,0.14455,0.0,0.0
2018-03-27 02:00:00,2018-03-27 03:00,0.66316,0.2032,0.0,0.003,0.45696,0.15057,0.15057,0.0,-0.0
2018-03-27 03:00:00,2018-03-27 04:00,0.96512,0.2032,0.0,0.30724,0.45468,0.15861,0.15861,0.0,0.0
2018-03-27 04:00:00,2018-03-27 05:00,0.65492,0.2032,0.0,0.003,0.44872,0.16748,0.16748,0.0,0.0
2018-03-27 05:00:00,2018-03-27 06:00,0.66364,0.2032,0.0,0.003,0.45744,0.16604,0.16604,0.0,0.0
2018-03-27 06:00:00,2018-03-27 07:00,0.70474,0.2032,0.0,0.003,0.49854,0.17654,0.17654,0.0,-0.0
2018-03-27 07:00:00,2018-03-27 08:00,1.15186,0.2032,0.0,0.42435,0.52431,0.16441,0.16441,0.0,0.0
2018-03-27 08:00:00,2018-03-27 09:00,1.20659,0.2032,0.0,0.4303,0.57309,0.16548,0.16548,0.0,0.0
2018-03-27 09:00:00,2018-03-27 10:00,1.244,0.2032,0.0,0.43368,0.60712,0.16149,0.16149,0.0,-0.0
2018-03-27 10:00:00,2018-03-27 11:00,1.24022,0.2032,0.0,0.44246,0.59456,0.15404,0.15404,0.0,0.0
2018-03-27 11:00:00,2018-03-27 12:00,1.49239,0.52955,0.0,0.43098,0.53186,0.11143,0.11143,0.0,-0.0
2018-03-27 12:00:00,2018-03-27 13:00,2.36519,1.46779,0.0,0.36404,0.53336,0.0,0.0,0.0,0.0
2018-03-27 13:00:00,2018-03-27 14:00,1.78071,1.30362,0.0,0.003,0.47409,0.0,0.0,0.0,0.0
2018-03-27 14:00:00,2018-03-27 15:00,1.43603,0.95905,0.0,0.003,0.47398,0.0,0.0,0.0,0.0
2018-03-27 15:00:00,2018-03-27 16:00,1.22065,0.74539,0.0,0.003,0.47226,0.0,0.0,0.0,0.0
2018-03-27 16:00:00,2018-03-27 17:00,1.08677,0.59794,0.0,0.003,0.48583,0.0,0.0,0.0,0.0
2018-03-27 17:00:00,2018-03-27 18:00,1.13836,0.54581,0.0,0.003,0.58955,0.0,0.0,0.0,0.0
2018-03-27 18:00:00,2018-03-27 19:00,1.19116,0.43119,0.0,0.003,0.75697,0.08058,0.0,0.0,0.08058
2018-03-27 19:00:00,2018-03-27 20:00,1.46298,0.62345,0.0,0.10828,0.73125,0.0,0.0,0.0,0.0
2018-03-27 20:00:00,2018-03-27 21:00,2.13358,0.46774,0.0,0.43467,1.23117,0.08058,0.0,0.0,0.08058
2018-03-27 21:00:00,2018-03-27 22:00,2.22805,0.82537,0.0,0.15177,1.25091,0.0,0.0,0.0,0.0
2018-03-27 22:00:00,2018-03-27 23:00,1.73232,1.07337,0.0,0.003,0.65595,0.0,0.0,0.0,0.0
2018-03-27 23:00:00,2018-03-28 00:00,0.67912,0.2032,0.0,0.003,0.47292,0.11293,0.11293,0.0,0.0
2018-03-28 00:00:00,2018-03-28 01:00,0.67308,0.2032,0.0,0.003,0.46688,0.12276,0.12276,0.0,-0.0
2018-03-28 01:00:00,2018-03-28 02:00,0.6688,0.2032,0.0,0.003,0.4626,0.12991,0.12991,0.0,0.0
2018-03-28 02:00:00,2018-03-28 03:00,0.66316,0.2032,0.0,0.003,0.45696,0.13751,0.13751,0.0,0.0
2018-03-28 03:00:00,2018-03-28 04:00,0.66088,0.2032,0.0,0.003,0.45468,0.1438,0.1438,0.0,0.0
2018-03-28 04:00:00,2018-03-28 05:00,0.65492,0.2032,0.0,0.003,0.44872,0.14505,0.14505,0.0,-0.0
2018-03-28 05:00:00,2018-03-28 06:00,0.76919,0.2032,0.0,0.1101,0.45589,0.1492,0.1492,0.0,0.0
2018-03-28 06:00:00,2018-03-28 07:00,1.28295,0.2032,0.0,0.43286,0.64689,0.2001,0.14577,0.0,0.05433
2018-03-28 07:00:00,2018-03-28 08:00,1.04222,0.2032,0.0,0.19994,0.63908,0.14261,0.14261,0.0,0.0
2018-03-28 08:00:00,2018-03-28 09:00,1.69513,1.05286,0.0,0.003,0.63927,0.03413,0.03413,0.0,0.0
2018-03-28 09:00:00,2018-03-28 10:00,1.99199,1.06827,0.0,0.31662,0.6071,0.0,0.0,0.0,0.0
2018-03-28 10:00:00,2018-03-28 11:00,2.02369,0.98901,0.0,0.43331,0.60137,0.0,0.0,0.0,0.0
2018-03-28 11:00:00,2018-03-28 12:00,1.90222,0.86739,0.0,0.43559,0.59924,0.0,0.0,0.0,0.0
2018-03-28 12:00:00,2018-03-28 13:00,1.39259,0.72555,0.0,0.09971,0.56733,0.0,0.0,0.0,0.0
2018-03-28 13:00:00,2018-03-28 14:00,1.13753,0.56429,0.0,0.003,0.57024,0.02622,0.0,0.0,0.02622
2018-03-28 14:00:00,2018-03-28 15:00,1.10573,0.55662,0.0,0.003,0.54611,0.0,0.0,0.0,0.0
2018-03-28 15:00:00,2018-03-28 16:00,1.47989,0.50285,0.0,0.42373,0.55331,0.0,0.0,0.0,0.0
2018-03-28 16:00:00,2018-03-28 17:00,1.31137,0.45999,0.0,0.26804,0.58334,0.0,0.0,0.0,0.0
2018-03-28 17:00:00,2018-03-28 18:00,1.16321,0.47796,0.0,0.003,0.68225,0.0,0.0,0.0,0.0
2018-03-28 18:00:00,2018-03-28 19:00,1.289,0.64462,0.0,0.003,0.64138,0.0,0.0,0.0,0.0
2018-03-28 19:00:00,2018-03-28 20:00,1.55333,0.60086,0.0,0.1084,0.84407,0.0,0.0,0.0,0.0
2018-03-28 20:00:00,2018-03-28 21:00,2.26562,0.5824,0.0,0.2996,1.38362,0.0,0.0,0.0,0.0
2018-03-28 21:00:00,2018-03-28 22:00,2.15437,0.87472,0.0,0.003,1.27665,0.0,0.0,0.0,0.0
2018-03-28 22:00:00,2018-03-28 23:00,2.99841,0.43137,0.0,0.003,2.56404,0.09706,0.09706,0.0,0.0
2018-03-28 23:00:00,2018-03-29 00:00,1.03812,0.2032,0.0,0.003,0.83192,0.13229,0.13229,0.0,-0.0
2018-03-29 00:00:00,2018-03-29 01:00,0.67308,0.2032,0.0,0.003,0.46688,0.14768,0.14768,0.0,0.0
2018-03-29 01:00:00,2018-03-29 02:00,0.6688,0.2032,0.0,0.003,0.4626,0.15863,0.15863,0.0,0.0
2018-03-29 02:00:00,2018-03-29 03:00,0.66316,0.2032,0.0,0.003,0.45696,0.16403,0.16403,0.0,0.0
2018-03-29 03:00:00,2018-03-29 04:00,0.66088,0.2032,0.0,0.003,0.45468,0.17531,0.17531,0.0,0.0
2018-03-29 04:00:00,2018-03-29 05:00,0.76405,0.2032,0.0,0.11112,0.44973,0.19413,0.19413,0.0,-0.0
2018-03-29 05:00:00,2018-03-29 06:00,1.03523,0.2032,0.0,0.37017,0.46186,0.20134,0.20134,0.0,-0.0
2018-03-29 06:00:00,2018-03-29 07:00,0.73911,0.2032,0.0,0.003,0.53291,0.22761,0.2276,0.0,0.0
2018-03-29 07:00:00,2018-03-29 08:00,1.23677,0.2032,0.0,0.41729,0.61628,0.21077,0.21077,0.0,0.0
2018-03-29 08:00:00,2018-03-29 09:00,1.31192,0.2032,0.0,0.42424,0.68448,0.19756,0.19756,0.0,0.0
2018-03-29 09:00:00,2018-03-29 10:00,1.87478,0.2032,0.0,0.42979,1.24179,0.18507,0.18507,0.0,0.0
2018-03-29 10:00:00,2018-03-29 11:00,1.30309,0.2032,0.0,0.43133,0.66856,0.16453,0.16453,0.0,0.0
2018-03-29 11:00:00,2018-03-29 12:00,1.20146,0.2032,0.0,0.43591,0.56235,0.14485,0.14485,0.0,0.0
2018-03-29 12:00:00,2018-03-29 13:00,0.71103,0.2032,0.0,0.03487,0.47296,0.14269,0.14269,0.0,-0.0
2018-03-29 13:00:00,2018-03-29 14:00,1.19827,0.72117,0.0,0.003,0.4741,0.06928,0.06928,0.0,0.0
2018-03-29 14:00:00,2018-03-29 15:00,1.67721,1.20021,0.0,0.003,0.474,0.0,0.0,0.0,0.0
2018-03-29 15:00:00,2018-03-29 16:00,1.72975,1.08075,0.0,0.10765,0.54135,0.0,0.0,0.0,0.0
2018-03-29 16:00:00,2018-03-29 17:00,1.9099,0.88466,0.0,0.43064,0.5946,0.01124,0.0,0.0,0.01124
2018-03-29 17:00:00,2018-03-29 18:00,1.70411,0.76399,0.0,0.19783,0.74229,0.01498,0.0,0.0,0.01498
2018-03-29 18:00:00,2018-03-29 19:00,1.87869,0.88295,0.0,0.003,0.99274,0.0,0.0,0.0,0.0
2018-03-29 19:00:00,2018-03-29 20:00,2.24659,0.80656,0.0,0.311,1.12903,0.0,0.0,0.0,0.0
2018-03-29 20:00:00,2018-03-29 21:00,2.01905,0.2032,0.0,0.43222,1.38363,0.07802,0.07802,0.0,0.0
2018-03-29 21:00:00,2018-03-29 22:00,1.41778,0.2032,0.0,0.07483,1.13975,0.0874,0.0874,0.0,0.0
2018-03-29 22:00:00,2018-03-29 23:00,0.91194,0.2032,0.0,0.003,0.70574,0.10785,0.10785,0.0,0.0
2018-03-29 23:00:00,2018-03-30 00:00,0.73975,0.2032,0.0,0.003,0.53355,0.12311,0.12311,0.0,0.0
2018-03-30 00:00:00,2018-03-30 01:00,0.6864,0.2032,0.0,0.003,0.4802,0.13309,0.13309,0.0,-0.0
2018-03-30 01:00:00,2018-03-30 02:00,0.99148,0.2032,0.0,0.32277,0.46551,0.1396,0.1396,0.0,0.0
2018-03-30 02:00:00,2018-03-30 03:00,0.81072,0.2032,0.0,0.15056,0.45696,0.14566,0.14566,0.0,0.0
2018-03-30 03:00:00,2018-03-30 04:00,0.66071,0.2032,0.0,0.003,0.45451,0.15466,0.15466,0.0,-0.0
2018-03-30 04:00:00,2018-03-30 05:00,0.65472,0.2032,0.0,0.003,0.44852,0.16641,0.16641,0.0,0.0
2018-03-30 05:00:00,2018-03-30 06:00,0.65444,0.2032,0.0,0.003,0.44824,0.17867,0.17867,0.0,0.0
2018-03-30 06:00:00,2018-03-30 07:00,0.9281,0.2032,0.0,0.21298,0.51192,0.20035,0.20035,0.0,-0.0
2018-03-30 07:00:00,2018-03-30 08:00,1.18921,0.2032,0.0,0.427,0.55901,0.18009,0.18009,0.0,-0.0
2018-03-30 08:00:00,2018-03-30 09:00,1.1743,0.2032,0.0,0.42671,0.54439,0.16786,0.16786,0.0,-0.0
2018-03-30 09:00:00,2018-03-30 10:00,1.34613,0.52577,0.0,0.30306,0.5173,0.11509,0.11509,0.0,0.0
2018-03-30 10:00:00,2018-03-30 11:00,1.87728,1.40704,0.0,0.003,0.46724,0.0,0.0,0.0,0.0
2018-03-30 11:00:00,2018-03-30 12:00,1.79159,1.30048,0.0,0.003,0.48811,0.0,0.0,0.0,0.0
2018-03-30 12:00:00,2018-03-30 13:00,1.85305,1.30964,0.0,0.003,0.54041,0.0,0.0,0.0,0.0
2018-03-30 13:00:00,2018-03-30 14:00,1.89944,1.05768,0.0,0.20835,0.63341,0.05433,0.0,0.0,0.05433
2018-03-30 14:00:00,2018-03-30 15:00,2.1518,1.18259,0.0,0.43106,0.53815,0.0,0.0,0.0,0.0
2018-03-30 15:00:00,2018-03-30 16:00,1.64215,1.14521,0.0,0.02469,0.47225,0.0,0.0,0.0,0.0
2018-03-30 16:00:00,2018-03-30 17:00,1.50035,1.01152,0.0,0.003,0.48583,0.0,0.0,0.0,0.0
2018-03-30 17:00:00,2018-03-30 18:00,1.62764,1.01959,0.0,0.003,0.60505,0.0,0.0,0.0,0.0
2018-03-30 18:00:00,2018-03-30 19:00,1.94486,1.14573,0.0,0.003,0.79613,0.0,0.0,0.0,0.0
2018-03-30 19:00:00,2018-03-30 20:00,2.32869,1.07381,0.0,0.42297,0.83191,0.0,0.0,0.0,0.0
2018-03-30 20:00:00,2018-03-30 21:00,1.7367,0.2032,0.0,0.21445,1.31905,0.10267,0.10267,0.0,0.0
2018-03-30 21:00:00,2018-03-30 22:00,3.1266,0.2032,0.0,0.003,2.9204,0.11808,0.11808,0.0,-0.0
2018-03-30 22:00:00,2018-03-30 23:00,0.91194,0.2032,0.0,0.003,0.70574,0.12186,0.12186,0.0,0.0
2018-03-30 23:00:00,2018-03-31 00:00,0.76303,0.2032,0.0,0.003,0.55683,0.13688,0.13688,0.0,0.0
2018-03-31 00:00:00,2018-03-31 01:00,1.01244,0.2032,0.0,0.32601,0.48323,0.14992,0.14992,0.0,-0.0
2018-03-31 01:00:00,2018-03-31 02:00,0.74739,0.2032,0.0,0.07668,0.46751,0.15502,0.15502,0.0,-0.0
2018-03-31 02:00:00,2018-03-31 03:00,0.66284,0.2032,0.0,0.003,0.45664,0.15244,0.15244,0.0,0.0
2018-03-31 03:00:00,2018-03-31 04:00,1.39089,0.49924,0.0,0.4258,0.46585,0.12072,0.10948,0.0,0.01124
2018-03-31 04:00:00,2018-03-31 05:00,0.67091,0.2032,0.0,0.003,0.46471,0.15679,0.14181,0.0,0.01498
2018-03-31 05:00:00,2018-03-31 06:00,0.66772,0.2032,0.0,0.003,0.46152,0.16871,0.16871,0.0,-0.0
2018-03-31 06:00:00,2018-03-31 07:00,0.7332,0.2032,0.0,0.003,0.527,0.20863,0.20863,0.0,0.0
2018-03-31 07:00:00,2018-03-31 08:00,0.77989,0.2032,0.0,0.003,0.57369,0.2248,0.21356,0.0,0.01124
2018-03-31 08:00:00,2018-03-31 09:00,1.32597,0.2032,0.0,0.39705,0.72572,0.28701,0.17459,0.0,0.11242
2018-03-31 09:00:00,2018-03-31 10:00,0.8923,0.2032,0.0,0.003,0.6861,0.23504,0.19569,0.0,0.03935
2018-03-31 10:00:00,2018-03-31 11:00,1.00095,0.2032,0.0,0.003,0.79475,0.2143,0.2143,0.0,-0.0
2018-03-31 11:00:00,2018-03-31 12:00,1.27416,0.2032,0.0,0.32307,0.74789,0.22492,0.22492,0.0,0.0
2018-03-31 12:00:00,2018-03-31 13:00,1.09941,0.2032,0.0,0.16713,0.72908,0.21525,0.21525,0.0,-0.0
2018-03-31 13:00:00,2018-03-31 14:00,1.00115,0.2032,0.0,0.003,0.79495,0.20522,0.19398,0.0,0.01124
2018-03-31 14:00:00,2018-03-31 15:00,2.92977,0.2032,0.0,0.42431,2.30226,0.21397,0.19899,0.0,0.01498
2018-03-31 15:00:00,2018-03-31 16:00,2.88578,0.2032,0.0,0.30101,2.38157,0.1936,0.1936,0.0,-0.0
2018-03-31 16:00:00,2018-03-31 17:00,1.17879,0.2032,0.0,0.003,0.97259,0.18758,0.18758,0.0,-0.0
2018-03-31 17:00:00,2018-03-31 18:00,1.33292,0.2032,0.0,0.10549,1.02423,0.19575,0.19575,0.0,0.0
2018-03-31 18:00:00,2018-03-31 19:00,1.828,0.2032,0.0,0.40056,1.22424,0.20729,0.20729,0.0,0.0
2018-03-31 19:00:00,2018-03-31 20:00,1.55515,0.2032,0.0,0.003,1.34895,0.20726,0.20726,0.0,-0.0
2018-03-31 20:00:00,2018-03-31 21:00,1.48401,0.2032,0.0,0.003,1.27781,0.22105,0.22105,0.0,-0.0
2018-03-31 21:00:00,2018-03-31 22:00,1.11479,0.2032,0.0,0.003,0.90859,0.24082,0.24082,0.0,0.0
2018-03-31 22:00:00,2018-03-31 23:00,0.80927,0.2032,0.0,0.003,0.60307,0.26307,0.26307,0.0,0.0
2018-03-31 23:00:00,2018-04-01 00:00,0.72623,0.2032,0.0,0.003,0.52003,0.25872,0.25872,0.0,0.0
2018-04-01 00:00:00,2018-04-01 01:00,0.68858,0.2032,0.0,0.003,0.48238,0.25835,0.25835,0.0,0.0
2018-04-01 01:00:00,2018-04-01 02:00,1.09888,0.2032,0.0,0.42904,0.46664,0.26165,0.26165,0.0,-0.0
2018-04-01 02:00:00,2018-04-01 03:00,0.68168,0.2032,0.0,0.02272,0.45576,0.26547,0.26547,0.0,0.0
2018-04-01 03:00:00,2018-04-01 04:00,0.65892,0.2032,0.0,0.003,0.45272,0.27181,0.27181,0.0,-0.0
2018-04-01 04:00:00,2018-04-01 05:00,0.65572,0.2032,0.0,0.003,0.44952,0.27536,0.27536,0.0,0.0
2018-04-01 05:00:00,2018-04-01 06:00,0.6552,0.2032,0.0,0.003,0.449,0.28177,0.28177,0.0,-0.0
2018-04-01 06:00:00,2018-04-01 07:00,1.0325,0.2032,0.0,0.31858,0.51072,0.3072,0.3072,0.0,-0.0
2018-04-01 07:00:00,2018-04-01 08:00,0.86567,0.2032,0.0,0.13822,0.52425,0.28073,0.28073,0.0,0.0
2018-04-01 08:00:00,2018-04-01 09:00,0.76086,0.2032,0.0,0.003,0.55466,0.26779,0.26779,0.0,0.0
2018-04-01 09:00:00,2018-04-01 10:00,1.31699,0.2032,0.0,0.41667,0.69712,0.2542,0.2542,0.0,-0.0
2018-04-01 10:00:00,2018-04-01 11:00,1.16092,0.2032,0.0,0.23609,0.72163,0.24361,0.23236,0.0,0.01124
2018-04-01 11:00:00,2018-04-01 12:00,1.05812,0.2032,0.0,0.003,0.85192,0.24982,0.18237,0.0,0.06745
2018-04-01 12:00:00,2018-04-01 13:00,1.02989,0.2032,0.0,0.003,0.82369,0.1824,0.1824,0.0,-0.0
2018-04-01 13:00:00,2018-04-01 14:00,2.90099,0.2032,0.0,0.003,2.69479,0.18464,0.18464,0.0,-0.0
2018-04-01 14:00:00,2018-04-01 15:00,2.31548,0.2032,0.0,0.42857,1.68371,0.1547,0.1547,0.0,0.0
2018-04-01 15:00:00,2018-04-01 16:00,1.4193,0.2032,0.0,0.32313,0.89297,0.13572,0.13572,0.0,0.0
2018-04-01 16:00:00,2018-04-01 17:00,1.14707,0.2032,0.0,0.003,0.94087,0.12215,0.12215,0.0,0.0
2018-04-01 17:00:00,2018-04-01 18:00,1.62448,0.2032,0.0,0.42525,0.99603,0.11957,0.11957,0.0,-0.0
2018-04-01 18:00:00,2018-04-01 19:00,1.30085,0.2032,0.0,0.03136,1.06629,0.14157,0.14157,0.0,0.0
2018-04-01 19:00:00,2018-04-01 20:00,1.54647,0.2032,0.0,0.20818,1.13509,0.12683,0.12683,0.0,0.0
2018-04-01 20:00:00,2018-04-01 21:00,1.70307,0.2032,0.0,0.3922,1.10767,0.13197,0.13197,0.0,0.0
2018-04-01 21:00:00,2018-04-01 22:00,1.10119,0.2032,0.0,0.003,0.89499,0.14394,0.14394,0.0,0.0
2018-04-01 22:00:00,2018-04-01 23:00,0.93947,0.2032,0.0,0.003,0.73327,0.16005,0.16005,0.0,0.0
2018-04-01 23:00:00,2018-04-02 00:00,0.73276,0.2032,0.0,0.003,0.52656,0.17339,0.17339,0.0,0.0
2018-04-02 00:00:00,2018-04-02 01:00,0.68551,0.2032,0.0,0.003,0.47931,0.18185,0.18185,0.0,0.0
2018-04-02 01:00:00,2018-04-02 02:00,0.66949,0.2032,0.0,0.003,0.46329,0.18801,0.18801,0.0,-0.0
2018-04-02 02:00:00,2018-04-02 03:00,0.66268,0.2032,0.0,0.003,0.45648,0.19236,0.19236,0.0,0.0
2018-04-02 03:00:00,2018-04-02 04:00,0.66044,0.2032,0.0,0.003,0.45424,0.1925,0.1925,0.0,-0.0
2018-04-02 04:00:00,2018-04-02 05:00,0.65444,0.2032,0.0,0.003,0.44824,0.19623,0.19623,0.0,0.0
2018-04-02 05:00:00,2018-04-02 06:00,0.65758,0.2032,0.0,0.003,0.45138,0.20349,0.20349,0.0,0.0
2018-04-02 06:00:00,2018-04-02 07:00,1.18093,0.2032,0.0,0.43425,0.54348,0.22186,0.22186,0.0,-0.0
2018-04-02 07:00:00,2018-04-02 08:00,0.969,0.2032,0.0,0.27121,0.49459,0.19848,0.19848,0.0,0.0
2018-04-02 08:00:00,2018-04-02 09:00,0.85356,0.2032,0.0,0.003,0.64736,0.18901,0.18901,0.0,0.0
2018-04-02 09:00:00,2018-04-02 10:00,2.00554,0.2032,0.0,0.003,1.79934,0.18803,0.18803,0.0,0.0
2018-04-02 10:00:00,2018-04-02 11:00,1.29997,0.2032,0.0,0.20737,0.8894,0.16315,0.16315,0.0,0.0
2018-04-02 11:00:00,2018-04-02 12:00,1.16118,0.2032,0.0,0.42978,0.5282,0.15372,0.15372,0.0,0.0
2018-04-02 12:00:00,2018-04-02 13:00,0.91857,0.2032,0.0,0.20139,0.51398,0.16155,0.16155,0.0,0.0
2018-04-02 13:00:00,2018-04-02 14:00,0.67996,0.2032,0.0,0.003,0.47376,0.16067,0.16067,0.0,0.0
2018-04-02 14:00:00,2018-04-02 15:00,0.68726,0.2032,0.0,0.003,0.48106,0.15122,0.15122,0.0,0.0
2018-04-02 15:00:00,2018-04-02 16:00,0.75435,0.2032,0.0,0.003,0.54815,0.14618,0.14618,0.0,0.0
2018-04-02 16:00:00,2018-04-02 17:00,1.29569,0.2032,0.0,0.42338,0.66911,0.1763,0.13695,0.0,0.03935
2018-04-02 17:00:00,2018-04-02 18:00,1.36199,0.2032,0.0,0.43254,0.72625,0.15269,0.13956,0.0,0.01313
2018-04-02 18:00:00,2018-04-02 19:00,1.21024,0.2032,0.0,0.20251,0.80453,0.15171,0.15171,0.0,0.0
2018-04-02 19:00:00,2018-04-02 20:00,1.0719,0.2032,0.0,0.003,0.8657,0.13907,0.13907,0.0,-0.0
2018-04-02 20:00:00,2018-04-02 21:00,1.46175,0.2032,0.0,0.003,1.25555,0.13645,0.13645,0.0,-0.0
2018-04-02 21:00:00,2018-04-02 22:00,1.12205,0.2032,0.0,0.003,0.91585,0.14999,0.14999,0.0,0.0
2018-04-02 22:00:00,2018-04-02 23:00,1.34403,0.2032,0.0,0.41905,0.72178,0.1625,0.1625,0.0,0.0
2018-04-02 23:00:00,2018-04-03 00:00,1.12173,0.2032,0.0,0.3984,0.52013,0.16597,0.16597,0.0,0.0
2018-04-03 00:00:00,2018-04-03 01:00,0.67256,0.2032,0.0,0.003,0.46636,0.16506,0.16506,0.0,0.0
2018-04-03 01:00:00,2018-04-03 02:00,0.66902,0.2032,0.0,0.003,0.46282,0.16295,0.16295,0.0,0.0
2018-04-03 02:00:00,2018-04-03 03:00,0.66268,0.2032,0.0,0.003,0.45648,0.16965,0.16965,0.0,0.0
2018-04-03 03:00:00,2018-04-03 04:00,0.66044,0.2032,0.0,0.003,0.45424,0.17184,0.17184,0.0,0.0
2018-04-03 04:00:00,2018-04-03 05:00,0.6554,0.2032,0.0,0.003,0.4492,0.17193,0.17193,0.0,-0.0
2018-04-03 05:00:00,2018-04-03 06:00,0.65909,0.2032,0.0,0.003,0.45289,0.17797,0.17797,0.0,0.0
2018-04-03 06:00:00,2018-04-03 07:00,1.17597,0.2032,0.0,0.42379,0.54898,0.19452,0.19452,0.0,0.0
2018-04-03 07:00:00,2018-04-03 08:00,1.17944,0.2032,0.0,0.40509,0.57115,0.18144,0.18144,0.0,0.0
2018-04-03 08:00:00,2018-04-03 09:00,1.12698,0.2032,0.0,0.42838,0.4954,0.18615,0.18615,0.0,0.0
2018-04-03 09:00:00,2018-04-03 10:00,0.8311,0.2032,0.0,0.15386,0.47404,0.18358,0.18358,0.0,0.0
2018-04-03 10:00:00,2018-04-03 11:00,0.67316,0.2032,0.0,0.003,0.46696,0.17556,0.17556,0.0,0.0
2018-04-03 11:00:00,2018-04-03 12:00,0.69279,0.2032,0.0,0.003,0.48659,0.17094,0.17094,0.0,0.0
2018-04-03 12:00:00,2018-04-03 13:00,1.0601,0.2032,0.0,0.32047,0.53643,0.16035,0.16035,0.0,0.0
2018-04-03 13:00:00,2018-04-03 14:00,1.21453,0.2032,0.0,0.41397,0.59736,0.15628,0.15628,0.0,0.0
2018-04-03 14:00:00,2018-04-03 15:00,1.17171,0.2032,0.0,0.39892,0.56959,0.15211,0.15211,0.0,0.0
2018-04-03 15:00:00,2018-04-03 16:00,0.75435,0.2032,0.0,0.003,0.54815,0.1477,0.1477,0.0,0.0
2018-04-03 16:00:00,2018-04-03 17:00,0.88843,0.2032,0.0,0.003,0.68223,0.18313,0.13066,0.0,0.05247
2018-04-03 17:00:00,2018-04-03 18:00,0.91933,0.2032,0.0,0.003,0.71313,0.15903,0.15903,0.0,-0.0
2018-04-03 18:00:00,2018-04-03 19:00,1.09124,0.2032,0.0,0.003,0.88504,0.19414,0.19414,0.0,-0.0
2018-04-03 19:00:00,2018-04-03 20:00,1.69648,0.2032,0.0,0.43783,1.05545,0.18236,0.18236,0.0,0.0
2018-04-03 20:00:00,2018-04-03 21:00,1.37349,0.2032,0.0,0.06497,1.10532,0.19784,0.19784,0.0,0.0
2018-04-03 21:00:00,2018-04-03 22:00,1.05914,0.2032,0.0,0.003,0.85294,0.219,0.219,0.0,0.0
2018-04-03 22:00:00,2018-04-03 23:00,0.71202,0.2032,0.0,0.003,0.50582,0.22911,0.22911,0.0,0.0
2018-04-03 23:00:00,2018-04-04 00:00,0.67852,0.2032,0.0,0.003,0.47232,0.23545,0.23545,0.0,0.0
2018-04-04 00:00:00,2018-04-04 01:00,1.03885,0.2032,0.0,0.36929,0.46636,0.22596,0.22596,0.0,0.0
2018-04-04 01:00:00,2018-04-04 02:00,0.66832,0.2032,0.0,0.003,0.46212,0.22655,0.22655,0.0,0.0
2018-04-04 02:00:00,2018-04-04 03:00,0.66268,0.2032,0.0,0.003,0.45648,0.24463,0.24463,0.0,-0.0
2018-04-04 03:00:00,2018-04-04 04:00,0.66044,0.2032,0.0,0.003,0.45424,0.26657,0.26657,0.0,0.0
2018-04-04 04:00:00,2018-04-04 05:00,0.6554,0.2032,0.0,0.003,0.4492,0.28435,0.28435,0.0,0.0
2018-04-04 05:00:00,2018-04-04 06:00,0.8805,0.2032,0.0,0.21695,0.46035,0.29024,0.29024,0.0,0.0
2018-04-04 06:00:00,2018-04-04 07:00,0.99779,0.2032,0.0,0.25251,0.54208,0.33435,0.30813,0.0,0.02622
2018-04-04 07:00:00,2018-04-04 08:00,0.70842,0.2032,0.0,0.003,0.50222,0.29975,0.29975,0.0,0.0
2018-04-04 08:00:00,2018-04-04 09:00,0.69002,0.2032,0.0,0.003,0.48382,0.28891,0.28891,0.0,-0.0
2018-04-04 09:00:00,2018-04-04 10:00,0.90819,0.2032,0.0,0.10544,0.59955,0.25704,0.25704,0.0,-0.0
2018-04-04 10:00:00,2018-04-04 11:00,1.19823,0.2032,0.0,0.40733,0.5877,0.22442,0.22442,0.0,0.0
2018-04-04 11:00:00,2018-04-04 12:00,1.15669,0.2032,0.0,0.41877,0.53472,0.20189,0.20189,0.0,-0.0
2018-04-04 12:00:00,2018-04-04 13:00,1.03458,0.2032,0.0,0.25324,0.57814,0.18211,0.18211,0.0,-0.0
2018-04-04 13:00:00,2018-04-04 14:00,0.77308,0.2032,0.0,0.003,0.56688,0.16696,0.16696,0.0,0.0
2018-04-04 14:00:00,2018-04-04 15:00,0.67984,0.2032,0.0,0.003,0.47364,0.1666,0.1666,0.0,0.0
2018-04-04 15:00:00,2018-04-04 16:00,0.79139,0.2032,0.0,0.10759,0.4806,0.16061,0.16061,0.0,-0.0
2018-04-04 16:00:00,2018-04-04 17:00,1.20801,0.2032,0.0,0.42977,0.57504,0.14325,0.14325,0.0,-0.0
2018-04-04 17:00:00,2018-04-04 18:00,1.02906,0.2032,0.0,0.03693,0.78893,0.15136,0.12513,0.0,0.02622
2018-04-04 18:00:00,2018-04-04 19:00,1.20681,0.2032,0.0,0.003,1.00061,0.14767,0.14767,0.0,-0.0
2018-04-04 19:00:00,2018-04-04 20:00,1.35053,0.2032,0.0,0.1068,1.04053,0.15313,0.12691,0.0,0.02622
2018-04-04 20:00:00,2018-04-04 21:00,1.57394,0.2032,0.0,0.28549,1.08525,0.14777,0.14777,0.0,-0.0
2018-04-04 21:00:00,2018-04-04 22:00,1.2858,0.2032,0.0,0.003,1.0796,0.15824,0.15824,0.0,0.0
2018-04-04 22:00:00,2018-04-04 23:00,2.72349,0.2032,0.0,0.003,2.51729,0.19331,0.19331,0.0,-0.0
2018-04-04 23:00:00,2018-04-05 00:00,1.59395,0.2032,0.0,0.003,1.38775,0.20268,0.20268,0.0,0.0
2018-04-05 00:00:00,2018-04-05 01:00,0.67256,0.2032,0.0,0.003,0.46636,0.20593,0.20593,0.0,-0.0
2018-04-05 01:00:00,2018-04-05 02:00,1.03817,0.2032,0.0,0.37285,0.46212,0.21646,0.21646,0.0,0.0
2018-04-05 02:00:00,2018-04-05 03:00,0.66268,0.2032,0.0,0.003,0.45648,0.22525,0.22525,0.0,0.0
2018-04-05 03:00:00,2018-04-05 04:00,0.66044,0.2032,0.0,0.003,0.45424,0.23113,0.23113,0.0,0.0
2018-04-05 04:00:00,2018-04-05 05:00,0.6554,0.2032,0.0,0.003,0.4492,0.23751,0.23751,0.0,0.0
2018-04-05 05:00:00,2018-04-05 06:00,1.0992,0.2032,0.0,0.42443,0.47157,0.24914,0.24914,0.0,0.0
2018-04-05 06:00:00,2018-04-05 07:00,1.18434,0.2032,0.0,0.41735,0.56379,0.27935,0.27935,0.0,0.0
2018-04-05 07:00:00,2018-04-05 08:00,1.16783,0.2032,0.0,0.41486,0.54977,0.25911,0.25911,0.0,0.0
2018-04-05 08:00:00,2018-04-05 09:00,1.224,0.2032,0.0,0.42839,0.59241,0.24213,0.24213,0.0,0.0
2018-04-05 09:00:00,2018-04-05 10:00,1.19875,0.2032,0.0,0.42436,0.57119,0.21,0.21,0.0,0.0
2018-04-05 10:00:00,2018-04-05 11:00,0.8187,0.2032,0.0,0.14854,0.46696,0.18435,0.18435,0.0,0.0
2018-04-05 11:00:00,2018-04-05 12:00,0.73213,0.2032,0.0,0.003,0.52593,0.18718,0.14783,0.0,0.03935
2018-04-05 12:00:00,2018-04-05 13:00,0.85504,0.2032,0.0,0.003,0.64884,0.19933,0.08691,0.0,0.11242
2018-04-05 13:00:00,2018-04-05 14:00,1.41084,0.42027,0.0,0.41636,0.57421,0.10133,0.06761,0.0,0.03373
2018-04-05 14:00:00,2018-04-05 15:00,2.02898,0.93942,0.0,0.35,0.73956,0.01124,0.0,0.0,0.01124
2018-04-05 15:00:00,2018-04-05 16:00,2.82543,0.81522,0.0,0.003,2.00721,0.01498,0.0,0.0,0.01498
2018-04-05 16:00:00,2018-04-05 17:00,3.68199,0.8285,0.0,0.003,2.85049,0.0,0.0,0.0,0.0
2018-04-05 17:00:00,2018-04-05 18:00,3.75444,0.86964,0.0,0.003,2.8818,0.0,0.0,0.0,0.0
2018-04-05 18:00:00,2018-04-05 19:00,2.4799,1.00744,0.0,0.21291,1.25955,0.0,0.0,0.0,0.0
2018-04-05 19:00:00,2018-04-05 20:00,1.25927,0.2032,0.0,0.2103,0.84577,0.09128,0.09128,0.0,-0.0
2018-04-05 20:00:00,2018-04-05 21:00,1.54176,0.2032,0.0,0.31319,1.02537,0.09613,0.09613,0.0,0.0
2018-04-05 21:00:00,2018-04-05 22:00,1.48193,0.2032,0.0,0.21209,1.06664,0.10406,0.10406,0.0,0.0
2018-04-05 22:00:00,2018-04-05 23:00,0.82929,0.2032,0.0,0.003,0.62309,0.12875,0.12875,0.0,0.0
2018-04-05 23:00:00,2018-04-06 00:00,0.72093,0.2032,0.0,0.003,0.51473,0.15061,0.15061,0.0,-0.0
2018-04-06 00:00:00,2018-04-06 01:00,0.67822,0.2032,0.0,0.003,0.47202,0.16676,0.16676,0.0,0.0
2018-04-06 01:00:00,2018-04-06 02:00,0.66832,0.2032,0.0,0.003,0.46212,0.18161,0.18161,0.0,-0.0
2018-04-06 02:00:00,2018-04-06 03:00,0.66268,0.2032,0.0,0.003,0.45648,0.19395,0.19395,0.0,0.0
2018-04-06 03:00:00,2018-04-06 04:00,0.66026,0.2032,0.0,0.003,0.45406,0.21102,0.21102,0.0,0.0
2018-04-06 04:00:00,2018-04-06 05:00,0.75985,0.2032,0.0,0.10805,0.4486,0.24355,0.24355,0.0,0.0
2018-04-06 05:00:00,2018-04-06 06:00,0.99588,0.2032,0.0,0.34345,0.44923,0.25498,0.25498,0.0,0.0
2018-04-06 06:00:00,2018-04-06 07:00,0.70374,0.2032,0.0,0.003,0.49754,0.29176,0.29176,0.0,0.0
2018-04-06 07:00:00,2018-04-06 08:00,0.81578,0.2032,0.0,0.003,0.60958,0.31423,0.28801,0.0,0.02622
2018-04-06 08:00:00,2018-04-06 09:00,1.16951,0.2032,0.0,0.31334,0.65297,0.30517,0.30517,0.0,-0.0
2018-04-06 09:00:00,2018-04-06 10:00,1.26753,0.2032,0.0,0.40834,0.65599,0.32278,0.32278,0.0,0.0
2018-04-06 10:00:00,2018-04-06 11:00,1.21516,0.2032,0.0,0.41776,0.5942,0.31397,0.31397,0.0,0.0
2018-04-06 11:00:00,2018-04-06 12:00,1.19622,0.2032,0.0,0.4006,0.59242,0.2898,0.2898,0.0,0.0
2018-04-06 12:00:00,2018-04-06 13:00,0.80044,0.2032,0.0,0.003,0.59424,0.26362,0.26362,0.0,-0.0
2018-04-06 13:00:00,2018-04-06 14:00,0.74668,0.2032,0.0,0.003,0.54048,0.26494,0.26494,0.0,-0.0
2018-04-06 14:00:00,2018-04-06 15:00,0.74834,0.2032,0.0,0.003,0.54214,0.2595,0.2595,0.0,0.0
2018-04-06 15:00:00,2018-04-06 16:00,0.92217,0.2032,0.0,0.10713,0.61184,0.2464,0.22017,0.0,0.02622
2018-04-06 16:00:00,2018-04-06 17:00,1.20871,0.2032,0.0,0.43047,0.57504,0.22,0.22,0.0,0.0
2018-04-06 17:00:00,2018-04-06 18:00,1.06672,0.2032,0.0,0.21789,0.64563,0.21671,0.21671,0.0,0.0
2018-04-06 18:00:00,2018-04-06 19:00,0.9996,0.2032,0.0,0.10467,0.69173,0.23957,0.23957,0.0,0.0
2018-04-06 19:00:00,2018-04-06 20:00,1.47708,0.2032,0.0,0.41145,0.86243,0.22905,0.22905,0.0,-0.0
2018-04-06 20:00:00,2018-04-06 21:00,1.33181,0.2032,0.0,0.003,1.12561,0.22104,0.22104,0.0,-0.0
2018-04-06 21:00:00,2018-04-06 22:00,1.28546,0.2032,0.0,0.003,1.07926,0.22145,0.22145,0.0,0.0
2018-04-06 22:00:00,2018-04-06 23:00,0.90645,0.2032,0.0,0.003,0.70025,0.23427,0.23427,0.0,-0.0
2018-04-06 23:00:00,2018-04-07 00:00,0.67865,0.2032,0.0,0.003,0.47245,0.24553,0.24553,0.0,-0.0
2018-04-07 00:00:00,2018-04-07 01:00,0.67384,0.2032,0.0,0.003,0.46764,0.25473,0.25473,0.0,0.0
2018-04-07 01:00:00,2018-04-07 02:00,0.66956,0.2032,0.0,0.003,0.46336,0.26491,0.26491,0.0,0.0
2018-04-07 02:00:00,2018-04-07 03:00,0.66392,0.2032,0.0,0.003,0.45772,0.26587,0.26587,0.0,-0.0
2018-04-07 03:00:00,2018-04-07 04:00,0.66168,0.2032,0.0,0.003,0.45548,0.26781,0.26781,0.0,0.0
2018-04-07 04:00:00,2018-04-07 05:00,0.97608,0.2032,0.0,0.32336,0.44952,0.27058,0.27058,0.0,0.0
2018-04-07 05:00:00,2018-04-07 06:00,0.69029,0.2032,0.0,0.03463,0.45246,0.27449,0.27449,0.0,-0.0
2018-04-07 06:00:00,2018-04-07 07:00,0.73088,0.2032,0.0,0.003,0.52468,0.30024,0.30024,0.0,-0.0
2018-04-07 07:00:00,2018-04-07 08:00,0.93701,0.2032,0.0,0.20956,0.52425,0.27678,0.27678,0.0,0.0
2018-04-07 08:00:00,2018-04-07 09:00,1.22626,0.2032,0.0,0.41812,0.60494,0.26319,0.26319,0.0,0.0
2018-04-07 09:00:00,2018-04-07 10:00,1.33531,0.2032,0.0,0.43499,0.69712,0.24165,0.24165,0.0,0.0
2018-04-07 10:00:00,2018-04-07 11:00,0.98443,0.2032,0.0,0.04802,0.73321,0.22045,0.22045,0.0,0.0
2018-04-07 11:00:00,2018-04-07 12:00,2.95717,0.2032,0.0,0.10531,2.64866,0.21002,0.21002,0.0,0.0
2018-04-07 12:00:00,2018-04-07 13:00,1.7263,0.2032,0.0,0.42412,1.09898,0.18849,0.17725,0.0,0.01124
2018-04-07 13:00:00,2018-04-07 14:00,1.51803,0.2032,0.0,0.41678,0.89805,0.20035,0.1329,0.0,0.06745
2018-04-07 14:00:00,2018-04-07 15:00,1.47822,0.2032,0.0,0.41642,0.8586,0.13984,0.13984,0.0,-0.0
2018-04-07 15:00:00,2018-04-07 16:00,1.52532,0.2032,0.0,0.42915,0.89297,0.12722,0.12722,0.0,0.0
2018-04-07 16:00:00,2018-04-07 17:00,1.23322,0.2032,0.0,0.08915,0.94087,0.12204,0.12204,0.0,0.0
2018-04-07 17:00:00,2018-04-07 18:00,1.18805,0.2032,0.0,0.003,0.98185,0.12076,0.12076,0.0,0.0
2018-04-07 18:00:00,2018-04-07 19:00,1.09279,0.2032,0.0,0.003,0.88659,0.13608,0.13608,0.0,0.0
2018-04-07 19:00:00,2018-04-07 20:00,1.09476,0.2032,0.0,0.003,0.88856,0.12762,0.12762,0.0,-0.0
2018-04-07 20:00:00,2018-04-07 21:00,1.6259,0.2032,0.0,0.31503,1.10767,0.13061,0.13061,0.0,0.0
2018-04-07 21:00:00,2018-04-07 22:00,1.39678,0.2032,0.0,0.19601,0.99757,0.13798,0.13798,0.0,0.0
2018-04-07 22:00:00,2018-04-07 23:00,0.93947,0.2032,0.0,0.003,0.73327,0.1534,0.1534,0.0,0.0
2018-04-07 23:00:00,2018-04-08 00:00,0.7717,0.2032,0.0,0.003,0.5655,0.16984,0.16984,0.0,0.0
2018-04-08 00:00:00,2018-04-08 01:00,0.69496,0.2032,0.0,0.003,0.48876,0.1833,0.1833,0.0,-0.0
2018-04-08 01:00:00,2018-04-08 02:00,0.88087,0.2032,0.0,0.21103,0.46664,0.20201,0.20201,0.0,-0.0
2018-04-08 02:00:00,2018-04-08 03:00,1.03343,0.2032,0.0,0.37322,0.45701,0.20971,0.20971,0.0,-0.0
2018-04-08 03:00:00,2018-04-08 04:00,0.66168,0.2032,0.0,0.003,0.45548,0.21983,0.21983,0.0,0.0
2018-04-08 04:00:00,2018-04-08 05:00,0.65572,0.2032,0.0,0.003,0.44952,0.23394,0.23394,0.0,-0.0
2018-04-08 05:00:00,2018-04-08 06:00,0.6552,0.2032,0.0,0.003,0.449,0.24198,0.24198,0.0,0.0
2018-04-08 06:00:00,2018-04-08 07:00,0.69404,0.2032,0.0,0.003,0.48784,0.26638,0.26638,0.0,0.0
2018-04-08 07:00:00,2018-04-08 08:00,0.97435,0.2032,0.0,0.20976,0.56139,0.24407,0.23283,0.0,0.01124
2018-04-08 08:00:00,2018-04-08 09:00,1.39137,0.2032,0.0,0.43038,0.75779,0.21808,0.2031,0.0,0.01498
2018-04-08 09:00:00,2018-04-08 10:00,1.35086,0.2032,0.0,0.42098,0.72668,0.1893,0.1893,0.0,0.0
2018-04-08 10:00:00,2018-04-08 11:00,1.15357,0.2032,0.0,0.24802,0.70235,0.17543,0.17543,0.0,0.0
2018-04-08 11:00:00,2018-04-08 12:00,1.2671,0.2032,0.0,0.003,1.0609,0.16829,0.15705,0.0,0.01124
2018-04-08 12:00:00,2018-04-08 13:00,1.8832,0.2032,0.0,0.003,1.677,0.16328,0.1483,0.0,0.01498
2018-04-08 13:00:00,2018-04-08 14:00,1.44647,0.2032,0.0,0.42221,0.82106,0.1427,0.1427,0.0,0.0
2018-04-08 14:00:00,2018-04-08 15:00,1.31642,0.2032,0.0,0.35049,0.76273,0.1443,0.1443,0.0,0.0
2018-04-08 15:00:00,2018-04-08 16:00,1.03107,0.2032,0.0,0.003,0.82487,0.1432,0.1432,0.0,0.0
2018-04-08 16:00:00,2018-04-08 17:00,1.35935,0.2032,0.0,0.31178,0.84437,0.14043,0.14043,0.0,0.0
2018-04-08 17:00:00,2018-04-08 18:00,1.47185,0.2032,0.0,0.41492,0.85373,0.15457,0.12835,0.0,0.02622
2018-04-08 18:00:00,2018-04-08 19:00,1.03656,0.2032,0.0,0.003,0.83036,0.15544,0.15544,0.0,0.0
2018-04-08 19:00:00,2018-04-08 20:00,1.19418,0.2032,0.0,0.003,0.98798,0.1492,0.13796,0.0,0.01124
2018-04-08 20:00:00,2018-04-08 21:00,1.48292,0.2032,0.0,0.20894,1.07078,0.15444,0.13946,0.0,0.01498
2018-04-08 21:00:00,2018-04-08 22:00,1.18739,0.2032,0.0,0.3721,0.61209,0.15966,0.15966,0.0,0.0
2018-04-08 22:00:00,2018-04-08 23:00,0.7648,0.2032,0.0,0.003,0.5586,0.16543,0.16543,0.0,0.0
2018-04-08 23:00:00,2018-04-09 00:00,0.69938,0.2032,0.0,0.003,0.49318,0.1694,0.1694,0.0,0.0
2018-04-09 00:00:00,2018-04-09 01:00,0.67256,0.2032,0.0,0.003,0.46636,0.17229,0.17229,0.0,-0.0
2018-04-09 01:00:00,2018-04-09 02:00,0.66832,0.2032,0.0,0.003,0.46212,0.17537,0.17537,0.0,0.0
2018-04-09 02:00:00,2018-04-09 03:00,0.66268,0.2032,0.0,0.003,0.45648,0.18148,0.18148,0.0,0.0
2018-04-09 03:00:00,2018-04-09 04:00,0.66044,0.2032,0.0,0.003,0.45424,0.18472,0.18472,0.0,-0.0
2018-04-09 04:00:00,2018-04-09 05:00,0.6554,0.2032,0.0,0.003,0.4492,0.19035,0.19035,0.0,0.0
2018-04-09 05:00:00,2018-04-09 06:00,0.88279,0.2032,0.0,0.2105,0.46909,0.19623,0.19623,0.0,-0.0
2018-04-09 06:00:00,2018-04-09 07:00,1.2308,0.2032,0.0,0.43053,0.59707,0.21413,0.21413,0.0,-0.0
2018-04-09 07:00:00,2018-04-09 08:00,1.26015,0.2032,0.0,0.43023,0.62672,0.19796,0.19796,0.0,0.0
2018-04-09 08:00:00,2018-04-09 09:00,1.21575,0.2032,0.0,0.42653,0.58602,0.18971,0.18971,0.0,-0.0
2018-04-09 09:00:00,2018-04-09 10:00,0.89324,0.2032,0.0,0.1534,0.53664,0.17201,0.17201,0.0,0.0
2018-04-09 10:00:00,2018-04-09 11:00,0.73032,0.2032,0.0,0.003,0.52412,0.1506,0.1506,0.0,-0.0
2018-04-09 11:00:00,2018-04-09 12:00,0.67056,0.2032,0.0,0.003,0.46436,0.13842,0.13842,0.0,0.0
2018-04-09 12:00:00,2018-04-09 13:00,1.32415,0.34165,0.0,0.32114,0.66136,0.16435,0.06879,0.0,0.09556
2018-04-09 13:00:00,2018-04-09 14:00,1.76584,0.90581,0.0,0.21705,0.64298,0.03561,0.0,0.0,0.03561
2018-04-09 14:00:00,2018-04-09 15:00,1.63005,1.04037,0.0,0.003,0.58668,0.0,0.0,0.0,0.0
2018-04-09 15:00:00,2018-04-09 16:00,1.62779,1.04892,0.0,0.003,0.57587,0.0,0.0,0.0,0.0
2018-04-09 16:00:00,2018-04-09 17:00,1.81844,0.94644,0.0,0.2133,0.6587,0.02622,0.0,0.0,0.02622
2018-04-09 17:00:00,2018-04-09 18:00,2.20079,1.0703,0.0,0.43295,0.69754,0.0,0.0,0.0,0.0
2018-04-09 18:00:00,2018-04-09 19:00,2.47025,1.2394,0.0,0.34582,0.88503,0.0,0.0,0.0,0.0
2018-04-09 19:00:00,2018-04-09 20:00,1.2205,0.2032,0.0,0.003,1.0143,0.11271,0.11271,0.0,0.0
2018-04-09 20:00:00,2018-04-09 21:00,1.33434,0.2032,0.0,0.003,1.12814,0.10976,0.10976,0.0,0.0
2018-04-09 21:00:00,2018-04-09 22:00,3.14965,0.2032,0.0,0.003,2.94345,0.12422,0.12422,0.0,0.0
2018-04-09 22:00:00,2018-04-09 23:00,2.33715,0.2032,0.0,0.003,2.13095,0.12787,0.12787,0.0,0.0
2018-04-09 23:00:00,2018-04-10 00:00,0.72093,0.2032,0.0,0.003,0.51473,0.13116,0.13116,0.0,-0.0
2018-04-10 00:00:00,2018-04-10 01:00,0.67822,0.2032,0.0,0.003,0.47202,0.13822,0.13822,0.0,0.0
2018-04-10 01:00:00,2018-04-10 02:00,0.66832,0.2032,0.0,0.003,0.46212,0.14506,0.14506,0.0,-0.0
2018-04-10 02:00:00,2018-04-10 03:00,0.66268,0.2032,0.0,0.003,0.45648,0.14953,0.14953,0.0,0.0
2018-04-10 03:00:00,2018-04-10 04:00,0.66044,0.2032,0.0,0.003,0.45424,0.15314,0.15314,0.0,0.0
2018-04-10 04:00:00,2018-04-10 05:00,0.65444,0.2032,0.0,0.003,0.44824,0.15652,0.15652,0.0,0.0
2018-04-10 05:00:00,2018-04-10 06:00,0.65392,0.2032,0.0,0.003,0.44772,0.1592,0.1592,0.0,0.0
2018-04-10 06:00:00,2018-04-10 07:00,1.16589,0.2032,0.0,0.42473,0.53796,0.17462,0.17462,0.0,0.0
2018-04-10 07:00:00,2018-04-10 08:00,1.16942,0.2032,0.0,0.43647,0.52975,0.16528,0.16528,0.0,0.0
2018-04-10 08:00:00,2018-04-10 09:00,0.84092,0.2032,0.0,0.1664,0.47132,0.16832,0.16832,0.0,0.0
2018-04-10 09:00:00,2018-04-10 10:00,0.68024,0.2032,0.0,0.003,0.47404,0.16647,0.16647,0.0,0.0
2018-04-10 10:00:00,2018-04-10 11:00,0.67316,0.2032,0.0,0.003,0.46696,0.16102,0.16102,0.0,0.0
2018-04-10 11:00:00,2018-04-10 12:00,0.67056,0.2032,0.0,0.003,0.46436,0.15886,0.15886,0.0,0.0
2018-04-10 12:00:00,2018-04-10 13:00,1.25874,0.47579,0.0,0.21568,0.56727,0.16907,0.09038,0.0,0.07869
2018-04-10 13:00:00,2018-04-10 14:00,2.06344,1.44,0.0,0.14971,0.47373,0.0,0.0,0.0,0.0
2018-04-10 14:00:00,2018-04-10 15:00,1.81897,1.34237,0.0,0.003,0.4736,0.0,0.0,0.0,0.0
2018-04-10 15:00:00,2018-04-10 16:00,1.62924,1.15446,0.0,0.003,0.47178,0.0,0.0,0.0,0.0
2018-04-10 16:00:00,2018-04-10 17:00,1.67838,1.1136,0.0,0.003,0.56178,0.0,0.0,0.0,0.0
2018-04-10 17:00:00,2018-04-10 18:00,1.92901,0.8793,0.0,0.31068,0.73903,0.06745,0.0,0.0,0.06745
2018-04-10 18:00:00,2018-04-10 19:00,2.06359,0.86214,0.0,0.41783,0.78362,0.01124,0.0,0.0,0.01124
2018-04-10 19:00:00,2018-04-10 20:00,2.34433,0.91849,0.0,0.43626,0.98958,0.0,0.0,0.0,0.0
2018-04-10 20:00:00,2018-04-10 21:00,2.41733,1.00129,0.0,0.22373,1.19231,0.0,0.0,0.0,0.0
2018-04-10 21:00:00,2018-04-10 22:00,4.21601,1.2093,0.0,0.10812,2.89859,0.0,0.0,0.0,0.0
2018-04-10 22:00:00,2018-04-10 23:00,2.10085,0.2032,0.0,0.31941,1.57824,0.11718,0.11718,0.0,-0.0
2018-04-10 23:00:00,2018-04-11 00:00,0.69673,0.2032,0.0,0.003,0.49053,0.12157,0.12157,0.0,-0.0
2018-04-11 00:00:00,2018-04-11 01:00,0.67256,0.2032,0.0,0.003,0.46636,0.12789,0.12789,0.0,-0.0
2018-04-11 01:00:00,2018-04-11 02:00,0.66832,0.2032,0.0,0.003,0.46212,0.13516,0.13516,0.0,0.0
2018-04-11 02:00:00,2018-04-11 03:00,0.66268,0.2032,0.0,0.003,0.45648,0.1368,0.1368,0.0,0.0
2018-04-11 03:00:00,2018-04-11 04:00,0.66044,0.2032,0.0,0.003,0.45424,0.1387,0.1387,0.0,0.0
2018-04-11 04:00:00,2018-04-11 05:00,0.6554,0.2032,0.0,0.003,0.4492,0.14555,0.14555,0.0,-0.0
2018-04-11 05:00:00,2018-04-11 06:00,0.88031,0.2032,0.0,0.20936,0.46775,0.15024,0.15024,0.0,0.0
2018-04-11 06:00:00,2018-04-11 07:00,1.23032,0.2032,0.0,0.40796,0.61916,0.17483,0.16359,0.0,0.01124
2018-04-11 07:00:00,2018-04-11 08:00,1.27994,0.2032,0.0,0.42029,0.65645,0.17102,0.12979,0.0,0.04123
2018-04-11 08:00:00,2018-04-11 09:00,1.77829,0.8084,0.0,0.43823,0.53166,0.07011,0.07011,0.0,-0.0
2018-04-11 09:00:00,2018-04-11 10:00,2.07768,1.23954,0.0,0.24805,0.59009,0.0,0.0,0.0,0.0
2018-04-11 10:00:00,2018-04-11 11:00,1.85605,0.96014,0.0,0.32414,0.57177,0.0,0.0,0.0,0.0
2018-04-11 11:00:00,2018-04-11 12:00,1.72269,0.88114,0.0,0.31968,0.52187,0.0,0.0,0.0,0.0
2018-04-11 12:00:00,2018-04-11 13:00,1.25151,0.77587,0.0,0.003,0.47264,0.0,0.0,0.0,0.0
2018-04-11 13:00:00,2018-04-11 14:00,1.13854,0.66181,0.0,0.003,0.47373,0.0,0.0,0.0,0.0
2018-04-11 14:00:00,2018-04-11 15:00,1.13533,0.60038,0.0,0.003,0.53195,0.0,0.0,0.0,0.0
2018-04-11 15:00:00,2018-04-11 16:00,1.2784,0.47075,0.0,0.21458,0.59307,0.02622,0.0,0.0,0.02622
2018-04-11 16:00:00,2018-04-11 17:00,1.52546,0.50657,0.0,0.44387,0.57502,0.0,0.0,0.0,0.0
2018-04-11 17:00:00,2018-04-11 18:00,1.44732,0.46545,0.0,0.29907,0.6828,0.01124,0.0,0.0,0.01124
2018-04-11 18:00:00,2018-04-11 19:00,1.24608,0.32512,0.0,0.003,0.91796,0.08058,0.0,0.0,0.08058
2018-04-11 19:00:00,2018-04-11 20:00,1.85156,0.34122,0.0,0.31476,1.19558,0.01312,0.0,0.0,0.01312
2018-04-11 20:00:00,2018-04-11 21:00,2.1438,0.4202,0.0,0.43812,1.28548,0.0,0.0,0.0,0.0
2018-04-11 21:00:00,2018-04-11 22:00,1.71484,0.48542,0.0,0.15018,1.07924,0.0,0.0,0.0,0.0
2018-04-11 22:00:00,2018-04-11 23:00,1.37255,0.60197,0.0,0.003,0.76758,0.0,0.0,0.0,0.0
2018-04-11 23:00:00,2018-04-12 00:00,1.18392,0.66764,0.0,0.003,0.51328,0.0,0.0,0.0,0.0
2018-04-12 00:00:00,2018-04-12 01:00,1.16998,0.70063,0.0,0.003,0.46635,0.0,0.0,0.0,0.0
2018-04-12 01:00:00,2018-04-12 02:00,1.32183,0.85674,0.0,0.003,0.46209,0.0,0.0,0.0,0.0
2018-04-12 02:00:00,2018-04-12 03:00,1.49242,1.03294,0.0,0.003,0.45648,0.0,0.0,0.0,0.0
2018-04-12 03:00:00,2018-04-12 04:00,1.57104,1.11382,0.0,0.003,0.45422,0.0,0.0,0.0,0.0
2018-04-12 04:00:00,2018-04-12 05:00,1.62888,1.17763,0.0,0.003,0.44825,0.0,0.0,0.0,0.0
2018-04-12 05:00:00,2018-04-12 06:00,0.6724,0.2032,0.0,0.003,0.4662,0.12622,0.11498,0.0,0.01124
2018-04-12 06:00:00,2018-04-12 07:00,1.4073,0.2032,0.0,0.32819,0.87591,0.14748,0.1325,0.0,0.01498
2018-04-12 07:00:00,2018-04-12 08:00,3.97428,0.79486,0.0,0.42942,2.75,0.06914,0.06914,0.0,-0.0
2018-04-12 08:00:00,2018-04-12 09:00,3.08873,1.19248,0.0,0.4336,1.46265,0.0,0.0,0.0,0.0
2018-04-12 09:00:00,2018-04-12 10:00,1.85672,0.81616,0.0,0.44106,0.5995,0.0,0.0,0.0,0.0
2018-04-12 10:00:00,2018-04-12 11:00,1.55469,0.70557,0.0,0.25494,0.59418,0.0,0.0,0.0,0.0
2018-04-12 11:00:00,2018-04-12 12:00,1.16993,0.64507,0.0,0.003,0.52186,0.0,0.0,0.0,0.0
2018-04-12 12:00:00,2018-04-12 13:00,1.0835,0.58241,0.0,0.003,0.49809,0.0,0.0,0.0,0.0
2018-04-12 13:00:00,2018-04-12 14:00,0.98462,0.5079,0.0,0.003,0.47372,0.0,0.0,0.0,0.0
2018-04-12 14:00:00,2018-04-12 15:00,0.87868,0.40206,0.0,0.003,0.47362,0.0,0.0,0.0,0.0
2018-04-12 15:00:00,2018-04-12 16:00,0.81142,0.33661,0.0,0.003,0.47181,0.0,0.0,0.0,0.0
2018-04-12 16:00:00,2018-04-12 17:00,1.20402,0.34844,0.0,0.32625,0.52933,0.0,0.0,0.0,0.0
2018-04-12 17:00:00,2018-04-12 18:00,0.9789,0.39465,0.0,0.0843,0.49995,0.0,0.0,0.0,0.0
2018-04-12 18:00:00,2018-04-12 19:00,1.15636,0.48377,0.0,0.003,0.66959,0.0,0.0,0.0,0.0
2018-04-12 19:00:00,2018-04-12 20:00,1.73381,0.30747,0.0,0.43048,0.99586,0.02622,0.0,0.0,0.02622
2018-04-12 20:00:00,2018-04-12 21:00,1.66044,0.3989,0.0,0.1862,1.07534,0.0,0.0,0.0,0.0
2018-04-12 21:00:00,2018-04-12 22:00,1.47125,0.45182,0.0,0.003,1.01643,0.0,0.0,0.0,0.0
2018-04-12 22:00:00,2018-04-12 23:00,1.28566,0.5656,0.0,0.003,0.71706,0.0,0.0,0.0,0.0
2018-04-12 23:00:00,2018-04-13 00:00,1.14959,0.65607,0.0,0.003,0.49052,0.0,0.0,0.0,0.0
2018-04-13 00:00:00,2018-04-13 01:00,1.23393,0.76459,0.0,0.003,0.46634,0.0,0.0,0.0,0.0
2018-04-13 01:00:00,2018-04-13 02:00,1.44661,0.98154,0.0,0.003,0.46207,0.0,0.0,0.0,0.0
2018-04-13 02:00:00,2018-04-13 03:00,1.50556,1.0461,0.0,0.003,0.45646,0.0,0.0,0.0,0.0
2018-04-13 03:00:00,2018-04-13 04:00,1.57268,1.11549,0.0,0.003,0.45419,0.0,0.0,0.0,0.0
2018-04-13 04:00:00,2018-04-13 05:00,1.58028,1.12904,0.0,0.003,0.44824,0.0,0.0,0.0,0.0
2018-04-13 05:00:00,2018-04-13 06:00,2.03029,1.12736,0.0,0.43538,0.46755,0.0,0.0,0.0,0.0
2018-04-13 06:00:00,2018-04-13 07:00,2.24167,1.2405,0.0,0.42816,0.57301,0.0,0.0,0.0,0.0
2018-04-13 07:00:00,2018-04-13 08:00,2.20269,1.22513,0.0,0.43981,0.53775,0.0,0.0,0.0,0.0
2018-04-13 08:00:00,2018-04-13 09:00,1.827,1.33087,0.0,0.02483,0.4713,0.0,0.0,0.0,0.0
2018-04-13 09:00:00,2018-04-13 10:00,1.82964,1.35264,0.0,0.003,0.474,0.0,0.0,0.0,0.0
2018-04-13 10:00:00,2018-04-13 11:00,1.79262,1.32268,0.0,0.003,0.46694,0.0,0.0,0.0,0.0
2018-04-13 11:00:00,2018-04-13 12:00,1.76765,1.30028,0.0,0.003,0.46437,0.0,0.0,0.0,0.0
2018-04-13 12:00:00,2018-04-13 13:00,1.91947,1.44383,0.0,0.003,0.47264,0.0,0.0,0.0,0.0
2018-04-13 13:00:00,2018-04-13 14:00,1.87147,1.39475,0.0,0.003,0.47372,0.0,0.0,0.0,0.0
2018-04-13 14:00:00,2018-04-13 15:00,1.73077,1.2542,0.0,0.003,0.47357,0.0,0.0,0.0,0.0
2018-04-13 15:00:00,2018-04-13 16:00,2.17888,1.41244,0.0,0.22077,0.54567,0.0,0.0,0.0,0.0
2018-04-13 16:00:00,2018-04-13 17:00,2.51515,1.45226,0.0,0.4421,0.62079,0.0,0.0,0.0,0.0
2018-04-13 17:00:00,2018-04-13 18:00,2.50127,1.35178,0.0,0.43639,0.7131,0.0,0.0,0.0,0.0
2018-04-13 18:00:00,2018-04-13 19:00,2.69018,1.53902,0.0,0.44301,0.70815,0.0,0.0,0.0,0.0
2018-04-13 19:00:00,2018-04-13 20:00,2.82161,1.55236,0.0,0.42349,0.84576,0.0,0.0,0.0,0.0
2018-04-13 20:00:00,2018-04-13 21:00,1.11153,0.2032,0.0,0.003,0.90533,0.15425,0.15425,0.0,0.0
2018-04-13 21:00:00,2018-04-13 22:00,1.20504,0.2032,0.0,0.003,0.99884,0.161,0.161,0.0,0.0
2018-04-13 22:00:00,2018-04-13 23:00,1.29501,0.2032,0.0,0.31949,0.77232,0.18304,0.18304,0.0,-0.0
2018-04-13 23:00:00,2018-04-14 00:00,0.88228,0.2032,0.0,0.14581,0.53327,0.1955,0.1955,0.0,0.0
2018-04-14 00:00:00,2018-04-14 01:00,0.68858,0.2032,0.0,0.003,0.48238,0.18736,0.18736,0.0,0.0
2018-04-14 01:00:00,2018-04-14 02:00,0.67017,0.2032,0.0,0.003,0.46397,0.18873,0.18873,0.0,0.0
2018-04-14 02:00:00,2018-04-14 03:00,0.66392,0.2032,0.0,0.003,0.45772,0.2058,0.2058,0.0,0.0
2018-04-14 03:00:00,2018-04-14 04:00,0.66168,0.2032,0.0,0.003,0.45548,0.21449,0.21449,0.0,0.0
2018-04-14 04:00:00,2018-04-14 05:00,0.65572,0.2032,0.0,0.003,0.44952,0.21993,0.21993,0.0,-0.0
2018-04-14 05:00:00,2018-04-14 06:00,0.6552,0.2032,0.0,0.003,0.449,0.23304,0.23304,0.0,0.0
2018-04-14 06:00:00,2018-04-14 07:00,0.82359,0.2032,0.0,0.10967,0.51072,0.23465,0.23465,0.0,0.0
2018-04-14 07:00:00,2018-04-14 08:00,1.20261,0.2032,0.0,0.44072,0.55869,0.23526,0.23526,0.0,-0.0
2018-04-14 08:00:00,2018-04-14 09:00,0.93231,0.2032,0.0,0.12148,0.60763,0.22399,0.22399,0.0,0.0
2018-04-14 09:00:00,2018-04-14 10:00,0.82157,0.2032,0.0,0.003,0.61537,0.23136,0.23136,0.0,0.0
2018-04-14 10:00:00,2018-04-14 11:00,1.06983,0.2032,0.0,0.21502,0.65161,0.25339,0.25339,0.0,0.0
2018-04-14 11:00:00,2018-04-14 12:00,1.12026,0.2032,0.0,0.29197,0.62509,0.26487,0.26487,0.0,0.0
2018-04-14 12:00:00,2018-04-14 13:00,1.29722,0.2032,0.0,0.42774,0.66628,0.26109,0.26109,0.0,0.0
2018-04-14 13:00:00,2018-04-14 14:00,1.07292,0.2032,0.0,0.18171,0.68801,0.23998,0.23998,0.0,-0.0
2018-04-14 14:00:00,2018-04-14 15:00,0.8833,0.2032,0.0,0.003,0.6771,0.22612,0.22612,0.0,-0.0
2018-04-14 15:00:00,2018-04-14 16:00,1.44694,0.2032,0.0,0.43012,0.81362,0.2314,0.2314,0.0,-0.0
2018-04-14 16:00:00,2018-04-14 17:00,1.06662,0.2032,0.0,0.04819,0.81523,0.22011,0.22011,0.0,-0.0
2018-04-14 17:00:00,2018-04-14 18:00,1.38773,0.2032,0.0,0.32094,0.86359,0.23041,0.20419,0.0,0.02622
2018-04-14 18:00:00,2018-04-14 19:00,1.54325,0.2032,0.0,0.22086,1.11919,0.23142,0.23142,0.0,0.0
2018-04-14 19:00:00,2018-04-14 20:00,1.48794,0.2032,0.0,0.21121,1.07353,0.22439,0.22439,0.0,0.0
2018-04-14 20:00:00,2018-04-14 21:00,1.76674,0.2032,0.0,0.43537,1.12817,0.22245,0.22245,0.0,0.0
2018-04-14 21:00:00,2018-04-14 22:00,1.39607,0.2032,0.0,0.02442,1.16845,0.2241,0.21286,0.0,0.01124
2018-04-14 22:00:00,2018-04-14 23:00,1.07924,0.2032,0.0,0.003,0.87304,0.26055,0.1931,0.0,0.06745
2018-04-14 23:00:00,2018-04-15 00:00,0.7717,0.2032,0.0,0.003,0.5655,0.22101,0.22101,0.0,0.0
2018-04-15 00:00:00,2018-04-15 01:00,0.7033,0.2032,0.0,0.003,0.4971,0.22615,0.22615,0.0,0.0
2018-04-15 01:00:00,2018-04-15 02:00,0.67173,0.2032,0.0,0.003,0.46553,0.22873,0.22873,0.0,0.0
2018-04-15 02:00:00,2018-04-15 03:00,0.66392,0.2032,0.0,0.003,0.45772,0.22803,0.22803,0.0,0.0
2018-04-15 03:00:00,2018-04-15 04:00,0.66168,0.2032,0.0,0.003,0.45548,0.23159,0.23159,0.0,0.0
2018-04-15 04:00:00,2018-04-15 05:00,0.65572,0.2032,0.0,0.003,0.44952,0.23436,0.23436,0.0,-0.0
2018-04-15 05:00:00,2018-04-15 06:00,0.76175,0.2032,0.0,0.10955,0.449,0.23249,0.23249,0.0,0.0
2018-04-15 06:00:00,2018-04-15 07:00,0.92171,0.2032,0.0,0.23067,0.48784,0.25626,0.25626,0.0,0.0
2018-04-15 07:00:00,2018-04-15 08:00,0.68767,0.2032,0.0,0.003,0.48147,0.24764,0.24764,0.0,0.0
2018-04-15 08:00:00,2018-04-15 09:00,0.88077,0.2032,0.0,0.003,0.67457,0.24633,0.22011,0.0,0.02622
2018-04-15 09:00:00,2018-04-15 10:00,1.00788,0.2032,0.0,0.10756,0.69712,0.21985,0.21985,0.0,0.0
2018-04-15 10:00:00,2018-04-15 11:00,1.32184,0.2032,0.0,0.41629,0.70235,0.21064,0.21064,0.0,0.0
2018-04-15 11:00:00,2018-04-15 12:00,0.90235,0.2032,0.0,0.003,0.69615,0.22226,0.18291,0.0,0.03935
2018-04-15 12:00:00,2018-04-15 13:00,2.03229,0.2032,0.0,0.003,1.82609,0.19252,0.17939,0.0,0.01313
2018-04-15 13:00:00,2018-04-15 14:00,1.43416,0.2032,0.0,0.43211,0.79885,0.17535,0.17535,0.0,0.0
2018-04-15 14:00:00,2018-04-15 15:00,1.06356,0.2032,0.0,0.09763,0.76273,0.17767,0.17767,0.0,0.0
2018-04-15 15:00:00,2018-04-15 16:00,1.00722,0.2032,0.0,0.10564,0.69838,0.1677,0.1677,0.0,-0.0
2018-04-15 16:00:00,2018-04-15 17:00,1.33299,0.2032,0.0,0.4163,0.71349,0.15898,0.15898,0.0,0.0
2018-04-15 17:00:00,2018-04-15 18:00,1.38589,0.2032,0.0,0.43423,0.74846,0.17593,0.17593,0.0,0.0
2018-04-15 18:00:00,2018-04-15 19:00,1.04603,0.2032,0.0,0.03001,0.81282,0.19775,0.19775,0.0,-0.0
2018-04-15 19:00:00,2018-04-15 20:00,0.96037,0.2032,0.0,0.003,0.75417,0.19371,0.19371,0.0,0.0
2018-04-15 20:00:00,2018-04-15 21:00,1.12685,0.2032,0.0,0.003,0.92065,0.19018,0.19018,0.0,0.0
2018-04-15 21:00:00,2018-04-15 22:00,1.08801,0.2032,0.0,0.003,0.88181,0.19814,0.19814,0.0,0.0
2018-04-15 22:00:00,2018-04-15 23:00,0.84976,0.2032,0.0,0.003,0.64356,0.20675,0.20675,0.0,0.0
2018-04-15 23:00:00,2018-04-16 00:00,1.03522,0.2032,0.0,0.32649,0.50553,0.21361,0.21361,0.0,0.0
2018-04-16 00:00:00,2018-04-16 01:00,0.79547,0.2032,0.0,0.12591,0.46636,0.2272,0.2272,0.0,0.0
2018-04-16 01:00:00,2018-04-16 02:00,0.66832,0.2032,0.0,0.003,0.46212,0.23327,0.23327,0.0,-0.0
2018-04-16 02:00:00,2018-04-16 03:00,0.66268,0.2032,0.0,0.003,0.45648,0.2268,0.2268,0.0,0.0
2018-04-16 03:00:00,2018-04-16 04:00,0.66008,0.2032,0.0,0.003,0.45388,0.22512,0.22512,0.0,0.0
2018-04-16 04:00:00,2018-04-16 05:00,0.75919,0.2032,0.0,0.10846,0.44753,0.22748,0.22748,0.0,-0.0
2018-04-16 05:00:00,2018-04-16 06:00,1.10383,0.2032,0.0,0.43503,0.4656,0.22456,0.22456,0.0,0.0
2018-04-16 06:00:00,2018-04-16 07:00,1.18606,0.2032,0.0,0.41907,0.56379,0.23671,0.23671,0.0,-0.0
2018-04-16 07:00:00,2018-04-16 08:00,1.18535,0.2032,0.0,0.40489,0.57726,0.21837,0.21837,0.0,0.0
2018-04-16 08:00:00,2018-04-16 09:00,1.17785,0.2032,0.0,0.42508,0.54957,0.20875,0.20875,0.0,0.0
2018-04-16 09:00:00,2018-04-16 10:00,0.92782,0.2032,0.0,0.24429,0.48033,0.21037,0.21037,0.0,0.0
2018-04-16 10:00:00,2018-04-16 11:00,0.71446,0.2032,0.0,0.003,0.50826,0.20716,0.20716,0.0,-0.0
2018-04-16 11:00:00,2018-04-16 12:00,0.67056,0.2032,0.0,0.003,0.46436,0.19417,0.19417,0.0,0.0
2018-04-16 12:00:00,2018-04-16 13:00,0.67884,0.2032,0.0,0.003,0.47264,0.18588,0.18588,0.0,-0.0
2018-04-16 13:00:00,2018-04-16 14:00,0.67996,0.2032,0.0,0.003,0.47376,0.19016,0.19016,0.0,0.0
2018-04-16 14:00:00,2018-04-16 15:00,1.00273,0.2032,0.0,0.21704,0.58249,0.22353,0.15608,0.0,0.06745
2018-04-16 15:00:00,2018-04-16 16:00,1.00769,0.2032,0.0,0.21887,0.58562,0.17711,0.13965,0.0,0.03746
2018-04-16 16:00:00,2018-04-16 17:00,1.1499,0.46925,0.0,0.10561,0.57504,0.10458,0.10458,0.0,0.0
2018-04-16 17:00:00,2018-04-16 18:00,2.26827,1.24904,0.0,0.41266,0.60657,0.0,0.0,0.0,0.0
2018-04-16 18:00:00,2018-04-16 19:00,2.53084,1.37403,0.0,0.43585,0.72096,0.0,0.0,0.0,0.0
2018-04-16 19:00:00,2018-04-16 20:00,2.40279,1.17654,0.0,0.31916,0.90709,0.0,0.0,0.0,0.0
2018-04-16 20:00:00,2018-04-16 21:00,2.25466,1.04612,0.0,0.003,1.20554,0.0,0.0,0.0,0.0
2018-04-16 21:00:00,2018-04-16 22:00,2.01088,1.09226,0.0,0.003,0.91562,0.0,0.0,0.0,0.0
2018-04-16 22:00:00,2018-04-16 23:00,1.27864,0.2032,0.0,0.42559,0.64985,0.1209,0.1209,0.0,0.0
2018-04-16 23:00:00,2018-04-17 00:00,0.74916,0.2032,0.0,0.07364,0.47232,0.13065,0.13065,0.0,-0.0
2018-04-17 00:00:00,2018-04-17 01:00,0.67256,0.2032,0.0,0.003,0.46636,0.13863,0.13863,0.0,0.0
2018-04-17 01:00:00,2018-04-17 02:00,0.66832,0.2032,0.0,0.003,0.46212,0.14959,0.14959,0.0,0.0
2018-04-17 02:00:00,2018-04-17 03:00,0.66268,0.2032,0.0,0.003,0.45648,0.15751,0.15751,0.0,0.0
2018-04-17 03:00:00,2018-04-17 04:00,0.66044,0.2032,0.0,0.003,0.45424,0.16785,0.16785,0.0,0.0
2018-04-17 04:00:00,2018-04-17 05:00,0.65444,0.2032,0.0,0.003,0.44824,0.17609,0.17609,0.0,0.0
2018-04-17 05:00:00,2018-04-17 06:00,0.66116,0.2032,0.0,0.003,0.45496,0.18111,0.18111,0.0,-0.0
2018-04-17 06:00:00,2018-04-17 07:00,1.08743,0.2032,0.0,0.32044,0.56379,0.20553,0.20553,0.0,-0.0
2018-04-17 07:00:00,2018-04-17 08:00,1.16056,0.2032,0.0,0.42733,0.53003,0.1899,0.1899,0.0,0.0
2018-04-17 08:00:00,2018-04-17 09:00,1.17668,0.2032,0.0,0.43063,0.54285,0.18752,0.1613,0.0,0.02622
2018-04-17 09:00:00,2018-04-17 10:00,0.83157,0.2032,0.0,0.14487,0.4835,0.1603,0.1603,0.0,-0.0
2018-04-17 10:00:00,2018-04-17 11:00,1.21568,0.74573,0.0,0.003,0.46695,0.07439,0.07439,0.0,0.0
2018-04-17 11:00:00,2018-04-17 12:00,1.65124,1.18389,0.0,0.003,0.46435,0.0,0.0,0.0,0.0
2018-04-17 12:00:00,2018-04-17 13:00,1.5491,1.07347,0.0,0.003,0.47263,0.0,0.0,0.0,0.0
2018-04-17 13:00:00,2018-04-17 14:00,1.32718,0.85045,0.0,0.003,0.47373,0.0,0.0,0.0,0.0
2018-04-17 14:00:00,2018-04-17 15:00,1.19487,0.71827,0.0,0.003,0.4736,0.0,0.0,0.0,0.0
2018-04-17 15:00:00,2018-04-17 16:00,1.15354,0.67874,0.0,0.003,0.4718,0.0,0.0,0.0,0.0
2018-04-17 16:00:00,2018-04-17 17:00,1.15788,0.6696,0.0,0.003,0.48528,0.0,0.0,0.0,0.0
2018-04-17 17:00:00,2018-04-17 18:00,1.2177,0.71476,0.0,0.003,0.49994,0.0,0.0,0.0,0.0
2018-04-17 18:00:00,2018-04-17 19:00,1.53616,0.80603,0.0,0.10904,0.62109,0.0,0.0,0.0,0.0
2018-04-17 19:00:00,2018-04-17 20:00,1.92364,0.58626,0.0,0.41378,0.9236,0.0,0.0,0.0,0.0
2018-04-17 20:00:00,2018-04-17 21:00,2.31548,0.62088,0.0,0.41888,1.27572,0.0,0.0,0.0,0.0
2018-04-17 21:00:00,2018-04-17 22:00,2.36189,0.66307,0.0,0.42563,1.27319,0.0,0.0,0.0,0.0
2018-04-17 22:00:00,2018-04-17 23:00,2.09544,0.76626,0.0,0.44392,0.88526,0.0,0.0,0.0,0.0
2018-04-17 23:00:00,2018-04-18 00:00,1.65567,0.96242,0.0,0.13727,0.55598,0.0,0.0,0.0,0.0
2018-04-18 00:00:00,2018-04-18 01:00,1.66847,1.19697,0.0,0.003,0.4685,0.0,0.0,0.0,0.0
2018-04-18 01:00:00,2018-04-18 02:00,1.61792,1.15282,0.0,0.003,0.4621,0.0,0.0,0.0,0.0
2018-04-18 02:00:00,2018-04-18 03:00,0.66268,0.2032,0.0,0.003,0.45648,0.11812,0.11812,0.0,0.0
2018-04-18 03:00:00,2018-04-18 04:00,0.66044,0.2032,0.0,0.003,0.45424,0.13081,0.13081,0.0,0.0
2018-04-18 04:00:00,2018-04-18 05:00,0.65444,0.2032,0.0,0.003,0.44824,0.13285,0.13285,0.0,0.0
2018-04-18 05:00:00,2018-04-18 06:00,0.66116,0.2032,0.0,0.003,0.45496,0.13293,0.13293,0.0,-0.0
2018-04-18 06:00:00,2018-04-18 07:00,1.17487,0.2032,0.0,0.42645,0.54522,0.14934,0.14934,0.0,-0.0
2018-04-18 07:00:00,2018-04-18 08:00,1.16934,0.2032,0.0,0.42237,0.54377,0.1388,0.1388,0.0,-0.0
2018-04-18 08:00:00,2018-04-18 09:00,1.15879,0.2032,0.0,0.41756,0.53803,0.14206,0.14206,0.0,-0.0
2018-04-18 09:00:00,2018-04-18 10:00,1.23291,0.2032,0.0,0.43016,0.59955,0.13916,0.13916,0.0,-0.0
2018-04-18 10:00:00,2018-04-18 11:00,0.96329,0.2032,0.0,0.20424,0.55585,0.13894,0.13894,0.0,-0.0
2018-04-18 11:00:00,2018-04-18 12:00,0.7344,0.2032,0.0,0.003,0.5282,0.13512,0.13512,0.0,0.0
2018-04-18 12:00:00,2018-04-18 13:00,1.44317,0.48369,0.0,0.42305,0.53643,0.0978,0.0978,0.0,0.0
2018-04-18 13:00:00,2018-04-18 14:00,2.20224,1.24885,0.0,0.41293,0.54046,0.0,0.0,0.0,0.0
2018-04-18 14:00:00,2018-04-18 15:00,2.12193,1.16836,0.0,0.41145,0.54212,0.0,0.0,0.0,0.0
2018-04-18 15:00:00,2018-04-18 16:00,2.09116,1.16693,0.0,0.44122,0.48301,0.0,0.0,0.0,0.0
2018-04-18 16:00:00,2018-04-18 17:00,1.62773,1.12519,0.0,0.01727,0.48527,0.0,0.0,0.0,0.0
2018-04-18 17:00:00,2018-04-18 18:00,1.52105,1.01812,0.0,0.003,0.49993,0.0,0.0,0.0,0.0
2018-04-18 18:00:00,2018-04-18 19:00,1.56033,0.91967,0.0,0.003,0.63766,0.0,0.0,0.0,0.0
2018-04-18 19:00:00,2018-04-18 20:00,1.71469,0.67584,0.0,0.003,1.03585,0.02622,0.0,0.0,0.02622
2018-04-18 20:00:00,2018-04-18 21:00,2.46736,0.76675,0.0,0.37211,1.3285,0.0,0.0,0.0,0.0
2018-04-18 21:00:00,2018-04-18 22:00,2.99506,0.84924,0.0,0.003,2.14282,0.0,0.0,0.0,0.0
2018-04-18 22:00:00,2018-04-18 23:00,3.86359,0.97027,0.0,0.003,2.89032,0.0,0.0,0.0,0.0
2018-04-18 23:00:00,2018-04-19 00:00,1.87502,0.98012,0.0,0.31938,0.57552,0.0,0.0,0.0,0.0
2018-04-19 00:00:00,2018-04-19 01:00,1.80042,1.06603,0.0,0.24211,0.49228,0.0,0.0,0.0,0.0
2018-04-19 01:00:00,2018-04-19 02:00,0.67307,0.2032,0.0,0.003,0.46687,0.12566,0.12566,0.0,-0.0
2018-04-19 02:00:00,2018-04-19 03:00,0.65975,0.2032,0.0,0.003,0.45355,0.13474,0.13474,0.0,0.0
2018-04-19 03:00:00,2018-04-19 04:00,0.65762,0.2032,0.0,0.003,0.45142,0.14182,0.14182,0.0,0.0
2018-04-19 04:00:00,2018-04-19 05:00,0.65444,0.2032,0.0,0.003,0.44824,0.15183,0.15183,0.0,0.0
2018-04-19 05:00:00,2018-04-19 06:00,0.66628,0.2032,0.0,0.003,0.46008,0.15843,0.15843,0.0,-0.0
2018-04-19 06:00:00,2018-04-19 07:00,1.17738,0.2032,0.0,0.41973,0.55445,0.17614,0.17614,0.0,-0.0
2018-04-19 07:00:00,2018-04-19 08:00,1.22965,0.2032,0.0,0.43672,0.58973,0.16525,0.13903,0.0,0.02622
2018-04-19 08:00:00,2018-04-19 09:00,1.70086,0.92323,0.0,0.22192,0.55571,0.0338,0.0338,0.0,0.0
2018-04-19 09:00:00,2018-04-19 10:00,1.43336,0.89375,0.0,0.003,0.53661,0.0,0.0,0.0,0.0
2018-04-19 10:00:00,2018-04-19 11:00,1.27554,0.74843,0.0,0.003,0.52411,0.0,0.0,0.0,0.0
2018-04-19 11:00:00,2018-04-19 12:00,1.12458,0.65722,0.0,0.003,0.46436,0.0,0.0,0.0,0.0
2018-04-19 12:00:00,2018-04-19 13:00,1.28221,0.54913,0.0,0.2128,0.52028,0.0,0.0,0.0,0.0
2018-04-19 13:00:00,2018-04-19 14:00,1.42887,0.46462,0.0,0.43383,0.53042,0.0,0.0,0.0,0.0
2018-04-19 14:00:00,2018-04-19 15:00,1.14374,0.42173,0.0,0.22123,0.50078,0.0,0.0,0.0,0.0
2018-04-19 15:00:00,2018-04-19 16:00,0.89799,0.35821,0.0,0.003,0.53678,0.0,0.0,0.0,0.0
2018-04-19 16:00:00,2018-04-19 17:00,0.92066,0.26636,0.0,0.003,0.6513,0.01124,0.0,0.0,0.01124
2018-04-19 17:00:00,2018-04-19 18:00,2.02811,0.17282,0.0,0.20967,1.64562,0.01498,0.0,0.0,0.01498
2018-04-19 18:00:00,2018-04-19 19:00,3.89255,0.37633,0.0,0.42712,3.0891,0.0,0.0,0.0,0.0
2018-04-19 19:00:00,2018-04-19 20:00,3.08904,0.26984,0.0,0.4416,2.3776,0.0,0.0,0.0,0.0
2018-04-19 20:00:00,2018-04-19 21:00,1.4732,0.14257,0.0,0.03745,1.29318,0.06745,0.0,0.0,0.06745
2018-04-19 21:00:00,2018-04-19 22:00,1.50333,0.34172,0.0,0.003,1.15861,0.01124,0.0,0.0,0.01124
2018-04-19 22:00:00,2018-04-19 23:00,1.22448,0.50898,0.0,0.003,0.7125,0.0,0.0,0.0,0.0
2018-04-19 23:00:00,2018-04-20 00:00,1.47195,0.67631,0.0,0.32333,0.47231,0.0,0.0,0.0,0.0
2018-04-20 00:00:00,2018-04-20 01:00,0.87817,0.35067,0.0,0.06115,0.46635,0.06136,0.06136,0.0,0.0
2018-04-20 01:00:00,2018-04-20 02:00,0.66832,0.2032,0.0,0.003,0.46212,0.09725,0.09725,0.0,-0.0
2018-04-20 02:00:00,2018-04-20 03:00,0.66268,0.2032,0.0,0.003,0.45648,0.10343,0.10343,0.0,0.0
2018-04-20 03:00:00,2018-04-20 04:00,0.66044,0.2032,0.0,0.003,0.45424,0.11351,0.11351,0.0,0.0
2018-04-20 04:00:00,2018-04-20 05:00,0.65464,0.2032,0.0,0.003,0.44844,0.12571,0.12571,0.0,0.0
2018-04-20 05:00:00,2018-04-20 06:00,0.98536,0.2032,0.0,0.32181,0.46035,0.13368,0.13368,0.0,0.0
2018-04-20 06:00:00,2018-04-20 07:00,1.14792,0.2032,0.0,0.43432,0.5104,0.15976,0.15976,0.0,-0.0
2018-04-20 07:00:00,2018-04-20 08:00,0.86754,0.2032,0.0,0.17783,0.48651,0.13747,0.13747,0.0,0.0
2018-04-20 08:00:00,2018-04-20 09:00,0.76067,0.2032,0.0,0.003,0.55447,0.12157,0.12157,0.0,-0.0
2018-04-20 09:00:00,2018-04-20 10:00,2.96637,0.86786,0.0,0.42638,1.67213,0.02706,0.02706,0.0,-0.0
2018-04-20 10:00:00,2018-04-20 11:00,1.42596,0.71349,0.0,0.17557,0.5369,0.0,0.0,0.0,0.0
2018-04-20 11:00:00,2018-04-20 12:00,1.07978,0.47314,0.0,0.003,0.60364,0.01124,0.0,0.0,0.01124
2018-04-20 12:00:00,2018-04-20 13:00,1.26389,0.36771,0.0,0.31913,0.57705,0.01498,0.0,0.0,0.01498
2018-04-20 13:00:00,2018-04-20 14:00,1.04818,0.36332,0.0,0.15119,0.53367,0.0,0.0,0.0,0.0
2018-04-20 14:00:00,2018-04-20 15:00,0.79737,0.32076,0.0,0.003,0.47361,0.0,0.0,0.0,0.0
2018-04-20 15:00:00,2018-04-20 16:00,0.74511,0.27032,0.0,0.003,0.47179,0.0,0.0,0.0,0.0
2018-04-20 16:00:00,2018-04-20 17:00,0.72426,0.18153,0.0,0.003,0.53973,0.0,0.0,0.0,0.0
2018-04-20 17:00:00,2018-04-20 18:00,1.06227,0.07109,0.0,0.31962,0.67156,0.0,0.0,0.0,0.0
2018-04-20 18:00:00,2018-04-20 19:00,1.68717,0.10737,0.0,0.42949,1.15031,0.03935,0.0,0.0,0.03935
2018-04-20 19:00:00,2018-04-20 20:00,3.06405,0.12085,0.0,0.29475,2.64845,0.01312,0.0,0.0,0.01312
2018-04-20 20:00:00,2018-04-20 21:00,1.40874,0.05,0.0,0.10677,1.25197,0.02622,0.0,0.0,0.02622
2018-04-20 21:00:00,2018-04-20 22:00,1.71761,0.18652,0.0,0.37111,1.15998,0.0,0.0,0.0,0.0
2018-04-20 22:00:00,2018-04-20 23:00,1.02261,0.2879,0.0,0.003,0.73171,0.0,0.0,0.0,0.0
2018-04-20 23:00:00,2018-04-21 00:00,0.87544,0.40002,0.0,0.003,0.47242,0.0,0.0,0.0,0.0
2018-04-21 00:00:00,2018-04-21 01:00,1.04203,0.57144,0.0,0.003,0.46759,0.0,0.0,0.0,0.0
2018-04-21 01:00:00,2018-04-21 02:00,0.93351,0.46716,0.0,0.003,0.46335,0.03786,0.03786,0.0,-0.0
2018-04-21 02:00:00,2018-04-21 03:00,0.66392,0.2032,0.0,0.003,0.45772,0.08236,0.08236,0.0,0.0
2018-04-21 03:00:00,2018-04-21 04:00,0.84983,0.39135,0.0,0.003,0.45548,0.06442,0.06442,0.0,0.0
2018-04-21 04:00:00,2018-04-21 05:00,1.40979,0.9573,0.0,0.003,0.44949,0.0,0.0,0.0,0.0
2018-04-21 05:00:00,2018-04-21 06:00,1.46477,1.01282,0.0,0.003,0.44895,0.0,0.0,0.0,0.0
2018-04-21 06:00:00,2018-04-21 07:00,1.67746,1.18664,0.0,0.003,0.48782,0.0,0.0,0.0,0.0
2018-04-21 07:00:00,2018-04-21 08:00,1.5169,1.04581,0.0,0.003,0.46809,0.0,0.0,0.0,0.0
2018-04-21 08:00:00,2018-04-21 09:00,1.47631,0.75102,0.0,0.22135,0.50394,0.0,0.0,0.0,0.0
2018-04-21 09:00:00,2018-04-21 10:00,1.59856,0.52697,0.0,0.44069,0.6309,0.0,0.0,0.0,0.0
2018-04-21 10:00:00,2018-04-21 11:00,1.52611,0.39107,0.0,0.43271,0.70233,0.0,0.0,0.0,0.0
2018-04-21 11:00:00,2018-04-21 12:00,1.25431,0.25089,0.0,0.29891,0.70451,0.0,0.0,0.0,0.0
2018-04-21 12:00:00,2018-04-21 13:00,0.85835,0.13654,0.0,0.003,0.71881,0.0,0.0,0.0,0.0
2018-04-21 13:00:00,2018-04-21 14:00,1.09891,0.04451,0.0,0.32237,0.73203,0.0,0.0,0.0,0.0
2018-04-21 14:00:00,2018-04-21 15:00,0.81955,0.0,0.0,0.10932,0.71023,0.0,0.0,0.0,0.0
2018-04-21 15:00:00,2018-04-21 16:00,2.24686,0.0,0.0,0.003,2.24386,0.0,0.0,0.0,0.0
2018-04-21 16:00:00,2018-04-21 17:00,2.66259,0.0,0.0,0.32194,2.34065,0.0,0.0,0.0,0.0
2018-04-21 17:00:00,2018-04-21 18:00,1.31503,0.0,0.0,0.31798,0.99705,0.0,0.0,0.0,0.0
2018-04-21 18:00:00,2018-04-21 19:00,1.13475,0.0,0.0,0.003,1.13175,0.01124,0.0,0.0,0.01124
2018-04-21 19:00:00,2018-04-21 20:00,1.2454,0.0,0.0,0.003,1.2424,0.01498,0.0,0.0,0.01498
2018-04-21 20:00:00,2018-04-21 21:00,1.67616,0.0,0.0,0.32819,1.34797,0.01124,0.0,0.0,0.01124
2018-04-21 21:00:00,2018-04-21 22:00,1.40826,0.0,0.0,0.11391,1.29435,0.01498,0.0,0.0,0.01498
2018-04-21 22:00:00,2018-04-21 23:00,0.90042,0.05,0.0,0.003,0.84742,0.0,0.0,0.0,0.0
2018-04-21 23:00:00,2018-04-22 00:00,0.57348,0.05,0.0,0.003,0.52048,0.0,0.0,0.0,0.0
2018-04-22 00:00:00,2018-04-22 01:00,0.63789,0.15267,0.0,0.003,0.48222,0.0,0.0,0.0,0.0
2018-04-22 01:00:00,2018-04-22 02:00,0.86239,0.39606,0.0,0.003,0.46333,0.0,0.0,0.0,0.0
2018-04-22 02:00:00,2018-04-22 03:00,0.9907,0.53,0.0,0.003,0.4577,0.0,0.0,0.0,0.0
2018-04-22 03:00:00,2018-04-22 04:00,1.12779,0.66934,0.0,0.003,0.45545,0.0,0.0,0.0,0.0
2018-04-22 04:00:00,2018-04-22 05:00,1.22415,0.77165,0.0,0.003,0.4495,0.0,0.0,0.0,0.0
2018-04-22 05:00:00,2018-04-22 06:00,0.65866,0.2032,0.0,0.003,0.45246,0.07566,0.07566,0.0,0.0
2018-04-22 06:00:00,2018-04-22 07:00,0.94864,0.2032,0.0,0.22076,0.52468,0.09957,0.09957,0.0,-0.0
2018-04-22 07:00:00,2018-04-22 08:00,1.59082,0.78986,0.0,0.27008,0.53088,0.0,0.0,0.0,0.0
2018-04-22 08:00:00,2018-04-22 09:00,1.07429,0.43779,0.0,0.003,0.6335,0.01124,0.0,0.0,0.01124
2018-04-22 09:00:00,2018-04-22 10:00,1.11538,0.10544,0.0,0.21583,0.79411,0.06745,0.0,0.0,0.06745
2018-04-22 10:00:00,2018-04-22 11:00,1.09464,0.1192,0.0,0.2064,0.76904,0.0,0.0,0.0,0.0
2018-04-22 11:00:00,2018-04-22 12:00,0.83299,0.04554,0.0,0.003,0.78445,0.0,0.0,0.0,0.0
2018-04-22 12:00:00,2018-04-22 13:00,0.98161,0.0,0.0,0.21864,0.76297,0.0,0.0,0.0,0.0
2018-04-22 13:00:00,2018-04-22 14:00,0.97753,0.0,0.0,0.22717,0.75036,0.0,0.0,0.0,0.0
2018-04-22 14:00:00,2018-04-22 15:00,0.69752,0.0,0.0,0.003,0.69452,0.0,0.0,0.0,0.0
2018-04-22 15:00:00,2018-04-22 16:00,0.81804,0.0,0.0,0.2171,0.60094,0.01124,0.0,0.0,0.01124
2018-04-22 16:00:00,2018-04-22 17:00,0.96726,0.0,0.0,0.23786,0.7294,0.01498,0.0,0.0,0.01498
2018-04-22 17:00:00,2018-04-22 18:00,0.67818,0.0,0.0,0.003,0.67518,0.0,0.0,0.0,0.0
2018-04-22 18:00:00,2018-04-22 19:00,0.79723,0.0,0.0,0.10947,0.68776,0.0,0.0,0.0,0.0
2018-04-22 19:00:00,2018-04-22 20:00,1.056,0.0,0.0,0.30026,0.75574,0.0,0.0,0.0,0.0
2018-04-22 20:00:00,2018-04-22 21:00,0.90436,0.0,0.0,0.003,0.90136,0.0,0.0,0.0,0.0
2018-04-22 21:00:00,2018-04-22 22:00,0.81751,0.0,0.0,0.003,0.81451,0.0,0.0,0.0,0.0
2018-04-22 22:00:00,2018-04-22 23:00,0.67252,0.0,0.0,0.003,0.66952,0.0,0.0,0.0,0.0
2018-04-22 23:00:00,2018-04-23 00:00,0.80761,0.05,0.0,0.21747,0.54014,0.0,0.0,0.0,0.0
2018-04-23 00:00:00,2018-04-23 01:00,0.72285,0.05,0.0,0.19267,0.48018,0.0,0.0,0.0,0.0
2018-04-23 01:00:00,2018-04-23 02:00,0.51665,0.05,0.0,0.003,0.46365,0.0,0.0,0.0,0.0
2018-04-23 02:00:00,2018-04-23 03:00,0.66212,0.20263,0.0,0.003,0.45649,0.0,0.0,0.0,0.0
2018-04-23 03:00:00,2018-04-23 04:00,0.78426,0.32704,0.0,0.003,0.45422,0.0,0.0,0.0,0.0
2018-04-23 04:00:00,2018-04-23 05:00,0.9642,0.51103,0.0,0.003,0.45017,0.0,0.0,0.0,0.0
2018-04-23 05:00:00,2018-04-23 06:00,1.50601,0.60727,0.0,0.43692,0.46182,0.0,0.0,0.0,0.0
2018-04-23 06:00:00,2018-04-23 07:00,1.58911,0.8477,0.0,0.24391,0.4975,0.0,0.0,0.0,0.0
2018-04-23 07:00:00,2018-04-23 08:00,0.99305,0.48424,0.0,0.003,0.50581,0.01124,0.0,0.0,0.01124
2018-04-23 08:00:00,2018-04-23 09:00,1.11885,0.17409,0.0,0.32014,0.62462,0.04123,0.0,0.0,0.04123
2018-04-23 09:00:00,2018-04-23 10:00,1.09494,0.13011,0.0,0.42505,0.53978,0.0,0.0,0.0,0.0
2018-04-23 10:00:00,2018-04-23 11:00,0.91217,0.0668,0.0,0.37844,0.46693,0.0,0.0,0.0,0.0
2018-04-23 11:00:00,2018-04-23 12:00,0.47356,0.00621,0.0,0.003,0.46435,0.0,0.0,0.0,0.0
2018-04-23 12:00:00,2018-04-23 13:00,0.47572,0.0,0.0,0.003,0.47272,0.0,0.0,0.0,0.0
2018-04-23 13:00:00,2018-04-23 14:00,0.47705,0.0,0.0,0.003,0.47405,0.0,0.0,0.0,0.0
2018-04-23 14:00:00,2018-04-23 15:00,0.47724,0.0,0.0,0.003,0.47424,0.0,0.0,0.0,0.0
2018-04-23 15:00:00,2018-04-23 16:00,0.47568,0.0,0.0,0.003,0.47268,0.0,0.0,0.0,0.0
2018-04-23 16:00:00,2018-04-23 17:00,0.52191,0.0,0.0,0.003,0.51891,0.0,0.0,0.0,0.0
2018-04-23 17:00:00,2018-04-23 18:00,0.94646,0.0,0.0,0.33766,0.6088,0.0,0.0,0.0,0.0
2018-04-23 18:00:00,2018-04-23 19:00,1.27823,0.0,0.14483,0.25529,0.87811,0.02622,0.0,0.0,0.02622
2018-04-23 19:00:00,2018-04-23 20:00,1.37661,0.0,0.10346,0.32257,0.95058,0.0,0.0,0.0,0.0
2018-04-23 20:00:00,2018-04-23 21:00,1.84897,0.0,0.12553,0.4459,1.27754,0.0,0.0,0.0,0.0
2018-04-23 21:00:00,2018-04-23 22:00,1.27832,0.0,0.08636,0.14309,1.04887,0.0,0.0,0.0,0.0
2018-04-23 22:00:00,2018-04-23 23:00,0.74326,0.0,0.02098,0.003,0.71928,0.0,0.0,0.0,0.0
2018-04-23 23:00:00,2018-04-24 00:00,0.53259,0.0125,0.0,0.003,0.51709,0.0,0.0,0.0,0.0
2018-04-24 00:00:00,2018-04-24 01:00,0.52179,0.0375,0.0,0.003,0.48129,0.0,0.0,0.0,0.0
2018-04-24 01:00:00,2018-04-24 02:00,0.51793,0.05,0.0,0.003,0.46493,0.0,0.0,0.0,0.0
2018-04-24 02:00:00,2018-04-24 03:00,0.51064,0.05,0.0,0.003,0.45764,0.0,0.0,0.0,0.0
2018-04-24 03:00:00,2018-04-24 04:00,0.50816,0.05,0.0,0.003,0.45516,0.0,0.0,0.0,0.0
2018-04-24 04:00:00,2018-04-24 05:00,0.50182,0.05,0.0,0.003,0.44882,0.0,0.0,0.0,0.0
2018-04-24 05:00:00,2018-04-24 06:00,0.63285,0.06753,0.0,0.11372,0.4516,0.0,0.0,0.0,0.0
2018-04-24 06:00:00,2018-04-24 07:00,1.14077,0.28499,0.0,0.31969,0.53609,0.0,0.0,0.0,0.0
2018-04-24 07:00:00,2018-04-24 08:00,0.87267,0.16284,0.0,0.11062,0.59921,0.0,0.0,0.0,0.0
2018-04-24 08:00:00,2018-04-24 09:00,1.02515,0.05386,0.0,0.43067,0.54062,0.0,0.0,0.0,0.0
2018-04-24 09:00:00,2018-04-24 10:00,0.93943,0.0,0.0,0.44033,0.4991,0.0,0.0,0.0,0.0
2018-04-24 10:00:00,2018-04-24 11:00,0.52353,0.0,0.0,0.05655,0.46698,0.0,0.0,0.0,0.0
2018-04-24 11:00:00,2018-04-24 12:00,0.46746,0.0,0.0,0.003,0.46446,0.0,0.0,0.0,0.0
2018-04-24 12:00:00,2018-04-24 13:00,0.55643,0.0,0.0,0.003,0.55343,0.02622,0.0,0.0,0.02622
2018-04-24 13:00:00,2018-04-24 14:00,0.76061,0.0,0.0,0.21962,0.54099,0.0,0.0,0.0,0.0
2018-04-24 14:00:00,2018-04-24 15:00,0.85316,0.0,0.0,0.36861,0.48455,0.0,0.0,0.0,0.0
2018-04-24 15:00:00,2018-04-24 16:00,0.6306,0.0,0.0,0.11179,0.51881,0.0,0.0,0.0,0.0
2018-04-24 16:00:00,2018-04-24 17:00,0.99904,0.0,0.0,0.44519,0.55385,0.0,0.0,0.0,0.0
2018-04-24 17:00:00,2018-04-24 18:00,0.66194,0.0,0.0,0.0151,0.64684,0.0,0.0,0.0,0.0
2018-04-24 18:00:00,2018-04-24 19:00,0.96067,0.0,0.0,0.003,0.95767,0.03935,0.0,0.0,0.03935
2018-04-24 19:00:00,2018-04-24 20:00,1.17542,0.0,0.0,0.003,1.17242,0.01312,0.0,0.0,0.01312
2018-04-24 20:00:00,2018-04-24 21:00,1.36687,0.0,0.0,0.10992,1.25695,0.0,0.0,0.0,0.0
2018-04-24 21:00:00,2018-04-24 22:00,1.64559,0.05,0.0,0.44668,1.14891,0.0,0.0,0.0,0.0
2018-04-24 22:00:00,2018-04-24 23:00,0.74645,0.05,0.0,0.00935,0.6871,0.0,0.0,0.0,0.0
2018-04-24 23:00:00,2018-04-25 00:00,0.56732,0.05,0.0,0.003,0.51432,0.0,0.0,0.0,0.0
2018-04-25 00:00:00,2018-04-25 01:00,0.51988,0.05,0.0,0.003,0.46688,0.0,0.0,0.0,0.0
2018-04-25 01:00:00,2018-04-25 02:00,0.60115,0.13599,0.0,0.003,0.46216,0.0,0.0,0.0,0.0
2018-04-25 02:00:00,2018-04-25 03:00,0.71891,0.25943,0.0,0.003,0.45648,0.0,0.0,0.0,0.0
2018-04-25 03:00:00,2018-04-25 04:00,0.86307,0.40604,0.0,0.003,0.45403,0.0,0.0,0.0,0.0
2018-04-25 04:00:00,2018-04-25 05:00,1.40756,0.52654,0.0,0.43416,0.44686,0.0,0.0,0.0,0.0
2018-04-25 05:00:00,2018-04-25 06:00,1.54455,0.64636,0.0,0.44682,0.45137,0.0,0.0,0.0,0.0
2018-04-25 06:00:00,2018-04-25 07:00,1.42633,0.82628,0.0,0.0675,0.53255,0.01124,0.0,0.0,0.01124
2018-04-25 07:00:00,2018-04-25 08:00,1.16636,0.38749,0.0,0.10795,0.67092,0.09367,0.0,0.0,0.09367
2018-04-25 08:00:00,2018-04-25 09:00,1.47989,0.49198,0.0,0.43219,0.55572,0.0,0.0,0.0,0.0
2018-04-25 09:00:00,2018-04-25 10:00,1.25482,0.36385,0.0,0.35435,0.53662,0.0,0.0,0.0,0.0
2018-04-25 10:00:00,2018-04-25 11:00,0.7962,0.26281,0.0,0.003,0.53039,0.0,0.0,0.0,0.0
2018-04-25 11:00:00,2018-04-25 12:00,1.15284,0.15087,0.0,0.43527,0.5667,0.0,0.0,0.0,0.0
2018-04-25 12:00:00,2018-04-25 13:00,0.79344,0.04802,0.0,0.18332,0.5621,0.0,0.0,0.0,0.0
2018-04-25 13:00:00,2018-04-25 14:00,0.49536,0.00864,0.0,0.003,0.48372,0.0,0.0,0.0,0.0
2018-04-25 14:00:00,2018-04-25 15:00,0.47668,0.0,0.0,0.003,0.47368,0.0,0.0,0.0,0.0
2018-04-25 15:00:00,2018-04-25 16:00,0.48386,0.0,0.0,0.003,0.48086,0.0,0.0,0.0,0.0
2018-04-25 16:00:00,2018-04-25 17:00,0.55654,0.0,0.0,0.003,0.55354,0.0,0.0,0.0,0.0
2018-04-25 17:00:00,2018-04-25 18:00,0.87635,0.0,0.0,0.2183,0.65805,0.01124,0.0,0.0,0.01124
2018-04-25 18:00:00,2018-04-25 19:00,1.32765,0.0,0.0,0.4538,0.87385,0.06745,0.0,0.0,0.06745
2018-04-25 19:00:00,2018-04-25 20:00,1.03894,0.0,0.0,0.21135,0.82759,0.0,0.0,0.0,0.0
2018-04-25 20:00:00,2018-04-25 21:00,0.72933,0.0,0.0,0.003,0.72633,0.0,0.0,0.0,0.0
2018-04-25 21:00:00,2018-04-25 22:00,1.05355,0.0,0.0,0.003,1.05055,0.0,0.0,0.0,0.0
2018-04-25 22:00:00,2018-04-25 23:00,0.88935,0.05,0.0,0.003,0.83635,0.0,0.0,0.0,0.0
2018-04-25 23:00:00,2018-04-26 00:00,0.56312,0.05,0.0,0.003,0.51012,0.0,0.0,0.0,0.0
2018-04-26 00:00:00,2018-04-26 01:00,0.52038,0.05,0.0,0.003,0.46738,0.0,0.0,0.0,0.0
2018-04-26 01:00:00,2018-04-26 02:00,0.51565,0.05,0.0,0.003,0.46265,0.0,0.0,0.0,0.0
2018-04-26 02:00:00,2018-04-26 03:00,0.56834,0.10872,0.0,0.003,0.45662,0.0,0.0,0.0,0.0
2018-04-26 03:00:00,2018-04-26 04:00,0.68134,0.22412,0.0,0.003,0.45422,0.0,0.0,0.0,0.0
2018-04-26 04:00:00,2018-04-26 05:00,0.74848,0.29724,0.0,0.003,0.44824,0.0,0.0,0.0,0.0
2018-04-26 05:00:00,2018-04-26 06:00,1.10427,0.30819,0.0,0.3335,0.46258,0.0,0.0,0.0,0.0
2018-04-26 06:00:00,2018-04-26 07:00,1.18892,0.43139,0.0,0.19375,0.56378,0.0,0.0,0.0,0.0
2018-04-26 07:00:00,2018-04-26 08:00,0.848,0.36172,0.0,0.003,0.48328,0.0,0.0,0.0,0.0
2018-04-26 08:00:00,2018-04-26 09:00,0.72555,0.25123,0.0,0.003,0.47132,0.0,0.0,0.0,0.0
2018-04-26 09:00:00,2018-04-26 10:00,0.61159,0.13457,0.0,0.003,0.47402,0.0,0.0,0.0,0.0
2018-04-26 10:00:00,2018-04-26 11:00,0.90399,0.08938,0.0,0.33182,0.48279,0.0,0.0,0.0,0.0
2018-04-26 11:00:00,2018-04-26 12:00,0.64438,0.05346,0.0,0.12656,0.46436,0.0,0.0,0.0,0.0
2018-04-26 12:00:00,2018-04-26 13:00,0.51711,0.00311,0.0,0.003,0.511,0.0,0.0,0.0,0.0
2018-04-26 13:00:00,2018-04-26 14:00,0.93837,0.0,0.0,0.43784,0.50053,0.0,0.0,0.0,0.0
2018-04-26 14:00:00,2018-04-26 15:00,0.51648,0.0,0.0,0.01798,0.4985,0.0,0.0,0.0,0.0
2018-04-26 15:00:00,2018-04-26 16:00,0.97878,0.0,0.0,0.43878,0.54,0.0,0.0,0.0,0.0
2018-04-26 16:00:00,2018-04-26 17:00,0.57814,0.0,0.0,0.05954,0.5186,0.0,0.0,0.0,0.0
2018-04-26 17:00:00,2018-04-26 18:00,0.80761,0.0,0.0,0.10846,0.69915,0.0,0.0,0.0,0.0
2018-04-26 18:00:00,2018-04-26 19:00,1.29026,0.0,0.0,0.32235,0.96791,0.0,0.0,0.0,0.0
2018-04-26 19:00:00,2018-04-26 20:00,1.29363,0.0,0.0,0.10916,1.18447,0.0,0.0,0.0,0.0
2018-04-26 20:00:00,2018-04-26 21:00,1.47207,0.0,0.01076,0.44407,1.01724,0.0,0.0,0.0,0.0
2018-04-26 21:00:00,2018-04-26 22:00,0.9713,0.0,0.0,0.09629,0.87501,0.0,0.0,0.0,0.0
2018-04-26 22:00:00,2018-04-26 23:00,0.60454,0.0,0.0,0.003,0.60154,0.0,0.0,0.0,0.0
2018-04-26 23:00:00,2018-04-27 00:00,0.52691,0.05,0.0,0.003,0.47391,0.0,0.0,0.0,0.0
2018-04-27 00:00:00,2018-04-27 01:00,0.52068,0.05,0.0,0.003,0.46768,0.0,0.0,0.0,0.0
2018-04-27 01:00:00,2018-04-27 02:00,0.51586,0.05,0.0,0.003,0.46286,0.0,0.0,0.0,0.0
2018-04-27 02:00:00,2018-04-27 03:00,0.57299,0.11331,0.0,0.003,0.45668,0.0,0.0,0.0,0.0
2018-04-27 03:00:00,2018-04-27 04:00,0.77438,0.21031,0.0,0.11024,0.45383,0.0,0.0,0.0,0.0
2018-04-27 04:00:00,2018-04-27 05:00,1.14096,0.26741,0.0,0.42611,0.44744,0.0,0.0,0.0,0.0
2018-04-27 05:00:00,2018-04-27 06:00,0.81092,0.36019,0.0,0.003,0.44773,0.0,0.0,0.0,0.0
2018-04-27 06:00:00,2018-04-27 07:00,0.98743,0.49241,0.0,0.003,0.49202,0.0,0.0,0.0,0.0
2018-04-27 07:00:00,2018-04-27 08:00,1.08349,0.36421,0.0,0.21702,0.50226,0.0,0.0,0.0,0.0
2018-04-27 08:00:00,2018-04-27 09:00,0.9751,0.27959,0.0,0.2242,0.47131,0.0,0.0,0.0,0.0
2018-04-27 09:00:00,2018-04-27 10:00,0.6735,0.19649,0.0,0.003,0.47401,0.0,0.0,0.0,0.0
2018-04-27 10:00:00,2018-04-27 11:00,0.56822,0.09829,0.0,0.003,0.46693,0.0,0.0,0.0,0.0
2018-04-27 11:00:00,2018-04-27 12:00,0.47352,0.00615,0.0,0.003,0.46437,0.0,0.0,0.0,0.0
2018-04-27 12:00:00,2018-04-27 13:00,0.50754,0.0,0.0,0.003,0.50454,0.0,0.0,0.0,0.0
2018-04-27 13:00:00,2018-04-27 14:00,0.47698,0.0,0.0,0.003,0.47398,0.0,0.0,0.0,0.0
2018-04-27 14:00:00,2018-04-27 15:00,0.47706,0.0,0.0,0.003,0.47406,0.0,0.0,0.0,0.0
2018-04-27 15:00:00,2018-04-27 16:00,0.47529,0.0,0.0,0.003,0.47229,0.0,0.0,0.0,0.0
2018-04-27 16:00:00,2018-04-27 17:00,0.62,0.0,0.0,0.1125,0.5075,0.01124,0.0,0.0,0.01124
2018-04-27 17:00:00,2018-04-27 18:00,0.9983,0.0,0.0,0.31387,0.68443,0.01498,0.0,0.0,0.01498
2018-04-27 18:00:00,2018-04-27 19:00,1.24592,0.0,0.0,0.003,1.24292,0.0,0.0,0.0,0.0
2018-04-27 19:00:00,2018-04-27 20:00,3.41501,0.0125,0.0,0.3113,3.09121,0.0,0.0,0.0,0.0
2018-04-27 20:00:00,2018-04-27 21:00,1.70558,0.05,0.0,0.41948,1.2361,0.0,0.0,0.0,0.0
2018-04-27 21:00:00,2018-04-27 22:00,1.5524,0.05,0.0,0.43503,1.06737,0.0,0.0,0.0,0.0
2018-04-27 22:00:00,2018-04-27 23:00,1.14523,0.05,0.0,0.40432,0.69091,0.0,0.0,0.0,0.0
2018-04-27 23:00:00,2018-04-28 00:00,0.7361,0.2242,0.0,0.003,0.5089,0.0,0.0,0.0,0.0
2018-04-28 00:00:00,2018-04-28 01:00,0.77994,0.30934,0.0,0.003,0.4676,0.0,0.0,0.0,0.0
2018-04-28 01:00:00,2018-04-28 02:00,0.94218,0.47603,0.0,0.003,0.46315,0.0,0.0,0.0,0.0
2018-04-28 02:00:00,2018-04-28 03:00,1.04545,0.58578,0.0,0.003,0.45667,0.0,0.0,0.0,0.0
2018-04-28 03:00:00,2018-04-28 04:00,1.11478,0.6583,0.0,0.003,0.45348,0.0,0.0,0.0,0.0
2018-04-28 04:00:00,2018-04-28 05:00,0.65653,0.2032,0.0,0.003,0.45033,0.06031,0.06031,0.0,-0.0
2018-04-28 05:00:00,2018-04-28 06:00,0.99232,0.2032,0.0,0.32556,0.46356,0.06777,0.06777,0.0,-0.0
2018-04-28 06:00:00,2018-04-28 07:00,1.57858,0.2032,0.0,0.003,1.37238,0.09675,0.09675,0.0,-0.0
2018-04-28 07:00:00,2018-04-28 08:00,3.05342,0.8554,0.0,0.21936,1.97866,0.0,0.0,0.0,0.0
2018-04-28 08:00:00,2018-04-28 09:00,1.66456,0.53539,0.0,0.44694,0.68223,0.0,0.0,0.0,0.0
2018-04-28 09:00:00,2018-04-28 10:00,1.44205,0.29879,0.0,0.37207,0.77119,0.0,0.0,0.0,0.0
2018-04-28 10:00:00,2018-04-28 11:00,0.91917,0.10928,0.0,0.003,0.80689,0.02622,0.0,0.0,0.02622
2018-04-28 11:00:00,2018-04-28 12:00,0.93102,0.06829,0.0,0.10644,0.75629,0.0,0.0,0.0,0.0
2018-04-28 12:00:00,2018-04-28 13:00,1.13804,0.00311,0.0,0.41612,0.71881,0.0,0.0,0.0,0.0
2018-04-28 13:00:00,2018-04-28 14:00,1.14656,0.0,0.0,0.41424,0.73232,0.0,0.0,0.0,0.0
2018-04-28 14:00:00,2018-04-28 15:00,1.5042,0.0,0.0,0.003,1.5012,0.0,0.0,0.0,0.0
2018-04-28 15:00:00,2018-04-28 16:00,2.90256,0.0,0.0,0.21718,2.68538,0.0,0.0,0.0,0.0
2018-04-28 16:00:00,2018-04-28 17:00,1.26697,0.0,0.0,0.3251,0.94187,0.0,0.0,0.0,0.0
2018-04-28 17:00:00,2018-04-28 18:00,1.00097,0.0,0.0,0.003,0.99797,0.0,0.0,0.0,0.0
2018-04-28 18:00:00,2018-04-28 19:00,1.23161,0.0,0.0,0.11009,1.12152,0.0,0.0,0.0,0.0
2018-04-28 19:00:00,2018-04-28 20:00,1.58245,0.0,0.02344,0.33082,1.22819,0.0,0.0,0.0,0.0
2018-04-28 20:00:00,2018-04-28 21:00,1.37524,0.0,0.03494,0.003,1.3373,0.0,0.0,0.0,0.0
2018-04-28 21:00:00,2018-04-28 22:00,1.32626,0.025,0.00537,0.003,1.29289,0.0,0.0,0.0,0.0
2018-04-28 22:00:00,2018-04-28 23:00,0.92112,0.05,0.0,0.003,0.86812,0.0,0.0,0.0,0.0
2018-04-28 23:00:00,2018-04-29 00:00,0.5744,0.05,0.0,0.003,0.5214,0.0,0.0,0.0,0.0
2018-04-29 00:00:00,2018-04-29 01:00,0.85952,0.05,0.0,0.33417,0.47535,0.0,0.0,0.0,0.0
2018-04-29 01:00:00,2018-04-29 02:00,0.53096,0.05,0.0,0.01688,0.46408,0.0,0.0,0.0,0.0
2018-04-29 02:00:00,2018-04-29 03:00,0.57039,0.10953,0.0,0.003,0.45786,0.0,0.0,0.0,0.0
2018-04-29 03:00:00,2018-04-29 04:00,0.69804,0.23958,0.0,0.003,0.45546,0.0,0.0,0.0,0.0
2018-04-29 04:00:00,2018-04-29 05:00,0.81028,0.35781,0.0,0.003,0.44947,0.0,0.0,0.0,0.0
2018-04-29 05:00:00,2018-04-29 06:00,0.8959,0.43628,0.0,0.003,0.45662,0.0,0.0,0.0,0.0
2018-04-29 06:00:00,2018-04-29 07:00,1.43842,0.51104,0.0,0.39714,0.53024,0.0,0.0,0.0,0.0
2018-04-29 07:00:00,2018-04-29 08:00,0.87666,0.31377,0.0,0.003,0.55989,0.0,0.0,0.0,0.0
2018-04-29 08:00:00,2018-04-29 09:00,0.81131,0.17391,0.0,0.003,0.6344,0.0,0.0,0.0,0.0
2018-04-29 09:00:00,2018-04-29 10:00,0.7433,0.0726,0.0,0.003,0.6677,0.0,0.0,0.0,0.0
2018-04-29 10:00:00,2018-04-29 11:00,1.16788,0.00412,0.0,0.43862,0.72514,0.0,0.0,0.0,0.0
2018-04-29 11:00:00,2018-04-29 12:00,2.48516,0.0,0.0,0.4216,2.06356,0.0,0.0,0.0,0.0
2018-04-29 12:00:00,2018-04-29 13:00,2.66801,0.0,0.0,0.44094,2.22707,0.02622,0.0,0.0,0.02622
2018-04-29 13:00:00,2018-04-29 14:00,1.21422,0.0,0.0,0.43626,0.77796,0.0,0.0,0.0,0.0
2018-04-29 14:00:00,2018-04-29 15:00,0.8489,0.0,0.0,0.003,0.8459,0.0,0.0,0.0,0.0
2018-04-29 15:00:00,2018-04-29 16:00,0.94925,0.0,0.05145,0.003,0.8948,0.0,0.0,0.0,0.0
2018-04-29 16:00:00,2018-04-29 17:00,1.34316,0.0,0.17422,0.21487,0.95407,0.01124,0.0,0.0,0.01124
2018-04-29 17:00:00,2018-04-29 18:00,1.56217,0.0,0.23838,0.31018,1.01361,0.01498,0.0,0.0,0.01498
2018-04-29 18:00:00,2018-04-29 19:00,1.21817,0.0,0.18162,0.003,1.03355,0.0,0.0,0.0,0.0
2018-04-29 19:00:00,2018-04-29 20:00,1.25108,0.0,0.23436,0.003,1.01372,0.05247,0.0,0.0,0.05247
2018-04-29 20:00:00,2018-04-29 21:00,1.25769,0.0,0.14521,0.003,1.10948,0.0,0.0,0.0,0.0
2018-04-29 21:00:00,2018-04-29 22:00,0.92072,0.0,0.08511,0.003,0.83261,0.0,0.0,0.0,0.0
2018-04-29 22:00:00,2018-04-29 23:00,0.56823,0.0,0.02244,0.003,0.54279,0.0,0.0,0.0,0.0
2018-04-29 23:00:00,2018-04-30 00:00,0.51722,0.0,0.0,0.003,0.51422,0.0,0.0,0.0,0.0
2018-04-30 00:00:00,2018-04-30 01:00,0.48445,0.0,0.0,0.003,0.48145,0.0,0.0,0.0,0.0
2018-04-30 01:00:00,2018-04-30 02:00,0.46701,0.0,0.0,0.003,0.46401,0.0,0.0,0.0,0.0
2018-04-30 02:00:00,2018-04-30 03:00,0.4609,0.0,0.0,0.003,0.4579,0.0,0.0,0.0,0.0
2018-04-30 03:00:00,2018-04-30 04:00,0.4586,0.0,0.0,0.003,0.4556,0.0,0.0,0.0,0.0
2018-04-30 04:00:00,2018-04-30 05:00,0.56289,0.0,0.0,0.11347,0.44942,0.0,0.0,0.0,0.0
2018-04-30 05:00:00,2018-04-30 06:00,0.926,0.0,0.0,0.44608,0.47992,0.01124,0.0,0.0,0.01124
2018-04-30 06:00:00,2018-04-30 07:00,0.75695,0.0,0.0,0.12279,0.63416,0.04123,0.0,0.0,0.04123
2018-04-30 07:00:00,2018-04-30 08:00,0.8696,0.0,0.0,0.31857,0.55103,0.0,0.0,0.0,0.0
2018-04-30 08:00:00,2018-04-30 09:00,0.98408,0.0,0.0,0.44266,0.54142,0.0,0.0,0.0,0.0
2018-04-30 09:00:00,2018-04-30 10:00,0.68575,0.0,0.0,0.10142,0.58433,0.0,0.0,0.0,0.0
2018-04-30 10:00:00,2018-04-30 11:00,0.51179,0.0,0.0,0.003,0.50879,0.0,0.0,0.0,0.0
2018-04-30 11:00:00,2018-04-30 12:00,0.46779,0.0,0.0,0.003,0.46479,0.0,0.0,0.0,0.0
2018-04-30 12:00:00,2018-04-30 13:00,0.83412,0.0,0.0,0.36073,0.47339,0.0,0.0,0.0,0.0
2018-04-30 13:00:00,2018-04-30 14:00,0.47786,0.0,0.0,0.003,0.47486,0.0,0.0,0.0,0.0
2018-04-30 14:00:00,2018-04-30 15:00,0.5791,0.0,0.09316,0.003,0.48294,0.0,0.0,0.0,0.0
2018-04-30 15:00:00,2018-04-30 16:00,1.27549,0.0,0.39624,0.32914,0.55011,0.0,0.0,0.0,0.0
2018-04-30 16:00:00,2018-04-30 17:00,1.63155,0.0,0.6003,0.4216,0.60965,0.0,0.0,0.0,0.0
2018-04-30 17:00:00,2018-04-30 18:00,1.40475,0.0,0.64703,0.003,0.75472,0.0,0.0,0.0,0.0
2018-04-30 18:00:00,2018-04-30 19:00,1.73493,0.0,0.67538,0.21686,0.84269,0.0,0.0,0.0,0.0
2018-04-30 19:00:00,2018-04-30 20:00,1.95028,0.0,0.60286,0.26983,1.07759,0.0,0.0,0.0,0.0
2018-04-30 20:00:00,2018-04-30 21:00,1.85018,0.0,0.53967,0.003,1.30751,0.0,0.0,0.0,0.0
2018-04-30 21:00:00,2018-04-30 22:00,1.63792,0.0,0.48534,0.003,1.14958,0.0,0.0,0.0,0.0
2018-04-30 22:00:00,2018-04-30 23:00,1.06956,0.0,0.40994,0.003,0.65662,0.0,0.0,0.0,0.0
2018-04-30 23:00:00,2018-05-01 00:00,0.83167,0.0,0.33566,0.003,0.49301,0.0,0.0,0.0,0.0
2018-05-01 00:00:00,2018-05-01 01:00,1.10124,0.0,0.29947,0.33331,0.46846,0.0,0.0,0.0,0.0
2018-05-01 01:00:00,2018-05-01 02:00,0.72484,0.0,0.25774,0.003,0.4641,0.0,0.0,0.0,0.0
2018-05-01 02:00:00,2018-05-01 03:00,0.65862,0.0,0.19753,0.003,0.45809,0.0,0.0,0.0,0.0
2018-05-01 03:00:00,2018-05-01 04:00,0.60985,0.0,0.15086,0.003,0.45599,0.0,0.0,0.0,0.0
2018-05-01 04:00:00,2018-05-01 05:00,0.57564,0.0,0.12275,0.003,0.44989,0.0,0.0,0.0,0.0
2018-05-01 05:00:00,2018-05-01 06:00,0.59908,0.0,0.1235,0.003,0.47258,0.01124,0.0,0.0,0.01124
2018-05-01 06:00:00,2018-05-01 07:00,0.79261,0.0,0.08524,0.11357,0.5938,0.01498,0.0,0.0,0.01498
2018-05-01 07:00:00,2018-05-01 08:00,1.17981,0.0,0.09362,0.44952,0.63667,0.02622,0.0,0.0,0.02622
2018-05-01 08:00:00,2018-05-01 09:00,0.55133,0.0,0.00869,0.03071,0.51193,0.0,0.0,0.0,0.0
2018-05-01 09:00:00,2018-05-01 10:00,0.50241,0.0,0.02376,0.003,0.47565,0.0,0.0,0.0,0.0
2018-05-01 10:00:00,2018-05-01 11:00,0.51415,0.0,0.04203,0.003,0.46912,0.0,0.0,0.0,0.0
2018-05-01 11:00:00,2018-05-01 12:00,0.59861,0.0,0.07575,0.003,0.51986,0.0,0.0,0.0,0.0
2018-05-01 12:00:00,2018-05-01 13:00,0.76132,0.0,0.11021,0.11321,0.5379,0.0,0.0,0.0,0.0
2018-05-01 13:00:00,2018-05-01 14:00,1.12282,0.0,0.17964,0.38399,0.55919,0.01124,0.0,0.0,0.01124
2018-05-01 14:00:00,2018-05-01 15:00,0.89092,0.0,0.26166,0.003,0.62626,0.01498,0.0,0.0,0.01498
2018-05-01 15:00:00,2018-05-01 16:00,1.04613,0.0,0.26191,0.22451,0.55971,0.0,0.0,0.0,0.0
2018-05-01 16:00:00,2018-05-01 17:00,1.28316,0.0,0.44104,0.19935,0.64277,0.06745,0.0,0.0,0.06745
2018-05-01 17:00:00,2018-05-01 18:00,1.1092,0.0,0.38467,0.003,0.72153,0.01312,0.0,0.0,0.01312
2018-05-01 18:00:00,2018-05-01 19:00,1.18727,0.0,0.33193,0.003,0.85234,0.0,0.0,0.0,0.0
2018-05-01 19:00:00,2018-05-01 20:00,1.23161,0.0,0.33423,0.003,0.89438,0.0,0.0,0.0,0.0
2018-05-01 20:00:00,2018-05-01 21:00,1.87721,0.0,0.36449,0.33746,1.17526,0.0,0.0,0.0,0.0
2018-05-01 21:00:00,2018-05-01 22:00,1.27015,0.0,0.31461,0.05242,0.90312,0.0,0.0,0.0,0.0
2018-05-01 22:00:00,2018-05-01 23:00,0.98532,0.0,0.26038,0.003,0.72194,0.0,0.0,0.0,0.0
2018-05-01 23:00:00,2018-05-02 00:00,0.66866,0.0,0.14405,0.003,0.52161,0.0,0.0,0.0,0.0
2018-05-02 00:00:00,2018-05-02 01:00,0.51153,0.0,0.02162,0.003,0.48691,0.0,0.0,0.0,0.0
2018-05-02 01:00:00,2018-05-02 02:00,0.7954,0.0,0.00267,0.32076,0.47197,0.0,0.0,0.0,0.0
2018-05-02 02:00:00,2018-05-02 03:00,0.464,0.0,0.0,0.003,0.461,0.0,0.0,0.0,0.0
2018-05-02 03:00:00,2018-05-02 04:00,0.459,0.0,0.0,0.003,0.456,0.0,0.0,0.0,0.0
2018-05-02 04:00:00,2018-05-02 05:00,0.45231,0.0,0.0,0.003,0.44931,0.0,0.0,0.0,0.0
2018-05-02 05:00:00,2018-05-02 06:00,0.50172,0.05,0.0,0.003,0.44872,0.0,0.0,0.0,0.0
2018-05-02 06:00:00,2018-05-02 07:00,0.95465,0.05,0.0,0.33925,0.5654,0.0,0.0,0.0,0.0
2018-05-02 07:00:00,2018-05-02 08:00,0.96283,0.05,0.0,0.2839,0.62893,0.0,0.0,0.0,0.0
2018-05-02 08:00:00,2018-05-02 09:00,0.88044,0.05,0.0,0.21734,0.6131,0.0,0.0,0.0,0.0
2018-05-02 09:00:00,2018-05-02 10:00,1.12507,0.0375,0.0,0.44985,0.63772,0.0,0.0,0.0,0.0
2018-05-02 10:00:00,2018-05-02 11:00,0.61362,0.0,0.0,0.12733,0.48629,0.0,0.0,0.0,0.0
2018-05-02 11:00:00,2018-05-02 12:00,0.48999,0.0,0.0,0.003,0.48699,0.0,0.0,0.0,0.0
2018-05-02 12:00:00,2018-05-02 13:00,0.5398,0.0,0.0,0.003,0.5368,0.0,0.0,0.0,0.0
2018-05-02 13:00:00,2018-05-02 14:00,0.99139,0.0,0.0,0.44407,0.54732,0.0,0.0,0.0,0.0
2018-05-02 14:00:00,2018-05-02 15:00,0.98062,0.0,0.0,0.36965,0.61097,0.0,0.0,0.0,0.0
2018-05-02 15:00:00,2018-05-02 16:00,0.76642,0.0,0.11304,0.003,0.65038,0.02622,0.0,0.0,0.02622
2018-05-02 16:00:00,2018-05-02 17:00,0.77818,0.0,0.16503,0.003,0.61015,0.0,0.0,0.0,0.0
2018-05-02 17:00:00,2018-05-02 18:00,0.93317,0.0,0.23456,0.003,0.69561,0.0,0.0,0.0,0.0
2018-05-02 18:00:00,2018-05-02 19:00,1.09745,0.0,0.22946,0.003,0.86499,0.0,0.0,0.0,0.0
2018-05-02 19:00:00,2018-05-02 20:00,1.50059,0.0,0.22834,0.43678,0.83547,0.0,0.0,0.0,0.0
2018-05-02 20:00:00,2018-05-02 21:00,1.91685,0.0,0.28132,0.44104,1.19449,0.0,0.0,0.0,0.0
2018-05-02 21:00:00,2018-05-02 22:00,1.68542,0.0,0.23646,0.44897,0.99999,0.0,0.0,0.0,0.0
2018-05-02 22:00:00,2018-05-02 23:00,1.03294,0.0,0.1697,0.13623,0.72701,0.0,0.0,0.0,0.0
2018-05-02 23:00:00,2018-05-03 00:00,0.70191,0.0,0.12957,0.003,0.56934,0.0,0.0,0.0,0.0
2018-05-03 00:00:00,2018-05-03 01:00,0.6141,0.0,0.12708,0.003,0.48402,0.0,0.0,0.0,0.0
2018-05-03 01:00:00,2018-05-03 02:00,0.56198,0.0,0.09488,0.003,0.4641,0.0,0.0,0.0,0.0
2018-05-03 02:00:00,2018-05-03 03:00,0.52295,0.0,0.06187,0.003,0.45808,0.0,0.0,0.0,0.0
2018-05-03 03:00:00,2018-05-03 04:00,0.48655,0.0,0.02756,0.003,0.45599,0.0,0.0,0.0,0.0
2018-05-03 04:00:00,2018-05-03 05:00,0.5685,0.0,0.00313,0.11407,0.4513,0.0,0.0,0.0,0.0
2018-05-03 05:00:00,2018-05-03 06:00,0.7062,0.0,0.0,0.23917,0.46703,0.0,0.0,0.0,0.0
2018-05-03 06:00:00,2018-05-03 07:00,0.55029,0.0,0.0,0.003,0.54729,0.01124,0.0,0.0,0.01124
2018-05-03 07:00:00,2018-05-03 08:00,0.93315,0.0,0.15589,0.11242,0.66484,0.11242,0.0,0.0,0.11242
2018-05-03 08:00:00,2018-05-03 09:00,0.96352,0.0,0.12868,0.2854,0.54944,0.03746,0.0,0.0,0.03746
2018-05-03 09:00:00,2018-05-03 10:00,0.62385,0.0,0.08351,0.003,0.53734,0.0,0.0,0.0,0.0
2018-05-03 10:00:00,2018-05-03 11:00,0.61247,0.0,0.11537,0.003,0.4941,0.0,0.0,0.0,0.0
2018-05-03 11:00:00,2018-05-03 12:00,0.62565,0.0,0.15624,0.003,0.46641,0.0,0.0,0.0,0.0
2018-05-03 12:00:00,2018-05-03 13:00,0.69008,0.0,0.21241,0.003,0.47467,0.0,0.0,0.0,0.0
2018-05-03 13:00:00,2018-05-03 14:00,1.06154,0.0,0.26504,0.32102,0.47548,0.0,0.0,0.0,0.0
2018-05-03 14:00:00,2018-05-03 15:00,0.80885,0.0,0.33041,0.003,0.47544,0.0,0.0,0.0,0.0
2018-05-03 15:00:00,2018-05-03 16:00,0.85743,0.0,0.38115,0.003,0.47328,0.0,0.0,0.0,0.0
2018-05-03 16:00:00,2018-05-03 17:00,1.17356,0.0,0.50648,0.003,0.66408,0.02622,0.0,0.0,0.02622
2018-05-03 17:00:00,2018-05-03 18:00,1.40962,0.0,0.4641,0.22177,0.72375,0.0,0.0,0.0,0.0
2018-05-03 18:00:00,2018-05-03 19:00,1.71303,0.0,0.48421,0.2974,0.93142,0.0,0.0,0.0,0.0
2018-05-03 19:00:00,2018-05-03 20:00,1.62321,0.0,0.48384,0.003,1.13637,0.0,0.0,0.0,0.0
2018-05-03 20:00:00,2018-05-03 21:00,1.8535,0.0,0.47056,0.11162,1.27132,0.0,0.0,0.0,0.0
2018-05-03 21:00:00,2018-05-03 22:00,1.78112,0.0,0.41916,0.22322,1.13874,0.0,0.0,0.0,0.0
2018-05-03 22:00:00,2018-05-03 23:00,1.20443,0.0,0.35967,0.003,0.84176,0.0,0.0,0.0,0.0
2018-05-03 23:00:00,2018-05-04 00:00,0.81416,0.0,0.2838,0.003,0.52736,0.0,0.0,0.0,0.0
2018-05-04 00:00:00,2018-05-04 01:00,0.66761,0.0,0.19613,0.003,0.46848,0.0,0.0,0.0,0.0
2018-05-04 01:00:00,2018-05-04 02:00,0.62606,0.0,0.15898,0.003,0.46408,0.0,0.0,0.0,0.0
2018-05-04 02:00:00,2018-05-04 03:00,0.56801,0.0,0.10693,0.003,0.45808,0.0,0.0,0.0,0.0
2018-05-04 03:00:00,2018-05-04 04:00,0.51027,0.0,0.0513,0.003,0.45597,0.0,0.0,0.0,0.0
2018-05-04 04:00:00,2018-05-04 05:00,0.45977,0.0,0.0069,0.003,0.44987,0.0,0.0,0.0,0.0
2018-05-04 05:00:00,2018-05-04 06:00,0.59068,0.0,0.0,0.11432,0.47636,0.0,0.0,0.0,0.0
2018-05-04 06:00:00,2018-05-04 07:00,1.96037,0.0,0.0,0.44962,1.51075,0.0,0.0,0.0,0.0
2018-05-04 07:00:00,2018-05-04 08:00,2.3412,0.0,0.0,0.3284,2.0128,0.01124,0.0,0.0,0.01124
2018-05-04 08:00:00,2018-05-04 09:00,0.8564,0.0,0.13766,0.10735,0.61139,0.06933,0.0,0.0,0.06933
2018-05-04 09:00:00,2018-05-04 10:00,1.02652,0.0,0.04363,0.43928,0.54361,0.0,0.0,0.0,0.0
2018-05-04 10:00:00,2018-05-04 11:00,0.89213,0.0,0.17231,0.1788,0.54102,0.0,0.0,0.0,0.0
2018-05-04 11:00:00,2018-05-04 12:00,0.73052,0.0,0.25169,0.003,0.47583,0.0,0.0,0.0,0.0
2018-05-04 12:00:00,2018-05-04 13:00,0.82072,0.0,0.34303,0.003,0.47469,0.0,0.0,0.0,0.0
2018-05-04 13:00:00,2018-05-04 14:00,0.91763,0.0,0.43916,0.003,0.47547,0.0,0.0,0.0,0.0
2018-05-04 14:00:00,2018-05-04 15:00,1.26365,0.0,0.51295,0.22503,0.52567,0.0,0.0,0.0,0.0
2018-05-04 15:00:00,2018-05-04 16:00,1.08707,0.0,0.50412,0.10962,0.47333,0.0,0.0,0.0,0.0
2018-05-04 16:00:00,2018-05-04 17:00,1.17612,0.0,0.57892,0.003,0.5942,0.0,0.0,0.0,0.0
2018-05-04 17:00:00,2018-05-04 18:00,1.59959,0.0,0.70004,0.11157,0.78798,0.02622,0.0,0.0,0.02622
2018-05-04 18:00:00,2018-05-04 19:00,2.07112,0.0,0.67976,0.37795,1.01341,0.0,0.0,0.0,0.0
2018-05-04 19:00:00,2018-05-04 20:00,1.47548,0.0,0.55421,0.003,0.91827,0.0,0.0,0.0,0.0
2018-05-04 20:00:00,2018-05-04 21:00,1.7422,0.0,0.51597,0.003,1.22323,0.0,0.0,0.0,0.0
2018-05-04 21:00:00,2018-05-04 22:00,1.80658,0.0,0.41045,0.33488,1.06125,0.0,0.0,0.0,0.0
2018-05-04 22:00:00,2018-05-04 23:00,1.15556,0.0,0.3321,0.0455,0.77796,0.0,0.0,0.0,0.0
2018-05-04 23:00:00,2018-05-05 00:00,0.77937,0.0,0.26152,0.003,0.51485,0.0,0.0,0.0,0.0
2018-05-05 00:00:00,2018-05-05 01:00,0.75197,0.0,0.27925,0.003,0.46972,0.0,0.0,0.0,0.0
2018-05-05 01:00:00,2018-05-05 02:00,0.70354,0.0,0.23519,0.003,0.46535,0.0,0.0,0.0,0.0
2018-05-05 02:00:00,2018-05-05 03:00,0.6663,0.0,0.20396,0.003,0.45934,0.0,0.0,0.0,0.0
2018-05-05 03:00:00,2018-05-05 04:00,0.64512,0.0,0.18489,0.003,0.45723,0.0,0.0,0.0,0.0
2018-05-05 04:00:00,2018-05-05 05:00,0.61617,0.0,0.16204,0.003,0.45113,0.0,0.0,0.0,0.0
2018-05-05 05:00:00,2018-05-05 06:00,0.56799,0.0,0.11415,0.003,0.45084,0.0,0.0,0.0,0.0
2018-05-05 06:00:00,2018-05-05 07:00,0.71162,0.0,0.0617,0.11251,0.53741,0.01124,0.0,0.0,0.01124
2018-05-05 07:00:00,2018-05-05 08:00,1.25989,0.0,0.15344,0.4502,0.65625,0.01498,0.0,0.0,0.01498
2018-05-05 08:00:00,2018-05-05 09:00,1.02817,0.0,0.16709,0.24284,0.61824,0.0,0.0,0.0,0.0
2018-05-05 09:00:00,2018-05-05 10:00,1.21034,0.0,0.23221,0.28586,0.69227,0.0,0.0,0.0,0.0
2018-05-05 10:00:00,2018-05-05 11:00,1.09545,0.0,0.3138,0.003,0.77865,0.0,0.0,0.0,0.0
2018-05-05 11:00:00,2018-05-05 12:00,1.25029,0.0,0.43845,0.003,0.80884,0.02622,0.0,0.0,0.02622
2018-05-05 12:00:00,2018-05-05 13:00,1.60848,0.0,0.47616,0.33315,0.79917,0.0,0.0,0.0,0.0
2018-05-05 13:00:00,2018-05-05 14:00,1.42352,0.0,0.5696,0.08852,0.7654,0.0,0.0,0.0,0.0
2018-05-05 14:00:00,2018-05-05 15:00,1.3151,0.0,0.6459,0.003,0.6662,0.0,0.0,0.0,0.0
2018-05-05 15:00:00,2018-05-05 16:00,1.88718,0.0,0.75138,0.32855,0.80725,0.0,0.0,0.0,0.0
2018-05-05 16:00:00,2018-05-05 17:00,2.15845,0.0,0.85527,0.44644,0.85674,0.0,0.0,0.0,0.0
2018-05-05 17:00:00,2018-05-05 18:00,1.82727,0.0,0.96573,0.03444,0.8271,0.06745,0.0,0.0,0.06745
2018-05-05 18:00:00,2018-05-05 19:00,1.79275,0.0,0.76984,0.003,1.01991,0.06745,0.0,0.0,0.06745
2018-05-05 19:00:00,2018-05-05 20:00,1.41553,0.0,0.53519,0.003,0.87734,0.0,0.0,0.0,0.0
2018-05-05 20:00:00,2018-05-05 21:00,1.61679,0.0,0.49215,0.003,1.12164,0.0,0.0,0.0,0.0
2018-05-05 21:00:00,2018-05-05 22:00,1.76979,0.0,0.48899,0.003,1.2778,0.01124,0.0,0.0,0.01124
2018-05-05 22:00:00,2018-05-05 23:00,1.38304,0.0,0.49988,0.003,0.88016,0.04123,0.0,0.0,0.04123
2018-05-05 23:00:00,2018-05-06 00:00,1.1695,0.0,0.31072,0.33457,0.52421,0.0,0.0,0.0,0.0
2018-05-06 00:00:00,2018-05-06 01:00,0.71551,0.0,0.24282,0.003,0.46969,0.0,0.0,0.0,0.0
2018-05-06 01:00:00,2018-05-06 02:00,0.64694,0.0,0.17858,0.003,0.46536,0.0,0.0,0.0,0.0
2018-05-06 02:00:00,2018-05-06 03:00,0.59651,0.0,0.13399,0.003,0.45952,0.0,0.0,0.0,0.0
2018-05-06 03:00:00,2018-05-06 04:00,0.56158,0.0,0.09867,0.003,0.45991,0.0,0.0,0.0,0.0
2018-05-06 04:00:00,2018-05-06 05:00,0.54689,0.0,0.09276,0.003,0.45113,0.0,0.0,0.0,0.0
2018-05-06 05:00:00,2018-05-06 06:00,0.86411,0.0,0.06902,0.34044,0.45465,0.0,0.0,0.0,0.0
2018-05-06 06:00:00,2018-05-06 07:00,0.54143,0.0,0.00242,0.003,0.53601,0.0,0.0,0.0,0.0
2018-05-06 07:00:00,2018-05-06 08:00,0.76341,0.0,0.06499,0.11453,0.58389,0.0,0.0,0.0,0.0
2018-05-06 08:00:00,2018-05-06 09:00,1.23991,0.0,0.13137,0.45226,0.65628,0.0,0.0,0.0,0.0
2018-05-06 09:00:00,2018-05-06 10:00,1.04796,0.0,0.18612,0.0929,0.76894,0.0,0.0,0.0,0.0
2018-05-06 10:00:00,2018-05-06 11:00,0.96974,0.0,0.23459,0.003,0.73215,0.0,0.0,0.0,0.0
2018-05-06 11:00:00,2018-05-06 12:00,1.1103,0.0,0.29628,0.11086,0.70316,0.0,0.0,0.0,0.0
2018-05-06 12:00:00,2018-05-06 13:00,1.40371,0.0,0.37551,0.30172,0.72648,0.0,0.0,0.0,0.0
2018-05-06 13:00:00,2018-05-06 14:00,1.45457,0.0,0.50402,0.11144,0.83911,0.01124,0.0,0.0,0.01124
2018-05-06 14:00:00,2018-05-06 15:00,2.02348,0.0,0.68642,0.44,0.89706,0.04123,0.0,0.0,0.04123
2018-05-06 15:00:00,2018-05-06 16:00,1.77332,0.0,0.66608,0.21776,0.88948,0.0,0.0,0.0,0.0
2018-05-06 16:00:00,2018-05-06 17:00,2.00945,0.0,0.71773,0.3324,0.95932,0.0,0.0,0.0,0.0
2018-05-06 17:00:00,2018-05-06 18:00,3.91705,0.0,0.82549,0.28215,2.80941,0.0,0.0,0.0,0.0
2018-05-06 18:00:00,2018-05-06 19:00,3.16182,0.0,0.82603,0.003,2.33279,0.0,0.0,0.0,0.0
2018-05-06 19:00:00,2018-05-06 20:00,1.71843,0.0,0.70451,0.003,1.01092,0.0,0.0,0.0,0.0
2018-05-06 20:00:00,2018-05-06 21:00,2.08174,0.0,0.63219,0.42675,1.0228,0.0,0.0,0.0,0.0
2018-05-06 21:00:00,2018-05-06 22:00,1.65482,0.0,0.57709,0.003,1.07473,0.0,0.0,0.0,0.0
2018-05-06 22:00:00,2018-05-06 23:00,1.72543,0.0,0.4881,0.44576,0.79157,0.0,0.0,0.0,0.0
2018-05-06 23:00:00,2018-05-07 00:00,1.057,0.0,0.40676,0.07506,0.57518,0.0,0.0,0.0,0.0
2018-05-07 00:00:00,2018-05-07 01:00,0.79283,0.0,0.30294,0.003,0.48689,0.0,0.0,0.0,0.0
2018-05-07 01:00:00,2018-05-07 02:00,0.71231,0.0,0.23735,0.003,0.47196,0.0,0.0,0.0,0.0
2018-05-07 02:00:00,2018-05-07 03:00,0.86315,0.0,0.18144,0.22066,0.46105,0.0,0.0,0.0,0.0
2018-05-07 03:00:00,2018-05-07 04:00,0.9231,0.0,0.14625,0.31873,0.45812,0.0,0.0,0.0,0.0
2018-05-07 04:00:00,2018-05-07 05:00,0.56629,0.0,0.11199,0.003,0.4513,0.0,0.0,0.0,0.0
2018-05-07 05:00:00,2018-05-07 06:00,0.5513,0.0,0.07722,0.003,0.47108,0.0,0.0,0.0,0.0
2018-05-07 06:00:00,2018-05-07 07:00,1.04292,0.0,0.03446,0.43521,0.57325,0.0,0.0,0.0,0.0
2018-05-07 07:00:00,2018-05-07 08:00,0.68768,0.0,0.10447,0.003,0.58021,0.0,0.0,0.0,0.0
2018-05-07 08:00:00,2018-05-07 09:00,1.20159,0.0,0.24513,0.33012,0.62634,0.03935,0.0,0.0,0.03935
2018-05-07 09:00:00,2018-05-07 10:00,1.33963,0.0,0.43794,0.30316,0.59853,0.06745,0.0,0.0,0.06745
2018-05-07 10:00:00,2018-05-07 11:00,0.83602,0.0,0.3639,0.003,0.46912,0.0,0.0,0.0,0.0
2018-05-07 11:00:00,2018-05-07 12:00,0.99168,0.0,0.48457,0.003,0.50411,0.0,0.0,0.0,0.0
2018-05-07 12:00:00,2018-05-07 13:00,1.17038,0.0,0.63612,0.003,0.53126,0.0,0.0,0.0,0.0
2018-05-07 13:00:00,2018-05-07 14:00,1.12361,0.0,0.64516,0.003,0.47545,0.0,0.0,0.0,0.0
2018-05-07 14:00:00,2018-05-07 15:00,1.15986,0.0,0.68139,0.003,0.47547,0.0,0.0,0.0,0.0
2018-05-07 15:00:00,2018-05-07 16:00,1.58385,0.0,0.82244,0.22395,0.53746,0.0,0.0,0.0,0.0
2018-05-07 16:00:00,2018-05-07 17:00,1.61349,0.0,0.89824,0.13993,0.57532,0.0,0.0,0.0,0.0
2018-05-07 17:00:00,2018-05-07 18:00,1.81796,0.0,1.05498,0.003,0.75998,0.02622,0.0,0.0,0.02622
2018-05-07 18:00:00,2018-05-07 19:00,1.95256,0.0,1.06568,0.003,0.88388,0.0,0.0,0.0,0.0
2018-05-07 19:00:00,2018-05-07 20:00,2.14571,0.0,0.93306,0.33728,0.87537,0.0,0.0,0.0,0.0
2018-05-07 20:00:00,2018-05-07 21:00,1.70001,0.0,0.79006,0.02162,0.88833,0.0,0.0,0.0,0.0
2018-05-07 21:00:00,2018-05-07 22:00,1.73088,0.0,0.7085,0.003,1.01938,0.0,0.0,0.0,0.0
2018-05-07 22:00:00,2018-05-07 23:00,1.27146,0.0,0.60991,0.003,0.65855,0.0,0.0,0.0,0.0
2018-05-07 23:00:00,2018-05-08 00:00,1.04898,0.0,0.52638,0.003,0.5196,0.0,0.0,0.0,0.0
2018-05-08 00:00:00,2018-05-08 01:00,1.04413,0.0,0.46373,0.11193,0.46847,0.0,0.0,0.0,0.0
2018-05-08 01:00:00,2018-05-08 02:00,1.11552,0.0,0.42874,0.22267,0.46411,0.0,0.0,0.0,0.0
2018-05-08 02:00:00,2018-05-08 03:00,0.863,0.0,0.4019,0.003,0.4581,0.0,0.0,0.0,0.0
2018-05-08 03:00:00,2018-05-08 04:00,0.83353,0.0,0.37421,0.003,0.45632,0.0,0.0,0.0,0.0
2018-05-08 04:00:00,2018-05-08 05:00,0.91925,0.0,0.35318,0.1112,0.45487,0.0,0.0,0.0,0.0
2018-05-08 05:00:00,2018-05-08 06:00,1.07507,0.0,0.32702,0.27696,0.47109,0.0,0.0,0.0,0.0
2018-05-08 06:00:00,2018-05-08 07:00,1.29047,0.0,0.29861,0.4391,0.55276,0.0,0.0,0.0,0.0
2018-05-08 07:00:00,2018-05-08 08:00,1.14197,0.0,0.29776,0.26999,0.57422,0.0,0.0,0.0,0.0
2018-05-08 08:00:00,2018-05-08 09:00,0.82775,0.0,0.29163,0.003,0.53312,0.0,0.0,0.0,0.0
2018-05-08 09:00:00,2018-05-08 10:00,1.26332,0.0,0.28457,0.44142,0.53733,0.0,0.0,0.0,0.0
2018-05-08 10:00:00,2018-05-08 11:00,0.89938,0.0,0.27459,0.09944,0.52535,0.0,0.0,0.0,0.0
2018-05-08 11:00:00,2018-05-08 12:00,0.72306,0.0,0.22228,0.003,0.49778,0.0,0.0,0.0,0.0
2018-05-08 12:00:00,2018-05-08 13:00,0.66852,0.0,0.18438,0.003,0.48114,0.0,0.0,0.0,0.0
2018-05-08 13:00:00,2018-05-08 14:00,0.67875,0.0,0.19046,0.003,0.48529,0.0,0.0,0.0,0.0
2018-05-08 14:00:00,2018-05-08 15:00,0.69348,0.0,0.21504,0.003,0.47544,0.0,0.0,0.0,0.0
2018-05-08 15:00:00,2018-05-08 16:00,0.76622,0.0,0.22575,0.003,0.53747,0.0,0.0,0.0,0.0
2018-05-08 16:00:00,2018-05-08 17:00,1.23756,0.0,0.20193,0.45008,0.58555,0.0,0.0,0.0,0.0
2018-05-08 17:00:00,2018-05-08 18:00,1.02497,0.0,0.22394,0.06604,0.73499,0.01124,0.0,0.0,0.01124
2018-05-08 18:00:00,2018-05-08 19:00,1.27353,0.0,0.26105,0.003,1.00948,0.01498,0.0,0.0,0.01498
2018-05-08 19:00:00,2018-05-08 20:00,1.31126,0.0,0.25149,0.003,1.05677,0.0,0.0,0.0,0.0
2018-05-08 20:00:00,2018-05-08 21:00,1.79236,0.0,0.28902,0.22081,1.28253,0.01124,0.0,0.0,0.01124
2018-05-08 21:00:00,2018-05-08 22:00,2.30972,0.0,0.48611,0.46264,1.36097,0.11242,0.0,0.0,0.11242
2018-05-08 22:00:00,2018-05-08 23:00,1.27371,0.0,0.24925,0.05725,0.96721,0.01124,0.0,0.0,0.01124
2018-05-08 23:00:00,2018-05-09 00:00,0.67126,0.0,0.1283,0.003,0.53996,0.0,0.0,0.0,0.0
2018-05-09 00:00:00,2018-05-09 01:00,0.47146,0.0,0.0,0.003,0.46846,0.0,0.0,0.0,0.0
2018-05-09 01:00:00,2018-05-09 02:00,0.46702,0.0,0.0,0.003,0.46402,0.0,0.0,0.0,0.0
2018-05-09 02:00:00,2018-05-09 03:00,0.46092,0.0,0.0,0.003,0.45792,0.0,0.0,0.0,0.0
2018-05-09 03:00:00,2018-05-09 04:00,0.50549,0.0,0.04653,0.003,0.45596,0.0,0.0,0.0,0.0
2018-05-09 04:00:00,2018-05-09 05:00,0.58922,0.0,0.02228,0.11369,0.45325,0.0,0.0,0.0,0.0
2018-05-09 05:00:00,2018-05-09 06:00,0.66394,0.0,0.0,0.20818,0.45576,0.0,0.0,0.0,0.0
2018-05-09 06:00:00,2018-05-09 07:00,0.75509,0.0,0.0,0.22441,0.53068,0.0,0.0,0.0,0.0
2018-05-09 07:00:00,2018-05-09 08:00,0.70289,0.0,0.0,0.17869,0.5242,0.0,0.0,0.0,0.0
2018-05-09 08:00:00,2018-05-09 09:00,0.55092,0.0,0.0,0.003,0.54792,0.0,0.0,0.0,0.0
2018-05-09 09:00:00,2018-05-09 10:00,0.8489,0.0,0.0,0.33345,0.51545,0.0,0.0,0.0,0.0
2018-05-09 10:00:00,2018-05-09 11:00,0.6293,0.0,0.0,0.1603,0.469,0.0,0.0,0.0,0.0
2018-05-09 11:00:00,2018-05-09 12:00,0.46928,0.0,0.0,0.003,0.46628,0.0,0.0,0.0,0.0
2018-05-09 12:00:00,2018-05-09 13:00,0.47757,0.0,0.0,0.003,0.47457,0.0,0.0,0.0,0.0
2018-05-09 13:00:00,2018-05-09 14:00,0.47842,0.0,0.0,0.003,0.47542,0.0,0.0,0.0,0.0
2018-05-09 14:00:00,2018-05-09 15:00,0.61585,0.0,0.0,0.11638,0.49947,0.0,0.0,0.0,0.0
2018-05-09 15:00:00,2018-05-09 16:00,0.6835,0.0,0.0,0.19909,0.48441,0.0,0.0,0.0,0.0
2018-05-09 16:00:00,2018-05-09 17:00,0.64075,0.0,0.0,0.003,0.63775,0.0,0.0,0.0,0.0
2018-05-09 17:00:00,2018-05-09 18:00,0.96204,0.0,0.1956,0.003,0.76344,0.05247,0.0,0.0,0.05247
2018-05-09 18:00:00,2018-05-09 19:00,1.05472,0.0,0.13971,0.11309,0.80192,0.0,0.0,0.0,0.0
2018-05-09 19:00:00,2018-05-09 20:00,1.77701,0.0,0.35561,0.43481,0.98659,0.05247,0.0,0.0,0.05247
2018-05-09 20:00:00,2018-05-09 21:00,1.20167,0.0,0.23943,0.003,0.95924,0.0,0.0,0.0,0.0
2018-05-09 21:00:00,2018-05-09 22:00,2.51536,0.0,0.19036,0.003,2.322,0.0,0.0,0.0,0.0
2018-05-09 22:00:00,2018-05-09 23:00,2.41142,0.0,0.10198,0.33848,1.97096,0.0,0.0,0.0,0.0
2018-05-09 23:00:00,2018-05-10 00:00,0.58633,0.0,0.06174,0.003,0.52159,0.0,0.0,0.0,0.0
2018-05-10 00:00:00,2018-05-10 01:00,0.55846,0.0,0.06856,0.003,0.4869,0.0,0.0,0.0,0.0
2018-05-10 01:00:00,2018-05-10 02:00,0.50707,0.0,0.0321,0.003,0.47197,0.0,0.0,0.0,0.0
2018-05-10 02:00:00,2018-05-10 03:00,0.57839,0.0,0.00357,0.11405,0.46077,0.0,0.0,0.0,0.0
2018-05-10 03:00:00,2018-05-10 04:00,0.66327,0.0,0.0,0.20733,0.45594,0.0,0.0,0.0,0.0
2018-05-10 04:00:00,2018-05-10 05:00,0.45261,0.0,0.0,0.003,0.44961,0.0,0.0,0.0,0.0
2018-05-10 05:00:00,2018-05-10 06:00,0.52338,0.0375,0.0,0.003,0.48288,0.02622,0.0,0.0,0.02622
2018-05-10 06:00:00,2018-05-10 07:00,0.60862,0.05,0.0,0.003,0.55562,0.0,0.0,0.0,0.0
2018-05-10 07:00:00,2018-05-10 08:00,1.09354,0.05,0.0,0.44496,0.59858,0.0,0.0,0.0,0.0
2018-05-10 08:00:00,2018-05-10 09:00,0.871,0.05,0.0,0.17515,0.64585,0.0,0.0,0.0,0.0
2018-05-10 09:00:00,2018-05-10 10:00,0.63813,0.0375,0.0,0.003,0.59763,0.0,0.0,0.0,0.0
2018-05-10 10:00:00,2018-05-10 11:00,0.78062,0.0,0.0,0.22565,0.55497,0.0,0.0,0.0,0.0
2018-05-10 11:00:00,2018-05-10 12:00,0.58273,0.0,0.0,0.1083,0.47443,0.0,0.0,0.0,0.0
2018-05-10 12:00:00,2018-05-10 13:00,0.47651,0.0,0.0,0.003,0.47351,0.0,0.0,0.0,0.0
2018-05-10 13:00:00,2018-05-10 14:00,0.4777,0.0,0.0,0.003,0.4747,0.0,0.0,0.0,0.0
2018-05-10 14:00:00,2018-05-10 15:00,0.47797,0.0,0.0,0.003,0.47497,0.0,0.0,0.0,0.0
2018-05-10 15:00:00,2018-05-10 16:00,0.68882,0.0,0.03876,0.11271,0.53735,0.0,0.0,0.0,0.0
2018-05-10 16:00:00,2018-05-10 17:00,1.02387,0.0,0.1028,0.31372,0.60735,0.0,0.0,0.0,0.0
2018-05-10 17:00:00,2018-05-10 18:00,0.99629,0.0,0.24297,0.003,0.75032,0.03935,0.0,0.0,0.03935
2018-05-10 18:00:00,2018-05-10 19:00,1.34384,0.0,0.19671,0.22148,0.92565,0.01312,0.0,0.0,0.01312
2018-05-10 19:00:00,2018-05-10 20:00,1.35562,0.0,0.1922,0.20542,0.958,0.0,0.0,0.0,0.0
2018-05-10 20:00:00,2018-05-10 21:00,1.21336,0.0,0.17831,0.003,1.03205,0.0,0.0,0.0,0.0
2018-05-10 21:00:00,2018-05-10 22:00,1.08511,0.0,0.14311,0.003,0.939,0.0,0.0,0.0,0.0
2018-05-10 22:00:00,2018-05-10 23:00,1.04165,0.0,0.09624,0.33776,0.60765,0.0,0.0,0.0,0.0
2018-05-10 23:00:00,2018-05-11 00:00,0.64637,0.0,0.05041,0.07435,0.52161,0.0,0.0,0.0,0.0
2018-05-11 00:00:00,2018-05-11 01:00,0.4792,0.0,0.0,0.003,0.4762,0.0,0.0,0.0,0.0
2018-05-11 01:00:00,2018-05-11 02:00,0.46686,0.0,0.0,0.003,0.46386,0.0,0.0,0.0,0.0
2018-05-11 02:00:00,2018-05-11 03:00,0.46069,0.0,0.0,0.003,0.45769,0.0,0.0,0.0,0.0
2018-05-11 03:00:00,2018-05-11 04:00,0.45832,0.0,0.0,0.003,0.45532,0.0,0.0,0.0,0.0
2018-05-11 04:00:00,2018-05-11 05:00,0.50331,0.05,0.0,0.003,0.45031,0.0,0.0,0.0,0.0
2018-05-11 05:00:00,2018-05-11 06:00,0.74241,0.05,0.0,0.22256,0.46985,0.0,0.0,0.0,0.0
2018-05-11 06:00:00,2018-05-11 07:00,1.04555,0.05,0.0,0.46024,0.53531,0.0,0.0,0.0,0.0
2018-05-11 07:00:00,2018-05-11 08:00,0.68892,0.05,0.0,0.08262,0.5563,0.0,0.0,0.0,0.0
2018-05-11 08:00:00,2018-05-11 09:00,1.05234,0.05,0.0,0.41692,0.58542,0.0,0.0,0.0,0.0
2018-05-11 09:00:00,2018-05-11 10:00,1.01499,0.05,0.0,0.43566,0.52933,0.0,0.0,0.0,0.0
2018-05-11 10:00:00,2018-05-11 11:00,0.81214,0.10372,0.0,0.24174,0.46668,0.0,0.0,0.0,0.0
2018-05-11 11:00:00,2018-05-11 12:00,0.60825,0.14119,0.0,0.003,0.46406,0.0,0.0,0.0,0.0
2018-05-11 12:00:00,2018-05-11 13:00,0.6163,0.141,0.0,0.003,0.4723,0.0,0.0,0.0,0.0
2018-05-11 13:00:00,2018-05-11 14:00,0.595,0.11861,0.0,0.003,0.47339,0.0,0.0,0.0,0.0
2018-05-11 14:00:00,2018-05-11 15:00,0.64025,0.10639,0.0,0.003,0.53086,0.0,0.0,0.0,0.0
2018-05-11 15:00:00,2018-05-11 16:00,1.13006,0.13159,0.0,0.45187,0.5466,0.0,0.0,0.0,0.0
2018-05-11 16:00:00,2018-05-11 17:00,0.67693,0.08622,0.0,0.01736,0.57335,0.0,0.0,0.0,0.0
2018-05-11 17:00:00,2018-05-11 18:00,0.74173,0.01598,0.0,0.10928,0.61647,0.0,0.0,0.0,0.0
2018-05-11 18:00:00,2018-05-11 19:00,1.3339,0.0127,0.0,0.44283,0.87837,0.0,0.0,0.0,0.0
2018-05-11 19:00:00,2018-05-11 20:00,1.12137,0.0,0.0,0.06665,1.05472,0.0,0.0,0.0,0.0
2018-05-11 20:00:00,2018-05-11 21:00,1.27271,0.0,0.0,0.003,1.26971,0.0,0.0,0.0,0.0
2018-05-11 21:00:00,2018-05-11 22:00,1.24991,0.0,0.0,0.003,1.24691,0.0,0.0,0.0,0.0
2018-05-11 22:00:00,2018-05-11 23:00,0.76153,0.0,0.0,0.003,0.75853,0.0,0.0,0.0,0.0
2018-05-11 23:00:00,2018-05-12 00:00,0.52289,0.0,0.0,0.003,0.51989,0.0,0.0,0.0,0.0
2018-05-12 00:00:00,2018-05-12 01:00,0.49061,0.0,0.0,0.003,0.48761,0.0,0.0,0.0,0.0
2018-05-12 01:00:00,2018-05-12 02:00,0.47481,0.0,0.0,0.003,0.47181,0.0,0.0,0.0,0.0
2018-05-12 02:00:00,2018-05-12 03:00,0.48819,0.02439,0.0,0.003,0.4608,0.0,0.0,0.0,0.0
2018-05-12 03:00:00,2018-05-12 04:00,0.88808,0.1147,0.0,0.31619,0.45719,0.0,0.0,0.0,0.0
2018-05-12 04:00:00,2018-05-12 05:00,0.64114,0.18911,0.0,0.003,0.44903,0.0,0.0,0.0,0.0
2018-05-12 05:00:00,2018-05-12 06:00,0.669,0.20702,0.0,0.003,0.45898,0.0,0.0,0.0,0.0
2018-05-12 06:00:00,2018-05-12 07:00,0.80277,0.07742,0.0,0.11148,0.61387,0.08058,0.0,0.0,0.08058
2018-05-12 07:00:00,2018-05-12 08:00,1.10588,0.05,0.0,0.4482,0.60768,0.02622,0.0,0.0,0.02622
2018-05-12 08:00:00,2018-05-12 09:00,0.78822,0.08366,0.0,0.09103,0.61353,0.0,0.0,0.0,0.0
2018-05-12 09:00:00,2018-05-12 10:00,1.03332,0.00624,0.0,0.33357,0.69351,0.0,0.0,0.0,0.0
2018-05-12 10:00:00,2018-05-12 11:00,1.14956,0.0,0.0,0.45061,0.69895,0.0,0.0,0.0,0.0
2018-05-12 11:00:00,2018-05-12 12:00,1.09205,0.0,0.0,0.43796,0.65409,0.0,0.0,0.0,0.0
2018-05-12 12:00:00,2018-05-12 13:00,0.86465,0.0,0.0,0.15432,0.71033,0.02622,0.0,0.0,0.02622
2018-05-12 13:00:00,2018-05-12 14:00,0.71038,0.0,0.0,0.003,0.70738,0.0,0.0,0.0,0.0
2018-05-12 14:00:00,2018-05-12 15:00,0.88545,0.0,0.0,0.22041,0.66504,0.0,0.0,0.0,0.0
2018-05-12 15:00:00,2018-05-12 16:00,0.89589,0.0,0.0,0.21453,0.68136,0.0,0.0,0.0,0.0
2018-05-12 16:00:00,2018-05-12 17:00,0.72855,0.0,0.0,0.003,0.72555,0.02622,0.0,0.0,0.02622
2018-05-12 17:00:00,2018-05-12 18:00,0.7004,0.0,0.0,0.003,0.6974,0.0,0.0,0.0,0.0
2018-05-12 18:00:00,2018-05-12 19:00,0.74309,0.0,0.0,0.003,0.74009,0.0,0.0,0.0,0.0
2018-05-12 19:00:00,2018-05-12 20:00,1.1278,0.0,0.0,0.44384,0.68396,0.0,0.0,0.0,0.0
2018-05-12 20:00:00,2018-05-12 21:00,0.83715,0.0,0.0,0.06304,0.77411,0.0,0.0,0.0,0.0
2018-05-12 21:00:00,2018-05-12 22:00,0.88542,0.0,0.0,0.003,0.88242,0.0,0.0,0.0,0.0
2018-05-12 22:00:00,2018-05-12 23:00,0.71885,0.0,0.0,0.003,0.71585,0.01124,0.0,0.0,0.01124
2018-05-12 23:00:00,2018-05-13 00:00,0.64577,0.0,0.0,0.003,0.64277,0.09556,0.0,0.0,0.09556
2018-05-13 00:00:00,2018-05-13 01:00,0.52954,0.0375,0.0,0.003,0.48904,0.0,0.0,0.0,0.0
2018-05-13 01:00:00,2018-05-13 02:00,0.52527,0.05,0.0,0.003,0.47227,0.0,0.0,0.0,0.0
2018-05-13 02:00:00,2018-05-13 03:00,0.51069,0.05,0.0,0.003,0.45769,0.0,0.0,0.0,0.0
2018-05-13 03:00:00,2018-05-13 04:00,0.55054,0.09242,0.0,0.003,0.45512,0.0,0.0,0.0,0.0
2018-05-13 04:00:00,2018-05-13 05:00,0.92616,0.1767,0.0,0.30043,0.44903,0.0,0.0,0.0,0.0
2018-05-13 05:00:00,2018-05-13 06:00,0.69661,0.24131,0.0,0.003,0.4523,0.0,0.0,0.0,0.0
2018-05-13 06:00:00,2018-05-13 07:00,0.80887,0.26692,0.0,0.003,0.53895,0.01124,0.0,0.0,0.01124
2018-05-13 07:00:00,2018-05-13 08:00,0.66795,0.09089,0.0,0.003,0.57406,0.01498,0.0,0.0,0.01498
2018-05-13 08:00:00,2018-05-13 09:00,0.60076,0.04122,0.0,0.003,0.55654,0.0,0.0,0.0,0.0
2018-05-13 09:00:00,2018-05-13 10:00,0.62356,0.0,0.0,0.003,0.62056,0.0,0.0,0.0,0.0
2018-05-13 10:00:00,2018-05-13 11:00,1.11917,0.0,0.0,0.42371,0.69546,0.0,0.0,0.0,0.0
2018-05-13 11:00:00,2018-05-13 12:00,0.77583,0.0,0.0,0.003,0.77283,0.0,0.0,0.0,0.0
2018-05-13 12:00:00,2018-05-13 13:00,1.03134,0.0,0.0,0.33476,0.69658,0.0,0.0,0.0,0.0
2018-05-13 13:00:00,2018-05-13 14:00,0.80404,0.0,0.0,0.06505,0.73899,0.0,0.0,0.0,0.0
2018-05-13 14:00:00,2018-05-13 15:00,1.11941,0.0,0.01553,0.33336,0.77052,0.0,0.0,0.0,0.0
2018-05-13 15:00:00,2018-05-13 16:00,1.55132,0.0,0.20462,0.45725,0.88945,0.0,0.0,0.0,0.0
2018-05-13 16:00:00,2018-05-13 17:00,1.26015,0.0,0.28658,0.04918,0.92439,0.0,0.0,0.0,0.0
2018-05-13 17:00:00,2018-05-13 18:00,1.22629,0.0,0.35571,0.003,0.86758,0.0,0.0,0.0,0.0
2018-05-13 18:00:00,2018-05-13 19:00,1.58953,0.0,0.39754,0.22254,0.96945,0.0,0.0,0.0,0.0
2018-05-13 19:00:00,2018-05-13 20:00,1.59572,0.0,0.38311,0.18193,1.03068,0.0,0.0,0.0,0.0
2018-05-13 20:00:00,2018-05-13 21:00,1.46267,0.0,0.35773,0.003,1.10194,0.0,0.0,0.0,0.0
2018-05-13 21:00:00,2018-05-13 22:00,1.37069,0.0,0.31949,0.003,1.0482,0.0,0.0,0.0,0.0
2018-05-13 22:00:00,2018-05-13 23:00,0.84544,0.0,0.23368,0.003,0.60876,0.0,0.0,0.0,0.0
2018-05-13 23:00:00,2018-05-14 00:00,0.67741,0.0,0.1991,0.003,0.47531,0.0,0.0,0.0,0.0
2018-05-14 00:00:00,2018-05-14 01:00,0.60406,0.0,0.13259,0.003,0.46847,0.0,0.0,0.0,0.0
2018-05-14 01:00:00,2018-05-14 02:00,0.54724,0.0,0.08015,0.003,0.46409,0.0,0.0,0.0,0.0
2018-05-14 02:00:00,2018-05-14 03:00,0.51048,0.0,0.04938,0.003,0.4581,0.0,0.0,0.0,0.0
2018-05-14 03:00:00,2018-05-14 04:00,0.89337,0.0,0.15343,0.23039,0.50955,0.05247,0.0,0.0,0.05247
2018-05-14 04:00:00,2018-05-14 05:00,0.53489,0.0,0.00577,0.07924,0.44988,0.0,0.0,0.0,0.0
2018-05-14 05:00:00,2018-05-14 06:00,0.47191,0.0,0.0,0.003,0.46891,0.01124,0.0,0.0,0.01124
2018-05-14 06:00:00,2018-05-14 07:00,0.56248,0.0,0.00755,0.003,0.55193,0.01498,0.0,0.0,0.01498
2018-05-14 07:00:00,2018-05-14 08:00,1.0189,0.0,0.0,0.45502,0.56388,0.0,0.0,0.0,0.0
2018-05-14 08:00:00,2018-05-14 09:00,0.89043,0.0,0.0,0.29466,0.59577,0.0,0.0,0.0,0.0
2018-05-14 09:00:00,2018-05-14 10:00,0.86825,0.0,0.0,0.33106,0.53719,0.0,0.0,0.0,0.0
2018-05-14 10:00:00,2018-05-14 11:00,0.94892,0.0,0.08245,0.33489,0.53158,0.0,0.0,0.0,0.0
2018-05-14 11:00:00,2018-05-14 12:00,0.7144,0.0,0.18201,0.003,0.52939,0.0,0.0,0.0,0.0
2018-05-14 12:00:00,2018-05-14 13:00,0.77468,0.0,0.25613,0.003,0.51555,0.0,0.0,0.0,0.0
2018-05-14 13:00:00,2018-05-14 14:00,0.79763,0.0,0.31255,0.003,0.48208,0.0,0.0,0.0,0.0
2018-05-14 14:00:00,2018-05-14 15:00,1.28867,0.0,0.4808,0.22525,0.58262,0.03935,0.0,0.0,0.03935
2018-05-14 15:00:00,2018-05-14 16:00,1.53539,0.0,0.46937,0.46574,0.60028,0.02437,0.0,0.0,0.02437
2018-05-14 16:00:00,2018-05-14 17:00,1.09508,0.0,0.41114,0.01527,0.66867,0.01498,0.0,0.0,0.01498
2018-05-14 17:00:00,2018-05-14 18:00,0.89444,0.0,0.27234,0.003,0.6191,0.0,0.0,0.0,0.0
2018-05-14 18:00:00,2018-05-14 19:00,1.34684,0.0,0.24438,0.22147,0.88099,0.0,0.0,0.0,0.0
2018-05-14 19:00:00,2018-05-14 20:00,1.59086,0.0,0.27693,0.31632,0.99761,0.0,0.0,0.0,0.0
2018-05-14 20:00:00,2018-05-14 21:00,1.35377,0.0,0.27113,0.003,1.07964,0.0,0.0,0.0,0.0
2018-05-14 21:00:00,2018-05-14 22:00,1.44064,0.0,0.2667,0.003,1.17094,0.0,0.0,0.0,0.0
2018-05-14 22:00:00,2018-05-14 23:00,1.08221,0.0,0.21333,0.003,0.86588,0.0,0.0,0.0,0.0
2018-05-14 23:00:00,2018-05-15 00:00,0.96106,0.0,0.14166,0.23149,0.58791,0.0,0.0,0.0,0.0
2018-05-15 00:00:00,2018-05-15 01:00,0.85427,0.0,0.13197,0.23627,0.48603,0.0,0.0,0.0,0.0
2018-05-15 01:00:00,2018-05-15 02:00,0.55295,0.0,0.08585,0.003,0.4641,0.0,0.0,0.0,0.0
2018-05-15 02:00:00,2018-05-15 03:00,0.50974,0.0,0.04866,0.003,0.45808,0.0,0.0,0.0,0.0
2018-05-15 03:00:00,2018-05-15 04:00,0.59404,0.0,0.02334,0.11423,0.45647,0.0,0.0,0.0,0.0
2018-05-15 04:00:00,2018-05-15 05:00,0.68981,0.0,0.0,0.23853,0.45128,0.0,0.0,0.0,0.0
2018-05-15 05:00:00,2018-05-15 06:00,0.47391,0.0,0.0,0.003,0.47091,0.0,0.0,0.0,0.0
2018-05-15 06:00:00,2018-05-15 07:00,0.87783,0.0,0.0,0.33589,0.54194,0.0,0.0,0.0,0.0
2018-05-15 07:00:00,2018-05-15 08:00,1.0056,0.0,0.0,0.45968,0.54592,0.0,0.0,0.0,0.0
2018-05-15 08:00:00,2018-05-15 09:00,0.7174,0.0,0.0,0.22089,0.49651,0.0,0.0,0.0,0.0
2018-05-15 09:00:00,2018-05-15 10:00,0.48456,0.0,0.0,0.003,0.48156,0.0,0.0,0.0,0.0
2018-05-15 10:00:00,2018-05-15 11:00,0.55759,0.0,0.07615,0.003,0.47844,0.0,0.0,0.0,0.0
2018-05-15 11:00:00,2018-05-15 12:00,0.63024,0.0,0.16083,0.003,0.46641,0.0,0.0,0.0,0.0
2018-05-15 12:00:00,2018-05-15 13:00,0.70758,0.0,0.22991,0.003,0.47467,0.0,0.0,0.0,0.0
2018-05-15 13:00:00,2018-05-15 14:00,0.79558,0.0,0.31712,0.003,0.47546,0.0,0.0,0.0,0.0
2018-05-15 14:00:00,2018-05-15 15:00,0.91679,0.0,0.43835,0.003,0.47544,0.0,0.0,0.0,0.0
2018-05-15 15:00:00,2018-05-15 16:00,1.14477,0.0,0.54771,0.11511,0.48195,0.0,0.0,0.0,0.0
2018-05-15 16:00:00,2018-05-15 17:00,1.5869,0.0,0.66674,0.34485,0.57531,0.0,0.0,0.0,0.0
2018-05-15 17:00:00,2018-05-15 18:00,1.4713,0.0,0.75981,0.003,0.70849,0.0,0.0,0.0,0.0
2018-05-15 18:00:00,2018-05-15 19:00,2.06808,0.0,0.81732,0.4459,0.80486,0.0,0.0,0.0,0.0
2018-05-15 19:00:00,2018-05-15 20:00,1.85689,0.0,0.85825,0.003,0.99564,0.02622,0.0,0.0,0.02622
2018-05-15 20:00:00,2018-05-15 21:00,2.26228,0.0,0.76844,0.22252,1.27132,0.0,0.0,0.0,0.0
2018-05-15 21:00:00,2018-05-15 22:00,2.01875,0.0,0.66358,0.27769,1.07748,0.0,0.0,0.0,0.0
2018-05-15 22:00:00,2018-05-15 23:00,1.27361,0.0,0.5436,0.003,0.72701,0.0,0.0,0.0,0.0
2018-05-15 23:00:00,2018-05-16 00:00,0.92764,0.0,0.42265,0.003,0.50199,0.0,0.0,0.0,0.0
2018-05-16 00:00:00,2018-05-16 01:00,0.76435,0.0,0.29288,0.003,0.46847,0.0,0.0,0.0,0.0
2018-05-16 01:00:00,2018-05-16 02:00,0.68282,0.0,0.21571,0.003,0.46411,0.0,0.0,0.0,0.0
2018-05-16 02:00:00,2018-05-16 03:00,0.64041,0.0,0.17931,0.003,0.4581,0.0,0.0,0.0,0.0
2018-05-16 03:00:00,2018-05-16 04:00,0.59188,0.0,0.1329,0.003,0.45598,0.0,0.0,0.0,0.0
2018-05-16 04:00:00,2018-05-16 05:00,0.65037,0.0,0.0862,0.11431,0.44986,0.0,0.0,0.0,0.0
2018-05-16 05:00:00,2018-05-16 06:00,0.69555,0.0,0.04361,0.19422,0.45772,0.0,0.0,0.0,0.0
2018-05-16 06:00:00,2018-05-16 07:00,0.65125,0.0,0.0,0.11426,0.53699,0.0,0.0,0.0,0.0
2018-05-16 07:00:00,2018-05-16 08:00,0.91918,0.0,0.07479,0.34761,0.49678,0.0,0.0,0.0,0.0
2018-05-16 08:00:00,2018-05-16 09:00,0.65563,0.0,0.12567,0.003,0.52696,0.0,0.0,0.0,0.0
2018-05-16 09:00:00,2018-05-16 10:00,0.72657,0.0,0.24177,0.003,0.4818,0.0,0.0,0.0,0.0
2018-05-16 10:00:00,2018-05-16 11:00,1.18777,0.0,0.36285,0.33082,0.4941,0.0,0.0,0.0,0.0
2018-05-16 11:00:00,2018-05-16 12:00,0.96309,0.0,0.4937,0.003,0.46639,0.0,0.0,0.0,0.0
2018-05-16 12:00:00,2018-05-16 13:00,1.09604,0.0,0.61837,0.003,0.47467,0.0,0.0,0.0,0.0
2018-05-16 13:00:00,2018-05-16 14:00,1.37718,0.0,0.7628,0.1159,0.49848,0.0,0.0,0.0,0.0
2018-05-16 14:00:00,2018-05-16 15:00,1.71387,0.0,0.848,0.31519,0.55068,0.0,0.0,0.0,0.0
2018-05-16 15:00:00,2018-05-16 16:00,1.58338,0.0,0.95617,0.003,0.62421,0.0,0.0,0.0,0.0
2018-05-16 16:00:00,2018-05-16 17:00,1.74741,0.0,1.01441,0.11261,0.62039,0.0,0.0,0.0,0.0
2018-05-16 17:00:00,2018-05-16 18:00,2.4383,0.0,1.18021,0.45948,0.79861,0.01124,0.0,0.0,0.01124
2018-05-16 18:00:00,2018-05-16 19:00,2.43034,0.0,1.32248,0.06336,1.0445,0.01498,0.0,0.0,0.01498
2018-05-16 19:00:00,2018-05-16 20:00,2.4158,0.0,1.13321,0.22125,1.06134,0.0,0.0,0.0,0.0
2018-05-16 20:00:00,2018-05-16 21:00,2.5667,0.0,1.13384,0.16402,1.26884,0.02622,0.0,0.0,0.02622
2018-05-16 21:00:00,2018-05-16 22:00,2.2155,0.0,0.96397,0.003,1.24853,0.0,0.0,0.0,0.0
2018-05-16 22:00:00,2018-05-16 23:00,1.79662,0.0,0.84789,0.003,0.94573,0.0,0.0,0.0,0.0
2018-05-16 23:00:00,2018-05-17 00:00,1.17546,0.0,0.69825,0.003,0.47421,0.0,0.0,0.0,0.0
2018-05-17 00:00:00,2018-05-17 01:00,1.07838,0.0,0.60692,0.003,0.46846,0.0,0.0,0.0,0.0
2018-05-17 01:00:00,2018-05-17 02:00,0.99982,0.0,0.53273,0.003,0.46409,0.0,0.0,0.0,0.0
2018-05-17 02:00:00,2018-05-17 03:00,0.93255,0.0,0.47146,0.003,0.45809,0.0,0.0,0.0,0.0
2018-05-17 03:00:00,2018-05-17 04:00,0.86934,0.0,0.41037,0.003,0.45597,0.0,0.0,0.0,0.0
2018-05-17 04:00:00,2018-05-17 05:00,0.81085,0.0,0.35799,0.003,0.44986,0.0,0.0,0.0,0.0
2018-05-17 05:00:00,2018-05-17 06:00,0.75014,0.0,0.29356,0.003,0.45358,0.0,0.0,0.0,0.0
2018-05-17 06:00:00,2018-05-17 07:00,1.05713,0.0,0.22419,0.30216,0.53078,0.0,0.0,0.0,0.0
2018-05-17 07:00:00,2018-05-17 08:00,0.8341,0.0,0.26697,0.003,0.56413,0.0,0.0,0.0,0.0
2018-05-17 08:00:00,2018-05-17 09:00,1.30203,0.0,0.3185,0.34222,0.64131,0.0,0.0,0.0,0.0
2018-05-17 09:00:00,2018-05-17 10:00,0.87111,0.0,0.35169,0.03453,0.48489,0.0,0.0,0.0,0.0
2018-05-17 10:00:00,2018-05-17 11:00,0.901,0.0,0.42888,0.003,0.46912,0.0,0.0,0.0,0.0
2018-05-17 11:00:00,2018-05-17 12:00,1.00347,0.0,0.53407,0.003,0.4664,0.0,0.0,0.0,0.0
2018-05-17 12:00:00,2018-05-17 13:00,1.37882,0.0,0.8107,0.003,0.56512,0.05247,0.0,0.0,0.05247
2018-05-17 13:00:00,2018-05-17 14:00,1.3796,0.0,0.8354,0.003,0.5412,0.0,0.0,0.0,0.0
2018-05-17 14:00:00,2018-05-17 15:00,1.98705,0.0,1.00378,0.44742,0.53585,0.0,0.0,0.0,0.0
2018-05-17 15:00:00,2018-05-17 16:00,1.62994,0.0,1.12653,0.003,0.50041,0.0,0.0,0.0,0.0
2018-05-17 16:00:00,2018-05-17 17:00,1.7824,0.0,1.17203,0.003,0.60737,0.0,0.0,0.0,0.0
2018-05-17 17:00:00,2018-05-17 18:00,2.32892,0.0,1.28562,0.33234,0.71096,0.0,0.0,0.0,0.0
2018-05-17 18:00:00,2018-05-17 19:00,2.32954,0.0,1.33132,0.18027,0.81795,0.0,0.0,0.0,0.0
2018-05-17 19:00:00,2018-05-17 20:00,2.43479,0.0,1.21646,0.22071,0.99762,0.0,0.0,0.0,0.0
2018-05-17 20:00:00,2018-05-17 21:00,2.51896,0.0,1.11528,0.34355,1.06013,0.0,0.0,0.0,0.0
2018-05-17 21:00:00,2018-05-17 22:00,2.04293,0.0,1.00785,0.003,1.03208,0.0,0.0,0.0,0.0
2018-05-17 22:00:00,2018-05-17 23:00,1.54733,0.0,0.87178,0.003,0.67255,0.0,0.0,0.0,0.0
2018-05-17 23:00:00,2018-05-18 00:00,1.21367,0.0,0.73648,0.003,0.47419,0.0,0.0,0.0,0.0
2018-05-18 00:00:00,2018-05-18 01:00,1.12579,0.0,0.65432,0.003,0.46847,0.0,0.0,0.0,0.0
2018-05-18 01:00:00,2018-05-18 02:00,1.02191,0.0,0.55481,0.003,0.4641,0.0,0.0,0.0,0.0
2018-05-18 02:00:00,2018-05-18 03:00,0.99494,0.0,0.42268,0.11418,0.45808,0.0,0.0,0.0,0.0
2018-05-18 03:00:00,2018-05-18 04:00,1.00232,0.0,0.34903,0.19682,0.45647,0.0,0.0,0.0,0.0
2018-05-18 04:00:00,2018-05-18 05:00,0.7509,0.0,0.29662,0.003,0.45128,0.0,0.0,0.0,0.0
2018-05-18 05:00:00,2018-05-18 06:00,0.96229,0.0,0.24835,0.22407,0.48987,0.0,0.0,0.0,0.0
2018-05-18 06:00:00,2018-05-18 07:00,2.7388,0.0,0.10475,0.26947,2.36458,0.0,0.0,0.0,0.0
2018-05-18 07:00:00,2018-05-18 08:00,1.52351,0.0,0.17101,0.003,1.3495,0.0,0.0,0.0,0.0
2018-05-18 08:00:00,2018-05-18 09:00,0.72266,0.0,0.22273,0.003,0.49693,0.0,0.0,0.0,0.0
2018-05-18 09:00:00,2018-05-18 10:00,0.79607,0.0,0.31742,0.003,0.47565,0.0,0.0,0.0,0.0
2018-05-18 10:00:00,2018-05-18 11:00,1.03348,0.0,0.4451,0.11303,0.47535,0.0,0.0,0.0,0.0
2018-05-18 11:00:00,2018-05-18 12:00,1.40009,0.0,0.5654,0.35885,0.47584,0.0,0.0,0.0,0.0
2018-05-18 12:00:00,2018-05-18 13:00,1.57541,0.0,0.96348,0.003,0.60893,0.08058,0.0,0.0,0.08058
2018-05-18 13:00:00,2018-05-18 14:00,1.67846,0.0,0.90708,0.22345,0.54793,0.0,0.0,0.0,0.0
2018-05-18 14:00:00,2018-05-18 15:00,1.93495,0.0,0.99957,0.37262,0.56276,0.0,0.0,0.0,0.0
2018-05-18 15:00:00,2018-05-18 16:00,1.55376,0.0,1.07745,0.003,0.47331,0.0,0.0,0.0,0.0
2018-05-18 16:00:00,2018-05-18 17:00,1.64812,0.0,1.15844,0.003,0.48668,0.0,0.0,0.0,0.0
2018-05-18 17:00:00,2018-05-18 18:00,2.04367,0.0,1.3342,0.003,0.70647,0.02622,0.0,0.0,0.02622
2018-05-18 18:00:00,2018-05-18 19:00,2.0356,0.0,1.23066,0.003,0.80194,0.0,0.0,0.0,0.0
2018-05-18 19:00:00,2018-05-18 20:00,2.32198,0.0,1.12384,0.22426,0.97388,0.0,0.0,0.0,0.0
2018-05-18 20:00:00,2018-05-18 21:00,2.50899,0.0,1.09867,0.1677,1.24262,0.0,0.0,0.0,0.0
2018-05-18 21:00:00,2018-05-18 22:00,2.2434,0.0,0.99184,0.003,1.24856,0.0,0.0,0.0,0.0
2018-05-18 22:00:00,2018-05-18 23:00,1.77504,0.0,0.87961,0.003,0.89243,0.0,0.0,0.0,0.0
2018-05-18 23:00:00,2018-05-19 00:00,1.26118,0.0,0.74344,0.003,0.51474,0.0,0.0,0.0,0.0
2018-05-19 00:00:00,2018-05-19 01:00,1.10218,0.0,0.62948,0.003,0.4697,0.0,0.0,0.0,0.0
2018-05-19 01:00:00,2018-05-19 02:00,1.04515,0.0,0.5768,0.003,0.46535,0.0,0.0,0.0,0.0
2018-05-19 02:00:00,2018-05-19 03:00,1.28125,0.0,0.50492,0.31698,0.45935,0.0,0.0,0.0,0.0
2018-05-19 03:00:00,2018-05-19 04:00,0.90411,0.0,0.44389,0.003,0.45722,0.0,0.0,0.0,0.0
2018-05-19 04:00:00,2018-05-19 05:00,0.85453,0.0,0.40039,0.003,0.45114,0.0,0.0,0.0,0.0
2018-05-19 05:00:00,2018-05-19 06:00,0.74005,0.0,0.28239,0.003,0.45466,0.0,0.0,0.0,0.0
2018-05-19 06:00:00,2018-05-19 07:00,0.73325,0.0,0.17463,0.003,0.55562,0.0,0.0,0.0,0.0
2018-05-19 07:00:00,2018-05-19 08:00,1.01999,0.0,0.20798,0.2281,0.58391,0.0,0.0,0.0,0.0
2018-05-19 08:00:00,2018-05-19 09:00,2.20287,0.0,0.18568,0.31146,1.70573,0.0,0.0,0.0,0.0
2018-05-19 09:00:00,2018-05-19 10:00,0.80995,0.0,0.18443,0.003,0.62252,0.0,0.0,0.0,0.0
2018-05-19 10:00:00,2018-05-19 11:00,0.93343,0.0,0.22148,0.003,0.70895,0.01124,0.0,0.0,0.01124
2018-05-19 11:00:00,2018-05-19 12:00,1.39529,0.0,0.26604,0.33964,0.78961,0.01498,0.0,0.0,0.01498
2018-05-19 12:00:00,2018-05-19 13:00,0.9774,0.0,0.22512,0.003,0.74928,0.0,0.0,0.0,0.0
2018-05-19 13:00:00,2018-05-19 14:00,2.07706,0.0,0.31816,0.003,1.7559,0.02622,0.0,0.0,0.02622
2018-05-19 14:00:00,2018-05-19 15:00,3.55257,0.0,0.23733,0.34036,2.97488,0.0,0.0,0.0,0.0
2018-05-19 15:00:00,2018-05-19 16:00,1.88715,0.0,0.2026,0.07358,1.61097,0.0,0.0,0.0,0.0
2018-05-19 16:00:00,2018-05-19 17:00,0.99033,0.0,0.16326,0.003,0.82407,0.0,0.0,0.0,0.0
2018-05-19 17:00:00,2018-05-19 18:00,1.07473,0.0,0.19023,0.003,0.8815,0.0,0.0,0.0,0.0
2018-05-19 18:00:00,2018-05-19 19:00,1.73833,0.0,0.1742,0.45273,1.1114,0.0,0.0,0.0,0.0
2018-05-19 19:00:00,2018-05-19 20:00,1.44254,0.0,0.15685,0.08237,1.20332,0.0,0.0,0.0,0.0
2018-05-19 20:00:00,2018-05-19 21:00,1.44961,0.0,0.14594,0.003,1.30067,0.0,0.0,0.0,0.0
2018-05-19 21:00:00,2018-05-19 22:00,1.39248,0.0,0.1363,0.003,1.25318,0.0,0.0,0.0,0.0
2018-05-19 22:00:00,2018-05-19 23:00,0.81763,0.0,0.02308,0.003,0.79155,0.0,0.0,0.0,0.0
2018-05-19 23:00:00,2018-05-20 00:00,0.57834,0.0,0.0,0.003,0.57534,0.0,0.0,0.0,0.0
2018-05-20 00:00:00,2018-05-20 01:00,0.4809,0.0,0.0,0.003,0.4779,0.0,0.0,0.0,0.0
2018-05-20 01:00:00,2018-05-20 02:00,0.46788,0.0,0.0,0.003,0.46488,0.0,0.0,0.0,0.0
2018-05-20 02:00:00,2018-05-20 03:00,0.51181,0.05,0.0,0.003,0.45881,0.0,0.0,0.0,0.0
2018-05-20 03:00:00,2018-05-20 04:00,0.50984,0.05,0.0,0.003,0.45684,0.0,0.0,0.0,0.0
2018-05-20 04:00:00,2018-05-20 05:00,0.50777,0.05,0.0,0.003,0.45477,0.0,0.0,0.0,0.0
2018-05-20 05:00:00,2018-05-20 06:00,0.81106,0.05,0.0,0.29582,0.46524,0.0,0.0,0.0,0.0
2018-05-20 06:00:00,2018-05-20 07:00,0.62931,0.05,0.0,0.003,0.57631,0.0,0.0,0.0,0.0
2018-05-20 07:00:00,2018-05-20 08:00,0.88102,0.05,0.0,0.003,0.82802,0.01124,0.0,0.0,0.01124
2018-05-20 08:00:00,2018-05-20 09:00,2.54948,0.025,0.0,0.003,2.52148,0.01498,0.0,0.0,0.01498
2018-05-20 09:00:00,2018-05-20 10:00,2.97199,0.0,0.0,0.3401,2.63189,0.0,0.0,0.0,0.0
2018-05-20 10:00:00,2018-05-20 11:00,0.71108,0.0,0.0,0.003,0.70808,0.0,0.0,0.0,0.0
2018-05-20 11:00:00,2018-05-20 12:00,0.7851,0.0,0.0,0.003,0.7821,0.0,0.0,0.0,0.0
2018-05-20 12:00:00,2018-05-20 13:00,0.84345,0.0,0.09029,0.003,0.75016,0.0,0.0,0.0,0.0
2018-05-20 13:00:00,2018-05-20 14:00,1.42482,0.0,0.20835,0.44546,0.77101,0.0,0.0,0.0,0.0
2018-05-20 14:00:00,2018-05-20 15:00,1.26155,0.0,0.29852,0.16463,0.7984,0.0,0.0,0.0,0.0
2018-05-20 15:00:00,2018-05-20 16:00,1.17465,0.0,0.39681,0.003,0.77484,0.0,0.0,0.0,0.0
2018-05-20 16:00:00,2018-05-20 17:00,1.32942,0.0,0.46458,0.11312,0.75172,0.0,0.0,0.0,0.0
2018-05-20 17:00:00,2018-05-20 18:00,1.71912,0.0,0.53563,0.32982,0.85367,0.0,0.0,0.0,0.0
2018-05-20 18:00:00,2018-05-20 19:00,1.4667,0.0,0.54992,0.003,0.91378,0.0,0.0,0.0,0.0
2018-05-20 19:00:00,2018-05-20 20:00,1.57052,0.0,0.53684,0.003,1.03068,0.0,0.0,0.0,0.0
2018-05-20 20:00:00,2018-05-20 21:00,1.61164,0.0,0.5067,0.003,1.10194,0.0,0.0,0.0,0.0
2018-05-20 21:00:00,2018-05-20 22:00,2.06537,0.0,0.48818,0.34034,1.23685,0.0,0.0,0.0,0.0
2018-05-20 22:00:00,2018-05-20 23:00,1.41042,0.0,0.42325,0.07096,0.91621,0.0,0.0,0.0,0.0
2018-05-20 23:00:00,2018-05-21 00:00,0.85295,0.0,0.33649,0.003,0.51346,0.0,0.0,0.0,0.0
2018-05-21 00:00:00,2018-05-21 01:00,0.73095,0.0,0.25948,0.003,0.46847,0.0,0.0,0.0,0.0
2018-05-21 01:00:00,2018-05-21 02:00,0.69381,0.0,0.2267,0.003,0.46411,0.0,0.0,0.0,0.0
2018-05-21 02:00:00,2018-05-21 03:00,0.63653,0.0,0.17544,0.003,0.45809,0.0,0.0,0.0,0.0
2018-05-21 03:00:00,2018-05-21 04:00,0.59195,0.0,0.13296,0.003,0.45599,0.0,0.0,0.0,0.0
2018-05-21 04:00:00,2018-05-21 05:00,0.57557,0.0,0.12269,0.003,0.44988,0.0,0.0,0.0,0.0
2018-05-21 05:00:00,2018-05-21 06:00,0.80401,0.0,0.11332,0.22189,0.4688,0.0,0.0,0.0,0.0
2018-05-21 06:00:00,2018-05-21 07:00,1.11968,0.0,0.07052,0.44414,0.60502,0.0,0.0,0.0,0.0
2018-05-21 07:00:00,2018-05-21 08:00,1.21203,0.0,0.09326,0.45237,0.6664,0.0,0.0,0.0,0.0
2018-05-21 08:00:00,2018-05-21 09:00,0.86712,0.0,0.06266,0.21745,0.58701,0.0,0.0,0.0,0.0
2018-05-21 09:00:00,2018-05-21 10:00,0.83611,0.0,0.08571,0.21305,0.53735,0.0,0.0,0.0,0.0
2018-05-21 10:00:00,2018-05-21 11:00,1.04858,0.0,0.09212,0.42486,0.5316,0.0,0.0,0.0,0.0
2018-05-21 11:00:00,2018-05-21 12:00,1.0694,0.0,0.09596,0.45041,0.52303,0.0,0.0,0.0,0.0
2018-05-21 12:00:00,2018-05-21 13:00,0.71943,0.0,0.10767,0.1371,0.47466,0.0,0.0,0.0,0.0
2018-05-21 13:00:00,2018-05-21 14:00,0.6506,0.0,0.17212,0.003,0.47548,0.0,0.0,0.0,0.0
2018-05-21 14:00:00,2018-05-21 15:00,0.74137,0.0,0.26292,0.003,0.47545,0.0,0.0,0.0,0.0
2018-05-21 15:00:00,2018-05-21 16:00,0.84423,0.0,0.34078,0.003,0.50045,0.0,0.0,0.0,0.0
2018-05-21 16:00:00,2018-05-21 17:00,0.98235,0.0,0.39378,0.003,0.58557,0.0,0.0,0.0,0.0
2018-05-21 17:00:00,2018-05-21 18:00,1.51102,0.0,0.43609,0.35118,0.72375,0.0,0.0,0.0,0.0
2018-05-21 18:00:00,2018-05-21 19:00,1.28398,0.0,0.39107,0.02456,0.86835,0.0,0.0,0.0,0.0
2018-05-21 19:00:00,2018-05-21 20:00,1.72346,0.0,0.39925,0.22758,1.09663,0.0,0.0,0.0,0.0
2018-05-21 20:00:00,2018-05-21 21:00,1.92823,0.0,0.39847,0.25846,1.2713,0.0,0.0,0.0,0.0
2018-05-21 21:00:00,2018-05-21 22:00,1.81453,0.0,0.34418,0.22181,1.24854,0.0,0.0,0.0,0.0
2018-05-21 22:00:00,2018-05-21 23:00,1.26657,0.0,0.25177,0.28629,0.72851,0.0,0.0,0.0,0.0
2018-05-21 23:00:00,2018-05-22 00:00,0.71852,0.0,0.20855,0.003,0.50697,0.0,0.0,0.0,0.0
2018-05-22 00:00:00,2018-05-22 01:00,0.6966,0.0,0.22512,0.003,0.46848,0.0,0.0,0.0,0.0
2018-05-22 01:00:00,2018-05-22 02:00,0.65521,0.0,0.1881,0.003,0.46411,0.0,0.0,0.0,0.0
2018-05-22 02:00:00,2018-05-22 03:00,0.62026,0.0,0.15917,0.003,0.45809,0.0,0.0,0.0,0.0
2018-05-22 03:00:00,2018-05-22 04:00,0.60188,0.0,0.14288,0.003,0.456,0.0,0.0,0.0,0.0
2018-05-22 04:00:00,2018-05-22 05:00,0.57498,0.0,0.1221,0.003,0.44988,0.0,0.0,0.0,0.0
2018-05-22 05:00:00,2018-05-22 06:00,0.88398,0.0,0.09351,0.3373,0.45317,0.0,0.0,0.0,0.0
2018-05-22 06:00:00,2018-05-22 07:00,0.5395,0.0,0.04225,0.003,0.49425,0.0,0.0,0.0,0.0
2018-05-22 07:00:00,2018-05-22 08:00,0.92232,0.0,0.11761,0.22466,0.58005,0.0,0.0,0.0,0.0
2018-05-22 08:00:00,2018-05-22 09:00,1.11166,0.0,0.11501,0.46356,0.53309,0.0,0.0,0.0,0.0
2018-05-22 09:00:00,2018-05-22 10:00,0.7457,0.0,0.14,0.06836,0.53734,0.0,0.0,0.0,0.0
2018-05-22 10:00:00,2018-05-22 11:00,0.90388,0.0,0.15766,0.22089,0.52533,0.0,0.0,0.0,0.0
2018-05-22 11:00:00,2018-05-22 12:00,0.86555,0.0,0.18261,0.21651,0.46643,0.0,0.0,0.0,0.0
2018-05-22 12:00:00,2018-05-22 13:00,0.72331,0.0,0.24564,0.003,0.47467,0.0,0.0,0.0,0.0
2018-05-22 13:00:00,2018-05-22 14:00,0.8112,0.0,0.32609,0.003,0.48211,0.0,0.0,0.0,0.0
2018-05-22 14:00:00,2018-05-22 15:00,1.09228,0.0,0.43549,0.11353,0.54326,0.0,0.0,0.0,0.0
2018-05-22 15:00:00,2018-05-22 16:00,1.59064,0.0,0.62683,0.32452,0.63929,0.02622,0.0,0.0,0.02622
2018-05-22 16:00:00,2018-05-22 17:00,1.33433,0.0,0.66735,0.003,0.66398,0.0,0.0,0.0,0.0
2018-05-22 17:00:00,2018-05-22 18:00,2.19078,0.0,0.75467,0.45279,0.98332,0.0,0.0,0.0,0.0
2018-05-22 18:00:00,2018-05-22 19:00,3.7891,0.0,0.93924,0.08332,2.76654,0.0,0.0,0.0,0.0
2018-05-22 19:00:00,2018-05-22 20:00,1.79166,0.0,0.81478,0.003,0.97388,0.0,0.0,0.0,0.0
2018-05-22 20:00:00,2018-05-22 21:00,2.03548,0.0,0.78987,0.003,1.24261,0.0,0.0,0.0,0.0
2018-05-22 21:00:00,2018-05-22 22:00,2.2821,0.0,0.7185,0.32786,1.23574,0.0,0.0,0.0,0.0
2018-05-22 22:00:00,2018-05-22 23:00,1.34705,0.0,0.60306,0.003,0.74099,0.0,0.0,0.0,0.0
2018-05-22 23:00:00,2018-05-23 00:00,1.01016,0.0,0.51279,0.003,0.49437,0.0,0.0,0.0,0.0
2018-05-23 00:00:00,2018-05-23 01:00,0.88227,0.0,0.41081,0.003,0.46846,0.0,0.0,0.0,0.0
2018-05-23 01:00:00,2018-05-23 02:00,0.83134,0.0,0.36425,0.003,0.46409,0.0,0.0,0.0,0.0
2018-05-23 02:00:00,2018-05-23 03:00,0.78901,0.0,0.32793,0.003,0.45808,0.0,0.0,0.0,0.0
2018-05-23 03:00:00,2018-05-23 04:00,0.75808,0.0,0.29909,0.003,0.45599,0.0,0.0,0.0,0.0
2018-05-23 04:00:00,2018-05-23 05:00,0.71286,0.0,0.25998,0.003,0.44988,0.0,0.0,0.0,0.0
2018-05-23 05:00:00,2018-05-23 06:00,0.68762,0.0,0.2236,0.003,0.46102,0.0,0.0,0.0,0.0
2018-05-23 06:00:00,2018-05-23 07:00,1.30584,0.0,0.27092,0.45177,0.58315,0.02622,0.0,0.0,0.02622
2018-05-23 07:00:00,2018-05-23 08:00,1.24592,0.0,0.38912,0.27159,0.58521,0.05247,0.0,0.0,0.05247
2018-05-23 08:00:00,2018-05-23 09:00,0.84185,0.0,0.30573,0.003,0.53312,0.0,0.0,0.0,0.0
2018-05-23 09:00:00,2018-05-23 10:00,1.37346,0.0,0.39994,0.45785,0.51567,0.0,0.0,0.0,0.0
2018-05-23 10:00:00,2018-05-23 11:00,0.9598,0.0,0.41667,0.07399,0.46914,0.0,0.0,0.0,0.0
2018-05-23 11:00:00,2018-05-23 12:00,0.94655,0.0,0.47713,0.003,0.46642,0.0,0.0,0.0,0.0
2018-05-23 12:00:00,2018-05-23 13:00,1.04742,0.0,0.54752,0.003,0.4969,0.0,0.0,0.0,0.0
2018-05-23 13:00:00,2018-05-23 14:00,1.47904,0.0,0.60401,0.33384,0.54119,0.0,0.0,0.0,0.0
2018-05-23 14:00:00,2018-05-23 15:00,1.44572,0.0,0.64186,0.30158,0.50228,0.0,0.0,0.0,0.0
2018-05-23 15:00:00,2018-05-23 16:00,1.44111,0.0,0.87442,0.003,0.56369,0.02622,0.0,0.0,0.02622
2018-05-23 16:00:00,2018-05-23 17:00,1.59459,0.0,0.99005,0.003,0.60154,0.02622,0.0,0.0,0.02622
2018-05-23 17:00:00,2018-05-23 18:00,1.75995,0.0,1.06133,0.003,0.69562,0.0,0.0,0.0,0.0
2018-05-23 18:00:00,2018-05-23 19:00,2.52469,0.0,1.21772,0.39445,0.91252,0.0,0.0,0.0,0.0
2018-05-23 19:00:00,2018-05-23 20:00,2.07091,0.0,1.08923,0.003,0.97868,0.0,0.0,0.0,0.0
2018-05-23 20:00:00,2018-05-23 21:00,2.14273,0.0,1.07739,0.003,1.06234,0.01124,0.0,0.0,0.01124
2018-05-23 21:00:00,2018-05-23 22:00,2.14141,0.0,1.06219,0.003,1.07622,0.01498,0.0,0.0,0.01498
2018-05-23 22:00:00,2018-05-23 23:00,1.63153,0.0,0.89241,0.003,0.73612,0.0,0.0,0.0,0.0
2018-05-23 23:00:00,2018-05-24 00:00,1.25654,0.0,0.77934,0.003,0.4742,0.0,0.0,0.0,0.0
2018-05-24 00:00:00,2018-05-24 01:00,1.18922,0.0,0.71775,0.003,0.46847,0.0,0.0,0.0,0.0
2018-05-24 01:00:00,2018-05-24 02:00,1.12031,0.0,0.65321,0.003,0.4641,0.0,0.0,0.0,0.0
2018-05-24 02:00:00,2018-05-24 03:00,1.04549,0.0,0.58441,0.003,0.45808,0.0,0.0,0.0,0.0
2018-05-24 03:00:00,2018-05-24 04:00,0.99138,0.0,0.53238,0.003,0.456,0.0,0.0,0.0,0.0
2018-05-24 04:00:00,2018-05-24 05:00,1.08901,0.0,0.51789,0.11787,0.45325,0.0,0.0,0.0,0.0
2018-05-24 05:00:00,2018-05-24 06:00,1.43381,0.0,0.49757,0.46917,0.46707,0.0,0.0,0.0,0.0
2018-05-24 06:00:00,2018-05-24 07:00,1.08383,0.0,0.51373,0.003,0.5671,0.0,0.0,0.0,0.0
2018-05-24 07:00:00,2018-05-24 08:00,1.48604,0.0,0.53366,0.39983,0.55255,0.0,0.0,0.0,0.0
2018-05-24 08:00:00,2018-05-24 09:00,1.30436,0.0,0.61305,0.11312,0.57819,0.0,0.0,0.0,0.0
2018-05-24 09:00:00,2018-05-24 10:00,1.8098,0.0,0.75715,0.45348,0.59917,0.0,0.0,0.0,0.0
2018-05-24 10:00:00,2018-05-24 11:00,1.73207,0.0,1.02549,0.09196,0.61462,0.0,0.0,0.0,0.0
2018-05-24 11:00:00,2018-05-24 12:00,2.87975,0.0,1.27867,0.003,1.59808,0.0,0.0,0.0,0.0
2018-05-24 12:00:00,2018-05-24 13:00,1.93682,0.0,1.45915,0.003,0.47467,0.0,0.0,0.0,0.0
2018-05-24 13:00:00,2018-05-24 14:00,1.9928,0.0,1.51432,0.003,0.47548,0.0,0.0,0.0,0.0
2018-05-24 14:00:00,2018-05-24 15:00,2.04108,0.0,1.56262,0.003,0.47546,0.0,0.0,0.0,0.0
2018-05-24 15:00:00,2018-05-24 16:00,2.24264,0.0,1.59041,0.11466,0.53757,0.0,0.0,0.0,0.0
2018-05-24 16:00:00,2018-05-24 17:00,2.52286,0.0,1.59027,0.35714,0.57545,0.0,0.0,0.0,0.0
2018-05-24 17:00:00,2018-05-24 18:00,2.37479,0.0,1.56991,0.003,0.80188,0.06745,0.0,0.0,0.06745
2018-05-24 18:00:00,2018-05-24 19:00,2.4771,0.0,1.52849,0.003,0.94561,0.01312,0.0,0.0,0.01312
2018-05-24 19:00:00,2018-05-24 20:00,2.40868,0.0,1.40759,0.003,0.99809,0.0,0.0,0.0,0.0
2018-05-24 20:00:00,2018-05-24 21:00,2.3553,0.0,1.1769,0.003,1.1754,0.0,0.0,0.0,0.0
2018-05-24 21:00:00,2018-05-24 22:00,1.88476,0.0,0.99122,0.003,0.89054,0.0,0.0,0.0,0.0
2018-05-24 22:00:00,2018-05-24 23:00,1.47908,0.0,0.86843,0.003,0.60765,0.0,0.0,0.0,0.0
2018-05-24 23:00:00,2018-05-25 00:00,1.31986,0.0,0.79525,0.003,0.52161,0.0,0.0,0.0,0.0
2018-05-25 00:00:00,2018-05-25 01:00,1.43457,0.0,0.72436,0.23398,0.47623,0.0,0.0,0.0,0.0
2018-05-25 01:00:00,2018-05-25 02:00,1.1644,0.0,0.64463,0.05567,0.4641,0.0,0.0,0.0,0.0
2018-05-25 02:00:00,2018-05-25 03:00,1.08145,0.0,0.62036,0.003,0.45809,0.0,0.0,0.0,0.0
2018-05-25 03:00:00,2018-05-25 04:00,1.02713,0.0,0.56813,0.003,0.456,0.0,0.0,0.0,0.0
2018-05-25 04:00:00,2018-05-25 05:00,0.99201,0.0,0.53577,0.003,0.45324,0.0,0.0,0.0,0.0
2018-05-25 05:00:00,2018-05-25 06:00,1.20104,0.0,0.49245,0.23006,0.47853,0.0,0.0,0.0,0.0
2018-05-25 06:00:00,2018-05-25 07:00,1.79674,0.0,0.66264,0.19492,0.93918,0.06745,0.0,0.0,0.06745
2018-05-25 07:00:00,2018-05-25 08:00,3.47429,0.0,0.63989,0.11345,2.72095,0.01312,0.0,0.0,0.01312
2018-05-25 08:00:00,2018-05-25 09:00,2.33898,0.0,0.64524,0.32936,1.36438,0.0,0.0,0.0,0.0
2018-05-25 09:00:00,2018-05-25 10:00,1.37493,0.0,0.68505,0.11234,0.57754,0.0,0.0,0.0,0.0
2018-05-25 10:00:00,2018-05-25 11:00,1.70875,0.0,0.78446,0.39269,0.5316,0.0,0.0,0.0,0.0
2018-05-25 11:00:00,2018-05-25 12:00,1.43054,0.0,0.89818,0.003,0.52936,0.0,0.0,0.0,0.0
2018-05-25 12:00:00,2018-05-25 13:00,1.53113,0.0,0.99686,0.003,0.53127,0.0,0.0,0.0,0.0
2018-05-25 13:00:00,2018-05-25 14:00,1.62554,0.0,1.10767,0.003,0.51487,0.0,0.0,0.0,0.0
2018-05-25 14:00:00,2018-05-25 15:00,2.01606,0.0,1.24558,0.22721,0.54327,0.0,0.0,0.0,0.0
2018-05-25 15:00:00,2018-05-25 16:00,2.13134,0.0,1.41685,0.18442,0.53007,0.0,0.0,0.0,0.0
2018-05-25 16:00:00,2018-05-25 17:00,2.15561,0.0,1.54527,0.003,0.60734,0.0,0.0,0.0,0.0
2018-05-25 17:00:00,2018-05-25 18:00,2.12648,0.0,1.38627,0.003,0.73721,0.02622,0.0,0.0,0.02622
2018-05-25 18:00:00,2018-05-25 19:00,2.1384,0.0,1.2069,0.003,0.9285,0.0,0.0,0.0,0.0
2018-05-25 19:00:00,2018-05-25 20:00,2.33103,0.0,1.16801,0.003,1.16002,0.0,0.0,0.0,0.0
2018-05-25 20:00:00,2018-05-25 21:00,2.40899,0.0,1.07331,0.22746,1.10822,0.0,0.0,0.0,0.0
2018-05-25 21:00:00,2018-05-25 22:00,2.17751,0.0,0.96904,0.20849,0.99998,0.0,0.0,0.0,0.0
2018-05-25 22:00:00,2018-05-25 23:00,1.53119,0.0,0.83792,0.003,0.69027,0.0,0.0,0.0,0.0
2018-05-25 23:00:00,2018-05-26 00:00,1.2761,0.0,0.75119,0.003,0.52191,0.0,0.0,0.0,0.0
2018-05-26 00:00:00,2018-05-26 01:00,1.15329,0.0,0.67741,0.003,0.47288,0.0,0.0,0.0,0.0
2018-05-26 01:00:00,2018-05-26 02:00,1.0845,0.0,0.61617,0.003,0.46533,0.0,0.0,0.0,0.0
2018-05-26 02:00:00,2018-05-26 03:00,1.02046,0.0,0.55812,0.003,0.45934,0.0,0.0,0.0,0.0
2018-05-26 03:00:00,2018-05-26 04:00,0.96925,0.0,0.50872,0.003,0.45753,0.0,0.0,0.0,0.0
2018-05-26 04:00:00,2018-05-26 05:00,1.16265,0.0,0.47872,0.23051,0.45342,0.0,0.0,0.0,0.0
2018-05-26 05:00:00,2018-05-26 06:00,1.01595,0.0,0.45404,0.11109,0.45082,0.0,0.0,0.0,0.0
2018-05-26 06:00:00,2018-05-26 07:00,0.93689,0.0,0.44389,0.003,0.49,0.0,0.0,0.0,0.0
2018-05-26 07:00:00,2018-05-26 08:00,0.97378,0.0,0.49417,0.003,0.47661,0.0,0.0,0.0,0.0
2018-05-26 08:00:00,2018-05-26 09:00,1.16319,0.0,0.60037,0.003,0.55982,0.01124,0.0,0.0,0.01124
2018-05-26 09:00:00,2018-05-26 10:00,1.84746,0.0,0.75677,0.45318,0.63751,0.01498,0.0,0.0,0.01498
2018-05-26 10:00:00,2018-05-26 11:00,1.49363,0.0,0.86626,0.003,0.62437,0.0,0.0,0.0,0.0
2018-05-26 11:00:00,2018-05-26 12:00,1.82342,0.0,1.14167,0.003,0.67875,0.02622,0.0,0.0,0.02622
2018-05-26 12:00:00,2018-05-26 13:00,2.10761,0.0,1.27528,0.11456,0.71777,0.0,0.0,0.0,0.0
2018-05-26 13:00:00,2018-05-26 14:00,2.50038,0.0,1.47409,0.28658,0.73971,0.0,0.0,0.0,0.0
2018-05-26 14:00:00,2018-05-26 15:00,2.44462,0.0,1.62368,0.003,0.81794,0.0,0.0,0.0,0.0
2018-05-26 15:00:00,2018-05-26 16:00,2.76528,0.0,1.62842,0.33551,0.80135,0.0,0.0,0.0,0.0
2018-05-26 16:00:00,2018-05-26 17:00,2.65221,0.0,1.6212,0.2306,0.80041,0.0,0.0,0.0,0.0
2018-05-26 17:00:00,2018-05-26 18:00,2.40382,0.0,1.62111,0.11368,0.66903,0.0,0.0,0.0,0.0
2018-05-26 18:00:00,2018-05-26 19:00,2.9067,0.0,1.62108,0.45744,0.82818,0.0,0.0,0.0,0.0
2018-05-26 19:00:00,2018-05-26 20:00,2.67008,0.0,1.5992,0.21236,0.85852,0.0,0.0,0.0,0.0
2018-05-26 20:00:00,2018-05-26 21:00,2.76473,0.0,1.51257,0.27816,0.974,0.0,0.0,0.0,0.0
2018-05-26 21:00:00,2018-05-26 22:00,2.50671,0.0,1.44168,0.003,1.06203,0.0,0.0,0.0,0.0
2018-05-26 22:00:00,2018-05-26 23:00,2.00059,0.0,1.33028,0.003,0.66731,0.0,0.0,0.0,0.0
2018-05-26 23:00:00,2018-05-27 00:00,1.61502,0.0,1.08779,0.003,0.52423,0.0,0.0,0.0,0.0
2018-05-27 00:00:00,2018-05-27 01:00,1.88429,0.0,0.94835,0.45465,0.48129,0.0,0.0,0.0,0.0
2018-05-27 01:00:00,2018-05-27 02:00,1.33741,0.0,0.84438,0.02631,0.46672,0.0,0.0,0.0,0.0
2018-05-27 02:00:00,2018-05-27 03:00,1.20639,0.0,0.74405,0.003,0.45934,0.0,0.0,0.0,0.0
2018-05-27 03:00:00,2018-05-27 04:00,1.14144,0.0,0.68121,0.003,0.45723,0.0,0.0,0.0,0.0
2018-05-27 04:00:00,2018-05-27 05:00,1.0864,0.0,0.63228,0.003,0.45112,0.0,0.0,0.0,0.0
2018-05-27 05:00:00,2018-05-27 06:00,1.04109,0.0,0.58727,0.003,0.45082,0.0,0.0,0.0,0.0
2018-05-27 06:00:00,2018-05-27 07:00,1.09773,0.0,0.57423,0.003,0.5205,0.0,0.0,0.0,0.0
2018-05-27 07:00:00,2018-05-27 08:00,1.2107,0.0,0.6238,0.003,0.5839,0.0,0.0,0.0,0.0
2018-05-27 08:00:00,2018-05-27 09:00,1.72259,0.0,0.74423,0.3293,0.64906,0.0,0.0,0.0,0.0
2018-05-27 09:00:00,2018-05-27 10:00,1.5877,0.0,0.91506,0.003,0.66964,0.0,0.0,0.0,0.0
2018-05-27 10:00:00,2018-05-27 11:00,1.8207,0.0,1.07492,0.11358,0.6322,0.0,0.0,0.0,0.0
2018-05-27 11:00:00,2018-05-27 12:00,2.37345,0.0,1.20281,0.44763,0.72301,0.0,0.0,0.0,0.0
2018-05-27 12:00:00,2018-05-27 13:00,2.02403,0.0,1.28328,0.003,0.73775,0.0,0.0,0.0,0.0
2018-05-27 13:00:00,2018-05-27 14:00,2.08057,0.0,1.3812,0.003,0.69637,0.0,0.0,0.0,0.0
2018-05-27 14:00:00,2018-05-27 15:00,2.68295,0.0,1.44621,0.4425,0.79424,0.0,0.0,0.0,0.0
2018-05-27 15:00:00,2018-05-27 16:00,2.34055,0.0,1.51072,0.003,0.82683,0.0,0.0,0.0,0.0
2018-05-27 16:00:00,2018-05-27 17:00,2.39055,0.0,1.56342,0.003,0.82413,0.0,0.0,0.0,0.0
2018-05-27 17:00:00,2018-05-27 18:00,2.84755,0.0,1.5828,0.39687,0.86788,0.0,0.0,0.0,0.0
2018-05-27 18:00:00,2018-05-27 19:00,2.41812,0.0,1.58352,0.003,0.8316,0.0,0.0,0.0,0.0
2018-05-27 19:00:00,2018-05-27 20:00,2.26133,0.0,1.553,0.003,0.70533,0.0,0.0,0.0,0.0
2018-05-27 20:00:00,2018-05-27 21:00,2.53033,0.0,1.51209,0.11385,0.90439,0.0,0.0,0.0,0.0
2018-05-27 21:00:00,2018-05-27 22:00,2.57835,0.0,1.47903,0.21562,0.8837,0.0,0.0,0.0,0.0
2018-05-27 22:00:00,2018-05-27 23:00,2.23991,0.0,1.39879,0.003,0.83812,0.0,0.0,0.0,0.0
2018-05-27 23:00:00,2018-05-28 00:00,1.7892,0.0,1.26742,0.003,0.51878,0.0,0.0,0.0,0.0
2018-05-28 00:00:00,2018-05-28 01:00,1.66037,0.0,1.18813,0.003,0.46924,0.0,0.0,0.0,0.0
2018-05-28 01:00:00,2018-05-28 02:00,1.59319,0.0,1.11823,0.003,0.47196,0.0,0.0,0.0,0.0
2018-05-28 02:00:00,2018-05-28 03:00,1.52072,0.0,1.05846,0.003,0.45926,0.0,0.0,0.0,0.0
2018-05-28 03:00:00,2018-05-28 04:00,1.43138,0.0,0.97208,0.003,0.4563,0.0,0.0,0.0,0.0
2018-05-28 04:00:00,2018-05-28 05:00,1.44601,0.0,0.87638,0.11477,0.45486,0.0,0.0,0.0,0.0
2018-05-28 05:00:00,2018-05-28 06:00,1.47662,0.0,0.78303,0.2341,0.45949,0.0,0.0,0.0,0.0
2018-05-28 06:00:00,2018-05-28 07:00,1.47678,0.0,0.88789,0.003,0.58589,0.03935,0.0,0.0,0.03935
2018-05-28 07:00:00,2018-05-28 08:00,1.84679,0.0,0.9138,0.33964,0.59335,0.01312,0.0,0.0,0.01312
2018-05-28 08:00:00,2018-05-28 09:00,1.58503,0.0,0.9461,0.09066,0.54827,0.0,0.0,0.0,0.0
2018-05-28 09:00:00,2018-05-28 10:00,1.72713,0.0,1.05293,0.1121,0.5621,0.0,0.0,0.0,0.0
2018-05-28 10:00:00,2018-05-28 11:00,2.04243,0.0,1.17869,0.38526,0.47848,0.0,0.0,0.0,0.0
2018-05-28 11:00:00,2018-05-28 12:00,1.82252,0.0,1.35311,0.003,0.46641,0.0,0.0,0.0,0.0
2018-05-28 12:00:00,2018-05-28 13:00,2.05752,0.0,1.57983,0.003,0.47469,0.0,0.0,0.0,0.0
2018-05-28 13:00:00,2018-05-28 14:00,2.16355,0.0,1.68495,0.003,0.4756,0.0,0.0,0.0,0.0
2018-05-28 14:00:00,2018-05-28 15:00,2.2792,0.0,1.75001,0.003,0.52619,0.02622,0.0,0.0,0.02622
2018-05-28 15:00:00,2018-05-28 16:00,2.35832,0.0,1.77428,0.003,0.58104,0.0,0.0,0.0,0.0
2018-05-28 16:00:00,2018-05-28 17:00,2.84471,0.0,1.56363,0.22757,1.05351,0.0,0.0,0.0,0.0
2018-05-28 17:00:00,2018-05-28 18:00,3.39643,0.0,1.42097,0.4277,1.54776,0.0,0.0,0.0,0.0
2018-05-28 18:00:00,2018-05-28 19:00,2.2027,0.0,1.39714,0.003,0.80256,0.0,0.0,0.0,0.0
2018-05-28 19:00:00,2018-05-28 20:00,2.41399,0.0,1.38746,0.11274,0.91379,0.0,0.0,0.0,0.0
2018-05-28 20:00:00,2018-05-28 21:00,3.07214,0.0,1.33488,0.46594,1.27132,0.0,0.0,0.0,0.0
2018-05-28 21:00:00,2018-05-28 22:00,2.58577,0.0,1.25297,0.08426,1.24854,0.0,0.0,0.0,0.0
2018-05-28 22:00:00,2018-05-28 23:00,1.95992,0.0,1.12809,0.003,0.82883,0.0,0.0,0.0,0.0
2018-05-28 23:00:00,2018-05-29 00:00,1.52171,0.0,0.96599,0.003,0.55272,0.0,0.0,0.0,0.0
2018-05-29 00:00:00,2018-05-29 01:00,1.36074,0.0,0.88851,0.003,0.46923,0.0,0.0,0.0,0.0
2018-05-29 01:00:00,2018-05-29 02:00,1.33709,0.0,0.86876,0.003,0.46533,0.0,0.0,0.0,0.0
2018-05-29 02:00:00,2018-05-29 03:00,1.31149,0.0,0.8504,0.003,0.45809,0.0,0.0,0.0,0.0
2018-05-29 03:00:00,2018-05-29 04:00,1.28491,0.0,0.82592,0.003,0.45599,0.0,0.0,0.0,0.0
2018-05-29 04:00:00,2018-05-29 05:00,1.22658,0.0,0.7737,0.003,0.44988,0.0,0.0,0.0,0.0
2018-05-29 05:00:00,2018-05-29 06:00,1.34457,0.0,0.7569,0.11511,0.47256,0.01124,0.0,0.0,0.01124
2018-05-29 06:00:00,2018-05-29 07:00,1.73149,0.0,0.81475,0.31824,0.5985,0.01498,0.0,0.0,0.01498
2018-05-29 07:00:00,2018-05-29 08:00,1.45192,0.0,0.77322,0.1122,0.5665,0.0,0.0,0.0,0.0
2018-05-29 08:00:00,2018-05-29 09:00,1.90187,0.0,0.85882,0.44989,0.59316,0.0,0.0,0.0,0.0
2018-05-29 09:00:00,2018-05-29 10:00,2.02164,0.0,0.98257,0.46152,0.57755,0.0,0.0,0.0,0.0
2018-05-29 10:00:00,2018-05-29 11:00,1.67215,0.0,1.13755,0.003,0.5316,0.0,0.0,0.0,0.0
2018-05-29 11:00:00,2018-05-29 12:00,2.07475,0.0,1.32711,0.22459,0.52305,0.0,0.0,0.0,0.0
2018-05-29 12:00:00,2018-05-29 13:00,2.18646,0.0,1.54767,0.16411,0.47468,0.0,0.0,0.0,0.0
2018-05-29 13:00:00,2018-05-29 14:00,2.12918,0.0,1.65061,0.003,0.47557,0.0,0.0,0.0,0.0
2018-05-29 14:00:00,2018-05-29 15:00,2.14867,0.0,1.66969,0.003,0.47598,0.0,0.0,0.0,0.0
2018-05-29 15:00:00,2018-05-29 16:00,2.1195,0.0,1.61526,0.003,0.50124,0.0,0.0,0.0,0.0
2018-05-29 16:00:00,2018-05-29 17:00,2.39557,0.0,1.53467,0.23064,0.63026,0.0,0.0,0.0,0.0
2018-05-29 17:00:00,2018-05-29 18:00,2.4161,0.0,1.40777,0.28233,0.726,0.03935,0.0,0.0,0.03935
2018-05-29 18:00:00,2018-05-29 19:00,2.31092,0.0,1.32676,0.003,0.98116,0.06745,0.0,0.0,0.06745
2018-05-29 19:00:00,2018-05-29 20:00,2.68913,0.0,1.30538,0.34355,1.0402,0.0,0.0,0.0,0.0
2018-05-29 20:00:00,2018-05-29 21:00,3.48245,0.0,1.26869,0.05991,2.15385,0.0,0.0,0.0,0.0
2018-05-29 21:00:00,2018-05-29 22:00,3.53845,0.0,1.12357,0.003,2.41188,0.0,0.0,0.0,0.0
2018-05-29 22:00:00,2018-05-29 23:00,1.61692,0.0,0.95538,0.003,0.65854,0.0,0.0,0.0,0.0
2018-05-29 23:00:00,2018-05-30 00:00,1.38584,0.0,0.86124,0.003,0.5216,0.0,0.0,0.0,0.0
2018-05-30 00:00:00,2018-05-30 01:00,1.28798,0.0,0.7981,0.003,0.48688,0.0,0.0,0.0,0.0
2018-05-30 01:00:00,2018-05-30 02:00,1.55165,0.0,0.73723,0.3449,0.46952,0.0,0.0,0.0,0.0
2018-05-30 02:00:00,2018-05-30 03:00,1.19764,0.0,0.68825,0.05132,0.45807,0.0,0.0,0.0,0.0
2018-05-30 03:00:00,2018-05-30 04:00,1.11474,0.0,0.65574,0.003,0.456,0.0,0.0,0.0,0.0
2018-05-30 04:00:00,2018-05-30 05:00,1.08118,0.0,0.62689,0.003,0.45129,0.0,0.0,0.0,0.0
2018-05-30 05:00:00,2018-05-30 06:00,1.07132,0.0,0.59723,0.003,0.47109,0.0,0.0,0.0,0.0
2018-05-30 06:00:00,2018-05-30 07:00,1.62728,0.0,0.59103,0.45194,0.58431,0.0,0.0,0.0,0.0
2018-05-30 07:00:00,2018-05-30 08:00,1.71095,0.0,0.60315,0.46308,0.64472,0.0,0.0,0.0,0.0
2018-05-30 08:00:00,2018-05-30 09:00,1.17298,0.0,0.58898,0.003,0.581,0.0,0.0,0.0,0.0
2018-05-30 09:00:00,2018-05-30 10:00,1.04131,0.0,0.55343,0.003,0.48488,0.0,0.0,0.0,0.0
2018-05-30 10:00:00,2018-05-30 11:00,1.01927,0.0,0.54714,0.003,0.46913,0.0,0.0,0.0,0.0
2018-05-30 11:00:00,2018-05-30 12:00,1.01791,0.0,0.54849,0.003,0.46642,0.0,0.0,0.0,0.0
2018-05-30 12:00:00,2018-05-30 13:00,1.04939,0.0,0.56524,0.003,0.48115,0.0,0.0,0.0,0.0
2018-05-30 13:00:00,2018-05-30 14:00,1.15712,0.0,0.61967,0.003,0.53445,0.0,0.0,0.0,0.0
2018-05-30 14:00:00,2018-05-30 15:00,1.27094,0.0,0.6808,0.1147,0.47544,0.0,0.0,0.0,0.0
2018-05-30 15:00:00,2018-05-30 16:00,1.48581,0.0,0.76551,0.19255,0.52775,0.0,0.0,0.0,0.0
2018-05-30 16:00:00,2018-05-30 17:00,1.61769,0.0,0.8744,0.003,0.74029,0.01124,0.0,0.0,0.01124
2018-05-30 17:00:00,2018-05-30 18:00,1.52944,0.0,0.86424,0.003,0.6622,0.01498,0.0,0.0,0.01498
2018-05-30 18:00:00,2018-05-30 19:00,2.05961,0.0,0.87267,0.45616,0.73078,0.01124,0.0,0.0,0.01124
2018-05-30 19:00:00,2018-05-30 20:00,1.78866,0.0,0.87544,0.06277,0.85045,0.01498,0.0,0.0,0.01498
2018-05-30 20:00:00,2018-05-30 21:00,1.97022,0.0,0.84925,0.003,1.11797,0.0,0.0,0.0,0.0
2018-05-30 21:00:00,2018-05-30 22:00,2.46885,0.0,0.83189,0.40123,1.23573,0.0,0.0,0.0,0.0
2018-05-30 22:00:00,2018-05-30 23:00,1.50323,0.0,0.73245,0.003,0.76778,0.0,0.0,0.0,0.0
2018-05-30 23:00:00,2018-05-31 00:00,1.11614,0.0,0.63896,0.003,0.47418,0.0,0.0,0.0,0.0
2018-05-31 00:00:00,2018-05-31 01:00,1.05635,0.0,0.58489,0.003,0.46846,0.0,0.0,0.0,0.0
2018-05-31 01:00:00,2018-05-31 02:00,1.01514,0.0,0.54802,0.003,0.46412,0.0,0.0,0.0,0.0
2018-05-31 02:00:00,2018-05-31 03:00,0.97373,0.0,0.51265,0.003,0.45808,0.0,0.0,0.0,0.0
2018-05-31 03:00:00,2018-05-31 04:00,0.93339,0.0,0.47441,0.003,0.45598,0.0,0.0,0.0,0.0
2018-05-31 04:00:00,2018-05-31 05:00,0.89935,0.0,0.44646,0.003,0.44989,0.0,0.0,0.0,0.0
2018-05-31 05:00:00,2018-05-31 06:00,0.87922,0.0,0.42665,0.003,0.44957,0.0,0.0,0.0,0.0
2018-05-31 06:00:00,2018-05-31 07:00,1.32816,0.0,0.59655,0.11344,0.61817,0.06745,0.0,0.0,0.06745
2018-05-31 07:00:00,2018-05-31 08:00,1.76305,0.0,0.67816,0.45704,0.62785,0.06745,0.0,0.0,0.06745
2018-05-31 08:00:00,2018-05-31 09:00,1.19339,0.0,0.51666,0.13744,0.53929,0.0,0.0,0.0,0.0
2018-05-31 09:00:00,2018-05-31 10:00,1.12971,0.0,0.55835,0.003,0.56836,0.0,0.0,0.0,0.0
2018-05-31 10:00:00,2018-05-31 11:00,1.47647,0.0,0.66458,0.22386,0.58803,0.0,0.0,0.0,0.0
2018-05-31 11:00:00,2018-05-31 12:00,1.5397,0.0,0.7855,0.22484,0.52936,0.0,0.0,0.0,0.0
2018-05-31 12:00:00,2018-05-31 13:00,1.37324,0.0,0.88616,0.003,0.48408,0.0,0.0,0.0,0.0
2018-05-31 13:00:00,2018-05-31 14:00,1.43751,0.0,0.95905,0.003,0.47546,0.0,0.0,0.0,0.0
2018-05-31 14:00:00,2018-05-31 15:00,1.57212,0.0,1.05281,0.003,0.51631,0.0,0.0,0.0,0.0
2018-05-31 15:00:00,2018-05-31 16:00,1.84937,0.0,1.25188,0.003,0.59449,0.0,0.0,0.0,0.0
2018-05-31 16:00:00,2018-05-31 17:00,2.26582,0.0,1.38126,0.23086,0.6537,0.0,0.0,0.0,0.0
2018-05-31 17:00:00,2018-05-31 18:00,2.23894,0.0,1.43649,0.10683,0.69562,0.0,0.0,0.0,0.0
2018-05-31 18:00:00,2018-05-31 19:00,2.25833,0.0,1.4534,0.003,0.80193,0.0,0.0,0.0,0.0
2018-05-31 19:00:00,2018-05-31 20:00,2.51304,0.0,1.35221,0.2267,0.93413,0.0,0.0,0.0,0.0
2018-05-31 20:00:00,2018-05-31 21:00,4.11768,0.0,1.38719,0.15846,2.57203,0.0,0.0,0.0,0.0
2018-05-31 21:00:00,2018-05-31 22:00,4.21801,0.0,1.25221,0.003,2.9628,0.0,0.0,0.0,0.0
2018-05-31 22:00:00,2018-05-31 23:00,1.80963,0.0,1.01863,0.11339,0.67761,0.0,0.0,0.0,0.0
2018-05-31 23:00:00,2018-06-01 00:00,1.68476,0.0,0.89216,0.27195,0.52065,0.0,0.0,0.0,0.0
2018-06-01 00:00:00,2018-06-01 01:00,1.2716,0.0,0.79065,0.003,0.47795,0.0,0.0,0.0,0.0
2018-06-01 01:00:00,2018-06-01 02:00,1.18064,0.0,0.7148,0.003,0.46284,0.0,0.0,0.0,0.0
2018-06-01 02:00:00,2018-06-01 03:00,1.10685,0.0,0.64934,0.003,0.45451,0.0,0.0,0.0,0.0
2018-06-01 03:00:00,2018-06-01 04:00,1.04627,0.0,0.58606,0.003,0.45721,0.0,0.0,0.0,0.0
2018-06-01 04:00:00,2018-06-01 05:00,1.08735,0.0,0.52046,0.11499,0.4519,0.0,0.0,0.0,0.0
2018-06-01 05:00:00,2018-06-01 06:00,1.53211,0.0,0.67964,0.33868,0.51379,0.05247,0.0,0.0,0.05247
2018-06-01 06:00:00,2018-06-01 07:00,1.07287,0.0,0.54505,0.003,0.52482,0.0,0.0,0.0,0.0
2018-06-01 07:00:00,2018-06-01 08:00,1.55125,0.0,0.54161,0.44225,0.56739,0.0,0.0,0.0,0.0
2018-06-01 08:00:00,2018-06-01 09:00,1.48859,0.0,0.53379,0.38655,0.56825,0.0,0.0,0.0,0.0
2018-06-01 09:00:00,2018-06-01 10:00,1.06025,0.0,0.52483,0.003,0.53242,0.0,0.0,0.0,0.0
2018-06-01 10:00:00,2018-06-01 11:00,1.22046,0.0,0.58736,0.11345,0.51965,0.0,0.0,0.0,0.0
2018-06-01 11:00:00,2018-06-01 12:00,1.51111,0.0,0.67483,0.33621,0.50007,0.0,0.0,0.0,0.0
2018-06-01 12:00:00,2018-06-01 13:00,1.37433,0.0,0.85137,0.003,0.51996,0.02622,0.0,0.0,0.02622
2018-06-01 13:00:00,2018-06-01 14:00,1.47139,0.0,0.93888,0.003,0.52951,0.0,0.0,0.0,0.0
2018-06-01 14:00:00,2018-06-01 15:00,1.57928,0.0,1.03867,0.003,0.53761,0.0,0.0,0.0,0.0
2018-06-01 15:00:00,2018-06-01 16:00,2.00813,0.0,1.17274,0.22624,0.60915,0.01124,0.0,0.0,0.01124
2018-06-01 16:00:00,2018-06-01 17:00,2.24885,0.0,1.28113,0.30767,0.66005,0.01498,0.0,0.0,0.01498
2018-06-01 17:00:00,2018-06-01 18:00,1.90001,0.0,1.25649,0.003,0.64052,0.0,0.0,0.0,0.0
2018-06-01 18:00:00,2018-06-01 19:00,2.02306,0.0,1.26533,0.003,0.75473,0.0,0.0,0.0,0.0
2018-06-01 19:00:00,2018-06-01 20:00,2.44805,0.0,1.20301,0.38883,0.85621,0.0,0.0,0.0,0.0
2018-06-01 20:00:00,2018-06-01 21:00,2.23775,0.0,1.16442,0.003,1.07033,0.0,0.0,0.0,0.0
2018-06-01 21:00:00,2018-06-01 22:00,2.09654,0.0,1.08436,0.003,1.00918,0.0,0.0,0.0,0.0
2018-06-01 22:00:00,2018-06-01 23:00,1.73014,0.0,0.98295,0.003,0.74419,0.0,0.0,0.0,0.0
2018-06-01 23:00:00,2018-06-02 00:00,1.35639,0.0,0.86142,0.003,0.49197,0.0,0.0,0.0,0.0
2018-06-02 00:00:00,2018-06-02 01:00,1.22379,0.0,0.74975,0.003,0.47104,0.0,0.0,0.0,0.0
2018-06-02 01:00:00,2018-06-02 02:00,1.3586,0.0,0.66096,0.23097,0.46667,0.0,0.0,0.0,0.0
2018-06-02 02:00:00,2018-06-02 03:00,1.13244,0.0,0.59159,0.08023,0.46062,0.0,0.0,0.0,0.0
2018-06-02 03:00:00,2018-06-02 04:00,1.01441,0.0,0.55291,0.003,0.4585,0.0,0.0,0.0,0.0
2018-06-02 04:00:00,2018-06-02 05:00,0.9923,0.0,0.53694,0.003,0.45236,0.0,0.0,0.0,0.0
2018-06-02 05:00:00,2018-06-02 06:00,0.92631,0.0,0.47128,0.003,0.45203,0.0,0.0,0.0,0.0
2018-06-02 06:00:00,2018-06-02 07:00,0.87252,0.0,0.37828,0.003,0.49124,0.0,0.0,0.0,0.0
2018-06-02 07:00:00,2018-06-02 08:00,0.93899,0.0,0.448,0.003,0.48799,0.01124,0.0,0.0,0.01124
2018-06-02 08:00:00,2018-06-02 09:00,1.19178,0.0,0.59471,0.003,0.59407,0.05247,0.0,0.0,0.05247
2018-06-02 09:00:00,2018-06-02 10:00,1.17599,0.0,0.51565,0.003,0.65734,0.01498,0.0,0.0,0.01498
2018-06-02 10:00:00,2018-06-02 11:00,1.50417,0.0,0.45451,0.34787,0.70179,0.0,0.0,0.0,0.0
2018-06-02 11:00:00,2018-06-02 12:00,1.68078,0.0,0.45395,0.16572,1.06111,0.0,0.0,0.0,0.0
2018-06-02 12:00:00,2018-06-02 13:00,3.36296,0.0,0.45808,0.003,2.90188,0.0,0.0,0.0,0.0
2018-06-02 13:00:00,2018-06-02 14:00,1.3865,0.0,0.45318,0.003,0.93032,0.0,0.0,0.0,0.0
2018-06-02 14:00:00,2018-06-02 15:00,1.56792,0.0,0.44449,0.44803,0.6754,0.0,0.0,0.0,0.0
2018-06-02 15:00:00,2018-06-02 16:00,1.13303,0.0,0.46248,0.003,0.66755,0.0,0.0,0.0,0.0
2018-06-02 16:00:00,2018-06-02 17:00,1.41085,0.0,0.58935,0.003,0.8185,0.01124,0.0,0.0,0.01124
2018-06-02 17:00:00,2018-06-02 18:00,2.27934,0.0,0.6838,0.33506,1.26048,0.01498,0.0,0.0,0.01498
2018-06-02 18:00:00,2018-06-02 19:00,4.2105,0.0,0.673,0.46022,3.07728,0.0,0.0,0.0,0.0
2018-06-02 19:00:00,2018-06-02 20:00,2.02491,0.0,0.6625,0.0581,1.30431,0.01124,0.0,0.0,0.01124
2018-06-02 20:00:00,2018-06-02 21:00,1.80026,0.0,0.66003,0.003,1.13723,0.01498,0.0,0.0,0.01498
2018-06-02 21:00:00,2018-06-02 22:00,1.45319,0.0,0.52885,0.003,0.92134,0.0,0.0,0.0,0.0
2018-06-02 22:00:00,2018-06-02 23:00,1.26746,0.0,0.44259,0.11474,0.71013,0.0,0.0,0.0,0.0
2018-06-02 23:00:00,2018-06-03 00:00,1.06891,0.0,0.35618,0.21806,0.49467,0.0,0.0,0.0,0.0
2018-06-03 00:00:00,2018-06-03 01:00,0.77174,0.0,0.29768,0.003,0.47106,0.0,0.0,0.0,0.0
2018-06-03 01:00:00,2018-06-03 02:00,0.73139,0.0,0.26173,0.003,0.46666,0.0,0.0,0.0,0.0
2018-06-03 02:00:00,2018-06-03 03:00,0.69377,0.0,0.23017,0.003,0.4606,0.0,0.0,0.0,0.0
2018-06-03 03:00:00,2018-06-03 04:00,0.66561,0.0,0.20414,0.003,0.45847,0.0,0.0,0.0,0.0
2018-06-03 04:00:00,2018-06-03 05:00,0.61459,0.0,0.15926,0.003,0.45233,0.0,0.0,0.0,0.0
2018-06-03 05:00:00,2018-06-03 06:00,0.59449,0.0,0.13947,0.003,0.45202,0.0,0.0,0.0,0.0
2018-06-03 06:00:00,2018-06-03 07:00,0.60365,0.0,0.10941,0.003,0.49124,0.0,0.0,0.0,0.0
2018-06-03 07:00:00,2018-06-03 08:00,0.60636,0.0,0.13198,0.003,0.47138,0.0,0.0,0.0,0.0
2018-06-03 08:00:00,2018-06-03 09:00,0.61488,0.0,0.10361,0.003,0.50827,0.0,0.0,0.0,0.0
2018-06-03 09:00:00,2018-06-03 10:00,1.02515,0.0,0.10469,0.34646,0.574,0.0,0.0,0.0,0.0
2018-06-03 10:00:00,2018-06-03 11:00,0.88376,0.0,0.11906,0.16515,0.59955,0.0,0.0,0.0,0.0
2018-06-03 11:00:00,2018-06-03 12:00,0.90513,0.0,0.22948,0.003,0.67265,0.02622,0.0,0.0,0.02622
2018-06-03 12:00:00,2018-06-03 13:00,1.22899,0.0,0.25206,0.22797,0.74896,0.0,0.0,0.0,0.0
2018-06-03 13:00:00,2018-06-03 14:00,1.3328,0.0,0.31975,0.23442,0.77863,0.0,0.0,0.0,0.0
2018-06-03 14:00:00,2018-06-03 15:00,1.22561,0.0,0.4151,0.003,0.80751,0.0,0.0,0.0,0.0
2018-06-03 15:00:00,2018-06-03 16:00,1.71245,0.0,0.48885,0.44896,0.77464,0.0,0.0,0.0,0.0
2018-06-03 16:00:00,2018-06-03 17:00,1.512,0.0,0.54959,0.2763,0.68611,0.0,0.0,0.0,0.0
2018-06-03 17:00:00,2018-06-03 18:00,1.34555,0.0,0.61185,0.003,0.7307,0.0,0.0,0.0,0.0
2018-06-03 18:00:00,2018-06-03 19:00,1.59918,0.0,0.6718,0.003,0.92438,0.0,0.0,0.0,0.0
2018-06-03 19:00:00,2018-06-03 20:00,1.78803,0.0,0.68702,0.003,1.09801,0.0,0.0,0.0,0.0
2018-06-03 20:00:00,2018-06-03 21:00,1.89454,0.0,0.63438,0.22764,1.03252,0.0,0.0,0.0,0.0
2018-06-03 21:00:00,2018-06-03 22:00,1.49815,0.0,0.54685,0.10164,0.84966,0.0,0.0,0.0,0.0
2018-06-03 22:00:00,2018-06-03 23:00,1.18534,0.0,0.47219,0.003,0.71015,0.0,0.0,0.0,0.0
2018-06-03 23:00:00,2018-06-04 00:00,0.88942,0.0,0.36859,0.003,0.51783,0.0,0.0,0.0,0.0
2018-06-04 00:00:00,2018-06-04 01:00,0.74113,0.0,0.26462,0.003,0.47351,0.0,0.0,0.0,0.0
2018-06-04 01:00:00,2018-06-04 02:00,0.68914,0.0,0.22072,0.003,0.46542,0.0,0.0,0.0,0.0
2018-06-04 02:00:00,2018-06-04 03:00,0.64943,0.0,0.18707,0.003,0.45936,0.0,0.0,0.0,0.0
2018-06-04 03:00:00,2018-06-04 04:00,0.62023,0.0,0.16001,0.003,0.45722,0.0,0.0,0.0,0.0
2018-06-04 04:00:00,2018-06-04 05:00,0.55809,0.0,0.10398,0.003,0.45111,0.0,0.0,0.0,0.0
2018-06-04 05:00:00,2018-06-04 06:00,0.51497,0.0,0.06121,0.003,0.45076,0.0,0.0,0.0,0.0
2018-06-04 06:00:00,2018-06-04 07:00,0.55137,0.0,0.03859,0.003,0.50978,0.01124,0.0,0.0,0.01124
2018-06-04 07:00:00,2018-06-04 08:00,1.24002,0.0,0.19579,0.46789,0.57634,0.01498,0.0,0.0,0.01498
2018-06-04 08:00:00,2018-06-04 09:00,0.94491,0.0,0.32736,0.003,0.61455,0.03935,0.0,0.0,0.03935
2018-06-04 09:00:00,2018-06-04 10:00,1.29389,0.0,0.39878,0.33759,0.55752,0.01312,0.0,0.0,0.01312
2018-06-04 10:00:00,2018-06-04 11:00,1.28252,0.0,0.43833,0.32453,0.51966,0.0,0.0,0.0,0.0
2018-06-04 11:00:00,2018-06-04 12:00,1.04013,0.0,0.51965,0.003,0.51748,0.0,0.0,0.0,0.0
2018-06-04 12:00:00,2018-06-04 13:00,1.34276,0.0,0.59434,0.2224,0.52602,0.0,0.0,0.0,0.0
2018-06-04 13:00:00,2018-06-04 14:00,1.37149,0.0,0.678,0.20332,0.49017,0.0,0.0,0.0,0.0
2018-06-04 14:00:00,2018-06-04 15:00,1.36051,0.0,0.83201,0.003,0.5255,0.0,0.0,0.0,0.0
2018-06-04 15:00:00,2018-06-04 16:00,1.50279,0.0,1.00285,0.003,0.49694,0.0,0.0,0.0,0.0
2018-06-04 16:00:00,2018-06-04 17:00,1.68804,0.0,1.10294,0.003,0.5821,0.01124,0.0,0.0,0.01124
2018-06-04 17:00:00,2018-06-04 18:00,2.50142,0.0,1.3422,0.40284,0.75638,0.04123,0.0,0.0,0.04123
2018-06-04 18:00:00,2018-06-04 19:00,2.16299,0.0,1.33316,0.003,0.82683,0.01124,0.0,0.0,0.01124
2018-06-04 19:00:00,2018-06-04 20:00,2.11546,0.0,1.24126,0.003,0.8712,0.01498,0.0,0.0,0.01498
2018-06-04 20:00:00,2018-06-04 21:00,2.46886,0.0,1.11929,0.34007,1.0095,0.0,0.0,0.0,0.0
2018-06-04 21:00:00,2018-06-04 22:00,2.92883,0.0,1.01689,0.06149,1.85045,0.0,0.0,0.0,0.0
2018-06-04 22:00:00,2018-06-04 23:00,3.81504,0.0,0.94341,0.003,2.86863,0.0,0.0,0.0,0.0
2018-06-04 23:00:00,2018-06-05 00:00,1.51797,0.0,0.7865,0.003,0.72847,0.0,0.0,0.0,0.0
2018-06-05 00:00:00,2018-06-05 01:00,1.21149,0.0,0.73054,0.003,0.47795,0.0,0.0,0.0,0.0
2018-06-05 01:00:00,2018-06-05 02:00,1.14052,0.0,0.67468,0.003,0.46284,0.0,0.0,0.0,0.0
2018-06-05 02:00:00,2018-06-05 03:00,1.38094,0.0,0.5937,0.33459,0.45265,0.0,0.0,0.0,0.0
2018-06-05 03:00:00,2018-06-05 04:00,1.17711,0.0,0.53408,0.18579,0.45724,0.0,0.0,0.0,0.0
2018-06-05 04:00:00,2018-06-05 05:00,0.92522,0.0,0.47574,0.003,0.44648,0.0,0.0,0.0,0.0
2018-06-05 05:00:00,2018-06-05 06:00,1.10628,0.0,0.42178,0.22716,0.45734,0.0,0.0,0.0,0.0
2018-06-05 06:00:00,2018-06-05 07:00,1.32656,0.0,0.36984,0.43609,0.52063,0.0,0.0,0.0,0.0
2018-06-05 07:00:00,2018-06-05 08:00,0.90359,0.0,0.38733,0.003,0.51326,0.0,0.0,0.0,0.0
2018-06-05 08:00:00,2018-06-05 09:00,0.88582,0.0,0.40149,0.003,0.48133,0.0,0.0,0.0,0.0
2018-06-05 09:00:00,2018-06-05 10:00,0.94088,0.0,0.45591,0.003,0.48197,0.0,0.0,0.0,0.0
2018-06-05 10:00:00,2018-06-05 11:00,1.06363,0.0,0.55431,0.003,0.50632,0.01124,0.0,0.0,0.01124
2018-06-05 11:00:00,2018-06-05 12:00,1.7107,0.0,0.72604,0.42595,0.55871,0.04123,0.0,0.0,0.04123
2018-06-05 12:00:00,2018-06-05 13:00,1.17635,0.0,0.67737,0.003,0.49598,0.0,0.0,0.0,0.0
2018-06-05 13:00:00,2018-06-05 14:00,1.21748,0.0,0.73753,0.003,0.47695,0.0,0.0,0.0,0.0
2018-06-05 14:00:00,2018-06-05 15:00,1.29879,0.0,0.81888,0.003,0.47691,0.0,0.0,0.0,0.0
2018-06-05 15:00:00,2018-06-05 16:00,1.39096,0.0,0.91325,0.003,0.47471,0.0,0.0,0.0,0.0
2018-06-05 16:00:00,2018-06-05 17:00,1.45037,0.0,0.95923,0.003,0.48814,0.0,0.0,0.0,0.0
2018-06-05 17:00:00,2018-06-05 18:00,1.55307,0.0,1.03569,0.003,0.51438,0.0,0.0,0.0,0.0
2018-06-05 18:00:00,2018-06-05 19:00,1.85269,0.0,1.13884,0.003,0.71085,0.01124,0.0,0.0,0.01124
2018-06-05 19:00:00,2018-06-05 20:00,2.36724,0.0,1.12353,0.33689,0.90682,0.01498,0.0,0.0,0.01498
2018-06-05 20:00:00,2018-06-05 21:00,2.23306,0.0,1.05574,0.003,1.17432,0.0,0.0,0.0,0.0
2018-06-05 21:00:00,2018-06-05 22:00,2.21977,0.0,0.95474,0.003,1.26203,0.0,0.0,0.0,0.0
2018-06-05 22:00:00,2018-06-05 23:00,3.40405,0.0,0.86652,0.003,2.53453,0.0,0.0,0.0,0.0
2018-06-05 23:00:00,2018-06-06 00:00,1.99788,0.0,0.7597,0.003,1.23518,0.0,0.0,0.0,0.0
2018-06-06 00:00:00,2018-06-06 01:00,1.15746,0.0,0.68466,0.003,0.4698,0.0,0.0,0.0,0.0
2018-06-06 01:00:00,2018-06-06 02:00,1.07363,0.0,0.60522,0.003,0.46541,0.0,0.0,0.0,0.0
2018-06-06 02:00:00,2018-06-06 03:00,1.03476,0.0,0.5724,0.003,0.45936,0.0,0.0,0.0,0.0
2018-06-06 03:00:00,2018-06-06 04:00,1.1066,0.0,0.53327,0.11676,0.45657,0.0,0.0,0.0,0.0
2018-06-06 04:00:00,2018-06-06 05:00,1.23708,0.0,0.47799,0.31363,0.44546,0.0,0.0,0.0,0.0
2018-06-06 05:00:00,2018-06-06 06:00,0.93249,0.0,0.47216,0.003,0.45733,0.0,0.0,0.0,0.0
2018-06-06 06:00:00,2018-06-06 07:00,1.16818,0.0,0.57616,0.003,0.58902,0.05247,0.0,0.0,0.05247
2018-06-06 07:00:00,2018-06-06 08:00,1.29346,0.0,0.46699,0.22647,0.6,0.0,0.0,0.0,0.0
2018-06-06 08:00:00,2018-06-06 09:00,1.55706,0.0,0.48597,0.45601,0.61508,0.0,0.0,0.0,0.0
2018-06-06 09:00:00,2018-06-06 10:00,1.38901,0.0,0.50141,0.24332,0.64428,0.0,0.0,0.0,0.0
2018-06-06 10:00:00,2018-06-06 11:00,1.80246,0.0,0.56877,0.22474,1.00895,0.0,0.0,0.0,0.0
2018-06-06 11:00:00,2018-06-06 12:00,3.6293,0.0,0.68841,0.22608,2.71481,0.0,0.0,0.0,0.0
2018-06-06 12:00:00,2018-06-06 13:00,1.46482,0.0,0.72049,0.003,0.74133,0.0,0.0,0.0,0.0
2018-06-06 13:00:00,2018-06-06 14:00,1.54634,0.0,0.79122,0.22561,0.52951,0.0,0.0,0.0,0.0
2018-06-06 14:00:00,2018-06-06 15:00,2.51552,0.0,0.92169,0.25176,1.34207,0.0,0.0,0.0,0.0
2018-06-06 15:00:00,2018-06-06 16:00,3.78666,0.0,1.07947,0.003,2.70419,0.0,0.0,0.0,0.0
2018-06-06 16:00:00,2018-06-06 17:00,2.19044,0.0,1.07726,0.34446,0.76872,0.0,0.0,0.0,0.0
2018-06-06 17:00:00,2018-06-06 18:00,1.64029,0.0,1.10489,0.00995,0.52545,0.0,0.0,0.0,0.0
2018-06-06 18:00:00,2018-06-06 19:00,1.96087,0.0,1.18648,0.003,0.77139,0.0,0.0,0.0,0.0
2018-06-06 19:00:00,2018-06-06 20:00,1.92308,0.0,1.11678,0.003,0.8033,0.0,0.0,0.0,0.0
2018-06-06 20:00:00,2018-06-06 21:00,2.02357,0.0,1.08008,0.003,0.94049,0.0,0.0,0.0,0.0
2018-06-06 21:00:00,2018-06-06 22:00,2.16314,0.0,0.97781,0.34563,0.8397,0.0,0.0,0.0,0.0
2018-06-06 22:00:00,2018-06-06 23:00,1.61387,0.0,0.87298,0.07058,0.67031,0.0,0.0,0.0,0.0
2018-06-06 23:00:00,2018-06-07 00:00,1.22363,0.0,0.73894,0.003,0.48169,0.0,0.0,0.0,0.0
2018-06-07 00:00:00,2018-06-07 01:00,1.14223,0.0,0.66945,0.003,0.46978,0.0,0.0,0.0,0.0
2018-06-07 01:00:00,2018-06-07 02:00,1.0557,0.0,0.5873,0.003,0.4654,0.0,0.0,0.0,0.0
2018-06-07 02:00:00,2018-06-07 03:00,0.99071,0.0,0.52835,0.003,0.45936,0.0,0.0,0.0,0.0
2018-06-07 03:00:00,2018-06-07 04:00,0.95697,0.0,0.49674,0.003,0.45723,0.0,0.0,0.0,0.0
2018-06-07 04:00:00,2018-06-07 05:00,0.90148,0.0,0.44739,0.003,0.45109,0.0,0.0,0.0,0.0
2018-06-07 05:00:00,2018-06-07 06:00,1.08021,0.0,0.38987,0.22974,0.4606,0.0,0.0,0.0,0.0
2018-06-07 06:00:00,2018-06-07 07:00,1.3782,0.0,0.34974,0.45506,0.5734,0.0,0.0,0.0,0.0
2018-06-07 07:00:00,2018-06-07 08:00,1.34159,0.0,0.36479,0.46354,0.51326,0.0,0.0,0.0,0.0
2018-06-07 08:00:00,2018-06-07 09:00,0.91092,0.0,0.38658,0.003,0.52134,0.0,0.0,0.0,0.0
2018-06-07 09:00:00,2018-06-07 10:00,0.97708,0.0,0.44884,0.003,0.52524,0.0,0.0,0.0,0.0
2018-06-07 10:00:00,2018-06-07 11:00,1.26834,0.0,0.52455,0.22411,0.51968,0.0,0.0,0.0,0.0
2018-06-07 11:00:00,2018-06-07 12:00,1.3663,0.0,0.58926,0.25958,0.51746,0.0,0.0,0.0,0.0
2018-06-07 12:00:00,2018-06-07 13:00,1.19378,0.0,0.67722,0.003,0.51356,0.0,0.0,0.0,0.0
2018-06-07 13:00:00,2018-06-07 14:00,1.30746,0.0,0.78034,0.003,0.52412,0.0,0.0,0.0,0.0
2018-06-07 14:00:00,2018-06-07 15:00,1.31982,0.0,0.83991,0.003,0.47691,0.0,0.0,0.0,0.0
2018-06-07 15:00:00,2018-06-07 16:00,1.5221,0.0,0.87612,0.11169,0.53429,0.0,0.0,0.0,0.0
2018-06-07 16:00:00,2018-06-07 17:00,1.94438,0.0,0.90386,0.39283,0.64769,0.01124,0.0,0.0,0.01124
2018-06-07 17:00:00,2018-06-07 18:00,1.64683,0.0,0.93547,0.003,0.70836,0.01498,0.0,0.0,0.01498
2018-06-07 18:00:00,2018-06-07 19:00,1.81582,0.0,0.92774,0.003,0.88508,0.0,0.0,0.0,0.0
2018-06-07 19:00:00,2018-06-07 20:00,1.85008,0.0,0.89823,0.003,0.94885,0.0,0.0,0.0,0.0
2018-06-07 20:00:00,2018-06-07 21:00,2.17984,0.0,0.89331,0.11223,1.1743,0.0,0.0,0.0,0.0
2018-06-07 21:00:00,2018-06-07 22:00,2.48858,0.0,0.85218,0.45747,1.17893,0.0,0.0,0.0,0.0
2018-06-07 22:00:00,2018-06-07 23:00,1.63255,0.0,0.77595,0.03012,0.82648,0.0,0.0,0.0,0.0
2018-06-07 23:00:00,2018-06-08 00:00,1.23151,0.0,0.6822,0.003,0.54631,0.0,0.0,0.0,0.0
2018-06-08 00:00:00,2018-06-08 01:00,1.10546,0.0,0.62895,0.003,0.47351,0.0,0.0,0.0,0.0
2018-06-08 01:00:00,2018-06-08 02:00,1.03713,0.0,0.56872,0.003,0.46541,0.0,0.0,0.0,0.0
2018-06-08 02:00:00,2018-06-08 03:00,0.9663,0.0,0.50394,0.003,0.45936,0.0,0.0,0.0,0.0
2018-06-08 03:00:00,2018-06-08 04:00,0.92439,0.0,0.46417,0.003,0.45722,0.0,0.0,0.0,0.0
2018-06-08 04:00:00,2018-06-08 05:00,0.89453,0.0,0.44044,0.003,0.45109,0.0,0.0,0.0,0.0
2018-06-08 05:00:00,2018-06-08 06:00,1.36339,0.0,0.4361,0.46468,0.46261,0.0,0.0,0.0,0.0
2018-06-08 06:00:00,2018-06-08 07:00,1.49512,0.0,0.44491,0.46816,0.58205,0.0,0.0,0.0,0.0
2018-06-08 07:00:00,2018-06-08 08:00,1.2721,0.0,0.45461,0.22221,0.59528,0.0,0.0,0.0,0.0
2018-06-08 08:00:00,2018-06-08 09:00,1.47307,0.0,0.46055,0.44906,0.56346,0.0,0.0,0.0,0.0
2018-06-08 09:00:00,2018-06-08 10:00,1.30859,0.0,0.4708,0.31743,0.52036,0.0,0.0,0.0,0.0
2018-06-08 10:00:00,2018-06-08 11:00,0.9368,0.0,0.46325,0.003,0.47055,0.0,0.0,0.0,0.0
2018-06-08 11:00:00,2018-06-08 12:00,0.9654,0.0,0.49456,0.003,0.46784,0.0,0.0,0.0,0.0
2018-06-08 12:00:00,2018-06-08 13:00,1.06174,0.0,0.58257,0.003,0.47617,0.0,0.0,0.0,0.0
2018-06-08 13:00:00,2018-06-08 14:00,1.1088,0.0,0.62884,0.003,0.47696,0.0,0.0,0.0,0.0
2018-06-08 14:00:00,2018-06-08 15:00,1.09149,0.0,0.61157,0.003,0.47692,0.0,0.0,0.0,0.0
2018-06-08 15:00:00,2018-06-08 16:00,1.08233,0.0,0.60462,0.003,0.47471,0.0,0.0,0.0,0.0
2018-06-08 16:00:00,2018-06-08 17:00,1.11737,0.0,0.61758,0.003,0.49679,0.0,0.0,0.0,0.0
2018-06-08 17:00:00,2018-06-08 18:00,1.73707,0.0,0.74705,0.34951,0.64051,0.02622,0.0,0.0,0.02622
2018-06-08 18:00:00,2018-06-08 19:00,1.5042,0.0,0.72707,0.10501,0.67212,0.0,0.0,0.0,0.0
2018-06-08 19:00:00,2018-06-08 20:00,1.66878,0.0,0.83627,0.003,0.82951,0.02622,0.0,0.0,0.02622
2018-06-08 20:00:00,2018-06-08 21:00,1.7961,0.0,0.77436,0.003,1.01874,0.0,0.0,0.0,0.0
2018-06-08 21:00:00,2018-06-08 22:00,2.16965,0.0,0.74605,0.34411,1.07949,0.0,0.0,0.0,0.0
2018-06-08 22:00:00,2018-06-08 23:00,1.41517,0.0,0.66373,0.003,0.74844,0.0,0.0,0.0,0.0
2018-06-08 23:00:00,2018-06-09 00:00,1.07307,0.0,0.5309,0.003,0.53917,0.0,0.0,0.0,0.0
2018-06-09 00:00:00,2018-06-09 01:00,1.0162,0.0,0.54214,0.003,0.47106,0.0,0.0,0.0,0.0
2018-06-09 01:00:00,2018-06-09 02:00,0.97003,0.0,0.50038,0.003,0.46665,0.0,0.0,0.0,0.0
2018-06-09 02:00:00,2018-06-09 03:00,1.24478,0.0,0.47039,0.31379,0.4606,0.0,0.0,0.0,0.0
2018-06-09 03:00:00,2018-06-09 04:00,0.89903,0.0,0.43754,0.003,0.45849,0.0,0.0,0.0,0.0
2018-06-09 04:00:00,2018-06-09 05:00,0.86229,0.0,0.40696,0.003,0.45233,0.0,0.0,0.0,0.0
2018-06-09 05:00:00,2018-06-09 06:00,0.83967,0.0,0.38467,0.003,0.452,0.0,0.0,0.0,0.0
2018-06-09 06:00:00,2018-06-09 07:00,0.85924,0.0,0.36071,0.003,0.49553,0.0,0.0,0.0,0.0
2018-06-09 07:00:00,2018-06-09 08:00,0.85749,0.0,0.37119,0.003,0.4833,0.0,0.0,0.0,0.0
2018-06-09 08:00:00,2018-06-09 09:00,1.35048,0.0,0.4071,0.34837,0.59501,0.0,0.0,0.0,0.0
2018-06-09 09:00:00,2018-06-09 10:00,1.78006,0.0,0.60963,0.40983,0.7606,0.05247,0.0,0.0,0.05247
2018-06-09 10:00:00,2018-06-09 11:00,1.20862,0.0,0.47853,0.003,0.72709,0.0,0.0,0.0,0.0
2018-06-09 11:00:00,2018-06-09 12:00,1.40766,0.0,0.47281,0.22621,0.70864,0.0,0.0,0.0,0.0
2018-06-09 12:00:00,2018-06-09 13:00,1.31093,0.0,0.47155,0.13994,0.69944,0.01124,0.0,0.0,0.01124
2018-06-09 13:00:00,2018-06-09 14:00,1.4133,0.0,0.50501,0.11468,0.79361,0.01498,0.0,0.0,0.01498
2018-06-09 14:00:00,2018-06-09 15:00,1.5005,0.0,0.4802,0.21278,0.80752,0.0,0.0,0.0,0.0
2018-06-09 15:00:00,2018-06-09 16:00,1.35781,0.0,0.51563,0.003,0.83918,0.0,0.0,0.0,0.0
2018-06-09 16:00:00,2018-06-09 17:00,1.67792,0.0,0.56744,0.22728,0.8832,0.0,0.0,0.0,0.0
2018-06-09 17:00:00,2018-06-09 18:00,1.84157,0.0,0.59181,0.31803,0.93173,0.0,0.0,0.0,0.0
2018-06-09 18:00:00,2018-06-09 19:00,1.64196,0.0,0.61907,0.003,1.01989,0.0,0.0,0.0,0.0
2018-06-09 19:00:00,2018-06-09 20:00,1.79197,0.0,0.64975,0.003,1.13922,0.0,0.0,0.0,0.0
2018-06-09 20:00:00,2018-06-09 21:00,1.88199,0.0,0.64856,0.003,1.23043,0.0,0.0,0.0,0.0
2018-06-09 21:00:00,2018-06-09 22:00,1.81178,0.0,0.61128,0.003,1.1975,0.0,0.0,0.0,0.0
2018-06-09 22:00:00,2018-06-09 23:00,1.67278,0.0,0.56669,0.23158,0.87451,0.0,0.0,0.0,0.0
2018-06-09 23:00:00,2018-06-10 00:00,1.18978,0.0,0.51404,0.09892,0.57682,0.0,0.0,0.0,0.0
2018-06-10 00:00:00,2018-06-10 01:00,0.95365,0.0,0.46945,0.003,0.4812,0.0,0.0,0.0,0.0
2018-06-10 01:00:00,2018-06-10 02:00,0.9027,0.0,0.43304,0.003,0.46666,0.0,0.0,0.0,0.0
2018-06-10 02:00:00,2018-06-10 03:00,0.87387,0.0,0.41026,0.003,0.46061,0.0,0.0,0.0,0.0
2018-06-10 03:00:00,2018-06-10 04:00,0.85268,0.0,0.39119,0.003,0.45849,0.0,0.0,0.0,0.0
2018-06-10 04:00:00,2018-06-10 05:00,0.82154,0.0,0.36618,0.003,0.45236,0.0,0.0,0.0,0.0
2018-06-10 05:00:00,2018-06-10 06:00,0.8408,0.0,0.37189,0.003,0.46591,0.01124,0.0,0.0,0.01124
2018-06-10 06:00:00,2018-06-10 07:00,1.06273,0.0,0.48004,0.003,0.57969,0.04123,0.0,0.0,0.04123
2018-06-10 07:00:00,2018-06-10 08:00,1.20279,0.0,0.40639,0.236,0.5604,0.0,0.0,0.0,0.0
2018-06-10 08:00:00,2018-06-10 09:00,1.11261,0.0,0.44733,0.07548,0.5898,0.0,0.0,0.0,0.0
2018-06-10 09:00:00,2018-06-10 10:00,1.27786,0.0,0.50048,0.11384,0.66354,0.0,0.0,0.0,0.0
2018-06-10 10:00:00,2018-06-10 11:00,1.57701,0.0,0.53576,0.3684,0.67285,0.0,0.0,0.0,0.0
2018-06-10 11:00:00,2018-06-10 12:00,1.22847,0.0,0.55948,0.003,0.66599,0.0,0.0,0.0,0.0
2018-06-10 12:00:00,2018-06-10 13:00,1.45398,0.0,0.61576,0.11622,0.722,0.0,0.0,0.0,0.0
2018-06-10 13:00:00,2018-06-10 14:00,2.00807,0.0,0.74514,0.45807,0.80486,0.02622,0.0,0.0,0.02622
2018-06-10 14:00:00,2018-06-10 15:00,1.52957,0.0,0.75752,0.003,0.76905,0.0,0.0,0.0,0.0
2018-06-10 15:00:00,2018-06-10 16:00,1.48822,0.0,0.82755,0.003,0.65767,0.0,0.0,0.0,0.0
2018-06-10 16:00:00,2018-06-10 17:00,1.94587,0.0,0.91608,0.34369,0.6861,0.0,0.0,0.0,0.0
2018-06-10 17:00:00,2018-06-10 18:00,1.75965,0.0,0.9519,0.07703,0.73072,0.0,0.0,0.0,0.0
2018-06-10 18:00:00,2018-06-10 19:00,1.89193,0.0,0.96453,0.003,0.9244,0.0,0.0,0.0,0.0
2018-06-10 19:00:00,2018-06-10 20:00,2.26134,0.0,0.89859,0.45698,0.90577,0.0,0.0,0.0,0.0
2018-06-10 20:00:00,2018-06-10 21:00,1.93314,0.0,0.87992,0.003,1.05022,0.0,0.0,0.0,0.0
2018-06-10 21:00:00,2018-06-10 22:00,2.42483,0.0,0.84357,0.22868,1.35258,0.0,0.0,0.0,0.0
2018-06-10 22:00:00,2018-06-10 23:00,3.80033,0.0,0.85024,0.18849,2.7616,0.0,0.0,0.0,0.0
2018-06-10 23:00:00,2018-06-11 00:00,1.22985,0.0,0.70903,0.003,0.51782,0.0,0.0,0.0,0.0
2018-06-11 00:00:00,2018-06-11 01:00,1.1261,0.0,0.64516,0.003,0.47794,0.0,0.0,0.0,0.0
2018-06-11 01:00:00,2018-06-11 02:00,0.98572,0.0,0.51914,0.003,0.46358,0.0,0.0,0.0,0.0
2018-06-11 02:00:00,2018-06-11 03:00,0.86327,0.0,0.40092,0.003,0.45935,0.0,0.0,0.0,0.0
2018-06-11 03:00:00,2018-06-11 04:00,1.11518,0.0,0.34643,0.31151,0.45724,0.0,0.0,0.0,0.0
2018-06-11 04:00:00,2018-06-11 05:00,0.76044,0.0,0.30594,0.003,0.4515,0.0,0.0,0.0,0.0
2018-06-11 05:00:00,2018-06-11 06:00,0.68928,0.0,0.22816,0.003,0.45812,0.0,0.0,0.0,0.0
2018-06-11 06:00:00,2018-06-11 07:00,0.94252,0.0,0.17167,0.23104,0.53981,0.0,0.0,0.0,0.0
2018-06-11 07:00:00,2018-06-11 08:00,0.88301,0.0,0.17919,0.19056,0.51326,0.0,0.0,0.0,0.0
2018-06-11 08:00:00,2018-06-11 09:00,0.74743,0.0,0.2231,0.003,0.52133,0.0,0.0,0.0,0.0
2018-06-11 09:00:00,2018-06-11 10:00,1.18697,0.0,0.28556,0.39306,0.50835,0.0,0.0,0.0,0.0
2018-06-11 10:00:00,2018-06-11 11:00,0.82162,0.0,0.34809,0.003,0.47053,0.0,0.0,0.0,0.0
2018-06-11 11:00:00,2018-06-11 12:00,0.81827,0.0,0.34743,0.003,0.46784,0.0,0.0,0.0,0.0
2018-06-11 12:00:00,2018-06-11 13:00,0.86612,0.0,0.38696,0.003,0.47616,0.0,0.0,0.0,0.0
2018-06-11 13:00:00,2018-06-11 14:00,0.92493,0.0,0.44498,0.003,0.47695,0.0,0.0,0.0,0.0
2018-06-11 14:00:00,2018-06-11 15:00,0.92628,0.0,0.44042,0.003,0.48286,0.0,0.0,0.0,0.0
2018-06-11 15:00:00,2018-06-11 16:00,1.4022,0.0,0.47928,0.38681,0.53611,0.0,0.0,0.0,0.0
2018-06-11 16:00:00,2018-06-11 17:00,1.01545,0.0,0.47717,0.003,0.53528,0.0,0.0,0.0,0.0
2018-06-11 17:00:00,2018-06-11 18:00,1.3983,0.0,0.55007,0.23125,0.61698,0.02622,0.0,0.0,0.02622
2018-06-11 18:00:00,2018-06-11 19:00,1.72645,0.0,0.52594,0.23516,0.96535,0.0,0.0,0.0,0.0
2018-06-11 19:00:00,2018-06-11 20:00,2.3323,0.0,0.54938,0.003,1.77992,0.0,0.0,0.0,0.0
2018-06-11 20:00:00,2018-06-11 21:00,3.91895,0.0,0.65776,0.003,3.25819,0.0,0.0,0.0,0.0
2018-06-11 21:00:00,2018-06-11 22:00,2.18326,0.0,0.64974,0.11457,1.41895,0.0,0.0,0.0,0.0
2018-06-11 22:00:00,2018-06-11 23:00,1.67355,0.0,0.55639,0.34859,0.76857,0.0,0.0,0.0,0.0
2018-06-11 23:00:00,2018-06-12 00:00,0.9504,0.0,0.47188,0.003,0.47552,0.0,0.0,0.0,0.0
2018-06-12 00:00:00,2018-06-12 01:00,0.91155,0.0,0.43876,0.003,0.46979,0.0,0.0,0.0,0.0
2018-06-12 01:00:00,2018-06-12 02:00,0.88649,0.0,0.41807,0.003,0.46542,0.0,0.0,0.0,0.0
2018-06-12 02:00:00,2018-06-12 03:00,0.85905,0.0,0.39668,0.003,0.45937,0.0,0.0,0.0,0.0
2018-06-12 03:00:00,2018-06-12 04:00,0.84212,0.0,0.3819,0.003,0.45722,0.0,0.0,0.0,0.0
2018-06-12 04:00:00,2018-06-12 05:00,0.82251,0.0,0.36841,0.003,0.4511,0.0,0.0,0.0,0.0
2018-06-12 05:00:00,2018-06-12 06:00,0.81723,0.0,0.36062,0.003,0.45361,0.0,0.0,0.0,0.0
2018-06-12 06:00:00,2018-06-12 07:00,1.26781,0.0,0.37456,0.35352,0.53973,0.0,0.0,0.0,0.0
2018-06-12 07:00:00,2018-06-12 08:00,1.11772,0.0,0.36441,0.22278,0.53053,0.0,0.0,0.0,0.0
2018-06-12 08:00:00,2018-06-12 09:00,1.12145,0.0,0.3762,0.22394,0.52131,0.0,0.0,0.0,0.0
2018-06-12 09:00:00,2018-06-12 10:00,1.27802,0.0,0.4078,0.32101,0.54921,0.0,0.0,0.0,0.0
2018-06-12 10:00:00,2018-06-12 11:00,0.94857,0.0,0.42592,0.003,0.51965,0.0,0.0,0.0,0.0
2018-06-12 11:00:00,2018-06-12 12:00,1.39306,0.0,0.44528,0.43031,0.51747,0.0,0.0,0.0,0.0
2018-06-12 12:00:00,2018-06-12 13:00,0.98117,0.0,0.46976,0.003,0.50841,0.0,0.0,0.0,0.0
2018-06-12 13:00:00,2018-06-12 14:00,0.98551,0.0,0.50016,0.003,0.48235,0.0,0.0,0.0,0.0
2018-06-12 14:00:00,2018-06-12 15:00,1.11353,0.0,0.57904,0.003,0.53149,0.0,0.0,0.0,0.0
2018-06-12 15:00:00,2018-06-12 16:00,1.3369,0.0,0.68528,0.11547,0.53615,0.0,0.0,0.0,0.0
2018-06-12 16:00:00,2018-06-12 17:00,1.58723,0.0,0.78964,0.2155,0.58209,0.01124,0.0,0.0,0.01124
2018-06-12 17:00:00,2018-06-12 18:00,1.61921,0.0,0.91888,0.003,0.69733,0.01498,0.0,0.0,0.01498
2018-06-12 18:00:00,2018-06-12 19:00,2.13667,0.0,0.93326,0.43203,0.77138,0.0,0.0,0.0,0.0
2018-06-12 19:00:00,2018-06-12 20:00,1.86577,0.0,0.91799,0.003,0.94478,0.0,0.0,0.0,0.0
2018-06-12 20:00:00,2018-06-12 21:00,2.12902,0.0,0.92594,0.003,1.20008,0.0,0.0,0.0,0.0
2018-06-12 21:00:00,2018-06-12 22:00,1.93709,0.0,0.85459,0.003,1.0795,0.0,0.0,0.0,0.0
2018-06-12 22:00:00,2018-06-12 23:00,1.7939,0.0,0.72791,0.31757,0.74842,0.0,0.0,0.0,0.0
2018-06-12 23:00:00,2018-06-13 00:00,1.1386,0.0,0.60589,0.003,0.52971,0.0,0.0,0.0,0.0
2018-06-13 00:00:00,2018-06-13 01:00,0.93741,0.0,0.46089,0.003,0.47352,0.0,0.0,0.0,0.0
2018-06-13 01:00:00,2018-06-13 02:00,0.85596,0.0,0.38754,0.003,0.46542,0.0,0.0,0.0,0.0
2018-06-13 02:00:00,2018-06-13 03:00,0.76882,0.0,0.30647,0.003,0.45935,0.0,0.0,0.0,0.0
2018-06-13 03:00:00,2018-06-13 04:00,0.81646,0.0,0.24275,0.11716,0.45655,0.0,0.0,0.0,0.0
2018-06-13 04:00:00,2018-06-13 05:00,0.8541,0.0,0.2064,0.20173,0.44597,0.0,0.0,0.0,0.0
2018-06-13 05:00:00,2018-06-13 06:00,0.60868,0.0,0.1465,0.003,0.45918,0.0,0.0,0.0,0.0
2018-06-13 06:00:00,2018-06-13 07:00,1.20482,0.0,0.26156,0.34686,0.5964,0.05247,0.0,0.0,0.05247
2018-06-13 07:00:00,2018-06-13 08:00,0.87683,0.0,0.25957,0.06954,0.54772,0.0,0.0,0.0,0.0
2018-06-13 08:00:00,2018-06-13 09:00,1.17452,0.0,0.32413,0.3456,0.50479,0.0,0.0,0.0,0.0
2018-06-13 09:00:00,2018-06-13 10:00,0.91155,0.0,0.4111,0.02334,0.47711,0.0,0.0,0.0,0.0
2018-06-13 10:00:00,2018-06-13 11:00,0.97211,0.0,0.49858,0.003,0.47053,0.0,0.0,0.0,0.0
2018-06-13 11:00:00,2018-06-13 12:00,1.04297,0.0,0.57214,0.003,0.46783,0.0,0.0,0.0,0.0
2018-06-13 12:00:00,2018-06-13 13:00,1.11921,0.0,0.64004,0.003,0.47617,0.0,0.0,0.0,0.0
2018-06-13 13:00:00,2018-06-13 14:00,1.29731,0.0,0.77266,0.003,0.52165,0.0,0.0,0.0,0.0
2018-06-13 14:00:00,2018-06-13 15:00,1.68106,0.0,0.8045,0.34507,0.53149,0.0,0.0,0.0,0.0
2018-06-13 15:00:00,2018-06-13 16:00,1.55881,0.0,0.8782,0.09174,0.58887,0.0,0.0,0.0,0.0
2018-06-13 16:00:00,2018-06-13 17:00,1.69056,0.0,0.93145,0.11402,0.64509,0.0,0.0,0.0,0.0
2018-06-13 17:00:00,2018-06-13 18:00,2.23722,0.0,1.09306,0.34658,0.79758,0.02622,0.0,0.0,0.02622
2018-06-13 18:00:00,2018-06-13 19:00,1.95104,0.0,1.06296,0.003,0.88508,0.0,0.0,0.0,0.0
2018-06-13 19:00:00,2018-06-13 20:00,2.58597,0.0,1.05123,0.45249,1.08225,0.02622,0.0,0.0,0.02622
2018-06-13 20:00:00,2018-06-13 21:00,1.9504,0.0,0.92043,0.003,1.02697,0.0,0.0,0.0,0.0
2018-06-13 21:00:00,2018-06-13 22:00,1.86364,0.0,0.85144,0.003,1.0092,0.0,0.0,0.0,0.0
2018-06-13 22:00:00,2018-06-13 23:00,1.58459,0.0,0.78048,0.003,0.80111,0.0,0.0,0.0,0.0
2018-06-13 23:00:00,2018-06-14 00:00,1.18157,0.0,0.68671,0.003,0.49186,0.0,0.0,0.0,0.0
2018-06-14 00:00:00,2018-06-14 01:00,1.0853,0.0,0.61249,0.003,0.46981,0.0,0.0,0.0,0.0
2018-06-14 01:00:00,2018-06-14 02:00,1.02758,0.0,0.55916,0.003,0.46542,0.0,0.0,0.0,0.0
2018-06-14 02:00:00,2018-06-14 03:00,0.98962,0.0,0.52726,0.003,0.45936,0.0,0.0,0.0,0.0
2018-06-14 03:00:00,2018-06-14 04:00,0.9559,0.0,0.49565,0.003,0.45725,0.0,0.0,0.0,0.0
2018-06-14 04:00:00,2018-06-14 05:00,1.14246,0.0,0.46046,0.23091,0.45109,0.0,0.0,0.0,0.0
2018-06-14 05:00:00,2018-06-14 06:00,0.95493,0.0,0.42171,0.07461,0.45861,0.0,0.0,0.0,0.0
2018-06-14 06:00:00,2018-06-14 07:00,1.44189,0.0,0.47052,0.37898,0.59239,0.02622,0.0,0.0,0.02622
2018-06-14 07:00:00,2018-06-14 08:00,0.98199,0.0,0.43298,0.003,0.54601,0.0,0.0,0.0,0.0
2018-06-14 08:00:00,2018-06-14 09:00,1.38085,0.0,0.46758,0.34021,0.57306,0.0,0.0,0.0,0.0
2018-06-14 09:00:00,2018-06-14 10:00,1.44062,0.0,0.51673,0.33141,0.59248,0.0,0.0,0.0,0.0
2018-06-14 10:00:00,2018-06-14 11:00,1.62436,0.0,0.59814,0.45755,0.56867,0.0,0.0,0.0,0.0
2018-06-14 11:00:00,2018-06-14 12:00,1.43653,0.0,0.72152,0.15309,0.56192,0.0,0.0,0.0,0.0
2018-06-14 12:00:00,2018-06-14 13:00,1.67913,0.0,0.8156,0.33222,0.53131,0.0,0.0,0.0,0.0
2018-06-14 13:00:00,2018-06-14 14:00,1.66713,0.0,0.88293,0.24678,0.53742,0.0,0.0,0.0,0.0
2018-06-14 14:00:00,2018-06-14 15:00,1.43034,0.0,0.94234,0.003,0.485,0.0,0.0,0.0,0.0
2018-06-14 15:00:00,2018-06-14 16:00,1.49439,0.0,1.01668,0.003,0.47471,0.0,0.0,0.0,0.0
2018-06-14 16:00:00,2018-06-14 17:00,1.55443,0.0,1.06329,0.003,0.48814,0.0,0.0,0.0,0.0
2018-06-14 17:00:00,2018-06-14 18:00,1.66108,0.0,1.05629,0.003,0.60179,0.0,0.0,0.0,0.0
2018-06-14 18:00:00,2018-06-14 19:00,2.3906,0.0,1.06461,0.44091,0.88508,0.0,0.0,0.0,0.0
2018-06-14 19:00:00,2018-06-14 20:00,2.38426,0.0,1.022,0.4134,0.94886,0.0,0.0,0.0,0.0
2018-06-14 20:00:00,2018-06-14 21:00,2.0725,0.0,0.99927,0.003,1.07023,0.0,0.0,0.0,0.0
2018-06-14 21:00:00,2018-06-14 22:00,1.80037,0.0,0.94284,0.003,0.85453,0.0,0.0,0.0,0.0
2018-06-14 22:00:00,2018-06-14 23:00,1.3711,0.0,0.83266,0.003,0.53544,0.0,0.0,0.0,0.0
2018-06-14 23:00:00,2018-06-15 00:00,1.22257,0.0,0.74404,0.003,0.47553,0.0,0.0,0.0,0.0
2018-06-15 00:00:00,2018-06-15 01:00,1.16246,0.0,0.68969,0.003,0.46977,0.0,0.0,0.0,0.0
2018-06-15 01:00:00,2018-06-15 02:00,1.11952,0.0,0.6511,0.003,0.46542,0.0,0.0,0.0,0.0
2018-06-15 02:00:00,2018-06-15 03:00,1.06844,0.0,0.60608,0.003,0.45936,0.0,0.0,0.0,0.0
2018-06-15 03:00:00,2018-06-15 04:00,1.0297,0.0,0.56947,0.003,0.45723,0.0,0.0,0.0,0.0
2018-06-15 04:00:00,2018-06-15 05:00,0.9745,0.0,0.52167,0.003,0.44983,0.0,0.0,0.0,0.0
2018-06-15 05:00:00,2018-06-15 06:00,1.3278,0.0,0.57512,0.29534,0.45734,0.0,0.0,0.0,0.0
2018-06-15 06:00:00,2018-06-15 07:00,1.10164,0.0,0.60007,0.003,0.49857,0.0,0.0,0.0,0.0
2018-06-15 07:00:00,2018-06-15 08:00,1.25863,0.0,0.63502,0.11632,0.50729,0.0,0.0,0.0,0.0
2018-06-15 08:00:00,2018-06-15 09:00,1.80553,0.0,0.77776,0.4643,0.56347,0.0,0.0,0.0,0.0
2018-06-15 09:00:00,2018-06-15 10:00,1.66898,0.0,0.94271,0.20104,0.52523,0.0,0.0,0.0,0.0
2018-06-15 10:00:00,2018-06-15 11:00,1.59548,0.0,1.07282,0.003,0.51966,0.0,0.0,0.0,0.0
2018-06-15 11:00:00,2018-06-15 12:00,2.00238,0.0,1.25789,0.22702,0.51747,0.0,0.0,0.0,0.0
2018-06-15 12:00:00,2018-06-15 13:00,2.4155,0.0,1.51696,0.38497,0.51357,0.0,0.0,0.0,0.0
2018-06-15 13:00:00,2018-06-15 14:00,2.11604,0.0,1.58338,0.003,0.52966,0.0,0.0,0.0,0.0
2018-06-15 14:00:00,2018-06-15 15:00,2.08322,0.0,1.5484,0.003,0.53182,0.0,0.0,0.0,0.0
2018-06-15 15:00:00,2018-06-15 16:00,2.11818,0.0,1.48415,0.11301,0.52102,0.0,0.0,0.0,0.0
2018-06-15 16:00:00,2018-06-15 17:00,2.54373,0.0,1.52192,0.45962,0.56219,0.0,0.0,0.0,0.0
2018-06-15 17:00:00,2018-06-15 18:00,2.33699,0.0,1.58068,0.1308,0.62551,0.0,0.0,0.0,0.0
2018-06-15 18:00:00,2018-06-15 19:00,2.40187,0.0,1.58504,0.003,0.81383,0.0,0.0,0.0,0.0
2018-06-15 19:00:00,2018-06-15 20:00,2.41423,0.0,1.55022,0.003,0.86101,0.0,0.0,0.0,0.0
2018-06-15 20:00:00,2018-06-15 21:00,2.72897,0.0,1.51397,0.23084,0.98416,0.0,0.0,0.0,0.0
2018-06-15 21:00:00,2018-06-15 22:00,2.46944,0.0,1.49308,0.1361,0.84026,0.0,0.0,0.0,0.0
2018-06-15 22:00:00,2018-06-15 23:00,2.11037,0.0,1.46913,0.003,0.63824,0.0,0.0,0.0,0.0
2018-06-15 23:00:00,2018-06-16 00:00,1.93583,0.0,1.457,0.003,0.47583,0.0,0.0,0.0,0.0
2018-06-16 00:00:00,2018-06-16 01:00,1.79558,0.0,1.32155,0.003,0.47103,0.0,0.0,0.0,0.0
2018-06-16 01:00:00,2018-06-16 02:00,1.69117,0.0,1.22151,0.003,0.46666,0.0,0.0,0.0,0.0
2018-06-16 02:00:00,2018-06-16 03:00,1.64043,0.0,1.17683,0.003,0.4606,0.0,0.0,0.0,0.0
2018-06-16 03:00:00,2018-06-16 04:00,1.58424,0.0,1.12277,0.003,0.45847,0.0,0.0,0.0,0.0
2018-06-16 04:00:00,2018-06-16 05:00,1.5102,0.0,1.05486,0.003,0.45234,0.0,0.0,0.0,0.0
2018-06-16 05:00:00,2018-06-16 06:00,1.51253,0.0,1.05752,0.003,0.45201,0.0,0.0,0.0,0.0
2018-06-16 06:00:00,2018-06-16 07:00,1.48545,0.0,0.99121,0.003,0.49124,0.0,0.0,0.0,0.0
2018-06-16 07:00:00,2018-06-16 08:00,1.60946,0.0,0.86761,0.23809,0.50376,0.0,0.0,0.0,0.0
2018-06-16 08:00:00,2018-06-16 09:00,1.51517,0.0,0.81444,0.0881,0.61263,0.0,0.0,0.0,0.0
2018-06-16 09:00:00,2018-06-16 10:00,2.82063,0.0,0.80281,0.22907,1.78875,0.0,0.0,0.0,0.0
2018-06-16 10:00:00,2018-06-16 11:00,1.74755,0.0,0.7576,0.3809,0.60905,0.0,0.0,0.0,0.0
2018-06-16 11:00:00,2018-06-16 12:00,1.3809,0.0,0.77754,0.003,0.60036,0.0,0.0,0.0,0.0
2018-06-16 12:00:00,2018-06-16 13:00,1.40973,0.0,0.78598,0.003,0.62075,0.0,0.0,0.0,0.0
2018-06-16 13:00:00,2018-06-16 14:00,1.47923,0.0,0.81783,0.003,0.6584,0.0,0.0,0.0,0.0
2018-06-16 14:00:00,2018-06-16 15:00,2.01786,0.0,0.98313,0.34229,0.69244,0.0,0.0,0.0,0.0
2018-06-16 15:00:00,2018-06-16 16:00,2.68526,0.0,1.43855,0.37805,0.86866,0.05247,0.0,0.0,0.05247
2018-06-16 16:00:00,2018-06-16 17:00,2.23517,0.0,1.44773,0.003,0.78444,0.0,0.0,0.0,0.0
2018-06-16 17:00:00,2018-06-16 18:00,2.35681,0.0,1.52896,0.003,0.82485,0.0,0.0,0.0,0.0
2018-06-16 18:00:00,2018-06-16 19:00,2.55407,0.0,1.55857,0.003,0.9925,0.05247,0.0,0.0,0.05247
2018-06-16 19:00:00,2018-06-16 20:00,3.09813,0.0,1.5461,0.41217,1.13986,0.0,0.0,0.0,0.0
2018-06-16 20:00:00,2018-06-16 21:00,2.74063,0.0,1.52463,0.003,1.213,0.0,0.0,0.0,0.0
2018-06-16 21:00:00,2018-06-16 22:00,2.52498,0.0,1.51017,0.003,1.01181,0.0,0.0,0.0,0.0
2018-06-16 22:00:00,2018-06-16 23:00,2.2141,0.0,1.50497,0.003,0.70613,0.0,0.0,0.0,0.0
2018-06-16 23:00:00,2018-06-17 00:00,1.99385,0.0,1.51353,0.003,0.47732,0.0,0.0,0.0,0.0
2018-06-17 00:00:00,2018-06-17 01:00,1.98495,0.0,1.5104,0.003,0.47155,0.0,0.0,0.0,0.0
2018-06-17 01:00:00,2018-06-17 02:00,1.96504,0.0,1.4951,0.003,0.46694,0.0,0.0,0.0,0.0
2018-06-17 02:00:00,2018-06-17 03:00,1.95297,0.0,1.48918,0.003,0.46079,0.0,0.0,0.0,0.0
2018-06-17 03:00:00,2018-06-17 04:00,1.81398,0.0,1.35316,0.003,0.45782,0.0,0.0,0.0,0.0
2018-06-17 04:00:00,2018-06-17 05:00,1.87605,0.0,1.19145,0.23831,0.44629,0.0,0.0,0.0,0.0
2018-06-17 05:00:00,2018-06-17 06:00,1.62785,0.0,1.08602,0.08761,0.45422,0.0,0.0,0.0,0.0
2018-06-17 06:00:00,2018-06-17 07:00,1.58616,0.0,1.09192,0.003,0.49124,0.0,0.0,0.0,0.0
2018-06-17 07:00:00,2018-06-17 08:00,1.56607,0.0,1.06972,0.003,0.49335,0.01124,0.0,0.0,0.01124
2018-06-17 08:00:00,2018-06-17 09:00,2.21886,0.0,1.19975,0.42028,0.59883,0.01498,0.0,0.0,0.01498
2018-06-17 09:00:00,2018-06-17 10:00,2.17896,0.0,1.31365,0.11577,0.74954,0.0,0.0,0.0,0.0
2018-06-17 10:00:00,2018-06-17 11:00,3.93085,0.0,1.49656,0.32412,2.11017,0.0,0.0,0.0,0.0
2018-06-17 11:00:00,2018-06-17 12:00,4.78979,0.0,1.52751,0.33975,2.92253,0.03746,0.0,0.0,0.03746
2018-06-17 12:00:00,2018-06-17 13:00,2.99327,0.0,1.53627,0.43949,1.01751,0.11242,0.0,0.0,0.11242
2018-06-17 13:00:00,2018-06-17 14:00,2.25335,0.0,1.52771,0.003,0.72264,0.00936,0.0,0.0,0.00936
2018-06-17 14:00:00,2018-06-17 15:00,2.36228,0.0,1.55052,0.003,0.80876,0.0,0.0,0.0,0.0
2018-06-17 15:00:00,2018-06-17 16:00,2.63897,0.0,1.56886,0.22968,0.84043,0.0,0.0,0.0,0.0
2018-06-17 16:00:00,2018-06-17 17:00,2.76892,0.0,1.56094,0.32335,0.88463,0.0,0.0,0.0,0.0
2018-06-17 17:00:00,2018-06-17 18:00,2.47242,0.0,1.53569,0.003,0.93373,0.0,0.0,0.0,0.0
2018-06-17 18:00:00,2018-06-17 19:00,2.52894,0.0,1.48841,0.003,1.03753,0.0,0.0,0.0,0.0
2018-06-17 19:00:00,2018-06-17 20:00,2.38882,0.0,1.43984,0.003,0.94598,0.0,0.0,0.0,0.0
2018-06-17 20:00:00,2018-06-17 21:00,2.48075,0.0,1.42642,0.003,1.05133,0.0,0.0,0.0,0.0
2018-06-17 21:00:00,2018-06-17 22:00,2.44646,0.0,1.4191,0.003,1.02436,0.0,0.0,0.0,0.0
2018-06-17 22:00:00,2018-06-17 23:00,2.08501,0.0,1.38275,0.003,0.69926,0.0,0.0,0.0,0.0
2018-06-17 23:00:00,2018-06-18 00:00,1.86041,0.0,1.36243,0.003,0.49498,0.0,0.0,0.0,0.0
2018-06-18 00:00:00,2018-06-18 01:00,1.77232,0.0,1.18498,0.11752,0.46982,0.0,0.0,0.0,0.0
2018-06-18 01:00:00,2018-06-18 02:00,1.69125,0.0,1.05354,0.17231,0.4654,0.0,0.0,0.0,0.0
2018-06-18 02:00:00,2018-06-18 03:00,1.42583,0.0,0.96347,0.003,0.45936,0.0,0.0,0.0,0.0
2018-06-18 03:00:00,2018-06-18 04:00,1.35733,0.0,0.89711,0.003,0.45722,0.0,0.0,0.0,0.0
2018-06-18 04:00:00,2018-06-18 05:00,1.28958,0.0,0.83513,0.003,0.45145,0.0,0.0,0.0,0.0
2018-06-18 05:00:00,2018-06-18 06:00,1.68304,0.0,0.77673,0.1162,0.79011,0.0,0.0,0.0,0.0
2018-06-18 06:00:00,2018-06-18 07:00,4.00048,0.0,0.92569,0.34458,2.73021,0.05247,0.0,0.0,0.05247
2018-06-18 07:00:00,2018-06-18 08:00,1.46504,0.0,0.71614,0.003,0.7459,0.0,0.0,0.0,0.0
2018-06-18 08:00:00,2018-06-18 09:00,1.39618,0.0,0.64469,0.23016,0.52133,0.0,0.0,0.0,0.0
2018-06-18 09:00:00,2018-06-18 10:00,1.24199,0.0,0.61515,0.11369,0.51315,0.0,0.0,0.0,0.0
2018-06-18 10:00:00,2018-06-18 11:00,1.48472,0.0,0.61694,0.35307,0.51471,0.0,0.0,0.0,0.0
2018-06-18 11:00:00,2018-06-18 12:00,1.09894,0.0,0.61074,0.003,0.4852,0.0,0.0,0.0,0.0
2018-06-18 12:00:00,2018-06-18 13:00,1.12621,0.0,0.62722,0.003,0.49599,0.0,0.0,0.0,0.0
2018-06-18 13:00:00,2018-06-18 14:00,1.12931,0.0,0.64936,0.003,0.47695,0.0,0.0,0.0,0.0
2018-06-18 14:00:00,2018-06-18 15:00,1.18165,0.0,0.70172,0.003,0.47693,0.0,0.0,0.0,0.0
2018-06-18 15:00:00,2018-06-18 16:00,1.25772,0.0,0.78001,0.003,0.47471,0.0,0.0,0.0,0.0
2018-06-18 16:00:00,2018-06-18 17:00,1.40913,0.0,0.87127,0.003,0.53486,0.01124,0.0,0.0,0.01124
2018-06-18 17:00:00,2018-06-18 18:00,1.88723,0.0,1.13442,0.003,0.74981,0.06745,0.0,0.0,0.06745
2018-06-18 18:00:00,2018-06-18 19:00,1.9863,0.0,0.9828,0.23211,0.77139,0.0,0.0,0.0,0.0
2018-06-18 19:00:00,2018-06-18 20:00,2.17138,0.0,1.108,0.17187,0.89151,0.05247,0.0,0.0,0.05247
2018-06-18 20:00:00,2018-06-18 21:00,1.87528,0.0,0.95766,0.003,0.91462,0.0,0.0,0.0,0.0
2018-06-18 21:00:00,2018-06-18 22:00,2.16657,0.0,0.92927,0.22814,1.00916,0.0,0.0,0.0,0.0
2018-06-18 22:00:00,2018-06-18 23:00,1.84243,0.0,0.85752,0.2732,0.71171,0.0,0.0,0.0,0.0
2018-06-18 23:00:00,2018-06-19 00:00,1.25536,0.0,0.77684,0.003,0.47552,0.0,0.0,0.0,0.0
2018-06-19 00:00:00,2018-06-19 01:00,1.19213,0.0,0.71934,0.003,0.46979,0.0,0.0,0.0,0.0
2018-06-19 01:00:00,2018-06-19 02:00,1.1426,0.0,0.67418,0.003,0.46542,0.0,0.0,0.0,0.0
2018-06-19 02:00:00,2018-06-19 03:00,1.08223,0.0,0.61987,0.003,0.45936,0.0,0.0,0.0,0.0
2018-06-19 03:00:00,2018-06-19 04:00,1.02906,0.0,0.56882,0.003,0.45724,0.0,0.0,0.0,0.0
2018-06-19 04:00:00,2018-06-19 05:00,0.98714,0.0,0.53304,0.003,0.4511,0.0,0.0,0.0,0.0
2018-06-19 05:00:00,2018-06-19 06:00,1.30547,0.0,0.49635,0.3495,0.45962,0.0,0.0,0.0,0.0
2018-06-19 06:00:00,2018-06-19 07:00,1.48471,0.0,0.442,0.47222,0.57049,0.0,0.0,0.0,0.0
2018-06-19 07:00:00,2018-06-19 08:00,1.00789,0.0,0.40266,0.06215,0.54308,0.0,0.0,0.0,0.0
2018-06-19 08:00:00,2018-06-19 09:00,0.82396,0.0,0.34665,0.003,0.47431,0.0,0.0,0.0,0.0
2018-06-19 09:00:00,2018-06-19 10:00,1.20585,0.0,0.34583,0.34205,0.51797,0.0,0.0,0.0,0.0
2018-06-19 10:00:00,2018-06-19 11:00,0.95447,0.0,0.34184,0.09297,0.51966,0.0,0.0,0.0,0.0
2018-06-19 11:00:00,2018-06-19 12:00,0.84678,0.0,0.3313,0.003,0.51248,0.0,0.0,0.0,0.0
2018-06-19 12:00:00,2018-06-19 13:00,0.80501,0.0,0.32064,0.003,0.48137,0.0,0.0,0.0,0.0
2018-06-19 13:00:00,2018-06-19 14:00,0.82874,0.0,0.34094,0.003,0.4848,0.0,0.0,0.0,0.0
2018-06-19 14:00:00,2018-06-19 15:00,0.82796,0.0,0.34806,0.003,0.4769,0.0,0.0,0.0,0.0
2018-06-19 15:00:00,2018-06-19 16:00,1.25829,0.0,0.38146,0.34979,0.52704,0.0,0.0,0.0,0.0
2018-06-19 16:00:00,2018-06-19 17:00,1.3329,0.0,0.4155,0.32842,0.58898,0.0,0.0,0.0,0.0
2018-06-19 17:00:00,2018-06-19 18:00,1.14311,0.0,0.44672,0.003,0.69339,0.0,0.0,0.0,0.0
2018-06-19 18:00:00,2018-06-19 19:00,1.56775,0.0,0.64128,0.003,0.92347,0.05247,0.0,0.0,0.05247
2018-06-19 19:00:00,2018-06-19 20:00,1.3631,0.0,0.54557,0.003,0.81453,0.01124,0.0,0.0,0.01124
2018-06-19 20:00:00,2018-06-19 21:00,1.55364,0.0,0.65608,0.003,0.89456,0.04123,0.0,0.0,0.04123
2018-06-19 21:00:00,2018-06-19 22:00,1.78009,0.0,0.51827,0.34224,0.91958,0.0,0.0,0.0,0.0
2018-06-19 22:00:00,2018-06-19 23:00,2.66601,0.0,0.48346,0.09652,2.08603,0.0,0.0,0.0,0.0
2018-06-19 23:00:00,2018-06-20 00:00,2.25811,0.0,0.44395,0.003,1.81116,0.0,0.0,0.0,0.0
2018-06-20 00:00:00,2018-06-20 01:00,0.8494,0.0,0.36822,0.003,0.47818,0.0,0.0,0.0,0.0
2018-06-20 01:00:00,2018-06-20 02:00,0.80864,0.0,0.34022,0.003,0.46542,0.0,0.0,0.0,0.0
2018-06-20 02:00:00,2018-06-20 03:00,0.78956,0.0,0.32721,0.003,0.45935,0.0,0.0,0.0,0.0
2018-06-20 03:00:00,2018-06-20 04:00,0.76508,0.0,0.30485,0.003,0.45723,0.0,0.0,0.0,0.0
2018-06-20 04:00:00,2018-06-20 05:00,0.75475,0.0,0.30026,0.003,0.45149,0.0,0.0,0.0,0.0
2018-06-20 05:00:00,2018-06-20 06:00,0.97563,0.0,0.28858,0.22972,0.45733,0.0,0.0,0.0,0.0
2018-06-20 06:00:00,2018-06-20 07:00,1.10899,0.0,0.25651,0.33185,0.52063,0.0,0.0,0.0,0.0
2018-06-20 07:00:00,2018-06-20 08:00,0.81037,0.0,0.2894,0.003,0.51797,0.0,0.0,0.0,0.0
2018-06-20 08:00:00,2018-06-20 09:00,1.19846,0.0,0.3994,0.23081,0.56825,0.0,0.0,0.0,0.0
2018-06-20 09:00:00,2018-06-20 10:00,1.37529,0.0,0.46361,0.34447,0.56721,0.0,0.0,0.0,0.0
2018-06-20 10:00:00,2018-06-20 11:00,3.00419,0.0,0.61732,0.003,2.38387,0.0,0.0,0.0,0.0
2018-06-20 11:00:00,2018-06-20 12:00,1.93683,0.0,0.66783,0.003,1.266,0.0,0.0,0.0,0.0
2018-06-20 12:00:00,2018-06-20 13:00,1.2039,0.0,0.72474,0.003,0.47616,0.0,0.0,0.0,0.0
2018-06-20 13:00:00,2018-06-20 14:00,1.30087,0.0,0.82091,0.003,0.47696,0.0,0.0,0.0,0.0
2018-06-20 14:00:00,2018-06-20 15:00,1.35785,0.0,0.87794,0.003,0.47691,0.0,0.0,0.0,0.0
2018-06-20 15:00:00,2018-06-20 16:00,1.69792,0.0,0.96371,0.23001,0.5042,0.0,0.0,0.0,0.0
2018-06-20 16:00:00,2018-06-20 17:00,2.14177,0.0,1.03398,0.47134,0.63645,0.0,0.0,0.0,0.0
2018-06-20 17:00:00,2018-06-20 18:00,2.00731,0.0,1.20463,0.01345,0.78923,0.05247,0.0,0.0,0.05247
2018-06-20 18:00:00,2018-06-20 19:00,2.07477,0.0,1.0917,0.003,0.98007,0.0,0.0,0.0,0.0
2018-06-20 19:00:00,2018-06-20 20:00,3.12708,0.0,1.21269,0.22705,1.68734,0.05247,0.0,0.0,0.05247
2018-06-20 20:00:00,2018-06-20 21:00,2.46007,0.0,1.0505,0.20949,1.20008,0.0,0.0,0.0,0.0
2018-06-20 21:00:00,2018-06-20 22:00,1.92471,0.0,0.94141,0.003,0.9803,0.0,0.0,0.0,0.0
2018-06-20 22:00:00,2018-06-20 23:00,1.38666,0.0,0.80274,0.003,0.58092,0.0,0.0,0.0,0.0
2018-06-20 23:00:00,2018-06-21 00:00,1.19827,0.0,0.71975,0.003,0.47552,0.0,0.0,0.0,0.0
2018-06-21 00:00:00,2018-06-21 01:00,1.1423,0.0,0.6695,0.003,0.4698,0.0,0.0,0.0,0.0
2018-06-21 01:00:00,2018-06-21 02:00,1.11489,0.0,0.64649,0.003,0.4654,0.0,0.0,0.0,0.0
2018-06-21 02:00:00,2018-06-21 03:00,1.07874,0.0,0.62092,0.003,0.45482,0.0,0.0,0.0,0.0
2018-06-21 03:00:00,2018-06-21 04:00,1.43204,0.0,0.58801,0.39411,0.44992,0.0,0.0,0.0,0.0
2018-06-21 04:00:00,2018-06-21 05:00,0.97617,0.0,0.52208,0.003,0.45109,0.0,0.0,0.0,0.0
2018-06-21 05:00:00,2018-06-21 06:00,0.92523,0.0,0.46863,0.003,0.4536,0.0,0.0,0.0,0.0
2018-06-21 06:00:00,2018-06-21 07:00,0.92432,0.0,0.42277,0.003,0.49855,0.0,0.0,0.0,0.0
2018-06-21 07:00:00,2018-06-21 08:00,0.95522,0.0,0.44355,0.003,0.50867,0.0,0.0,0.0,0.0
2018-06-21 08:00:00,2018-06-21 09:00,0.99072,0.0,0.45695,0.003,0.53077,0.0,0.0,0.0,0.0
2018-06-21 09:00:00,2018-06-21 10:00,1.41242,0.0,0.49155,0.34758,0.57329,0.0,0.0,0.0,0.0
2018-06-21 10:00:00,2018-06-21 11:00,1.32018,0.0,0.70109,0.003,0.61609,0.05247,0.0,0.0,0.05247
2018-06-21 11:00:00,2018-06-21 12:00,1.10582,0.0,0.60275,0.003,0.50007,0.0,0.0,0.0,0.0
2018-06-21 12:00:00,2018-06-21 13:00,1.12337,0.0,0.64421,0.003,0.47616,0.0,0.0,0.0,0.0
2018-06-21 13:00:00,2018-06-21 14:00,1.7042,0.0,0.75873,0.22988,0.71559,0.0,0.0,0.0,0.0
2018-06-21 14:00:00,2018-06-21 15:00,2.13193,0.0,0.80717,0.196,1.12876,0.0,0.0,0.0,0.0
2018-06-21 15:00:00,2018-06-21 16:00,1.37735,0.0,0.83821,0.003,0.53614,0.0,0.0,0.0,0.0
2018-06-21 16:00:00,2018-06-21 17:00,1.70407,0.0,1.04141,0.003,0.65966,0.05247,0.0,0.0,0.05247
2018-06-21 17:00:00,2018-06-21 18:00,2.07524,0.0,0.95818,0.3587,0.75836,0.0,0.0,0.0,0.0
2018-06-21 18:00:00,2018-06-21 19:00,1.89105,0.0,1.00299,0.003,0.88506,0.0,0.0,0.0,0.0
2018-06-21 19:00:00,2018-06-21 20:00,2.05608,0.0,0.94208,0.11207,1.00193,0.0,0.0,0.0,0.0
2018-06-21 20:00:00,2018-06-21 21:00,2.66198,0.0,1.02284,0.39456,1.24458,0.03935,0.0,0.0,0.03935
2018-06-21 21:00:00,2018-06-21 22:00,3.32391,0.0,1.20936,0.003,2.11155,0.11242,0.0,0.0,0.11242
2018-06-21 22:00:00,2018-06-21 23:00,2.87039,0.0,0.87706,0.003,1.99033,0.0075,0.0,0.0,0.0075
2018-06-21 23:00:00,2018-06-22 00:00,1.17489,0.0,0.69638,0.003,0.47551,0.0,0.0,0.0,0.0
2018-06-22 00:00:00,2018-06-22 01:00,1.08403,0.0,0.61122,0.003,0.46981,0.0,0.0,0.0,0.0
2018-06-22 01:00:00,2018-06-22 02:00,1.01276,0.0,0.54435,0.003,0.46541,0.0,0.0,0.0,0.0
2018-06-22 02:00:00,2018-06-22 03:00,0.93131,0.0,0.46895,0.003,0.45936,0.0,0.0,0.0,0.0
2018-06-22 03:00:00,2018-06-22 04:00,0.88527,0.0,0.42503,0.003,0.45724,0.0,0.0,0.0,0.0
2018-06-22 04:00:00,2018-06-22 05:00,0.84497,0.0,0.39088,0.003,0.45109,0.0,0.0,0.0,0.0
2018-06-22 05:00:00,2018-06-22 06:00,0.82874,0.0,0.37497,0.003,0.45077,0.0,0.0,0.0,0.0
2018-06-22 06:00:00,2018-06-22 07:00,1.08024,0.0,0.34671,0.23497,0.49856,0.0,0.0,0.0,0.0
2018-06-22 07:00:00,2018-06-22 08:00,1.39065,0.0,0.37174,0.46226,0.55665,0.0,0.0,0.0,0.0
2018-06-22 08:00:00,2018-06-22 09:00,1.45996,0.0,0.43525,0.46123,0.56348,0.0,0.0,0.0,0.0
2018-06-22 09:00:00,2018-06-22 10:00,1.04461,0.0,0.51639,0.003,0.52522,0.0,0.0,0.0,0.0
2018-06-22 10:00:00,2018-06-22 11:00,1.36225,0.0,0.61628,0.22631,0.51966,0.0,0.0,0.0,0.0
2018-06-22 11:00:00,2018-06-22 12:00,1.29703,0.0,0.67479,0.14697,0.47527,0.0,0.0,0.0,0.0
2018-06-22 12:00:00,2018-06-22 13:00,1.28605,0.0,0.79042,0.003,0.49263,0.01124,0.0,0.0,0.01124
2018-06-22 13:00:00,2018-06-22 14:00,1.57866,0.0,1.01033,0.003,0.56533,0.04123,0.0,0.0,0.04123
2018-06-22 14:00:00,2018-06-22 15:00,1.35259,0.0,0.87267,0.003,0.47692,0.0,0.0,0.0,0.0
2018-06-22 15:00:00,2018-06-22 16:00,1.45576,0.0,0.97806,0.003,0.4747,0.0,0.0,0.0,0.0
2018-06-22 16:00:00,2018-06-22 17:00,1.57522,0.0,1.08406,0.003,0.48816,0.0,0.0,0.0,0.0
2018-06-22 17:00:00,2018-06-22 18:00,1.81186,0.0,1.12813,0.11534,0.56839,0.0,0.0,0.0,0.0
2018-06-22 18:00:00,2018-06-22 19:00,2.41385,0.0,1.243,0.46034,0.71051,0.0,0.0,0.0,0.0
2018-06-22 19:00:00,2018-06-22 20:00,2.11324,0.0,1.15158,0.10545,0.85621,0.0,0.0,0.0,0.0
2018-06-22 20:00:00,2018-06-22 21:00,2.16295,0.0,1.10715,0.003,1.0528,0.0,0.0,0.0,0.0
2018-06-22 21:00:00,2018-06-22 22:00,1.80324,0.0,0.96052,0.003,0.83972,0.0,0.0,0.0,0.0
2018-06-22 22:00:00,2018-06-22 23:00,1.68711,0.0,0.87116,0.11293,0.70302,0.0,0.0,0.0,0.0
2018-06-22 23:00:00,2018-06-23 00:00,1.61775,0.0,0.78239,0.31675,0.51861,0.0,0.0,0.0,0.0
2018-06-23 00:00:00,2018-06-23 01:00,1.16764,0.0,0.69359,0.003,0.47105,0.0,0.0,0.0,0.0
2018-06-23 01:00:00,2018-06-23 02:00,1.09564,0.0,0.62598,0.003,0.46666,0.0,0.0,0.0,0.0
2018-06-23 02:00:00,2018-06-23 03:00,1.03058,0.0,0.56699,0.003,0.46059,0.0,0.0,0.0,0.0
2018-06-23 03:00:00,2018-06-23 04:00,0.98269,0.0,0.5219,0.003,0.45779,0.0,0.0,0.0,0.0
2018-06-23 04:00:00,2018-06-23 05:00,0.93427,0.0,0.48497,0.003,0.4463,0.0,0.0,0.0,0.0
2018-06-23 05:00:00,2018-06-23 06:00,0.90977,0.0,0.44976,0.003,0.45701,0.0,0.0,0.0,0.0
2018-06-23 06:00:00,2018-06-23 07:00,0.97651,0.0,0.442,0.003,0.53151,0.01124,0.0,0.0,0.01124
2018-06-23 07:00:00,2018-06-23 08:00,1.43941,0.0,0.5339,0.34755,0.55796,0.01498,0.0,0.0,0.01498
2018-06-23 08:00:00,2018-06-23 09:00,1.16844,0.0,0.56977,0.003,0.59567,0.0,0.0,0.0,0.0
2018-06-23 09:00:00,2018-06-23 10:00,1.38025,0.0,0.66025,0.003,0.717,0.0,0.0,0.0,0.0
2018-06-23 10:00:00,2018-06-23 11:00,1.67168,0.0,0.74589,0.23033,0.69546,0.0,0.0,0.0,0.0
2018-06-23 11:00:00,2018-06-23 12:00,1.69723,0.0,0.84934,0.11614,0.73175,0.0,0.0,0.0,0.0
2018-06-23 12:00:00,2018-06-23 13:00,1.68423,0.0,0.93226,0.003,0.74897,0.0,0.0,0.0,0.0
2018-06-23 13:00:00,2018-06-23 14:00,1.77877,0.0,1.00527,0.003,0.7705,0.0,0.0,0.0,0.0
2018-06-23 14:00:00,2018-06-23 15:00,1.82996,0.0,1.07902,0.003,0.74794,0.0,0.0,0.0,0.0
2018-06-23 15:00:00,2018-06-23 16:00,2.54057,0.0,1.16988,0.39431,0.97638,0.0,0.0,0.0,0.0
2018-06-23 16:00:00,2018-06-23 17:00,3.57914,0.0,1.35506,0.003,2.22108,0.02622,0.0,0.0,0.02622
2018-06-23 17:00:00,2018-06-23 18:00,3.59699,0.0,1.37297,0.003,2.22102,0.0,0.0,0.0,0.0
2018-06-23 18:00:00,2018-06-23 19:00,2.33979,0.0,1.30205,0.11335,0.92439,0.0,0.0,0.0,0.0
2018-06-23 19:00:00,2018-06-23 20:00,2.59793,0.0,1.20615,0.27563,1.11615,0.0,0.0,0.0,0.0
2018-06-23 20:00:00,2018-06-23 21:00,2.34587,0.0,1.13034,0.003,1.21253,0.0,0.0,0.0,0.0
2018-06-23 21:00:00,2018-06-23 22:00,2.06365,0.0,1.0374,0.003,1.02325,0.0,0.0,0.0,0.0
2018-06-23 22:00:00,2018-06-23 23:00,1.76036,0.0,0.93536,0.003,0.822,0.0,0.0,0.0,0.0
2018-06-23 23:00:00,2018-06-24 00:00,1.37918,0.0,0.81741,0.003,0.55877,0.0,0.0,0.0,0.0
2018-06-24 00:00:00,2018-06-24 01:00,1.21381,0.0,0.72962,0.003,0.48119,0.0,0.0,0.0,0.0
2018-06-24 01:00:00,2018-06-24 02:00,1.13255,0.0,0.66289,0.003,0.46666,0.0,0.0,0.0,0.0
2018-06-24 02:00:00,2018-06-24 03:00,1.08132,0.0,0.61773,0.003,0.46059,0.0,0.0,0.0,0.0
2018-06-24 03:00:00,2018-06-24 04:00,1.04291,0.0,0.58144,0.003,0.45847,0.0,0.0,0.0,0.0
2018-06-24 04:00:00,2018-06-24 05:00,1.28757,0.0,0.54162,0.29361,0.45234,0.0,0.0,0.0,0.0
2018-06-24 05:00:00,2018-06-24 06:00,0.95925,0.0,0.50424,0.003,0.45201,0.0,0.0,0.0,0.0
2018-06-24 06:00:00,2018-06-24 07:00,1.00395,0.0,0.50971,0.003,0.49124,0.0,0.0,0.0,0.0
2018-06-24 07:00:00,2018-06-24 08:00,1.07601,0.0,0.57966,0.003,0.49335,0.01124,0.0,0.0,0.01124
2018-06-24 08:00:00,2018-06-24 09:00,1.45459,0.0,0.80031,0.003,0.65128,0.06745,0.0,0.0,0.06745
2018-06-24 09:00:00,2018-06-24 10:00,1.62603,0.0,0.67353,0.34848,0.60402,0.0,0.0,0.0,0.0
2018-06-24 10:00:00,2018-06-24 11:00,1.45211,0.0,0.6926,0.08938,0.67013,0.0,0.0,0.0,0.0
2018-06-24 11:00:00,2018-06-24 12:00,1.39058,0.0,0.71846,0.003,0.66912,0.0,0.0,0.0,0.0
2018-06-24 12:00:00,2018-06-24 13:00,1.90179,0.0,0.77405,0.45687,0.67087,0.0,0.0,0.0,0.0
2018-06-24 13:00:00,2018-06-24 14:00,1.64012,0.0,0.86651,0.0698,0.70381,0.0,0.0,0.0,0.0
2018-06-24 14:00:00,2018-06-24 15:00,1.72474,0.0,0.99663,0.003,0.72511,0.0,0.0,0.0,0.0
2018-06-24 15:00:00,2018-06-24 16:00,1.85027,0.0,1.08929,0.003,0.75798,0.0,0.0,0.0,0.0
2018-06-24 16:00:00,2018-06-24 17:00,2.60654,0.0,1.30998,0.34589,0.95067,0.06745,0.0,0.0,0.06745
2018-06-24 17:00:00,2018-06-24 18:00,2.22243,0.0,1.24494,0.03449,0.943,0.01124,0.0,0.0,0.01124
2018-06-24 18:00:00,2018-06-24 19:00,2.26691,0.0,1.21303,0.003,1.05088,0.0,0.0,0.0,0.0
2018-06-24 19:00:00,2018-06-24 20:00,2.50585,0.0,1.30958,0.003,1.19327,0.06745,0.0,0.0,0.06745
2018-06-24 20:00:00,2018-06-24 21:00,2.98847,0.0,1.1848,0.003,1.80067,0.01124,0.0,0.0,0.01124
2018-06-24 21:00:00,2018-06-24 22:00,4.33672,0.0,1.15757,0.003,3.17615,0.0,0.0,0.0,0.0
2018-06-24 22:00:00,2018-06-24 23:00,2.60051,0.0,1.01437,0.1154,1.47074,0.0,0.0,0.0,0.0
2018-06-24 23:00:00,2018-06-25 00:00,1.57232,0.0,0.87152,0.22322,0.47758,0.0,0.0,0.0,0.0
2018-06-25 00:00:00,2018-06-25 01:00,1.28689,0.0,0.80596,0.003,0.47793,0.0,0.0,0.0,0.0
2018-06-25 01:00:00,2018-06-25 02:00,1.21509,0.0,0.74925,0.003,0.46284,0.0,0.0,0.0,0.0
2018-06-25 02:00:00,2018-06-25 03:00,1.14224,0.0,0.68288,0.003,0.45636,0.0,0.0,0.0,0.0
2018-06-25 03:00:00,2018-06-25 04:00,1.08978,0.0,0.62955,0.003,0.45723,0.0,0.0,0.0,0.0
2018-06-25 04:00:00,2018-06-25 05:00,1.03796,0.0,0.58681,0.003,0.44815,0.0,0.0,0.0,0.0
2018-06-25 05:00:00,2018-06-25 06:00,1.00868,0.0,0.55331,0.003,0.45237,0.0,0.0,0.0,0.0
2018-06-25 06:00:00,2018-06-25 07:00,1.42755,0.0,0.54846,0.34703,0.53206,0.0,0.0,0.0,0.0
2018-06-25 07:00:00,2018-06-25 08:00,1.30495,0.0,0.5333,0.22392,0.54773,0.0,0.0,0.0,0.0
2018-06-25 08:00:00,2018-06-25 09:00,1.2925,0.0,0.53108,0.2284,0.53302,0.0,0.0,0.0,0.0
2018-06-25 09:00:00,2018-06-25 10:00,1.24053,0.0,0.59568,0.11961,0.52524,0.0,0.0,0.0,0.0
2018-06-25 10:00:00,2018-06-25 11:00,1.33385,0.0,0.69971,0.11447,0.51967,0.0,0.0,0.0,0.0
2018-06-25 11:00:00,2018-06-25 12:00,1.67512,0.0,0.836,0.32163,0.51749,0.0,0.0,0.0,0.0
2018-06-25 12:00:00,2018-06-25 13:00,1.56185,0.0,0.92189,0.11393,0.52603,0.0,0.0,0.0,0.0
2018-06-25 13:00:00,2018-06-25 14:00,1.73273,0.0,1.02189,0.22602,0.48482,0.0,0.0,0.0,0.0
2018-06-25 14:00:00,2018-06-25 15:00,1.61323,0.0,1.13332,0.003,0.47691,0.0,0.0,0.0,0.0
2018-06-25 15:00:00,2018-06-25 16:00,1.70274,0.0,1.22503,0.003,0.47471,0.0,0.0,0.0,0.0
2018-06-25 16:00:00,2018-06-25 17:00,1.76406,0.0,1.26425,0.003,0.49681,0.0,0.0,0.0,0.0
2018-06-25 17:00:00,2018-06-25 18:00,1.88093,0.0,1.24147,0.003,0.63646,0.0,0.0,0.0,0.0
2018-06-25 18:00:00,2018-06-25 19:00,2.19717,0.0,1.25261,0.11456,0.83,0.0,0.0,0.0,0.0
2018-06-25 19:00:00,2018-06-25 20:00,2.44337,0.0,1.18941,0.30511,0.94885,0.0,0.0,0.0,0.0
2018-06-25 20:00:00,2018-06-25 21:00,2.18023,0.0,1.12603,0.1138,0.9404,0.0,0.0,0.0,0.0
2018-06-25 21:00:00,2018-06-25 22:00,2.3044,0.0,1.06831,0.2269,1.00919,0.0,0.0,0.0,0.0
2018-06-25 22:00:00,2018-06-25 23:00,1.70861,0.0,0.96142,0.003,0.74419,0.0,0.0,0.0,0.0
2018-06-25 23:00:00,2018-06-26 00:00,1.39989,0.0,0.88372,0.003,0.51317,0.0,0.0,0.0,0.0
2018-06-26 00:00:00,2018-06-26 01:00,1.32586,0.0,0.84935,0.003,0.47351,0.0,0.0,0.0,0.0
2018-06-26 01:00:00,2018-06-26 02:00,1.20279,0.0,0.73439,0.003,0.4654,0.0,0.0,0.0,0.0
2018-06-26 02:00:00,2018-06-26 03:00,1.11127,0.0,0.64891,0.003,0.45936,0.0,0.0,0.0,0.0
2018-06-26 03:00:00,2018-06-26 04:00,1.0632,0.0,0.60296,0.003,0.45724,0.0,0.0,0.0,0.0
2018-06-26 04:00:00,2018-06-26 05:00,1.1206,0.0,0.55598,0.11647,0.44815,0.0,0.0,0.0,0.0
2018-06-26 05:00:00,2018-06-26 06:00,1.18583,0.0,0.53609,0.18329,0.46645,0.01124,0.0,0.0,0.01124
2018-06-26 06:00:00,2018-06-26 07:00,1.21343,0.0,0.63312,0.003,0.57731,0.05247,0.0,0.0,0.05247
2018-06-26 07:00:00,2018-06-26 08:00,1.09261,0.0,0.55484,0.003,0.53477,0.01498,0.0,0.0,0.01498
2018-06-26 08:00:00,2018-06-26 09:00,1.53384,0.0,0.52304,0.46131,0.54949,0.0,0.0,0.0,0.0
2018-06-26 09:00:00,2018-06-26 10:00,1.23484,0.0,0.53496,0.16032,0.53956,0.0,0.0,0.0,0.0
2018-06-26 10:00:00,2018-06-26 11:00,1.02674,0.0,0.55318,0.003,0.47056,0.0,0.0,0.0,0.0
2018-06-26 11:00:00,2018-06-26 12:00,1.0336,0.0,0.56276,0.003,0.46784,0.0,0.0,0.0,0.0
2018-06-26 12:00:00,2018-06-26 13:00,1.04593,0.0,0.56676,0.003,0.47617,0.0,0.0,0.0,0.0
2018-06-26 13:00:00,2018-06-26 14:00,1.0926,0.0,0.58106,0.003,0.50854,0.0,0.0,0.0,0.0
2018-06-26 14:00:00,2018-06-26 15:00,1.09138,0.0,0.58989,0.003,0.49849,0.0,0.0,0.0,0.0
2018-06-26 15:00:00,2018-06-26 16:00,1.09929,0.0,0.62157,0.003,0.47472,0.0,0.0,0.0,0.0
2018-06-26 16:00:00,2018-06-26 17:00,1.27537,0.0,0.6533,0.11587,0.5062,0.0,0.0,0.0,0.0
2018-06-26 17:00:00,2018-06-26 18:00,1.50234,0.0,0.70492,0.22835,0.56907,0.01124,0.0,0.0,0.01124
2018-06-26 18:00:00,2018-06-26 19:00,1.60553,0.0,0.79093,0.003,0.8116,0.01498,0.0,0.0,0.01498
2018-06-26 19:00:00,2018-06-26 20:00,2.07787,0.0,0.7754,0.22917,1.0733,0.0,0.0,0.0,0.0
2018-06-26 20:00:00,2018-06-26 21:00,2.29712,0.0,0.77526,0.33943,1.18243,0.0,0.0,0.0,0.0
2018-06-26 21:00:00,2018-06-26 22:00,1.71947,0.0,0.73016,0.003,0.98631,0.0,0.0,0.0,0.0
2018-06-26 22:00:00,2018-06-26 23:00,1.25323,0.0,0.65391,0.003,0.59632,0.0,0.0,0.0,0.0
2018-06-26 23:00:00,2018-06-27 00:00,1.12165,0.0,0.60545,0.003,0.5132,0.0,0.0,0.0,0.0
2018-06-27 00:00:00,2018-06-27 01:00,1.04863,0.0,0.5677,0.003,0.47793,0.0,0.0,0.0,0.0
2018-06-27 01:00:00,2018-06-27 02:00,1.00204,0.0,0.53443,0.003,0.46461,0.0,0.0,0.0,0.0
2018-06-27 02:00:00,2018-06-27 03:00,1.27989,0.0,0.5066,0.31393,0.45936,0.0,0.0,0.0,0.0
2018-06-27 03:00:00,2018-06-27 04:00,0.93341,0.0,0.47385,0.003,0.45656,0.0,0.0,0.0,0.0
2018-06-27 04:00:00,2018-06-27 05:00,0.89142,0.0,0.44002,0.003,0.4484,0.0,0.0,0.0,0.0
2018-06-27 05:00:00,2018-06-27 06:00,1.24176,0.0,0.43765,0.3445,0.45961,0.0,0.0,0.0,0.0
2018-06-27 06:00:00,2018-06-27 07:00,2.11042,0.0,0.52501,0.19708,1.38833,0.02622,0.0,0.0,0.02622
2018-06-27 07:00:00,2018-06-27 08:00,2.34025,0.0,0.48966,0.003,1.84759,0.0,0.0,0.0,0.0
2018-06-27 08:00:00,2018-06-27 09:00,0.93498,0.0,0.43893,0.003,0.49305,0.0,0.0,0.0,0.0
2018-06-27 09:00:00,2018-06-27 10:00,0.93064,0.0,0.45052,0.003,0.47712,0.0,0.0,0.0,0.0
2018-06-27 10:00:00,2018-06-27 11:00,1.29082,0.0,0.49617,0.3241,0.47055,0.0,0.0,0.0,0.0
2018-06-27 11:00:00,2018-06-27 12:00,1.03452,0.0,0.56369,0.003,0.46783,0.0,0.0,0.0,0.0
2018-06-27 12:00:00,2018-06-27 13:00,1.11287,0.0,0.6337,0.003,0.47617,0.0,0.0,0.0,0.0
2018-06-27 13:00:00,2018-06-27 14:00,1.21926,0.0,0.72082,0.003,0.49544,0.0,0.0,0.0,0.0
2018-06-27 14:00:00,2018-06-27 15:00,1.50968,0.0,0.851,0.11593,0.54275,0.01124,0.0,0.0,0.01124
2018-06-27 15:00:00,2018-06-27 16:00,2.42596,0.0,1.29206,0.34559,0.78831,0.11242,0.0,0.0,0.11242
2018-06-27 16:00:00,2018-06-27 17:00,2.39446,0.0,1.26582,0.003,1.12564,0.03561,0.0,0.0,0.03561
2018-06-27 17:00:00,2018-06-27 18:00,4.3567,0.0,1.25924,0.22943,2.86803,0.0,0.0,0.0,0.0
2018-06-27 18:00:00,2018-06-27 19:00,4.44635,0.0,1.35153,0.15396,2.94086,0.0,0.0,0.0,0.0
2018-06-27 19:00:00,2018-06-27 20:00,3.26743,0.0,1.22369,0.003,2.04074,0.0,0.0,0.0,0.0
2018-06-27 20:00:00,2018-06-27 21:00,2.67215,0.0,1.15856,0.11398,1.39961,0.0,0.0,0.0,0.0
2018-06-27 21:00:00,2018-06-27 22:00,4.51038,0.0,1.1284,0.31921,3.06277,0.0,0.0,0.0,0.0
2018-06-27 22:00:00,2018-06-27 23:00,1.80581,0.0,0.94569,0.003,0.85712,0.0,0.0,0.0,0.0
2018-06-27 23:00:00,2018-06-28 00:00,1.35246,0.0,0.83629,0.003,0.51317,0.0,0.0,0.0,0.0
2018-06-28 00:00:00,2018-06-28 01:00,1.24039,0.0,0.75943,0.003,0.47796,0.0,0.0,0.0,0.0
2018-06-28 01:00:00,2018-06-28 02:00,1.16793,0.0,0.70209,0.003,0.46284,0.0,0.0,0.0,0.0
2018-06-28 02:00:00,2018-06-28 03:00,1.44357,0.0,0.64238,0.35004,0.45115,0.0,0.0,0.0,0.0
2018-06-28 03:00:00,2018-06-28 04:00,1.12786,0.0,0.58965,0.09132,0.44689,0.0,0.0,0.0,0.0
2018-06-28 04:00:00,2018-06-28 05:00,1.00895,0.0,0.55486,0.003,0.45109,0.0,0.0,0.0,0.0
2018-06-28 05:00:00,2018-06-28 06:00,0.97282,0.0,0.51622,0.003,0.4536,0.0,0.0,0.0,0.0
2018-06-28 06:00:00,2018-06-28 07:00,1.35713,0.0,0.50949,0.34186,0.50578,0.0,0.0,0.0,0.0
2018-06-28 07:00:00,2018-06-28 08:00,1.47779,0.0,0.70368,0.20365,0.57046,0.05247,0.0,0.0,0.05247
2018-06-28 08:00:00,2018-06-28 09:00,1.58751,0.0,0.96066,0.003,0.62385,0.09556,0.0,0.0,0.09556
2018-06-28 09:00:00,2018-06-28 10:00,1.49873,0.0,0.96195,0.003,0.53378,0.03746,0.0,0.0,0.03746
2018-06-28 10:00:00,2018-06-28 11:00,1.74356,0.0,0.94563,0.32738,0.47055,0.0,0.0,0.0,0.0
2018-06-28 11:00:00,2018-06-28 12:00,1.50457,0.0,1.03375,0.003,0.46782,0.0,0.0,0.0,0.0
2018-06-28 12:00:00,2018-06-28 13:00,1.63936,0.0,1.1602,0.003,0.47616,0.0,0.0,0.0,0.0
2018-06-28 13:00:00,2018-06-28 14:00,1.71544,0.0,1.2355,0.003,0.47694,0.0,0.0,0.0,0.0
2018-06-28 14:00:00,2018-06-28 15:00,1.75812,0.0,1.2782,0.003,0.47692,0.0,0.0,0.0,0.0
2018-06-28 15:00:00,2018-06-28 16:00,1.82547,0.0,1.34775,0.003,0.47472,0.0,0.0,0.0,0.0
2018-06-28 16:00:00,2018-06-28 17:00,1.97236,0.0,1.43623,0.003,0.53313,0.0,0.0,0.0,0.0
2018-06-28 17:00:00,2018-06-28 18:00,2.61425,0.0,1.51625,0.42437,0.67363,0.02622,0.0,0.0,0.02622
2018-06-28 18:00:00,2018-06-28 19:00,2.38592,0.0,1.51386,0.003,0.86906,0.0,0.0,0.0,0.0
2018-06-28 19:00:00,2018-06-28 20:00,2.44243,0.0,1.49001,0.003,0.94942,0.0,0.0,0.0,0.0
2018-06-28 20:00:00,2018-06-28 21:00,2.50113,0.0,1.47075,0.003,1.02738,0.0,0.0,0.0,0.0
2018-06-28 21:00:00,2018-06-28 22:00,2.90816,0.0,1.44817,0.46179,0.9982,0.0,0.0,0.0,0.0
2018-06-28 22:00:00,2018-06-28 23:00,2.16574,0.0,1.42054,0.07457,0.67063,0.0,0.0,0.0,0.0
2018-06-28 23:00:00,2018-06-29 00:00,1.8036,0.0,1.31888,0.003,0.48172,0.0,0.0,0.0,0.0
2018-06-29 00:00:00,2018-06-29 01:00,1.66068,0.0,1.18789,0.003,0.46979,0.0,0.0,0.0,0.0
2018-06-29 01:00:00,2018-06-29 02:00,1.55312,0.0,1.08472,0.003,0.4654,0.0,0.0,0.0,0.0
2018-06-29 02:00:00,2018-06-29 03:00,1.48503,0.0,1.02268,0.003,0.45935,0.0,0.0,0.0,0.0
2018-06-29 03:00:00,2018-06-29 04:00,1.44158,0.0,0.98135,0.003,0.45723,0.0,0.0,0.0,0.0
2018-06-29 04:00:00,2018-06-29 05:00,1.41747,0.0,0.96338,0.003,0.45109,0.0,0.0,0.0,0.0
2018-06-29 05:00:00,2018-06-29 06:00,1.3757,0.0,0.91909,0.003,0.45361,0.0,0.0,0.0,0.0
2018-06-29 06:00:00,2018-06-29 07:00,1.74932,0.0,0.96222,0.23567,0.55143,0.0,0.0,0.0,0.0
2018-06-29 07:00:00,2018-06-29 08:00,2.02639,0.0,1.06423,0.3509,0.61126,0.01124,0.0,0.0,0.01124
2018-06-29 08:00:00,2018-06-29 09:00,2.04207,0.0,1.36473,0.003,0.67434,0.04123,0.0,0.0,0.04123
2018-06-29 09:00:00,2018-06-29 10:00,3.94102,0.0,1.50048,0.003,2.43754,0.0,0.0,0.0,0.0
2018-06-29 10:00:00,2018-06-29 11:00,3.2681,0.0,1.57661,0.3984,1.29309,0.0,0.0,0.0,0.0
2018-06-29 11:00:00,2018-06-29 12:00,2.1275,0.0,1.60646,0.003,0.51804,0.0,0.0,0.0,0.0
2018-06-29 12:00:00,2018-06-29 13:00,2.16575,0.0,1.63565,0.003,0.5271,0.0,0.0,0.0,0.0
2018-06-29 13:00:00,2018-06-29 14:00,2.20603,0.0,1.67175,0.003,0.53128,0.0,0.0,0.0,0.0
2018-06-29 14:00:00,2018-06-29 15:00,2.57478,0.0,1.69712,0.34402,0.53364,0.0,0.0,0.0,0.0
2018-06-29 15:00:00,2018-06-29 16:00,2.246,0.0,1.70477,0.003,0.53823,0.0,0.0,0.0,0.0
2018-06-29 16:00:00,2018-06-29 17:00,2.27356,0.0,1.70581,0.003,0.56475,0.0,0.0,0.0,0.0
2018-06-29 17:00:00,2018-06-29 18:00,2.45037,0.0,1.69539,0.003,0.75198,0.07869,0.0,0.0,0.07869
2018-06-29 18:00:00,2018-06-29 19:00,2.53367,0.0,1.65752,0.003,0.87315,0.0,0.0,0.0,0.0
2018-06-29 19:00:00,2018-06-29 20:00,2.89932,0.0,1.61883,0.23903,1.04146,0.0,0.0,0.0,0.0
2018-06-29 20:00:00,2018-06-29 21:00,2.83466,0.0,1.58763,0.06148,1.18555,0.0,0.0,0.0,0.0
2018-06-29 21:00:00,2018-06-29 22:00,2.5833,0.0,1.56759,0.003,1.01271,0.0,0.0,0.0,0.0
2018-06-29 22:00:00,2018-06-29 23:00,2.35577,0.0,1.55228,0.003,0.80049,0.0,0.0,0.0,0.0
2018-06-29 23:00:00,2018-06-30 00:00,2.01833,0.0,1.53598,0.003,0.47935,0.0,0.0,0.0,0.0
2018-06-30 00:00:00,2018-06-30 01:00,2.01694,0.0,1.53932,0.003,0.47462,0.0,0.0,0.0,0.0
2018-06-30 01:00:00,2018-06-30 02:00,2.00789,0.0,1.53501,0.003,0.46988,0.0,0.0,0.0,0.0
2018-06-30 02:00:00,2018-06-30 03:00,1.97714,0.0,1.51097,0.003,0.46317,0.0,0.0,0.0,0.0
2018-06-30 03:00:00,2018-06-30 04:00,1.9473,0.0,1.48337,0.003,0.46093,0.0,0.0,0.0,0.0
2018-06-30 04:00:00,2018-06-30 05:00,1.92228,0.0,1.46499,0.003,0.45429,0.0,0.0,0.0,0.0
2018-06-30 05:00:00,2018-06-30 06:00,2.24985,0.0,1.4503,0.3417,0.45785,0.0,0.0,0.0,0.0
2018-06-30 06:00:00,2018-06-30 07:00,1.96204,0.0,1.43695,0.003,0.52209,0.0,0.0,0.0,0.0
2018-06-30 07:00:00,2018-06-30 08:00,2.01636,0.0,1.432,0.003,0.58136,0.02622,0.0,0.0,0.02622
2018-06-30 08:00:00,2018-06-30 09:00,2.34822,0.0,1.42259,0.23853,0.6871,0.0,0.0,0.0,0.0
2018-06-30 09:00:00,2018-06-30 10:00,2.12137,0.0,1.44686,0.06708,0.60743,0.0,0.0,0.0,0.0
2018-06-30 10:00:00,2018-06-30 11:00,2.08514,0.0,1.48164,0.003,0.6005,0.0,0.0,0.0,0.0
2018-06-30 11:00:00,2018-06-30 12:00,2.15758,0.0,1.49079,0.003,0.66379,0.0,0.0,0.0,0.0
2018-06-30 12:00:00,2018-06-30 13:00,2.26592,0.0,1.51828,0.003,0.74464,0.02622,0.0,0.0,0.02622
2018-06-30 13:00:00,2018-06-30 14:00,2.5289,0.0,1.52585,0.30104,0.70201,0.0,0.0,0.0,0.0
2018-06-30 14:00:00,2018-06-30 15:00,2.30216,0.0,1.5402,0.003,0.75896,0.0,0.0,0.0,0.0
2018-06-30 15:00:00,2018-06-30 16:00,2.38985,0.0,1.52381,0.11625,0.74979,0.0,0.0,0.0,0.0
2018-06-30 16:00:00,2018-06-30 17:00,2.56061,0.0,1.48442,0.21292,0.86327,0.05247,0.0,0.0,0.05247
2018-06-30 17:00:00,2018-06-30 18:00,2.25824,0.0,1.46668,0.003,0.78856,0.0,0.0,0.0,0.0
2018-06-30 18:00:00,2018-06-30 19:00,2.24908,0.0,1.44581,0.003,0.80027,0.0,0.0,0.0,0.0
2018-06-30 19:00:00,2018-06-30 20:00,2.55958,0.0,1.44351,0.23192,0.88415,0.0,0.0,0.0,0.0
2018-06-30 20:00:00,2018-06-30 21:00,2.70171,0.0,1.42235,0.20988,1.06948,0.0,0.0,0.0,0.0
2018-06-30 21:00:00,2018-06-30 22:00,2.30529,0.0,1.39762,0.003,0.90467,0.0,0.0,0.0,0.0
2018-06-30 22:00:00,2018-06-30 23:00,2.10227,0.0,1.38366,0.003,0.71561,0.0,0.0,0.0,0.0
2018-06-30 23:00:00,2018-07-01 00:00,1.92031,0.0,1.3691,0.003,0.54821,0.0,0.0,0.0,0.0
2018-07-01 00:00:00,2018-07-01 01:00,1.83379,0.0,1.35503,0.003,0.47576,0.0,0.0,0.0,0.0
2018-07-01 01:00:00,2018-07-01 02:00,1.6577,0.0,1.18794,0.003,0.46676,0.0,0.0,0.0,0.0
2018-07-01 02:00:00,2018-07-01 03:00,1.54723,0.0,1.08352,0.003,0.46071,0.0,0.0,0.0,0.0
2018-07-01 03:00:00,2018-07-01 04:00,1.45315,0.0,0.99156,0.003,0.45859,0.0,0.0,0.0,0.0
2018-07-01 04:00:00,2018-07-01 05:00,1.36484,0.0,0.90942,0.003,0.45242,0.0,0.0,0.0,0.0
2018-07-01 05:00:00,2018-07-01 06:00,1.30206,0.0,0.84694,0.003,0.45212,0.0,0.0,0.0,0.0
2018-07-01 06:00:00,2018-07-01 07:00,1.31207,0.0,0.81771,0.003,0.49136,0.0,0.0,0.0,0.0
2018-07-01 07:00:00,2018-07-01 08:00,1.27535,0.0,0.80085,0.003,0.4715,0.0,0.0,0.0,0.0
2018-07-01 08:00:00,2018-07-01 09:00,1.51141,0.0,0.78965,0.2404,0.48136,0.0,0.0,0.0,0.0
2018-07-01 09:00:00,2018-07-01 10:00,1.38516,0.0,0.7777,0.06424,0.54322,0.0,0.0,0.0,0.0
2018-07-01 10:00:00,2018-07-01 11:00,1.48391,0.0,0.77123,0.11565,0.59703,0.0,0.0,0.0,0.0
2018-07-01 11:00:00,2018-07-01 12:00,1.56417,0.0,0.74109,0.21161,0.61147,0.0,0.0,0.0,0.0
2018-07-01 12:00:00,2018-07-01 13:00,1.37696,0.0,0.66978,0.003,0.70418,0.0,0.0,0.0,0.0
2018-07-01 13:00:00,2018-07-01 14:00,1.70303,0.0,0.76438,0.23012,0.70853,0.0,0.0,0.0,0.0
2018-07-01 14:00:00,2018-07-01 15:00,2.24472,0.0,0.9166,0.17602,1.1521,0.02622,0.0,0.0,0.02622
2018-07-01 15:00:00,2018-07-01 16:00,2.44344,0.0,0.83441,0.003,1.60603,0.0,0.0,0.0,0.0
2018-07-01 16:00:00,2018-07-01 17:00,1.94868,0.0,0.82147,0.34595,0.78126,0.0,0.0,0.0,0.0
2018-07-01 17:00:00,2018-07-01 18:00,1.87674,0.0,0.95339,0.07774,0.84561,0.01124,0.0,0.0,0.01124
2018-07-01 18:00:00,2018-07-01 19:00,2.36706,0.0,1.24905,0.003,1.11501,0.06745,0.0,0.0,0.06745
2018-07-01 19:00:00,2018-07-01 20:00,2.18527,0.0,1.04563,0.003,1.13664,0.0,0.0,0.0,0.0
2018-07-01 20:00:00,2018-07-01 21:00,2.64116,0.0,1.00492,0.42458,1.21166,0.0,0.0,0.0,0.0
2018-07-01 21:00:00,2018-07-01 22:00,1.91942,0.0,0.89407,0.003,1.02235,0.0,0.0,0.0,0.0
2018-07-01 22:00:00,2018-07-01 23:00,1.74857,0.0,0.79286,0.22818,0.72753,0.0,0.0,0.0,0.0
2018-07-01 23:00:00,2018-07-02 00:00,1.36564,0.0,0.68497,0.16276,0.51791,0.0,0.0,0.0,0.0
2018-07-02 00:00:00,2018-07-02 01:00,1.06618,0.0,0.58551,0.003,0.47767,0.0,0.0,0.0,0.0
2018-07-02 01:00:00,2018-07-02 02:00,1.01791,0.0,0.55238,0.003,0.46253,0.0,0.0,0.0,0.0
2018-07-02 02:00:00,2018-07-02 03:00,0.97943,0.0,0.52494,0.003,0.45149,0.0,0.0,0.0,0.0
2018-07-02 03:00:00,2018-07-02 04:00,1.1908,0.0,0.51097,0.23021,0.44962,0.0,0.0,0.0,0.0
2018-07-02 04:00:00,2018-07-02 05:00,1.17862,0.0,0.58119,0.14557,0.45186,0.0,0.0,0.0,0.0
2018-07-02 05:00:00,2018-07-02 06:00,1.36664,0.0,0.56895,0.33829,0.4594,0.0,0.0,0.0,0.0
2018-07-02 06:00:00,2018-07-02 07:00,1.92885,0.0,0.82273,0.46014,0.64598,0.07869,0.0,0.0,0.07869
2018-07-02 07:00:00,2018-07-02 08:00,1.69243,0.0,0.66676,0.47066,0.55501,0.0,0.0,0.0,0.0
2018-07-02 08:00:00,2018-07-02 09:00,1.43799,0.0,0.73505,0.14147,0.56147,0.0,0.0,0.0,0.0
2018-07-02 09:00:00,2018-07-02 10:00,1.28573,0.0,0.79861,0.003,0.48412,0.0,0.0,0.0,0.0
2018-07-02 10:00:00,2018-07-02 11:00,1.39526,0.0,0.92165,0.003,0.47061,0.0,0.0,0.0,0.0
2018-07-02 11:00:00,2018-07-02 12:00,1.49788,0.0,1.02699,0.003,0.46789,0.0,0.0,0.0,0.0
2018-07-02 12:00:00,2018-07-02 13:00,1.6486,0.0,1.16935,0.003,0.47625,0.0,0.0,0.0,0.0
2018-07-02 13:00:00,2018-07-02 14:00,1.75191,0.0,1.27188,0.003,0.47703,0.0,0.0,0.0,0.0
2018-07-02 14:00:00,2018-07-02 15:00,1.81764,0.0,1.33175,0.003,0.48289,0.0,0.0,0.0,0.0
2018-07-02 15:00:00,2018-07-02 16:00,1.94651,0.0,1.43036,0.003,0.51315,0.0,0.0,0.0,0.0
2018-07-02 16:00:00,2018-07-02 17:00,2.29262,0.0,1.50576,0.29859,0.48827,0.0,0.0,0.0,0.0
2018-07-02 17:00:00,2018-07-02 18:00,2.06757,0.0,1.50703,0.003,0.55754,0.0,0.0,0.0,0.0
2018-07-02 18:00:00,2018-07-02 19:00,2.24446,0.0,1.48893,0.003,0.75253,0.02622,0.0,0.0,0.02622
2018-07-02 19:00:00,2018-07-02 20:00,2.38989,0.0,1.46003,0.003,0.92686,0.0,0.0,0.0,0.0
2018-07-02 20:00:00,2018-07-02 21:00,3.06173,0.0,1.42321,0.46502,1.1735,0.0,0.0,0.0,0.0
2018-07-02 21:00:00,2018-07-02 22:00,2.57912,0.0,1.39844,0.003,1.17768,0.0,0.0,0.0,0.0
2018-07-02 22:00:00,2018-07-02 23:00,2.17353,0.0,1.3772,0.003,0.79333,0.0,0.0,0.0,0.0
2018-07-02 23:00:00,2018-07-03 00:00,1.73501,0.0,1.20239,0.003,0.52962,0.0,0.0,0.0,0.0
2018-07-03 00:00:00,2018-07-03 01:00,1.57837,0.0,1.09769,0.003,0.47768,0.0,0.0,0.0,0.0
2018-07-03 01:00:00,2018-07-03 02:00,1.49125,0.0,1.02314,0.003,0.46511,0.0,0.0,0.0,0.0
2018-07-03 02:00:00,2018-07-03 03:00,1.41066,0.0,0.9482,0.003,0.45946,0.0,0.0,0.0,0.0
2018-07-03 03:00:00,2018-07-03 04:00,1.34287,0.0,0.88254,0.003,0.45733,0.0,0.0,0.0,0.0
2018-07-03 04:00:00,2018-07-03 05:00,1.27634,0.0,0.82215,0.003,0.45119,0.0,0.0,0.0,0.0
2018-07-03 05:00:00,2018-07-03 06:00,1.59027,0.0,0.78027,0.34874,0.46126,0.0,0.0,0.0,0.0
2018-07-03 06:00:00,2018-07-03 07:00,1.59035,0.0,0.79045,0.21275,0.58715,0.01124,0.0,0.0,0.01124
2018-07-03 07:00:00,2018-07-03 08:00,1.43618,0.0,0.768,0.11325,0.55493,0.01498,0.0,0.0,0.01498
2018-07-03 08:00:00,2018-07-03 09:00,1.60875,0.0,0.66579,0.42279,0.52017,0.0,0.0,0.0,0.0
2018-07-03 09:00:00,2018-07-03 10:00,1.16155,0.0,0.6345,0.003,0.52405,0.0,0.0,0.0,0.0
2018-07-03 10:00:00,2018-07-03 11:00,1.25584,0.0,0.62395,0.11339,0.5185,0.0,0.0,0.0,0.0
2018-07-03 11:00:00,2018-07-03 12:00,1.40807,0.0,0.63668,0.28418,0.48721,0.0,0.0,0.0,0.0
2018-07-03 12:00:00,2018-07-03 13:00,1.1692,0.0,0.68996,0.003,0.47624,0.0,0.0,0.0,0.0
2018-07-03 13:00:00,2018-07-03 14:00,1.21654,0.0,0.73132,0.003,0.48222,0.0,0.0,0.0,0.0
2018-07-03 14:00:00,2018-07-03 15:00,1.29906,0.0,0.77156,0.003,0.5245,0.0,0.0,0.0,0.0
2018-07-03 15:00:00,2018-07-03 16:00,2.00017,0.0,1.15252,0.23221,0.61544,0.05247,0.0,0.0,0.05247
2018-07-03 16:00:00,2018-07-03 17:00,2.11937,0.0,1.27324,0.21214,0.63399,0.0,0.0,0.0,0.0
2018-07-03 17:00:00,2018-07-03 18:00,2.19142,0.0,1.4365,0.003,0.75192,0.03935,0.0,0.0,0.03935
2018-07-03 18:00:00,2018-07-03 19:00,2.51524,0.0,1.51017,0.11475,0.89032,0.03935,0.0,0.0,0.03935
2018-07-03 19:00:00,2018-07-03 20:00,4.52258,0.0,1.48401,0.22643,2.81214,0.0,0.0,0.0,0.0
2018-07-03 20:00:00,2018-07-03 21:00,3.68039,0.0,1.44254,0.003,2.23485,0.0,0.0,0.0,0.0
2018-07-03 21:00:00,2018-07-03 22:00,3.00602,0.0,1.42603,0.40256,1.17743,0.0,0.0,0.0,0.0
2018-07-03 22:00:00,2018-07-03 23:00,2.02857,0.0,1.29341,0.003,0.73216,0.0,0.0,0.0,0.0
2018-07-03 23:00:00,2018-07-04 00:00,1.67613,0.0,1.18121,0.003,0.49192,0.0,0.0,0.0,0.0
2018-07-04 00:00:00,2018-07-04 01:00,1.5443,0.0,1.0714,0.003,0.4699,0.0,0.0,0.0,0.0
2018-07-04 01:00:00,2018-07-04 02:00,1.4612,0.0,0.99266,0.003,0.46554,0.0,0.0,0.0,0.0
2018-07-04 02:00:00,2018-07-04 03:00,1.43462,0.0,0.97216,0.003,0.45946,0.0,0.0,0.0,0.0
2018-07-04 03:00:00,2018-07-04 04:00,1.40437,0.0,0.94472,0.003,0.45665,0.0,0.0,0.0,0.0
2018-07-04 04:00:00,2018-07-04 05:00,1.45679,0.0,0.89779,0.11685,0.44215,0.0,0.0,0.0,0.0
2018-07-04 05:00:00,2018-07-04 06:00,1.64433,0.0,0.86867,0.31325,0.46241,0.0,0.0,0.0,0.0
2018-07-04 06:00:00,2018-07-04 07:00,1.53548,0.0,0.96385,0.003,0.56863,0.0,0.0,0.0,0.0
2018-07-04 07:00:00,2018-07-04 08:00,1.89509,0.0,1.00121,0.34761,0.54627,0.0,0.0,0.0,0.0
2018-07-04 08:00:00,2018-07-04 09:00,1.69367,0.0,1.08176,0.09175,0.52016,0.0,0.0,0.0,0.0
2018-07-04 09:00:00,2018-07-04 10:00,1.57176,0.0,1.0447,0.003,0.52406,0.0,0.0,0.0,0.0
2018-07-04 10:00:00,2018-07-04 11:00,1.60674,0.0,0.86098,0.23214,0.51362,0.0,0.0,0.0,0.0
2018-07-04 11:00:00,2018-07-04 12:00,1.48755,0.0,0.87499,0.10358,0.50898,0.0,0.0,0.0,0.0
2018-07-04 12:00:00,2018-07-04 13:00,1.69302,0.0,1.02896,0.11507,0.54899,0.0,0.0,0.0,0.0
2018-07-04 13:00:00,2018-07-04 14:00,2.06155,0.0,1.064,0.46916,0.52839,0.0,0.0,0.0,0.0
2018-07-04 14:00:00,2018-07-04 15:00,1.63988,0.0,0.93895,0.16463,0.5363,0.0,0.0,0.0,0.0
2018-07-04 15:00:00,2018-07-04 16:00,1.53492,0.0,0.91336,0.003,0.61856,0.0,0.0,0.0,0.0
2018-07-04 16:00:00,2018-07-04 17:00,3.61414,0.0,1.11295,0.003,2.49819,0.0,0.0,0.0,0.0
2018-07-04 17:00:00,2018-07-04 18:00,1.94697,0.0,1.14175,0.003,0.80222,0.0,0.0,0.0,0.0
2018-07-04 18:00:00,2018-07-04 19:00,2.49823,0.0,1.24727,0.43971,0.81125,0.0,0.0,0.0,0.0
2018-07-04 19:00:00,2018-07-04 20:00,2.17409,0.0,1.22349,0.003,0.9476,0.0,0.0,0.0,0.0
2018-07-04 20:00:00,2018-07-04 21:00,2.30842,0.0,1.21894,0.003,1.08648,0.0,0.0,0.0,0.0
2018-07-04 21:00:00,2018-07-04 22:00,2.74646,0.0,1.16536,0.42646,1.15464,0.0,0.0,0.0,0.0
2018-07-04 22:00:00,2018-07-04 23:00,1.67271,0.0,1.02841,0.003,0.6413,0.0,0.0,0.0,0.0
2018-07-04 23:00:00,2018-07-05 00:00,1.57357,0.0,0.95587,0.11476,0.50294,0.0,0.0,0.0,0.0
2018-07-05 00:00:00,2018-07-05 01:00,1.60512,0.0,0.89849,0.22895,0.47768,0.0,0.0,0.0,0.0
2018-07-05 01:00:00,2018-07-05 02:00,1.3238,0.0,0.85826,0.003,0.46254,0.0,0.0,0.0,0.0
2018-07-05 02:00:00,2018-07-05 03:00,1.51666,0.0,0.83825,0.22692,0.45149,0.0,0.0,0.0,0.0
2018-07-05 03:00:00,2018-07-05 04:00,1.74166,0.0,0.85133,0.4259,0.46443,0.01124,0.0,0.0,0.01124
2018-07-05 04:00:00,2018-07-05 05:00,1.67613,0.0,1.13298,0.003,0.54015,0.09367,0.0,0.0,0.09367
2018-07-05 05:00:00,2018-07-05 06:00,1.28703,0.0,0.83035,0.003,0.45368,0.0,0.0,0.0,0.0
2018-07-05 06:00:00,2018-07-05 07:00,1.32282,0.0,0.81125,0.003,0.50857,0.0,0.0,0.0,0.0
2018-07-05 07:00:00,2018-07-05 08:00,1.26175,0.0,0.784,0.003,0.47475,0.0,0.0,0.0,0.0
2018-07-05 08:00:00,2018-07-05 09:00,1.64033,0.0,0.83514,0.31255,0.49264,0.0,0.0,0.0,0.0
2018-07-05 09:00:00,2018-07-05 10:00,1.38241,0.0,0.87417,0.003,0.50524,0.0,0.0,0.0,0.0
2018-07-05 10:00:00,2018-07-05 11:00,1.36644,0.0,0.87374,0.003,0.4897,0.0,0.0,0.0,0.0
2018-07-05 11:00:00,2018-07-05 12:00,1.43702,0.0,0.9661,0.003,0.46792,0.0,0.0,0.0,0.0
2018-07-05 12:00:00,2018-07-05 13:00,1.55239,0.0,1.07315,0.003,0.47624,0.0,0.0,0.0,0.0
2018-07-05 13:00:00,2018-07-05 14:00,1.58698,0.0,1.10696,0.003,0.47702,0.0,0.0,0.0,0.0
2018-07-05 14:00:00,2018-07-05 15:00,1.88679,0.0,1.17493,0.23486,0.477,0.0,0.0,0.0,0.0
2018-07-05 15:00:00,2018-07-05 16:00,1.77342,0.0,1.23351,0.06509,0.47482,0.0,0.0,0.0,0.0
2018-07-05 16:00:00,2018-07-05 17:00,1.90797,0.0,1.3641,0.003,0.54087,0.02622,0.0,0.0,0.02622
2018-07-05 17:00:00,2018-07-05 18:00,2.00052,0.0,1.40584,0.003,0.59168,0.0,0.0,0.0,0.0
2018-07-05 18:00:00,2018-07-05 19:00,2.51947,0.0,1.4161,0.35007,0.7533,0.0,0.0,0.0,0.0
2018-07-05 19:00:00,2018-07-05 20:00,2.24579,0.0,1.32353,0.0316,0.89066,0.0,0.0,0.0,0.0
2018-07-05 20:00:00,2018-07-05 21:00,2.15087,0.0,1.2258,0.003,0.92207,0.0,0.0,0.0,0.0
2018-07-05 21:00:00,2018-07-05 22:00,1.92126,0.0,1.09056,0.003,0.8277,0.0,0.0,0.0,0.0
2018-07-05 22:00:00,2018-07-05 23:00,1.49267,0.0,0.95437,0.003,0.5353,0.0,0.0,0.0,0.0
2018-07-05 23:00:00,2018-07-06 00:00,1.32968,0.0,0.85104,0.003,0.47564,0.0,0.0,0.0,0.0
2018-07-06 00:00:00,2018-07-06 01:00,1.23515,0.0,0.76222,0.003,0.46993,0.0,0.0,0.0,0.0
2018-07-06 01:00:00,2018-07-06 02:00,1.2837,0.0,0.7017,0.11647,0.46553,0.0,0.0,0.0,0.0
2018-07-06 02:00:00,2018-07-06 03:00,1.28313,0.0,0.63927,0.18439,0.45947,0.0,0.0,0.0,0.0
2018-07-06 03:00:00,2018-07-06 04:00,1.0519,0.0,0.59156,0.003,0.45734,0.0,0.0,0.0,0.0
2018-07-06 04:00:00,2018-07-06 05:00,1.00639,0.0,0.5522,0.003,0.45119,0.0,0.0,0.0,0.0
2018-07-06 05:00:00,2018-07-06 06:00,0.99831,0.0,0.53508,0.003,0.46023,0.0,0.0,0.0,0.0
2018-07-06 06:00:00,2018-07-06 07:00,1.4195,0.0,0.51973,0.34556,0.55421,0.0,0.0,0.0,0.0
2018-07-06 07:00:00,2018-07-06 08:00,1.66942,0.0,0.60512,0.46675,0.59755,0.0,0.0,0.0,0.0
2018-07-06 08:00:00,2018-07-06 09:00,1.44923,0.0,0.69227,0.18872,0.56824,0.0,0.0,0.0,0.0
2018-07-06 09:00:00,2018-07-06 10:00,1.27761,0.0,0.75055,0.003,0.52406,0.0,0.0,0.0,0.0
2018-07-06 10:00:00,2018-07-06 11:00,1.68525,0.0,0.82704,0.3397,0.51851,0.0,0.0,0.0,0.0
2018-07-06 11:00:00,2018-07-06 12:00,1.65103,0.0,0.89347,0.27035,0.48721,0.0,0.0,0.0,0.0
2018-07-06 12:00:00,2018-07-06 13:00,1.46213,0.0,0.9536,0.003,0.50553,0.0,0.0,0.0,0.0
2018-07-06 13:00:00,2018-07-06 14:00,1.48743,0.0,0.99977,0.003,0.48466,0.0,0.0,0.0,0.0
2018-07-06 14:00:00,2018-07-06 15:00,1.54554,0.0,1.06555,0.003,0.47699,0.0,0.0,0.0,0.0
2018-07-06 15:00:00,2018-07-06 16:00,1.60206,0.0,1.12424,0.003,0.47482,0.0,0.0,0.0,0.0
2018-07-06 16:00:00,2018-07-06 17:00,2.16234,0.0,1.23623,0.33783,0.58828,0.01124,0.0,0.0,0.01124
2018-07-06 17:00:00,2018-07-06 18:00,2.46026,0.0,1.40243,0.25424,0.80359,0.11242,0.0,0.0,0.11242
2018-07-06 18:00:00,2018-07-06 19:00,2.27726,0.0,1.38355,0.003,0.89071,0.0075,0.0,0.0,0.0075
2018-07-06 19:00:00,2018-07-06 20:00,2.73123,0.0,1.35445,0.37649,1.00029,0.0,0.0,0.0,0.0
2018-07-06 20:00:00,2018-07-06 21:00,2.44167,0.0,1.25711,0.003,1.18156,0.0,0.0,0.0,0.0
2018-07-06 21:00:00,2018-07-06 22:00,2.06325,0.0,1.09606,0.003,0.96419,0.0,0.0,0.0,0.0
2018-07-06 22:00:00,2018-07-06 23:00,1.72037,0.0,1.00213,0.003,0.71524,0.0,0.0,0.0,0.0
2018-07-06 23:00:00,2018-07-07 00:00,1.41295,0.0,0.89634,0.003,0.51361,0.0,0.0,0.0,0.0
2018-07-07 00:00:00,2018-07-07 01:00,1.28597,0.0,0.80481,0.003,0.47816,0.0,0.0,0.0,0.0
2018-07-07 01:00:00,2018-07-07 02:00,1.21586,0.0,0.74608,0.003,0.46678,0.0,0.0,0.0,0.0
2018-07-07 02:00:00,2018-07-07 03:00,1.16768,0.0,0.70397,0.003,0.46071,0.0,0.0,0.0,0.0
2018-07-07 03:00:00,2018-07-07 04:00,1.12954,0.0,0.66795,0.003,0.45859,0.0,0.0,0.0,0.0
2018-07-07 04:00:00,2018-07-07 05:00,1.30753,0.0,0.62155,0.23354,0.45244,0.0,0.0,0.0,0.0
2018-07-07 05:00:00,2018-07-07 06:00,1.11318,0.0,0.59626,0.0648,0.45212,0.0,0.0,0.0,0.0
2018-07-07 06:00:00,2018-07-07 07:00,1.23671,0.0,0.69212,0.003,0.54159,0.03935,0.0,0.0,0.03935
2018-07-07 07:00:00,2018-07-07 08:00,1.26631,0.0,0.70862,0.003,0.55469,0.01312,0.0,0.0,0.01312
2018-07-07 08:00:00,2018-07-07 09:00,1.33694,0.0,0.75212,0.003,0.58182,0.0,0.0,0.0,0.0
2018-07-07 09:00:00,2018-07-07 10:00,1.76727,0.0,0.85339,0.31232,0.60156,0.0,0.0,0.0,0.0
2018-07-07 10:00:00,2018-07-07 11:00,1.63452,0.0,0.9716,0.003,0.65992,0.0,0.0,0.0,0.0
2018-07-07 11:00:00,2018-07-07 12:00,1.78769,0.0,1.12193,0.003,0.66276,0.0,0.0,0.0,0.0
2018-07-07 12:00:00,2018-07-07 13:00,2.03337,0.0,1.23332,0.11486,0.68519,0.0,0.0,0.0,0.0
2018-07-07 13:00:00,2018-07-07 14:00,3.21774,0.0,1.36098,0.27165,1.58511,0.0,0.0,0.0,0.0
2018-07-07 14:00:00,2018-07-07 15:00,4.64646,0.0,1.46593,0.22409,2.95644,0.0,0.0,0.0,0.0
2018-07-07 15:00:00,2018-07-07 16:00,2.66916,0.0,1.48355,0.31007,0.87554,0.0,0.0,0.0,0.0
2018-07-07 16:00:00,2018-07-07 17:00,2.83709,0.0,1.49126,0.003,1.34283,0.0,0.0,0.0,0.0
2018-07-07 17:00:00,2018-07-07 18:00,2.54504,0.0,1.48284,0.22815,0.83405,0.01124,0.0,0.0,0.01124
2018-07-07 18:00:00,2018-07-07 19:00,2.63991,0.0,1.47,0.18589,0.98402,0.01498,0.0,0.0,0.01498
2018-07-07 19:00:00,2018-07-07 20:00,2.59705,0.0,1.45639,0.003,1.13766,0.0,0.0,0.0,0.0
2018-07-07 20:00:00,2018-07-07 21:00,2.65945,0.0,1.426,0.003,1.23045,0.0,0.0,0.0,0.0
2018-07-07 21:00:00,2018-07-07 22:00,2.52388,0.0,1.39318,0.003,1.1277,0.0,0.0,0.0,0.0
2018-07-07 22:00:00,2018-07-07 23:00,2.08343,0.0,1.36566,0.003,0.71477,0.0,0.0,0.0,0.0
2018-07-07 23:00:00,2018-07-08 00:00,1.87183,0.0,1.31021,0.003,0.55862,0.0,0.0,0.0,0.0
2018-07-08 00:00:00,2018-07-08 01:00,1.8973,0.0,1.11442,0.30743,0.47545,0.0,0.0,0.0,0.0
2018-07-08 01:00:00,2018-07-08 02:00,1.45682,0.0,0.98706,0.003,0.46676,0.0,0.0,0.0,0.0
2018-07-08 02:00:00,2018-07-08 03:00,1.37854,0.0,0.91484,0.003,0.4607,0.0,0.0,0.0,0.0
2018-07-08 03:00:00,2018-07-08 04:00,1.31694,0.0,0.85536,0.003,0.45858,0.0,0.0,0.0,0.0
2018-07-08 04:00:00,2018-07-08 05:00,1.25951,0.0,0.80408,0.003,0.45243,0.0,0.0,0.0,0.0
2018-07-08 05:00:00,2018-07-08 06:00,1.25941,0.0,0.78657,0.003,0.46984,0.01124,0.0,0.0,0.01124
2018-07-08 06:00:00,2018-07-08 07:00,1.50947,0.0,0.9239,0.003,0.58257,0.04123,0.0,0.0,0.04123
2018-07-08 07:00:00,2018-07-08 08:00,1.70989,0.0,0.83566,0.34212,0.53211,0.0,0.0,0.0,0.0
2018-07-08 08:00:00,2018-07-08 09:00,1.54393,0.0,0.98605,0.003,0.55488,0.02622,0.0,0.0,0.02622
2018-07-08 09:00:00,2018-07-08 10:00,1.56458,0.0,1.02464,0.003,0.53694,0.0,0.0,0.0,0.0
2018-07-08 10:00:00,2018-07-08 11:00,1.75168,0.0,1.16103,0.003,0.58765,0.0,0.0,0.0,0.0
2018-07-08 11:00:00,2018-07-08 12:00,1.96579,0.0,1.3097,0.003,0.65309,0.0,0.0,0.0,0.0
2018-07-08 12:00:00,2018-07-08 13:00,2.60141,0.0,1.50268,0.34203,0.7567,0.07869,0.0,0.0,0.07869
2018-07-08 13:00:00,2018-07-08 14:00,2.26041,0.0,1.53353,0.003,0.72388,0.0,0.0,0.0,0.0
2018-07-08 14:00:00,2018-07-08 15:00,2.60386,0.0,1.55053,0.003,1.05033,0.0,0.0,0.0,0.0
2018-07-08 15:00:00,2018-07-08 16:00,4.17203,0.0,1.56978,0.11568,2.48657,0.0,0.0,0.0,0.0
2018-07-08 16:00:00,2018-07-08 17:00,2.45711,0.0,1.56761,0.23872,0.65078,0.0,0.0,0.0,0.0
2018-07-08 17:00:00,2018-07-08 18:00,2.33164,0.0,1.56201,0.003,0.76663,0.0,0.0,0.0,0.0
2018-07-08 18:00:00,2018-07-08 19:00,2.47067,0.0,1.5434,0.003,0.92427,0.0,0.0,0.0,0.0
2018-07-08 19:00:00,2018-07-08 20:00,2.39488,0.0,1.50316,0.003,0.88872,0.0,0.0,0.0,0.0
2018-07-08 20:00:00,2018-07-08 21:00,2.33375,0.0,1.46015,0.003,0.8706,0.0,0.0,0.0,0.0
2018-07-08 21:00:00,2018-07-08 22:00,2.28061,0.0,1.42707,0.003,0.85054,0.0,0.0,0.0,0.0
2018-07-08 22:00:00,2018-07-08 23:00,2.39466,0.0,1.41512,0.2345,0.74504,0.0,0.0,0.0,0.0
2018-07-08 23:00:00,2018-07-09 00:00,2.12103,0.0,1.39587,0.17729,0.54787,0.0,0.0,0.0,0.0
2018-07-09 00:00:00,2018-07-09 01:00,1.85754,0.0,1.37597,0.003,0.47857,0.0,0.0,0.0,0.0
2018-07-09 01:00:00,2018-07-09 02:00,1.83097,0.0,1.3622,0.003,0.46577,0.0,0.0,0.0,0.0
2018-07-09 02:00:00,2018-07-09 03:00,1.65325,0.0,1.1908,0.003,0.45945,0.0,0.0,0.0,0.0
2018-07-09 03:00:00,2018-07-09 04:00,1.52651,0.0,1.06618,0.003,0.45733,0.0,0.0,0.0,0.0
2018-07-09 04:00:00,2018-07-09 05:00,1.4213,0.0,0.96674,0.003,0.45156,0.0,0.0,0.0,0.0
2018-07-09 05:00:00,2018-07-09 06:00,1.59625,0.0,0.89818,0.23448,0.46359,0.0,0.0,0.0,0.0
2018-07-09 06:00:00,2018-07-09 07:00,1.70567,0.0,0.90919,0.22057,0.57591,0.0,0.0,0.0,0.0
2018-07-09 07:00:00,2018-07-09 08:00,1.5265,0.0,0.90469,0.11349,0.50832,0.0,0.0,0.0,0.0
2018-07-09 08:00:00,2018-07-09 09:00,1.96765,0.0,0.98572,0.46174,0.52019,0.0,0.0,0.0,0.0
2018-07-09 09:00:00,2018-07-09 10:00,1.67025,0.0,1.09212,0.05407,0.52406,0.0,0.0,0.0,0.0
2018-07-09 10:00:00,2018-07-09 11:00,1.65759,0.0,1.1649,0.003,0.48969,0.0,0.0,0.0,0.0
2018-07-09 11:00:00,2018-07-09 12:00,1.71278,0.0,1.24186,0.003,0.46792,0.0,0.0,0.0,0.0
2018-07-09 12:00:00,2018-07-09 13:00,1.90355,0.0,1.4243,0.003,0.47625,0.0,0.0,0.0,0.0
2018-07-09 13:00:00,2018-07-09 14:00,2.0273,0.0,1.54725,0.003,0.47705,0.0,0.0,0.0,0.0
2018-07-09 14:00:00,2018-07-09 15:00,2.03351,0.0,1.55337,0.003,0.47714,0.0,0.0,0.0,0.0
2018-07-09 15:00:00,2018-07-09 16:00,2.43704,0.0,1.56516,0.34533,0.52655,0.0,0.0,0.0,0.0
2018-07-09 16:00:00,2018-07-09 17:00,2.25869,0.0,1.5725,0.08852,0.59767,0.0,0.0,0.0,0.0
2018-07-09 17:00:00,2018-07-09 18:00,2.34058,0.0,1.57349,0.003,0.76409,0.09556,0.0,0.0,0.09556
2018-07-09 18:00:00,2018-07-09 19:00,2.36594,0.0,1.55522,0.003,0.80772,0.03561,0.0,0.0,0.03561
2018-07-09 19:00:00,2018-07-09 20:00,2.64858,0.0,1.51294,0.31423,0.82141,0.0,0.0,0.0,0.0
2018-07-09 20:00:00,2018-07-09 21:00,2.60815,0.0,1.44815,0.003,1.157,0.0,0.0,0.0,0.0
2018-07-09 21:00:00,2018-07-09 22:00,2.34855,0.0,1.41216,0.003,0.93339,0.0,0.0,0.0,0.0
2018-07-09 22:00:00,2018-07-09 23:00,2.37376,0.0,1.37155,0.003,0.99921,0.0,0.0,0.0,0.0
2018-07-09 23:00:00,2018-07-10 00:00,3.9984,0.0,1.32823,0.003,2.66717,0.0,0.0,0.0,0.0
2018-07-10 00:00:00,2018-07-10 01:00,2.94739,0.0,1.28629,0.003,1.6581,0.0,0.0,0.0,0.0
2018-07-10 01:00:00,2018-07-10 02:00,1.59262,0.0,1.12405,0.003,0.46557,0.0,0.0,0.0,0.0
2018-07-10 02:00:00,2018-07-10 03:00,1.44762,0.0,0.98596,0.003,0.45866,0.0,0.0,0.0,0.0
2018-07-10 03:00:00,2018-07-10 04:00,1.78801,0.0,0.89516,0.44111,0.45174,0.0,0.0,0.0,0.0
2018-07-10 04:00:00,2018-07-10 05:00,1.28655,0.0,0.83375,0.003,0.4498,0.0,0.0,0.0,0.0
2018-07-10 05:00:00,2018-07-10 06:00,1.23957,0.0,0.77102,0.003,0.46555,0.0,0.0,0.0,0.0
2018-07-10 06:00:00,2018-07-10 07:00,1.94493,0.0,0.87865,0.44521,0.62107,0.05247,0.0,0.0,0.05247
2018-07-10 07:00:00,2018-07-10 08:00,1.81095,0.0,0.78344,0.47251,0.555,0.0,0.0,0.0,0.0
2018-07-10 08:00:00,2018-07-10 09:00,1.37974,0.0,0.77527,0.03831,0.56616,0.0,0.0,0.0,0.0
2018-07-10 09:00:00,2018-07-10 10:00,1.51379,0.0,0.74303,0.22811,0.54265,0.0,0.0,0.0,0.0
2018-07-10 10:00:00,2018-07-10 11:00,1.48277,0.0,0.7328,0.23146,0.51851,0.0,0.0,0.0,0.0
2018-07-10 11:00:00,2018-07-10 12:00,1.21876,0.0,0.72855,0.003,0.48721,0.0,0.0,0.0,0.0
2018-07-10 12:00:00,2018-07-10 13:00,1.31717,0.0,0.79654,0.003,0.51763,0.0,0.0,0.0,0.0
2018-07-10 13:00:00,2018-07-10 14:00,1.42997,0.0,0.9423,0.003,0.48467,0.0,0.0,0.0,0.0
2018-07-10 14:00:00,2018-07-10 15:00,1.57894,0.0,1.09894,0.003,0.477,0.0,0.0,0.0,0.0
2018-07-10 15:00:00,2018-07-10 16:00,1.77853,0.0,1.23456,0.003,0.54097,0.0,0.0,0.0,0.0
2018-07-10 16:00:00,2018-07-10 17:00,2.25155,0.0,1.36883,0.31968,0.56304,0.01124,0.0,0.0,0.01124
2018-07-10 17:00:00,2018-07-10 18:00,2.18391,0.0,1.48579,0.003,0.69512,0.01498,0.0,0.0,0.01498
2018-07-10 18:00:00,2018-07-10 19:00,2.65299,0.0,1.46112,0.003,1.18887,0.0,0.0,0.0,0.0
2018-07-10 19:00:00,2018-07-10 20:00,4.88539,0.0,1.43253,0.22874,3.22412,0.0,0.0,0.0,0.0
2018-07-10 20:00:00,2018-07-10 21:00,4.48009,0.0,1.39642,0.19792,2.88575,0.0,0.0,0.0,0.0
2018-07-10 21:00:00,2018-07-10 22:00,2.44107,0.0,1.37089,0.003,1.06718,0.0,0.0,0.0,0.0
2018-07-10 22:00:00,2018-07-10 23:00,1.7426,0.0,1.18721,0.003,0.55239,0.0,0.0,0.0,0.0
2018-07-10 23:00:00,2018-07-11 00:00,1.54301,0.0,1.06436,0.003,0.47565,0.0,0.0,0.0,0.0
2018-07-11 00:00:00,2018-07-11 01:00,1.45718,0.0,0.98426,0.003,0.46992,0.0,0.0,0.0,0.0
2018-07-11 01:00:00,2018-07-11 02:00,1.38051,0.0,0.91199,0.003,0.46552,0.0,0.0,0.0,0.0
2018-07-11 02:00:00,2018-07-11 03:00,1.30904,0.0,0.84658,0.003,0.45946,0.0,0.0,0.0,0.0
2018-07-11 03:00:00,2018-07-11 04:00,1.2523,0.0,0.79198,0.003,0.45732,0.0,0.0,0.0,0.0
2018-07-11 04:00:00,2018-07-11 05:00,1.20775,0.0,0.75291,0.003,0.45184,0.0,0.0,0.0,0.0
2018-07-11 05:00:00,2018-07-11 06:00,1.54151,0.0,0.82269,0.22934,0.48948,0.02622,0.0,0.0,0.02622
2018-07-11 06:00:00,2018-07-11 07:00,1.55462,0.0,0.77729,0.23442,0.54291,0.0,0.0,0.0,0.0
2018-07-11 07:00:00,2018-07-11 08:00,1.33324,0.0,0.7903,0.003,0.53994,0.0,0.0,0.0,0.0
2018-07-11 08:00:00,2018-07-11 09:00,1.3697,0.0,0.84652,0.003,0.52018,0.0,0.0,0.0,0.0
2018-07-11 09:00:00,2018-07-11 10:00,1.73108,0.0,0.88364,0.34696,0.50048,0.0,0.0,0.0,0.0
2018-07-11 10:00:00,2018-07-11 11:00,1.58103,0.0,0.97905,0.08348,0.5185,0.0,0.0,0.0,0.0
2018-07-11 11:00:00,2018-07-11 12:00,1.72008,0.0,1.21776,0.003,0.49932,0.0,0.0,0.0,0.0
2018-07-11 12:00:00,2018-07-11 13:00,1.9035,0.0,1.42427,0.003,0.47623,0.0,0.0,0.0,0.0
2018-07-11 13:00:00,2018-07-11 14:00,2.02854,0.0,1.5485,0.003,0.47704,0.0,0.0,0.0,0.0
2018-07-11 14:00:00,2018-07-11 15:00,2.32262,0.0,1.59342,0.23311,0.49609,0.0,0.0,0.0,0.0
2018-07-11 15:00:00,2018-07-11 16:00,2.37581,0.0,1.60794,0.23241,0.53546,0.0,0.0,0.0,0.0
2018-07-11 16:00:00,2018-07-11 17:00,2.16232,0.0,1.58891,0.003,0.57041,0.0,0.0,0.0,0.0
2018-07-11 17:00:00,2018-07-11 18:00,2.5345,0.0,1.57809,0.35074,0.60567,0.0,0.0,0.0,0.0
2018-07-11 18:00:00,2018-07-11 19:00,2.27787,0.0,1.56872,0.03717,0.67198,0.0,0.0,0.0,0.0
2018-07-11 19:00:00,2018-07-11 20:00,2.362,0.0,1.55521,0.003,0.80379,0.0,0.0,0.0,0.0
2018-07-11 20:00:00,2018-07-11 21:00,2.38442,0.0,1.52693,0.003,0.85449,0.0,0.0,0.0,0.0
2018-07-11 21:00:00,2018-07-11 22:00,2.70722,0.0,1.50824,0.32592,0.87306,0.0,0.0,0.0,0.0
2018-07-11 22:00:00,2018-07-11 23:00,2.09649,0.0,1.49621,0.003,0.59728,0.0,0.0,0.0,0.0
2018-07-11 23:00:00,2018-07-12 00:00,2.20041,0.0,1.47439,0.23238,0.49364,0.0,0.0,0.0,0.0
2018-07-12 00:00:00,2018-07-12 01:00,2.18221,0.0,1.45654,0.25422,0.47145,0.0,0.0,0.0,0.0
2018-07-12 01:00:00,2018-07-12 02:00,1.91139,0.0,1.44172,0.003,0.46667,0.0,0.0,0.0,0.0
2018-07-12 02:00:00,2018-07-12 03:00,1.89021,0.0,1.42705,0.003,0.46016,0.0,0.0,0.0,0.0
2018-07-12 03:00:00,2018-07-12 04:00,1.87243,0.0,1.41166,0.003,0.45777,0.0,0.0,0.0,0.0
2018-07-12 04:00:00,2018-07-12 05:00,1.86695,0.0,1.41257,0.003,0.45138,0.0,0.0,0.0,0.0
2018-07-12 05:00:00,2018-07-12 06:00,1.79673,0.0,1.3288,0.003,0.46493,0.01124,0.0,0.0,0.01124
2018-07-12 06:00:00,2018-07-12 07:00,1.83022,0.0,1.31791,0.003,0.50931,0.01498,0.0,0.0,0.01498
2018-07-12 07:00:00,2018-07-12 08:00,1.69867,0.0,1.20001,0.003,0.49566,0.0,0.0,0.0,0.0
2018-07-12 08:00:00,2018-07-12 09:00,1.9227,0.0,1.18331,0.23533,0.50406,0.0,0.0,0.0,0.0
2018-07-12 09:00:00,2018-07-12 10:00,1.86234,0.0,1.30685,0.0783,0.47719,0.0,0.0,0.0,0.0
2018-07-12 10:00:00,2018-07-12 11:00,1.95631,0.0,1.4827,0.003,0.47061,0.0,0.0,0.0,0.0
2018-07-12 11:00:00,2018-07-12 12:00,1.95211,0.0,1.4812,0.003,0.46791,0.0,0.0,0.0,0.0
2018-07-12 12:00:00,2018-07-12 13:00,2.00673,0.0,1.52746,0.003,0.47627,0.0,0.0,0.0,0.0
2018-07-12 13:00:00,2018-07-12 14:00,2.06797,0.0,1.58778,0.003,0.47719,0.0,0.0,0.0,0.0
2018-07-12 14:00:00,2018-07-12 15:00,2.09162,0.0,1.61106,0.003,0.47756,0.0,0.0,0.0,0.0
2018-07-12 15:00:00,2018-07-12 16:00,2.16359,0.0,1.6335,0.003,0.52709,0.0,0.0,0.0,0.0
2018-07-12 16:00:00,2018-07-12 17:00,2.68969,0.0,1.64758,0.46849,0.57362,0.01124,0.0,0.0,0.01124
2018-07-12 17:00:00,2018-07-12 18:00,2.39824,0.0,1.50685,0.19584,0.69555,0.01498,0.0,0.0,0.01498
2018-07-12 18:00:00,2018-07-12 19:00,2.28311,0.0,1.39495,0.003,0.88516,0.0,0.0,0.0,0.0
2018-07-12 19:00:00,2018-07-12 20:00,2.32975,0.0,1.37755,0.003,0.9492,0.0,0.0,0.0,0.0
2018-07-12 20:00:00,2018-07-12 21:00,2.40581,0.0,1.37581,0.003,1.027,0.0,0.0,0.0,0.0
2018-07-12 21:00:00,2018-07-12 22:00,2.45411,0.0,1.37468,0.003,1.07643,0.06745,0.0,0.0,0.06745
2018-07-12 22:00:00,2018-07-12 23:00,2.35779,0.0,1.36878,0.23262,0.75639,0.01124,0.0,0.0,0.01124
2018-07-12 23:00:00,2018-07-13 00:00,2.03063,0.0,1.36085,0.17698,0.4928,0.0,0.0,0.0,0.0
2018-07-13 00:00:00,2018-07-13 01:00,1.83479,0.0,1.36147,0.003,0.47032,0.0,0.0,0.0,0.0
2018-07-13 01:00:00,2018-07-13 02:00,1.78661,0.0,1.31803,0.003,0.46558,0.0,0.0,0.0,0.0
2018-07-13 02:00:00,2018-07-13 03:00,1.62918,0.0,1.1667,0.003,0.45948,0.0,0.0,0.0,0.0
2018-07-13 03:00:00,2018-07-13 04:00,1.51938,0.0,1.05905,0.003,0.45733,0.0,0.0,0.0,0.0
2018-07-13 04:00:00,2018-07-13 05:00,1.44172,0.0,0.98687,0.003,0.45185,0.0,0.0,0.0,0.0
2018-07-13 05:00:00,2018-07-13 06:00,1.61674,0.0,0.92665,0.23167,0.45842,0.0,0.0,0.0,0.0
2018-07-13 06:00:00,2018-07-13 07:00,1.89427,0.0,0.90443,0.46991,0.51993,0.0,0.0,0.0,0.0
2018-07-13 07:00:00,2018-07-13 08:00,1.63881,0.0,0.87261,0.23729,0.52891,0.0,0.0,0.0,0.0
2018-07-13 08:00:00,2018-07-13 09:00,1.29206,0.0,0.81468,0.003,0.47438,0.0,0.0,0.0,0.0
2018-07-13 09:00:00,2018-07-13 10:00,1.2574,0.0,0.77723,0.003,0.47717,0.0,0.0,0.0,0.0
2018-07-13 10:00:00,2018-07-13 11:00,1.25846,0.0,0.78485,0.003,0.47061,0.0,0.0,0.0,0.0
2018-07-13 11:00:00,2018-07-13 12:00,1.29383,0.0,0.82292,0.003,0.46791,0.0,0.0,0.0,0.0
2018-07-13 12:00:00,2018-07-13 13:00,1.32716,0.0,0.84793,0.003,0.47623,0.0,0.0,0.0,0.0
2018-07-13 13:00:00,2018-07-13 14:00,1.38601,0.0,0.906,0.003,0.47701,0.0,0.0,0.0,0.0
2018-07-13 14:00:00,2018-07-13 15:00,1.42633,0.0,0.94636,0.003,0.47697,0.0,0.0,0.0,0.0
2018-07-13 15:00:00,2018-07-13 16:00,1.46911,0.0,0.99131,0.003,0.4748,0.0,0.0,0.0,0.0
2018-07-13 16:00:00,2018-07-13 17:00,1.75977,0.0,1.13397,0.11779,0.50801,0.01124,0.0,0.0,0.01124
2018-07-13 17:00:00,2018-07-13 18:00,2.37801,0.0,1.39144,0.32127,0.6653,0.0412,0.0,0.0,0.0412
2018-07-13 18:00:00,2018-07-13 19:00,2.38771,0.0,1.44938,0.003,0.93533,0.0,0.0,0.0,0.0
2018-07-13 19:00:00,2018-07-13 20:00,2.97657,0.0,1.42598,0.45842,1.09217,0.0,0.0,0.0,0.0
2018-07-13 20:00:00,2018-07-13 21:00,2.6875,0.0,1.36732,0.12106,1.19912,0.0,0.0,0.0,0.0
2018-07-13 21:00:00,2018-07-13 22:00,2.37115,0.0,1.24601,0.003,1.12214,0.0,0.0,0.0,0.0
2018-07-13 22:00:00,2018-07-13 23:00,1.92649,0.0,1.11883,0.003,0.80466,0.0,0.0,0.0,0.0
2018-07-13 23:00:00,2018-07-14 00:00,1.51509,0.0,1.00363,0.003,0.50846,0.0,0.0,0.0,0.0
2018-07-14 00:00:00,2018-07-14 01:00,1.3964,0.0,0.92223,0.003,0.47117,0.0,0.0,0.0,0.0
2018-07-14 01:00:00,2018-07-14 02:00,1.32303,0.0,0.85329,0.003,0.46674,0.0,0.0,0.0,0.0
2018-07-14 02:00:00,2018-07-14 03:00,1.4906,0.0,0.79734,0.23253,0.46073,0.0,0.0,0.0,0.0
2018-07-14 03:00:00,2018-07-14 04:00,1.29107,0.0,0.75251,0.07998,0.45858,0.0,0.0,0.0,0.0
2018-07-14 04:00:00,2018-07-14 05:00,1.16899,0.0,0.71356,0.003,0.45243,0.0,0.0,0.0,0.0
2018-07-14 05:00:00,2018-07-14 06:00,1.13366,0.0,0.67855,0.003,0.45211,0.0,0.0,0.0,0.0
2018-07-14 06:00:00,2018-07-14 07:00,1.17653,0.0,0.67793,0.003,0.4956,0.0,0.0,0.0,0.0
2018-07-14 07:00:00,2018-07-14 08:00,1.45757,0.0,0.70539,0.23223,0.51995,0.0,0.0,0.0,0.0
2018-07-14 08:00:00,2018-07-14 09:00,1.81606,0.0,1.03134,0.11852,0.6662,0.07869,0.0,0.0,0.07869
2018-07-14 09:00:00,2018-07-14 10:00,1.64684,0.0,0.98999,0.003,0.65385,0.0,0.0,0.0,0.0
2018-07-14 10:00:00,2018-07-14 11:00,1.75988,0.0,1.09694,0.003,0.65994,0.0,0.0,0.0,0.0
2018-07-14 11:00:00,2018-07-14 12:00,1.92537,0.0,1.22738,0.003,0.69499,0.0,0.0,0.0,0.0
2018-07-14 12:00:00,2018-07-14 13:00,2.55344,0.0,1.37836,0.44049,0.73459,0.0,0.0,0.0,0.0
2018-07-14 13:00:00,2018-07-14 14:00,2.37907,0.0,1.49858,0.11395,0.76654,0.0,0.0,0.0,0.0
2018-07-14 14:00:00,2018-07-14 15:00,2.70409,0.0,1.52866,0.46222,0.71321,0.0,0.0,0.0,0.0
2018-07-14 15:00:00,2018-07-14 16:00,2.32282,0.0,1.5361,0.07665,0.71007,0.0,0.0,0.0,0.0
2018-07-14 16:00:00,2018-07-14 17:00,2.3217,0.0,1.53699,0.003,0.78171,0.0,0.0,0.0,0.0
2018-07-14 17:00:00,2018-07-14 18:00,2.44274,0.0,1.52672,0.003,0.91302,0.0,0.0,0.0,0.0
2018-07-14 18:00:00,2018-07-14 19:00,2.67388,0.0,1.51041,0.11469,1.04878,0.0,0.0,0.0,0.0
2018-07-14 19:00:00,2018-07-14 20:00,2.92887,0.0,1.48555,0.30545,1.13787,0.0,0.0,0.0,0.0
2018-07-14 20:00:00,2018-07-14 21:00,2.5276,0.0,1.44742,0.003,1.07718,0.0,0.0,0.0,0.0
2018-07-14 21:00:00,2018-07-14 22:00,2.55637,0.0,1.3955,0.003,1.15787,0.0,0.0,0.0,0.0
2018-07-14 22:00:00,2018-07-14 23:00,2.14314,0.0,1.38201,0.003,0.75813,0.0,0.0,0.0,0.0
2018-07-14 23:00:00,2018-07-15 00:00,2.117,0.0,1.36874,0.23064,0.51762,0.0,0.0,0.0,0.0
2018-07-15 00:00:00,2018-07-15 01:00,1.82881,0.0,1.24748,0.11007,0.47126,0.0,0.0,0.0,0.0
2018-07-15 01:00:00,2018-07-15 02:00,1.55614,0.0,1.08638,0.003,0.46676,0.0,0.0,0.0,0.0
2018-07-15 02:00:00,2018-07-15 03:00,1.46499,0.0,1.00127,0.003,0.46072,0.0,0.0,0.0,0.0
2018-07-15 03:00:00,2018-07-15 04:00,1.39133,0.0,0.93044,0.003,0.45789,0.0,0.0,0.0,0.0
2018-07-15 04:00:00,2018-07-15 05:00,1.32171,0.0,0.87275,0.003,0.44596,0.0,0.0,0.0,0.0
2018-07-15 05:00:00,2018-07-15 06:00,1.29674,0.0,0.83723,0.003,0.45651,0.0,0.0,0.0,0.0
2018-07-15 06:00:00,2018-07-15 07:00,1.37728,0.0,0.85476,0.003,0.51952,0.0,0.0,0.0,0.0
2018-07-15 07:00:00,2018-07-15 08:00,1.63685,0.0,1.06211,0.003,0.57174,0.06745,0.0,0.0,0.06745
2018-07-15 08:00:00,2018-07-15 09:00,2.37184,0.0,1.37583,0.3172,0.67881,0.11242,0.0,0.0,0.11242
2018-07-15 09:00:00,2018-07-15 10:00,2.08718,0.0,1.37124,0.003,0.71294,0.02998,0.0,0.0,0.02998
2018-07-15 10:00:00,2018-07-15 11:00,2.45457,0.0,1.37199,0.003,1.07958,0.0,0.0,0.0,0.0
2018-07-15 11:00:00,2018-07-15 12:00,4.02728,0.0,1.45544,0.003,2.56884,0.01124,0.0,0.0,0.01124
2018-07-15 12:00:00,2018-07-15 13:00,2.46831,0.0,1.47646,0.232,0.75985,0.01498,0.0,0.0,0.01498
2018-07-15 13:00:00,2018-07-15 14:00,2.45117,0.0,1.50813,0.17617,0.76687,0.0,0.0,0.0,0.0
2018-07-15 14:00:00,2018-07-15 15:00,2.27777,0.0,1.532,0.003,0.74277,0.01124,0.0,0.0,0.01124
2018-07-15 15:00:00,2018-07-15 16:00,2.4298,0.0,1.54941,0.003,0.87739,0.04123,0.0,0.0,0.04123
2018-07-15 16:00:00,2018-07-15 17:00,2.61297,0.0,1.53612,0.23151,0.84534,0.0,0.0,0.0,0.0
2018-07-15 17:00:00,2018-07-15 18:00,2.50322,0.0,1.52486,0.15466,0.8237,0.0,0.0,0.0,0.0
2018-07-15 18:00:00,2018-07-15 19:00,2.41562,0.0,1.48855,0.003,0.92407,0.0,0.0,0.0,0.0
2018-07-15 19:00:00,2018-07-15 20:00,2.44989,0.0,1.44605,0.003,1.00084,0.0,0.0,0.0,0.0
2018-07-15 20:00:00,2018-07-15 21:00,2.63823,0.0,1.40425,0.003,1.23098,0.0,0.0,0.0,0.0
2018-07-15 21:00:00,2018-07-15 22:00,2.88648,0.0,1.37983,0.37836,1.12829,0.0,0.0,0.0,0.0
2018-07-15 22:00:00,2018-07-15 23:00,2.06965,0.0,1.35126,0.003,0.71539,0.0,0.0,0.0,0.0
2018-07-15 23:00:00,2018-07-16 00:00,1.88343,0.0,1.32149,0.003,0.55894,0.0,0.0,0.0,0.0
2018-07-16 00:00:00,2018-07-16 01:00,1.78058,0.0,1.29955,0.003,0.47803,0.0,0.0,0.0,0.0
2018-07-16 01:00:00,2018-07-16 02:00,1.56274,0.0,1.0972,0.003,0.46254,0.0,0.0,0.0,0.0
2018-07-16 02:00:00,2018-07-16 03:00,1.79601,0.0,0.99388,0.34982,0.45231,0.0,0.0,0.0,0.0
2018-07-16 03:00:00,2018-07-16 04:00,1.35539,0.0,0.87968,0.01838,0.45733,0.0,0.0,0.0,0.0
2018-07-16 04:00:00,2018-07-16 05:00,1.22644,0.0,0.77225,0.003,0.45119,0.0,0.0,0.0,0.0
2018-07-16 05:00:00,2018-07-16 06:00,1.19862,0.0,0.7307,0.003,0.46492,0.01124,0.0,0.0,0.01124
2018-07-16 06:00:00,2018-07-16 07:00,1.28473,0.0,0.72403,0.003,0.5577,0.01498,0.0,0.0,0.01498
2018-07-16 07:00:00,2018-07-16 08:00,1.45757,0.0,0.75889,0.11628,0.5824,0.0,0.0,0.0,0.0
2018-07-16 08:00:00,2018-07-16 09:00,1.743,0.0,0.85595,0.34175,0.5453,0.0,0.0,0.0,0.0
2018-07-16 09:00:00,2018-07-16 10:00,1.57763,0.0,1.03146,0.003,0.54317,0.02622,0.0,0.0,0.02622
2018-07-16 10:00:00,2018-07-16 11:00,1.82432,0.0,1.07932,0.22649,0.51851,0.0,0.0,0.0,0.0
2018-07-16 11:00:00,2018-07-16 12:00,2.14772,0.0,1.17116,0.46026,0.5163,0.0,0.0,0.0,0.0
2018-07-16 12:00:00,2018-07-16 13:00,1.73945,0.0,1.2409,0.003,0.49555,0.0,0.0,0.0,0.0
2018-07-16 13:00:00,2018-07-16 14:00,1.83946,0.0,1.32861,0.003,0.50785,0.0,0.0,0.0,0.0
2018-07-16 14:00:00,2018-07-16 15:00,1.97251,0.0,1.4066,0.003,0.56291,0.0,0.0,0.0,0.0
2018-07-16 15:00:00,2018-07-16 16:00,2.13862,0.0,1.47234,0.003,0.66328,0.06745,0.0,0.0,0.06745
2018-07-16 16:00:00,2018-07-16 17:00,2.43836,0.0,1.48442,0.22932,0.72462,0.08994,0.0,0.0,0.08994
2018-07-16 17:00:00,2018-07-16 18:00,2.30498,0.0,1.4854,0.19232,0.62726,0.0,0.0,0.0,0.0
2018-07-16 18:00:00,2018-07-16 19:00,2.28656,0.0,1.47468,0.003,0.80888,0.02622,0.0,0.0,0.02622
2018-07-16 19:00:00,2018-07-16 20:00,2.37921,0.0,1.44201,0.003,0.9342,0.0,0.0,0.0,0.0
2018-07-16 20:00:00,2018-07-16 21:00,2.28029,0.0,1.39754,0.003,0.87975,0.0,0.0,0.0,0.0
2018-07-16 21:00:00,2018-07-16 22:00,2.43273,0.0,1.36338,0.22956,0.83979,0.0,0.0,0.0,0.0
2018-07-16 22:00:00,2018-07-16 23:00,2.21691,0.0,1.32719,0.18698,0.70274,0.0,0.0,0.0,0.0
2018-07-16 23:00:00,2018-07-17 00:00,1.75121,0.0,1.19695,0.003,0.55126,0.0,0.0,0.0,0.0
2018-07-17 00:00:00,2018-07-17 01:00,1.54024,0.0,1.05817,0.003,0.47907,0.0,0.0,0.0,0.0
2018-07-17 01:00:00,2018-07-17 02:00,1.42317,0.0,0.95763,0.003,0.46254,0.0,0.0,0.0,0.0
2018-07-17 02:00:00,2018-07-17 03:00,1.7287,0.0,0.89118,0.38126,0.45626,0.0,0.0,0.0,0.0
2018-07-17 03:00:00,2018-07-17 04:00,1.28151,0.0,0.82117,0.003,0.45734,0.0,0.0,0.0,0.0
2018-07-17 04:00:00,2018-07-17 05:00,1.18326,0.0,0.72906,0.003,0.4512,0.0,0.0,0.0,0.0
2018-07-17 05:00:00,2018-07-17 06:00,1.12962,0.0,0.67295,0.003,0.45367,0.0,0.0,0.0,0.0
2018-07-17 06:00:00,2018-07-17 07:00,1.20264,0.0,0.66409,0.003,0.53555,0.0,0.0,0.0,0.0
2018-07-17 07:00:00,2018-07-17 08:00,1.61525,0.0,0.71098,0.34167,0.5626,0.0,0.0,0.0,0.0
2018-07-17 08:00:00,2018-07-17 09:00,1.29687,0.0,0.72674,0.09575,0.47438,0.0,0.0,0.0,0.0
2018-07-17 09:00:00,2018-07-17 10:00,1.26835,0.0,0.78819,0.003,0.47716,0.0,0.0,0.0,0.0
2018-07-17 10:00:00,2018-07-17 11:00,1.32935,0.0,0.85574,0.003,0.47061,0.0,0.0,0.0,0.0
2018-07-17 11:00:00,2018-07-17 12:00,1.39916,0.0,0.92824,0.003,0.46792,0.0,0.0,0.0,0.0
2018-07-17 12:00:00,2018-07-17 13:00,1.48765,0.0,1.0084,0.003,0.47625,0.0,0.0,0.0,0.0
2018-07-17 13:00:00,2018-07-17 14:00,1.54228,0.0,1.06226,0.003,0.47702,0.0,0.0,0.0,0.0
2018-07-17 14:00:00,2018-07-17 15:00,1.66909,0.0,1.14368,0.003,0.52241,0.0,0.0,0.0,0.0
2018-07-17 15:00:00,2018-07-17 16:00,2.18939,0.0,1.26441,0.34189,0.58309,0.01124,0.0,0.0,0.01124
2018-07-17 16:00:00,2018-07-17 17:00,2.35008,0.0,1.41333,0.26987,0.66688,0.04123,0.0,0.0,0.04123
2018-07-17 17:00:00,2018-07-17 18:00,2.03837,0.0,1.3897,0.003,0.64567,0.0,0.0,0.0,0.0
2018-07-17 18:00:00,2018-07-17 19:00,2.29088,0.0,1.40756,0.11348,0.76984,0.0,0.0,0.0,0.0
2018-07-17 19:00:00,2018-07-17 20:00,2.44574,0.0,1.37236,0.27101,0.80237,0.0,0.0,0.0,0.0
2018-07-17 20:00:00,2018-07-17 21:00,2.47138,0.0,1.3212,0.003,1.14718,0.0,0.0,0.0,0.0
2018-07-17 21:00:00,2018-07-17 22:00,2.32027,0.0,1.20644,0.003,1.11083,0.0,0.0,0.0,0.0
2018-07-17 22:00:00,2018-07-17 23:00,2.09286,0.0,1.07893,0.34412,0.66981,0.0,0.0,0.0,0.0
2018-07-17 23:00:00,2018-07-18 00:00,1.51089,0.0,0.95955,0.06963,0.48171,0.0,0.0,0.0,0.0
2018-07-18 00:00:00,2018-07-18 01:00,1.34365,0.0,0.87074,0.003,0.46991,0.0,0.0,0.0,0.0
2018-07-18 01:00:00,2018-07-18 02:00,1.2644,0.0,0.79587,0.003,0.46553,0.0,0.0,0.0,0.0
2018-07-18 02:00:00,2018-07-18 03:00,1.20228,0.0,0.73983,0.003,0.45945,0.0,0.0,0.0,0.0
2018-07-18 03:00:00,2018-07-18 04:00,1.14775,0.0,0.68742,0.003,0.45733,0.0,0.0,0.0,0.0
2018-07-18 04:00:00,2018-07-18 05:00,1.09784,0.0,0.64327,0.003,0.45157,0.0,0.0,0.0,0.0
2018-07-18 05:00:00,2018-07-18 06:00,1.06913,0.0,0.60928,0.003,0.45685,0.0,0.0,0.0,0.0
2018-07-18 06:00:00,2018-07-18 07:00,1.59402,0.0,0.61098,0.3461,0.63694,0.0,0.0,0.0,0.0
2018-07-18 07:00:00,2018-07-18 08:00,3.57386,0.0,0.72089,0.46419,2.38878,0.0,0.0,0.0,0.0
2018-07-18 08:00:00,2018-07-18 09:00,1.64372,0.0,0.75802,0.18629,0.69941,0.0,0.0,0.0,0.0
2018-07-18 09:00:00,2018-07-18 10:00,1.35013,0.0,0.83484,0.003,0.51229,0.0,0.0,0.0,0.0
2018-07-18 10:00:00,2018-07-18 11:00,1.68289,0.0,0.94051,0.22386,0.51852,0.0,0.0,0.0,0.0
2018-07-18 11:00:00,2018-07-18 12:00,1.8644,0.0,1.01975,0.32833,0.51632,0.0,0.0,0.0,0.0
2018-07-18 12:00:00,2018-07-18 13:00,1.59523,0.0,1.09669,0.003,0.49554,0.0,0.0,0.0,0.0
2018-07-18 13:00:00,2018-07-18 14:00,1.65243,0.0,1.17239,0.003,0.47704,0.0,0.0,0.0,0.0
2018-07-18 14:00:00,2018-07-18 15:00,1.67624,0.0,1.19625,0.003,0.47699,0.0,0.0,0.0,0.0
2018-07-18 15:00:00,2018-07-18 16:00,1.71291,0.0,1.23509,0.003,0.47482,0.0,0.0,0.0,0.0
2018-07-18 16:00:00,2018-07-18 17:00,1.78495,0.0,1.28521,0.003,0.49674,0.0,0.0,0.0,0.0
2018-07-18 17:00:00,2018-07-18 18:00,2.4278,0.0,1.39399,0.34036,0.69345,0.02622,0.0,0.0,0.02622
2018-07-18 18:00:00,2018-07-18 19:00,2.4585,0.0,1.42086,0.17118,0.86646,0.0,0.0,0.0,0.0
2018-07-18 19:00:00,2018-07-18 20:00,2.46406,0.0,1.38997,0.003,1.07109,0.0,0.0,0.0,0.0
2018-07-18 20:00:00,2018-07-18 21:00,2.5511,0.0,1.34893,0.003,1.19917,0.0,0.0,0.0,0.0
2018-07-18 21:00:00,2018-07-18 22:00,2.4304,0.0,1.25011,0.003,1.17729,0.0,0.0,0.0,0.0
2018-07-18 22:00:00,2018-07-18 23:00,2.02126,0.0,1.13986,0.003,0.8784,0.0,0.0,0.0,0.0
2018-07-18 23:00:00,2018-07-19 00:00,1.97168,0.0,1.02581,0.41627,0.5296,0.0,0.0,0.0,0.0
2018-07-19 00:00:00,2018-07-19 01:00,1.42215,0.0,0.94795,0.003,0.4712,0.0,0.0,0.0,0.0
2018-07-19 01:00:00,2018-07-19 02:00,1.35102,0.0,0.8825,0.003,0.46552,0.0,0.0,0.0,0.0
2018-07-19 02:00:00,2018-07-19 03:00,1.29033,0.0,0.82787,0.003,0.45946,0.0,0.0,0.0,0.0
2018-07-19 03:00:00,2018-07-19 04:00,1.25042,0.0,0.79009,0.003,0.45733,0.0,0.0,0.0,0.0
2018-07-19 04:00:00,2018-07-19 05:00,1.20653,0.0,0.75196,0.003,0.45157,0.0,0.0,0.0,0.0
2018-07-19 05:00:00,2018-07-19 06:00,1.15638,0.0,0.70117,0.003,0.45221,0.0,0.0,0.0,0.0
2018-07-19 06:00:00,2018-07-19 07:00,1.67253,0.0,0.6925,0.46441,0.51562,0.0,0.0,0.0,0.0
2018-07-19 07:00:00,2018-07-19 08:00,1.2416,0.0,0.68307,0.06129,0.49724,0.0,0.0,0.0,0.0
2018-07-19 08:00:00,2018-07-19 09:00,1.14238,0.0,0.66499,0.003,0.47439,0.0,0.0,0.0,0.0
2018-07-19 09:00:00,2018-07-19 10:00,1.14672,0.0,0.66655,0.003,0.47717,0.0,0.0,0.0,0.0
2018-07-19 10:00:00,2018-07-19 11:00,1.13432,0.0,0.66072,0.003,0.4706,0.0,0.0,0.0,0.0
2018-07-19 11:00:00,2018-07-19 12:00,1.11784,0.0,0.64695,0.003,0.46789,0.0,0.0,0.0,0.0
2018-07-19 12:00:00,2018-07-19 13:00,1.15366,0.0,0.67442,0.003,0.47624,0.0,0.0,0.0,0.0
2018-07-19 13:00:00,2018-07-19 14:00,1.22025,0.0,0.74022,0.003,0.47703,0.0,0.0,0.0,0.0
2018-07-19 14:00:00,2018-07-19 15:00,1.21151,0.0,0.7315,0.003,0.47701,0.0,0.0,0.0,0.0
2018-07-19 15:00:00,2018-07-19 16:00,1.68939,0.0,0.80037,0.35135,0.53767,0.02622,0.0,0.0,0.02622
2018-07-19 16:00:00,2018-07-19 17:00,1.47059,0.0,0.74342,0.15747,0.5697,0.0,0.0,0.0,0.0
2018-07-19 17:00:00,2018-07-19 18:00,1.39596,0.0,0.72393,0.003,0.66903,0.0,0.0,0.0,0.0
2018-07-19 18:00:00,2018-07-19 19:00,1.75019,0.0,0.88497,0.003,0.86222,0.06745,0.0,0.0,0.06745
2018-07-19 19:00:00,2018-07-19 20:00,2.39216,0.0,0.84152,0.4593,1.09134,0.01124,0.0,0.0,0.01124
2018-07-19 20:00:00,2018-07-19 21:00,3.32954,0.0,0.81899,0.09646,2.41409,0.0,0.0,0.0,0.0
2018-07-19 21:00:00,2018-07-19 22:00,3.4357,0.0,0.77667,0.003,2.65603,0.0,0.0,0.0,0.0
2018-07-19 22:00:00,2018-07-19 23:00,1.28555,0.0,0.69081,0.003,0.59174,0.0,0.0,0.0,0.0
2018-07-19 23:00:00,2018-07-20 00:00,1.12043,0.0,0.64178,0.003,0.47565,0.0,0.0,0.0,0.0
2018-07-20 00:00:00,2018-07-20 01:00,1.0776,0.0,0.60468,0.003,0.46992,0.0,0.0,0.0,0.0
2018-07-20 01:00:00,2018-07-20 02:00,1.03876,0.0,0.57024,0.003,0.46552,0.0,0.0,0.0,0.0
2018-07-20 02:00:00,2018-07-20 03:00,1.00876,0.0,0.5463,0.003,0.45946,0.0,0.0,0.0,0.0
2018-07-20 03:00:00,2018-07-20 04:00,0.99446,0.0,0.53413,0.003,0.45733,0.0,0.0,0.0,0.0
2018-07-20 04:00:00,2018-07-20 05:00,0.97695,0.0,0.52275,0.003,0.4512,0.0,0.0,0.0,0.0
2018-07-20 05:00:00,2018-07-20 06:00,1.0795,0.0,0.50683,0.11898,0.45369,0.0,0.0,0.0,0.0
2018-07-20 06:00:00,2018-07-20 07:00,1.5431,0.0,0.52373,0.47977,0.5396,0.01124,0.0,0.0,0.01124
2018-07-20 07:00:00,2018-07-20 08:00,1.25155,0.0,0.56713,0.11265,0.57177,0.01498,0.0,0.0,0.01498
2018-07-20 08:00:00,2018-07-20 09:00,1.14709,0.0,0.50923,0.113,0.52486,0.0,0.0,0.0,0.0
2018-07-20 09:00:00,2018-07-20 10:00,1.51947,0.0,0.51823,0.45863,0.54261,0.0,0.0,0.0,0.0
2018-07-20 10:00:00,2018-07-20 11:00,1.20026,0.0,0.5662,0.11555,0.51851,0.0,0.0,0.0,0.0
2018-07-20 11:00:00,2018-07-20 12:00,1.35743,0.0,0.63028,0.25205,0.4751,0.0,0.0,0.0,0.0
2018-07-20 12:00:00,2018-07-20 13:00,1.16166,0.0,0.68243,0.003,0.47623,0.0,0.0,0.0,0.0
2018-07-20 13:00:00,2018-07-20 14:00,1.29757,0.0,0.81755,0.003,0.47702,0.0,0.0,0.0,0.0
2018-07-20 14:00:00,2018-07-20 15:00,1.4166,0.0,0.93661,0.003,0.47699,0.0,0.0,0.0,0.0
2018-07-20 15:00:00,2018-07-20 16:00,1.52093,0.0,1.04313,0.003,0.4748,0.0,0.0,0.0,0.0
2018-07-20 16:00:00,2018-07-20 17:00,1.58978,0.0,1.09851,0.003,0.48827,0.0,0.0,0.0,0.0
2018-07-20 17:00:00,2018-07-20 18:00,1.65767,0.0,1.09744,0.003,0.55723,0.0,0.0,0.0,0.0
2018-07-20 18:00:00,2018-07-20 19:00,1.94928,0.0,1.08214,0.11593,0.75121,0.01124,0.0,0.0,0.01124
2018-07-20 19:00:00,2018-07-20 20:00,2.43157,0.0,1.03935,0.30629,1.08593,0.01498,0.0,0.0,0.01498
2018-07-20 20:00:00,2018-07-20 21:00,2.01451,0.0,0.93397,0.003,1.07754,0.0,0.0,0.0,0.0
2018-07-20 21:00:00,2018-07-20 22:00,1.77869,0.0,0.84906,0.003,0.92663,0.0,0.0,0.0,0.0
2018-07-20 22:00:00,2018-07-20 23:00,1.40771,0.0,0.76743,0.003,0.63728,0.0,0.0,0.0,0.0
2018-07-20 23:00:00,2018-07-21 00:00,1.1707,0.0,0.69192,0.003,0.47578,0.0,0.0,0.0,0.0
2018-07-21 00:00:00,2018-07-21 01:00,1.11831,0.0,0.64414,0.003,0.47117,0.0,0.0,0.0,0.0
2018-07-21 01:00:00,2018-07-21 02:00,1.06935,0.0,0.59957,0.003,0.46678,0.0,0.0,0.0,0.0
2018-07-21 02:00:00,2018-07-21 03:00,1.02464,0.0,0.56093,0.003,0.46071,0.0,0.0,0.0,0.0
2018-07-21 03:00:00,2018-07-21 04:00,0.98388,0.0,0.523,0.003,0.45788,0.0,0.0,0.0,0.0
2018-07-21 04:00:00,2018-07-21 05:00,0.94592,0.0,0.49697,0.003,0.44595,0.0,0.0,0.0,0.0
2018-07-21 05:00:00,2018-07-21 06:00,1.21082,0.0,0.475,0.2793,0.45652,0.0,0.0,0.0,0.0
2018-07-21 06:00:00,2018-07-21 07:00,0.97946,0.0,0.45693,0.003,0.51953,0.0,0.0,0.0,0.0
2018-07-21 07:00:00,2018-07-21 08:00,1.08594,0.0,0.54647,0.003,0.53647,0.01124,0.0,0.0,0.01124
2018-07-21 08:00:00,2018-07-21 09:00,1.32312,0.0,0.67008,0.003,0.65004,0.01498,0.0,0.0,0.01498
2018-07-21 09:00:00,2018-07-21 10:00,1.38339,0.0,0.72655,0.003,0.65384,0.0,0.0,0.0,0.0
2018-07-21 10:00:00,2018-07-21 11:00,1.90513,0.0,0.82321,0.41566,0.66626,0.0,0.0,0.0,0.0
2018-07-21 11:00:00,2018-07-21 12:00,1.64306,0.0,0.91251,0.003,0.72755,0.0,0.0,0.0,0.0
2018-07-21 12:00:00,2018-07-21 13:00,2.47922,0.0,1.31366,0.003,1.16256,0.09556,0.0,0.0,0.09556
2018-07-21 13:00:00,2018-07-21 14:00,4.32498,0.0,1.38511,0.003,2.93687,0.00936,0.0,0.0,0.00936
2018-07-21 14:00:00,2018-07-21 15:00,2.54937,0.0,1.23749,0.34962,0.96226,0.0,0.0,0.0,0.0
2018-07-21 15:00:00,2018-07-21 16:00,2.13673,0.0,1.31503,0.04077,0.78093,0.0,0.0,0.0,0.0
2018-07-21 16:00:00,2018-07-21 17:00,2.36571,0.0,1.39121,0.22768,0.74682,0.0,0.0,0.0,0.0
2018-07-21 17:00:00,2018-07-21 18:00,2.35149,0.0,1.42448,0.21049,0.71652,0.0,0.0,0.0,0.0
2018-07-21 18:00:00,2018-07-21 19:00,2.29859,0.0,1.42272,0.003,0.87287,0.0,0.0,0.0,0.0
2018-07-21 19:00:00,2018-07-21 20:00,2.29304,0.0,1.32685,0.003,0.96319,0.0,0.0,0.0,0.0
2018-07-21 20:00:00,2018-07-21 21:00,2.12719,0.0,1.25509,0.003,0.8691,0.0,0.0,0.0,0.0
2018-07-21 21:00:00,2018-07-21 22:00,2.0983,0.0,1.15659,0.003,0.93871,0.0,0.0,0.0,0.0
2018-07-21 22:00:00,2018-07-21 23:00,1.7712,0.0,1.05402,0.003,0.71418,0.0,0.0,0.0,0.0
2018-07-21 23:00:00,2018-07-22 00:00,1.51766,0.0,0.97868,0.003,0.53598,0.0,0.0,0.0,0.0
2018-07-22 00:00:00,2018-07-22 01:00,1.36951,0.0,0.88564,0.003,0.48087,0.0,0.0,0.0,0.0
2018-07-22 01:00:00,2018-07-22 02:00,1.2774,0.0,0.80764,0.003,0.46676,0.0,0.0,0.0,0.0
2018-07-22 02:00:00,2018-07-22 03:00,1.19848,0.0,0.73558,0.003,0.4599,0.0,0.0,0.0,0.0
2018-07-22 03:00:00,2018-07-22 04:00,1.13497,0.0,0.68179,0.003,0.45018,0.0,0.0,0.0,0.0
2018-07-22 04:00:00,2018-07-22 05:00,1.19984,0.0,0.63485,0.11907,0.44592,0.0,0.0,0.0,0.0
2018-07-22 05:00:00,2018-07-22 06:00,1.20561,0.0,0.59671,0.15242,0.45648,0.0,0.0,0.0,0.0
2018-07-22 06:00:00,2018-07-22 07:00,1.08362,0.0,0.56108,0.003,0.51954,0.0,0.0,0.0,0.0
2018-07-22 07:00:00,2018-07-22 08:00,1.51106,0.0,0.60133,0.35152,0.55821,0.01124,0.0,0.0,0.01124
2018-07-22 08:00:00,2018-07-22 09:00,1.60399,0.0,0.80438,0.06525,0.73436,0.06745,0.0,0.0,0.06745
2018-07-22 09:00:00,2018-07-22 10:00,1.43427,0.0,0.69652,0.003,0.73475,0.0,0.0,0.0,0.0
2018-07-22 10:00:00,2018-07-22 11:00,3.83574,0.0,0.82794,0.4207,2.5871,0.0,0.0,0.0,0.0
2018-07-22 11:00:00,2018-07-22 12:00,2.27104,0.0,0.89463,0.003,1.37341,0.0,0.0,0.0,0.0
2018-07-22 12:00:00,2018-07-22 13:00,1.70865,0.0,0.96108,0.003,0.74457,0.0,0.0,0.0,0.0
2018-07-22 13:00:00,2018-07-22 14:00,1.85427,0.0,1.09182,0.003,0.75945,0.01124,0.0,0.0,0.01124
2018-07-22 14:00:00,2018-07-22 15:00,1.99396,0.0,1.2251,0.003,0.76586,0.01498,0.0,0.0,0.01498
2018-07-22 15:00:00,2018-07-22 16:00,2.36371,0.0,1.31836,0.22948,0.81587,0.0,0.0,0.0,0.0
2018-07-22 16:00:00,2018-07-22 17:00,2.13403,0.0,1.32266,0.18608,0.62529,0.0,0.0,0.0,0.0
2018-07-22 17:00:00,2018-07-22 18:00,2.03836,0.0,1.37545,0.003,0.65991,0.01124,0.0,0.0,0.01124
2018-07-22 18:00:00,2018-07-22 19:00,2.71857,0.0,1.42936,0.45151,0.8377,0.04123,0.0,0.0,0.04123
2018-07-22 19:00:00,2018-07-22 20:00,2.23537,0.0,1.40673,0.003,0.82564,0.0,0.0,0.0,0.0
2018-07-22 20:00:00,2018-07-22 21:00,2.39519,0.0,1.34385,0.003,1.04834,0.02622,0.0,0.0,0.02622
2018-07-22 21:00:00,2018-07-22 22:00,2.28492,0.0,1.25951,0.003,1.02241,0.0,0.0,0.0,0.0
2018-07-22 22:00:00,2018-07-22 23:00,1.92058,0.0,1.09632,0.003,0.82126,0.0,0.0,0.0,0.0
2018-07-22 23:00:00,2018-07-23 00:00,1.47776,0.0,0.95023,0.003,0.52453,0.0,0.0,0.0,0.0
2018-07-23 00:00:00,2018-07-23 01:00,1.79806,0.0,0.86363,0.46101,0.47342,0.0,0.0,0.0,0.0
2018-07-23 01:00:00,2018-07-23 02:00,1.28422,0.0,0.79881,0.0199,0.46551,0.0,0.0,0.0,0.0
2018-07-23 02:00:00,2018-07-23 03:00,1.19247,0.0,0.73,0.003,0.45947,0.0,0.0,0.0,0.0
2018-07-23 03:00:00,2018-07-23 04:00,1.13495,0.0,0.67889,0.003,0.45306,0.0,0.0,0.0,0.0
2018-07-23 04:00:00,2018-07-23 05:00,1.09292,0.0,0.63837,0.003,0.45155,0.0,0.0,0.0,0.0
2018-07-23 05:00:00,2018-07-23 06:00,1.06495,0.0,0.60508,0.003,0.45687,0.0,0.0,0.0,0.0
2018-07-23 06:00:00,2018-07-23 07:00,1.57951,0.0,0.61626,0.42366,0.53959,0.01124,0.0,0.0,0.01124
2018-07-23 07:00:00,2018-07-23 08:00,1.31023,0.0,0.6947,0.003,0.61253,0.01498,0.0,0.0,0.01498
2018-07-23 08:00:00,2018-07-23 09:00,1.37493,0.0,0.6761,0.11441,0.58442,0.0,0.0,0.0,0.0
2018-07-23 09:00:00,2018-07-23 10:00,1.67958,0.0,0.74676,0.39496,0.53786,0.0,0.0,0.0,0.0
2018-07-23 10:00:00,2018-07-23 11:00,1.31392,0.0,0.84031,0.003,0.47061,0.0,0.0,0.0,0.0
2018-07-23 11:00:00,2018-07-23 12:00,1.40958,0.0,0.93869,0.003,0.46789,0.0,0.0,0.0,0.0
2018-07-23 12:00:00,2018-07-23 13:00,1.4947,0.0,1.01546,0.003,0.47624,0.0,0.0,0.0,0.0
2018-07-23 13:00:00,2018-07-23 14:00,1.56962,0.0,1.0896,0.003,0.47702,0.0,0.0,0.0,0.0
2018-07-23 14:00:00,2018-07-23 15:00,1.65407,0.0,1.14189,0.003,0.50918,0.0,0.0,0.0,0.0
2018-07-23 15:00:00,2018-07-23 16:00,1.95331,0.0,1.24495,0.11449,0.59387,0.0,0.0,0.0,0.0
2018-07-23 16:00:00,2018-07-23 17:00,2.41855,0.0,1.43332,0.2962,0.68903,0.02622,0.0,0.0,0.02622
2018-07-23 17:00:00,2018-07-23 18:00,2.15019,0.0,1.46702,0.003,0.68017,0.0,0.0,0.0,0.0
2018-07-23 18:00:00,2018-07-23 19:00,2.35437,0.0,1.45884,0.003,0.89253,0.03935,0.0,0.0,0.03935
2018-07-23 19:00:00,2018-07-23 20:00,2.90804,0.0,1.43883,0.3371,1.13211,0.03935,0.0,0.0,0.03935
2018-07-23 20:00:00,2018-07-23 21:00,2.55232,0.0,1.41044,0.003,1.13888,0.0,0.0,0.0,0.0
2018-07-23 21:00:00,2018-07-23 22:00,2.36383,0.0,1.36396,0.003,0.99687,0.0,0.0,0.0,0.0
2018-07-23 22:00:00,2018-07-23 23:00,1.87023,0.0,1.16877,0.003,0.69846,0.0,0.0,0.0,0.0
2018-07-23 23:00:00,2018-07-24 00:00,1.55675,0.0,1.04046,0.003,0.51329,0.0,0.0,0.0,0.0
2018-07-24 00:00:00,2018-07-24 01:00,1.42396,0.0,0.94756,0.003,0.4734,0.0,0.0,0.0,0.0
2018-07-24 01:00:00,2018-07-24 02:00,1.33565,0.0,0.86714,0.003,0.46551,0.0,0.0,0.0,0.0
2018-07-24 02:00:00,2018-07-24 03:00,1.266,0.0,0.80355,0.003,0.45945,0.0,0.0,0.0,0.0
2018-07-24 03:00:00,2018-07-24 04:00,1.30036,0.0,0.72797,0.11718,0.45521,0.0,0.0,0.0,0.0
2018-07-24 04:00:00,2018-07-24 05:00,1.30163,0.0,0.6699,0.18016,0.45157,0.0,0.0,0.0,0.0
2018-07-24 05:00:00,2018-07-24 06:00,1.13254,0.0,0.65846,0.003,0.47108,0.01124,0.0,0.0,0.01124
2018-07-24 06:00:00,2018-07-24 07:00,1.55212,0.0,0.65561,0.34581,0.5507,0.01498,0.0,0.0,0.01498
2018-07-24 07:00:00,2018-07-24 08:00,1.32309,0.0,0.66835,0.09973,0.55501,0.0,0.0,0.0,0.0
2018-07-24 08:00:00,2018-07-24 09:00,1.50517,0.0,0.73904,0.2276,0.53853,0.0,0.0,0.0,0.0
2018-07-24 09:00:00,2018-07-24 10:00,1.71353,0.0,0.81509,0.37439,0.52405,0.0,0.0,0.0,0.0
2018-07-24 10:00:00,2018-07-24 11:00,1.43443,0.0,0.91292,0.003,0.51851,0.0,0.0,0.0,0.0
2018-07-24 11:00:00,2018-07-24 12:00,1.48843,0.0,0.99822,0.003,0.48721,0.0,0.0,0.0,0.0
2018-07-24 12:00:00,2018-07-24 13:00,1.55106,0.0,1.07182,0.003,0.47624,0.0,0.0,0.0,0.0
2018-07-24 13:00:00,2018-07-24 14:00,1.62559,0.0,1.14558,0.003,0.47701,0.0,0.0,0.0,0.0
2018-07-24 14:00:00,2018-07-24 15:00,1.73955,0.0,1.24648,0.003,0.49007,0.0,0.0,0.0,0.0
2018-07-24 15:00:00,2018-07-24 16:00,1.98269,0.0,1.37091,0.11509,0.49669,0.0,0.0,0.0,0.0
2018-07-24 16:00:00,2018-07-24 17:00,2.30771,0.0,1.42196,0.28681,0.59894,0.01124,0.0,0.0,0.01124
2018-07-24 17:00:00,2018-07-24 18:00,2.20623,0.0,1.45538,0.003,0.74785,0.06745,0.0,0.0,0.06745
2018-07-24 18:00:00,2018-07-24 19:00,2.21416,0.0,1.44085,0.003,0.77031,0.0,0.0,0.0,0.0
2018-07-24 19:00:00,2018-07-24 20:00,2.23034,0.0,1.40755,0.003,0.81979,0.0,0.0,0.0,0.0
2018-07-24 20:00:00,2018-07-24 21:00,2.76827,0.0,1.36426,0.23083,1.17318,0.0,0.0,0.0,0.0
2018-07-24 21:00:00,2018-07-24 22:00,2.36754,0.0,1.22869,0.10457,1.03428,0.0,0.0,0.0,0.0
2018-07-24 22:00:00,2018-07-24 23:00,1.92145,0.0,1.11378,0.003,0.80467,0.0,0.0,0.0,0.0
2018-07-24 23:00:00,2018-07-25 00:00,1.47769,0.0,0.96636,0.003,0.50833,0.0,0.0,0.0,0.0
2018-07-25 00:00:00,2018-07-25 01:00,1.32638,0.0,0.85347,0.003,0.46991,0.0,0.0,0.0,0.0
2018-07-25 01:00:00,2018-07-25 02:00,1.26957,0.0,0.80105,0.003,0.46552,0.0,0.0,0.0,0.0
2018-07-25 02:00:00,2018-07-25 03:00,1.20198,0.0,0.73951,0.003,0.45947,0.0,0.0,0.0,0.0
2018-07-25 03:00:00,2018-07-25 04:00,1.26304,0.0,0.6896,0.1161,0.45734,0.0,0.0,0.0,0.0
2018-07-25 04:00:00,2018-07-25 05:00,1.30839,0.0,0.66419,0.19302,0.45118,0.0,0.0,0.0,0.0
2018-07-25 05:00:00,2018-07-25 06:00,1.0926,0.0,0.63295,0.003,0.45665,0.0,0.0,0.0,0.0
2018-07-25 06:00:00,2018-07-25 07:00,1.09925,0.0,0.58328,0.003,0.51297,0.0,0.0,0.0,0.0
2018-07-25 07:00:00,2018-07-25 08:00,1.48119,0.0,0.61744,0.34648,0.51727,0.01124,0.0,0.0,0.01124
2018-07-25 08:00:00,2018-07-25 09:00,1.23955,0.0,0.6492,0.0713,0.51905,0.01498,0.0,0.0,0.01498
2018-07-25 09:00:00,2018-07-25 10:00,1.072,0.0,0.59181,0.003,0.47719,0.0,0.0,0.0,0.0
2018-07-25 10:00:00,2018-07-25 11:00,1.08527,0.0,0.61167,0.003,0.4706,0.0,0.0,0.0,0.0
2018-07-25 11:00:00,2018-07-25 12:00,1.1587,0.0,0.68782,0.003,0.46788,0.0,0.0,0.0,0.0
2018-07-25 12:00:00,2018-07-25 13:00,1.28224,0.0,0.79795,0.003,0.48129,0.0,0.0,0.0,0.0
2018-07-25 13:00:00,2018-07-25 14:00,1.7947,0.0,0.95656,0.2299,0.60824,0.0,0.0,0.0,0.0
2018-07-25 14:00:00,2018-07-25 15:00,2.79861,0.0,1.11725,0.17642,1.50494,0.0,0.0,0.0,0.0
2018-07-25 15:00:00,2018-07-25 16:00,1.58959,0.0,1.08179,0.003,0.5048,0.0,0.0,0.0,0.0
2018-07-25 16:00:00,2018-07-25 17:00,3.63301,0.0,1.20477,0.003,2.42524,0.0,0.0,0.0,0.0
2018-07-25 17:00:00,2018-07-25 18:00,3.09949,0.0,1.28718,0.003,1.80931,0.02622,0.0,0.0,0.02622
2018-07-25 18:00:00,2018-07-25 19:00,2.46318,0.0,1.23679,0.3436,0.88279,0.0,0.0,0.0,0.0
2018-07-25 19:00:00,2018-07-25 20:00,2.34026,0.0,1.18414,0.12054,1.03558,0.0,0.0,0.0,0.0
2018-07-25 20:00:00,2018-07-25 21:00,2.32756,0.0,1.12546,0.003,1.1991,0.0,0.0,0.0,0.0
2018-07-25 21:00:00,2018-07-25 22:00,2.29693,0.0,1.01626,0.11474,1.16593,0.0,0.0,0.0,0.0
2018-07-25 22:00:00,2018-07-25 23:00,2.14242,0.0,0.90248,0.43528,0.80466,0.0,0.0,0.0,0.0
2018-07-25 23:00:00,2018-07-26 00:00,1.30186,0.0,0.74762,0.003,0.55124,0.0,0.0,0.0,0.0
2018-07-26 00:00:00,2018-07-26 01:00,1.65345,0.0,0.71282,0.45923,0.4814,0.0,0.0,0.0,0.0
2018-07-26 01:00:00,2018-07-26 02:00,1.12637,0.0,0.64597,0.0171,0.4633,0.0,0.0,0.0,0.0
2018-07-26 02:00:00,2018-07-26 03:00,1.06031,0.0,0.59786,0.003,0.45945,0.0,0.0,0.0,0.0
2018-07-26 03:00:00,2018-07-26 04:00,1.01286,0.0,0.55254,0.003,0.45732,0.0,0.0,0.0,0.0
2018-07-26 04:00:00,2018-07-26 05:00,0.97299,0.0,0.51841,0.003,0.45158,0.0,0.0,0.0,0.0
2018-07-26 05:00:00,2018-07-26 06:00,1.0631,0.0,0.48873,0.11455,0.45982,0.0,0.0,0.0,0.0
2018-07-26 06:00:00,2018-07-26 07:00,1.39913,0.0,0.48253,0.34813,0.56847,0.01124,0.0,0.0,0.01124
2018-07-26 07:00:00,2018-07-26 08:00,1.17728,0.0,0.57804,0.003,0.59624,0.04123,0.0,0.0,0.04123
2018-07-26 08:00:00,2018-07-26 09:00,1.14568,0.0,0.46524,0.11428,0.56616,0.0,0.0,0.0,0.0
2018-07-26 09:00:00,2018-07-26 10:00,1.32227,0.0,0.49814,0.27715,0.54698,0.01124,0.0,0.0,0.01124
2018-07-26 10:00:00,2018-07-26 11:00,1.19766,0.0,0.61592,0.003,0.57874,0.04123,0.0,0.0,0.04123
2018-07-26 11:00:00,2018-07-26 12:00,1.4708,0.0,0.53392,0.42548,0.5114,0.0,0.0,0.0,0.0
2018-07-26 12:00:00,2018-07-26 13:00,1.00054,0.0,0.52131,0.003,0.47623,0.0,0.0,0.0,0.0
2018-07-26 13:00:00,2018-07-26 14:00,1.04207,0.0,0.56203,0.003,0.47704,0.0,0.0,0.0,0.0
2018-07-26 14:00:00,2018-07-26 15:00,1.07694,0.0,0.59694,0.003,0.477,0.0,0.0,0.0,0.0
2018-07-26 15:00:00,2018-07-26 16:00,1.10162,0.0,0.62381,0.003,0.47481,0.0,0.0,0.0,0.0
2018-07-26 16:00:00,2018-07-26 17:00,1.14634,0.0,0.62376,0.003,0.51958,0.0,0.0,0.0,0.0
2018-07-26 17:00:00,2018-07-26 18:00,2.5447,0.0,0.70714,0.23195,1.60561,0.0,0.0,0.0,0.0
2018-07-26 18:00:00,2018-07-26 19:00,1.69214,0.0,0.79175,0.10441,0.79598,0.02622,0.0,0.0,0.02622
2018-07-26 19:00:00,2018-07-26 20:00,1.50678,0.0,0.70146,0.003,0.80232,0.0,0.0,0.0,0.0
2018-07-26 20:00:00,2018-07-26 21:00,1.96386,0.0,0.72007,0.003,1.24079,0.0,0.0,0.0,0.0
2018-07-26 21:00:00,2018-07-26 22:00,3.17701,0.0,0.73285,0.003,2.44116,0.0,0.0,0.0,0.0
2018-07-26 22:00:00,2018-07-26 23:00,2.64189,0.0,0.66376,0.003,1.97513,0.0,0.0,0.0,0.0
2018-07-26 23:00:00,2018-07-27 00:00,1.48599,0.0,0.57236,0.3943,0.51933,0.0,0.0,0.0,0.0
2018-07-27 00:00:00,2018-07-27 01:00,0.94166,0.0,0.46101,0.003,0.47765,0.0,0.0,0.0,0.0
2018-07-27 01:00:00,2018-07-27 02:00,0.88575,0.0,0.41823,0.003,0.46452,0.0,0.0,0.0,0.0
2018-07-27 02:00:00,2018-07-27 03:00,0.84482,0.0,0.38235,0.003,0.45947,0.0,0.0,0.0,0.0
2018-07-27 03:00:00,2018-07-27 04:00,0.82429,0.0,0.36395,0.003,0.45734,0.0,0.0,0.0,0.0
2018-07-27 04:00:00,2018-07-27 05:00,0.7884,0.0,0.33421,0.003,0.45119,0.0,0.0,0.0,0.0
2018-07-27 05:00:00,2018-07-27 06:00,0.8696,0.0,0.29532,0.11579,0.45849,0.0,0.0,0.0,0.0
2018-07-27 06:00:00,2018-07-27 07:00,1.1204,0.0,0.2611,0.31352,0.54578,0.0,0.0,0.0,0.0
2018-07-27 07:00:00,2018-07-27 08:00,0.82031,0.0,0.32007,0.003,0.49724,0.0,0.0,0.0,0.0
2018-07-27 08:00:00,2018-07-27 09:00,0.95709,0.0,0.36302,0.1151,0.47897,0.0,0.0,0.0,0.0
2018-07-27 09:00:00,2018-07-27 10:00,1.33773,0.0,0.49703,0.31663,0.52407,0.0,0.0,0.0,0.0
2018-07-27 10:00:00,2018-07-27 11:00,1.1313,0.0,0.60979,0.003,0.51851,0.0,0.0,0.0,0.0
2018-07-27 11:00:00,2018-07-27 12:00,1.21922,0.0,0.69515,0.003,0.52107,0.0,0.0,0.0,0.0
2018-07-27 12:00:00,2018-07-27 13:00,1.82031,0.0,0.79243,0.45953,0.56835,0.0,0.0,0.0,0.0
2018-07-27 13:00:00,2018-07-27 14:00,1.40881,0.0,0.8472,0.03323,0.52838,0.0,0.0,0.0,0.0
2018-07-27 14:00:00,2018-07-27 15:00,1.45258,0.0,0.91922,0.003,0.53036,0.0,0.0,0.0,0.0
2018-07-27 15:00:00,2018-07-27 16:00,1.55264,0.0,1.0146,0.003,0.53504,0.0,0.0,0.0,0.0
2018-07-27 16:00:00,2018-07-27 17:00,1.77822,0.0,1.05741,0.11526,0.60555,0.0,0.0,0.0,0.0
2018-07-27 17:00:00,2018-07-27 18:00,2.17263,0.0,1.18657,0.28821,0.69785,0.03935,0.0,0.0,0.03935
2018-07-27 18:00:00,2018-07-27 19:00,1.97207,0.0,1.17193,0.003,0.79714,0.01312,0.0,0.0,0.01312
2018-07-27 19:00:00,2018-07-27 20:00,3.03761,0.0,1.09679,0.003,1.93782,0.0,0.0,0.0,0.0
2018-07-27 20:00:00,2018-07-27 21:00,2.04219,0.0,1.01329,0.003,1.0259,0.0,0.0,0.0,0.0
2018-07-27 21:00:00,2018-07-27 22:00,2.35538,0.0,0.92291,0.42459,1.00788,0.0,0.0,0.0,0.0
2018-07-27 22:00:00,2018-07-27 23:00,1.60597,0.0,0.79832,0.003,0.80465,0.0,0.0,0.0,0.0
2018-07-27 23:00:00,2018-07-28 00:00,1.25477,0.0,0.7011,0.003,0.55067,0.0,0.0,0.0,0.0
2018-07-28 00:00:00,2018-07-28 01:00,1.13207,0.0,0.65363,0.003,0.47544,0.0,0.0,0.0,0.0
2018-07-28 01:00:00,2018-07-28 02:00,1.06332,0.0,0.59355,0.003,0.46677,0.0,0.0,0.0,0.0
2018-07-28 02:00:00,2018-07-28 03:00,0.99113,0.0,0.53184,0.003,0.45629,0.0,0.0,0.0,0.0
2018-07-28 03:00:00,2018-07-28 04:00,1.35859,0.0,0.54983,0.33642,0.47234,0.02622,0.0,0.0,0.02622
2018-07-28 04:00:00,2018-07-28 05:00,0.91573,0.0,0.46704,0.003,0.44569,0.0,0.0,0.0,0.0
2018-07-28 05:00:00,2018-07-28 06:00,0.86872,0.0,0.4136,0.003,0.45212,0.0,0.0,0.0,0.0
2018-07-28 06:00:00,2018-07-28 07:00,0.88832,0.0,0.3742,0.003,0.51112,0.01124,0.0,0.0,0.01124
2018-07-28 07:00:00,2018-07-28 08:00,1.16509,0.0,0.56208,0.003,0.60001,0.04123,0.0,0.0,0.04123
2018-07-28 08:00:00,2018-07-28 09:00,1.13789,0.0,0.55309,0.003,0.5818,0.0,0.0,0.0,0.0
2018-07-28 09:00:00,2018-07-28 10:00,1.24888,0.0,0.64434,0.003,0.60154,0.0,0.0,0.0,0.0
2018-07-28 10:00:00,2018-07-28 11:00,1.63336,0.0,0.74129,0.23213,0.65994,0.0,0.0,0.0,0.0
2018-07-28 11:00:00,2018-07-28 12:00,1.7695,0.0,0.80071,0.30602,0.66277,0.0,0.0,0.0,0.0
2018-07-28 12:00:00,2018-07-28 13:00,1.64788,0.0,0.91776,0.003,0.72712,0.0,0.0,0.0,0.0
2018-07-28 13:00:00,2018-07-28 14:00,2.03061,0.0,0.9845,0.34553,0.70058,0.0,0.0,0.0,0.0
2018-07-28 14:00:00,2018-07-28 15:00,1.83428,0.0,1.0648,0.04756,0.72192,0.0,0.0,0.0,0.0
2018-07-28 15:00:00,2018-07-28 16:00,1.85753,0.0,1.10944,0.003,0.74509,0.0,0.0,0.0,0.0
2018-07-28 16:00:00,2018-07-28 17:00,1.97224,0.0,1.19837,0.003,0.77087,0.0,0.0,0.0,0.0
2018-07-28 17:00:00,2018-07-28 18:00,1.99576,0.0,1.24119,0.003,0.75157,0.0,0.0,0.0,0.0
2018-07-28 18:00:00,2018-07-28 19:00,3.58797,0.0,1.31627,0.34655,1.92515,0.0,0.0,0.0,0.0
2018-07-28 19:00:00,2018-07-28 20:00,2.07819,0.0,1.09397,0.003,0.98122,0.0,0.0,0.0,0.0
2018-07-28 20:00:00,2018-07-28 21:00,2.24196,0.0,0.99026,0.11233,1.13937,0.0,0.0,0.0,0.0
2018-07-28 21:00:00,2018-07-28 22:00,2.07876,0.0,0.87255,0.33015,0.87606,0.0,0.0,0.0,0.0
2018-07-28 22:00:00,2018-07-28 23:00,1.49286,0.0,0.78462,0.003,0.70524,0.0,0.0,0.0,0.0
2018-07-28 23:00:00,2018-07-29 00:00,1.19129,0.0,0.71139,0.003,0.4769,0.0,0.0,0.0,0.0
2018-07-29 00:00:00,2018-07-29 01:00,1.12834,0.0,0.65419,0.003,0.47115,0.0,0.0,0.0,0.0
2018-07-29 01:00:00,2018-07-29 02:00,1.05907,0.0,0.5893,0.003,0.46677,0.0,0.0,0.0,0.0
2018-07-29 02:00:00,2018-07-29 03:00,1.01723,0.0,0.55352,0.003,0.46071,0.0,0.0,0.0,0.0
2018-07-29 03:00:00,2018-07-29 04:00,0.97995,0.0,0.51907,0.003,0.45788,0.0,0.0,0.0,0.0
2018-07-29 04:00:00,2018-07-29 05:00,0.91865,0.0,0.46811,0.003,0.44754,0.0,0.0,0.0,0.0
2018-07-29 05:00:00,2018-07-29 06:00,0.89144,0.0,0.4337,0.003,0.45474,0.0,0.0,0.0,0.0
2018-07-29 06:00:00,2018-07-29 07:00,1.14851,0.0,0.54913,0.003,0.59638,0.05247,0.0,0.0,0.05247
2018-07-29 07:00:00,2018-07-29 08:00,1.39769,0.0,0.52622,0.31268,0.55879,0.0,0.0,0.0,0.0
2018-07-29 08:00:00,2018-07-29 09:00,1.16991,0.0,0.58511,0.003,0.5818,0.0,0.0,0.0,0.0
2018-07-29 09:00:00,2018-07-29 10:00,1.29251,0.0,0.67352,0.003,0.61599,0.0,0.0,0.0,0.0
2018-07-29 10:00:00,2018-07-29 11:00,1.66428,0.0,0.77745,0.22689,0.65994,0.0,0.0,0.0,0.0
2018-07-29 11:00:00,2018-07-29 12:00,1.82036,0.0,0.90174,0.24936,0.66926,0.0,0.0,0.0,0.0
2018-07-29 12:00:00,2018-07-29 13:00,1.86551,0.0,1.09173,0.003,0.77078,0.02622,0.0,0.0,0.02622
2018-07-29 13:00:00,2018-07-29 14:00,1.95039,0.0,1.0616,0.11426,0.77453,0.0,0.0,0.0,0.0
2018-07-29 14:00:00,2018-07-29 15:00,2.59807,0.0,1.15587,0.35042,1.09178,0.0,0.0,0.0,0.0
2018-07-29 15:00:00,2018-07-29 16:00,3.83152,0.0,1.2798,0.003,2.54872,0.0,0.0,0.0,0.0
2018-07-29 16:00:00,2018-07-29 17:00,2.42605,0.0,1.25343,0.2265,0.94612,0.06745,0.0,0.0,0.06745
2018-07-29 17:00:00,2018-07-29 18:00,2.61025,0.0,1.3293,0.2529,1.02805,0.11242,0.0,0.0,0.11242
2018-07-29 18:00:00,2018-07-29 19:00,2.32219,0.0,1.36683,0.003,0.95236,0.02998,0.0,0.0,0.02998
2018-07-29 19:00:00,2018-07-29 20:00,2.2701,0.0,1.17634,0.11255,0.98121,0.0,0.0,0.0,0.0
2018-07-29 20:00:00,2018-07-29 21:00,2.59526,0.0,1.08483,0.39825,1.11218,0.0,0.0,0.0,0.0
2018-07-29 21:00:00,2018-07-29 22:00,2.1189,0.0,0.98903,0.003,1.12687,0.0,0.0,0.0,0.0
2018-07-29 22:00:00,2018-07-29 23:00,1.58432,0.0,0.8717,0.003,0.70962,0.0,0.0,0.0,0.0
2018-07-29 23:00:00,2018-07-30 00:00,1.29231,0.0,0.77141,0.003,0.5179,0.0,0.0,0.0,0.0
2018-07-30 00:00:00,2018-07-30 01:00,1.16695,0.0,0.68625,0.003,0.4777,0.0,0.0,0.0,0.0
2018-07-30 01:00:00,2018-07-30 02:00,1.09023,0.0,0.6247,0.003,0.46253,0.0,0.0,0.0,0.0
2018-07-30 02:00:00,2018-07-30 03:00,1.0296,0.0,0.5751,0.003,0.4515,0.0,0.0,0.0,0.0
2018-07-30 03:00:00,2018-07-30 04:00,0.99278,0.0,0.53377,0.003,0.45601,0.0,0.0,0.0,0.0
2018-07-30 04:00:00,2018-07-30 05:00,1.06392,0.0,0.49597,0.11638,0.45157,0.0,0.0,0.0,0.0
2018-07-30 05:00:00,2018-07-30 06:00,1.13324,0.0,0.4691,0.2102,0.45394,0.0,0.0,0.0,0.0
2018-07-30 06:00:00,2018-07-30 07:00,0.96857,0.0,0.44162,0.003,0.52395,0.01124,0.0,0.0,0.01124
2018-07-30 07:00:00,2018-07-30 08:00,1.63999,0.0,0.68812,0.34447,0.6074,0.06745,0.0,0.0,0.06745
2018-07-30 08:00:00,2018-07-30 09:00,1.53486,0.0,0.62771,0.38696,0.52019,0.0,0.0,0.0,0.0
2018-07-30 09:00:00,2018-07-30 10:00,1.24779,0.0,0.72072,0.003,0.52407,0.0,0.0,0.0,0.0
2018-07-30 10:00:00,2018-07-30 11:00,1.36417,0.0,0.81893,0.003,0.54224,0.0,0.0,0.0,0.0
2018-07-30 11:00:00,2018-07-30 12:00,1.77693,0.0,0.91716,0.34345,0.51632,0.0,0.0,0.0,0.0
2018-07-30 12:00:00,2018-07-30 13:00,1.61328,0.0,1.00555,0.10008,0.50765,0.0,0.0,0.0,0.0
2018-07-30 13:00:00,2018-07-30 14:00,1.55034,0.0,1.07031,0.003,0.47703,0.0,0.0,0.0,0.0
2018-07-30 14:00:00,2018-07-30 15:00,1.67255,0.0,1.15076,0.003,0.51879,0.0,0.0,0.0,0.0
2018-07-30 15:00:00,2018-07-30 16:00,3.09669,0.0,1.32869,0.3434,1.4246,0.0,0.0,0.0,0.0
2018-07-30 16:00:00,2018-07-30 17:00,4.03681,0.0,1.46235,0.14651,2.42795,0.0,0.0,0.0,0.0
2018-07-30 17:00:00,2018-07-30 18:00,2.12109,0.0,1.45949,0.003,0.6586,0.0,0.0,0.0,0.0
2018-07-30 18:00:00,2018-07-30 19:00,2.50624,0.0,1.46113,0.003,1.04211,0.09556,0.0,0.0,0.09556
2018-07-30 19:00:00,2018-07-30 20:00,4.21492,0.0,1.44323,0.34509,2.4266,0.03561,0.0,0.0,0.03561
2018-07-30 20:00:00,2018-07-30 21:00,4.33281,0.0,1.3891,0.003,2.94071,0.0,0.0,0.0,0.0
2018-07-30 21:00:00,2018-07-30 22:00,2.34314,0.0,1.33178,0.003,1.00836,0.0,0.0,0.0,0.0
2018-07-30 22:00:00,2018-07-30 23:00,2.03839,0.0,1.15058,0.2294,0.65841,0.0,0.0,0.0,0.0
2018-07-30 23:00:00,2018-07-31 00:00,1.65182,0.0,0.97395,0.18595,0.49192,0.0,0.0,0.0,0.0
2018-07-31 00:00:00,2018-07-31 01:00,1.34213,0.0,0.86924,0.003,0.46989,0.0,0.0,0.0,0.0
2018-07-31 01:00:00,2018-07-31 02:00,1.25435,0.0,0.78582,0.003,0.46553,0.0,0.0,0.0,0.0
2018-07-31 02:00:00,2018-07-31 03:00,1.18187,0.0,0.71941,0.003,0.45946,0.0,0.0,0.0,0.0
2018-07-31 03:00:00,2018-07-31 04:00,1.13165,0.0,0.67132,0.003,0.45733,0.0,0.0,0.0,0.0
2018-07-31 04:00:00,2018-07-31 05:00,1.07213,0.0,0.61795,0.003,0.45118,0.0,0.0,0.0,0.0
2018-07-31 05:00:00,2018-07-31 06:00,1.03523,0.0,0.57854,0.003,0.45369,0.0,0.0,0.0,0.0
2018-07-31 06:00:00,2018-07-31 07:00,1.32439,0.0,0.54763,0.23087,0.54589,0.0,0.0,0.0,0.0
2018-07-31 07:00:00,2018-07-31 08:00,1.40846,0.0,0.58247,0.28012,0.54587,0.0,0.0,0.0,0.0
2018-07-31 08:00:00,2018-07-31 09:00,1.10252,0.0,0.62515,0.003,0.47437,0.0,0.0,0.0,0.0
2018-07-31 09:00:00,2018-07-31 10:00,1.26138,0.0,0.78122,0.003,0.47716,0.0,0.0,0.0,0.0
2018-07-31 10:00:00,2018-07-31 11:00,1.39016,0.0,0.91654,0.003,0.47062,0.0,0.0,0.0,0.0
2018-07-31 11:00:00,2018-07-31 12:00,2.34276,0.0,1.3137,0.42452,0.60454,0.09556,0.0,0.0,0.09556
2018-07-31 12:00:00,2018-07-31 13:00,1.87746,0.0,1.2847,0.003,0.58976,0.03561,0.0,0.0,0.03561
2018-07-31 13:00:00,2018-07-31 14:00,1.75112,0.0,1.21737,0.003,0.53075,0.0,0.0,0.0,0.0
2018-07-31 14:00:00,2018-07-31 15:00,1.78532,0.0,1.27314,0.003,0.50918,0.0,0.0,0.0,0.0
2018-07-31 15:00:00,2018-07-31 16:00,2.23596,0.0,1.42753,0.22169,0.58674,0.0,0.0,0.0,0.0
2018-07-31 16:00:00,2018-07-31 17:00,2.57124,0.0,1.48281,0.45441,0.63402,0.0,0.0,0.0,0.0
2018-07-31 17:00:00,2018-07-31 18:00,2.41292,0.0,1.47773,0.17467,0.76052,0.02622,0.0,0.0,0.02622
2018-07-31 18:00:00,2018-07-31 19:00,2.34572,0.0,1.45937,0.003,0.88335,0.0,0.0,0.0,0.0
2018-07-31 19:00:00,2018-07-31 20:00,2.36147,0.0,1.41046,0.003,0.94801,0.0,0.0,0.0,0.0
2018-07-31 20:00:00,2018-07-31 21:00,2.5374,0.0,1.3611,0.003,1.1733,0.0,0.0,0.0,0.0
2018-07-31 21:00:00,2018-07-31 22:00,2.55736,0.0,1.26305,0.32641,0.9679,0.0,0.0,0.0,0.0
2018-07-31 22:00:00,2018-07-31 23:00,1.64277,0.0,1.07625,0.003,0.56352,0.0,0.0,0.0,0.0
2018-07-31 23:00:00,2018-08-01 00:00,1.44245,0.0,0.96379,0.003,0.47566,0.0,0.0,0.0,0.0
2018-08-01 00:00:00,2018-08-01 01:00,1.36128,0.0,0.88803,0.003,0.47025,0.0,0.0,0.0,0.0
2018-08-01 01:00:00,2018-08-01 02:00,1.28189,0.0,0.81304,0.003,0.46585,0.0,0.0,0.0,0.0
2018-08-01 02:00:00,2018-08-01 03:00,1.23786,0.0,0.77508,0.003,0.45978,0.0,0.0,0.0,0.0
2018-08-01 03:00:00,2018-08-01 04:00,1.21137,0.0,0.75074,0.003,0.45763,0.0,0.0,0.0,0.0
2018-08-01 04:00:00,2018-08-01 05:00,1.19471,0.0,0.73984,0.003,0.45187,0.0,0.0,0.0,0.0
2018-08-01 05:00:00,2018-08-01 06:00,1.31483,0.0,0.73708,0.11857,0.45918,0.0,0.0,0.0,0.0
2018-08-01 06:00:00,2018-08-01 07:00,1.74587,0.0,0.70941,0.46739,0.56907,0.0,0.0,0.0,0.0
2018-08-01 07:00:00,2018-08-01 08:00,1.59538,0.0,0.70405,0.30861,0.58272,0.0,0.0,0.0,0.0
2018-08-01 08:00:00,2018-08-01 09:00,1.3103,0.0,0.71314,0.003,0.59416,0.0,0.0,0.0,0.0
2018-08-01 09:00:00,2018-08-01 10:00,1.48642,0.0,0.75324,0.1148,0.61838,0.0,0.0,0.0,0.0
2018-08-01 10:00:00,2018-08-01 11:00,1.87147,0.0,0.83911,0.44666,0.5857,0.0,0.0,0.0,0.0
2018-08-01 11:00:00,2018-08-01 12:00,1.77127,0.0,0.89048,0.31596,0.56483,0.0,0.0,0.0,0.0
2018-08-01 12:00:00,2018-08-01 13:00,1.45304,0.0,0.92297,0.003,0.52707,0.0,0.0,0.0,0.0
2018-08-01 13:00:00,2018-08-01 14:00,1.47253,0.0,0.97432,0.003,0.49521,0.0,0.0,0.0,0.0
2018-08-01 14:00:00,2018-08-01 15:00,2.05319,0.0,1.09137,0.43141,0.53041,0.0,0.0,0.0,0.0
2018-08-01 15:00:00,2018-08-01 16:00,1.63582,0.0,1.09785,0.003,0.53497,0.0,0.0,0.0,0.0
2018-08-01 16:00:00,2018-08-01 17:00,1.50881,0.0,0.98684,0.003,0.51897,0.01124,0.0,0.0,0.01124
2018-08-01 17:00:00,2018-08-01 18:00,2.25143,0.0,1.21521,0.23068,0.80554,0.09556,0.0,0.0,0.09556
2018-08-01 18:00:00,2018-08-01 19:00,1.88841,0.0,0.91328,0.20405,0.77108,0.0,0.0,0.0,0.0
2018-08-01 19:00:00,2018-08-01 20:00,1.78178,0.0,0.8809,0.003,0.89788,0.0,0.0,0.0,0.0
2018-08-01 20:00:00,2018-08-01 21:00,1.97614,0.0,0.82545,0.003,1.14769,0.0,0.0,0.0,0.0
2018-08-01 21:00:00,2018-08-01 22:00,2.23502,0.0,0.77241,0.003,1.45961,0.0,0.0,0.0,0.0
2018-08-01 22:00:00,2018-08-01 23:00,3.71957,0.0,0.6765,0.11534,2.92773,0.0,0.0,0.0,0.0
2018-08-01 23:00:00,2018-08-02 00:00,1.42328,0.0,0.60186,0.27277,0.54865,0.0,0.0,0.0,0.0
2018-08-02 00:00:00,2018-08-02 01:00,1.08259,0.0,0.60202,0.003,0.47757,0.0,0.0,0.0,0.0
2018-08-02 01:00:00,2018-08-02 02:00,1.01434,0.0,0.54727,0.003,0.46407,0.0,0.0,0.0,0.0
2018-08-02 02:00:00,2018-08-02 03:00,0.97902,0.0,0.51624,0.003,0.45978,0.0,0.0,0.0,0.0
2018-08-02 03:00:00,2018-08-02 04:00,0.94439,0.0,0.48376,0.003,0.45763,0.0,0.0,0.0,0.0
2018-08-02 04:00:00,2018-08-02 05:00,0.89792,0.0,0.44669,0.003,0.44823,0.0,0.0,0.0,0.0
2018-08-02 05:00:00,2018-08-02 06:00,1.33726,0.0,0.41677,0.46046,0.46003,0.0,0.0,0.0,0.0
2018-08-02 06:00:00,2018-08-02 07:00,1.10575,0.0,0.34844,0.22533,0.53198,0.0,0.0,0.0,0.0
2018-08-02 07:00:00,2018-08-02 08:00,0.88038,0.0,0.37954,0.003,0.49784,0.0,0.0,0.0,0.0
2018-08-02 08:00:00,2018-08-02 09:00,0.85839,0.0,0.38072,0.003,0.47467,0.0,0.0,0.0,0.0
2018-08-02 09:00:00,2018-08-02 10:00,0.90995,0.0,0.41325,0.003,0.4937,0.0,0.0,0.0,0.0
2018-08-02 10:00:00,2018-08-02 11:00,1.0933,0.0,0.45907,0.11543,0.5188,0.0,0.0,0.0,0.0
2018-08-02 11:00:00,2018-08-02 12:00,1.21263,0.0,0.48921,0.20686,0.51656,0.0,0.0,0.0,0.0
2018-08-02 12:00:00,2018-08-02 13:00,1.06753,0.0,0.5446,0.003,0.51993,0.0,0.0,0.0,0.0
2018-08-02 13:00:00,2018-08-02 14:00,1.06975,0.0,0.58949,0.003,0.47726,0.0,0.0,0.0,0.0
2018-08-02 14:00:00,2018-08-02 15:00,1.15303,0.0,0.65388,0.003,0.49615,0.0,0.0,0.0,0.0
2018-08-02 15:00:00,2018-08-02 16:00,1.50087,0.0,0.74332,0.23012,0.52743,0.0,0.0,0.0,0.0
2018-08-02 16:00:00,2018-08-02 17:00,1.73431,0.0,0.85022,0.20639,0.6777,0.0,0.0,0.0,0.0
2018-08-02 17:00:00,2018-08-02 18:00,1.6977,0.0,0.92644,0.003,0.76826,0.0,0.0,0.0,0.0
2018-08-02 18:00:00,2018-08-02 19:00,1.82087,0.0,0.93275,0.003,0.88512,0.0,0.0,0.0,0.0
2018-08-02 19:00:00,2018-08-02 20:00,2.66046,0.0,0.91635,0.003,1.74111,0.01124,0.0,0.0,0.01124
2018-08-02 20:00:00,2018-08-02 21:00,3.18878,0.0,1.17737,0.1138,1.89761,0.11242,0.0,0.0,0.11242
2018-08-02 21:00:00,2018-08-02 22:00,2.87802,0.0,1.15686,0.41012,1.31104,0.11242,0.0,0.0,0.11242
2018-08-02 22:00:00,2018-08-02 23:00,1.90223,0.0,1.01933,0.003,0.8799,0.08805,0.0,0.0,0.08805
2018-08-02 23:00:00,2018-08-03 00:00,1.21872,0.0,0.70388,0.003,0.51184,0.0,0.0,0.0,0.0
2018-08-03 00:00:00,2018-08-03 01:00,1.04092,0.0,0.56768,0.003,0.47024,0.0,0.0,0.0,0.0
2018-08-03 01:00:00,2018-08-03 02:00,0.963,0.0,0.49416,0.003,0.46584,0.0,0.0,0.0,0.0
2018-08-03 02:00:00,2018-08-03 03:00,0.92236,0.0,0.45959,0.003,0.45977,0.0,0.0,0.0,0.0
2018-08-03 03:00:00,2018-08-03 04:00,0.91892,0.0,0.45829,0.003,0.45763,0.0,0.0,0.0,0.0
2018-08-03 04:00:00,2018-08-03 05:00,0.87611,0.0,0.42161,0.003,0.4515,0.0,0.0,0.0,0.0
2018-08-03 05:00:00,2018-08-03 06:00,0.96494,0.0,0.39497,0.11595,0.45402,0.0,0.0,0.0,0.0
2018-08-03 06:00:00,2018-08-03 07:00,1.32399,0.0,0.37992,0.41232,0.53175,0.0,0.0,0.0,0.0
2018-08-03 07:00:00,2018-08-03 08:00,1.09611,0.0,0.41957,0.11522,0.56132,0.0,0.0,0.0,0.0
2018-08-03 08:00:00,2018-08-03 09:00,1.43516,0.0,0.45725,0.46192,0.51599,0.0,0.0,0.0,0.0
2018-08-03 09:00:00,2018-08-03 10:00,0.97357,0.0,0.42624,0.06994,0.47739,0.0,0.0,0.0,0.0
2018-08-03 10:00:00,2018-08-03 11:00,0.90032,0.0,0.4265,0.003,0.47082,0.0,0.0,0.0,0.0
2018-08-03 11:00:00,2018-08-03 12:00,1.0848,0.0,0.61367,0.003,0.46813,0.0,0.0,0.0,0.0
2018-08-03 12:00:00,2018-08-03 13:00,1.28727,0.0,0.80782,0.003,0.47645,0.0,0.0,0.0,0.0
2018-08-03 13:00:00,2018-08-03 14:00,1.48713,0.0,1.00688,0.003,0.47725,0.0,0.0,0.0,0.0
2018-08-03 14:00:00,2018-08-03 15:00,1.63694,0.0,1.15669,0.003,0.47725,0.0,0.0,0.0,0.0
2018-08-03 15:00:00,2018-08-03 16:00,1.78591,0.0,1.3007,0.003,0.48221,0.0,0.0,0.0,0.0
2018-08-03 16:00:00,2018-08-03 17:00,2.32428,0.0,1.48302,0.11682,0.72444,0.0,0.0,0.0,0.0
2018-08-03 17:00:00,2018-08-03 18:00,4.49783,0.0,1.51773,0.36805,2.61205,0.06745,0.0,0.0,0.06745
2018-08-03 18:00:00,2018-08-03 19:00,4.11996,0.0,1.49745,0.11666,2.50585,0.11242,0.0,0.0,0.11242
2018-08-03 19:00:00,2018-08-03 20:00,2.66336,0.0,1.48081,0.21615,0.9664,0.00936,0.0,0.0,0.00936
2018-08-03 20:00:00,2018-08-03 21:00,2.60376,0.0,1.40792,0.003,1.19284,0.0,0.0,0.0,0.0
2018-08-03 21:00:00,2018-08-03 22:00,2.91207,0.0,1.34557,0.3209,1.2456,0.0,0.0,0.0,0.0
2018-08-03 22:00:00,2018-08-03 23:00,3.95447,0.0,1.27587,0.003,2.6756,0.0,0.0,0.0,0.0
2018-08-03 23:00:00,2018-08-04 00:00,2.77799,0.0,1.11153,0.003,1.66346,0.0,0.0,0.0,0.0
2018-08-04 00:00:00,2018-08-04 01:00,1.49609,0.0,0.99848,0.003,0.49461,0.0,0.0,0.0,0.0
2018-08-04 01:00:00,2018-08-04 02:00,1.41992,0.0,0.95055,0.003,0.46637,0.0,0.0,0.0,0.0
2018-08-04 02:00:00,2018-08-04 03:00,1.37099,0.0,0.90697,0.003,0.46102,0.0,0.0,0.0,0.0
2018-08-04 03:00:00,2018-08-04 04:00,1.32871,0.0,0.86684,0.003,0.45887,0.0,0.0,0.0,0.0
2018-08-04 04:00:00,2018-08-04 05:00,1.28055,0.0,0.82482,0.003,0.45273,0.0,0.0,0.0,0.0
2018-08-04 05:00:00,2018-08-04 06:00,1.25303,0.0,0.79759,0.003,0.45244,0.0,0.0,0.0,0.0
2018-08-04 06:00:00,2018-08-04 07:00,1.30315,0.0,0.80841,0.003,0.49174,0.0,0.0,0.0,0.0
2018-08-04 07:00:00,2018-08-04 08:00,1.22795,0.0,0.75311,0.003,0.47184,0.0,0.0,0.0,0.0
2018-08-04 08:00:00,2018-08-04 09:00,1.24431,0.0,0.7597,0.003,0.48161,0.0,0.0,0.0,0.0
2018-08-04 09:00:00,2018-08-04 10:00,1.54258,0.0,0.75313,0.24011,0.54934,0.0,0.0,0.0,0.0
2018-08-04 10:00:00,2018-08-04 11:00,1.51271,0.0,0.7997,0.04817,0.66484,0.0,0.0,0.0,0.0
2018-08-04 11:00:00,2018-08-04 12:00,1.57247,0.0,0.84447,0.003,0.725,0.0,0.0,0.0,0.0
2018-08-04 12:00:00,2018-08-04 13:00,1.56689,0.0,0.82938,0.003,0.73451,0.0,0.0,0.0,0.0
2018-08-04 13:00:00,2018-08-04 14:00,1.62933,0.0,0.8139,0.11787,0.69756,0.0,0.0,0.0,0.0
2018-08-04 14:00:00,2018-08-04 15:00,1.85664,0.0,0.84366,0.30328,0.7097,0.0,0.0,0.0,0.0
2018-08-04 15:00:00,2018-08-04 16:00,1.51328,0.0,0.8575,0.003,0.65278,0.0,0.0,0.0,0.0
2018-08-04 16:00:00,2018-08-04 17:00,1.6816,0.0,0.8843,0.1157,0.6816,0.0,0.0,0.0,0.0
2018-08-04 17:00:00,2018-08-04 18:00,1.98215,0.0,0.97038,0.28561,0.72616,0.01124,0.0,0.0,0.01124
2018-08-04 18:00:00,2018-08-04 19:00,1.97468,0.0,1.11741,0.003,0.85427,0.02622,0.0,0.0,0.02622
2018-08-04 19:00:00,2018-08-04 20:00,2.3414,0.0,1.20852,0.003,1.12988,0.04123,0.0,0.0,0.04123
2018-08-04 20:00:00,2018-08-04 21:00,2.47454,0.0,1.00582,0.40522,1.0635,0.0,0.0,0.0,0.0
2018-08-04 21:00:00,2018-08-04 22:00,1.85936,0.0,0.9347,0.003,0.92166,0.0,0.0,0.0,0.0
2018-08-04 22:00:00,2018-08-04 23:00,1.49927,0.0,0.86264,0.003,0.63363,0.0,0.0,0.0,0.0
2018-08-04 23:00:00,2018-08-05 00:00,1.35473,0.0,0.83423,0.003,0.5175,0.0,0.0,0.0,0.0
2018-08-05 00:00:00,2018-08-05 01:00,1.27703,0.0,0.79597,0.003,0.47806,0.0,0.0,0.0,0.0
2018-08-05 01:00:00,2018-08-05 02:00,1.22696,0.0,0.75912,0.003,0.46484,0.0,0.0,0.0,0.0
2018-08-05 02:00:00,2018-08-05 03:00,1.1753,0.0,0.71876,0.003,0.45354,0.0,0.0,0.0,0.0
2018-08-05 03:00:00,2018-08-05 04:00,1.55656,0.0,0.70444,0.39458,0.45754,0.0,0.0,0.0,0.0
2018-08-05 04:00:00,2018-08-05 05:00,1.14173,0.0,0.68599,0.003,0.45274,0.0,0.0,0.0,0.0
2018-08-05 05:00:00,2018-08-05 06:00,1.13153,0.0,0.67608,0.003,0.45245,0.0,0.0,0.0,0.0
2018-08-05 06:00:00,2018-08-05 07:00,1.18299,0.0,0.68827,0.003,0.49172,0.0,0.0,0.0,0.0
2018-08-05 07:00:00,2018-08-05 08:00,1.18422,0.0,0.6829,0.003,0.49832,0.0,0.0,0.0,0.0
2018-08-05 08:00:00,2018-08-05 09:00,1.32424,0.0,0.78666,0.003,0.53458,0.0,0.0,0.0,0.0
2018-08-05 09:00:00,2018-08-05 10:00,1.99309,0.0,0.92729,0.46475,0.60105,0.0,0.0,0.0,0.0
2018-08-05 10:00:00,2018-08-05 11:00,1.8391,0.0,1.01751,0.21568,0.60591,0.0,0.0,0.0,0.0
2018-08-05 11:00:00,2018-08-05 12:00,1.76148,0.0,1.14992,0.003,0.60856,0.01124,0.0,0.0,0.01124
2018-08-05 12:00:00,2018-08-05 13:00,2.49912,0.0,1.47417,0.34577,0.67918,0.06933,0.0,0.0,0.06933
2018-08-05 13:00:00,2018-08-05 14:00,2.2279,0.0,1.35653,0.23902,0.63235,0.0,0.0,0.0,0.0
2018-08-05 14:00:00,2018-08-05 15:00,2.14119,0.0,1.37165,0.003,0.76654,0.0,0.0,0.0,0.0
2018-08-05 15:00:00,2018-08-05 16:00,2.1301,0.0,1.3507,0.003,0.7764,0.0,0.0,0.0,0.0
2018-08-05 16:00:00,2018-08-05 17:00,2.44718,0.0,1.31563,0.38793,0.74362,0.0,0.0,0.0,0.0
2018-08-05 17:00:00,2018-08-05 18:00,2.10512,0.0,1.29798,0.003,0.80414,0.0,0.0,0.0,0.0
2018-08-05 18:00:00,2018-08-05 19:00,2.60402,0.0,1.33582,0.34546,0.92274,0.0,0.0,0.0,0.0
2018-08-05 19:00:00,2018-08-05 20:00,2.37578,0.0,1.27422,0.11339,0.98817,0.0,0.0,0.0,0.0
2018-08-05 20:00:00,2018-08-05 21:00,2.28957,0.0,1.22309,0.003,1.06348,0.0,0.0,0.0,0.0
2018-08-05 21:00:00,2018-08-05 22:00,2.17362,0.0,1.13273,0.003,1.03789,0.0,0.0,0.0,0.0
2018-08-05 22:00:00,2018-08-05 23:00,1.74059,0.0,1.01252,0.003,0.72507,0.0,0.0,0.0,0.0
2018-08-05 23:00:00,2018-08-06 00:00,1.48945,0.0,0.89628,0.116,0.47717,0.0,0.0,0.0,0.0
2018-08-06 00:00:00,2018-08-06 01:00,1.50488,0.0,0.8302,0.20442,0.47026,0.0,0.0,0.0,0.0
2018-08-06 01:00:00,2018-08-06 02:00,1.22987,0.0,0.76103,0.003,0.46584,0.0,0.0,0.0,0.0
2018-08-06 02:00:00,2018-08-06 03:00,1.16404,0.0,0.70125,0.003,0.45979,0.0,0.0,0.0,0.0
2018-08-06 03:00:00,2018-08-06 04:00,1.11575,0.0,0.65512,0.003,0.45763,0.0,0.0,0.0,0.0
2018-08-06 04:00:00,2018-08-06 05:00,1.06672,0.0,0.61185,0.003,0.45187,0.0,0.0,0.0,0.0
2018-08-06 05:00:00,2018-08-06 06:00,1.15904,0.0,0.57811,0.11703,0.4639,0.0,0.0,0.0,0.0
2018-08-06 06:00:00,2018-08-06 07:00,1.58573,0.0,0.54951,0.46719,0.56903,0.0,0.0,0.0,0.0
2018-08-06 07:00:00,2018-08-06 08:00,1.13565,0.0,0.5488,0.06763,0.51922,0.0,0.0,0.0,0.0
2018-08-06 08:00:00,2018-08-06 09:00,1.05612,0.0,0.54863,0.003,0.50449,0.0,0.0,0.0,0.0
2018-08-06 09:00:00,2018-08-06 10:00,1.07209,0.0,0.59171,0.003,0.47738,0.0,0.0,0.0,0.0
2018-08-06 10:00:00,2018-08-06 11:00,1.31036,0.0,0.70324,0.11485,0.49227,0.0,0.0,0.0,0.0
2018-08-06 11:00:00,2018-08-06 12:00,1.81755,0.0,0.80429,0.44844,0.56482,0.0,0.0,0.0,0.0
2018-08-06 12:00:00,2018-08-06 13:00,1.49504,0.0,0.93652,0.003,0.55552,0.01124,0.0,0.0,0.01124
2018-08-06 13:00:00,2018-08-06 14:00,1.85943,0.0,1.09026,0.22568,0.54349,0.01498,0.0,0.0,0.01498
2018-08-06 14:00:00,2018-08-06 15:00,1.87878,0.0,1.12226,0.22611,0.53041,0.0,0.0,0.0,0.0
2018-08-06 15:00:00,2018-08-06 16:00,1.72629,0.0,1.21005,0.003,0.51324,0.0,0.0,0.0,0.0
2018-08-06 16:00:00,2018-08-06 17:00,1.76783,0.0,1.27619,0.003,0.48864,0.0,0.0,0.0,0.0
2018-08-06 17:00:00,2018-08-06 18:00,1.96001,0.0,1.37031,0.003,0.5867,0.03935,0.0,0.0,0.03935
2018-08-06 18:00:00,2018-08-06 19:00,2.28104,0.0,1.4232,0.003,0.85484,0.04123,0.0,0.0,0.04123
2018-08-06 19:00:00,2018-08-06 20:00,3.48908,0.0,1.37377,0.34899,1.76632,0.0,0.0,0.0,0.0
2018-08-06 20:00:00,2018-08-06 21:00,4.71824,0.0,1.36276,0.05484,3.30064,0.0,0.0,0.0,0.0
2018-08-06 21:00:00,2018-08-06 22:00,2.2766,0.0,1.18859,0.003,1.08501,0.0,0.0,0.0,0.0
2018-08-06 22:00:00,2018-08-06 23:00,1.63609,0.0,1.02266,0.003,0.61043,0.0,0.0,0.0,0.0
2018-08-06 23:00:00,2018-08-07 00:00,1.39897,0.0,0.9199,0.003,0.47607,0.0,0.0,0.0,0.0
2018-08-07 00:00:00,2018-08-07 01:00,1.29329,0.0,0.82003,0.003,0.47026,0.0,0.0,0.0,0.0
2018-08-07 01:00:00,2018-08-07 02:00,1.22796,0.0,0.75912,0.003,0.46584,0.0,0.0,0.0,0.0
2018-08-07 02:00:00,2018-08-07 03:00,1.16227,0.0,0.69947,0.003,0.4598,0.0,0.0,0.0,0.0
2018-08-07 03:00:00,2018-08-07 04:00,1.11512,0.0,0.65449,0.003,0.45763,0.0,0.0,0.0,0.0
2018-08-07 04:00:00,2018-08-07 05:00,1.19513,0.0,0.62527,0.11799,0.45187,0.0,0.0,0.0,0.0
2018-08-07 05:00:00,2018-08-07 06:00,1.21362,0.0,0.58089,0.17739,0.45534,0.0,0.0,0.0,0.0
2018-08-07 06:00:00,2018-08-07 07:00,1.05669,0.0,0.51474,0.003,0.53895,0.0,0.0,0.0,0.0
2018-08-07 07:00:00,2018-08-07 08:00,1.40338,0.0,0.52996,0.33913,0.53429,0.0,0.0,0.0,0.0
2018-08-07 08:00:00,2018-08-07 09:00,1.41648,0.0,0.53967,0.31016,0.56665,0.0,0.0,0.0,0.0
2018-08-07 09:00:00,2018-08-07 10:00,1.21982,0.0,0.5373,0.11593,0.56659,0.0,0.0,0.0,0.0
2018-08-07 10:00:00,2018-08-07 11:00,1.51831,0.0,0.53249,0.46703,0.51879,0.0,0.0,0.0,0.0
2018-08-07 11:00:00,2018-08-07 12:00,1.31357,0.0,0.58541,0.2116,0.51656,0.0,0.0,0.0,0.0
2018-08-07 12:00:00,2018-08-07 13:00,1.15156,0.0,0.65284,0.003,0.49572,0.0,0.0,0.0,0.0
2018-08-07 13:00:00,2018-08-07 14:00,1.17813,0.0,0.69785,0.003,0.47728,0.0,0.0,0.0,0.0
2018-08-07 14:00:00,2018-08-07 15:00,1.19689,0.0,0.71664,0.003,0.47725,0.0,0.0,0.0,0.0
2018-08-07 15:00:00,2018-08-07 16:00,1.43311,0.0,0.80661,0.115,0.5115,0.0,0.0,0.0,0.0
2018-08-07 16:00:00,2018-08-07 17:00,1.93067,0.0,0.98088,0.38022,0.56957,0.02622,0.0,0.0,0.02622
2018-08-07 17:00:00,2018-08-07 18:00,1.63959,0.0,1.02263,0.003,0.61396,0.0,0.0,0.0,0.0
2018-08-07 18:00:00,2018-08-07 19:00,2.1935,0.0,1.08218,0.22619,0.88513,0.0,0.0,0.0,0.0
2018-08-07 19:00:00,2018-08-07 20:00,2.35399,0.0,1.01553,0.3291,1.00936,0.0,0.0,0.0,0.0
2018-08-07 20:00:00,2018-08-07 21:00,2.10044,0.0,0.98552,0.003,1.11192,0.0,0.0,0.0,0.0
2018-08-07 21:00:00,2018-08-07 22:00,1.74134,0.0,0.87295,0.003,0.86539,0.0,0.0,0.0,0.0
2018-08-07 22:00:00,2018-08-07 23:00,1.30088,0.0,0.76175,0.003,0.53613,0.0,0.0,0.0,0.0
2018-08-07 23:00:00,2018-08-08 00:00,1.18048,0.0,0.70141,0.003,0.47607,0.0,0.0,0.0,0.0
2018-08-08 00:00:00,2018-08-08 01:00,1.12808,0.0,0.65483,0.003,0.47025,0.0,0.0,0.0,0.0
2018-08-08 01:00:00,2018-08-08 02:00,1.06388,0.0,0.59504,0.003,0.46584,0.0,0.0,0.0,0.0
2018-08-08 02:00:00,2018-08-08 03:00,0.98456,0.0,0.52179,0.003,0.45977,0.0,0.0,0.0,0.0
2018-08-08 03:00:00,2018-08-08 04:00,0.95817,0.0,0.49756,0.003,0.45761,0.0,0.0,0.0,0.0
2018-08-08 04:00:00,2018-08-08 05:00,1.15587,0.0,0.46924,0.23514,0.45149,0.0,0.0,0.0,0.0
2018-08-08 05:00:00,2018-08-08 06:00,0.95415,0.0,0.43867,0.05855,0.45693,0.0,0.0,0.0,0.0
2018-08-08 06:00:00,2018-08-08 07:00,1.19203,0.0,0.49125,0.11631,0.58447,0.01124,0.0,0.0,0.01124
2018-08-08 07:00:00,2018-08-08 08:00,1.74569,0.0,0.63385,0.47098,0.64086,0.04123,0.0,0.0,0.04123
2018-08-08 08:00:00,2018-08-08 09:00,1.22129,0.0,0.57962,0.09129,0.55038,0.0,0.0,0.0,0.0
2018-08-08 09:00:00,2018-08-08 10:00,1.2055,0.0,0.67801,0.003,0.52449,0.0,0.0,0.0,0.0
2018-08-08 10:00:00,2018-08-08 11:00,1.77343,0.0,0.7947,0.45992,0.51881,0.0,0.0,0.0,0.0
2018-08-08 11:00:00,2018-08-08 12:00,1.45049,0.0,0.92607,0.037,0.48742,0.0,0.0,0.0,0.0
2018-08-08 12:00:00,2018-08-08 13:00,1.58163,0.0,1.10218,0.003,0.47645,0.0,0.0,0.0,0.0
2018-08-08 13:00:00,2018-08-08 14:00,1.79393,0.0,1.31367,0.003,0.47726,0.0,0.0,0.0,0.0
2018-08-08 14:00:00,2018-08-08 15:00,1.94501,0.0,1.46476,0.003,0.47725,0.0,0.0,0.0,0.0
2018-08-08 15:00:00,2018-08-08 16:00,2.06345,0.0,1.54889,0.003,0.51156,0.0,0.0,0.0,0.0
2018-08-08 16:00:00,2018-08-08 17:00,2.19335,0.0,1.55587,0.003,0.63448,0.01124,0.0,0.0,0.01124
2018-08-08 17:00:00,2018-08-08 18:00,2.64626,0.0,1.55803,0.39224,0.69599,0.01498,0.0,0.0,0.01498
2018-08-08 18:00:00,2018-08-08 19:00,2.342,0.0,1.53908,0.003,0.79992,0.0,0.0,0.0,0.0
2018-08-08 19:00:00,2018-08-08 20:00,2.34963,0.0,1.50891,0.003,0.83772,0.01124,0.0,0.0,0.01124
2018-08-08 20:00:00,2018-08-08 21:00,2.57407,0.0,1.47016,0.003,1.10091,0.04123,0.0,0.0,0.04123
2018-08-08 21:00:00,2018-08-08 22:00,2.61028,0.0,1.4192,0.003,1.18808,0.0,0.0,0.0,0.0
2018-08-08 22:00:00,2018-08-08 23:00,2.47475,0.0,1.36698,0.003,1.10477,0.0,0.0,0.0,0.0
2018-08-08 23:00:00,2018-08-09 00:00,2.91089,0.0,1.30133,0.344,1.26556,0.0,0.0,0.0,0.0
2018-08-09 00:00:00,2018-08-09 01:00,1.61408,0.0,1.14083,0.003,0.47025,0.0,0.0,0.0,0.0
2018-08-09 01:00:00,2018-08-09 02:00,1.5242,0.0,1.05537,0.003,0.46583,0.0,0.0,0.0,0.0
2018-08-09 02:00:00,2018-08-09 03:00,1.43057,0.0,0.96779,0.003,0.45978,0.0,0.0,0.0,0.0
2018-08-09 03:00:00,2018-08-09 04:00,1.33849,0.0,0.88003,0.003,0.45546,0.0,0.0,0.0,0.0
2018-08-09 04:00:00,2018-08-09 05:00,1.27812,0.0,0.82362,0.003,0.4515,0.0,0.0,0.0,0.0
2018-08-09 05:00:00,2018-08-09 06:00,1.21044,0.0,0.75341,0.003,0.45403,0.0,0.0,0.0,0.0
2018-08-09 06:00:00,2018-08-09 07:00,1.48747,0.0,0.71812,0.22624,0.54311,0.0,0.0,0.0,0.0
2018-08-09 07:00:00,2018-08-09 08:00,1.77221,0.0,0.73487,0.46512,0.57222,0.0,0.0,0.0,0.0
2018-08-09 08:00:00,2018-08-09 09:00,1.47358,0.0,0.80517,0.11806,0.55035,0.0,0.0,0.0,0.0
2018-08-09 09:00:00,2018-08-09 10:00,1.41144,0.0,0.91227,0.003,0.49617,0.0,0.0,0.0,0.0
2018-08-09 10:00:00,2018-08-09 11:00,1.53424,0.0,1.06042,0.003,0.47082,0.0,0.0,0.0,0.0
2018-08-09 11:00:00,2018-08-09 12:00,1.70712,0.0,1.236,0.003,0.46812,0.0,0.0,0.0,0.0
2018-08-09 12:00:00,2018-08-09 13:00,1.8518,0.0,1.3553,0.003,0.4935,0.0,0.0,0.0,0.0
2018-08-09 13:00:00,2018-08-09 14:00,2.213,0.0,1.45595,0.22857,0.52848,0.0,0.0,0.0,0.0
2018-08-09 14:00:00,2018-08-09 15:00,2.49958,0.0,1.53059,0.43265,0.53634,0.0,0.0,0.0,0.0
2018-08-09 15:00:00,2018-08-09 16:00,2.12359,0.0,1.54708,0.003,0.57351,0.0,0.0,0.0,0.0
2018-08-09 16:00:00,2018-08-09 17:00,2.10612,0.0,1.53292,0.003,0.5702,0.0,0.0,0.0,0.0
2018-08-09 17:00:00,2018-08-09 18:00,2.57325,0.0,1.51029,0.34982,0.71314,0.0,0.0,0.0,0.0
2018-08-09 18:00:00,2018-08-09 19:00,2.46311,0.0,1.49515,0.0675,0.90046,0.0,0.0,0.0,0.0
2018-08-09 19:00:00,2018-08-09 20:00,2.56787,0.0,1.46111,0.003,1.10376,0.0,0.0,0.0,0.0
2018-08-09 20:00:00,2018-08-09 21:00,2.98435,0.0,1.41765,0.34736,1.21934,0.0,0.0,0.0,0.0
2018-08-09 21:00:00,2018-08-09 22:00,2.50314,0.0,1.37551,0.03059,1.09704,0.0,0.0,0.0,0.0
2018-08-09 22:00:00,2018-08-09 23:00,2.05034,0.0,1.30492,0.003,0.74242,0.0,0.0,0.0,0.0
2018-08-09 23:00:00,2018-08-10 00:00,1.57412,0.0,1.09506,0.003,0.47606,0.0,0.0,0.0,0.0
2018-08-10 00:00:00,2018-08-10 01:00,1.47708,0.0,1.00381,0.003,0.47027,0.0,0.0,0.0,0.0
2018-08-10 01:00:00,2018-08-10 02:00,1.38725,0.0,0.91841,0.003,0.46584,0.0,0.0,0.0,0.0
2018-08-10 02:00:00,2018-08-10 03:00,1.3108,0.0,0.85203,0.003,0.45577,0.0,0.0,0.0,0.0
2018-08-10 03:00:00,2018-08-10 04:00,1.25767,0.0,0.79706,0.003,0.45761,0.0,0.0,0.0,0.0
2018-08-10 04:00:00,2018-08-10 05:00,1.19185,0.0,0.73736,0.003,0.45149,0.0,0.0,0.0,0.0
2018-08-10 05:00:00,2018-08-10 06:00,1.1413,0.0,0.68428,0.003,0.45402,0.0,0.0,0.0,0.0
2018-08-10 06:00:00,2018-08-10 07:00,1.52847,0.0,0.6528,0.33257,0.5431,0.0,0.0,0.0,0.0
2018-08-10 07:00:00,2018-08-10 08:00,1.31628,0.0,0.70481,0.003,0.60847,0.0,0.0,0.0,0.0
2018-08-10 08:00:00,2018-08-10 09:00,1.5907,0.0,0.76366,0.2307,0.59634,0.0,0.0,0.0,0.0
2018-08-10 09:00:00,2018-08-10 10:00,1.51873,0.0,0.87673,0.09882,0.54318,0.0,0.0,0.0,0.0
2018-08-10 10:00:00,2018-08-10 11:00,2.40071,0.0,1.06835,0.003,1.32936,0.0,0.0,0.0,0.0
2018-08-10 11:00:00,2018-08-10 12:00,3.10946,0.0,1.27775,0.11507,1.71664,0.01124,0.0,0.0,0.01124
2018-08-10 12:00:00,2018-08-10 13:00,2.32918,0.0,1.49105,0.22442,0.61371,0.06933,0.0,0.0,0.06933
2018-08-10 13:00:00,2018-08-10 14:00,1.96615,0.0,1.43465,0.003,0.5285,0.0,0.0,0.0,0.0
2018-08-10 14:00:00,2018-08-10 15:00,1.98558,0.0,1.49747,0.003,0.48511,0.0,0.0,0.0,0.0
2018-08-10 15:00:00,2018-08-10 16:00,2.00922,0.0,1.53106,0.003,0.47516,0.0,0.0,0.0,0.0
2018-08-10 16:00:00,2018-08-10 17:00,2.04921,0.0,1.53117,0.003,0.51504,0.0,0.0,0.0,0.0
2018-08-10 17:00:00,2018-08-10 18:00,2.56677,0.0,1.5203,0.33604,0.71043,0.0,0.0,0.0,0.0
2018-08-10 18:00:00,2018-08-10 19:00,2.40752,0.0,1.49438,0.003,0.91014,0.02622,0.0,0.0,0.02622
2018-08-10 19:00:00,2018-08-10 20:00,2.53471,0.0,1.44564,0.003,1.08607,0.0,0.0,0.0,0.0
2018-08-10 20:00:00,2018-08-10 21:00,2.5828,0.0,1.4051,0.003,1.1747,0.0,0.0,0.0,0.0
2018-08-10 21:00:00,2018-08-10 22:00,2.70239,0.0,1.35883,0.31906,1.0245,0.0,0.0,0.0,0.0
2018-08-10 22:00:00,2018-08-10 23:00,2.12129,0.0,1.31078,0.003,0.80751,0.0,0.0,0.0,0.0
2018-08-10 23:00:00,2018-08-11 00:00,1.6744,0.0,1.12354,0.003,0.54786,0.0,0.0,0.0,0.0
2018-08-11 00:00:00,2018-08-11 01:00,1.48936,0.0,1.01486,0.003,0.4715,0.0,0.0,0.0,0.0
2018-08-11 01:00:00,2018-08-11 02:00,1.3927,0.0,0.92263,0.003,0.46707,0.0,0.0,0.0,0.0
2018-08-11 02:00:00,2018-08-11 03:00,1.31253,0.0,0.84851,0.003,0.46102,0.0,0.0,0.0,0.0
2018-08-11 03:00:00,2018-08-11 04:00,1.25699,0.0,0.79511,0.003,0.45888,0.0,0.0,0.0,0.0
2018-08-11 04:00:00,2018-08-11 05:00,1.19616,0.0,0.74041,0.003,0.45275,0.0,0.0,0.0,0.0
2018-08-11 05:00:00,2018-08-11 06:00,1.15152,0.0,0.69608,0.003,0.45244,0.0,0.0,0.0,0.0
2018-08-11 06:00:00,2018-08-11 07:00,1.14621,0.0,0.64724,0.003,0.49597,0.0,0.0,0.0,0.0
2018-08-11 07:00:00,2018-08-11 08:00,1.53735,0.0,0.66609,0.35073,0.52053,0.0,0.0,0.0,0.0
2018-08-11 08:00:00,2018-08-11 09:00,1.35273,0.0,0.71344,0.003,0.63629,0.0,0.0,0.0,0.0
2018-08-11 09:00:00,2018-08-11 10:00,1.85421,0.0,0.81263,0.003,1.03858,0.0,0.0,0.0,0.0
2018-08-11 10:00:00,2018-08-11 11:00,1.78832,0.0,0.93732,0.003,0.848,0.0,0.0,0.0,0.0
2018-08-11 11:00:00,2018-08-11 12:00,2.12633,0.0,1.07381,0.46188,0.59064,0.0,0.0,0.0,0.0
2018-08-11 12:00:00,2018-08-11 13:00,1.74519,0.0,1.20357,0.01438,0.52724,0.0,0.0,0.0,0.0
2018-08-11 13:00:00,2018-08-11 14:00,2.02902,0.0,1.44821,0.003,0.57781,0.02622,0.0,0.0,0.02622
2018-08-11 14:00:00,2018-08-11 15:00,2.03055,0.0,1.4803,0.003,0.54725,0.0,0.0,0.0,0.0
2018-08-11 15:00:00,2018-08-11 16:00,2.60435,0.0,1.51262,0.43891,0.65282,0.0,0.0,0.0,0.0
2018-08-11 16:00:00,2018-08-11 17:00,2.18717,0.0,1.50234,0.003,0.68183,0.0,0.0,0.0,0.0
2018-08-11 17:00:00,2018-08-11 18:00,2.15535,0.0,1.48739,0.003,0.66496,0.0,0.0,0.0,0.0
2018-08-11 18:00:00,2018-08-11 19:00,2.11972,0.0,1.46335,0.003,0.65337,0.0,0.0,0.0,0.0
2018-08-11 19:00:00,2018-08-11 20:00,2.1953,0.0,1.42393,0.003,0.76837,0.0,0.0,0.0,0.0
2018-08-11 20:00:00,2018-08-11 21:00,2.28911,0.0,1.38893,0.003,0.89718,0.0,0.0,0.0,0.0
2018-08-11 21:00:00,2018-08-11 22:00,2.82761,0.0,1.30619,0.42536,1.09606,0.0,0.0,0.0,0.0
2018-08-11 22:00:00,2018-08-11 23:00,1.95043,0.0,1.1659,0.003,0.78153,0.0,0.0,0.0,0.0
2018-08-11 23:00:00,2018-08-12 00:00,1.57988,0.0,1.05286,0.003,0.52402,0.0,0.0,0.0,0.0
2018-08-12 00:00:00,2018-08-12 01:00,1.45419,0.0,0.97044,0.003,0.48075,0.0,0.0,0.0,0.0
2018-08-12 01:00:00,2018-08-12 02:00,1.36344,0.0,0.89336,0.003,0.46708,0.0,0.0,0.0,0.0
2018-08-12 02:00:00,2018-08-12 03:00,1.3014,0.0,0.83736,0.003,0.46104,0.0,0.0,0.0,0.0
2018-08-12 03:00:00,2018-08-12 04:00,1.24955,0.0,0.78767,0.003,0.45888,0.0,0.0,0.0,0.0
2018-08-12 04:00:00,2018-08-12 05:00,1.20118,0.0,0.74543,0.003,0.45275,0.0,0.0,0.0,0.0
2018-08-12 05:00:00,2018-08-12 06:00,1.16349,0.0,0.70541,0.003,0.45508,0.0,0.0,0.0,0.0
2018-08-12 06:00:00,2018-08-12 07:00,1.64856,0.0,0.66672,0.46177,0.52007,0.0,0.0,0.0,0.0
2018-08-12 07:00:00,2018-08-12 08:00,1.35319,0.0,0.69247,0.11342,0.5473,0.0,0.0,0.0,0.0
2018-08-12 08:00:00,2018-08-12 09:00,1.69519,0.0,0.75069,0.35496,0.58954,0.0,0.0,0.0,0.0
2018-08-12 09:00:00,2018-08-12 10:00,1.53876,0.0,0.92345,0.003,0.61231,0.01124,0.0,0.0,0.01124
2018-08-12 10:00:00,2018-08-12 11:00,2.03945,0.0,1.30852,0.003,0.72793,0.06933,0.0,0.0,0.06933
2018-08-12 11:00:00,2018-08-12 12:00,2.04241,0.0,1.28933,0.11457,0.63851,0.0,0.0,0.0,0.0
2018-08-12 12:00:00,2018-08-12 13:00,2.48903,0.0,1.44109,0.33573,0.71221,0.0,0.0,0.0,0.0
2018-08-12 13:00:00,2018-08-12 14:00,3.14357,0.0,1.52015,0.003,1.62042,0.0,0.0,0.0,0.0
2018-08-12 14:00:00,2018-08-12 15:00,3.93963,0.0,1.53542,0.11478,2.28943,0.0,0.0,0.0,0.0
2018-08-12 15:00:00,2018-08-12 16:00,2.60156,0.0,1.54642,0.34843,0.70671,0.0,0.0,0.0,0.0
2018-08-12 16:00:00,2018-08-12 17:00,2.3474,0.0,1.54425,0.003,0.80015,0.01124,0.0,0.0,0.01124
2018-08-12 17:00:00,2018-08-12 18:00,2.50036,0.0,1.52989,0.003,0.96747,0.04123,0.0,0.0,0.04123
2018-08-12 18:00:00,2018-08-12 19:00,2.46694,0.0,1.50569,0.003,0.95825,0.0,0.0,0.0,0.0
2018-08-12 19:00:00,2018-08-12 20:00,2.31086,0.0,1.4763,0.003,0.83156,0.0,0.0,0.0,0.0
2018-08-12 20:00:00,2018-08-12 21:00,2.72718,0.0,1.42984,0.35298,0.94436,0.0,0.0,0.0,0.0
2018-08-12 21:00:00,2018-08-12 22:00,2.47162,0.0,1.39076,0.054,1.02686,0.0,0.0,0.0,0.0
2018-08-12 22:00:00,2018-08-12 23:00,2.09112,0.0,1.37155,0.003,0.71657,0.0,0.0,0.0,0.0
2018-08-12 23:00:00,2018-08-13 00:00,1.92479,0.0,1.36486,0.003,0.55693,0.0,0.0,0.0,0.0
2018-08-13 00:00:00,2018-08-13 01:00,1.82617,0.0,1.34517,0.003,0.478,0.0,0.0,0.0,0.0
2018-08-13 01:00:00,2018-08-13 02:00,1.64773,0.0,1.17885,0.003,0.46588,0.0,0.0,0.0,0.0
2018-08-13 02:00:00,2018-08-13 03:00,1.529,0.0,1.06623,0.003,0.45977,0.0,0.0,0.0,0.0
2018-08-13 03:00:00,2018-08-13 04:00,1.46385,0.0,1.0039,0.003,0.45695,0.0,0.0,0.0,0.0
2018-08-13 04:00:00,2018-08-13 05:00,1.39323,0.0,0.94492,0.003,0.44531,0.0,0.0,0.0,0.0
2018-08-13 05:00:00,2018-08-13 06:00,1.72416,0.0,0.98835,0.2336,0.50221,0.03935,0.0,0.0,0.03935
2018-08-13 06:00:00,2018-08-13 07:00,1.85796,0.0,1.01104,0.25093,0.59599,0.04123,0.0,0.0,0.04123
2018-08-13 07:00:00,2018-08-13 08:00,1.42809,0.0,0.87886,0.003,0.54623,0.0,0.0,0.0,0.0
2018-08-13 08:00:00,2018-08-13 09:00,1.38706,0.0,0.9094,0.003,0.47466,0.0,0.0,0.0,0.0
2018-08-13 09:00:00,2018-08-13 10:00,1.53985,0.0,1.05946,0.003,0.47739,0.0,0.0,0.0,0.0
2018-08-13 10:00:00,2018-08-13 11:00,1.76078,0.0,1.24628,0.003,0.5115,0.0,0.0,0.0,0.0
2018-08-13 11:00:00,2018-08-13 12:00,1.90779,0.0,1.40051,0.003,0.50428,0.0,0.0,0.0,0.0
2018-08-13 12:00:00,2018-08-13 13:00,2.29273,0.0,1.53486,0.23283,0.52504,0.0,0.0,0.0,0.0
2018-08-13 13:00:00,2018-08-13 14:00,2.42721,0.0,1.57308,0.32541,0.52872,0.0,0.0,0.0,0.0
2018-08-13 14:00:00,2018-08-13 15:00,2.12081,0.0,1.58683,0.003,0.53098,0.0,0.0,0.0,0.0
2018-08-13 15:00:00,2018-08-13 16:00,2.1332,0.0,1.58743,0.003,0.54277,0.0,0.0,0.0,0.0
2018-08-13 16:00:00,2018-08-13 17:00,2.55485,0.0,1.57892,0.40311,0.57282,0.0,0.0,0.0,0.0
2018-08-13 17:00:00,2018-08-13 18:00,2.29332,0.0,1.56294,0.003,0.72738,0.02622,0.0,0.0,0.02622
2018-08-13 18:00:00,2018-08-13 19:00,2.38772,0.0,1.53806,0.003,0.84666,0.0,0.0,0.0,0.0
2018-08-13 19:00:00,2018-08-13 20:00,2.71223,0.0,1.49829,0.003,1.21094,0.02622,0.0,0.0,0.02622
2018-08-13 20:00:00,2018-08-13 21:00,3.99668,0.0,1.45571,0.31762,2.22335,0.0,0.0,0.0,0.0
2018-08-13 21:00:00,2018-08-13 22:00,2.45888,0.0,1.41432,0.003,1.04156,0.0,0.0,0.0,0.0
2018-08-13 22:00:00,2018-08-13 23:00,2.10189,0.0,1.39723,0.003,0.70166,0.0,0.0,0.0,0.0
2018-08-13 23:00:00,2018-08-14 00:00,1.87246,0.0,1.38637,0.003,0.48309,0.0,0.0,0.0,0.0
2018-08-14 00:00:00,2018-08-14 01:00,1.83739,0.0,1.36336,0.003,0.47103,0.0,0.0,0.0,0.0
2018-08-14 01:00:00,2018-08-14 02:00,1.81374,0.0,1.34458,0.003,0.46616,0.0,0.0,0.0,0.0
2018-08-14 02:00:00,2018-08-14 03:00,1.66075,0.0,1.19796,0.003,0.45979,0.0,0.0,0.0,0.0
2018-08-14 03:00:00,2018-08-14 04:00,1.88356,0.0,1.11932,0.30662,0.45762,0.0,0.0,0.0,0.0
2018-08-14 04:00:00,2018-08-14 05:00,1.481,0.0,1.02614,0.003,0.45186,0.0,0.0,0.0,0.0
2018-08-14 05:00:00,2018-08-14 06:00,1.64734,0.0,0.95517,0.23214,0.46003,0.0,0.0,0.0,0.0
2018-08-14 06:00:00,2018-08-14 07:00,1.78933,0.0,0.9392,0.29962,0.55051,0.0,0.0,0.0,0.0
2018-08-14 07:00:00,2018-08-14 08:00,1.91659,0.0,0.95651,0.003,0.95708,0.0,0.0,0.0,0.0
2018-08-14 08:00:00,2018-08-14 09:00,3.36304,0.0,1.07609,0.45902,1.82793,0.0,0.0,0.0,0.0
2018-08-14 09:00:00,2018-08-14 10:00,1.81523,0.0,1.06078,0.18786,0.56659,0.0,0.0,0.0,0.0
2018-08-14 10:00:00,2018-08-14 11:00,1.6431,0.0,1.15016,0.003,0.48994,0.0,0.0,0.0,0.0
2018-08-14 11:00:00,2018-08-14 12:00,1.76356,0.0,1.29244,0.003,0.46812,0.0,0.0,0.0,0.0
2018-08-14 12:00:00,2018-08-14 13:00,1.79998,0.0,1.32053,0.003,0.47645,0.0,0.0,0.0,0.0
2018-08-14 13:00:00,2018-08-14 14:00,1.81263,0.0,1.33236,0.003,0.47727,0.0,0.0,0.0,0.0
2018-08-14 14:00:00,2018-08-14 15:00,1.92123,0.0,1.44098,0.003,0.47725,0.0,0.0,0.0,0.0
2018-08-14 15:00:00,2018-08-14 16:00,1.99081,0.0,1.51269,0.003,0.47512,0.0,0.0,0.0,0.0
2018-08-14 16:00:00,2018-08-14 17:00,2.12852,0.0,1.51964,0.003,0.60588,0.01124,0.0,0.0,0.01124
2018-08-14 17:00:00,2018-08-14 18:00,2.23627,0.0,1.48303,0.003,0.75024,0.06933,0.0,0.0,0.06933
2018-08-14 18:00:00,2018-08-14 19:00,2.52832,0.0,1.44474,0.31151,0.77207,0.0,0.0,0.0,0.0
2018-08-14 19:00:00,2018-08-14 20:00,2.40628,0.0,1.4248,0.003,0.97848,0.02622,0.0,0.0,0.02622
2018-08-14 20:00:00,2018-08-14 21:00,2.63355,0.0,1.40302,0.003,1.22753,0.02622,0.0,0.0,0.02622
2018-08-14 21:00:00,2018-08-14 22:00,2.41114,0.0,1.38349,0.003,1.02465,0.0,0.0,0.0,0.0
2018-08-14 22:00:00,2018-08-14 23:00,2.08526,0.0,1.36834,0.003,0.71392,0.0,0.0,0.0,0.0
2018-08-14 23:00:00,2018-08-15 00:00,1.70347,0.0,1.22437,0.003,0.4761,0.0,0.0,0.0,0.0
2018-08-15 00:00:00,2018-08-15 01:00,1.66831,0.0,1.08082,0.11724,0.47025,0.0,0.0,0.0,0.0
2018-08-15 01:00:00,2018-08-15 02:00,1.64466,0.0,0.99227,0.18656,0.46583,0.0,0.0,0.0,0.0
2018-08-15 02:00:00,2018-08-15 03:00,1.37555,0.0,0.91276,0.003,0.45979,0.0,0.0,0.0,0.0
2018-08-15 03:00:00,2018-08-15 04:00,1.30655,0.0,0.84661,0.003,0.45694,0.0,0.0,0.0,0.0
2018-08-15 04:00:00,2018-08-15 05:00,1.24935,0.0,0.80146,0.003,0.44489,0.0,0.0,0.0,0.0
2018-08-15 05:00:00,2018-08-15 06:00,1.5113,0.0,0.72687,0.003,0.78143,0.0,0.0,0.0,0.0
2018-08-15 06:00:00,2018-08-15 07:00,3.91546,0.0,0.73581,0.46945,2.7102,0.01124,0.0,0.0,0.01124
2018-08-15 07:00:00,2018-08-15 08:00,1.56965,0.0,0.89606,0.03474,0.63885,0.04123,0.0,0.0,0.04123
2018-08-15 08:00:00,2018-08-15 09:00,1.74365,0.0,0.82928,0.34771,0.56666,0.0,0.0,0.0,0.0
2018-08-15 09:00:00,2018-08-15 10:00,1.71004,0.0,0.90382,0.26783,0.53839,0.0,0.0,0.0,0.0
2018-08-15 10:00:00,2018-08-15 11:00,1.48095,0.0,1.00712,0.003,0.47083,0.0,0.0,0.0,0.0
2018-08-15 11:00:00,2018-08-15 12:00,1.65798,0.0,1.14314,0.003,0.51184,0.01124,0.0,0.0,0.01124
2018-08-15 12:00:00,2018-08-15 13:00,2.41271,0.0,1.42068,0.003,0.98903,0.04123,0.0,0.0,0.04123
2018-08-15 13:00:00,2018-08-15 14:00,3.68599,0.0,1.48333,0.003,2.19966,0.0,0.0,0.0,0.0
2018-08-15 14:00:00,2018-08-15 15:00,1.98896,0.0,1.50864,0.003,0.47732,0.0,0.0,0.0,0.0
2018-08-15 15:00:00,2018-08-15 16:00,1.99826,0.0,1.52006,0.003,0.4752,0.0,0.0,0.0,0.0
2018-08-15 16:00:00,2018-08-15 17:00,2.03826,0.0,1.52015,0.003,0.51511,0.0,0.0,0.0,0.0
2018-08-15 17:00:00,2018-08-15 18:00,2.53453,0.0,1.50979,0.35691,0.66783,0.0,0.0,0.0,0.0
2018-08-15 18:00:00,2018-08-15 19:00,2.26985,0.0,1.49495,0.003,0.7719,0.0,0.0,0.0,0.0
2018-08-15 19:00:00,2018-08-15 20:00,2.31821,0.0,1.45268,0.003,0.86253,0.0,0.0,0.0,0.0
2018-08-15 20:00:00,2018-08-15 21:00,2.84172,0.0,1.40388,0.34746,1.09038,0.02622,0.0,0.0,0.02622
2018-08-15 21:00:00,2018-08-15 22:00,3.50805,0.0,1.3788,0.0667,2.06255,0.0,0.0,0.0,0.0
2018-08-15 22:00:00,2018-08-15 23:00,2.78169,0.0,1.35007,0.003,1.42862,0.0,0.0,0.0,0.0
2018-08-15 23:00:00,2018-08-16 00:00,2.09235,0.0,1.23717,0.34236,0.51282,0.0,0.0,0.0,0.0
2018-08-16 00:00:00,2018-08-16 01:00,1.76386,0.0,1.09004,0.19601,0.47781,0.0,0.0,0.0,0.0
2018-08-16 01:00:00,2018-08-16 02:00,1.48628,0.0,1.01746,0.003,0.46582,0.0,0.0,0.0,0.0
2018-08-16 02:00:00,2018-08-16 03:00,1.4128,0.0,0.95002,0.003,0.45978,0.0,0.0,0.0,0.0
2018-08-16 03:00:00,2018-08-16 04:00,1.33704,0.0,0.87641,0.003,0.45763,0.0,0.0,0.0,0.0
2018-08-16 04:00:00,2018-08-16 05:00,1.27997,0.0,0.82511,0.003,0.45186,0.0,0.0,0.0,0.0
2018-08-16 05:00:00,2018-08-16 06:00,1.44373,0.0,0.9311,0.003,0.50963,0.05247,0.0,0.0,0.05247
2018-08-16 06:00:00,2018-08-16 07:00,1.74977,0.0,0.77712,0.44393,0.52872,0.0,0.0,0.0,0.0
2018-08-16 07:00:00,2018-08-16 08:00,1.37957,0.0,0.78341,0.003,0.59316,0.0,0.0,0.0,0.0
2018-08-16 08:00:00,2018-08-16 09:00,1.74945,0.0,0.80844,0.44124,0.49977,0.0,0.0,0.0,0.0
2018-08-16 09:00:00,2018-08-16 10:00,1.39675,0.0,0.91635,0.003,0.4774,0.0,0.0,0.0,0.0
2018-08-16 10:00:00,2018-08-16 11:00,1.51579,0.0,1.04196,0.003,0.47083,0.0,0.0,0.0,0.0
2018-08-16 11:00:00,2018-08-16 12:00,1.64998,0.0,1.17887,0.003,0.46811,0.0,0.0,0.0,0.0
2018-08-16 12:00:00,2018-08-16 13:00,1.78433,0.0,1.30488,0.003,0.47645,0.0,0.0,0.0,0.0
2018-08-16 13:00:00,2018-08-16 14:00,1.82626,0.0,1.34601,0.003,0.47725,0.0,0.0,0.0,0.0
2018-08-16 14:00:00,2018-08-16 15:00,1.74898,0.0,1.25569,0.003,0.49029,0.0,0.0,0.0,0.0
2018-08-16 15:00:00,2018-08-16 16:00,1.78522,0.0,1.27779,0.003,0.50443,0.0,0.0,0.0,0.0
2018-08-16 16:00:00,2018-08-16 17:00,2.11929,0.0,1.36405,0.23178,0.52346,0.0,0.0,0.0,0.0
2018-08-16 17:00:00,2018-08-16 18:00,2.61162,0.0,1.42726,0.46482,0.71954,0.03935,0.0,0.0,0.03935
2018-08-16 18:00:00,2018-08-16 19:00,2.26712,0.0,1.40908,0.003,0.85504,0.04123,0.0,0.0,0.04123
2018-08-16 19:00:00,2018-08-16 20:00,2.34062,0.0,1.38157,0.003,0.95605,0.0,0.0,0.0,0.0
2018-08-16 20:00:00,2018-08-16 21:00,2.51106,0.0,1.3783,0.003,1.12976,0.0,0.0,0.0,0.0
2018-08-16 21:00:00,2018-08-16 22:00,2.33505,0.0,1.31953,0.003,1.01252,0.0,0.0,0.0,0.0
2018-08-16 22:00:00,2018-08-16 23:00,1.87298,0.0,1.16573,0.003,0.70425,0.0,0.0,0.0,0.0
2018-08-16 23:00:00,2018-08-17 00:00,1.83312,0.0,1.05282,0.23163,0.54867,0.0,0.0,0.0,0.0
2018-08-17 00:00:00,2018-08-17 01:00,1.5313,0.0,0.96323,0.09049,0.47758,0.0,0.0,0.0,0.0
2018-08-17 01:00:00,2018-08-17 02:00,1.35793,0.0,0.88952,0.003,0.46541,0.0,0.0,0.0,0.0
2018-08-17 02:00:00,2018-08-17 03:00,1.30079,0.0,0.838,0.003,0.45979,0.0,0.0,0.0,0.0
2018-08-17 03:00:00,2018-08-17 04:00,1.24893,0.0,0.79262,0.003,0.45331,0.0,0.0,0.0,0.0
2018-08-17 04:00:00,2018-08-17 05:00,1.20132,0.0,0.74646,0.003,0.45186,0.0,0.0,0.0,0.0
2018-08-17 05:00:00,2018-08-17 06:00,1.39951,0.0,0.70432,0.23234,0.46285,0.0,0.0,0.0,0.0
2018-08-17 06:00:00,2018-08-17 07:00,1.57039,0.0,0.67943,0.29189,0.59907,0.0,0.0,0.0,0.0
2018-08-17 07:00:00,2018-08-17 08:00,1.50561,0.0,0.68735,0.22915,0.58911,0.0,0.0,0.0,0.0
2018-08-17 08:00:00,2018-08-17 09:00,1.39413,0.0,0.72336,0.12041,0.55036,0.0,0.0,0.0,0.0
2018-08-17 09:00:00,2018-08-17 10:00,1.37422,0.0,0.85154,0.003,0.51968,0.0,0.0,0.0,0.0
2018-08-17 10:00:00,2018-08-17 11:00,1.71658,0.0,0.98937,0.22771,0.4995,0.0,0.0,0.0,0.0
2018-08-17 11:00:00,2018-08-17 12:00,1.7372,0.0,1.07028,0.15033,0.51659,0.0,0.0,0.0,0.0
2018-08-17 12:00:00,2018-08-17 13:00,1.62308,0.0,1.12434,0.003,0.49574,0.0,0.0,0.0,0.0
2018-08-17 13:00:00,2018-08-17 14:00,1.63727,0.0,1.15183,0.003,0.48244,0.0,0.0,0.0,0.0
2018-08-17 14:00:00,2018-08-17 15:00,1.77053,0.0,1.23712,0.003,0.53041,0.0,0.0,0.0,0.0
2018-08-17 15:00:00,2018-08-17 16:00,2.18807,0.0,1.37338,0.22838,0.58631,0.0,0.0,0.0,0.0
2018-08-17 16:00:00,2018-08-17 17:00,2.2817,0.0,1.45677,0.18004,0.64489,0.01124,0.0,0.0,0.01124
2018-08-17 17:00:00,2018-08-17 18:00,2.27517,0.0,1.45727,0.003,0.8149,0.08058,0.0,0.0,0.08058
2018-08-17 18:00:00,2018-08-17 19:00,2.55953,0.0,1.44492,0.11601,0.9986,0.11242,0.0,0.0,0.11242
2018-08-17 19:00:00,2018-08-17 20:00,2.7606,0.0,1.41621,0.23214,1.11225,0.06557,0.0,0.0,0.06557
2018-08-17 20:00:00,2018-08-17 21:00,3.41481,0.0,1.38169,0.003,2.03012,0.0,0.0,0.0,0.0
2018-08-17 21:00:00,2018-08-17 22:00,4.03314,0.0,1.33923,0.003,2.69091,0.0,0.0,0.0,0.0
2018-08-17 22:00:00,2018-08-17 23:00,2.04635,0.0,1.31254,0.003,0.73081,0.02622,0.0,0.0,0.02622
2018-08-17 23:00:00,2018-08-18 00:00,1.6596,0.0,1.10653,0.003,0.55007,0.0,0.0,0.0,0.0
2018-08-18 00:00:00,2018-08-18 01:00,1.71564,0.0,0.99355,0.23191,0.49018,0.0,0.0,0.0,0.0
2018-08-18 01:00:00,2018-08-18 02:00,1.5511,0.0,0.90221,0.18519,0.4637,0.0,0.0,0.0,0.0
2018-08-18 02:00:00,2018-08-18 03:00,1.2775,0.0,0.82014,0.003,0.45436,0.0,0.0,0.0,0.0
2018-08-18 03:00:00,2018-08-18 04:00,1.22282,0.0,0.76165,0.003,0.45817,0.0,0.0,0.0,0.0
2018-08-18 04:00:00,2018-08-18 05:00,1.15914,0.0,0.71001,0.003,0.44613,0.0,0.0,0.0,0.0
2018-08-18 05:00:00,2018-08-18 06:00,1.5677,0.0,0.65928,0.45157,0.45685,0.0,0.0,0.0,0.0
2018-08-18 06:00:00,2018-08-18 07:00,1.37967,0.0,0.67656,0.1526,0.55051,0.02622,0.0,0.0,0.02622
2018-08-18 07:00:00,2018-08-18 08:00,1.25045,0.0,0.66707,0.003,0.58038,0.0,0.0,0.0,0.0
2018-08-18 08:00:00,2018-08-18 09:00,1.2802,0.0,0.68975,0.003,0.58745,0.0,0.0,0.0,0.0
2018-08-18 09:00:00,2018-08-18 10:00,1.76542,0.0,0.76956,0.34266,0.6532,0.0,0.0,0.0,0.0
2018-08-18 10:00:00,2018-08-18 11:00,1.68646,0.0,0.89182,0.13605,0.65859,0.0,0.0,0.0,0.0
2018-08-18 11:00:00,2018-08-18 12:00,1.69464,0.0,1.03067,0.003,0.66097,0.0,0.0,0.0,0.0
2018-08-18 12:00:00,2018-08-18 13:00,1.92287,0.0,1.18799,0.003,0.73188,0.0,0.0,0.0,0.0
2018-08-18 13:00:00,2018-08-18 14:00,2.22353,0.0,1.33836,0.11479,0.77038,0.0,0.0,0.0,0.0
2018-08-18 14:00:00,2018-08-18 15:00,2.55841,0.0,1.45931,0.27813,0.82097,0.0,0.0,0.0,0.0
2018-08-18 15:00:00,2018-08-18 16:00,3.33088,0.0,1.49491,0.003,1.83297,0.0,0.0,0.0,0.0
2018-08-18 16:00:00,2018-08-18 17:00,2.47637,0.0,1.48681,0.11587,0.87369,0.0,0.0,0.0,0.0
2018-08-18 17:00:00,2018-08-18 18:00,2.58633,0.0,1.47097,0.22841,0.88695,0.0,0.0,0.0,0.0
2018-08-18 18:00:00,2018-08-18 19:00,2.34169,0.0,1.44597,0.003,0.89272,0.0,0.0,0.0,0.0
2018-08-18 19:00:00,2018-08-18 20:00,2.48737,0.0,1.40007,0.003,1.0843,0.09556,0.0,0.0,0.09556
2018-08-18 20:00:00,2018-08-18 21:00,2.48087,0.0,1.36589,0.003,1.11198,0.11242,0.0,0.0,0.11242
2018-08-18 21:00:00,2018-08-18 22:00,2.20387,0.0,1.33273,0.003,0.86814,0.0075,0.0,0.0,0.0075
2018-08-18 22:00:00,2018-08-18 23:00,2.0085,0.0,1.28948,0.003,0.71602,0.0,0.0,0.0,0.0
2018-08-18 23:00:00,2018-08-19 00:00,1.56814,0.0,1.06399,0.003,0.50115,0.0,0.0,0.0,0.0
2018-08-19 00:00:00,2018-08-19 01:00,1.42789,0.0,0.95339,0.003,0.4715,0.0,0.0,0.0,0.0
2018-08-19 01:00:00,2018-08-19 02:00,1.59633,0.0,0.89521,0.23404,0.46708,0.0,0.0,0.0,0.0
2018-08-19 02:00:00,2018-08-19 03:00,1.36056,0.0,0.82967,0.06985,0.46104,0.0,0.0,0.0,0.0
2018-08-19 03:00:00,2018-08-19 04:00,1.22898,0.0,0.76711,0.003,0.45887,0.0,0.0,0.0,0.0
2018-08-19 04:00:00,2018-08-19 05:00,1.18159,0.0,0.72586,0.003,0.45273,0.0,0.0,0.0,0.0
2018-08-19 05:00:00,2018-08-19 06:00,1.14119,0.0,0.68574,0.003,0.45245,0.0,0.0,0.0,0.0
2018-08-19 06:00:00,2018-08-19 07:00,1.15829,0.0,0.6593,0.003,0.49599,0.0,0.0,0.0,0.0
2018-08-19 07:00:00,2018-08-19 08:00,1.17533,0.0,0.67829,0.003,0.49404,0.0,0.0,0.0,0.0
2018-08-19 08:00:00,2018-08-19 09:00,1.70971,0.0,0.78926,0.3335,0.58695,0.02622,0.0,0.0,0.02622
2018-08-19 09:00:00,2018-08-19 10:00,1.41871,0.0,0.81465,0.003,0.60106,0.0,0.0,0.0,0.0
2018-08-19 10:00:00,2018-08-19 11:00,1.74746,0.0,0.97313,0.11574,0.65859,0.0,0.0,0.0,0.0
2018-08-19 11:00:00,2018-08-19 12:00,2.27142,0.0,1.09034,0.45899,0.72209,0.0,0.0,0.0,0.0
2018-08-19 12:00:00,2018-08-19 13:00,3.36644,0.0,1.25134,0.4716,1.6435,0.0,0.0,0.0,0.0
2018-08-19 13:00:00,2018-08-19 14:00,3.96406,0.0,1.46374,0.07935,2.42097,0.0,0.0,0.0,0.0
2018-08-19 14:00:00,2018-08-19 15:00,2.27043,0.0,1.46928,0.003,0.79815,0.0,0.0,0.0,0.0
2018-08-19 15:00:00,2018-08-19 16:00,2.77703,0.0,1.49181,0.45533,0.82989,0.0,0.0,0.0,0.0
2018-08-19 16:00:00,2018-08-19 17:00,2.46839,0.0,1.49812,0.09667,0.8736,0.0,0.0,0.0,0.0
2018-08-19 17:00:00,2018-08-19 18:00,2.40767,0.0,1.47959,0.003,0.92508,0.0,0.0,0.0,0.0
2018-08-19 18:00:00,2018-08-19 19:00,2.50267,0.0,1.45064,0.003,1.04903,0.0,0.0,0.0,0.0
2018-08-19 19:00:00,2018-08-19 20:00,2.67881,0.0,1.43361,0.003,1.2422,0.09556,0.0,0.0,0.09556
2018-08-19 20:00:00,2018-08-19 21:00,2.93229,0.0,1.41423,0.22966,1.2884,0.03935,0.0,0.0,0.03935
2018-08-19 21:00:00,2018-08-19 22:00,2.72566,0.0,1.40278,0.19902,1.12386,0.01124,0.0,0.0,0.01124
2018-08-19 22:00:00,2018-08-19 23:00,2.23045,0.0,1.39367,0.003,0.83378,0.06933,0.0,0.0,0.06933
2018-08-19 23:00:00,2018-08-20 00:00,1.90411,0.0,1.37779,0.003,0.52332,0.0,0.0,0.0,0.0
2018-08-20 00:00:00,2018-08-20 01:00,1.62973,0.0,1.15646,0.003,0.47027,0.0,0.0,0.0,0.0
2018-08-20 01:00:00,2018-08-20 02:00,1.49956,0.0,1.03072,0.003,0.46584,0.0,0.0,0.0,0.0
2018-08-20 02:00:00,2018-08-20 03:00,1.43469,0.0,0.97189,0.003,0.4598,0.0,0.0,0.0,0.0
2018-08-20 03:00:00,2018-08-20 04:00,1.36792,0.0,0.90796,0.003,0.45696,0.0,0.0,0.0,0.0
2018-08-20 04:00:00,2018-08-20 05:00,1.74238,0.0,0.8479,0.44595,0.44853,0.0,0.0,0.0,0.0
2018-08-20 05:00:00,2018-08-20 06:00,1.26006,0.0,0.80304,0.003,0.45402,0.0,0.0,0.0,0.0
2018-08-20 06:00:00,2018-08-20 07:00,1.33187,0.0,0.80013,0.003,0.52874,0.0,0.0,0.0,0.0
2018-08-20 07:00:00,2018-08-20 08:00,1.29763,0.0,0.75856,0.003,0.53607,0.0,0.0,0.0,0.0
2018-08-20 08:00:00,2018-08-20 09:00,1.52451,0.0,0.75865,0.22908,0.53678,0.0,0.0,0.0,0.0
2018-08-20 09:00:00,2018-08-20 10:00,1.71194,0.0,0.79148,0.34904,0.57142,0.0,0.0,0.0,0.0
2018-08-20 10:00:00,2018-08-20 11:00,1.49673,0.0,0.81502,0.11503,0.56668,0.0,0.0,0.0,0.0
2018-08-20 11:00:00,2018-08-20 12:00,1.77583,0.0,0.83198,0.42505,0.5188,0.0,0.0,0.0,0.0
2018-08-20 12:00:00,2018-08-20 13:00,1.37185,0.0,0.86324,0.003,0.50561,0.0,0.0,0.0,0.0
2018-08-20 13:00:00,2018-08-20 14:00,1.40052,0.0,0.87435,0.003,0.52317,0.0,0.0,0.0,0.0
2018-08-20 14:00:00,2018-08-20 15:00,1.3715,0.0,0.89124,0.003,0.47726,0.0,0.0,0.0,0.0
2018-08-20 15:00:00,2018-08-20 16:00,1.58332,0.0,0.96539,0.11397,0.50396,0.0,0.0,0.0,0.0
2018-08-20 16:00:00,2018-08-20 17:00,1.90407,0.0,1.02074,0.31151,0.57182,0.0,0.0,0.0,0.0
2018-08-20 17:00:00,2018-08-20 18:00,1.85246,0.0,1.15602,0.003,0.69344,0.02622,0.0,0.0,0.02622
2018-08-20 18:00:00,2018-08-20 19:00,1.77608,0.0,1.002,0.003,0.77108,0.0,0.0,0.0,0.0
2018-08-20 19:00:00,2018-08-20 20:00,1.82365,0.0,0.92275,0.003,0.8979,0.0,0.0,0.0,0.0
2018-08-20 20:00:00,2018-08-20 21:00,2.78595,0.0,0.91099,0.4033,1.47166,0.0,0.0,0.0,0.0
2018-08-20 21:00:00,2018-08-20 22:00,4.0074,0.0,0.88414,0.003,3.12026,0.0,0.0,0.0,0.0
2018-08-20 22:00:00,2018-08-20 23:00,2.54295,0.0,0.79929,0.003,1.74066,0.0,0.0,0.0,0.0
2018-08-20 23:00:00,2018-08-21 00:00,1.20589,0.0,0.72093,0.003,0.48196,0.0,0.0,0.0,0.0
2018-08-21 00:00:00,2018-08-21 01:00,1.14712,0.0,0.67385,0.003,0.47027,0.0,0.0,0.0,0.0
2018-08-21 01:00:00,2018-08-21 02:00,1.10481,0.0,0.63597,0.003,0.46584,0.0,0.0,0.0,0.0
2018-08-21 02:00:00,2018-08-21 03:00,1.07021,0.0,0.60743,0.003,0.45978,0.0,0.0,0.0,0.0
2018-08-21 03:00:00,2018-08-21 04:00,1.03716,0.0,0.57652,0.003,0.45764,0.0,0.0,0.0,0.0
2018-08-21 04:00:00,2018-08-21 05:00,0.98484,0.0,0.53036,0.003,0.45148,0.0,0.0,0.0,0.0
2018-08-21 05:00:00,2018-08-21 06:00,0.97773,0.0,0.51891,0.003,0.45582,0.0,0.0,0.0,0.0
2018-08-21 06:00:00,2018-08-21 07:00,1.43536,0.0,0.52768,0.34603,0.56165,0.01124,0.0,0.0,0.01124
2018-08-21 07:00:00,2018-08-21 08:00,1.22727,0.0,0.6259,0.003,0.59837,0.04123,0.0,0.0,0.04123
2018-08-21 08:00:00,2018-08-21 09:00,1.25622,0.0,0.5046,0.23089,0.52073,0.0,0.0,0.0,0.0
2018-08-21 09:00:00,2018-08-21 10:00,1.27359,0.0,0.52611,0.22297,0.52451,0.0,0.0,0.0,0.0
2018-08-21 10:00:00,2018-08-21 11:00,1.12373,0.0,0.56622,0.003,0.55451,0.0,0.0,0.0,0.0
2018-08-21 11:00:00,2018-08-21 12:00,1.02136,0.0,0.54305,0.003,0.47531,0.0,0.0,0.0,0.0
2018-08-21 12:00:00,2018-08-21 13:00,1.38386,0.0,0.57901,0.32839,0.47646,0.0,0.0,0.0,0.0
2018-08-21 13:00:00,2018-08-21 14:00,1.09355,0.0,0.61327,0.003,0.47728,0.0,0.0,0.0,0.0
2018-08-21 14:00:00,2018-08-21 15:00,1.19035,0.0,0.69708,0.003,0.49027,0.0,0.0,0.0,0.0
2018-08-21 15:00:00,2018-08-21 16:00,1.24601,0.0,0.76789,0.003,0.47512,0.0,0.0,0.0,0.0
2018-08-21 16:00:00,2018-08-21 17:00,1.29986,0.0,0.782,0.003,0.51486,0.0,0.0,0.0,0.0
2018-08-21 17:00:00,2018-08-21 18:00,1.75482,0.0,0.85602,0.23159,0.66721,0.0,0.0,0.0,0.0
2018-08-21 18:00:00,2018-08-21 19:00,1.76157,0.0,0.85432,0.13617,0.77108,0.0,0.0,0.0,0.0
2018-08-21 19:00:00,2018-08-21 20:00,1.74929,0.0,0.8123,0.003,0.93399,0.0,0.0,0.0,0.0
2018-08-21 20:00:00,2018-08-21 21:00,2.00358,0.0,0.80846,0.003,1.19212,0.0,0.0,0.0,0.0
2018-08-21 21:00:00,2018-08-21 22:00,2.19481,0.0,0.76681,0.22939,1.19861,0.0,0.0,0.0,0.0
2018-08-21 22:00:00,2018-08-21 23:00,1.82114,0.0,0.65783,0.25283,0.91048,0.0,0.0,0.0,0.0
2018-08-21 23:00:00,2018-08-22 00:00,1.11072,0.0,0.55817,0.003,0.54955,0.0,0.0,0.0,0.0
2018-08-22 00:00:00,2018-08-22 01:00,0.94811,0.0,0.46618,0.003,0.47893,0.0,0.0,0.0,0.0
2018-08-22 01:00:00,2018-08-22 02:00,0.89854,0.0,0.43079,0.003,0.46475,0.0,0.0,0.0,0.0
2018-08-22 02:00:00,2018-08-22 03:00,0.82971,0.0,0.36692,0.003,0.45979,0.0,0.0,0.0,0.0
2018-08-22 03:00:00,2018-08-22 04:00,0.91448,0.0,0.34058,0.11696,0.45694,0.0,0.0,0.0,0.0
2018-08-22 04:00:00,2018-08-22 05:00,1.08189,0.0,0.32458,0.312,0.44531,0.0,0.0,0.0,0.0
2018-08-22 05:00:00,2018-08-22 06:00,0.70843,0.0,0.25206,0.003,0.45337,0.0,0.0,0.0,0.0
2018-08-22 06:00:00,2018-08-22 07:00,0.91459,0.0,0.15413,0.22479,0.53567,0.01124,0.0,0.0,0.01124
2018-08-22 07:00:00,2018-08-22 08:00,1.17088,0.0,0.25372,0.31945,0.59771,0.01498,0.0,0.0,0.01498
2018-08-22 08:00:00,2018-08-22 09:00,0.85843,0.0,0.31649,0.003,0.53894,0.0,0.0,0.0,0.0
2018-08-22 09:00:00,2018-08-22 10:00,1.20731,0.0,0.45309,0.22975,0.52447,0.0,0.0,0.0,0.0
2018-08-22 10:00:00,2018-08-22 11:00,1.37181,0.0,0.59004,0.21143,0.57034,0.0,0.0,0.0,0.0
2018-08-22 11:00:00,2018-08-22 12:00,2.73213,0.0,0.78129,0.003,1.94784,0.0,0.0,0.0,0.0
2018-08-22 12:00:00,2018-08-22 13:00,1.90099,0.0,0.84705,0.36596,0.68798,0.0,0.0,0.0,0.0
2018-08-22 13:00:00,2018-08-22 14:00,1.44884,0.0,0.91735,0.003,0.52849,0.0,0.0,0.0,0.0
2018-08-22 14:00:00,2018-08-22 15:00,1.57461,0.0,1.0412,0.003,0.53041,0.0,0.0,0.0,0.0
2018-08-22 15:00:00,2018-08-22 16:00,1.66538,0.0,1.1203,0.003,0.54208,0.0,0.0,0.0,0.0
2018-08-22 16:00:00,2018-08-22 17:00,2.27271,0.0,1.21499,0.45957,0.59815,0.0,0.0,0.0,0.0
2018-08-22 17:00:00,2018-08-22 18:00,1.96268,0.0,1.21618,0.06634,0.68016,0.0,0.0,0.0,0.0
2018-08-22 18:00:00,2018-08-22 19:00,3.36782,0.0,1.24494,0.003,2.11988,0.0,0.0,0.0,0.0
2018-08-22 19:00:00,2018-08-22 20:00,2.61758,0.0,1.07081,0.003,1.54377,0.0,0.0,0.0,0.0
2018-08-22 20:00:00,2018-08-22 21:00,2.17792,0.0,0.98279,0.003,1.19213,0.0,0.0,0.0,0.0
2018-08-22 21:00:00,2018-08-22 22:00,2.37659,0.0,0.89641,0.3383,1.14188,0.0,0.0,0.0,0.0
2018-08-22 22:00:00,2018-08-22 23:00,1.74644,0.0,0.7632,0.26569,0.71755,0.0,0.0,0.0,0.0
2018-08-22 23:00:00,2018-08-23 00:00,1.1386,0.0,0.65367,0.003,0.48193,0.0,0.0,0.0,0.0
2018-08-23 00:00:00,2018-08-23 01:00,1.09153,0.0,0.61828,0.003,0.47025,0.0,0.0,0.0,0.0
2018-08-23 01:00:00,2018-08-23 02:00,1.03354,0.0,0.56472,0.003,0.46582,0.0,0.0,0.0,0.0
2018-08-23 02:00:00,2018-08-23 03:00,0.96387,0.0,0.5011,0.003,0.45977,0.0,0.0,0.0,0.0
2018-08-23 03:00:00,2018-08-23 04:00,0.91892,0.0,0.4583,0.003,0.45762,0.0,0.0,0.0,0.0
2018-08-23 04:00:00,2018-08-23 05:00,0.87598,0.0,0.42112,0.003,0.45186,0.0,0.0,0.0,0.0
2018-08-23 05:00:00,2018-08-23 06:00,1.06841,0.0,0.37946,0.2318,0.45715,0.0,0.0,0.0,0.0
2018-08-23 06:00:00,2018-08-23 07:00,1.05102,0.0,0.30799,0.23278,0.51025,0.0,0.0,0.0,0.0
2018-08-23 07:00:00,2018-08-23 08:00,1.12039,0.0,0.36425,0.22639,0.52975,0.0,0.0,0.0,0.0
2018-08-23 08:00:00,2018-08-23 09:00,1.27834,0.0,0.41916,0.33845,0.52073,0.0,0.0,0.0,0.0
2018-08-23 09:00:00,2018-08-23 10:00,1.0185,0.0,0.50757,0.003,0.50793,0.0,0.0,0.0,0.0
2018-08-23 10:00:00,2018-08-23 11:00,1.08547,0.0,0.61166,0.003,0.47081,0.0,0.0,0.0,0.0
2018-08-23 11:00:00,2018-08-23 12:00,1.19615,0.0,0.72504,0.003,0.46811,0.0,0.0,0.0,0.0
2018-08-23 12:00:00,2018-08-23 13:00,1.31945,0.0,0.84,0.003,0.47645,0.0,0.0,0.0,0.0
2018-08-23 13:00:00,2018-08-23 14:00,1.41666,0.0,0.93639,0.003,0.47727,0.0,0.0,0.0,0.0
2018-08-23 14:00:00,2018-08-23 15:00,1.4872,0.0,1.00695,0.003,0.47725,0.0,0.0,0.0,0.0
2018-08-23 15:00:00,2018-08-23 16:00,1.52883,0.0,1.05071,0.003,0.47512,0.0,0.0,0.0,0.0
2018-08-23 16:00:00,2018-08-23 17:00,1.53369,0.0,1.04206,0.003,0.48863,0.0,0.0,0.0,0.0
2018-08-23 17:00:00,2018-08-23 18:00,1.5967,0.0,0.9638,0.11787,0.51503,0.0,0.0,0.0,0.0
2018-08-23 18:00:00,2018-08-23 19:00,1.90041,0.0,0.97516,0.22545,0.6998,0.0,0.0,0.0,0.0
2018-08-23 19:00:00,2018-08-23 20:00,2.25915,0.0,1.16502,0.003,1.09113,0.06745,0.0,0.0,0.06745
2018-08-23 20:00:00,2018-08-23 21:00,2.34046,0.0,1.14176,0.003,1.1957,0.03935,0.0,0.0,0.03935
2018-08-23 21:00:00,2018-08-23 22:00,1.98212,0.0,0.95515,0.003,1.02397,0.0,0.0,0.0,0.0
2018-08-23 22:00:00,2018-08-23 23:00,1.68971,0.0,0.87941,0.003,0.8073,0.0,0.0,0.0,0.0
2018-08-23 23:00:00,2018-08-24 00:00,1.74054,0.0,0.81737,0.39547,0.5277,0.0,0.0,0.0,0.0
2018-08-24 00:00:00,2018-08-24 01:00,1.2284,0.0,0.75513,0.003,0.47027,0.0,0.0,0.0,0.0
2018-08-24 01:00:00,2018-08-24 02:00,1.1587,0.0,0.68988,0.003,0.46582,0.0,0.0,0.0,0.0
2018-08-24 02:00:00,2018-08-24 03:00,1.1044,0.0,0.64163,0.003,0.45977,0.0,0.0,0.0,0.0
2018-08-24 03:00:00,2018-08-24 04:00,1.12085,0.0,0.64967,0.003,0.46818,0.01124,0.0,0.0,0.01124
2018-08-24 04:00:00,2018-08-24 05:00,1.12116,0.0,0.6609,0.003,0.45726,0.01498,0.0,0.0,0.01498
2018-08-24 05:00:00,2018-08-24 06:00,1.60093,0.0,0.58536,0.46931,0.54626,0.0,0.0,0.0,0.0
2018-08-24 06:00:00,2018-08-24 07:00,2.7753,0.0,0.57656,0.21666,1.98208,0.0,0.0,0.0,0.0
2018-08-24 07:00:00,2018-08-24 08:00,2.49465,0.0,0.57664,0.22705,1.69096,0.0,0.0,0.0,0.0
2018-08-24 08:00:00,2018-08-24 09:00,1.28863,0.0,0.53443,0.20385,0.55035,0.0,0.0,0.0,0.0
2018-08-24 09:00:00,2018-08-24 10:00,1.01424,0.0,0.50333,0.003,0.50791,0.0,0.0,0.0,0.0
2018-08-24 10:00:00,2018-08-24 11:00,0.96361,0.0,0.48978,0.003,0.47083,0.0,0.0,0.0,0.0
2018-08-24 11:00:00,2018-08-24 12:00,0.96398,0.0,0.49286,0.003,0.46812,0.0,0.0,0.0,0.0
2018-08-24 12:00:00,2018-08-24 13:00,0.96769,0.0,0.48824,0.003,0.47645,0.0,0.0,0.0,0.0
2018-08-24 13:00:00,2018-08-24 14:00,0.98947,0.0,0.50919,0.003,0.47728,0.0,0.0,0.0,0.0
2018-08-24 14:00:00,2018-08-24 15:00,1.29449,0.0,0.55672,0.22847,0.5093,0.0,0.0,0.0,0.0
2018-08-24 15:00:00,2018-08-24 16:00,2.08968,0.0,0.65824,0.46197,0.96947,0.02622,0.0,0.0,0.02622
2018-08-24 16:00:00,2018-08-24 17:00,2.03695,0.0,0.59872,0.11288,1.32535,0.0,0.0,0.0,0.0
2018-08-24 17:00:00,2018-08-24 18:00,1.34856,0.0,0.59752,0.11577,0.63527,0.0,0.0,0.0,0.0
2018-08-24 18:00:00,2018-08-24 19:00,2.09134,0.0,0.66752,0.46933,0.95449,0.0,0.0,0.0,0.0
2018-08-24 19:00:00,2018-08-24 20:00,1.73209,0.0,0.67409,0.02732,1.03068,0.0,0.0,0.0,0.0
2018-08-24 20:00:00,2018-08-24 21:00,1.89498,0.0,0.67326,0.003,1.21872,0.0,0.0,0.0,0.0
2018-08-24 21:00:00,2018-08-24 22:00,1.99415,0.0,0.66696,0.003,1.32419,0.0,0.0,0.0,0.0
2018-08-24 22:00:00,2018-08-24 23:00,2.12624,0.0,0.58997,0.003,1.53327,0.0,0.0,0.0,0.0
2018-08-24 23:00:00,2018-08-25 00:00,1.49064,0.0,0.53198,0.23137,0.72729,0.0,0.0,0.0,0.0
2018-08-25 00:00:00,2018-08-25 01:00,1.07751,0.0,0.49614,0.10986,0.47151,0.0,0.0,0.0,0.0
2018-08-25 01:00:00,2018-08-25 02:00,0.94548,0.0,0.4754,0.003,0.46708,0.0,0.0,0.0,0.0
2018-08-25 02:00:00,2018-08-25 03:00,0.92478,0.0,0.46074,0.003,0.46104,0.0,0.0,0.0,0.0
2018-08-25 03:00:00,2018-08-25 04:00,0.90589,0.0,0.444,0.003,0.45889,0.0,0.0,0.0,0.0
2018-08-25 04:00:00,2018-08-25 05:00,0.88457,0.0,0.42882,0.003,0.45275,0.0,0.0,0.0,0.0
2018-08-25 05:00:00,2018-08-25 06:00,0.87257,0.0,0.41712,0.003,0.45245,0.0,0.0,0.0,0.0
2018-08-25 06:00:00,2018-08-25 07:00,0.88617,0.0,0.39142,0.003,0.49175,0.0,0.0,0.0,0.0
2018-08-25 07:00:00,2018-08-25 08:00,0.9064,0.0,0.42109,0.003,0.48231,0.0,0.0,0.0,0.0
2018-08-25 08:00:00,2018-08-25 09:00,1.34766,0.0,0.45395,0.23498,0.65873,0.0,0.0,0.0,0.0
2018-08-25 09:00:00,2018-08-25 10:00,1.4212,0.0,0.5721,0.11147,0.73763,0.02622,0.0,0.0,0.02622
2018-08-25 10:00:00,2018-08-25 11:00,1.26734,0.0,0.54341,0.003,0.72093,0.0,0.0,0.0,0.0
2018-08-25 11:00:00,2018-08-25 12:00,1.38982,0.0,0.57202,0.11524,0.70256,0.0,0.0,0.0,0.0
2018-08-25 12:00:00,2018-08-25 13:00,1.66896,0.0,0.61067,0.29563,0.76266,0.0,0.0,0.0,0.0
2018-08-25 13:00:00,2018-08-25 14:00,3.39348,0.0,0.75591,0.003,2.63457,0.0,0.0,0.0,0.0
2018-08-25 14:00:00,2018-08-25 15:00,2.70655,0.0,0.82896,0.003,1.87459,0.0,0.0,0.0,0.0
2018-08-25 15:00:00,2018-08-25 16:00,1.94544,0.0,0.88433,0.23129,0.82982,0.0,0.0,0.0,0.0
2018-08-25 16:00:00,2018-08-25 17:00,1.99752,0.0,0.97959,0.14453,0.8734,0.0,0.0,0.0,0.0
2018-08-25 17:00:00,2018-08-25 18:00,1.98833,0.0,1.06077,0.003,0.92456,0.0,0.0,0.0,0.0
2018-08-25 18:00:00,2018-08-25 19:00,2.35816,0.0,1.08136,0.22844,1.04836,0.0,0.0,0.0,0.0
2018-08-25 19:00:00,2018-08-25 20:00,2.41408,0.0,1.01147,0.25673,1.14588,0.0,0.0,0.0,0.0
2018-08-25 20:00:00,2018-08-25 21:00,2.1985,0.0,0.94743,0.003,1.24807,0.0,0.0,0.0,0.0
2018-08-25 21:00:00,2018-08-25 22:00,2.07275,0.0,0.87751,0.003,1.19224,0.0,0.0,0.0,0.0
2018-08-25 22:00:00,2018-08-25 23:00,1.48163,0.0,0.76288,0.003,0.71575,0.0,0.0,0.0,0.0
2018-08-25 23:00:00,2018-08-26 00:00,1.24187,0.0,0.68216,0.003,0.55671,0.0,0.0,0.0,0.0
2018-08-26 00:00:00,2018-08-26 01:00,1.10701,0.0,0.62328,0.003,0.48073,0.0,0.0,0.0,0.0
2018-08-26 01:00:00,2018-08-26 02:00,1.05111,0.0,0.58102,0.003,0.46709,0.0,0.0,0.0,0.0
2018-08-26 02:00:00,2018-08-26 03:00,1.01723,0.0,0.55319,0.003,0.46104,0.0,0.0,0.0,0.0
2018-08-26 03:00:00,2018-08-26 04:00,1.11601,0.0,0.53976,0.11737,0.45888,0.0,0.0,0.0,0.0
2018-08-26 04:00:00,2018-08-26 05:00,1.14706,0.0,0.51386,0.18049,0.45271,0.0,0.0,0.0,0.0
2018-08-26 05:00:00,2018-08-26 06:00,0.9691,0.0,0.51365,0.003,0.45245,0.0,0.0,0.0,0.0
2018-08-26 06:00:00,2018-08-26 07:00,1.00297,0.0,0.50825,0.003,0.49172,0.0,0.0,0.0,0.0
2018-08-26 07:00:00,2018-08-26 08:00,1.05167,0.0,0.5499,0.003,0.49877,0.01124,0.0,0.0,0.01124
2018-08-26 08:00:00,2018-08-26 09:00,1.63424,0.0,0.63763,0.34734,0.64927,0.01498,0.0,0.0,0.01498
2018-08-26 09:00:00,2018-08-26 10:00,1.44816,0.0,0.63829,0.15059,0.65928,0.0,0.0,0.0,0.0
2018-08-26 10:00:00,2018-08-26 11:00,1.42521,0.0,0.70128,0.003,0.72093,0.0,0.0,0.0,0.0
2018-08-26 11:00:00,2018-08-26 12:00,1.58503,0.0,0.75035,0.11611,0.71857,0.0,0.0,0.0,0.0
2018-08-26 12:00:00,2018-08-26 13:00,2.03462,0.0,1.03466,0.21561,0.78435,0.05247,0.0,0.0,0.05247
2018-08-26 13:00:00,2018-08-26 14:00,1.84375,0.0,1.07836,0.003,0.76239,0.0,0.0,0.0,0.0
2018-08-26 14:00:00,2018-08-26 15:00,2.09936,0.0,1.13122,0.23017,0.73797,0.0,0.0,0.0,0.0
2018-08-26 15:00:00,2018-08-26 16:00,2.24697,0.0,1.29556,0.21028,0.74113,0.0,0.0,0.0,0.0
2018-08-26 16:00:00,2018-08-26 17:00,2.22797,0.0,1.45751,0.003,0.76746,0.0,0.0,0.0,0.0
2018-08-26 17:00:00,2018-08-26 18:00,2.18905,0.0,1.4711,0.003,0.71495,0.0,0.0,0.0,0.0
2018-08-26 18:00:00,2018-08-26 19:00,2.48406,0.0,1.40936,0.23162,0.84308,0.0,0.0,0.0,0.0
2018-08-26 19:00:00,2018-08-26 20:00,2.36901,0.0,1.25037,0.13049,0.98815,0.0,0.0,0.0,0.0
2018-08-26 20:00:00,2018-08-26 21:00,2.2546,0.0,1.1881,0.003,1.0635,0.0,0.0,0.0,0.0
2018-08-26 21:00:00,2018-08-26 22:00,2.12716,0.0,1.14435,0.003,0.97981,0.0,0.0,0.0,0.0
2018-08-26 22:00:00,2018-08-26 23:00,1.76067,0.0,1.0462,0.003,0.71147,0.0,0.0,0.0,0.0
2018-08-26 23:00:00,2018-08-27 00:00,1.5061,0.0,0.97511,0.003,0.52799,0.0,0.0,0.0,0.0
2018-08-27 00:00:00,2018-08-27 01:00,1.65561,0.0,0.94151,0.23651,0.47759,0.0,0.0,0.0,0.0
2018-08-27 01:00:00,2018-08-27 02:00,1.47442,0.0,0.90129,0.1105,0.46263,0.0,0.0,0.0,0.0
2018-08-27 02:00:00,2018-08-27 03:00,1.34362,0.0,0.88891,0.003,0.45171,0.0,0.0,0.0,0.0
2018-08-27 03:00:00,2018-08-27 04:00,1.7914,0.0,0.92071,0.42158,0.44911,0.0,0.0,0.0,0.0
2018-08-27 04:00:00,2018-08-27 05:00,1.3427,0.0,0.89261,0.003,0.44709,0.0,0.0,0.0,0.0
2018-08-27 05:00:00,2018-08-27 06:00,1.54516,0.0,0.85925,0.22878,0.45713,0.0,0.0,0.0,0.0
2018-08-27 06:00:00,2018-08-27 07:00,1.61881,0.0,0.87438,0.20547,0.53896,0.0,0.0,0.0,0.0
2018-08-27 07:00:00,2018-08-27 08:00,1.37241,0.0,0.82316,0.003,0.54625,0.0,0.0,0.0,0.0
2018-08-27 08:00:00,2018-08-27 09:00,1.26496,0.0,0.78729,0.003,0.47467,0.0,0.0,0.0,0.0
2018-08-27 09:00:00,2018-08-27 10:00,1.31461,0.0,0.83421,0.003,0.4774,0.0,0.0,0.0,0.0
2018-08-27 10:00:00,2018-08-27 11:00,1.37602,0.0,0.90221,0.003,0.47081,0.0,0.0,0.0,0.0
2018-08-27 11:00:00,2018-08-27 12:00,1.6863,0.0,0.98281,0.23539,0.4681,0.0,0.0,0.0,0.0
2018-08-27 12:00:00,2018-08-27 13:00,1.57967,0.0,1.02631,0.07691,0.47645,0.0,0.0,0.0,0.0
2018-08-27 13:00:00,2018-08-27 14:00,1.52945,0.0,1.04918,0.003,0.47727,0.0,0.0,0.0,0.0
2018-08-27 14:00:00,2018-08-27 15:00,1.55778,0.0,1.07754,0.003,0.47724,0.0,0.0,0.0,0.0
2018-08-27 15:00:00,2018-08-27 16:00,1.64168,0.0,1.16356,0.003,0.47512,0.0,0.0,0.0,0.0
2018-08-27 16:00:00,2018-08-27 17:00,1.62135,0.0,1.12971,0.003,0.48864,0.0,0.0,0.0,0.0
2018-08-27 17:00:00,2018-08-27 18:00,1.55845,0.0,1.01908,0.003,0.53637,0.0,0.0,0.0,0.0
2018-08-27 18:00:00,2018-08-27 19:00,1.83208,0.0,1.08993,0.003,0.73915,0.03935,0.0,0.0,0.03935
2018-08-27 19:00:00,2018-08-27 20:00,2.53352,0.0,1.20358,0.23881,1.09113,0.06745,0.0,0.0,0.06745
2018-08-27 20:00:00,2018-08-27 21:00,2.22647,0.0,0.95449,0.05327,1.21871,0.0,0.0,0.0,0.0
2018-08-27 21:00:00,2018-08-27 22:00,2.08223,0.0,0.8806,0.003,1.19863,0.0,0.0,0.0,0.0
2018-08-27 22:00:00,2018-08-27 23:00,1.49347,0.0,0.75966,0.003,0.73081,0.0,0.0,0.0,0.0
2018-08-27 23:00:00,2018-08-28 00:00,1.14099,0.0,0.66194,0.003,0.47605,0.0,0.0,0.0,0.0
2018-08-28 00:00:00,2018-08-28 01:00,1.08401,0.0,0.61075,0.003,0.47026,0.0,0.0,0.0,0.0
2018-08-28 01:00:00,2018-08-28 02:00,1.03624,0.0,0.5674,0.003,0.46584,0.0,0.0,0.0,0.0
2018-08-28 02:00:00,2018-08-28 03:00,1.00208,0.0,0.5393,0.003,0.45978,0.0,0.0,0.0,0.0
2018-08-28 03:00:00,2018-08-28 04:00,0.95404,0.0,0.49341,0.003,0.45763,0.0,0.0,0.0,0.0
2018-08-28 04:00:00,2018-08-28 05:00,0.88503,0.0,0.43054,0.003,0.45149,0.0,0.0,0.0,0.0
2018-08-28 05:00:00,2018-08-28 06:00,0.86064,0.0,0.40363,0.003,0.45401,0.0,0.0,0.0,0.0
2018-08-28 06:00:00,2018-08-28 07:00,1.38985,0.0,0.45042,0.35571,0.58372,0.02622,0.0,0.0,0.02622
2018-08-28 07:00:00,2018-08-28 08:00,1.35123,0.0,0.41391,0.35456,0.58276,0.0,0.0,0.0,0.0
2018-08-28 08:00:00,2018-08-28 09:00,0.90131,0.0,0.35938,0.003,0.53893,0.0,0.0,0.0,0.0
2018-08-28 09:00:00,2018-08-28 10:00,1.09957,0.0,0.35045,0.22943,0.51969,0.0,0.0,0.0,0.0
2018-08-28 10:00:00,2018-08-28 11:00,0.9306,0.0,0.33927,0.12051,0.47082,0.0,0.0,0.0,0.0
2018-08-28 11:00:00,2018-08-28 12:00,0.80768,0.0,0.33659,0.003,0.46809,0.0,0.0,0.0,0.0
2018-08-28 12:00:00,2018-08-28 13:00,0.81185,0.0,0.33242,0.003,0.47643,0.0,0.0,0.0,0.0
2018-08-28 13:00:00,2018-08-28 14:00,0.8238,0.0,0.34354,0.003,0.47726,0.0,0.0,0.0,0.0
2018-08-28 14:00:00,2018-08-28 15:00,0.82426,0.0,0.34399,0.003,0.47727,0.0,0.0,0.0,0.0
2018-08-28 15:00:00,2018-08-28 16:00,0.85418,0.0,0.37606,0.003,0.47512,0.0,0.0,0.0,0.0
2018-08-28 16:00:00,2018-08-28 17:00,0.93558,0.0,0.39991,0.003,0.53267,0.0,0.0,0.0,0.0
2018-08-28 17:00:00,2018-08-28 18:00,1.21357,0.0,0.40879,0.23432,0.57046,0.0,0.0,0.0,0.0
2018-08-28 18:00:00,2018-08-28 19:00,1.23082,0.0,0.39235,0.18079,0.65768,0.0,0.0,0.0,0.0
2018-08-28 19:00:00,2018-08-28 20:00,1.21468,0.0,0.42548,0.003,0.7862,0.0,0.0,0.0,0.0
2018-08-28 20:00:00,2018-08-28 21:00,1.79182,0.0,0.46836,0.32731,0.99615,0.0,0.0,0.0,0.0
2018-08-28 21:00:00,2018-08-28 22:00,1.26936,0.0,0.41642,0.003,0.84994,0.0,0.0,0.0,0.0
2018-08-28 22:00:00,2018-08-28 23:00,1.11283,0.0,0.35496,0.11484,0.64303,0.0,0.0,0.0,0.0
2018-08-28 23:00:00,2018-08-29 00:00,1.06834,0.0,0.30674,0.27967,0.48193,0.0,0.0,0.0,0.0
2018-08-29 00:00:00,2018-08-29 01:00,0.69467,0.0,0.22142,0.003,0.47025,0.0,0.0,0.0,0.0
2018-08-29 01:00:00,2018-08-29 02:00,0.65587,0.0,0.18705,0.003,0.46582,0.0,0.0,0.0,0.0
2018-08-29 02:00:00,2018-08-29 03:00,0.60723,0.0,0.14444,0.003,0.45979,0.0,0.0,0.0,0.0
2018-08-29 03:00:00,2018-08-29 04:00,0.57863,0.0,0.11799,0.003,0.45764,0.0,0.0,0.0,0.0
2018-08-29 04:00:00,2018-08-29 05:00,0.55039,0.0,0.09591,0.003,0.45148,0.0,0.0,0.0,0.0
2018-08-29 05:00:00,2018-08-29 06:00,0.51951,0.0,0.06529,0.003,0.45122,0.0,0.0,0.0,0.0
2018-08-29 06:00:00,2018-08-29 07:00,0.49345,0.0,0.0,0.003,0.49045,0.0,0.0,0.0,0.0
2018-08-29 07:00:00,2018-08-29 08:00,0.53993,0.0,0.04088,0.003,0.49605,0.0,0.0,0.0,0.0
2018-08-29 08:00:00,2018-08-29 09:00,0.75299,0.0,0.10935,0.11828,0.52536,0.0,0.0,0.0,0.0
2018-08-29 09:00:00,2018-08-29 10:00,1.05515,0.0,0.22116,0.2344,0.59959,0.0,0.0,0.0,0.0
2018-08-29 10:00:00,2018-08-29 11:00,1.23281,0.0,0.31473,0.003,0.91508,0.0,0.0,0.0,0.0
2018-08-29 11:00:00,2018-08-29 12:00,3.33337,0.0,0.38384,0.2318,2.71773,0.0,0.0,0.0,0.0
2018-08-29 12:00:00,2018-08-29 13:00,2.69417,0.0,0.47828,0.13531,2.08058,0.0,0.0,0.0,0.0
2018-08-29 13:00:00,2018-08-29 14:00,1.13819,0.0,0.56071,0.003,0.57448,0.0,0.0,0.0,0.0
2018-08-29 14:00:00,2018-08-29 15:00,1.54203,0.0,0.63018,0.3493,0.56255,0.0,0.0,0.0,0.0
2018-08-29 15:00:00,2018-08-29 16:00,1.37136,0.0,0.71832,0.05791,0.59513,0.0,0.0,0.0,0.0
2018-08-29 16:00:00,2018-08-29 17:00,1.47631,0.0,0.82844,0.003,0.64487,0.01124,0.0,0.0,0.01124
2018-08-29 17:00:00,2018-08-29 18:00,2.00936,0.0,0.95626,0.33172,0.72138,0.04123,0.0,0.0,0.04123
2018-08-29 18:00:00,2018-08-29 19:00,1.62689,0.0,0.82486,0.003,0.79903,0.0,0.0,0.0,0.0
2018-08-29 19:00:00,2018-08-29 20:00,1.83781,0.0,0.77512,0.003,1.05969,0.0,0.0,0.0,0.0
2018-08-29 20:00:00,2018-08-29 21:00,2.11291,0.0,0.7097,0.2288,1.17441,0.0,0.0,0.0,0.0
2018-08-29 21:00:00,2018-08-29 22:00,1.95042,0.0,0.66321,0.21367,1.07354,0.0,0.0,0.0,0.0
2018-08-29 22:00:00,2018-08-29 23:00,1.1355,0.0,0.53938,0.003,0.59312,0.0,0.0,0.0,0.0
2018-08-29 23:00:00,2018-08-30 00:00,0.91884,0.0,0.43979,0.003,0.47605,0.0,0.0,0.0,0.0
2018-08-30 00:00:00,2018-08-30 01:00,0.88944,0.0,0.4162,0.003,0.47024,0.0,0.0,0.0,0.0
2018-08-30 01:00:00,2018-08-30 02:00,0.82334,0.0,0.35451,0.003,0.46583,0.0,0.0,0.0,0.0
2018-08-30 02:00:00,2018-08-30 03:00,0.78962,0.0,0.32683,0.003,0.45979,0.0,0.0,0.0,0.0
2018-08-30 03:00:00,2018-08-30 04:00,0.7595,0.0,0.29888,0.003,0.45762,0.0,0.0,0.0,0.0
2018-08-30 04:00:00,2018-08-30 05:00,1.04506,0.0,0.24747,0.34935,0.44824,0.0,0.0,0.0,0.0
2018-08-30 05:00:00,2018-08-30 06:00,0.90319,0.0,0.22335,0.21498,0.46486,0.0,0.0,0.0,0.0
2018-08-30 06:00:00,2018-08-30 07:00,0.75681,0.0,0.1735,0.003,0.58031,0.0,0.0,0.0,0.0
2018-08-30 07:00:00,2018-08-30 08:00,1.17429,0.0,0.25214,0.34336,0.57879,0.01124,0.0,0.0,0.01124
2018-08-30 08:00:00,2018-08-30 09:00,1.21225,0.0,0.44802,0.17892,0.58531,0.06933,0.0,0.0,0.06933
2018-08-30 09:00:00,2018-08-30 10:00,0.83055,0.0,0.35018,0.003,0.47737,0.0,0.0,0.0,0.0
2018-08-30 10:00:00,2018-08-30 11:00,0.92719,0.0,0.45336,0.003,0.47083,0.0,0.0,0.0,0.0
2018-08-30 11:00:00,2018-08-30 12:00,1.01229,0.0,0.54119,0.003,0.4681,0.0,0.0,0.0,0.0
2018-08-30 12:00:00,2018-08-30 13:00,1.3158,0.0,0.66704,0.11475,0.53401,0.01124,0.0,0.0,0.01124
2018-08-30 13:00:00,2018-08-30 14:00,1.9159,0.0,0.97235,0.32529,0.61826,0.06933,0.0,0.0,0.06933
2018-08-30 14:00:00,2018-08-30 15:00,1.39541,0.0,0.862,0.003,0.53041,0.0,0.0,0.0,0.0
2018-08-30 15:00:00,2018-08-30 16:00,1.92583,0.0,0.97643,0.34829,0.60111,0.0,0.0,0.0,0.0
2018-08-30 16:00:00,2018-08-30 17:00,1.82497,0.0,1.0858,0.09703,0.64214,0.0,0.0,0.0,0.0
2018-08-30 17:00:00,2018-08-30 18:00,1.9148,0.0,1.04387,0.11364,0.75729,0.0,0.0,0.0,0.0
2018-08-30 18:00:00,2018-08-30 19:00,2.38228,0.0,0.995,0.42223,0.96505,0.0,0.0,0.0,0.0
2018-08-30 19:00:00,2018-08-30 20:00,2.32596,0.0,0.95703,0.003,1.36593,0.0,0.0,0.0,0.0
2018-08-30 20:00:00,2018-08-30 21:00,1.77759,0.0,0.91127,0.003,0.86332,0.0,0.0,0.0,0.0
2018-08-30 21:00:00,2018-08-30 22:00,1.64486,0.0,0.86009,0.003,0.78177,0.0,0.0,0.0,0.0
2018-08-30 22:00:00,2018-08-30 23:00,1.28133,0.0,0.78773,0.003,0.4906,0.0,0.0,0.0,0.0
2018-08-30 23:00:00,2018-08-31 00:00,1.22468,0.0,0.74563,0.003,0.47605,0.0,0.0,0.0,0.0
2018-08-31 00:00:00,2018-08-31 01:00,1.21101,0.0,0.71517,0.003,0.49284,0.0,0.0,0.0,0.0
2018-08-31 01:00:00,2018-08-31 02:00,1.40037,0.0,0.70654,0.003,0.69083,0.0,0.0,0.0,0.0
2018-08-31 02:00:00,2018-08-31 03:00,3.43103,0.0,0.71035,0.40196,2.31872,0.0,0.0,0.0,0.0
2018-08-31 03:00:00,2018-08-31 04:00,1.68837,0.0,0.6536,0.003,1.03177,0.0,0.0,0.0,0.0
2018-08-31 04:00:00,2018-08-31 05:00,1.07122,0.0,0.61673,0.003,0.45149,0.0,0.0,0.0,0.0
2018-08-31 05:00:00,2018-08-31 06:00,1.06021,0.0,0.6032,0.003,0.45401,0.0,0.0,0.0,0.0
2018-08-31 06:00:00,2018-08-31 07:00,1.15956,0.0,0.60615,0.003,0.55041,0.0,0.0,0.0,0.0
2018-08-31 07:00:00,2018-08-31 08:00,1.47108,0.0,0.57361,0.35096,0.54651,0.0,0.0,0.0,0.0
2018-08-31 08:00:00,2018-08-31 09:00,1.12048,0.0,0.59676,0.003,0.52072,0.0,0.0,0.0,0.0
2018-08-31 09:00:00,2018-08-31 10:00,1.27199,0.0,0.74451,0.003,0.52448,0.0,0.0,0.0,0.0
2018-08-31 10:00:00,2018-08-31 11:00,1.30716,0.0,0.78537,0.003,0.51879,0.0,0.0,0.0,0.0
2018-08-31 11:00:00,2018-08-31 12:00,1.2465,0.0,0.72694,0.003,0.51656,0.0,0.0,0.0,0.0
2018-08-31 12:00:00,2018-08-31 13:00,1.69046,0.0,0.81804,0.35251,0.51991,0.0,0.0,0.0,0.0
2018-08-31 13:00:00,2018-08-31 14:00,1.4965,0.0,0.94438,0.07487,0.47725,0.0,0.0,0.0,0.0
2018-08-31 14:00:00,2018-08-31 15:00,1.56972,0.0,1.08947,0.003,0.47725,0.0,0.0,0.0,0.0
2018-08-31 15:00:00,2018-08-31 16:00,1.74705,0.0,1.26892,0.003,0.47513,0.0,0.0,0.0,0.0
2018-08-31 16:00:00,2018-08-31 17:00,1.9296,0.0,1.3498,0.003,0.5768,0.0,0.0,0.0,0.0
2018-08-31 17:00:00,2018-08-31 18:00,2.29665,0.0,1.4576,0.003,0.83605,0.08058,0.0,0.0,0.08058
2018-08-31 18:00:00,2018-08-31 19:00,2.53048,0.0,1.4328,0.30956,0.78812,0.0,0.0,0.0,0.0
2018-08-31 19:00:00,2018-08-31 20:00,2.08883,0.0,1.20642,0.003,0.87941,0.0,0.0,0.0,0.0
2018-08-31 20:00:00,2018-08-31 21:00,2.4453,0.0,1.24166,0.003,1.20064,0.0,0.0,0.0,0.0
2018-08-31 21:00:00,2018-08-31 22:00,2.21346,0.0,1.18649,0.003,1.02397,0.0,0.0,0.0,0.0
2018-08-31 22:00:00,2018-08-31 23:00,1.72619,0.0,1.06286,0.003,0.66033,0.0,0.0,0.0,0.0
2018-08-31 23:00:00,2018-09-01 00:00,1.47078,0.0,0.95458,0.003,0.5132,0.0,0.0,0.0,0.0
2018-09-01 00:00:00,2018-09-01 01:00,1.57779,0.0,0.86622,0.23683,0.47474,0.0,0.0,0.0,0.0
2018-09-01 01:00:00,2018-09-01 02:00,1.34472,0.0,0.81626,0.06085,0.46761,0.0,0.0,0.0,0.0
2018-09-01 02:00:00,2018-09-01 03:00,1.24591,0.0,0.78134,0.003,0.46157,0.0,0.0,0.0,0.0
2018-09-01 03:00:00,2018-09-01 04:00,1.20659,0.0,0.7442,0.003,0.45939,0.0,0.0,0.0,0.0
2018-09-01 04:00:00,2018-09-01 05:00,1.16627,0.0,0.70927,0.003,0.454,0.0,0.0,0.0,0.0
2018-09-01 05:00:00,2018-09-01 06:00,1.15017,0.0,0.68444,0.003,0.46273,0.0,0.0,0.0,0.0
2018-09-01 06:00:00,2018-09-01 07:00,1.21598,0.0,0.67605,0.003,0.53693,0.0,0.0,0.0,0.0
2018-09-01 07:00:00,2018-09-01 08:00,1.60907,0.0,0.66078,0.34463,0.60366,0.0,0.0,0.0,0.0
2018-09-01 08:00:00,2018-09-01 09:00,1.37297,0.0,0.66603,0.11665,0.59029,0.0,0.0,0.0,0.0
2018-09-01 09:00:00,2018-09-01 10:00,1.66364,0.0,0.72994,0.31169,0.62201,0.0,0.0,0.0,0.0
2018-09-01 10:00:00,2018-09-01 11:00,1.51472,0.0,0.83988,0.003,0.67184,0.0,0.0,0.0,0.0
2018-09-01 11:00:00,2018-09-01 12:00,1.64034,0.0,0.9632,0.003,0.67414,0.0,0.0,0.0,0.0
2018-09-01 12:00:00,2018-09-01 13:00,2.40292,0.0,1.20434,0.44265,0.75593,0.02624,0.0,0.0,0.02624
2018-09-01 13:00:00,2018-09-01 14:00,2.12178,0.0,1.32585,0.003,0.79293,0.0,0.0,0.0,0.0
2018-09-01 14:00:00,2018-09-01 15:00,2.58282,0.0,1.43666,0.34792,0.79824,0.0,0.0,0.0,0.0
2018-09-01 15:00:00,2018-09-01 16:00,2.38258,0.0,1.52798,0.0938,0.7608,0.0,0.0,0.0,0.0
2018-09-01 16:00:00,2018-09-01 17:00,2.32502,0.0,1.52144,0.003,0.80058,0.0,0.0,0.0,0.0
2018-09-01 17:00:00,2018-09-01 18:00,2.45146,0.0,1.50001,0.003,0.94845,0.0,0.0,0.0,0.0
2018-09-01 18:00:00,2018-09-01 19:00,2.60786,0.0,1.47647,0.003,1.12839,0.0,0.0,0.0,0.0
2018-09-01 19:00:00,2018-09-01 20:00,2.68036,0.0,1.43072,0.003,1.24664,0.0,0.0,0.0,0.0
2018-09-01 20:00:00,2018-09-01 21:00,2.72495,0.0,1.3912,0.003,1.33075,0.0,0.0,0.0,0.0
2018-09-01 21:00:00,2018-09-01 22:00,2.56863,0.0,1.34255,0.003,1.22308,0.0,0.0,0.0,0.0
2018-09-01 22:00:00,2018-09-01 23:00,1.98856,0.0,1.16889,0.003,0.81667,0.0,0.0,0.0,0.0
2018-09-01 23:00:00,2018-09-02 00:00,1.57745,0.0,1.02755,0.003,0.5469,0.0,0.0,0.0,0.0
2018-09-02 00:00:00,2018-09-02 01:00,1.53593,0.0,0.93744,0.11812,0.48037,0.0,0.0,0.0,0.0
2018-09-02 01:00:00,2018-09-02 02:00,1.51109,0.0,0.87403,0.16943,0.46763,0.0,0.0,0.0,0.0
2018-09-02 02:00:00,2018-09-02 03:00,1.31461,0.0,0.85004,0.003,0.46157,0.0,0.0,0.0,0.0
2018-09-02 03:00:00,2018-09-02 04:00,1.29909,0.0,0.83671,0.003,0.45938,0.0,0.0,0.0,0.0
2018-09-02 04:00:00,2018-09-02 05:00,1.26117,0.0,0.80494,0.003,0.45323,0.0,0.0,0.0,0.0
2018-09-02 05:00:00,2018-09-02 06:00,1.20836,0.0,0.75234,0.003,0.45302,0.0,0.0,0.0,0.0
2018-09-02 06:00:00,2018-09-02 07:00,1.20427,0.0,0.7089,0.003,0.49237,0.0,0.0,0.0,0.0
2018-09-02 07:00:00,2018-09-02 08:00,1.14857,0.0,0.67312,0.003,0.47245,0.0,0.0,0.0,0.0
2018-09-02 08:00:00,2018-09-02 09:00,1.19153,0.0,0.66306,0.003,0.52547,0.0,0.0,0.0,0.0
2018-09-02 09:00:00,2018-09-02 10:00,1.35779,0.0,0.67041,0.003,0.68438,0.0,0.0,0.0,0.0
2018-09-02 10:00:00,2018-09-02 11:00,1.78059,0.0,0.77984,0.23622,0.76453,0.02624,0.0,0.0,0.02624
2018-09-02 11:00:00,2018-09-02 12:00,1.73618,0.0,0.79096,0.20264,0.74258,0.0,0.0,0.0,0.0
2018-09-02 12:00:00,2018-09-02 13:00,1.78566,0.0,0.84699,0.11443,0.82424,0.0,0.0,0.0,0.0
2018-09-02 13:00:00,2018-09-02 14:00,3.47036,0.0,1.05877,0.41714,1.99445,0.0,0.0,0.0,0.0
2018-09-02 14:00:00,2018-09-02 15:00,2.93986,0.0,1.25261,0.003,1.68425,0.0,0.0,0.0,0.0
2018-09-02 15:00:00,2018-09-02 16:00,2.59633,0.0,1.33809,0.45262,0.80562,0.0,0.0,0.0,0.0
2018-09-02 16:00:00,2018-09-02 17:00,2.48708,0.0,1.33688,0.34986,0.80034,0.0,0.0,0.0,0.0
2018-09-02 17:00:00,2018-09-02 18:00,2.12739,0.0,1.26768,0.003,0.85671,0.0,0.0,0.0,0.0
2018-09-02 18:00:00,2018-09-02 19:00,2.24663,0.0,1.26117,0.003,0.98246,0.0,0.0,0.0,0.0
2018-09-02 19:00:00,2018-09-02 20:00,2.21979,0.0,1.15686,0.003,1.05993,0.0,0.0,0.0,0.0
2018-09-02 20:00:00,2018-09-02 21:00,2.08919,0.0,1.06068,0.003,1.02551,0.0,0.0,0.0,0.0
2018-09-02 21:00:00,2018-09-02 22:00,2.15032,0.0,0.99057,0.11683,1.04292,0.0,0.0,0.0,0.0
2018-09-02 22:00:00,2018-09-02 23:00,1.82914,0.0,0.88507,0.22995,0.71412,0.0,0.0,0.0,0.0
2018-09-02 23:00:00,2018-09-03 00:00,1.31006,0.0,0.7936,0.003,0.51346,0.0,0.0,0.0,0.0
2018-09-03 00:00:00,2018-09-03 01:00,1.22209,0.0,0.74012,0.003,0.47897,0.0,0.0,0.0,0.0
2018-09-03 01:00:00,2018-09-03 02:00,1.16035,0.0,0.69355,0.003,0.4638,0.0,0.0,0.0,0.0
2018-09-03 02:00:00,2018-09-03 03:00,1.22693,0.0,0.65355,0.11608,0.4573,0.0,0.0,0.0,0.0
2018-09-03 03:00:00,2018-09-03 04:00,1.27884,0.0,0.62354,0.19716,0.45814,0.0,0.0,0.0,0.0
2018-09-03 04:00:00,2018-09-03 05:00,1.05304,0.0,0.59805,0.003,0.45199,0.0,0.0,0.0,0.0
2018-09-03 05:00:00,2018-09-03 06:00,1.04198,0.0,0.58429,0.003,0.45469,0.0,0.0,0.0,0.0
2018-09-03 06:00:00,2018-09-03 07:00,1.31403,0.0,0.55957,0.22743,0.52703,0.0,0.0,0.0,0.0
2018-09-03 07:00:00,2018-09-03 08:00,1.51593,0.0,0.53561,0.42029,0.56003,0.0,0.0,0.0,0.0
2018-09-03 08:00:00,2018-09-03 09:00,1.08648,0.0,0.53306,0.003,0.55042,0.0,0.0,0.0,0.0
2018-09-03 09:00:00,2018-09-03 10:00,1.0013,0.0,0.52054,0.003,0.47776,0.0,0.0,0.0,0.0
2018-09-03 10:00:00,2018-09-03 11:00,1.03627,0.0,0.5621,0.003,0.47117,0.0,0.0,0.0,0.0
2018-09-03 11:00:00,2018-09-03 12:00,1.09908,0.0,0.62762,0.003,0.46846,0.0,0.0,0.0,0.0
2018-09-03 12:00:00,2018-09-03 13:00,1.16975,0.0,0.68994,0.003,0.47681,0.0,0.0,0.0,0.0
2018-09-03 13:00:00,2018-09-03 14:00,1.48819,0.0,0.74423,0.23341,0.51055,0.0,0.0,0.0,0.0
2018-09-03 14:00:00,2018-09-03 15:00,1.33542,0.0,0.76353,0.08579,0.4861,0.0,0.0,0.0,0.0
2018-09-03 15:00:00,2018-09-03 16:00,1.28818,0.0,0.80959,0.003,0.47559,0.0,0.0,0.0,0.0
2018-09-03 16:00:00,2018-09-03 17:00,1.29841,0.0,0.80615,0.003,0.48926,0.0,0.0,0.0,0.0
2018-09-03 17:00:00,2018-09-03 18:00,1.47008,0.0,0.79923,0.003,0.66785,0.0,0.0,0.0,0.0
2018-09-03 18:00:00,2018-09-03 19:00,1.63535,0.0,0.82372,0.003,0.80863,0.01124,0.0,0.0,0.01124
2018-09-03 19:00:00,2018-09-03 20:00,2.08274,0.0,0.94248,0.23049,0.90977,0.04308,0.0,0.0,0.04308
2018-09-03 20:00:00,2018-09-03 21:00,2.15771,0.0,0.84426,0.20765,1.1058,0.0,0.0,0.0,0.0
2018-09-03 21:00:00,2018-09-03 22:00,1.99806,0.0,0.82946,0.003,1.1656,0.0,0.0,0.0,0.0
2018-09-03 22:00:00,2018-09-03 23:00,1.48438,0.0,0.75615,0.003,0.72523,0.0,0.0,0.0,0.0
2018-09-03 23:00:00,2018-09-04 00:00,1.17232,0.0,0.68645,0.003,0.48287,0.0,0.0,0.0,0.0
2018-09-04 00:00:00,2018-09-04 01:00,1.12739,0.0,0.65356,0.003,0.47083,0.0,0.0,0.0,0.0
2018-09-04 01:00:00,2018-09-04 02:00,1.10248,0.0,0.63312,0.003,0.46636,0.0,0.0,0.0,0.0
2018-09-04 02:00:00,2018-09-04 03:00,1.07372,0.0,0.6104,0.003,0.46032,0.0,0.0,0.0,0.0
2018-09-04 03:00:00,2018-09-04 04:00,1.05421,0.0,0.59307,0.003,0.45814,0.0,0.0,0.0,0.0
2018-09-04 04:00:00,2018-09-04 05:00,1.26657,0.0,0.57597,0.2386,0.452,0.0,0.0,0.0,0.0
2018-09-04 05:00:00,2018-09-04 06:00,1.10006,0.0,0.58449,0.04349,0.47208,0.01124,0.0,0.0,0.01124
2018-09-04 06:00:00,2018-09-04 07:00,1.33748,0.0,0.70965,0.003,0.62483,0.04308,0.0,0.0,0.04308
2018-09-04 07:00:00,2018-09-04 08:00,1.28036,0.0,0.53622,0.23302,0.51112,0.0,0.0,0.0,0.0
2018-09-04 08:00:00,2018-09-04 09:00,1.42521,0.0,0.53057,0.37071,0.52393,0.0,0.0,0.0,0.0
2018-09-04 09:00:00,2018-09-04 10:00,1.18922,0.0,0.61928,0.003,0.56694,0.02622,0.0,0.0,0.02622
2018-09-04 10:00:00,2018-09-04 11:00,1.20418,0.0,0.56672,0.11508,0.52238,0.0,0.0,0.0,0.0
2018-09-04 11:00:00,2018-09-04 12:00,1.46935,0.0,0.59778,0.32546,0.54611,0.0,0.0,0.0,0.0
2018-09-04 12:00:00,2018-09-04 13:00,1.10544,0.0,0.60494,0.003,0.4975,0.0,0.0,0.0,0.0
2018-09-04 13:00:00,2018-09-04 14:00,1.09256,0.0,0.60628,0.003,0.48328,0.0,0.0,0.0,0.0
2018-09-04 14:00:00,2018-09-04 15:00,1.49691,0.0,0.61632,0.34622,0.53437,0.0,0.0,0.0,0.0
2018-09-04 15:00:00,2018-09-04 16:00,1.30147,0.0,0.61705,0.10576,0.57866,0.0,0.0,0.0,0.0
2018-09-04 16:00:00,2018-09-04 17:00,1.20159,0.0,0.61077,0.003,0.58782,0.0,0.0,0.0,0.0
2018-09-04 17:00:00,2018-09-04 18:00,1.11929,0.0,0.58807,0.003,0.52822,0.01124,0.0,0.0,0.01124
2018-09-04 18:00:00,2018-09-04 19:00,2.11238,0.0,0.91523,0.35104,0.84611,0.09744,0.0,0.0,0.09744
2018-09-04 19:00:00,2018-09-04 20:00,1.76035,0.0,0.69877,0.01199,1.04959,0.0,0.0,0.0,0.0
2018-09-04 20:00:00,2018-09-04 21:00,1.89008,0.0,0.70196,0.003,1.18512,0.0,0.0,0.0,0.0
2018-09-04 21:00:00,2018-09-04 22:00,1.72664,0.0,0.6681,0.003,1.05554,0.0,0.0,0.0,0.0
2018-09-04 22:00:00,2018-09-04 23:00,1.20228,0.0,0.58035,0.003,0.61893,0.0,0.0,0.0,0.0
2018-09-04 23:00:00,2018-09-05 00:00,1.02275,0.0,0.52667,0.003,0.49308,0.0,0.0,0.0,0.0
2018-09-05 00:00:00,2018-09-05 01:00,0.96429,0.0,0.49045,0.003,0.47084,0.0,0.0,0.0,0.0
2018-09-05 01:00:00,2018-09-05 02:00,0.93794,0.0,0.46857,0.003,0.46637,0.0,0.0,0.0,0.0
2018-09-05 02:00:00,2018-09-05 03:00,0.91401,0.0,0.45069,0.003,0.46032,0.0,0.0,0.0,0.0
2018-09-05 03:00:00,2018-09-05 04:00,0.89757,0.0,0.43646,0.003,0.45811,0.0,0.0,0.0,0.0
2018-09-05 04:00:00,2018-09-05 05:00,1.00474,0.0,0.43277,0.11953,0.45244,0.0,0.0,0.0,0.0
2018-09-05 05:00:00,2018-09-05 06:00,1.37048,0.0,0.42506,0.48106,0.46436,0.0,0.0,0.0,0.0
2018-09-05 06:00:00,2018-09-05 07:00,1.09134,0.0,0.42353,0.0893,0.57851,0.0,0.0,0.0,0.0
2018-09-05 07:00:00,2018-09-05 08:00,1.46024,0.0,0.38894,0.46483,0.60647,0.0,0.0,0.0,0.0
2018-09-05 08:00:00,2018-09-05 09:00,0.93761,0.0,0.28141,0.08365,0.57255,0.0,0.0,0.0,0.0
2018-09-05 09:00:00,2018-09-05 10:00,1.18753,0.0,0.26254,0.34639,0.5786,0.0,0.0,0.0,0.0
2018-09-05 10:00:00,2018-09-05 11:00,0.98059,0.0,0.27481,0.17565,0.53013,0.0,0.0,0.0,0.0
2018-09-05 11:00:00,2018-09-05 12:00,0.80286,0.0,0.32366,0.003,0.4762,0.0,0.0,0.0,0.0
2018-09-05 12:00:00,2018-09-05 13:00,0.88484,0.0,0.40503,0.003,0.47681,0.0,0.0,0.0,0.0
2018-09-05 13:00:00,2018-09-05 14:00,1.01885,0.0,0.53818,0.003,0.47767,0.0,0.0,0.0,0.0
2018-09-05 14:00:00,2018-09-05 15:00,1.23855,0.0,0.64375,0.003,0.5918,0.0,0.0,0.0,0.0
2018-09-05 15:00:00,2018-09-05 16:00,3.55284,0.0,0.94039,0.11528,2.49717,0.05433,0.0,0.0,0.05433
2018-09-05 16:00:00,2018-09-05 17:00,2.54026,0.0,0.8215,0.43784,1.28092,0.0,0.0,0.0,0.0
2018-09-05 17:00:00,2018-09-05 18:00,1.54813,0.0,0.8399,0.003,0.70523,0.01124,0.0,0.0,0.01124
2018-09-05 18:00:00,2018-09-05 19:00,1.78992,0.0,0.84827,0.003,0.93865,0.01498,0.0,0.0,0.01498
2018-09-05 19:00:00,2018-09-05 20:00,2.18088,0.0,0.70422,0.4637,1.01296,0.0,0.0,0.0,0.0
2018-09-05 20:00:00,2018-09-05 21:00,1.69667,0.0,0.62222,0.03802,1.03643,0.0,0.0,0.0,0.0
2018-09-05 21:00:00,2018-09-05 22:00,1.42681,0.0,0.54465,0.003,0.87916,0.0,0.0,0.0,0.0
2018-09-05 22:00:00,2018-09-05 23:00,1.04582,0.0,0.4571,0.003,0.58572,0.0,0.0,0.0,0.0
2018-09-05 23:00:00,2018-09-06 00:00,0.8601,0.0,0.38038,0.003,0.47672,0.0,0.0,0.0,0.0
2018-09-06 00:00:00,2018-09-06 01:00,0.83859,0.0,0.36476,0.003,0.47083,0.0,0.0,0.0,0.0
2018-09-06 01:00:00,2018-09-06 02:00,0.78944,0.0,0.32008,0.003,0.46636,0.0,0.0,0.0,0.0
2018-09-06 02:00:00,2018-09-06 03:00,0.74839,0.0,0.28508,0.003,0.46031,0.0,0.0,0.0,0.0
2018-09-06 03:00:00,2018-09-06 04:00,0.93758,0.0,0.25554,0.22796,0.45408,0.0,0.0,0.0,0.0
2018-09-06 04:00:00,2018-09-06 05:00,0.88552,0.0,0.22052,0.21302,0.45198,0.0,0.0,0.0,0.0
2018-09-06 05:00:00,2018-09-06 06:00,0.63795,0.0,0.17793,0.003,0.45702,0.0,0.0,0.0,0.0
2018-09-06 06:00:00,2018-09-06 07:00,0.94031,0.0,0.07662,0.34864,0.51505,0.0,0.0,0.0,0.0
2018-09-06 07:00:00,2018-09-06 08:00,0.84865,0.0,0.14206,0.16908,0.53751,0.0,0.0,0.0,0.0
2018-09-06 08:00:00,2018-09-06 09:00,0.70618,0.0,0.19142,0.003,0.51176,0.0,0.0,0.0,0.0
2018-09-06 09:00:00,2018-09-06 10:00,1.02661,0.0,0.27059,0.22793,0.52809,0.0,0.0,0.0,0.0
2018-09-06 10:00:00,2018-09-06 11:00,1.1296,0.0,0.35133,0.25588,0.52239,0.0,0.0,0.0,0.0
2018-09-06 11:00:00,2018-09-06 12:00,0.92793,0.0,0.42284,0.003,0.50209,0.0,0.0,0.0,0.0
2018-09-06 12:00:00,2018-09-06 13:00,0.95496,0.0,0.47515,0.003,0.47681,0.0,0.0,0.0,0.0
2018-09-06 13:00:00,2018-09-06 14:00,1.02922,0.0,0.54855,0.003,0.47767,0.0,0.0,0.0,0.0
2018-09-06 14:00:00,2018-09-06 15:00,1.11836,0.0,0.63766,0.003,0.4777,0.0,0.0,0.0,0.0
2018-09-06 15:00:00,2018-09-06 16:00,1.22812,0.0,0.72639,0.003,0.49873,0.0,0.0,0.0,0.0
2018-09-06 16:00:00,2018-09-06 17:00,1.53088,0.0,0.82124,0.11479,0.59485,0.0,0.0,0.0,0.0
2018-09-06 17:00:00,2018-09-06 18:00,1.81509,0.0,0.83326,0.28618,0.69565,0.0,0.0,0.0,0.0
2018-09-06 18:00:00,2018-09-06 19:00,1.70924,0.0,0.80093,0.003,0.90531,0.0,0.0,0.0,0.0
2018-09-06 19:00:00,2018-09-06 20:00,1.8515,0.0,0.77484,0.003,1.07366,0.0,0.0,0.0,0.0
2018-09-06 20:00:00,2018-09-06 21:00,2.26638,0.0,0.73689,0.22525,1.30424,0.0,0.0,0.0,0.0
2018-09-06 21:00:00,2018-09-06 22:00,2.05453,0.0,0.65662,0.20302,1.19489,0.0,0.0,0.0,0.0
2018-09-06 22:00:00,2018-09-06 23:00,1.27928,0.0,0.54685,0.003,0.72943,0.0,0.0,0.0,0.0
2018-09-06 23:00:00,2018-09-07 00:00,1.10007,0.0,0.46585,0.11359,0.52063,0.0,0.0,0.0,0.0
2018-09-07 00:00:00,2018-09-07 01:00,1.14221,0.0,0.37289,0.2971,0.47222,0.0,0.0,0.0,0.0
2018-09-07 01:00:00,2018-09-07 02:00,0.79977,0.0,0.33043,0.003,0.46634,0.0,0.0,0.0,0.0
2018-09-07 02:00:00,2018-09-07 03:00,0.74261,0.0,0.27928,0.003,0.46033,0.0,0.0,0.0,0.0
2018-09-07 03:00:00,2018-09-07 04:00,0.70735,0.0,0.24622,0.003,0.45813,0.0,0.0,0.0,0.0
2018-09-07 04:00:00,2018-09-07 05:00,0.68525,0.0,0.23027,0.003,0.45198,0.0,0.0,0.0,0.0
2018-09-07 05:00:00,2018-09-07 06:00,0.65701,0.0,0.19392,0.003,0.46009,0.0,0.0,0.0,0.0
2018-09-07 06:00:00,2018-09-07 07:00,1.11057,0.0,0.12133,0.44998,0.53926,0.0,0.0,0.0,0.0
2018-09-07 07:00:00,2018-09-07 08:00,1.26619,0.0,0.20517,0.4627,0.59832,0.01124,0.0,0.0,0.01124
2018-09-07 08:00:00,2018-09-07 09:00,1.33054,0.0,0.27913,0.08554,0.96587,0.01498,0.0,0.0,0.01498
2018-09-07 09:00:00,2018-09-07 10:00,3.5256,0.0,0.31153,0.46253,2.75154,0.0,0.0,0.0,0.0
2018-09-07 10:00:00,2018-09-07 11:00,1.18693,0.0,0.40329,0.1073,0.67634,0.0,0.0,0.0,0.0
2018-09-07 11:00:00,2018-09-07 12:00,1.01846,0.0,0.49524,0.003,0.52022,0.0,0.0,0.0,0.0
2018-09-07 12:00:00,2018-09-07 13:00,1.31978,0.0,0.57387,0.2225,0.52341,0.0,0.0,0.0,0.0
2018-09-07 13:00:00,2018-09-07 14:00,1.38284,0.0,0.64626,0.25889,0.47769,0.0,0.0,0.0,0.0
2018-09-07 14:00:00,2018-09-07 15:00,1.19276,0.0,0.71207,0.003,0.47769,0.0,0.0,0.0,0.0
2018-09-07 15:00:00,2018-09-07 16:00,1.25906,0.0,0.78046,0.003,0.4756,0.0,0.0,0.0,0.0
2018-09-07 16:00:00,2018-09-07 17:00,1.35354,0.0,0.86128,0.003,0.48926,0.0,0.0,0.0,0.0
2018-09-07 17:00:00,2018-09-07 18:00,1.36825,0.0,0.8604,0.003,0.50485,0.0,0.0,0.0,0.0
2018-09-07 18:00:00,2018-09-07 19:00,1.84609,0.0,0.94826,0.003,0.89483,0.02622,0.0,0.0,0.02622
2018-09-07 19:00:00,2018-09-07 20:00,1.85691,0.0,0.84095,0.003,1.01296,0.0,0.0,0.0,0.0
2018-09-07 20:00:00,2018-09-07 21:00,1.92701,0.0,0.80694,0.003,1.11707,0.01124,0.0,0.0,0.01124
2018-09-07 21:00:00,2018-09-07 22:00,1.7102,0.0,0.73477,0.003,0.97243,0.01498,0.0,0.0,0.01498
2018-09-07 22:00:00,2018-09-07 23:00,1.54866,0.0,0.59372,0.3694,0.58554,0.0,0.0,0.0,0.0
2018-09-07 23:00:00,2018-09-08 00:00,0.98855,0.0,0.50867,0.003,0.47688,0.0,0.0,0.0,0.0
2018-09-08 00:00:00,2018-09-08 01:00,0.9564,0.0,0.48134,0.003,0.47206,0.0,0.0,0.0,0.0
2018-09-08 01:00:00,2018-09-08 02:00,0.90343,0.0,0.43282,0.003,0.46761,0.0,0.0,0.0,0.0
2018-09-08 02:00:00,2018-09-08 03:00,0.8437,0.0,0.38134,0.003,0.45936,0.0,0.0,0.0,0.0
2018-09-08 03:00:00,2018-09-08 04:00,0.87957,0.0,0.39684,0.003,0.47973,0.02624,0.0,0.0,0.02624
2018-09-08 04:00:00,2018-09-08 05:00,0.77038,0.0,0.31412,0.003,0.45326,0.0,0.0,0.0,0.0
2018-09-08 05:00:00,2018-09-08 06:00,0.73818,0.0,0.28178,0.003,0.4534,0.0,0.0,0.0,0.0
2018-09-08 06:00:00,2018-09-08 07:00,1.19884,0.0,0.21456,0.43553,0.54875,0.0,0.0,0.0,0.0
2018-09-08 07:00:00,2018-09-08 08:00,0.87773,0.0,0.25977,0.003,0.61496,0.0,0.0,0.0,0.0
2018-09-08 08:00:00,2018-09-08 09:00,0.97198,0.0,0.30541,0.003,0.66357,0.0,0.0,0.0,0.0
2018-09-08 09:00:00,2018-09-08 10:00,1.4534,0.0,0.3994,0.34175,0.71225,0.0,0.0,0.0,0.0
2018-09-08 10:00:00,2018-09-08 11:00,1.45465,0.0,0.49513,0.20882,0.7507,0.0,0.0,0.0,0.0
2018-09-08 11:00:00,2018-09-08 12:00,2.56914,0.0,0.60095,0.003,1.96519,0.0,0.0,0.0,0.0
2018-09-08 12:00:00,2018-09-08 13:00,3.06518,0.0,0.71061,0.22785,2.12672,0.0,0.0,0.0,0.0
2018-09-08 13:00:00,2018-09-08 14:00,1.82658,0.0,0.8164,0.191,0.81918,0.02624,0.0,0.0,0.02624
2018-09-08 14:00:00,2018-09-08 15:00,1.68222,0.0,0.85614,0.003,0.82308,0.0,0.0,0.0,0.0
2018-09-08 15:00:00,2018-09-08 16:00,2.13894,0.0,0.89523,0.4613,0.78241,0.0,0.0,0.0,0.0
2018-09-08 16:00:00,2018-09-08 17:00,1.72284,0.0,0.91096,0.01152,0.80036,0.0,0.0,0.0,0.0
2018-09-08 17:00:00,2018-09-08 18:00,1.85282,0.0,0.96687,0.003,0.88295,0.02624,0.0,0.0,0.02624
2018-09-08 18:00:00,2018-09-08 19:00,2.28052,0.0,0.85224,0.44581,0.98247,0.0,0.0,0.0,0.0
2018-09-08 19:00:00,2018-09-08 20:00,2.06454,0.0,0.76762,0.23342,1.0635,0.0,0.0,0.0,0.0
2018-09-08 20:00:00,2018-09-08 21:00,1.77413,0.0,0.69372,0.003,1.07741,0.0,0.0,0.0,0.0
2018-09-08 21:00:00,2018-09-08 22:00,1.88652,0.0,0.66052,0.003,1.223,0.0,0.0,0.0,0.0
2018-09-08 22:00:00,2018-09-08 23:00,1.39513,0.0,0.56355,0.003,0.82858,0.0,0.0,0.0,0.0
2018-09-08 23:00:00,2018-09-09 00:00,1.05649,0.0,0.47319,0.003,0.5803,0.0,0.0,0.0,0.0
2018-09-09 00:00:00,2018-09-09 01:00,0.91582,0.0,0.41564,0.003,0.49718,0.0,0.0,0.0,0.0
2018-09-09 01:00:00,2018-09-09 02:00,1.13835,0.0,0.35565,0.31764,0.46506,0.0,0.0,0.0,0.0
2018-09-09 02:00:00,2018-09-09 03:00,0.76942,0.0,0.30979,0.003,0.45663,0.0,0.0,0.0,0.0
2018-09-09 03:00:00,2018-09-09 04:00,0.72961,0.0,0.26722,0.003,0.45939,0.0,0.0,0.0,0.0
2018-09-09 04:00:00,2018-09-09 05:00,0.70387,0.0,0.24763,0.003,0.45324,0.0,0.0,0.0,0.0
2018-09-09 05:00:00,2018-09-09 06:00,0.69599,0.0,0.23093,0.003,0.46206,0.0,0.0,0.0,0.0
2018-09-09 06:00:00,2018-09-09 07:00,0.76795,0.0,0.21383,0.003,0.55112,0.02624,0.0,0.0,0.02624
2018-09-09 07:00:00,2018-09-09 08:00,0.7423,0.0,0.21957,0.003,0.51973,0.0,0.0,0.0,0.0
2018-09-09 08:00:00,2018-09-09 09:00,0.80688,0.0,0.2542,0.003,0.54968,0.0,0.0,0.0,0.0
2018-09-09 09:00:00,2018-09-09 10:00,1.15663,0.0,0.31952,0.23269,0.60442,0.0,0.0,0.0,0.0
2018-09-09 10:00:00,2018-09-09 11:00,1.43547,0.0,0.42383,0.38832,0.62332,0.0,0.0,0.0,0.0
2018-09-09 11:00:00,2018-09-09 12:00,1.23968,0.0,0.52843,0.003,0.70825,0.0,0.0,0.0,0.0
2018-09-09 12:00:00,2018-09-09 13:00,1.33945,0.0,0.60678,0.003,0.72967,0.0,0.0,0.0,0.0
2018-09-09 13:00:00,2018-09-09 14:00,1.60358,0.0,0.69657,0.11409,0.79292,0.0,0.0,0.0,0.0
2018-09-09 14:00:00,2018-09-09 15:00,1.87745,0.0,0.76549,0.2889,0.82306,0.0,0.0,0.0,0.0
2018-09-09 15:00:00,2018-09-09 16:00,1.69544,0.0,0.83682,0.003,0.85562,0.0,0.0,0.0,0.0
2018-09-09 16:00:00,2018-09-09 17:00,1.92653,0.0,0.90899,0.11366,0.90388,0.0,0.0,0.0,0.0
2018-09-09 17:00:00,2018-09-09 18:00,2.02792,0.0,0.87928,0.29982,0.84882,0.0,0.0,0.0,0.0
2018-09-09 18:00:00,2018-09-09 19:00,1.79447,0.0,0.809,0.003,0.98247,0.0,0.0,0.0,0.0
2018-09-09 19:00:00,2018-09-09 20:00,1.81857,0.0,0.74868,0.003,1.06689,0.0,0.0,0.0,0.0
2018-09-09 20:00:00,2018-09-09 21:00,2.07398,0.0,0.67443,0.22578,1.17377,0.0,0.0,0.0,0.0
2018-09-09 21:00:00,2018-09-09 22:00,1.86033,0.0,0.59825,0.18818,1.0739,0.0,0.0,0.0,0.0
2018-09-09 22:00:00,2018-09-09 23:00,1.25553,0.0,0.52656,0.003,0.72597,0.0,0.0,0.0,0.0
2018-09-09 23:00:00,2018-09-10 00:00,0.97874,0.0,0.42526,0.003,0.55048,0.0,0.0,0.0,0.0
2018-09-10 00:00:00,2018-09-10 01:00,0.80446,0.0,0.32247,0.003,0.47899,0.0,0.0,0.0,0.0
2018-09-10 01:00:00,2018-09-10 02:00,0.76648,0.0,0.29791,0.003,0.46557,0.0,0.0,0.0,0.0
2018-09-10 02:00:00,2018-09-10 03:00,0.7308,0.0,0.26748,0.003,0.46032,0.0,0.0,0.0,0.0
2018-09-10 03:00:00,2018-09-10 04:00,0.69209,0.0,0.23568,0.003,0.45341,0.0,0.0,0.0,0.0
2018-09-10 04:00:00,2018-09-10 05:00,0.63694,0.0,0.18745,0.003,0.44649,0.0,0.0,0.0,0.0
2018-09-10 05:00:00,2018-09-10 06:00,0.84332,0.0,0.15375,0.23077,0.4588,0.0,0.0,0.0,0.0
2018-09-10 06:00:00,2018-09-10 07:00,0.82909,0.0,0.06963,0.23676,0.5227,0.0,0.0,0.0,0.0
2018-09-10 07:00:00,2018-09-10 08:00,0.79289,0.0,0.13034,0.1153,0.54725,0.0,0.0,0.0,0.0
2018-09-10 08:00:00,2018-09-10 09:00,1.06705,0.0,0.19739,0.31905,0.55061,0.0,0.0,0.0,0.0
2018-09-10 09:00:00,2018-09-10 10:00,0.81522,0.0,0.28413,0.003,0.52809,0.0,0.0,0.0,0.0
2018-09-10 10:00:00,2018-09-10 11:00,0.93646,0.0,0.41105,0.003,0.52241,0.0,0.0,0.0,0.0
2018-09-10 11:00:00,2018-09-10 12:00,1.3947,0.0,0.53208,0.3424,0.52022,0.0,0.0,0.0,0.0
2018-09-10 12:00:00,2018-09-10 13:00,1.67256,0.0,0.65331,0.46447,0.55478,0.0,0.0,0.0,0.0
2018-09-10 13:00:00,2018-09-10 14:00,1.37419,0.0,0.79237,0.04949,0.53233,0.0,0.0,0.0,0.0
2018-09-10 14:00:00,2018-09-10 15:00,1.6901,0.0,1.09206,0.003,0.59504,0.05433,0.0,0.0,0.05433
2018-09-10 15:00:00,2018-09-10 16:00,2.07228,0.0,1.02019,0.44053,0.61156,0.0,0.0,0.0,0.0
2018-09-10 16:00:00,2018-09-10 17:00,1.75111,0.0,1.02641,0.003,0.7217,0.0,0.0,0.0,0.0
2018-09-10 17:00:00,2018-09-10 18:00,1.95547,0.0,1.05107,0.11339,0.79101,0.0,0.0,0.0,0.0
2018-09-10 18:00:00,2018-09-10 19:00,2.46726,0.0,1.221,0.25513,0.99113,0.06745,0.0,0.0,0.06745
2018-09-10 19:00:00,2018-09-10 20:00,2.26643,0.0,1.16023,0.003,1.1032,0.06745,0.0,0.0,0.06745
2018-09-10 20:00:00,2018-09-10 21:00,4.05968,0.0,0.96766,0.003,3.08902,0.0,0.0,0.0,0.0
2018-09-10 21:00:00,2018-09-10 22:00,3.91533,0.0,0.88248,0.003,3.02985,0.0,0.0,0.0,0.0
2018-09-10 22:00:00,2018-09-10 23:00,1.81769,0.0,0.75081,0.003,1.06388,0.0,0.0,0.0,0.0
2018-09-10 23:00:00,2018-09-11 00:00,1.1104,0.0,0.63068,0.003,0.47672,0.0,0.0,0.0,0.0
2018-09-11 00:00:00,2018-09-11 01:00,1.41745,0.0,0.62334,0.32328,0.47083,0.0,0.0,0.0,0.0
2018-09-11 01:00:00,2018-09-11 02:00,1.04037,0.0,0.57103,0.003,0.46634,0.0,0.0,0.0,0.0
2018-09-11 02:00:00,2018-09-11 03:00,0.98913,0.0,0.52583,0.003,0.4603,0.0,0.0,0.0,0.0
2018-09-11 03:00:00,2018-09-11 04:00,0.95574,0.0,0.4946,0.003,0.45814,0.0,0.0,0.0,0.0
2018-09-11 04:00:00,2018-09-11 05:00,0.90336,0.0,0.44838,0.003,0.45198,0.0,0.0,0.0,0.0
2018-09-11 05:00:00,2018-09-11 06:00,1.1116,0.0,0.422,0.23146,0.45814,0.0,0.0,0.0,0.0
2018-09-11 06:00:00,2018-09-11 07:00,1.23249,0.0,0.38534,0.32443,0.52272,0.0,0.0,0.0,0.0
2018-09-11 07:00:00,2018-09-11 08:00,0.97129,0.0,0.42107,0.003,0.54722,0.0,0.0,0.0,0.0
2018-09-11 08:00:00,2018-09-11 09:00,1.49712,0.0,0.46245,0.45485,0.57982,0.0,0.0,0.0,0.0
2018-09-11 09:00:00,2018-09-11 10:00,1.23889,0.0,0.58365,0.10691,0.54833,0.0,0.0,0.0,0.0
2018-09-11 10:00:00,2018-09-11 11:00,1.2054,0.0,0.70556,0.003,0.49684,0.0,0.0,0.0,0.0
2018-09-11 11:00:00,2018-09-11 12:00,1.3747,0.0,0.85667,0.003,0.51503,0.0,0.0,0.0,0.0
2018-09-11 12:00:00,2018-09-11 13:00,1.60085,0.0,1.08968,0.003,0.50817,0.0,0.0,0.0,0.0
2018-09-11 13:00:00,2018-09-11 14:00,1.76731,0.0,1.23756,0.003,0.52675,0.0,0.0,0.0,0.0
2018-09-11 14:00:00,2018-09-11 15:00,2.15743,0.0,1.28749,0.3517,0.51824,0.0,0.0,0.0,0.0
2018-09-11 15:00:00,2018-09-11 16:00,2.15653,0.0,1.4417,0.09547,0.61936,0.0,0.0,0.0,0.0
2018-09-11 16:00:00,2018-09-11 17:00,2.327,0.0,1.46423,0.22766,0.63511,0.0,0.0,0.0,0.0
2018-09-11 17:00:00,2018-09-11 18:00,2.41844,0.0,1.37649,0.46503,0.57692,0.0,0.0,0.0,0.0
2018-09-11 18:00:00,2018-09-11 19:00,2.31881,0.0,1.39069,0.06156,0.86656,0.02622,0.0,0.0,0.02622
2018-09-11 19:00:00,2018-09-11 20:00,2.04902,0.0,1.17935,0.003,0.86667,0.0,0.0,0.0,0.0
2018-09-11 20:00:00,2018-09-11 21:00,2.61001,0.0,1.1583,0.2269,1.22481,0.0,0.0,0.0,0.0
2018-09-11 21:00:00,2018-09-11 22:00,2.3132,0.0,1.05959,0.26674,0.98687,0.0,0.0,0.0,0.0
2018-09-11 22:00:00,2018-09-11 23:00,1.60767,0.0,0.9602,0.003,0.64447,0.0,0.0,0.0,0.0
2018-09-11 23:00:00,2018-09-12 00:00,1.35092,0.0,0.87119,0.003,0.47673,0.0,0.0,0.0,0.0
2018-09-12 00:00:00,2018-09-12 01:00,1.27909,0.0,0.80528,0.003,0.47081,0.0,0.0,0.0,0.0
2018-09-12 01:00:00,2018-09-12 02:00,1.20803,0.0,0.73868,0.003,0.46635,0.0,0.0,0.0,0.0
2018-09-12 02:00:00,2018-09-12 03:00,1.15268,0.0,0.68938,0.003,0.4603,0.0,0.0,0.0,0.0
2018-09-12 03:00:00,2018-09-12 04:00,1.12156,0.0,0.66043,0.003,0.45813,0.0,0.0,0.0,0.0
2018-09-12 04:00:00,2018-09-12 05:00,1.08094,0.0,0.62596,0.003,0.45198,0.0,0.0,0.0,0.0
2018-09-12 05:00:00,2018-09-12 06:00,1.21432,0.0,0.625,0.11799,0.47133,0.01124,0.0,0.0,0.01124
2018-09-12 06:00:00,2018-09-12 07:00,1.68198,0.0,0.69763,0.34746,0.63689,0.04308,0.0,0.0,0.04308
2018-09-12 07:00:00,2018-09-12 08:00,1.67487,0.0,0.61456,0.4269,0.63341,0.0,0.0,0.0,0.0
2018-09-12 08:00:00,2018-09-12 09:00,1.44864,0.0,0.64327,0.23054,0.57483,0.0,0.0,0.0,0.0
2018-09-12 09:00:00,2018-09-12 10:00,1.44181,0.0,0.70982,0.20389,0.5281,0.0,0.0,0.0,0.0
2018-09-12 10:00:00,2018-09-12 11:00,1.32511,0.0,0.83045,0.003,0.49166,0.0,0.0,0.0,0.0
2018-09-12 11:00:00,2018-09-12 12:00,1.45147,0.0,0.98002,0.003,0.46845,0.0,0.0,0.0,0.0
2018-09-12 12:00:00,2018-09-12 13:00,1.61495,0.0,1.13515,0.003,0.4768,0.0,0.0,0.0,0.0
2018-09-12 13:00:00,2018-09-12 14:00,1.70971,0.0,1.22904,0.003,0.47767,0.0,0.0,0.0,0.0
2018-09-12 14:00:00,2018-09-12 15:00,1.81814,0.0,1.32342,0.003,0.49172,0.0,0.0,0.0,0.0
2018-09-12 15:00:00,2018-09-12 16:00,1.90747,0.0,1.42132,0.003,0.48315,0.0,0.0,0.0,0.0
2018-09-12 16:00:00,2018-09-12 17:00,2.52294,0.0,1.48212,0.46479,0.57603,0.0,0.0,0.0,0.0
2018-09-12 17:00:00,2018-09-12 18:00,2.29154,0.0,1.468,0.10149,0.72205,0.02622,0.0,0.0,0.02622
2018-09-12 18:00:00,2018-09-12 19:00,2.32316,0.0,1.4451,0.003,0.87506,0.0,0.0,0.0,0.0
2018-09-12 19:00:00,2018-09-12 20:00,2.3293,0.0,1.31328,0.003,1.01302,0.0,0.0,0.0,0.0
2018-09-12 20:00:00,2018-09-12 21:00,2.31876,0.0,1.16021,0.003,1.15555,0.0,0.0,0.0,0.0
2018-09-12 21:00:00,2018-09-12 22:00,2.4087,0.0,1.03621,0.42675,0.94574,0.0,0.0,0.0,0.0
2018-09-12 22:00:00,2018-09-12 23:00,1.51623,0.0,0.91599,0.003,0.59724,0.0,0.0,0.0,0.0
2018-09-12 23:00:00,2018-09-13 00:00,1.31328,0.0,0.83356,0.003,0.47672,0.0,0.0,0.0,0.0
2018-09-13 00:00:00,2018-09-13 01:00,1.22385,0.0,0.75002,0.003,0.47083,0.0,0.0,0.0,0.0
2018-09-13 01:00:00,2018-09-13 02:00,1.15023,0.0,0.68261,0.003,0.46462,0.0,0.0,0.0,0.0
2018-09-13 02:00:00,2018-09-13 03:00,1.07963,0.0,0.61931,0.003,0.45732,0.0,0.0,0.0,0.0
2018-09-13 03:00:00,2018-09-13 04:00,1.03631,0.0,0.57518,0.003,0.45813,0.0,0.0,0.0,0.0
2018-09-13 04:00:00,2018-09-13 05:00,0.9885,0.0,0.5335,0.003,0.452,0.0,0.0,0.0,0.0
2018-09-13 05:00:00,2018-09-13 06:00,1.05523,0.0,0.48468,0.11586,0.45469,0.0,0.0,0.0,0.0
2018-09-13 06:00:00,2018-09-13 07:00,1.46281,0.0,0.45383,0.47095,0.53803,0.0,0.0,0.0,0.0
2018-09-13 07:00:00,2018-09-13 08:00,1.07301,0.0,0.46629,0.05195,0.55477,0.0,0.0,0.0,0.0
2018-09-13 08:00:00,2018-09-13 09:00,0.96684,0.0,0.48874,0.003,0.4751,0.0,0.0,0.0,0.0
2018-09-13 09:00:00,2018-09-13 10:00,1.10308,0.0,0.61721,0.003,0.48287,0.0,0.0,0.0,0.0
2018-09-13 10:00:00,2018-09-13 11:00,1.59108,0.0,0.76319,0.32342,0.50447,0.0,0.0,0.0,0.0
2018-09-13 11:00:00,2018-09-13 12:00,1.42406,0.0,0.95261,0.003,0.46845,0.0,0.0,0.0,0.0
2018-09-13 12:00:00,2018-09-13 13:00,1.6159,0.0,1.13609,0.003,0.47681,0.0,0.0,0.0,0.0
2018-09-13 13:00:00,2018-09-13 14:00,1.75742,0.0,1.27114,0.003,0.48328,0.0,0.0,0.0,0.0
2018-09-13 14:00:00,2018-09-13 15:00,1.9672,0.0,1.436,0.003,0.5282,0.0,0.0,0.0,0.0
2018-09-13 15:00:00,2018-09-13 16:00,1.94954,0.0,1.4634,0.003,0.48314,0.0,0.0,0.0,0.0
2018-09-13 16:00:00,2018-09-13 17:00,2.41414,0.0,1.50219,0.34507,0.56688,0.0,0.0,0.0,0.0
2018-09-13 17:00:00,2018-09-13 18:00,2.2924,0.0,1.49959,0.19247,0.60034,0.0,0.0,0.0,0.0
2018-09-13 18:00:00,2018-09-13 19:00,2.21801,0.0,1.46614,0.003,0.74887,0.0,0.0,0.0,0.0
2018-09-13 19:00:00,2018-09-13 20:00,2.40525,0.0,1.32984,0.003,1.07241,0.0,0.0,0.0,0.0
2018-09-13 20:00:00,2018-09-13 21:00,3.15607,0.0,1.2729,0.35077,1.5324,0.0,0.0,0.0,0.0
2018-09-13 21:00:00,2018-09-13 22:00,3.89998,0.0,1.24602,0.04743,2.60653,0.0,0.0,0.0,0.0
2018-09-13 22:00:00,2018-09-13 23:00,3.14047,0.0,1.14499,0.003,1.99248,0.0,0.0,0.0,0.0
2018-09-13 23:00:00,2018-09-14 00:00,1.49687,0.0,0.97949,0.003,0.51438,0.0,0.0,0.0,0.0
2018-09-14 00:00:00,2018-09-14 01:00,1.60628,0.0,0.90092,0.2264,0.47896,0.0,0.0,0.0,0.0
2018-09-14 01:00:00,2018-09-14 02:00,1.60873,0.0,0.83469,0.30796,0.46608,0.0,0.0,0.0,0.0
2018-09-14 02:00:00,2018-09-14 03:00,1.24423,0.0,0.78092,0.003,0.46031,0.0,0.0,0.0,0.0
2018-09-14 03:00:00,2018-09-14 04:00,1.24943,0.0,0.77773,0.003,0.4687,0.01124,0.0,0.0,0.01124
2018-09-14 04:00:00,2018-09-14 05:00,1.36354,0.0,0.87097,0.003,0.48957,0.04308,0.0,0.0,0.04308
2018-09-14 05:00:00,2018-09-14 06:00,1.5417,0.0,0.7359,0.34698,0.45882,0.0,0.0,0.0,0.0
2018-09-14 06:00:00,2018-09-14 07:00,1.47327,0.0,0.71453,0.23172,0.52702,0.0,0.0,0.0,0.0
2018-09-14 07:00:00,2018-09-14 08:00,1.46503,0.0,0.68876,0.22598,0.55029,0.0,0.0,0.0,0.0
2018-09-14 08:00:00,2018-09-14 09:00,1.39149,0.0,0.66265,0.24872,0.48012,0.0,0.0,0.0,0.0
2018-09-14 09:00:00,2018-09-14 10:00,1.23312,0.0,0.70202,0.003,0.5281,0.0,0.0,0.0,0.0
2018-09-14 10:00:00,2018-09-14 11:00,1.25203,0.0,0.77019,0.003,0.47884,0.0,0.0,0.0,0.0
2018-09-14 11:00:00,2018-09-14 12:00,1.30502,0.0,0.83356,0.003,0.46846,0.0,0.0,0.0,0.0
2018-09-14 12:00:00,2018-09-14 13:00,1.40773,0.0,0.92792,0.003,0.47681,0.0,0.0,0.0,0.0
2018-09-14 13:00:00,2018-09-14 14:00,1.59971,0.0,1.11904,0.003,0.47767,0.0,0.0,0.0,0.0
2018-09-14 14:00:00,2018-09-14 15:00,1.75186,0.0,1.27116,0.003,0.4777,0.0,0.0,0.0,0.0
2018-09-14 15:00:00,2018-09-14 16:00,2.02089,0.0,1.41924,0.11851,0.48314,0.0,0.0,0.0,0.0
2018-09-14 16:00:00,2018-09-14 17:00,2.28481,0.0,1.47905,0.22025,0.58551,0.0,0.0,0.0,0.0
2018-09-14 17:00:00,2018-09-14 18:00,2.19644,0.0,1.51161,0.003,0.68183,0.0,0.0,0.0,0.0
2018-09-14 18:00:00,2018-09-14 19:00,2.66406,0.0,1.49475,0.34122,0.82809,0.0,0.0,0.0,0.0
2018-09-14 19:00:00,2018-09-14 20:00,2.4367,0.0,1.42221,0.003,1.01149,0.0,0.0,0.0,0.0
2018-09-14 20:00:00,2018-09-14 21:00,3.47804,0.0,1.34496,0.11524,2.01784,0.0,0.0,0.0,0.0
2018-09-14 21:00:00,2018-09-14 22:00,3.67302,0.0,1.21008,0.20878,2.25416,0.0,0.0,0.0,0.0
2018-09-14 22:00:00,2018-09-14 23:00,1.55434,0.0,1.05996,0.003,0.49138,0.0,0.0,0.0,0.0
2018-09-14 23:00:00,2018-09-15 00:00,1.47846,0.0,0.99861,0.003,0.47685,0.0,0.0,0.0,0.0
2018-09-15 00:00:00,2018-09-15 01:00,1.41442,0.0,0.93934,0.003,0.47208,0.0,0.0,0.0,0.0
2018-09-15 01:00:00,2018-09-15 02:00,1.37457,0.0,0.90397,0.003,0.4676,0.0,0.0,0.0,0.0
2018-09-15 02:00:00,2018-09-15 03:00,1.32569,0.0,0.86113,0.003,0.46156,0.0,0.0,0.0,0.0
2018-09-15 03:00:00,2018-09-15 04:00,1.29599,0.0,0.83551,0.003,0.45748,0.0,0.0,0.0,0.0
2018-09-15 04:00:00,2018-09-15 05:00,1.5079,0.0,0.82112,0.23692,0.44986,0.0,0.0,0.0,0.0
2018-09-15 05:00:00,2018-09-15 06:00,1.27227,0.0,0.757,0.06156,0.45371,0.0,0.0,0.0,0.0
2018-09-15 06:00:00,2018-09-15 07:00,1.24088,0.0,0.73374,0.003,0.50414,0.0,0.0,0.0,0.0
2018-09-15 07:00:00,2018-09-15 08:00,1.25227,0.0,0.72869,0.003,0.52058,0.0,0.0,0.0,0.0
2018-09-15 08:00:00,2018-09-15 09:00,1.5251,0.0,0.81827,0.11654,0.59029,0.0,0.0,0.0,0.0
2018-09-15 09:00:00,2018-09-15 10:00,1.87392,0.0,0.96979,0.22126,0.68287,0.0,0.0,0.0,0.0
2018-09-15 10:00:00,2018-09-15 11:00,3.62918,0.0,1.35243,0.003,2.27375,0.02624,0.0,0.0,0.02624
2018-09-15 11:00:00,2018-09-15 12:00,2.23029,0.0,1.48469,0.003,0.7426,0.0,0.0,0.0,0.0
2018-09-15 12:00:00,2018-09-15 13:00,2.81943,0.0,1.58946,0.46646,0.76351,0.0,0.0,0.0,0.0
2018-09-15 13:00:00,2018-09-15 14:00,2.4161,0.0,1.61965,0.003,0.79345,0.0,0.0,0.0,0.0
2018-09-15 14:00:00,2018-09-15 15:00,2.7881,0.0,1.61677,0.34734,0.82399,0.0,0.0,0.0,0.0
2018-09-15 15:00:00,2018-09-15 16:00,2.63678,0.0,1.62143,0.13234,0.88301,0.02624,0.0,0.0,0.02624
2018-09-15 16:00:00,2018-09-15 17:00,2.52705,0.0,1.61862,0.003,0.90543,0.0,0.0,0.0,0.0
2018-09-15 17:00:00,2018-09-15 18:00,2.6421,0.0,1.60235,0.11493,0.92482,0.0,0.0,0.0,0.0
2018-09-15 18:00:00,2018-09-15 19:00,4.3543,0.0,1.56702,0.43435,2.35293,0.0,0.0,0.0,0.0
2018-09-15 19:00:00,2018-09-15 20:00,4.1183,0.0,1.50356,0.003,2.61174,0.0,0.0,0.0,0.0
2018-09-15 20:00:00,2018-09-15 21:00,2.8943,0.0,1.44864,0.11359,1.33207,0.0,0.0,0.0,0.0
2018-09-15 21:00:00,2018-09-15 22:00,2.96318,0.0,1.42392,0.39981,1.13945,0.0,0.0,0.0,0.0
2018-09-15 22:00:00,2018-09-15 23:00,2.11843,0.0,1.41711,0.003,0.69832,0.0,0.0,0.0,0.0
2018-09-15 23:00:00,2018-09-16 00:00,1.94081,0.0,1.4146,0.003,0.52321,0.0,0.0,0.0,0.0
2018-09-16 00:00:00,2018-09-16 01:00,1.887,0.0,1.40345,0.003,0.48055,0.0,0.0,0.0,0.0
2018-09-16 01:00:00,2018-09-16 02:00,1.75479,0.0,1.28666,0.003,0.46513,0.0,0.0,0.0,0.0
2018-09-16 02:00:00,2018-09-16 03:00,1.59183,0.0,1.1344,0.003,0.45443,0.0,0.0,0.0,0.0
2018-09-16 03:00:00,2018-09-16 04:00,1.72758,0.0,1.04086,0.23323,0.45349,0.0,0.0,0.0,0.0
2018-09-16 04:00:00,2018-09-16 05:00,1.49464,0.0,0.94591,0.09548,0.45325,0.0,0.0,0.0,0.0
2018-09-16 05:00:00,2018-09-16 06:00,1.34247,0.0,0.88645,0.003,0.45302,0.0,0.0,0.0,0.0
2018-09-16 06:00:00,2018-09-16 07:00,1.77757,0.0,1.13192,0.003,0.64265,0.08619,0.0,0.0,0.08619
2018-09-16 07:00:00,2018-09-16 08:00,1.86857,0.0,1.00204,0.22909,0.63744,0.02248,0.0,0.0,0.02248
2018-09-16 08:00:00,2018-09-16 09:00,1.96866,0.0,0.96176,0.35976,0.64714,0.0,0.0,0.0,0.0
2018-09-16 09:00:00,2018-09-16 10:00,1.7927,0.0,1.10529,0.003,0.68441,0.0,0.0,0.0,0.0
2018-09-16 10:00:00,2018-09-16 11:00,2.00712,0.0,1.30046,0.003,0.70366,0.0,0.0,0.0,0.0
2018-09-16 11:00:00,2018-09-16 12:00,2.59602,0.0,1.48163,0.4391,0.67529,0.0,0.0,0.0,0.0
2018-09-16 12:00:00,2018-09-16 13:00,2.42872,0.0,1.54956,0.1156,0.76356,0.0,0.0,0.0,0.0
2018-09-16 13:00:00,2018-09-16 14:00,2.60007,0.0,1.55681,0.27218,0.77108,0.0,0.0,0.0,0.0
2018-09-16 14:00:00,2018-09-16 15:00,2.47333,0.0,1.56919,0.003,0.90114,0.0,0.0,0.0,0.0
2018-09-16 15:00:00,2018-09-16 16:00,4.1408,0.0,1.57721,0.003,2.56059,0.0,0.0,0.0,0.0
2018-09-16 16:00:00,2018-09-16 17:00,3.84511,0.0,1.57879,0.003,2.26332,0.02998,0.0,0.0,0.02998
2018-09-16 17:00:00,2018-09-16 18:00,2.93413,0.0,1.56957,0.34537,1.01919,0.07869,0.0,0.0,0.07869
2018-09-16 18:00:00,2018-09-16 19:00,2.52162,0.0,1.5333,0.003,0.98532,0.0,0.0,0.0,0.0
2018-09-16 19:00:00,2018-09-16 20:00,2.60181,0.0,1.4784,0.003,1.12041,0.0,0.0,0.0,0.0
2018-09-16 20:00:00,2018-09-16 21:00,2.77363,0.0,1.43868,0.003,1.33195,0.0,0.0,0.0,0.0
2018-09-16 21:00:00,2018-09-16 22:00,2.65426,0.0,1.42688,0.003,1.22438,0.0,0.0,0.0,0.0
2018-09-16 22:00:00,2018-09-16 23:00,2.68342,0.0,1.40849,0.39615,0.87878,0.0,0.0,0.0,0.0
2018-09-16 23:00:00,2018-09-17 00:00,1.9277,0.0,1.38685,0.003,0.53785,0.0,0.0,0.0,0.0
2018-09-17 00:00:00,2018-09-17 01:00,1.82336,0.0,1.33227,0.003,0.48809,0.0,0.0,0.0,0.0
2018-09-17 01:00:00,2018-09-17 02:00,1.62382,0.0,1.1555,0.003,0.46532,0.0,0.0,0.0,0.0
2018-09-17 02:00:00,2018-09-17 03:00,1.52331,0.0,1.06753,0.003,0.45278,0.0,0.0,0.0,0.0
2018-09-17 03:00:00,2018-09-17 04:00,1.76228,0.0,0.99806,0.31464,0.44958,0.0,0.0,0.0,0.0
2018-09-17 04:00:00,2018-09-17 05:00,1.51915,0.0,0.93778,0.003,0.57837,0.0,0.0,0.0,0.0
2018-09-17 05:00:00,2018-09-17 06:00,3.42484,0.0,0.96697,0.11315,2.34472,0.01124,0.0,0.0,0.01124
2018-09-17 06:00:00,2018-09-17 07:00,3.68463,0.0,0.9865,0.45496,2.24317,0.01498,0.0,0.0,0.01498
2018-09-17 07:00:00,2018-09-17 08:00,1.92567,0.0,1.04682,0.18281,0.69604,0.06745,0.0,0.0,0.06745
2018-09-17 08:00:00,2018-09-17 09:00,1.70211,0.0,1.08835,0.003,0.61076,0.06745,0.0,0.0,0.06745
2018-09-17 09:00:00,2018-09-17 10:00,1.40928,0.0,0.92095,0.003,0.48533,0.0,0.0,0.0,0.0
2018-09-17 10:00:00,2018-09-17 11:00,1.45351,0.0,0.97933,0.003,0.47118,0.0,0.0,0.0,0.0
2018-09-17 11:00:00,2018-09-17 12:00,1.51915,0.0,1.04768,0.003,0.46847,0.0,0.0,0.0,0.0
2018-09-17 12:00:00,2018-09-17 13:00,1.51117,0.0,1.03136,0.003,0.47681,0.0,0.0,0.0,0.0
2018-09-17 13:00:00,2018-09-17 14:00,1.32761,0.0,0.84693,0.003,0.47768,0.0,0.0,0.0,0.0
2018-09-17 14:00:00,2018-09-17 15:00,1.35663,0.0,0.58683,0.29211,0.47769,0.0,0.0,0.0,0.0
2018-09-17 15:00:00,2018-09-17 16:00,1.13381,0.0,0.57737,0.003,0.55344,0.0,0.0,0.0,0.0
2018-09-17 16:00:00,2018-09-17 17:00,1.23801,0.0,0.59065,0.003,0.64436,0.0,0.0,0.0,0.0
2018-09-17 17:00:00,2018-09-17 18:00,1.40825,0.0,0.61892,0.11657,0.67276,0.01124,0.0,0.0,0.01124
2018-09-17 18:00:00,2018-09-17 19:00,1.80502,0.0,0.66065,0.2219,0.92247,0.01498,0.0,0.0,0.01498
2018-09-17 19:00:00,2018-09-17 20:00,1.6184,0.0,0.64661,0.003,0.96879,0.0,0.0,0.0,0.0
2018-09-17 20:00:00,2018-09-17 21:00,1.50289,0.0,0.59343,0.003,0.90646,0.0,0.0,0.0,0.0
2018-09-17 21:00:00,2018-09-17 22:00,1.35955,0.0,0.5382,0.003,0.81835,0.0,0.0,0.0,0.0
2018-09-17 22:00:00,2018-09-17 23:00,1.33712,0.0,0.50644,0.23343,0.59725,0.0,0.0,0.0,0.0
2018-09-17 23:00:00,2018-09-18 00:00,1.05442,0.0,0.47675,0.10095,0.47672,0.0,0.0,0.0,0.0
2018-09-18 00:00:00,2018-09-18 01:00,0.96441,0.0,0.49057,0.003,0.47084,0.0,0.0,0.0,0.0
2018-09-18 01:00:00,2018-09-18 02:00,0.93116,0.0,0.46177,0.003,0.46639,0.0,0.0,0.0,0.0
2018-09-18 02:00:00,2018-09-18 03:00,0.8993,0.0,0.43598,0.003,0.46032,0.0,0.0,0.0,0.0
2018-09-18 03:00:00,2018-09-18 04:00,0.87448,0.0,0.41863,0.003,0.45285,0.0,0.0,0.0,0.0
2018-09-18 04:00:00,2018-09-18 05:00,1.17655,0.0,0.47855,0.23032,0.46768,0.02622,0.0,0.0,0.02622
2018-09-18 05:00:00,2018-09-18 06:00,1.17269,0.0,0.39896,0.30746,0.46627,0.0,0.0,0.0,0.0
2018-09-18 06:00:00,2018-09-18 07:00,1.04959,0.0,0.38294,0.11537,0.55128,0.0,0.0,0.0,0.0
2018-09-18 07:00:00,2018-09-18 08:00,1.36506,0.0,0.38464,0.44061,0.53981,0.0,0.0,0.0,0.0
2018-09-18 08:00:00,2018-09-18 09:00,1.32378,0.0,0.36911,0.003,0.95167,0.0,0.0,0.0,0.0
2018-09-18 09:00:00,2018-09-18 10:00,3.06698,0.0,0.34509,0.003,2.71889,0.0,0.0,0.0,0.0
2018-09-18 10:00:00,2018-09-18 11:00,1.17337,0.0,0.37603,0.11575,0.68159,0.0,0.0,0.0,0.0
2018-09-18 11:00:00,2018-09-18 12:00,1.16503,0.0,0.3866,0.21143,0.567,0.0,0.0,0.0,0.0
2018-09-18 12:00:00,2018-09-18 13:00,0.88481,0.0,0.3843,0.003,0.49751,0.0,0.0,0.0,0.0
2018-09-18 13:00:00,2018-09-18 14:00,0.91314,0.0,0.43247,0.003,0.47767,0.0,0.0,0.0,0.0
2018-09-18 14:00:00,2018-09-18 15:00,0.94125,0.0,0.46057,0.003,0.47768,0.0,0.0,0.0,0.0
2018-09-18 15:00:00,2018-09-18 16:00,0.93816,0.0,0.45954,0.003,0.47562,0.0,0.0,0.0,0.0
2018-09-18 16:00:00,2018-09-18 17:00,1.26026,0.0,0.47251,0.23239,0.55536,0.0,0.0,0.0,0.0
2018-09-18 17:00:00,2018-09-18 18:00,1.17788,0.0,0.47153,0.10626,0.60009,0.0,0.0,0.0,0.0
2018-09-18 18:00:00,2018-09-18 19:00,1.26487,0.0,0.46639,0.003,0.79548,0.0,0.0,0.0,0.0
2018-09-18 19:00:00,2018-09-18 20:00,1.73292,0.0,0.66265,0.003,1.06727,0.05433,0.0,0.0,0.05433
2018-09-18 20:00:00,2018-09-18 21:00,1.6536,0.0,0.54477,0.003,1.10583,0.0,0.0,0.0,0.0
2018-09-18 21:00:00,2018-09-18 22:00,1.58142,0.0,0.51104,0.003,1.06738,0.0,0.0,0.0,0.0
2018-09-18 22:00:00,2018-09-18 23:00,1.50462,0.0,0.45144,0.38702,0.66616,0.0,0.0,0.0,0.0
2018-09-18 23:00:00,2018-09-19 00:00,0.92883,0.0,0.41145,0.003,0.51438,0.0,0.0,0.0,0.0
2018-09-19 00:00:00,2018-09-19 01:00,0.81054,0.0,0.33532,0.003,0.47222,0.0,0.0,0.0,0.0
2018-09-19 01:00:00,2018-09-19 02:00,0.80246,0.0,0.33309,0.003,0.46637,0.0,0.0,0.0,0.0
2018-09-19 02:00:00,2018-09-19 03:00,0.7795,0.0,0.31619,0.003,0.46031,0.0,0.0,0.0,0.0
2018-09-19 03:00:00,2018-09-19 04:00,0.76166,0.0,0.30052,0.003,0.45814,0.0,0.0,0.0,0.0
2018-09-19 04:00:00,2018-09-19 05:00,0.98403,0.0,0.29917,0.23519,0.44967,0.0,0.0,0.0,0.0
2018-09-19 05:00:00,2018-09-19 06:00,1.08685,0.0,0.28149,0.33908,0.46628,0.0,0.0,0.0,0.0
2018-09-19 06:00:00,2018-09-19 07:00,0.92273,0.0,0.24533,0.1142,0.5632,0.0,0.0,0.0,0.0
2018-09-19 07:00:00,2018-09-19 08:00,1.41064,0.0,0.29371,0.46764,0.64929,0.0,0.0,0.0,0.0
2018-09-19 08:00:00,2018-09-19 09:00,0.97969,0.0,0.2668,0.10131,0.61158,0.0,0.0,0.0,0.0
2018-09-19 09:00:00,2018-09-19 10:00,0.77758,0.0,0.19598,0.003,0.5786,0.0,0.0,0.0,0.0
2018-09-19 10:00:00,2018-09-19 11:00,0.84372,0.0,0.12602,0.2311,0.4866,0.0,0.0,0.0,0.0
2018-09-19 11:00:00,2018-09-19 12:00,0.69064,0.0,0.12276,0.09943,0.46845,0.0,0.0,0.0,0.0
2018-09-19 12:00:00,2018-09-19 13:00,0.64339,0.0,0.16359,0.003,0.4768,0.0,0.0,0.0,0.0
2018-09-19 13:00:00,2018-09-19 14:00,0.65405,0.0,0.17338,0.003,0.47767,0.0,0.0,0.0,0.0
2018-09-19 14:00:00,2018-09-19 15:00,0.68211,0.0,0.20144,0.003,0.47767,0.0,0.0,0.0,0.0
2018-09-19 15:00:00,2018-09-19 16:00,1.14758,0.0,0.53392,0.003,0.61066,0.08058,0.0,0.0,0.08058
2018-09-19 16:00:00,2018-09-19 17:00,0.88047,0.0,0.31064,0.003,0.56683,0.0,0.0,0.0,0.0
2018-09-19 17:00:00,2018-09-19 18:00,1.31988,0.0,0.35888,0.30236,0.65864,0.0,0.0,0.0,0.0
2018-09-19 18:00:00,2018-09-19 19:00,1.26187,0.0,0.37521,0.003,0.88366,0.03935,0.0,0.0,0.03935
2018-09-19 19:00:00,2018-09-19 20:00,1.50938,0.0,0.45221,0.003,1.05417,0.04123,0.0,0.0,0.04123
2018-09-19 20:00:00,2018-09-19 21:00,1.55901,0.0,0.3312,0.003,1.22481,0.0,0.0,0.0,0.0
2018-09-19 21:00:00,2018-09-19 22:00,1.53475,0.0,0.29964,0.003,1.23211,0.0,0.0,0.0,0.0
2018-09-19 22:00:00,2018-09-19 23:00,0.88288,0.0,0.23523,0.003,0.64465,0.0,0.0,0.0,0.0
2018-09-19 23:00:00,2018-09-20 00:00,0.65989,0.0,0.18016,0.003,0.47673,0.0,0.0,0.0,0.0
2018-09-20 00:00:00,2018-09-20 01:00,0.69315,0.0,0.21932,0.003,0.47083,0.0,0.0,0.0,0.0
2018-09-20 01:00:00,2018-09-20 02:00,0.66875,0.0,0.19938,0.003,0.46637,0.0,0.0,0.0,0.0
2018-09-20 02:00:00,2018-09-20 03:00,0.64976,0.0,0.18645,0.003,0.46031,0.0,0.0,0.0,0.0
2018-09-20 03:00:00,2018-09-20 04:00,0.65575,0.0,0.1946,0.003,0.45815,0.0,0.0,0.0,0.0
2018-09-20 04:00:00,2018-09-20 05:00,0.94583,0.0,0.22139,0.26078,0.46366,0.01124,0.0,0.0,0.01124
2018-09-20 05:00:00,2018-09-20 06:00,0.75246,0.0,0.26136,0.003,0.4881,0.02622,0.0,0.0,0.02622
2018-09-20 06:00:00,2018-09-20 07:00,1.11614,0.0,0.20145,0.35409,0.5606,0.01498,0.0,0.0,0.01498
2018-09-20 07:00:00,2018-09-20 08:00,0.70727,0.0,0.17233,0.01004,0.5249,0.0,0.0,0.0,0.0
2018-09-20 08:00:00,2018-09-20 09:00,0.77683,0.0,0.14623,0.1166,0.514,0.0,0.0,0.0,0.0
2018-09-20 09:00:00,2018-09-20 10:00,0.84457,0.0,0.13426,0.21487,0.49544,0.0,0.0,0.0,0.0
2018-09-20 10:00:00,2018-09-20 11:00,0.9129,0.0,0.16132,0.22919,0.52239,0.0,0.0,0.0,0.0
2018-09-20 11:00:00,2018-09-20 12:00,0.86386,0.0,0.16731,0.20741,0.48914,0.0,0.0,0.0,0.0
2018-09-20 12:00:00,2018-09-20 13:00,0.65517,0.0,0.17536,0.003,0.47681,0.0,0.0,0.0,0.0
2018-09-20 13:00:00,2018-09-20 14:00,0.66543,0.0,0.18477,0.003,0.47766,0.0,0.0,0.0,0.0
2018-09-20 14:00:00,2018-09-20 15:00,0.67878,0.0,0.1981,0.003,0.47768,0.0,0.0,0.0,0.0
2018-09-20 15:00:00,2018-09-20 16:00,0.7721,0.0,0.23139,0.003,0.53771,0.0,0.0,0.0,0.0
2018-09-20 16:00:00,2018-09-20 17:00,1.03058,0.0,0.357,0.003,0.67058,0.02622,0.0,0.0,0.02622
2018-09-20 17:00:00,2018-09-20 18:00,1.24198,0.0,0.31192,0.23438,0.69568,0.0,0.0,0.0,0.0
2018-09-20 18:00:00,2018-09-20 19:00,1.3645,0.0,0.31088,0.25623,0.79739,0.0,0.0,0.0,0.0
2018-09-20 19:00:00,2018-09-20 20:00,1.37238,0.0,0.43577,0.003,0.93361,0.02622,0.0,0.0,0.02622
2018-09-20 20:00:00,2018-09-20 21:00,1.54843,0.0,0.41997,0.003,1.12546,0.0,0.0,0.0,0.0
2018-09-20 21:00:00,2018-09-20 22:00,1.7598,0.0,0.44794,0.11696,1.1949,0.0,0.0,0.0,0.0
2018-09-20 22:00:00,2018-09-20 23:00,1.37458,0.0,0.38566,0.25949,0.72943,0.0,0.0,0.0,0.0
2018-09-20 23:00:00,2018-09-21 00:00,0.90445,0.0,0.34993,0.003,0.55152,0.0,0.0,0.0,0.0
2018-09-21 00:00:00,2018-09-21 01:00,0.72368,0.0,0.24171,0.003,0.47897,0.0,0.0,0.0,0.0
2018-09-21 01:00:00,2018-09-21 02:00,0.55626,0.0,0.08947,0.003,0.46379,0.0,0.0,0.0,0.0
2018-09-21 02:00:00,2018-09-21 03:00,0.51065,0.0,0.05033,0.003,0.45732,0.0,0.0,0.0,0.0
2018-09-21 03:00:00,2018-09-21 04:00,0.48053,0.0,0.01939,0.003,0.45814,0.0,0.0,0.0,0.0
2018-09-21 04:00:00,2018-09-21 05:00,0.45496,0.0,0.0,0.003,0.45196,0.0,0.0,0.0,0.0
2018-09-21 05:00:00,2018-09-21 06:00,0.45463,0.0,0.0,0.003,0.45163,0.0,0.0,0.0,0.0
2018-09-21 06:00:00,2018-09-21 07:00,0.7401,0.0,0.0,0.23739,0.50271,0.0,0.0,0.0,0.0
2018-09-21 07:00:00,2018-09-21 08:00,0.61068,0.0,0.0,0.09594,0.51474,0.0,0.0,0.0,0.0
2018-09-21 08:00:00,2018-09-21 09:00,0.51422,0.0,0.0,0.003,0.51122,0.0,0.0,0.0,0.0
2018-09-21 09:00:00,2018-09-21 10:00,0.88,0.0,0.0,0.35256,0.52744,0.0,0.0,0.0,0.0
2018-09-21 10:00:00,2018-09-21 11:00,0.59759,0.0,0.0,0.08891,0.50868,0.0,0.0,0.0,0.0
2018-09-21 11:00:00,2018-09-21 12:00,0.5076,0.0,0.0,0.003,0.5046,0.01124,0.0,0.0,0.01124
2018-09-21 12:00:00,2018-09-21 13:00,0.54593,0.0,0.0,0.003,0.54293,0.01498,0.0,0.0,0.01498
2018-09-21 13:00:00,2018-09-21 14:00,0.48799,0.0,0.0,0.003,0.48499,0.0,0.0,0.0,0.0
2018-09-21 14:00:00,2018-09-21 15:00,0.47979,0.0,0.0,0.003,0.47679,0.0,0.0,0.0,0.0
2018-09-21 15:00:00,2018-09-21 16:00,0.48554,0.0,0.0,0.003,0.48254,0.0,0.0,0.0,0.0
2018-09-21 16:00:00,2018-09-21 17:00,1.07569,0.0,0.11902,0.33569,0.62098,0.05433,0.0,0.0,0.05433
2018-09-21 17:00:00,2018-09-21 18:00,0.63621,0.0,0.03311,0.003,0.6001,0.0,0.0,0.0,0.0
2018-09-21 18:00:00,2018-09-21 19:00,0.74744,0.0,0.04546,0.003,0.69898,0.01124,0.0,0.0,0.01124
2018-09-21 19:00:00,2018-09-21 20:00,1.62827,0.0,0.16545,0.45922,1.0036,0.01498,0.0,0.0,0.01498
2018-09-21 20:00:00,2018-09-21 21:00,1.20742,0.02387,0.07473,0.003,1.10582,0.0,0.0,0.0,0.0
2018-09-21 21:00:00,2018-09-21 22:00,1.12713,0.04918,0.01942,0.003,1.05553,0.0,0.0,0.0,0.0
2018-09-21 22:00:00,2018-09-21 23:00,0.73096,0.05,0.0,0.003,0.67796,0.0,0.0,0.0,0.0
2018-09-21 23:00:00,2018-09-22 00:00,0.56742,0.05,0.0,0.003,0.51442,0.0,0.0,0.0,0.0
2018-09-22 00:00:00,2018-09-22 01:00,0.53002,0.05,0.0,0.003,0.47702,0.0,0.0,0.0,0.0
2018-09-22 01:00:00,2018-09-22 02:00,0.82821,0.05,0.0,0.31129,0.46692,0.0,0.0,0.0,0.0
2018-09-22 02:00:00,2018-09-22 03:00,0.53786,0.05,0.0,0.003,0.48486,0.02624,0.0,0.0,0.02624
2018-09-22 03:00:00,2018-09-22 04:00,0.50565,0.05,0.0,0.003,0.45265,0.0,0.0,0.0,0.0
2018-09-22 04:00:00,2018-09-22 05:00,0.50516,0.05,0.0,0.003,0.45216,0.0,0.0,0.0,0.0
2018-09-22 05:00:00,2018-09-22 06:00,0.5045,0.05,0.0,0.003,0.4515,0.0,0.0,0.0,0.0
2018-09-22 06:00:00,2018-09-22 07:00,0.55496,0.05,0.0,0.003,0.50196,0.0,0.0,0.0,0.0
2018-09-22 07:00:00,2018-09-22 08:00,0.72078,0.05,0.0,0.11609,0.55469,0.0,0.0,0.0,0.0
2018-09-22 08:00:00,2018-09-22 09:00,0.91707,0.0375,0.0,0.2283,0.65127,0.02998,0.0,0.0,0.02998
2018-09-22 09:00:00,2018-09-22 10:00,0.81039,0.0,0.0,0.003,0.80739,0.07869,0.0,0.0,0.07869
2018-09-22 10:00:00,2018-09-22 11:00,1.89167,0.0,0.0,0.003,1.88867,0.0,0.0,0.0,0.0
2018-09-22 11:00:00,2018-09-22 12:00,2.86482,0.0,0.0,0.003,2.86182,0.0,0.0,0.0,0.0
2018-09-22 12:00:00,2018-09-22 13:00,1.3616,0.0,0.01181,0.40742,0.94237,0.0,0.0,0.0,0.0
2018-09-22 13:00:00,2018-09-22 14:00,0.99233,0.0,0.19639,0.003,0.79294,0.0,0.0,0.0,0.0
2018-09-22 14:00:00,2018-09-22 15:00,1.2349,0.0,0.29774,0.11407,0.82309,0.0,0.0,0.0,0.0
2018-09-22 15:00:00,2018-09-22 16:00,1.5823,0.0,0.38801,0.34035,0.85394,0.0,0.0,0.0,0.0
2018-09-22 16:00:00,2018-09-22 17:00,1.23965,0.0,0.43631,0.003,0.80034,0.0,0.0,0.0,0.0
2018-09-22 17:00:00,2018-09-22 18:00,1.23655,0.0,0.41281,0.003,0.82074,0.0,0.0,0.0,0.0
2018-09-22 18:00:00,2018-09-22 19:00,1.30196,0.0,0.35021,0.11475,0.837,0.0,0.0,0.0,0.0
2018-09-22 19:00:00,2018-09-22 20:00,1.48871,0.0,0.32169,0.28661,0.88041,0.0,0.0,0.0,0.0
2018-09-22 20:00:00,2018-09-22 21:00,1.20099,0.0,0.27741,0.003,0.92058,0.0,0.0,0.0,0.0
2018-09-22 21:00:00,2018-09-22 22:00,1.11006,0.0,0.24377,0.003,0.86329,0.0,0.0,0.0,0.0
2018-09-22 22:00:00,2018-09-22 23:00,0.88106,0.0,0.19275,0.003,0.68531,0.0,0.0,0.0,0.0
2018-09-22 23:00:00,2018-09-23 00:00,0.66689,0.0,0.14888,0.003,0.51501,0.0,0.0,0.0,0.0
2018-09-23 00:00:00,2018-09-23 01:00,0.62615,0.0,0.1345,0.003,0.48865,0.0,0.0,0.0,0.0
2018-09-23 01:00:00,2018-09-23 02:00,0.79909,0.0,0.10153,0.2325,0.46506,0.0,0.0,0.0,0.0
2018-09-23 02:00:00,2018-09-23 03:00,0.63955,0.0,0.08315,0.10197,0.45443,0.0,0.0,0.0,0.0
2018-09-23 03:00:00,2018-09-23 04:00,0.51378,0.0,0.05729,0.003,0.45349,0.0,0.0,0.0,0.0
2018-09-23 04:00:00,2018-09-23 05:00,0.4796,0.0,0.02336,0.003,0.45324,0.0,0.0,0.0,0.0
2018-09-23 05:00:00,2018-09-23 06:00,0.45735,0.0,0.00135,0.003,0.453,0.0,0.0,0.0,0.0
2018-09-23 06:00:00,2018-09-23 07:00,0.50781,0.0,0.0,0.003,0.50481,0.0,0.0,0.0,0.0
2018-09-23 07:00:00,2018-09-23 08:00,0.94883,0.0,0.0,0.34447,0.60436,0.0,0.0,0.0,0.0
2018-09-23 08:00:00,2018-09-23 09:00,0.85975,0.0,0.04645,0.1662,0.6471,0.0,0.0,0.0,0.0
2018-09-23 09:00:00,2018-09-23 10:00,0.76352,0.0,0.12773,0.003,0.63279,0.0,0.0,0.0,0.0
2018-09-23 10:00:00,2018-09-23 11:00,1.1383,0.0,0.21572,0.34772,0.57486,0.0,0.0,0.0,0.0
2018-09-23 11:00:00,2018-09-23 12:00,1.14425,0.0,0.35083,0.05841,0.73501,0.0,0.0,0.0,0.0
2018-09-23 12:00:00,2018-09-23 13:00,2.99535,0.0,0.50249,0.11452,2.37834,0.0,0.0,0.0,0.0
2018-09-23 13:00:00,2018-09-23 14:00,2.61833,0.0,0.60365,0.45256,1.56212,0.0,0.0,0.0,0.0
2018-09-23 14:00:00,2018-09-23 15:00,1.53482,0.0,0.70874,0.003,0.82308,0.0,0.0,0.0,0.0
2018-09-23 15:00:00,2018-09-23 16:00,1.58949,0.0,0.80406,0.003,0.78243,0.0,0.0,0.0,0.0
2018-09-23 16:00:00,2018-09-23 17:00,1.8039,0.0,0.8609,0.11324,0.82976,0.0,0.0,0.0,0.0
2018-09-23 17:00:00,2018-09-23 18:00,2.15595,0.0,0.89715,0.25899,0.99981,0.02624,0.0,0.0,0.02624
2018-09-23 18:00:00,2018-09-23 19:00,1.90976,0.0,0.77889,0.003,1.12787,0.0,0.0,0.0,0.0
2018-09-23 19:00:00,2018-09-23 20:00,1.97449,0.0,0.72533,0.003,1.24616,0.0,0.0,0.0,0.0
2018-09-23 20:00:00,2018-09-23 21:00,2.0248,0.0,0.69128,0.003,1.33052,0.0,0.0,0.0,0.0
2018-09-23 21:00:00,2018-09-23 22:00,1.79753,0.0,0.60452,0.003,1.19001,0.0,0.0,0.0,0.0
2018-09-23 22:00:00,2018-09-23 23:00,1.6367,0.0,0.48307,0.39681,0.75682,0.0,0.0,0.0,0.0
2018-09-23 23:00:00,2018-09-24 00:00,0.94949,0.0,0.39704,0.003,0.54945,0.0,0.0,0.0,0.0
2018-09-24 00:00:00,2018-09-24 01:00,0.75381,0.0,0.26767,0.003,0.48314,0.0,0.0,0.0,0.0
2018-09-24 01:00:00,2018-09-24 02:00,0.72922,0.0,0.25983,0.003,0.46639,0.0,0.0,0.0,0.0
2018-09-24 02:00:00,2018-09-24 03:00,1.01265,0.0,0.22948,0.32285,0.46032,0.0,0.0,0.0,0.0
2018-09-24 03:00:00,2018-09-24 04:00,0.62785,0.0,0.16672,0.003,0.45813,0.0,0.0,0.0,0.0
2018-09-24 04:00:00,2018-09-24 05:00,0.57532,0.0,0.12034,0.003,0.45198,0.0,0.0,0.0,0.0
2018-09-24 05:00:00,2018-09-24 06:00,0.57076,0.0,0.09875,0.003,0.46901,0.01124,0.0,0.0,0.01124
2018-09-24 06:00:00,2018-09-24 07:00,1.01774,0.0,0.2591,0.11424,0.6444,0.09744,0.0,0.0,0.09744
2018-09-24 07:00:00,2018-09-24 08:00,1.06308,0.0,0.06885,0.46598,0.52825,0.0,0.0,0.0,0.0
2018-09-24 08:00:00,2018-09-24 09:00,0.5895,0.0,0.0982,0.0112,0.4801,0.0,0.0,0.0,0.0
2018-09-24 09:00:00,2018-09-24 10:00,0.65538,0.0,0.14195,0.003,0.51043,0.0,0.0,0.0,0.0
2018-09-24 10:00:00,2018-09-24 11:00,0.67135,0.0,0.19719,0.003,0.47116,0.0,0.0,0.0,0.0
2018-09-24 11:00:00,2018-09-24 12:00,0.84431,0.0,0.37285,0.003,0.46846,0.0,0.0,0.0,0.0
2018-09-24 12:00:00,2018-09-24 13:00,0.96528,0.0,0.48545,0.003,0.47683,0.0,0.0,0.0,0.0
2018-09-24 13:00:00,2018-09-24 14:00,1.36329,0.0,0.57822,0.30742,0.47765,0.0,0.0,0.0,0.0
2018-09-24 14:00:00,2018-09-24 15:00,1.12143,0.0,0.64074,0.003,0.47769,0.0,0.0,0.0,0.0
2018-09-24 15:00:00,2018-09-24 16:00,1.13675,0.0,0.65815,0.003,0.4756,0.0,0.0,0.0,0.0
2018-09-24 16:00:00,2018-09-24 17:00,1.19368,0.0,0.65433,0.003,0.53635,0.0,0.0,0.0,0.0
2018-09-24 17:00:00,2018-09-24 18:00,1.70288,0.0,0.67189,0.34919,0.6818,0.0,0.0,0.0,0.0
2018-09-24 18:00:00,2018-09-24 19:00,2.03136,0.0,0.93895,0.09155,1.00086,0.09556,0.0,0.0,0.09556
2018-09-24 19:00:00,2018-09-24 20:00,1.72827,0.0,0.6385,0.003,1.08677,0.01312,0.0,0.0,0.01312
2018-09-24 20:00:00,2018-09-24 21:00,2.35065,0.0,0.58336,0.46309,1.3042,0.0,0.0,0.0,0.0
2018-09-24 21:00:00,2018-09-24 22:00,1.83552,0.0,0.52603,0.06549,1.244,0.0,0.0,0.0,0.0
2018-09-24 22:00:00,2018-09-24 23:00,1.24105,0.0,0.42036,0.003,0.81769,0.0,0.0,0.0,0.0
2018-09-24 23:00:00,2018-09-25 00:00,0.88853,0.0,0.33312,0.003,0.55241,0.0,0.0,0.0,0.0
2018-09-25 00:00:00,2018-09-25 01:00,0.82851,0.0,0.33759,0.003,0.48792,0.0,0.0,0.0,0.0
2018-09-25 01:00:00,2018-09-25 02:00,0.7559,0.0,0.28654,0.003,0.46636,0.0,0.0,0.0,0.0
2018-09-25 02:00:00,2018-09-25 03:00,0.69233,0.0,0.22901,0.003,0.46032,0.0,0.0,0.0,0.0
2018-09-25 03:00:00,2018-09-25 04:00,0.63113,0.0,0.16998,0.003,0.45815,0.0,0.0,0.0,0.0
2018-09-25 04:00:00,2018-09-25 05:00,0.56863,0.0,0.11319,0.003,0.45244,0.0,0.0,0.0,0.0
2018-09-25 05:00:00,2018-09-25 06:00,0.98024,0.0,0.08621,0.43521,0.45882,0.0,0.0,0.0,0.0
2018-09-25 06:00:00,2018-09-25 07:00,0.64591,0.0,0.00491,0.11398,0.52702,0.0,0.0,0.0,0.0
2018-09-25 07:00:00,2018-09-25 08:00,0.87219,0.0,0.0,0.36591,0.50628,0.0,0.0,0.0,0.0
2018-09-25 08:00:00,2018-09-25 09:00,0.478,0.0,0.0,0.003,0.475,0.0,0.0,0.0,0.0
2018-09-25 09:00:00,2018-09-25 10:00,0.48057,0.0,0.0,0.003,0.47757,0.0,0.0,0.0,0.0
2018-09-25 10:00:00,2018-09-25 11:00,0.4738,0.0,0.0,0.003,0.4708,0.0,0.0,0.0,0.0
2018-09-25 11:00:00,2018-09-25 12:00,0.47108,0.0,0.0,0.003,0.46808,0.0,0.0,0.0,0.0
2018-09-25 12:00:00,2018-09-25 13:00,0.47943,0.0,0.0,0.003,0.47643,0.0,0.0,0.0,0.0
2018-09-25 13:00:00,2018-09-25 14:00,0.48028,0.0,0.0,0.003,0.47728,0.0,0.0,0.0,0.0
2018-09-25 14:00:00,2018-09-25 15:00,0.4802,0.0,0.0,0.003,0.4772,0.0,0.0,0.0,0.0
2018-09-25 15:00:00,2018-09-25 16:00,0.51693,0.0,0.0,0.003,0.51393,0.0,0.0,0.0,0.0
2018-09-25 16:00:00,2018-09-25 17:00,0.79031,0.0,0.0,0.23319,0.55712,0.0,0.0,0.0,0.0
2018-09-25 17:00:00,2018-09-25 18:00,0.66641,0.0,0.0,0.12672,0.53969,0.0,0.0,0.0,0.0
2018-09-25 18:00:00,2018-09-25 19:00,0.67414,0.0,0.0,0.003,0.67114,0.0,0.0,0.0,0.0
2018-09-25 19:00:00,2018-09-25 20:00,0.76456,0.0,0.0,0.003,0.76156,0.0,0.0,0.0,0.0
2018-09-25 20:00:00,2018-09-25 21:00,1.27453,0.0,0.0,0.34806,0.92647,0.0,0.0,0.0,0.0
2018-09-25 21:00:00,2018-09-25 22:00,0.89785,0.05,0.0,0.07874,0.76911,0.0,0.0,0.0,0.0
2018-09-25 22:00:00,2018-09-25 23:00,0.66528,0.05,0.0,0.003,0.61228,0.01124,0.0,0.0,0.01124
2018-09-25 23:00:00,2018-09-26 00:00,0.6103,0.05,0.0,0.003,0.5573,0.04308,0.0,0.0,0.04308
2018-09-26 00:00:00,2018-09-26 01:00,0.53154,0.05,0.0,0.003,0.47854,0.0,0.0,0.0,0.0
2018-09-26 01:00:00,2018-09-26 02:00,0.50354,0.0375,0.0,0.003,0.46304,0.0,0.0,0.0,0.0
2018-09-26 02:00:00,2018-09-26 03:00,0.84127,0.0,0.0,0.38841,0.45286,0.0,0.0,0.0,0.0
2018-09-26 03:00:00,2018-09-26 04:00,0.46022,0.0,0.0,0.003,0.45722,0.0,0.0,0.0,0.0
2018-09-26 04:00:00,2018-09-26 05:00,0.50395,0.05,0.0,0.003,0.45095,0.0,0.0,0.0,0.0
2018-09-26 05:00:00,2018-09-26 06:00,0.50991,0.05,0.0,0.003,0.45691,0.0,0.0,0.0,0.0
2018-09-26 06:00:00,2018-09-26 07:00,0.80358,0.05,0.0,0.22856,0.52502,0.0,0.0,0.0,0.0
2018-09-26 07:00:00,2018-09-26 08:00,0.87387,0.05,0.0,0.27101,0.55286,0.0,0.0,0.0,0.0
2018-09-26 08:00:00,2018-09-26 09:00,0.79831,0.05,0.0,0.22621,0.5221,0.0,0.0,0.0,0.0
2018-09-26 09:00:00,2018-09-26 10:00,0.74964,0.0375,0.0,0.1858,0.52634,0.0,0.0,0.0,0.0
2018-09-26 10:00:00,2018-09-26 11:00,0.51834,0.0,0.0,0.003,0.51534,0.0,0.0,0.0,0.0
2018-09-26 11:00:00,2018-09-26 12:00,0.46997,0.0,0.0,0.003,0.46697,0.0,0.0,0.0,0.0
2018-09-26 12:00:00,2018-09-26 13:00,0.47864,0.0,0.0,0.003,0.47564,0.0,0.0,0.0,0.0
2018-09-26 13:00:00,2018-09-26 14:00,0.47991,0.0,0.0,0.003,0.47691,0.0,0.0,0.0,0.0
2018-09-26 14:00:00,2018-09-26 15:00,0.48016,0.0,0.0,0.003,0.47716,0.0,0.0,0.0,0.0
2018-09-26 15:00:00,2018-09-26 16:00,0.50149,0.0,0.0,0.003,0.49849,0.0,0.0,0.0,0.0
2018-09-26 16:00:00,2018-09-26 17:00,2.13174,0.0,0.14718,0.003,1.98156,0.0,0.0,0.0,0.0
2018-09-26 17:00:00,2018-09-26 18:00,3.51065,0.0,0.22912,0.34833,2.9332,0.02622,0.0,0.0,0.02622
2018-09-26 18:00:00,2018-09-26 19:00,2.56576,0.0,0.11487,0.09752,2.35337,0.0,0.0,0.0,0.0
2018-09-26 19:00:00,2018-09-26 20:00,0.97284,0.0,0.1231,0.003,0.84674,0.0,0.0,0.0,0.0
2018-09-26 20:00:00,2018-09-26 21:00,1.79656,0.0,0.25928,0.34444,1.19284,0.06745,0.0,0.0,0.06745
2018-09-26 21:00:00,2018-09-26 22:00,1.05749,0.0,0.14473,0.003,0.90976,0.01312,0.0,0.0,0.01312
2018-09-26 22:00:00,2018-09-26 23:00,0.65197,0.0,0.05174,0.003,0.59723,0.0,0.0,0.0,0.0
2018-09-26 23:00:00,2018-09-27 00:00,0.49076,0.0,0.01102,0.003,0.47674,0.0,0.0,0.0,0.0
2018-09-27 00:00:00,2018-09-27 01:00,0.53898,0.0,0.06514,0.003,0.47084,0.0,0.0,0.0,0.0
2018-09-27 01:00:00,2018-09-27 02:00,0.52471,0.0,0.05535,0.003,0.46636,0.0,0.0,0.0,0.0
2018-09-27 02:00:00,2018-09-27 03:00,0.50842,0.0,0.04511,0.003,0.46031,0.0,0.0,0.0,0.0
2018-09-27 03:00:00,2018-09-27 04:00,0.4903,0.0,0.02918,0.003,0.45812,0.0,0.0,0.0,0.0
2018-09-27 04:00:00,2018-09-27 05:00,0.48814,0.0,0.03315,0.003,0.45199,0.0,0.0,0.0,0.0
2018-09-27 05:00:00,2018-09-27 06:00,0.71232,0.0,0.01889,0.23212,0.46131,0.0,0.0,0.0,0.0
2018-09-27 06:00:00,2018-09-27 07:00,0.77256,0.0,0.0,0.2333,0.53926,0.0,0.0,0.0,0.0
2018-09-27 07:00:00,2018-09-27 08:00,0.74443,0.0,0.0,0.22265,0.52178,0.0,0.0,0.0,0.0
2018-09-27 08:00:00,2018-09-27 09:00,0.81381,0.0,0.0,0.29516,0.51865,0.0,0.0,0.0,0.0
2018-09-27 09:00:00,2018-09-27 10:00,0.48048,0.0,0.0,0.003,0.47748,0.0,0.0,0.0,0.0
2018-09-27 10:00:00,2018-09-27 11:00,0.4738,0.0,0.0,0.003,0.4708,0.0,0.0,0.0,0.0
2018-09-27 11:00:00,2018-09-27 12:00,0.47114,0.0,0.0,0.003,0.46814,0.0,0.0,0.0,0.0
2018-09-27 12:00:00,2018-09-27 13:00,0.47956,0.0,0.0,0.003,0.47656,0.0,0.0,0.0,0.0
2018-09-27 13:00:00,2018-09-27 14:00,0.48054,0.0,0.0,0.003,0.47754,0.0,0.0,0.0,0.0
2018-09-27 14:00:00,2018-09-27 15:00,0.52281,0.0,0.04212,0.003,0.47769,0.0,0.0,0.0,0.0
2018-09-27 15:00:00,2018-09-27 16:00,0.57939,0.0,0.0544,0.003,0.52199,0.0,0.0,0.0,0.0
2018-09-27 16:00:00,2018-09-27 17:00,1.06936,0.0,0.07701,0.348,0.64435,0.0,0.0,0.0,0.0
2018-09-27 17:00:00,2018-09-27 18:00,1.17235,0.0,0.10185,0.32853,0.74197,0.0,0.0,0.0,0.0
2018-09-27 18:00:00,2018-09-27 19:00,0.88435,0.0,0.05337,0.003,0.82798,0.0,0.0,0.0,0.0
2018-09-27 19:00:00,2018-09-27 20:00,1.06741,0.0,0.0758,0.003,0.98861,0.0,0.0,0.0,0.0
2018-09-27 20:00:00,2018-09-27 21:00,1.37859,0.0,0.05118,0.2216,1.10581,0.0,0.0,0.0,0.0
2018-09-27 21:00:00,2018-09-27 22:00,1.47533,0.0,0.01718,0.4026,1.05555,0.0,0.0,0.0,0.0
2018-09-27 22:00:00,2018-09-27 23:00,0.62206,0.0,0.0,0.003,0.61906,0.0,0.0,0.0,0.0
2018-09-27 23:00:00,2018-09-28 00:00,0.51058,0.025,0.0,0.003,0.48258,0.0,0.0,0.0,0.0
2018-09-28 00:00:00,2018-09-28 01:00,0.52324,0.05,0.0,0.003,0.47024,0.0,0.0,0.0,0.0
2018-09-28 01:00:00,2018-09-28 02:00,0.51843,0.05,0.0,0.003,0.46543,0.0,0.0,0.0,0.0
2018-09-28 02:00:00,2018-09-28 03:00,0.51224,0.05,0.0,0.003,0.45924,0.0,0.0,0.0,0.0
2018-09-28 03:00:00,2018-09-28 04:00,0.50982,0.05,0.0,0.003,0.45682,0.0,0.0,0.0,0.0
2018-09-28 04:00:00,2018-09-28 05:00,0.82817,0.05,0.0,0.33209,0.44608,0.0,0.0,0.0,0.0
2018-09-28 05:00:00,2018-09-28 06:00,0.97245,0.05,0.0,0.46236,0.46009,0.0,0.0,0.0,0.0
2018-09-28 06:00:00,2018-09-28 07:00,0.80613,0.05,0.0,0.18446,0.57167,0.0,0.0,0.0,0.0
2018-09-28 07:00:00,2018-09-28 08:00,0.90006,0.09274,0.0,0.22101,0.58631,0.0,0.0,0.0,0.0
2018-09-28 08:00:00,2018-09-28 09:00,1.14147,0.10459,0.0,0.45411,0.58277,0.0,0.0,0.0,0.0
2018-09-28 09:00:00,2018-09-28 10:00,0.85652,0.05551,0.0,0.22952,0.57149,0.0,0.0,0.0,0.0
2018-09-28 10:00:00,2018-09-28 11:00,0.53496,0.0375,0.0,0.003,0.49446,0.0,0.0,0.0,0.0
2018-09-28 11:00:00,2018-09-28 12:00,0.97281,0.0,0.0,0.44952,0.52329,0.0,0.0,0.0,0.0
2018-09-28 12:00:00,2018-09-28 13:00,0.6628,0.0,0.0,0.13365,0.52915,0.0,0.0,0.0,0.0
2018-09-28 13:00:00,2018-09-28 14:00,0.47908,0.0,0.0,0.003,0.47608,0.0,0.0,0.0,0.0
2018-09-28 14:00:00,2018-09-28 15:00,0.47928,0.0,0.0,0.003,0.47628,0.0,0.0,0.0,0.0
2018-09-28 15:00:00,2018-09-28 16:00,0.50063,0.0,0.0,0.003,0.49763,0.0,0.0,0.0,0.0
2018-09-28 16:00:00,2018-09-28 17:00,0.56906,0.0,0.0,0.003,0.56606,0.0,0.0,0.0,0.0
2018-09-28 17:00:00,2018-09-28 18:00,0.71027,0.0,0.0,0.003,0.70727,0.02622,0.0,0.0,0.02622
2018-09-28 18:00:00,2018-09-28 19:00,0.79962,0.0,0.0,0.003,0.79662,0.0,0.0,0.0,0.0
2018-09-28 19:00:00,2018-09-28 20:00,1.40054,0.05,0.0,0.34264,1.0079,0.0,0.0,0.0,0.0
2018-09-28 20:00:00,2018-09-28 21:00,1.43389,0.05,0.0,0.08011,1.30378,0.0,0.0,0.0,0.0
2018-09-28 21:00:00,2018-09-28 22:00,1.30823,0.05,0.0,0.003,1.25523,0.0,0.0,0.0,0.0
2018-09-28 22:00:00,2018-09-28 23:00,0.88772,0.05,0.0,0.003,0.83472,0.0,0.0,0.0,0.0
2018-09-28 23:00:00,2018-09-29 00:00,0.58298,0.05,0.0,0.003,0.52998,0.0,0.0,0.0,0.0
2018-09-29 00:00:00,2018-09-29 01:00,0.8603,0.05,0.0,0.33997,0.47033,0.0,0.0,0.0,0.0
2018-09-29 01:00:00,2018-09-29 02:00,0.51852,0.05,0.0,0.003,0.46552,0.0,0.0,0.0,0.0
2018-09-29 02:00:00,2018-09-29 03:00,0.65556,0.19306,0.0,0.003,0.4595,0.0,0.0,0.0,0.0
2018-09-29 03:00:00,2018-09-29 04:00,0.78446,0.32431,0.0,0.003,0.45715,0.0,0.0,0.0,0.0
2018-09-29 04:00:00,2018-09-29 05:00,0.81969,0.36554,0.0,0.003,0.45115,0.0,0.0,0.0,0.0
2018-09-29 05:00:00,2018-09-29 06:00,0.85362,0.39996,0.0,0.003,0.45066,0.0,0.0,0.0,0.0
2018-09-29 06:00:00,2018-09-29 07:00,1.05769,0.5414,0.0,0.003,0.51329,0.0,0.0,0.0,0.0
2018-09-29 07:00:00,2018-09-29 08:00,1.42279,0.41818,0.0,0.42508,0.57953,0.0,0.0,0.0,0.0
2018-09-29 08:00:00,2018-09-29 09:00,1.06188,0.39726,0.0,0.003,0.66162,0.0,0.0,0.0,0.0
2018-09-29 09:00:00,2018-09-29 10:00,1.25592,0.30408,0.0,0.22401,0.72783,0.0,0.0,0.0,0.0
2018-09-29 10:00:00,2018-09-29 11:00,1.29192,0.29259,0.0,0.29927,0.70006,0.0,0.0,0.0,0.0
2018-09-29 11:00:00,2018-09-29 12:00,0.89974,0.293,0.0,0.003,0.60374,0.0,0.0,0.0,0.0
2018-09-29 12:00:00,2018-09-29 13:00,0.96272,0.24267,0.0,0.003,0.71705,0.0,0.0,0.0,0.0
2018-09-29 13:00:00,2018-09-29 14:00,1.75319,0.1812,0.0,0.22043,1.35156,0.0,0.0,0.0,0.0
2018-09-29 14:00:00,2018-09-29 15:00,1.37723,0.11133,0.0,0.39237,0.87353,0.0,0.0,0.0,0.0
2018-09-29 15:00:00,2018-09-29 16:00,2.60719,0.04676,0.0,0.003,2.55743,0.0,0.0,0.0,0.0
2018-09-29 16:00:00,2018-09-29 17:00,1.23284,0.05581,0.0,0.003,1.17403,0.00187,0.0,0.0,0.00187
2018-09-29 17:00:00,2018-09-29 18:00,1.40712,0.05,0.0,0.33346,1.02366,0.05247,0.0,0.0,0.05247
2018-09-29 18:00:00,2018-09-29 19:00,1.34929,0.11586,0.0,0.19108,1.04235,0.0,0.0,0.0,0.0
2018-09-29 19:00:00,2018-09-29 20:00,1.11688,0.08787,0.0,0.003,1.02601,0.00187,0.0,0.0,0.00187
2018-09-29 20:00:00,2018-09-29 21:00,1.43434,0.05,0.0,0.003,1.38134,0.05247,0.0,0.0,0.05247
2018-09-29 21:00:00,2018-09-29 22:00,1.14099,0.05,0.0,0.003,1.08799,0.0,0.0,0.0,0.0
2018-09-29 22:00:00,2018-09-29 23:00,0.88175,0.15501,0.0,0.003,0.72374,0.0,0.0,0.0,0.0
2018-09-29 23:00:00,2018-09-30 00:00,0.69489,0.17023,0.0,0.003,0.52166,0.0,0.0,0.0,0.0
2018-09-30 00:00:00,2018-09-30 01:00,0.65163,0.17118,0.0,0.003,0.47745,0.0,0.0,0.0,0.0
2018-09-30 01:00:00,2018-09-30 02:00,0.76271,0.18682,0.0,0.11333,0.46256,0.0,0.0,0.0,0.0
2018-09-30 02:00:00,2018-09-30 03:00,0.90441,0.2123,0.0,0.23979,0.45232,0.0,0.0,0.0,0.0
2018-09-30 03:00:00,2018-09-30 04:00,0.66737,0.215,0.0,0.003,0.44937,0.0,0.0,0.0,0.0
2018-09-30 04:00:00,2018-09-30 05:00,0.67264,0.22278,0.0,0.003,0.44686,0.0,0.0,0.0,0.0
2018-09-30 05:00:00,2018-09-30 06:00,0.70434,0.23335,0.0,0.003,0.46799,0.0,0.0,0.0,0.0
2018-09-30 06:00:00,2018-09-30 07:00,1.30626,0.3173,0.0,0.43397,0.55499,0.0,0.0,0.0,0.0
2018-09-30 07:00:00,2018-09-30 08:00,0.80514,0.25936,0.0,0.003,0.54278,0.0,0.0,0.0,0.0
2018-09-30 08:00:00,2018-09-30 09:00,2.5409,0.24005,0.0,0.003,2.29785,0.02998,0.0,0.0,0.02998
2018-09-30 09:00:00,2018-09-30 10:00,3.35588,0.17628,0.0,0.33734,2.84226,0.02437,0.0,0.0,0.02437
2018-09-30 10:00:00,2018-09-30 11:00,1.19096,0.06886,0.0,0.22277,0.89933,0.08619,0.0,0.0,0.08619
2018-09-30 11:00:00,2018-09-30 12:00,0.78766,0.0375,0.0,0.003,0.74716,0.02248,0.0,0.0,0.02248
2018-09-30 12:00:00,2018-09-30 13:00,0.98478,0.0,0.0,0.2235,0.76128,0.0,0.0,0.0,0.0
2018-09-30 13:00:00,2018-09-30 14:00,0.95629,0.0,0.0,0.16529,0.791,0.0,0.0,0.0,0.0
2018-09-30 14:00:00,2018-09-30 15:00,0.82415,0.0,0.0,0.003,0.82115,0.0,0.0,0.0,0.0
2018-09-30 15:00:00,2018-09-30 16:00,1.07604,0.0,0.0,0.22186,0.85418,0.0,0.0,0.0,0.0
2018-09-30 16:00:00,2018-09-30 17:00,1.22733,0.0,0.0,0.32459,0.90274,0.0,0.0,0.0,0.0
2018-09-30 17:00:00,2018-09-30 18:00,1.02988,0.0,0.0,0.003,1.02688,0.05435,0.0,0.0,0.05435
2018-09-30 18:00:00,2018-09-30 19:00,1.1597,0.0,0.0,0.1128,1.0469,0.0,0.0,0.0,0.0
2018-09-30 19:00:00,2018-09-30 20:00,1.43314,0.0,0.0,0.36721,1.06593,0.0,0.0,0.0,0.0
2018-09-30 20:00:00,2018-09-30 21:00,1.38277,0.05,0.0,0.003,1.32977,0.0,0.0,0.0,0.0
2018-09-30 21:00:00,2018-09-30 22:00,1.2422,0.05,0.0,0.003,1.1892,0.0,0.0,0.0,0.0
2018-09-30 22:00:00,2018-09-30 23:00,0.8632,0.0375,0.0,0.11253,0.71317,0.0,0.0,0.0,0.0
2018-09-30 23:00:00,2018-10-01 00:00,0.89964,0.05,0.0,0.33705,0.51259,0.0,0.0,0.0,0.0
2018-10-01 00:00:00,2018-10-01 01:00,0.50961,0.05,0.0,0.003,0.45661,0.0,0.0,0.0,0.0
2018-10-01 01:00:00,2018-10-01 02:00,0.49785,0.05,0.0,0.003,0.44485,0.0,0.0,0.0,0.0
2018-10-01 02:00:00,2018-10-01 03:00,0.48867,0.05,0.0,0.003,0.43567,0.0,0.0,0.0,0.0
2018-10-01 03:00:00,2018-10-01 04:00,0.92793,0.16806,0.0,0.32708,0.43279,0.0,0.0,0.0,0.0
2018-10-01 04:00:00,2018-10-01 05:00,0.96213,0.19516,0.0,0.33594,0.43103,0.0,0.0,0.0,0.0
2018-10-01 05:00:00,2018-10-01 06:00,0.6454,0.2118,0.0,0.003,0.4306,0.0,0.0,0.0,0.0
2018-10-01 06:00:00,2018-10-01 07:00,0.78206,0.27604,0.0,0.003,0.50302,0.01124,0.0,0.0,0.01124
2018-10-01 07:00:00,2018-10-01 08:00,0.65565,0.05,0.0,0.003,0.60265,0.10118,0.0,0.0,0.10118
2018-10-01 08:00:00,2018-10-01 09:00,1.02637,0.17432,0.0,0.34175,0.5103,0.0,0.0,0.0,0.0
2018-10-01 09:00:00,2018-10-01 10:00,0.95644,0.26035,0.0,0.18127,0.51482,0.0,0.0,0.0,0.0
2018-10-01 10:00:00,2018-10-01 11:00,0.91077,0.28377,0.0,0.11192,0.51508,0.0,0.0,0.0,0.0
2018-10-01 11:00:00,2018-10-01 12:00,1.30071,0.27746,0.0,0.455,0.56825,0.0,0.0,0.0,0.0
2018-10-01 12:00:00,2018-10-01 13:00,0.89609,0.26587,0.0,0.08293,0.54729,0.0,0.0,0.0,0.0
2018-10-01 13:00:00,2018-10-01 14:00,0.75508,0.29867,0.0,0.003,0.45341,0.0,0.0,0.0,0.0
2018-10-01 14:00:00,2018-10-01 15:00,0.77439,0.31807,0.0,0.003,0.45332,0.0,0.0,0.0,0.0
2018-10-01 15:00:00,2018-10-01 16:00,0.75485,0.26372,0.0,0.003,0.48813,0.0,0.0,0.0,0.0
2018-10-01 16:00:00,2018-10-01 17:00,0.77356,0.23041,0.0,0.003,0.54015,0.0,0.0,0.0,0.0
2018-10-01 17:00:00,2018-10-01 18:00,1.24419,0.2016,0.0,0.45451,0.58808,0.0,0.0,0.0,0.0
2018-10-01 18:00:00,2018-10-01 19:00,1.23291,0.25167,0.0,0.23214,0.7491,0.0,0.0,0.0,0.0
2018-10-01 19:00:00,2018-10-01 20:00,1.06024,0.1827,0.0,0.003,0.87454,0.0,0.0,0.0,0.0
2018-10-01 20:00:00,2018-10-01 21:00,1.2434,0.14185,0.0,0.003,1.09855,0.0,0.0,0.0,0.0
2018-10-01 21:00:00,2018-10-01 22:00,1.15102,0.14039,0.0,0.003,1.00763,0.0,0.0,0.0,0.0
2018-10-01 22:00:00,2018-10-01 23:00,0.85272,0.17696,0.0,0.003,0.67276,0.0,0.0,0.0,0.0
2018-10-01 23:00:00,2018-10-02 00:00,1.12986,0.18754,0.0,0.44474,0.49758,0.0,0.0,0.0,0.0
2018-10-02 00:00:00,2018-10-02 01:00,0.64867,0.1984,0.0,0.003,0.44727,0.0,0.0,0.0,0.0
2018-10-02 01:00:00,2018-10-02 02:00,0.66672,0.22028,0.0,0.003,0.44344,0.0,0.0,0.0,0.0
2018-10-02 02:00:00,2018-10-02 03:00,0.67996,0.23866,0.0,0.003,0.4383,0.0,0.0,0.0,0.0
2018-10-02 03:00:00,2018-10-02 04:00,0.68287,0.24359,0.0,0.003,0.43628,0.0,0.0,0.0,0.0
2018-10-02 04:00:00,2018-10-02 05:00,0.68082,0.24753,0.0,0.003,0.43029,0.0,0.0,0.0,0.0
2018-10-02 05:00:00,2018-10-02 06:00,1.04499,0.25305,0.0,0.33724,0.4547,0.0,0.0,0.0,0.0
2018-10-02 06:00:00,2018-10-02 07:00,1.35257,0.32275,0.0,0.46241,0.56741,0.0,0.0,0.0,0.0
2018-10-02 07:00:00,2018-10-02 08:00,1.31369,0.26054,0.0,0.46483,0.58832,0.0,0.0,0.0,0.0
2018-10-02 08:00:00,2018-10-02 09:00,0.95342,0.27777,0.0,0.11844,0.55721,0.0,0.0,0.0,0.0
2018-10-02 09:00:00,2018-10-02 10:00,0.77524,0.29378,0.0,0.003,0.47846,0.0,0.0,0.0,0.0
2018-10-02 10:00:00,2018-10-02 11:00,0.74904,0.2985,0.0,0.003,0.44754,0.0,0.0,0.0,0.0
2018-10-02 11:00:00,2018-10-02 12:00,0.71672,0.26876,0.0,0.003,0.44496,0.0,0.0,0.0,0.0
2018-10-02 12:00:00,2018-10-02 13:00,0.66616,0.20459,0.0,0.003,0.45857,0.0,0.0,0.0,0.0
2018-10-02 13:00:00,2018-10-02 14:00,0.95565,0.20735,0.0,0.22449,0.52381,0.0,0.0,0.0,0.0
2018-10-02 14:00:00,2018-10-02 15:00,0.91859,0.16485,0.0,0.20114,0.5526,0.0,0.0,0.0,0.0
2018-10-02 15:00:00,2018-10-02 16:00,0.73946,0.13643,0.0,0.003,0.60003,0.0,0.0,0.0,0.0
2018-10-02 16:00:00,2018-10-02 17:00,0.75029,0.10447,0.0,0.003,0.64282,0.0,0.0,0.0,0.0
2018-10-02 17:00:00,2018-10-02 18:00,0.80852,0.10621,0.0,0.003,0.69931,0.0,0.0,0.0,0.0
2018-10-02 18:00:00,2018-10-02 19:00,1.05653,0.13765,0.0,0.11372,0.80516,0.0,0.0,0.0,0.0
2018-10-02 19:00:00,2018-10-02 20:00,1.546,0.04982,0.0,0.31694,1.17924,0.0,0.0,0.0,0.0
2018-10-02 20:00:00,2018-10-02 21:00,2.32505,0.01363,0.0,0.003,2.30842,0.0,0.0,0.0,0.0
2018-10-02 21:00:00,2018-10-02 22:00,0.93194,0.0157,0.0,0.003,0.91324,0.0,0.0,0.0,0.0
2018-10-02 22:00:00,2018-10-02 23:00,0.73769,0.03437,0.0,0.003,0.70032,0.0,0.0,0.0,0.0
2018-10-02 23:00:00,2018-10-03 00:00,0.56284,0.05033,0.0,0.003,0.50951,0.0,0.0,0.0,0.0
2018-10-03 00:00:00,2018-10-03 01:00,0.51073,0.04886,0.0,0.003,0.45887,0.0,0.0,0.0,0.0
2018-10-03 01:00:00,2018-10-03 02:00,0.50727,0.06085,0.0,0.003,0.44342,0.0,0.0,0.0,0.0
2018-10-03 02:00:00,2018-10-03 03:00,0.49937,0.05807,0.0,0.003,0.4383,0.0,0.0,0.0,0.0
2018-10-03 03:00:00,2018-10-03 04:00,0.48802,0.04874,0.0,0.003,0.43628,0.0,0.0,0.0,0.0
2018-10-03 04:00:00,2018-10-03 05:00,0.93166,0.03812,0.0,0.46135,0.43219,0.0,0.0,0.0,0.0
2018-10-03 05:00:00,2018-10-03 06:00,0.59788,0.05294,0.0,0.08847,0.45647,0.0,0.0,0.0,0.0
2018-10-03 06:00:00,2018-10-03 07:00,0.86072,0.10751,0.0,0.22368,0.52953,0.0,0.0,0.0,0.0
2018-10-03 07:00:00,2018-10-03 08:00,0.98258,0.08144,0.0,0.40561,0.49553,0.0,0.0,0.0,0.0
2018-10-03 08:00:00,2018-10-03 09:00,0.53211,0.07756,0.0,0.003,0.45155,0.0,0.0,0.0,0.0
2018-10-03 09:00:00,2018-10-03 10:00,0.4949,0.03779,0.0,0.003,0.45411,0.0,0.0,0.0,0.0
2018-10-03 10:00:00,2018-10-03 11:00,0.45054,0.0,0.0,0.003,0.44754,0.0,0.0,0.0,0.0
2018-10-03 11:00:00,2018-10-03 12:00,0.44808,0.0,0.0,0.003,0.44508,0.0,0.0,0.0,0.0
2018-10-03 12:00:00,2018-10-03 13:00,0.45567,0.0,0.0,0.003,0.45267,0.0,0.0,0.0,0.0
2018-10-03 13:00:00,2018-10-03 14:00,0.45707,0.0,0.0,0.003,0.45407,0.0,0.0,0.0,0.0
2018-10-03 14:00:00,2018-10-03 15:00,0.45731,0.0,0.0,0.003,0.45431,0.0,0.0,0.0,0.0
2018-10-03 15:00:00,2018-10-03 16:00,0.51911,0.0,0.0,0.003,0.51611,0.0,0.0,0.0,0.0
2018-10-03 16:00:00,2018-10-03 17:00,0.98703,0.0,0.0,0.43213,0.5549,0.0,0.0,0.0,0.0
2018-10-03 17:00:00,2018-10-03 18:00,0.59351,0.0,0.0,0.003,0.59051,0.0,0.0,0.0,0.0
2018-10-03 18:00:00,2018-10-03 19:00,1.08971,0.0,0.15558,0.003,0.93113,0.05621,0.0,0.0,0.05621
2018-10-03 19:00:00,2018-10-03 20:00,1.39005,0.0,0.0,0.35114,1.03891,0.0,0.0,0.0,0.0
2018-10-03 20:00:00,2018-10-03 21:00,1.1555,0.0,0.0,0.05545,1.10005,0.0,0.0,0.0,0.0
2018-10-03 21:00:00,2018-10-03 22:00,1.00197,0.0375,0.0,0.003,0.96147,0.0,0.0,0.0,0.0
2018-10-03 22:00:00,2018-10-03 23:00,1.07493,0.20241,0.0,0.23124,0.64128,0.0,0.0,0.0,0.0
2018-10-03 23:00:00,2018-10-04 00:00,0.99972,0.43993,0.0,0.10057,0.45922,0.0,0.0,0.0,0.0
2018-10-04 00:00:00,2018-10-04 01:00,0.85723,0.40695,0.0,0.003,0.44728,0.0,0.0,0.0,0.0
2018-10-04 01:00:00,2018-10-04 02:00,0.91601,0.46958,0.0,0.003,0.44343,0.0,0.0,0.0,0.0
2018-10-04 02:00:00,2018-10-04 03:00,0.92063,0.47934,0.0,0.003,0.43829,0.0,0.0,0.0,0.0
2018-10-04 03:00:00,2018-10-04 04:00,1.01982,0.5803,0.0,0.003,0.43652,0.0,0.0,0.0,0.0
2018-10-04 04:00:00,2018-10-04 05:00,1.20389,0.76987,0.0,0.003,0.43102,0.0,0.0,0.0,0.0
2018-10-04 05:00:00,2018-10-04 06:00,1.13541,0.68339,0.0,0.003,0.44902,0.01124,0.0,0.0,0.01124
2018-10-04 06:00:00,2018-10-04 07:00,1.17559,0.61608,0.0,0.003,0.55651,0.04497,0.0,0.0,0.04497
2018-10-04 07:00:00,2018-10-04 08:00,1.45586,0.72204,0.0,0.23246,0.50136,0.0,0.0,0.0,0.0
2018-10-04 08:00:00,2018-10-04 09:00,1.40657,0.73543,0.0,0.13385,0.53729,0.0,0.0,0.0,0.0
2018-10-04 09:00:00,2018-10-04 10:00,1.44305,0.52039,0.0,0.34382,0.57884,0.0,0.0,0.0,0.0
2018-10-04 10:00:00,2018-10-04 11:00,0.93446,0.37336,0.0,0.07366,0.48744,0.0,0.0,0.0,0.0
2018-10-04 11:00:00,2018-10-04 12:00,0.74539,0.29744,0.0,0.003,0.44495,0.0,0.0,0.0,0.0
2018-10-04 12:00:00,2018-10-04 13:00,0.66949,0.21424,0.0,0.003,0.45225,0.0,0.0,0.0,0.0
2018-10-04 13:00:00,2018-10-04 14:00,0.61493,0.15851,0.0,0.003,0.45342,0.0,0.0,0.0,0.0
2018-10-04 14:00:00,2018-10-04 15:00,0.66428,0.18457,0.0,0.003,0.47671,0.0,0.0,0.0,0.0
2018-10-04 15:00:00,2018-10-04 16:00,0.67722,0.14837,0.0,0.003,0.52585,0.0,0.0,0.0,0.0
2018-10-04 16:00:00,2018-10-04 17:00,1.02969,0.12304,0.0,0.3425,0.56415,0.0,0.0,0.0,0.0
2018-10-04 17:00:00,2018-10-04 18:00,0.87446,0.106,0.0,0.06916,0.6993,0.0,0.0,0.0,0.0
2018-10-04 18:00:00,2018-10-04 19:00,1.1596,0.22435,0.0,0.11189,0.82336,0.0,0.0,0.0,0.0
2018-10-04 19:00:00,2018-10-04 20:00,1.44465,0.12521,0.0,0.26198,1.05746,0.0,0.0,0.0,0.0
2018-10-04 20:00:00,2018-10-04 21:00,1.40398,0.0976,0.0,0.003,1.30338,0.0,0.0,0.0,0.0
2018-10-04 21:00:00,2018-10-04 22:00,1.34586,0.14389,0.0,0.003,1.19897,0.0,0.0,0.0,0.0
2018-10-04 22:00:00,2018-10-04 23:00,1.0114,0.24769,0.0,0.003,0.76071,0.0,0.0,0.0,0.0
2018-10-04 23:00:00,2018-10-05 00:00,0.81667,0.30416,0.0,0.003,0.50951,0.0,0.0,0.0,0.0
2018-10-05 00:00:00,2018-10-05 01:00,0.80658,0.35114,0.0,0.003,0.45244,0.0,0.0,0.0,0.0
2018-10-05 01:00:00,2018-10-05 02:00,0.82508,0.37864,0.0,0.003,0.44344,0.0,0.0,0.0,0.0
2018-10-05 02:00:00,2018-10-05 03:00,0.8753,0.43399,0.0,0.003,0.43831,0.0,0.0,0.0,0.0
2018-10-05 03:00:00,2018-10-05 04:00,0.87869,0.4394,0.0,0.003,0.43629,0.0,0.0,0.0,0.0
2018-10-05 04:00:00,2018-10-05 05:00,1.19016,0.45014,0.0,0.30972,0.4303,0.0,0.0,0.0,0.0
2018-10-05 05:00:00,2018-10-05 06:00,0.92306,0.48945,0.0,0.003,0.43061,0.0,0.0,0.0,0.0
2018-10-05 06:00:00,2018-10-05 07:00,1.07846,0.59623,0.0,0.003,0.47923,0.0,0.0,0.0,0.0
2018-10-05 07:00:00,2018-10-05 08:00,1.34695,0.48875,0.0,0.34108,0.51712,0.0,0.0,0.0,0.0
2018-10-05 08:00:00,2018-10-05 09:00,0.97745,0.4777,0.0,0.04819,0.45156,0.0,0.0,0.0,0.0
2018-10-05 09:00:00,2018-10-05 10:00,0.92107,0.46392,0.0,0.003,0.45415,0.0,0.0,0.0,0.0
2018-10-05 10:00:00,2018-10-05 11:00,0.88889,0.43835,0.0,0.003,0.44754,0.0,0.0,0.0,0.0
2018-10-05 11:00:00,2018-10-05 12:00,0.86284,0.40882,0.0,0.003,0.45102,0.0,0.0,0.0,0.0
2018-10-05 12:00:00,2018-10-05 13:00,0.86769,0.35118,0.0,0.003,0.51351,0.0,0.0,0.0,0.0
2018-10-05 13:00:00,2018-10-05 14:00,1.09884,0.22019,0.0,0.3397,0.53895,0.0281,0.0,0.0,0.0281
2018-10-05 14:00:00,2018-10-05 15:00,0.79092,0.25484,0.0,0.08276,0.45332,0.0,0.0,0.0,0.0
2018-10-05 15:00:00,2018-10-05 16:00,0.69147,0.23637,0.0,0.003,0.4521,0.0,0.0,0.0,0.0
2018-10-05 16:00:00,2018-10-05 17:00,0.69903,0.23174,0.0,0.003,0.46429,0.0,0.0,0.0,0.0
2018-10-05 17:00:00,2018-10-05 18:00,0.76464,0.02593,0.0,0.003,0.73571,0.09556,0.0,0.0,0.09556
2018-10-05 18:00:00,2018-10-05 19:00,0.9478,0.10434,0.0,0.003,0.84046,0.01686,0.0,0.0,0.01686
2018-10-05 19:00:00,2018-10-05 20:00,1.73801,0.09084,0.0,0.45404,1.19313,0.0,0.0,0.0,0.0
2018-10-05 20:00:00,2018-10-05 21:00,1.5989,0.07245,0.0,0.22309,1.30336,0.0,0.0,0.0,0.0
2018-10-05 21:00:00,2018-10-05 22:00,1.23562,0.11381,0.0,0.003,1.11881,0.0,0.0,0.0,0.0
2018-10-05 22:00:00,2018-10-05 23:00,0.75143,0.17466,0.0,0.003,0.57377,0.0,0.0,0.0,0.0
2018-10-05 23:00:00,2018-10-06 00:00,0.86452,0.24188,0.0,0.11285,0.50979,0.0,0.0,0.0,0.0
2018-10-06 00:00:00,2018-10-06 01:00,0.98305,0.28985,0.0,0.23133,0.46187,0.0,0.0,0.0,0.0
2018-10-06 01:00:00,2018-10-06 02:00,0.78099,0.33072,0.0,0.003,0.44727,0.0,0.0,0.0,0.0
2018-10-06 02:00:00,2018-10-06 03:00,0.95269,0.40256,0.0,0.11292,0.43721,0.0,0.0,0.0,0.0
2018-10-06 03:00:00,2018-10-06 04:00,1.27111,0.40907,0.0,0.42729,0.43475,0.0,0.0,0.0,0.0
2018-10-06 04:00:00,2018-10-06 05:00,0.83047,0.3944,0.0,0.003,0.43307,0.0,0.0,0.0,0.0
2018-10-06 05:00:00,2018-10-06 06:00,0.86954,0.42414,0.0,0.003,0.4424,0.0,0.0,0.0,0.0
2018-10-06 06:00:00,2018-10-06 07:00,1.26816,0.53305,0.0,0.22377,0.51134,0.0,0.0,0.0,0.0
2018-10-06 07:00:00,2018-10-06 08:00,1.26954,0.53762,0.0,0.17308,0.55884,0.0,0.0,0.0,0.0
2018-10-06 08:00:00,2018-10-06 09:00,1.14131,0.53005,0.0,0.003,0.60826,0.01124,0.0,0.0,0.01124
2018-10-06 09:00:00,2018-10-06 10:00,1.17831,0.41891,0.0,0.003,0.7564,0.01686,0.0,0.0,0.01686
2018-10-06 10:00:00,2018-10-06 11:00,1.5536,0.47557,0.0,0.33885,0.73918,0.0,0.0,0.0,0.0
2018-10-06 11:00:00,2018-10-06 12:00,1.40833,0.50344,0.0,0.15154,0.75335,0.0,0.0,0.0,0.0
2018-10-06 12:00:00,2018-10-06 13:00,2.21968,0.50083,0.0,0.003,1.71585,0.0,0.0,0.0,0.0
2018-10-06 13:00:00,2018-10-06 14:00,2.88656,0.45556,0.0,0.003,2.428,0.0,0.0,0.0,0.0
2018-10-06 14:00:00,2018-10-06 15:00,1.23888,0.32056,0.0,0.11278,0.80554,0.0,0.0,0.0,0.0
2018-10-06 15:00:00,2018-10-06 16:00,1.3797,0.28967,0.0,0.33857,0.75146,0.0,0.0,0.0,0.0
2018-10-06 16:00:00,2018-10-06 17:00,1.12829,0.23468,0.0,0.003,0.89061,0.0,0.0,0.0,0.0
2018-10-06 17:00:00,2018-10-06 18:00,1.17601,0.23482,0.0,0.003,0.93819,0.0,0.0,0.0,0.0
2018-10-06 18:00:00,2018-10-06 19:00,1.29203,0.30571,0.0,0.003,0.98332,0.0,0.0,0.0,0.0
2018-10-06 19:00:00,2018-10-06 20:00,1.2838,0.21438,0.0,0.003,1.06642,0.0,0.0,0.0,0.0
2018-10-06 20:00:00,2018-10-06 21:00,1.44753,0.21521,0.0,0.11361,1.11871,0.0,0.0,0.0,0.0
2018-10-06 21:00:00,2018-10-06 22:00,1.5376,0.24784,0.0,0.31846,0.9713,0.0,0.0,0.0,0.0
2018-10-06 22:00:00,2018-10-06 23:00,0.99714,0.31558,0.0,0.003,0.67856,0.0,0.0,0.0,0.0
2018-10-06 23:00:00,2018-10-07 00:00,0.87528,0.37681,0.0,0.003,0.49547,0.0,0.0,0.0,0.0
2018-10-07 00:00:00,2018-10-07 01:00,0.8364,0.38487,0.0,0.003,0.44853,0.0,0.0,0.0,0.0
2018-10-07 01:00:00,2018-10-07 02:00,0.83771,0.39002,0.0,0.003,0.44469,0.0,0.0,0.0,0.0
2018-10-07 02:00:00,2018-10-07 03:00,0.85017,0.4076,0.0,0.003,0.43957,0.0,0.0,0.0,0.0
2018-10-07 03:00:00,2018-10-07 04:00,0.8625,0.42172,0.0,0.003,0.43778,0.0,0.0,0.0,0.0
2018-10-07 04:00:00,2018-10-07 05:00,0.87273,0.43745,0.0,0.003,0.43228,0.0,0.0,0.0,0.0
2018-10-07 05:00:00,2018-10-07 06:00,0.90064,0.46581,0.0,0.003,0.43183,0.0,0.0,0.0,0.0
2018-10-07 06:00:00,2018-10-07 07:00,1.04449,0.56629,0.0,0.003,0.4752,0.0,0.0,0.0,0.0
2018-10-07 07:00:00,2018-10-07 08:00,0.98388,0.49702,0.0,0.003,0.48386,0.0,0.0,0.0,0.0
2018-10-07 08:00:00,2018-10-07 09:00,1.43592,0.456,0.0,0.42522,0.5547,0.0,0.0,0.0,0.0
2018-10-07 09:00:00,2018-10-07 10:00,1.0935,0.42949,0.0,0.003,0.66101,0.0,0.0,0.0,0.0
2018-10-07 10:00:00,2018-10-07 11:00,1.28989,0.40359,0.0,0.22522,0.66108,0.0,0.0,0.0,0.0
2018-10-07 11:00:00,2018-10-07 12:00,1.3189,0.35935,0.0,0.28604,0.67351,0.0,0.0,0.0,0.0
2018-10-07 12:00:00,2018-10-07 13:00,0.89261,0.17596,0.0,0.003,0.71365,0.0281,0.0,0.0,0.0281
2018-10-07 13:00:00,2018-10-07 14:00,0.9278,0.21002,0.0,0.003,0.71478,0.0,0.0,0.0,0.0
2018-10-07 14:00:00,2018-10-07 15:00,1.3885,0.25055,0.0,0.3324,0.80555,0.0,0.0,0.0,0.0
2018-10-07 15:00:00,2018-10-07 16:00,1.41765,0.26722,0.0,0.38806,0.76237,0.0,0.0,0.0,0.0
2018-10-07 16:00:00,2018-10-07 17:00,1.1008,0.23043,0.0,0.003,0.86737,0.0,0.0,0.0,0.0
2018-10-07 17:00:00,2018-10-07 18:00,1.09337,0.08337,0.0,0.003,1.007,0.05621,0.0,0.0,0.05621
2018-10-07 18:00:00,2018-10-07 19:00,1.53606,0.33059,0.0,0.22215,0.98332,0.0,0.0,0.0,0.0
2018-10-07 19:00:00,2018-10-07 20:00,1.64362,0.25948,0.0,0.31774,1.0664,0.0,0.0,0.0,0.0
2018-10-07 20:00:00,2018-10-07 21:00,1.37297,0.27064,0.0,0.003,1.09933,0.0,0.0,0.0,0.0
2018-10-07 21:00:00,2018-10-07 22:00,1.28905,0.28423,0.0,0.003,1.00182,0.0,0.0,0.0,0.0
2018-10-07 22:00:00,2018-10-07 23:00,1.36748,0.29887,0.0,0.33941,0.7292,0.0,0.0,0.0,0.0
2018-10-07 23:00:00,2018-10-08 00:00,0.93812,0.33988,0.0,0.10749,0.49075,0.0,0.0,0.0,0.0
2018-10-08 00:00:00,2018-10-08 01:00,0.83066,0.38039,0.0,0.003,0.44727,0.0,0.0,0.0,0.0
2018-10-08 01:00:00,2018-10-08 02:00,0.84243,0.396,0.0,0.003,0.44343,0.0,0.0,0.0,0.0
2018-10-08 02:00:00,2018-10-08 03:00,0.84374,0.40242,0.0,0.003,0.43832,0.0,0.0,0.0,0.0
2018-10-08 03:00:00,2018-10-08 04:00,0.84923,0.40971,0.0,0.003,0.43652,0.0,0.0,0.0,0.0
2018-10-08 04:00:00,2018-10-08 05:00,0.85166,0.41672,0.0,0.003,0.43194,0.0,0.0,0.0,0.0
2018-10-08 05:00:00,2018-10-08 06:00,1.32105,0.42609,0.0,0.45827,0.43669,0.0,0.0,0.0,0.0
2018-10-08 06:00:00,2018-10-08 07:00,1.07833,0.5199,0.0,0.06665,0.49178,0.0,0.0,0.0,0.0
2018-10-08 07:00:00,2018-10-08 08:00,1.20156,0.46219,0.0,0.22451,0.51486,0.0,0.0,0.0,0.0
2018-10-08 08:00:00,2018-10-08 09:00,1.1674,0.46733,0.0,0.22509,0.47498,0.0,0.0,0.0,0.0
2018-10-08 09:00:00,2018-10-08 10:00,0.91373,0.45661,0.0,0.003,0.45412,0.0,0.0,0.0,0.0
2018-10-08 10:00:00,2018-10-08 11:00,0.86346,0.41292,0.0,0.003,0.44754,0.0,0.0,0.0,0.0
2018-10-08 11:00:00,2018-10-08 12:00,0.78557,0.33763,0.0,0.003,0.44494,0.0,0.0,0.0,0.0
2018-10-08 12:00:00,2018-10-08 13:00,0.74917,0.29389,0.0,0.003,0.45228,0.0,0.0,0.0,0.0
2018-10-08 13:00:00,2018-10-08 14:00,0.72227,0.26586,0.0,0.003,0.45341,0.0,0.0,0.0,0.0
2018-10-08 14:00:00,2018-10-08 15:00,0.69828,0.2257,0.0,0.003,0.46958,0.0,0.0,0.0,0.0
2018-10-08 15:00:00,2018-10-08 16:00,0.67088,0.21577,0.0,0.003,0.45211,0.0,0.0,0.0,0.0
2018-10-08 16:00:00,2018-10-08 17:00,0.80971,0.22962,0.0,0.11584,0.46425,0.0,0.0,0.0,0.0
2018-10-08 17:00:00,2018-10-08 18:00,0.93202,0.24091,0.0,0.18588,0.50523,0.0,0.0,0.0,0.0
2018-10-08 18:00:00,2018-10-08 19:00,1.1467,0.25041,0.0,0.003,0.89329,0.0,0.0,0.0,0.0
2018-10-08 19:00:00,2018-10-08 20:00,1.3134,0.1629,0.0,0.11377,1.03673,0.0,0.0,0.0,0.0
2018-10-08 20:00:00,2018-10-08 21:00,1.73073,0.11737,0.0,0.35978,1.25358,0.0,0.0,0.0,0.0
2018-10-08 21:00:00,2018-10-08 22:00,1.15004,0.13941,0.0,0.003,1.00763,0.0,0.0,0.0,0.0
2018-10-08 22:00:00,2018-10-08 23:00,0.83501,0.19104,0.0,0.003,0.64097,0.0,0.0,0.0,0.0
2018-10-08 23:00:00,2018-10-09 00:00,0.70268,0.22979,0.0,0.003,0.46989,0.0,0.0,0.0,0.0
2018-10-09 00:00:00,2018-10-09 01:00,0.69886,0.24857,0.0,0.003,0.44729,0.0,0.0,0.0,0.0
2018-10-09 01:00:00,2018-10-09 02:00,0.93044,0.25688,0.0,0.23012,0.44344,0.0,0.0,0.0,0.0
2018-10-09 02:00:00,2018-10-09 03:00,0.86201,0.3329,0.0,0.09079,0.43832,0.0,0.0,0.0,0.0
2018-10-09 03:00:00,2018-10-09 04:00,0.80566,0.36637,0.0,0.003,0.43629,0.0,0.0,0.0,0.0
2018-10-09 04:00:00,2018-10-09 05:00,0.81244,0.37867,0.0,0.003,0.43077,0.0,0.0,0.0,0.0
2018-10-09 05:00:00,2018-10-09 06:00,0.83302,0.38757,0.0,0.003,0.44245,0.0,0.0,0.0,0.0
2018-10-09 06:00:00,2018-10-09 07:00,1.23501,0.45619,0.0,0.23132,0.5475,0.0,0.0,0.0,0.0
2018-10-09 07:00:00,2018-10-09 08:00,1.10586,0.43876,0.0,0.19809,0.46901,0.0,0.0,0.0,0.0
2018-10-09 08:00:00,2018-10-09 09:00,0.9187,0.46415,0.0,0.003,0.45155,0.0,0.0,0.0,0.0
2018-10-09 09:00:00,2018-10-09 10:00,0.94994,0.45641,0.0,0.003,0.49053,0.0,0.0,0.0,0.0
2018-10-09 10:00:00,2018-10-09 11:00,1.17987,0.42166,0.0,0.003,0.75521,0.0,0.0,0.0,0.0
2018-10-09 11:00:00,2018-10-09 12:00,3.47188,0.45852,0.0,0.45243,2.56093,0.0,0.0,0.0,0.0
2018-10-09 12:00:00,2018-10-09 13:00,1.75076,0.40393,0.0,0.18167,1.16516,0.0,0.0,0.0,0.0
2018-10-09 13:00:00,2018-10-09 14:00,1.07018,0.41416,0.0,0.11313,0.54289,0.0,0.0,0.0,0.0
2018-10-09 14:00:00,2018-10-09 15:00,1.39597,0.4156,0.0,0.46125,0.51912,0.0,0.0,0.0,0.0
2018-10-09 15:00:00,2018-10-09 16:00,0.98387,0.41688,0.0,0.04111,0.52588,0.0,0.0,0.0,0.0
2018-10-09 16:00:00,2018-10-09 17:00,1.0015,0.41254,0.0,0.003,0.58596,0.0,0.0,0.0,0.0
2018-10-09 17:00:00,2018-10-09 18:00,1.15794,0.42853,0.0,0.003,0.72641,0.0,0.0,0.0,0.0
2018-10-09 18:00:00,2018-10-09 19:00,1.63718,0.23862,0.0,0.37461,1.02395,0.09556,0.0,0.0,0.09556
2018-10-09 19:00:00,2018-10-09 20:00,1.47164,0.23052,0.0,0.003,1.23812,0.04497,0.0,0.0,0.04497
2018-10-09 20:00:00,2018-10-09 21:00,1.66753,0.36117,0.0,0.003,1.30336,0.0,0.0,0.0,0.0
2018-10-09 21:00:00,2018-10-09 22:00,1.55237,0.4085,0.0,0.003,1.14087,0.0,0.0,0.0,0.0
2018-10-09 22:00:00,2018-10-09 23:00,1.68632,0.45638,0.0,0.45767,0.77227,0.0,0.0,0.0,0.0
2018-10-09 23:00:00,2018-10-10 00:00,1.07786,0.49905,0.0,0.04781,0.531,0.0,0.0,0.0,0.0
2018-10-10 00:00:00,2018-10-10 01:00,0.96882,0.50677,0.0,0.003,0.45905,0.0,0.0,0.0,0.0
2018-10-10 01:00:00,2018-10-10 02:00,0.95912,0.51262,0.0,0.003,0.4435,0.0,0.0,0.0,0.0
2018-10-10 02:00:00,2018-10-10 03:00,1.22644,0.56527,0.0,0.22538,0.43579,0.0,0.0,0.0,0.0
2018-10-10 03:00:00,2018-10-10 04:00,1.27679,0.62163,0.0,0.21867,0.43649,0.0,0.0,0.0,0.0
2018-10-10 04:00:00,2018-10-10 05:00,1.05911,0.62417,0.0,0.003,0.43194,0.0,0.0,0.0,0.0
2018-10-10 05:00:00,2018-10-10 06:00,1.07571,0.62047,0.0,0.003,0.45224,0.0,0.0,0.0,0.0
2018-10-10 06:00:00,2018-10-10 07:00,1.56877,0.61141,0.0,0.34149,0.61587,0.03935,0.0,0.0,0.03935
2018-10-10 07:00:00,2018-10-10 08:00,1.14337,0.51142,0.0,0.10992,0.52203,0.04497,0.0,0.0,0.04497
2018-10-10 08:00:00,2018-10-10 09:00,1.03646,0.57591,0.0,0.003,0.45755,0.0,0.0,0.0,0.0
2018-10-10 09:00:00,2018-10-10 10:00,1.01392,0.49609,0.0,0.003,0.51483,0.0,0.0,0.0,0.0
2018-10-10 10:00:00,2018-10-10 11:00,1.12233,0.44628,0.0,0.11482,0.56123,0.0,0.0,0.0,0.0
2018-10-10 11:00:00,2018-10-10 12:00,1.42815,0.3951,0.0,0.45865,0.5744,0.0,0.0,0.0,0.0
2018-10-10 12:00:00,2018-10-10 13:00,1.26033,0.33816,0.0,0.30662,0.61555,0.0,0.0,0.0,0.0
2018-10-10 13:00:00,2018-10-10 14:00,0.89645,0.35058,0.0,0.003,0.54287,0.0,0.0,0.0,0.0
2018-10-10 14:00:00,2018-10-10 15:00,0.88657,0.36443,0.0,0.003,0.51914,0.0,0.0,0.0,0.0
2018-10-10 15:00:00,2018-10-10 16:00,0.89584,0.36695,0.0,0.003,0.52589,0.0,0.0,0.0,0.0
2018-10-10 16:00:00,2018-10-10 17:00,1.30913,0.41508,0.0,0.34066,0.55339,0.0,0.0,0.0,0.0
2018-10-10 17:00:00,2018-10-10 18:00,1.15363,0.37691,0.0,0.02794,0.74878,0.01124,0.0,0.0,0.01124
2018-10-10 18:00:00,2018-10-10 19:00,1.18655,0.2643,0.0,0.003,0.91925,0.07307,0.0,0.0,0.07307
2018-10-10 19:00:00,2018-10-10 20:00,2.03365,0.37884,0.0,0.003,1.65181,0.0,0.0,0.0,0.0
2018-10-10 20:00:00,2018-10-10 21:00,4.00737,0.54809,0.0,0.003,3.45628,0.0,0.0,0.0,0.0
2018-10-10 21:00:00,2018-10-10 22:00,1.72787,0.59514,0.0,0.003,1.12973,0.0,0.0,0.0,0.0
2018-10-10 22:00:00,2018-10-10 23:00,2.06798,0.88673,0.0,0.40898,0.77227,0.0,0.0,0.0,0.0
2018-10-10 23:00:00,2018-10-11 00:00,1.56126,1.05003,0.0,0.003,0.50823,0.0,0.0,0.0,0.0
2018-10-11 00:00:00,2018-10-11 01:00,1.54097,1.0907,0.0,0.003,0.44727,0.0,0.0,0.0,0.0
2018-10-11 01:00:00,2018-10-11 02:00,1.60446,1.15803,0.0,0.003,0.44343,0.0,0.0,0.0,0.0
2018-10-11 02:00:00,2018-10-11 03:00,1.75327,1.31195,0.0,0.003,0.43832,0.0,0.0,0.0,0.0
2018-10-11 03:00:00,2018-10-11 04:00,1.72123,1.28171,0.0,0.003,0.43652,0.0,0.0,0.0,0.0
2018-10-11 04:00:00,2018-10-11 05:00,1.73721,1.30317,0.0,0.003,0.43104,0.0,0.0,0.0,0.0
2018-10-11 05:00:00,2018-10-11 06:00,1.74329,1.30506,0.0,0.003,0.43523,0.0,0.0,0.0,0.0
2018-10-11 06:00:00,2018-10-11 07:00,2.23574,1.39141,0.0,0.34181,0.50252,0.0,0.0,0.0,0.0
2018-10-11 07:00:00,2018-10-11 08:00,2.42771,1.35596,0.0,0.46208,0.60967,0.0,0.0,0.0,0.0
2018-10-11 08:00:00,2018-10-11 09:00,2.43386,1.37466,0.0,0.45137,0.60783,0.0,0.0,0.0,0.0
2018-10-11 09:00:00,2018-10-11 10:00,1.93949,1.36366,0.0,0.02144,0.55439,0.0,0.0,0.0,0.0
2018-10-11 10:00:00,2018-10-11 11:00,2.03084,1.41186,0.0,0.11018,0.5088,0.0,0.0,0.0,0.0
2018-10-11 11:00:00,2018-10-11 12:00,2.33289,1.49513,0.0,0.33738,0.50038,0.0,0.0,0.0,0.0
2018-10-11 12:00:00,2018-10-11 13:00,1.86133,1.40608,0.0,0.003,0.45225,0.0,0.0,0.0,0.0
2018-10-11 13:00:00,2018-10-11 14:00,1.77036,1.31394,0.0,0.003,0.45342,0.0,0.0,0.0,0.0
2018-10-11 14:00:00,2018-10-11 15:00,1.68714,1.2308,0.0,0.003,0.45334,0.0,0.0,0.0,0.0
2018-10-11 15:00:00,2018-10-11 16:00,1.74162,1.17854,0.0,0.003,0.56008,0.0,0.0,0.0,0.0
2018-10-11 16:00:00,2018-10-11 17:00,2.04938,1.18286,0.0,0.22369,0.64283,0.0,0.0,0.0,0.0
2018-10-11 17:00:00,2018-10-11 18:00,1.89685,0.93008,0.0,0.13168,0.83509,0.06745,0.0,0.0,0.06745
2018-10-11 18:00:00,2018-10-11 19:00,1.10225,0.2032,0.0,0.003,0.89605,0.12483,0.10797,0.0,0.01686
2018-10-11 19:00:00,2018-10-11 20:00,1.17708,0.2032,0.0,0.003,0.97088,0.10372,0.10372,0.0,-0.0
2018-10-11 20:00:00,2018-10-11 21:00,1.24073,0.2032,0.0,0.003,1.03453,0.10598,0.10598,0.0,-0.0
2018-10-11 21:00:00,2018-10-11 22:00,1.60272,0.2032,0.0,0.22243,1.17709,0.10321,0.10321,0.0,-0.0
2018-10-11 22:00:00,2018-10-11 23:00,1.04173,0.2032,0.0,0.17003,0.6685,0.1135,0.1135,0.0,0.0
2018-10-11 23:00:00,2018-10-12 00:00,0.67611,0.2032,0.0,0.003,0.46991,0.12788,0.12788,0.0,-0.0
2018-10-12 00:00:00,2018-10-12 01:00,0.65348,0.2032,0.0,0.003,0.44728,0.12796,0.12796,0.0,0.0
2018-10-12 01:00:00,2018-10-12 02:00,0.65106,0.2032,0.0,0.003,0.44486,0.12578,0.12578,0.0,0.0
2018-10-12 02:00:00,2018-10-12 03:00,0.64202,0.2032,0.0,0.003,0.43582,0.12634,0.12634,0.0,-0.0
2018-10-12 03:00:00,2018-10-12 04:00,0.64272,0.2032,0.0,0.003,0.43652,0.13003,0.13003,0.0,0.0
2018-10-12 04:00:00,2018-10-12 05:00,0.63724,0.2032,0.0,0.003,0.43104,0.13177,0.13177,0.0,0.0
2018-10-12 05:00:00,2018-10-12 06:00,0.6368,0.2032,0.0,0.003,0.4306,0.131,0.131,0.0,0.0
2018-10-12 06:00:00,2018-10-12 07:00,1.1406,0.2032,0.0,0.44198,0.49542,0.14839,0.14839,0.0,-0.0
2018-10-12 07:00:00,2018-10-12 08:00,0.76827,0.2032,0.0,0.11727,0.4478,0.13671,0.13671,0.0,0.0
2018-10-12 08:00:00,2018-10-12 09:00,0.65776,0.2032,0.0,0.003,0.45156,0.13542,0.13542,0.0,0.0
2018-10-12 09:00:00,2018-10-12 10:00,0.66036,0.2032,0.0,0.003,0.45416,0.12921,0.12921,0.0,-0.0
2018-10-12 10:00:00,2018-10-12 11:00,0.90938,0.45275,0.0,0.003,0.45363,0.09111,0.09111,0.0,0.0
2018-10-12 11:00:00,2018-10-12 12:00,1.75392,1.13566,0.0,0.11181,0.50645,0.0,0.0,0.0,0.0
2018-10-12 12:00:00,2018-10-12 13:00,1.77939,0.97131,0.0,0.30088,0.5072,0.0,0.0,0.0,0.0
2018-10-12 13:00:00,2018-10-12 14:00,1.244,0.74925,0.0,0.003,0.49175,0.0,0.0,0.0,0.0
2018-10-12 14:00:00,2018-10-12 15:00,1.09568,0.57356,0.0,0.003,0.51912,0.0,0.0,0.0,0.0
2018-10-12 15:00:00,2018-10-12 16:00,1.34512,0.43149,0.0,0.38777,0.52586,0.0,0.0,0.0,0.0
2018-10-12 16:00:00,2018-10-12 17:00,0.91954,0.4068,0.0,0.003,0.50974,0.0,0.0,0.0,0.0
2018-10-12 17:00:00,2018-10-12 18:00,0.93409,0.2187,0.0,0.003,0.71239,0.05621,0.0,0.0,0.05621
2018-10-12 18:00:00,2018-10-12 19:00,1.6778,0.50579,0.0,0.33051,0.8415,0.0,0.0,0.0,0.0
2018-10-12 19:00:00,2018-10-12 20:00,1.82278,0.50608,0.0,0.09647,1.22023,0.0,0.0,0.0,0.0
2018-10-12 20:00:00,2018-10-12 21:00,1.85028,0.61429,0.0,0.003,1.23299,0.0,0.0,0.0,0.0
2018-10-12 21:00:00,2018-10-12 22:00,1.77221,0.75072,0.0,0.003,1.01849,0.0,0.0,0.0,0.0
2018-10-12 22:00:00,2018-10-12 23:00,1.98576,0.85833,0.0,0.44239,0.68504,0.0,0.0,0.0,0.0
2018-10-12 23:00:00,2018-10-13 00:00,0.91087,0.38527,0.0,0.03281,0.49279,0.06496,0.06496,0.0,0.0
2018-10-13 00:00:00,2018-10-13 01:00,0.66782,0.2032,0.0,0.003,0.46162,0.09478,0.09478,0.0,-0.0
2018-10-13 01:00:00,2018-10-13 02:00,0.65092,0.2032,0.0,0.003,0.44472,0.09925,0.09925,0.0,0.0
2018-10-13 02:00:00,2018-10-13 03:00,0.6458,0.2032,0.0,0.003,0.4396,0.10032,0.10032,0.0,-0.0
2018-10-13 03:00:00,2018-10-13 04:00,0.6423,0.2032,0.0,0.003,0.4361,0.10323,0.10323,0.0,0.0
2018-10-13 04:00:00,2018-10-13 05:00,0.63852,0.2032,0.0,0.003,0.43232,0.10867,0.10867,0.0,0.0
2018-10-13 05:00:00,2018-10-13 06:00,0.63808,0.2032,0.0,0.003,0.43188,0.11897,0.11897,0.0,0.0
2018-10-13 06:00:00,2018-10-13 07:00,0.99166,0.49639,0.0,0.003,0.49227,0.09586,0.09586,0.0,-0.0
2018-10-13 07:00:00,2018-10-13 08:00,1.68804,1.15721,0.0,0.003,0.52783,0.01124,0.0,0.0,0.01124
2018-10-13 08:00:00,2018-10-13 09:00,1.77482,0.68068,0.0,0.34037,0.75377,0.11242,0.0,0.0,0.11242
2018-10-13 09:00:00,2018-10-13 10:00,1.35195,0.68234,0.0,0.04097,0.62864,0.01686,0.0,0.0,0.01686
2018-10-13 10:00:00,2018-10-13 11:00,1.35401,0.58137,0.0,0.003,0.76964,0.0,0.0,0.0,0.0
2018-10-13 11:00:00,2018-10-13 12:00,1.73877,0.44487,0.0,0.003,1.2909,0.0,0.0,0.0,0.0
2018-10-13 12:00:00,2018-10-13 13:00,3.21933,0.3202,0.0,0.003,2.89613,0.0,0.0,0.0,0.0
2018-10-13 13:00:00,2018-10-13 14:00,1.24931,0.20015,0.0,0.003,1.04616,0.0,0.0,0.0,0.0
2018-10-13 14:00:00,2018-10-13 15:00,3.06559,0.17229,0.0,0.37414,2.51916,0.0,0.0,0.0,0.0
2018-10-13 15:00:00,2018-10-13 16:00,0.92989,0.03468,0.0,0.003,0.89221,0.05621,0.0,0.0,0.05621
2018-10-13 16:00:00,2018-10-13 17:00,0.94335,0.03324,0.0,0.003,0.90711,0.0,0.0,0.0,0.0
2018-10-13 17:00:00,2018-10-13 18:00,1.51296,0.13162,0.0,0.44314,0.9382,0.0,0.0,0.0,0.0
2018-10-13 18:00:00,2018-10-13 19:00,1.40146,0.2693,0.0,0.14885,0.98331,0.0,0.0,0.0,0.0
2018-10-13 19:00:00,2018-10-13 20:00,1.46886,0.2829,0.0,0.003,1.18296,0.0,0.0,0.0,0.0
2018-10-13 20:00:00,2018-10-13 21:00,1.46346,0.28155,0.0,0.003,1.17891,0.0281,0.0,0.0,0.0281
2018-10-13 21:00:00,2018-10-13 22:00,1.21038,0.39173,0.0,0.003,0.81565,0.0,0.0,0.0,0.0
2018-10-13 22:00:00,2018-10-13 23:00,1.03863,0.46017,0.0,0.003,0.57546,0.0,0.0,0.0,0.0
2018-10-13 23:00:00,2018-10-14 00:00,1.36501,0.50011,0.0,0.36801,0.49689,0.0,0.0,0.0,0.0
2018-10-14 00:00:00,2018-10-14 01:00,1.03219,0.5673,0.0,0.003,0.46189,0.0,0.0,0.0,0.0
2018-10-14 01:00:00,2018-10-14 02:00,1.10728,0.657,0.0,0.003,0.44728,0.0,0.0,0.0,0.0
2018-10-14 02:00:00,2018-10-14 03:00,1.20759,0.76737,0.0,0.003,0.43722,0.0,0.0,0.0,0.0
2018-10-14 03:00:00,2018-10-14 04:00,1.26565,0.82539,0.0,0.003,0.43726,0.0,0.0,0.0,0.0
2018-10-14 04:00:00,2018-10-14 05:00,1.32356,0.88828,0.0,0.003,0.43228,0.0,0.0,0.0,0.0
2018-10-14 05:00:00,2018-10-14 06:00,1.33712,0.90229,0.0,0.003,0.43183,0.0,0.0,0.0,0.0
2018-10-14 06:00:00,2018-10-14 07:00,1.51288,1.04007,0.0,0.003,0.46981,0.0,0.0,0.0,0.0
2018-10-14 07:00:00,2018-10-14 08:00,1.19184,0.62148,0.0,0.11493,0.45543,0.05374,0.05374,0.0,-0.0
2018-10-14 08:00:00,2018-10-14 09:00,0.97888,0.2032,0.0,0.21126,0.56442,0.10863,0.10862,0.0,0.0
2018-10-14 09:00:00,2018-10-14 10:00,0.99025,0.2032,0.0,0.11117,0.67588,0.10802,0.10803,0.0,-0.0
2018-10-14 10:00:00,2018-10-14 11:00,1.34427,0.2032,0.0,0.39425,0.74682,0.1075,0.1075,0.0,0.0
2018-10-14 11:00:00,2018-10-14 12:00,0.95567,0.2032,0.0,0.003,0.74947,0.10485,0.10485,0.0,0.0
2018-10-14 12:00:00,2018-10-14 13:00,0.92246,0.2032,0.0,0.003,0.71626,0.10331,0.10331,0.0,0.0
2018-10-14 13:00:00,2018-10-14 14:00,1.43688,0.2032,0.0,0.33403,0.89965,0.09698,0.09698,0.0,0.0
2018-10-14 14:00:00,2018-10-14 15:00,3.46542,1.05088,0.0,0.17782,2.23672,0.0,0.0,0.0,0.0
2018-10-14 15:00:00,2018-10-14 16:00,2.04525,0.89195,0.0,0.33026,0.82304,0.0,0.0,0.0,0.0
2018-10-14 16:00:00,2018-10-14 17:00,1.94949,0.67088,0.0,0.45327,0.82534,0.05621,0.0,0.0,0.05621
2018-10-14 17:00:00,2018-10-14 18:00,2.02264,0.85311,0.0,0.31214,0.85739,0.0,0.0,0.0,0.0
2018-10-14 18:00:00,2018-10-14 19:00,2.10433,1.01043,0.0,0.11057,0.98333,0.0,0.0,0.0,0.0
2018-10-14 19:00:00,2018-10-14 20:00,2.53065,0.95533,0.0,0.43995,1.13537,0.0,0.0,0.0,0.0
2018-10-14 20:00:00,2018-10-14 21:00,2.28923,0.88872,0.0,0.07004,1.33047,0.0,0.0,0.0,0.0
2018-10-14 21:00:00,2018-10-14 22:00,2.18501,0.97837,0.0,0.003,1.20364,0.0,0.0,0.0,0.0
2018-10-14 22:00:00,2018-10-14 23:00,1.80743,1.01755,0.0,0.003,0.78688,0.0,0.0,0.0,0.0
2018-10-14 23:00:00,2018-10-15 00:00,1.52981,1.01189,0.0,0.003,0.51492,0.0,0.0,0.0,0.0
2018-10-15 00:00:00,2018-10-15 01:00,0.66509,0.2032,0.0,0.003,0.45889,0.10817,0.10817,0.0,-0.0
2018-10-15 01:00:00,2018-10-15 02:00,0.64964,0.2032,0.0,0.003,0.44344,0.11327,0.11327,0.0,0.0
2018-10-15 02:00:00,2018-10-15 03:00,0.64452,0.2032,0.0,0.003,0.43832,0.1154,0.1154,0.0,0.0
2018-10-15 03:00:00,2018-10-15 04:00,0.64272,0.2032,0.0,0.003,0.43652,0.11629,0.11629,0.0,-0.0
2018-10-15 04:00:00,2018-10-15 05:00,0.63814,0.2032,0.0,0.003,0.43194,0.13039,0.13039,0.0,0.0
2018-10-15 05:00:00,2018-10-15 06:00,1.08191,0.2032,0.0,0.43249,0.44622,0.1393,0.1393,0.0,0.0
2018-10-15 06:00:00,2018-10-15 07:00,0.77356,0.2032,0.0,0.003,0.56736,0.14976,0.14976,0.0,0.0
2018-10-15 07:00:00,2018-10-15 08:00,1.07562,0.2032,0.0,0.32803,0.54439,0.13995,0.13995,0.0,0.0
2018-10-15 08:00:00,2018-10-15 09:00,1.16212,0.2032,0.0,0.44867,0.51025,0.13742,0.13742,0.0,-0.0
2018-10-15 09:00:00,2018-10-15 10:00,0.96244,0.2032,0.0,0.24439,0.51485,0.13013,0.13013,0.0,-0.0
2018-10-15 10:00:00,2018-10-15 11:00,1.19529,0.68347,0.0,0.003,0.50882,0.06073,0.06073,0.0,-0.0
2018-10-15 11:00:00,2018-10-15 12:00,1.54425,1.03481,0.0,0.003,0.50644,0.0,0.0,0.0,0.0
2018-10-15 12:00:00,2018-10-15 13:00,1.68468,0.75598,0.0,0.43676,0.49194,0.0,0.0,0.0,0.0
2018-10-15 13:00:00,2018-10-15 14:00,1.2058,0.63234,0.0,0.0817,0.49176,0.0,0.0,0.0,0.0
2018-10-15 14:00:00,2018-10-15 15:00,1.06378,0.54166,0.0,0.003,0.51912,0.0,0.0,0.0,0.0
2018-10-15 15:00:00,2018-10-15 16:00,1.03225,0.50339,0.0,0.003,0.52586,0.0,0.0,0.0,0.0
2018-10-15 16:00:00,2018-10-15 17:00,1.39022,0.4796,0.0,0.32912,0.5815,0.0281,0.0,0.0,0.0281
2018-10-15 17:00:00,2018-10-15 18:00,1.25984,0.47362,0.0,0.103,0.68322,0.0,0.0,0.0,0.0
2018-10-15 18:00:00,2018-10-15 19:00,1.37771,0.53448,0.0,0.003,0.84023,0.0,0.0,0.0,0.0
2018-10-15 19:00:00,2018-10-15 20:00,1.37168,0.51496,0.0,0.003,0.85372,0.0,0.0,0.0,0.0
2018-10-15 20:00:00,2018-10-15 21:00,1.59319,0.39603,0.0,0.003,1.19416,0.05621,0.0,0.0,0.05621
2018-10-15 21:00:00,2018-10-15 22:00,1.82705,0.63616,0.0,0.003,1.18789,0.0,0.0,0.0,0.0
2018-10-15 22:00:00,2018-10-15 23:00,1.81363,0.65937,0.0,0.43739,0.71687,0.0,0.0,0.0,0.0
2018-10-15 23:00:00,2018-10-16 00:00,1.36969,0.69098,0.0,0.17988,0.49883,0.0,0.0,0.0,0.0
2018-10-16 00:00:00,2018-10-16 01:00,1.14441,0.68235,0.0,0.003,0.45906,0.0,0.0,0.0,0.0
2018-10-16 01:00:00,2018-10-16 02:00,1.11537,0.66801,0.0,0.003,0.44436,0.0,0.0,0.0,0.0
2018-10-16 02:00:00,2018-10-16 03:00,1.18026,0.73894,0.0,0.003,0.43832,0.0,0.0,0.0,0.0
2018-10-16 03:00:00,2018-10-16 04:00,1.17486,0.73557,0.0,0.003,0.43629,0.0,0.0,0.0,0.0
2018-10-16 04:00:00,2018-10-16 05:00,1.60528,0.73686,0.0,0.43815,0.43027,0.0,0.0,0.0,0.0
2018-10-16 05:00:00,2018-10-16 06:00,1.16288,0.72197,0.0,0.003,0.43791,0.0,0.0,0.0,0.0
2018-10-16 06:00:00,2018-10-16 07:00,1.40202,0.86422,0.0,0.003,0.5348,0.0,0.0,0.0,0.0
2018-10-16 07:00:00,2018-10-16 08:00,1.86288,0.77718,0.0,0.44198,0.64372,0.0281,0.0,0.0,0.0281
2018-10-16 08:00:00,2018-10-16 09:00,1.54524,0.66834,0.0,0.22475,0.65215,0.0,0.0,0.0,0.0
2018-10-16 09:00:00,2018-10-16 10:00,1.16216,0.55881,0.0,0.003,0.60035,0.0,0.0,0.0,0.0
2018-10-16 10:00:00,2018-10-16 11:00,1.29126,0.44581,0.0,0.32744,0.51801,0.0,0.0,0.0,0.0
2018-10-16 11:00:00,2018-10-16 12:00,1.28141,0.32354,0.0,0.45144,0.50643,0.0,0.0,0.0,0.0
2018-10-16 12:00:00,2018-10-16 13:00,0.97718,0.23312,0.0,0.21288,0.53118,0.01124,0.0,0.0,0.01124
2018-10-16 13:00:00,2018-10-16 14:00,0.71259,0.11125,0.0,0.003,0.59834,0.01686,0.0,0.0,0.01686
2018-10-16 14:00:00,2018-10-16 15:00,0.77961,0.07546,0.0,0.10755,0.5966,0.01124,0.0,0.0,0.01124
2018-10-16 15:00:00,2018-10-16 16:00,1.08624,0.0,0.0,0.44255,0.64369,0.01686,0.0,0.0,0.01686
2018-10-16 16:00:00,2018-10-16 17:00,1.05616,0.0,0.0,0.28482,0.77134,0.03935,0.0,0.0,0.03935
2018-10-16 17:00:00,2018-10-16 18:00,0.85937,0.0,0.0,0.003,0.85637,0.04497,0.0,0.0,0.04497
2018-10-16 18:00:00,2018-10-16 19:00,0.97538,0.12899,0.0,0.003,0.84339,0.0,0.0,0.0,0.0
2018-10-16 19:00:00,2018-10-16 20:00,1.16208,0.26677,0.0,0.003,0.89231,0.0,0.0,0.0,0.0
2018-10-16 20:00:00,2018-10-16 21:00,1.45062,0.2456,0.0,0.003,1.20202,0.0,0.0,0.0,0.0
2018-10-16 21:00:00,2018-10-16 22:00,1.76434,0.3183,0.0,0.003,1.44304,0.0,0.0,0.0,0.0
2018-10-16 22:00:00,2018-10-16 23:00,3.06504,0.53658,0.0,0.2202,2.30826,0.0,0.0,0.0,0.0
2018-10-16 23:00:00,2018-10-17 00:00,1.20275,0.56529,0.0,0.16757,0.46989,0.0,0.0,0.0,0.0
2018-10-17 00:00:00,2018-10-17 01:00,1.04495,0.59468,0.0,0.003,0.44727,0.0,0.0,0.0,0.0
2018-10-17 01:00:00,2018-10-17 02:00,1.10819,0.66175,0.0,0.003,0.44344,0.0,0.0,0.0,0.0
2018-10-17 02:00:00,2018-10-17 03:00,1.15178,0.71046,0.0,0.003,0.43832,0.0,0.0,0.0,0.0
2018-10-17 03:00:00,2018-10-17 04:00,1.17884,0.73954,0.0,0.003,0.4363,0.0,0.0,0.0,0.0
2018-10-17 04:00:00,2018-10-17 05:00,1.35919,0.81827,0.0,0.11066,0.43026,0.0,0.0,0.0,0.0
2018-10-17 05:00:00,2018-10-17 06:00,1.77719,0.88708,0.0,0.43898,0.45113,0.0,0.0,0.0,0.0
2018-10-17 06:00:00,2018-10-17 07:00,2.04837,1.05856,0.0,0.45492,0.53489,0.0,0.0,0.0,0.0
2018-10-17 07:00:00,2018-10-17 08:00,1.64516,0.97376,0.0,0.14482,0.52658,0.01124,0.0,0.0,0.01124
2018-10-17 08:00:00,2018-10-17 09:00,1.68353,0.90523,0.0,0.21308,0.56522,0.01686,0.0,0.0,0.01686
2018-10-17 09:00:00,2018-10-17 10:00,1.73613,0.76427,0.0,0.43564,0.53622,0.0,0.0,0.0,0.0
2018-10-17 10:00:00,2018-10-17 11:00,1.43423,0.64553,0.0,0.21822,0.57048,0.0,0.0,0.0,0.0
2018-10-17 11:00:00,2018-10-17 12:00,1.54183,0.5821,0.0,0.43473,0.525,0.0,0.0,0.0,0.0
2018-10-17 12:00:00,2018-10-17 13:00,1.02815,0.41766,0.0,0.15194,0.45855,0.0,0.0,0.0,0.0
2018-10-17 13:00:00,2018-10-17 14:00,1.07275,0.35845,0.0,0.003,0.7113,0.0,0.0,0.0,0.0
2018-10-17 14:00:00,2018-10-17 15:00,3.08966,0.35829,0.0,0.21957,2.5118,0.0,0.0,0.0,0.0
2018-10-17 15:00:00,2018-10-17 16:00,2.19375,0.24494,0.0,0.36464,1.58417,0.0,0.0,0.0,0.0
2018-10-17 16:00:00,2018-10-17 17:00,0.73575,0.17937,0.0,0.003,0.55338,0.0,0.0,0.0,0.0
2018-10-17 17:00:00,2018-10-17 18:00,0.80322,0.11761,0.0,0.003,0.68261,0.03935,0.0,0.0,0.03935
2018-10-17 18:00:00,2018-10-17 19:00,1.95049,0.13023,0.0,0.21688,1.60338,0.04497,0.0,0.0,0.04497
2018-10-17 19:00:00,2018-10-17 20:00,1.54393,0.2266,0.0,0.28057,1.03676,0.0,0.0,0.0,0.0
2018-10-17 20:00:00,2018-10-17 21:00,1.80672,0.29724,0.0,0.003,1.50648,0.0,0.0,0.0,0.0
2018-10-17 21:00:00,2018-10-17 22:00,3.78237,0.61883,0.0,0.003,3.16054,0.0,0.0,0.0,0.0
2018-10-17 22:00:00,2018-10-17 23:00,1.38169,0.56221,0.0,0.003,0.81648,0.0,0.0,0.0,0.0
2018-10-17 23:00:00,2018-10-18 00:00,1.19216,0.66899,0.0,0.003,0.52017,0.0,0.0,0.0,0.0
2018-10-18 00:00:00,2018-10-18 01:00,1.24998,0.78791,0.0,0.003,0.45907,0.0,0.0,0.0,0.0
2018-10-18 01:00:00,2018-10-18 02:00,0.65058,0.2032,0.0,0.003,0.44438,0.07508,0.07508,0.0,0.0
2018-10-18 02:00:00,2018-10-18 03:00,0.64452,0.2032,0.0,0.003,0.43832,0.08255,0.08255,0.0,0.0
2018-10-18 03:00:00,2018-10-18 04:00,0.86484,0.2032,0.0,0.22534,0.4363,0.08576,0.08576,0.0,-0.0
2018-10-18 04:00:00,2018-10-18 05:00,0.80225,0.2032,0.0,0.15752,0.44153,0.09692,0.08568,0.0,0.01124
2018-10-18 05:00:00,2018-10-18 06:00,1.1938,0.3084,0.0,0.32678,0.55862,0.15195,0.03953,0.0,0.11242
2018-10-18 06:00:00,2018-10-18 07:00,1.88718,1.01771,0.0,0.3142,0.55527,0.01686,0.0,0.0,0.01686
2018-10-18 07:00:00,2018-10-18 08:00,1.47707,0.96676,0.0,0.003,0.50731,0.0,0.0,0.0,0.0
2018-10-18 08:00:00,2018-10-18 09:00,1.73052,0.78491,0.0,0.42663,0.51898,0.0,0.0,0.0,0.0
2018-10-18 09:00:00,2018-10-18 10:00,1.55107,0.59273,0.0,0.44352,0.51482,0.0,0.0,0.0,0.0
2018-10-18 10:00:00,2018-10-18 11:00,1.32583,0.36538,0.0,0.45771,0.50274,0.0,0.0,0.0,0.0
2018-10-18 11:00:00,2018-10-18 12:00,0.69604,0.2307,0.0,0.02038,0.44496,0.0,0.0,0.0,0.0
2018-10-18 12:00:00,2018-10-18 13:00,0.55766,0.10241,0.0,0.003,0.45225,0.0,0.0,0.0,0.0
2018-10-18 13:00:00,2018-10-18 14:00,0.46253,0.00612,0.0,0.003,0.45341,0.0,0.0,0.0,0.0
2018-10-18 14:00:00,2018-10-18 15:00,0.45648,0.0,0.0,0.003,0.45348,0.0,0.0,0.0,0.0
2018-10-18 15:00:00,2018-10-18 16:00,0.45562,0.0,0.0,0.003,0.45262,0.0,0.0,0.0,0.0
2018-10-18 16:00:00,2018-10-18 17:00,0.46825,0.0,0.0,0.003,0.46525,0.0,0.0,0.0,0.0
2018-10-18 17:00:00,2018-10-18 18:00,0.59066,0.0,0.0,0.003,0.58766,0.0,0.0,0.0,0.0
2018-10-18 18:00:00,2018-10-18 19:00,1.05334,0.0,0.0,0.22349,0.82985,0.0,0.0,0.0,0.0
2018-10-18 19:00:00,2018-10-18 20:00,1.96759,0.0,0.0,0.30186,1.66573,0.03935,0.0,0.0,0.03935
2018-10-18 20:00:00,2018-10-18 21:00,2.61028,0.0,0.02984,0.11039,2.47005,0.01686,0.0,0.0,0.01686
2018-10-18 21:00:00,2018-10-18 22:00,1.342,0.0,0.0,0.257,1.085,0.0,0.0,0.0,0.0
2018-10-18 22:00:00,2018-10-18 23:00,0.66919,0.0,0.0,0.003,0.66619,0.0,0.0,0.0,0.0
2018-10-18 23:00:00,2018-10-19 00:00,0.45776,0.0,0.0,0.003,0.45476,0.0,0.0,0.0,0.0
2018-10-19 00:00:00,2018-10-19 01:00,0.452,0.0,0.0,0.003,0.449,0.0,0.0,0.0,0.0
2018-10-19 01:00:00,2018-10-19 02:00,0.44788,0.0,0.0,0.003,0.44488,0.0,0.0,0.0,0.0
2018-10-19 02:00:00,2018-10-19 03:00,0.44234,0.0,0.0,0.003,0.43934,0.0,0.0,0.0,0.0
2018-10-19 03:00:00,2018-10-19 04:00,0.7775,0.0,0.0,0.34011,0.43739,0.0,0.0,0.0,0.0
2018-10-19 04:00:00,2018-10-19 05:00,0.43546,0.0,0.0,0.003,0.43246,0.0,0.0,0.0,0.0
2018-10-19 05:00:00,2018-10-19 06:00,0.66544,0.0,0.0,0.22268,0.44276,0.0,0.0,0.0,0.0
2018-10-19 06:00:00,2018-10-19 07:00,1.06064,0.12496,0.0,0.4242,0.51148,0.0,0.0,0.0,0.0
2018-10-19 07:00:00,2018-10-19 08:00,0.81258,0.0,0.0,0.22007,0.59251,0.05621,0.0,0.0,0.05621
2018-10-19 08:00:00,2018-10-19 09:00,0.97673,0.07952,0.0,0.38694,0.51027,0.0,0.0,0.0,0.0
2018-10-19 09:00:00,2018-10-19 10:00,0.53678,0.05532,0.0,0.003,0.47846,0.0,0.0,0.0,0.0
2018-10-19 10:00:00,2018-10-19 11:00,0.46422,0.0076,0.0,0.003,0.45362,0.0,0.0,0.0,0.0
2018-10-19 11:00:00,2018-10-19 12:00,0.48806,0.0,0.0,0.003,0.48506,0.0,0.0,0.0,0.0
2018-10-19 12:00:00,2018-10-19 13:00,0.45564,0.0,0.0,0.003,0.45264,0.0,0.0,0.0,0.0
2018-10-19 13:00:00,2018-10-19 14:00,0.45705,0.0,0.0,0.003,0.45405,0.0,0.0,0.0,0.0
2018-10-19 14:00:00,2018-10-19 15:00,0.45719,0.0,0.0,0.003,0.45419,0.0,0.0,0.0,0.0
2018-10-19 15:00:00,2018-10-19 16:00,0.95908,0.0,0.0,0.41622,0.54286,0.0,0.0,0.0,0.0
2018-10-19 16:00:00,2018-10-19 17:00,0.68652,0.0,0.0,0.003,0.68352,0.03935,0.0,0.0,0.03935
2018-10-19 17:00:00,2018-10-19 18:00,0.90853,0.0,0.00754,0.11302,0.78797,0.04497,0.0,0.0,0.04497
2018-10-19 18:00:00,2018-10-19 19:00,1.17389,0.0,0.0,0.23992,0.93397,0.0,0.0,0.0,0.0
2018-10-19 19:00:00,2018-10-19 20:00,1.01443,0.0,0.0,0.003,1.01143,0.0,0.0,0.0,0.0
2018-10-19 20:00:00,2018-10-19 21:00,1.15472,0.0,0.0,0.003,1.15172,0.0,0.0,0.0,0.0
2018-10-19 21:00:00,2018-10-19 22:00,0.90659,0.0,0.0,0.003,0.90359,0.0,0.0,0.0,0.0
2018-10-19 22:00:00,2018-10-19 23:00,0.82026,0.025,0.0,0.22447,0.57079,0.0,0.0,0.0,0.0
2018-10-19 23:00:00,2018-10-20 00:00,0.69474,0.05,0.0,0.15236,0.49238,0.0,0.0,0.0,0.0
2018-10-20 00:00:00,2018-10-20 01:00,0.50214,0.05,0.0,0.003,0.44914,0.0,0.0,0.0,0.0
2018-10-20 01:00:00,2018-10-20 02:00,0.53054,0.08264,0.0,0.003,0.4449,0.0,0.0,0.0,0.0
2018-10-20 02:00:00,2018-10-20 03:00,0.68335,0.24079,0.0,0.003,0.43956,0.0,0.0,0.0,0.0
2018-10-20 03:00:00,2018-10-20 04:00,0.75496,0.3142,0.0,0.003,0.43776,0.0,0.0,0.0,0.0
2018-10-20 04:00:00,2018-10-20 05:00,1.12169,0.6864,0.0,0.003,0.43229,0.0,0.0,0.0,0.0
2018-10-20 05:00:00,2018-10-20 06:00,1.42096,0.98611,0.0,0.003,0.43185,0.0,0.0,0.0,0.0
2018-10-20 06:00:00,2018-10-20 07:00,1.75981,1.2816,0.0,0.003,0.47521,0.0,0.0,0.0,0.0
2018-10-20 07:00:00,2018-10-20 08:00,1.97635,1.1305,0.0,0.33565,0.5102,0.0,0.0,0.0,0.0
2018-10-20 08:00:00,2018-10-20 09:00,1.84938,1.07623,0.0,0.1901,0.58305,0.0,0.0,0.0,0.0
2018-10-20 09:00:00,2018-10-20 10:00,1.82154,1.10788,0.0,0.10921,0.60445,0.0,0.0,0.0,0.0
2018-10-20 10:00:00,2018-10-20 11:00,2.38558,1.18929,0.0,0.43639,0.7599,0.0,0.0,0.0,0.0
2018-10-20 11:00:00,2018-10-20 12:00,3.06469,0.76164,0.0,0.45582,1.84723,0.06745,0.0,0.0,0.06745
2018-10-20 12:00:00,2018-10-20 13:00,3.12779,0.64586,0.0,0.05147,2.43046,0.01686,0.0,0.0,0.01686
2018-10-20 13:00:00,2018-10-20 14:00,1.45804,0.58976,0.0,0.1082,0.76008,0.0,0.0,0.0,0.0
2018-10-20 14:00:00,2018-10-20 15:00,1.72976,0.50655,0.0,0.44343,0.77978,0.0,0.0,0.0,0.0
2018-10-20 15:00:00,2018-10-20 16:00,1.31054,0.38315,0.0,0.17201,0.75538,0.0,0.0,0.0,0.0
2018-10-20 16:00:00,2018-10-20 17:00,1.02817,0.28725,0.0,0.003,0.73792,0.0,0.0,0.0,0.0
2018-10-20 17:00:00,2018-10-20 18:00,1.22883,0.23045,0.0,0.003,0.99538,0.01124,0.0,0.0,0.01124
2018-10-20 18:00:00,2018-10-20 19:00,1.93077,0.3442,0.0,0.431,1.15557,0.01686,0.0,0.0,0.01686
2018-10-20 19:00:00,2018-10-20 20:00,1.77726,0.34449,0.0,0.17352,1.25925,0.0,0.0,0.0,0.0
2018-10-20 20:00:00,2018-10-20 21:00,1.62299,0.30877,0.0,0.003,1.31122,0.02124,0.02124,0.0,0.0
2018-10-20 21:00:00,2018-10-20 22:00,1.22564,0.2032,0.0,0.003,1.01944,0.05032,0.05032,0.0,-0.0
2018-10-20 22:00:00,2018-10-20 23:00,0.8895,0.2032,0.0,0.003,0.6833,0.06278,0.06278,0.0,0.0
2018-10-20 23:00:00,2018-10-21 00:00,0.74447,0.2032,0.0,0.003,0.53827,0.07766,0.07766,0.0,0.0
2018-10-21 00:00:00,2018-10-21 01:00,0.6681,0.2032,0.0,0.003,0.4619,0.08539,0.08539,0.0,0.0
2018-10-21 01:00:00,2018-10-21 02:00,0.65375,0.2032,0.0,0.003,0.44755,0.09273,0.09273,0.0,0.0
2018-10-21 02:00:00,2018-10-21 03:00,0.6458,0.2032,0.0,0.003,0.4396,0.10291,0.10291,0.0,0.0
2018-10-21 03:00:00,2018-10-21 04:00,0.64396,0.2032,0.0,0.003,0.43776,0.11197,0.11197,0.0,0.0
2018-10-21 04:00:00,2018-10-21 05:00,0.63852,0.2032,0.0,0.003,0.43232,0.11866,0.11866,0.0,0.0
2018-10-21 05:00:00,2018-10-21 06:00,0.86105,0.2032,0.0,0.22597,0.43188,0.12505,0.12505,0.0,0.0
2018-10-21 06:00:00,2018-10-21 07:00,0.75699,0.2032,0.0,0.08395,0.46984,0.14389,0.14389,0.0,0.0
2018-10-21 07:00:00,2018-10-21 08:00,0.65524,0.2032,0.0,0.003,0.44904,0.13056,0.13056,0.0,-0.0
2018-10-21 08:00:00,2018-10-21 09:00,0.66599,0.2032,0.0,0.003,0.45979,0.12404,0.12404,0.0,0.0
2018-10-21 09:00:00,2018-10-21 10:00,1.63438,1.08296,0.0,0.003,0.54842,0.0,0.0,0.0,0.0
2018-10-21 10:00:00,2018-10-21 11:00,1.85635,0.78243,0.0,0.33474,0.73918,0.0,0.0,0.0,0.0
2018-10-21 11:00:00,2018-10-21 12:00,1.49518,0.63425,0.0,0.19511,0.66582,0.0,0.0,0.0,0.0
2018-10-21 12:00:00,2018-10-21 13:00,1.05713,0.41838,0.0,0.003,0.63575,0.0,0.0,0.0,0.0
2018-10-21 13:00:00,2018-10-21 14:00,0.97707,0.20349,0.0,0.10932,0.66426,0.0,0.0,0.0,0.0
2018-10-21 14:00:00,2018-10-21 15:00,1.17537,0.05112,0.0,0.399,0.72525,0.0,0.0,0.0,0.0
2018-10-21 15:00:00,2018-10-21 16:00,0.7545,0.0,0.0,0.003,0.7515,0.0,0.0,0.0,0.0
2018-10-21 16:00:00,2018-10-21 17:00,1.00692,0.0,0.0,0.2101,0.79682,0.0,0.0,0.0,0.0
2018-10-21 17:00:00,2018-10-21 18:00,1.28249,0.0,0.0,0.42451,0.85798,0.0,0.0,0.0,0.0
2018-10-21 18:00:00,2018-10-21 19:00,1.41513,0.0,0.0,0.43121,0.98392,0.0,0.0,0.0,0.0
2018-10-21 19:00:00,2018-10-21 20:00,1.4325,0.05,0.0,0.3158,1.0667,0.0,0.0,0.0,0.0
2018-10-21 20:00:00,2018-10-21 21:00,1.30686,0.05,0.0,0.003,1.25386,0.0281,0.0,0.0,0.0281
2018-10-21 21:00:00,2018-10-21 22:00,1.14124,0.1074,0.0,0.003,1.03084,0.0,0.0,0.0,0.0
2018-10-21 22:00:00,2018-10-21 23:00,0.9806,0.24839,0.0,0.003,0.72921,0.0,0.0,0.0,0.0
2018-10-21 23:00:00,2018-10-22 00:00,0.94074,0.39978,0.0,0.003,0.53796,0.0,0.0,0.0,0.0
2018-10-22 00:00:00,2018-10-22 01:00,0.98028,0.51822,0.0,0.003,0.45906,0.0,0.0,0.0,0.0
2018-10-22 01:00:00,2018-10-22 02:00,1.44758,0.63941,0.0,0.36296,0.44521,0.0,0.0,0.0,0.0
2018-10-22 02:00:00,2018-10-22 03:00,1.18257,0.74438,0.0,0.003,0.43519,0.0,0.0,0.0,0.0
2018-10-22 03:00:00,2018-10-22 04:00,1.26272,0.82888,0.0,0.003,0.43084,0.0,0.0,0.0,0.0
2018-10-22 04:00:00,2018-10-22 05:00,0.98962,0.2032,0.0,0.35538,0.43104,0.08071,0.08071,0.0,0.0
2018-10-22 05:00:00,2018-10-22 06:00,0.6368,0.2032,0.0,0.003,0.4306,0.08612,0.08612,0.0,0.0
2018-10-22 06:00:00,2018-10-22 07:00,0.70873,0.2032,0.0,0.003,0.50253,0.10368,0.10368,0.0,0.0
2018-10-22 07:00:00,2018-10-22 08:00,0.97798,0.2032,0.0,0.21708,0.5577,0.09513,0.09513,0.0,0.0
2018-10-22 08:00:00,2018-10-22 09:00,1.71684,0.82671,0.0,0.3799,0.51023,0.02418,0.02418,0.0,-0.0
2018-10-22 09:00:00,2018-10-22 10:00,1.38425,0.65497,0.0,0.21444,0.51484,0.0,0.0,0.0,0.0
2018-10-22 10:00:00,2018-10-22 11:00,1.1602,0.36885,0.0,0.33455,0.4568,0.0,0.0,0.0,0.0
2018-10-22 11:00:00,2018-10-22 12:00,0.66652,0.21856,0.0,0.003,0.44496,0.0,0.0,0.0,0.0
2018-10-22 12:00:00,2018-10-22 13:00,0.60332,0.14808,0.0,0.003,0.45224,0.0,0.0,0.0,0.0
2018-10-22 13:00:00,2018-10-22 14:00,0.49933,0.04293,0.0,0.003,0.4534,0.0,0.0,0.0,0.0
2018-10-22 14:00:00,2018-10-22 15:00,0.45633,0.0,0.0,0.003,0.45333,0.0,0.0,0.0,0.0
2018-10-22 15:00:00,2018-10-22 16:00,0.45519,0.0,0.0,0.003,0.45219,0.0,0.0,0.0,0.0
2018-10-22 16:00:00,2018-10-22 17:00,0.46748,0.0,0.0,0.003,0.46448,0.0,0.0,0.0,0.0
2018-10-22 17:00:00,2018-10-22 18:00,0.48051,0.0,0.0,0.003,0.47751,0.0,0.0,0.0,0.0
2018-10-22 18:00:00,2018-10-22 19:00,0.92161,0.0,0.0,0.11215,0.80946,0.0281,0.0,0.0,0.0281
2018-10-22 19:00:00,2018-10-22 20:00,1.23951,0.0,0.0,0.24777,0.99174,0.0,0.0,0.0,0.0
2018-10-22 20:00:00,2018-10-22 21:00,1.19079,0.0375,0.0,0.003,1.15029,0.0,0.0,0.0,0.0
2018-10-22 21:00:00,2018-10-22 22:00,1.04324,0.127,0.0,0.003,0.91324,0.0,0.0,0.0,0.0
2018-10-22 22:00:00,2018-10-22 23:00,1.34862,0.23588,0.0,0.43997,0.67277,0.0,0.0,0.0,0.0
2018-10-22 23:00:00,2018-10-23 00:00,1.15288,0.31968,0.0,0.30353,0.52967,0.0,0.0,0.0,0.0
2018-10-23 00:00:00,2018-10-23 01:00,0.8664,0.41614,0.0,0.003,0.44726,0.0,0.0,0.0,0.0
2018-10-23 01:00:00,2018-10-23 02:00,0.98609,0.53965,0.0,0.003,0.44344,0.0,0.0,0.0,0.0
2018-10-23 02:00:00,2018-10-23 03:00,1.05308,0.61177,0.0,0.003,0.43831,0.0,0.0,0.0,0.0
2018-10-23 03:00:00,2018-10-23 04:00,1.16621,0.72692,0.0,0.003,0.43629,0.0,0.0,0.0,0.0
2018-10-23 04:00:00,2018-10-23 05:00,1.35043,0.80928,0.0,0.11089,0.43026,0.0,0.0,0.0,0.0
2018-10-23 05:00:00,2018-10-23 06:00,1.61506,0.87133,0.0,0.30474,0.43899,0.0,0.0,0.0,0.0
2018-10-23 06:00:00,2018-10-23 07:00,0.69799,0.2032,0.0,0.003,0.49179,0.09964,0.09964,0.0,-0.0
2018-10-23 07:00:00,2018-10-23 08:00,1.02545,0.2032,0.0,0.32088,0.50137,0.09231,0.09231,0.0,0.0
2018-10-23 08:00:00,2018-10-23 09:00,1.68873,0.74036,0.0,0.4441,0.50427,0.02294,0.02294,0.0,0.0
2018-10-23 09:00:00,2018-10-23 10:00,1.3363,0.78041,0.0,0.10176,0.45413,0.0,0.0,0.0,0.0
2018-10-23 10:00:00,2018-10-23 11:00,0.96437,0.51383,0.0,0.003,0.44754,0.0,0.0,0.0,0.0
2018-10-23 11:00:00,2018-10-23 12:00,0.86683,0.41887,0.0,0.003,0.44496,0.0,0.0,0.0,0.0
2018-10-23 12:00:00,2018-10-23 13:00,0.81165,0.32726,0.0,0.003,0.48139,0.0,0.0,0.0,0.0
2018-10-23 13:00:00,2018-10-23 14:00,2.19623,0.26727,0.0,0.003,1.92596,0.0,0.0,0.0,0.0
2018-10-23 14:00:00,2018-10-23 15:00,1.97333,0.20056,0.0,0.11196,1.66081,0.0,0.0,0.0,0.0
2018-10-23 15:00:00,2018-10-23 16:00,1.08089,0.06838,0.0,0.43213,0.58038,0.0,0.0,0.0,0.0
2018-10-23 16:00:00,2018-10-23 17:00,0.7109,0.05,0.0,0.003,0.6579,0.0281,0.0,0.0,0.0281
2018-10-23 17:00:00,2018-10-23 18:00,0.75256,0.05,0.0,0.003,0.69956,0.0,0.0,0.0,0.0
2018-10-23 18:00:00,2018-10-23 19:00,1.0788,0.23575,0.0,0.003,0.84005,0.0,0.0,0.0,0.0
2018-10-23 19:00:00,2018-10-23 20:00,1.55926,0.2256,0.0,0.43486,0.8988,0.0,0.0,0.0,0.0
2018-10-23 20:00:00,2018-10-23 21:00,1.68765,0.25835,0.0,0.20683,1.22247,0.0,0.0,0.0,0.0
2018-10-23 21:00:00,2018-10-23 22:00,1.56044,0.4129,0.0,0.003,1.14454,0.0,0.0,0.0,0.0
2018-10-23 22:00:00,2018-10-23 23:00,1.84562,0.59338,0.0,0.003,1.24924,0.0,0.0,0.0,0.0
2018-10-23 23:00:00,2018-10-24 00:00,0.67611,0.2032,0.0,0.003,0.46991,0.0574,0.0574,0.0,0.0
2018-10-24 00:00:00,2018-10-24 01:00,0.65348,0.2032,0.0,0.003,0.44728,0.06676,0.06676,0.0,0.0
2018-10-24 01:00:00,2018-10-24 02:00,0.65049,0.2032,0.0,0.003,0.44429,0.07598,0.07598,0.0,-0.0
2018-10-24 02:00:00,2018-10-24 03:00,1.05963,0.2032,0.0,0.41956,0.43687,0.0852,0.0852,0.0,0.0
2018-10-24 03:00:00,2018-10-24 04:00,0.63973,0.2032,0.0,0.003,0.43353,0.09185,0.09185,0.0,-0.0
2018-10-24 04:00:00,2018-10-24 05:00,0.63724,0.2032,0.0,0.003,0.43104,0.09847,0.09847,0.0,0.0
2018-10-24 05:00:00,2018-10-24 06:00,0.75258,0.2032,0.0,0.11058,0.4388,0.10407,0.10407,0.0,-0.0
2018-10-24 06:00:00,2018-10-24 07:00,1.24958,0.2032,0.0,0.44056,0.60582,0.16689,0.09944,0.0,0.06745
2018-10-24 07:00:00,2018-10-24 08:00,0.85204,0.2032,0.0,0.10773,0.54111,0.13582,0.09085,0.0,0.04497
2018-10-24 08:00:00,2018-10-24 09:00,0.69584,0.2032,0.0,0.003,0.48964,0.10547,0.10547,0.0,-0.0
2018-10-24 09:00:00,2018-10-24 10:00,1.20724,0.75011,0.0,0.003,0.45413,0.02428,0.02428,0.0,0.0
2018-10-24 10:00:00,2018-10-24 11:00,1.02247,0.57193,0.0,0.003,0.44754,0.0,0.0,0.0,0.0
2018-10-24 11:00:00,2018-10-24 12:00,0.88498,0.43703,0.0,0.003,0.44495,0.0,0.0,0.0,0.0
2018-10-24 12:00:00,2018-10-24 13:00,0.85097,0.39573,0.0,0.003,0.45224,0.0,0.0,0.0,0.0
2018-10-24 13:00:00,2018-10-24 14:00,0.73929,0.28288,0.0,0.003,0.45341,0.0,0.0,0.0,0.0
2018-10-24 14:00:00,2018-10-24 15:00,0.63362,0.17729,0.0,0.003,0.45333,0.0,0.0,0.0,0.0
2018-10-24 15:00:00,2018-10-24 16:00,1.04289,0.08094,0.0,0.44698,0.51497,0.0,0.0,0.0,0.0
2018-10-24 16:00:00,2018-10-24 17:00,0.73517,0.0,0.0,0.08612,0.64905,0.09556,0.0,0.0,0.09556
2018-10-24 17:00:00,2018-10-24 18:00,0.74537,0.0,0.0,0.003,0.74237,0.11242,0.0,0.0,0.11242
2018-10-24 18:00:00,2018-10-24 19:00,1.13956,0.05,0.0,0.21786,0.8717,0.11242,0.0,0.0,0.11242
2018-10-24 19:00:00,2018-10-24 20:00,3.41459,0.05,0.0,0.4485,2.91609,0.07496,0.0,0.0,0.07496
2018-10-24 20:00:00,2018-10-24 21:00,2.22768,0.05626,0.0,0.09384,2.07758,0.0,0.0,0.0,0.0
2018-10-24 21:00:00,2018-10-24 22:00,1.37824,0.18458,0.0,0.21885,0.97481,0.0,0.0,0.0,0.0
2018-10-24 22:00:00,2018-10-24 23:00,2.15538,0.25716,0.0,0.20388,1.69434,0.0,0.0,0.0,0.0
2018-10-24 23:00:00,2018-10-25 00:00,0.76463,0.26917,0.0,0.003,0.49246,0.0,0.0,0.0,0.0
2018-10-25 00:00:00,2018-10-25 01:00,0.77261,0.31055,0.0,0.003,0.45906,0.0,0.0,0.0,0.0
2018-10-25 01:00:00,2018-10-25 02:00,0.78964,0.34112,0.0,0.003,0.44552,0.0,0.0,0.0,0.0
2018-10-25 02:00:00,2018-10-25 03:00,0.7974,0.35644,0.0,0.003,0.43796,0.0,0.0,0.0,0.0
2018-10-25 03:00:00,2018-10-25 04:00,0.80709,0.37057,0.0,0.003,0.43352,0.0,0.0,0.0,0.0
2018-10-25 04:00:00,2018-10-25 05:00,0.83945,0.40541,0.0,0.003,0.43104,0.0,0.0,0.0,0.0
2018-10-25 05:00:00,2018-10-25 06:00,0.9701,0.42309,0.0,0.11285,0.43416,0.0,0.0,0.0,0.0
2018-10-25 06:00:00,2018-10-25 07:00,1.48369,0.48566,0.0,0.45422,0.54381,0.0,0.0,0.0,0.0
2018-10-25 07:00:00,2018-10-25 08:00,1.19672,0.40133,0.0,0.15889,0.6365,0.0,0.0,0.0,0.0
2018-10-25 08:00:00,2018-10-25 09:00,1.42594,0.41338,0.0,0.44056,0.572,0.0,0.0,0.0,0.0
2018-10-25 09:00:00,2018-10-25 10:00,1.15533,0.42852,0.0,0.07507,0.65174,0.0,0.0,0.0,0.0
2018-10-25 10:00:00,2018-10-25 11:00,2.91889,0.44665,0.0,0.003,2.46924,0.0,0.0,0.0,0.0
2018-10-25 11:00:00,2018-10-25 12:00,1.86149,0.35083,0.0,0.39441,1.11625,0.0,0.0,0.0,0.0
2018-10-25 12:00:00,2018-10-25 13:00,0.72423,0.25976,0.0,0.003,0.46147,0.0,0.0,0.0,0.0
2018-10-25 13:00:00,2018-10-25 14:00,0.67452,0.2181,0.0,0.003,0.45342,0.0,0.0,0.0,0.0
2018-10-25 14:00:00,2018-10-25 15:00,0.65371,0.19737,0.0,0.003,0.45334,0.0,0.0,0.0,0.0
2018-10-25 15:00:00,2018-10-25 16:00,0.67568,0.17577,0.0,0.003,0.49691,0.0,0.0,0.0,0.0
2018-10-25 16:00:00,2018-10-25 17:00,0.73616,0.17977,0.0,0.003,0.55339,0.0,0.0,0.0,0.0
2018-10-25 17:00:00,2018-10-25 18:00,0.79195,0.12046,0.0,0.003,0.66849,0.03935,0.0,0.0,0.03935
2018-10-25 18:00:00,2018-10-25 19:00,1.18978,0.0,0.0,0.22323,0.96655,0.07307,0.0,0.0,0.07307
2018-10-25 19:00:00,2018-10-25 20:00,1.56377,0.13456,0.0,0.32649,1.10272,0.0,0.0,0.0,0.0
2018-10-25 20:00:00,2018-10-25 21:00,1.41767,0.07194,0.0,0.003,1.34273,0.03935,0.0,0.0,0.03935
2018-10-25 21:00:00,2018-10-25 22:00,1.15304,0.05,0.0,0.003,1.10004,0.01686,0.0,0.0,0.01686
2018-10-25 22:00:00,2018-10-25 23:00,0.86659,0.25015,0.0,0.003,0.61344,0.0,0.0,0.0,0.0
2018-10-25 23:00:00,2018-10-26 00:00,0.7875,0.29202,0.0,0.003,0.49248,0.0,0.0,0.0,0.0
2018-10-26 00:00:00,2018-10-26 01:00,0.77928,0.32704,0.0,0.003,0.44924,0.0,0.0,0.0,0.0
2018-10-26 01:00:00,2018-10-26 02:00,0.79631,0.34987,0.0,0.003,0.44344,0.0,0.0,0.0,0.0
2018-10-26 02:00:00,2018-10-26 03:00,0.8086,0.36728,0.0,0.003,0.43832,0.0,0.0,0.0,0.0
2018-10-26 03:00:00,2018-10-26 04:00,0.83453,0.39525,0.0,0.003,0.43628,0.0,0.0,0.0,0.0
2018-10-26 04:00:00,2018-10-26 05:00,1.17671,0.41503,0.0,0.33142,0.43026,0.0,0.0,0.0,0.0
2018-10-26 05:00:00,2018-10-26 06:00,1.17316,0.40577,0.0,0.29672,0.47067,0.01124,0.0,0.0,0.01124
2018-10-26 06:00:00,2018-10-26 07:00,1.12925,0.37373,0.0,0.1107,0.64482,0.04497,0.0,0.0,0.04497
2018-10-26 07:00:00,2018-10-26 08:00,1.50631,0.46913,0.0,0.44683,0.59035,0.0,0.0,0.0,0.0
2018-10-26 08:00:00,2018-10-26 09:00,1.25201,0.51458,0.0,0.20375,0.53368,0.0,0.0,0.0,0.0
2018-10-26 09:00:00,2018-10-26 10:00,1.24062,0.51692,0.0,0.21493,0.50877,0.0,0.0,0.0,0.0
2018-10-26 10:00:00,2018-10-26 11:00,1.29406,0.52239,0.0,0.32413,0.44754,0.0,0.0,0.0,0.0
2018-10-26 11:00:00,2018-10-26 12:00,0.95839,0.51043,0.0,0.003,0.44496,0.0,0.0,0.0,0.0
2018-10-26 12:00:00,2018-10-26 13:00,0.93711,0.48186,0.0,0.003,0.45225,0.0,0.0,0.0,0.0
2018-10-26 13:00:00,2018-10-26 14:00,0.94598,0.48956,0.0,0.003,0.45342,0.0,0.0,0.0,0.0
2018-10-26 14:00:00,2018-10-26 15:00,0.985,0.5053,0.0,0.003,0.4767,0.0,0.0,0.0,0.0
2018-10-26 15:00:00,2018-10-26 16:00,1.02801,0.49046,0.0,0.003,0.53455,0.0,0.0,0.0,0.0
2018-10-26 16:00:00,2018-10-26 17:00,1.55445,0.46163,0.0,0.44999,0.64283,0.0,0.0,0.0,0.0
2018-10-26 17:00:00,2018-10-26 18:00,1.13649,0.36738,0.0,0.03044,0.73867,0.03935,0.0,0.0,0.03935
2018-10-26 18:00:00,2018-10-26 19:00,1.24356,0.39043,0.0,0.003,0.85013,0.04497,0.0,0.0,0.04497
2018-10-26 19:00:00,2018-10-26 20:00,1.7183,0.44092,0.0,0.33352,0.94386,0.0,0.0,0.0,0.0
2018-10-26 20:00:00,2018-10-26 21:00,1.61059,0.4198,0.0,0.12336,1.06743,0.0,0.0,0.0,0.0
2018-10-26 21:00:00,2018-10-26 22:00,1.41425,0.40363,0.0,0.003,1.00762,0.0,0.0,0.0,0.0
2018-10-26 22:00:00,2018-10-26 23:00,1.06679,0.45465,0.0,0.003,0.60914,0.0,0.0,0.0,0.0
2018-10-26 23:00:00,2018-10-27 00:00,0.93783,0.48184,0.0,0.003,0.45299,0.0,0.0,0.0,0.0
2018-10-27 00:00:00,2018-10-27 01:00,0.9522,0.50067,0.0,0.003,0.44853,0.0,0.0,0.0,0.0
2018-10-27 01:00:00,2018-10-27 02:00,0.96859,0.5209,0.0,0.003,0.44469,0.0,0.0,0.0,0.0
2018-10-27 02:00:00,2018-10-27 03:00,0.96617,0.52362,0.0,0.003,0.43955,0.0,0.0,0.0,0.0
2018-10-27 03:00:00,2018-10-27 04:00,1.07155,0.51919,0.0,0.11484,0.43752,0.0,0.0,0.0,0.0
2018-10-27 04:00:00,2018-10-27 05:00,1.23084,0.52608,0.0,0.27365,0.43111,0.0,0.0,0.0,0.0
2018-10-27 05:00:00,2018-10-27 06:00,0.97788,0.53249,0.0,0.003,0.44239,0.0,0.0,0.0,0.0
2018-10-27 06:00:00,2018-10-27 07:00,1.1255,0.61118,0.0,0.003,0.51132,0.0,0.0,0.0,0.0
2018-10-27 07:00:00,2018-10-27 08:00,1.19177,0.52036,0.0,0.11258,0.55883,0.0,0.0,0.0,0.0
2018-10-27 08:00:00,2018-10-27 09:00,1.48538,0.48966,0.0,0.40555,0.59017,0.0,0.0,0.0,0.0
2018-10-27 09:00:00,2018-10-27 10:00,1.07755,0.43038,0.0,0.003,0.64417,0.01124,0.0,0.0,0.01124
2018-10-27 10:00:00,2018-10-27 11:00,0.97115,0.19983,0.0,0.003,0.76832,0.07307,0.0,0.0,0.07307
2018-10-27 11:00:00,2018-10-27 12:00,1.87781,0.31973,0.0,0.33544,1.22264,0.0,0.0,0.0,0.0
2018-10-27 12:00:00,2018-10-27 13:00,3.35025,0.31022,0.0,0.20158,2.83845,0.0,0.0,0.0,0.0
2018-10-27 13:00:00,2018-10-27 14:00,3.05252,0.25343,0.0,0.003,2.79609,0.0,0.0,0.0,0.0
2018-10-27 14:00:00,2018-10-27 15:00,1.40881,0.15225,0.0,0.45101,0.80555,0.0,0.0,0.0,0.0
2018-10-27 15:00:00,2018-10-27 16:00,1.04834,0.14541,0.0,0.20055,0.70238,0.0,0.0,0.0,0.0
2018-10-27 16:00:00,2018-10-27 17:00,0.97677,0.12436,0.0,0.11057,0.74184,0.0,0.0,0.0,0.0
2018-10-27 17:00:00,2018-10-27 18:00,1.52592,0.13411,0.0,0.45724,0.93457,0.0,0.0,0.0,0.0
2018-10-27 18:00:00,2018-10-27 19:00,1.32473,0.13611,0.0,0.02182,1.1668,0.0281,0.0,0.0,0.0281
2018-10-27 19:00:00,2018-10-27 20:00,1.37808,0.1371,0.0,0.003,1.23798,0.0,0.0,0.0,0.0
2018-10-27 20:00:00,2018-10-27 21:00,1.16855,0.17302,0.0,0.003,0.99253,0.0,0.0,0.0,0.0
2018-10-27 21:00:00,2018-10-27 22:00,1.114,0.26443,0.0,0.003,0.84657,0.0,0.0,0.0,0.0
2018-10-27 22:00:00,2018-10-27 23:00,1.01465,0.32839,0.0,0.003,0.68326,0.0,0.0,0.0,0.0
2018-10-27 23:00:00,2018-10-28 00:00,0.89415,0.35289,0.0,0.003,0.53826,0.0,0.0,0.0,0.0
2018-10-28 00:00:00,2018-10-28 01:00,1.14646,0.34473,0.0,0.33985,0.46188,0.0,0.0,0.0,0.0
2018-10-28 01:00:00,2018-10-28 02:00,0.97734,0.47346,0.0,0.05713,0.44675,0.0,0.0,0.0,0.0
2018-10-28 02:00:00,2018-10-28 03:00,1.01055,0.568,0.0,0.003,0.43955,0.0,0.0,0.0,0.0
2018-10-28 03:00:00,2018-10-28 04:00,1.11286,0.6721,0.0,0.003,0.43776,0.0,0.0,0.0,0.0
2018-10-28 04:00:00,2018-10-28 05:00,1.24023,0.80495,0.0,0.003,0.43228,0.0,0.0,0.0,0.0
2018-10-28 05:00:00,2018-10-28 06:00,1.25869,0.82385,0.0,0.003,0.43184,0.0,0.0,0.0,0.0
2018-10-28 06:00:00,2018-10-28 07:00,1.31047,0.83228,0.0,0.003,0.47519,0.0,0.0,0.0,0.0
2018-10-28 07:00:00,2018-10-28 08:00,1.19569,0.64317,0.0,0.003,0.54952,0.03935,0.0,0.0,0.03935
2018-10-28 08:00:00,2018-10-28 09:00,1.33137,0.44755,0.0,0.22771,0.65611,0.07307,0.0,0.0,0.07307
2018-10-28 09:00:00,2018-10-28 10:00,1.37707,0.55029,0.0,0.22235,0.60443,0.0,0.0,0.0,0.0
2018-10-28 10:00:00,2018-10-28 11:00,1.10264,0.4272,0.0,0.003,0.67244,0.0,0.0,0.0,0.0
2018-10-28 11:00:00,2018-10-28 12:00,0.93257,0.28638,0.0,0.003,0.64319,0.0,0.0,0.0,0.0
2018-10-28 12:00:00,2018-10-28 13:00,0.94373,0.17772,0.0,0.003,0.76301,0.0,0.0,0.0,0.0
2018-10-28 13:00:00,2018-10-28 14:00,0.80434,0.03407,0.0,0.003,0.76727,0.0281,0.0,0.0,0.0281
2018-10-28 14:00:00,2018-10-28 15:00,1.27398,0.02093,0.0,0.4509,0.80215,0.0,0.0,0.0,0.0
2018-10-28 15:00:00,2018-10-28 16:00,1.13838,0.0129,0.0,0.27484,0.85064,0.0,0.0,0.0,0.0
2018-10-28 16:00:00,2018-10-28 17:00,1.03069,0.01203,0.0,0.11167,0.90699,0.0,0.0,0.0,0.0
2018-10-28 17:00:00,2018-10-28 18:00,1.41789,0.05632,0.0,0.45447,0.9071,0.0,0.0,0.0,0.0
2018-10-28 18:00:00,2018-10-28 19:00,1.23702,0.13786,0.0,0.11583,0.98333,0.0,0.0,0.0,0.0
2018-10-28 19:00:00,2018-10-28 20:00,1.20382,0.05,0.0,0.003,1.15082,0.08431,0.0,0.0,0.08431
2018-10-28 20:00:00,2018-10-28 21:00,1.41141,0.10898,0.0,0.11095,1.19148,0.0,0.0,0.0,0.0
2018-10-28 21:00:00,2018-10-28 22:00,1.53368,0.21249,0.0,0.3211,1.00009,0.0,0.0,0.0,0.0
2018-10-28 22:00:00,2018-10-28 23:00,0.93287,0.27996,0.0,0.003,0.64991,0.0,0.0,0.0,0.0
2018-10-28 23:00:00,2018-10-29 00:00,0.79954,0.32417,0.0,0.003,0.47237,0.0,0.0,0.0,0.0
2018-10-29 00:00:00,2018-10-29 01:00,0.81539,0.36513,0.0,0.003,0.44726,0.0,0.0,0.0,0.0
2018-10-29 01:00:00,2018-10-29 02:00,0.95259,0.3974,0.0,0.11176,0.44343,0.0,0.0,0.0,0.0
2018-10-29 02:00:00,2018-10-29 03:00,1.12018,0.43969,0.0,0.24217,0.43832,0.0,0.0,0.0,0.0
2018-10-29 03:00:00,2018-10-29 04:00,0.94167,0.50216,0.0,0.003,0.43651,0.0,0.0,0.0,0.0
2018-10-29 04:00:00,2018-10-29 05:00,1.02269,0.58683,0.0,0.003,0.43286,0.0,0.0,0.0,0.0
2018-10-29 05:00:00,2018-10-29 06:00,1.45409,0.76894,0.0,0.22384,0.46131,0.01124,0.0,0.0,0.01124
2018-10-29 06:00:00,2018-10-29 07:00,1.67458,0.55828,0.0,0.46062,0.65568,0.10118,0.0,0.0,0.10118
2018-10-29 07:00:00,2018-10-29 08:00,1.47731,0.77087,0.0,0.09462,0.61182,0.0,0.0,0.0,0.0
2018-10-29 08:00:00,2018-10-29 09:00,1.38701,0.82682,0.0,0.003,0.55719,0.0,0.0,0.0,0.0
2018-10-29 09:00:00,2018-10-29 10:00,1.10288,0.64575,0.0,0.003,0.45413,0.0,0.0,0.0,0.0
2018-10-29 10:00:00,2018-10-29 11:00,1.01678,0.56625,0.0,0.003,0.44753,0.0,0.0,0.0,0.0
2018-10-29 11:00:00,2018-10-29 12:00,0.93202,0.48407,0.0,0.003,0.44495,0.0,0.0,0.0,0.0
2018-10-29 12:00:00,2018-10-29 13:00,0.87432,0.35815,0.0,0.003,0.51317,0.03935,0.0,0.0,0.03935
2018-10-29 13:00:00,2018-10-29 14:00,1.22261,0.21843,0.0,0.41377,0.59041,0.07307,0.0,0.0,0.07307
2018-10-29 14:00:00,2018-10-29 15:00,0.88229,0.36016,0.0,0.003,0.51913,0.0,0.0,0.0,0.0
2018-10-29 15:00:00,2018-10-29 16:00,0.78914,0.30518,0.0,0.003,0.48096,0.0,0.0,0.0,0.0
2018-10-29 16:00:00,2018-10-29 17:00,0.77642,0.30913,0.0,0.003,0.46429,0.0,0.0,0.0,0.0
2018-10-29 17:00:00,2018-10-29 18:00,0.84615,0.36595,0.0,0.003,0.4772,0.0,0.0,0.0,0.0
2018-10-29 18:00:00,2018-10-29 19:00,1.36279,0.47986,0.0,0.22498,0.65795,0.0,0.0,0.0,0.0
2018-10-29 19:00:00,2018-10-29 20:00,1.75537,0.27209,0.0,0.28928,1.194,0.0281,0.0,0.0,0.0281
2018-10-29 20:00:00,2018-10-29 21:00,1.62868,0.34113,0.0,0.003,1.28455,0.0,0.0,0.0,0.0
2018-10-29 21:00:00,2018-10-29 22:00,1.73923,0.38493,0.0,0.33583,1.01847,0.0,0.0,0.0,0.0
2018-10-29 22:00:00,2018-10-29 23:00,1.24043,0.42028,0.0,0.0436,0.77655,0.0,0.0,0.0,0.0
2018-10-29 23:00:00,2018-10-30 00:00,1.01982,0.45758,0.0,0.003,0.55924,0.0,0.0,0.0,0.0
2018-10-30 00:00:00,2018-10-30 01:00,0.93943,0.484,0.0,0.003,0.45243,0.0,0.0,0.0,0.0
2018-10-30 01:00:00,2018-10-30 02:00,0.94879,0.50237,0.0,0.003,0.44342,0.0,0.0,0.0,0.0
2018-10-30 02:00:00,2018-10-30 03:00,0.92738,0.48607,0.0,0.003,0.43831,0.0,0.0,0.0,0.0
2018-10-30 03:00:00,2018-10-30 04:00,0.93177,0.49224,0.0,0.003,0.43653,0.0,0.0,0.0,0.0
2018-10-30 04:00:00,2018-10-30 05:00,0.93632,0.50133,0.0,0.003,0.43199,0.0,0.0,0.0,0.0
2018-10-30 05:00:00,2018-10-30 06:00,1.29512,0.4905,0.0,0.33837,0.46625,0.01124,0.0,0.0,0.01124
2018-10-30 06:00:00,2018-10-30 07:00,1.27087,0.43627,0.0,0.20807,0.62653,0.04497,0.0,0.0,0.04497
2018-10-30 07:00:00,2018-10-30 08:00,1.1146,0.51321,0.0,0.003,0.59839,0.0,0.0,0.0,0.0
2018-10-30 08:00:00,2018-10-30 09:00,1.46214,0.53401,0.0,0.33595,0.59218,0.0,0.0,0.0,0.0
2018-10-30 09:00:00,2018-10-30 10:00,1.76245,0.52559,0.0,0.11193,1.12493,0.0,0.0,0.0,0.0
2018-10-30 10:00:00,2018-10-30 11:00,1.70631,0.49324,0.0,0.003,1.21007,0.0,0.0,0.0,0.0
2018-10-30 11:00:00,2018-10-30 12:00,1.01533,0.3985,0.0,0.11039,0.50644,0.0,0.0,0.0,0.0
2018-10-30 12:00:00,2018-10-30 13:00,1.26272,0.29725,0.0,0.45197,0.5135,0.0,0.0,0.0,0.0
2018-10-30 13:00:00,2018-10-30 14:00,0.84937,0.24278,0.0,0.08924,0.51735,0.0,0.0,0.0,0.0
2018-10-30 14:00:00,2018-10-30 15:00,0.70974,0.1876,0.0,0.003,0.51914,0.0,0.0,0.0,0.0
2018-10-30 15:00:00,2018-10-30 16:00,0.67491,0.1729,0.0,0.003,0.49901,0.0,0.0,0.0,0.0
2018-10-30 16:00:00,2018-10-30 17:00,0.70895,0.20916,0.0,0.003,0.49679,0.0,0.0,0.0,0.0
2018-10-30 17:00:00,2018-10-30 18:00,1.08376,0.2062,0.0,0.22139,0.65617,0.0,0.0,0.0,0.0
2018-10-30 18:00:00,2018-10-30 19:00,1.45993,0.3276,0.0,0.32715,0.80518,0.0,0.0,0.0,0.0
2018-10-30 19:00:00,2018-10-30 20:00,1.16388,0.30716,0.0,0.003,0.85372,0.0,0.0,0.0,0.0
2018-10-30 20:00:00,2018-10-30 21:00,1.33541,0.31674,0.0,0.003,1.01567,0.0,0.0,0.0,0.0
2018-10-30 21:00:00,2018-10-30 22:00,1.36947,0.34798,0.0,0.003,1.01849,0.0,0.0,0.0,0.0
2018-10-30 22:00:00,2018-10-30 23:00,1.20412,0.48853,0.0,0.003,0.71259,0.0,0.0,0.0,0.0
2018-10-30 23:00:00,2018-10-31 00:00,1.38969,0.67312,0.0,0.22411,0.49246,0.0,0.0,0.0,0.0
2018-10-31 00:00:00,2018-10-31 01:00,1.50009,0.73476,0.0,0.30948,0.45585,0.0,0.0,0.0,0.0
2018-10-31 01:00:00,2018-10-31 02:00,1.26688,0.8195,0.0,0.003,0.44438,0.0,0.0,0.0,0.0
2018-10-31 02:00:00,2018-10-31 03:00,1.38016,0.93885,0.0,0.003,0.43831,0.0,0.0,0.0,0.0
2018-10-31 03:00:00,2018-10-31 04:00,1.43908,0.99958,0.0,0.003,0.4365,0.0,0.0,0.0,0.0
2018-10-31 04:00:00,2018-10-31 05:00,1.45008,1.01514,0.0,0.003,0.43194,0.0,0.0,0.0,0.0
2018-10-31 05:00:00,2018-10-31 06:00,1.70366,1.02888,0.0,0.22364,0.45114,0.0,0.0,0.0,0.0
2018-10-31 06:00:00,2018-10-31 07:00,2.04664,1.18961,0.0,0.26645,0.59058,0.0,0.0,0.0,0.0
2018-10-31 07:00:00,2018-10-31 08:00,2.10092,1.10775,0.0,0.42137,0.5718,0.0,0.0,0.0,0.0
2018-10-31 08:00:00,2018-10-31 09:00,2.07899,1.10171,0.0,0.4494,0.52788,0.0,0.0,0.0,0.0
2018-10-31 09:00:00,2018-10-31 10:00,1.53572,0.91585,0.0,0.16574,0.45413,0.0,0.0,0.0,0.0
2018-10-31 10:00:00,2018-10-31 11:00,1.05226,0.60174,0.0,0.003,0.44752,0.0,0.0,0.0,0.0
2018-10-31 11:00:00,2018-10-31 12:00,0.94774,0.46909,0.0,0.003,0.47565,0.0,0.0,0.0,0.0
2018-10-31 12:00:00,2018-10-31 13:00,0.79133,0.33607,0.0,0.003,0.45226,0.0,0.0,0.0,0.0
2018-10-31 13:00:00,2018-10-31 14:00,0.66948,0.21308,0.0,0.003,0.4534,0.0,0.0,0.0,0.0
2018-10-31 14:00:00,2018-10-31 15:00,0.61164,0.13906,0.0,0.003,0.46958,0.0,0.0,0.0,0.0
2018-10-31 15:00:00,2018-10-31 16:00,0.55964,0.07776,0.0,0.003,0.47888,0.0,0.0,0.0,0.0
2018-10-31 16:00:00,2018-10-31 17:00,0.97108,0.05908,0.0,0.35862,0.55338,0.0,0.0,0.0,0.0
2018-10-31 17:00:00,2018-10-31 18:00,0.71665,0.05747,0.0,0.003,0.65618,0.0,0.0,0.0,0.0
2018-10-31 18:00:00,2018-10-31 19:00,1.28062,0.20051,0.0,0.22187,0.85824,0.0,0.0,0.0,0.0
2018-10-31 19:00:00,2018-10-31 20:00,1.69,0.16766,0.0,0.44204,1.0803,0.0,0.0,0.0,0.0
2018-10-31 20:00:00,2018-10-31 21:00,3.01859,0.2652,0.0,0.003,2.75039,0.0,0.0,0.0,0.0
2018-10-31 21:00:00,2018-10-31 22:00,3.75459,0.42163,0.0,0.003,3.32996,0.0,0.0,0.0,0.0
2018-10-31 22:00:00,2018-10-31 23:00,3.33748,0.61383,0.0,0.44048,2.28317,0.0,0.0,0.0,0.0
2018-10-31 23:00:00,2018-11-01 00:00,1.30787,0.5945,0.0,0.22091,0.49246,0.0,0.0,0.0,0.0
2018-11-01 00:00:00,2018-11-01 01:00,1.16974,0.70835,0.0,0.003,0.45839,0.0,0.0,0.0,0.0
2018-11-01 01:00:00,2018-11-01 02:00,1.27384,0.82768,0.0,0.003,0.44316,0.0,0.0,0.0,0.0
2018-11-01 02:00:00,2018-11-01 03:00,0.81821,0.37714,0.0,0.003,0.43807,0.05991,0.05991,0.0,-0.0
2018-11-01 03:00:00,2018-11-01 04:00,1.19546,0.75621,0.0,0.003,0.43625,0.0206,0.0206,0.0,0.0
2018-11-01 04:00:00,2018-11-01 05:00,1.40421,0.97044,0.0,0.003,0.43077,0.0,0.0,0.0,0.0
2018-11-01 05:00:00,2018-11-01 06:00,1.44503,1.00429,0.0,0.003,0.43774,0.0,0.0,0.0,0.0
2018-11-01 06:00:00,2018-11-01 07:00,1.25001,0.4414,0.0,0.21986,0.58875,0.0816,0.0816,0.0,0.0
2018-11-01 07:00:00,2018-11-01 08:00,1.23289,0.2032,0.0,0.4382,0.59149,0.10845,0.09721,0.0,0.01124
2018-11-01 08:00:00,2018-11-01 09:00,1.63945,0.61963,0.0,0.44917,0.57065,0.06056,0.04181,0.0,0.01875
2018-11-01 09:00:00,2018-11-01 10:00,1.64695,0.91948,0.0,0.20985,0.51762,0.0,0.0,0.0,0.0
2018-11-01 10:00:00,2018-11-01 11:00,1.43076,0.5904,0.0,0.32876,0.5116,0.0,0.0,0.0,0.0
2018-11-01 11:00:00,2018-11-01 12:00,1.27437,0.48365,0.0,0.28186,0.50886,0.0,0.0,0.0,0.0
2018-11-01 12:00:00,2018-11-01 13:00,0.86866,0.38829,0.0,0.003,0.47737,0.0,0.0,0.0,0.0
2018-11-01 13:00:00,2018-11-01 14:00,0.74271,0.28675,0.0,0.003,0.45296,0.0,0.0,0.0,0.0
2018-11-01 14:00:00,2018-11-01 15:00,0.62918,0.1733,0.0,0.003,0.45288,0.0,0.0,0.0,0.0
2018-11-01 15:00:00,2018-11-01 16:00,0.53629,0.07083,0.0,0.003,0.46246,0.0,0.0,0.0,0.0
2018-11-01 16:00:00,2018-11-01 17:00,0.91374,0.12273,0.0,0.21664,0.57437,0.0,0.0,0.0,0.0
2018-11-01 17:00:00,2018-11-01 18:00,1.18089,0.09464,0.0,0.35651,0.72974,0.03935,0.0,0.0,0.03935
2018-11-01 18:00:00,2018-11-01 19:00,1.20924,0.05,0.0,0.003,1.15624,0.05247,0.0,0.0,0.05247
2018-11-01 19:00:00,2018-11-01 20:00,1.35158,0.09299,0.0,0.003,1.25559,0.0,0.0,0.0,0.0
2018-11-01 20:00:00,2018-11-01 21:00,1.29939,0.17569,0.0,0.003,1.1207,0.0,0.0,0.0,0.0
2018-11-01 21:00:00,2018-11-01 22:00,1.05831,0.24818,0.0,0.003,0.80713,0.0,0.0,0.0,0.0
2018-11-01 22:00:00,2018-11-01 23:00,0.96738,0.35146,0.0,0.003,0.61292,0.0,0.0,0.0,0.0
2018-11-01 23:00:00,2018-11-02 00:00,0.92892,0.41688,0.0,0.003,0.50904,0.0,0.0,0.0,0.0
2018-11-02 00:00:00,2018-11-02 01:00,0.93884,0.48383,0.0,0.003,0.45201,0.0,0.0,0.0,0.0
2018-11-02 01:00:00,2018-11-02 02:00,1.02147,0.57531,0.0,0.003,0.44316,0.0,0.0,0.0,0.0
2018-11-02 02:00:00,2018-11-02 03:00,1.12013,0.67907,0.0,0.003,0.43806,0.0,0.0,0.0,0.0
2018-11-02 03:00:00,2018-11-02 04:00,1.27817,0.72733,0.0,0.11459,0.43625,0.0,0.0,0.0,0.0
2018-11-02 04:00:00,2018-11-02 05:00,1.40208,0.78662,0.0,0.18466,0.4308,0.0,0.0,0.0,0.0
2018-11-02 05:00:00,2018-11-02 06:00,1.27411,0.82959,0.0,0.003,0.44152,0.0,0.0,0.0,0.0
2018-11-02 06:00:00,2018-11-02 07:00,1.93647,1.04937,0.0,0.003,0.8841,0.0,0.0,0.0,0.0
2018-11-02 07:00:00,2018-11-02 08:00,3.50734,0.43788,0.0,0.32838,2.74108,0.10358,0.07359,0.0,0.02999
2018-11-02 08:00:00,2018-11-02 09:00,1.83171,0.39191,0.0,0.43121,1.00859,0.08854,0.05855,0.0,0.02999
2018-11-02 09:00:00,2018-11-02 10:00,1.39363,0.84734,0.0,0.003,0.54329,0.0,0.0,0.0,0.0
2018-11-02 10:00:00,2018-11-02 11:00,1.12908,0.62106,0.0,0.003,0.50502,0.0,0.0,0.0,0.0
2018-11-02 11:00:00,2018-11-02 12:00,1.04389,0.5964,0.0,0.003,0.44449,0.0,0.0,0.0,0.0
2018-11-02 12:00:00,2018-11-02 13:00,0.91267,0.35921,0.0,0.003,0.55046,0.05995,0.0,0.0,0.05995
2018-11-02 13:00:00,2018-11-02 14:00,1.19288,0.34048,0.0,0.33267,0.51973,0.0,0.0,0.0,0.0
2018-11-02 14:00:00,2018-11-02 15:00,0.97197,0.25221,0.0,0.19643,0.52333,0.0,0.0,0.0,0.0
2018-11-02 15:00:00,2018-11-02 16:00,0.76392,0.21418,0.0,0.003,0.54674,0.0,0.0,0.0,0.0
2018-11-02 16:00:00,2018-11-02 17:00,0.97694,0.2209,0.0,0.003,0.75304,0.0,0.0,0.0,0.0
2018-11-02 17:00:00,2018-11-02 18:00,1.51551,0.25889,0.0,0.43568,0.82094,0.0,0.0,0.0,0.0
2018-11-02 18:00:00,2018-11-02 19:00,1.16046,0.39688,0.0,0.003,0.76058,0.0,0.0,0.0,0.0
2018-11-02 19:00:00,2018-11-02 20:00,1.047,0.36485,0.0,0.003,0.67915,0.0,0.0,0.0,0.0
2018-11-02 20:00:00,2018-11-02 21:00,1.62633,0.35618,0.0,0.21938,1.05077,0.0,0.0,0.0,0.0
2018-11-02 21:00:00,2018-11-02 22:00,1.86948,0.37465,0.0,0.40395,1.09088,0.0,0.0,0.0,0.0
2018-11-02 22:00:00,2018-11-02 23:00,1.27721,0.47377,0.0,0.003,0.80044,0.0,0.0,0.0,0.0
2018-11-02 23:00:00,2018-11-03 00:00,1.10809,0.62472,0.0,0.003,0.48037,0.0,0.0,0.0,0.0
2018-11-03 00:00:00,2018-11-03 01:00,1.16021,0.70895,0.0,0.003,0.44826,0.0,0.0,0.0,0.0
2018-11-03 01:00:00,2018-11-03 02:00,1.26008,0.81267,0.0,0.003,0.44441,0.0,0.0,0.0,0.0
2018-11-03 02:00:00,2018-11-03 03:00,1.33806,0.89576,0.0,0.003,0.4393,0.0,0.0,0.0,0.0
2018-11-03 03:00:00,2018-11-03 04:00,1.3494,0.90891,0.0,0.003,0.43749,0.0,0.0,0.0,0.0
2018-11-03 04:00:00,2018-11-03 05:00,1.36749,0.93244,0.0,0.003,0.43205,0.0,0.0,0.0,0.0
2018-11-03 05:00:00,2018-11-03 06:00,1.63432,0.97495,0.0,0.22001,0.43936,0.0,0.0,0.0,0.0
2018-11-03 06:00:00,2018-11-03 07:00,2.00045,1.12177,0.0,0.37176,0.50692,0.0,0.0,0.0,0.0
2018-11-03 07:00:00,2018-11-03 08:00,1.52321,1.01509,0.0,0.003,0.50512,0.0,0.0,0.0,0.0
2018-11-03 08:00:00,2018-11-03 09:00,1.49883,0.94999,0.0,0.003,0.54584,0.01124,0.0,0.0,0.01124
2018-11-03 09:00:00,2018-11-03 10:00,1.97035,0.83233,0.0,0.44276,0.69526,0.01875,0.0,0.0,0.01875
2018-11-03 10:00:00,2018-11-03 11:00,1.45045,0.70988,0.0,0.0524,0.68817,0.0,0.0,0.0,0.0
2018-11-03 11:00:00,2018-11-03 12:00,1.57099,0.59372,0.0,0.21721,0.76006,0.0,0.0,0.0,0.0
2018-11-03 12:00:00,2018-11-03 13:00,1.68558,0.5437,0.0,0.36824,0.77364,0.0,0.0,0.0,0.0
2018-11-03 13:00:00,2018-11-03 14:00,1.27598,0.47252,0.0,0.003,0.80046,0.0,0.0,0.0,0.0
2018-11-03 14:00:00,2018-11-03 15:00,1.27401,0.4494,0.0,0.003,0.82161,0.0,0.0,0.0,0.0
2018-11-03 15:00:00,2018-11-03 16:00,1.25081,0.46623,0.0,0.003,0.78158,0.0,0.0,0.0,0.0
2018-11-03 16:00:00,2018-11-03 17:00,2.84583,0.48963,0.0,0.003,2.3532,0.0,0.0,0.0,0.0
2018-11-03 17:00:00,2018-11-03 18:00,2.23364,0.2965,0.0,0.4406,1.49654,0.05995,0.0,0.0,0.05995
2018-11-03 18:00:00,2018-11-03 19:00,1.85658,0.51521,0.0,0.0809,1.26047,0.0,0.0,0.0,0.0
2018-11-03 19:00:00,2018-11-03 20:00,1.71794,0.39085,0.0,0.003,1.32409,0.02999,0.0,0.0,0.02999
2018-11-03 20:00:00,2018-11-03 21:00,1.77771,0.51692,0.0,0.003,1.25779,0.0,0.0,0.0,0.0
2018-11-03 21:00:00,2018-11-03 22:00,1.57804,0.56079,0.0,0.003,1.01425,0.0,0.0,0.0,0.0
2018-11-03 22:00:00,2018-11-03 23:00,1.50824,0.675,0.0,0.11235,0.72089,0.0,0.0,0.0,0.0
2018-11-03 23:00:00,2018-11-04 00:00,1.75568,0.92586,0.0,0.31659,0.51323,0.0,0.0,0.0,0.0
2018-11-04 00:00:00,2018-11-04 01:00,1.46418,1.01293,0.0,0.003,0.44825,0.0,0.0,0.0,0.0
2018-11-04 01:00:00,2018-11-04 01:00,1.47997,1.03257,0.0,0.003,0.4444,0.0,0.0,0.0,0.0
2018-11-04 02:00:00,2018-11-04 02:00,1.58494,1.14265,0.0,0.003,0.43929,0.0,0.0,0.0,0.0
2018-11-04 03:00:00,2018-11-04 03:00,1.59241,1.15192,0.0,0.003,0.43749,0.0,0.0,0.0,0.0
2018-11-04 04:00:00,2018-11-04 04:00,1.58749,1.15244,0.0,0.003,0.43205,0.0,0.0,0.0,0.0
2018-11-04 05:00:00,2018-11-04 05:00,1.6443,1.20964,0.0,0.003,0.43166,0.0,0.0,0.0,0.0
2018-11-04 06:00:00,2018-11-04 06:00,1.81148,1.33884,0.0,0.003,0.46964,0.0,0.0,0.0,0.0
2018-11-04 07:00:00,2018-11-04 07:00,1.75214,1.28698,0.0,0.003,0.46216,0.0,0.0,0.0,0.0
2018-11-04 08:00:00,2018-11-04 08:00,2.30535,1.27323,0.0,0.44505,0.58707,0.0,0.0,0.0,0.0
2018-11-04 09:00:00,2018-11-04 09:00,2.18161,1.17543,0.0,0.33973,0.66645,0.01124,0.0,0.0,0.01124
2018-11-04 10:00:00,2018-11-04 10:00,1.6928,0.84572,0.0,0.003,0.84408,0.0862,0.0,0.0,0.0862
2018-11-04 11:00:00,2018-11-04 11:00,2.03215,1.02937,0.0,0.21835,0.78443,0.02437,0.0,0.0,0.02437
2018-11-04 12:00:00,2018-11-04 12:00,2.19237,1.15511,0.0,0.30336,0.7339,0.0,0.0,0.0,0.0
2018-11-04 13:00:00,2018-11-04 13:00,1.9121,1.11799,0.0,0.003,0.79111,0.0,0.0,0.0,0.0
2018-11-04 14:00:00,2018-11-04 14:00,2.21733,1.11481,0.0,0.44527,0.65725,0.0,0.0,0.0,0.0
2018-11-04 15:00:00,2018-11-04 15:00,1.74782,0.97273,0.0,0.06036,0.71473,0.02999,0.0,0.0,0.02999
2018-11-04 16:00:00,2018-11-04 16:00,1.9202,1.00968,0.0,0.003,0.90752,0.0,0.0,0.0,0.0
2018-11-04 17:00:00,2018-11-04 17:00,2.54955,0.99356,0.0,0.44234,1.11365,0.0,0.0,0.0,0.0
2018-11-04 18:00:00,2018-11-04 18:00,2.35679,1.09331,0.0,0.003,1.26048,0.0,0.0,0.0,0.0
2018-11-04 19:00:00,2018-11-04 19:00,2.28912,0.99204,0.0,0.003,1.29408,0.0,0.0,0.0,0.0
2018-11-04 20:00:00,2018-11-04 20:00,2.35586,1.00283,0.0,0.11148,1.24155,0.0,0.0,0.0,0.0
2018-11-04 21:00:00,2018-11-04 21:00,2.31992,1.0349,0.0,0.33584,0.94918,0.0,0.0,0.0,0.0
2018-11-04 22:00:00,2018-11-04 22:00,1.8659,1.0864,0.0,0.003,0.7765,0.0,0.0,0.0,0.0
2018-11-04 23:00:00,2018-11-04 23:00,1.67511,1.14638,0.0,0.003,0.52573,0.0,0.0,0.0,0.0
2018-11-05 00:00:00,2018-11-05 00:00,1.63515,1.18012,0.0,0.003,0.45203,0.0,0.0,0.0,0.0
2018-11-05 01:00:00,2018-11-05 01:00,1.90266,1.22862,0.0,0.22235,0.45169,0.0,0.0,0.0,0.0
2018-11-05 02:00:00,2018-11-05 02:00,1.80433,1.22774,0.0,0.13552,0.44107,0.0,0.0,0.0,0.0
2018-11-05 03:00:00,2018-11-05 03:00,1.71045,1.26787,0.0,0.003,0.43958,0.0,0.0,0.0,0.0
2018-11-05 04:00:00,2018-11-05 04:00,1.73679,1.30181,0.0,0.003,0.43198,0.0,0.0,0.0,0.0
2018-11-05 05:00:00,2018-11-05 05:00,1.74651,1.31379,0.0,0.003,0.42972,0.0,0.0,0.0,0.0
2018-11-05 06:00:00,2018-11-05 06:00,1.85501,1.29734,0.0,0.11124,0.44643,0.01124,0.0,0.0,0.01124
2018-11-05 07:00:00,2018-11-05 07:00,2.31568,1.33787,0.0,0.43905,0.53876,0.01875,0.0,0.0,0.01875
2018-11-05 08:00:00,2018-11-05 08:00,2.23126,1.24018,0.0,0.45246,0.53862,0.0,0.0,0.0,0.0
2018-11-05 09:00:00,2018-11-05 09:00,1.92667,1.22303,0.0,0.18501,0.51863,0.0,0.0,0.0,0.0
2018-11-05 10:00:00,2018-11-05 10:00,1.63781,1.18457,0.0,0.003,0.45024,0.0,0.0,0.0,0.0
2018-11-05 11:00:00,2018-11-05 11:00,1.29872,0.85125,0.0,0.003,0.44447,0.0,0.0,0.0,0.0
2018-11-05 12:00:00,2018-11-05 12:00,1.23931,0.79073,0.0,0.003,0.44558,0.0,0.0,0.0,0.0
2018-11-05 13:00:00,2018-11-05 13:00,1.24284,0.78738,0.0,0.003,0.45246,0.0,0.0,0.0,0.0
2018-11-05 14:00:00,2018-11-05 14:00,1.23346,0.77792,0.0,0.003,0.45254,0.0,0.0,0.0,0.0
2018-11-05 15:00:00,2018-11-05 15:00,1.22953,0.77257,0.0,0.003,0.45396,0.0,0.0,0.0,0.0
2018-11-05 16:00:00,2018-11-05 16:00,1.22869,0.77222,0.0,0.003,0.45347,0.0,0.0,0.0,0.0
2018-11-05 17:00:00,2018-11-05 17:00,1.50718,0.71327,0.0,0.22534,0.56857,0.01124,0.0,0.0,0.01124
2018-11-05 18:00:00,2018-11-05 18:00,1.46917,0.55095,0.0,0.19381,0.72441,0.04871,0.0,0.0,0.04871
2018-11-05 19:00:00,2018-11-05 19:00,1.60078,0.63348,0.0,0.003,0.9643,0.02999,0.0,0.0,0.02999
2018-11-05 20:00:00,2018-11-05 20:00,1.72304,0.59825,0.0,0.11083,1.01396,0.0,0.0,0.0,0.0
2018-11-05 21:00:00,2018-11-05 21:00,2.10599,0.57829,0.0,0.32748,1.20022,0.0,0.0,0.0,0.0
2018-11-05 22:00:00,2018-11-05 22:00,1.66015,0.57984,0.0,0.003,1.07731,0.0,0.0,0.0,0.0
2018-11-05 23:00:00,2018-11-05 23:00,1.54103,0.62151,0.0,0.21784,0.70168,0.0,0.0,0.0,0.0
2018-11-06 00:00:00,2018-11-06 00:00,1.57143,0.6621,0.0,0.43058,0.47875,0.0,0.0,0.0,0.0
2018-11-06 01:00:00,2018-11-06 01:00,1.13355,0.68389,0.0,0.003,0.44666,0.0,0.0,0.0,0.0
2018-11-06 02:00:00,2018-11-06 02:00,1.15723,0.71317,0.0,0.003,0.44106,0.0,0.0,0.0,0.0
2018-11-06 03:00:00,2018-11-06 03:00,1.17299,0.73041,0.0,0.003,0.43958,0.0,0.0,0.0,0.0
2018-11-06 04:00:00,2018-11-06 04:00,1.17072,0.7339,0.0,0.003,0.43382,0.0,0.0,0.0,0.0
2018-11-06 05:00:00,2018-11-06 05:00,1.17178,0.73809,0.0,0.003,0.43069,0.0,0.0,0.0,0.0
2018-11-06 06:00:00,2018-11-06 06:00,1.65505,0.76174,0.0,0.45057,0.44274,0.0,0.0,0.0,0.0
2018-11-06 07:00:00,2018-11-06 07:00,1.54902,0.86623,0.0,0.10901,0.57378,0.0,0.0,0.0,0.0
2018-11-06 08:00:00,2018-11-06 08:00,2.20768,1.17538,0.0,0.44981,0.58249,0.0,0.0,0.0,0.0
2018-11-06 09:00:00,2018-11-06 09:00,2.20017,1.39314,0.0,0.23005,0.57698,0.0,0.0,0.0,0.0
2018-11-06 10:00:00,2018-11-06 10:00,2.02673,1.44541,0.0,0.003,0.57832,0.0,0.0,0.0,0.0
2018-11-06 11:00:00,2018-11-06 11:00,2.14123,1.52356,0.0,0.003,0.61467,0.0,0.0,0.0,0.0
2018-11-06 12:00:00,2018-11-06 12:00,3.40753,1.53814,0.0,0.22083,1.64856,0.0,0.0,0.0,0.0
2018-11-06 13:00:00,2018-11-06 13:00,2.14498,1.52288,0.0,0.16006,0.46204,0.0,0.0,0.0,0.0
2018-11-06 14:00:00,2018-11-06 14:00,0.65875,0.2032,0.0,0.003,0.45255,0.15549,0.15549,0.0,-0.0
2018-11-06 15:00:00,2018-11-06 15:00,0.70289,0.2032,0.0,0.003,0.49669,0.14824,0.14824,0.0,-0.0
2018-11-06 16:00:00,2018-11-06 16:00,0.81613,0.2032,0.0,0.003,0.60993,0.14529,0.14529,0.0,0.0
2018-11-06 17:00:00,2018-11-06 17:00,0.89066,0.2032,0.0,0.003,0.68446,0.14515,0.14515,0.0,0.0
2018-11-06 18:00:00,2018-11-06 18:00,1.26312,0.2032,0.0,0.33408,0.72584,0.15787,0.14663,0.0,0.01124
2018-11-06 19:00:00,2018-11-06 19:00,1.2449,0.2032,0.0,0.11474,0.92696,0.17323,0.15449,0.0,0.01875
2018-11-06 20:00:00,2018-11-06 20:00,1.59558,0.2032,0.0,0.33027,1.06211,0.14597,0.14597,0.0,-0.0
2018-11-06 21:00:00,2018-11-06 21:00,1.33377,0.2032,0.0,0.08858,1.04199,0.15315,0.15315,0.0,-0.0
2018-11-06 22:00:00,2018-11-06 22:00,1.14025,0.2032,0.0,0.003,0.93405,0.14838,0.14838,0.0,-0.0
2018-11-06 23:00:00,2018-11-06 23:00,0.97634,0.2032,0.0,0.003,0.77014,0.16087,0.14963,0.0,0.01124
2018-11-07 00:00:00,2018-11-07 00:00,0.79435,0.2032,0.0,0.003,0.58815,0.20739,0.12682,0.0,0.08058
2018-11-07 01:00:00,2018-11-07 01:00,0.99584,0.2032,0.0,0.33426,0.45838,0.15392,0.15392,0.0,0.0
2018-11-07 02:00:00,2018-11-07 02:00,0.6752,0.2032,0.0,0.03066,0.44134,0.15996,0.15996,0.0,-0.0
2018-11-07 03:00:00,2018-11-07 03:00,0.6458,0.2032,0.0,0.003,0.4396,0.16854,0.16854,0.0,0.0
2018-11-07 04:00:00,2018-11-07 04:00,0.64,0.2032,0.0,0.003,0.4338,0.16863,0.16863,0.0,0.0
2018-11-07 05:00:00,2018-11-07 05:00,0.63596,0.2032,0.0,0.003,0.42976,0.17049,0.17049,0.0,-0.0
2018-11-07 06:00:00,2018-11-07 06:00,0.67885,0.2032,0.0,0.003,0.47265,0.19735,0.16736,0.0,0.02999
2018-11-07 07:00:00,2018-11-07 07:00,0.7224,0.2032,0.0,0.003,0.5162,0.19656,0.19656,0.0,-0.0
2018-11-07 08:00:00,2018-11-07 08:00,1.0196,0.2032,0.0,0.2224,0.594,0.18537,0.18537,0.0,-0.0
2018-11-07 09:00:00,2018-11-07 09:00,1.25449,0.2032,0.0,0.44073,0.61056,0.19021,0.19021,0.0,-0.0
2018-11-07 10:00:00,2018-11-07 10:00,1.07094,0.2032,0.0,0.3535,0.51424,0.18585,0.18585,0.0,0.0
2018-11-07 11:00:00,2018-11-07 11:00,0.69255,0.2032,0.0,0.003,0.48635,0.18535,0.18535,0.0,-0.0
2018-11-07 12:00:00,2018-11-07 12:00,0.66941,0.2032,0.0,0.003,0.46321,0.19281,0.18157,0.0,0.01124
2018-11-07 13:00:00,2018-11-07 13:00,0.77184,0.2032,0.0,0.003,0.56564,0.20767,0.15896,0.0,0.04871
2018-11-07 14:00:00,2018-11-07 14:00,0.66865,0.2032,0.0,0.003,0.46245,0.16878,0.16878,0.0,0.0
2018-11-07 15:00:00,2018-11-07 15:00,0.66016,0.2032,0.0,0.003,0.45396,0.16647,0.16647,0.0,-0.0
2018-11-07 16:00:00,2018-11-07 16:00,0.92444,0.2032,0.0,0.21626,0.50498,0.17503,0.17503,0.0,0.0
2018-11-07 17:00:00,2018-11-07 17:00,1.2273,0.2032,0.0,0.43946,0.58464,0.1819,0.17065,0.0,0.01124
2018-11-07 18:00:00,2018-11-07 18:00,1.03854,0.2032,0.0,0.07059,0.76475,0.1791,0.16035,0.0,0.01875
2018-11-07 19:00:00,2018-11-07 19:00,1.14055,0.2032,0.0,0.003,0.93435,0.18237,0.18237,0.0,0.0
2018-11-07 20:00:00,2018-11-07 20:00,1.73628,0.2032,0.0,0.32647,1.20661,0.16347,0.16347,0.0,-0.0
2018-11-07 21:00:00,2018-11-07 21:00,1.43268,0.2032,0.0,0.18749,1.04199,0.16131,0.16131,0.0,0.0
2018-11-07 22:00:00,2018-11-07 22:00,1.08992,0.2032,0.0,0.003,0.88372,0.17209,0.17209,0.0,0.0
2018-11-07 23:00:00,2018-11-07 23:00,1.02672,0.2032,0.0,0.21771,0.60581,0.18421,0.18421,0.0,0.0
2018-11-08 00:00:00,2018-11-08 00:00,0.84651,0.2032,0.0,0.18577,0.45754,0.18431,0.18431,0.0,0.0
2018-11-08 01:00:00,2018-11-08 01:00,0.65288,0.2032,0.0,0.003,0.44668,0.18964,0.18964,0.0,0.0
2018-11-08 02:00:00,2018-11-08 02:00,0.64728,0.2032,0.0,0.003,0.44108,0.1938,0.1938,0.0,0.0
2018-11-08 03:00:00,2018-11-08 03:00,0.6458,0.2032,0.0,0.003,0.4396,0.2061,0.2061,0.0,0.0
2018-11-08 04:00:00,2018-11-08 04:00,0.64,0.2032,0.0,0.003,0.4338,0.21181,0.21181,0.0,0.0
2018-11-08 05:00:00,2018-11-08 05:00,0.63596,0.2032,0.0,0.003,0.42976,0.20868,0.20868,0.0,-0.0
2018-11-08 06:00:00,2018-11-08 06:00,0.64635,0.2032,0.0,0.003,0.44015,0.20898,0.20898,0.0,-0.0
2018-11-08 07:00:00,2018-11-08 07:00,1.1442,0.2032,0.0,0.43026,0.51074,0.22642,0.22642,0.0,0.0
2018-11-08 08:00:00,2018-11-08 08:00,1.19231,0.2032,0.0,0.42911,0.56,0.20647,0.20647,0.0,-0.0
2018-11-08 09:00:00,2018-11-08 09:00,1.16126,0.2032,0.0,0.44218,0.51588,0.20918,0.20918,0.0,-0.0
2018-11-08 10:00:00,2018-11-08 10:00,0.77621,0.2032,0.0,0.05877,0.51424,0.20699,0.20699,0.0,0.0
2018-11-08 11:00:00,2018-11-08 11:00,0.66027,0.2032,0.0,0.003,0.45407,0.20414,0.20414,0.0,0.0
2018-11-08 12:00:00,2018-11-08 12:00,0.6518,0.2032,0.0,0.003,0.4456,0.19644,0.19644,0.0,0.0
2018-11-08 13:00:00,2018-11-08 13:00,0.65868,0.2032,0.0,0.003,0.45248,0.18802,0.18802,0.0,-0.0
2018-11-08 14:00:00,2018-11-08 14:00,0.65876,0.2032,0.0,0.003,0.45256,0.18311,0.18311,0.0,0.0
2018-11-08 15:00:00,2018-11-08 15:00,0.66016,0.2032,0.0,0.003,0.45396,0.18123,0.18123,0.0,0.0
2018-11-08 16:00:00,2018-11-08 16:00,0.68008,0.2032,0.0,0.003,0.47388,0.18129,0.18129,0.0,-0.0
2018-11-08 17:00:00,2018-11-08 17:00,0.68317,0.2032,0.0,0.003,0.47697,0.18521,0.18521,0.0,0.0
2018-11-08 18:00:00,2018-11-08 18:00,1.5798,0.2032,0.0,0.43131,0.94529,0.18684,0.18684,0.0,-0.0
2018-11-08 19:00:00,2018-11-08 19:00,3.58226,0.2032,0.0,0.39762,2.98144,0.24381,0.24381,0.0,-0.0
2018-11-08 20:00:00,2018-11-08 20:00,1.64739,0.2032,0.0,0.003,1.44119,0.20252,0.17253,0.0,0.02999
2018-11-08 21:00:00,2018-11-08 21:00,1.63045,0.2032,0.0,0.21436,1.21289,0.17936,0.17936,0.0,0.0
2018-11-08 22:00:00,2018-11-08 22:00,1.45434,0.2032,0.0,0.32772,0.92342,0.18579,0.18579,0.0,-0.0
2018-11-08 23:00:00,2018-11-08 23:00,0.78524,0.2032,0.0,0.003,0.57904,0.19216,0.19216,0.0,-0.0
2018-11-09 00:00:00,2018-11-09 00:00,0.6956,0.2032,0.0,0.003,0.4894,0.19593,0.19593,0.0,0.0
2018-11-09 01:00:00,2018-11-09 01:00,0.65288,0.2032,0.0,0.003,0.44668,0.20181,0.20181,0.0,-0.0
2018-11-09 02:00:00,2018-11-09 02:00,0.64728,0.2032,0.0,0.003,0.44108,0.20667,0.20667,0.0,-0.0
2018-11-09 03:00:00,2018-11-09 03:00,0.6458,0.2032,0.0,0.003,0.4396,0.20921,0.20921,0.0,0.0
2018-11-09 04:00:00,2018-11-09 04:00,0.64,0.2032,0.0,0.003,0.4338,0.21241,0.21241,0.0,-0.0
2018-11-09 05:00:00,2018-11-09 05:00,0.63596,0.2032,0.0,0.003,0.42976,0.21916,0.21916,0.0,0.0
2018-11-09 06:00:00,2018-11-09 06:00,0.64511,0.2032,0.0,0.003,0.43891,0.23216,0.23216,0.0,-0.0
2018-11-09 07:00:00,2018-11-09 07:00,1.20531,0.2032,0.0,0.41864,0.58347,0.29821,0.26822,0.0,0.02999
2018-11-09 08:00:00,2018-11-09 08:00,1.1193,0.2032,0.0,0.44083,0.47527,0.27629,0.26505,0.0,0.01124
2018-11-09 09:00:00,2018-11-09 09:00,0.71866,0.2032,0.0,0.003,0.51246,0.29264,0.24393,0.0,0.04871
2018-11-09 10:00:00,2018-11-09 10:00,0.65644,0.2032,0.0,0.003,0.45024,0.26213,0.26213,0.0,0.0
2018-11-09 11:00:00,2018-11-09 11:00,0.80105,0.2032,0.0,0.003,0.59485,0.31084,0.21528,0.0,0.09556
2018-11-09 12:00:00,2018-11-09 12:00,0.74239,0.2032,0.0,0.003,0.53619,0.25286,0.22664,0.0,0.02622
2018-11-09 13:00:00,2018-11-09 13:00,0.6843,0.2032,0.0,0.003,0.4781,0.2414,0.2414,0.0,0.0
2018-11-09 14:00:00,2018-11-09 14:00,0.87553,0.2032,0.0,0.21977,0.45256,0.22571,0.22571,0.0,0.0
2018-11-09 15:00:00,2018-11-09 15:00,0.79551,0.2032,0.0,0.13022,0.46209,0.22234,0.22234,0.0,-0.0
2018-11-09 16:00:00,2018-11-09 16:00,0.83906,0.2032,0.0,0.003,0.63286,0.2514,0.2514,0.0,0.0
2018-11-09 17:00:00,2018-11-09 17:00,1.42354,0.2032,0.0,0.32184,0.8985,0.26197,0.26197,0.0,0.0
2018-11-09 18:00:00,2018-11-09 18:00,2.41929,0.2032,0.0,0.33086,1.88523,0.28882,0.25883,0.0,0.02999
2018-11-09 19:00:00,2018-11-09 19:00,1.37584,0.2032,0.0,0.10694,1.0657,0.27103,0.27103,0.0,0.0
2018-11-09 20:00:00,2018-11-09 20:00,1.86703,0.2032,0.0,0.4095,1.25433,0.24511,0.24511,0.0,-0.0
2018-11-09 21:00:00,2018-11-09 21:00,1.57198,0.2032,0.0,0.003,1.36578,0.25291,0.25291,0.0,-0.0
2018-11-09 22:00:00,2018-11-09 22:00,3.1935,0.2032,0.0,0.003,2.9873,0.27922,0.27922,0.0,-0.0
2018-11-09 23:00:00,2018-11-09 23:00,2.98488,0.2032,0.0,0.21147,2.57021,0.29014,0.29014,0.0,0.0
2018-11-10 00:00:00,2018-11-10 00:00,1.5164,0.2032,0.0,0.3396,0.9736,0.27772,0.27772,0.0,0.0
2018-11-10 01:00:00,2018-11-10 01:00,2.82031,0.2032,0.0,0.003,2.61411,0.29307,0.29307,0.0,-0.0
2018-11-10 02:00:00,2018-11-10 02:00,2.05044,0.2032,0.0,0.003,1.84424,0.28325,0.28325,0.0,0.0
2018-11-10 03:00:00,2018-11-10 03:00,0.64466,0.2032,0.0,0.003,0.43846,0.27569,0.27569,0.0,0.0
2018-11-10 04:00:00,2018-11-10 04:00,0.63801,0.2032,0.0,0.003,0.43181,0.28008,0.28008,0.0,0.0
2018-11-10 05:00:00,2018-11-10 05:00,0.84313,0.2032,0.0,0.20994,0.42999,0.28757,0.28757,0.0,-0.0
2018-11-10 06:00:00,2018-11-10 06:00,1.07373,0.2032,0.0,0.4266,0.44393,0.29158,0.29158,0.0,-0.0
2018-11-10 07:00:00,2018-11-10 07:00,1.01968,0.2032,0.0,0.30589,0.51059,0.318,0.318,0.0,-0.0
2018-11-10 08:00:00,2018-11-10 08:00,0.67937,0.2032,0.0,0.003,0.47317,0.29837,0.29837,0.0,0.0
2018-11-10 09:00:00,2018-11-10 09:00,0.82002,0.2032,0.0,0.003,0.61382,0.31794,0.25799,0.0,0.05995
2018-11-10 10:00:00,2018-11-10 10:00,0.86127,0.2032,0.0,0.003,0.65507,0.25728,0.24604,0.0,0.01124
2018-11-10 11:00:00,2018-11-10 11:00,1.38703,0.2032,0.0,0.43015,0.75368,0.26386,0.21516,0.0,0.04871
2018-11-10 12:00:00,2018-11-10 12:00,1.0591,0.2032,0.0,0.09471,0.76119,0.2373,0.2373,0.0,0.0
2018-11-10 13:00:00,2018-11-10 13:00,0.98055,0.2032,0.0,0.003,0.77435,0.22561,0.22561,0.0,0.0
2018-11-10 14:00:00,2018-11-10 14:00,0.99693,0.2032,0.0,0.003,0.79073,0.20764,0.20764,0.0,0.0
2018-11-10 15:00:00,2018-11-10 15:00,1.36451,0.2032,0.0,0.42265,0.73866,0.2014,0.2014,0.0,0.0
2018-11-10 16:00:00,2018-11-10 16:00,1.48997,0.2032,0.0,0.43657,0.8502,0.20391,0.20391,0.0,-0.0
2018-11-10 17:00:00,2018-11-10 17:00,1.36538,0.2032,0.0,0.17152,0.99066,0.21028,0.21028,0.0,0.0
2018-11-10 18:00:00,2018-11-10 18:00,1.30395,0.2032,0.0,0.003,1.09775,0.21384,0.21384,0.0,0.0
2018-11-10 19:00:00,2018-11-10 19:00,1.44477,0.2032,0.0,0.003,1.23857,0.22757,0.22757,0.0,0.0
2018-11-10 20:00:00,2018-11-10 20:00,1.8321,0.2032,0.0,0.40619,1.22271,0.20821,0.20821,0.0,0.0
2018-11-10 21:00:00,2018-11-10 21:00,1.29818,0.2032,0.0,0.003,1.09198,0.22671,0.19672,0.0,0.02999
2018-11-10 22:00:00,2018-11-10 22:00,1.06046,0.2032,0.0,0.003,0.85426,0.21029,0.21029,0.0,0.0
2018-11-10 23:00:00,2018-11-10 23:00,0.76399,0.2032,0.0,0.003,0.55779,0.21937,0.21937,0.0,0.0
2018-11-11 00:00:00,2018-11-11 00:00,0.70122,0.2032,0.0,0.003,0.49502,0.2189,0.2189,0.0,-0.0
2018-11-11 01:00:00,2018-11-11 01:00,0.66739,0.2032,0.0,0.003,0.46119,0.21351,0.21351,0.0,-0.0
2018-11-11 02:00:00,2018-11-11 02:00,0.64966,0.2032,0.0,0.003,0.44346,0.21503,0.21503,0.0,0.0
2018-11-11 03:00:00,2018-11-11 03:00,0.64704,0.2032,0.0,0.003,0.44084,0.21496,0.21496,0.0,0.0
2018-11-11 04:00:00,2018-11-11 04:00,0.64128,0.2032,0.0,0.003,0.43508,0.20895,0.20895,0.0,-0.0
2018-11-11 05:00:00,2018-11-11 05:00,0.6372,0.2032,0.0,0.003,0.431,0.20706,0.20706,0.0,0.0
2018-11-11 06:00:00,2018-11-11 06:00,0.639,0.2032,0.0,0.003,0.4328,0.20543,0.20543,0.0,0.0
2018-11-11 07:00:00,2018-11-11 07:00,0.80996,0.2032,0.0,0.1103,0.49646,0.2186,0.2186,0.0,-0.0
2018-11-11 08:00:00,2018-11-11 08:00,1.12177,0.2032,0.0,0.40453,0.51404,0.19584,0.19584,0.0,0.0
2018-11-11 09:00:00,2018-11-11 09:00,0.80805,0.2032,0.0,0.003,0.60185,0.19762,0.18638,0.0,0.01124
2018-11-11 10:00:00,2018-11-11 10:00,1.01889,0.2032,0.0,0.10821,0.70748,0.21212,0.19338,0.0,0.01875
2018-11-11 11:00:00,2018-11-11 11:00,1.32861,0.2032,0.0,0.37011,0.7553,0.206,0.206,0.0,-0.0
2018-11-11 12:00:00,2018-11-11 12:00,0.96739,0.2032,0.0,0.003,0.76119,0.1881,0.1881,0.0,0.0
2018-11-11 13:00:00,2018-11-11 13:00,0.98055,0.2032,0.0,0.003,0.77435,0.18829,0.18829,0.0,-0.0
2018-11-11 14:00:00,2018-11-11 14:00,1.32144,0.2032,0.0,0.31813,0.80011,0.18679,0.18679,0.0,0.0
2018-11-11 15:00:00,2018-11-11 15:00,1.33271,0.2032,0.0,0.30681,0.8227,0.18069,0.18069,0.0,-0.0
2018-11-11 16:00:00,2018-11-11 16:00,0.89625,0.2032,0.0,0.003,0.69005,0.18552,0.18552,0.0,-0.0
2018-11-11 17:00:00,2018-11-11 17:00,0.85109,0.2032,0.0,0.003,0.64489,0.21406,0.18407,0.0,0.02999
2018-11-11 18:00:00,2018-11-11 18:00,1.17264,0.2032,0.0,0.21488,0.75456,0.22917,0.18982,0.0,0.03935
2018-11-11 19:00:00,2018-11-11 19:00,1.57471,0.2032,0.0,0.27018,1.10133,0.2174,0.1968,0.0,0.0206
2018-11-11 20:00:00,2018-11-11 20:00,1.29757,0.2032,0.0,0.003,1.09137,0.1954,0.1954,0.0,0.0
2018-11-11 21:00:00,2018-11-11 21:00,1.2682,0.2032,0.0,0.003,1.062,0.20096,0.20096,0.0,0.0
2018-11-11 22:00:00,2018-11-11 22:00,1.28951,0.2032,0.0,0.003,1.08331,0.20108,0.20108,0.0,0.0
2018-11-11 23:00:00,2018-11-11 23:00,2.88534,0.2032,0.0,0.32279,2.35935,0.22871,0.22871,0.0,-0.0
2018-11-12 00:00:00,2018-11-12 00:00,0.94898,0.2032,0.0,0.25104,0.49474,0.23583,0.23583,0.0,0.0
2018-11-12 01:00:00,2018-11-12 01:00,0.66458,0.2032,0.0,0.003,0.45838,0.2395,0.2395,0.0,-0.0
2018-11-12 02:00:00,2018-11-12 02:00,0.64811,0.2032,0.0,0.003,0.44191,0.23651,0.23651,0.0,0.0
2018-11-12 03:00:00,2018-11-12 03:00,0.6458,0.2032,0.0,0.003,0.4396,0.23577,0.23577,0.0,0.0
2018-11-12 04:00:00,2018-11-12 04:00,0.64,0.2032,0.0,0.003,0.4338,0.24379,0.24379,0.0,0.0
2018-11-12 05:00:00,2018-11-12 05:00,0.63596,0.2032,0.0,0.003,0.42976,0.24367,0.24367,0.0,0.0
2018-11-12 06:00:00,2018-11-12 06:00,0.63776,0.2032,0.0,0.003,0.43156,0.2431,0.2431,0.0,0.0
2018-11-12 07:00:00,2018-11-12 07:00,1.17335,0.2032,0.0,0.42999,0.54016,0.26801,0.26801,0.0,0.0
2018-11-12 08:00:00,2018-11-12 08:00,1.22555,0.2032,0.0,0.43168,0.59067,0.26711,0.26711,0.0,0.0
2018-11-12 09:00:00,2018-11-12 09:00,1.08046,0.2032,0.0,0.32185,0.55541,0.26882,0.26882,0.0,-0.0
2018-11-12 10:00:00,2018-11-12 10:00,0.71385,0.2032,0.0,0.003,0.50765,0.26223,0.26223,0.0,-0.0
2018-11-12 11:00:00,2018-11-12 11:00,0.65072,0.2032,0.0,0.003,0.44452,0.2498,0.2498,0.0,0.0
2018-11-12 12:00:00,2018-11-12 12:00,0.6518,0.2032,0.0,0.003,0.4456,0.24258,0.24258,0.0,0.0
2018-11-12 13:00:00,2018-11-12 13:00,0.65868,0.2032,0.0,0.003,0.45248,0.24186,0.24186,0.0,0.0
2018-11-12 14:00:00,2018-11-12 14:00,1.01448,0.2032,0.0,0.31857,0.49271,0.23546,0.23546,0.0,0.0
2018-11-12 15:00:00,2018-11-12 15:00,1.16078,0.2032,0.0,0.43318,0.5244,0.21794,0.21794,0.0,-0.0
2018-11-12 16:00:00,2018-11-12 16:00,0.78341,0.2032,0.0,0.0425,0.53771,0.22783,0.22783,0.0,-0.0
2018-11-12 17:00:00,2018-11-12 17:00,0.89641,0.2032,0.0,0.10571,0.5875,0.23571,0.23571,0.0,0.0
2018-11-12 18:00:00,2018-11-12 18:00,1.4922,0.2032,0.0,0.42286,0.86614,0.234,0.22276,0.0,0.01124
2018-11-12 19:00:00,2018-11-12 19:00,1.88169,0.2032,0.0,0.4345,1.24399,0.26122,0.21252,0.0,0.04871
2018-11-12 20:00:00,2018-11-12 20:00,1.88595,0.2032,0.0,0.42842,1.25433,0.21771,0.21771,0.0,0.0
2018-11-12 21:00:00,2018-11-12 21:00,1.43506,0.2032,0.0,0.003,1.22886,0.2288,0.2288,0.0,0.0
2018-11-12 22:00:00,2018-11-12 22:00,1.32427,0.2032,0.0,0.003,1.11807,0.25541,0.22542,0.0,0.02999
2018-11-12 23:00:00,2018-11-12 23:00,1.0653,0.2032,0.0,0.003,0.8591,0.24894,0.24894,0.0,-0.0
2018-11-13 00:00:00,2018-11-13 00:00,0.72961,0.2032,0.0,0.003,0.52341,0.26937,0.26937,0.0,0.0
2018-11-13 01:00:00,2018-11-13 01:00,0.65288,0.2032,0.0,0.003,0.44668,0.2783,0.2783,0.0,0.0
2018-11-13 02:00:00,2018-11-13 02:00,0.64728,0.2032,0.0,0.003,0.44108,0.28745,0.28745,0.0,0.0
2018-11-13 03:00:00,2018-11-13 03:00,0.96581,0.2032,0.0,0.32301,0.4396,0.30042,0.30042,0.0,-0.0
2018-11-13 04:00:00,2018-11-13 04:00,0.70167,0.2032,0.0,0.06467,0.4338,0.30769,0.30769,0.0,0.0
2018-11-13 05:00:00,2018-11-13 05:00,0.63596,0.2032,0.0,0.003,0.42976,0.31225,0.31225,0.0,0.0
2018-11-13 06:00:00,2018-11-13 06:00,0.65132,0.2032,0.0,0.003,0.44512,0.31775,0.31775,0.0,0.0
2018-11-13 07:00:00,2018-11-13 07:00,0.85067,0.2032,0.0,0.10673,0.54074,0.36582,0.33583,0.0,0.02999
2018-11-13 08:00:00,2018-11-13 08:00,1.1526,0.2032,0.0,0.43214,0.51726,0.32163,0.32163,0.0,-0.0
2018-11-13 09:00:00,2018-11-13 09:00,1.0864,0.2032,0.0,0.32492,0.55828,0.29664,0.29664,0.0,0.0
2018-11-13 10:00:00,2018-11-13 10:00,0.65644,0.2032,0.0,0.003,0.45024,0.27898,0.27898,0.0,0.0
2018-11-13 11:00:00,2018-11-13 11:00,0.65072,0.2032,0.0,0.003,0.44452,0.26027,0.26027,0.0,0.0
2018-11-13 12:00:00,2018-11-13 12:00,0.6518,0.2032,0.0,0.003,0.4456,0.24299,0.24299,0.0,0.0
2018-11-13 13:00:00,2018-11-13 13:00,0.65868,0.2032,0.0,0.003,0.45248,0.22322,0.22322,0.0,0.0
2018-11-13 14:00:00,2018-11-13 14:00,0.65876,0.2032,0.0,0.003,0.45256,0.20416,0.20416,0.0,0.0
2018-11-13 15:00:00,2018-11-13 15:00,0.66016,0.2032,0.0,0.003,0.45396,0.19178,0.19178,0.0,-0.0
2018-11-13 16:00:00,2018-11-13 16:00,0.68105,0.2032,0.0,0.003,0.47485,0.19074,0.19074,0.0,-0.0
2018-11-13 17:00:00,2018-11-13 17:00,1.31341,0.2032,0.0,0.42575,0.68446,0.19297,0.19297,0.0,-0.0
2018-11-13 18:00:00,2018-11-13 18:00,1.42395,0.2032,0.0,0.42518,0.79557,0.20332,0.19208,0.0,0.01124
2018-11-13 19:00:00,2018-11-13 19:00,1.70508,0.2032,0.0,0.43659,1.06529,0.22279,0.20404,0.0,0.01875
2018-11-13 20:00:00,2018-11-13 20:00,1.40583,0.2032,0.0,0.02517,1.17746,0.19943,0.19943,0.0,0.0
2018-11-13 21:00:00,2018-11-13 21:00,1.81587,0.2032,0.0,0.41562,1.19705,0.2026,0.2026,0.0,-0.0
2018-11-13 22:00:00,2018-11-13 22:00,1.27722,0.2032,0.0,0.38335,0.69067,0.21871,0.21871,0.0,-0.0
2018-11-13 23:00:00,2018-11-13 23:00,0.76483,0.2032,0.0,0.003,0.55863,0.22809,0.22809,0.0,0.0
2018-11-14 00:00:00,2018-11-14 00:00,0.6574,0.2032,0.0,0.003,0.4512,0.23659,0.23659,0.0,0.0
2018-11-14 01:00:00,2018-11-14 01:00,0.65288,0.2032,0.0,0.003,0.44668,0.23934,0.23934,0.0,0.0
2018-11-14 02:00:00,2018-11-14 02:00,0.64728,0.2032,0.0,0.003,0.44108,0.24755,0.24755,0.0,-0.0
2018-11-14 03:00:00,2018-11-14 03:00,0.6458,0.2032,0.0,0.003,0.4396,0.24945,0.24945,0.0,0.0
2018-11-14 04:00:00,2018-11-14 04:00,0.64,0.2032,0.0,0.003,0.4338,0.25076,0.25076,0.0,-0.0
2018-11-14 05:00:00,2018-11-14 05:00,0.63692,0.2032,0.0,0.003,0.43072,0.256,0.256,0.0,0.0
2018-11-14 06:00:00,2018-11-14 06:00,0.96087,0.2032,0.0,0.31356,0.44411,0.26343,0.26343,0.0,0.0
2018-11-14 07:00:00,2018-11-14 07:00,1.14412,0.2032,0.0,0.42472,0.5162,0.28304,0.28304,0.0,-0.0
2018-11-14 08:00:00,2018-11-14 08:00,1.17906,0.2032,0.0,0.42143,0.55443,0.25593,0.25593,0.0,-0.0
2018-11-14 09:00:00,2018-11-14 09:00,1.15347,0.2032,0.0,0.43439,0.51588,0.23954,0.23954,0.0,0.0
2018-11-14 10:00:00,2018-11-14 10:00,1.14094,0.2032,0.0,0.43009,0.50765,0.20196,0.20196,0.0,0.0
2018-11-14 11:00:00,2018-11-14 11:00,0.67323,0.2032,0.0,0.003,0.46703,0.17527,0.17527,0.0,0.0
2018-11-14 12:00:00,2018-11-14 12:00,1.59288,1.13467,0.0,0.003,0.45521,0.04049,0.04049,0.0,0.0
2018-11-14 13:00:00,2018-11-14 13:00,1.64764,1.19219,0.0,0.003,0.45245,0.0,0.0,0.0,0.0
2018-11-14 14:00:00,2018-11-14 14:00,1.44159,0.98603,0.0,0.003,0.45256,0.0,0.0,0.0,0.0
2018-11-14 15:00:00,2018-11-14 15:00,1.39708,0.94014,0.0,0.003,0.45394,0.0,0.0,0.0,0.0
2018-11-14 16:00:00,2018-11-14 16:00,1.37111,0.91465,0.0,0.003,0.45346,0.0,0.0,0.0,0.0
2018-11-14 17:00:00,2018-11-14 17:00,1.4423,0.93953,0.0,0.003,0.49977,0.0,0.0,0.0,0.0
2018-11-14 18:00:00,2018-11-14 18:00,2.0595,0.88539,0.0,0.21322,0.96089,0.03935,0.0,0.0,0.03935
2018-11-14 19:00:00,2018-11-14 19:00,4.00762,1.08504,0.0,0.43767,2.48491,0.05247,0.0,0.0,0.05247
2018-11-14 20:00:00,2018-11-14 20:00,3.98008,1.2004,0.0,0.04384,2.73584,0.0,0.0,0.0,0.0
2018-11-14 21:00:00,2018-11-14 21:00,2.09655,1.23923,0.0,0.003,0.85432,0.0,0.0,0.0,0.0
2018-11-14 22:00:00,2018-11-14 22:00,2.29167,1.30899,0.0,0.21281,0.76987,0.0,0.0,0.0,0.0
2018-11-14 23:00:00,2018-11-14 23:00,2.23473,1.46824,0.0,0.26083,0.50566,0.0,0.0,0.0,0.0
2018-11-15 00:00:00,2018-11-15 00:00,0.6574,0.2032,0.0,0.003,0.4512,0.16889,0.16889,0.0,-0.0
2018-11-15 01:00:00,2018-11-15 01:00,0.65288,0.2032,0.0,0.003,0.44668,0.17,0.17,0.0,0.0
2018-11-15 02:00:00,2018-11-15 02:00,0.64728,0.2032,0.0,0.003,0.44108,0.17634,0.17634,0.0,-0.0
2018-11-15 03:00:00,2018-11-15 03:00,0.6458,0.2032,0.0,0.003,0.4396,0.18894,0.18894,0.0,0.0
2018-11-15 04:00:00,2018-11-15 04:00,0.63979,0.2032,0.0,0.003,0.43359,0.19539,0.19539,0.0,0.0
2018-11-15 05:00:00,2018-11-15 05:00,0.63559,0.2032,0.0,0.003,0.42939,0.19022,0.19022,0.0,0.0
2018-11-15 06:00:00,2018-11-15 06:00,0.64142,0.2032,0.0,0.003,0.43522,0.18189,0.18189,0.0,0.0
2018-11-15 07:00:00,2018-11-15 07:00,1.09179,0.2032,0.0,0.32156,0.56703,0.19652,0.19652,0.0,0.0
2018-11-15 08:00:00,2018-11-15 08:00,3.05578,0.2032,0.0,0.40172,2.45086,0.19023,0.19023,0.0,0.0
2018-11-15 09:00:00,2018-11-15 09:00,2.19306,0.2032,0.0,0.003,1.98686,0.17666,0.17666,0.0,-0.0
2018-11-15 10:00:00,2018-11-15 10:00,1.0644,0.54717,0.0,0.003,0.51423,0.12224,0.12224,0.0,0.0
2018-11-15 11:00:00,2018-11-15 11:00,2.20405,1.44699,0.0,0.2094,0.54766,0.0,0.0,0.0,0.0
2018-11-15 12:00:00,2018-11-15 12:00,2.29417,1.29031,0.0,0.42931,0.57455,0.0,0.0,0.0,0.0
2018-11-15 13:00:00,2018-11-15 13:00,1.94362,0.93751,0.0,0.44007,0.56604,0.03935,0.0,0.0,0.03935
2018-11-15 14:00:00,2018-11-15 14:00,1.23071,0.6559,0.0,0.003,0.57181,0.05247,0.0,0.0,0.05247
2018-11-15 15:00:00,2018-11-15 15:00,1.21816,0.75091,0.0,0.003,0.46425,0.0,0.0,0.0,0.0
2018-11-15 16:00:00,2018-11-15 16:00,1.16762,0.71114,0.0,0.003,0.45348,0.0,0.0,0.0,0.0
2018-11-15 17:00:00,2018-11-15 17:00,1.24323,0.75045,0.0,0.003,0.48978,0.0,0.0,0.0,0.0
2018-11-15 18:00:00,2018-11-15 18:00,1.70302,0.77738,0.0,0.32359,0.60205,0.0,0.0,0.0,0.0
2018-11-15 19:00:00,2018-11-15 19:00,2.05042,0.87082,0.0,0.27116,0.90844,0.0,0.0,0.0,0.0
2018-11-15 20:00:00,2018-11-15 20:00,1.97761,0.68908,0.0,0.003,1.28553,0.05995,0.0,0.0,0.05995
2018-11-15 21:00:00,2018-11-15 21:00,2.23826,1.0224,0.0,0.003,1.21286,0.0,0.0,0.0,0.0
2018-11-15 22:00:00,2018-11-15 22:00,2.54512,1.19877,0.0,0.42295,0.9234,0.0,0.0,0.0,0.0
2018-11-15 23:00:00,2018-11-15 23:00,2.04173,1.40204,0.0,0.003,0.63669,0.0,0.0,0.0,0.0
2018-11-16 00:00:00,2018-11-16 00:00,2.06019,1.53903,0.0,0.003,0.51816,0.0,0.0,0.0,0.0
2018-11-16 01:00:00,2018-11-16 01:00,0.65787,0.2032,0.0,0.003,0.45167,0.17369,0.17369,0.0,0.0
2018-11-16 02:00:00,2018-11-16 02:00,0.64728,0.2032,0.0,0.003,0.44108,0.17055,0.17055,0.0,0.0
2018-11-16 03:00:00,2018-11-16 03:00,0.6458,0.2032,0.0,0.003,0.4396,0.1705,0.1705,0.0,0.0
2018-11-16 04:00:00,2018-11-16 04:00,0.64,0.2032,0.0,0.003,0.4338,0.17802,0.17802,0.0,0.0
2018-11-16 05:00:00,2018-11-16 05:00,0.63596,0.2032,0.0,0.003,0.42976,0.18552,0.18552,0.0,-0.0
2018-11-16 06:00:00,2018-11-16 06:00,0.63776,0.2032,0.0,0.003,0.43156,0.18362,0.18362,0.0,0.0
2018-11-16 07:00:00,2018-11-16 07:00,1.03006,0.2032,0.0,0.32544,0.50142,0.20145,0.20145,0.0,0.0
2018-11-16 08:00:00,2018-11-16 08:00,1.23975,0.2032,0.0,0.4306,0.60595,0.20405,0.1647,0.0,0.03935
2018-11-16 09:00:00,2018-11-16 09:00,1.23178,0.2032,0.0,0.44331,0.58527,0.18548,0.16488,0.0,0.0206
2018-11-16 10:00:00,2018-11-16 10:00,0.91085,0.2032,0.0,0.23196,0.47569,0.18288,0.18288,0.0,-0.0
2018-11-16 11:00:00,2018-11-16 11:00,0.65072,0.2032,0.0,0.003,0.44452,0.18348,0.18348,0.0,0.0
2018-11-16 12:00:00,2018-11-16 12:00,0.6518,0.2032,0.0,0.003,0.4456,0.17895,0.17895,0.0,-0.0
2018-11-16 13:00:00,2018-11-16 13:00,0.67463,0.2032,0.0,0.003,0.46843,0.17068,0.17068,0.0,-0.0
2018-11-16 14:00:00,2018-11-16 14:00,0.65876,0.2032,0.0,0.003,0.45256,0.16368,0.16368,0.0,0.0
2018-11-16 15:00:00,2018-11-16 15:00,0.66016,0.2032,0.0,0.003,0.45396,0.15634,0.15634,0.0,0.0
2018-11-16 16:00:00,2018-11-16 16:00,0.70051,0.2032,0.0,0.003,0.49431,0.15136,0.15136,0.0,0.0
2018-11-16 17:00:00,2018-11-16 17:00,0.84315,0.2032,0.0,0.10937,0.53058,0.15132,0.15132,0.0,0.0
2018-11-16 18:00:00,2018-11-16 18:00,1.3446,0.2032,0.0,0.43568,0.70572,0.17034,0.14035,0.0,0.02999
2018-11-16 19:00:00,2018-11-16 19:00,1.74546,0.2032,0.0,0.43527,1.10699,0.15603,0.15603,0.0,0.0
2018-11-16 20:00:00,2018-11-16 20:00,1.28729,0.2032,0.0,0.003,1.08109,0.14363,0.14363,0.0,-0.0
2018-11-16 21:00:00,2018-11-16 21:00,1.64596,0.2032,0.0,0.2139,1.22886,0.14295,0.14295,0.0,-0.0
2018-11-16 22:00:00,2018-11-16 22:00,1.34638,0.2032,0.0,0.23548,0.9077,0.1559,0.1559,0.0,-0.0
2018-11-16 23:00:00,2018-11-16 23:00,0.86958,0.2032,0.0,0.003,0.66338,0.17837,0.17837,0.0,0.0
2018-11-17 00:00:00,2018-11-17 00:00,0.73533,0.2032,0.0,0.003,0.52913,0.18862,0.18862,0.0,0.0
2018-11-17 01:00:00,2018-11-17 01:00,0.6562,0.2032,0.0,0.003,0.45,0.19623,0.19623,0.0,0.0
2018-11-17 02:00:00,2018-11-17 02:00,0.64852,0.2032,0.0,0.003,0.44232,0.20146,0.20146,0.0,0.0
2018-11-17 03:00:00,2018-11-17 03:00,0.64704,0.2032,0.0,0.003,0.44084,0.20457,0.20457,0.0,0.0
2018-11-17 04:00:00,2018-11-17 04:00,0.64128,0.2032,0.0,0.003,0.43508,0.21498,0.21498,0.0,-0.0
2018-11-17 05:00:00,2018-11-17 05:00,0.63698,0.2032,0.0,0.003,0.43078,0.21502,0.21502,0.0,0.0
2018-11-17 06:00:00,2018-11-17 06:00,0.96266,0.2032,0.0,0.31553,0.44393,0.22581,0.22581,0.0,0.0
2018-11-17 07:00:00,2018-11-17 07:00,1.12757,0.2032,0.0,0.41715,0.50722,0.24153,0.24153,0.0,0.0
2018-11-17 08:00:00,2018-11-17 08:00,1.20336,0.2032,0.0,0.4363,0.56386,0.22951,0.22951,0.0,-0.0
2018-11-17 09:00:00,2018-11-17 09:00,0.79681,0.2032,0.0,0.003,0.59061,0.22326,0.22326,0.0,0.0
2018-11-17 10:00:00,2018-11-17 10:00,0.82135,0.2032,0.0,0.003,0.61515,0.21898,0.21898,0.0,0.0
2018-11-17 11:00:00,2018-11-17 11:00,1.06742,0.2032,0.0,0.10892,0.7553,0.19795,0.19795,0.0,-0.0
2018-11-17 12:00:00,2018-11-17 12:00,1.3766,0.2032,0.0,0.43174,0.74166,0.17547,0.17547,0.0,0.0
2018-11-17 13:00:00,2018-11-17 13:00,1.15893,0.2032,0.0,0.18138,0.77435,0.15891,0.15891,0.0,0.0
2018-11-17 14:00:00,2018-11-17 14:00,0.99693,0.2032,0.0,0.003,0.79073,0.14755,0.14755,0.0,0.0
2018-11-17 15:00:00,2018-11-17 15:00,0.97893,0.2032,0.0,0.003,0.77273,0.14282,0.14282,0.0,-0.0
2018-11-17 16:00:00,2018-11-17 16:00,1.51927,0.2032,0.0,0.42262,0.89345,0.13831,0.13831,0.0,-0.0
2018-11-17 17:00:00,2018-11-17 17:00,1.63504,0.2032,0.0,0.44118,0.99066,0.14268,0.14268,0.0,-0.0
2018-11-17 18:00:00,2018-11-17 18:00,1.36075,0.2032,0.0,0.04139,1.11616,0.1536,0.1536,0.0,0.0
2018-11-17 19:00:00,2018-11-17 19:00,1.51155,0.2032,0.0,0.003,1.30535,0.20921,0.16987,0.0,0.03935
2018-11-17 20:00:00,2018-11-17 20:00,1.46083,0.2032,0.0,0.003,1.25463,0.2302,0.14777,0.0,0.08243
2018-11-17 21:00:00,2018-11-17 21:00,1.67856,0.2032,0.0,0.41336,1.062,0.20044,0.20044,0.0,-0.0
2018-11-17 22:00:00,2018-11-17 22:00,1.1526,0.2032,0.0,0.003,0.9464,0.22545,0.22545,0.0,0.0
2018-11-17 23:00:00,2018-11-17 23:00,1.02851,0.2032,0.0,0.10738,0.71793,0.24879,0.24879,0.0,-0.0
2018-11-18 00:00:00,2018-11-18 00:00,1.08664,0.2032,0.0,0.34746,0.53598,0.27057,0.27057,0.0,0.0
2018-11-18 01:00:00,2018-11-18 01:00,0.66739,0.2032,0.0,0.003,0.46119,0.28686,0.28686,0.0,0.0
2018-11-18 02:00:00,2018-11-18 02:00,0.65107,0.2032,0.0,0.003,0.44487,0.29967,0.29967,0.0,-0.0
2018-11-18 03:00:00,2018-11-18 03:00,0.64604,0.2032,0.0,0.003,0.43984,0.3145,0.3145,0.0,0.0
2018-11-18 04:00:00,2018-11-18 04:00,0.64128,0.2032,0.0,0.003,0.43508,0.32524,0.32524,0.0,0.0
2018-11-18 05:00:00,2018-11-18 05:00,0.6372,0.2032,0.0,0.003,0.431,0.33339,0.33339,0.0,-0.0
2018-11-18 06:00:00,2018-11-18 06:00,0.639,0.2032,0.0,0.003,0.4328,0.33973,0.33973,0.0,0.0
2018-11-18 07:00:00,2018-11-18 07:00,0.68503,0.2032,0.0,0.003,0.47883,0.36902,0.36902,0.0,0.0
2018-11-18 08:00:00,2018-11-18 08:00,0.82689,0.2032,0.0,0.10965,0.51404,0.3509,0.3509,0.0,-0.0
2018-11-18 09:00:00,2018-11-18 09:00,1.22866,0.2032,0.0,0.43485,0.59061,0.32456,0.32456,0.0,0.0
2018-11-18 10:00:00,2018-11-18 10:00,0.89467,0.2032,0.0,0.08036,0.61111,0.31103,0.28104,0.0,0.02999
2018-11-18 11:00:00,2018-11-18 11:00,0.82214,0.2032,0.0,0.003,0.61594,0.26133,0.26133,0.0,0.0
2018-11-18 12:00:00,2018-11-18 12:00,0.96739,0.2032,0.0,0.003,0.76119,0.23152,0.23152,0.0,0.0
2018-11-18 13:00:00,2018-11-18 13:00,1.1745,0.2032,0.0,0.003,0.9683,0.21073,0.21073,0.0,-0.0
2018-11-18 14:00:00,2018-11-18 14:00,2.91141,0.2032,0.0,0.40784,2.30037,0.21388,0.21388,0.0,-0.0
2018-11-18 15:00:00,2018-11-18 15:00,2.15056,0.2032,0.0,0.4112,1.53616,0.21832,0.18833,0.0,0.02999
2018-11-18 16:00:00,2018-11-18 16:00,1.48625,0.2032,0.0,0.43285,0.8502,0.19031,0.19031,0.0,0.0
2018-11-18 17:00:00,2018-11-18 17:00,1.37653,0.2032,0.0,0.19828,0.97505,0.19387,0.19387,0.0,0.0
2018-11-18 18:00:00,2018-11-18 18:00,1.16363,0.2032,0.0,0.003,0.95743,0.19858,0.19858,0.0,0.0
2018-11-18 19:00:00,2018-11-18 19:00,1.28693,0.2032,0.0,0.003,1.08073,0.21229,0.21229,0.0,-0.0
2018-11-18 20:00:00,2018-11-18 20:00,1.31725,0.2032,0.0,0.003,1.11105,0.19222,0.19222,0.0,-0.0
2018-11-18 21:00:00,2018-11-18 21:00,1.47241,0.2032,0.0,0.003,1.26621,0.19424,0.183,0.0,0.01124
2018-11-18 22:00:00,2018-11-18 22:00,1.70161,0.2032,0.0,0.32515,1.17326,0.23456,0.15398,0.0,0.08058
2018-11-18 23:00:00,2018-11-18 23:00,1.09806,0.2032,0.0,0.13062,0.76424,0.18521,0.18521,0.0,0.0
2018-11-19 00:00:00,2018-11-19 00:00,0.65851,0.2032,0.0,0.003,0.45231,0.19074,0.19074,0.0,-0.0
2018-11-19 01:00:00,2018-11-19 01:00,0.65288,0.2032,0.0,0.003,0.44668,0.19093,0.19093,0.0,0.0
2018-11-19 02:00:00,2018-11-19 02:00,0.64728,0.2032,0.0,0.003,0.44108,0.19125,0.19125,0.0,-0.0
2018-11-19 03:00:00,2018-11-19 03:00,0.6458,0.2032,0.0,0.003,0.4396,0.19238,0.19238,0.0,0.0
2018-11-19 04:00:00,2018-11-19 04:00,0.64,0.2032,0.0,0.003,0.4338,0.19348,0.19348,0.0,0.0
2018-11-19 05:00:00,2018-11-19 05:00,0.63596,0.2032,0.0,0.003,0.42976,0.19801,0.19801,0.0,0.0
2018-11-19 06:00:00,2018-11-19 06:00,0.64011,0.2032,0.0,0.003,0.43391,0.2066,0.2066,0.0,-0.0
2018-11-19 07:00:00,2018-11-19 07:00,0.68373,0.2032,0.0,0.003,0.47753,0.22871,0.22871,0.0,-0.0
2018-11-19 08:00:00,2018-11-19 08:00,1.04397,0.2032,0.0,0.32945,0.51132,0.21459,0.21459,0.0,0.0
2018-11-19 09:00:00,2018-11-19 09:00,1.14309,0.2032,0.0,0.2057,0.73419,0.21198,0.21198,0.0,0.0
2018-11-19 10:00:00,2018-11-19 10:00,2.69053,0.2032,0.0,0.003,2.48433,0.2333,0.2333,0.0,0.0
2018-11-19 11:00:00,2018-11-19 11:00,2.01403,0.2032,0.0,0.003,1.80783,0.22752,0.22752,0.0,0.0
2018-11-19 12:00:00,2018-11-19 12:00,0.69039,0.2032,0.0,0.003,0.48419,0.2129,0.2129,0.0,0.0
2018-11-19 13:00:00,2018-11-19 13:00,1.0354,0.2032,0.0,0.31527,0.51693,0.20585,0.20585,0.0,0.0
2018-11-19 14:00:00,2018-11-19 14:00,1.14653,0.2032,0.0,0.42396,0.51937,0.20284,0.20284,0.0,0.0
2018-11-19 15:00:00,2018-11-19 15:00,1.14152,0.2032,0.0,0.42218,0.51614,0.2094,0.2094,0.0,-0.0
2018-11-19 16:00:00,2018-11-19 16:00,1.01822,0.2032,0.0,0.36154,0.45348,0.21964,0.21964,0.0,0.0
2018-11-19 17:00:00,2018-11-19 17:00,0.8914,0.2032,0.0,0.003,0.6852,0.24663,0.18668,0.0,0.05995
2018-11-19 18:00:00,2018-11-19 18:00,1.18549,0.2032,0.0,0.21512,0.76717,0.20653,0.20653,0.0,0.0
2018-11-19 19:00:00,2018-11-19 19:00,1.37248,0.2032,0.0,0.25419,0.91509,0.22467,0.22467,0.0,-0.0
2018-11-19 20:00:00,2018-11-19 20:00,1.09504,0.2032,0.0,0.003,0.88884,0.21857,0.21857,0.0,0.0
2018-11-19 21:00:00,2018-11-19 21:00,1.31142,0.2032,0.0,0.003,1.10522,0.21406,0.21406,0.0,0.0
2018-11-19 22:00:00,2018-11-19 22:00,1.28354,0.2032,0.0,0.003,1.07734,0.21237,0.21237,0.0,0.0
2018-11-19 23:00:00,2018-11-19 23:00,0.79702,0.2032,0.0,0.003,0.59082,0.22498,0.22498,0.0,0.0
2018-11-20 00:00:00,2018-11-20 00:00,0.76278,0.2032,0.0,0.10838,0.4512,0.23242,0.23242,0.0,-0.0
2018-11-20 01:00:00,2018-11-20 01:00,0.91601,0.2032,0.0,0.26613,0.44668,0.23629,0.23629,0.0,0.0
2018-11-20 02:00:00,2018-11-20 02:00,0.64728,0.2032,0.0,0.003,0.44108,0.24079,0.24079,0.0,0.0
2018-11-20 03:00:00,2018-11-20 03:00,0.6458,0.2032,0.0,0.003,0.4396,0.25564,0.25564,0.0,0.0
2018-11-20 04:00:00,2018-11-20 04:00,0.64,0.2032,0.0,0.003,0.4338,0.26696,0.26696,0.0,0.0
2018-11-20 05:00:00,2018-11-20 05:00,0.63596,0.2032,0.0,0.003,0.42976,0.2754,0.2754,0.0,-0.0
2018-11-20 06:00:00,2018-11-20 06:00,0.65387,0.2032,0.0,0.003,0.44767,0.29001,0.29001,0.0,-0.0
2018-11-20 07:00:00,2018-11-20 07:00,1.0701,0.2032,0.0,0.31162,0.55528,0.33081,0.33081,0.0,0.0
2018-11-20 08:00:00,2018-11-20 08:00,1.20372,0.2032,0.0,0.42635,0.57417,0.31999,0.31999,0.0,0.0
2018-11-20 09:00:00,2018-11-20 09:00,1.16481,0.2032,0.0,0.43658,0.52503,0.32534,0.32534,0.0,0.0
2018-11-20 10:00:00,2018-11-20 10:00,0.78337,0.2032,0.0,0.12046,0.45971,0.33132,0.33132,0.0,0.0
2018-11-20 11:00:00,2018-11-20 11:00,0.65072,0.2032,0.0,0.003,0.44452,0.31373,0.31373,0.0,-0.0
2018-11-20 12:00:00,2018-11-20 12:00,0.6518,0.2032,0.0,0.003,0.4456,0.29786,0.29786,0.0,0.0
2018-11-20 13:00:00,2018-11-20 13:00,0.65868,0.2032,0.0,0.003,0.45248,0.27277,0.27277,0.0,0.0
2018-11-20 14:00:00,2018-11-20 14:00,0.65876,0.2032,0.0,0.003,0.45256,0.24725,0.24725,0.0,0.0
2018-11-20 15:00:00,2018-11-20 15:00,0.66016,0.2032,0.0,0.003,0.45396,0.23473,0.23473,0.0,0.0
2018-11-20 16:00:00,2018-11-20 16:00,0.77862,0.2032,0.0,0.003,0.57242,0.25981,0.19236,0.0,0.06745
2018-11-20 17:00:00,2018-11-20 17:00,1.25935,0.2032,0.0,0.42843,0.62772,0.22931,0.17499,0.0,0.05433
2018-11-20 18:00:00,2018-11-20 18:00,0.84692,0.2032,0.0,0.003,0.64072,0.19051,0.19051,0.0,-0.0
2018-11-20 19:00:00,2018-11-20 19:00,1.28929,0.2032,0.0,0.003,1.08309,0.19421,0.19421,0.0,-0.0
2018-11-20 20:00:00,2018-11-20 20:00,1.75767,0.2032,0.0,0.41464,1.13983,0.19299,0.163,0.0,0.02999
2018-11-20 21:00:00,2018-11-20 21:00,1.41909,0.2032,0.0,0.003,1.21289,0.16128,0.16128,0.0,0.0
2018-11-20 22:00:00,2018-11-20 22:00,1.14025,0.2032,0.0,0.003,0.93405,0.16471,0.16471,0.0,0.0
2018-11-20 23:00:00,2018-11-20 23:00,1.14443,0.2032,0.0,0.10675,0.83448,0.16716,0.16716,0.0,-0.0
2018-11-21 00:00:00,2018-11-21 00:00,1.69339,0.2032,0.0,0.41866,1.07153,0.18505,0.18505,0.0,0.0
2018-11-21 01:00:00,2018-11-21 01:00,2.49453,0.2032,0.0,0.003,2.28833,0.19669,0.19669,0.0,-0.0
2018-11-21 02:00:00,2018-11-21 02:00,0.64905,0.2032,0.0,0.003,0.44285,0.1837,0.1837,0.0,-0.0
2018-11-21 03:00:00,2018-11-21 03:00,1.06851,0.2032,0.0,0.42857,0.43674,0.18611,0.18611,0.0,0.0
2018-11-21 04:00:00,2018-11-21 04:00,0.79767,0.2032,0.0,0.16379,0.43068,0.18752,0.18752,0.0,-0.0
2018-11-21 05:00:00,2018-11-21 05:00,0.63596,0.2032,0.0,0.003,0.42976,0.19923,0.19923,0.0,0.0
2018-11-21 06:00:00,2018-11-21 06:00,0.64377,0.2032,0.0,0.003,0.43757,0.20741,0.20741,0.0,0.0
2018-11-21 07:00:00,2018-11-21 07:00,0.92956,0.2032,0.0,0.21016,0.5162,0.22821,0.22821,0.0,0.0
2018-11-21 08:00:00,2018-11-21 08:00,1.14892,0.2032,0.0,0.4324,0.51332,0.22341,0.22341,0.0,0.0
2018-11-21 09:00:00,2018-11-21 09:00,0.88263,0.2032,0.0,0.19409,0.48534,0.22419,0.22419,0.0,0.0
2018-11-21 10:00:00,2018-11-21 10:00,0.9308,0.2032,0.0,0.21336,0.51424,0.22761,0.22761,0.0,0.0
2018-11-21 11:00:00,2018-11-21 11:00,1.08191,0.2032,0.0,0.39236,0.48635,0.22529,0.22529,0.0,0.0
2018-11-21 12:00:00,2018-11-21 12:00,0.6518,0.2032,0.0,0.003,0.4456,0.22475,0.22475,0.0,0.0
2018-11-21 13:00:00,2018-11-21 13:00,0.65868,0.2032,0.0,0.003,0.45248,0.2192,0.2192,0.0,-0.0
2018-11-21 14:00:00,2018-11-21 14:00,0.65876,0.2032,0.0,0.003,0.45256,0.20782,0.20782,0.0,0.0
2018-11-21 15:00:00,2018-11-21 15:00,0.72018,0.2032,0.0,0.003,0.51398,0.19428,0.19428,0.0,-0.0
2018-11-21 16:00:00,2018-11-21 16:00,0.67195,0.2032,0.0,0.003,0.46575,0.19677,0.19677,0.0,-0.0
2018-11-21 17:00:00,2018-11-21 17:00,0.6692,0.2032,0.0,0.003,0.463,0.2019,0.2019,0.0,0.0
2018-11-21 18:00:00,2018-11-21 18:00,1.03143,0.2032,0.0,0.10857,0.71966,0.22588,0.1959,0.0,0.02999
2018-11-21 19:00:00,2018-11-21 19:00,1.55978,0.2032,0.0,0.31665,1.03993,0.21541,0.21541,0.0,-0.0
2018-11-21 20:00:00,2018-11-21 20:00,1.46053,0.2032,0.0,0.003,1.25433,0.19077,0.19077,0.0,0.0
2018-11-21 21:00:00,2018-11-21 21:00,1.43506,0.2032,0.0,0.003,1.22886,0.19333,0.19333,0.0,0.0
2018-11-21 22:00:00,2018-11-21 22:00,1.4021,0.2032,0.0,0.21184,0.98706,0.20252,0.20252,0.0,0.0
2018-11-21 23:00:00,2018-11-21 23:00,1.32444,0.2032,0.0,0.43542,0.68582,0.21671,0.21671,0.0,-0.0
2018-11-22 00:00:00,2018-11-22 00:00,0.68242,0.2032,0.0,0.01106,0.46816,0.23395,0.23395,0.0,0.0
2018-11-22 01:00:00,2018-11-22 01:00,0.65288,0.2032,0.0,0.003,0.44668,0.24524,0.24524,0.0,-0.0
2018-11-22 02:00:00,2018-11-22 02:00,0.64728,0.2032,0.0,0.003,0.44108,0.23804,0.23804,0.0,0.0
2018-11-22 03:00:00,2018-11-22 03:00,0.6458,0.2032,0.0,0.003,0.4396,0.22963,0.22963,0.0,-0.0
2018-11-22 04:00:00,2018-11-22 04:00,0.63979,0.2032,0.0,0.003,0.43359,0.22238,0.22238,0.0,0.0
2018-11-22 05:00:00,2018-11-22 05:00,0.96956,0.2032,0.0,0.32597,0.44039,0.22937,0.21813,0.0,0.01124
2018-11-22 06:00:00,2018-11-22 06:00,0.85553,0.2032,0.0,0.15587,0.49646,0.2445,0.1958,0.0,0.04871
2018-11-22 07:00:00,2018-11-22 07:00,0.98396,0.2032,0.0,0.20696,0.5738,0.23207,0.23207,0.0,0.0
2018-11-22 08:00:00,2018-11-22 08:00,1.1992,0.2032,0.0,0.42729,0.56871,0.22475,0.22475,0.0,0.0
2018-11-22 09:00:00,2018-11-22 09:00,1.08959,0.2032,0.0,0.3526,0.53379,0.21703,0.21703,0.0,0.0
2018-11-22 10:00:00,2018-11-22 10:00,0.66285,0.2032,0.0,0.003,0.45665,0.21722,0.21722,0.0,0.0
2018-11-22 11:00:00,2018-11-22 11:00,0.71525,0.2032,0.0,0.003,0.50905,0.22147,0.22147,0.0,0.0
2018-11-22 12:00:00,2018-11-22 12:00,1.33551,0.2032,0.0,0.31776,0.81455,0.22337,0.22337,0.0,0.0
2018-11-22 13:00:00,2018-11-22 13:00,2.00577,0.2032,0.0,0.42447,1.3781,0.21311,0.21311,0.0,-0.0
2018-11-22 14:00:00,2018-11-22 14:00,1.06922,0.2032,0.0,0.30638,0.55964,0.19585,0.19585,0.0,-0.0
2018-11-22 15:00:00,2018-11-22 15:00,0.85386,0.2032,0.0,0.10762,0.54304,0.19154,0.19154,0.0,0.0
2018-11-22 16:00:00,2018-11-22 16:00,1.10412,0.2032,0.0,0.4024,0.49852,0.1936,0.1936,0.0,0.0
2018-11-22 17:00:00,2018-11-22 17:00,0.69441,0.2032,0.0,0.003,0.48821,0.19378,0.18254,0.0,0.01124
2018-11-22 18:00:00,2018-11-22 18:00,0.92751,0.2032,0.0,0.003,0.72131,0.23026,0.14969,0.0,0.08058
2018-11-22 19:00:00,2018-11-22 19:00,1.21369,0.2032,0.0,0.003,1.00749,0.20227,0.17228,0.0,0.02999
2018-11-22 20:00:00,2018-11-22 20:00,1.28729,0.2032,0.0,0.003,1.08109,0.16597,0.16596,0.0,0.0
2018-11-22 21:00:00,2018-11-22 21:00,1.78996,0.2032,0.0,0.32583,1.26093,0.21974,0.12418,0.0,0.09556
2018-11-22 22:00:00,2018-11-22 22:00,1.18976,0.2032,0.0,0.1666,0.81996,0.17036,0.14414,0.0,0.02622
2018-11-22 23:00:00,2018-11-22 23:00,1.38133,0.87267,0.0,0.003,0.50566,0.0788,0.0788,0.0,0.0
2018-11-23 00:00:00,2018-11-23 00:00,1.99441,1.54039,0.0,0.003,0.45102,0.0,0.0,0.0,0.0
2018-11-23 01:00:00,2018-11-23 01:00,1.99357,1.54421,0.0,0.003,0.44636,0.0,0.0,0.0,0.0
2018-11-23 02:00:00,2018-11-23 02:00,1.9924,1.54858,0.0,0.003,0.44082,0.0,0.0,0.0,0.0
2018-11-23 03:00:00,2018-11-23 03:00,1.99793,1.55552,0.0,0.003,0.43941,0.0,0.0,0.0,0.0
2018-11-23 04:00:00,2018-11-23 04:00,1.99192,1.55518,0.0,0.003,0.43374,0.0,0.0,0.0,0.0
2018-11-23 05:00:00,2018-11-23 05:00,1.72991,1.29623,0.0,0.003,0.43068,0.0,0.0,0.0,0.0
2018-11-23 06:00:00,2018-11-23 06:00,2.24131,1.35742,0.0,0.4398,0.44409,0.0,0.0,0.0,0.0
2018-11-23 07:00:00,2018-11-23 07:00,2.54861,1.55442,0.0,0.4408,0.55339,0.0,0.0,0.0,0.0
2018-11-23 08:00:00,2018-11-23 08:00,1.95926,1.1757,0.0,0.21696,0.5666,0.0,0.0,0.0,0.0
2018-11-23 09:00:00,2018-11-23 09:00,1.99484,1.15009,0.0,0.21261,0.63214,0.0,0.0,0.0,0.0
2018-11-23 10:00:00,2018-11-23 10:00,2.02265,0.98811,0.0,0.43262,0.60192,0.02999,0.0,0.0,0.02999
2018-11-23 11:00:00,2018-11-23 11:00,1.94038,1.00009,0.0,0.43128,0.50901,0.0,0.0,0.0,0.0
2018-11-23 12:00:00,2018-11-23 12:00,1.51208,0.99911,0.0,0.003,0.50997,0.0,0.0,0.0,0.0
2018-11-23 13:00:00,2018-11-23 13:00,1.50585,0.98592,0.0,0.003,0.51693,0.0,0.0,0.0,0.0
2018-11-23 14:00:00,2018-11-23 14:00,1.47072,0.94836,0.0,0.003,0.51936,0.0,0.0,0.0,0.0
2018-11-23 15:00:00,2018-11-23 15:00,1.86952,1.00135,0.0,0.3264,0.54177,0.0,0.0,0.0,0.0
2018-11-23 16:00:00,2018-11-23 16:00,1.65941,1.07138,0.0,0.12228,0.46575,0.0,0.0,0.0,0.0
2018-11-23 17:00:00,2018-11-23 17:00,1.7035,1.1432,0.0,0.003,0.5573,0.0,0.0,0.0,0.0
2018-11-23 18:00:00,2018-11-23 18:00,2.19101,1.40814,0.0,0.21202,0.57085,0.0,0.0,0.0,0.0
2018-11-23 19:00:00,2018-11-23 19:00,2.48806,1.11782,0.0,0.41535,0.95489,0.09182,0.0,0.0,0.09182
2018-11-23 20:00:00,2018-11-23 20:00,2.15842,1.2666,0.0,0.003,0.88882,0.0,0.0,0.0,0.0
2018-11-23 21:00:00,2018-11-23 21:00,2.41601,1.21281,0.0,0.003,1.2002,0.0,0.0,0.0,0.0
2018-11-23 22:00:00,2018-11-23 22:00,2.68308,1.23417,0.0,0.3822,1.06671,0.0,0.0,0.0,0.0
2018-11-23 23:00:00,2018-11-23 23:00,1.8448,1.32,0.0,0.003,0.5218,0.0,0.0,0.0,0.0
2018-11-24 00:00:00,2018-11-24 00:00,1.80395,1.34964,0.0,0.003,0.45131,0.0,0.0,0.0,0.0
2018-11-24 01:00:00,2018-11-24 01:00,1.82193,1.37102,0.0,0.003,0.44791,0.0,0.0,0.0,0.0
2018-11-24 02:00:00,2018-11-24 02:00,1.87264,1.42733,0.0,0.003,0.44231,0.0,0.0,0.0,0.0
2018-11-24 03:00:00,2018-11-24 03:00,1.9171,1.47328,0.0,0.003,0.44082,0.0,0.0,0.0,0.0
2018-11-24 04:00:00,2018-11-24 04:00,1.94262,1.50456,0.0,0.003,0.43506,0.0,0.0,0.0,0.0
2018-11-24 05:00:00,2018-11-24 05:00,1.94361,1.50965,0.0,0.003,0.43096,0.0,0.0,0.0,0.0
2018-11-24 06:00:00,2018-11-24 06:00,1.95519,1.51944,0.0,0.003,0.43275,0.0,0.0,0.0,0.0
2018-11-24 07:00:00,2018-11-24 07:00,1.99786,1.51613,0.0,0.003,0.47873,0.0,0.0,0.0,0.0
2018-11-24 08:00:00,2018-11-24 08:00,2.13078,1.50933,0.0,0.11429,0.50716,0.0,0.0,0.0,0.0
2018-11-24 09:00:00,2018-11-24 09:00,2.49294,1.51385,0.0,0.45611,0.52298,0.0,0.0,0.0,0.0
2018-11-24 10:00:00,2018-11-24 10:00,2.41746,1.51284,0.0,0.32378,0.58084,0.02999,0.0,0.0,0.02999
2018-11-24 11:00:00,2018-11-24 11:00,2.21724,1.52135,0.0,0.003,0.69289,0.0,0.0,0.0,0.0
2018-11-24 12:00:00,2018-11-24 12:00,2.55903,1.52652,0.0,0.32698,0.70553,0.0,0.0,0.0,0.0
2018-11-24 13:00:00,2018-11-24 13:00,2.25131,1.53419,0.0,0.10331,0.61381,0.0,0.0,0.0,0.0
2018-11-24 14:00:00,2018-11-24 14:00,2.16805,1.53859,0.0,0.003,0.62646,0.0,0.0,0.0,0.0
2018-11-24 15:00:00,2018-11-24 15:00,2.17559,1.53914,0.0,0.003,0.63345,0.0,0.0,0.0,0.0
2018-11-24 16:00:00,2018-11-24 16:00,2.63774,1.54943,0.0,0.44484,0.64347,0.0,0.0,0.0,0.0
2018-11-24 17:00:00,2018-11-24 17:00,2.50381,1.53515,0.0,0.12563,0.84303,0.0,0.0,0.0,0.0
2018-11-24 18:00:00,2018-11-24 18:00,1.41879,0.2032,0.0,0.39862,0.81697,0.1603,0.1603,0.0,-0.0
2018-11-24 19:00:00,2018-11-24 19:00,1.28693,0.2032,0.0,0.003,1.08073,0.17671,0.17671,0.0,0.0
2018-11-24 20:00:00,2018-11-24 20:00,1.31725,0.2032,0.0,0.003,1.11105,0.1759,0.1759,0.0,-0.0
2018-11-24 21:00:00,2018-11-24 21:00,1.56757,0.2032,0.0,0.1094,1.25497,0.17562,0.17562,0.0,0.0
2018-11-24 22:00:00,2018-11-24 22:00,1.60785,0.2032,0.0,0.44491,0.95974,0.16984,0.16984,0.0,-0.0
2018-11-24 23:00:00,2018-11-24 23:00,0.91905,0.2032,0.0,0.04255,0.6733,0.18187,0.18187,0.0,0.0
2018-11-25 00:00:00,2018-11-25 00:00,0.7194,0.2032,0.0,0.003,0.5132,0.19064,0.19064,0.0,0.0
2018-11-25 01:00:00,2018-11-25 01:00,0.6598,0.2032,0.0,0.003,0.4536,0.19517,0.19517,0.0,-0.0
2018-11-25 02:00:00,2018-11-25 02:00,0.64852,0.2032,0.0,0.003,0.44232,0.19615,0.19615,0.0,0.0
2018-11-25 03:00:00,2018-11-25 03:00,0.64704,0.2032,0.0,0.003,0.44084,0.20137,0.20137,0.0,0.0
2018-11-25 04:00:00,2018-11-25 04:00,0.85841,0.2032,0.0,0.22013,0.43508,0.2124,0.2124,0.0,0.0
2018-11-25 05:00:00,2018-11-25 05:00,0.76852,0.2032,0.0,0.13432,0.431,0.21169,0.21169,0.0,0.0
2018-11-25 06:00:00,2018-11-25 06:00,0.639,0.2032,0.0,0.003,0.4328,0.21858,0.21858,0.0,-0.0
2018-11-25 07:00:00,2018-11-25 07:00,0.69627,0.2032,0.0,0.003,0.49007,0.24036,0.22912,0.0,0.01124
2018-11-25 08:00:00,2018-11-25 08:00,0.80342,0.2032,0.0,0.003,0.59722,0.24901,0.2003,0.0,0.04871
2018-11-25 09:00:00,2018-11-25 09:00,1.1886,0.2032,0.0,0.32735,0.65805,0.21698,0.21698,0.0,-0.0
2018-11-25 10:00:00,2018-11-25 10:00,1.05745,0.2032,0.0,0.18877,0.66548,0.20868,0.20868,0.0,-0.0
2018-11-25 11:00:00,2018-11-25 11:00,0.87238,0.2032,0.0,0.003,0.66618,0.19661,0.19661,0.0,0.0
2018-11-25 12:00:00,2018-11-25 12:00,1.208,0.2032,0.0,0.31471,0.69009,0.18127,0.18127,0.0,-0.0
2018-11-25 13:00:00,2018-11-25 13:00,1.38384,0.2032,0.0,0.42623,0.75441,0.17327,0.17327,0.0,-0.0
2018-11-25 14:00:00,2018-11-25 14:00,1.44782,0.2032,0.0,0.44451,0.80011,0.1764,0.1764,0.0,-0.0
2018-11-25 15:00:00,2018-11-25 15:00,1.26119,0.2032,0.0,0.21328,0.84471,0.18891,0.17767,0.0,0.01124
2018-11-25 16:00:00,2018-11-25 16:00,1.17042,0.2032,0.0,0.003,0.96422,0.24701,0.13647,0.0,0.11054
2018-11-25 17:00:00,2018-11-25 17:00,1.38357,0.2032,0.0,0.32152,0.85885,0.17513,0.17513,0.0,0.0
2018-11-25 18:00:00,2018-11-25 18:00,1.47107,0.2032,0.0,0.31044,0.95743,0.20084,0.20084,0.0,0.0
2018-11-25 19:00:00,2018-11-25 19:00,1.28693,0.2032,0.0,0.003,1.08073,0.23571,0.23571,0.0,0.0
2018-11-25 20:00:00,2018-11-25 20:00,1.17691,0.2032,0.0,0.003,0.97071,0.223,0.223,0.0,0.0
2018-11-25 21:00:00,2018-11-25 21:00,1.2223,0.2032,0.0,0.003,1.0161,0.22072,0.22072,0.0,0.0
2018-11-25 22:00:00,2018-11-25 22:00,1.18158,0.2032,0.0,0.10786,0.87052,0.22504,0.22504,0.0,0.0
2018-11-25 23:00:00,2018-11-25 23:00,1.12123,0.2032,0.0,0.27687,0.64116,0.23961,0.23961,0.0,-0.0
2018-11-26 00:00:00,2018-11-26 00:00,0.70094,0.2032,0.0,0.003,0.49474,0.24948,0.24948,0.0,-0.0
2018-11-26 01:00:00,2018-11-26 01:00,0.65789,0.2032,0.0,0.003,0.45169,0.25476,0.25476,0.0,-0.0
2018-11-26 02:00:00,2018-11-26 02:00,0.64728,0.2032,0.0,0.003,0.44108,0.26349,0.26349,0.0,0.0
2018-11-26 03:00:00,2018-11-26 03:00,0.6458,0.2032,0.0,0.003,0.4396,0.27387,0.27387,0.0,0.0
2018-11-26 04:00:00,2018-11-26 04:00,0.64,0.2032,0.0,0.003,0.4338,0.27658,0.27658,0.0,0.0
2018-11-26 05:00:00,2018-11-26 05:00,0.85026,0.2032,0.0,0.2173,0.42976,0.28003,0.28003,0.0,0.0
2018-11-26 06:00:00,2018-11-26 06:00,0.97891,0.2032,0.0,0.33556,0.44015,0.27765,0.27765,0.0,0.0
2018-11-26 07:00:00,2018-11-26 07:00,0.68924,0.2032,0.0,0.003,0.48304,0.29847,0.29847,0.0,0.0
2018-11-26 08:00:00,2018-11-26 08:00,0.92731,0.2032,0.0,0.21136,0.51275,0.28983,0.28983,0.0,-0.0
2018-11-26 09:00:00,2018-11-26 09:00,1.0845,0.2032,0.0,0.39627,0.48503,0.28842,0.28842,0.0,0.0
2018-11-26 10:00:00,2018-11-26 10:00,0.65644,0.2032,0.0,0.003,0.45024,0.28178,0.28178,0.0,0.0
2018-11-26 11:00:00,2018-11-26 11:00,0.65072,0.2032,0.0,0.003,0.44452,0.28316,0.28316,0.0,0.0
2018-11-26 12:00:00,2018-11-26 12:00,0.6518,0.2032,0.0,0.003,0.4456,0.26385,0.26385,0.0,0.0
2018-11-26 13:00:00,2018-11-26 13:00,0.65868,0.2032,0.0,0.003,0.45248,0.25015,0.25015,0.0,0.0
2018-11-26 14:00:00,2018-11-26 14:00,0.65876,0.2032,0.0,0.003,0.45256,0.2426,0.2426,0.0,-0.0
2018-11-26 15:00:00,2018-11-26 15:00,0.66016,0.2032,0.0,0.003,0.45396,0.23548,0.23548,0.0,0.0
2018-11-26 16:00:00,2018-11-26 16:00,0.65968,0.2032,0.0,0.003,0.45348,0.22838,0.22838,0.0,-0.0
2018-11-26 17:00:00,2018-11-26 17:00,1.11199,0.2032,0.0,0.32457,0.58422,0.2297,0.2297,0.0,0.0
2018-11-26 18:00:00,2018-11-26 18:00,1.22969,0.2032,0.0,0.22055,0.80594,0.2709,0.21095,0.0,0.05995
2018-11-26 19:00:00,2018-11-26 19:00,1.4157,0.2032,0.0,0.31786,0.89464,0.24852,0.24852,0.0,-0.0
2018-11-26 20:00:00,2018-11-26 20:00,2.72086,0.2032,0.0,0.20081,2.31685,0.25645,0.25645,0.0,-0.0
2018-11-26 21:00:00,2018-11-26 21:00,2.6661,0.2032,0.0,0.003,2.4599,0.25909,0.25909,0.0,0.0
2018-11-26 22:00:00,2018-11-26 22:00,1.01054,0.2032,0.0,0.003,0.80434,0.26473,0.26473,0.0,0.0
2018-11-26 23:00:00,2018-11-26 23:00,0.88867,0.2032,0.0,0.10643,0.57904,0.27418,0.27418,0.0,-0.0
2018-11-27 00:00:00,2018-11-27 00:00,1.05516,0.2032,0.0,0.37318,0.47878,0.27219,0.27219,0.0,-0.0
2018-11-27 01:00:00,2018-11-27 01:00,0.65288,0.2032,0.0,0.003,0.44668,0.28218,0.28218,0.0,-0.0
2018-11-27 02:00:00,2018-11-27 02:00,0.64728,0.2032,0.0,0.003,0.44108,0.29402,0.29402,0.0,0.0
2018-11-27 03:00:00,2018-11-27 03:00,0.6458,0.2032,0.0,0.003,0.4396,0.29724,0.29724,0.0,0.0
2018-11-27 04:00:00,2018-11-27 04:00,0.64,0.2032,0.0,0.003,0.4338,0.29851,0.29851,0.0,-0.0
2018-11-27 05:00:00,2018-11-27 05:00,0.63601,0.2032,0.0,0.003,0.42981,0.29873,0.29873,0.0,0.0
2018-11-27 06:00:00,2018-11-27 06:00,0.64527,0.2032,0.0,0.003,0.43907,0.29757,0.29757,0.0,0.0
2018-11-27 07:00:00,2018-11-27 07:00,0.95724,0.2032,0.0,0.21367,0.54037,0.32,0.32,0.0,-0.0
2018-11-27 08:00:00,2018-11-27 08:00,1.25361,0.2032,0.0,0.42041,0.63,0.29343,0.29343,0.0,-0.0
2018-11-27 09:00:00,2018-11-27 09:00,1.18661,0.2032,0.0,0.43393,0.54948,0.30058,0.30058,0.0,-0.0
2018-11-27 10:00:00,2018-11-27 10:00,0.72044,0.2032,0.0,0.003,0.51424,0.30617,0.30617,0.0,0.0
2018-11-27 11:00:00,2018-11-27 11:00,0.69255,0.2032,0.0,0.003,0.48635,0.28276,0.28276,0.0,-0.0
2018-11-27 12:00:00,2018-11-27 12:00,0.69039,0.2032,0.0,0.003,0.48419,0.27428,0.27428,0.0,-0.0
2018-11-27 13:00:00,2018-11-27 13:00,1.14694,0.2032,0.0,0.42681,0.51693,0.25849,0.25849,0.0,0.0
2018-11-27 14:00:00,2018-11-27 14:00,0.86396,0.2032,0.0,0.07395,0.58681,0.27944,0.21199,0.0,0.06745
2018-11-27 15:00:00,2018-11-27 15:00,1.0487,0.2032,0.0,0.20866,0.63684,0.28132,0.1689,0.0,0.11242
2018-11-27 16:00:00,2018-11-27 16:00,1.18058,0.2032,0.0,0.42563,0.55175,0.24601,0.18045,0.0,0.06557
2018-11-27 17:00:00,2018-11-27 17:00,0.96042,0.2032,0.0,0.10433,0.65289,0.26553,0.16998,0.0,0.09556
2018-11-27 18:00:00,2018-11-27 18:00,0.89031,0.2032,0.0,0.003,0.68411,0.21592,0.18969,0.0,0.02622
2018-11-27 19:00:00,2018-11-27 19:00,1.4604,0.2032,0.0,0.21065,1.04655,0.21855,0.21855,0.0,0.0
2018-11-27 20:00:00,2018-11-27 20:00,1.64417,0.2032,0.0,0.37886,1.06211,0.21198,0.21198,0.0,0.0
2018-11-27 21:00:00,2018-11-27 21:00,1.24819,0.2032,0.0,0.003,1.04199,0.22081,0.22081,0.0,0.0
2018-11-27 22:00:00,2018-11-27 22:00,1.24894,0.2032,0.0,0.003,1.04274,0.22739,0.22739,0.0,0.0
2018-11-27 23:00:00,2018-11-27 23:00,0.78125,0.2032,0.0,0.003,0.57505,0.24388,0.24388,0.0,0.0
2018-11-28 00:00:00,2018-11-28 00:00,0.6574,0.2032,0.0,0.003,0.4512,0.25602,0.25602,0.0,0.0
2018-11-28 01:00:00,2018-11-28 01:00,0.65288,0.2032,0.0,0.003,0.44668,0.26426,0.26426,0.0,-0.0
2018-11-28 02:00:00,2018-11-28 02:00,0.64728,0.2032,0.0,0.003,0.44108,0.27167,0.27167,0.0,0.0
2018-11-28 03:00:00,2018-11-28 03:00,0.6458,0.2032,0.0,0.003,0.4396,0.27613,0.27613,0.0,0.0
2018-11-28 04:00:00,2018-11-28 04:00,0.63979,0.2032,0.0,0.003,0.43359,0.27882,0.27882,0.0,0.0
2018-11-28 05:00:00,2018-11-28 05:00,1.06831,0.2032,0.0,0.43597,0.42914,0.27911,0.27911,0.0,-0.0
2018-11-28 06:00:00,2018-11-28 06:00,0.72373,0.2032,0.0,0.08512,0.43541,0.28088,0.28088,0.0,0.0
2018-11-28 07:00:00,2018-11-28 07:00,0.84516,0.2032,0.0,0.10715,0.53481,0.29984,0.29984,0.0,-0.0
2018-11-28 08:00:00,2018-11-28 08:00,1.19738,0.2032,0.0,0.42229,0.57189,0.27573,0.27573,0.0,-0.0
2018-11-28 09:00:00,2018-11-28 09:00,3.05257,0.2032,0.0,0.43704,2.41233,0.28917,0.28917,0.0,0.0
2018-11-28 10:00:00,2018-11-28 10:00,2.95744,0.2032,0.0,0.08712,2.66712,0.28438,0.28438,0.0,0.0
2018-11-28 11:00:00,2018-11-28 11:00,2.56876,0.2032,0.0,0.31343,2.05213,0.26121,0.26121,0.0,-0.0
2018-11-28 12:00:00,2018-11-28 12:00,0.95481,0.2032,0.0,0.26421,0.4874,0.23947,0.23947,0.0,0.0
2018-11-28 13:00:00,2018-11-28 13:00,0.65868,0.2032,0.0,0.003,0.45248,0.23888,0.23888,0.0,-0.0
2018-11-28 14:00:00,2018-11-28 14:00,0.65876,0.2032,0.0,0.003,0.45256,0.23511,0.23511,0.0,0.0
2018-11-28 15:00:00,2018-11-28 15:00,0.66016,0.2032,0.0,0.003,0.45396,0.23709,0.23709,0.0,0.0
2018-11-28 16:00:00,2018-11-28 16:00,0.69075,0.2032,0.0,0.003,0.48455,0.23827,0.23827,0.0,0.0
2018-11-28 17:00:00,2018-11-28 17:00,0.85054,0.2032,0.0,0.003,0.64434,0.25639,0.2264,0.0,0.02999
2018-11-28 18:00:00,2018-11-28 18:00,1.27781,0.2032,0.0,0.32483,0.74978,0.22567,0.22567,0.0,0.0
2018-11-28 19:00:00,2018-11-28 19:00,0.97404,0.2032,0.0,0.05479,0.71605,0.24049,0.24049,0.0,-0.0
2018-11-28 20:00:00,2018-11-28 20:00,1.51266,0.2032,0.0,0.20876,1.1007,0.259,0.19155,0.0,0.06745
2018-11-28 21:00:00,2018-11-28 21:00,1.62179,0.2032,0.0,0.32228,1.09631,0.24057,0.18624,0.0,0.05433
2018-11-28 22:00:00,2018-11-28 22:00,0.99993,0.2032,0.0,0.003,0.79373,0.20961,0.20961,0.0,0.0
2018-11-28 23:00:00,2018-11-28 23:00,0.76911,0.2032,0.0,0.003,0.56291,0.21495,0.21495,0.0,0.0
2018-11-29 00:00:00,2018-11-29 00:00,0.69686,0.2032,0.0,0.003,0.49066,0.2183,0.2183,0.0,-0.0
2018-11-29 01:00:00,2018-11-29 01:00,1.05496,0.2032,0.0,0.40007,0.45169,0.21896,0.21896,0.0,-0.0
2018-11-29 02:00:00,2018-11-29 02:00,0.64728,0.2032,0.0,0.003,0.44108,0.22001,0.22001,0.0,0.0
2018-11-29 03:00:00,2018-11-29 03:00,0.6458,0.2032,0.0,0.003,0.4396,0.22444,0.22444,0.0,-0.0
2018-11-29 04:00:00,2018-11-29 04:00,0.64,0.2032,0.0,0.003,0.4338,0.22832,0.22832,0.0,0.0
2018-11-29 05:00:00,2018-11-29 05:00,0.63596,0.2032,0.0,0.003,0.42976,0.22968,0.22968,0.0,0.0
2018-11-29 06:00:00,2018-11-29 06:00,0.63776,0.2032,0.0,0.003,0.43156,0.22892,0.22892,0.0,0.0
2018-11-29 07:00:00,2018-11-29 07:00,0.71308,0.2032,0.0,0.003,0.50688,0.24376,0.24376,0.0,0.0
2018-11-29 08:00:00,2018-11-29 08:00,1.23796,0.2032,0.0,0.4186,0.61616,0.22569,0.22569,0.0,0.0
2018-11-29 09:00:00,2018-11-29 09:00,1.18634,0.2032,0.0,0.39688,0.58626,0.22262,0.22262,0.0,0.0
2018-11-29 10:00:00,2018-11-29 10:00,1.15124,0.2032,0.0,0.40814,0.5399,0.21846,0.21846,0.0,0.0
2018-11-29 11:00:00,2018-11-29 11:00,1.13504,0.2032,0.0,0.42279,0.50905,0.21348,0.21348,0.0,0.0
2018-11-29 12:00:00,2018-11-29 12:00,1.14788,0.2032,0.0,0.43471,0.50997,0.21354,0.21354,0.0,0.0
2018-11-29 13:00:00,2018-11-29 13:00,0.8607,0.2032,0.0,0.14732,0.51018,0.21507,0.21507,0.0,-0.0
2018-11-29 14:00:00,2018-11-29 14:00,0.65876,0.2032,0.0,0.003,0.45256,0.21017,0.21017,0.0,0.0
2018-11-29 15:00:00,2018-11-29 15:00,0.66016,0.2032,0.0,0.003,0.45396,0.20212,0.20212,0.0,-0.0
2018-11-29 16:00:00,2018-11-29 16:00,0.72207,0.2032,0.0,0.003,0.51587,0.19851,0.19851,0.0,0.0
2018-11-29 17:00:00,2018-11-29 17:00,1.25295,0.2032,0.0,0.43328,0.61647,0.19229,0.19229,0.0,-0.0
2018-11-29 18:00:00,2018-11-29 18:00,1.25231,0.2032,0.0,0.42585,0.62326,0.1899,0.1899,0.0,-0.0
2018-11-29 19:00:00,2018-11-29 19:00,1.50913,0.2032,0.0,0.39771,0.90822,0.19935,0.19936,0.0,-0.0
2018-11-29 20:00:00,2018-11-29 20:00,1.43214,0.2032,0.0,0.003,1.22594,0.21763,0.15018,0.0,0.06745
2018-11-29 21:00:00,2018-11-29 21:00,1.30251,0.2032,0.0,0.003,1.09631,0.2005,0.14618,0.0,0.05433
2018-11-29 22:00:00,2018-11-29 22:00,1.0396,0.2032,0.0,0.003,0.8334,0.17298,0.17298,0.0,0.0
2018-11-29 23:00:00,2018-11-29 23:00,0.71187,0.2032,0.0,0.003,0.50567,0.18183,0.18183,0.0,-0.0
2018-11-30 00:00:00,2018-11-30 00:00,1.02508,0.2032,0.0,0.37068,0.4512,0.18572,0.18572,0.0,0.0
2018-11-30 01:00:00,2018-11-30 01:00,0.65288,0.2032,0.0,0.003,0.44668,0.18748,0.18748,0.0,-0.0
2018-11-30 02:00:00,2018-11-30 02:00,0.64728,0.2032,0.0,0.003,0.44108,0.18836,0.18836,0.0,0.0
2018-11-30 03:00:00,2018-11-30 03:00,0.6458,0.2032,0.0,0.003,0.4396,0.18922,0.18922,0.0,0.0
2018-11-30 04:00:00,2018-11-30 04:00,0.64,0.2032,0.0,0.003,0.4338,0.19038,0.19038,0.0,-0.0
2018-11-30 05:00:00,2018-11-30 05:00,0.63596,0.2032,0.0,0.003,0.42976,0.18874,0.18874,0.0,0.0
2018-11-30 06:00:00,2018-11-30 06:00,0.64142,0.2032,0.0,0.003,0.43522,0.19003,0.19003,0.0,0.0
2018-11-30 07:00:00,2018-11-30 07:00,0.7224,0.2032,0.0,0.003,0.5162,0.20721,0.20721,0.0,0.0
2018-11-30 08:00:00,2018-11-30 08:00,1.11625,0.2032,0.0,0.32978,0.58327,0.19233,0.19233,0.0,-0.0
2018-11-30 09:00:00,2018-11-30 09:00,2.44313,0.2032,0.0,0.25268,1.98725,0.20418,0.20418,0.0,0.0
2018-11-30 10:00:00,2018-11-30 10:00,2.70047,0.2032,0.0,0.003,2.49427,0.20332,0.20332,0.0,-0.0
2018-11-30 11:00:00,2018-11-30 11:00,0.88438,0.2032,0.0,0.10771,0.57347,0.17423,0.17423,0.0,0.0
2018-11-30 12:00:00,2018-11-30 12:00,1.20732,0.2032,0.0,0.42955,0.57457,0.16478,0.16478,0.0,-0.0
2018-11-30 13:00:00,2018-11-30 13:00,1.11576,0.2032,0.0,0.331,0.58156,0.16482,0.16482,0.0,-0.0
2018-11-30 14:00:00,2018-11-30 14:00,0.7926,0.2032,0.0,0.003,0.5864,0.16515,0.16515,0.0,-0.0
2018-11-30 15:00:00,2018-11-30 15:00,0.80121,0.2032,0.0,0.003,0.59501,0.16164,0.16164,0.0,-0.0
2018-11-30 16:00:00,2018-11-30 16:00,1.20576,0.2032,0.0,0.43219,0.57037,0.16189,0.16189,0.0,0.0
2018-11-30 17:00:00,2018-11-30 17:00,1.06212,0.2032,0.0,0.28552,0.5734,0.17204,0.17204,0.0,0.0
2018-11-30 18:00:00,2018-11-30 18:00,1.84868,0.2032,0.0,0.003,1.64248,0.18041,0.18041,0.0,0.0
2018-11-30 19:00:00,2018-11-30 19:00,1.73265,0.2032,0.0,0.321,1.20845,0.19757,0.18632,0.0,0.01124
2018-11-30 20:00:00,2018-11-30 20:00,1.61736,0.2032,0.0,0.14109,1.27307,0.17537,0.15663,0.0,0.01875
2018-11-30 21:00:00,2018-11-30 21:00,1.41909,0.2032,0.0,0.003,1.21289,0.16663,0.16663,0.0,0.0
2018-11-30 22:00:00,2018-11-30 22:00,1.69805,0.2032,0.0,0.43073,1.06412,0.16941,0.16941,0.0,-0.0
2018-11-30 23:00:00,2018-11-30 23:00,0.96801,0.2032,0.0,0.13124,0.63357,0.17609,0.17609,0.0,-0.0
2018-12-01 00:00:00,2018-12-01 00:00,0.65753,0.2032,0.0,0.003,0.45133,0.18587,0.18587,0.0,0.0
2018-12-01 01:00:00,2018-12-01 01:00,0.64292,0.2032,0.0,0.003,0.43672,0.19431,0.19431,0.0,0.0
2018-12-01 02:00:00,2018-12-01 02:00,0.6376,0.2032,0.0,0.003,0.4314,0.20097,0.20097,0.0,0.0
2018-12-01 03:00:00,2018-12-01 03:00,0.6364,0.2032,0.0,0.003,0.4302,0.20785,0.20785,0.0,0.0
2018-12-01 04:00:00,2018-12-01 04:00,0.63088,0.2032,0.0,0.003,0.42468,0.21323,0.21323,0.0,0.0
2018-12-01 05:00:00,2018-12-01 05:00,0.62712,0.2032,0.0,0.003,0.42092,0.21177,0.21177,0.0,0.0
2018-12-01 06:00:00,2018-12-01 06:00,0.62892,0.2032,0.0,0.003,0.42272,0.21452,0.21452,0.0,0.0
2018-12-01 07:00:00,2018-12-01 07:00,0.79851,0.2032,0.0,0.11098,0.48433,0.22958,0.22958,0.0,-0.0
2018-12-01 08:00:00,2018-12-01 08:00,1.17067,0.2032,0.0,0.44723,0.52024,0.22159,0.22159,0.0,-0.0
2018-12-01 09:00:00,2018-12-01 09:00,0.94969,0.2032,0.0,0.2073,0.53919,0.21938,0.21938,0.0,0.0
2018-12-01 10:00:00,2018-12-01 10:00,0.8801,0.2032,0.0,0.003,0.6739,0.25727,0.18982,0.0,0.06745
2018-12-01 11:00:00,2018-12-01 11:00,0.89608,0.2032,0.0,0.10695,0.58593,0.21553,0.18931,0.0,0.02622
2018-12-01 12:00:00,2018-12-01 12:00,1.28883,0.2032,0.0,0.43367,0.65196,0.2085,0.2085,0.0,-0.0
2018-12-01 13:00:00,2018-12-01 13:00,1.09333,0.2032,0.0,0.10753,0.7826,0.2012,0.2012,0.0,0.0
2018-12-01 14:00:00,2018-12-01 14:00,1.01415,0.2032,0.0,0.003,0.80795,0.18954,0.18954,0.0,-0.0
2018-12-01 15:00:00,2018-12-01 15:00,1.15224,0.2032,0.0,0.10805,0.84099,0.18841,0.18841,0.0,0.0
2018-12-01 16:00:00,2018-12-01 16:00,1.54684,0.2032,0.0,0.42874,0.9149,0.19726,0.19726,0.0,-0.0
2018-12-01 17:00:00,2018-12-01 17:00,1.80494,0.2032,0.0,0.43794,1.1638,0.19206,0.19206,0.0,0.0
2018-12-01 18:00:00,2018-12-01 18:00,2.41886,0.2032,0.0,0.0402,2.17546,0.20609,0.17611,0.0,0.02999
2018-12-01 19:00:00,2018-12-01 19:00,2.63354,0.2032,0.0,0.003,2.42734,0.20294,0.20294,0.0,0.0
2018-12-01 20:00:00,2018-12-01 20:00,1.90786,0.2032,0.0,0.2154,1.48926,0.17879,0.17879,0.0,-0.0
2018-12-01 21:00:00,2018-12-01 21:00,1.9562,0.2032,0.0,0.30055,1.45245,0.17687,0.17687,0.0,0.0
2018-12-01 22:00:00,2018-12-01 22:00,1.48979,0.2032,0.0,0.003,1.28359,0.18543,0.18543,0.0,0.0
2018-12-01 23:00:00,2018-12-01 23:00,1.08746,0.2032,0.0,0.003,0.88126,0.19334,0.19334,0.0,-0.0
2018-12-02 00:00:00,2018-12-02 00:00,0.71478,0.2032,0.0,0.003,0.50858,0.20087,0.20087,0.0,0.0
2018-12-02 01:00:00,2018-12-02 01:00,0.67586,0.2032,0.0,0.003,0.46966,0.2033,0.2033,0.0,-0.0
2018-12-02 02:00:00,2018-12-02 02:00,0.65794,0.2032,0.0,0.003,0.45174,0.20331,0.20331,0.0,0.0
2018-12-02 03:00:00,2018-12-02 03:00,1.08786,0.2032,0.0,0.43992,0.44474,0.21289,0.21289,0.0,0.0
2018-12-02 04:00:00,2018-12-02 04:00,0.79608,0.2032,0.0,0.1563,0.43658,0.21436,0.21436,0.0,0.0
2018-12-02 05:00:00,2018-12-02 05:00,0.62712,0.2032,0.0,0.003,0.42092,0.21044,0.21044,0.0,0.0
2018-12-02 06:00:00,2018-12-02 06:00,0.62892,0.2032,0.0,0.003,0.42272,0.2136,0.2136,0.0,-0.0
2018-12-02 07:00:00,2018-12-02 07:00,0.66888,0.2032,0.0,0.003,0.46268,0.22205,0.22205,0.0,0.0
2018-12-02 08:00:00,2018-12-02 08:00,0.66477,0.2032,0.0,0.003,0.45857,0.21619,0.21619,0.0,0.0
2018-12-02 09:00:00,2018-12-02 09:00,0.95796,0.2032,0.0,0.10924,0.64552,0.22731,0.21606,0.0,0.01124
2018-12-02 10:00:00,2018-12-02 10:00,1.34575,0.2032,0.0,0.44404,0.69851,0.25057,0.19998,0.0,0.05059
2018-12-02 11:00:00,2018-12-02 11:00,0.89821,0.2032,0.0,0.09726,0.59775,0.20977,0.20977,0.0,0.0
2018-12-02 12:00:00,2018-12-02 12:00,0.97885,0.2032,0.0,0.10679,0.66886,0.20049,0.20049,0.0,-0.0
2018-12-02 13:00:00,2018-12-02 13:00,1.38838,0.2032,0.0,0.40258,0.7826,0.19942,0.19942,0.0,-0.0
2018-12-02 14:00:00,2018-12-02 14:00,1.01415,0.2032,0.0,0.003,0.80795,0.20122,0.20122,0.0,0.0
2018-12-02 15:00:00,2018-12-02 15:00,1.43211,0.2032,0.0,0.43558,0.79333,0.19006,0.19006,0.0,0.0
2018-12-02 16:00:00,2018-12-02 16:00,1.16066,0.2032,0.0,0.21148,0.74598,0.18635,0.18635,0.0,0.0
2018-12-02 17:00:00,2018-12-02 17:00,1.33324,0.2032,0.0,0.3221,0.80794,0.18436,0.18436,0.0,0.0
2018-12-02 18:00:00,2018-12-02 18:00,1.09123,0.2032,0.0,0.003,0.88503,0.18924,0.18924,0.0,0.0
2018-12-02 19:00:00,2018-12-02 19:00,1.392,0.2032,0.0,0.003,1.1858,0.20514,0.20514,0.0,-0.0
2018-12-02 20:00:00,2018-12-02 20:00,2.43643,0.2032,0.0,0.003,2.23023,0.188,0.188,0.0,-0.0
2018-12-02 21:00:00,2018-12-02 21:00,2.99738,0.2032,0.0,0.4354,2.35878,0.18684,0.18684,0.0,0.0
2018-12-02 22:00:00,2018-12-02 22:00,1.48816,0.2032,0.0,0.01622,1.26874,0.17962,0.17962,0.0,0.0
2018-12-02 23:00:00,2018-12-02 23:00,0.99091,0.2032,0.0,0.003,0.78471,0.18684,0.18684,0.0,-0.0
2018-12-03 00:00:00,2018-12-03 00:00,0.71443,0.2032,0.0,0.003,0.50823,0.19281,0.19281,0.0,0.0
2018-12-03 01:00:00,2018-12-03 01:00,0.67238,0.2032,0.0,0.003,0.46618,0.19936,0.19936,0.0,0.0
2018-12-03 02:00:00,2018-12-03 02:00,0.65554,0.2032,0.0,0.003,0.44934,0.20042,0.20042,0.0,0.0
2018-12-03 03:00:00,2018-12-03 03:00,0.85586,0.2032,0.0,0.21819,0.43447,0.20281,0.20281,0.0,-0.0
2018-12-03 04:00:00,2018-12-03 04:00,0.77106,0.2032,0.0,0.14442,0.42344,0.20182,0.20182,0.0,0.0
2018-12-03 05:00:00,2018-12-03 05:00,0.63981,0.2032,0.0,0.003,0.43361,0.21786,0.20662,0.0,0.01124
2018-12-03 06:00:00,2018-12-03 06:00,0.67715,0.2032,0.0,0.003,0.47095,0.21776,0.19901,0.0,0.01875
2018-12-03 07:00:00,2018-12-03 07:00,1.13337,0.2032,0.0,0.43803,0.49214,0.22414,0.22414,0.0,-0.0
2018-12-03 08:00:00,2018-12-03 08:00,0.79445,0.2032,0.0,0.06251,0.52874,0.21869,0.20745,0.0,0.01124
2018-12-03 09:00:00,2018-12-03 09:00,0.79773,0.2032,0.0,0.003,0.59153,0.25198,0.19015,0.0,0.06183
2018-12-03 10:00:00,2018-12-03 10:00,0.75438,0.2032,0.0,0.003,0.54818,0.22098,0.20223,0.0,0.01875
2018-12-03 11:00:00,2018-12-03 11:00,1.16017,0.2032,0.0,0.43184,0.52513,0.20853,0.20853,0.0,0.0
2018-12-03 12:00:00,2018-12-03 12:00,0.71948,0.2032,0.0,0.04513,0.47115,0.21082,0.21082,0.0,0.0
2018-12-03 13:00:00,2018-12-03 13:00,0.6468,0.2032,0.0,0.003,0.4406,0.20664,0.20664,0.0,0.0
2018-12-03 14:00:00,2018-12-03 14:00,0.64692,0.2032,0.0,0.003,0.44072,0.20454,0.20454,0.0,0.0
2018-12-03 15:00:00,2018-12-03 15:00,0.64832,0.2032,0.0,0.003,0.44212,0.19803,0.19803,0.0,0.0
2018-12-03 16:00:00,2018-12-03 16:00,0.74862,0.2032,0.0,0.003,0.54242,0.19562,0.19562,0.0,0.0
2018-12-03 17:00:00,2018-12-03 17:00,1.03264,0.2032,0.0,0.21771,0.61173,0.20507,0.19383,0.0,0.01124
2018-12-03 18:00:00,2018-12-03 18:00,1.32634,0.2032,0.0,0.14824,0.9749,0.25876,0.14634,0.0,0.11242
2018-12-03 19:00:00,2018-12-03 19:00,1.40678,0.2032,0.0,0.003,1.20058,0.26687,0.15445,0.0,0.11242
2018-12-03 20:00:00,2018-12-03 20:00,1.64433,0.2032,0.0,0.10807,1.33306,0.24519,0.13277,0.0,0.11242
2018-12-03 21:00:00,2018-12-03 21:00,2.06645,0.2032,0.0,0.43434,1.42891,0.18868,0.15684,0.0,0.03184
2018-12-03 22:00:00,2018-12-03 22:00,1.3715,0.2032,0.0,0.10647,1.06183,0.18591,0.18591,0.0,0.0
2018-12-03 23:00:00,2018-12-03 23:00,0.9756,0.2032,0.0,0.003,0.7694,0.19867,0.19867,0.0,0.0
2018-12-04 00:00:00,2018-12-04 00:00,0.67262,0.2032,0.0,0.003,0.46642,0.20892,0.20892,0.0,0.0
2018-12-04 01:00:00,2018-12-04 01:00,0.64168,0.2032,0.0,0.003,0.43548,0.21568,0.21568,0.0,0.0
2018-12-04 02:00:00,2018-12-04 02:00,0.63632,0.2032,0.0,0.003,0.43012,0.22266,0.22266,0.0,-0.0
2018-12-04 03:00:00,2018-12-04 03:00,0.63516,0.2032,0.0,0.003,0.42896,0.22576,0.22576,0.0,0.0
2018-12-04 04:00:00,2018-12-04 04:00,0.62964,0.2032,0.0,0.003,0.42344,0.23337,0.23337,0.0,0.0
2018-12-04 05:00:00,2018-12-04 05:00,0.62857,0.2032,0.0,0.003,0.42237,0.23113,0.23113,0.0,-0.0
2018-12-04 06:00:00,2018-12-04 06:00,0.89336,0.2032,0.0,0.218,0.47216,0.22727,0.22727,0.0,0.0
2018-12-04 07:00:00,2018-12-04 07:00,1.23134,0.2032,0.0,0.43943,0.58871,0.24822,0.24822,0.0,0.0
2018-12-04 08:00:00,2018-12-04 08:00,1.25347,0.2032,0.0,0.41414,0.63613,0.23832,0.23832,0.0,0.0
2018-12-04 09:00:00,2018-12-04 09:00,1.37334,0.2032,0.0,0.40384,0.7663,0.24237,0.24237,0.0,-0.0
2018-12-04 10:00:00,2018-12-04 10:00,3.07271,0.2032,0.0,0.40733,2.46218,0.2607,0.2607,0.0,-0.0
2018-12-04 11:00:00,2018-12-04 11:00,1.61323,0.2032,0.0,0.41501,0.99502,0.25102,0.25102,0.0,0.0
2018-12-04 12:00:00,2018-12-04 12:00,1.06183,0.2032,0.0,0.42435,0.43428,0.2509,0.2509,0.0,0.0
2018-12-04 13:00:00,2018-12-04 13:00,1.06482,0.2032,0.0,0.39803,0.46359,0.24671,0.24671,0.0,-0.0
2018-12-04 14:00:00,2018-12-04 14:00,0.64692,0.2032,0.0,0.003,0.44072,0.24484,0.24484,0.0,0.0
2018-12-04 15:00:00,2018-12-04 15:00,0.65975,0.2032,0.0,0.003,0.45355,0.248,0.248,0.0,0.0
2018-12-04 16:00:00,2018-12-04 16:00,0.76581,0.2032,0.0,0.003,0.55961,0.24188,0.24188,0.0,-0.0
2018-12-04 17:00:00,2018-12-04 17:00,0.82532,0.2032,0.0,0.003,0.61912,0.23551,0.23551,0.0,0.0
2018-12-04 18:00:00,2018-12-04 18:00,1.48768,0.2032,0.0,0.44074,0.84374,0.23101,0.23101,0.0,0.0
2018-12-04 19:00:00,2018-12-04 19:00,1.03133,0.2032,0.0,0.00891,0.81922,0.25271,0.25271,0.0,-0.0
2018-12-04 20:00:00,2018-12-04 20:00,1.00749,0.2032,0.0,0.003,0.80129,0.264,0.22465,0.0,0.03935
2018-12-04 21:00:00,2018-12-04 21:00,1.79257,0.2032,0.0,0.32316,1.26621,0.27293,0.18674,0.0,0.08619
2018-12-04 22:00:00,2018-12-04 22:00,1.1255,0.2032,0.0,0.09573,0.82657,0.2233,0.2233,0.0,0.0
2018-12-04 23:00:00,2018-12-04 23:00,0.78448,0.2032,0.0,0.003,0.57828,0.23138,0.23138,0.0,0.0
2018-12-05 00:00:00,2018-12-05 00:00,0.64592,0.2032,0.0,0.003,0.43972,0.23517,0.23517,0.0,0.0
2018-12-05 01:00:00,2018-12-05 01:00,0.64168,0.2032,0.0,0.003,0.43548,0.23235,0.23235,0.0,0.0
2018-12-05 02:00:00,2018-12-05 02:00,0.63632,0.2032,0.0,0.003,0.43012,0.23212,0.23212,0.0,0.0
2018-12-05 03:00:00,2018-12-05 03:00,0.63516,0.2032,0.0,0.003,0.42896,0.23197,0.23197,0.0,0.0
2018-12-05 04:00:00,2018-12-05 04:00,0.62964,0.2032,0.0,0.003,0.42344,0.23309,0.23309,0.0,0.0
2018-12-05 05:00:00,2018-12-05 05:00,0.74301,0.2032,0.0,0.10986,0.42995,0.23113,0.23113,0.0,0.0
2018-12-05 06:00:00,2018-12-05 06:00,1.0935,0.2032,0.0,0.41236,0.47794,0.22938,0.22938,0.0,-0.0
2018-12-05 07:00:00,2018-12-05 07:00,1.23903,0.2032,0.0,0.40323,0.6326,0.24546,0.24546,0.0,0.0
2018-12-05 08:00:00,2018-12-05 08:00,1.13924,0.2032,0.0,0.39601,0.54003,0.23183,0.23183,0.0,0.0
2018-12-05 09:00:00,2018-12-05 09:00,1.07353,0.2032,0.0,0.42721,0.44312,0.23338,0.23338,0.0,0.0
2018-12-05 10:00:00,2018-12-05 10:00,1.08321,0.2032,0.0,0.43223,0.44778,0.22855,0.22855,0.0,0.0
2018-12-05 11:00:00,2018-12-05 11:00,0.67608,0.2032,0.0,0.003,0.46988,0.22036,0.22036,0.0,0.0
2018-12-05 12:00:00,2018-12-05 12:00,0.64048,0.2032,0.0,0.003,0.43428,0.21078,0.21078,0.0,0.0
2018-12-05 13:00:00,2018-12-05 13:00,0.6468,0.2032,0.0,0.003,0.4406,0.20139,0.20139,0.0,-0.0
2018-12-05 14:00:00,2018-12-05 14:00,0.64692,0.2032,0.0,0.003,0.44072,0.18777,0.18777,0.0,0.0
2018-12-05 15:00:00,2018-12-05 15:00,0.64832,0.2032,0.0,0.003,0.44212,0.1853,0.1853,0.0,0.0
2018-12-05 16:00:00,2018-12-05 16:00,0.64816,0.2032,0.0,0.003,0.44196,0.19047,0.19047,0.0,0.0
2018-12-05 17:00:00,2018-12-05 17:00,1.02338,0.2032,0.0,0.22296,0.59722,0.19168,0.19168,0.0,-0.0
2018-12-05 18:00:00,2018-12-05 18:00,1.33628,0.2032,0.0,0.28934,0.84374,0.18999,0.18999,0.0,0.0
2018-12-05 19:00:00,2018-12-05 19:00,1.34942,0.2032,0.0,0.003,1.14322,0.20207,0.20207,0.0,0.0
2018-12-05 20:00:00,2018-12-05 20:00,1.85649,0.2032,0.0,0.43264,1.22065,0.20113,0.20113,0.0,-0.0
2018-12-05 21:00:00,2018-12-05 21:00,1.60326,0.2032,0.0,0.003,1.39706,0.21022,0.21022,0.0,0.0
2018-12-05 22:00:00,2018-12-05 22:00,1.15028,0.2032,0.0,0.003,0.94408,0.22107,0.22107,0.0,0.0
2018-12-05 23:00:00,2018-12-05 23:00,0.92536,0.2032,0.0,0.003,0.71916,0.22664,0.22664,0.0,-0.0
2018-12-06 00:00:00,2018-12-06 00:00,0.76986,0.2032,0.0,0.003,0.56366,0.23538,0.23538,0.0,0.0
2018-12-06 01:00:00,2018-12-06 01:00,0.87817,0.2032,0.0,0.2108,0.46417,0.24973,0.24973,0.0,0.0
2018-12-06 02:00:00,2018-12-06 02:00,0.94152,0.2032,0.0,0.3082,0.43012,0.2558,0.2558,0.0,0.0
2018-12-06 03:00:00,2018-12-06 03:00,0.63516,0.2032,0.0,0.003,0.42896,0.25661,0.25661,0.0,0.0
2018-12-06 04:00:00,2018-12-06 04:00,0.62964,0.2032,0.0,0.003,0.42344,0.25557,0.25557,0.0,0.0
2018-12-06 05:00:00,2018-12-06 05:00,0.62588,0.2032,0.0,0.003,0.41968,0.25351,0.25351,0.0,0.0
2018-12-06 06:00:00,2018-12-06 06:00,0.63337,0.2032,0.0,0.003,0.42717,0.25489,0.25489,0.0,-0.0
2018-12-06 07:00:00,2018-12-06 07:00,0.88794,0.2032,0.0,0.10793,0.57681,0.28148,0.27024,0.0,0.01124
2018-12-06 08:00:00,2018-12-06 08:00,1.27417,0.2032,0.0,0.43333,0.63764,0.27262,0.25387,0.0,0.01875
2018-12-06 09:00:00,2018-12-06 09:00,0.82624,0.2032,0.0,0.09334,0.5297,0.26553,0.26553,0.0,0.0
2018-12-06 10:00:00,2018-12-06 10:00,1.15726,0.2032,0.0,0.42463,0.52943,0.26478,0.26478,0.0,-0.0
2018-12-06 11:00:00,2018-12-06 11:00,1.08369,0.2032,0.0,0.36467,0.51582,0.26801,0.26801,0.0,-0.0
2018-12-06 12:00:00,2018-12-06 12:00,0.64048,0.2032,0.0,0.003,0.43428,0.26644,0.26644,0.0,0.0
2018-12-06 13:00:00,2018-12-06 13:00,0.6468,0.2032,0.0,0.003,0.4406,0.25656,0.25656,0.0,-0.0
2018-12-06 14:00:00,2018-12-06 14:00,0.70459,0.2032,0.0,0.003,0.49839,0.23757,0.23757,0.0,-0.0
2018-12-06 15:00:00,2018-12-06 15:00,1.13043,0.2032,0.0,0.31061,0.61662,0.22858,0.22858,0.0,0.0
2018-12-06 16:00:00,2018-12-06 16:00,1.19149,0.2032,0.0,0.42868,0.55961,0.23587,0.23587,0.0,-0.0
2018-12-06 17:00:00,2018-12-06 17:00,0.9277,0.2032,0.0,0.12402,0.60048,0.2469,0.2469,0.0,0.0
2018-12-06 18:00:00,2018-12-06 18:00,1.09064,0.2032,0.0,0.003,0.88444,0.25831,0.25831,0.0,-0.0
2018-12-06 19:00:00,2018-12-06 19:00,1.49289,0.2032,0.0,0.003,1.28669,0.28247,0.28247,0.0,-0.0
2018-12-06 20:00:00,2018-12-06 20:00,1.40283,0.2032,0.0,0.003,1.19663,0.271,0.271,0.0,0.0
2018-12-06 21:00:00,2018-12-06 21:00,1.84475,0.2032,0.0,0.32025,1.3213,0.28355,0.28355,0.0,0.0
2018-12-06 22:00:00,2018-12-06 22:00,1.66676,0.2032,0.0,0.20112,1.26244,0.29762,0.29762,0.0,0.0
2018-12-06 23:00:00,2018-12-06 23:00,0.96135,0.2032,0.0,0.003,0.75515,0.32052,0.32052,0.0,-0.0
2018-12-07 00:00:00,2018-12-07 00:00,0.70604,0.2032,0.0,0.003,0.49984,0.3399,0.3399,0.0,0.0
2018-12-07 01:00:00,2018-12-07 01:00,0.64168,0.2032,0.0,0.003,0.43548,0.34837,0.34837,0.0,0.0
2018-12-07 02:00:00,2018-12-07 02:00,0.63632,0.2032,0.0,0.003,0.43012,0.35683,0.35683,0.0,0.0
2018-12-07 03:00:00,2018-12-07 03:00,0.63516,0.2032,0.0,0.003,0.42896,0.35878,0.35878,0.0,0.0
2018-12-07 04:00:00,2018-12-07 04:00,0.62964,0.2032,0.0,0.003,0.42344,0.34669,0.34669,0.0,-0.0
2018-12-07 05:00:00,2018-12-07 05:00,0.62588,0.2032,0.0,0.003,0.41968,0.33607,0.33607,0.0,0.0
2018-12-07 06:00:00,2018-12-07 06:00,1.06894,0.2032,0.0,0.42471,0.44103,0.3297,0.3297,0.0,0.0
2018-12-07 07:00:00,2018-12-07 07:00,1.16507,0.2032,0.0,0.43292,0.52895,0.34302,0.34302,0.0,0.0
2018-12-07 08:00:00,2018-12-07 08:00,1.14355,0.2032,0.0,0.33532,0.60503,0.32167,0.32167,0.0,-0.0
2018-12-07 09:00:00,2018-12-07 09:00,1.14713,0.2032,0.0,0.10358,0.84035,0.31014,0.31014,0.0,0.0
2018-12-07 10:00:00,2018-12-07 10:00,3.14408,0.2032,0.0,0.41049,2.53039,0.31734,0.31734,0.0,-0.0
2018-12-07 11:00:00,2018-12-07 11:00,2.31057,0.2032,0.0,0.43319,1.67418,0.29468,0.29468,0.0,0.0
2018-12-07 12:00:00,2018-12-07 12:00,0.88779,0.2032,0.0,0.15792,0.52667,0.26678,0.26678,0.0,0.0
2018-12-07 13:00:00,2018-12-07 13:00,0.70688,0.2032,0.0,0.003,0.50068,0.24389,0.24389,0.0,-0.0
2018-12-07 14:00:00,2018-12-07 14:00,0.64692,0.2032,0.0,0.003,0.44072,0.22978,0.22978,0.0,0.0
2018-12-07 15:00:00,2018-12-07 15:00,0.64832,0.2032,0.0,0.003,0.44212,0.22566,0.22566,0.0,-0.0
2018-12-07 16:00:00,2018-12-07 16:00,0.64816,0.2032,0.0,0.003,0.44196,0.22961,0.22961,0.0,0.0
2018-12-07 17:00:00,2018-12-07 17:00,0.71184,0.2032,0.0,0.003,0.50564,0.23555,0.23555,0.0,0.0
2018-12-07 18:00:00,2018-12-07 18:00,1.28063,0.2032,0.0,0.42262,0.65481,0.23929,0.23929,0.0,-0.0
2018-12-07 19:00:00,2018-12-07 19:00,1.28704,0.2032,0.0,0.16303,0.92081,0.25928,0.25928,0.0,0.0
2018-12-07 20:00:00,2018-12-07 20:00,1.24592,0.2032,0.0,0.003,1.03972,0.24781,0.24781,0.0,-0.0
2018-12-07 21:00:00,2018-12-07 21:00,1.58776,0.2032,0.0,0.003,1.38156,0.24539,0.24539,0.0,0.0
2018-12-07 22:00:00,2018-12-07 22:00,1.66295,0.2032,0.0,0.21145,1.2483,0.25749,0.25749,0.0,0.0
2018-12-07 23:00:00,2018-12-07 23:00,1.28408,0.2032,0.0,0.35368,0.7272,0.27471,0.27471,0.0,0.0
2018-12-08 00:00:00,2018-12-08 00:00,0.64605,0.2032,0.0,0.003,0.43985,0.28998,0.28998,0.0,0.0
2018-12-08 01:00:00,2018-12-08 01:00,0.64292,0.2032,0.0,0.003,0.43672,0.30401,0.30401,0.0,-0.0
2018-12-08 02:00:00,2018-12-08 02:00,0.6376,0.2032,0.0,0.003,0.4314,0.31448,0.31448,0.0,0.0
2018-12-08 03:00:00,2018-12-08 03:00,0.6364,0.2032,0.0,0.003,0.4302,0.31594,0.31594,0.0,-0.0
2018-12-08 04:00:00,2018-12-08 04:00,0.66408,0.2032,0.0,0.003,0.45788,0.33942,0.30943,0.0,0.02999
2018-12-08 05:00:00,2018-12-08 05:00,0.62712,0.2032,0.0,0.003,0.42092,0.32088,0.32088,0.0,0.0
2018-12-08 06:00:00,2018-12-08 06:00,0.62892,0.2032,0.0,0.003,0.42272,0.31775,0.31775,0.0,0.0
2018-12-08 07:00:00,2018-12-08 07:00,0.66888,0.2032,0.0,0.003,0.46268,0.33666,0.33666,0.0,0.0
2018-12-08 08:00:00,2018-12-08 08:00,0.69484,0.2032,0.0,0.003,0.48864,0.30755,0.30755,0.0,-0.0
2018-12-08 09:00:00,2018-12-08 09:00,1.30211,0.2032,0.0,0.43024,0.66867,0.33151,0.26968,0.0,0.06183
2018-12-08 10:00:00,2018-12-08 10:00,1.38912,0.2032,0.0,0.43376,0.75216,0.26812,0.26812,0.0,0.0
2018-12-08 11:00:00,2018-12-08 11:00,1.13449,0.2032,0.0,0.1428,0.78849,0.25727,0.25727,0.0,0.0
2018-12-08 12:00:00,2018-12-08 12:00,0.97461,0.2032,0.0,0.003,0.76841,0.25381,0.25381,0.0,-0.0
2018-12-08 13:00:00,2018-12-08 13:00,1.09227,0.2032,0.0,0.10647,0.7826,0.24486,0.24486,0.0,-0.0
2018-12-08 14:00:00,2018-12-08 14:00,1.31333,0.2032,0.0,0.37574,0.73439,0.23361,0.23361,0.0,0.0
2018-12-08 15:00:00,2018-12-08 15:00,0.89948,0.2032,0.0,0.003,0.69328,0.22673,0.22673,0.0,-0.0
2018-12-08 16:00:00,2018-12-08 16:00,1.04392,0.2032,0.0,0.20889,0.63183,0.22308,0.22308,0.0,0.0
2018-12-08 17:00:00,2018-12-08 17:00,1.27951,0.2032,0.0,0.42627,0.65004,0.22364,0.22364,0.0,-0.0
2018-12-08 18:00:00,2018-12-08 18:00,1.46093,0.2032,0.0,0.36146,0.89627,0.22674,0.2155,0.0,0.01124
2018-12-08 19:00:00,2018-12-08 19:00,1.29815,0.2032,0.0,0.003,1.09195,0.2835,0.20107,0.0,0.08243
2018-12-08 20:00:00,2018-12-08 20:00,1.44127,0.2032,0.0,0.003,1.23507,0.2179,0.2179,0.0,0.0
2018-12-08 21:00:00,2018-12-08 21:00,1.41276,0.2032,0.0,0.003,1.20656,0.23342,0.23342,0.0,0.0
2018-12-08 22:00:00,2018-12-08 22:00,1.4579,0.2032,0.0,0.003,1.2517,0.23826,0.23826,0.0,-0.0
2018-12-08 23:00:00,2018-12-08 23:00,1.19846,0.2032,0.0,0.003,0.99226,0.24157,0.24157,0.0,0.0
2018-12-09 00:00:00,2018-12-09 00:00,1.0357,0.2032,0.0,0.32392,0.50858,0.2484,0.2484,0.0,-0.0
2018-12-09 01:00:00,2018-12-09 01:00,0.72912,0.2032,0.0,0.0584,0.46752,0.253,0.253,0.0,-0.0
2018-12-09 02:00:00,2018-12-09 02:00,0.6376,0.2032,0.0,0.003,0.4314,0.26104,0.26104,0.0,0.0
2018-12-09 03:00:00,2018-12-09 03:00,0.6364,0.2032,0.0,0.003,0.4302,0.26773,0.26773,0.0,0.0
2018-12-09 04:00:00,2018-12-09 04:00,0.63231,0.2032,0.0,0.003,0.42611,0.27264,0.27264,0.0,0.0
2018-12-09 05:00:00,2018-12-09 05:00,1.06169,0.2032,0.0,0.42158,0.43691,0.27633,0.27633,0.0,0.0
2018-12-09 06:00:00,2018-12-09 06:00,0.96414,0.2032,0.0,0.30927,0.45167,0.27588,0.27588,0.0,-0.0
2018-12-09 07:00:00,2018-12-09 07:00,0.72667,0.2032,0.0,0.003,0.52047,0.29768,0.29768,0.0,0.0
2018-12-09 08:00:00,2018-12-09 08:00,0.74522,0.2032,0.0,0.003,0.53902,0.28023,0.28023,0.0,-0.0
2018-12-09 09:00:00,2018-12-09 09:00,1.14448,0.2032,0.0,0.21173,0.72955,0.27034,0.27034,0.0,-0.0
2018-12-09 10:00:00,2018-12-09 10:00,1.23066,0.2032,0.0,0.34176,0.6857,0.2617,0.25046,0.0,0.01124
2018-12-09 11:00:00,2018-12-09 11:00,1.11542,0.2032,0.0,0.003,0.90922,0.26747,0.18504,0.0,0.08243
2018-12-09 12:00:00,2018-12-09 12:00,1.08586,0.2032,0.0,0.003,0.87966,0.19541,0.19541,0.0,0.0
2018-12-09 13:00:00,2018-12-09 13:00,1.31127,0.2032,0.0,0.21197,0.8961,0.18821,0.18821,0.0,-0.0
2018-12-09 14:00:00,2018-12-09 14:00,1.56369,0.2032,0.0,0.4303,0.93019,0.18032,0.18032,0.0,0.0
2018-12-09 15:00:00,2018-12-09 15:00,1.16467,0.2032,0.0,0.003,0.95847,0.17551,0.17551,0.0,0.0
2018-12-09 16:00:00,2018-12-09 16:00,0.97449,0.2032,0.0,0.003,0.76829,0.18483,0.18483,0.0,-0.0
2018-12-09 17:00:00,2018-12-09 17:00,1.25908,0.2032,0.0,0.003,1.05288,0.19289,0.19289,0.0,0.0
2018-12-09 18:00:00,2018-12-09 18:00,3.03242,0.2032,0.0,0.32026,2.50896,0.21314,0.21314,0.0,-0.0
2018-12-09 19:00:00,2018-12-09 19:00,3.77311,0.2032,0.0,0.19584,3.37407,0.27002,0.27002,0.0,0.0
2018-12-09 20:00:00,2018-12-09 20:00,3.59419,0.2032,0.0,0.003,3.38799,0.23764,0.23764,0.0,-0.0
2018-12-09 21:00:00,2018-12-09 21:00,3.62807,0.2032,0.0,0.003,3.42187,0.24645,0.24645,0.0,0.0
2018-12-09 22:00:00,2018-12-09 22:00,3.75653,0.2032,0.0,0.32241,3.23092,0.26033,0.26033,0.0,-0.0
2018-12-09 23:00:00,2018-12-09 23:00,1.85361,0.2032,0.0,0.11295,1.53746,0.26467,0.26467,0.0,0.0
2018-12-10 00:00:00,2018-12-10 00:00,0.71443,0.2032,0.0,0.003,0.50823,0.27722,0.27722,0.0,0.0
2018-12-10 01:00:00,2018-12-10 01:00,0.67037,0.2032,0.0,0.003,0.46417,0.28565,0.28565,0.0,0.0
2018-12-10 02:00:00,2018-12-10 02:00,0.63632,0.2032,0.0,0.003,0.43012,0.29503,0.29503,0.0,0.0
2018-12-10 03:00:00,2018-12-10 03:00,0.63516,0.2032,0.0,0.003,0.42896,0.30041,0.30041,0.0,0.0
2018-12-10 04:00:00,2018-12-10 04:00,0.66765,0.2032,0.0,0.003,0.46145,0.32111,0.29112,0.0,0.02999
2018-12-10 05:00:00,2018-12-10 05:00,0.85403,0.2032,0.0,0.21192,0.43891,0.29515,0.29515,0.0,0.0
2018-12-10 06:00:00,2018-12-10 06:00,1.10462,0.2032,0.0,0.41799,0.48343,0.28781,0.28781,0.0,0.0
2018-12-10 07:00:00,2018-12-10 07:00,1.19915,0.2032,0.0,0.43065,0.5653,0.30252,0.30252,0.0,-0.0
2018-12-10 08:00:00,2018-12-10 08:00,0.80629,0.2032,0.0,0.14731,0.45578,0.29273,0.29273,0.0,-0.0
2018-12-10 09:00:00,2018-12-10 09:00,1.01216,0.2032,0.0,0.21087,0.59809,0.28898,0.28898,0.0,0.0
2018-12-10 10:00:00,2018-12-10 10:00,0.90558,0.2032,0.0,0.2637,0.43868,0.28648,0.28648,0.0,0.0
2018-12-10 11:00:00,2018-12-10 11:00,0.6394,0.2032,0.0,0.003,0.4332,0.27185,0.27185,0.0,0.0
2018-12-10 12:00:00,2018-12-10 12:00,0.64048,0.2032,0.0,0.003,0.43428,0.26357,0.26357,0.0,0.0
2018-12-10 13:00:00,2018-12-10 13:00,0.71607,0.2032,0.0,0.003,0.50987,0.2619,0.2619,0.0,-0.0
2018-12-10 14:00:00,2018-12-10 14:00,0.64692,0.2032,0.0,0.003,0.44072,0.25786,0.25786,0.0,0.0
2018-12-10 15:00:00,2018-12-10 15:00,0.65975,0.2032,0.0,0.003,0.45355,0.24587,0.24587,0.0,0.0
2018-12-10 16:00:00,2018-12-10 16:00,1.2269,0.2032,0.0,0.42074,0.60296,0.23159,0.23159,0.0,0.0
2018-12-10 17:00:00,2018-12-10 17:00,1.26535,0.2032,0.0,0.31096,0.75119,0.2304,0.2304,0.0,-0.0
2018-12-10 18:00:00,2018-12-10 18:00,1.04994,0.2032,0.0,0.003,0.84374,0.23801,0.23801,0.0,-0.0
2018-12-10 19:00:00,2018-12-10 19:00,1.37355,0.2032,0.0,0.003,1.16735,0.25366,0.25366,0.0,0.0
2018-12-10 20:00:00,2018-12-10 20:00,1.78659,0.2032,0.0,0.10588,1.47751,0.25615,0.21681,0.0,0.03935
2018-12-10 21:00:00,2018-12-10 21:00,2.10337,0.2032,0.0,0.42815,1.47202,0.26052,0.20619,0.0,0.05433
2018-12-10 22:00:00,2018-12-10 22:00,1.57024,0.2032,0.0,0.13288,1.23416,0.23814,0.23814,0.0,-0.0
2018-12-10 23:00:00,2018-12-10 23:00,0.81255,0.2032,0.0,0.003,0.60635,0.26051,0.26051,0.0,-0.0
2018-12-11 00:00:00,2018-12-11 00:00,0.70927,0.2032,0.0,0.003,0.50307,0.2693,0.2693,0.0,0.0
2018-12-11 01:00:00,2018-12-11 01:00,0.67238,0.2032,0.0,0.003,0.46618,0.27429,0.27429,0.0,0.0
2018-12-11 02:00:00,2018-12-11 02:00,1.03626,0.2032,0.0,0.38517,0.44789,0.27499,0.27499,0.0,0.0
2018-12-11 03:00:00,2018-12-11 03:00,0.63516,0.2032,0.0,0.003,0.42896,0.28356,0.28356,0.0,0.0
2018-12-11 04:00:00,2018-12-11 04:00,0.62964,0.2032,0.0,0.003,0.42344,0.29119,0.29119,0.0,-0.0
2018-12-11 05:00:00,2018-12-11 05:00,0.62588,0.2032,0.0,0.003,0.41968,0.29841,0.29841,0.0,0.0
2018-12-11 06:00:00,2018-12-11 06:00,0.66779,0.2032,0.0,0.003,0.46159,0.3073,0.3073,0.0,0.0
2018-12-11 07:00:00,2018-12-11 07:00,3.19213,0.2032,0.0,0.4221,2.56683,0.38739,0.3574,0.0,0.02999
2018-12-11 08:00:00,2018-12-11 08:00,2.42699,0.2032,0.0,0.41481,1.80898,0.33419,0.3042,0.0,0.02999
2018-12-11 09:00:00,2018-12-11 09:00,1.22981,0.2032,0.0,0.42964,0.59697,0.31282,0.30157,0.0,0.01124
2018-12-11 10:00:00,2018-12-11 10:00,0.94665,0.2032,0.0,0.19527,0.54818,0.30044,0.2817,0.0,0.01875
2018-12-11 11:00:00,2018-12-11 11:00,0.67608,0.2032,0.0,0.003,0.46988,0.26747,0.26747,0.0,0.0
2018-12-11 12:00:00,2018-12-11 12:00,0.64048,0.2032,0.0,0.003,0.43428,0.25034,0.25034,0.0,-0.0
2018-12-11 13:00:00,2018-12-11 13:00,0.6468,0.2032,0.0,0.003,0.4406,0.2317,0.2317,0.0,0.0
2018-12-11 14:00:00,2018-12-11 14:00,0.64692,0.2032,0.0,0.003,0.44072,0.21661,0.21661,0.0,0.0
2018-12-11 15:00:00,2018-12-11 15:00,0.64832,0.2032,0.0,0.003,0.44212,0.209,0.209,0.0,0.0
2018-12-11 16:00:00,2018-12-11 16:00,0.64816,0.2032,0.0,0.003,0.44196,0.2082,0.2082,0.0,0.0
2018-12-11 17:00:00,2018-12-11 17:00,0.74183,0.2032,0.0,0.003,0.53563,0.23206,0.20207,0.0,0.02999
2018-12-11 18:00:00,2018-12-11 18:00,1.43621,0.2032,0.0,0.41705,0.81596,0.21054,0.21054,0.0,-0.0
2018-12-11 19:00:00,2018-12-11 19:00,1.18424,0.2032,0.0,0.003,0.97804,0.22662,0.22662,0.0,-0.0
2018-12-11 20:00:00,2018-12-11 20:00,1.53088,0.2032,0.0,0.10703,1.22065,0.21236,0.21236,0.0,-0.0
2018-12-11 21:00:00,2018-12-11 21:00,1.95481,0.2032,0.0,0.33392,1.41769,0.21231,0.21231,0.0,-0.0
2018-12-11 22:00:00,2018-12-11 22:00,1.46864,0.2032,0.0,0.003,1.26244,0.21388,0.21388,0.0,0.0
2018-12-11 23:00:00,2018-12-11 23:00,1.10997,0.2032,0.0,0.003,0.90377,0.22413,0.22413,0.0,0.0
2018-12-12 00:00:00,2018-12-12 00:00,0.73612,0.2032,0.0,0.003,0.52992,0.23376,0.23376,0.0,0.0
2018-12-12 01:00:00,2018-12-12 01:00,0.67037,0.2032,0.0,0.003,0.46417,0.23354,0.23354,0.0,0.0
2018-12-12 02:00:00,2018-12-12 02:00,0.63632,0.2032,0.0,0.003,0.43012,0.23433,0.23433,0.0,0.0
2018-12-12 03:00:00,2018-12-12 03:00,0.63516,0.2032,0.0,0.003,0.42896,0.2354,0.2354,0.0,0.0
2018-12-12 04:00:00,2018-12-12 04:00,0.63108,0.2032,0.0,0.003,0.42488,0.23092,0.23092,0.0,0.0
2018-12-12 05:00:00,2018-12-12 05:00,1.06824,0.2032,0.0,0.43667,0.42837,0.23114,0.23114,0.0,0.0
2018-12-12 06:00:00,2018-12-12 06:00,0.73125,0.2032,0.0,0.04309,0.48496,0.23416,0.23416,0.0,-0.0
2018-12-12 07:00:00,2018-12-12 07:00,1.26235,0.2032,0.0,0.42655,0.6326,0.2486,0.2486,0.0,-0.0
2018-12-12 08:00:00,2018-12-12 08:00,1.12295,0.2032,0.0,0.38206,0.53769,0.2348,0.2348,0.0,0.0
2018-12-12 09:00:00,2018-12-12 09:00,0.82261,0.2032,0.0,0.003,0.61641,0.23089,0.23089,0.0,-0.0
2018-12-12 10:00:00,2018-12-12 10:00,0.92946,0.2032,0.0,0.10595,0.62031,0.22333,0.22333,0.0,0.0
2018-12-12 11:00:00,2018-12-12 11:00,1.17331,0.2032,0.0,0.40828,0.56183,0.21446,0.21446,0.0,-0.0
2018-12-12 12:00:00,2018-12-12 12:00,0.73287,0.2032,0.0,0.003,0.52667,0.20836,0.20836,0.0,0.0
2018-12-12 13:00:00,2018-12-12 13:00,1.15136,0.2032,0.0,0.42434,0.52382,0.19981,0.19981,0.0,0.0
2018-12-12 14:00:00,2018-12-12 14:00,0.92962,0.2032,0.0,0.1741,0.55232,0.21229,0.1823,0.0,0.02999
2018-12-12 15:00:00,2018-12-12 15:00,0.79846,0.2032,0.0,0.003,0.59226,0.18973,0.18973,0.0,-0.0
2018-12-12 16:00:00,2018-12-12 16:00,0.79736,0.2032,0.0,0.10643,0.48773,0.19709,0.19709,0.0,0.0
2018-12-12 17:00:00,2018-12-12 17:00,1.16795,0.2032,0.0,0.36753,0.59722,0.1993,0.1993,0.0,0.0
2018-12-12 18:00:00,2018-12-12 18:00,1.04994,0.2032,0.0,0.003,0.84374,0.19663,0.19663,0.0,-0.0
2018-12-12 19:00:00,2018-12-12 19:00,1.44571,0.2032,0.0,0.1074,1.13511,0.21156,0.21156,0.0,-0.0
2018-12-12 20:00:00,2018-12-12 20:00,2.68128,0.2032,0.0,0.43523,2.04285,0.19288,0.19288,0.0,0.0
2018-12-12 21:00:00,2018-12-12 21:00,1.70133,0.2032,0.0,0.08044,1.41769,0.19269,0.19269,0.0,0.0
2018-12-12 22:00:00,2018-12-12 22:00,1.35091,0.2032,0.0,0.003,1.14471,0.19954,0.19954,0.0,-0.0
2018-12-12 23:00:00,2018-12-12 23:00,1.32858,0.2032,0.0,0.42682,0.69856,0.21343,0.21343,0.0,0.0
2018-12-13 00:00:00,2018-12-13 00:00,0.79447,0.2032,0.0,0.0882,0.50307,0.2224,0.2224,0.0,-0.0
2018-12-13 01:00:00,2018-12-13 01:00,0.67238,0.2032,0.0,0.003,0.46618,0.22888,0.22888,0.0,-0.0
2018-12-13 02:00:00,2018-12-13 02:00,0.65409,0.2032,0.0,0.003,0.44789,0.232,0.232,0.0,0.0
2018-12-13 03:00:00,2018-12-13 03:00,0.63516,0.2032,0.0,0.003,0.42896,0.23317,0.23317,0.0,0.0
2018-12-13 04:00:00,2018-12-13 04:00,0.62964,0.2032,0.0,0.003,0.42344,0.23265,0.23265,0.0,0.0
2018-12-13 05:00:00,2018-12-13 05:00,0.62588,0.2032,0.0,0.003,0.41968,0.23668,0.23668,0.0,-0.0
2018-12-13 06:00:00,2018-12-13 06:00,0.73464,0.2032,0.0,0.003,0.52844,0.27933,0.21188,0.0,0.06745
2018-12-13 07:00:00,2018-12-13 07:00,1.20657,0.2032,0.0,0.32305,0.68032,0.25652,0.2303,0.0,0.02622
2018-12-13 08:00:00,2018-12-13 08:00,1.29677,0.2032,0.0,0.4347,0.65887,0.22754,0.22754,0.0,0.0
2018-12-13 09:00:00,2018-12-13 09:00,1.12208,0.2032,0.0,0.42853,0.49035,0.23399,0.23399,0.0,0.0
2018-12-13 10:00:00,2018-12-13 10:00,0.84779,0.2032,0.0,0.20591,0.43868,0.22579,0.22579,0.0,0.0
2018-12-13 11:00:00,2018-12-13 11:00,0.6394,0.2032,0.0,0.003,0.4332,0.21679,0.21679,0.0,-0.0
2018-12-13 12:00:00,2018-12-13 12:00,0.76517,0.2032,0.0,0.003,0.55897,0.20235,0.20235,0.0,-0.0
2018-12-13 13:00:00,2018-12-13 13:00,1.05451,0.2032,0.0,0.3178,0.53351,0.19378,0.19378,0.0,0.0
2018-12-13 14:00:00,2018-12-13 14:00,1.17806,0.2032,0.0,0.43809,0.53677,0.18426,0.18426,0.0,0.0
2018-12-13 15:00:00,2018-12-13 15:00,1.07254,0.2032,0.0,0.19811,0.67123,0.21772,0.15027,0.0,0.06745
2018-12-13 16:00:00,2018-12-13 16:00,0.99591,0.2032,0.0,0.003,0.78971,0.23161,0.11919,0.0,0.11242
2018-12-13 17:00:00,2018-12-13 17:00,1.34882,0.2032,0.0,0.32137,0.82425,0.20145,0.12837,0.0,0.07307
2018-12-13 18:00:00,2018-12-13 18:00,1.1323,0.2032,0.0,0.08536,0.84374,0.16262,0.16262,0.0,0.0
2018-12-13 19:00:00,2018-12-13 19:00,1.18424,0.2032,0.0,0.003,0.97804,0.17581,0.17581,0.0,0.0
2018-12-13 20:00:00,2018-12-13 20:00,1.60807,0.2032,0.0,0.003,1.40187,0.15231,0.15231,0.0,-0.0
2018-12-13 21:00:00,2018-12-13 21:00,1.7912,0.2032,0.0,0.21168,1.37632,0.15556,0.15556,0.0,0.0
2018-12-13 22:00:00,2018-12-13 22:00,1.46907,0.2032,0.0,0.40465,0.86122,0.16862,0.16862,0.0,-0.0
2018-12-13 23:00:00,2018-12-13 23:00,0.91882,0.2032,0.0,0.003,0.71262,0.17519,0.17519,0.0,0.0
2018-12-14 00:00:00,2018-12-14 00:00,0.65591,0.2032,0.0,0.003,0.44971,0.18627,0.18627,0.0,0.0
2018-12-14 01:00:00,2018-12-14 01:00,0.64168,0.2032,0.0,0.003,0.43548,0.19413,0.19413,0.0,0.0
2018-12-14 02:00:00,2018-12-14 02:00,0.63632,0.2032,0.0,0.003,0.43012,0.20018,0.20018,0.0,0.0
2018-12-14 03:00:00,2018-12-14 03:00,0.63516,0.2032,0.0,0.003,0.42896,0.20241,0.20241,0.0,0.0
2018-12-14 04:00:00,2018-12-14 04:00,0.62964,0.2032,0.0,0.003,0.42344,0.20735,0.20735,0.0,0.0
2018-12-14 05:00:00,2018-12-14 05:00,0.6314,0.2032,0.0,0.003,0.4252,0.21445,0.21445,0.0,-0.0
2018-12-14 06:00:00,2018-12-14 06:00,1.121,0.2032,0.0,0.42859,0.48921,0.21815,0.21815,0.0,0.0
2018-12-14 07:00:00,2018-12-14 07:00,1.26456,0.2032,0.0,0.42096,0.6404,0.23736,0.23736,0.0,-0.0
2018-12-14 08:00:00,2018-12-14 08:00,1.27528,0.2032,0.0,0.41453,0.65755,0.24763,0.21765,0.0,0.02999
2018-12-14 09:00:00,2018-12-14 09:00,1.12851,0.2032,0.0,0.43496,0.49035,0.22657,0.22657,0.0,0.0
2018-12-14 10:00:00,2018-12-14 10:00,0.78457,0.2032,0.0,0.14269,0.43868,0.20741,0.20741,0.0,0.0
2018-12-14 11:00:00,2018-12-14 11:00,0.6394,0.2032,0.0,0.003,0.4332,0.19128,0.19128,0.0,-0.0
2018-12-14 12:00:00,2018-12-14 12:00,0.64048,0.2032,0.0,0.003,0.43428,0.1774,0.1774,0.0,0.0
2018-12-14 13:00:00,2018-12-14 13:00,0.97557,0.52247,0.0,0.003,0.4501,0.12163,0.12163,0.0,-0.0
2018-12-14 14:00:00,2018-12-14 14:00,2.07945,1.32241,0.0,0.2203,0.53674,0.0,0.0,0.0,0.0
2018-12-14 15:00:00,2018-12-14 15:00,1.97758,1.19923,0.0,0.29661,0.48174,0.0,0.0,0.0,0.0
2018-12-14 16:00:00,2018-12-14 16:00,1.73762,1.27812,0.0,0.003,0.4565,0.0,0.0,0.0,0.0
2018-12-14 17:00:00,2018-12-14 17:00,0.99672,0.48463,0.0,0.003,0.50909,0.10634,0.10634,0.0,-0.0
2018-12-14 18:00:00,2018-12-14 18:00,0.97381,0.2032,0.0,0.21406,0.55655,0.15489,0.15489,0.0,0.0
2018-12-14 19:00:00,2018-12-14 19:00,1.53295,0.2032,0.0,0.43106,0.89869,0.17271,0.17271,0.0,-0.0
2018-12-14 20:00:00,2018-12-14 20:00,2.1197,0.2032,0.0,0.30999,1.60651,0.15715,0.15715,0.0,-0.0
2018-12-14 21:00:00,2018-12-14 21:00,3.77681,0.2032,0.0,0.003,3.57061,0.17857,0.17857,0.0,-0.0
2018-12-14 22:00:00,2018-12-14 22:00,2.58838,0.2032,0.0,0.003,2.38218,0.17568,0.17568,0.0,0.0
2018-12-14 23:00:00,2018-12-14 23:00,0.81255,0.2032,0.0,0.003,0.60635,0.18266,0.18266,0.0,0.0
2018-12-15 00:00:00,2018-12-15 00:00,0.68946,0.2032,0.0,0.003,0.48326,0.19576,0.19576,0.0,0.0
2018-12-15 01:00:00,2018-12-15 01:00,0.64292,0.2032,0.0,0.003,0.43672,0.2101,0.2101,0.0,0.0
2018-12-15 02:00:00,2018-12-15 02:00,0.74349,0.2032,0.0,0.10889,0.4314,0.21907,0.21907,0.0,0.0
2018-12-15 03:00:00,2018-12-15 03:00,0.88206,0.2032,0.0,0.24866,0.4302,0.22212,0.22212,0.0,0.0
2018-12-15 04:00:00,2018-12-15 04:00,0.63088,0.2032,0.0,0.003,0.42468,0.22763,0.22763,0.0,0.0
2018-12-15 05:00:00,2018-12-15 05:00,0.62712,0.2032,0.0,0.003,0.42092,0.23673,0.23673,0.0,0.0
2018-12-15 06:00:00,2018-12-15 06:00,0.62892,0.2032,0.0,0.003,0.42272,0.23849,0.23849,0.0,0.0
2018-12-15 07:00:00,2018-12-15 07:00,0.71238,0.2032,0.0,0.003,0.50618,0.25782,0.25782,0.0,-0.0
2018-12-15 08:00:00,2018-12-15 08:00,1.03036,0.2032,0.0,0.10911,0.71805,0.23621,0.23621,0.0,0.0
2018-12-15 09:00:00,2018-12-15 09:00,1.45833,0.2032,0.0,0.43074,0.82439,0.22254,0.22254,0.0,-0.0
2018-12-15 10:00:00,2018-12-15 10:00,1.14505,0.2032,0.0,0.08585,0.856,0.19145,0.19145,0.0,0.0
2018-12-15 11:00:00,2018-12-15 11:00,1.37592,0.50258,0.0,0.003,0.87034,0.1181,0.1181,0.0,0.0
2018-12-15 12:00:00,2018-12-15 12:00,2.20243,1.21538,0.0,0.10741,0.87964,0.0,0.0,0.0,0.0
2018-12-15 13:00:00,2018-12-15 13:00,2.24543,1.04955,0.0,0.43674,0.75914,0.0,0.0,0.0,0.0
2018-12-15 14:00:00,2018-12-15 14:00,1.90343,0.95892,0.0,0.24532,0.69919,0.0,0.0,0.0,0.0
2018-12-15 15:00:00,2018-12-15 15:00,1.68875,0.8448,0.0,0.003,0.84095,0.0,0.0,0.0,0.0
2018-12-15 16:00:00,2018-12-15 16:00,1.73964,0.83933,0.0,0.003,0.89731,0.0,0.0,0.0,0.0
2018-12-15 17:00:00,2018-12-15 17:00,2.15634,0.78354,0.0,0.31934,1.05346,0.06745,0.0,0.0,0.06745
2018-12-15 18:00:00,2018-12-15 18:00,2.47868,0.92478,0.0,0.40213,1.15177,0.05808,0.0,0.0,0.05808
2018-12-15 19:00:00,2018-12-15 19:00,2.51412,1.28997,0.0,0.003,1.22115,0.0,0.0,0.0,0.0
2018-12-15 20:00:00,2018-12-15 20:00,2.65106,1.20059,0.0,0.21543,1.23504,0.0,0.0,0.0,0.0
2018-12-15 21:00:00,2018-12-15 21:00,2.90918,1.12814,0.0,0.366,1.41504,0.0,0.0,0.0,0.0
2018-12-15 22:00:00,2018-12-15 22:00,2.40361,1.14663,0.0,0.003,1.25398,0.0,0.0,0.0,0.0
2018-12-15 23:00:00,2018-12-15 23:00,1.99614,1.26776,0.0,0.003,0.72538,0.0,0.0,0.0,0.0
2018-12-16 00:00:00,2018-12-16 00:00,1.86171,1.38927,0.0,0.003,0.46944,0.0,0.0,0.0,0.0
2018-12-16 01:00:00,2018-12-16 01:00,0.95808,0.51836,0.0,0.003,0.43672,0.11531,0.11531,0.0,0.0
2018-12-16 02:00:00,2018-12-16 02:00,0.6376,0.2032,0.0,0.003,0.4314,0.15753,0.15753,0.0,0.0
2018-12-16 03:00:00,2018-12-16 03:00,0.6364,0.2032,0.0,0.003,0.4302,0.16331,0.16331,0.0,0.0
2018-12-16 04:00:00,2018-12-16 04:00,0.73848,0.2032,0.0,0.10917,0.42611,0.16774,0.16774,0.0,0.0
2018-12-16 05:00:00,2018-12-16 05:00,0.95337,0.2032,0.0,0.31326,0.43691,0.17232,0.17232,0.0,0.0
2018-12-16 06:00:00,2018-12-16 06:00,0.76247,0.2032,0.0,0.1076,0.45167,0.17469,0.17469,0.0,0.0
2018-12-16 07:00:00,2018-12-16 07:00,1.14832,0.2032,0.0,0.42465,0.52047,0.19066,0.19066,0.0,0.0
2018-12-16 08:00:00,2018-12-16 08:00,0.92861,0.2032,0.0,0.15633,0.56908,0.17885,0.17885,0.0,0.0
2018-12-16 09:00:00,2018-12-16 09:00,0.89798,0.2032,0.0,0.003,0.69178,0.16973,0.16973,0.0,0.0
2018-12-16 10:00:00,2018-12-16 10:00,2.10968,1.14105,0.0,0.21649,0.75214,0.03951,0.03951,0.0,-0.0
2018-12-16 11:00:00,2018-12-16 11:00,2.44756,1.24345,0.0,0.44273,0.76138,0.0,0.0,0.0,0.0
2018-12-16 12:00:00,2018-12-16 12:00,1.78398,0.91587,0.0,0.08848,0.77963,0.01124,0.0,0.0,0.01124
2018-12-16 13:00:00,2018-12-16 13:00,1.45583,0.60755,0.0,0.003,0.84528,0.05059,0.0,0.0,0.05059
2018-12-16 14:00:00,2018-12-16 14:00,2.19115,0.65895,0.0,0.31049,1.22171,0.0,0.0,0.0,0.0
2018-12-16 15:00:00,2018-12-16 15:00,4.13515,0.68481,0.0,0.43045,3.01989,0.01124,0.0,0.0,0.01124
2018-12-16 16:00:00,2018-12-16 16:00,3.80254,0.5309,0.0,0.14853,3.12311,0.05059,0.0,0.0,0.05059
2018-12-16 17:00:00,2018-12-16 17:00,3.23004,0.75581,0.0,0.10933,2.3649,0.0,0.0,0.0,0.0
2018-12-16 18:00:00,2018-12-16 18:00,2.25514,0.89664,0.0,0.38707,0.97143,0.01124,0.0,0.0,0.01124
2018-12-16 19:00:00,2018-12-16 19:00,2.46328,1.01835,0.0,0.003,1.44193,0.01875,0.0,0.0,0.01875
2018-12-16 20:00:00,2018-12-16 20:00,2.52289,1.03067,0.0,0.003,1.48922,0.0,0.0,0.0,0.0
2018-12-16 21:00:00,2018-12-16 21:00,1.65865,0.2032,0.0,0.003,1.45245,0.1135,0.1135,0.0,0.0
2018-12-16 22:00:00,2018-12-16 22:00,1.67326,0.2032,0.0,0.32206,1.148,0.12466,0.12466,0.0,-0.0
2018-12-16 23:00:00,2018-12-16 23:00,1.21424,0.2032,0.0,0.27856,0.73248,0.13455,0.13455,0.0,-0.0
2018-12-17 00:00:00,2018-12-17 00:00,0.77576,0.2032,0.0,0.003,0.56956,0.14547,0.14547,0.0,0.0
2018-12-17 01:00:00,2018-12-17 01:00,0.64168,0.2032,0.0,0.003,0.43548,0.15955,0.15955,0.0,0.0
2018-12-17 02:00:00,2018-12-17 02:00,0.63632,0.2032,0.0,0.003,0.43012,0.17064,0.17064,0.0,0.0
2018-12-17 03:00:00,2018-12-17 03:00,0.63516,0.2032,0.0,0.003,0.42896,0.17538,0.17538,0.0,0.0
2018-12-17 04:00:00,2018-12-17 04:00,0.62964,0.2032,0.0,0.003,0.42344,0.18073,0.18073,0.0,-0.0
2018-12-17 05:00:00,2018-12-17 05:00,0.62588,0.2032,0.0,0.003,0.41968,0.18862,0.18862,0.0,0.0
2018-12-17 06:00:00,2018-12-17 06:00,0.62768,0.2032,0.0,0.003,0.42148,0.19483,0.19483,0.0,0.0
2018-12-17 07:00:00,2018-12-17 07:00,0.72638,0.2032,0.0,0.003,0.52018,0.21742,0.21742,0.0,0.0
2018-12-17 08:00:00,2018-12-17 08:00,1.14555,0.2032,0.0,0.43268,0.50967,0.20837,0.20837,0.0,-0.0
2018-12-17 09:00:00,2018-12-17 09:00,0.96465,0.2032,0.0,0.26248,0.49897,0.20318,0.20318,0.0,0.0
2018-12-17 10:00:00,2018-12-17 10:00,0.66522,0.2032,0.0,0.003,0.45902,0.19346,0.18221,0.0,0.01124
2018-12-17 11:00:00,2018-12-17 11:00,0.75008,0.2032,0.0,0.003,0.54388,0.17481,0.15606,0.0,0.01875
2018-12-17 12:00:00,2018-12-17 12:00,0.96076,0.2032,0.0,0.10786,0.6497,0.18584,0.11838,0.0,0.06745
2018-12-17 13:00:00,2018-12-17 13:00,1.37372,0.2032,0.0,0.43155,0.73897,0.19255,0.08013,0.0,0.11242
2018-12-17 14:00:00,2018-12-17 14:00,1.63035,0.4014,0.0,0.29932,0.92963,0.14522,0.0328,0.0,0.11242
2018-12-17 15:00:00,2018-12-17 15:00,3.28824,0.758,0.0,0.003,2.52724,0.08805,0.0,0.0,0.08805
2018-12-17 16:00:00,2018-12-17 16:00,3.75419,1.08663,0.0,0.32111,2.34645,0.0,0.0,0.0,0.0
2018-12-17 17:00:00,2018-12-17 17:00,1.55214,0.2032,0.0,0.32817,1.02077,0.12601,0.12601,0.0,0.0
2018-12-17 18:00:00,2018-12-17 18:00,3.11813,0.2032,0.0,0.1072,2.80773,0.15996,0.15996,0.0,0.0
2018-12-17 19:00:00,2018-12-17 19:00,2.59523,0.2032,0.0,0.43384,1.95819,0.18046,0.18046,0.0,0.0
2018-12-17 20:00:00,2018-12-17 20:00,1.82426,0.2032,0.0,0.43656,1.1845,0.14979,0.14979,0.0,0.0
2018-12-17 21:00:00,2018-12-17 21:00,1.81818,0.2032,0.0,0.19729,1.41769,0.15079,0.15079,0.0,0.0
2018-12-17 22:00:00,2018-12-17 22:00,1.36493,0.2032,0.0,0.003,1.15873,0.15617,0.15617,0.0,0.0
2018-12-17 23:00:00,2018-12-17 23:00,1.32947,0.2032,0.0,0.003,1.12327,0.16609,0.16609,0.0,-0.0
2018-12-18 00:00:00,2018-12-18 00:00,2.79884,0.2032,0.0,0.003,2.59264,0.19606,0.19606,0.0,-0.0
2018-12-18 01:00:00,2018-12-18 01:00,1.2158,0.2032,0.0,0.003,1.0096,0.1835,0.1835,0.0,0.0
2018-12-18 02:00:00,2018-12-18 02:00,0.63632,0.2032,0.0,0.003,0.43012,0.17973,0.17973,0.0,0.0
2018-12-18 03:00:00,2018-12-18 03:00,0.63516,0.2032,0.0,0.003,0.42896,0.18004,0.18004,0.0,0.0
2018-12-18 04:00:00,2018-12-18 04:00,0.62964,0.2032,0.0,0.003,0.42344,0.18279,0.18279,0.0,0.0
2018-12-18 05:00:00,2018-12-18 05:00,0.84734,0.2032,0.0,0.21702,0.42712,0.17815,0.17815,0.0,-0.0
2018-12-18 06:00:00,2018-12-18 06:00,0.82777,0.2032,0.0,0.19629,0.42828,0.17569,0.17569,0.0,0.0
2018-12-18 07:00:00,2018-12-18 07:00,0.71202,0.2032,0.0,0.003,0.50582,0.18899,0.18899,0.0,-0.0
2018-12-18 08:00:00,2018-12-18 08:00,0.66825,0.2032,0.0,0.003,0.46205,0.18104,0.18104,0.0,0.0
2018-12-18 09:00:00,2018-12-18 09:00,1.23719,0.54831,0.0,0.21516,0.47372,0.1326,0.1326,0.0,-0.0
2018-12-18 10:00:00,2018-12-18 10:00,2.49771,1.50932,0.0,0.43639,0.552,0.0,0.0,0.0,0.0
2018-12-18 11:00:00,2018-12-18 11:00,2.17423,1.4339,0.0,0.1923,0.54803,0.0,0.0,0.0,0.0
2018-12-18 12:00:00,2018-12-18 12:00,1.6872,1.15757,0.0,0.003,0.52663,0.0,0.0,0.0,0.0
2018-12-18 13:00:00,2018-12-18 13:00,1.52461,0.98814,0.0,0.003,0.53347,0.0,0.0,0.0,0.0
2018-12-18 14:00:00,2018-12-18 14:00,1.6652,0.91507,0.0,0.21339,0.53674,0.0,0.0,0.0,0.0
2018-12-18 15:00:00,2018-12-18 15:00,1.61931,0.91855,0.0,0.21903,0.48173,0.0,0.0,0.0,0.0
2018-12-18 16:00:00,2018-12-18 16:00,1.52974,1.08478,0.0,0.003,0.44196,0.0,0.0,0.0,0.0
2018-12-18 17:00:00,2018-12-18 17:00,1.84503,1.26344,0.0,0.003,0.57859,0.0,0.0,0.0,0.0
2018-12-18 18:00:00,2018-12-18 18:00,2.33483,1.294,0.0,0.31751,0.72332,0.0,0.0,0.0,0.0
2018-12-18 19:00:00,2018-12-18 19:00,2.95855,1.38168,0.0,0.43368,1.14319,0.0,0.0,0.0,0.0
2018-12-18 20:00:00,2018-12-18 20:00,2.89936,1.28952,0.0,0.41323,1.19661,0.0,0.0,0.0,0.0
2018-12-18 21:00:00,2018-12-18 21:00,3.80097,1.37881,0.0,0.43888,1.98328,0.0,0.0,0.0,0.0
2018-12-18 22:00:00,2018-12-18 22:00,3.71782,0.2032,0.0,0.28284,3.23178,0.14353,0.14353,0.0,-0.0
2018-12-18 23:00:00,2018-12-18 23:00,1.66185,0.52026,0.0,0.003,1.13859,0.10602,0.10602,0.0,0.0
2018-12-19 00:00:00,2018-12-19 00:00,1.92146,1.47874,0.0,0.003,0.43972,0.0,0.0,0.0,0.0
2018-12-19 01:00:00,2018-12-19 01:00,0.64168,0.2032,0.0,0.003,0.43548,0.14821,0.14821,0.0,0.0
2018-12-19 02:00:00,2018-12-19 02:00,0.63632,0.2032,0.0,0.003,0.43012,0.15377,0.15377,0.0,0.0
2018-12-19 03:00:00,2018-12-19 03:00,0.63516,0.2032,0.0,0.003,0.42896,0.15234,0.15234,0.0,0.0
2018-12-19 04:00:00,2018-12-19 04:00,0.62964,0.2032,0.0,0.003,0.42344,0.15283,0.15283,0.0,-0.0
2018-12-19 05:00:00,2018-12-19 05:00,0.95884,0.53617,0.0,0.003,0.41967,0.11448,0.11448,0.0,0.0
2018-12-19 06:00:00,2018-12-19 06:00,1.98066,1.53353,0.0,0.003,0.44413,0.01124,0.0,0.0,0.01124
2018-12-19 07:00:00,2018-12-19 07:00,2.39477,1.47108,0.0,0.32901,0.59468,0.05059,0.0,0.0,0.05059
2018-12-19 08:00:00,2018-12-19 08:00,2.22871,1.52455,0.0,0.18685,0.51731,0.0,0.0,0.0,0.0
2018-12-19 09:00:00,2018-12-19 09:00,2.37509,1.52682,0.0,0.31873,0.52954,0.0,0.0,0.0,0.0
2018-12-19 10:00:00,2018-12-19 10:00,2.40586,1.53078,0.0,0.34586,0.52922,0.0,0.0,0.0,0.0
2018-12-19 11:00:00,2018-12-19 11:00,1.66459,1.13649,0.0,0.003,0.5251,0.0,0.0,0.0,0.0
2018-12-19 12:00:00,2018-12-19 12:00,1.68643,1.2031,0.0,0.003,0.48033,0.0,0.0,0.0,0.0
2018-12-19 13:00:00,2018-12-19 13:00,2.31692,1.37414,0.0,0.43259,0.51019,0.0,0.0,0.0,0.0
2018-12-19 14:00:00,2018-12-19 14:00,2.08979,1.30095,0.0,0.262,0.52684,0.0,0.0,0.0,0.0
2018-12-19 15:00:00,2018-12-19 15:00,1.75551,1.31042,0.0,0.003,0.44209,0.0,0.0,0.0,0.0
2018-12-19 16:00:00,2018-12-19 16:00,1.95939,1.31242,0.0,0.10457,0.5424,0.0,0.0,0.0,0.0
2018-12-19 17:00:00,2018-12-19 17:00,2.53565,1.39049,0.0,0.41605,0.72911,0.0,0.0,0.0,0.0
2018-12-19 18:00:00,2018-12-19 18:00,2.14806,0.8341,0.0,0.44826,0.8657,0.06455,0.06455,0.0,0.0
2018-12-19 19:00:00,2018-12-19 19:00,1.25803,0.2032,0.0,0.01291,1.04192,0.14127,0.14127,0.0,0.0
2018-12-19 20:00:00,2018-12-19 20:00,1.47832,0.2032,0.0,0.32004,0.95508,0.13096,0.13096,0.0,0.0
2018-12-19 21:00:00,2018-12-19 21:00,1.7112,0.2032,0.0,0.32883,1.17917,0.18863,0.09307,0.0,0.09556
2018-12-19 22:00:00,2018-12-19 22:00,1.28397,0.2032,0.0,0.003,1.07777,0.14209,0.11211,0.0,0.02998
2018-12-19 23:00:00,2018-12-19 23:00,0.69963,0.2032,0.0,0.003,0.49343,0.14021,0.14021,0.0,0.0
2018-12-20 00:00:00,2018-12-20 00:00,0.64592,0.2032,0.0,0.003,0.43972,0.1469,0.1469,0.0,0.0
2018-12-20 01:00:00,2018-12-20 01:00,0.64168,0.2032,0.0,0.003,0.43548,0.15103,0.15103,0.0,-0.0
2018-12-20 02:00:00,2018-12-20 02:00,0.63632,0.2032,0.0,0.003,0.43012,0.15206,0.15206,0.0,0.0
2018-12-20 03:00:00,2018-12-20 03:00,1.29879,0.86684,0.0,0.003,0.42895,0.07549,0.07549,0.0,0.0
2018-12-20 04:00:00,2018-12-20 04:00,1.95707,1.53077,0.0,0.003,0.4233,0.0,0.0,0.0,0.0
2018-12-20 05:00:00,2018-12-20 05:00,1.94975,1.52742,0.0,0.003,0.41933,0.0,0.0,0.0,0.0
2018-12-20 06:00:00,2018-12-20 06:00,2.2963,1.52006,0.0,0.32987,0.44637,0.0,0.0,0.0,0.0
2018-12-20 07:00:00,2018-12-20 07:00,2.51847,1.50764,0.0,0.41638,0.59445,0.0,0.0,0.0,0.0
2018-12-20 08:00:00,2018-12-20 08:00,2.54853,1.50693,0.0,0.41569,0.62591,0.04123,0.0,0.0,0.04123
2018-12-20 09:00:00,2018-12-20 09:00,1.91122,0.53,0.0,0.44265,0.93857,0.19384,0.14325,0.0,0.05059
2018-12-20 10:00:00,2018-12-20 10:00,2.01074,0.2032,0.0,0.25316,1.55438,0.18467,0.18467,0.0,0.0
2018-12-20 11:00:00,2018-12-20 11:00,1.21771,0.2032,0.0,0.003,1.01151,0.17701,0.17701,0.0,0.0
2018-12-20 12:00:00,2018-12-20 12:00,1.14512,0.2032,0.0,0.32249,0.61943,0.17795,0.17795,0.0,0.0
2018-12-20 13:00:00,2018-12-20 13:00,0.99927,0.2032,0.0,0.28155,0.51452,0.18224,0.18224,0.0,-0.0
2018-12-20 14:00:00,2018-12-20 14:00,0.64692,0.2032,0.0,0.003,0.44072,0.19673,0.19673,0.0,0.0
2018-12-20 15:00:00,2018-12-20 15:00,0.64832,0.2032,0.0,0.003,0.44212,0.19864,0.19864,0.0,-0.0
2018-12-20 16:00:00,2018-12-20 16:00,0.66274,0.2032,0.0,0.003,0.45654,0.19077,0.19077,0.0,0.0
2018-12-20 17:00:00,2018-12-20 17:00,0.80668,0.2032,0.0,0.003,0.60048,0.1911,0.1911,0.0,-0.0
2018-12-20 18:00:00,2018-12-20 18:00,0.86101,0.2032,0.0,0.003,0.65481,0.19294,0.19294,0.0,0.0
2018-12-20 19:00:00,2018-12-20 19:00,1.58699,0.2032,0.0,0.32873,1.05506,0.19878,0.19878,0.0,0.0
2018-12-20 20:00:00,2018-12-20 20:00,1.69765,0.2032,0.0,0.29782,1.19663,0.17616,0.17616,0.0,-0.0
2018-12-20 21:00:00,2018-12-20 21:00,1.3655,0.2032,0.0,0.003,1.1593,0.1802,0.1802,0.0,-0.0
2018-12-20 22:00:00,2018-12-20 22:00,1.05328,0.2032,0.0,0.003,0.84708,0.19196,0.19196,0.0,-0.0
2018-12-20 23:00:00,2018-12-20 23:00,0.79128,0.2032,0.0,0.003,0.58508,0.20191,0.20191,0.0,-0.0
2018-12-21 00:00:00,2018-12-21 00:00,0.70604,0.2032,0.0,0.003,0.49984,0.20558,0.20558,0.0,0.0
2018-12-21 01:00:00,2018-12-21 01:00,0.64168,0.2032,0.0,0.003,0.43548,0.2047,0.2047,0.0,-0.0
2018-12-21 02:00:00,2018-12-21 02:00,0.63632,0.2032,0.0,0.003,0.43012,0.21788,0.21788,0.0,0.0
2018-12-21 03:00:00,2018-12-21 03:00,0.63516,0.2032,0.0,0.003,0.42896,0.22139,0.22139,0.0,0.0
2018-12-21 04:00:00,2018-12-21 04:00,0.63108,0.2032,0.0,0.003,0.42488,0.21899,0.21899,0.0,-0.0
2018-12-21 05:00:00,2018-12-21 05:00,1.01287,0.2032,0.0,0.3802,0.42947,0.22106,0.22106,0.0,0.0
2018-12-21 06:00:00,2018-12-21 06:00,0.63337,0.2032,0.0,0.003,0.42717,0.22872,0.22872,0.0,0.0
2018-12-21 07:00:00,2018-12-21 07:00,0.73515,0.2032,0.0,0.003,0.52895,0.23993,0.23993,0.0,0.0
2018-12-21 08:00:00,2018-12-21 08:00,1.06202,0.2032,0.0,0.21293,0.64589,0.23696,0.20697,0.0,0.02999
2018-12-21 09:00:00,2018-12-21 09:00,1.24899,0.2032,0.0,0.42938,0.61641,0.22715,0.22715,0.0,-0.0
2018-12-21 10:00:00,2018-12-21 10:00,1.10801,0.2032,0.0,0.39362,0.51119,0.23327,0.23327,0.0,-0.0
2018-12-21 11:00:00,2018-12-21 11:00,0.6394,0.2032,0.0,0.003,0.4332,0.234,0.234,0.0,0.0
2018-12-21 12:00:00,2018-12-21 12:00,0.64048,0.2032,0.0,0.003,0.43428,0.23206,0.23206,0.0,-0.0
2018-12-21 13:00:00,2018-12-21 13:00,0.67948,0.2032,0.0,0.003,0.47328,0.22532,0.22532,0.0,0.0
2018-12-21 14:00:00,2018-12-21 14:00,0.71897,0.2032,0.0,0.003,0.51277,0.21854,0.21854,0.0,-0.0
2018-12-21 15:00:00,2018-12-21 15:00,1.11578,0.2032,0.0,0.43081,0.48177,0.2197,0.2197,0.0,0.0
2018-12-21 16:00:00,2018-12-21 16:00,0.64816,0.2032,0.0,0.003,0.44196,0.22152,0.22152,0.0,0.0
2018-12-21 17:00:00,2018-12-21 17:00,0.65688,0.2032,0.0,0.003,0.45068,0.22243,0.22243,0.0,0.0
2018-12-21 18:00:00,2018-12-21 18:00,0.87736,0.2032,0.0,0.003,0.67116,0.22485,0.22485,0.0,-0.0
2018-12-21 19:00:00,2018-12-21 19:00,1.44998,0.2032,0.0,0.003,1.24378,0.27481,0.20736,0.0,0.06745
2018-12-21 20:00:00,2018-12-21 20:00,1.76756,0.2032,0.0,0.31749,1.24687,0.22335,0.19713,0.0,0.02622
2018-12-21 21:00:00,2018-12-21 21:00,2.19599,0.2032,0.0,0.38113,1.61166,0.20174,0.20174,0.0,0.0
2018-12-21 22:00:00,2018-12-21 22:00,2.43349,0.2032,0.0,0.003,2.22729,0.22357,0.22357,0.0,-0.0
2018-12-21 23:00:00,2018-12-21 23:00,0.79128,0.2032,0.0,0.003,0.58508,0.22024,0.22024,0.0,0.0
2018-12-22 00:00:00,2018-12-22 00:00,0.70616,0.2032,0.0,0.003,0.49996,0.22109,0.22109,0.0,0.0
2018-12-22 01:00:00,2018-12-22 01:00,0.64292,0.2032,0.0,0.003,0.43672,0.22446,0.22446,0.0,0.0
2018-12-22 02:00:00,2018-12-22 02:00,0.6376,0.2032,0.0,0.003,0.4314,0.22872,0.22872,0.0,0.0
2018-12-22 03:00:00,2018-12-22 03:00,0.6364,0.2032,0.0,0.003,0.4302,0.23531,0.23531,0.0,0.0
2018-12-22 04:00:00,2018-12-22 04:00,0.63088,0.2032,0.0,0.003,0.42468,0.23901,0.23901,0.0,0.0
2018-12-22 05:00:00,2018-12-22 05:00,0.62712,0.2032,0.0,0.003,0.42092,0.23431,0.23431,0.0,-0.0
2018-12-22 06:00:00,2018-12-22 06:00,0.74188,0.2032,0.0,0.11048,0.4282,0.23112,0.23112,0.0,0.0
2018-12-22 07:00:00,2018-12-22 07:00,1.15097,0.2032,0.0,0.4273,0.52047,0.24736,0.24736,0.0,0.0
2018-12-22 08:00:00,2018-12-22 08:00,1.22671,0.2032,0.0,0.44145,0.58206,0.26994,0.20811,0.0,0.06183
2018-12-22 09:00:00,2018-12-22 09:00,0.82771,0.2032,0.0,0.06467,0.55984,0.22132,0.22132,0.0,0.0
2018-12-22 10:00:00,2018-12-22 10:00,0.95836,0.2032,0.0,0.003,0.75216,0.21559,0.21559,0.0,-0.0
2018-12-22 11:00:00,2018-12-22 11:00,1.48791,0.2032,0.0,0.31844,0.96627,0.21126,0.21126,0.0,-0.0
2018-12-22 12:00:00,2018-12-22 12:00,3.26878,0.2032,0.0,0.2895,2.77608,0.22364,0.22364,0.0,0.0
2018-12-22 13:00:00,2018-12-22 13:00,2.21466,0.2032,0.0,0.003,2.00846,0.21052,0.21052,0.0,0.0
2018-12-22 14:00:00,2018-12-22 14:00,1.06271,0.2032,0.0,0.003,0.85651,0.19705,0.19705,0.0,-0.0
2018-12-22 15:00:00,2018-12-22 15:00,1.2566,0.2032,0.0,0.21241,0.84099,0.19326,0.19326,0.0,0.0
2018-12-22 16:00:00,2018-12-22 16:00,1.6255,0.2032,0.0,0.43286,0.98944,0.18805,0.18805,0.0,0.0
2018-12-22 17:00:00,2018-12-22 17:00,1.4645,0.2032,0.0,0.0975,1.1638,0.18069,0.18069,0.0,0.0
2018-12-22 18:00:00,2018-12-22 18:00,1.53885,0.2032,0.0,0.003,1.33265,0.19703,0.16705,0.0,0.02999
2018-12-22 19:00:00,2018-12-22 19:00,1.84945,0.2032,0.0,0.21312,1.43313,0.19275,0.19275,0.0,-0.0
2018-12-22 20:00:00,2018-12-22 20:00,1.86621,0.2032,0.0,0.42794,1.23507,0.18617,0.18617,0.0,-0.0
2018-12-22 21:00:00,2018-12-22 21:00,1.6016,0.2032,0.0,0.17064,1.22776,0.18673,0.18673,0.0,0.0
2018-12-22 22:00:00,2018-12-22 22:00,1.47494,0.2032,0.0,0.003,1.26874,0.18521,0.18521,0.0,0.0
2018-12-22 23:00:00,2018-12-22 23:00,0.98369,0.2032,0.0,0.003,0.77749,0.19441,0.19441,0.0,0.0
2018-12-23 00:00:00,2018-12-23 00:00,0.6472,0.2032,0.0,0.003,0.441,0.20304,0.20304,0.0,-0.0
2018-12-23 01:00:00,2018-12-23 01:00,0.64292,0.2032,0.0,0.003,0.43672,0.20183,0.20183,0.0,0.0
2018-12-23 02:00:00,2018-12-23 02:00,0.6376,0.2032,0.0,0.003,0.4314,0.20665,0.20665,0.0,0.0
2018-12-23 03:00:00,2018-12-23 03:00,0.6364,0.2032,0.0,0.003,0.4302,0.21271,0.21271,0.0,-0.0
2018-12-23 04:00:00,2018-12-23 04:00,0.9588,0.2032,0.0,0.33092,0.42468,0.2135,0.2135,0.0,0.0
2018-12-23 05:00:00,2018-12-23 05:00,0.64356,0.2032,0.0,0.01692,0.42344,0.21699,0.21699,0.0,0.0
2018-12-23 06:00:00,2018-12-23 06:00,0.65787,0.2032,0.0,0.003,0.45167,0.21979,0.21979,0.0,0.0
2018-12-23 07:00:00,2018-12-23 07:00,0.73465,0.2032,0.0,0.003,0.52845,0.24735,0.24735,0.0,-0.0
2018-12-23 08:00:00,2018-12-23 08:00,0.8069,0.2032,0.0,0.003,0.6007,0.24422,0.24422,0.0,0.0
2018-12-23 09:00:00,2018-12-23 09:00,0.88715,0.2032,0.0,0.10917,0.57478,0.25191,0.24067,0.0,0.01124
2018-12-23 10:00:00,2018-12-23 10:00,1.11695,0.2032,0.0,0.24708,0.66667,0.24369,0.22494,0.0,0.01875
2018-12-23 11:00:00,2018-12-23 11:00,0.98731,0.2032,0.0,0.003,0.78111,0.23442,0.23442,0.0,0.0
2018-12-23 12:00:00,2018-12-23 12:00,2.98228,0.2032,0.0,0.003,2.77608,0.24883,0.24883,0.0,-0.0
2018-12-23 13:00:00,2018-12-23 13:00,2.27648,0.2032,0.0,0.003,2.07028,0.28005,0.21822,0.0,0.06183
2018-12-23 14:00:00,2018-12-23 14:00,1.13639,0.2032,0.0,0.003,0.93019,0.22989,0.22989,0.0,0.0
2018-12-23 15:00:00,2018-12-23 15:00,1.608,0.2032,0.0,0.43155,0.97325,0.22334,0.22334,0.0,0.0
2018-12-23 16:00:00,2018-12-23 16:00,1.366,0.2032,0.0,0.11361,1.04919,0.22355,0.22355,0.0,0.0
2018-12-23 17:00:00,2018-12-23 17:00,1.30573,0.2032,0.0,0.003,1.09953,0.22212,0.22212,0.0,-0.0
2018-12-23 18:00:00,2018-12-23 18:00,1.40405,0.2032,0.0,0.10715,1.0937,0.23125,0.23125,0.0,0.0
2018-12-23 19:00:00,2018-12-23 19:00,1.84558,0.2032,0.0,0.4212,1.22118,0.25168,0.25168,0.0,0.0
2018-12-23 20:00:00,2018-12-23 20:00,1.54339,0.2032,0.0,0.10512,1.23507,0.22847,0.22847,0.0,0.0
2018-12-23 21:00:00,2018-12-23 21:00,1.82731,0.2032,0.0,0.40631,1.2178,0.24049,0.22925,0.0,0.01124
2018-12-23 22:00:00,2018-12-23 22:00,1.18208,0.2032,0.0,0.003,0.97588,0.25911,0.24037,0.0,0.01875
2018-12-23 23:00:00,2018-12-23 23:00,0.81356,0.2032,0.0,0.003,0.60736,0.25531,0.25531,0.0,0.0
2018-12-24 00:00:00,2018-12-24 00:00,0.65021,0.2032,0.0,0.003,0.44401,0.25745,0.25745,0.0,0.0
2018-12-24 01:00:00,2018-12-24 01:00,1.06506,0.2032,0.0,0.39769,0.46417,0.26168,0.26168,0.0,0.0
2018-12-24 02:00:00,2018-12-24 02:00,0.63632,0.2032,0.0,0.003,0.43012,0.27278,0.27278,0.0,0.0
2018-12-24 03:00:00,2018-12-24 03:00,0.63516,0.2032,0.0,0.003,0.42896,0.28195,0.28195,0.0,-0.0
2018-12-24 04:00:00,2018-12-24 04:00,0.62964,0.2032,0.0,0.003,0.42344,0.29001,0.29001,0.0,0.0
2018-12-24 05:00:00,2018-12-24 05:00,0.63222,0.2032,0.0,0.003,0.42602,0.29152,0.29152,0.0,0.0
2018-12-24 06:00:00,2018-12-24 06:00,0.76889,0.2032,0.0,0.10765,0.45804,0.30204,0.30204,0.0,0.0
2018-12-24 07:00:00,2018-12-24 07:00,1.30078,0.2032,0.0,0.43303,0.66455,0.3462,0.30686,0.0,0.03935
2018-12-24 08:00:00,2018-12-24 08:00,1.41341,0.2032,0.0,0.42617,0.78404,0.34238,0.25619,0.0,0.08619
2018-12-24 09:00:00,2018-12-24 09:00,0.98316,0.2032,0.0,0.2068,0.57316,0.28919,0.28919,0.0,0.0
2018-12-24 10:00:00,2018-12-24 10:00,0.77194,0.2032,0.0,0.003,0.56574,0.27731,0.27731,0.0,-0.0
2018-12-24 11:00:00,2018-12-24 11:00,0.65311,0.2032,0.0,0.003,0.44691,0.26496,0.26496,0.0,0.0
2018-12-24 12:00:00,2018-12-24 12:00,0.64048,0.2032,0.0,0.003,0.43428,0.24962,0.24962,0.0,0.0
2018-12-24 13:00:00,2018-12-24 13:00,0.6468,0.2032,0.0,0.003,0.4406,0.23064,0.23064,0.0,-0.0
2018-12-24 14:00:00,2018-12-24 14:00,0.64692,0.2032,0.0,0.003,0.44072,0.21491,0.21491,0.0,0.0
2018-12-24 15:00:00,2018-12-24 15:00,0.64832,0.2032,0.0,0.003,0.44212,0.19703,0.19703,0.0,0.0
2018-12-24 16:00:00,2018-12-24 16:00,0.90053,0.2032,0.0,0.21215,0.48518,0.19595,0.19595,0.0,0.0
2018-12-24 17:00:00,2018-12-24 17:00,1.30509,0.2032,0.0,0.43481,0.66708,0.22709,0.19711,0.0,0.02999
2018-12-24 18:00:00,2018-12-24 18:00,0.98664,0.2032,0.0,0.0601,0.72334,0.21781,0.21781,0.0,-0.0
2018-12-24 19:00:00,2018-12-24 19:00,1.29436,0.2032,0.0,0.003,1.08816,0.22756,0.22756,0.0,0.0
2018-12-24 20:00:00,2018-12-24 20:00,1.69514,0.2032,0.0,0.21091,1.28103,0.20568,0.20568,0.0,-0.0
2018-12-24 21:00:00,2018-12-24 21:00,1.96888,0.2032,0.0,0.36862,1.39706,0.20505,0.20505,0.0,0.0
2018-12-24 22:00:00,2018-12-24 22:00,1.254,0.2032,0.0,0.003,1.0478,0.21601,0.21601,0.0,-0.0
2018-12-24 23:00:00,2018-12-24 23:00,0.91882,0.2032,0.0,0.003,0.71262,0.22946,0.22946,0.0,-0.0
2018-12-25 00:00:00,2018-12-25 00:00,1.12776,0.2032,0.0,0.42472,0.49984,0.23608,0.23608,0.0,-0.0
2018-12-25 01:00:00,2018-12-25 01:00,0.64168,0.2032,0.0,0.003,0.43548,0.24439,0.24439,0.0,0.0
2018-12-25 02:00:00,2018-12-25 02:00,0.63632,0.2032,0.0,0.003,0.43012,0.25076,0.25076,0.0,0.0
2018-12-25 03:00:00,2018-12-25 03:00,0.63516,0.2032,0.0,0.003,0.42896,0.25633,0.25633,0.0,0.0
2018-12-25 04:00:00,2018-12-25 04:00,0.62964,0.2032,0.0,0.003,0.42344,0.25648,0.25648,0.0,-0.0
2018-12-25 05:00:00,2018-12-25 05:00,0.63897,0.2032,0.0,0.003,0.43277,0.25029,0.25029,0.0,0.0
2018-12-25 06:00:00,2018-12-25 06:00,1.10755,0.2032,0.0,0.42671,0.47764,0.24974,0.24974,0.0,-0.0
2018-12-25 07:00:00,2018-12-25 07:00,1.26317,0.2032,0.0,0.42908,0.63089,0.2795,0.24951,0.0,0.02999
2018-12-25 08:00:00,2018-12-25 08:00,1.27078,0.2032,0.0,0.42356,0.64402,0.24073,0.24073,0.0,0.0
2018-12-25 09:00:00,2018-12-25 09:00,1.25117,0.2032,0.0,0.41857,0.6294,0.23732,0.23732,0.0,-0.0
2018-12-25 10:00:00,2018-12-25 10:00,1.0739,0.2032,0.0,0.33693,0.53377,0.22909,0.22909,0.0,0.0
2018-12-25 11:00:00,2018-12-25 11:00,0.64857,0.2032,0.0,0.003,0.44237,0.2267,0.2267,0.0,0.0
2018-12-25 12:00:00,2018-12-25 12:00,0.67721,0.2032,0.0,0.003,0.47101,0.21928,0.21928,0.0,0.0
2018-12-25 13:00:00,2018-12-25 13:00,0.6468,0.2032,0.0,0.003,0.4406,0.21821,0.21821,0.0,-0.0
2018-12-25 14:00:00,2018-12-25 14:00,0.64692,0.2032,0.0,0.003,0.44072,0.21822,0.21822,0.0,0.0
2018-12-25 15:00:00,2018-12-25 15:00,0.65975,0.2032,0.0,0.003,0.45355,0.21736,0.21736,0.0,0.0
2018-12-25 16:00:00,2018-12-25 16:00,1.19385,0.2032,0.0,0.43104,0.55961,0.21467,0.21467,0.0,-0.0
2018-12-25 17:00:00,2018-12-25 17:00,1.24026,0.2032,0.0,0.43658,0.60048,0.21808,0.21808,0.0,-0.0
2018-12-25 18:00:00,2018-12-25 18:00,1.11368,0.2032,0.0,0.01052,0.89996,0.25057,0.18874,0.0,0.06183
2018-12-25 19:00:00,2018-12-25 19:00,1.39376,0.2032,0.0,0.003,1.18756,0.21974,0.2085,0.0,0.01124
2018-12-25 20:00:00,2018-12-25 20:00,1.24028,0.2032,0.0,0.003,1.03408,0.21229,0.19354,0.0,0.01875
2018-12-25 21:00:00,2018-12-25 21:00,1.7552,0.2032,0.0,0.3117,1.2403,0.19819,0.19819,0.0,-0.0
2018-12-25 22:00:00,2018-12-25 22:00,1.53329,0.2032,0.0,0.38601,0.94408,0.20106,0.20106,0.0,-0.0
2018-12-25 23:00:00,2018-12-25 23:00,0.91882,0.2032,0.0,0.003,0.71262,0.20798,0.20798,0.0,0.0
2018-12-26 00:00:00,2018-12-26 00:00,0.70927,0.2032,0.0,0.003,0.50307,0.21787,0.21787,0.0,0.0
2018-12-26 01:00:00,2018-12-26 01:00,0.65441,0.2032,0.0,0.003,0.44821,0.22241,0.22241,0.0,0.0
2018-12-26 02:00:00,2018-12-26 02:00,0.63632,0.2032,0.0,0.003,0.43012,0.22526,0.22526,0.0,0.0
2018-12-26 03:00:00,2018-12-26 03:00,0.63516,0.2032,0.0,0.003,0.42896,0.22982,0.22982,0.0,0.0
2018-12-26 04:00:00,2018-12-26 04:00,0.7363,0.2032,0.0,0.10822,0.42488,0.23795,0.23795,0.0,0.0
2018-12-26 05:00:00,2018-12-26 05:00,1.06948,0.2032,0.0,0.43791,0.42837,0.24308,0.24308,0.0,0.0
2018-12-26 06:00:00,2018-12-26 06:00,0.83165,0.2032,0.0,0.18205,0.4464,0.24269,0.24269,0.0,0.0
2018-12-26 07:00:00,2018-12-26 07:00,0.68315,0.2032,0.0,0.003,0.47695,0.26597,0.26597,0.0,0.0
2018-12-26 08:00:00,2018-12-26 08:00,0.95858,0.2032,0.0,0.20669,0.54869,0.24749,0.24749,0.0,-0.0
2018-12-26 09:00:00,2018-12-26 09:00,1.09901,0.2032,0.0,0.41835,0.47746,0.24968,0.24968,0.0,0.0
2018-12-26 10:00:00,2018-12-26 10:00,0.86088,0.2032,0.0,0.219,0.43868,0.24624,0.24624,0.0,0.0
2018-12-26 11:00:00,2018-12-26 11:00,0.6394,0.2032,0.0,0.003,0.4332,0.23832,0.23832,0.0,0.0
2018-12-26 12:00:00,2018-12-26 12:00,0.64048,0.2032,0.0,0.003,0.43428,0.23356,0.23356,0.0,0.0
2018-12-26 13:00:00,2018-12-26 13:00,0.6468,0.2032,0.0,0.003,0.4406,0.22796,0.22796,0.0,0.0
2018-12-26 14:00:00,2018-12-26 14:00,0.64692,0.2032,0.0,0.003,0.44072,0.2229,0.2229,0.0,-0.0
2018-12-26 15:00:00,2018-12-26 15:00,0.64832,0.2032,0.0,0.003,0.44212,0.22114,0.22114,0.0,0.0
2018-12-26 16:00:00,2018-12-26 16:00,0.64816,0.2032,0.0,0.003,0.44196,0.22085,0.22085,0.0,0.0
2018-12-26 17:00:00,2018-12-26 17:00,0.72987,0.2032,0.0,0.003,0.52367,0.21607,0.21607,0.0,-0.0
2018-12-26 18:00:00,2018-12-26 18:00,1.24319,0.2032,0.0,0.32334,0.71665,0.25576,0.18831,0.0,0.06745
2018-12-26 19:00:00,2018-12-26 19:00,1.78441,0.2032,0.0,0.4357,1.14551,0.27056,0.15815,0.0,0.11242
2018-12-26 20:00:00,2018-12-26 20:00,1.60976,0.2032,0.0,0.20057,1.20599,0.18533,0.17597,0.0,0.00936
2018-12-26 21:00:00,2018-12-26 21:00,1.78931,0.2032,0.0,0.43448,1.15163,0.19888,0.18763,0.0,0.01124
2018-12-26 22:00:00,2018-12-26 22:00,1.45956,0.2032,0.0,0.0434,1.21296,0.24651,0.16408,0.0,0.08243
2018-12-26 23:00:00,2018-12-26 23:00,0.92536,0.2032,0.0,0.003,0.71916,0.20568,0.20568,0.0,0.0
2018-12-27 00:00:00,2018-12-27 00:00,0.75294,0.2032,0.0,0.003,0.54674,0.21371,0.21371,0.0,0.0
2018-12-27 01:00:00,2018-12-27 01:00,0.65441,0.2032,0.0,0.003,0.44821,0.22163,0.22163,0.0,0.0
2018-12-27 02:00:00,2018-12-27 02:00,0.63632,0.2032,0.0,0.003,0.43012,0.21363,0.21363,0.0,0.0
2018-12-27 03:00:00,2018-12-27 03:00,0.63516,0.2032,0.0,0.003,0.42896,0.20505,0.20505,0.0,0.0
2018-12-27 04:00:00,2018-12-27 04:00,0.98426,0.2032,0.0,0.35762,0.42344,0.20357,0.20357,0.0,0.0
2018-12-27 05:00:00,2018-12-27 05:00,0.62857,0.2032,0.0,0.003,0.42237,0.19805,0.19805,0.0,-0.0
2018-12-27 06:00:00,2018-12-27 06:00,0.66424,0.2032,0.0,0.003,0.45804,0.19519,0.19519,0.0,0.0
2018-12-27 07:00:00,2018-12-27 07:00,2.21929,1.18385,0.0,0.41828,0.61716,0.05128,0.05128,0.0,0.0
2018-12-27 08:00:00,2018-12-27 08:00,2.58317,1.49153,0.0,0.41744,0.6742,0.0,0.0,0.0,0.0
2018-12-27 09:00:00,2018-12-27 09:00,2.55756,1.48312,0.0,0.42458,0.64986,0.0,0.0,0.0,0.0
2018-12-27 10:00:00,2018-12-27 10:00,2.53322,1.48665,0.0,0.43699,0.60958,0.0,0.0,0.0,0.0
2018-12-27 11:00:00,2018-12-27 11:00,2.07964,1.48271,0.0,0.07332,0.52361,0.0,0.0,0.0,0.0
2018-12-27 12:00:00,2018-12-27 12:00,1.95501,1.48253,0.0,0.003,0.46948,0.0,0.0,0.0,0.0
2018-12-27 13:00:00,2018-12-27 13:00,2.18826,1.47743,0.0,0.21605,0.49478,0.0,0.0,0.0,0.0
2018-12-27 14:00:00,2018-12-27 14:00,2.30056,1.47221,0.0,0.35116,0.47719,0.0,0.0,0.0,0.0
2018-12-27 15:00:00,2018-12-27 15:00,1.95046,1.4709,0.0,0.003,0.47656,0.0,0.0,0.0,0.0
2018-12-27 16:00:00,2018-12-27 16:00,1.9885,1.47083,0.0,0.003,0.51467,0.0,0.0,0.0,0.0
2018-12-27 17:00:00,2018-12-27 17:00,2.13683,1.47151,0.0,0.10681,0.55851,0.0,0.0,0.0,0.0
2018-12-27 18:00:00,2018-12-27 18:00,2.75361,1.47702,0.0,0.4351,0.84149,0.0,0.0,0.0,0.0
2018-12-27 19:00:00,2018-12-27 19:00,2.67833,1.15819,0.0,0.29264,1.2275,0.19137,0.12954,0.0,0.06183
2018-12-27 20:00:00,2018-12-27 20:00,1.60604,0.1649,0.0,0.003,1.43814,0.15896,0.15896,0.0,-0.0
2018-12-27 21:00:00,2018-12-27 21:00,1.60326,0.2032,0.0,0.003,1.39706,0.18044,0.18044,0.0,0.0
2018-12-27 22:00:00,2018-12-27 22:00,1.15028,0.2032,0.0,0.003,0.94408,0.18645,0.18645,0.0,0.0
2018-12-27 23:00:00,2018-12-27 23:00,0.92528,0.2032,0.0,0.10907,0.61301,0.19461,0.19461,0.0,0.0
2018-12-28 00:00:00,2018-12-28 00:00,1.21066,0.2032,0.0,0.4438,0.56366,0.2021,0.2021,0.0,0.0
2018-12-28 01:00:00,2018-12-28 01:00,0.74232,0.2032,0.0,0.07294,0.46618,0.21006,0.21006,0.0,-0.0
2018-12-28 02:00:00,2018-12-28 02:00,0.65554,0.2032,0.0,0.003,0.44934,0.21941,0.21941,0.0,-0.0
2018-12-28 03:00:00,2018-12-28 03:00,0.64897,0.2032,0.0,0.003,0.44277,0.23878,0.23878,0.0,-0.0
2018-12-28 04:00:00,2018-12-28 04:00,1.00891,0.2032,0.0,0.37047,0.43524,0.24627,0.24627,0.0,0.0
2018-12-28 05:00:00,2018-12-28 05:00,0.62857,0.2032,0.0,0.003,0.42237,0.25117,0.25117,0.0,-0.0
2018-12-28 06:00:00,2018-12-28 06:00,0.65841,0.2032,0.0,0.003,0.45221,0.26443,0.26443,0.0,0.0
2018-12-28 07:00:00,2018-12-28 07:00,1.11088,0.2032,0.0,0.31993,0.58775,0.31902,0.28903,0.0,0.02999
2018-12-28 08:00:00,2018-12-28 08:00,1.01691,0.2032,0.0,0.21725,0.59646,0.29092,0.29092,0.0,-0.0
2018-12-28 09:00:00,2018-12-28 09:00,1.08468,0.2032,0.0,0.31732,0.56416,0.2862,0.2862,0.0,0.0
2018-12-28 10:00:00,2018-12-28 10:00,1.16946,0.2032,0.0,0.43683,0.52943,0.28554,0.28554,0.0,-0.0
2018-12-28 11:00:00,2018-12-28 11:00,0.87458,0.2032,0.0,0.14625,0.52513,0.28815,0.28815,0.0,-0.0
2018-12-28 12:00:00,2018-12-28 12:00,0.72353,0.2032,0.0,0.003,0.51733,0.27409,0.27409,0.0,0.0
2018-12-28 13:00:00,2018-12-28 13:00,0.6468,0.2032,0.0,0.003,0.4406,0.29535,0.29535,0.0,-0.0
2018-12-28 14:00:00,2018-12-28 14:00,0.64692,0.2032,0.0,0.003,0.44072,0.30753,0.30753,0.0,0.0
2018-12-28 15:00:00,2018-12-28 15:00,0.64832,0.2032,0.0,0.003,0.44212,0.31283,0.31283,0.0,0.0
2018-12-28 16:00:00,2018-12-28 16:00,0.89534,0.2032,0.0,0.10637,0.58577,0.29207,0.29207,0.0,0.0
2018-12-28 17:00:00,2018-12-28 17:00,1.39891,0.2032,0.0,0.40812,0.78759,0.27878,0.27878,0.0,0.0
2018-12-28 18:00:00,2018-12-28 18:00,1.62273,0.2032,0.0,0.41441,1.00512,0.28391,0.28391,0.0,-0.0
2018-12-28 19:00:00,2018-12-28 19:00,1.80842,0.2032,0.0,0.4289,1.17632,0.30779,0.30779,0.0,-0.0
2018-12-28 20:00:00,2018-12-28 20:00,1.65279,0.2032,0.0,0.16712,1.28247,0.33776,0.27593,0.0,0.06183
2018-12-28 21:00:00,2018-12-28 21:00,1.62389,0.2032,0.0,0.003,1.41769,0.28818,0.28818,0.0,0.0
2018-12-28 22:00:00,2018-12-28 22:00,1.50044,0.2032,0.0,0.32209,0.97515,0.28865,0.28865,0.0,-0.0
2018-12-28 23:00:00,2018-12-28 23:00,1.04903,0.2032,0.0,0.20406,0.64177,0.29829,0.29829,0.0,-0.0
2018-12-29 00:00:00,2018-12-29 00:00,0.67275,0.2032,0.0,0.003,0.46655,0.30753,0.30753,0.0,0.0
2018-12-29 01:00:00,2018-12-29 01:00,0.64292,0.2032,0.0,0.003,0.43672,0.31193,0.31193,0.0,-0.0
2018-12-29 02:00:00,2018-12-29 02:00,0.6376,0.2032,0.0,0.003,0.4314,0.3148,0.3148,0.0,0.0
2018-12-29 03:00:00,2018-12-29 03:00,0.6364,0.2032,0.0,0.003,0.4302,0.32119,0.32119,0.0,0.0
2018-12-29 04:00:00,2018-12-29 04:00,0.63088,0.2032,0.0,0.003,0.42468,0.32265,0.32265,0.0,0.0
2018-12-29 05:00:00,2018-12-29 05:00,0.62712,0.2032,0.0,0.003,0.42092,0.32316,0.32316,0.0,0.0
2018-12-29 06:00:00,2018-12-29 06:00,0.62892,0.2032,0.0,0.003,0.42272,0.3282,0.3282,0.0,-0.0
2018-12-29 07:00:00,2018-12-29 07:00,0.66888,0.2032,0.0,0.003,0.46268,0.35668,0.35668,0.0,0.0
2018-12-29 08:00:00,2018-12-29 08:00,0.76228,0.2032,0.0,0.003,0.55608,0.39187,0.32442,0.0,0.06745
2018-12-29 09:00:00,2018-12-29 09:00,0.91984,0.2032,0.0,0.10908,0.60756,0.38162,0.32354,0.0,0.05808
2018-12-29 10:00:00,2018-12-29 10:00,1.25381,0.2032,0.0,0.42846,0.62215,0.34599,0.34599,0.0,-0.0
2018-12-29 11:00:00,2018-12-29 11:00,1.21356,0.2032,0.0,0.35823,0.65213,0.34331,0.34331,0.0,-0.0
2018-12-29 12:00:00,2018-12-29 12:00,0.86395,0.2032,0.0,0.003,0.65775,0.34525,0.34525,0.0,-0.0
2018-12-29 13:00:00,2018-12-29 13:00,0.8873,0.2032,0.0,0.003,0.6811,0.32564,0.32564,0.0,0.0
2018-12-29 14:00:00,2018-12-29 14:00,1.21953,0.2032,0.0,0.20838,0.80795,0.30043,0.30043,0.0,0.0
2018-12-29 15:00:00,2018-12-29 15:00,1.49115,0.2032,0.0,0.43218,0.85577,0.28383,0.28383,0.0,-0.0
2018-12-29 16:00:00,2018-12-29 16:00,1.66881,0.2032,0.0,0.40517,1.06044,0.28587,0.27463,0.0,0.01124
2018-12-29 17:00:00,2018-12-29 17:00,1.40009,0.2032,0.0,0.003,1.19389,0.31091,0.26032,0.0,0.05059
2018-12-29 18:00:00,2018-12-29 18:00,1.32343,0.2032,0.0,0.003,1.11723,0.29065,0.29065,0.0,0.0
2018-12-29 19:00:00,2018-12-29 19:00,1.66474,0.2032,0.0,0.003,1.45854,0.31116,0.31116,0.0,-0.0
2018-12-29 20:00:00,2018-12-29 20:00,2.11507,0.2032,0.0,0.42261,1.48926,0.29143,0.29143,0.0,-0.0
2018-12-29 21:00:00,2018-12-29 21:00,1.67237,0.2032,0.0,0.03777,1.4314,0.30226,0.30226,0.0,0.0
2018-12-29 22:00:00,2018-12-29 22:00,1.2696,0.2032,0.0,0.003,1.0634,0.31289,0.31289,0.0,0.0
2018-12-29 23:00:00,2018-12-29 23:00,0.85054,0.2032,0.0,0.003,0.64434,0.31028,0.31028,0.0,0.0
2018-12-30 00:00:00,2018-12-30 00:00,0.6472,0.2032,0.0,0.003,0.441,0.31151,0.31151,0.0,0.0
2018-12-30 01:00:00,2018-12-30 01:00,0.64292,0.2032,0.0,0.003,0.43672,0.31412,0.31412,0.0,0.0
2018-12-30 02:00:00,2018-12-30 02:00,0.6376,0.2032,0.0,0.003,0.4314,0.31682,0.31682,0.0,0.0
2018-12-30 03:00:00,2018-12-30 03:00,0.6364,0.2032,0.0,0.003,0.4302,0.3085,0.3085,0.0,-0.0
2018-12-30 04:00:00,2018-12-30 04:00,0.63088,0.2032,0.0,0.003,0.42468,0.29998,0.29998,0.0,0.0
2018-12-30 05:00:00,2018-12-30 05:00,0.62712,0.2032,0.0,0.003,0.42092,0.29306,0.29306,0.0,0.0
2018-12-30 06:00:00,2018-12-30 06:00,0.62892,0.2032,0.0,0.003,0.42272,0.28976,0.28976,0.0,0.0
2018-12-30 07:00:00,2018-12-30 07:00,0.7044,0.2032,0.0,0.003,0.4982,0.29929,0.29929,0.0,0.0
2018-12-30 08:00:00,2018-12-30 08:00,1.16964,0.2032,0.0,0.31942,0.64702,0.27421,0.27421,0.0,0.0
2018-12-30 09:00:00,2018-12-30 09:00,1.47293,0.2032,0.0,0.4341,0.83563,0.27064,0.2594,0.0,0.01124
2018-12-30 10:00:00,2018-12-30 10:00,1.12517,0.2032,0.0,0.07794,0.84403,0.28465,0.23406,0.0,0.05059
2018-12-30 11:00:00,2018-12-30 11:00,1.16336,0.2032,0.0,0.20991,0.75025,0.23809,0.23809,0.0,0.0
2018-12-30 12:00:00,2018-12-30 12:00,1.2828,0.2032,0.0,0.42185,0.65775,0.22283,0.22283,0.0,0.0
2018-12-30 13:00:00,2018-12-30 13:00,1.29595,0.2032,0.0,0.42868,0.66407,0.22077,0.20953,0.0,0.01124
2018-12-30 14:00:00,2018-12-30 14:00,1.45297,0.2032,0.0,0.42308,0.82669,0.20406,0.18532,0.0,0.01875
2018-12-30 15:00:00,2018-12-30 15:00,1.55781,0.2032,0.0,0.4337,0.92091,0.19144,0.19144,0.0,-0.0
2018-12-30 16:00:00,2018-12-30 16:00,1.25539,0.2032,0.0,0.003,1.04919,0.18981,0.18981,0.0,0.0
2018-12-30 17:00:00,2018-12-30 17:00,1.47266,0.2032,0.0,0.10566,1.1638,0.18443,0.18443,0.0,-0.0
2018-12-30 18:00:00,2018-12-30 18:00,1.94392,0.2032,0.0,0.42682,1.3139,0.19126,0.18002,0.0,0.01124
2018-12-30 19:00:00,2018-12-30 19:00,1.70787,0.2032,0.0,0.02739,1.47728,0.20531,0.18656,0.0,0.01875
2018-12-30 20:00:00,2018-12-30 20:00,1.67058,0.2032,0.0,0.003,1.46438,0.17508,0.17508,0.0,0.0
2018-12-30 21:00:00,2018-12-30 21:00,1.47459,0.2032,0.0,0.003,1.26839,0.21858,0.15675,0.0,0.06183
2018-12-30 22:00:00,2018-12-30 22:00,1.2842,0.2032,0.0,0.003,1.078,0.17559,0.17559,0.0,-0.0
2018-12-30 23:00:00,2018-12-30 23:00,0.99802,0.2032,0.0,0.003,0.79182,0.1812,0.1812,0.0,-0.0
2018-12-31 00:00:00,2018-12-31 00:00,0.73986,0.2032,0.0,0.003,0.53366,0.18873,0.18873,0.0,0.0
2018-12-31 01:00:00,2018-12-31 01:00,0.64168,0.2032,0.0,0.003,0.43548,0.19654,0.19654,0.0,0.0
2018-12-31 02:00:00,2018-12-31 02:00,0.63632,0.2032,0.0,0.003,0.43012,0.20139,0.20139,0.0,0.0
2018-12-31 03:00:00,2018-12-31 03:00,0.63516,0.2032,0.0,0.003,0.42896,0.20151,0.20151,0.0,0.0
2018-12-31 04:00:00,2018-12-31 04:00,0.73765,0.2032,0.0,0.10957,0.42488,0.20237,0.20237,0.0,-0.0
2018-12-31 05:00:00,2018-12-31 05:00,1.0215,0.2032,0.0,0.38221,0.43609,0.206,0.206,0.0,-0.0
2018-12-31 06:00:00,2018-12-31 06:00,0.86,0.2032,0.0,0.21167,0.44513,0.2081,0.2081,0.0,-0.0
2018-12-31 07:00:00,2018-12-31 07:00,1.03158,0.2032,0.0,0.32176,0.50662,0.22391,0.22391,0.0,-0.0
2018-12-31 08:00:00,2018-12-31 08:00,0.82633,0.2032,0.0,0.10563,0.5175,0.21199,0.21199,0.0,-0.0
2018-12-31 09:00:00,2018-12-31 09:00,1.20298,0.2032,0.0,0.41795,0.58183,0.21491,0.21491,0.0,-0.0
2018-12-31 10:00:00,2018-12-31 10:00,1.29779,0.2032,0.0,0.42161,0.67298,0.25688,0.19505,0.0,0.06183
2018-12-31 11:00:00,2018-12-31 11:00,1.15344,0.2032,0.0,0.42511,0.52513,0.23046,0.23046,0.0,0.0
2018-12-31 12:00:00,2018-12-31 12:00,0.88159,0.2032,0.0,0.20724,0.47115,0.23851,0.23851,0.0,-0.0
2018-12-31 13:00:00,2018-12-31 13:00,0.6468,0.2032,0.0,0.003,0.4406,0.25477,0.25477,0.0,0.0
2018-12-31 14:00:00,2018-12-31 14:00,0.64692,0.2032,0.0,0.003,0.44072,0.26821,0.26821,0.0,0.0
2018-12-31 15:00:00,2018-12-31 15:00,0.64832,0.2032,0.0,0.003,0.44212,0.26897,0.26897,0.0,-0.0
2018-12-31 16:00:00,2018-12-31 16:00,0.64816,0.2032,0.0,0.003,0.44196,0.27583,0.27583,0.0,0.0
2018-12-31 17:00:00,2018-12-31 17:00,0.65688,0.2032,0.0,0.003,0.45068,0.28652,0.28652,0.0,-0.0
2018-12-31 18:00:00,2018-12-31 18:00,0.74052,0.2032,0.0,0.003,0.53432,0.28735,0.28735,0.0,0.0
2018-12-31 19:00:00,2018-12-31 19:00,1.42225,0.2032,0.0,0.10892,1.11013,0.29939,0.29939,0.0,-0.0
2018-12-31 20:00:00,2018-12-31 20:00,2.04372,0.2032,0.0,0.43865,1.40187,0.27859,0.27859,0.0,-0.0
2018-12-31 21:00:00,2018-12-31 21:00,1.86524,0.2032,0.0,0.42697,1.23507,0.28902,0.28902,0.0,0.0
2018-12-31 22:00:00,2018-12-31 22:00,1.18643,0.2032,0.0,0.30794,0.67529,0.30783,0.30783,0.0,-0.0
2018-12-31 23:00:00,2018-12-31 23:00,0.84797,0.2032,0.0,0.003,0.64177,0.31841,0.31841,0.0,-0.0
