timestamp_standard,timestamp_local,elec_total_kwh,elec_heating_kwh,elec_cooling_kwh,elec_hot_water_kwh,elec_other_kwh,gas_total_therms,gas_heating_therms,gas_hot_water_therms,gas_other_therms
2018-01-01 00:00:00,2018-01-01 00:00,4.77028,4.30087,0.0,0.003,0.46641,-0.0,0.0,0.0,-0.0
2018-01-01 01:00:00,2018-01-01 01:00,7.35718,6.91879,0.0,0.003,0.43539,0.0,0.0,0.0,0.0
2018-01-01 02:00:00,2018-01-01 02:00,7.92336,7.49031,0.0,0.003,0.43005,0.0,0.0,0.0,0.0
2018-01-01 03:00:00,2018-01-01 03:00,8.54327,8.11141,0.0,0.003,0.42886,0.0,0.0,0.0,0.0
2018-01-01 04:00:00,2018-01-01 04:00,8.95164,8.52526,0.0,0.003,0.42338,0.0,0.0,0.0,0.0
2018-01-01 05:00:00,2018-01-01 05:00,9.17436,8.74906,0.0,0.003,0.4223,0.0,0.0,0.0,0.0
2018-01-01 06:00:00,2018-01-01 06:00,9.46039,9.01092,0.0,0.003,0.44647,0.0,0.0,0.0,0.0
2018-01-01 07:00:00,2018-01-01 07:00,10.47522,9.89649,0.0,0.10963,0.4691,0.0,0.0,0.0,0.0
2018-01-01 08:00:00,2018-01-01 08:00,10.25199,9.30379,0.0,0.38248,0.56572,0.0,0.0,0.0,0.0
2018-01-01 09:00:00,2018-01-01 09:00,9.46474,8.8437,0.0,0.003,0.61804,0.0,0.0,0.0,0.0
2018-01-01 10:00:00,2018-01-01 10:00,9.3703,8.04652,0.0,0.41811,0.90567,0.0,0.0,0.0,0.0
2018-01-01 11:00:00,2018-01-01 11:00,9.94349,7.48615,0.0,0.42438,2.03296,0.0,0.0,0.0,0.0
2018-01-01 12:00:00,2018-01-01 12:00,6.7403,6.16108,0.0,0.05144,0.52778,0.0,0.0,0.0,0.0
2018-01-01 13:00:00,2018-01-01 13:00,6.46241,5.92511,0.0,0.003,0.5343,0.0,0.0,0.0,0.0
2018-01-01 14:00:00,2018-01-01 14:00,6.21646,5.6759,0.0,0.003,0.53756,0.0,0.0,0.0,0.0
2018-01-01 15:00:00,2018-01-01 15:00,5.98812,5.34277,0.0,0.10285,0.5425,0.0,0.0,0.0,0.0
2018-01-01 16:00:00,2018-01-01 16:00,6.29079,5.34166,0.0,0.4069,0.54223,0.0,0.0,0.0,0.0
2018-01-01 17:00:00,2018-01-01 17:00,6.68219,5.55385,0.0,0.42202,0.70632,0.01124,0.0,0.0,0.01124
2018-01-01 18:00:00,2018-01-01 18:00,7.1618,5.42782,0.0,0.20334,1.53064,0.07496,0.0,0.0,0.07496
2018-01-01 19:00:00,2018-01-01 19:00,11.3626,7.46236,0.0,0.40862,3.49162,0.0,0.0,0.0,0.0
2018-01-01 20:00:00,2018-01-01 20:00,8.11696,6.20631,0.0,0.003,1.90765,0.0,0.0,0.0,0.0
2018-01-01 21:00:00,2018-01-01 21:00,7.30368,6.17983,0.0,0.003,1.12085,0.05809,0.0,0.0,0.05809
2018-01-01 22:00:00,2018-01-01 22:00,7.41719,6.47092,0.0,0.003,0.94327,0.06745,0.0,0.0,0.06745
2018-01-01 23:00:00,2018-01-01 23:00,7.87985,7.09245,0.0,0.003,0.7844,0.01875,0.0,0.0,0.01875
2018-01-02 00:00:00,2018-01-02 00:00,8.17383,7.60402,0.0,0.003,0.56681,0.0,0.0,0.0,0.0
2018-01-02 01:00:00,2018-01-02 01:00,8.87844,7.98614,0.0,0.41927,0.47303,0.0,0.0,0.0,0.0
2018-01-02 02:00:00,2018-01-02 02:00,8.87951,7.99219,0.0,0.41982,0.4675,0.0,0.0,0.0,0.0
2018-01-02 03:00:00,2018-01-02 03:00,9.11719,8.39459,0.0,0.28126,0.44134,0.0,0.0,0.0,0.0
2018-01-02 04:00:00,2018-01-02 04:00,9.24775,8.81996,0.0,0.003,0.42479,0.0,0.0,0.0,0.0
2018-01-02 05:00:00,2018-01-02 05:00,9.63548,8.88929,0.0,0.31013,0.43606,0.0,0.0,0.0,0.0
2018-01-02 06:00:00,2018-01-02 06:00,9.87927,9.13594,0.0,0.29813,0.4452,0.0,0.0,0.0,0.0
2018-01-02 07:00:00,2018-01-02 07:00,10.02976,9.49413,0.0,0.003,0.53263,0.01124,0.0,0.0,0.01124
2018-01-02 08:00:00,2018-01-02 08:00,9.32483,8.4049,0.0,0.30736,0.61257,0.04685,0.0,0.0,0.04685
2018-01-02 09:00:00,2018-01-02 09:00,9.10263,8.21355,0.0,0.30213,0.58695,0.0,0.0,0.0,0.0
2018-01-02 10:00:00,2018-01-02 10:00,8.07252,7.23413,0.0,0.30816,0.53023,0.0,0.0,0.0,0.0
2018-01-02 11:00:00,2018-01-02 11:00,7.06537,6.29405,0.0,0.25479,0.51653,0.0,0.0,0.0,0.0
2018-01-02 12:00:00,2018-01-02 12:00,5.93719,5.49996,0.0,0.003,0.43423,0.0,0.0,0.0,0.0
2018-01-02 13:00:00,2018-01-02 13:00,5.62558,5.06927,0.0,0.003,0.55331,0.0,0.0,0.0,0.0
2018-01-02 14:00:00,2018-01-02 14:00,5.40332,4.76568,0.0,0.003,0.63464,0.0,0.0,0.0,0.0
2018-01-02 15:00:00,2018-01-02 15:00,5.11778,4.50796,0.0,0.003,0.60682,0.0,0.0,0.0,0.0
2018-01-02 16:00:00,2018-01-02 16:00,5.39989,4.43398,0.0,0.3117,0.65421,0.0,0.0,0.0,0.0
2018-01-02 17:00:00,2018-01-02 17:00,5.54235,4.38484,0.0,0.4206,0.73691,0.0,0.0,0.0,0.0
2018-01-02 18:00:00,2018-01-02 18:00,5.27528,4.15026,0.0,0.09757,1.02745,0.0,0.0,0.0,0.0
2018-01-02 19:00:00,2018-01-02 19:00,5.24472,3.86833,0.0,0.003,1.37339,0.06745,0.0,0.0,0.06745
2018-01-02 20:00:00,2018-01-02 20:00,5.56324,3.63565,0.0,0.41983,1.50776,0.01875,0.0,0.0,0.01875
2018-01-02 21:00:00,2018-01-02 21:00,5.75868,3.69421,0.0,0.12232,1.94215,0.0,0.0,0.0,0.0
2018-01-02 22:00:00,2018-01-02 22:00,7.27507,3.91048,0.0,0.003,3.36159,0.03935,0.0,0.0,0.03935
2018-01-02 23:00:00,2018-01-02 23:00,5.35266,3.98177,0.0,0.003,1.36789,0.04685,0.0,0.0,0.04685
2018-01-03 00:00:00,2018-01-03 00:00,5.14722,4.64447,0.0,0.003,0.49975,0.0,0.0,0.0,0.0
2018-01-03 01:00:00,2018-01-03 01:00,5.26003,4.82163,0.0,0.003,0.4354,0.0,0.0,0.0,0.0
2018-01-03 02:00:00,2018-01-03 02:00,5.50471,5.07164,0.0,0.003,0.43007,0.0,0.0,0.0,0.0
2018-01-03 03:00:00,2018-01-03 03:00,5.68767,5.2558,0.0,0.003,0.42887,0.0,0.0,0.0,0.0
2018-01-03 04:00:00,2018-01-03 04:00,5.94824,5.41816,0.0,0.10671,0.42337,0.0,0.0,0.0,0.0
2018-01-03 05:00:00,2018-01-03 05:00,6.4828,5.67377,0.0,0.3791,0.42993,0.0,0.0,0.0,0.0
2018-01-03 06:00:00,2018-01-03 06:00,6.39751,5.95047,0.0,0.003,0.44404,0.0,0.0,0.0,0.0
2018-01-03 07:00:00,2018-01-03 07:00,7.17657,6.12363,0.0,0.4122,0.64074,0.0,0.0,0.0,0.0
2018-01-03 08:00:00,2018-01-03 08:00,6.93191,5.83825,0.0,0.42271,0.67095,0.0,0.0,0.0,0.0
2018-01-03 09:00:00,2018-01-03 09:00,6.80996,5.85314,0.0,0.42645,0.53037,0.0,0.0,0.0,0.0
2018-01-03 10:00:00,2018-01-03 10:00,6.52099,5.74826,0.0,0.27473,0.498,0.0,0.0,0.0,0.0
2018-01-03 11:00:00,2018-01-03 11:00,6.0442,5.60804,0.0,0.003,0.43316,0.0,0.0,0.0,0.0
2018-01-03 12:00:00,2018-01-03 12:00,5.76443,5.32719,0.0,0.003,0.43424,0.0,0.0,0.0,0.0
2018-01-03 13:00:00,2018-01-03 13:00,5.64516,5.12192,0.0,0.003,0.52024,0.0,0.0,0.0,0.0
2018-01-03 14:00:00,2018-01-03 14:00,5.49621,5.00412,0.0,0.003,0.48909,0.0,0.0,0.0,0.0
2018-01-03 15:00:00,2018-01-03 15:00,5.68384,4.83472,0.0,0.30662,0.5425,0.0,0.0,0.0,0.0
2018-01-03 16:00:00,2018-01-03 16:00,5.60135,4.43066,0.0,0.42092,0.74977,0.09556,0.0,0.0,0.09556
2018-01-03 17:00:00,2018-01-03 17:00,5.5422,4.64021,0.0,0.08638,0.81561,0.07869,0.0,0.0,0.07869
2018-01-03 18:00:00,2018-01-03 18:00,6.03142,4.95958,0.0,0.10479,0.96705,0.0281,0.0,0.0,0.0281
2018-01-03 19:00:00,2018-01-03 19:00,6.99059,5.40322,0.0,0.41528,1.17209,0.0,0.0,0.0,0.0
2018-01-03 20:00:00,2018-01-03 20:00,6.82007,5.34897,0.0,0.16637,1.30473,0.0,0.0,0.0,0.0
2018-01-03 21:00:00,2018-01-03 21:00,6.86038,5.48408,0.0,0.003,1.3733,0.0,0.0,0.0,0.0
2018-01-03 22:00:00,2018-01-03 22:00,6.72359,5.63706,0.0,0.003,1.08353,0.0,0.0,0.0,0.0
2018-01-03 23:00:00,2018-01-03 23:00,7.03274,5.86286,0.0,0.30884,0.86104,0.0,0.0,0.0,0.0
2018-01-04 00:00:00,2018-01-04 00:00,6.95431,6.02556,0.0,0.41574,0.51301,0.0,0.0,0.0,0.0
2018-01-04 01:00:00,2018-01-04 01:00,6.75781,5.9339,0.0,0.35778,0.46613,0.0,0.0,0.0,0.0
2018-01-04 02:00:00,2018-01-04 02:00,6.27356,5.82273,0.0,0.003,0.44783,0.0,0.0,0.0,0.0
2018-01-04 03:00:00,2018-01-04 03:00,6.28993,5.85805,0.0,0.003,0.42888,0.0,0.0,0.0,0.0
2018-01-04 04:00:00,2018-01-04 04:00,6.38564,5.95928,0.0,0.003,0.42336,0.0,0.0,0.0,0.0
2018-01-04 05:00:00,2018-01-04 05:00,6.44583,6.01766,0.0,0.003,0.42517,0.0,0.0,0.0,0.0
2018-01-04 06:00:00,2018-01-04 06:00,6.91635,6.02206,0.0,0.41063,0.48366,0.0,0.0,0.0,0.0
2018-01-04 07:00:00,2018-01-04 07:00,8.72832,6.84239,0.0,0.42475,1.46118,0.0,0.0,0.0,0.0
2018-01-04 08:00:00,2018-01-04 08:00,7.8561,5.90198,0.0,0.25082,1.7033,0.05809,0.0,0.0,0.05809
2018-01-04 09:00:00,2018-01-04 09:00,6.81215,5.91773,0.0,0.20728,0.68714,0.0,0.0,0.0,0.0
2018-01-04 10:00:00,2018-01-04 10:00,6.86782,5.9147,0.0,0.42289,0.53023,0.0,0.0,0.0,0.0
2018-01-04 11:00:00,2018-01-04 11:00,6.3201,5.75575,0.0,0.0384,0.52595,0.0,0.0,0.0,0.0
2018-01-04 12:00:00,2018-01-04 12:00,6.13199,5.60122,0.0,0.003,0.52777,0.0,0.0,0.0,0.0
2018-01-04 13:00:00,2018-01-04 13:00,6.53044,5.38487,0.0,0.41795,0.72762,0.0,0.0,0.0,0.0
2018-01-04 14:00:00,2018-01-04 14:00,7.01176,5.31782,0.0,0.06123,1.63271,0.0,0.0,0.0,0.0
2018-01-04 15:00:00,2018-01-04 15:00,8.38902,5.44744,0.0,0.2066,2.73498,0.0,0.0,0.0,0.0
2018-01-04 16:00:00,2018-01-04 16:00,6.74411,5.19724,0.0,0.41848,1.12839,0.0,0.0,0.0,0.0
2018-01-04 17:00:00,2018-01-04 17:00,6.17272,5.19897,0.0,0.23681,0.73694,0.0,0.0,0.0,0.0
2018-01-04 18:00:00,2018-01-04 18:00,6.19912,5.32331,0.0,0.003,0.87281,0.0,0.0,0.0,0.0
2018-01-04 19:00:00,2018-01-04 19:00,7.19349,5.65231,0.0,0.40199,1.13919,0.0,0.0,0.0,0.0
2018-01-04 20:00:00,2018-01-04 20:00,6.95764,5.29357,0.0,0.40726,1.25681,0.03935,0.0,0.0,0.03935
2018-01-04 21:00:00,2018-01-04 21:00,7.11454,5.46179,0.0,0.4227,1.23005,0.01875,0.0,0.0,0.01875
2018-01-04 22:00:00,2018-01-04 22:00,7.03742,5.80737,0.0,0.12605,1.104,0.0,0.0,0.0,0.0
2018-01-04 23:00:00,2018-01-04 23:00,8.91442,6.48155,0.0,0.003,2.42987,0.0,0.0,0.0,0.0
2018-01-05 00:00:00,2018-01-05 00:00,7.28923,6.42517,0.0,0.39773,0.46633,0.0,0.0,0.0,0.0
2018-01-05 01:00:00,2018-01-05 01:00,7.20996,6.77158,0.0,0.003,0.43538,0.0,0.0,0.0,0.0
2018-01-05 02:00:00,2018-01-05 02:00,7.51366,7.08062,0.0,0.003,0.43004,0.0,0.0,0.0,0.0
2018-01-05 03:00:00,2018-01-05 03:00,7.79555,7.36242,0.0,0.003,0.43013,0.0,0.0,0.0,0.0
2018-01-05 04:00:00,2018-01-05 04:00,7.90747,7.47915,0.0,0.003,0.42532,0.0,0.0,0.0,0.0
2018-01-05 05:00:00,2018-01-05 05:00,8.05367,7.63109,0.0,0.003,0.41958,0.0,0.0,0.0,0.0
2018-01-05 06:00:00,2018-01-05 06:00,8.29778,7.75753,0.0,0.10733,0.43292,0.0,0.0,0.0,0.0
2018-01-05 07:00:00,2018-01-05 07:00,9.44831,8.48782,0.0,0.41589,0.5446,0.0,0.0,0.0,0.0
2018-01-05 08:00:00,2018-01-05 08:00,9.33696,8.25029,0.0,0.41416,0.67251,0.0,0.0,0.0,0.0
2018-01-05 09:00:00,2018-01-05 09:00,9.04643,8.03641,0.0,0.41913,0.59089,0.0,0.0,0.0,0.0
2018-01-05 10:00:00,2018-01-05 10:00,7.98342,7.34337,0.0,0.20144,0.43861,0.0,0.0,0.0,0.0
2018-01-05 11:00:00,2018-01-05 11:00,6.86753,6.43138,0.0,0.003,0.43315,0.0,0.0,0.0,0.0
2018-01-05 12:00:00,2018-01-05 12:00,6.20593,5.76869,0.0,0.003,0.43424,0.0,0.0,0.0,0.0
2018-01-05 13:00:00,2018-01-05 13:00,5.84393,5.39079,0.0,0.003,0.45014,0.0,0.0,0.0,0.0
2018-01-05 14:00:00,2018-01-05 14:00,5.77479,5.29254,0.0,0.003,0.47925,0.0,0.0,0.0,0.0
2018-01-05 15:00:00,2018-01-05 15:00,5.5491,5.10404,0.0,0.003,0.44206,0.0,0.0,0.0,0.0
2018-01-05 16:00:00,2018-01-05 16:00,5.95432,5.19543,0.0,0.31699,0.4419,0.0,0.0,0.0,0.0
2018-01-05 17:00:00,2018-01-05 17:00,5.99068,5.46558,0.0,0.07452,0.45058,0.0,0.0,0.0,0.0
2018-01-05 18:00:00,2018-01-05 18:00,6.54836,5.58246,0.0,0.10256,0.86334,0.0,0.0,0.0,0.0
2018-01-05 19:00:00,2018-01-05 19:00,7.63497,5.84718,0.0,0.39443,1.39336,0.0,0.0,0.0,0.0
2018-01-05 20:00:00,2018-01-05 20:00,7.39978,5.46504,0.0,0.4011,1.53364,0.06745,0.0,0.0,0.06745
2018-01-05 21:00:00,2018-01-05 21:00,7.56744,5.69018,0.0,0.40104,1.47622,0.01875,0.0,0.0,0.01875
2018-01-05 22:00:00,2018-01-05 22:00,7.75219,6.06598,0.0,0.40935,1.27686,0.0,0.0,0.0,0.0
2018-01-05 23:00:00,2018-01-05 23:00,7.69349,6.49143,0.0,0.42092,0.78114,0.0,0.0,0.0,0.0
2018-01-06 00:00:00,2018-01-06 00:00,7.82093,7.0787,0.0,0.23888,0.50335,0.0,0.0,0.0,0.0
2018-01-06 01:00:00,2018-01-06 01:00,8.09195,7.61937,0.0,0.003,0.46958,0.0,0.0,0.0,0.0
2018-01-06 02:00:00,2018-01-06 02:00,8.41031,7.95718,0.0,0.003,0.45013,0.0,0.0,0.0,0.0
2018-01-06 03:00:00,2018-01-06 03:00,8.75787,8.32474,0.0,0.003,0.43013,0.0,0.0,0.0,0.0
2018-01-06 04:00:00,2018-01-06 04:00,8.74304,8.31543,0.0,0.003,0.42461,0.0,0.0,0.0,0.0
2018-01-06 05:00:00,2018-01-06 05:00,8.8861,8.46225,0.0,0.003,0.42085,0.0,0.0,0.0,0.0
2018-01-06 06:00:00,2018-01-06 06:00,9.06457,8.63892,0.0,0.003,0.42265,0.0,0.0,0.0,0.0
2018-01-06 07:00:00,2018-01-06 07:00,9.68139,9.2158,0.0,0.003,0.46259,0.0,0.0,0.0,0.0
2018-01-06 08:00:00,2018-01-06 08:00,9.19231,8.66295,0.0,0.003,0.52636,0.0281,0.0,0.0,0.0281
2018-01-06 09:00:00,2018-01-06 09:00,9.0686,8.10955,0.0,0.32313,0.63592,0.0,0.0,0.0,0.0
2018-01-06 10:00:00,2018-01-06 10:00,7.60289,6.88473,0.0,0.06818,0.64998,0.0,0.0,0.0,0.0
2018-01-06 11:00:00,2018-01-06 11:00,6.69103,5.82828,0.0,0.10413,0.75862,0.0,0.0,0.0,0.0
2018-01-06 12:00:00,2018-01-06 12:00,6.47965,5.19781,0.0,0.40986,0.87198,0.0,0.0,0.0,0.0
2018-01-06 13:00:00,2018-01-06 13:00,5.81956,4.65057,0.0,0.41276,0.75623,0.0281,0.0,0.0,0.0281
2018-01-06 14:00:00,2018-01-06 14:00,5.67815,4.39738,0.0,0.41922,0.86155,0.0281,0.0,0.0,0.0281
2018-01-06 15:00:00,2018-01-06 15:00,6.87796,4.36529,0.0,0.14457,2.3681,0.0,0.0,0.0,0.0
2018-01-06 16:00:00,2018-01-06 16:00,7.70585,4.30923,0.0,0.2076,3.18902,0.0,0.0,0.0,0.0
2018-01-06 17:00:00,2018-01-06 17:00,6.43149,4.28605,0.0,0.41961,1.72583,0.0,0.0,0.0,0.0
2018-01-06 18:00:00,2018-01-06 18:00,6.24066,4.38799,0.0,0.42031,1.43236,0.0,0.0,0.0,0.0
2018-01-06 19:00:00,2018-01-06 19:00,8.49601,4.91057,0.0,0.18955,3.39589,0.0,0.0,0.0,0.0
2018-01-06 20:00:00,2018-01-06 20:00,6.92152,4.28888,0.0,0.003,2.62964,0.0,0.0,0.0,0.0
2018-01-06 21:00:00,2018-01-06 21:00,5.75639,4.26115,0.0,0.003,1.49224,0.0,0.0,0.0,0.0
2018-01-06 22:00:00,2018-01-06 22:00,5.62138,4.48587,0.0,0.003,1.13251,0.0,0.0,0.0,0.0
2018-01-06 23:00:00,2018-01-06 23:00,5.44262,4.35292,0.0,0.20963,0.88007,0.0,0.0,0.0,0.0
2018-01-07 00:00:00,2018-01-07 00:00,5.0585,4.25851,0.0,0.28412,0.51587,0.0,0.0,0.0,0.0
2018-01-07 01:00:00,2018-01-07 01:00,4.5949,4.15323,0.0,0.003,0.43867,0.0,0.0,0.0,0.0
2018-01-07 02:00:00,2018-01-07 02:00,4.47854,4.04112,0.0,0.003,0.43442,0.0,0.0,0.0,0.0
2018-01-07 03:00:00,2018-01-07 03:00,4.42482,3.9917,0.0,0.003,0.43012,0.0,0.0,0.0,0.0
2018-01-07 04:00:00,2018-01-07 04:00,4.29401,3.86641,0.0,0.003,0.4246,0.0,0.0,0.0,0.0
2018-01-07 05:00:00,2018-01-07 05:00,4.4429,3.81231,0.0,0.20975,0.42084,0.0,0.0,0.0,0.0
2018-01-07 06:00:00,2018-01-07 06:00,4.37084,3.75589,0.0,0.19231,0.42264,0.0,0.0,0.0,0.0
2018-01-07 07:00:00,2018-01-07 07:00,4.24109,3.77552,0.0,0.003,0.46257,0.0,0.0,0.0,0.0
2018-01-07 08:00:00,2018-01-07 08:00,4.11006,3.61824,0.0,0.003,0.48882,0.0,0.0,0.0,0.0
2018-01-07 09:00:00,2018-01-07 09:00,4.02515,3.47179,0.0,0.003,0.55036,0.0,0.0,0.0,0.0
2018-01-07 10:00:00,2018-01-07 10:00,4.34076,3.27209,0.0,0.41869,0.64998,0.0,0.0,0.0,0.0
2018-01-07 11:00:00,2018-01-07 11:00,3.73869,2.95738,0.0,0.003,0.77831,0.05809,0.0,0.0,0.05809
2018-01-07 12:00:00,2018-01-07 12:00,3.50179,2.72745,0.0,0.003,0.77134,0.0,0.0,0.0,0.0
2018-01-07 13:00:00,2018-01-07 13:00,3.57856,2.46338,0.0,0.31747,0.79771,0.0,0.0,0.0,0.0
2018-01-07 14:00:00,2018-01-07 14:00,3.20472,2.22412,0.0,0.1277,0.8529,0.01124,0.0,0.0,0.01124
2018-01-07 15:00:00,2018-01-07 15:00,3.01041,1.75381,0.0,0.20923,1.04737,0.07496,0.0,0.0,0.07496
2018-01-07 16:00:00,2018-01-07 16:00,3.30991,1.83738,0.0,0.42518,1.04735,0.01124,0.0,0.0,0.01124
2018-01-07 17:00:00,2018-01-07 17:00,3.28479,1.9482,0.0,0.18404,1.15255,0.01686,0.0,0.0,0.01686
2018-01-07 18:00:00,2018-01-07 18:00,3.31291,2.03775,0.0,0.003,1.27216,0.0,0.0,0.0,0.0
2018-01-07 19:00:00,2018-01-07 19:00,3.44715,2.13407,0.0,0.003,1.31008,0.0,0.0,0.0,0.0
2018-01-07 20:00:00,2018-01-07 20:00,3.72817,2.09548,0.0,0.40281,1.22988,0.0,0.0,0.0,0.0
2018-01-07 21:00:00,2018-01-07 21:00,3.0728,2.08941,0.0,0.003,0.98039,0.0,0.0,0.0,0.0
2018-01-07 22:00:00,2018-01-07 22:00,2.87286,1.98297,0.0,0.003,0.88689,0.0,0.0,0.0,0.0
2018-01-07 23:00:00,2018-01-07 23:00,2.68203,1.9368,0.0,0.003,0.74223,0.0,0.0,0.0,0.0
2018-01-08 00:00:00,2018-01-08 00:00,2.71916,2.03929,0.0,0.10709,0.57278,0.0,0.0,0.0,0.0
2018-01-08 01:00:00,2018-01-08 01:00,3.12255,2.24161,0.0,0.4328,0.44814,0.0,0.0,0.0,0.0
2018-01-08 02:00:00,2018-01-08 02:00,2.89236,2.39454,0.0,0.06775,0.43007,0.0,0.0,0.0,0.0
2018-01-08 03:00:00,2018-01-08 03:00,2.91337,2.48151,0.0,0.003,0.42886,0.0,0.0,0.0,0.0
2018-01-08 04:00:00,2018-01-08 04:00,3.03004,2.6037,0.0,0.003,0.42334,0.0,0.0,0.0,0.0
2018-01-08 05:00:00,2018-01-08 05:00,3.16158,2.73897,0.0,0.003,0.41961,0.0,0.0,0.0,0.0
2018-01-08 06:00:00,2018-01-08 06:00,3.52597,2.85225,0.0,0.2139,0.45982,0.0,0.0,0.0,0.0
2018-01-08 07:00:00,2018-01-08 07:00,3.98375,2.965,0.0,0.42176,0.59699,0.0,0.0,0.0,0.0
2018-01-08 08:00:00,2018-01-08 08:00,3.77395,2.81109,0.0,0.43636,0.5265,0.0,0.0,0.0,0.0
2018-01-08 09:00:00,2018-01-08 09:00,3.81354,2.79765,0.0,0.42907,0.58682,0.0,0.0,0.0,0.0
2018-01-08 10:00:00,2018-01-08 10:00,3.44524,2.50507,0.0,0.40995,0.53022,0.0,0.0,0.0,0.0
2018-01-08 11:00:00,2018-01-08 11:00,3.10327,2.13697,0.0,0.41983,0.54647,0.01124,0.0,0.0,0.01124
2018-01-08 12:00:00,2018-01-08 12:00,2.87536,1.79729,0.0,0.41932,0.65875,0.04685,0.0,0.0,0.04685
2018-01-08 13:00:00,2018-01-08 13:00,2.55855,1.71192,0.0,0.32203,0.5246,0.0,0.0,0.0,0.0
2018-01-08 14:00:00,2018-01-08 14:00,2.03967,1.59602,0.0,0.003,0.44065,0.0,0.0,0.0,0.0
2018-01-08 15:00:00,2018-01-08 15:00,1.90976,1.46471,0.0,0.003,0.44205,0.0,0.0,0.0,0.0
2018-01-08 16:00:00,2018-01-08 16:00,1.87568,1.43078,0.0,0.003,0.4419,0.0,0.0,0.0,0.0
2018-01-08 17:00:00,2018-01-08 17:00,2.11908,1.54338,0.0,0.003,0.5727,0.0,0.0,0.0,0.0
2018-01-08 18:00:00,2018-01-08 18:00,2.78792,1.71564,0.0,0.4254,0.64688,0.0,0.0,0.0,0.0
2018-01-08 19:00:00,2018-01-08 19:00,2.73137,1.81607,0.0,0.15789,0.75741,0.0281,0.0,0.0,0.0281
2018-01-08 20:00:00,2018-01-08 20:00,2.92942,1.74006,0.0,0.003,1.18636,0.0,0.0,0.0,0.0
2018-01-08 21:00:00,2018-01-08 21:00,4.74941,1.74097,0.0,0.31924,2.6892,0.0,0.0,0.0,0.0
2018-01-08 22:00:00,2018-01-08 22:00,3.28697,1.82991,0.0,0.28759,1.16947,0.0,0.0,0.0,0.0
2018-01-08 23:00:00,2018-01-08 23:00,2.86643,2.04559,0.0,0.003,0.81784,0.0,0.0,0.0,0.0
2018-01-09 00:00:00,2018-01-09 00:00,2.67273,2.16997,0.0,0.003,0.49976,0.0,0.0,0.0,0.0
2018-01-09 01:00:00,2018-01-09 01:00,2.65168,2.21328,0.0,0.003,0.4354,0.0,0.0,0.0,0.0
2018-01-09 02:00:00,2018-01-09 02:00,2.62961,2.19653,0.0,0.003,0.43008,0.0,0.0,0.0,0.0
2018-01-09 03:00:00,2018-01-09 03:00,2.54978,2.11792,0.0,0.003,0.42886,0.0,0.0,0.0,0.0
2018-01-09 04:00:00,2018-01-09 04:00,2.49767,2.0713,0.0,0.003,0.42337,0.0,0.0,0.0,0.0
2018-01-09 05:00:00,2018-01-09 05:00,2.44301,2.02041,0.0,0.003,0.4196,0.0,0.0,0.0,0.0
2018-01-09 06:00:00,2018-01-09 06:00,2.53021,1.9877,0.0,0.10853,0.43398,0.0,0.0,0.0,0.0
2018-01-09 07:00:00,2018-01-09 07:00,3.03215,2.09378,0.0,0.41699,0.52138,0.0,0.0,0.0,0.0
2018-01-09 08:00:00,2018-01-09 08:00,3.87084,2.07325,0.0,0.43697,1.36062,0.0,0.0,0.0,0.0
2018-01-09 09:00:00,2018-01-09 09:00,4.18101,2.04608,0.0,0.06146,2.07347,0.0,0.0,0.0,0.0
2018-01-09 10:00:00,2018-01-09 10:00,2.42801,1.88355,0.0,0.003,0.54146,0.01124,0.0,0.0,0.01124
2018-01-09 11:00:00,2018-01-09 11:00,2.34205,1.55612,0.0,0.21315,0.57278,0.04685,0.0,0.0,0.04685
2018-01-09 12:00:00,2018-01-09 12:00,2.41628,1.46316,0.0,0.43468,0.51844,0.0,0.0,0.0,0.0
2018-01-09 13:00:00,2018-01-09 13:00,1.71169,1.10568,0.0,0.09477,0.51124,0.0281,0.0,0.0,0.0281
2018-01-09 14:00:00,2018-01-09 14:00,1.73616,1.03024,0.0,0.10539,0.60053,0.0,0.0,0.0,0.0
2018-01-09 15:00:00,2018-01-09 15:00,2.04286,1.06944,0.0,0.43092,0.5425,0.0,0.0,0.0,0.0
2018-01-09 16:00:00,2018-01-09 16:00,1.90769,1.10283,0.0,0.17864,0.62622,0.0,0.0,0.0,0.0
2018-01-09 17:00:00,2018-01-09 17:00,1.92274,1.06769,0.0,0.10688,0.74817,0.01124,0.0,0.0,0.01124
2018-01-09 18:00:00,2018-01-09 18:00,2.30011,0.93743,0.0,0.42949,0.93319,0.10492,0.0,0.0,0.10492
2018-01-09 19:00:00,2018-01-09 19:00,2.66995,1.36084,0.0,0.1699,1.13921,0.0,0.0,0.0,0.0
2018-01-09 20:00:00,2018-01-09 20:00,2.55373,1.33326,0.0,0.003,1.21747,0.0,0.0,0.0,0.0
2018-01-09 21:00:00,2018-01-09 21:00,2.64586,1.3486,0.0,0.003,1.29426,0.0,0.0,0.0,0.0
2018-01-09 22:00:00,2018-01-09 22:00,2.77108,1.38945,0.0,0.21215,1.16948,0.0,0.0,0.0,0.0
2018-01-09 23:00:00,2018-01-09 23:00,2.71291,1.50011,0.0,0.43165,0.78115,0.0,0.0,0.0,0.0
2018-01-10 00:00:00,2018-01-10 00:00,2.13807,1.66874,0.0,0.003,0.46633,0.0,0.0,0.0,0.0
2018-01-10 01:00:00,2018-01-10 01:00,2.14861,1.71023,0.0,0.003,0.43538,0.0,0.0,0.0,0.0
2018-01-10 02:00:00,2018-01-10 02:00,2.23848,1.80541,0.0,0.003,0.43007,0.0,0.0,0.0,0.0
2018-01-10 03:00:00,2018-01-10 03:00,2.29499,1.86311,0.0,0.003,0.42888,0.0,0.0,0.0,0.0
2018-01-10 04:00:00,2018-01-10 04:00,2.29129,1.86347,0.0,0.003,0.42482,0.0,0.0,0.0,0.0
2018-01-10 05:00:00,2018-01-10 05:00,2.601,1.96112,0.0,0.21426,0.42562,0.0,0.0,0.0,0.0
2018-01-10 06:00:00,2018-01-10 06:00,2.90012,2.02006,0.0,0.439,0.44106,0.0,0.0,0.0,0.0
2018-01-10 07:00:00,2018-01-10 07:00,2.70019,2.04993,0.0,0.09193,0.55833,0.0,0.0,0.0,0.0
2018-01-10 08:00:00,2018-01-10 08:00,2.93734,1.94096,0.0,0.42724,0.56914,0.01124,0.0,0.0,0.01124
2018-01-10 09:00:00,2018-01-10 09:00,2.54996,1.90781,0.0,0.13457,0.50758,0.01686,0.0,0.0,0.01686
2018-01-10 10:00:00,2018-01-10 10:00,2.42775,1.98614,0.0,0.003,0.43861,0.0,0.0,0.0,0.0
2018-01-10 11:00:00,2018-01-10 11:00,2.38365,1.94751,0.0,0.003,0.43314,0.0,0.0,0.0,0.0
2018-01-10 12:00:00,2018-01-10 12:00,2.32487,1.88762,0.0,0.003,0.43425,0.0,0.0,0.0,0.0
2018-01-10 13:00:00,2018-01-10 13:00,2.26944,1.8259,0.0,0.003,0.44054,0.0,0.0,0.0,0.0
2018-01-10 14:00:00,2018-01-10 14:00,2.2391,1.79545,0.0,0.003,0.44065,0.0,0.0,0.0,0.0
2018-01-10 15:00:00,2018-01-10 15:00,2.23737,1.79232,0.0,0.003,0.44205,0.0,0.0,0.0,0.0
2018-01-10 16:00:00,2018-01-10 16:00,2.25997,1.81506,0.0,0.003,0.44191,0.0,0.0,0.0,0.0
2018-01-10 17:00:00,2018-01-10 17:00,2.23095,1.74847,0.0,0.003,0.47948,0.01124,0.0,0.0,0.01124
2018-01-10 18:00:00,2018-01-10 18:00,2.37069,1.39937,0.0,0.21952,0.7518,0.10492,0.0,0.0,0.10492
2018-01-10 19:00:00,2018-01-10 19:00,2.94359,1.78013,0.0,0.32992,0.83354,0.0,0.0,0.0,0.0
2018-01-10 20:00:00,2018-01-10 20:00,2.67037,1.62474,0.0,0.003,1.04263,0.01124,0.0,0.0,0.01124
2018-01-10 21:00:00,2018-01-10 21:00,2.82389,1.50979,0.0,0.003,1.3111,0.01686,0.0,0.0,0.01686
2018-01-10 22:00:00,2018-01-10 22:00,3.28294,1.55305,0.0,0.43846,1.29143,0.0,0.0,0.0,0.0
2018-01-10 23:00:00,2018-01-10 23:00,2.40886,1.58951,0.0,0.00954,0.80981,0.0,0.0,0.0,0.0
2018-01-11 00:00:00,2018-01-11 00:00,2.17762,1.62795,0.0,0.003,0.54667,0.0,0.0,0.0,0.0
2018-01-11 01:00:00,2018-01-11 01:00,2.26387,1.79474,0.0,0.003,0.46613,0.0,0.0,0.0,0.0
2018-01-11 02:00:00,2018-01-11 02:00,2.43219,1.97994,0.0,0.003,0.44925,0.0,0.0,0.0,0.0
2018-01-11 03:00:00,2018-01-11 03:00,2.65079,2.20993,0.0,0.003,0.43786,0.0,0.0,0.0,0.0
2018-01-11 04:00:00,2018-01-11 04:00,3.1393,2.71294,0.0,0.003,0.42336,0.0,0.0,0.0,0.0
2018-01-11 05:00:00,2018-01-11 05:00,3.63504,3.13469,0.0,0.003,0.49735,0.06745,0.0,0.0,0.06745
2018-01-11 06:00:00,2018-01-11 06:00,4.3814,3.42507,0.0,0.43527,0.52106,0.04871,0.0,0.0,0.04871
2018-01-11 07:00:00,2018-01-11 07:00,4.82843,3.71385,0.0,0.43814,0.67644,0.05809,0.0,0.0,0.05809
2018-01-11 08:00:00,2018-01-11 08:00,5.00141,3.99251,0.0,0.42826,0.58064,0.0,0.0,0.0,0.0
2018-01-11 09:00:00,2018-01-11 09:00,5.21308,4.24837,0.0,0.43433,0.53038,0.0,0.0,0.0,0.0
2018-01-11 10:00:00,2018-01-11 10:00,5.01668,4.48345,0.0,0.003,0.53023,0.0,0.0,0.0,0.0
2018-01-11 11:00:00,2018-01-11 11:00,5.07231,4.54339,0.0,0.003,0.52592,0.0,0.0,0.0,0.0
2018-01-11 12:00:00,2018-01-11 12:00,5.40767,4.55125,0.0,0.3193,0.53712,0.0,0.0,0.0,0.0
2018-01-11 13:00:00,2018-01-11 13:00,5.46955,4.66131,0.0,0.29297,0.51527,0.0,0.0,0.0,0.0
2018-01-11 14:00:00,2018-01-11 14:00,5.22136,4.77771,0.0,0.003,0.44065,0.0,0.0,0.0,0.0
2018-01-11 15:00:00,2018-01-11 15:00,5.26784,4.82279,0.0,0.003,0.44205,0.0,0.0,0.0,0.0
2018-01-11 16:00:00,2018-01-11 16:00,5.32876,4.86992,0.0,0.003,0.45584,0.0,0.0,0.0,0.0
2018-01-11 17:00:00,2018-01-11 17:00,5.60622,4.67914,0.0,0.31576,0.61132,0.0,0.0,0.0,0.0
2018-01-11 18:00:00,2018-01-11 18:00,5.68829,4.60208,0.0,0.27971,0.8065,0.0,0.0,0.0,0.0
2018-01-11 19:00:00,2018-01-11 19:00,5.93525,4.96446,0.0,0.003,0.96779,0.0,0.0,0.0,0.0
2018-01-11 20:00:00,2018-01-11 20:00,6.51821,4.84536,0.0,0.20665,1.4662,0.0,0.0,0.0,0.0
2018-01-11 21:00:00,2018-01-11 21:00,7.02752,5.14085,0.0,0.42918,1.45749,0.0,0.0,0.0,0.0
2018-01-11 22:00:00,2018-01-11 22:00,7.061,5.44498,0.0,0.33917,1.27685,0.0,0.0,0.0,0.0
2018-01-11 23:00:00,2018-01-11 23:00,6.17743,5.54045,0.0,0.003,0.63398,0.0,0.0,0.0,0.0
2018-01-12 00:00:00,2018-01-12 00:00,6.64256,6.13659,0.0,0.003,0.50297,0.0,0.0,0.0,0.0
2018-01-12 01:00:00,2018-01-12 01:00,7.37904,6.93591,0.0,0.003,0.44013,0.0,0.0,0.0,0.0
2018-01-12 02:00:00,2018-01-12 02:00,7.5053,7.07221,0.0,0.003,0.43009,0.0,0.0,0.0,0.0
2018-01-12 03:00:00,2018-01-12 03:00,7.9614,7.52953,0.0,0.003,0.42887,0.0,0.0,0.0,0.0
2018-01-12 04:00:00,2018-01-12 04:00,8.13598,7.70961,0.0,0.003,0.42337,0.0,0.0,0.0,0.0
2018-01-12 05:00:00,2018-01-12 05:00,8.58781,7.84868,0.0,0.31956,0.41957,0.0,0.0,0.0,0.0
2018-01-12 06:00:00,2018-01-12 06:00,8.49283,7.9916,0.0,0.06018,0.44105,0.0,0.0,0.0,0.0
2018-01-12 07:00:00,2018-01-12 07:00,9.55323,8.69135,0.0,0.31034,0.55154,0.0,0.0,0.0,0.0
2018-01-12 08:00:00,2018-01-12 08:00,9.45505,8.45922,0.0,0.39561,0.60022,0.0,0.0,0.0,0.0
2018-01-12 09:00:00,2018-01-12 09:00,9.36636,8.37902,0.0,0.40421,0.58313,0.0,0.0,0.0,0.0
2018-01-12 10:00:00,2018-01-12 10:00,8.66743,7.69234,0.0,0.4174,0.55769,0.0,0.0,0.0,0.0
2018-01-12 11:00:00,2018-01-12 11:00,7.48127,6.75281,0.0,0.29531,0.43315,0.0,0.0,0.0,0.0
2018-01-12 12:00:00,2018-01-12 12:00,6.3736,5.93635,0.0,0.003,0.43425,0.0,0.0,0.0,0.0
2018-01-12 13:00:00,2018-01-12 13:00,6.17537,5.73182,0.0,0.003,0.44055,0.0,0.0,0.0,0.0
2018-01-12 14:00:00,2018-01-12 14:00,5.91,5.46633,0.0,0.003,0.44067,0.0,0.0,0.0,0.0
2018-01-12 15:00:00,2018-01-12 15:00,5.67522,5.23017,0.0,0.003,0.44205,0.0,0.0,0.0,0.0
2018-01-12 16:00:00,2018-01-12 16:00,5.71144,5.26653,0.0,0.003,0.44191,0.0,0.0,0.0,0.0
2018-01-12 17:00:00,2018-01-12 17:00,5.81026,5.30415,0.0,0.003,0.50311,0.0,0.0,0.0,0.0
2018-01-12 18:00:00,2018-01-12 18:00,6.422,5.42606,0.0,0.21418,0.78176,0.01124,0.0,0.0,0.01124
2018-01-12 19:00:00,2018-01-12 19:00,9.19451,6.08472,0.0,0.41907,2.69072,0.04685,0.0,0.0,0.04685
2018-01-12 20:00:00,2018-01-12 20:00,8.88259,5.55457,0.0,0.40992,2.9181,0.05809,0.0,0.0,0.05809
2018-01-12 21:00:00,2018-01-12 21:00,7.62742,5.78636,0.0,0.4212,1.41986,0.0,0.0,0.0,0.0
2018-01-12 22:00:00,2018-01-12 22:00,7.33715,5.88605,0.0,0.29635,1.15475,0.0,0.0,0.0,0.0
2018-01-12 23:00:00,2018-01-12 23:00,6.63609,5.9042,0.0,0.003,0.72889,0.0,0.0,0.0,0.0
2018-01-13 00:00:00,2018-01-13 00:00,6.89013,6.16994,0.0,0.20682,0.51337,0.0,0.0,0.0,0.0
2018-01-13 01:00:00,2018-01-13 01:00,7.3308,6.62781,0.0,0.26126,0.44173,0.0,0.0,0.0,0.0
2018-01-13 02:00:00,2018-01-13 02:00,7.41024,6.97592,0.0,0.003,0.43132,0.0,0.0,0.0,0.0
2018-01-13 03:00:00,2018-01-13 03:00,7.66798,7.23485,0.0,0.003,0.43013,0.0,0.0,0.0,0.0
2018-01-13 04:00:00,2018-01-13 04:00,7.99814,7.57053,0.0,0.003,0.42461,0.0,0.0,0.0,0.0
2018-01-13 05:00:00,2018-01-13 05:00,8.3069,7.88308,0.0,0.003,0.42082,0.0,0.0,0.0,0.0
2018-01-13 06:00:00,2018-01-13 06:00,8.65929,8.23364,0.0,0.003,0.42265,0.0,0.0,0.0,0.0
2018-01-13 07:00:00,2018-01-13 07:00,9.37979,8.90637,0.0,0.003,0.47042,0.0,0.0,0.0,0.0
2018-01-13 08:00:00,2018-01-13 08:00,9.18219,8.51636,0.0,0.10564,0.56019,0.0,0.0,0.0,0.0
2018-01-13 09:00:00,2018-01-13 09:00,9.24084,8.27829,0.0,0.42267,0.53988,0.0,0.0,0.0,0.0
2018-01-13 10:00:00,2018-01-13 10:00,8.00699,7.3806,0.0,0.07069,0.5557,0.0,0.0,0.0,0.0
2018-01-13 11:00:00,2018-01-13 11:00,7.1484,6.32387,0.0,0.10431,0.72022,0.0,0.0,0.0,0.0
2018-01-13 12:00:00,2018-01-13 12:00,6.94499,5.71845,0.0,0.41613,0.81041,0.01124,0.0,0.0,0.01124
2018-01-13 13:00:00,2018-01-13 13:00,6.46116,5.33506,0.0,0.26708,0.85902,0.01686,0.0,0.0,0.01686
2018-01-13 14:00:00,2018-01-13 14:00,5.8377,5.09825,0.0,0.003,0.73645,0.0,0.0,0.0,0.0
2018-01-13 15:00:00,2018-01-13 15:00,5.57803,4.85287,0.0,0.003,0.72216,0.0,0.0,0.0,0.0
2018-01-13 16:00:00,2018-01-13 16:00,5.98424,4.78378,0.0,0.31285,0.88761,0.0,0.0,0.0,0.0
2018-01-13 17:00:00,2018-01-13 17:00,6.46479,5.08475,0.0,0.41515,0.96489,0.0,0.0,0.0,0.0
2018-01-13 18:00:00,2018-01-13 18:00,6.83167,5.33538,0.0,0.42555,1.07074,0.0,0.0,0.0,0.0
2018-01-13 19:00:00,2018-01-13 19:00,7.17412,5.76874,0.0,0.18845,1.21693,0.0,0.0,0.0,0.0
2018-01-13 20:00:00,2018-01-13 20:00,6.96843,5.7095,0.0,0.003,1.25593,0.0,0.0,0.0,0.0
2018-01-13 21:00:00,2018-01-13 21:00,7.45228,5.80839,0.0,0.40739,1.2365,0.0,0.0,0.0,0.0
2018-01-13 22:00:00,2018-01-13 22:00,7.62129,6.33847,0.0,0.19835,1.08447,0.0,0.0,0.0,0.0
2018-01-13 23:00:00,2018-01-13 23:00,7.46072,6.79926,0.0,0.003,0.65846,0.0,0.0,0.0,0.0
2018-01-14 00:00:00,2018-01-14 00:00,7.36852,6.89613,0.0,0.003,0.46939,0.0,0.0,0.0,0.0
2018-01-14 01:00:00,2018-01-14 01:00,7.48696,7.01958,0.0,0.003,0.46438,0.0,0.0,0.0,0.0
2018-01-14 02:00:00,2018-01-14 02:00,7.54447,7.09659,0.0,0.003,0.44488,0.0,0.0,0.0,0.0
2018-01-14 03:00:00,2018-01-14 03:00,7.77017,7.33707,0.0,0.003,0.4301,0.0,0.0,0.0,0.0
2018-01-14 04:00:00,2018-01-14 04:00,8.28191,7.85429,0.0,0.003,0.42462,0.0,0.0,0.0,0.0
2018-01-14 05:00:00,2018-01-14 05:00,8.1769,7.75306,0.0,0.003,0.42084,0.0,0.0,0.0,0.0
2018-01-14 06:00:00,2018-01-14 06:00,7.59548,7.06062,0.0,0.1067,0.42816,0.0,0.0,0.0,0.0
2018-01-14 07:00:00,2018-01-14 07:00,7.73238,6.84087,0.0,0.42061,0.4709,0.0,0.0,0.0,0.0
2018-01-14 08:00:00,2018-01-14 08:00,6.52574,6.00757,0.0,0.06898,0.44919,0.0,0.0,0.0,0.0
2018-01-14 09:00:00,2018-01-14 09:00,6.19147,5.64859,0.0,0.003,0.53988,0.0,0.0,0.0,0.0
2018-01-14 10:00:00,2018-01-14 10:00,5.98089,5.36992,0.0,0.003,0.60797,0.0,0.0,0.0,0.0
2018-01-14 11:00:00,2018-01-14 11:00,6.05006,5.03965,0.0,0.4224,0.58801,0.0,0.0,0.0,0.0
2018-01-14 12:00:00,2018-01-14 12:00,5.24315,4.52753,0.0,0.04276,0.67286,0.05809,0.0,0.0,0.05809
2018-01-14 13:00:00,2018-01-14 13:00,5.44493,4.31101,0.0,0.10291,1.03101,0.0,0.0,0.0,0.0
2018-01-14 14:00:00,2018-01-14 14:00,6.60823,4.10254,0.0,0.3974,2.10829,0.0,0.0,0.0,0.0
2018-01-14 15:00:00,2018-01-14 15:00,5.30845,3.91902,0.0,0.41699,0.97244,0.0,0.0,0.0,0.0
2018-01-14 16:00:00,2018-01-14 16:00,5.32943,3.85954,0.0,0.43378,1.03611,0.0,0.0,0.0,0.0
2018-01-14 17:00:00,2018-01-14 17:00,5.28606,3.73137,0.0,0.419,1.13569,0.0,0.0,0.0,0.0
2018-01-14 18:00:00,2018-01-14 18:00,4.90362,3.65175,0.0,0.003,1.24887,0.0,0.0,0.0,0.0
2018-01-14 19:00:00,2018-01-14 19:00,5.25838,3.73357,0.0,0.30786,1.21695,0.0,0.0,0.0,0.0
2018-01-14 20:00:00,2018-01-14 20:00,5.00743,3.49216,0.0,0.25934,1.25593,0.0,0.0,0.0,0.0
2018-01-14 21:00:00,2018-01-14 21:00,4.72521,3.46378,0.0,0.003,1.25843,0.0,0.0,0.0,0.0
2018-01-14 22:00:00,2018-01-14 22:00,5.09072,3.79043,0.0,0.003,1.29729,0.0,0.0,0.0,0.0
2018-01-14 23:00:00,2018-01-14 23:00,5.30886,4.21377,0.0,0.20794,0.88715,0.0,0.0,0.0,0.0
2018-01-15 00:00:00,2018-01-15 00:00,5.41111,4.37899,0.0,0.4063,0.62582,0.0,0.0,0.0,0.0
2018-01-15 01:00:00,2018-01-15 01:00,5.12045,4.5628,0.0,0.003,0.55465,0.0281,0.0,0.0,0.0281
2018-01-15 02:00:00,2018-01-15 02:00,5.59367,4.93363,0.0,0.20774,0.4523,0.0,0.0,0.0,0.0
2018-01-15 03:00:00,2018-01-15 03:00,5.9631,5.10977,0.0,0.41064,0.44269,0.0,0.0,0.0,0.0
2018-01-15 04:00:00,2018-01-15 04:00,5.67991,5.24832,0.0,0.003,0.42859,0.0,0.0,0.0,0.0
2018-01-15 05:00:00,2018-01-15 05:00,5.82533,5.40275,0.0,0.003,0.41958,0.0,0.0,0.0,0.0
2018-01-15 06:00:00,2018-01-15 06:00,6.40769,5.63702,0.0,0.30957,0.4611,0.0,0.0,0.0,0.0
2018-01-15 07:00:00,2018-01-15 07:00,7.23925,6.27561,0.0,0.41113,0.55251,0.0,0.0,0.0,0.0
2018-01-15 08:00:00,2018-01-15 08:00,7.07591,6.05499,0.0,0.4237,0.59722,0.0,0.0,0.0,0.0
2018-01-15 09:00:00,2018-01-15 09:00,7.37356,6.42152,0.0,0.40867,0.54337,0.0,0.0,0.0,0.0
2018-01-15 10:00:00,2018-01-15 10:00,7.47798,6.61225,0.0,0.39062,0.47511,0.0,0.0,0.0,0.0
2018-01-15 11:00:00,2018-01-15 11:00,6.41689,5.98074,0.0,0.003,0.43315,0.0,0.0,0.0,0.0
2018-01-15 12:00:00,2018-01-15 12:00,6.22434,5.78709,0.0,0.003,0.43425,0.0,0.0,0.0,0.0
2018-01-15 13:00:00,2018-01-15 13:00,6.18432,5.74076,0.0,0.003,0.44056,0.0,0.0,0.0,0.0
2018-01-15 14:00:00,2018-01-15 14:00,6.12786,5.6842,0.0,0.003,0.44066,0.0,0.0,0.0,0.0
2018-01-15 15:00:00,2018-01-15 15:00,6.20932,5.76426,0.0,0.003,0.44206,0.0,0.0,0.0,0.0
2018-01-15 16:00:00,2018-01-15 16:00,6.03494,5.59003,0.0,0.003,0.44191,0.0,0.0,0.0,0.0
2018-01-15 17:00:00,2018-01-15 17:00,5.99386,5.48775,0.0,0.003,0.50311,0.0,0.0,0.0,0.0
2018-01-15 18:00:00,2018-01-15 18:00,6.33149,5.41518,0.0,0.21132,0.70499,0.05809,0.0,0.0,0.05809
2018-01-15 19:00:00,2018-01-15 19:00,7.02721,5.85949,0.0,0.24956,0.91816,0.0,0.0,0.0,0.0
2018-01-15 20:00:00,2018-01-15 20:00,6.69376,5.69654,0.0,0.003,0.99422,0.0,0.0,0.0,0.0
2018-01-15 21:00:00,2018-01-15 21:00,7.04405,5.72889,0.0,0.10521,1.20995,0.0,0.0,0.0,0.0
2018-01-15 22:00:00,2018-01-15 22:00,7.39282,5.71543,0.0,0.41829,1.2591,0.0,0.0,0.0,0.0
2018-01-15 23:00:00,2018-01-15 23:00,6.78395,5.81026,0.0,0.20722,0.76647,0.0,0.0,0.0,0.0
2018-01-16 00:00:00,2018-01-16 00:00,6.49985,6.0138,0.0,0.003,0.48305,0.0,0.0,0.0,0.0
2018-01-16 01:00:00,2018-01-16 01:00,6.60906,6.17068,0.0,0.003,0.43538,0.0,0.0,0.0,0.0
2018-01-16 02:00:00,2018-01-16 02:00,6.70966,6.27664,0.0,0.003,0.43002,0.0,0.0,0.0,0.0
2018-01-16 03:00:00,2018-01-16 03:00,6.71015,6.27828,0.0,0.003,0.42887,0.0,0.0,0.0,0.0
2018-01-16 04:00:00,2018-01-16 04:00,6.77952,6.35316,0.0,0.003,0.42336,0.0,0.0,0.0,0.0
2018-01-16 05:00:00,2018-01-16 05:00,7.08518,6.33863,0.0,0.30595,0.4406,0.0,0.0,0.0,0.0
2018-01-16 06:00:00,2018-01-16 06:00,7.10521,6.2224,0.0,0.40619,0.47662,0.0,0.0,0.0,0.0
2018-01-16 07:00:00,2018-01-16 07:00,7.70288,6.70154,0.0,0.41312,0.58822,0.0,0.0,0.0,0.0
2018-01-16 08:00:00,2018-01-16 08:00,7.29751,6.37261,0.0,0.40706,0.51784,0.0,0.0,0.0,0.0
2018-01-16 09:00:00,2018-01-16 09:00,7.35709,6.43497,0.0,0.40096,0.52116,0.0,0.0,0.0,0.0
2018-01-16 10:00:00,2018-01-16 10:00,7.13313,6.23313,0.0,0.41579,0.48421,0.0,0.0,0.0,0.0
2018-01-16 11:00:00,2018-01-16 11:00,6.46244,5.77981,0.0,0.24946,0.43317,0.0,0.0,0.0,0.0
2018-01-16 12:00:00,2018-01-16 12:00,5.90766,5.47041,0.0,0.003,0.43425,0.0,0.0,0.0,0.0
2018-01-16 13:00:00,2018-01-16 13:00,5.79096,5.27741,0.0,0.003,0.51055,0.0,0.0,0.0,0.0
2018-01-16 14:00:00,2018-01-16 14:00,6.00106,5.24144,0.0,0.31896,0.44066,0.0,0.0,0.0,0.0
2018-01-16 15:00:00,2018-01-16 15:00,5.63476,5.10727,0.0,0.06304,0.46445,0.01124,0.0,0.0,0.01124
2018-01-16 16:00:00,2018-01-16 16:00,5.60347,4.98537,0.0,0.003,0.6151,0.01686,0.0,0.0,0.01686
2018-01-16 17:00:00,2018-01-16 17:00,6.26107,5.10781,0.0,0.41634,0.73692,0.0,0.0,0.0,0.0
2018-01-16 18:00:00,2018-01-16 18:00,6.5951,5.27006,0.0,0.35294,0.9721,0.01124,0.0,0.0,0.01124
2018-01-16 19:00:00,2018-01-16 19:00,6.87443,5.5839,0.0,0.003,1.28753,0.0281,0.0,0.0,0.0281
2018-01-16 20:00:00,2018-01-16 20:00,6.73126,5.49393,0.0,0.003,1.23433,0.01686,0.0,0.0,0.01686
2018-01-16 21:00:00,2018-01-16 21:00,6.99823,5.701,0.0,0.003,1.29423,0.0,0.0,0.0,0.0
2018-01-16 22:00:00,2018-01-16 22:00,7.24712,5.85764,0.0,0.10457,1.28491,0.0,0.0,0.0,0.0
2018-01-16 23:00:00,2018-01-16 23:00,8.36775,6.40573,0.0,0.34755,1.61447,0.0,0.0,0.0,0.0
2018-01-17 00:00:00,2018-01-17 00:00,9.59209,6.96985,0.0,0.003,2.61924,0.0,0.0,0.0,0.0
2018-01-17 01:00:00,2018-01-17 01:00,7.56682,6.59016,0.0,0.003,0.97366,0.0,0.0,0.0,0.0
2018-01-17 02:00:00,2018-01-17 02:00,6.96957,6.5365,0.0,0.003,0.43007,0.0,0.0,0.0,0.0
2018-01-17 03:00:00,2018-01-17 03:00,6.89528,6.46339,0.0,0.003,0.42889,0.0,0.0,0.0,0.0
2018-01-17 04:00:00,2018-01-17 04:00,6.75954,6.33317,0.0,0.003,0.42337,0.0,0.0,0.0,0.0
2018-01-17 05:00:00,2018-01-17 05:00,6.80692,6.17619,0.0,0.21114,0.41959,0.0,0.0,0.0,0.0
2018-01-17 06:00:00,2018-01-17 06:00,6.75745,5.95428,0.0,0.3621,0.44107,0.0,0.0,0.0,0.0
2018-01-17 07:00:00,2018-01-17 07:00,6.87502,6.18281,0.0,0.10361,0.5886,0.0,0.0,0.0,0.0
2018-01-17 08:00:00,2018-01-17 08:00,6.58311,5.45841,0.0,0.38701,0.73769,0.05809,0.0,0.0,0.05809
2018-01-17 09:00:00,2018-01-17 09:00,6.33648,5.3517,0.0,0.37595,0.60883,0.0,0.0,0.0,0.0
2018-01-17 10:00:00,2018-01-17 10:00,5.76497,4.91083,0.0,0.37902,0.47512,0.0,0.0,0.0,0.0
2018-01-17 11:00:00,2018-01-17 11:00,5.25944,4.39551,0.0,0.41029,0.45364,0.01124,0.0,0.0,0.01124
2018-01-17 12:00:00,2018-01-17 12:00,4.66555,3.68935,0.0,0.43154,0.54466,0.01686,0.0,0.0,0.01686
2018-01-17 13:00:00,2018-01-17 13:00,4.12912,3.23851,0.0,0.43606,0.45455,0.0,0.0,0.0,0.0
2018-01-17 14:00:00,2018-01-17 14:00,3.35132,2.89575,0.0,0.0149,0.44067,0.0,0.0,0.0,0.0
2018-01-17 15:00:00,2018-01-17 15:00,3.18012,2.73506,0.0,0.003,0.44206,0.0,0.0,0.0,0.0
2018-01-17 16:00:00,2018-01-17 16:00,2.99391,2.54901,0.0,0.003,0.4419,0.0,0.0,0.0,0.0
2018-01-17 17:00:00,2018-01-17 17:00,2.97093,2.24965,0.0,0.003,0.71828,0.05809,0.0,0.0,0.05809
2018-01-17 18:00:00,2018-01-17 18:00,3.62304,2.47491,0.0,0.31982,0.82831,0.0,0.0,0.0,0.0
2018-01-17 19:00:00,2018-01-17 19:00,4.00831,2.62905,0.0,0.42831,0.95095,0.0,0.0,0.0,0.0
2018-01-17 20:00:00,2018-01-17 20:00,3.72307,2.4388,0.0,0.0786,1.20567,0.0,0.0,0.0,0.0
2018-01-17 21:00:00,2018-01-17 21:00,3.80919,2.34871,0.0,0.003,1.45748,0.0,0.0,0.0,0.0
2018-01-17 22:00:00,2018-01-17 22:00,3.60287,2.48413,0.0,0.003,1.11574,0.0,0.0,0.0,0.0
2018-01-17 23:00:00,2018-01-17 23:00,3.26408,2.63389,0.0,0.003,0.62719,0.0,0.0,0.0,0.0
2018-01-18 00:00:00,2018-01-18 00:00,3.44734,2.7956,0.0,0.21207,0.43967,0.0,0.0,0.0,0.0
2018-01-18 01:00:00,2018-01-18 01:00,3.49923,2.89983,0.0,0.16402,0.43538,0.0,0.0,0.0,0.0
2018-01-18 02:00:00,2018-01-18 02:00,3.43416,3.00108,0.0,0.003,0.43008,0.0,0.0,0.0,0.0
2018-01-18 03:00:00,2018-01-18 03:00,3.48573,3.05385,0.0,0.003,0.42888,0.0,0.0,0.0,0.0
2018-01-18 04:00:00,2018-01-18 04:00,3.41005,2.98224,0.0,0.003,0.42481,0.0,0.0,0.0,0.0
2018-01-18 05:00:00,2018-01-18 05:00,3.26848,2.83606,0.0,0.003,0.42942,0.0,0.0,0.0,0.0
2018-01-18 06:00:00,2018-01-18 06:00,3.42388,2.78194,0.0,0.20785,0.43409,0.0,0.0,0.0,0.0
2018-01-18 07:00:00,2018-01-18 07:00,4.03123,3.1042,0.0,0.41355,0.51348,0.0,0.0,0.0,0.0
2018-01-18 08:00:00,2018-01-18 08:00,4.01475,3.23066,0.0,0.34553,0.43856,0.0,0.0,0.0,0.0
2018-01-18 09:00:00,2018-01-18 09:00,3.54248,3.08735,0.0,0.003,0.45213,0.0,0.0,0.0,0.0
2018-01-18 10:00:00,2018-01-18 10:00,3.21083,2.68697,0.0,0.003,0.52086,0.0,0.0,0.0,0.0
2018-01-18 11:00:00,2018-01-18 11:00,2.73394,2.29779,0.0,0.003,0.43315,0.0,0.0,0.0,0.0
2018-01-18 12:00:00,2018-01-18 12:00,2.28021,1.84296,0.0,0.003,0.43425,0.0,0.0,0.0,0.0
2018-01-18 13:00:00,2018-01-18 13:00,2.01468,1.57113,0.0,0.003,0.44055,0.0,0.0,0.0,0.0
2018-01-18 14:00:00,2018-01-18 14:00,1.86421,1.42055,0.0,0.003,0.44066,0.0,0.0,0.0,0.0
2018-01-18 15:00:00,2018-01-18 15:00,2.1512,1.25105,0.0,0.43341,0.46674,0.0,0.0,0.0,0.0
2018-01-18 16:00:00,2018-01-18 16:00,1.96809,1.36147,0.0,0.095,0.51162,0.0,0.0,0.0,0.0
2018-01-18 17:00:00,2018-01-18 17:00,2.40896,1.42067,0.0,0.30726,0.68103,0.0,0.0,0.0,0.0
2018-01-18 18:00:00,2018-01-18 18:00,2.8032,1.36984,0.0,0.42191,1.01145,0.0281,0.0,0.0,0.0281
2018-01-18 19:00:00,2018-01-18 19:00,2.84286,1.59733,0.0,0.22597,1.01956,0.01124,0.0,0.0,0.01124
2018-01-18 20:00:00,2018-01-18 20:00,2.59582,1.27045,0.0,0.003,1.32237,0.10491,0.0,0.0,0.10491
2018-01-18 21:00:00,2018-01-18 21:00,2.93158,1.71863,0.0,0.003,1.20995,0.0,0.0,0.0,0.0
2018-01-18 22:00:00,2018-01-18 22:00,3.13242,1.78161,0.0,0.1063,1.24451,0.0,0.0,0.0,0.0
2018-01-18 23:00:00,2018-01-18 23:00,3.10383,1.93491,0.0,0.43126,0.73766,0.0,0.0,0.0,0.0
2018-01-19 00:00:00,2018-01-19 00:00,2.61176,2.04246,0.0,0.12965,0.43965,0.0,0.0,0.0,0.0
2018-01-19 01:00:00,2018-01-19 01:00,2.54348,2.1051,0.0,0.003,0.43538,0.0,0.0,0.0,0.0
2018-01-19 02:00:00,2018-01-19 02:00,2.55155,2.1185,0.0,0.003,0.43005,0.0,0.0,0.0,0.0
2018-01-19 03:00:00,2018-01-19 03:00,2.57491,2.14303,0.0,0.003,0.42888,0.0,0.0,0.0,0.0
2018-01-19 04:00:00,2018-01-19 04:00,2.56243,2.13605,0.0,0.003,0.42338,0.0,0.0,0.0,0.0
2018-01-19 05:00:00,2018-01-19 05:00,2.55466,2.13207,0.0,0.003,0.41959,0.0,0.0,0.0,0.0
2018-01-19 06:00:00,2018-01-19 06:00,2.55826,2.13383,0.0,0.003,0.42143,0.0,0.0,0.0,0.0
2018-01-19 07:00:00,2018-01-19 07:00,2.7252,2.24522,0.0,0.003,0.47698,0.0,0.0,0.0,0.0
2018-01-19 08:00:00,2018-01-19 08:00,3.03554,2.11517,0.0,0.32314,0.59723,0.0,0.0,0.0,0.0
2018-01-19 09:00:00,2018-01-19 09:00,2.93587,2.10086,0.0,0.26987,0.56514,0.0,0.0,0.0,0.0
2018-01-19 10:00:00,2018-01-19 10:00,2.67796,2.04245,0.0,0.10527,0.53024,0.0,0.0,0.0,0.0
2018-01-19 11:00:00,2018-01-19 11:00,2.80718,1.86916,0.0,0.41208,0.52594,0.0,0.0,0.0,0.0
2018-01-19 12:00:00,2018-01-19 12:00,2.71462,1.81276,0.0,0.43023,0.47163,0.0,0.0,0.0,0.0
2018-01-19 13:00:00,2018-01-19 13:00,2.22062,1.72426,0.0,0.0558,0.44056,0.0,0.0,0.0,0.0
2018-01-19 14:00:00,2018-01-19 14:00,1.85529,1.41164,0.0,0.003,0.44065,0.0,0.0,0.0,0.0
2018-01-19 15:00:00,2018-01-19 15:00,1.66759,1.22253,0.0,0.003,0.44206,0.0,0.0,0.0,0.0
2018-01-19 16:00:00,2018-01-19 16:00,1.59104,1.14613,0.0,0.003,0.44191,0.0,0.0,0.0,0.0
2018-01-19 17:00:00,2018-01-19 17:00,1.57773,1.10648,0.0,0.003,0.46825,0.0,0.0,0.0,0.0
2018-01-19 18:00:00,2018-01-19 18:00,2.25479,1.12565,0.0,0.31611,0.81303,0.01124,0.0,0.0,0.01124
2018-01-19 19:00:00,2018-01-19 19:00,2.7134,1.35537,0.0,0.39023,0.9678,0.01686,0.0,0.0,0.01686
2018-01-19 20:00:00,2018-01-19 20:00,2.53093,1.34756,0.0,0.003,1.18037,0.0,0.0,0.0,0.0
2018-01-19 21:00:00,2018-01-19 21:00,2.6418,1.36591,0.0,0.003,1.27289,0.0,0.0,0.0,0.0
2018-01-19 22:00:00,2018-01-19 22:00,2.57968,1.38837,0.0,0.10777,1.08354,0.0,0.0,0.0,0.0
2018-01-19 23:00:00,2018-01-19 23:00,2.64883,1.49365,0.0,0.36749,0.78769,0.0,0.0,0.0,0.0
2018-01-20 00:00:00,2018-01-20 00:00,2.17032,1.60339,0.0,0.003,0.56393,0.0,0.0,0.0,0.0
2018-01-20 01:00:00,2018-01-20 01:00,2.11663,1.64617,0.0,0.003,0.46746,0.0,0.0,0.0,0.0
2018-01-20 02:00:00,2018-01-20 02:00,2.15522,1.72091,0.0,0.003,0.43131,0.0,0.0,0.0,0.0
2018-01-20 03:00:00,2018-01-20 03:00,2.31493,1.8818,0.0,0.003,0.43013,0.0,0.0,0.0,0.0
2018-01-20 04:00:00,2018-01-20 04:00,2.48681,2.05919,0.0,0.003,0.42462,0.0,0.0,0.0,0.0
2018-01-20 05:00:00,2018-01-20 05:00,2.56574,2.1419,0.0,0.003,0.42084,0.0,0.0,0.0,0.0
2018-01-20 06:00:00,2018-01-20 06:00,2.55632,2.13066,0.0,0.003,0.42266,0.0,0.0,0.0,0.0
2018-01-20 07:00:00,2018-01-20 07:00,2.8011,2.33552,0.0,0.003,0.46258,0.0,0.0,0.0,0.0
2018-01-20 08:00:00,2018-01-20 08:00,2.98168,2.29941,0.0,0.22184,0.46043,0.01124,0.0,0.0,0.01124
2018-01-20 09:00:00,2018-01-20 09:00,2.82399,2.03153,0.0,0.08983,0.70263,0.04685,0.0,0.0,0.04685
2018-01-20 10:00:00,2018-01-20 10:00,2.89894,1.91071,0.0,0.32254,0.66569,0.0,0.0,0.0,0.0
2018-01-20 11:00:00,2018-01-20 11:00,2.50726,1.65204,0.0,0.20116,0.65406,0.0,0.0,0.0,0.0
2018-01-20 12:00:00,2018-01-20 12:00,2.45673,1.47486,0.0,0.32218,0.65969,0.0,0.0,0.0,0.0
2018-01-20 13:00:00,2018-01-20 13:00,2.15901,1.35401,0.0,0.10997,0.69503,0.0,0.0,0.0,0.0
2018-01-20 14:00:00,2018-01-20 14:00,2.26135,1.11329,0.0,0.21445,0.93361,0.0,0.0,0.0,0.0
2018-01-20 15:00:00,2018-01-20 15:00,2.27075,0.94976,0.0,0.32573,0.99526,0.0,0.0,0.0,0.0
2018-01-20 16:00:00,2018-01-20 16:00,2.93232,0.92735,0.0,0.003,2.00197,0.0,0.0,0.0,0.0
2018-01-20 17:00:00,2018-01-20 17:00,4.35113,1.01537,0.0,0.1075,3.22826,0.01124,0.0,0.0,0.01124
2018-01-20 18:00:00,2018-01-20 18:00,2.61562,0.99846,0.0,0.3281,1.28906,0.01686,0.0,0.0,0.01686
2018-01-20 19:00:00,2018-01-20 19:00,2.60303,1.23173,0.0,0.003,1.3683,0.0,0.0,0.0,0.0
2018-01-20 20:00:00,2018-01-20 20:00,2.75473,1.20106,0.0,0.20622,1.34745,0.0,0.0,0.0,0.0
2018-01-20 21:00:00,2018-01-20 21:00,3.08936,1.18395,0.0,0.41316,1.49225,0.0,0.0,0.0,0.0
2018-01-20 22:00:00,2018-01-20 22:00,3.05623,1.31706,0.0,0.44186,1.29731,0.0,0.0,0.0,0.0
2018-01-20 23:00:00,2018-01-20 23:00,2.38575,1.46328,0.0,0.03533,0.88714,0.0,0.0,0.0,0.0
2018-01-21 00:00:00,2018-01-21 00:00,2.59481,1.57753,0.0,0.43003,0.58725,0.0,0.0,0.0,0.0
2018-01-21 01:00:00,2018-01-21 01:00,2.08298,1.5792,0.0,0.003,0.50078,0.0,0.0,0.0,0.0
2018-01-21 02:00:00,2018-01-21 02:00,2.43986,1.67376,0.0,0.31445,0.45165,0.0,0.0,0.0,0.0
2018-01-21 03:00:00,2018-01-21 03:00,2.54256,1.678,0.0,0.42491,0.43965,0.0,0.0,0.0,0.0
2018-01-21 04:00:00,2018-01-21 04:00,2.15787,1.73026,0.0,0.003,0.42461,0.0,0.0,0.0,0.0
2018-01-21 05:00:00,2018-01-21 05:00,2.18819,1.76435,0.0,0.003,0.42084,0.0,0.0,0.0,0.0
2018-01-21 06:00:00,2018-01-21 06:00,2.13598,1.71032,0.0,0.003,0.42266,0.0,0.0,0.0,0.0
2018-01-21 07:00:00,2018-01-21 07:00,2.2445,1.75983,0.0,0.003,0.48167,0.01124,0.0,0.0,0.01124
2018-01-21 08:00:00,2018-01-21 08:00,2.09239,1.51252,0.0,0.003,0.57687,0.04685,0.0,0.0,0.04685
2018-01-21 09:00:00,2018-01-21 09:00,2.34646,1.59119,0.0,0.10889,0.64638,0.0,0.0,0.0,0.0
2018-01-21 10:00:00,2018-01-21 10:00,2.69572,1.51514,0.0,0.43655,0.74403,0.0,0.0,0.0,0.0
2018-01-21 11:00:00,2018-01-21 11:00,2.23289,1.46986,0.0,0.10896,0.65407,0.0,0.0,0.0,0.0
2018-01-21 12:00:00,2018-01-21 12:00,1.97865,1.41131,0.0,0.003,0.56434,0.0,0.0,0.0,0.0
2018-01-21 13:00:00,2018-01-21 13:00,2.24322,1.34587,0.0,0.32898,0.56837,0.0,0.0,0.0,0.0
2018-01-21 14:00:00,2018-01-21 14:00,2.04746,1.32359,0.0,0.03631,0.68756,0.0,0.0,0.0,0.0
2018-01-21 15:00:00,2018-01-21 15:00,2.07327,1.36268,0.0,0.003,0.70759,0.0,0.0,0.0,0.0
2018-01-21 16:00:00,2018-01-21 16:00,2.37157,1.40302,0.0,0.3189,0.64965,0.0,0.0,0.0,0.0
2018-01-21 17:00:00,2018-01-21 17:00,2.49195,1.42879,0.0,0.4407,0.62246,0.0,0.0,0.0,0.0
2018-01-21 18:00:00,2018-01-21 18:00,2.45138,1.46073,0.0,0.20012,0.79053,0.0,0.0,0.0,0.0
2018-01-21 19:00:00,2018-01-21 19:00,2.73927,1.54741,0.0,0.21071,0.98115,0.0,0.0,0.0,0.0
2018-01-21 20:00:00,2018-01-21 20:00,2.88148,1.43433,0.0,0.29539,1.15176,0.0,0.0,0.0,0.0
2018-01-21 21:00:00,2018-01-21 21:00,2.79142,1.39999,0.0,0.003,1.38843,0.0,0.0,0.0,0.0
2018-01-21 22:00:00,2018-01-21 22:00,3.04906,1.43353,0.0,0.42818,1.18735,0.0,0.0,0.0,0.0
2018-01-21 23:00:00,2018-01-21 23:00,2.59455,1.49311,0.0,0.2143,0.88714,0.0,0.0,0.0,0.0
2018-01-22 00:00:00,2018-01-22 00:00,2.16016,1.57048,0.0,0.003,0.58668,0.0,0.0,0.0,0.0
2018-01-22 01:00:00,2018-01-22 01:00,2.1837,1.68535,0.0,0.003,0.49535,0.0,0.0,0.0,0.0
2018-01-22 02:00:00,2018-01-22 02:00,2.47949,1.8168,0.0,0.21343,0.44926,0.0,0.0,0.0,0.0
2018-01-22 03:00:00,2018-01-22 03:00,2.76295,1.95615,0.0,0.37242,0.43438,0.0,0.0,0.0,0.0
2018-01-22 04:00:00,2018-01-22 04:00,2.40845,1.98064,0.0,0.003,0.42481,0.0,0.0,0.0,0.0
2018-01-22 05:00:00,2018-01-22 05:00,2.42327,1.99845,0.0,0.003,0.42182,0.0,0.0,0.0,0.0
2018-01-22 06:00:00,2018-01-22 06:00,2.77521,2.02319,0.0,0.32487,0.42715,0.0,0.0,0.0,0.0
2018-01-22 07:00:00,2018-01-22 07:00,3.09889,2.23634,0.0,0.37808,0.48447,0.0,0.0,0.0,0.0
2018-01-22 08:00:00,2018-01-22 08:00,2.6098,2.16828,0.0,0.003,0.43852,0.0,0.0,0.0,0.0
2018-01-22 09:00:00,2018-01-22 09:00,2.58745,2.03908,0.0,0.003,0.54537,0.0281,0.0,0.0,0.0281
2018-01-22 10:00:00,2018-01-22 10:00,2.71864,2.18542,0.0,0.003,0.53022,0.0,0.0,0.0,0.0
2018-01-22 11:00:00,2018-01-22 11:00,3.25484,2.2306,0.0,0.41928,0.60496,0.0,0.0,0.0,0.0
2018-01-22 12:00:00,2018-01-22 12:00,3.28029,2.32687,0.0,0.42104,0.53238,0.0,0.0,0.0,0.0
2018-01-22 13:00:00,2018-01-22 13:00,3.12422,2.40785,0.0,0.27581,0.44056,0.0,0.0,0.0,0.0
2018-01-22 14:00:00,2018-01-22 14:00,2.7086,2.26492,0.0,0.003,0.44068,0.0,0.0,0.0,0.0
2018-01-22 15:00:00,2018-01-22 15:00,2.76455,2.3195,0.0,0.003,0.44205,0.0,0.0,0.0,0.0
2018-01-22 16:00:00,2018-01-22 16:00,2.88605,2.44117,0.0,0.003,0.44188,0.0,0.0,0.0,0.0
2018-01-22 17:00:00,2018-01-22 17:00,2.97539,2.52182,0.0,0.003,0.45057,0.0,0.0,0.0,0.0
2018-01-22 18:00:00,2018-01-22 18:00,3.05012,2.55933,0.0,0.003,0.48779,0.0,0.0,0.0,0.0
2018-01-22 19:00:00,2018-01-22 19:00,3.70704,2.54751,0.0,0.4302,0.72933,0.0,0.0,0.0,0.0
2018-01-22 20:00:00,2018-01-22 20:00,3.82868,2.34691,0.0,0.32735,1.15442,0.01124,0.0,0.0,0.01124
2018-01-22 21:00:00,2018-01-22 21:00,3.60843,2.25288,0.0,0.003,1.35255,0.01686,0.0,0.0,0.01686
2018-01-22 22:00:00,2018-01-22 22:00,3.21632,2.33474,0.0,0.003,0.87858,0.0,0.0,0.0,0.0
2018-01-22 23:00:00,2018-01-22 23:00,2.86278,2.40893,0.0,0.003,0.45085,0.0,0.0,0.0,0.0
2018-01-23 00:00:00,2018-01-23 00:00,2.80103,2.35838,0.0,0.003,0.43965,0.0,0.0,0.0,0.0
2018-01-23 01:00:00,2018-01-23 01:00,2.81901,2.38062,0.0,0.003,0.43539,0.0,0.0,0.0,0.0
2018-01-23 02:00:00,2018-01-23 02:00,2.83187,2.39881,0.0,0.003,0.43006,0.0,0.0,0.0,0.0
2018-01-23 03:00:00,2018-01-23 03:00,2.83589,2.32837,0.0,0.003,0.50452,0.06745,0.0,0.0,0.06745
2018-01-23 04:00:00,2018-01-23 04:00,3.2524,2.33538,0.0,0.3793,0.53772,0.11242,0.0,0.0,0.11242
2018-01-23 05:00:00,2018-01-23 05:00,3.22292,2.76753,0.0,0.003,0.45239,0.02248,0.0,0.0,0.02248
2018-01-23 06:00:00,2018-01-23 06:00,3.90908,3.02243,0.0,0.42846,0.45819,0.0,0.0,0.0,0.0
2018-01-23 07:00:00,2018-01-23 07:00,4.26461,3.20851,0.0,0.42648,0.62962,0.01124,0.0,0.0,0.01124
2018-01-23 08:00:00,2018-01-23 08:00,4.17656,3.05764,0.0,0.42565,0.69327,0.01686,0.0,0.0,0.01686
2018-01-23 09:00:00,2018-01-23 09:00,4.25758,3.205,0.0,0.42158,0.631,0.0,0.0,0.0,0.0
2018-01-23 10:00:00,2018-01-23 10:00,4.15046,3.09686,0.0,0.43123,0.62237,0.0,0.0,0.0,0.0
2018-01-23 11:00:00,2018-01-23 11:00,3.92173,2.8745,0.0,0.4283,0.61893,0.0,0.0,0.0,0.0
2018-01-23 12:00:00,2018-01-23 12:00,3.53692,2.65371,0.0,0.31809,0.56512,0.0,0.0,0.0,0.0
2018-01-23 13:00:00,2018-01-23 13:00,2.95465,2.41735,0.0,0.003,0.5343,0.0,0.0,0.0,0.0
2018-01-23 14:00:00,2018-01-23 14:00,2.77941,2.13645,0.0,0.1054,0.53756,0.0,0.0,0.0,0.0
2018-01-23 15:00:00,2018-01-23 15:00,2.70507,1.9128,0.0,0.33538,0.45689,0.0,0.0,0.0,0.0
2018-01-23 16:00:00,2018-01-23 16:00,2.34975,1.90485,0.0,0.003,0.4419,0.0,0.0,0.0,0.0
2018-01-23 17:00:00,2018-01-23 17:00,2.58313,1.97936,0.0,0.003,0.60077,0.0,0.0,0.0,0.0
2018-01-23 18:00:00,2018-01-23 18:00,4.47025,2.11092,0.0,0.10583,2.2535,0.0,0.0,0.0,0.0
2018-01-23 19:00:00,2018-01-23 19:00,4.16539,2.39209,0.0,0.42462,1.34868,0.01124,0.0,0.0,0.01124
2018-01-23 20:00:00,2018-01-23 20:00,3.86987,2.08394,0.0,0.43434,1.35159,0.04685,0.0,0.0,0.04685
2018-01-23 21:00:00,2018-01-23 21:00,3.66644,2.26079,0.0,0.03235,1.3733,0.0,0.0,0.0,0.0
2018-01-23 22:00:00,2018-01-23 22:00,3.52764,2.56311,0.0,0.003,0.96153,0.0,0.0,0.0,0.0
2018-01-23 23:00:00,2018-01-23 23:00,3.49539,2.77004,0.0,0.003,0.72235,0.0,0.0,0.0,0.0
2018-01-24 00:00:00,2018-01-24 00:00,3.48832,2.98558,0.0,0.003,0.49974,0.0,0.0,0.0,0.0
2018-01-24 01:00:00,2018-01-24 01:00,3.64997,3.21156,0.0,0.003,0.43541,0.0,0.0,0.0,0.0
2018-01-24 02:00:00,2018-01-24 02:00,3.74165,3.30858,0.0,0.003,0.43007,0.0,0.0,0.0,0.0
2018-01-24 03:00:00,2018-01-24 03:00,3.91646,3.48458,0.0,0.003,0.42888,0.0,0.0,0.0,0.0
2018-01-24 04:00:00,2018-01-24 04:00,4.02645,3.60008,0.0,0.003,0.42337,0.0,0.0,0.0,0.0
2018-01-24 05:00:00,2018-01-24 05:00,4.1251,3.59399,0.0,0.1088,0.42231,0.0,0.0,0.0,0.0
2018-01-24 06:00:00,2018-01-24 06:00,4.42444,3.52989,0.0,0.43637,0.45818,0.0,0.0,0.0,0.0
2018-01-24 07:00:00,2018-01-24 07:00,4.03111,3.35397,0.0,0.0086,0.66854,0.05809,0.0,0.0,0.05809
2018-01-24 08:00:00,2018-01-24 08:00,4.32549,3.30798,0.0,0.41162,0.60589,0.0,0.0,0.0,0.0
2018-01-24 09:00:00,2018-01-24 09:00,4.21798,3.21573,0.0,0.40231,0.59994,0.0,0.0,0.0,0.0
2018-01-24 10:00:00,2018-01-24 10:00,3.8906,2.95105,0.0,0.40932,0.53023,0.0,0.0,0.0,0.0
2018-01-24 11:00:00,2018-01-24 11:00,3.67701,2.74314,0.0,0.40794,0.52593,0.0,0.0,0.0,0.0
2018-01-24 12:00:00,2018-01-24 12:00,3.52301,2.64265,0.0,0.40873,0.47163,0.0,0.0,0.0,0.0
2018-01-24 13:00:00,2018-01-24 13:00,3.39409,2.52213,0.0,0.43142,0.44054,0.0,0.0,0.0,0.0
2018-01-24 14:00:00,2018-01-24 14:00,2.9335,2.38382,0.0,0.10902,0.44066,0.0,0.0,0.0,0.0
2018-01-24 15:00:00,2018-01-24 15:00,2.79621,2.29049,0.0,0.003,0.50272,0.0,0.0,0.0,0.0
2018-01-24 16:00:00,2018-01-24 16:00,2.89834,2.26912,0.0,0.003,0.62622,0.0,0.0,0.0,0.0
2018-01-24 17:00:00,2018-01-24 17:00,2.98666,2.24675,0.0,0.003,0.73691,0.0,0.0,0.0,0.0
2018-01-24 18:00:00,2018-01-24 18:00,2.96261,2.07323,0.0,0.003,0.88638,0.05809,0.0,0.0,0.05809
2018-01-24 19:00:00,2018-01-24 19:00,3.67133,2.31452,0.0,0.11019,1.24662,0.0281,0.0,0.0,0.0281
2018-01-24 20:00:00,2018-01-24 20:00,4.14958,2.26948,0.0,0.43909,1.44101,0.0,0.0,0.0,0.0
2018-01-24 21:00:00,2018-01-24 21:00,3.64635,2.39856,0.0,0.03782,1.20997,0.0,0.0,0.0,0.0
2018-01-24 22:00:00,2018-01-24 22:00,3.56087,2.48902,0.0,0.003,1.06885,0.0,0.0,0.0,0.0
2018-01-24 23:00:00,2018-01-24 23:00,3.57893,2.53989,0.0,0.31668,0.72236,0.0,0.0,0.0,0.0
2018-01-25 00:00:00,2018-01-25 00:00,3.33264,2.56461,0.0,0.26505,0.50298,0.0,0.0,0.0,0.0
2018-01-25 01:00:00,2018-01-25 01:00,3.0601,2.59097,0.0,0.003,0.46613,0.0,0.0,0.0,0.0
2018-01-25 02:00:00,2018-01-25 02:00,3.03246,2.58021,0.0,0.003,0.44925,0.0,0.0,0.0,0.0
2018-01-25 03:00:00,2018-01-25 03:00,3.32312,2.56051,0.0,0.32129,0.44132,0.0,0.0,0.0,0.0
2018-01-25 04:00:00,2018-01-25 04:00,3.06837,2.57037,0.0,0.07465,0.42335,0.0,0.0,0.0,0.0
2018-01-25 05:00:00,2018-01-25 05:00,3.02879,2.60252,0.0,0.003,0.42327,0.0,0.0,0.0,0.0
2018-01-25 06:00:00,2018-01-25 06:00,3.04722,2.61708,0.0,0.003,0.42714,0.0,0.0,0.0,0.0
2018-01-25 07:00:00,2018-01-25 07:00,3.43606,2.70182,0.0,0.21287,0.52137,0.0,0.0,0.0,0.0
2018-01-25 08:00:00,2018-01-25 08:00,3.21813,2.36955,0.0,0.27266,0.57592,0.05809,0.0,0.0,0.05809
2018-01-25 09:00:00,2018-01-25 09:00,3.22939,2.54101,0.0,0.21067,0.47771,0.0,0.0,0.0,0.0
2018-01-25 10:00:00,2018-01-25 10:00,3.22682,2.57012,0.0,0.21808,0.43862,0.0,0.0,0.0,0.0
2018-01-25 11:00:00,2018-01-25 11:00,3.04676,2.60136,0.0,0.003,0.4424,0.0,0.0,0.0,0.0
2018-01-25 12:00:00,2018-01-25 12:00,3.25537,2.51807,0.0,0.20953,0.52777,0.0,0.0,0.0,0.0
2018-01-25 13:00:00,2018-01-25 13:00,3.46586,2.48272,0.0,0.42555,0.55759,0.0,0.0,0.0,0.0
2018-01-25 14:00:00,2018-01-25 14:00,3.45768,2.49042,0.0,0.42972,0.53754,0.0,0.0,0.0,0.0
2018-01-25 15:00:00,2018-01-25 15:00,3.21991,2.44959,0.0,0.28863,0.48169,0.0,0.0,0.0,0.0
2018-01-25 16:00:00,2018-01-25 16:00,2.91877,2.47388,0.0,0.003,0.44189,0.0,0.0,0.0,0.0
2018-01-25 17:00:00,2018-01-25 17:00,3.07272,2.56662,0.0,0.003,0.5031,0.0,0.0,0.0,0.0
2018-01-25 18:00:00,2018-01-25 18:00,3.2088,2.20587,0.0,0.10557,0.89736,0.09556,0.0,0.0,0.09556
2018-01-25 19:00:00,2018-01-25 19:00,3.87458,2.47792,0.0,0.42512,0.97154,0.0206,0.0,0.0,0.0206
2018-01-25 20:00:00,2018-01-25 20:00,3.42594,2.4104,0.0,0.25747,0.75807,0.0,0.0,0.0,0.0
2018-01-25 21:00:00,2018-01-25 21:00,3.28158,2.2697,0.0,0.003,1.00888,0.0,0.0,0.0,0.0
2018-01-25 22:00:00,2018-01-25 22:00,3.31365,2.24181,0.0,0.003,1.06884,0.0,0.0,0.0,0.0
2018-01-25 23:00:00,2018-01-25 23:00,2.99981,2.31817,0.0,0.003,0.67864,0.0,0.0,0.0,0.0
2018-01-26 00:00:00,2018-01-26 00:00,2.72793,2.28528,0.0,0.003,0.43965,0.0,0.0,0.0,0.0
2018-01-26 01:00:00,2018-01-26 01:00,2.76298,2.32269,0.0,0.003,0.43729,0.0,0.0,0.0,0.0
2018-01-26 02:00:00,2018-01-26 02:00,2.89227,2.22788,0.0,0.2137,0.45069,0.0,0.0,0.0,0.0
2018-01-26 03:00:00,2018-01-26 03:00,2.75327,2.05833,0.0,0.23932,0.45562,0.0,0.0,0.0,0.0
2018-01-26 04:00:00,2018-01-26 04:00,2.37211,1.93394,0.0,0.003,0.43517,0.0,0.0,0.0,0.0
2018-01-26 05:00:00,2018-01-26 05:00,2.12918,1.70661,0.0,0.003,0.41957,0.0,0.0,0.0,0.0
2018-01-26 06:00:00,2018-01-26 06:00,1.88758,1.45746,0.0,0.003,0.42712,0.0,0.0,0.0,0.0
2018-01-26 07:00:00,2018-01-26 07:00,2.43571,1.42967,0.0,0.41081,0.59523,0.0,0.0,0.0,0.0
2018-01-26 08:00:00,2018-01-26 08:00,2.45455,1.351,0.0,0.41846,0.68509,0.0,0.0,0.0,0.0
2018-01-26 09:00:00,2018-01-26 09:00,2.44728,1.33403,0.0,0.42573,0.68752,0.0,0.0,0.0,0.0
2018-01-26 10:00:00,2018-01-26 10:00,2.08095,1.28665,0.0,0.17192,0.62238,0.0,0.0,0.0,0.0
2018-01-26 11:00:00,2018-01-26 11:00,1.81376,1.25713,0.0,0.003,0.55363,0.0,0.0,0.0,0.0
2018-01-26 12:00:00,2018-01-26 12:00,1.68998,1.25275,0.0,0.003,0.43423,0.0,0.0,0.0,0.0
2018-01-26 13:00:00,2018-01-26 13:00,1.55863,1.11509,0.0,0.003,0.44054,0.0,0.0,0.0,0.0
2018-01-26 14:00:00,2018-01-26 14:00,1.51532,1.07167,0.0,0.003,0.44065,0.0,0.0,0.0,0.0
2018-01-26 15:00:00,2018-01-26 15:00,1.44409,0.93507,0.0,0.003,0.50602,0.0281,0.0,0.0,0.0281
2018-01-26 16:00:00,2018-01-26 16:00,1.90085,0.92912,0.0,0.34551,0.62622,0.0,0.0,0.0,0.0
2018-01-26 17:00:00,2018-01-26 17:00,1.71274,0.97283,0.0,0.003,0.73691,0.0,0.0,0.0,0.0
2018-01-26 18:00:00,2018-01-26 18:00,2.05873,1.07237,0.0,0.003,0.98336,0.0,0.0,0.0,0.0
2018-01-26 19:00:00,2018-01-26 19:00,2.58132,1.27352,0.0,0.32425,0.98355,0.0,0.0,0.0,0.0
2018-01-26 20:00:00,2018-01-26 20:00,2.56552,1.42425,0.0,0.17214,0.96913,0.0,0.0,0.0,0.0
2018-01-26 21:00:00,2018-01-26 21:00,2.68248,1.61148,0.0,0.003,1.068,0.0,0.0,0.0,0.0
2018-01-26 22:00:00,2018-01-26 22:00,2.71669,1.50519,0.0,0.003,1.2085,0.0,0.0,0.0,0.0
2018-01-26 23:00:00,2018-01-26 23:00,2.27468,1.54278,0.0,0.003,0.7289,0.0,0.0,0.0,0.0
2018-01-27 00:00:00,2018-01-27 00:00,2.09934,1.58297,0.0,0.003,0.51337,0.0,0.0,0.0,0.0
2018-01-27 01:00:00,2018-01-27 01:00,2.40151,1.63273,0.0,0.2144,0.55438,0.06745,0.0,0.0,0.06745
2018-01-27 02:00:00,2018-01-27 02:00,2.59603,1.92914,0.0,0.21373,0.45316,0.01875,0.0,0.0,0.01875
2018-01-27 03:00:00,2018-01-27 03:00,2.40257,1.96944,0.0,0.003,0.43013,0.0,0.0,0.0,0.0
2018-01-27 04:00:00,2018-01-27 04:00,2.49332,2.0657,0.0,0.003,0.42462,0.0,0.0,0.0,0.0
2018-01-27 05:00:00,2018-01-27 05:00,2.57313,2.14929,0.0,0.003,0.42084,0.0,0.0,0.0,0.0
2018-01-27 06:00:00,2018-01-27 06:00,2.79777,2.3721,0.0,0.003,0.42267,0.0,0.0,0.0,0.0
2018-01-27 07:00:00,2018-01-27 07:00,3.2087,2.73526,0.0,0.003,0.47044,0.0,0.0,0.0,0.0
2018-01-27 08:00:00,2018-01-27 08:00,3.18718,2.6636,0.0,0.003,0.52058,0.0,0.0,0.0,0.0
2018-01-27 09:00:00,2018-01-27 09:00,3.13774,2.61862,0.0,0.003,0.51612,0.0,0.0,0.0,0.0
2018-01-27 10:00:00,2018-01-27 10:00,3.31816,2.31577,0.0,0.43562,0.56677,0.0,0.0,0.0,0.0
2018-01-27 11:00:00,2018-01-27 11:00,3.06693,1.97038,0.0,0.32123,0.77532,0.0,0.0,0.0,0.0
2018-01-27 12:00:00,2018-01-27 12:00,2.93399,1.72508,0.0,0.31424,0.89467,0.01124,0.0,0.0,0.01124
2018-01-27 13:00:00,2018-01-27 13:00,2.74555,1.30478,0.0,0.42849,1.01228,0.11242,0.0,0.0,0.11242
2018-01-27 14:00:00,2018-01-27 14:00,2.83698,1.44693,0.0,0.43584,0.95421,0.0206,0.0,0.0,0.0206
2018-01-27 15:00:00,2018-01-27 15:00,2.83414,1.43969,0.0,0.42202,0.97243,0.0,0.0,0.0,0.0
2018-01-27 16:00:00,2018-01-27 16:00,2.95474,1.49896,0.0,0.41967,1.03611,0.0,0.0,0.0,0.0
2018-01-27 17:00:00,2018-01-27 17:00,2.97384,1.35294,0.0,0.42712,1.19378,0.05809,0.0,0.0,0.05809
2018-01-27 18:00:00,2018-01-27 18:00,3.2325,1.63065,0.0,0.32965,1.2722,0.0,0.0,0.0,0.0
2018-01-27 19:00:00,2018-01-27 19:00,3.39068,1.93499,0.0,0.003,1.45269,0.0,0.0,0.0,0.0
2018-01-27 20:00:00,2018-01-27 20:00,3.57587,1.95226,0.0,0.10632,1.51729,0.0,0.0,0.0,0.0
2018-01-27 21:00:00,2018-01-27 21:00,3.98006,2.07175,0.0,0.41607,1.49224,0.0,0.0,0.0,0.0
2018-01-27 22:00:00,2018-01-27 22:00,3.83949,2.31423,0.0,0.21268,1.31258,0.0,0.0,0.0,0.0
2018-01-27 23:00:00,2018-01-27 23:00,3.23787,2.31884,0.0,0.003,0.91603,0.05809,0.0,0.0,0.05809
2018-01-28 00:00:00,2018-01-28 00:00,3.12924,2.61773,0.0,0.003,0.50851,0.0,0.0,0.0,0.0
2018-01-28 01:00:00,2018-01-28 01:00,3.21512,2.75325,0.0,0.003,0.45887,0.0,0.0,0.0,0.0
2018-01-28 02:00:00,2018-01-28 02:00,3.26457,2.83024,0.0,0.003,0.43133,0.0,0.0,0.0,0.0
2018-01-28 03:00:00,2018-01-28 03:00,3.29122,2.8581,0.0,0.003,0.43012,0.0,0.0,0.0,0.0
2018-01-28 04:00:00,2018-01-28 04:00,3.68076,2.90551,0.0,0.35062,0.42463,0.0,0.0,0.0,0.0
2018-01-28 05:00:00,2018-01-28 05:00,3.38405,2.96021,0.0,0.003,0.42084,0.0,0.0,0.0,0.0
2018-01-28 06:00:00,2018-01-28 06:00,3.56908,3.14341,0.0,0.003,0.42267,0.0,0.0,0.0,0.0
2018-01-28 07:00:00,2018-01-28 07:00,3.89669,3.43109,0.0,0.003,0.4626,0.0,0.0,0.0,0.0
2018-01-28 08:00:00,2018-01-28 08:00,3.68596,3.16605,0.0,0.003,0.51691,0.0281,0.0,0.0,0.0281
2018-01-28 09:00:00,2018-01-28 09:00,4.31552,3.38583,0.0,0.32142,0.60827,0.0,0.0,0.0,0.0
2018-01-28 10:00:00,2018-01-28 10:00,4.21256,3.21564,0.0,0.21568,0.78124,0.0,0.0,0.0,0.0
2018-01-28 11:00:00,2018-01-28 11:00,3.88026,3.07456,0.0,0.003,0.8027,0.0,0.0,0.0,0.0
2018-01-28 12:00:00,2018-01-28 12:00,4.18609,2.98919,0.0,0.31349,0.88341,0.0,0.0,0.0,0.0
2018-01-28 13:00:00,2018-01-28 13:00,4.14003,2.82993,0.0,0.42243,0.88767,0.0,0.0,0.0,0.0
2018-01-28 14:00:00,2018-01-28 14:00,3.84239,2.73133,0.0,0.27616,0.8349,0.01124,0.0,0.0,0.01124
2018-01-28 15:00:00,2018-01-28 15:00,3.38157,2.30125,0.0,0.003,1.07732,0.10491,0.0,0.0,0.10491
2018-01-28 16:00:00,2018-01-28 16:00,3.82071,2.78159,0.0,0.003,1.03612,0.0,0.0,0.0,0.0
2018-01-28 17:00:00,2018-01-28 17:00,4.07125,2.83005,0.0,0.1055,1.1357,0.0,0.0,0.0,0.0
2018-01-28 18:00:00,2018-01-28 18:00,4.44415,2.84337,0.0,0.35191,1.24887,0.0,0.0,0.0,0.0
2018-01-28 19:00:00,2018-01-28 19:00,4.43519,3.21525,0.0,0.003,1.21694,0.0,0.0,0.0,0.0
2018-01-28 20:00:00,2018-01-28 20:00,4.45156,3.19263,0.0,0.003,1.25593,0.0,0.0,0.0,0.0
2018-01-28 21:00:00,2018-01-28 21:00,4.45192,3.21242,0.0,0.003,1.2365,0.0,0.0,0.0,0.0
2018-01-28 22:00:00,2018-01-28 22:00,4.86736,3.33853,0.0,0.42914,1.09969,0.0,0.0,0.0,0.0
2018-01-28 23:00:00,2018-01-28 23:00,4.52142,3.5963,0.0,0.04506,0.88006,0.0,0.0,0.0,0.0
2018-01-29 00:00:00,2018-01-29 00:00,4.52118,3.94872,0.0,0.003,0.56946,0.0,0.0,0.0,0.0
2018-01-29 01:00:00,2018-01-29 01:00,4.572,4.1336,0.0,0.003,0.4354,0.0,0.0,0.0,0.0
2018-01-29 02:00:00,2018-01-29 02:00,4.79229,4.35922,0.0,0.003,0.43007,0.0,0.0,0.0,0.0
2018-01-29 03:00:00,2018-01-29 03:00,4.93995,4.50808,0.0,0.003,0.42887,0.0,0.0,0.0,0.0
2018-01-29 04:00:00,2018-01-29 04:00,5.07215,4.64434,0.0,0.003,0.42481,0.0,0.0,0.0,0.0
2018-01-29 05:00:00,2018-01-29 05:00,5.55896,4.80519,0.0,0.31487,0.4389,0.0,0.0,0.0,0.0
2018-01-29 06:00:00,2018-01-29 06:00,5.88574,4.97034,0.0,0.43174,0.48366,0.0,0.0,0.0,0.0
2018-01-29 07:00:00,2018-01-29 07:00,6.07203,5.29157,0.0,0.1965,0.58396,0.03935,0.0,0.0,0.03935
2018-01-29 08:00:00,2018-01-29 08:00,5.90153,5.22103,0.0,0.10471,0.57579,0.01875,0.0,0.0,0.01875
2018-01-29 09:00:00,2018-01-29 09:00,6.22328,5.2866,0.0,0.40632,0.53036,0.0,0.0,0.0,0.0
2018-01-29 10:00:00,2018-01-29 10:00,5.94499,4.98185,0.0,0.4329,0.53024,0.0,0.0,0.0,0.0
2018-01-29 11:00:00,2018-01-29 11:00,4.99699,4.48365,0.0,0.04318,0.47016,0.0,0.0,0.0,0.0
2018-01-29 12:00:00,2018-01-29 12:00,4.52766,4.09043,0.0,0.003,0.43423,0.0,0.0,0.0,0.0
2018-01-29 13:00:00,2018-01-29 13:00,4.17344,3.72989,0.0,0.003,0.44055,0.0,0.0,0.0,0.0
2018-01-29 14:00:00,2018-01-29 14:00,3.89372,3.45006,0.0,0.003,0.44066,0.0,0.0,0.0,0.0
2018-01-29 15:00:00,2018-01-29 15:00,3.81414,3.21722,0.0,0.10536,0.49156,0.0,0.0,0.0,0.0
2018-01-29 16:00:00,2018-01-29 16:00,3.97924,3.13142,0.0,0.39199,0.45583,0.0,0.0,0.0,0.0
2018-01-29 17:00:00,2018-01-29 17:00,3.74865,3.15212,0.0,0.003,0.59353,0.0,0.0,0.0,0.0
2018-01-29 18:00:00,2018-01-29 18:00,4.21515,3.3638,0.0,0.20446,0.64689,0.0,0.0,0.0,0.0
2018-01-29 19:00:00,2018-01-29 19:00,5.02967,3.69984,0.0,0.41167,0.91816,0.0,0.0,0.0,0.0
2018-01-29 20:00:00,2018-01-29 20:00,5.21495,3.58699,0.0,0.42229,1.20567,0.0,0.0,0.0,0.0
2018-01-29 21:00:00,2018-01-29 21:00,5.40496,3.73951,0.0,0.19675,1.4687,0.01124,0.0,0.0,0.01124
2018-01-29 22:00:00,2018-01-29 22:00,5.15099,3.96167,0.0,0.003,1.18632,0.01686,0.0,0.0,0.01686
2018-01-29 23:00:00,2018-01-29 23:00,5.72815,4.51005,0.0,0.40026,0.81784,0.0,0.0,0.0,0.0
2018-01-30 00:00:00,2018-01-30 00:00,5.38797,4.91863,0.0,0.003,0.46634,0.0,0.0,0.0,0.0
2018-01-30 01:00:00,2018-01-30 01:00,5.5414,5.10302,0.0,0.003,0.43538,0.0,0.0,0.0,0.0
2018-01-30 02:00:00,2018-01-30 02:00,5.70122,5.26816,0.0,0.003,0.43006,0.0,0.0,0.0,0.0
2018-01-30 03:00:00,2018-01-30 03:00,5.93725,5.50539,0.0,0.003,0.42886,0.0,0.0,0.0,0.0
2018-01-30 04:00:00,2018-01-30 04:00,5.90022,5.47386,0.0,0.003,0.42336,0.0,0.0,0.0,0.0
2018-01-30 05:00:00,2018-01-30 05:00,5.98653,5.55838,0.0,0.003,0.42515,0.0,0.0,0.0,0.0
2018-01-30 06:00:00,2018-01-30 06:00,6.44755,5.57555,0.0,0.39668,0.47532,0.0,0.0,0.0,0.0
2018-01-30 07:00:00,2018-01-30 07:00,6.68741,5.68238,0.0,0.40024,0.60479,0.0,0.0,0.0,0.0
2018-01-30 08:00:00,2018-01-30 08:00,6.40733,5.41322,0.0,0.39688,0.59723,0.0,0.0,0.0,0.0
2018-01-30 09:00:00,2018-01-30 09:00,6.08762,5.10281,0.0,0.39788,0.58693,0.0,0.0,0.0,0.0
2018-01-30 10:00:00,2018-01-30 10:00,5.73457,4.79578,0.0,0.41793,0.52086,0.0,0.0,0.0,0.0
2018-01-30 11:00:00,2018-01-30 11:00,5.24217,4.49588,0.0,0.31314,0.43315,0.0,0.0,0.0,0.0
2018-01-30 12:00:00,2018-01-30 12:00,4.49139,4.05414,0.0,0.003,0.43425,0.0,0.0,0.0,0.0
2018-01-30 13:00:00,2018-01-30 13:00,3.93088,3.36354,0.0,0.003,0.56434,0.06745,0.0,0.0,0.06745
2018-01-30 14:00:00,2018-01-30 14:00,3.73153,3.17224,0.0,0.003,0.55629,0.01875,0.0,0.0,0.01875
2018-01-30 15:00:00,2018-01-30 15:00,3.70564,3.22094,0.0,0.003,0.4817,0.0,0.0,0.0,0.0
2018-01-30 16:00:00,2018-01-30 16:00,3.99838,3.1053,0.0,0.38142,0.51166,0.0,0.0,0.0,0.0
2018-01-30 17:00:00,2018-01-30 17:00,3.44815,2.84039,0.0,0.003,0.60476,0.01124,0.0,0.0,0.01124
2018-01-30 18:00:00,2018-01-30 18:00,3.67905,2.61761,0.0,0.10588,0.95556,0.01686,0.0,0.0,0.01686
2018-01-30 19:00:00,2018-01-30 19:00,5.36565,2.6811,0.0,0.42521,2.25934,0.0,0.0,0.0,0.0
2018-01-30 20:00:00,2018-01-30 20:00,3.27867,2.33131,0.0,0.003,0.94436,0.0,0.0,0.0,0.0
2018-01-30 21:00:00,2018-01-30 21:00,4.96571,2.40947,0.0,0.003,2.55324,0.0,0.0,0.0,0.0
2018-01-30 22:00:00,2018-01-30 22:00,5.46402,2.34656,0.0,0.003,3.11446,0.0,0.0,0.0,0.0
2018-01-30 23:00:00,2018-01-30 23:00,4.6915,2.16568,0.0,0.003,2.52282,0.0,0.0,0.0,0.0
2018-01-31 00:00:00,2018-01-31 00:00,2.60088,2.03111,0.0,0.003,0.56677,0.0,0.0,0.0,0.0
2018-01-31 01:00:00,2018-01-31 01:00,2.51955,2.01917,0.0,0.003,0.49738,0.0,0.0,0.0,0.0
2018-01-31 02:00:00,2018-01-31 02:00,2.5338,2.08982,0.0,0.003,0.44098,0.0,0.0,0.0,0.0
2018-01-31 03:00:00,2018-01-31 03:00,2.76524,2.22781,0.0,0.10856,0.42887,0.0,0.0,0.0,0.0
2018-01-31 04:00:00,2018-01-31 04:00,2.87413,2.21554,0.0,0.23522,0.42337,0.0,0.0,0.0,0.0
2018-01-31 05:00:00,2018-01-31 05:00,2.53022,2.07016,0.0,0.003,0.45706,0.0281,0.0,0.0,0.0281
2018-01-31 06:00:00,2018-01-31 06:00,2.77089,2.18166,0.0,0.10557,0.48366,0.0,0.0,0.0,0.0
2018-01-31 07:00:00,2018-01-31 07:00,3.36821,2.37562,0.0,0.42881,0.56378,0.01124,0.0,0.0,0.01124
2018-01-31 08:00:00,2018-01-31 08:00,3.14675,2.41338,0.0,0.0806,0.65277,0.04685,0.0,0.0,0.04685
2018-01-31 09:00:00,2018-01-31 09:00,3.64885,2.71859,0.0,0.30861,0.62165,0.0,0.0,0.0,0.0
2018-01-31 10:00:00,2018-01-31 10:00,3.65171,2.69064,0.0,0.43083,0.53024,0.0,0.0,0.0,0.0
2018-01-31 11:00:00,2018-01-31 11:00,3.34856,2.43248,0.0,0.36703,0.54905,0.0,0.0,0.0,0.0
2018-01-31 12:00:00,2018-01-31 12:00,2.69774,2.24652,0.0,0.003,0.44822,0.0,0.0,0.0,0.0
2018-01-31 13:00:00,2018-01-31 13:00,2.66429,2.22074,0.0,0.003,0.44055,0.0,0.0,0.0,0.0
2018-01-31 14:00:00,2018-01-31 14:00,2.58363,2.13997,0.0,0.003,0.44066,0.0,0.0,0.0,0.0
2018-01-31 15:00:00,2018-01-31 15:00,2.55431,1.98771,0.0,0.003,0.5636,0.0,0.0,0.0,0.0
2018-01-31 16:00:00,2018-01-31 16:00,2.61786,1.94389,0.0,0.003,0.67097,0.0,0.0,0.0,0.0
2018-01-31 17:00:00,2018-01-31 17:00,3.00317,1.86565,0.0,0.31315,0.82437,0.0,0.0,0.0,0.0
2018-01-31 18:00:00,2018-01-31 18:00,3.13556,1.86085,0.0,0.41983,0.85488,0.0,0.0,0.0,0.0
2018-01-31 19:00:00,2018-01-31 19:00,3.211,1.98642,0.0,0.003,1.22158,0.0,0.0,0.0,0.0
2018-01-31 20:00:00,2018-01-31 20:00,5.62958,1.84858,0.0,0.41851,3.36249,0.06745,0.0,0.0,0.06745
2018-01-31 21:00:00,2018-01-31 21:00,6.22079,2.49057,0.0,0.11123,3.61899,0.02999,0.0,0.0,0.02999
2018-01-31 22:00:00,2018-01-31 22:00,3.9616,2.74143,0.0,0.003,1.21717,0.11242,0.0,0.0,0.11242
2018-01-31 23:00:00,2018-01-31 23:00,4.21782,3.3838,0.0,0.003,0.83102,0.10868,0.0,0.0,0.10868
2018-02-01 00:00:00,2018-02-01 00:00,4.88755,4.38145,0.0,0.003,0.5031,0.0,0.0,0.0,0.0
2018-02-01 01:00:00,2018-02-01 01:00,5.36287,4.9252,0.0,0.003,0.43467,0.0,0.0,0.0,0.0
2018-02-01 02:00:00,2018-02-01 02:00,5.84618,5.41381,0.0,0.003,0.42937,0.0,0.0,0.0,0.0
2018-02-01 03:00:00,2018-02-01 03:00,6.19308,5.55135,0.0,0.21354,0.42819,0.0,0.0,0.0,0.0
2018-02-01 04:00:00,2018-02-01 04:00,6.37066,5.78459,0.0,0.15889,0.42718,0.0,0.0,0.0,0.0
2018-02-01 05:00:00,2018-02-01 05:00,7.01057,6.25126,0.0,0.30472,0.45459,0.0,0.0,0.0,0.0
2018-02-01 06:00:00,2018-02-01 06:00,7.21894,6.32679,0.0,0.41667,0.47548,0.0281,0.0,0.0,0.0281
2018-02-01 07:00:00,2018-02-01 07:00,7.72239,6.96453,0.0,0.29728,0.46058,0.0,0.0,0.0,0.0
2018-02-01 08:00:00,2018-02-01 08:00,7.47153,7.01113,0.0,0.003,0.4574,0.0,0.0,0.0,0.0
2018-02-01 09:00:00,2018-02-01 09:00,7.36885,6.92341,0.0,0.003,0.44244,0.0,0.0,0.0,0.0
2018-02-01 10:00:00,2018-02-01 10:00,7.01473,6.57367,0.0,0.003,0.43806,0.0,0.0,0.0,0.0
2018-02-01 11:00:00,2018-02-01 11:00,6.44744,6.01184,0.0,0.003,0.4326,0.0,0.0,0.0,0.0
2018-02-01 12:00:00,2018-02-01 12:00,6.04144,5.60474,0.0,0.003,0.4337,0.0,0.0,0.0,0.0
2018-02-01 13:00:00,2018-02-01 13:00,5.71532,5.27232,0.0,0.003,0.44,0.0,0.0,0.0,0.0
2018-02-01 14:00:00,2018-02-01 14:00,5.65388,5.2108,0.0,0.003,0.44008,0.0,0.0,0.0,0.0
2018-02-01 15:00:00,2018-02-01 15:00,5.65274,5.04893,0.0,0.1073,0.49651,0.0,0.0,0.0,0.0
2018-02-01 16:00:00,2018-02-01 16:00,5.72248,4.80117,0.0,0.36527,0.55604,0.0,0.0,0.0,0.0
2018-02-01 17:00:00,2018-02-01 17:00,5.37721,4.78457,0.0,0.003,0.58964,0.0,0.0,0.0,0.0
2018-02-01 18:00:00,2018-02-01 18:00,5.6892,4.94808,0.0,0.003,0.73812,0.0,0.0,0.0,0.0
2018-02-01 19:00:00,2018-02-01 19:00,6.83398,5.10152,0.0,0.41967,1.31279,0.0281,0.0,0.0,0.0281
2018-02-01 20:00:00,2018-02-01 20:00,6.79531,5.14967,0.0,0.17067,1.47497,0.0,0.0,0.0,0.0
2018-02-01 21:00:00,2018-02-01 21:00,6.70144,5.28749,0.0,0.003,1.41095,0.0,0.0,0.0,0.0
2018-02-01 22:00:00,2018-02-01 22:00,6.75485,5.56562,0.0,0.10431,1.08492,0.0,0.0,0.0,0.0
2018-02-01 23:00:00,2018-02-01 23:00,8.43291,6.11591,0.0,0.42101,1.89599,0.0,0.0,0.0,0.0
2018-02-02 00:00:00,2018-02-02 00:00,7.97246,6.41342,0.0,0.003,1.55604,0.0,0.0,0.0,0.0
2018-02-02 01:00:00,2018-02-02 01:00,6.85095,6.41327,0.0,0.003,0.43468,0.0,0.0,0.0,0.0
2018-02-02 02:00:00,2018-02-02 02:00,7.43144,6.99907,0.0,0.003,0.42937,0.0,0.0,0.0,0.0
2018-02-02 03:00:00,2018-02-02 03:00,7.61103,7.17985,0.0,0.003,0.42818,0.0,0.0,0.0,0.0
2018-02-02 04:00:00,2018-02-02 04:00,7.91689,7.49117,0.0,0.003,0.42272,0.0,0.0,0.0,0.0
2018-02-02 05:00:00,2018-02-02 05:00,8.18477,7.76282,0.0,0.003,0.41895,0.0,0.0,0.0,0.0
2018-02-02 06:00:00,2018-02-02 06:00,8.64874,8.22502,0.0,0.003,0.42072,0.0,0.0,0.0,0.0
2018-02-02 07:00:00,2018-02-02 07:00,9.55847,8.81423,0.0,0.21016,0.53408,0.0,0.0,0.0,0.0
2018-02-02 08:00:00,2018-02-02 08:00,9.13486,8.12897,0.0,0.40922,0.59667,0.0,0.0,0.0,0.0
2018-02-02 09:00:00,2018-02-02 09:00,8.3399,7.80676,0.0,0.003,0.53014,0.0,0.0,0.0,0.0
2018-02-02 10:00:00,2018-02-02 10:00,7.55363,6.96749,0.0,0.10548,0.48066,0.0,0.0,0.0,0.0
2018-02-02 11:00:00,2018-02-02 11:00,7.0055,6.20564,0.0,0.36724,0.43262,0.0,0.0,0.0,0.0
2018-02-02 12:00:00,2018-02-02 12:00,6.10932,5.60008,0.0,0.003,0.50624,0.0,0.0,0.0,0.0
2018-02-02 13:00:00,2018-02-02 13:00,5.57592,5.03923,0.0,0.003,0.53369,0.0,0.0,0.0,0.0
2018-02-02 14:00:00,2018-02-02 14:00,5.19281,4.68102,0.0,0.003,0.50879,0.0,0.0,0.0,0.0
2018-02-02 15:00:00,2018-02-02 15:00,5.17797,4.45149,0.0,0.20541,0.52107,0.0,0.0,0.0,0.0
2018-02-02 16:00:00,2018-02-02 16:00,5.35499,4.3953,0.0,0.40366,0.55603,0.0,0.0,0.0,0.0
2018-02-02 17:00:00,2018-02-02 17:00,5.35259,4.29783,0.0,0.41921,0.63555,0.0,0.0,0.0,0.0
2018-02-02 18:00:00,2018-02-02 18:00,5.56761,4.19571,0.0,0.42533,0.94657,0.0,0.0,0.0,0.0
2018-02-02 19:00:00,2018-02-02 19:00,5.62621,4.31049,0.0,0.27349,1.04223,0.03184,0.0,0.0,0.03184
2018-02-02 20:00:00,2018-02-02 20:00,5.25581,3.9302,0.0,0.003,1.32261,0.02437,0.0,0.0,0.02437
2018-02-02 21:00:00,2018-02-02 21:00,5.28043,3.8665,0.0,0.003,1.41093,0.0,0.0,0.0,0.0
2018-02-02 22:00:00,2018-02-02 22:00,5.28369,3.88879,0.0,0.30999,1.08491,0.0,0.0,0.0,0.0
2018-02-02 23:00:00,2018-02-02 23:00,4.95968,3.90993,0.0,0.29743,0.75232,0.0,0.0,0.0,0.0
2018-02-03 00:00:00,2018-02-03 00:00,4.42963,3.95836,0.0,0.003,0.46827,0.0,0.0,0.0,0.0
2018-02-03 01:00:00,2018-02-03 01:00,4.38762,3.94871,0.0,0.003,0.43591,0.0,0.0,0.0,0.0
2018-02-03 02:00:00,2018-02-03 02:00,4.40548,3.97185,0.0,0.003,0.43063,0.0,0.0,0.0,0.0
2018-02-03 03:00:00,2018-02-03 03:00,4.44026,4.00782,0.0,0.003,0.42944,0.0,0.0,0.0,0.0
2018-02-03 04:00:00,2018-02-03 04:00,4.45204,4.02507,0.0,0.003,0.42397,0.0,0.0,0.0,0.0
2018-02-03 05:00:00,2018-02-03 05:00,4.41567,3.99247,0.0,0.003,0.4202,0.0,0.0,0.0,0.0
2018-02-03 06:00:00,2018-02-03 06:00,4.32748,3.90251,0.0,0.003,0.42197,0.0,0.0,0.0,0.0
2018-02-03 07:00:00,2018-02-03 07:00,4.4719,4.00707,0.0,0.003,0.46183,0.0,0.0,0.0,0.0
2018-02-03 08:00:00,2018-02-03 08:00,4.36644,3.82693,0.0,0.003,0.53651,0.0,0.0,0.0,0.0
2018-02-03 09:00:00,2018-02-03 09:00,4.55226,3.61895,0.0,0.20911,0.7242,0.0281,0.0,0.0,0.0281
2018-02-03 10:00:00,2018-02-03 10:00,4.59087,3.58678,0.0,0.38375,0.62034,0.0,0.0,0.0,0.0
2018-02-03 11:00:00,2018-02-03 11:00,3.89095,3.34042,0.0,0.003,0.54753,0.00187,0.0,0.0,0.00187
2018-02-03 12:00:00,2018-02-03 12:00,3.61524,2.95445,0.0,0.003,0.65779,0.02622,0.0,0.0,0.02622
2018-02-03 13:00:00,2018-02-03 13:00,4.10462,2.80764,0.0,0.41147,0.88551,0.0562,0.0,0.0,0.0562
2018-02-03 14:00:00,2018-02-03 14:00,4.39023,3.08697,0.0,0.3594,0.94386,0.0,0.0,0.0,0.0
2018-02-03 15:00:00,2018-02-03 15:00,4.09383,3.10302,0.0,0.003,0.98781,0.0,0.0,0.0,0.0
2018-02-03 16:00:00,2018-02-03 16:00,4.22434,3.25656,0.0,0.003,0.96478,0.0,0.0,0.0,0.0
2018-02-03 17:00:00,2018-02-03 17:00,4.64425,3.36796,0.0,0.31076,0.96553,0.0,0.0,0.0,0.0
2018-02-03 18:00:00,2018-02-03 18:00,4.72332,3.31467,0.0,0.41864,0.99001,0.0281,0.0,0.0,0.0281
2018-02-03 19:00:00,2018-02-03 19:00,5.14935,3.63622,0.0,0.41884,1.09429,0.0,0.0,0.0,0.0
2018-02-03 20:00:00,2018-02-03 20:00,5.09262,3.65778,0.0,0.43176,1.00308,0.0,0.0,0.0,0.0
2018-02-03 21:00:00,2018-02-03 21:00,4.88249,3.69644,0.0,0.12112,1.06493,0.0281,0.0,0.0,0.0281
2018-02-03 22:00:00,2018-02-03 22:00,4.72736,4.01117,0.0,0.003,0.71319,0.0,0.0,0.0,0.0
2018-02-03 23:00:00,2018-02-03 23:00,4.86776,4.33316,0.0,0.003,0.5316,0.0,0.0,0.0,0.0
2018-02-04 00:00:00,2018-02-04 00:00,5.06252,4.61944,0.0,0.003,0.44008,0.0,0.0,0.0,0.0
2018-02-04 01:00:00,2018-02-04 01:00,5.22939,4.76272,0.0,0.003,0.46367,0.0,0.0,0.0,0.0
2018-02-04 02:00:00,2018-02-04 02:00,5.55573,5.1221,0.0,0.003,0.43063,0.0,0.0,0.0,0.0
2018-02-04 03:00:00,2018-02-04 03:00,5.95007,5.51762,0.0,0.003,0.42945,0.0,0.0,0.0,0.0
2018-02-04 04:00:00,2018-02-04 04:00,6.55202,5.90896,0.0,0.21101,0.43205,0.0,0.0,0.0,0.0
2018-02-04 05:00:00,2018-02-04 05:00,6.75894,5.96887,0.0,0.36229,0.42778,0.0,0.0,0.0,0.0
2018-02-04 06:00:00,2018-02-04 06:00,6.74453,6.31861,0.0,0.003,0.42292,0.0,0.0,0.0,0.0
2018-02-04 07:00:00,2018-02-04 07:00,7.6234,6.96702,0.0,0.10541,0.55097,0.0,0.0,0.0,0.0
2018-02-04 08:00:00,2018-02-04 08:00,7.99263,6.9211,0.0,0.41076,0.66077,0.0,0.0,0.0,0.0
2018-02-04 09:00:00,2018-02-04 09:00,8.11979,7.05755,0.0,0.41817,0.64407,0.0,0.0,0.0,0.0
2018-02-04 10:00:00,2018-02-04 10:00,7.34678,6.58271,0.0,0.003,0.76107,0.00187,0.0,0.0,0.00187
2018-02-04 11:00:00,2018-02-04 11:00,6.73238,5.90685,0.0,0.003,0.82253,0.05433,0.0,0.0,0.05433
2018-02-04 12:00:00,2018-02-04 12:00,7.57966,5.96032,0.0,0.10485,1.51449,0.0,0.0,0.0,0.0
2018-02-04 13:00:00,2018-02-04 13:00,7.60119,5.73619,0.0,0.41604,1.44896,0.0,0.0,0.0,0.0
2018-02-04 14:00:00,2018-02-04 14:00,6.90231,5.53233,0.0,0.42613,0.94385,0.0,0.0,0.0,0.0
2018-02-04 15:00:00,2018-02-04 15:00,6.41347,5.24036,0.0,0.18531,0.9878,0.0,0.0,0.0,0.0
2018-02-04 16:00:00,2018-02-04 16:00,6.29114,4.90937,0.0,0.30686,1.07491,0.0281,0.0,0.0,0.0281
2018-02-04 17:00:00,2018-02-04 17:00,6.64973,5.09021,0.0,0.4229,1.13662,0.0,0.0,0.0,0.0
2018-02-04 18:00:00,2018-02-04 18:00,6.53382,5.21484,0.0,0.04568,1.2733,0.0,0.0,0.0,0.0
2018-02-04 19:00:00,2018-02-04 19:00,7.2634,5.56103,0.0,0.20563,1.49674,0.0281,0.0,0.0,0.0281
2018-02-04 20:00:00,2018-02-04 20:00,7.35506,5.5765,0.0,0.24918,1.52938,0.0,0.0,0.0,0.0
2018-02-04 21:00:00,2018-02-04 21:00,7.00744,5.78458,0.0,0.003,1.21986,0.0,0.0,0.0,0.0
2018-02-04 22:00:00,2018-02-04 22:00,7.13584,6.07695,0.0,0.003,1.05589,0.0,0.0,0.0,0.0
2018-02-04 23:00:00,2018-02-04 23:00,7.39661,6.45977,0.0,0.20723,0.72961,0.0,0.0,0.0,0.0
2018-02-05 00:00:00,2018-02-05 00:00,7.48466,6.74553,0.0,0.26387,0.47526,0.0,0.0,0.0,0.0
2018-02-05 01:00:00,2018-02-05 01:00,7.25933,6.82165,0.0,0.003,0.43468,0.0,0.0,0.0,0.0
2018-02-05 02:00:00,2018-02-05 02:00,7.28948,6.85711,0.0,0.003,0.42937,0.0,0.0,0.0,0.0
2018-02-05 03:00:00,2018-02-05 03:00,7.41178,6.97702,0.0,0.003,0.43176,0.0,0.0,0.0,0.0
2018-02-05 04:00:00,2018-02-05 04:00,7.37031,6.94015,0.0,0.003,0.42716,0.0,0.0,0.0,0.0
2018-02-05 05:00:00,2018-02-05 05:00,7.52423,6.77664,0.0,0.30905,0.43854,0.0,0.0,0.0,0.0
2018-02-05 06:00:00,2018-02-05 06:00,7.46647,6.58405,0.0,0.42481,0.45761,0.0,0.0,0.0,0.0
2018-02-05 07:00:00,2018-02-05 07:00,7.79505,6.81014,0.0,0.41163,0.57328,0.0,0.0,0.0,0.0
2018-02-05 08:00:00,2018-02-05 08:00,7.32078,6.41539,0.0,0.40659,0.4988,0.0,0.0,0.0,0.0
2018-02-05 09:00:00,2018-02-05 09:00,7.03686,6.08863,0.0,0.41809,0.53014,0.0,0.0,0.0,0.0
2018-02-05 10:00:00,2018-02-05 10:00,6.33139,5.6391,0.0,0.16292,0.52937,0.0,0.0,0.0,0.0
2018-02-05 11:00:00,2018-02-05 11:00,5.6979,5.06789,0.0,0.10514,0.52487,0.0,0.0,0.0,0.0
2018-02-05 12:00:00,2018-02-05 12:00,5.5721,4.60362,0.0,0.4156,0.55288,0.0,0.0,0.0,0.0
2018-02-05 13:00:00,2018-02-05 13:00,5.09971,4.26209,0.0,0.24032,0.5973,0.0,0.0,0.0,0.0
2018-02-05 14:00:00,2018-02-05 14:00,4.61837,4.1753,0.0,0.003,0.44007,0.0,0.0,0.0,0.0
2018-02-05 15:00:00,2018-02-05 15:00,4.55186,4.08031,0.0,0.003,0.46855,0.0,0.0,0.0,0.0
2018-02-05 16:00:00,2018-02-05 16:00,4.33724,3.89303,0.0,0.003,0.44121,0.0,0.0,0.0,0.0
2018-02-05 17:00:00,2018-02-05 17:00,4.55253,3.81645,0.0,0.2075,0.52858,0.0,0.0,0.0,0.0
2018-02-05 18:00:00,2018-02-05 18:00,5.03404,3.85873,0.0,0.27556,0.89975,0.05621,0.0,0.0,0.05621
2018-02-05 19:00:00,2018-02-05 19:00,5.59505,4.33122,0.0,0.003,1.26083,0.0,0.0,0.0,0.0
2018-02-05 20:00:00,2018-02-05 20:00,6.14118,4.24889,0.0,0.41733,1.47496,0.0,0.0,0.0,0.0
2018-02-05 21:00:00,2018-02-05 21:00,6.20039,4.68655,0.0,0.03817,1.47567,0.0,0.0,0.0,0.0
2018-02-05 22:00:00,2018-02-05 22:00,6.37033,5.16455,0.0,0.003,1.20278,0.0,0.0,0.0,0.0
2018-02-05 23:00:00,2018-02-05 23:00,6.10643,5.42396,0.0,0.003,0.67947,0.0,0.0,0.0,0.0
2018-02-06 00:00:00,2018-02-06 00:00,6.12902,5.68718,0.0,0.003,0.43884,0.0,0.0,0.0,0.0
2018-02-06 01:00:00,2018-02-06 01:00,6.27544,5.83777,0.0,0.003,0.43467,0.0,0.0,0.0,0.0
2018-02-06 02:00:00,2018-02-06 02:00,6.46204,6.02966,0.0,0.003,0.42938,0.0,0.0,0.0,0.0
2018-02-06 03:00:00,2018-02-06 03:00,6.911,6.47983,0.0,0.003,0.42817,0.0,0.0,0.0,0.0
2018-02-06 04:00:00,2018-02-06 04:00,7.20324,6.66975,0.0,0.10632,0.42717,0.0,0.0,0.0,0.0
2018-02-06 05:00:00,2018-02-06 05:00,7.7529,6.94135,0.0,0.38915,0.4224,0.0,0.0,0.0,0.0
2018-02-06 06:00:00,2018-02-06 06:00,7.78618,7.34604,0.0,0.003,0.43714,0.0,0.0,0.0,0.0
2018-02-06 07:00:00,2018-02-06 07:00,8.88086,8.1269,0.0,0.20728,0.54668,0.0,0.0,0.0,0.0
2018-02-06 08:00:00,2018-02-06 08:00,8.52507,7.45864,0.0,0.41065,0.65578,0.05621,0.0,0.0,0.05621
2018-02-06 09:00:00,2018-02-06 09:00,8.38418,7.42967,0.0,0.40554,0.54897,0.0,0.0,0.0,0.0
2018-02-06 10:00:00,2018-02-06 10:00,7.68638,6.75813,0.0,0.42505,0.5032,0.0,0.0,0.0,0.0
2018-02-06 11:00:00,2018-02-06 11:00,6.4891,5.99639,0.0,0.0601,0.43261,0.0,0.0,0.0,0.0
2018-02-06 12:00:00,2018-02-06 12:00,6.02415,5.58745,0.0,0.003,0.4337,0.0,0.0,0.0,0.0
2018-02-06 13:00:00,2018-02-06 13:00,5.56816,5.12518,0.0,0.003,0.43998,0.0,0.0,0.0,0.0
2018-02-06 14:00:00,2018-02-06 14:00,5.28208,4.83899,0.0,0.003,0.44009,0.0,0.0,0.0,0.0
2018-02-06 15:00:00,2018-02-06 15:00,5.19452,4.75008,0.0,0.003,0.44144,0.0,0.0,0.0,0.0
2018-02-06 16:00:00,2018-02-06 16:00,5.30996,4.77441,0.0,0.003,0.53255,0.0,0.0,0.0,0.0
2018-02-06 17:00:00,2018-02-06 17:00,5.37112,4.60522,0.0,0.20997,0.55593,0.03184,0.0,0.0,0.03184
2018-02-06 18:00:00,2018-02-06 18:00,5.63845,4.41779,0.0,0.42156,0.7991,0.05433,0.0,0.0,0.05433
2018-02-06 19:00:00,2018-02-06 19:00,6.47147,4.89299,0.0,0.42147,1.15701,0.0,0.0,0.0,0.0
2018-02-06 20:00:00,2018-02-06 20:00,6.08009,4.65546,0.0,0.003,1.42163,0.0,0.0,0.0,0.0
2018-02-06 21:00:00,2018-02-06 21:00,6.14933,4.67067,0.0,0.003,1.47566,0.0,0.0,0.0,0.0
2018-02-06 22:00:00,2018-02-06 22:00,5.97892,4.77315,0.0,0.003,1.20277,0.0,0.0,0.0,0.0
2018-02-06 23:00:00,2018-02-06 23:00,5.53497,4.8334,0.0,0.003,0.69857,0.0,0.0,0.0,0.0
2018-02-07 00:00:00,2018-02-07 00:00,5.35289,4.8595,0.0,0.003,0.49039,0.0,0.0,0.0,0.0
2018-02-07 01:00:00,2018-02-07 01:00,5.65519,4.89725,0.0,0.31619,0.44175,0.0,0.0,0.0,0.0
2018-02-07 02:00:00,2018-02-07 02:00,5.43442,4.92878,0.0,0.07625,0.42939,0.0,0.0,0.0,0.0
2018-02-07 03:00:00,2018-02-07 03:00,5.40094,4.96974,0.0,0.003,0.4282,0.0,0.0,0.0,0.0
2018-02-07 04:00:00,2018-02-07 04:00,5.4114,4.98123,0.0,0.003,0.42717,0.0,0.0,0.0,0.0
2018-02-07 05:00:00,2018-02-07 05:00,5.92175,5.17284,0.0,0.31038,0.43853,0.0,0.0,0.0,0.0
2018-02-07 06:00:00,2018-02-07 06:00,6.27091,5.40344,0.0,0.41904,0.44843,0.0,0.0,0.0,0.0
2018-02-07 07:00:00,2018-02-07 07:00,6.52389,5.87566,0.0,0.18763,0.4606,0.0,0.0,0.0,0.0
2018-02-07 08:00:00,2018-02-07 08:00,6.23158,5.79076,0.0,0.003,0.43782,0.0,0.0,0.0,0.0
2018-02-07 09:00:00,2018-02-07 09:00,6.38606,5.58901,0.0,0.31156,0.48549,0.0,0.0,0.0,0.0
2018-02-07 10:00:00,2018-02-07 10:00,5.63322,5.00841,0.0,0.18675,0.43806,0.0,0.0,0.0,0.0
2018-02-07 11:00:00,2018-02-07 11:00,4.92829,4.49269,0.0,0.003,0.4326,0.0,0.0,0.0,0.0
2018-02-07 12:00:00,2018-02-07 12:00,4.47498,4.01207,0.0,0.003,0.45991,0.0,0.0,0.0,0.0
2018-02-07 13:00:00,2018-02-07 13:00,4.26371,3.80067,0.0,0.003,0.46004,0.0,0.0,0.0,0.0
2018-02-07 14:00:00,2018-02-07 14:00,4.19864,3.75556,0.0,0.003,0.44008,0.0,0.0,0.0,0.0
2018-02-07 15:00:00,2018-02-07 15:00,4.18231,3.70717,0.0,0.003,0.47214,0.0,0.0,0.0,0.0
2018-02-07 16:00:00,2018-02-07 16:00,4.47496,3.70871,0.0,0.21021,0.55604,0.0,0.0,0.0,0.0
2018-02-07 17:00:00,2018-02-07 17:00,4.59611,3.5384,0.0,0.37118,0.68653,0.08617,0.0,0.0,0.08617
2018-02-07 18:00:00,2018-02-07 18:00,5.01006,4.01841,0.0,0.003,0.98865,0.0,0.0,0.0,0.0
2018-02-07 19:00:00,2018-02-07 19:00,5.88471,4.46986,0.0,0.2067,1.20815,0.0,0.0,0.0,0.0
2018-02-07 20:00:00,2018-02-07 20:00,6.17526,4.45406,0.0,0.42295,1.29825,0.0,0.0,0.0,0.0
2018-02-07 21:00:00,2018-02-07 21:00,6.02634,4.52485,0.0,0.09055,1.41094,0.0,0.0,0.0,0.0
2018-02-07 22:00:00,2018-02-07 22:00,5.77804,4.69013,0.0,0.003,1.08491,0.0,0.0,0.0,0.0
2018-02-07 23:00:00,2018-02-07 23:00,5.66442,4.67247,0.0,0.10245,0.8895,0.0,0.0,0.0,0.0
2018-02-08 00:00:00,2018-02-08 00:00,5.66674,4.70398,0.0,0.41812,0.54464,0.0,0.0,0.0,0.0
2018-02-08 01:00:00,2018-02-08 01:00,5.32752,4.77049,0.0,0.1071,0.44993,0.0,0.0,0.0,0.0
2018-02-08 02:00:00,2018-02-08 02:00,5.3443,4.91192,0.0,0.003,0.42938,0.0,0.0,0.0,0.0
2018-02-08 03:00:00,2018-02-08 03:00,5.43121,5.00002,0.0,0.003,0.42819,0.0,0.0,0.0,0.0
2018-02-08 04:00:00,2018-02-08 04:00,5.67757,5.25186,0.0,0.003,0.42271,0.0,0.0,0.0,0.0
2018-02-08 05:00:00,2018-02-08 05:00,5.95813,5.42477,0.0,0.1064,0.42696,0.0,0.0,0.0,0.0
2018-02-08 06:00:00,2018-02-08 06:00,6.34742,5.42363,0.0,0.41785,0.50594,0.03184,0.0,0.0,0.03184
2018-02-08 07:00:00,2018-02-08 07:00,6.52062,5.45501,0.0,0.39738,0.66823,0.08243,0.0,0.0,0.08243
2018-02-08 08:00:00,2018-02-08 08:00,6.46415,5.35611,0.0,0.40557,0.70247,0.05621,0.0,0.0,0.05621
2018-02-08 09:00:00,2018-02-08 09:00,6.41065,5.42536,0.0,0.41739,0.5679,0.0,0.0,0.0,0.0
2018-02-08 10:00:00,2018-02-08 10:00,5.64573,4.85428,0.0,0.2652,0.52625,0.0,0.0,0.0,0.0
2018-02-08 11:00:00,2018-02-08 11:00,4.58553,4.14993,0.0,0.003,0.4326,0.0,0.0,0.0,0.0
2018-02-08 12:00:00,2018-02-08 12:00,4.20774,3.77102,0.0,0.003,0.43372,0.0,0.0,0.0,0.0
2018-02-08 13:00:00,2018-02-08 13:00,4.02222,3.5521,0.0,0.003,0.46712,0.0,0.0,0.0,0.0
2018-02-08 14:00:00,2018-02-08 14:00,4.09715,3.32642,0.0,0.20993,0.5608,0.0,0.0,0.0,0.0
2018-02-08 15:00:00,2018-02-08 15:00,4.0563,3.19886,0.0,0.315,0.54244,0.0,0.0,0.0,0.0
2018-02-08 16:00:00,2018-02-08 16:00,3.89478,3.24451,0.0,0.003,0.64727,0.0,0.0,0.0,0.0
2018-02-08 17:00:00,2018-02-08 17:00,4.47821,3.36262,0.0,0.30759,0.808,0.0,0.0,0.0,0.0
2018-02-08 18:00:00,2018-02-08 18:00,4.81396,3.50756,0.0,0.41635,0.89005,0.0,0.0,0.0,0.0
2018-02-08 19:00:00,2018-02-08 19:00,5.09447,3.85995,0.0,0.29404,0.94048,0.0,0.0,0.0,0.0
2018-02-08 20:00:00,2018-02-08 20:00,5.66487,3.75844,0.0,0.003,1.90343,0.0,0.0,0.0,0.0
2018-02-08 21:00:00,2018-02-08 21:00,7.18244,3.95206,0.0,0.10414,3.12624,0.0,0.0,0.0,0.0
2018-02-08 22:00:00,2018-02-08 22:00,5.43651,3.89687,0.0,0.41058,1.12906,0.0,0.0,0.0,0.0
2018-02-08 23:00:00,2018-02-08 23:00,5.07397,4.1657,0.0,0.19064,0.71763,0.0,0.0,0.0,0.0
2018-02-09 00:00:00,2018-02-09 00:00,4.9341,4.38313,0.0,0.003,0.54797,0.0,0.0,0.0,0.0
2018-02-09 01:00:00,2018-02-09 01:00,4.8497,4.40497,0.0,0.003,0.44173,0.0,0.0,0.0,0.0
2018-02-09 02:00:00,2018-02-09 02:00,4.98088,4.54851,0.0,0.003,0.42937,0.0,0.0,0.0,0.0
2018-02-09 03:00:00,2018-02-09 03:00,5.18176,4.75056,0.0,0.003,0.4282,0.0,0.0,0.0,0.0
2018-02-09 04:00:00,2018-02-09 04:00,5.16845,4.71019,0.0,0.003,0.45526,0.0281,0.0,0.0,0.0281
2018-02-09 05:00:00,2018-02-09 05:00,5.88536,5.03364,0.0,0.41319,0.43853,0.0,0.0,0.0,0.0
2018-02-09 06:00:00,2018-02-09 06:00,6.19159,5.29833,0.0,0.42109,0.47217,0.0,0.0,0.0,0.0
2018-02-09 07:00:00,2018-02-09 07:00,6.67156,5.68978,0.0,0.42305,0.55873,0.0,0.0,0.0,0.0
2018-02-09 08:00:00,2018-02-09 08:00,6.55508,5.63649,0.0,0.42463,0.49396,0.0,0.0,0.0,0.0
2018-02-09 09:00:00,2018-02-09 09:00,6.10101,5.61425,0.0,0.01868,0.46808,0.0,0.0,0.0,0.0
2018-02-09 10:00:00,2018-02-09 10:00,5.81465,5.33117,0.0,0.003,0.48048,0.0,0.0,0.0,0.0
2018-02-09 11:00:00,2018-02-09 11:00,5.30466,4.84287,0.0,0.003,0.45879,0.0,0.0,0.0,0.0
2018-02-09 12:00:00,2018-02-09 12:00,4.98469,4.50479,0.0,0.003,0.4769,0.0,0.0,0.0,0.0
2018-02-09 13:00:00,2018-02-09 13:00,4.79722,4.35422,0.0,0.003,0.44,0.0,0.0,0.0,0.0
2018-02-09 14:00:00,2018-02-09 14:00,4.64132,4.19825,0.0,0.003,0.44007,0.0,0.0,0.0,0.0
2018-02-09 15:00:00,2018-02-09 15:00,4.39863,3.95419,0.0,0.003,0.44144,0.0,0.0,0.0,0.0
2018-02-09 16:00:00,2018-02-09 16:00,4.67711,3.914,0.0,0.31751,0.4456,0.0,0.0,0.0,0.0
2018-02-09 17:00:00,2018-02-09 17:00,4.6833,3.99126,0.0,0.10239,0.58965,0.0,0.0,0.0,0.0
2018-02-09 18:00:00,2018-02-09 18:00,4.88751,4.23817,0.0,0.003,0.64634,0.0,0.0,0.0,0.0
2018-02-09 19:00:00,2018-02-09 19:00,5.70332,4.65015,0.0,0.1044,0.94877,0.0,0.0,0.0,0.0
2018-02-09 20:00:00,2018-02-09 20:00,6.11422,4.57694,0.0,0.30442,1.23286,0.0,0.0,0.0,0.0
2018-02-09 21:00:00,2018-02-09 21:00,6.11273,4.63407,0.0,0.003,1.47566,0.0,0.0,0.0,0.0
2018-02-09 22:00:00,2018-02-09 22:00,5.79439,4.70247,0.0,0.003,1.08892,0.0,0.0,0.0,0.0
2018-02-09 23:00:00,2018-02-09 23:00,5.57948,4.87792,0.0,0.003,0.69856,0.0,0.0,0.0,0.0
2018-02-10 00:00:00,2018-02-10 00:00,5.87825,5.06456,0.0,0.31202,0.50167,0.0,0.0,0.0,0.0
2018-02-10 01:00:00,2018-02-10 01:00,5.72356,5.12307,0.0,0.16456,0.43593,0.0,0.0,0.0,0.0
2018-02-10 02:00:00,2018-02-10 02:00,5.59343,5.1598,0.0,0.003,0.43063,0.0,0.0,0.0,0.0
2018-02-10 03:00:00,2018-02-10 03:00,5.59488,5.16243,0.0,0.003,0.42945,0.0,0.0,0.0,0.0
2018-02-10 04:00:00,2018-02-10 04:00,5.67893,5.24421,0.0,0.003,0.43172,0.0,0.0,0.0,0.0
2018-02-10 05:00:00,2018-02-10 05:00,5.86698,5.44337,0.0,0.003,0.42061,0.0,0.0,0.0,0.0
2018-02-10 06:00:00,2018-02-10 06:00,6.11354,5.54441,0.0,0.10535,0.46378,0.0,0.0,0.0,0.0
2018-02-10 07:00:00,2018-02-10 07:00,6.95034,6.1007,0.0,0.31994,0.5297,0.0,0.0,0.0,0.0
2018-02-10 08:00:00,2018-02-10 08:00,6.59244,6.01452,0.0,0.003,0.57492,0.0,0.0,0.0,0.0
2018-02-10 09:00:00,2018-02-10 09:00,6.82426,5.76203,0.0,0.41988,0.64235,0.0,0.0,0.0,0.0
2018-02-10 10:00:00,2018-02-10 10:00,6.13893,5.36003,0.0,0.07189,0.70701,0.0,0.0,0.0,0.0
2018-02-10 11:00:00,2018-02-10 11:00,5.70342,4.93348,0.0,0.003,0.76694,0.0281,0.0,0.0,0.0281
2018-02-10 12:00:00,2018-02-10 12:00,5.5186,4.74614,0.0,0.003,0.76946,0.0,0.0,0.0,0.0
2018-02-10 13:00:00,2018-02-10 13:00,5.53296,4.40721,0.0,0.4176,0.70815,0.0,0.0,0.0,0.0
2018-02-10 14:00:00,2018-02-10 14:00,5.03554,3.98374,0.0,0.16674,0.88506,0.0,0.0,0.0,0.0
2018-02-10 15:00:00,2018-02-10 15:00,5.07329,3.66575,0.0,0.41974,0.9878,0.0,0.0,0.0,0.0
2018-02-10 16:00:00,2018-02-10 16:00,5.00949,3.54186,0.0,0.4208,1.04683,0.0,0.0,0.0,0.0
2018-02-10 17:00:00,2018-02-10 17:00,4.74744,3.70518,0.0,0.09144,0.95082,0.0,0.0,0.0,0.0
2018-02-10 18:00:00,2018-02-10 18:00,5.14691,4.17503,0.0,0.3041,0.66778,0.0,0.0,0.0,0.0
2018-02-10 19:00:00,2018-02-10 19:00,5.90446,4.60573,0.0,0.30547,0.99326,0.0562,0.0,0.0,0.0562
2018-02-10 20:00:00,2018-02-10 20:00,5.8422,4.83151,0.0,0.003,1.00769,0.0,0.0,0.0,0.0
2018-02-10 21:00:00,2018-02-10 21:00,6.13696,4.97588,0.0,0.003,1.15808,0.0,0.0,0.0,0.0
2018-02-10 22:00:00,2018-02-10 22:00,6.06129,5.20094,0.0,0.003,0.85735,0.0,0.0,0.0,0.0
2018-02-10 23:00:00,2018-02-10 23:00,6.07612,5.46686,0.0,0.003,0.60626,0.0,0.0,0.0,0.0
2018-02-11 00:00:00,2018-02-11 00:00,6.15648,5.69944,0.0,0.003,0.45404,0.0,0.0,0.0,0.0
2018-02-11 01:00:00,2018-02-11 01:00,6.32975,5.89082,0.0,0.003,0.43593,0.0,0.0,0.0,0.0
2018-02-11 02:00:00,2018-02-11 02:00,6.30427,5.87063,0.0,0.003,0.43064,0.0,0.0,0.0,0.0
2018-02-11 03:00:00,2018-02-11 03:00,6.48701,6.05456,0.0,0.003,0.42945,0.0,0.0,0.0,0.0
2018-02-11 04:00:00,2018-02-11 04:00,6.83877,6.4116,0.0,0.003,0.42417,0.0,0.0,0.0,0.0
2018-02-11 05:00:00,2018-02-11 05:00,7.29658,6.53864,0.0,0.31624,0.4417,0.0,0.0,0.0,0.0
2018-02-11 06:00:00,2018-02-11 06:00,7.40463,6.52801,0.0,0.41376,0.46286,0.0,0.0,0.0,0.0
2018-02-11 07:00:00,2018-02-11 07:00,8.02386,7.16242,0.0,0.39642,0.46502,0.00187,0.0,0.0,0.00187
2018-02-11 08:00:00,2018-02-11 08:00,7.22061,6.61647,0.0,0.003,0.60114,0.02622,0.0,0.0,0.02622
2018-02-11 09:00:00,2018-02-11 09:00,7.13636,6.2357,0.0,0.20455,0.69611,0.0,0.0,0.0,0.0
2018-02-11 10:00:00,2018-02-11 10:00,6.6896,5.48188,0.0,0.42044,0.78728,0.0281,0.0,0.0,0.0281
2018-02-11 11:00:00,2018-02-11 11:00,5.75141,4.83114,0.0,0.15585,0.76442,0.0,0.0,0.0,0.0
2018-02-11 12:00:00,2018-02-11 12:00,4.93321,4.2172,0.0,0.003,0.71301,0.0,0.0,0.0,0.0
2018-02-11 13:00:00,2018-02-11 13:00,4.8096,3.78935,0.0,0.31003,0.71022,0.0,0.0,0.0,0.0
2018-02-11 14:00:00,2018-02-11 14:00,4.66812,3.35555,0.0,0.37681,0.93576,0.0,0.0,0.0,0.0
2018-02-11 15:00:00,2018-02-11 15:00,5.19457,3.11789,0.0,0.003,2.07368,0.0,0.0,0.0,0.0
2018-02-11 16:00:00,2018-02-11 16:00,5.95368,3.02254,0.0,0.003,2.92814,0.0,0.0,0.0,0.0
2018-02-11 17:00:00,2018-02-11 17:00,3.58096,2.84791,0.0,0.003,0.73005,0.0,0.0,0.0,0.0
2018-02-11 18:00:00,2018-02-11 18:00,4.18965,2.99887,0.0,0.40948,0.7813,0.0,0.0,0.0,0.0
2018-02-11 19:00:00,2018-02-11 19:00,4.89411,3.49669,0.0,0.40912,0.9883,0.0,0.0,0.0,0.0
2018-02-11 20:00:00,2018-02-11 20:00,4.94802,3.5467,0.0,0.40585,0.99547,0.0,0.0,0.0,0.0
2018-02-11 21:00:00,2018-02-11 21:00,4.95376,3.80986,0.0,0.42552,0.71838,0.0,0.0,0.0,0.0
2018-02-11 22:00:00,2018-02-11 22:00,4.91714,4.04095,0.0,0.21704,0.65915,0.0,0.0,0.0,0.0
2018-02-11 23:00:00,2018-02-11 23:00,4.80556,4.23394,0.0,0.003,0.56862,0.0,0.0,0.0,0.0
2018-02-12 00:00:00,2018-02-12 00:00,5.29718,4.40438,0.0,0.41807,0.47473,0.0,0.0,0.0,0.0
2018-02-12 01:00:00,2018-02-12 01:00,5.15198,4.63722,0.0,0.08008,0.43468,0.0,0.0,0.0,0.0
2018-02-12 02:00:00,2018-02-12 02:00,5.39936,4.96697,0.0,0.003,0.42939,0.0,0.0,0.0,0.0
2018-02-12 03:00:00,2018-02-12 03:00,5.71928,5.28806,0.0,0.003,0.42822,0.0,0.0,0.0,0.0
2018-02-12 04:00:00,2018-02-12 04:00,5.8312,5.40548,0.0,0.003,0.42272,0.0,0.0,0.0,0.0
2018-02-12 05:00:00,2018-02-12 05:00,5.94886,5.52692,0.0,0.003,0.41894,0.0,0.0,0.0,0.0
2018-02-12 06:00:00,2018-02-12 06:00,6.07636,5.65264,0.0,0.003,0.42072,0.0,0.0,0.0,0.0
2018-02-12 07:00:00,2018-02-12 07:00,6.72667,6.10907,0.0,0.10586,0.51174,0.0,0.0,0.0,0.0
2018-02-12 08:00:00,2018-02-12 08:00,6.89341,5.94927,0.0,0.42273,0.52141,0.0,0.0,0.0,0.0
2018-02-12 09:00:00,2018-02-12 09:00,6.52079,5.77523,0.0,0.19659,0.54897,0.0,0.0,0.0,0.0
2018-02-12 10:00:00,2018-02-12 10:00,6.04992,5.3902,0.0,0.10415,0.55557,0.0,0.0,0.0,0.0
2018-02-12 11:00:00,2018-02-12 11:00,5.85629,4.90923,0.0,0.40235,0.54471,0.0,0.0,0.0,0.0
2018-02-12 12:00:00,2018-02-12 12:00,5.4171,4.53331,0.0,0.40686,0.47693,0.0,0.0,0.0,0.0
2018-02-12 13:00:00,2018-02-12 13:00,5.07545,4.26924,0.0,0.36622,0.43999,0.0,0.0,0.0,0.0
2018-02-12 14:00:00,2018-02-12 14:00,4.57972,4.13663,0.0,0.003,0.44009,0.0,0.0,0.0,0.0
2018-02-12 15:00:00,2018-02-12 15:00,4.4536,3.85599,0.0,0.10465,0.49296,0.0,0.0,0.0,0.0
2018-02-12 16:00:00,2018-02-12 16:00,4.60835,3.70542,0.0,0.42464,0.47829,0.0,0.0,0.0,0.0
2018-02-12 17:00:00,2018-02-12 17:00,4.4222,3.58569,0.0,0.21503,0.62148,0.03184,0.0,0.0,0.03184
2018-02-12 18:00:00,2018-02-12 18:00,4.67634,3.77167,0.0,0.003,0.90167,0.02437,0.0,0.0,0.02437
2018-02-12 19:00:00,2018-02-12 19:00,5.46297,4.10424,0.0,0.10383,1.2549,0.0281,0.0,0.0,0.0281
2018-02-12 20:00:00,2018-02-12 20:00,6.08388,4.19786,0.0,0.41107,1.47495,0.0,0.0,0.0,0.0
2018-02-12 21:00:00,2018-02-12 21:00,6.25173,4.44964,0.0,0.39873,1.40336,0.0,0.0,0.0,0.0
2018-02-12 22:00:00,2018-02-12 22:00,5.68855,4.81433,0.0,0.003,0.87122,0.0,0.0,0.0,0.0
2018-02-12 23:00:00,2018-02-12 23:00,5.54274,4.97507,0.0,0.003,0.56467,0.0,0.0,0.0,0.0
2018-02-13 00:00:00,2018-02-13 00:00,5.25017,4.80833,0.0,0.003,0.43884,0.0,0.0,0.0,0.0
2018-02-13 01:00:00,2018-02-13 01:00,5.07407,4.63639,0.0,0.003,0.43468,0.0,0.0,0.0,0.0
2018-02-13 02:00:00,2018-02-13 02:00,5.1684,4.63254,0.0,0.10291,0.43295,0.0,0.0,0.0,0.0
2018-02-13 03:00:00,2018-02-13 03:00,5.3559,4.51304,0.0,0.41465,0.42821,0.0,0.0,0.0,0.0
2018-02-13 04:00:00,2018-02-13 04:00,5.02044,4.46823,0.0,0.1295,0.42271,0.0,0.0,0.0,0.0
2018-02-13 05:00:00,2018-02-13 05:00,4.8403,4.41833,0.0,0.003,0.41897,0.0,0.0,0.0,0.0
2018-02-13 06:00:00,2018-02-13 06:00,4.81672,4.37658,0.0,0.003,0.43714,0.0,0.0,0.0,0.0
2018-02-13 07:00:00,2018-02-13 07:00,5.42891,4.47235,0.0,0.30805,0.64851,0.0281,0.0,0.0,0.0281
2018-02-13 08:00:00,2018-02-13 08:00,5.25819,4.13847,0.0,0.40759,0.71213,0.0,0.0,0.0,0.0
2018-02-13 09:00:00,2018-02-13 09:00,4.9234,3.88834,0.0,0.41665,0.61841,0.0,0.0,0.0,0.0
2018-02-13 10:00:00,2018-02-13 10:00,4.63598,3.63809,0.0,0.40298,0.59491,0.0,0.0,0.0,0.0
2018-02-13 11:00:00,2018-02-13 11:00,4.29627,3.40289,0.0,0.4178,0.47558,0.0,0.0,0.0,0.0
2018-02-13 12:00:00,2018-02-13 12:00,3.7146,3.11844,0.0,0.16244,0.43372,0.0,0.0,0.0,0.0
2018-02-13 13:00:00,2018-02-13 13:00,3.3374,2.8944,0.0,0.003,0.44,0.0,0.0,0.0,0.0
2018-02-13 14:00:00,2018-02-13 14:00,3.05929,2.61623,0.0,0.003,0.44006,0.0,0.0,0.0,0.0
2018-02-13 15:00:00,2018-02-13 15:00,2.8818,2.43735,0.0,0.003,0.44145,0.0,0.0,0.0,0.0
2018-02-13 16:00:00,2018-02-13 16:00,2.95377,2.29931,0.0,0.10452,0.54994,0.0,0.0,0.0,0.0
2018-02-13 17:00:00,2018-02-13 17:00,4.72851,2.36635,0.0,0.41459,1.94757,0.0,0.0,0.0,0.0
2018-02-13 18:00:00,2018-02-13 18:00,3.5438,2.46345,0.0,0.41243,0.66792,0.0,0.0,0.0,0.0
2018-02-13 19:00:00,2018-02-13 19:00,3.27312,2.75467,0.0,0.003,0.51545,0.0,0.0,0.0,0.0
2018-02-13 20:00:00,2018-02-13 20:00,3.41486,2.68102,0.0,0.003,0.73084,0.0,0.0,0.0,0.0
2018-02-13 21:00:00,2018-02-13 21:00,3.97732,2.67126,0.0,0.20567,1.10039,0.0,0.0,0.0,0.0
2018-02-13 22:00:00,2018-02-13 22:00,4.17081,2.70315,0.0,0.42835,1.03931,0.0,0.0,0.0,0.0
2018-02-13 23:00:00,2018-02-13 23:00,3.58197,2.83845,0.0,0.02811,0.71541,0.0,0.0,0.0,0.0
2018-02-14 00:00:00,2018-02-14 00:00,3.41925,2.96284,0.0,0.003,0.45341,0.0,0.0,0.0,0.0
2018-02-14 01:00:00,2018-02-14 01:00,3.54794,3.11027,0.0,0.003,0.43467,0.0,0.0,0.0,0.0
2018-02-14 02:00:00,2018-02-14 02:00,3.58896,3.1566,0.0,0.003,0.42936,0.0,0.0,0.0,0.0
2018-02-14 03:00:00,2018-02-14 03:00,3.6041,3.1729,0.0,0.003,0.4282,0.0,0.0,0.0,0.0
2018-02-14 04:00:00,2018-02-14 04:00,3.61655,3.19083,0.0,0.003,0.42272,0.0,0.0,0.0,0.0
2018-02-14 05:00:00,2018-02-14 05:00,3.62783,3.20586,0.0,0.003,0.41897,0.0,0.0,0.0,0.0
2018-02-14 06:00:00,2018-02-14 06:00,3.9578,3.29145,0.0,0.21127,0.45508,0.00374,0.0,0.0,0.00374
2018-02-14 07:00:00,2018-02-14 07:00,4.47367,3.38939,0.0,0.41042,0.67386,0.02437,0.0,0.0,0.02437
2018-02-14 08:00:00,2018-02-14 08:00,4.40395,3.34308,0.0,0.41056,0.65031,0.0,0.0,0.0,0.0
2018-02-14 09:00:00,2018-02-14 09:00,4.18477,3.30871,0.0,0.41497,0.46109,0.0,0.0,0.0,0.0
2018-02-14 10:00:00,2018-02-14 10:00,3.16141,2.72034,0.0,0.003,0.43807,0.0,0.0,0.0,0.0
2018-02-14 11:00:00,2018-02-14 11:00,2.64123,2.20562,0.0,0.003,0.43261,0.0,0.0,0.0,0.0
2018-02-14 12:00:00,2018-02-14 12:00,2.33756,1.90085,0.0,0.003,0.43371,0.0,0.0,0.0,0.0
2018-02-14 13:00:00,2018-02-14 13:00,2.08294,1.63996,0.0,0.003,0.43998,0.0,0.0,0.0,0.0
2018-02-14 14:00:00,2018-02-14 14:00,1.9145,1.47143,0.0,0.003,0.44007,0.0,0.0,0.0,0.0
2018-02-14 15:00:00,2018-02-14 15:00,1.84503,1.40059,0.0,0.003,0.44144,0.0,0.0,0.0,0.0
2018-02-14 16:00:00,2018-02-14 16:00,1.93012,1.26626,0.0,0.003,0.66086,0.0,0.0,0.0,0.0
2018-02-14 17:00:00,2018-02-14 17:00,2.20261,1.22516,0.0,0.10823,0.86922,0.0,0.0,0.0,0.0
2018-02-14 18:00:00,2018-02-14 18:00,2.65625,1.31348,0.0,0.41209,0.93068,0.0,0.0,0.0,0.0
2018-02-14 19:00:00,2018-02-14 19:00,2.90939,1.56267,0.0,0.40625,0.94047,0.0,0.0,0.0,0.0
2018-02-14 20:00:00,2018-02-14 20:00,2.93524,1.38634,0.0,0.40289,1.14601,0.0281,0.0,0.0,0.0281
2018-02-14 21:00:00,2018-02-14 21:00,3.30476,1.40433,0.0,0.42476,1.47567,0.0,0.0,0.0,0.0
2018-02-14 22:00:00,2018-02-14 22:00,2.97006,1.49977,0.0,0.26753,1.20276,0.0,0.0,0.0,0.0
2018-02-14 23:00:00,2018-02-14 23:00,2.28688,1.58529,0.0,0.003,0.69859,0.0,0.0,0.0,0.0
2018-02-15 00:00:00,2018-02-15 00:00,2.18071,1.69055,0.0,0.003,0.48716,0.0,0.0,0.0,0.0
2018-02-15 01:00:00,2018-02-15 01:00,2.23917,1.80148,0.0,0.003,0.43469,0.0,0.0,0.0,0.0
2018-02-15 02:00:00,2018-02-15 02:00,2.32181,1.88945,0.0,0.003,0.42936,0.0,0.0,0.0,0.0
2018-02-15 03:00:00,2018-02-15 03:00,2.35068,1.91559,0.0,0.003,0.43209,0.0,0.0,0.0,0.0
2018-02-15 04:00:00,2018-02-15 04:00,2.43997,2.00679,0.0,0.003,0.43018,0.0,0.0,0.0,0.0
2018-02-15 05:00:00,2018-02-15 05:00,2.9221,2.16316,0.0,0.31237,0.44657,0.0,0.0,0.0,0.0
2018-02-15 06:00:00,2018-02-15 06:00,3.11994,2.15914,0.0,0.42159,0.53921,0.0281,0.0,0.0,0.0281
2018-02-15 07:00:00,2018-02-15 07:00,3.45157,2.36767,0.0,0.43415,0.64975,0.0,0.0,0.0,0.0
2018-02-15 08:00:00,2018-02-15 08:00,3.22489,2.30129,0.0,0.43209,0.49151,0.0,0.0,0.0,0.0
2018-02-15 09:00:00,2018-02-15 09:00,2.61467,2.0831,0.0,0.06349,0.46808,0.0,0.0,0.0,0.0
2018-02-15 10:00:00,2018-02-15 10:00,2.29396,1.83321,0.0,0.003,0.45775,0.0,0.0,0.0,0.0
2018-02-15 11:00:00,2018-02-15 11:00,2.08052,1.6449,0.0,0.003,0.43262,0.0,0.0,0.0,0.0
2018-02-15 12:00:00,2018-02-15 12:00,2.01022,1.5705,0.0,0.003,0.43672,0.0,0.0,0.0,0.0
2018-02-15 13:00:00,2018-02-15 13:00,2.43898,1.54906,0.0,0.38348,0.50644,0.0,0.0,0.0,0.0
2018-02-15 14:00:00,2018-02-15 14:00,2.03542,1.59237,0.0,0.003,0.44005,0.0,0.0,0.0,0.0
2018-02-15 15:00:00,2018-02-15 15:00,2.0203,1.52079,0.0,0.003,0.49651,0.0,0.0,0.0,0.0
2018-02-15 16:00:00,2018-02-15 16:00,2.54251,1.5102,0.0,0.41211,0.6202,0.0,0.0,0.0,0.0
2018-02-15 17:00:00,2018-02-15 17:00,2.76659,1.59184,0.0,0.41282,0.76193,0.0,0.0,0.0,0.0
2018-02-15 18:00:00,2018-02-15 18:00,2.97275,1.61738,0.0,0.4146,0.94077,0.0281,0.0,0.0,0.0281
2018-02-15 19:00:00,2018-02-15 19:00,4.1066,1.96533,0.0,0.43252,1.70875,0.0,0.0,0.0,0.0
2018-02-15 20:00:00,2018-02-15 20:00,5.65322,2.22038,0.0,0.1092,3.32364,0.0,0.0,0.0,0.0
2018-02-15 21:00:00,2018-02-15 21:00,3.46019,2.1628,0.0,0.003,1.29439,0.0,0.0,0.0,0.0
2018-02-15 22:00:00,2018-02-15 22:00,3.63619,2.39265,0.0,0.31785,0.92569,0.0,0.0,0.0,0.0
2018-02-15 23:00:00,2018-02-15 23:00,4.1492,3.02239,0.0,0.42824,0.69857,0.0,0.0,0.0,0.0
2018-02-16 00:00:00,2018-02-16 00:00,4.48345,3.57223,0.0,0.42408,0.48714,0.0,0.0,0.0,0.0
2018-02-16 01:00:00,2018-02-16 01:00,4.69045,4.17416,0.0,0.08162,0.43467,0.0,0.0,0.0,0.0
2018-02-16 02:00:00,2018-02-16 02:00,5.08329,4.6509,0.0,0.003,0.42939,0.0,0.0,0.0,0.0
2018-02-16 03:00:00,2018-02-16 03:00,5.49201,5.06082,0.0,0.003,0.42819,0.0,0.0,0.0,0.0
2018-02-16 04:00:00,2018-02-16 04:00,5.82301,5.39729,0.0,0.003,0.42272,0.0,0.0,0.0,0.0
2018-02-16 05:00:00,2018-02-16 05:00,5.91191,5.48995,0.0,0.003,0.41896,0.0,0.0,0.0,0.0
2018-02-16 06:00:00,2018-02-16 06:00,5.88736,5.44722,0.0,0.003,0.43714,0.0,0.0,0.0,0.0
2018-02-16 07:00:00,2018-02-16 07:00,6.48564,5.79023,0.0,0.10421,0.5912,0.0,0.0,0.0,0.0
2018-02-16 08:00:00,2018-02-16 08:00,6.66616,5.5458,0.0,0.39475,0.72561,0.0281,0.0,0.0,0.0281
2018-02-16 09:00:00,2018-02-16 09:00,6.46196,5.39728,0.0,0.38406,0.68062,0.0,0.0,0.0,0.0
2018-02-16 10:00:00,2018-02-16 10:00,5.86043,4.9441,0.0,0.36712,0.54921,0.0,0.0,0.0,0.0
2018-02-16 11:00:00,2018-02-16 11:00,5.32253,4.43283,0.0,0.36793,0.52177,0.0,0.0,0.0,0.0
2018-02-16 12:00:00,2018-02-16 12:00,4.99573,4.16513,0.0,0.3969,0.4337,0.0,0.0,0.0,0.0
2018-02-16 13:00:00,2018-02-16 13:00,4.70356,3.83938,0.0,0.42418,0.44,0.0,0.0,0.0,0.0
2018-02-16 14:00:00,2018-02-16 14:00,4.40533,3.45359,0.0,0.43927,0.51247,0.0,0.0,0.0,0.0
2018-02-16 15:00:00,2018-02-16 15:00,4.00187,3.26041,0.0,0.29641,0.44505,0.0,0.0,0.0,0.0
2018-02-16 16:00:00,2018-02-16 16:00,3.95425,3.25567,0.0,0.10564,0.59294,0.0,0.0,0.0,0.0
2018-02-16 17:00:00,2018-02-16 17:00,4.46649,3.3279,0.0,0.41493,0.72366,0.0,0.0,0.0,0.0
2018-02-16 18:00:00,2018-02-16 18:00,4.55413,3.25999,0.0,0.42928,0.86486,0.0281,0.0,0.0,0.0281
2018-02-16 19:00:00,2018-02-16 19:00,5.15231,3.61793,0.0,0.32624,1.20814,0.0,0.0,0.0,0.0
2018-02-16 20:00:00,2018-02-16 20:00,4.83839,3.50993,0.0,0.10441,1.22405,0.0,0.0,0.0,0.0
2018-02-16 21:00:00,2018-02-16 21:00,5.18376,3.53514,0.0,0.4258,1.22282,0.0,0.0,0.0,0.0
2018-02-16 22:00:00,2018-02-16 22:00,4.90266,3.39387,0.0,0.08587,1.42292,0.0,0.0,0.0,0.0
2018-02-16 23:00:00,2018-02-16 23:00,6.20973,3.50688,0.0,0.003,2.69985,0.0,0.0,0.0,0.0
2018-02-17 00:00:00,2018-02-17 00:00,5.5069,3.39759,0.0,0.41875,1.69056,0.0,0.0,0.0,0.0
2018-02-17 01:00:00,2018-02-17 01:00,3.75901,3.14976,0.0,0.17334,0.43591,0.0,0.0,0.0,0.0
2018-02-17 02:00:00,2018-02-17 02:00,3.56319,3.12955,0.0,0.003,0.43064,0.0,0.0,0.0,0.0
2018-02-17 03:00:00,2018-02-17 03:00,3.40223,2.96977,0.0,0.003,0.42946,0.0,0.0,0.0,0.0
2018-02-17 04:00:00,2018-02-17 04:00,3.21527,2.7883,0.0,0.003,0.42397,0.0,0.0,0.0,0.0
2018-02-17 05:00:00,2018-02-17 05:00,3.07737,2.65416,0.0,0.003,0.42021,0.0,0.0,0.0,0.0
2018-02-17 06:00:00,2018-02-17 06:00,3.04154,2.61656,0.0,0.003,0.42198,0.0,0.0,0.0,0.0
2018-02-17 07:00:00,2018-02-17 07:00,3.25493,2.78877,0.0,0.003,0.46316,0.0,0.0,0.0,0.0
2018-02-17 08:00:00,2018-02-17 08:00,3.35141,2.51224,0.0,0.20807,0.6311,0.0562,0.0,0.0,0.0562
2018-02-17 09:00:00,2018-02-17 09:00,3.62646,2.52557,0.0,0.40477,0.69612,0.0,0.0,0.0,0.0
2018-02-17 10:00:00,2018-02-17 10:00,3.56474,2.33906,0.0,0.41008,0.8156,0.0,0.0,0.0,0.0
2018-02-17 11:00:00,2018-02-17 11:00,3.36831,2.15364,0.0,0.42495,0.78972,0.0,0.0,0.0,0.0
2018-02-17 12:00:00,2018-02-17 12:00,3.14885,1.94247,0.0,0.43519,0.77119,0.0,0.0,0.0,0.0
2018-02-17 13:00:00,2018-02-17 13:00,2.56763,1.72099,0.0,0.05363,0.79301,0.0,0.0,0.0,0.0
2018-02-17 14:00:00,2018-02-17 14:00,2.39593,1.47749,0.0,0.003,0.91544,0.0,0.0,0.0,0.0
2018-02-17 15:00:00,2018-02-17 15:00,2.33961,1.22037,0.0,0.10332,1.01592,0.0281,0.0,0.0,0.0281
2018-02-17 16:00:00,2018-02-17 16:00,2.70158,1.23587,0.0,0.41891,1.0468,0.0,0.0,0.0,0.0
2018-02-17 17:00:00,2018-02-17 17:00,2.64353,1.38123,0.0,0.12567,1.13663,0.0,0.0,0.0,0.0
2018-02-17 18:00:00,2018-02-17 18:00,2.72622,1.44991,0.0,0.003,1.27331,0.0,0.0,0.0,0.0
2018-02-17 19:00:00,2018-02-17 19:00,3.13058,1.65895,0.0,0.003,1.46863,0.0,0.0,0.0,0.0
2018-02-17 20:00:00,2018-02-17 20:00,3.19751,1.66063,0.0,0.003,1.53388,0.0,0.0,0.0,0.0
2018-02-17 21:00:00,2018-02-17 21:00,3.59686,1.86573,0.0,0.32184,1.40929,0.0,0.0,0.0,0.0
2018-02-17 22:00:00,2018-02-17 22:00,3.12322,2.09661,0.0,0.05703,0.96958,0.0,0.0,0.0,0.0
2018-02-17 23:00:00,2018-02-17 23:00,2.96737,2.35231,0.0,0.003,0.61206,0.0,0.0,0.0,0.0
2018-02-18 00:00:00,2018-02-18 00:00,2.97316,2.50208,0.0,0.003,0.46808,0.0,0.0,0.0,0.0
2018-02-18 01:00:00,2018-02-18 01:00,3.26445,2.80865,0.0,0.003,0.4528,0.0,0.0,0.0,0.0
2018-02-18 02:00:00,2018-02-18 02:00,3.40033,2.9629,0.0,0.003,0.43443,0.0,0.0,0.0,0.0
2018-02-18 03:00:00,2018-02-18 03:00,3.48654,3.0541,0.0,0.003,0.42944,0.0,0.0,0.0,0.0
2018-02-18 04:00:00,2018-02-18 04:00,3.35986,2.9329,0.0,0.003,0.42396,0.0,0.0,0.0,0.0
2018-02-18 05:00:00,2018-02-18 05:00,3.15721,2.734,0.0,0.003,0.42021,0.0,0.0,0.0,0.0
2018-02-18 06:00:00,2018-02-18 06:00,3.21623,2.79124,0.0,0.003,0.42199,0.0,0.0,0.0,0.0
2018-02-18 07:00:00,2018-02-18 07:00,3.43134,2.96652,0.0,0.003,0.46182,0.0,0.0,0.0,0.0
2018-02-18 08:00:00,2018-02-18 08:00,3.58608,2.82033,0.0,0.32517,0.44058,0.0,0.0,0.0,0.0
2018-02-18 09:00:00,2018-02-18 09:00,3.29771,2.75194,0.0,0.003,0.54277,0.0,0.0,0.0,0.0
2018-02-18 10:00:00,2018-02-18 10:00,3.15629,2.60389,0.0,0.003,0.5494,0.0,0.0,0.0,0.0
2018-02-18 11:00:00,2018-02-18 11:00,3.04189,2.1129,0.0,0.10706,0.82193,0.0,0.0,0.0,0.0
2018-02-18 12:00:00,2018-02-18 12:00,3.16478,1.85769,0.0,0.42158,0.88551,0.00187,0.0,0.0,0.00187
2018-02-18 13:00:00,2018-02-18 13:00,2.79185,1.49118,0.0,0.42665,0.87402,0.02622,0.0,0.0,0.02622
2018-02-18 14:00:00,2018-02-18 14:00,2.41965,1.4402,0.0,0.16161,0.81784,0.0,0.0,0.0,0.0
2018-02-18 15:00:00,2018-02-18 15:00,2.66481,1.45349,0.0,0.21029,1.00103,0.0,0.0,0.0,0.0
2018-02-18 16:00:00,2018-02-18 16:00,3.06727,1.14366,0.0,0.4157,1.50791,0.0281,0.0,0.0,0.0281
2018-02-18 17:00:00,2018-02-18 17:00,2.52302,1.05238,0.0,0.4283,1.04234,0.0,0.0,0.0,0.0
2018-02-18 18:00:00,2018-02-18 18:00,2.61823,1.11071,0.0,0.436,1.07152,0.0,0.0,0.0,0.0
2018-02-18 19:00:00,2018-02-18 19:00,3.01729,1.24102,0.0,0.41828,1.35799,0.0,0.0,0.0,0.0
2018-02-18 20:00:00,2018-02-18 20:00,2.84525,1.22971,0.0,0.41937,1.19617,0.0,0.0,0.0,0.0
2018-02-18 21:00:00,2018-02-18 21:00,2.53532,1.40962,0.0,0.15658,0.96912,0.0,0.0,0.0,0.0
2018-02-18 22:00:00,2018-02-18 22:00,2.42027,1.643,0.0,0.003,0.77427,0.0,0.0,0.0,0.0
2018-02-18 23:00:00,2018-02-18 23:00,2.81074,2.01977,0.0,0.10463,0.68634,0.0,0.0,0.0,0.0
2018-02-19 00:00:00,2018-02-19 00:00,3.33211,2.38521,0.0,0.42489,0.52201,0.0,0.0,0.0,0.0
2018-02-19 01:00:00,2018-02-19 01:00,2.88217,2.32558,0.0,0.09257,0.46402,0.0,0.0,0.0,0.0
2018-02-19 02:00:00,2018-02-19 02:00,2.8158,2.26173,0.0,0.10572,0.44835,0.0,0.0,0.0,0.0
2018-02-19 03:00:00,2018-02-19 03:00,3.20194,2.38092,0.0,0.38964,0.43138,0.0,0.0,0.0,0.0
2018-02-19 04:00:00,2018-02-19 04:00,3.07855,2.65284,0.0,0.003,0.42271,0.0,0.0,0.0,0.0
2018-02-19 05:00:00,2018-02-19 05:00,3.39982,2.97786,0.0,0.003,0.41896,0.0,0.0,0.0,0.0
2018-02-19 06:00:00,2018-02-19 06:00,3.51402,3.06681,0.0,0.003,0.44421,0.0,0.0,0.0,0.0
2018-02-19 07:00:00,2018-02-19 07:00,4.2546,3.37842,0.0,0.30726,0.56892,0.0,0.0,0.0,0.0
2018-02-19 08:00:00,2018-02-19 08:00,4.46191,3.36509,0.0,0.41941,0.67741,0.0,0.0,0.0,0.0
2018-02-19 09:00:00,2018-02-19 09:00,4.35338,3.36765,0.0,0.41501,0.57072,0.0,0.0,0.0,0.0
2018-02-19 10:00:00,2018-02-19 10:00,4.25473,3.29512,0.0,0.43338,0.52623,0.0,0.0,0.0,0.0
2018-02-19 11:00:00,2018-02-19 11:00,3.78499,3.32065,0.0,0.03172,0.43262,0.0,0.0,0.0,0.0
2018-02-19 12:00:00,2018-02-19 12:00,3.74537,3.2856,0.0,0.003,0.45677,0.0,0.0,0.0,0.0
2018-02-19 13:00:00,2018-02-19 13:00,3.60414,3.16114,0.0,0.003,0.44,0.0,0.0,0.0,0.0
2018-02-19 14:00:00,2018-02-19 14:00,3.54986,3.10679,0.0,0.003,0.44007,0.0,0.0,0.0,0.0
2018-02-19 15:00:00,2018-02-19 15:00,3.57195,3.1275,0.0,0.003,0.44145,0.0,0.0,0.0,0.0
2018-02-19 16:00:00,2018-02-19 16:00,3.53989,3.06854,0.0,0.003,0.46835,0.0,0.0,0.0,0.0
2018-02-19 17:00:00,2018-02-19 17:00,3.49262,3.03442,0.0,0.003,0.4552,0.0,0.0,0.0,0.0
2018-02-19 18:00:00,2018-02-19 18:00,4.09798,2.95217,0.0,0.30903,0.83678,0.0,0.0,0.0,0.0
2018-02-19 19:00:00,2018-02-19 19:00,4.74829,3.15097,0.0,0.432,1.16532,0.0,0.0,0.0,0.0
2018-02-19 20:00:00,2018-02-19 20:00,4.89651,2.98894,0.0,0.43261,1.47496,0.0,0.0,0.0,0.0
2018-02-19 21:00:00,2018-02-19 21:00,4.44216,2.97104,0.0,0.12579,1.34533,0.0,0.0,0.0,0.0
2018-02-19 22:00:00,2018-02-19 22:00,4.11356,3.02566,0.0,0.003,1.0849,0.0,0.0,0.0,0.0
2018-02-19 23:00:00,2018-02-19 23:00,3.90562,3.11015,0.0,0.003,0.79247,0.0,0.0,0.0,0.0
2018-02-20 00:00:00,2018-02-20 00:00,3.60354,3.05259,0.0,0.003,0.54795,0.0,0.0,0.0,0.0
2018-02-20 01:00:00,2018-02-20 01:00,3.83439,3.04311,0.0,0.31787,0.47341,0.0,0.0,0.0,0.0
2018-02-20 02:00:00,2018-02-20 02:00,3.54093,2.98112,0.0,0.13042,0.42939,0.0,0.0,0.0,0.0
2018-02-20 03:00:00,2018-02-20 03:00,3.46593,3.03473,0.0,0.003,0.4282,0.0,0.0,0.0,0.0
2018-02-20 04:00:00,2018-02-20 04:00,3.44024,3.01455,0.0,0.003,0.42269,0.0,0.0,0.0,0.0
2018-02-20 05:00:00,2018-02-20 05:00,3.48391,3.06195,0.0,0.003,0.41896,0.0,0.0,0.0,0.0
2018-02-20 06:00:00,2018-02-20 06:00,3.61324,3.0031,0.0,0.10819,0.50195,0.03184,0.0,0.0,0.03184
2018-02-20 07:00:00,2018-02-20 07:00,4.19198,3.0614,0.0,0.42392,0.70666,0.05433,0.0,0.0,0.05433
2018-02-20 08:00:00,2018-02-20 08:00,4.21026,3.16351,0.0,0.43021,0.61654,0.0,0.0,0.0,0.0
2018-02-20 09:00:00,2018-02-20 09:00,4.18022,3.2414,0.0,0.41571,0.52311,0.0,0.0,0.0,0.0
2018-02-20 10:00:00,2018-02-20 10:00,4.21984,3.28115,0.0,0.42909,0.5096,0.0,0.0,0.0,0.0
2018-02-20 11:00:00,2018-02-20 11:00,3.88389,3.18958,0.0,0.16943,0.52488,0.0,0.0,0.0,0.0
2018-02-20 12:00:00,2018-02-20 12:00,3.60928,3.10622,0.0,0.003,0.50006,0.0,0.0,0.0,0.0
2018-02-20 13:00:00,2018-02-20 13:00,3.48559,3.03947,0.0,0.003,0.44312,0.0,0.0,0.0,0.0
2018-02-20 14:00:00,2018-02-20 14:00,3.51648,3.05268,0.0,0.003,0.4608,0.0,0.0,0.0,0.0
2018-02-20 15:00:00,2018-02-20 15:00,3.40918,2.96475,0.0,0.003,0.44143,0.0,0.0,0.0,0.0
2018-02-20 16:00:00,2018-02-20 16:00,3.31211,2.86788,0.0,0.003,0.44123,0.0,0.0,0.0,0.0
2018-02-20 17:00:00,2018-02-20 17:00,3.35091,2.88899,0.0,0.003,0.45892,0.00374,0.0,0.0,0.00374
2018-02-20 18:00:00,2018-02-20 18:00,4.09284,3.00227,0.0,0.39876,0.69181,0.05247,0.0,0.0,0.05247
2018-02-20 19:00:00,2018-02-20 19:00,4.74366,3.41048,0.0,0.409,0.92418,0.0281,0.0,0.0,0.0281
2018-02-20 20:00:00,2018-02-20 20:00,4.92225,3.51912,0.0,0.43021,0.97292,0.0,0.0,0.0,0.0
2018-02-20 21:00:00,2018-02-20 21:00,5.29522,3.82062,0.0,0.17816,1.29644,0.0,0.0,0.0,0.0
2018-02-20 22:00:00,2018-02-20 22:00,6.10787,4.18964,0.0,0.003,1.91523,0.0,0.0,0.0,0.0
2018-02-20 23:00:00,2018-02-20 23:00,7.52433,4.51885,0.0,0.003,3.00248,0.0,0.0,0.0,0.0
2018-02-21 00:00:00,2018-02-21 00:00,6.0411,4.45111,0.0,0.42614,1.16385,0.0,0.0,0.0,0.0
2018-02-21 01:00:00,2018-02-21 01:00,5.36234,4.69544,0.0,0.20876,0.45814,0.0,0.0,0.0,0.0
2018-02-21 02:00:00,2018-02-21 02:00,5.36029,4.9279,0.0,0.003,0.42939,0.0,0.0,0.0,0.0
2018-02-21 03:00:00,2018-02-21 03:00,5.50129,5.07008,0.0,0.003,0.42821,0.0,0.0,0.0,0.0
2018-02-21 04:00:00,2018-02-21 04:00,5.73157,5.30583,0.0,0.003,0.42274,0.0,0.0,0.0,0.0
2018-02-21 05:00:00,2018-02-21 05:00,5.93637,5.51442,0.0,0.003,0.41895,0.0,0.0,0.0,0.0
2018-02-21 06:00:00,2018-02-21 06:00,6.27517,5.7203,0.0,0.10352,0.45135,0.0,0.0,0.0,0.0
2018-02-21 07:00:00,2018-02-21 07:00,6.91144,5.91004,0.0,0.40065,0.60075,0.03184,0.0,0.0,0.03184
2018-02-21 08:00:00,2018-02-21 08:00,6.47433,5.34906,0.0,0.41517,0.7101,0.05433,0.0,0.0,0.05433
2018-02-21 09:00:00,2018-02-21 09:00,6.40723,5.49923,0.0,0.36205,0.54595,0.0,0.0,0.0,0.0
2018-02-21 10:00:00,2018-02-21 10:00,5.50644,5.06538,0.0,0.003,0.43806,0.0,0.0,0.0,0.0
2018-02-21 11:00:00,2018-02-21 11:00,4.8513,4.41569,0.0,0.003,0.43261,0.0,0.0,0.0,0.0
2018-02-21 12:00:00,2018-02-21 12:00,4.35025,3.91356,0.0,0.003,0.43369,0.0,0.0,0.0,0.0
2018-02-21 13:00:00,2018-02-21 13:00,3.9886,3.54562,0.0,0.003,0.43998,0.0,0.0,0.0,0.0
2018-02-21 14:00:00,2018-02-21 14:00,3.70903,3.26595,0.0,0.003,0.44008,0.0,0.0,0.0,0.0
2018-02-21 15:00:00,2018-02-21 15:00,3.52573,3.02621,0.0,0.003,0.49652,0.0,0.0,0.0,0.0
2018-02-21 16:00:00,2018-02-21 16:00,3.79913,2.92737,0.0,0.31572,0.55604,0.0,0.0,0.0,0.0
2018-02-21 17:00:00,2018-02-21 17:00,3.92916,2.91103,0.0,0.42474,0.59339,0.00374,0.0,0.0,0.00374
2018-02-21 18:00:00,2018-02-21 18:00,3.80135,2.77113,0.0,0.2977,0.73252,0.08617,0.0,0.0,0.08617
2018-02-21 19:00:00,2018-02-21 19:00,4.50139,3.32009,0.0,0.20817,0.97313,0.02437,0.0,0.0,0.02437
2018-02-21 20:00:00,2018-02-21 20:00,5.33118,3.25846,0.0,0.40837,1.66435,0.0,0.0,0.0,0.0
2018-02-21 21:00:00,2018-02-21 21:00,7.64381,3.59665,0.0,0.41859,3.62857,0.0,0.0,0.0,0.0
2018-02-21 22:00:00,2018-02-21 22:00,5.55289,3.54793,0.0,0.20361,1.80135,0.0,0.0,0.0,0.0
2018-02-21 23:00:00,2018-02-21 23:00,4.4275,3.54684,0.0,0.003,0.87766,0.0281,0.0,0.0,0.0281
2018-02-22 00:00:00,2018-02-22 00:00,4.55824,4.0023,0.0,0.003,0.55294,0.0,0.0,0.0,0.0
2018-02-22 01:00:00,2018-02-22 01:00,4.96371,4.50259,0.0,0.003,0.45812,0.0,0.0,0.0,0.0
2018-02-22 02:00:00,2018-02-22 02:00,4.97383,4.54145,0.0,0.003,0.42938,0.0,0.0,0.0,0.0
2018-02-22 03:00:00,2018-02-22 03:00,5.23514,4.80394,0.0,0.003,0.4282,0.0,0.0,0.0,0.0
2018-02-22 04:00:00,2018-02-22 04:00,5.64582,5.11214,0.0,0.10651,0.42717,0.0,0.0,0.0,0.0
2018-02-22 05:00:00,2018-02-22 05:00,5.70443,4.95074,0.0,0.31927,0.43442,0.0,0.0,0.0,0.0
2018-02-22 06:00:00,2018-02-22 06:00,5.01356,4.51292,0.0,0.003,0.49764,0.0,0.0,0.0,0.0
2018-02-22 07:00:00,2018-02-22 07:00,5.49842,4.47152,0.0,0.39666,0.63024,0.0,0.0,0.0,0.0
2018-02-22 08:00:00,2018-02-22 08:00,5.17157,4.16485,0.0,0.40714,0.59958,0.0,0.0,0.0,0.0
2018-02-22 09:00:00,2018-02-22 09:00,4.80489,3.81307,0.0,0.42111,0.57071,0.0,0.0,0.0,0.0
2018-02-22 10:00:00,2018-02-22 10:00,4.21741,3.46914,0.0,0.21892,0.52935,0.0,0.0,0.0,0.0
2018-02-22 11:00:00,2018-02-22 11:00,3.73451,2.99858,0.0,0.21104,0.52489,0.0,0.0,0.0,0.0
2018-02-22 12:00:00,2018-02-22 12:00,3.39401,2.65192,0.0,0.21569,0.5264,0.0,0.0,0.0,0.0
2018-02-22 13:00:00,2018-02-22 13:00,2.92488,2.38819,0.0,0.003,0.53369,0.0,0.0,0.0,0.0
2018-02-22 14:00:00,2018-02-22 14:00,2.94315,2.19997,0.0,0.20652,0.53666,0.0,0.0,0.0,0.0
2018-02-22 15:00:00,2018-02-22 15:00,3.00134,2.03059,0.0,0.42831,0.54244,0.0,0.0,0.0,0.0
2018-02-22 16:00:00,2018-02-22 16:00,2.56668,1.94131,0.0,0.10646,0.51891,0.0,0.0,0.0,0.0
2018-02-22 17:00:00,2018-02-22 17:00,2.47817,1.90152,0.0,0.003,0.57365,0.03184,0.0,0.0,0.03184
2018-02-22 18:00:00,2018-02-22 18:00,2.51664,1.66827,0.0,0.003,0.84537,0.11242,0.0,0.0,0.11242
2018-02-22 19:00:00,2018-02-22 19:00,3.14548,2.07173,0.0,0.10517,0.96858,0.0281,0.0,0.0,0.0281
2018-02-22 20:00:00,2018-02-22 20:00,3.92265,2.13276,0.0,0.42172,1.36817,0.0,0.0,0.0,0.0
2018-02-22 21:00:00,2018-02-22 21:00,3.651,2.17235,0.0,0.003,1.47565,0.0,0.0,0.0,0.0
2018-02-22 22:00:00,2018-02-22 22:00,3.3755,2.238,0.0,0.003,1.1345,0.0,0.0,0.0,0.0
2018-02-22 23:00:00,2018-02-22 23:00,3.03149,2.29524,0.0,0.003,0.73325,0.0,0.0,0.0,0.0
2018-02-23 00:00:00,2018-02-23 00:00,2.87734,2.37301,0.0,0.003,0.50133,0.0,0.0,0.0,0.0
2018-02-23 01:00:00,2018-02-23 01:00,2.88207,2.43734,0.0,0.003,0.44173,0.0,0.0,0.0,0.0
2018-02-23 02:00:00,2018-02-23 02:00,2.90211,2.46971,0.0,0.003,0.4294,0.0,0.0,0.0,0.0
2018-02-23 03:00:00,2018-02-23 03:00,2.89422,2.46302,0.0,0.003,0.4282,0.0,0.0,0.0,0.0
2018-02-23 04:00:00,2018-02-23 04:00,2.81102,2.38531,0.0,0.003,0.42271,0.0,0.0,0.0,0.0
2018-02-23 05:00:00,2018-02-23 05:00,2.7867,2.36474,0.0,0.003,0.41896,0.0,0.0,0.0,0.0
2018-02-23 06:00:00,2018-02-23 06:00,3.14385,2.37515,0.0,0.31736,0.45134,0.0,0.0,0.0,0.0
2018-02-23 07:00:00,2018-02-23 07:00,3.45826,2.52117,0.0,0.41277,0.52432,0.0,0.0,0.0,0.0
2018-02-23 08:00:00,2018-02-23 08:00,3.4327,2.49893,0.0,0.4153,0.51847,0.0,0.0,0.0,0.0
2018-02-23 09:00:00,2018-02-23 09:00,3.52208,2.49787,0.0,0.42768,0.59653,0.0,0.0,0.0,0.0
2018-02-23 10:00:00,2018-02-23 10:00,3.10245,2.50738,0.0,0.1373,0.45777,0.0,0.0,0.0,0.0
2018-02-23 11:00:00,2018-02-23 11:00,2.76596,2.33034,0.0,0.003,0.43262,0.0,0.0,0.0,0.0
2018-02-23 12:00:00,2018-02-23 12:00,2.60396,2.14106,0.0,0.003,0.4599,0.0,0.0,0.0,0.0
2018-02-23 13:00:00,2018-02-23 13:00,2.55556,2.01889,0.0,0.003,0.53367,0.0,0.0,0.0,0.0
2018-02-23 14:00:00,2018-02-23 14:00,2.49002,1.95035,0.0,0.003,0.53667,0.0,0.0,0.0,0.0
2018-02-23 15:00:00,2018-02-23 15:00,2.7216,1.85794,0.0,0.32122,0.54244,0.0,0.0,0.0,0.0
2018-02-23 16:00:00,2018-02-23 16:00,2.50244,1.7488,0.0,0.1976,0.55604,0.0,0.0,0.0,0.0
2018-02-23 17:00:00,2018-02-23 17:00,2.67546,1.73766,0.0,0.20524,0.73256,0.03184,0.0,0.0,0.03184
2018-02-23 18:00:00,2018-02-23 18:00,3.1618,1.79751,0.0,0.408,0.95629,0.05433,0.0,0.0,0.05433
2018-02-23 19:00:00,2018-02-23 19:00,4.04722,2.39658,0.0,0.42383,1.22681,0.0,0.0,0.0,0.0
2018-02-23 20:00:00,2018-02-23 20:00,3.95867,2.29216,0.0,0.16347,1.50304,0.0281,0.0,0.0,0.0281
2018-02-23 21:00:00,2018-02-23 21:00,4.26108,2.57137,0.0,0.21407,1.47564,0.0,0.0,0.0,0.0
2018-02-23 22:00:00,2018-02-23 22:00,4.23248,2.79546,0.0,0.19411,1.24291,0.0,0.0,0.0,0.0
2018-02-23 23:00:00,2018-02-23 23:00,3.60921,2.98772,0.0,0.003,0.61849,0.0,0.0,0.0,0.0
2018-02-24 00:00:00,2018-02-24 00:00,3.71183,3.21199,0.0,0.003,0.49684,0.0,0.0,0.0,0.0
2018-02-24 01:00:00,2018-02-24 01:00,3.90133,3.4401,0.0,0.003,0.45823,0.0,0.0,0.0,0.0
2018-02-24 02:00:00,2018-02-24 02:00,4.05575,3.62212,0.0,0.003,0.43063,0.0,0.0,0.0,0.0
2018-02-24 03:00:00,2018-02-24 03:00,4.34765,3.9152,0.0,0.003,0.42945,0.0,0.0,0.0,0.0
2018-02-24 04:00:00,2018-02-24 04:00,4.74009,4.31312,0.0,0.003,0.42397,0.0,0.0,0.0,0.0
2018-02-24 05:00:00,2018-02-24 05:00,4.99868,4.57547,0.0,0.003,0.42021,0.0,0.0,0.0,0.0
2018-02-24 06:00:00,2018-02-24 06:00,5.30897,4.88398,0.0,0.003,0.42199,0.0,0.0,0.0,0.0
2018-02-24 07:00:00,2018-02-24 07:00,5.67348,5.20865,0.0,0.003,0.46183,0.0,0.0,0.0,0.0
2018-02-24 08:00:00,2018-02-24 08:00,5.60656,4.74357,0.0,0.32649,0.5365,0.0,0.0,0.0,0.0
2018-02-24 09:00:00,2018-02-24 09:00,5.03148,4.16195,0.0,0.09611,0.77342,0.0,0.0,0.0,0.0
2018-02-24 10:00:00,2018-02-24 10:00,4.58383,3.3643,0.0,0.40999,0.80954,0.0,0.0,0.0,0.0
2018-02-24 11:00:00,2018-02-24 11:00,4.10462,2.91343,0.0,0.42677,0.76442,0.0,0.0,0.0,0.0
2018-02-24 12:00:00,2018-02-24 12:00,3.68145,2.43434,0.0,0.4173,0.82981,0.0,0.0,0.0,0.0
2018-02-24 13:00:00,2018-02-24 13:00,3.45946,2.08782,0.0,0.43284,0.9388,0.0281,0.0,0.0,0.0281
2018-02-24 14:00:00,2018-02-24 14:00,3.12505,2.06007,0.0,0.09115,0.97383,0.0,0.0,0.0,0.0
2018-02-24 15:00:00,2018-02-24 15:00,5.30183,2.15812,0.0,0.003,3.14071,0.0,0.0,0.0,0.0
2018-02-24 16:00:00,2018-02-24 16:00,5.70589,2.20023,0.0,0.30594,3.19972,0.0,0.0,0.0,0.0
2018-02-24 17:00:00,2018-02-24 17:00,3.80223,2.05597,0.0,0.43041,1.31585,0.0,0.0,0.0,0.0
2018-02-24 18:00:00,2018-02-24 18:00,3.26613,2.02399,0.0,0.07848,1.16366,0.0,0.0,0.0,0.0
2018-02-24 19:00:00,2018-02-24 19:00,3.82843,2.04573,0.0,0.31407,1.46863,0.0,0.0,0.0,0.0
2018-02-24 20:00:00,2018-02-24 20:00,3.74211,1.91625,0.0,0.43232,1.39354,0.0,0.0,0.0,0.0
2018-02-24 21:00:00,2018-02-24 21:00,3.16941,1.96885,0.0,0.04259,1.15797,0.0,0.0,0.0,0.0
2018-02-24 22:00:00,2018-02-24 22:00,2.89384,2.03348,0.0,0.003,0.85736,0.0,0.0,0.0,0.0
2018-02-24 23:00:00,2018-02-24 23:00,2.85717,2.16782,0.0,0.003,0.68635,0.0,0.0,0.0,0.0
2018-02-25 00:00:00,2018-02-25 00:00,3.03167,2.50441,0.0,0.003,0.52426,0.0,0.0,0.0,0.0
2018-02-25 01:00:00,2018-02-25 01:00,3.33629,2.89737,0.0,0.003,0.43592,0.0,0.0,0.0,0.0
2018-02-25 02:00:00,2018-02-25 02:00,3.67982,3.2462,0.0,0.003,0.43062,0.0,0.0,0.0,0.0
2018-02-25 03:00:00,2018-02-25 03:00,3.85243,3.41999,0.0,0.003,0.42944,0.0,0.0,0.0,0.0
2018-02-25 04:00:00,2018-02-25 04:00,3.96715,3.54017,0.0,0.003,0.42398,0.0,0.0,0.0,0.0
2018-02-25 05:00:00,2018-02-25 05:00,3.84377,3.42058,0.0,0.003,0.42019,0.0,0.0,0.0,0.0
2018-02-25 06:00:00,2018-02-25 06:00,3.78531,3.35938,0.0,0.003,0.42293,0.0,0.0,0.0,0.0
2018-02-25 07:00:00,2018-02-25 07:00,4.61058,3.64977,0.0,0.42978,0.53103,0.0,0.0,0.0,0.0
2018-02-25 08:00:00,2018-02-25 08:00,4.70425,3.6569,0.0,0.43403,0.61332,0.0,0.0,0.0,0.0
2018-02-25 09:00:00,2018-02-25 09:00,4.29979,3.54401,0.0,0.05968,0.6961,0.0,0.0,0.0,0.0
2018-02-25 10:00:00,2018-02-25 10:00,4.68146,3.19408,0.0,0.10499,1.38239,0.0281,0.0,0.0,0.0281
2018-02-25 11:00:00,2018-02-25 11:00,4.10611,2.97095,0.0,0.42836,0.7068,0.0,0.0,0.0,0.0
2018-02-25 12:00:00,2018-02-25 12:00,3.274,2.60346,0.0,0.00954,0.661,0.0,0.0,0.0,0.0
2018-02-25 13:00:00,2018-02-25 13:00,3.25055,2.39187,0.0,0.003,0.85568,0.0,0.0,0.0,0.0
2018-02-25 14:00:00,2018-02-25 14:00,3.52002,2.26689,0.0,0.30928,0.94385,0.0,0.0,0.0,0.0
2018-02-25 15:00:00,2018-02-25 15:00,3.36047,1.95444,0.0,0.42052,0.98551,0.0,0.0,0.0,0.0
2018-02-25 16:00:00,2018-02-25 16:00,3.08281,1.83802,0.0,0.4287,0.81609,0.0,0.0,0.0,0.0
2018-02-25 17:00:00,2018-02-25 17:00,2.77193,1.9056,0.0,0.08107,0.78526,0.0,0.0,0.0,0.0
2018-02-25 18:00:00,2018-02-25 18:00,2.82102,1.94812,0.0,0.003,0.8699,0.0,0.0,0.0,0.0
2018-02-25 19:00:00,2018-02-25 19:00,3.62648,2.14764,0.0,0.42123,1.05761,0.0,0.0,0.0,0.0
2018-02-25 20:00:00,2018-02-25 20:00,3.7981,2.10451,0.0,0.42543,1.26816,0.0,0.0,0.0,0.0
2018-02-25 21:00:00,2018-02-25 21:00,3.83483,2.26544,0.0,0.16115,1.40824,0.0,0.0,0.0,0.0
2018-02-25 22:00:00,2018-02-25 22:00,3.5875,2.46348,0.0,0.003,1.12102,0.0,0.0,0.0,0.0
2018-02-25 23:00:00,2018-02-25 23:00,3.20645,2.63485,0.0,0.003,0.5686,0.0,0.0,0.0,0.0
2018-02-26 00:00:00,2018-02-26 00:00,3.29806,2.81712,0.0,0.003,0.47794,0.0,0.0,0.0,0.0
2018-02-26 01:00:00,2018-02-26 01:00,3.44394,2.97693,0.0,0.003,0.46401,0.0,0.0,0.0,0.0
2018-02-26 02:00:00,2018-02-26 02:00,3.65708,3.20574,0.0,0.003,0.44834,0.0,0.0,0.0,0.0
2018-02-26 03:00:00,2018-02-26 03:00,3.70935,3.27499,0.0,0.003,0.43136,0.0,0.0,0.0,0.0
2018-02-26 04:00:00,2018-02-26 04:00,3.78062,3.24561,0.0,0.10784,0.42717,0.0,0.0,0.0,0.0
2018-02-26 05:00:00,2018-02-26 05:00,4.12216,3.25695,0.0,0.4267,0.43851,0.0,0.0,0.0,0.0
2018-02-26 06:00:00,2018-02-26 06:00,4.11397,3.13723,0.0,0.43223,0.54451,0.05621,0.0,0.0,0.05621
2018-02-26 07:00:00,2018-02-26 07:00,4.59686,3.57906,0.0,0.42941,0.58839,0.0,0.0,0.0,0.0
2018-02-26 08:00:00,2018-02-26 08:00,4.43677,3.51112,0.0,0.39,0.53565,0.0,0.0,0.0,0.0
2018-02-26 09:00:00,2018-02-26 09:00,3.58961,3.1255,0.0,0.003,0.46111,0.0,0.0,0.0,0.0
2018-02-26 10:00:00,2018-02-26 10:00,3.00188,2.56082,0.0,0.003,0.43806,0.0,0.0,0.0,0.0
2018-02-26 11:00:00,2018-02-26 11:00,2.49778,2.03599,0.0,0.003,0.45879,0.0,0.0,0.0,0.0
2018-02-26 12:00:00,2018-02-26 12:00,2.38875,1.65385,0.0,0.20851,0.52639,0.0,0.0,0.0,0.0
2018-02-26 13:00:00,2018-02-26 13:00,2.46193,1.51058,0.0,0.41768,0.53367,0.0,0.0,0.0,0.0
2018-02-26 14:00:00,2018-02-26 14:00,1.89434,1.35468,0.0,0.003,0.53666,0.0,0.0,0.0,0.0
2018-02-26 15:00:00,2018-02-26 15:00,1.86779,1.18992,0.0,0.1047,0.57317,0.0,0.0,0.0,0.0
2018-02-26 16:00:00,2018-02-26 16:00,2.14018,1.08101,0.0,0.42559,0.63358,0.0,0.0,0.0,0.0
2018-02-26 17:00:00,2018-02-26 17:00,1.71962,1.08769,0.0,0.0423,0.58963,0.0,0.0,0.0,0.0
2018-02-26 18:00:00,2018-02-26 18:00,1.84179,1.19571,0.0,0.003,0.64308,0.00374,0.0,0.0,0.00374
2018-02-26 19:00:00,2018-02-26 19:00,2.23486,1.31141,0.0,0.003,0.92045,0.02437,0.0,0.0,0.02437
2018-02-26 20:00:00,2018-02-26 20:00,2.4802,1.36421,0.0,0.003,1.11299,0.0,0.0,0.0,0.0
2018-02-26 21:00:00,2018-02-26 21:00,2.90953,1.36367,0.0,0.38745,1.15841,0.0,0.0,0.0,0.0
2018-02-26 22:00:00,2018-02-26 22:00,2.34842,1.46896,0.0,0.003,0.87646,0.0,0.0,0.0,0.0
2018-02-26 23:00:00,2018-02-26 23:00,2.23404,1.51341,0.0,0.003,0.71763,0.0,0.0,0.0,0.0
2018-02-27 00:00:00,2018-02-27 00:00,2.18861,1.64099,0.0,0.003,0.54462,0.0,0.0,0.0,0.0
2018-02-27 01:00:00,2018-02-27 01:00,2.24256,1.79782,0.0,0.003,0.44174,0.0,0.0,0.0,0.0
2018-02-27 02:00:00,2018-02-27 02:00,2.28552,1.85314,0.0,0.003,0.42938,0.0,0.0,0.0,0.0
2018-02-27 03:00:00,2018-02-27 03:00,2.35828,1.92709,0.0,0.003,0.42819,0.0,0.0,0.0,0.0
2018-02-27 04:00:00,2018-02-27 04:00,2.48141,2.05569,0.0,0.003,0.42272,0.0,0.0,0.0,0.0
2018-02-27 05:00:00,2018-02-27 05:00,2.60742,2.17748,0.0,0.003,0.42694,0.0,0.0,0.0,0.0
2018-02-27 06:00:00,2018-02-27 06:00,3.22932,2.33285,0.0,0.42238,0.47409,0.0,0.0,0.0,0.0
2018-02-27 07:00:00,2018-02-27 07:00,3.61747,2.60715,0.0,0.39272,0.6176,0.0,0.0,0.0,0.0
2018-02-27 08:00:00,2018-02-27 08:00,3.53509,2.59856,0.0,0.40092,0.53561,0.0,0.0,0.0,0.0
2018-02-27 09:00:00,2018-02-27 09:00,3.4534,2.51096,0.0,0.4123,0.53014,0.0,0.0,0.0,0.0
2018-02-27 10:00:00,2018-02-27 10:00,3.04549,2.1059,0.0,0.41023,0.52936,0.0,0.0,0.0,0.0
2018-02-27 11:00:00,2018-02-27 11:00,2.46186,1.50432,0.0,0.43268,0.52486,0.0,0.0,0.0,0.0
2018-02-27 12:00:00,2018-02-27 12:00,1.8762,1.19003,0.0,0.18611,0.50006,0.0,0.0,0.0,0.0
2018-02-27 13:00:00,2018-02-27 13:00,1.42341,0.98041,0.0,0.003,0.44,0.0,0.0,0.0,0.0
2018-02-27 14:00:00,2018-02-27 14:00,1.29961,0.85654,0.0,0.003,0.44007,0.0,0.0,0.0,0.0
2018-02-27 15:00:00,2018-02-27 15:00,1.23629,0.76118,0.0,0.003,0.47211,0.0,0.0,0.0,0.0
2018-02-27 16:00:00,2018-02-27 16:00,1.69863,0.655,0.0,0.39635,0.64728,0.0,0.0,0.0,0.0
2018-02-27 17:00:00,2018-02-27 17:00,1.33808,0.57417,0.0,0.003,0.76091,0.03184,0.0,0.0,0.03184
2018-02-27 18:00:00,2018-02-27 18:00,1.74749,0.59883,0.0,0.31011,0.83855,0.02437,0.0,0.0,0.02437
2018-02-27 19:00:00,2018-02-27 19:00,2.23471,0.86319,0.0,0.43105,0.94047,0.0,0.0,0.0,0.0
2018-02-27 20:00:00,2018-02-27 20:00,2.20403,0.93905,0.0,0.20521,1.05977,0.00374,0.0,0.0,0.00374
2018-02-27 21:00:00,2018-02-27 21:00,2.25498,0.69387,0.0,0.003,1.55811,0.08243,0.0,0.0,0.08243
2018-02-27 22:00:00,2018-02-27 22:00,2.08536,1.09565,0.0,0.003,0.98671,0.0,0.0,0.0,0.0
2018-02-27 23:00:00,2018-02-27 23:00,1.92306,1.3387,0.0,0.003,0.58136,0.0,0.0,0.0,0.0
2018-02-28 00:00:00,2018-02-28 00:00,1.8956,1.44779,0.0,0.003,0.44481,0.0,0.0,0.0,0.0
2018-02-28 01:00:00,2018-02-28 01:00,1.96099,1.50804,0.0,0.003,0.44995,0.0,0.0,0.0,0.0
2018-02-28 02:00:00,2018-02-28 02:00,2.13583,1.70346,0.0,0.003,0.42937,0.0,0.0,0.0,0.0
2018-02-28 03:00:00,2018-02-28 03:00,2.21567,1.78445,0.0,0.003,0.42822,0.0,0.0,0.0,0.0
2018-02-28 04:00:00,2018-02-28 04:00,2.38262,1.8462,0.0,0.10926,0.42716,0.0,0.0,0.0,0.0
2018-02-28 05:00:00,2018-02-28 05:00,2.71713,1.83418,0.0,0.43637,0.44658,0.0,0.0,0.0,0.0
2018-02-28 06:00:00,2018-02-28 06:00,2.68584,1.9891,0.0,0.20213,0.49461,0.0,0.0,0.0,0.0
2018-02-28 07:00:00,2018-02-28 07:00,3.30563,2.25529,0.0,0.41368,0.63666,0.00374,0.0,0.0,0.00374
2018-02-28 08:00:00,2018-02-28 08:00,2.78393,1.59019,0.0,0.4281,0.76564,0.11242,0.0,0.0,0.11242
2018-02-28 09:00:00,2018-02-28 09:00,2.49157,1.27766,0.0,0.4397,0.77421,0.11242,0.0,0.0,0.11242
2018-02-28 10:00:00,2018-02-28 10:00,2.01933,1.34592,0.0,0.09422,0.57919,0.02998,0.0,0.0,0.02998
2018-02-28 11:00:00,2018-02-28 11:00,1.75297,1.22509,0.0,0.003,0.52488,0.0,0.0,0.0,0.0
2018-02-28 12:00:00,2018-02-28 12:00,1.71339,0.97753,0.0,0.20945,0.52641,0.0,0.0,0.0,0.0
2018-02-28 13:00:00,2018-02-28 13:00,1.82735,0.89142,0.0,0.42949,0.50644,0.0,0.0,0.0,0.0
2018-02-28 14:00:00,2018-02-28 14:00,1.29236,0.78855,0.0,0.06373,0.44008,0.0,0.0,0.0,0.0
2018-02-28 15:00:00,2018-02-28 15:00,1.12323,0.67878,0.0,0.003,0.44145,0.0,0.0,0.0,0.0
2018-02-28 16:00:00,2018-02-28 16:00,1.06428,0.61569,0.0,0.003,0.44559,0.0,0.0,0.0,0.0
2018-02-28 17:00:00,2018-02-28 17:00,1.31323,0.61691,0.0,0.10669,0.58963,0.0,0.0,0.0,0.0
2018-02-28 18:00:00,2018-02-28 18:00,1.73437,0.50016,0.0,0.42949,0.80472,0.05995,0.0,0.0,0.05995
2018-02-28 19:00:00,2018-02-28 19:00,1.89937,0.53765,0.0,0.02945,1.33227,0.05433,0.0,0.0,0.05433
2018-02-28 20:00:00,2018-02-28 20:00,1.98844,0.6463,0.0,0.003,1.33914,0.0,0.0,0.0,0.0
2018-02-28 21:00:00,2018-02-28 21:00,2.24657,0.81711,0.0,0.20664,1.22282,0.0,0.0,0.0,0.0
2018-02-28 22:00:00,2018-02-28 22:00,2.47158,0.95812,0.0,0.434,1.07946,0.0,0.0,0.0,0.0
2018-02-28 23:00:00,2018-02-28 23:00,1.80189,1.0905,0.0,0.05288,0.65851,0.0,0.0,0.0,0.0
2018-03-01 00:00:00,2018-03-01 00:00,1.67306,1.18041,0.0,0.003,0.48965,0.0,0.0,0.0,0.0
2018-03-01 01:00:00,2018-03-01 01:00,1.75051,1.27525,0.0,0.003,0.47226,0.0,0.0,0.0,0.0
2018-03-01 02:00:00,2018-03-01 02:00,1.87139,1.40792,0.0,0.003,0.46047,0.0,0.0,0.0,0.0
2018-03-01 03:00:00,2018-03-01 03:00,2.00895,1.54748,0.0,0.003,0.45847,0.0,0.0,0.0,0.0
2018-03-01 04:00:00,2018-03-01 04:00,2.14486,1.68966,0.0,0.003,0.4522,0.0,0.0,0.0,0.0
2018-03-01 05:00:00,2018-03-01 05:00,2.38679,1.82961,0.0,0.10826,0.44892,0.0,0.0,0.0,0.0
2018-03-01 06:00:00,2018-03-01 06:00,2.83952,1.92453,0.0,0.43463,0.48036,0.0,0.0,0.0,0.0
2018-03-01 07:00:00,2018-03-01 07:00,3.09076,2.20231,0.0,0.22254,0.66591,0.05433,0.0,0.0,0.05433
2018-03-01 08:00:00,2018-03-01 08:00,3.20637,2.29356,0.0,0.31247,0.60034,0.0,0.0,0.0,0.0
2018-03-01 09:00:00,2018-03-01 09:00,3.02547,2.11261,0.0,0.42822,0.48464,0.0,0.0,0.0,0.0
2018-03-01 10:00:00,2018-03-01 10:00,2.27233,1.75667,0.0,0.04475,0.47091,0.0,0.0,0.0,0.0
2018-03-01 11:00:00,2018-03-01 11:00,1.97362,1.50595,0.0,0.003,0.46467,0.0,0.0,0.0,0.0
2018-03-01 12:00:00,2018-03-01 12:00,1.78186,1.31311,0.0,0.003,0.46575,0.0,0.0,0.0,0.0
2018-03-01 13:00:00,2018-03-01 13:00,1.60048,1.11691,0.0,0.003,0.48057,0.0,0.0,0.0,0.0
2018-03-01 14:00:00,2018-03-01 14:00,1.50829,0.96166,0.0,0.003,0.54363,0.0,0.0,0.0,0.0
2018-03-01 15:00:00,2018-03-01 15:00,1.88081,0.90823,0.0,0.42542,0.54716,0.0,0.0,0.0,0.0
2018-03-01 16:00:00,2018-03-01 16:00,1.84725,0.84987,0.0,0.43278,0.5646,0.0,0.0,0.0,0.0
2018-03-01 17:00:00,2018-03-01 17:00,1.7531,0.83056,0.0,0.1624,0.76014,0.0,0.0,0.0,0.0
2018-03-01 18:00:00,2018-03-01 18:00,3.05948,0.90476,0.0,0.20478,1.94994,0.0,0.0,0.0,0.0
2018-03-01 19:00:00,2018-03-01 19:00,2.46581,1.22368,0.0,0.41738,0.82475,0.0,0.0,0.0,0.0
2018-03-01 20:00:00,2018-03-01 20:00,2.71118,1.41884,0.0,0.38576,0.90658,0.0,0.0,0.0,0.0
2018-03-01 21:00:00,2018-03-01 21:00,2.60869,1.664,0.0,0.003,0.94169,0.0,0.0,0.0,0.0
2018-03-01 22:00:00,2018-03-01 22:00,3.69051,1.86437,0.0,0.42557,1.40057,0.0,0.0,0.0,0.0
2018-03-01 23:00:00,2018-03-01 23:00,4.20003,2.28053,0.0,0.43011,1.48939,0.0,0.0,0.0,0.0
2018-03-02 00:00:00,2018-03-02 00:00,3.11865,2.41858,0.0,0.21052,0.48955,0.0,0.0,0.0,0.0
2018-03-02 01:00:00,2018-03-02 01:00,3.08999,2.62047,0.0,0.003,0.46652,0.0,0.0,0.0,0.0
2018-03-02 02:00:00,2018-03-02 02:00,3.28378,2.82032,0.0,0.003,0.46046,0.0,0.0,0.0,0.0
2018-03-02 03:00:00,2018-03-02 03:00,3.42101,2.95954,0.0,0.003,0.45847,0.0,0.0,0.0,0.0
2018-03-02 04:00:00,2018-03-02 04:00,3.62028,3.16507,0.0,0.003,0.45221,0.0,0.0,0.0,0.0
2018-03-02 05:00:00,2018-03-02 05:00,3.82079,3.37016,0.0,0.003,0.44763,0.0,0.0,0.0,0.0
2018-03-02 06:00:00,2018-03-02 06:00,3.91372,3.42224,0.0,0.003,0.48848,0.02622,0.0,0.0,0.02622
2018-03-02 07:00:00,2018-03-02 07:00,4.70841,3.7127,0.0,0.4245,0.57121,0.0,0.0,0.0,0.0
2018-03-02 08:00:00,2018-03-02 08:00,4.1383,3.39094,0.0,0.21223,0.53513,0.0,0.0,0.0,0.0
2018-03-02 09:00:00,2018-03-02 09:00,3.67947,3.13799,0.0,0.003,0.53848,0.0,0.0,0.0,0.0
2018-03-02 10:00:00,2018-03-02 10:00,3.47682,2.83394,0.0,0.10564,0.53724,0.0,0.0,0.0,0.0
2018-03-02 11:00:00,2018-03-02 11:00,3.25194,2.27823,0.0,0.43071,0.543,0.01124,0.0,0.0,0.01124
2018-03-02 12:00:00,2018-03-02 12:00,2.21685,1.36572,0.0,0.18026,0.67087,0.09744,0.0,0.0,0.09744
2018-03-02 13:00:00,2018-03-02 13:00,1.88075,1.23556,0.0,0.003,0.64219,0.0,0.0,0.0,0.0
2018-03-02 14:00:00,2018-03-02 14:00,1.84481,1.06119,0.0,0.21195,0.57167,0.0,0.0,0.0,0.0
2018-03-02 15:00:00,2018-03-02 15:00,1.86933,1.0094,0.0,0.31278,0.54715,0.0,0.0,0.0,0.0
2018-03-02 16:00:00,2018-03-02 16:00,1.69271,1.0232,0.0,0.10491,0.5646,0.0,0.0,0.0,0.0
2018-03-02 17:00:00,2018-03-02 17:00,2.09167,1.02113,0.0,0.41416,0.65638,0.0,0.0,0.0,0.0
2018-03-02 18:00:00,2018-03-02 18:00,2.16485,1.00261,0.0,0.43004,0.7322,0.0,0.0,0.0,0.0
2018-03-02 19:00:00,2018-03-02 19:00,2.30201,1.14818,0.0,0.42936,0.72447,0.0,0.0,0.0,0.0
2018-03-02 20:00:00,2018-03-02 20:00,2.14704,1.0523,0.0,0.18817,0.90657,0.0,0.0,0.0,0.0
2018-03-02 21:00:00,2018-03-02 21:00,2.11532,1.03987,0.0,0.003,1.07245,0.0,0.0,0.0,0.0
2018-03-02 22:00:00,2018-03-02 22:00,2.12314,1.063,0.0,0.003,1.05714,0.0,0.0,0.0,0.0
2018-03-02 23:00:00,2018-03-02 23:00,1.93447,1.19318,0.0,0.10575,0.63554,0.0,0.0,0.0,0.0
2018-03-03 00:00:00,2018-03-03 00:00,2.13666,1.33119,0.0,0.33392,0.47155,0.0,0.0,0.0,0.0
2018-03-03 01:00:00,2018-03-03 01:00,1.84477,1.37399,0.0,0.003,0.46778,0.0,0.0,0.0,0.0
2018-03-03 02:00:00,2018-03-03 02:00,1.90432,1.43959,0.0,0.003,0.46173,0.0,0.0,0.0,0.0
2018-03-03 03:00:00,2018-03-03 03:00,1.91816,1.45545,0.0,0.003,0.45971,0.0,0.0,0.0,0.0
2018-03-03 04:00:00,2018-03-03 04:00,1.87227,1.41602,0.0,0.003,0.45325,0.0,0.0,0.0,0.0
2018-03-03 05:00:00,2018-03-03 05:00,1.93531,1.48365,0.0,0.003,0.44866,0.0,0.0,0.0,0.0
2018-03-03 06:00:00,2018-03-03 06:00,2.24378,1.56281,0.0,0.21475,0.46622,0.0,0.0,0.0,0.0
2018-03-03 07:00:00,2018-03-03 07:00,2.62715,1.70614,0.0,0.35174,0.56927,0.0,0.0,0.0,0.0
2018-03-03 08:00:00,2018-03-03 08:00,2.16297,1.54732,0.0,0.003,0.61265,0.01124,0.0,0.0,0.01124
2018-03-03 09:00:00,2018-03-03 09:00,2.48488,1.40853,0.0,0.31116,0.76519,0.01498,0.0,0.0,0.01498
2018-03-03 10:00:00,2018-03-03 10:00,2.53647,1.40403,0.0,0.42796,0.70448,0.0,0.0,0.0,0.0
2018-03-03 11:00:00,2018-03-03 11:00,2.1499,1.27863,0.0,0.16075,0.71052,0.0,0.0,0.0,0.0
2018-03-03 12:00:00,2018-03-03 12:00,2.30963,1.18035,0.0,0.42574,0.70354,0.0,0.0,0.0,0.0
2018-03-03 13:00:00,2018-03-03 13:00,2.07839,1.18668,0.0,0.09785,0.79386,0.0,0.0,0.0,0.0
2018-03-03 14:00:00,2018-03-03 14:00,2.11729,1.0641,0.0,0.20989,0.8433,0.0,0.0,0.0,0.0
2018-03-03 15:00:00,2018-03-03 15:00,3.17583,0.97169,0.0,0.43123,1.77291,0.0,0.0,0.0,0.0
2018-03-03 16:00:00,2018-03-03 16:00,2.846,0.86347,0.0,0.2091,1.77343,0.0,0.0,0.0,0.0
2018-03-03 17:00:00,2018-03-03 17:00,1.83767,0.86313,0.0,0.003,0.97154,0.0,0.0,0.0,0.0
2018-03-03 18:00:00,2018-03-03 18:00,2.22796,0.85844,0.0,0.30881,1.06071,0.0,0.0,0.0,0.0
2018-03-03 19:00:00,2018-03-03 19:00,2.57733,0.95401,0.0,0.39361,1.22971,0.0,0.0,0.0,0.0
2018-03-03 20:00:00,2018-03-03 20:00,2.17085,0.84282,0.0,0.003,1.32503,0.0,0.0,0.0,0.0
2018-03-03 21:00:00,2018-03-03 21:00,2.00015,0.81393,0.0,0.003,1.18322,0.0,0.0,0.0,0.0
2018-03-03 22:00:00,2018-03-03 22:00,1.81158,0.89062,0.0,0.003,0.91796,0.0,0.0,0.0,0.0
2018-03-03 23:00:00,2018-03-03 23:00,1.7331,1.01572,0.0,0.003,0.71438,0.0,0.0,0.0,0.0
2018-03-04 00:00:00,2018-03-04 00:00,1.8646,1.12361,0.0,0.215,0.52599,0.0,0.0,0.0,0.0
2018-03-04 01:00:00,2018-03-04 01:00,1.82918,1.16403,0.0,0.18274,0.48241,0.0,0.0,0.0,0.0
2018-03-04 02:00:00,2018-03-04 02:00,1.71308,1.24839,0.0,0.003,0.46169,0.0,0.0,0.0,0.0
2018-03-04 03:00:00,2018-03-04 03:00,1.84064,1.37791,0.0,0.003,0.45973,0.0,0.0,0.0,0.0
2018-03-04 04:00:00,2018-03-04 04:00,1.9237,1.46745,0.0,0.003,0.45325,0.0,0.0,0.0,0.0
2018-03-04 05:00:00,2018-03-04 05:00,2.22565,1.56302,0.0,0.21496,0.44767,0.0,0.0,0.0,0.0
2018-03-04 06:00:00,2018-03-04 06:00,2.33917,1.69676,0.0,0.1918,0.45061,0.0,0.0,0.0,0.0
2018-03-04 07:00:00,2018-03-04 07:00,2.28665,1.77682,0.0,0.003,0.50683,0.0,0.0,0.0,0.0
2018-03-04 08:00:00,2018-03-04 08:00,2.49885,1.72756,0.0,0.21344,0.55785,0.0,0.0,0.0,0.0
2018-03-04 09:00:00,2018-03-04 09:00,2.60534,1.60544,0.0,0.38574,0.61416,0.0,0.0,0.0,0.0
2018-03-04 10:00:00,2018-03-04 10:00,2.29376,1.57814,0.0,0.003,0.71262,0.0,0.0,0.0,0.0
2018-03-04 11:00:00,2018-03-04 11:00,2.68468,1.58577,0.0,0.31512,0.78379,0.0,0.0,0.0,0.0
2018-03-04 12:00:00,2018-03-04 12:00,2.57487,1.44638,0.0,0.42149,0.707,0.0,0.0,0.0,0.0
2018-03-04 13:00:00,2018-03-04 13:00,2.46995,1.41029,0.0,0.41487,0.64479,0.0,0.0,0.0,0.0
2018-03-04 14:00:00,2018-03-04 14:00,2.31351,1.20689,0.0,0.43795,0.66867,0.0,0.0,0.0,0.0
2018-03-04 15:00:00,2018-03-04 15:00,1.9105,0.95248,0.0,0.18462,0.7734,0.0,0.0,0.0,0.0
2018-03-04 16:00:00,2018-03-04 16:00,1.62973,0.82369,0.0,0.003,0.80304,0.0,0.0,0.0,0.0
2018-03-04 17:00:00,2018-03-04 17:00,1.70781,0.85519,0.0,0.003,0.84962,0.0,0.0,0.0,0.0
2018-03-04 18:00:00,2018-03-04 18:00,1.70172,0.8503,0.0,0.003,0.84842,0.01124,0.0,0.0,0.01124
2018-03-04 19:00:00,2018-03-04 19:00,1.80784,0.90106,0.0,0.003,0.90378,0.01498,0.0,0.0,0.01498
2018-03-04 20:00:00,2018-03-04 20:00,1.94023,0.90253,0.0,0.109,0.9287,0.0,0.0,0.0,0.0
2018-03-04 21:00:00,2018-03-04 21:00,2.57696,0.98865,0.0,0.43936,1.14895,0.0,0.0,0.0,0.0
2018-03-04 22:00:00,2018-03-04 22:00,2.15999,1.01716,0.0,0.13555,1.00728,0.0,0.0,0.0,0.0
2018-03-04 23:00:00,2018-03-04 23:00,1.80162,1.19856,0.0,0.003,0.60006,0.0,0.0,0.0,0.0
2018-03-05 00:00:00,2018-03-05 00:00,1.80839,1.28719,0.0,0.003,0.5182,0.0,0.0,0.0,0.0
2018-03-05 01:00:00,2018-03-05 01:00,2.08058,1.39606,0.0,0.21228,0.47224,0.0,0.0,0.0,0.0
2018-03-05 02:00:00,2018-03-05 02:00,2.12593,1.46689,0.0,0.19856,0.46048,0.0,0.0,0.0,0.0
2018-03-05 03:00:00,2018-03-05 03:00,1.90561,1.44414,0.0,0.003,0.45847,0.0,0.0,0.0,0.0
2018-03-05 04:00:00,2018-03-05 04:00,1.9634,1.50819,0.0,0.003,0.45221,0.0,0.0,0.0,0.0
2018-03-05 05:00:00,2018-03-05 05:00,1.99427,1.54263,0.0,0.003,0.44864,0.0,0.0,0.0,0.0
2018-03-05 06:00:00,2018-03-05 06:00,2.41713,1.52056,0.0,0.42438,0.47219,0.0,0.0,0.0,0.0
2018-03-05 07:00:00,2018-03-05 07:00,2.64351,1.68053,0.0,0.42639,0.53659,0.0,0.0,0.0,0.0
2018-03-05 08:00:00,2018-03-05 08:00,2.22606,1.66178,0.0,0.003,0.56128,0.0,0.0,0.0,0.0
2018-03-05 09:00:00,2018-03-05 09:00,2.72322,1.76299,0.0,0.41235,0.54788,0.0,0.0,0.0,0.0
2018-03-05 10:00:00,2018-03-05 10:00,2.76322,1.8496,0.0,0.43285,0.48077,0.0,0.0,0.0,0.0
2018-03-05 11:00:00,2018-03-05 11:00,2.39564,1.87397,0.0,0.05702,0.46465,0.0,0.0,0.0,0.0
2018-03-05 12:00:00,2018-03-05 12:00,2.37506,1.90631,0.0,0.003,0.46575,0.0,0.0,0.0,0.0
2018-03-05 13:00:00,2018-03-05 13:00,2.10207,1.62541,0.0,0.003,0.47366,0.0,0.0,0.0,0.0
2018-03-05 14:00:00,2018-03-05 14:00,2.1461,1.66939,0.0,0.003,0.47371,0.0,0.0,0.0,0.0
2018-03-05 15:00:00,2018-03-05 15:00,2.40629,1.92824,0.0,0.003,0.47505,0.0,0.0,0.0,0.0
2018-03-05 16:00:00,2018-03-05 16:00,2.51316,2.0362,0.0,0.003,0.47396,0.0,0.0,0.0,0.0
2018-03-05 17:00:00,2018-03-05 17:00,2.74248,2.08567,0.0,0.1101,0.54671,0.02622,0.0,0.0,0.02622
2018-03-05 18:00:00,2018-03-05 18:00,3.29281,2.18578,0.0,0.43669,0.67034,0.0,0.0,0.0,0.0
2018-03-05 19:00:00,2018-03-05 19:00,3.32906,2.26047,0.0,0.2052,0.86339,0.0,0.0,0.0,0.0
2018-03-05 20:00:00,2018-03-05 20:00,4.16857,2.12609,0.0,0.003,2.03948,0.0,0.0,0.0,0.0
2018-03-05 21:00:00,2018-03-05 21:00,5.95042,2.23032,0.0,0.31748,3.40262,0.0,0.0,0.0,0.0
2018-03-05 22:00:00,2018-03-05 22:00,4.41321,2.29773,0.0,0.23863,1.87685,0.0,0.0,0.0,0.0
2018-03-05 23:00:00,2018-03-05 23:00,2.97646,2.27072,0.0,0.003,0.70274,0.0,0.0,0.0,0.0
2018-03-06 00:00:00,2018-03-06 00:00,2.78562,2.22762,0.0,0.003,0.555,0.0,0.0,0.0,0.0
2018-03-06 01:00:00,2018-03-06 01:00,2.71443,2.23918,0.0,0.003,0.47225,0.0,0.0,0.0,0.0
2018-03-06 02:00:00,2018-03-06 02:00,2.69337,2.22989,0.0,0.003,0.46048,0.0,0.0,0.0,0.0
2018-03-06 03:00:00,2018-03-06 03:00,2.62751,2.16606,0.0,0.003,0.45845,0.0,0.0,0.0,0.0
2018-03-06 04:00:00,2018-03-06 04:00,2.63977,2.18479,0.0,0.003,0.45198,0.0,0.0,0.0,0.0
2018-03-06 05:00:00,2018-03-06 05:00,2.85697,2.05212,0.0,0.31747,0.48738,0.03935,0.0,0.0,0.03935
2018-03-06 06:00:00,2018-03-06 06:00,2.96815,2.0425,0.0,0.43407,0.49158,0.01498,0.0,0.0,0.01498
2018-03-06 07:00:00,2018-03-06 07:00,3.24604,2.24039,0.0,0.41516,0.59049,0.0,0.0,0.0,0.0
2018-03-06 08:00:00,2018-03-06 08:00,2.63841,1.98172,0.0,0.003,0.65369,0.06745,0.0,0.0,0.06745
2018-03-06 09:00:00,2018-03-06 09:00,3.69227,2.10111,0.0,0.10547,1.48569,0.01312,0.0,0.0,0.01312
2018-03-06 10:00:00,2018-03-06 10:00,5.3487,2.2539,0.0,0.39797,2.69683,0.0,0.0,0.0,0.0
2018-03-06 11:00:00,2018-03-06 11:00,4.91916,2.188,0.0,0.003,2.72816,0.0,0.0,0.0,0.0
2018-03-06 12:00:00,2018-03-06 12:00,3.58905,1.97666,0.0,0.003,1.60939,0.0,0.0,0.0,0.0
2018-03-06 13:00:00,2018-03-06 13:00,2.24489,1.70082,0.0,0.003,0.54107,0.0,0.0,0.0,0.0
2018-03-06 14:00:00,2018-03-06 14:00,2.40794,1.6578,0.0,0.21369,0.53645,0.0,0.0,0.0,0.0
2018-03-06 15:00:00,2018-03-06 15:00,2.38263,1.72706,0.0,0.16467,0.4909,0.0,0.0,0.0,0.0
2018-03-06 16:00:00,2018-03-06 16:00,2.3199,1.69049,0.0,0.003,0.62641,0.0,0.0,0.0,0.0
2018-03-06 17:00:00,2018-03-06 17:00,2.32264,1.73731,0.0,0.003,0.58233,0.0,0.0,0.0,0.0
2018-03-06 18:00:00,2018-03-06 18:00,2.40046,1.67129,0.0,0.003,0.72617,0.02622,0.0,0.0,0.02622
2018-03-06 19:00:00,2018-03-06 19:00,3.38684,1.90414,0.0,0.42338,1.05932,0.0,0.0,0.0,0.0
2018-03-06 20:00:00,2018-03-06 20:00,3.82239,1.85459,0.0,0.43514,1.53266,0.0,0.0,0.0,0.0
2018-03-06 21:00:00,2018-03-06 21:00,5.29188,2.11067,0.0,0.32558,2.85563,0.0,0.0,0.0,0.0
2018-03-06 22:00:00,2018-03-06 22:00,2.99343,2.13532,0.0,0.003,0.85511,0.0,0.0,0.0,0.0
2018-03-06 23:00:00,2018-03-06 23:00,2.73218,2.24441,0.0,0.003,0.48477,0.0,0.0,0.0,0.0
2018-03-07 00:00:00,2018-03-07 00:00,2.79849,2.32408,0.0,0.003,0.47141,0.0,0.0,0.0,0.0
2018-03-07 01:00:00,2018-03-07 01:00,2.95475,2.48521,0.0,0.003,0.46654,0.0,0.0,0.0,0.0
2018-03-07 02:00:00,2018-03-07 02:00,3.06042,2.59696,0.0,0.003,0.46046,0.0,0.0,0.0,0.0
2018-03-07 03:00:00,2018-03-07 03:00,3.17935,2.71786,0.0,0.003,0.45849,0.0,0.0,0.0,0.0
2018-03-07 04:00:00,2018-03-07 04:00,3.41254,2.95734,0.0,0.003,0.4522,0.0,0.0,0.0,0.0
2018-03-07 05:00:00,2018-03-07 05:00,3.77065,3.32001,0.0,0.003,0.44764,0.0,0.0,0.0,0.0
2018-03-07 06:00:00,2018-03-07 06:00,4.05316,3.6008,0.0,0.003,0.44936,0.0,0.0,0.0,0.0
2018-03-07 07:00:00,2018-03-07 07:00,4.79291,3.78141,0.0,0.42218,0.58932,0.03935,0.0,0.0,0.03935
2018-03-07 08:00:00,2018-03-07 08:00,4.53028,3.42724,0.0,0.43055,0.67249,0.01498,0.0,0.0,0.01498
2018-03-07 09:00:00,2018-03-07 09:00,5.0143,3.1395,0.0,0.42458,1.45022,0.0,0.0,0.0,0.0
2018-03-07 10:00:00,2018-03-07 10:00,5.634,2.81699,0.0,0.19318,2.62383,0.0,0.0,0.0,0.0
2018-03-07 11:00:00,2018-03-07 11:00,5.192,2.57142,0.0,0.003,2.61758,0.0,0.0,0.0,0.0
2018-03-07 12:00:00,2018-03-07 12:00,5.03224,2.41056,0.0,0.003,2.61868,0.0,0.0,0.0,0.0
2018-03-07 13:00:00,2018-03-07 13:00,2.51727,2.0047,0.0,0.003,0.50957,0.0,0.0,0.0,0.0
2018-03-07 14:00:00,2018-03-07 14:00,2.38473,1.90802,0.0,0.003,0.47371,0.0,0.0,0.0,0.0
2018-03-07 15:00:00,2018-03-07 15:00,2.37784,1.89981,0.0,0.003,0.47503,0.0,0.0,0.0,0.0
2018-03-07 16:00:00,2018-03-07 16:00,2.21814,1.73169,0.0,0.003,0.48345,0.0,0.0,0.0,0.0
2018-03-07 17:00:00,2018-03-07 17:00,2.73053,1.6376,0.0,0.42697,0.66596,0.0,0.0,0.0,0.0
2018-03-07 18:00:00,2018-03-07 18:00,2.84226,1.73865,0.0,0.41537,0.68824,0.0,0.0,0.0,0.0
2018-03-07 19:00:00,2018-03-07 19:00,3.39161,2.01329,0.0,0.41848,0.95984,0.0,0.0,0.0,0.0
2018-03-07 20:00:00,2018-03-07 20:00,3.56266,2.12303,0.0,0.33405,1.10558,0.0,0.0,0.0,0.0
2018-03-07 21:00:00,2018-03-07 21:00,3.57663,2.41271,0.0,0.003,1.16092,0.0,0.0,0.0,0.0
2018-03-07 22:00:00,2018-03-07 22:00,3.65099,2.57917,0.0,0.003,1.06882,0.0,0.0,0.0,0.0
2018-03-07 23:00:00,2018-03-07 23:00,3.64867,2.8764,0.0,0.003,0.76927,0.0,0.0,0.0,0.0
2018-03-08 00:00:00,2018-03-08 00:00,3.53214,3.05773,0.0,0.003,0.47141,0.0,0.0,0.0,0.0
2018-03-08 01:00:00,2018-03-08 01:00,3.48472,3.01519,0.0,0.003,0.46653,0.0,0.0,0.0,0.0
2018-03-08 02:00:00,2018-03-08 02:00,3.60812,3.14465,0.0,0.003,0.46047,0.0,0.0,0.0,0.0
2018-03-08 03:00:00,2018-03-08 03:00,3.7859,3.32441,0.0,0.003,0.45849,0.0,0.0,0.0,0.0
2018-03-08 04:00:00,2018-03-08 04:00,4.09426,3.42786,0.0,0.21503,0.45137,0.0,0.0,0.0,0.0
2018-03-08 05:00:00,2018-03-08 05:00,4.40793,3.55957,0.0,0.40053,0.44783,0.0,0.0,0.0,0.0
2018-03-08 06:00:00,2018-03-08 06:00,4.19602,3.71442,0.0,0.003,0.4786,0.0,0.0,0.0,0.0
2018-03-08 07:00:00,2018-03-08 07:00,5.14283,4.08129,0.0,0.41813,0.64341,0.02622,0.0,0.0,0.02622
2018-03-08 08:00:00,2018-03-08 08:00,4.82601,3.74265,0.0,0.42576,0.6576,0.0,0.0,0.0,0.0
2018-03-08 09:00:00,2018-03-08 09:00,4.32345,3.35994,0.0,0.41563,0.54788,0.0,0.0,0.0,0.0
2018-03-08 10:00:00,2018-03-08 10:00,3.68933,2.84497,0.0,0.30711,0.53725,0.0,0.0,0.0,0.0
2018-03-08 11:00:00,2018-03-08 11:00,2.92564,2.39087,0.0,0.003,0.53177,0.0,0.0,0.0,0.0
2018-03-08 12:00:00,2018-03-08 12:00,2.95798,2.01978,0.0,0.40527,0.53293,0.0,0.0,0.0,0.0
2018-03-08 13:00:00,2018-03-08 13:00,2.72145,1.75088,0.0,0.42948,0.54109,0.0,0.0,0.0,0.0
2018-03-08 14:00:00,2018-03-08 14:00,2.38115,1.65923,0.0,0.17832,0.5436,0.0,0.0,0.0,0.0
2018-03-08 15:00:00,2018-03-08 15:00,3.03808,1.64512,0.0,0.003,1.38996,0.0,0.0,0.0,0.0
2018-03-08 16:00:00,2018-03-08 16:00,4.26543,1.59357,0.0,0.003,2.66886,0.02622,0.0,0.0,0.02622
2018-03-08 17:00:00,2018-03-08 17:00,2.50153,1.51802,0.0,0.20569,0.77782,0.0,0.0,0.0,0.0
2018-03-08 18:00:00,2018-03-08 18:00,3.0183,1.70429,0.0,0.42845,0.88556,0.0,0.0,0.0,0.0
2018-03-08 19:00:00,2018-03-08 19:00,3.39533,2.07266,0.0,0.23998,1.08269,0.0,0.0,0.0,0.0
2018-03-08 20:00:00,2018-03-08 20:00,3.25585,2.125,0.0,0.003,1.12785,0.0,0.0,0.0,0.0
2018-03-08 21:00:00,2018-03-08 21:00,3.69834,2.31456,0.0,0.003,1.38078,0.0,0.0,0.0,0.0
2018-03-08 22:00:00,2018-03-08 22:00,3.724,2.4729,0.0,0.003,1.2481,0.0,0.0,0.0,0.0
2018-03-08 23:00:00,2018-03-08 23:00,3.37815,2.68876,0.0,0.003,0.68639,0.0,0.0,0.0,0.0
2018-03-09 00:00:00,2018-03-09 00:00,3.27806,2.78553,0.0,0.003,0.48953,0.0,0.0,0.0,0.0
2018-03-09 01:00:00,2018-03-09 01:00,3.27165,2.80212,0.0,0.003,0.46653,0.0,0.0,0.0,0.0
2018-03-09 02:00:00,2018-03-09 02:00,3.30961,2.84616,0.0,0.003,0.46045,0.0,0.0,0.0,0.0
2018-03-09 03:00:00,2018-03-09 03:00,3.35555,2.89407,0.0,0.003,0.45848,0.0,0.0,0.0,0.0
2018-03-09 04:00:00,2018-03-09 04:00,3.37897,2.92376,0.0,0.003,0.45221,0.0,0.0,0.0,0.0
2018-03-09 05:00:00,2018-03-09 05:00,3.39829,2.94764,0.0,0.003,0.44765,0.0,0.0,0.0,0.0
2018-03-09 06:00:00,2018-03-09 06:00,3.94039,3.16768,0.0,0.31959,0.45312,0.0,0.0,0.0,0.0
2018-03-09 07:00:00,2018-03-09 07:00,4.14275,3.47692,0.0,0.10433,0.5615,0.0,0.0,0.0,0.0
2018-03-09 08:00:00,2018-03-09 08:00,4.16662,3.09222,0.0,0.39849,0.67591,0.0,0.0,0.0,0.0
2018-03-09 09:00:00,2018-03-09 09:00,3.83366,2.80556,0.0,0.3981,0.63,0.0,0.0,0.0,0.0
2018-03-09 10:00:00,2018-03-09 10:00,3.40441,2.47246,0.0,0.39471,0.53724,0.0,0.0,0.0,0.0
2018-03-09 11:00:00,2018-03-09 11:00,2.90799,1.99123,0.0,0.39179,0.52497,0.0,0.0,0.0,0.0
2018-03-09 12:00:00,2018-03-09 12:00,2.5898,1.70044,0.0,0.42361,0.46575,0.0,0.0,0.0,0.0
2018-03-09 13:00:00,2018-03-09 13:00,2.40309,1.55065,0.0,0.37879,0.47365,0.0,0.0,0.0,0.0
2018-03-09 14:00:00,2018-03-09 14:00,1.91018,1.43347,0.0,0.003,0.47371,0.0,0.0,0.0,0.0
2018-03-09 15:00:00,2018-03-09 15:00,1.76766,1.26395,0.0,0.003,0.50071,0.0,0.0,0.0,0.0
2018-03-09 16:00:00,2018-03-09 16:00,1.7073,1.19854,0.0,0.003,0.50576,0.0,0.0,0.0,0.0
2018-03-09 17:00:00,2018-03-09 17:00,1.91101,1.23284,0.0,0.11007,0.5681,0.0,0.0,0.0,0.0
2018-03-09 18:00:00,2018-03-09 18:00,2.35801,1.16875,0.0,0.43487,0.75439,0.05433,0.0,0.0,0.05433
2018-03-09 19:00:00,2018-03-09 19:00,2.69655,1.64861,0.0,0.16481,0.88313,0.0,0.0,0.0,0.0
2018-03-09 20:00:00,2018-03-09 20:00,3.88355,1.65846,0.0,0.10714,2.11795,0.0,0.0,0.0,0.0
2018-03-09 21:00:00,2018-03-09 21:00,4.32605,1.65542,0.0,0.42869,2.24194,0.0,0.0,0.0,0.0
2018-03-09 22:00:00,2018-03-09 22:00,3.05248,1.72601,0.0,0.07837,1.2481,0.0,0.0,0.0,0.0
2018-03-09 23:00:00,2018-03-09 23:00,2.58253,1.922,0.0,0.003,0.65753,0.0,0.0,0.0,0.0
2018-03-10 00:00:00,2018-03-10 00:00,2.41322,1.93188,0.0,0.003,0.47834,0.0,0.0,0.0,0.0
2018-03-10 01:00:00,2018-03-10 01:00,2.45669,1.98593,0.0,0.003,0.46776,0.0,0.0,0.0,0.0
2018-03-10 02:00:00,2018-03-10 02:00,2.42623,1.96152,0.0,0.003,0.46171,0.0,0.0,0.0,0.0
2018-03-10 03:00:00,2018-03-10 03:00,2.39058,1.92787,0.0,0.003,0.45971,0.0,0.0,0.0,0.0
2018-03-10 04:00:00,2018-03-10 04:00,2.44902,1.99257,0.0,0.003,0.45345,0.0,0.0,0.0,0.0
2018-03-10 05:00:00,2018-03-10 05:00,2.45445,2.00257,0.0,0.003,0.44888,0.0,0.0,0.0,0.0
2018-03-10 06:00:00,2018-03-10 06:00,2.51691,2.06331,0.0,0.003,0.4506,0.0,0.0,0.0,0.0
2018-03-10 07:00:00,2018-03-10 07:00,2.68747,2.17768,0.0,0.003,0.50679,0.0,0.0,0.0,0.0
2018-03-10 08:00:00,2018-03-10 08:00,2.84516,1.95069,0.0,0.3228,0.57167,0.0,0.0,0.0,0.0
2018-03-10 09:00:00,2018-03-10 09:00,2.986,1.87851,0.0,0.42775,0.67974,0.0,0.0,0.0,0.0
2018-03-10 10:00:00,2018-03-10 10:00,2.85404,1.7632,0.0,0.42532,0.66552,0.0,0.0,0.0,0.0
2018-03-10 11:00:00,2018-03-10 11:00,2.55729,1.70042,0.0,0.24846,0.60841,0.0,0.0,0.0,0.0
2018-03-10 12:00:00,2018-03-10 12:00,2.16415,1.5171,0.0,0.003,0.64405,0.01124,0.0,0.0,0.01124
2018-03-10 13:00:00,2018-03-10 13:00,2.5004,1.41897,0.0,0.003,1.07843,0.01498,0.0,0.0,0.01498
2018-03-10 14:00:00,2018-03-10 14:00,4.4955,1.56805,0.0,0.10587,2.82158,0.0,0.0,0.0,0.0
2018-03-10 15:00:00,2018-03-10 15:00,3.00088,1.4013,0.0,0.43168,1.1679,0.0,0.0,0.0,0.0
2018-03-10 16:00:00,2018-03-10 16:00,2.17673,1.35374,0.0,0.01997,0.80302,0.0,0.0,0.0,0.0
2018-03-10 17:00:00,2018-03-10 17:00,1.98784,1.03965,0.0,0.003,0.94519,0.09556,0.0,0.0,0.09556
2018-03-10 18:00:00,2018-03-10 18:00,2.18811,1.24997,0.0,0.003,0.93514,0.01312,0.0,0.0,0.01312
2018-03-10 19:00:00,2018-03-10 19:00,2.91414,1.43814,0.0,0.41667,1.05933,0.0,0.0,0.0,0.0
2018-03-10 20:00:00,2018-03-10 20:00,2.92664,1.28529,0.0,0.32462,1.31673,0.0,0.0,0.0,0.0
2018-03-10 21:00:00,2018-03-10 21:00,2.72648,1.31331,0.0,0.003,1.41017,0.0,0.0,0.0,0.0
2018-03-10 22:00:00,2018-03-10 22:00,2.55562,1.45163,0.0,0.003,1.10099,0.0,0.0,0.0,0.0
2018-03-10 23:00:00,2018-03-10 23:00,2.31818,1.60078,0.0,0.003,0.7144,0.0,0.0,0.0,0.0
2018-03-11 00:00:00,2018-03-11 00:00,2.16782,1.63882,0.0,0.003,0.526,0.0,0.0,0.0,0.0
2018-03-11 01:00:00,2018-03-11 01:00,2.16546,1.69865,0.0,0.003,0.46381,0.0,0.0,0.0,0.0
2018-03-11 02:00:00,2018-03-11 03:00,2.21753,1.75634,0.0,0.003,0.45819,0.0,0.0,0.0,0.0
2018-03-11 03:00:00,2018-03-11 04:00,2.25269,1.79397,0.0,0.003,0.45572,0.0,0.0,0.0,0.0
2018-03-11 04:00:00,2018-03-11 05:00,2.59046,1.81659,0.0,0.32415,0.44972,0.0,0.0,0.0,0.0
2018-03-11 05:00:00,2018-03-11 06:00,2.71378,1.8454,0.0,0.40688,0.4615,0.0,0.0,0.0,0.0
2018-03-11 06:00:00,2018-03-11 07:00,2.51112,1.97549,0.0,0.003,0.53263,0.0,0.0,0.0,0.0
2018-03-11 07:00:00,2018-03-11 08:00,2.71914,1.82679,0.0,0.1062,0.78615,0.0,0.0,0.0,0.0
2018-03-11 08:00:00,2018-03-11 09:00,4.86821,1.816,0.0,0.42051,2.6317,0.02622,0.0,0.0,0.02622
2018-03-11 09:00:00,2018-03-11 10:00,5.07897,1.80957,0.0,0.43804,2.83136,0.0,0.0,0.0,0.0
2018-03-11 10:00:00,2018-03-11 11:00,2.41953,1.58084,0.0,0.04398,0.79471,0.0,0.0,0.0,0.0
2018-03-11 11:00:00,2018-03-11 12:00,2.49232,1.49094,0.0,0.21172,0.78966,0.0,0.0,0.0,0.0
2018-03-11 12:00:00,2018-03-11 13:00,2.54216,1.47313,0.0,0.39141,0.67762,0.0,0.0,0.0,0.0
2018-03-11 13:00:00,2018-03-11 14:00,2.05741,1.45074,0.0,0.003,0.60367,0.0,0.0,0.0,0.0
2018-03-11 14:00:00,2018-03-11 15:00,2.26397,1.38365,0.0,0.21081,0.66951,0.0,0.0,0.0,0.0
2018-03-11 15:00:00,2018-03-11 16:00,2.48629,1.27305,0.0,0.37367,0.83957,0.01124,0.0,0.0,0.01124
2018-03-11 16:00:00,2018-03-11 17:00,2.07637,1.20776,0.0,0.003,0.86561,0.01498,0.0,0.0,0.01498
2018-03-11 17:00:00,2018-03-11 18:00,2.29695,1.25607,0.0,0.003,1.03788,0.0,0.0,0.0,0.0
2018-03-11 18:00:00,2018-03-11 19:00,2.88105,1.43897,0.0,0.32191,1.12017,0.0,0.0,0.0,0.0
2018-03-11 19:00:00,2018-03-11 20:00,2.59838,1.3859,0.0,0.09552,1.11696,0.0,0.0,0.0,0.0
2018-03-11 20:00:00,2018-03-11 21:00,2.40657,1.44329,0.0,0.003,0.96028,0.0,0.0,0.0,0.0
2018-03-11 21:00:00,2018-03-11 22:00,2.25637,1.47674,0.0,0.003,0.77663,0.0,0.0,0.0,0.0
2018-03-11 22:00:00,2018-03-11 23:00,2.17259,1.56655,0.0,0.003,0.60304,0.0,0.0,0.0,0.0
2018-03-11 23:00:00,2018-03-12 00:00,2.19476,1.67206,0.0,0.003,0.5197,0.0,0.0,0.0,0.0
2018-03-12 00:00:00,2018-03-12 01:00,2.29635,1.8021,0.0,0.003,0.49125,0.0,0.0,0.0,0.0
2018-03-12 01:00:00,2018-03-12 02:00,2.85712,1.96614,0.0,0.42356,0.46742,0.0,0.0,0.0,0.0
2018-03-12 02:00:00,2018-03-12 03:00,2.84182,2.06016,0.0,0.32559,0.45607,0.0,0.0,0.0,0.0
2018-03-12 03:00:00,2018-03-12 04:00,2.65022,2.19273,0.0,0.003,0.45449,0.0,0.0,0.0,0.0
2018-03-12 04:00:00,2018-03-12 05:00,3.10399,2.32932,0.0,0.32667,0.448,0.0,0.0,0.0,0.0
2018-03-12 05:00:00,2018-03-12 06:00,3.36219,2.47151,0.0,0.43055,0.46013,0.0,0.0,0.0,0.0
2018-03-12 06:00:00,2018-03-12 07:00,3.67684,2.70437,0.0,0.43563,0.53684,0.0,0.0,0.0,0.0
2018-03-12 07:00:00,2018-03-12 08:00,3.17147,2.64951,0.0,0.003,0.51896,0.0,0.0,0.0,0.0
2018-03-12 08:00:00,2018-03-12 09:00,4.67904,2.62351,0.0,0.10528,1.95025,0.0,0.0,0.0,0.0
2018-03-12 09:00:00,2018-03-12 10:00,4.75223,2.32809,0.0,0.41931,2.00483,0.0,0.0,0.0,0.0
2018-03-12 10:00:00,2018-03-12 11:00,2.73993,1.84427,0.0,0.38827,0.50739,0.0,0.0,0.0,0.0
2018-03-12 11:00:00,2018-03-12 12:00,2.07829,1.54346,0.0,0.003,0.53183,0.0,0.0,0.0,0.0
2018-03-12 12:00:00,2018-03-12 13:00,2.27348,1.32105,0.0,0.41204,0.54039,0.0,0.0,0.0,0.0
2018-03-12 13:00:00,2018-03-12 14:00,2.19899,1.22187,0.0,0.43311,0.54401,0.0,0.0,0.0,0.0
2018-03-12 14:00:00,2018-03-12 15:00,1.81827,1.2524,0.0,0.08122,0.48465,0.0,0.0,0.0,0.0
2018-03-12 15:00:00,2018-03-12 16:00,2.0344,1.17759,0.0,0.31546,0.54135,0.0,0.0,0.0,0.0
2018-03-12 16:00:00,2018-03-12 17:00,1.95169,1.10522,0.0,0.20341,0.64306,0.0,0.0,0.0,0.0
2018-03-12 17:00:00,2018-03-12 18:00,1.75818,1.02531,0.0,0.003,0.72987,0.0,0.0,0.0,0.0
2018-03-12 18:00:00,2018-03-12 19:00,2.02383,0.85949,0.0,0.21068,0.95366,0.08058,0.0,0.0,0.08058
2018-03-12 19:00:00,2018-03-12 20:00,2.50525,0.99728,0.0,0.43064,1.07733,0.0,0.0,0.0,0.0
2018-03-12 20:00:00,2018-03-12 21:00,2.36129,1.09963,0.0,0.16175,1.09991,0.01124,0.0,0.0,0.01124
2018-03-12 21:00:00,2018-03-12 22:00,2.09342,1.19445,0.0,0.003,0.89597,0.01498,0.0,0.0,0.01498
2018-03-12 22:00:00,2018-03-12 23:00,2.05798,1.38281,0.0,0.003,0.67217,0.0,0.0,0.0,0.0
2018-03-12 23:00:00,2018-03-13 00:00,2.07198,1.55526,0.0,0.003,0.51372,0.0,0.0,0.0,0.0
2018-03-13 00:00:00,2018-03-13 01:00,2.16607,1.6962,0.0,0.003,0.46687,0.0,0.0,0.0,0.0
2018-03-13 01:00:00,2018-03-13 02:00,2.25936,1.79379,0.0,0.003,0.46257,0.0,0.0,0.0,0.0
2018-03-13 02:00:00,2018-03-13 03:00,2.33566,1.87573,0.0,0.003,0.45693,0.0,0.0,0.0,0.0
2018-03-13 03:00:00,2018-03-13 04:00,2.46912,2.01146,0.0,0.003,0.45466,0.0,0.0,0.0,0.0
2018-03-13 04:00:00,2018-03-13 05:00,2.60829,2.1566,0.0,0.003,0.44869,0.0,0.0,0.0,0.0
2018-03-13 05:00:00,2018-03-13 06:00,2.87432,2.3136,0.0,0.10873,0.45199,0.0,0.0,0.0,0.0
2018-03-13 06:00:00,2018-03-13 07:00,3.54788,2.58648,0.0,0.42852,0.53288,0.0,0.0,0.0,0.0
2018-03-13 07:00:00,2018-03-13 08:00,3.46003,2.4773,0.0,0.43575,0.54698,0.0,0.0,0.0,0.0
2018-03-13 08:00:00,2018-03-13 09:00,3.22677,2.38244,0.0,0.30935,0.53498,0.0,0.0,0.0,0.0
2018-03-13 09:00:00,2018-03-13 10:00,2.62312,2.11937,0.0,0.003,0.50075,0.0,0.0,0.0,0.0
2018-03-13 10:00:00,2018-03-13 11:00,2.33761,1.86735,0.0,0.003,0.46726,0.0,0.0,0.0,0.0
2018-03-13 11:00:00,2018-03-13 12:00,2.18254,1.71488,0.0,0.003,0.46466,0.0,0.0,0.0,0.0
2018-03-13 12:00:00,2018-03-13 13:00,1.98909,1.51311,0.0,0.003,0.47298,0.0,0.0,0.0,0.0
2018-03-13 13:00:00,2018-03-13 14:00,1.8911,1.414,0.0,0.003,0.4741,0.0,0.0,0.0,0.0
2018-03-13 14:00:00,2018-03-13 15:00,1.83927,1.3623,0.0,0.003,0.47397,0.0,0.0,0.0,0.0
2018-03-13 15:00:00,2018-03-13 16:00,1.72775,1.2525,0.0,0.003,0.47225,0.0,0.0,0.0,0.0
2018-03-13 16:00:00,2018-03-13 17:00,1.62446,1.13564,0.0,0.003,0.48582,0.0,0.0,0.0,0.0
2018-03-13 17:00:00,2018-03-13 18:00,1.89249,1.09191,0.0,0.21396,0.58662,0.01124,0.0,0.0,0.01124
2018-03-13 18:00:00,2018-03-13 19:00,2.44186,1.12435,0.0,0.40983,0.90768,0.01498,0.0,0.0,0.01498
2018-03-13 19:00:00,2018-03-13 20:00,2.7424,1.04657,0.0,0.41948,1.27635,0.0,0.0,0.0,0.0
2018-03-13 20:00:00,2018-03-13 21:00,2.96997,1.15074,0.0,0.43562,1.38361,0.0,0.0,0.0,0.0
2018-03-13 21:00:00,2018-03-13 22:00,2.64786,1.34772,0.0,0.14875,1.15139,0.0,0.0,0.0,0.0
2018-03-13 22:00:00,2018-03-13 23:00,2.38597,1.60615,0.0,0.003,0.77682,0.0,0.0,0.0,0.0
2018-03-13 23:00:00,2018-03-14 00:00,2.70786,1.80239,0.0,0.41445,0.49102,0.0,0.0,0.0,0.0
2018-03-14 00:00:00,2018-03-14 01:00,2.61188,1.92682,0.0,0.21819,0.46687,0.0,0.0,0.0,0.0
2018-03-14 01:00:00,2018-03-14 02:00,2.51636,2.05078,0.0,0.003,0.46258,0.0,0.0,0.0,0.0
2018-03-14 02:00:00,2018-03-14 03:00,2.64121,2.18126,0.0,0.003,0.45695,0.0,0.0,0.0,0.0
2018-03-14 03:00:00,2018-03-14 04:00,2.75313,2.29549,0.0,0.003,0.45464,0.0,0.0,0.0,0.0
2018-03-14 04:00:00,2018-03-14 05:00,2.87067,2.41896,0.0,0.003,0.44871,0.0,0.0,0.0,0.0
2018-03-14 05:00:00,2018-03-14 06:00,3.01408,2.54433,0.0,0.003,0.46675,0.0,0.0,0.0,0.0
2018-03-14 06:00:00,2018-03-14 07:00,3.70492,2.70755,0.0,0.42409,0.57328,0.0,0.0,0.0,0.0
2018-03-14 07:00:00,2018-03-14 08:00,3.55548,2.54508,0.0,0.42659,0.58381,0.0,0.0,0.0,0.0
2018-03-14 08:00:00,2018-03-14 09:00,3.19763,2.39371,0.0,0.26892,0.535,0.0,0.0,0.0,0.0
2018-03-14 09:00:00,2018-03-14 10:00,2.68321,1.93353,0.0,0.20902,0.54066,0.0,0.0,0.0,0.0
2018-03-14 10:00:00,2018-03-14 11:00,2.43531,1.47562,0.0,0.41853,0.54116,0.0,0.0,0.0,0.0
2018-03-14 11:00:00,2018-03-14 12:00,2.21511,1.1981,0.0,0.41775,0.59926,0.0,0.0,0.0,0.0
2018-03-14 12:00:00,2018-03-14 13:00,1.96977,1.04434,0.0,0.41552,0.50991,0.0,0.0,0.0,0.0
2018-03-14 13:00:00,2018-03-14 14:00,1.53434,0.85975,0.0,0.20048,0.47411,0.0,0.0,0.0,0.0
2018-03-14 14:00:00,2018-03-14 15:00,1.23091,0.72825,0.0,0.003,0.49966,0.0,0.0,0.0,0.0
2018-03-14 15:00:00,2018-03-14 16:00,1.18314,0.62687,0.0,0.003,0.55327,0.0,0.0,0.0,0.0
2018-03-14 16:00:00,2018-03-14 17:00,1.53835,0.50515,0.0,0.4267,0.6065,0.01124,0.0,0.0,0.01124
2018-03-14 17:00:00,2018-03-14 18:00,1.2511,0.39135,0.0,0.08679,0.77296,0.04308,0.0,0.0,0.04308
2018-03-14 18:00:00,2018-03-14 19:00,1.36281,0.62107,0.0,0.003,0.73874,0.0,0.0,0.0,0.0
2018-03-14 19:00:00,2018-03-14 20:00,1.48331,0.56995,0.0,0.003,0.91036,0.0,0.0,0.0,0.0
2018-03-14 20:00:00,2018-03-14 21:00,1.98599,0.60917,0.0,0.21305,1.16377,0.0,0.0,0.0,0.0
2018-03-14 21:00:00,2018-03-14 22:00,1.93351,0.83912,0.0,0.24529,0.8491,0.0,0.0,0.0,0.0
2018-03-14 22:00:00,2018-03-14 23:00,1.64458,1.04513,0.0,0.003,0.59645,0.0,0.0,0.0,0.0
2018-03-14 23:00:00,2018-03-15 00:00,1.71514,1.19696,0.0,0.003,0.51518,0.0,0.0,0.0,0.0
2018-03-15 00:00:00,2018-03-15 01:00,1.73651,1.26091,0.0,0.003,0.4726,0.0,0.0,0.0,0.0
2018-03-15 01:00:00,2018-03-15 02:00,1.80389,1.33832,0.0,0.003,0.46257,0.0,0.0,0.0,0.0
2018-03-15 02:00:00,2018-03-15 03:00,1.84693,1.38698,0.0,0.003,0.45695,0.0,0.0,0.0,0.0
2018-03-15 03:00:00,2018-03-15 04:00,1.98023,1.41662,0.0,0.10913,0.45448,0.0,0.0,0.0,0.0
2018-03-15 04:00:00,2018-03-15 05:00,2.35606,1.47084,0.0,0.43635,0.44887,0.0,0.0,0.0,0.0
2018-03-15 05:00:00,2018-03-15 06:00,2.51136,1.61584,0.0,0.43369,0.46183,0.0,0.0,0.0,0.0
2018-03-15 06:00:00,2018-03-15 07:00,2.83182,1.8536,0.0,0.42606,0.55216,0.0,0.0,0.0,0.0
2018-03-15 07:00:00,2018-03-15 08:00,2.52757,1.78246,0.0,0.16973,0.57538,0.0,0.0,0.0,0.0
2018-03-15 08:00:00,2018-03-15 09:00,2.48001,1.73837,0.0,0.20667,0.53497,0.0,0.0,0.0,0.0
2018-03-15 09:00:00,2018-03-15 10:00,2.63241,1.66559,0.0,0.42617,0.54065,0.0,0.0,0.0,0.0
2018-03-15 10:00:00,2018-03-15 11:00,2.06703,1.46353,0.0,0.06914,0.53436,0.0,0.0,0.0,0.0
2018-03-15 11:00:00,2018-03-15 12:00,1.7363,1.24176,0.0,0.003,0.49154,0.0,0.0,0.0,0.0
2018-03-15 12:00:00,2018-03-15 13:00,1.62134,1.1454,0.0,0.003,0.47294,0.0,0.0,0.0,0.0
2018-03-15 13:00:00,2018-03-15 14:00,1.52257,1.04549,0.0,0.003,0.47408,0.0,0.0,0.0,0.0
2018-03-15 14:00:00,2018-03-15 15:00,1.44646,0.96947,0.0,0.003,0.47399,0.0,0.0,0.0,0.0
2018-03-15 15:00:00,2018-03-15 16:00,1.3465,0.87125,0.0,0.003,0.47225,0.0,0.0,0.0,0.0
2018-03-15 16:00:00,2018-03-15 17:00,1.65366,0.76715,0.0,0.31746,0.56905,0.0,0.0,0.0,0.0
2018-03-15 17:00:00,2018-03-15 18:00,1.85407,0.86427,0.0,0.42649,0.56331,0.0,0.0,0.0,0.0
2018-03-15 18:00:00,2018-03-15 19:00,1.90034,1.03785,0.0,0.06574,0.79675,0.0,0.0,0.0,0.0
2018-03-15 19:00:00,2018-03-15 20:00,2.21397,0.92749,0.0,0.003,1.28348,0.0,0.0,0.0,0.0
2018-03-15 20:00:00,2018-03-15 21:00,2.19287,1.02611,0.0,0.003,1.16376,0.0,0.0,0.0,0.0
2018-03-15 21:00:00,2018-03-15 22:00,2.27453,1.11703,0.0,0.003,1.1545,0.0,0.0,0.0,0.0
2018-03-15 22:00:00,2018-03-15 23:00,3.91454,1.40567,0.0,0.003,2.50587,0.0,0.0,0.0,0.0
2018-03-15 23:00:00,2018-03-16 00:00,3.26284,1.53288,0.0,0.32431,1.40565,0.0,0.0,0.0,0.0
2018-03-16 00:00:00,2018-03-16 01:00,2.11378,1.6058,0.0,0.04111,0.46687,0.0,0.0,0.0,0.0
2018-03-16 01:00:00,2018-03-16 02:00,2.16141,1.69584,0.0,0.003,0.46257,0.0,0.0,0.0,0.0
2018-03-16 02:00:00,2018-03-16 03:00,2.2422,1.78227,0.0,0.003,0.45693,0.0,0.0,0.0,0.0
2018-03-16 03:00:00,2018-03-16 04:00,2.3877,1.93019,0.0,0.003,0.45451,0.0,0.0,0.0,0.0
2018-03-16 04:00:00,2018-03-16 05:00,2.88981,2.02222,0.0,0.41873,0.44886,0.0,0.0,0.0,0.0
2018-03-16 05:00:00,2018-03-16 06:00,3.04859,2.16566,0.0,0.4146,0.46833,0.0,0.0,0.0,0.0
2018-03-16 06:00:00,2018-03-16 07:00,3.36065,2.38336,0.0,0.40972,0.56757,0.0,0.0,0.0,0.0
2018-03-16 07:00:00,2018-03-16 08:00,3.26729,2.33614,0.0,0.41858,0.51257,0.0,0.0,0.0,0.0
2018-03-16 08:00:00,2018-03-16 09:00,2.97413,2.22171,0.0,0.21118,0.54124,0.0,0.0,0.0,0.0
2018-03-16 09:00:00,2018-03-16 10:00,2.88827,1.97068,0.0,0.41684,0.50075,0.0,0.0,0.0,0.0
2018-03-16 10:00:00,2018-03-16 11:00,2.48181,1.81326,0.0,0.20129,0.46726,0.0,0.0,0.0,0.0
2018-03-16 11:00:00,2018-03-16 12:00,2.11803,1.65035,0.0,0.003,0.46468,0.0,0.0,0.0,0.0
2018-03-16 12:00:00,2018-03-16 13:00,1.88608,1.41014,0.0,0.003,0.47294,0.0,0.0,0.0,0.0
2018-03-16 13:00:00,2018-03-16 14:00,1.7388,1.26172,0.0,0.003,0.47408,0.0,0.0,0.0,0.0
2018-03-16 14:00:00,2018-03-16 15:00,1.60936,1.13236,0.0,0.003,0.474,0.0,0.0,0.0,0.0
2018-03-16 15:00:00,2018-03-16 16:00,1.48271,1.00748,0.0,0.003,0.47223,0.0,0.0,0.0,0.0
2018-03-16 16:00:00,2018-03-16 17:00,1.45971,0.97089,0.0,0.003,0.48582,0.0,0.0,0.0,0.0
2018-03-16 17:00:00,2018-03-16 18:00,1.94299,0.88765,0.0,0.31959,0.73575,0.02622,0.0,0.0,0.02622
2018-03-16 18:00:00,2018-03-16 19:00,2.19922,1.03204,0.0,0.17445,0.99273,0.0,0.0,0.0,0.0
2018-03-16 19:00:00,2018-03-16 20:00,2.15138,0.93608,0.0,0.10853,1.10677,0.0,0.0,0.0,0.0
2018-03-16 20:00:00,2018-03-16 21:00,2.70736,0.98173,0.0,0.42496,1.30067,0.0,0.0,0.0,0.0
2018-03-16 21:00:00,2018-03-16 22:00,4.32675,1.22995,0.0,0.28951,2.80729,0.0,0.0,0.0,0.0
2018-03-16 22:00:00,2018-03-16 23:00,4.04041,1.291,0.0,0.003,2.74641,0.0,0.0,0.0,0.0
2018-03-16 23:00:00,2018-03-17 00:00,2.16458,1.24494,0.0,0.4058,0.51384,0.0,0.0,0.0,0.0
2018-03-17 00:00:00,2018-03-17 01:00,2.10238,1.31486,0.0,0.31938,0.46814,0.0,0.0,0.0,0.0
2018-03-17 01:00:00,2018-03-17 02:00,1.87967,1.41284,0.0,0.003,0.46383,0.0,0.0,0.0,0.0
2018-03-17 02:00:00,2018-03-17 03:00,1.96317,1.50196,0.0,0.003,0.45821,0.0,0.0,0.0,0.0
2018-03-17 03:00:00,2018-03-17 04:00,2.03657,1.57766,0.0,0.003,0.45591,0.0,0.0,0.0,0.0
2018-03-17 04:00:00,2018-03-17 05:00,2.07167,1.61873,0.0,0.003,0.44994,0.0,0.0,0.0,0.0
2018-03-17 05:00:00,2018-03-17 06:00,2.18851,1.73603,0.0,0.003,0.44948,0.0,0.0,0.0,0.0
2018-03-17 06:00:00,2018-03-17 07:00,2.59322,2.07226,0.0,0.003,0.51796,0.0,0.0,0.0,0.0
2018-03-17 07:00:00,2018-03-17 08:00,2.9596,1.94563,0.0,0.42872,0.58525,0.0,0.0,0.0,0.0
2018-03-17 08:00:00,2018-03-17 09:00,2.5503,1.74015,0.0,0.19686,0.61329,0.0,0.0,0.0,0.0
2018-03-17 09:00:00,2018-03-17 10:00,2.79905,1.22182,0.0,0.003,1.57423,0.05433,0.0,0.0,0.05433
2018-03-17 10:00:00,2018-03-17 11:00,4.16695,1.14549,0.0,0.10645,2.91501,0.0,0.0,0.0,0.0
2018-03-17 11:00:00,2018-03-17 12:00,3.45663,0.87381,0.0,0.42457,2.15825,0.0,0.0,0.0,0.0
2018-03-17 12:00:00,2018-03-17 13:00,1.48279,0.64289,0.0,0.15361,0.68629,0.0,0.0,0.0,0.0
2018-03-17 13:00:00,2018-03-17 14:00,1.25152,0.51114,0.0,0.003,0.73738,0.0,0.0,0.0,0.0
2018-03-17 14:00:00,2018-03-17 15:00,1.6306,0.42657,0.0,0.42085,0.78318,0.0,0.0,0.0,0.0
2018-03-17 15:00:00,2018-03-17 16:00,1.51129,0.33284,0.0,0.26787,0.91058,0.0,0.0,0.0,0.0
2018-03-17 16:00:00,2018-03-17 17:00,1.18384,0.25183,0.0,0.003,0.92901,0.0,0.0,0.0,0.0
2018-03-17 17:00:00,2018-03-17 18:00,1.12569,0.30554,0.0,0.003,0.81715,0.0,0.0,0.0,0.0
2018-03-17 18:00:00,2018-03-17 19:00,1.69986,0.39437,0.0,0.10632,1.19917,0.0,0.0,0.0,0.0
2018-03-17 19:00:00,2018-03-17 20:00,2.12287,0.35718,0.0,0.41674,1.34895,0.0,0.0,0.0,0.0
2018-03-17 20:00:00,2018-03-17 21:00,2.15507,0.45314,0.0,0.28894,1.41299,0.0,0.0,0.0,0.0
2018-03-17 21:00:00,2018-03-17 22:00,1.84746,0.5882,0.0,0.003,1.25626,0.0,0.0,0.0,0.0
2018-03-17 22:00:00,2018-03-17 23:00,1.55502,0.83465,0.0,0.003,0.71737,0.0,0.0,0.0,0.0
2018-03-17 23:00:00,2018-03-18 00:00,1.57453,1.03337,0.0,0.003,0.53816,0.0,0.0,0.0,0.0
2018-03-18 00:00:00,2018-03-18 01:00,1.67107,1.19995,0.0,0.003,0.46812,0.0,0.0,0.0,0.0
2018-03-18 01:00:00,2018-03-18 02:00,1.85269,1.38586,0.0,0.003,0.46383,0.0,0.0,0.0,0.0
2018-03-18 02:00:00,2018-03-18 03:00,1.95617,1.49498,0.0,0.003,0.45819,0.0,0.0,0.0,0.0
2018-03-18 03:00:00,2018-03-18 04:00,2.09534,1.63644,0.0,0.003,0.4559,0.0,0.0,0.0,0.0
2018-03-18 04:00:00,2018-03-18 05:00,2.15479,1.70185,0.0,0.003,0.44994,0.0,0.0,0.0,0.0
2018-03-18 05:00:00,2018-03-18 06:00,2.39073,1.69072,0.0,0.21838,0.48163,0.02622,0.0,0.0,0.02622
2018-03-18 06:00:00,2018-03-18 07:00,2.59691,1.91206,0.0,0.15789,0.52696,0.0,0.0,0.0,0.0
2018-03-18 07:00:00,2018-03-18 08:00,2.33082,1.69797,0.0,0.10608,0.52677,0.0,0.0,0.0,0.0
2018-03-18 08:00:00,2018-03-18 09:00,2.43238,1.40648,0.0,0.42062,0.60528,0.05433,0.0,0.0,0.05433
2018-03-18 09:00:00,2018-03-18 10:00,2.47738,1.4086,0.0,0.43835,0.63043,0.0,0.0,0.0,0.0
2018-03-18 10:00:00,2018-03-18 11:00,1.92125,1.26763,0.0,0.0223,0.63132,0.0,0.0,0.0,0.0
2018-03-18 11:00:00,2018-03-18 12:00,1.77203,1.1289,0.0,0.003,0.64013,0.0,0.0,0.0,0.0
2018-03-18 12:00:00,2018-03-18 13:00,1.74131,0.97399,0.0,0.003,0.76432,0.02622,0.0,0.0,0.02622
2018-03-18 13:00:00,2018-03-18 14:00,2.10116,0.87152,0.0,0.41549,0.81415,0.0,0.0,0.0,0.0
2018-03-18 14:00:00,2018-03-18 15:00,1.86994,0.77373,0.0,0.40047,0.69574,0.02622,0.0,0.0,0.02622
2018-03-18 15:00:00,2018-03-18 16:00,1.61892,0.73348,0.0,0.003,0.88244,0.0,0.0,0.0,0.0
2018-03-18 16:00:00,2018-03-18 17:00,1.78046,0.71718,0.0,0.21265,0.85063,0.0,0.0,0.0,0.0
2018-03-18 17:00:00,2018-03-18 18:00,1.90404,0.75535,0.0,0.19519,0.9535,0.0,0.0,0.0,0.0
2018-03-18 18:00:00,2018-03-18 19:00,2.11666,0.9145,0.0,0.003,1.19916,0.0,0.0,0.0,0.0
2018-03-18 19:00:00,2018-03-18 20:00,2.1548,0.80288,0.0,0.003,1.34892,0.0,0.0,0.0,0.0
2018-03-18 20:00:00,2018-03-18 21:00,2.23799,0.82199,0.0,0.003,1.413,0.0,0.0,0.0,0.0
2018-03-18 21:00:00,2018-03-18 22:00,2.0898,0.88124,0.0,0.003,1.20556,0.0,0.0,0.0,0.0
2018-03-18 22:00:00,2018-03-18 23:00,1.7998,1.03927,0.0,0.10888,0.65165,0.0,0.0,0.0,0.0
2018-03-18 23:00:00,2018-03-19 00:00,1.92752,1.12614,0.0,0.28022,0.52116,0.0,0.0,0.0,0.0
2018-03-19 00:00:00,2018-03-19 01:00,1.62476,1.12867,0.0,0.003,0.49309,0.0,0.0,0.0,0.0
2018-03-19 01:00:00,2018-03-19 02:00,1.6207,1.1524,0.0,0.003,0.4653,0.0,0.0,0.0,0.0
2018-03-19 02:00:00,2018-03-19 03:00,1.65923,1.20119,0.0,0.003,0.45504,0.0,0.0,0.0,0.0
2018-03-19 03:00:00,2018-03-19 04:00,1.73572,1.27829,0.0,0.003,0.45443,0.0,0.0,0.0,0.0
2018-03-19 04:00:00,2018-03-19 05:00,2.2061,1.32074,0.0,0.43528,0.45008,0.0,0.0,0.0,0.0
2018-03-19 05:00:00,2018-03-19 06:00,1.97994,1.39457,0.0,0.10388,0.48149,0.0,0.0,0.0,0.0
2018-03-19 06:00:00,2018-03-19 07:00,2.44651,1.40891,0.0,0.43112,0.60648,0.05433,0.0,0.0,0.05433
2018-03-19 07:00:00,2018-03-19 08:00,2.06965,1.52636,0.0,0.01662,0.52667,0.0,0.0,0.0,0.0
2018-03-19 08:00:00,2018-03-19 09:00,2.00936,1.53466,0.0,0.003,0.4717,0.0,0.0,0.0,0.0
2018-03-19 09:00:00,2018-03-19 10:00,1.94494,1.46761,0.0,0.003,0.47433,0.0,0.0,0.0,0.0
2018-03-19 10:00:00,2018-03-19 11:00,1.88343,1.41318,0.0,0.003,0.46725,0.0,0.0,0.0,0.0
2018-03-19 11:00:00,2018-03-19 12:00,1.81577,1.34148,0.0,0.003,0.47129,0.0,0.0,0.0,0.0
2018-03-19 12:00:00,2018-03-19 13:00,1.96162,1.2055,0.0,0.21573,0.54039,0.0,0.0,0.0,0.0
2018-03-19 13:00:00,2018-03-19 14:00,1.93281,1.10383,0.0,0.28497,0.54401,0.0,0.0,0.0,0.0
2018-03-19 14:00:00,2018-03-19 15:00,1.47151,0.89652,0.0,0.003,0.57199,0.0,0.0,0.0,0.0
2018-03-19 15:00:00,2018-03-19 16:00,1.76453,0.74438,0.0,0.42554,0.59461,0.0,0.0,0.0,0.0
2018-03-19 16:00:00,2018-03-19 17:00,1.77194,0.66193,0.0,0.38115,0.72886,0.0,0.0,0.0,0.0
2018-03-19 17:00:00,2018-03-19 18:00,1.56173,0.67931,0.0,0.003,0.87942,0.0,0.0,0.0,0.0
2018-03-19 18:00:00,2018-03-19 19:00,1.78635,0.76757,0.0,0.003,1.01578,0.0,0.0,0.0,0.0
2018-03-19 19:00:00,2018-03-19 20:00,1.98897,0.70962,0.0,0.003,1.27635,0.0,0.0,0.0,0.0
2018-03-19 20:00:00,2018-03-19 21:00,2.20397,0.81735,0.0,0.003,1.38362,0.0,0.0,0.0,0.0
2018-03-19 21:00:00,2018-03-19 22:00,2.40626,0.92804,0.0,0.21554,1.26268,0.0,0.0,0.0,0.0
2018-03-19 22:00:00,2018-03-19 23:00,2.39755,1.11916,0.0,0.2087,1.06969,0.0,0.0,0.0,0.0
2018-03-19 23:00:00,2018-03-20 00:00,3.99984,1.33022,0.0,0.003,2.66662,0.0,0.0,0.0,0.0
2018-03-20 00:00:00,2018-03-20 01:00,2.15837,1.29395,0.0,0.003,0.86142,0.0,0.0,0.0,0.0
2018-03-20 01:00:00,2018-03-20 02:00,1.84397,1.37842,0.0,0.003,0.46255,0.0,0.0,0.0,0.0
2018-03-20 02:00:00,2018-03-20 03:00,2.14021,1.46731,0.0,0.21596,0.45694,0.0,0.0,0.0,0.0
2018-03-20 03:00:00,2018-03-20 04:00,2.12371,1.51845,0.0,0.15059,0.45467,0.0,0.0,0.0,0.0
2018-03-20 04:00:00,2018-03-20 05:00,2.0174,1.5657,0.0,0.003,0.4487,0.0,0.0,0.0,0.0
2018-03-20 05:00:00,2018-03-20 06:00,2.12481,1.66982,0.0,0.003,0.45199,0.0,0.0,0.0,0.0
2018-03-20 06:00:00,2018-03-20 07:00,2.8655,1.91763,0.0,0.42623,0.52164,0.0,0.0,0.0,0.0
2018-03-20 07:00:00,2018-03-20 08:00,2.51872,1.88027,0.0,0.17106,0.46739,0.0,0.0,0.0,0.0
2018-03-20 08:00:00,2018-03-20 09:00,2.40548,1.89279,0.0,0.003,0.50969,0.0,0.0,0.0,0.0
2018-03-20 09:00:00,2018-03-20 10:00,2.38356,1.83991,0.0,0.003,0.54065,0.0,0.0,0.0,0.0
2018-03-20 10:00:00,2018-03-20 11:00,2.6951,1.77754,0.0,0.42355,0.49401,0.0,0.0,0.0,0.0
2018-03-20 11:00:00,2018-03-20 12:00,2.36495,1.73136,0.0,0.16893,0.46466,0.0,0.0,0.0,0.0
2018-03-20 12:00:00,2018-03-20 13:00,2.14026,1.66432,0.0,0.003,0.47294,0.0,0.0,0.0,0.0
2018-03-20 13:00:00,2018-03-20 14:00,2.03562,1.55851,0.0,0.003,0.47411,0.0,0.0,0.0,0.0
2018-03-20 14:00:00,2018-03-20 15:00,1.92132,1.44432,0.0,0.003,0.474,0.0,0.0,0.0,0.0
2018-03-20 15:00:00,2018-03-20 16:00,1.82248,1.2622,0.0,0.003,0.55728,0.02622,0.0,0.0,0.02622
2018-03-20 16:00:00,2018-03-20 17:00,2.39247,1.28687,0.0,0.42434,0.68126,0.0,0.0,0.0,0.0
2018-03-20 17:00:00,2018-03-20 18:00,2.49316,1.3188,0.0,0.35426,0.8201,0.0,0.0,0.0,0.0
2018-03-20 18:00:00,2018-03-20 19:00,2.50187,1.48307,0.0,0.003,1.0158,0.0,0.0,0.0,0.0
2018-03-20 19:00:00,2018-03-20 20:00,2.91327,1.41195,0.0,0.4213,1.08002,0.0,0.0,0.0,0.0
2018-03-20 20:00:00,2018-03-20 21:00,3.01713,1.40082,0.0,0.2327,1.38361,0.0,0.0,0.0,0.0
2018-03-20 21:00:00,2018-03-20 22:00,2.49677,1.50326,0.0,0.003,0.99051,0.0,0.0,0.0,0.0
2018-03-20 22:00:00,2018-03-20 23:00,2.38321,1.67904,0.0,0.003,0.70117,0.0,0.0,0.0,0.0
2018-03-20 23:00:00,2018-03-21 00:00,2.35865,1.86461,0.0,0.003,0.49104,0.0,0.0,0.0,0.0
2018-03-21 00:00:00,2018-03-21 01:00,2.78154,1.98924,0.0,0.32541,0.46689,0.0,0.0,0.0,0.0
2018-03-21 01:00:00,2018-03-21 02:00,2.69913,2.1891,0.0,0.04746,0.46257,0.0,0.0,0.0,0.0
2018-03-21 02:00:00,2018-03-21 03:00,2.77049,2.31055,0.0,0.003,0.45694,0.0,0.0,0.0,0.0
2018-03-21 03:00:00,2018-03-21 04:00,2.8374,2.36935,0.0,0.003,0.46505,0.01124,0.0,0.0,0.01124
2018-03-21 04:00:00,2018-03-21 05:00,3.20067,2.29086,0.0,0.41786,0.49195,0.04308,0.0,0.0,0.04308
2018-03-21 05:00:00,2018-03-21 06:00,3.26205,2.36869,0.0,0.4223,0.47106,0.0,0.0,0.0,0.0
2018-03-21 06:00:00,2018-03-21 07:00,3.38886,2.4236,0.0,0.43228,0.53298,0.0,0.0,0.0,0.0
2018-03-21 07:00:00,2018-03-21 08:00,3.1919,2.26607,0.0,0.42179,0.50404,0.0,0.0,0.0,0.0
2018-03-21 08:00:00,2018-03-21 09:00,3.19508,2.24583,0.0,0.43957,0.50968,0.0,0.0,0.0,0.0
2018-03-21 09:00:00,2018-03-21 10:00,2.7775,2.10082,0.0,0.15938,0.5173,0.0,0.0,0.0,0.0
2018-03-21 10:00:00,2018-03-21 11:00,2.32704,1.8568,0.0,0.003,0.46724,0.0,0.0,0.0,0.0
2018-03-21 11:00:00,2018-03-21 12:00,2.08711,1.61944,0.0,0.003,0.46467,0.0,0.0,0.0,0.0
2018-03-21 12:00:00,2018-03-21 13:00,1.86887,1.39292,0.0,0.003,0.47295,0.0,0.0,0.0,0.0
2018-03-21 13:00:00,2018-03-21 14:00,1.70535,1.22825,0.0,0.003,0.4741,0.0,0.0,0.0,0.0
2018-03-21 14:00:00,2018-03-21 15:00,1.68714,1.21015,0.0,0.003,0.47399,0.0,0.0,0.0,0.0
2018-03-21 15:00:00,2018-03-21 16:00,1.655,1.17027,0.0,0.003,0.48173,0.0,0.0,0.0,0.0
2018-03-21 16:00:00,2018-03-21 17:00,1.63261,1.04626,0.0,0.003,0.58335,0.0,0.0,0.0,0.0
2018-03-21 17:00:00,2018-03-21 18:00,2.10239,0.91778,0.0,0.41549,0.76912,0.02622,0.0,0.0,0.02622
2018-03-21 18:00:00,2018-03-21 19:00,2.54805,1.11471,0.0,0.43715,0.99619,0.0,0.0,0.0,0.0
2018-03-21 19:00:00,2018-03-21 20:00,2.05354,1.05259,0.0,0.09319,0.90776,0.0,0.0,0.0,0.0
2018-03-21 20:00:00,2018-03-21 21:00,2.17389,1.04024,0.0,0.003,1.13065,0.0,0.0,0.0,0.0
2018-03-21 21:00:00,2018-03-21 22:00,2.3804,1.09478,0.0,0.214,1.07162,0.0,0.0,0.0,0.0
2018-03-21 22:00:00,2018-03-21 23:00,2.05506,1.17979,0.0,0.30196,0.57331,0.0,0.0,0.0,0.0
2018-03-21 23:00:00,2018-03-22 00:00,1.79775,1.28103,0.0,0.003,0.51372,0.0,0.0,0.0,0.0
2018-03-22 00:00:00,2018-03-22 01:00,1.79701,1.32714,0.0,0.003,0.46687,0.0,0.0,0.0,0.0
2018-03-22 01:00:00,2018-03-22 02:00,1.80053,1.33497,0.0,0.003,0.46256,0.0,0.0,0.0,0.0
2018-03-22 02:00:00,2018-03-22 03:00,1.82803,1.3681,0.0,0.003,0.45693,0.0,0.0,0.0,0.0
2018-03-22 03:00:00,2018-03-22 04:00,1.88319,1.42554,0.0,0.003,0.45465,0.0,0.0,0.0,0.0
2018-03-22 04:00:00,2018-03-22 05:00,2.02458,1.4672,0.0,0.1069,0.45048,0.0,0.0,0.0,0.0
2018-03-22 05:00:00,2018-03-22 06:00,2.35174,1.46386,0.0,0.43,0.45788,0.0,0.0,0.0,0.0
2018-03-22 06:00:00,2018-03-22 07:00,2.32474,1.57958,0.0,0.23706,0.5081,0.0,0.0,0.0,0.0
2018-03-22 07:00:00,2018-03-22 08:00,2.01671,1.48942,0.0,0.003,0.52429,0.0,0.0,0.0,0.0
2018-03-22 08:00:00,2018-03-22 09:00,2.31593,1.48391,0.0,0.31936,0.51266,0.0,0.0,0.0,0.0
2018-03-22 09:00:00,2018-03-22 10:00,2.04544,1.43527,0.0,0.13584,0.47433,0.0,0.0,0.0,0.0
2018-03-22 10:00:00,2018-03-22 11:00,1.77297,1.30274,0.0,0.003,0.46723,0.0,0.0,0.0,0.0
2018-03-22 11:00:00,2018-03-22 12:00,1.65855,1.19087,0.0,0.003,0.46468,0.0,0.0,0.0,0.0
2018-03-22 12:00:00,2018-03-22 13:00,1.55337,1.07743,0.0,0.003,0.47294,0.0,0.0,0.0,0.0
2018-03-22 13:00:00,2018-03-22 14:00,1.45657,0.97948,0.0,0.003,0.47409,0.0,0.0,0.0,0.0
2018-03-22 14:00:00,2018-03-22 15:00,1.32942,0.85243,0.0,0.003,0.47399,0.0,0.0,0.0,0.0
2018-03-22 15:00:00,2018-03-22 16:00,1.24976,0.76506,0.0,0.003,0.4817,0.0,0.0,0.0,0.0
2018-03-22 16:00:00,2018-03-22 17:00,1.37602,0.68273,0.0,0.10996,0.58333,0.0,0.0,0.0,0.0
2018-03-22 17:00:00,2018-03-22 18:00,1.5539,0.54033,0.0,0.30639,0.70718,0.03935,0.0,0.0,0.03935
2018-03-22 18:00:00,2018-03-22 19:00,1.58071,0.58215,0.0,0.003,0.99556,0.04123,0.0,0.0,0.04123
2018-03-22 19:00:00,2018-03-22 20:00,2.181,0.65802,0.0,0.41621,1.10677,0.0,0.0,0.0,0.0
2018-03-22 20:00:00,2018-03-22 21:00,2.25686,0.72678,0.0,0.27513,1.25495,0.0,0.0,0.0,0.0
2018-03-22 21:00:00,2018-03-22 22:00,1.74778,0.87532,0.0,0.003,0.86946,0.0,0.0,0.0,0.0
2018-03-22 22:00:00,2018-03-22 23:00,1.61697,1.01754,0.0,0.003,0.59643,0.0,0.0,0.0,0.0
2018-03-22 23:00:00,2018-03-23 00:00,1.69809,1.20407,0.0,0.003,0.49102,0.0,0.0,0.0,0.0
2018-03-23 00:00:00,2018-03-23 01:00,1.82887,1.35901,0.0,0.003,0.46686,0.0,0.0,0.0,0.0
2018-03-23 01:00:00,2018-03-23 02:00,1.97325,1.50769,0.0,0.003,0.46256,0.0,0.0,0.0,0.0
2018-03-23 02:00:00,2018-03-23 03:00,2.1615,1.70155,0.0,0.003,0.45695,0.0,0.0,0.0,0.0
2018-03-23 03:00:00,2018-03-23 04:00,2.26879,1.70532,0.0,0.10898,0.45449,0.0,0.0,0.0,0.0
2018-03-23 04:00:00,2018-03-23 05:00,2.55942,1.6705,0.0,0.43902,0.4499,0.0,0.0,0.0,0.0
2018-03-23 05:00:00,2018-03-23 06:00,2.64493,1.74562,0.0,0.43317,0.46614,0.0,0.0,0.0,0.0
2018-03-23 06:00:00,2018-03-23 07:00,2.83229,1.87464,0.0,0.43035,0.5273,0.0,0.0,0.0,0.0
2018-03-23 07:00:00,2018-03-23 08:00,2.21956,1.67801,0.0,0.003,0.53855,0.0,0.0,0.0,0.0
2018-03-23 08:00:00,2018-03-23 09:00,2.08189,1.57546,0.0,0.003,0.50343,0.0,0.0,0.0,0.0
2018-03-23 09:00:00,2018-03-23 10:00,2.00988,1.46623,0.0,0.003,0.54065,0.0,0.0,0.0,0.0
2018-03-23 10:00:00,2018-03-23 11:00,2.33958,1.38743,0.0,0.41781,0.53434,0.0,0.0,0.0,0.0
2018-03-23 11:00:00,2018-03-23 12:00,2.16377,1.24192,0.0,0.39001,0.53184,0.0,0.0,0.0,0.0
2018-03-23 12:00:00,2018-03-23 13:00,1.78529,1.26571,0.0,0.003,0.51658,0.0,0.0,0.0,0.0
2018-03-23 13:00:00,2018-03-23 14:00,1.78477,1.2411,0.0,0.003,0.54067,0.0,0.0,0.0,0.0
2018-03-23 14:00:00,2018-03-23 15:00,2.1551,1.10715,0.0,0.003,1.04495,0.0,0.0,0.0,0.0
2018-03-23 15:00:00,2018-03-23 16:00,4.24289,0.99314,0.0,0.42442,2.82533,0.02622,0.0,0.0,0.02622
2018-03-23 16:00:00,2018-03-23 17:00,2.42981,0.92962,0.0,0.4244,1.07579,0.0,0.0,0.0,0.0
2018-03-23 17:00:00,2018-03-23 18:00,1.7111,0.95164,0.0,0.003,0.75646,0.01124,0.0,0.0,0.01124
2018-03-23 18:00:00,2018-03-23 19:00,2.00003,0.96122,0.0,0.003,1.03581,0.04308,0.0,0.0,0.04308
2018-03-23 19:00:00,2018-03-23 20:00,2.22934,1.00998,0.0,0.003,1.21636,0.01124,0.0,0.0,0.01124
2018-03-23 20:00:00,2018-03-23 21:00,2.28075,0.93992,0.0,0.003,1.33783,0.04308,0.0,0.0,0.04308
2018-03-23 21:00:00,2018-03-23 22:00,2.73735,1.05715,0.0,0.4293,1.2509,0.0,0.0,0.0,0.0
2018-03-23 22:00:00,2018-03-23 23:00,1.8847,1.09628,0.0,0.06973,0.71869,0.0,0.0,0.0,0.0
2018-03-23 23:00:00,2018-03-24 00:00,1.66237,1.14385,0.0,0.003,0.51552,0.0,0.0,0.0,0.0
2018-03-24 00:00:00,2018-03-24 01:00,1.69092,1.21333,0.0,0.003,0.47459,0.0,0.0,0.0,0.0
2018-03-24 01:00:00,2018-03-24 02:00,1.74709,1.28027,0.0,0.003,0.46382,0.0,0.0,0.0,0.0
2018-03-24 02:00:00,2018-03-24 03:00,1.88778,1.42659,0.0,0.003,0.45819,0.0,0.0,0.0,0.0
2018-03-24 03:00:00,2018-03-24 04:00,2.2604,1.58931,0.0,0.21517,0.45592,0.0,0.0,0.0,0.0
2018-03-24 04:00:00,2018-03-24 05:00,2.33401,1.73033,0.0,0.15376,0.44992,0.0,0.0,0.0,0.0
2018-03-24 05:00:00,2018-03-24 06:00,2.1934,1.73736,0.0,0.003,0.45304,0.0,0.0,0.0,0.0
2018-03-24 06:00:00,2018-03-24 07:00,2.29134,1.76136,0.0,0.003,0.52698,0.0,0.0,0.0,0.0
2018-03-24 07:00:00,2018-03-24 08:00,2.62178,1.7313,0.0,0.31682,0.57366,0.01124,0.0,0.0,0.01124
2018-03-24 08:00:00,2018-03-24 09:00,3.64111,1.75856,0.0,0.40071,1.48184,0.04308,0.0,0.0,0.04308
2018-03-24 09:00:00,2018-03-24 10:00,4.53319,1.89054,0.0,0.003,2.63965,0.0,0.0,0.0,0.0
2018-03-24 10:00:00,2018-03-24 11:00,2.32386,1.68954,0.0,0.003,0.63132,0.0,0.0,0.0,0.0
2018-03-24 11:00:00,2018-03-24 12:00,2.44635,1.5953,0.0,0.21092,0.64013,0.0,0.0,0.0,0.0
2018-03-24 12:00:00,2018-03-24 13:00,2.55736,1.44996,0.0,0.42979,0.67761,0.0,0.0,0.0,0.0
2018-03-24 13:00:00,2018-03-24 14:00,2.21766,1.35865,0.0,0.19977,0.65924,0.0,0.0,0.0,0.0
2018-03-24 14:00:00,2018-03-24 15:00,1.89024,1.13912,0.0,0.003,0.74812,0.03935,0.0,0.0,0.03935
2018-03-24 15:00:00,2018-03-24 16:00,2.02094,0.98546,0.0,0.20716,0.82832,0.01498,0.0,0.0,0.01498
2018-03-24 16:00:00,2018-03-24 17:00,2.29268,0.89443,0.0,0.42571,0.97254,0.0,0.0,0.0,0.0
2018-03-24 17:00:00,2018-03-24 18:00,2.31733,0.82725,0.0,0.43187,1.05821,0.0,0.0,0.0,0.0
2018-03-24 18:00:00,2018-03-24 19:00,2.60391,0.94725,0.0,0.43244,1.22422,0.0,0.0,0.0,0.0
2018-03-24 19:00:00,2018-03-24 20:00,2.25488,0.87332,0.0,0.03263,1.34893,0.0,0.0,0.0,0.0
2018-03-24 20:00:00,2018-03-24 21:00,2.35155,0.93556,0.0,0.003,1.41299,0.0,0.0,0.0,0.0
2018-03-24 21:00:00,2018-03-24 22:00,2.25999,1.05141,0.0,0.003,1.20558,0.0,0.0,0.0,0.0
2018-03-24 22:00:00,2018-03-24 23:00,1.83769,1.18304,0.0,0.003,0.65165,0.0,0.0,0.0,0.0
2018-03-24 23:00:00,2018-03-25 00:00,1.78792,1.29114,0.0,0.003,0.49378,0.0,0.0,0.0,0.0
2018-03-25 00:00:00,2018-03-25 01:00,2.18894,1.40357,0.0,0.3133,0.47207,0.0,0.0,0.0,0.0
2018-03-25 01:00:00,2018-03-25 02:00,2.24602,1.4943,0.0,0.28791,0.46381,0.0,0.0,0.0,0.0
2018-03-25 02:00:00,2018-03-25 03:00,2.02227,1.56108,0.0,0.003,0.45819,0.0,0.0,0.0,0.0
2018-03-25 03:00:00,2018-03-25 04:00,2.05868,1.59976,0.0,0.003,0.45592,0.0,0.0,0.0,0.0
2018-03-25 04:00:00,2018-03-25 05:00,2.10001,1.64708,0.0,0.003,0.44993,0.0,0.0,0.0,0.0
2018-03-25 05:00:00,2018-03-25 06:00,2.18136,1.72532,0.0,0.003,0.45304,0.0,0.0,0.0,0.0
2018-03-25 06:00:00,2018-03-25 07:00,2.80941,1.9589,0.0,0.32355,0.52696,0.0,0.0,0.0,0.0
2018-03-25 07:00:00,2018-03-25 08:00,2.60279,1.90484,0.0,0.15726,0.54069,0.0,0.0,0.0,0.0
2018-03-25 08:00:00,2018-03-25 09:00,2.42625,1.8243,0.0,0.003,0.59895,0.0,0.0,0.0,0.0
2018-03-25 09:00:00,2018-03-25 10:00,2.739,1.71898,0.0,0.42789,0.59213,0.0,0.0,0.0,0.0
2018-03-25 10:00:00,2018-03-25 11:00,2.79684,1.51106,0.0,0.34448,0.9413,0.0,0.0,0.0,0.0
2018-03-25 11:00:00,2018-03-25 12:00,3.51623,1.38365,0.0,0.003,2.12958,0.0,0.0,0.0,0.0
2018-03-25 12:00:00,2018-03-25 13:00,3.41852,1.21549,0.0,0.003,2.20003,0.0,0.0,0.0,0.0
2018-03-25 13:00:00,2018-03-25 14:00,2.12068,1.00662,0.0,0.317,0.79706,0.0,0.0,0.0,0.0
2018-03-25 14:00:00,2018-03-25 15:00,1.87462,0.79506,0.0,0.19283,0.88673,0.05433,0.0,0.0,0.05433
2018-03-25 15:00:00,2018-03-25 16:00,2.02387,0.7878,0.0,0.003,1.23307,0.0,0.0,0.0,0.0
2018-03-25 16:00:00,2018-03-25 17:00,2.74848,0.82789,0.0,0.20878,1.71181,0.0,0.0,0.0,0.0
2018-03-25 17:00:00,2018-03-25 18:00,2.08053,0.73867,0.0,0.42234,0.91952,0.0,0.0,0.0,0.0
2018-03-25 18:00:00,2018-03-25 19:00,2.22522,0.77464,0.0,0.39677,1.05381,0.0,0.0,0.0,0.0
2018-03-25 19:00:00,2018-03-25 20:00,1.96303,0.69388,0.0,0.003,1.26615,0.0,0.0,0.0,0.0
2018-03-25 20:00:00,2018-03-25 21:00,2.10723,0.69124,0.0,0.003,1.41299,0.0,0.0,0.0,0.0
2018-03-25 21:00:00,2018-03-25 22:00,2.29056,0.71453,0.0,0.31976,1.25627,0.0,0.0,0.0,0.0
2018-03-25 22:00:00,2018-03-25 23:00,1.60725,0.79313,0.0,0.09677,0.71735,0.0,0.0,0.0,0.0
2018-03-25 23:00:00,2018-03-26 00:00,1.39534,0.8666,0.0,0.003,0.52574,0.0,0.0,0.0,0.0
2018-03-26 00:00:00,2018-03-26 01:00,1.41909,0.94922,0.0,0.003,0.46687,0.0,0.0,0.0,0.0
2018-03-26 01:00:00,2018-03-26 02:00,1.72027,1.25469,0.0,0.003,0.46258,0.0,0.0,0.0,0.0
2018-03-26 02:00:00,2018-03-26 03:00,2.01906,1.55913,0.0,0.003,0.45693,0.0,0.0,0.0,0.0
2018-03-26 03:00:00,2018-03-26 04:00,2.02355,1.5659,0.0,0.003,0.45465,0.0,0.0,0.0,0.0
2018-03-26 04:00:00,2018-03-26 05:00,2.063,1.61129,0.0,0.003,0.44871,0.0,0.0,0.0,0.0
2018-03-26 05:00:00,2018-03-26 06:00,2.10448,1.6495,0.0,0.003,0.45198,0.0,0.0,0.0,0.0
2018-03-26 06:00:00,2018-03-26 07:00,2.30878,1.67127,0.0,0.11021,0.5273,0.0,0.0,0.0,0.0
2018-03-26 07:00:00,2018-03-26 08:00,2.46374,1.49978,0.0,0.43334,0.53062,0.0,0.0,0.0,0.0
2018-03-26 08:00:00,2018-03-26 09:00,2.75073,1.52297,0.0,0.26796,0.9598,0.0,0.0,0.0,0.0
2018-03-26 09:00:00,2018-03-26 10:00,4.16029,1.61643,0.0,0.003,2.54086,0.0,0.0,0.0,0.0
2018-03-26 10:00:00,2018-03-26 11:00,2.17926,1.43367,0.0,0.21125,0.53434,0.0,0.0,0.0,0.0
2018-03-26 11:00:00,2018-03-26 12:00,2.34497,1.3819,0.0,0.43122,0.53185,0.0,0.0,0.0,0.0
2018-03-26 12:00:00,2018-03-26 13:00,1.99548,1.34739,0.0,0.10772,0.54037,0.0,0.0,0.0,0.0
2018-03-26 13:00:00,2018-03-26 14:00,2.29111,1.31872,0.0,0.42838,0.54401,0.0,0.0,0.0,0.0
2018-03-26 14:00:00,2018-03-26 15:00,1.90957,1.29339,0.0,0.02634,0.58984,0.0,0.0,0.0,0.0
2018-03-26 15:00:00,2018-03-26 16:00,2.02453,1.28365,0.0,0.10659,0.63429,0.0,0.0,0.0,0.0
2018-03-26 16:00:00,2018-03-26 17:00,2.42282,1.35459,0.0,0.38694,0.68129,0.0,0.0,0.0,0.0
2018-03-26 17:00:00,2018-03-26 18:00,2.17976,1.43155,0.0,0.003,0.74521,0.0,0.0,0.0,0.0
2018-03-26 18:00:00,2018-03-26 19:00,2.48197,1.56305,0.0,0.003,0.91592,0.0,0.0,0.0,0.0
2018-03-26 19:00:00,2018-03-26 20:00,2.59373,1.3857,0.0,0.003,1.20503,0.0,0.0,0.0,0.0
2018-03-26 20:00:00,2018-03-26 21:00,2.52249,1.3757,0.0,0.003,1.14379,0.0,0.0,0.0,0.0
2018-03-26 21:00:00,2018-03-26 22:00,2.30243,1.42998,0.0,0.003,0.86945,0.0,0.0,0.0,0.0
2018-03-26 22:00:00,2018-03-26 23:00,2.08953,1.49466,0.0,0.003,0.59187,0.0,0.0,0.0,0.0
2018-03-26 23:00:00,2018-03-27 00:00,2.00882,1.5329,0.0,0.003,0.47292,0.0,0.0,0.0,0.0
2018-03-27 00:00:00,2018-03-27 01:00,2.01062,1.54075,0.0,0.003,0.46687,0.0,0.0,0.0,0.0
2018-03-27 01:00:00,2018-03-27 02:00,2.02108,1.55549,0.0,0.003,0.46259,0.0,0.0,0.0,0.0
2018-03-27 02:00:00,2018-03-27 03:00,2.08339,1.62344,0.0,0.003,0.45695,0.0,0.0,0.0,0.0
2018-03-27 03:00:00,2018-03-27 04:00,2.45169,1.68978,0.0,0.30724,0.45467,0.0,0.0,0.0,0.0
2018-03-27 04:00:00,2018-03-27 05:00,2.191,1.73929,0.0,0.003,0.44871,0.0,0.0,0.0,0.0
2018-03-27 05:00:00,2018-03-27 06:00,2.18921,1.72879,0.0,0.003,0.45742,0.0,0.0,0.0,0.0
2018-03-27 06:00:00,2018-03-27 07:00,2.31472,1.81319,0.0,0.003,0.49853,0.0,0.0,0.0,0.0
2018-03-27 07:00:00,2018-03-27 08:00,2.62278,1.67413,0.0,0.42435,0.5243,0.0,0.0,0.0,0.0
2018-03-27 08:00:00,2018-03-27 09:00,2.66453,1.66116,0.0,0.4303,0.57307,0.0,0.0,0.0,0.0
2018-03-27 09:00:00,2018-03-27 10:00,2.65958,1.61882,0.0,0.43368,0.60708,0.0,0.0,0.0,0.0
2018-03-27 10:00:00,2018-03-27 11:00,2.61296,1.57595,0.0,0.44246,0.59455,0.0,0.0,0.0,0.0
2018-03-27 11:00:00,2018-03-27 12:00,2.46382,1.501,0.0,0.43098,0.53184,0.0,0.0,0.0,0.0
2018-03-27 12:00:00,2018-03-27 13:00,2.3097,1.41232,0.0,0.36404,0.53334,0.0,0.0,0.0,0.0
2018-03-27 13:00:00,2018-03-27 14:00,1.72174,1.24465,0.0,0.003,0.47409,0.0,0.0,0.0,0.0
2018-03-27 14:00:00,2018-03-27 15:00,1.43012,0.95313,0.0,0.003,0.47399,0.0,0.0,0.0,0.0
2018-03-27 15:00:00,2018-03-27 16:00,1.22115,0.74591,0.0,0.003,0.47224,0.0,0.0,0.0,0.0
2018-03-27 16:00:00,2018-03-27 17:00,1.08048,0.59165,0.0,0.003,0.48583,0.0,0.0,0.0,0.0
2018-03-27 17:00:00,2018-03-27 18:00,1.13033,0.53779,0.0,0.003,0.58954,0.0,0.0,0.0,0.0
2018-03-27 18:00:00,2018-03-27 19:00,1.18946,0.42949,0.0,0.003,0.75697,0.08058,0.0,0.0,0.08058
2018-03-27 19:00:00,2018-03-27 20:00,1.47188,0.63234,0.0,0.10828,0.73126,0.0,0.0,0.0,0.0
2018-03-27 20:00:00,2018-03-27 21:00,2.13539,0.46954,0.0,0.43467,1.23118,0.08058,0.0,0.0,0.08058
2018-03-27 21:00:00,2018-03-27 22:00,2.20448,0.80181,0.0,0.15177,1.2509,0.0,0.0,0.0,0.0
2018-03-27 22:00:00,2018-03-27 23:00,1.70446,1.04551,0.0,0.003,0.65595,0.0,0.0,0.0,0.0
2018-03-27 23:00:00,2018-03-28 00:00,1.6943,1.21839,0.0,0.003,0.47291,0.0,0.0,0.0,0.0
2018-03-28 00:00:00,2018-03-28 01:00,1.80761,1.33773,0.0,0.003,0.46688,0.0,0.0,0.0,0.0
2018-03-28 01:00:00,2018-03-28 02:00,1.88341,1.41784,0.0,0.003,0.46257,0.0,0.0,0.0,0.0
2018-03-28 02:00:00,2018-03-28 03:00,1.96838,1.50843,0.0,0.003,0.45695,0.0,0.0,0.0,0.0
2018-03-28 03:00:00,2018-03-28 04:00,2.01081,1.55315,0.0,0.003,0.45466,0.0,0.0,0.0,0.0
2018-03-28 04:00:00,2018-03-28 05:00,2.00076,1.54907,0.0,0.003,0.44869,0.0,0.0,0.0,0.0
2018-03-28 05:00:00,2018-03-28 06:00,2.15379,1.58783,0.0,0.1101,0.45586,0.0,0.0,0.0,0.0
2018-03-28 06:00:00,2018-03-28 07:00,2.63962,1.55988,0.0,0.43286,0.64688,0.05433,0.0,0.0,0.05433
2018-03-28 07:00:00,2018-03-28 08:00,2.31662,1.47763,0.0,0.19994,0.63905,0.0,0.0,0.0,0.0
2018-03-28 08:00:00,2018-03-28 09:00,1.94503,1.30276,0.0,0.003,0.63927,0.0,0.0,0.0,0.0
2018-03-28 09:00:00,2018-03-28 10:00,1.98438,1.06067,0.0,0.31662,0.60709,0.0,0.0,0.0,0.0
2018-03-28 10:00:00,2018-03-28 11:00,2.01921,0.98454,0.0,0.43331,0.60136,0.0,0.0,0.0,0.0
2018-03-28 11:00:00,2018-03-28 12:00,1.88598,0.85114,0.0,0.43559,0.59925,0.0,0.0,0.0,0.0
2018-03-28 12:00:00,2018-03-28 13:00,1.3741,0.70705,0.0,0.09971,0.56734,0.0,0.0,0.0,0.0
2018-03-28 13:00:00,2018-03-28 14:00,1.12814,0.55491,0.0,0.003,0.57023,0.02622,0.0,0.0,0.02622
2018-03-28 14:00:00,2018-03-28 15:00,1.09703,0.5479,0.0,0.003,0.54613,0.0,0.0,0.0,0.0
2018-03-28 15:00:00,2018-03-28 16:00,1.47331,0.49628,0.0,0.42373,0.5533,0.0,0.0,0.0,0.0
2018-03-28 16:00:00,2018-03-28 17:00,1.30621,0.45483,0.0,0.26804,0.58334,0.0,0.0,0.0,0.0
2018-03-28 17:00:00,2018-03-28 18:00,1.15759,0.47234,0.0,0.003,0.68225,0.0,0.0,0.0,0.0
2018-03-28 18:00:00,2018-03-28 19:00,1.28611,0.64173,0.0,0.003,0.64138,0.0,0.0,0.0,0.0
2018-03-28 19:00:00,2018-03-28 20:00,1.55867,0.60619,0.0,0.1084,0.84408,0.0,0.0,0.0,0.0
2018-03-28 20:00:00,2018-03-28 21:00,2.27024,0.58701,0.0,0.2996,1.38363,0.0,0.0,0.0,0.0
2018-03-28 21:00:00,2018-03-28 22:00,2.13201,0.85238,0.0,0.003,1.27663,0.0,0.0,0.0,0.0
2018-03-28 22:00:00,2018-03-28 23:00,3.82381,1.25676,0.0,0.003,2.56405,0.0,0.0,0.0,0.0
2018-03-28 23:00:00,2018-03-29 00:00,2.20843,1.37351,0.0,0.003,0.83192,0.0,0.0,0.0,0.0
2018-03-29 00:00:00,2018-03-29 01:00,2.00226,1.53239,0.0,0.003,0.46687,0.0,0.0,0.0,0.0
2018-03-29 01:00:00,2018-03-29 02:00,2.1292,1.66363,0.0,0.003,0.46257,0.0,0.0,0.0,0.0
2018-03-29 02:00:00,2018-03-29 03:00,2.20932,1.74937,0.0,0.003,0.45695,0.0,0.0,0.0,0.0
2018-03-29 03:00:00,2018-03-29 04:00,2.33476,1.87709,0.0,0.003,0.45467,0.0,0.0,0.0,0.0
2018-03-29 04:00:00,2018-03-29 05:00,2.65536,2.09454,0.0,0.11112,0.4497,0.0,0.0,0.0,0.0
2018-03-29 05:00:00,2018-03-29 06:00,3.01041,2.17842,0.0,0.37017,0.46182,0.0,0.0,0.0,0.0
2018-03-29 06:00:00,2018-03-29 07:00,2.96384,2.42795,0.0,0.003,0.53289,0.0,0.0,0.0,0.0
2018-03-29 07:00:00,2018-03-29 08:00,3.29894,2.26541,0.0,0.41729,0.61624,0.0,0.0,0.0,0.0
2018-03-29 08:00:00,2018-03-29 09:00,3.17192,2.0632,0.0,0.42424,0.68448,0.0,0.0,0.0,0.0
2018-03-29 09:00:00,2018-03-29 10:00,3.57206,1.9005,0.0,0.42979,1.24177,0.0,0.0,0.0,0.0
2018-03-29 10:00:00,2018-03-29 11:00,2.77417,1.67431,0.0,0.43133,0.66853,0.0,0.0,0.0,0.0
2018-03-29 11:00:00,2018-03-29 12:00,2.43525,1.437,0.0,0.43591,0.56234,0.0,0.0,0.0,0.0
2018-03-29 12:00:00,2018-03-29 13:00,1.86883,1.36099,0.0,0.03487,0.47297,0.0,0.0,0.0,0.0
2018-03-29 13:00:00,2018-03-29 14:00,1.72853,1.25143,0.0,0.003,0.4741,0.0,0.0,0.0,0.0
2018-03-29 14:00:00,2018-03-29 15:00,1.63993,1.16293,0.0,0.003,0.474,0.0,0.0,0.0,0.0
2018-03-29 15:00:00,2018-03-29 16:00,1.6942,1.0452,0.0,0.10765,0.54135,0.0,0.0,0.0,0.0
2018-03-29 16:00:00,2018-03-29 17:00,1.88145,0.85621,0.0,0.43064,0.5946,0.01124,0.0,0.0,0.01124
2018-03-29 17:00:00,2018-03-29 18:00,1.68129,0.74117,0.0,0.19783,0.74229,0.01498,0.0,0.0,0.01498
2018-03-29 18:00:00,2018-03-29 19:00,1.85203,0.85631,0.0,0.003,0.99272,0.0,0.0,0.0,0.0
2018-03-29 19:00:00,2018-03-29 20:00,2.23639,0.79634,0.0,0.311,1.12905,0.0,0.0,0.0,0.0
2018-03-29 20:00:00,2018-03-29 21:00,2.63296,0.81712,0.0,0.43222,1.38362,0.0,0.0,0.0,0.0
2018-03-29 21:00:00,2018-03-29 22:00,2.12642,0.91187,0.0,0.07483,1.13972,0.0,0.0,0.0,0.0
2018-03-29 22:00:00,2018-03-29 23:00,1.83207,1.12334,0.0,0.003,0.70573,0.0,0.0,0.0,0.0
2018-03-29 23:00:00,2018-03-30 00:00,1.80565,1.26912,0.0,0.003,0.53353,0.0,0.0,0.0,0.0
2018-03-30 00:00:00,2018-03-30 01:00,1.87214,1.38896,0.0,0.003,0.48018,0.0,0.0,0.0,0.0
2018-03-30 01:00:00,2018-03-30 02:00,2.27481,1.48657,0.0,0.32277,0.46547,0.0,0.0,0.0,0.0
2018-03-30 02:00:00,2018-03-30 03:00,2.16318,1.55567,0.0,0.15056,0.45695,0.0,0.0,0.0,0.0
2018-03-30 03:00:00,2018-03-30 04:00,2.14418,1.68671,0.0,0.003,0.45447,0.0,0.0,0.0,0.0
2018-03-30 04:00:00,2018-03-30 05:00,2.30131,1.84981,0.0,0.003,0.4485,0.0,0.0,0.0,0.0
2018-03-30 05:00:00,2018-03-30 06:00,2.48254,2.03131,0.0,0.003,0.44823,0.0,0.0,0.0,0.0
2018-03-30 06:00:00,2018-03-30 07:00,2.95671,2.23183,0.0,0.21298,0.5119,0.0,0.0,0.0,0.0
2018-03-30 07:00:00,2018-03-30 08:00,2.98594,1.99995,0.0,0.427,0.55899,0.0,0.0,0.0,0.0
2018-03-30 08:00:00,2018-03-30 09:00,2.76618,1.79508,0.0,0.42671,0.54439,0.0,0.0,0.0,0.0
2018-03-30 09:00:00,2018-03-30 10:00,2.34152,1.52115,0.0,0.30306,0.51731,0.0,0.0,0.0,0.0
2018-03-30 10:00:00,2018-03-30 11:00,1.8248,1.35456,0.0,0.003,0.46724,0.0,0.0,0.0,0.0
2018-03-30 11:00:00,2018-03-30 12:00,1.73736,1.24625,0.0,0.003,0.48811,0.0,0.0,0.0,0.0
2018-03-30 12:00:00,2018-03-30 13:00,1.7901,1.24669,0.0,0.003,0.54041,0.0,0.0,0.0,0.0
2018-03-30 13:00:00,2018-03-30 14:00,1.85366,1.0119,0.0,0.20835,0.63341,0.05433,0.0,0.0,0.05433
2018-03-30 14:00:00,2018-03-30 15:00,2.09395,1.12475,0.0,0.43106,0.53814,0.0,0.0,0.0,0.0
2018-03-30 15:00:00,2018-03-30 16:00,1.58596,1.08903,0.0,0.02469,0.47224,0.0,0.0,0.0,0.0
2018-03-30 16:00:00,2018-03-30 17:00,1.46673,0.97789,0.0,0.003,0.48584,0.0,0.0,0.0,0.0
2018-03-30 17:00:00,2018-03-30 18:00,1.5862,0.97815,0.0,0.003,0.60505,0.0,0.0,0.0,0.0
2018-03-30 18:00:00,2018-03-30 19:00,1.9078,1.10868,0.0,0.003,0.79612,0.0,0.0,0.0,0.0
2018-03-30 19:00:00,2018-03-30 20:00,2.30671,1.05183,0.0,0.42297,0.83191,0.0,0.0,0.0,0.0
2018-03-30 20:00:00,2018-03-30 21:00,2.60805,1.07457,0.0,0.21445,1.31903,0.0,0.0,0.0,0.0
2018-03-30 21:00:00,2018-03-30 22:00,4.14698,1.22359,0.0,0.003,2.92039,0.0,0.0,0.0,0.0
2018-03-30 22:00:00,2018-03-30 23:00,2.02298,1.31426,0.0,0.003,0.70572,0.0,0.0,0.0,0.0
2018-03-30 23:00:00,2018-03-31 00:00,2.08306,1.52324,0.0,0.003,0.55682,0.0,0.0,0.0,0.0
2018-03-31 00:00:00,2018-03-31 01:00,2.46222,1.65298,0.0,0.32601,0.48323,0.0,0.0,0.0,0.0
2018-03-31 01:00:00,2018-03-31 02:00,2.21144,1.66727,0.0,0.07668,0.46749,0.0,0.0,0.0,0.0
2018-03-31 02:00:00,2018-03-31 03:00,2.07111,1.61148,0.0,0.003,0.45663,0.0,0.0,0.0,0.0
2018-03-31 03:00:00,2018-03-31 04:00,2.3713,1.47968,0.0,0.4258,0.46582,0.01124,0.0,0.0,0.01124
2018-03-31 04:00:00,2018-03-31 05:00,1.96371,1.496,0.0,0.003,0.46471,0.01498,0.0,0.0,0.01498
2018-03-31 05:00:00,2018-03-31 06:00,2.21288,1.74836,0.0,0.003,0.46152,0.0,0.0,0.0,0.0
2018-03-31 06:00:00,2018-03-31 07:00,2.64731,2.11734,0.0,0.003,0.52697,0.0,0.0,0.0,0.0
2018-03-31 07:00:00,2018-03-31 08:00,2.80012,2.22344,0.0,0.003,0.57368,0.01124,0.0,0.0,0.01124
2018-03-31 08:00:00,2018-03-31 09:00,3.03358,1.91083,0.0,0.39705,0.7257,0.11242,0.0,0.0,0.11242
2018-03-31 09:00:00,2018-03-31 10:00,2.81241,2.12332,0.0,0.003,0.68609,0.03935,0.0,0.0,0.03935
2018-03-31 10:00:00,2018-03-31 11:00,3.06714,2.26941,0.0,0.003,0.79473,0.0,0.0,0.0,0.0
2018-03-31 11:00:00,2018-03-31 12:00,3.38974,2.31881,0.0,0.32307,0.74786,0.0,0.0,0.0,0.0
2018-03-31 12:00:00,2018-03-31 13:00,3.0931,2.19692,0.0,0.16713,0.72905,0.0,0.0,0.0,0.0
2018-03-31 13:00:00,2018-03-31 14:00,2.79134,1.99342,0.0,0.003,0.79492,0.01124,0.0,0.0,0.01124
2018-03-31 14:00:00,2018-03-31 15:00,4.75744,2.03087,0.0,0.42431,2.30226,0.01498,0.0,0.0,0.01498
2018-03-31 15:00:00,2018-03-31 16:00,4.67005,1.9875,0.0,0.30101,2.38154,0.0,0.0,0.0,0.0
2018-03-31 16:00:00,2018-03-31 17:00,2.94009,1.96455,0.0,0.003,0.97254,0.0,0.0,0.0,0.0
2018-03-31 17:00:00,2018-03-31 18:00,3.26291,2.13321,0.0,0.10549,1.02421,0.0,0.0,0.0,0.0
2018-03-31 18:00:00,2018-03-31 19:00,3.94115,2.31638,0.0,0.40056,1.22421,0.0,0.0,0.0,0.0
2018-03-31 19:00:00,2018-03-31 20:00,3.79102,2.4391,0.0,0.003,1.34892,0.0,0.0,0.0,0.0
2018-03-31 20:00:00,2018-03-31 21:00,3.98872,2.70792,0.0,0.003,1.2778,0.0,0.0,0.0,0.0
2018-03-31 21:00:00,2018-03-31 22:00,3.87841,2.96682,0.0,0.003,0.90859,0.0,0.0,0.0,0.0
2018-03-31 22:00:00,2018-03-31 23:00,3.84312,3.23708,0.0,0.003,0.60304,0.0,0.0,0.0,0.0
2018-03-31 23:00:00,2018-04-01 00:00,3.74729,3.22427,0.0,0.003,0.52002,0.0,0.0,0.0,0.0
2018-04-01 00:00:00,2018-04-01 01:00,3.75493,3.26956,0.0,0.003,0.48237,0.0,0.0,0.0,0.0
2018-04-01 01:00:00,2018-04-01 02:00,4.26319,3.36751,0.0,0.42904,0.46664,0.0,0.0,0.0,0.0
2018-04-01 02:00:00,2018-04-01 03:00,3.90745,3.42899,0.0,0.02272,0.45574,0.0,0.0,0.0,0.0
2018-04-01 03:00:00,2018-04-01 04:00,3.94836,3.49268,0.0,0.003,0.45268,0.0,0.0,0.0,0.0
2018-04-01 04:00:00,2018-04-01 05:00,3.98067,3.5282,0.0,0.003,0.44947,0.0,0.0,0.0,0.0
2018-04-01 05:00:00,2018-04-01 06:00,4.09391,3.64194,0.0,0.003,0.44897,0.0,0.0,0.0,0.0
2018-04-01 06:00:00,2018-04-01 07:00,4.755,3.92572,0.0,0.31858,0.5107,0.0,0.0,0.0,0.0
2018-04-01 07:00:00,2018-04-01 08:00,4.23878,3.57633,0.0,0.13822,0.52423,0.0,0.0,0.0,0.0
2018-04-01 08:00:00,2018-04-01 09:00,3.79955,3.24192,0.0,0.003,0.55463,0.0,0.0,0.0,0.0
2018-04-01 09:00:00,2018-04-01 10:00,4.09918,2.98541,0.0,0.41667,0.6971,0.0,0.0,0.0,0.0
2018-04-01 10:00:00,2018-04-01 11:00,3.63056,2.67285,0.0,0.23609,0.72162,0.01124,0.0,0.0,0.01124
2018-04-01 11:00:00,2018-04-01 12:00,2.92367,2.06876,0.0,0.003,0.85191,0.06745,0.0,0.0,0.06745
2018-04-01 12:00:00,2018-04-01 13:00,2.79351,1.96686,0.0,0.003,0.82365,0.0,0.0,0.0,0.0
2018-04-01 13:00:00,2018-04-01 14:00,4.60573,1.90796,0.0,0.003,2.69477,0.0,0.0,0.0,0.0
2018-04-01 14:00:00,2018-04-01 15:00,3.71946,1.6072,0.0,0.42857,1.68369,0.0,0.0,0.0,0.0
2018-04-01 15:00:00,2018-04-01 16:00,2.63532,1.41925,0.0,0.32313,0.89294,0.0,0.0,0.0,0.0
2018-04-01 16:00:00,2018-04-01 17:00,2.22262,1.27876,0.0,0.003,0.94086,0.0,0.0,0.0,0.0
2018-04-01 17:00:00,2018-04-01 18:00,2.66848,1.24723,0.0,0.42525,0.996,0.0,0.0,0.0,0.0
2018-04-01 18:00:00,2018-04-01 19:00,2.5471,1.44949,0.0,0.03136,1.06625,0.0,0.0,0.0,0.0
2018-04-01 19:00:00,2018-04-01 20:00,2.71109,1.36785,0.0,0.20818,1.13506,0.0,0.0,0.0,0.0
2018-04-01 20:00:00,2018-04-01 21:00,2.95952,1.45967,0.0,0.3922,1.10765,0.0,0.0,0.0,0.0
2018-04-01 21:00:00,2018-04-01 22:00,2.50537,1.60739,0.0,0.003,0.89498,0.0,0.0,0.0,0.0
2018-04-01 22:00:00,2018-04-01 23:00,2.55972,1.82347,0.0,0.003,0.73325,0.0,0.0,0.0,0.0
2018-04-01 23:00:00,2018-04-02 00:00,2.5099,1.98035,0.0,0.003,0.52655,0.0,0.0,0.0,0.0
2018-04-02 00:00:00,2018-04-02 01:00,2.57413,2.09182,0.0,0.003,0.47931,0.0,0.0,0.0,0.0
2018-04-02 01:00:00,2018-04-02 02:00,2.64339,2.17711,0.0,0.003,0.46328,0.0,0.0,0.0,0.0
2018-04-02 02:00:00,2018-04-02 03:00,2.68156,2.22208,0.0,0.003,0.45648,0.0,0.0,0.0,0.0
2018-04-02 03:00:00,2018-04-02 04:00,2.64494,2.18774,0.0,0.003,0.4542,0.0,0.0,0.0,0.0
2018-04-02 04:00:00,2018-04-02 05:00,2.64294,2.19171,0.0,0.003,0.44823,0.0,0.0,0.0,0.0
2018-04-02 05:00:00,2018-04-02 06:00,2.75123,2.29686,0.0,0.003,0.45137,0.0,0.0,0.0,0.0
2018-04-02 06:00:00,2018-04-02 07:00,3.4336,2.4559,0.0,0.43425,0.54345,0.0,0.0,0.0,0.0
2018-04-02 07:00:00,2018-04-02 08:00,2.92033,2.15457,0.0,0.27121,0.49455,0.0,0.0,0.0,0.0
2018-04-02 08:00:00,2018-04-02 09:00,2.62985,1.97951,0.0,0.003,0.64734,0.0,0.0,0.0,0.0
2018-04-02 09:00:00,2018-04-02 10:00,3.67399,1.87168,0.0,0.003,1.79931,0.0,0.0,0.0,0.0
2018-04-02 10:00:00,2018-04-02 11:00,2.67589,1.57915,0.0,0.20737,0.88937,0.0,0.0,0.0,0.0
2018-04-02 11:00:00,2018-04-02 12:00,2.40225,1.44429,0.0,0.42978,0.52818,0.0,0.0,0.0,0.0
2018-04-02 12:00:00,2018-04-02 13:00,2.34745,1.63211,0.0,0.20139,0.51395,0.0,0.0,0.0,0.0
2018-04-02 13:00:00,2018-04-02 14:00,2.22678,1.75004,0.0,0.003,0.47374,0.0,0.0,0.0,0.0
2018-04-02 14:00:00,2018-04-02 15:00,2.14526,1.66125,0.0,0.003,0.48101,0.0,0.0,0.0,0.0
2018-04-02 15:00:00,2018-04-02 16:00,2.13135,1.58022,0.0,0.003,0.54813,0.0,0.0,0.0,0.0
2018-04-02 16:00:00,2018-04-02 17:00,2.57863,1.48618,0.0,0.42338,0.66907,0.03935,0.0,0.0,0.03935
2018-04-02 17:00:00,2018-04-02 18:00,2.66791,1.50913,0.0,0.43254,0.72624,0.01312,0.0,0.0,0.01312
2018-04-02 18:00:00,2018-04-02 19:00,2.62907,1.62205,0.0,0.20251,0.80451,0.0,0.0,0.0,0.0
2018-04-02 19:00:00,2018-04-02 20:00,2.41951,1.55081,0.0,0.003,0.8657,0.0,0.0,0.0,0.0
2018-04-02 20:00:00,2018-04-02 21:00,2.81086,1.55234,0.0,0.003,1.25552,0.0,0.0,0.0,0.0
2018-04-02 21:00:00,2018-04-02 22:00,2.58266,1.66381,0.0,0.003,0.91585,0.0,0.0,0.0,0.0
2018-04-02 22:00:00,2018-04-02 23:00,2.90603,1.76519,0.0,0.41905,0.72179,0.0,0.0,0.0,0.0
2018-04-02 23:00:00,2018-04-03 00:00,2.68599,1.76748,0.0,0.3984,0.52011,0.0,0.0,0.0,0.0
2018-04-03 00:00:00,2018-04-03 01:00,2.21232,1.74296,0.0,0.003,0.46636,0.0,0.0,0.0,0.0
2018-04-03 01:00:00,2018-04-03 02:00,2.19094,1.72515,0.0,0.003,0.46279,0.0,0.0,0.0,0.0
2018-04-03 02:00:00,2018-04-03 03:00,2.24084,1.7814,0.0,0.003,0.45644,0.0,0.0,0.0,0.0
2018-04-03 03:00:00,2018-04-03 04:00,2.29816,1.84096,0.0,0.003,0.4542,0.0,0.0,0.0,0.0
2018-04-03 04:00:00,2018-04-03 05:00,2.31863,1.86644,0.0,0.003,0.44919,0.0,0.0,0.0,0.0
2018-04-03 05:00:00,2018-04-03 06:00,2.37506,1.91918,0.0,0.003,0.45288,0.0,0.0,0.0,0.0
2018-04-03 06:00:00,2018-04-03 07:00,3.04118,2.06842,0.0,0.42379,0.54897,0.0,0.0,0.0,0.0
2018-04-03 07:00:00,2018-04-03 08:00,2.92462,1.94841,0.0,0.40509,0.57112,0.0,0.0,0.0,0.0
2018-04-03 08:00:00,2018-04-03 09:00,2.89762,1.97387,0.0,0.42838,0.49537,0.0,0.0,0.0,0.0
2018-04-03 09:00:00,2018-04-03 10:00,2.55784,1.92998,0.0,0.15386,0.474,0.0,0.0,0.0,0.0
2018-04-03 10:00:00,2018-04-03 11:00,2.32041,1.85047,0.0,0.003,0.46694,0.0,0.0,0.0,0.0
2018-04-03 11:00:00,2018-04-03 12:00,2.30008,1.81051,0.0,0.003,0.48657,0.0,0.0,0.0,0.0
2018-04-03 12:00:00,2018-04-03 13:00,2.57671,1.71982,0.0,0.32047,0.53642,0.0,0.0,0.0,0.0
2018-04-03 13:00:00,2018-04-03 14:00,2.6965,1.68517,0.0,0.41397,0.59736,0.0,0.0,0.0,0.0
2018-04-03 14:00:00,2018-04-03 15:00,2.59693,1.62844,0.0,0.39892,0.56957,0.0,0.0,0.0,0.0
2018-04-03 15:00:00,2018-04-03 16:00,2.13329,1.58215,0.0,0.003,0.54814,0.0,0.0,0.0,0.0
2018-04-03 16:00:00,2018-04-03 17:00,2.1309,1.44568,0.0,0.003,0.68222,0.05247,0.0,0.0,0.05247
2018-04-03 17:00:00,2018-04-03 18:00,2.45947,1.74336,0.0,0.003,0.71311,0.0,0.0,0.0,0.0
2018-04-03 18:00:00,2018-04-03 19:00,2.96819,2.08017,0.0,0.003,0.88502,0.0,0.0,0.0,0.0
2018-04-03 19:00:00,2018-04-03 20:00,3.52888,2.03563,0.0,0.43783,1.05542,0.0,0.0,0.0,0.0
2018-04-03 20:00:00,2018-04-03 21:00,3.43603,2.26577,0.0,0.06497,1.10529,0.0,0.0,0.0,0.0
2018-04-03 21:00:00,2018-04-03 22:00,3.35695,2.50105,0.0,0.003,0.8529,0.0,0.0,0.0,0.0
2018-04-03 22:00:00,2018-04-03 23:00,3.15107,2.64227,0.0,0.003,0.5058,0.0,0.0,0.0,0.0
2018-04-03 23:00:00,2018-04-04 00:00,3.22196,2.74665,0.0,0.003,0.47231,0.0,0.0,0.0,0.0
2018-04-04 00:00:00,2018-04-04 01:00,3.48818,2.65253,0.0,0.36929,0.46636,0.0,0.0,0.0,0.0
2018-04-04 01:00:00,2018-04-04 02:00,3.1333,2.66822,0.0,0.003,0.46208,0.0,0.0,0.0,0.0
2018-04-04 02:00:00,2018-04-04 03:00,3.42836,2.96889,0.0,0.003,0.45647,0.0,0.0,0.0,0.0
2018-04-04 03:00:00,2018-04-04 04:00,3.7779,3.32068,0.0,0.003,0.45422,0.0,0.0,0.0,0.0
2018-04-04 04:00:00,2018-04-04 05:00,4.07976,3.62757,0.0,0.003,0.44919,0.0,0.0,0.0,0.0
2018-04-04 05:00:00,2018-04-04 06:00,4.45462,3.77735,0.0,0.21695,0.46032,0.0,0.0,0.0,0.0
2018-04-04 06:00:00,2018-04-04 07:00,4.85201,4.05744,0.0,0.25251,0.54206,0.02622,0.0,0.0,0.02622
2018-04-04 07:00:00,2018-04-04 08:00,4.40105,3.89585,0.0,0.003,0.5022,0.0,0.0,0.0,0.0
2018-04-04 08:00:00,2018-04-04 09:00,4.07195,3.58513,0.0,0.003,0.48382,0.0,0.0,0.0,0.0
2018-04-04 09:00:00,2018-04-04 10:00,3.80207,3.09712,0.0,0.10544,0.59951,0.0,0.0,0.0,0.0
2018-04-04 10:00:00,2018-04-04 11:00,3.56954,2.57454,0.0,0.40733,0.58767,0.0,0.0,0.0,0.0
2018-04-04 11:00:00,2018-04-04 12:00,3.14716,2.19367,0.0,0.41877,0.53472,0.0,0.0,0.0,0.0
2018-04-04 12:00:00,2018-04-04 13:00,2.7783,1.94695,0.0,0.25324,0.57811,0.0,0.0,0.0,0.0
2018-04-04 13:00:00,2018-04-04 14:00,2.32949,1.75963,0.0,0.003,0.56686,0.0,0.0,0.0,0.0
2018-04-04 14:00:00,2018-04-04 15:00,2.18402,1.70741,0.0,0.003,0.47361,0.0,0.0,0.0,0.0
2018-04-04 15:00:00,2018-04-04 16:00,2.23224,1.64405,0.0,0.10759,0.4806,0.0,0.0,0.0,0.0
2018-04-04 16:00:00,2018-04-04 17:00,2.50279,1.498,0.0,0.42977,0.57502,0.0,0.0,0.0,0.0
2018-04-04 17:00:00,2018-04-04 18:00,2.16698,1.34113,0.0,0.03693,0.78892,0.02622,0.0,0.0,0.02622
2018-04-04 18:00:00,2018-04-04 19:00,2.57758,1.57397,0.0,0.003,1.00061,0.0,0.0,0.0,0.0
2018-04-04 19:00:00,2018-04-04 20:00,2.57736,1.43006,0.0,0.1068,1.0405,0.02622,0.0,0.0,0.02622
2018-04-04 20:00:00,2018-04-04 21:00,3.05435,1.68364,0.0,0.28549,1.08522,0.0,0.0,0.0,0.0
2018-04-04 21:00:00,2018-04-04 22:00,2.93042,1.84785,0.0,0.003,1.07957,0.0,0.0,0.0,0.0
2018-04-04 22:00:00,2018-04-04 23:00,4.78092,2.26065,0.0,0.003,2.51727,0.0,0.0,0.0,0.0
2018-04-04 23:00:00,2018-04-05 00:00,3.84986,2.45914,0.0,0.003,1.38772,0.0,0.0,0.0,0.0
2018-04-05 00:00:00,2018-04-05 01:00,3.0065,2.53715,0.0,0.003,0.46635,0.0,0.0,0.0,0.0
2018-04-05 01:00:00,2018-04-05 02:00,3.52079,2.68585,0.0,0.37285,0.46209,0.0,0.0,0.0,0.0
2018-04-05 02:00:00,2018-04-05 03:00,3.29908,2.83961,0.0,0.003,0.45647,0.0,0.0,0.0,0.0
2018-04-05 03:00:00,2018-04-05 04:00,3.37865,2.92144,0.0,0.003,0.45421,0.0,0.0,0.0,0.0
2018-04-05 04:00:00,2018-04-05 05:00,3.47057,3.01838,0.0,0.003,0.44919,0.0,0.0,0.0,0.0
2018-04-05 05:00:00,2018-04-05 06:00,4.12044,3.22445,0.0,0.42443,0.47156,0.0,0.0,0.0,0.0
2018-04-05 06:00:00,2018-04-05 07:00,4.58653,3.6054,0.0,0.41735,0.56378,0.0,0.0,0.0,0.0
2018-04-05 07:00:00,2018-04-05 08:00,4.33306,3.36847,0.0,0.41486,0.54973,0.0,0.0,0.0,0.0
2018-04-05 08:00:00,2018-04-05 09:00,4.06056,3.03979,0.0,0.42839,0.59238,0.0,0.0,0.0,0.0
2018-04-05 09:00:00,2018-04-05 10:00,3.41846,2.42292,0.0,0.42436,0.57118,0.0,0.0,0.0,0.0
2018-04-05 10:00:00,2018-04-05 11:00,2.5792,1.96372,0.0,0.14854,0.46694,0.0,0.0,0.0,0.0
2018-04-05 11:00:00,2018-04-05 12:00,2.06078,1.53185,0.0,0.003,0.52593,0.03935,0.0,0.0,0.03935
2018-04-05 12:00:00,2018-04-05 13:00,1.59331,0.94148,0.0,0.003,0.64883,0.11242,0.0,0.0,0.11242
2018-04-05 13:00:00,2018-04-05 14:00,1.95947,0.96891,0.0,0.41636,0.5742,0.03373,0.0,0.0,0.03373
2018-04-05 14:00:00,2018-04-05 15:00,2.00994,0.92037,0.0,0.35,0.73957,0.01124,0.0,0.0,0.01124
2018-04-05 15:00:00,2018-04-05 16:00,2.8064,0.79618,0.0,0.003,2.00722,0.01498,0.0,0.0,0.01498
2018-04-05 16:00:00,2018-04-05 17:00,3.65738,0.8039,0.0,0.003,2.85048,0.0,0.0,0.0,0.0
2018-04-05 17:00:00,2018-04-05 18:00,3.72869,0.84391,0.0,0.003,2.88178,0.0,0.0,0.0,0.0
2018-04-05 18:00:00,2018-04-05 19:00,2.45781,0.98533,0.0,0.21291,1.25957,0.0,0.0,0.0,0.0
2018-04-05 19:00:00,2018-04-05 20:00,2.03712,0.98104,0.0,0.2103,0.84578,0.0,0.0,0.0,0.0
2018-04-05 20:00:00,2018-04-05 21:00,2.39192,1.05337,0.0,0.31319,1.02536,0.0,0.0,0.0,0.0
2018-04-05 21:00:00,2018-04-05 22:00,2.41966,1.14095,0.0,0.21209,1.06662,0.0,0.0,0.0,0.0
2018-04-05 22:00:00,2018-04-05 23:00,1.98558,1.35951,0.0,0.003,0.62307,0.0,0.0,0.0,0.0
2018-04-05 23:00:00,2018-04-06 00:00,2.09133,1.57362,0.0,0.003,0.51471,0.0,0.0,0.0,0.0
2018-04-06 00:00:00,2018-04-06 01:00,2.24209,1.7671,0.0,0.003,0.47199,0.0,0.0,0.0,0.0
2018-04-06 01:00:00,2018-04-06 02:00,2.43573,1.97064,0.0,0.003,0.46209,0.0,0.0,0.0,0.0
2018-04-06 02:00:00,2018-04-06 03:00,2.60518,2.14571,0.0,0.003,0.45647,0.0,0.0,0.0,0.0
2018-04-06 03:00:00,2018-04-06 04:00,2.80467,2.34765,0.0,0.003,0.45402,0.0,0.0,0.0,0.0
2018-04-06 04:00:00,2018-04-06 05:00,3.20285,2.64622,0.0,0.10805,0.44858,0.0,0.0,0.0,0.0
2018-04-06 05:00:00,2018-04-06 06:00,3.62764,2.83497,0.0,0.34345,0.44922,0.0,0.0,0.0,0.0
2018-04-06 06:00:00,2018-04-06 07:00,3.76454,3.26404,0.0,0.003,0.4975,0.0,0.0,0.0,0.0
2018-04-06 07:00:00,2018-04-06 08:00,4.03123,3.41866,0.0,0.003,0.60957,0.02622,0.0,0.0,0.02622
2018-04-06 08:00:00,2018-04-06 09:00,4.58148,3.61521,0.0,0.31334,0.65293,0.0,0.0,0.0,0.0
2018-04-06 09:00:00,2018-04-06 10:00,4.68671,3.62237,0.0,0.40834,0.656,0.0,0.0,0.0,0.0
2018-04-06 10:00:00,2018-04-06 11:00,4.47836,3.46643,0.0,0.41776,0.59417,0.0,0.0,0.0,0.0
2018-04-06 11:00:00,2018-04-06 12:00,4.20132,3.20832,0.0,0.4006,0.5924,0.0,0.0,0.0,0.0
2018-04-06 12:00:00,2018-04-06 13:00,3.54875,2.95153,0.0,0.003,0.59422,0.0,0.0,0.0,0.0
2018-04-06 13:00:00,2018-04-06 14:00,3.46832,2.92485,0.0,0.003,0.54047,0.0,0.0,0.0,0.0
2018-04-06 14:00:00,2018-04-06 15:00,3.35914,2.814,0.0,0.003,0.54214,0.0,0.0,0.0,0.0
2018-04-06 15:00:00,2018-04-06 16:00,3.16801,2.44905,0.0,0.10713,0.61183,0.02622,0.0,0.0,0.02622
2018-04-06 16:00:00,2018-04-06 17:00,3.49069,2.48521,0.0,0.43047,0.57501,0.0,0.0,0.0,0.0
2018-04-06 17:00:00,2018-04-06 18:00,3.37245,2.50898,0.0,0.21789,0.64558,0.0,0.0,0.0,0.0
2018-04-06 18:00:00,2018-04-06 19:00,3.5796,2.78322,0.0,0.10467,0.69171,0.0,0.0,0.0,0.0
2018-04-06 19:00:00,2018-04-06 20:00,4.0593,2.78541,0.0,0.41145,0.86244,0.0,0.0,0.0,0.0
2018-04-06 20:00:00,2018-04-06 21:00,3.90066,2.77207,0.0,0.003,1.12559,0.0,0.0,0.0,0.0
2018-04-06 21:00:00,2018-04-06 22:00,3.87686,2.79464,0.0,0.003,1.07922,0.0,0.0,0.0,0.0
2018-04-06 22:00:00,2018-04-06 23:00,3.66471,2.96149,0.0,0.003,0.70022,0.0,0.0,0.0,0.0
2018-04-06 23:00:00,2018-04-07 00:00,3.62196,3.14652,0.0,0.003,0.47244,0.0,0.0,0.0,0.0
2018-04-07 00:00:00,2018-04-07 01:00,3.77685,3.30625,0.0,0.003,0.4676,0.0,0.0,0.0,0.0
2018-04-07 01:00:00,2018-04-07 02:00,3.86659,3.40026,0.0,0.003,0.46333,0.0,0.0,0.0,0.0
2018-04-07 02:00:00,2018-04-07 03:00,3.81234,3.35163,0.0,0.003,0.45771,0.0,0.0,0.0,0.0
2018-04-07 03:00:00,2018-04-07 04:00,3.85232,3.39386,0.0,0.003,0.45546,0.0,0.0,0.0,0.0
2018-04-07 04:00:00,2018-04-07 05:00,4.22227,3.44944,0.0,0.32336,0.44947,0.0,0.0,0.0,0.0
2018-04-07 05:00:00,2018-04-07 06:00,3.97508,3.48802,0.0,0.03463,0.45243,0.0,0.0,0.0,0.0
2018-04-07 06:00:00,2018-04-07 07:00,4.30808,3.78042,0.0,0.003,0.52466,0.0,0.0,0.0,0.0
2018-04-07 07:00:00,2018-04-07 08:00,4.22701,3.49321,0.0,0.20956,0.52424,0.0,0.0,0.0,0.0
2018-04-07 08:00:00,2018-04-07 09:00,4.22055,3.19751,0.0,0.41812,0.60492,0.0,0.0,0.0,0.0
2018-04-07 09:00:00,2018-04-07 10:00,3.9654,2.83332,0.0,0.43499,0.69709,0.0,0.0,0.0,0.0
2018-04-07 10:00:00,2018-04-07 11:00,3.24661,2.46542,0.0,0.04802,0.73317,0.0,0.0,0.0,0.0
2018-04-07 11:00:00,2018-04-07 12:00,4.97503,2.22107,0.0,0.10531,2.64865,0.0,0.0,0.0,0.0
2018-04-07 12:00:00,2018-04-07 13:00,3.38997,1.86688,0.0,0.42412,1.09897,0.01124,0.0,0.0,0.01124
2018-04-07 13:00:00,2018-04-07 14:00,2.76348,1.44867,0.0,0.41678,0.89803,0.06745,0.0,0.0,0.06745
2018-04-07 14:00:00,2018-04-07 15:00,2.74065,1.46564,0.0,0.41642,0.85859,0.0,0.0,0.0,0.0
2018-04-07 15:00:00,2018-04-07 16:00,2.64403,1.32193,0.0,0.42915,0.89295,0.0,0.0,0.0,0.0
2018-04-07 16:00:00,2018-04-07 17:00,2.29835,1.26834,0.0,0.08915,0.94086,0.0,0.0,0.0,0.0
2018-04-07 17:00:00,2018-04-07 18:00,2.2425,1.2577,0.0,0.003,0.9818,0.0,0.0,0.0,0.0
2018-04-07 18:00:00,2018-04-07 19:00,2.2758,1.38622,0.0,0.003,0.88658,0.0,0.0,0.0,0.0
2018-04-07 19:00:00,2018-04-07 20:00,2.23709,1.34557,0.0,0.003,0.88852,0.0,0.0,0.0,0.0
2018-04-07 20:00:00,2018-04-07 21:00,2.85138,1.42871,0.0,0.31503,1.10764,0.0,0.0,0.0,0.0
2018-04-07 21:00:00,2018-04-07 22:00,2.73371,1.54015,0.0,0.19601,0.99755,0.0,0.0,0.0,0.0
2018-04-07 22:00:00,2018-04-07 23:00,2.48058,1.74432,0.0,0.003,0.73326,0.0,0.0,0.0,0.0
2018-04-07 23:00:00,2018-04-08 00:00,2.52945,1.96095,0.0,0.003,0.5655,0.0,0.0,0.0,0.0
2018-04-08 00:00:00,2018-04-08 01:00,2.65738,2.16563,0.0,0.003,0.48875,0.0,0.0,0.0,0.0
2018-04-08 01:00:00,2018-04-08 02:00,3.17576,2.4981,0.0,0.21103,0.46663,0.0,0.0,0.0,0.0
2018-04-08 02:00:00,2018-04-08 03:00,3.44554,2.61532,0.0,0.37322,0.457,0.0,0.0,0.0,0.0
2018-04-08 03:00:00,2018-04-08 04:00,3.22824,2.76978,0.0,0.003,0.45546,0.0,0.0,0.0,0.0
2018-04-08 04:00:00,2018-04-08 05:00,3.46918,3.01672,0.0,0.003,0.44946,0.0,0.0,0.0,0.0
2018-04-08 05:00:00,2018-04-08 06:00,3.58906,3.13709,0.0,0.003,0.44897,0.0,0.0,0.0,0.0
2018-04-08 06:00:00,2018-04-08 07:00,3.87203,3.3812,0.0,0.003,0.48783,0.0,0.0,0.0,0.0
2018-04-08 07:00:00,2018-04-08 08:00,3.67521,2.90408,0.0,0.20976,0.56137,0.01124,0.0,0.0,0.01124
2018-04-08 08:00:00,2018-04-08 09:00,3.48729,2.29915,0.0,0.43038,0.75776,0.01498,0.0,0.0,0.01498
2018-04-08 09:00:00,2018-04-08 10:00,3.09112,1.94349,0.0,0.42098,0.72665,0.0,0.0,0.0,0.0
2018-04-08 10:00:00,2018-04-08 11:00,2.6786,1.72825,0.0,0.24802,0.70233,0.0,0.0,0.0,0.0
2018-04-08 11:00:00,2018-04-08 12:00,2.62114,1.55725,0.0,0.003,1.06089,0.01124,0.0,0.0,0.01124
2018-04-08 12:00:00,2018-04-08 13:00,3.15085,1.47087,0.0,0.003,1.67698,0.01498,0.0,0.0,0.01498
2018-04-08 13:00:00,2018-04-08 14:00,2.68314,1.43987,0.0,0.42221,0.82106,0.0,0.0,0.0,0.0
2018-04-08 14:00:00,2018-04-08 15:00,2.66821,1.55499,0.0,0.35049,0.76273,0.0,0.0,0.0,0.0
2018-04-08 15:00:00,2018-04-08 16:00,2.43457,1.6067,0.0,0.003,0.82487,0.0,0.0,0.0,0.0
2018-04-08 16:00:00,2018-04-08 17:00,2.73337,1.57724,0.0,0.31178,0.84435,0.0,0.0,0.0,0.0
2018-04-08 17:00:00,2018-04-08 18:00,2.72662,1.45802,0.0,0.41492,0.85368,0.02622,0.0,0.0,0.02622
2018-04-08 18:00:00,2018-04-08 19:00,2.52682,1.69349,0.0,0.003,0.83033,0.0,0.0,0.0,0.0
2018-04-08 19:00:00,2018-04-08 20:00,2.54867,1.55771,0.0,0.003,0.98796,0.01124,0.0,0.0,0.01124
2018-04-08 20:00:00,2018-04-08 21:00,2.86077,1.58107,0.0,0.20894,1.07076,0.01498,0.0,0.0,0.01498
2018-04-08 21:00:00,2018-04-08 22:00,2.77708,1.79289,0.0,0.3721,0.61209,0.0,0.0,0.0,0.0
2018-04-08 22:00:00,2018-04-08 23:00,2.41754,1.85598,0.0,0.003,0.55856,0.0,0.0,0.0,0.0
2018-04-08 23:00:00,2018-04-09 00:00,2.38767,1.89151,0.0,0.003,0.49316,0.0,0.0,0.0,0.0
2018-04-09 00:00:00,2018-04-09 01:00,2.39106,1.92169,0.0,0.003,0.46637,0.0,0.0,0.0,0.0
2018-04-09 01:00:00,2018-04-09 02:00,2.41561,1.95053,0.0,0.003,0.46208,0.0,0.0,0.0,0.0
2018-04-09 02:00:00,2018-04-09 03:00,2.47543,2.01595,0.0,0.003,0.45648,0.0,0.0,0.0,0.0
2018-04-09 03:00:00,2018-04-09 04:00,2.51278,2.05556,0.0,0.003,0.45422,0.0,0.0,0.0,0.0
2018-04-09 04:00:00,2018-04-09 05:00,2.59746,2.14527,0.0,0.003,0.44919,0.0,0.0,0.0,0.0
2018-04-09 05:00:00,2018-04-09 06:00,2.91462,2.23503,0.0,0.2105,0.46909,0.0,0.0,0.0,0.0
2018-04-09 06:00:00,2018-04-09 07:00,3.41079,2.3832,0.0,0.43053,0.59706,0.0,0.0,0.0,0.0
2018-04-09 07:00:00,2018-04-09 08:00,3.29461,2.2377,0.0,0.43023,0.62668,0.0,0.0,0.0,0.0
2018-04-09 08:00:00,2018-04-09 09:00,3.09604,2.08352,0.0,0.42653,0.58599,0.0,0.0,0.0,0.0
2018-04-09 09:00:00,2018-04-09 10:00,2.50946,1.81943,0.0,0.1534,0.53663,0.0,0.0,0.0,0.0
2018-04-09 10:00:00,2018-04-09 11:00,2.04767,1.52056,0.0,0.003,0.52411,0.0,0.0,0.0,0.0
2018-04-09 11:00:00,2018-04-09 12:00,1.82331,1.35596,0.0,0.003,0.46435,0.0,0.0,0.0,0.0
2018-04-09 12:00:00,2018-04-09 13:00,1.88158,0.89909,0.0,0.32114,0.66135,0.09556,0.0,0.0,0.09556
2018-04-09 13:00:00,2018-04-09 14:00,1.75254,0.89249,0.0,0.21705,0.643,0.03561,0.0,0.0,0.03561
2018-04-09 14:00:00,2018-04-09 15:00,1.61099,1.0213,0.0,0.003,0.58669,0.0,0.0,0.0,0.0
2018-04-09 15:00:00,2018-04-09 16:00,1.6063,1.02744,0.0,0.003,0.57586,0.0,0.0,0.0,0.0
2018-04-09 16:00:00,2018-04-09 17:00,1.80073,0.92874,0.0,0.2133,0.65869,0.02622,0.0,0.0,0.02622
2018-04-09 17:00:00,2018-04-09 18:00,2.18041,1.04993,0.0,0.43295,0.69753,0.0,0.0,0.0,0.0
2018-04-09 18:00:00,2018-04-09 19:00,2.4429,1.21208,0.0,0.34582,0.885,0.0,0.0,0.0,0.0
2018-04-09 19:00:00,2018-04-09 20:00,2.14924,1.13196,0.0,0.003,1.01428,0.0,0.0,0.0,0.0
2018-04-09 20:00:00,2018-04-09 21:00,2.25128,1.12017,0.0,0.003,1.12811,0.0,0.0,0.0,0.0
2018-04-09 21:00:00,2018-04-09 22:00,4.19115,1.24471,0.0,0.003,2.94344,0.0,0.0,0.0,0.0
2018-04-09 22:00:00,2018-04-09 23:00,3.45144,1.31752,0.0,0.003,2.13092,0.0,0.0,0.0,0.0
2018-04-09 23:00:00,2018-04-10 00:00,1.90965,1.39193,0.0,0.003,0.51472,0.0,0.0,0.0,0.0
2018-04-10 00:00:00,2018-04-10 01:00,1.94106,1.46607,0.0,0.003,0.47199,0.0,0.0,0.0,0.0
2018-04-10 01:00:00,2018-04-10 02:00,1.98929,1.5242,0.0,0.003,0.46209,0.0,0.0,0.0,0.0
2018-04-10 02:00:00,2018-04-10 03:00,2.02137,1.56189,0.0,0.003,0.45648,0.0,0.0,0.0,0.0
2018-04-10 03:00:00,2018-04-10 04:00,2.06116,1.60396,0.0,0.003,0.4542,0.0,0.0,0.0,0.0
2018-04-10 04:00:00,2018-04-10 05:00,2.09068,1.63944,0.0,0.003,0.44824,0.0,0.0,0.0,0.0
2018-04-10 05:00:00,2018-04-10 06:00,2.11276,1.66203,0.0,0.003,0.44773,0.0,0.0,0.0,0.0
2018-04-10 06:00:00,2018-04-10 07:00,2.76254,1.79987,0.0,0.42473,0.53794,0.0,0.0,0.0,0.0
2018-04-10 07:00:00,2018-04-10 08:00,2.69495,1.72874,0.0,0.43647,0.52974,0.0,0.0,0.0,0.0
2018-04-10 08:00:00,2018-04-10 09:00,2.36892,1.7312,0.0,0.1664,0.47132,0.0,0.0,0.0,0.0
2018-04-10 09:00:00,2018-04-10 10:00,2.1525,1.67549,0.0,0.003,0.47401,0.0,0.0,0.0,0.0
2018-04-10 10:00:00,2018-04-10 11:00,2.0707,1.60077,0.0,0.003,0.46693,0.0,0.0,0.0,0.0
2018-04-10 11:00:00,2018-04-10 12:00,2.03167,1.56432,0.0,0.003,0.46435,0.0,0.0,0.0,0.0
2018-04-10 12:00:00,2018-04-10 13:00,2.02149,1.23855,0.0,0.21568,0.56726,0.07869,0.0,0.0,0.07869
2018-04-10 13:00:00,2018-04-10 14:00,2.01288,1.38943,0.0,0.14971,0.47374,0.0,0.0,0.0,0.0
2018-04-10 14:00:00,2018-04-10 15:00,1.76272,1.28612,0.0,0.003,0.4736,0.0,0.0,0.0,0.0
2018-04-10 15:00:00,2018-04-10 16:00,1.58763,1.11285,0.0,0.003,0.47178,0.0,0.0,0.0,0.0
2018-04-10 16:00:00,2018-04-10 17:00,1.63947,1.07471,0.0,0.003,0.56176,0.0,0.0,0.0,0.0
2018-04-10 17:00:00,2018-04-10 18:00,1.89183,0.84213,0.0,0.31068,0.73902,0.06745,0.0,0.0,0.06745
2018-04-10 18:00:00,2018-04-10 19:00,2.07996,0.8785,0.0,0.41783,0.78363,0.01124,0.0,0.0,0.01124
2018-04-10 19:00:00,2018-04-10 20:00,2.32083,0.89499,0.0,0.43626,0.98958,0.0,0.0,0.0,0.0
2018-04-10 20:00:00,2018-04-10 21:00,2.3846,0.96856,0.0,0.22373,1.19231,0.0,0.0,0.0,0.0
2018-04-10 21:00:00,2018-04-10 22:00,4.17891,1.17221,0.0,0.10812,2.89858,0.0,0.0,0.0,0.0
2018-04-10 22:00:00,2018-04-10 23:00,3.164,1.26636,0.0,0.31941,1.57823,0.0,0.0,0.0,0.0
2018-04-10 23:00:00,2018-04-11 00:00,1.81654,1.32302,0.0,0.003,0.49052,0.0,0.0,0.0,0.0
2018-04-11 00:00:00,2018-04-11 01:00,1.86319,1.39383,0.0,0.003,0.46636,0.0,0.0,0.0,0.0
2018-04-11 01:00:00,2018-04-11 02:00,1.95278,1.48767,0.0,0.003,0.46211,0.0,0.0,0.0,0.0
2018-04-11 02:00:00,2018-04-11 03:00,1.94424,1.48479,0.0,0.003,0.45645,0.0,0.0,0.0,0.0
2018-04-11 03:00:00,2018-04-11 04:00,1.94735,1.49013,0.0,0.003,0.45422,0.0,0.0,0.0,0.0
2018-04-11 04:00:00,2018-04-11 05:00,2.01619,1.564,0.0,0.003,0.44919,0.0,0.0,0.0,0.0
2018-04-11 05:00:00,2018-04-11 06:00,2.30244,1.62535,0.0,0.20936,0.46773,0.0,0.0,0.0,0.0
2018-04-11 06:00:00,2018-04-11 07:00,2.7823,1.75519,0.0,0.40796,0.61915,0.01124,0.0,0.0,0.01124
2018-04-11 07:00:00,2018-04-11 08:00,2.50134,1.42463,0.0,0.42029,0.65642,0.04123,0.0,0.0,0.04123
2018-04-11 08:00:00,2018-04-11 09:00,2.37218,1.40233,0.0,0.43823,0.53162,0.0,0.0,0.0,0.0
2018-04-11 09:00:00,2018-04-11 10:00,2.01963,1.18146,0.0,0.24805,0.59012,0.0,0.0,0.0,0.0
2018-04-11 10:00:00,2018-04-11 11:00,1.85035,0.95445,0.0,0.32414,0.57176,0.0,0.0,0.0,0.0
2018-04-11 11:00:00,2018-04-11 12:00,1.72638,0.88483,0.0,0.31968,0.52187,0.0,0.0,0.0,0.0
2018-04-11 12:00:00,2018-04-11 13:00,1.24929,0.77366,0.0,0.003,0.47263,0.0,0.0,0.0,0.0
2018-04-11 13:00:00,2018-04-11 14:00,1.13265,0.65592,0.0,0.003,0.47373,0.0,0.0,0.0,0.0
2018-04-11 14:00:00,2018-04-11 15:00,1.12707,0.59213,0.0,0.003,0.53194,0.0,0.0,0.0,0.0
2018-04-11 15:00:00,2018-04-11 16:00,1.27312,0.46547,0.0,0.21458,0.59307,0.02622,0.0,0.0,0.02622
2018-04-11 16:00:00,2018-04-11 17:00,1.51916,0.50028,0.0,0.44387,0.57501,0.0,0.0,0.0,0.0
2018-04-11 17:00:00,2018-04-11 18:00,1.44404,0.46216,0.0,0.29907,0.68281,0.01124,0.0,0.0,0.01124
2018-04-11 18:00:00,2018-04-11 19:00,1.24612,0.32516,0.0,0.003,0.91796,0.08058,0.0,0.0,0.08058
2018-04-11 19:00:00,2018-04-11 20:00,1.85324,0.34287,0.0,0.31476,1.19561,0.01312,0.0,0.0,0.01312
2018-04-11 20:00:00,2018-04-11 21:00,2.14744,0.42384,0.0,0.43812,1.28548,0.0,0.0,0.0,0.0
2018-04-11 21:00:00,2018-04-11 22:00,1.71902,0.48961,0.0,0.15018,1.07923,0.0,0.0,0.0,0.0
2018-04-11 22:00:00,2018-04-11 23:00,1.38027,0.60969,0.0,0.003,0.76758,0.0,0.0,0.0,0.0
2018-04-11 23:00:00,2018-04-12 00:00,1.19407,0.67776,0.0,0.003,0.51331,0.0,0.0,0.0,0.0
2018-04-12 00:00:00,2018-04-12 01:00,1.18283,0.71347,0.0,0.003,0.46636,0.0,0.0,0.0,0.0
2018-04-12 01:00:00,2018-04-12 02:00,1.31053,0.84546,0.0,0.003,0.46207,0.0,0.0,0.0,0.0
2018-04-12 02:00:00,2018-04-12 03:00,1.45505,0.99557,0.0,0.003,0.45648,0.0,0.0,0.0,0.0
2018-04-12 03:00:00,2018-04-12 04:00,1.53735,1.08013,0.0,0.003,0.45422,0.0,0.0,0.0,0.0
2018-04-12 04:00:00,2018-04-12 05:00,1.59916,1.14791,0.0,0.003,0.44825,0.0,0.0,0.0,0.0
2018-04-12 05:00:00,2018-04-12 06:00,1.66467,1.19548,0.0,0.003,0.46619,0.01124,0.0,0.0,0.01124
2018-04-12 06:00:00,2018-04-12 07:00,2.56977,1.36569,0.0,0.32819,0.87589,0.01498,0.0,0.0,0.01498
2018-04-12 07:00:00,2018-04-12 08:00,4.54942,1.37003,0.0,0.42942,2.74997,0.0,0.0,0.0,0.0
2018-04-12 08:00:00,2018-04-12 09:00,3.03772,1.14146,0.0,0.4336,1.46266,0.0,0.0,0.0,0.0
2018-04-12 09:00:00,2018-04-12 10:00,1.86882,0.82824,0.0,0.44106,0.59952,0.0,0.0,0.0,0.0
2018-04-12 10:00:00,2018-04-12 11:00,1.55722,0.7081,0.0,0.25494,0.59418,0.0,0.0,0.0,0.0
2018-04-12 11:00:00,2018-04-12 12:00,1.16931,0.64446,0.0,0.003,0.52185,0.0,0.0,0.0,0.0
2018-04-12 12:00:00,2018-04-12 13:00,1.08013,0.57905,0.0,0.003,0.49808,0.0,0.0,0.0,0.0
2018-04-12 13:00:00,2018-04-12 14:00,0.97846,0.50173,0.0,0.003,0.47373,0.0,0.0,0.0,0.0
2018-04-12 14:00:00,2018-04-12 15:00,0.87368,0.39708,0.0,0.003,0.4736,0.0,0.0,0.0,0.0
2018-04-12 15:00:00,2018-04-12 16:00,0.80464,0.32985,0.0,0.003,0.47179,0.0,0.0,0.0,0.0
2018-04-12 16:00:00,2018-04-12 17:00,1.20135,0.34579,0.0,0.32625,0.52931,0.0,0.0,0.0,0.0
2018-04-12 17:00:00,2018-04-12 18:00,0.97558,0.39133,0.0,0.0843,0.49995,0.0,0.0,0.0,0.0
2018-04-12 18:00:00,2018-04-12 19:00,1.1528,0.48022,0.0,0.003,0.66958,0.0,0.0,0.0,0.0
2018-04-12 19:00:00,2018-04-12 20:00,1.73676,0.3104,0.0,0.43048,0.99588,0.02622,0.0,0.0,0.02622
2018-04-12 20:00:00,2018-04-12 21:00,1.66666,0.4051,0.0,0.1862,1.07536,0.0,0.0,0.0,0.0
2018-04-12 21:00:00,2018-04-12 22:00,1.47867,0.45924,0.0,0.003,1.01643,0.0,0.0,0.0,0.0
2018-04-12 22:00:00,2018-04-12 23:00,1.29733,0.57726,0.0,0.003,0.71707,0.0,0.0,0.0,0.0
2018-04-12 23:00:00,2018-04-13 00:00,1.16419,0.67068,0.0,0.003,0.49051,0.0,0.0,0.0,0.0
2018-04-13 00:00:00,2018-04-13 01:00,1.23713,0.76775,0.0,0.003,0.46638,0.0,0.0,0.0,0.0
2018-04-13 01:00:00,2018-04-13 02:00,1.40299,0.93791,0.0,0.003,0.46208,0.0,0.0,0.0,0.0
2018-04-13 02:00:00,2018-04-13 03:00,1.46334,1.00387,0.0,0.003,0.45647,0.0,0.0,0.0,0.0
2018-04-13 03:00:00,2018-04-13 04:00,1.52745,1.07024,0.0,0.003,0.45421,0.0,0.0,0.0,0.0
2018-04-13 04:00:00,2018-04-13 05:00,1.53392,1.08267,0.0,0.003,0.44825,0.0,0.0,0.0,0.0
2018-04-13 05:00:00,2018-04-13 06:00,1.9837,1.08078,0.0,0.43538,0.46754,0.0,0.0,0.0,0.0
2018-04-13 06:00:00,2018-04-13 07:00,2.1849,1.18375,0.0,0.42816,0.57299,0.0,0.0,0.0,0.0
2018-04-13 07:00:00,2018-04-13 08:00,2.14726,1.16969,0.0,0.43981,0.53776,0.0,0.0,0.0,0.0
2018-04-13 08:00:00,2018-04-13 09:00,1.75105,1.25491,0.0,0.02483,0.47131,0.0,0.0,0.0,0.0
2018-04-13 09:00:00,2018-04-13 10:00,1.74411,1.26709,0.0,0.003,0.47402,0.0,0.0,0.0,0.0
2018-04-13 10:00:00,2018-04-13 11:00,1.71009,1.24015,0.0,0.003,0.46694,0.0,0.0,0.0,0.0
2018-04-13 11:00:00,2018-04-13 12:00,1.68763,1.22025,0.0,0.003,0.46438,0.0,0.0,0.0,0.0
2018-04-13 12:00:00,2018-04-13 13:00,1.83609,1.36047,0.0,0.003,0.47262,0.0,0.0,0.0,0.0
2018-04-13 13:00:00,2018-04-13 14:00,1.78883,1.31209,0.0,0.003,0.47374,0.0,0.0,0.0,0.0
2018-04-13 14:00:00,2018-04-13 15:00,1.65676,1.18015,0.0,0.003,0.47361,0.0,0.0,0.0,0.0
2018-04-13 15:00:00,2018-04-13 16:00,2.09208,1.32563,0.0,0.22077,0.54568,0.0,0.0,0.0,0.0
2018-04-13 16:00:00,2018-04-13 17:00,2.4344,1.37152,0.0,0.4421,0.62078,0.0,0.0,0.0,0.0
2018-04-13 17:00:00,2018-04-13 18:00,2.43997,1.29048,0.0,0.43639,0.7131,0.0,0.0,0.0,0.0
2018-04-13 18:00:00,2018-04-13 19:00,2.63498,1.48382,0.0,0.44301,0.70815,0.0,0.0,0.0,0.0
2018-04-13 19:00:00,2018-04-13 20:00,2.75817,1.48892,0.0,0.42349,0.84576,0.0,0.0,0.0,0.0
2018-04-13 20:00:00,2018-04-13 21:00,2.45966,1.55137,0.0,0.003,0.90529,0.0,0.0,0.0,0.0
2018-04-13 21:00:00,2018-04-13 22:00,2.67507,1.67324,0.0,0.003,0.99883,0.0,0.0,0.0,0.0
2018-04-13 22:00:00,2018-04-13 23:00,2.99121,1.89941,0.0,0.31949,0.77231,0.0,0.0,0.0,0.0
2018-04-13 23:00:00,2018-04-14 00:00,2.69489,2.01584,0.0,0.14581,0.53324,0.0,0.0,0.0,0.0
2018-04-14 00:00:00,2018-04-14 01:00,2.43353,1.94815,0.0,0.003,0.48238,0.0,0.0,0.0,0.0
2018-04-14 01:00:00,2018-04-14 02:00,2.41941,1.95245,0.0,0.003,0.46396,0.0,0.0,0.0,0.0
2018-04-14 02:00:00,2018-04-14 03:00,2.52773,2.06701,0.0,0.003,0.45772,0.0,0.0,0.0,0.0
2018-04-14 03:00:00,2018-04-14 04:00,2.54163,2.08318,0.0,0.003,0.45545,0.0,0.0,0.0,0.0
2018-04-14 04:00:00,2018-04-14 05:00,2.51033,2.05786,0.0,0.003,0.44947,0.0,0.0,0.0,0.0
2018-04-14 05:00:00,2018-04-14 06:00,2.60687,2.1549,0.0,0.003,0.44897,0.0,0.0,0.0,0.0
2018-04-14 06:00:00,2018-04-14 07:00,2.78328,2.16288,0.0,0.10967,0.51073,0.0,0.0,0.0,0.0
2018-04-14 07:00:00,2018-04-14 08:00,3.22437,2.22498,0.0,0.44072,0.55867,0.0,0.0,0.0,0.0
2018-04-14 08:00:00,2018-04-14 09:00,3.00809,2.279,0.0,0.12148,0.60761,0.0,0.0,0.0,0.0
2018-04-14 09:00:00,2018-04-14 10:00,3.03729,2.41894,0.0,0.003,0.61535,0.0,0.0,0.0,0.0
2018-04-14 10:00:00,2018-04-14 11:00,3.45215,2.58555,0.0,0.21502,0.65158,0.0,0.0,0.0,0.0
2018-04-14 11:00:00,2018-04-14 12:00,3.57203,2.65498,0.0,0.29197,0.62508,0.0,0.0,0.0,0.0
2018-04-14 12:00:00,2018-04-14 13:00,3.7606,2.66659,0.0,0.42774,0.66627,0.0,0.0,0.0,0.0
2018-04-14 13:00:00,2018-04-14 14:00,3.4189,2.5492,0.0,0.18171,0.68799,0.0,0.0,0.0,0.0
2018-04-14 14:00:00,2018-04-14 15:00,3.12858,2.44848,0.0,0.003,0.6771,0.0,0.0,0.0,0.0
2018-04-14 15:00:00,2018-04-14 16:00,3.72552,2.48179,0.0,0.43012,0.81361,0.0,0.0,0.0,0.0
2018-04-14 16:00:00,2018-04-14 17:00,3.26521,2.40183,0.0,0.04819,0.81519,0.0,0.0,0.0,0.0
2018-04-14 17:00:00,2018-04-14 18:00,3.46877,2.28427,0.0,0.32094,0.86356,0.02622,0.0,0.0,0.02622
2018-04-14 18:00:00,2018-04-14 19:00,3.84172,2.50172,0.0,0.22086,1.11914,0.0,0.0,0.0,0.0
2018-04-14 19:00:00,2018-04-14 20:00,3.71957,2.43486,0.0,0.21121,1.0735,0.0,0.0,0.0,0.0
2018-04-14 20:00:00,2018-04-14 21:00,4.01999,2.45647,0.0,0.43537,1.12815,0.0,0.0,0.0,0.0
2018-04-14 21:00:00,2018-04-14 22:00,3.58076,2.38789,0.0,0.02442,1.16845,0.01124,0.0,0.0,0.01124
2018-04-14 22:00:00,2018-04-14 23:00,3.08251,2.20651,0.0,0.003,0.873,0.06745,0.0,0.0,0.06745
2018-04-14 23:00:00,2018-04-15 00:00,3.03184,2.46335,0.0,0.003,0.56549,0.0,0.0,0.0,0.0
2018-04-15 00:00:00,2018-04-15 01:00,3.0473,2.54721,0.0,0.003,0.49709,0.0,0.0,0.0,0.0
2018-04-15 01:00:00,2018-04-15 02:00,3.07104,2.60251,0.0,0.003,0.46553,0.0,0.0,0.0,0.0
2018-04-15 02:00:00,2018-04-15 03:00,3.05247,2.59175,0.0,0.003,0.45772,0.0,0.0,0.0,0.0
2018-04-15 03:00:00,2018-04-15 04:00,3.04855,2.59008,0.0,0.003,0.45547,0.0,0.0,0.0,0.0
2018-04-15 04:00:00,2018-04-15 05:00,3.04581,2.59332,0.0,0.003,0.44949,0.0,0.0,0.0,0.0
2018-04-15 05:00:00,2018-04-15 06:00,3.07986,2.52135,0.0,0.10955,0.44896,0.0,0.0,0.0,0.0
2018-04-15 06:00:00,2018-04-15 07:00,3.36528,2.64678,0.0,0.23067,0.48783,0.0,0.0,0.0,0.0
2018-04-15 07:00:00,2018-04-15 08:00,3.05396,2.56951,0.0,0.003,0.48145,0.0,0.0,0.0,0.0
2018-04-15 08:00:00,2018-04-15 09:00,3.00744,2.32989,0.0,0.003,0.67455,0.02622,0.0,0.0,0.02622
2018-04-15 09:00:00,2018-04-15 10:00,3.11201,2.30735,0.0,0.10756,0.6971,0.0,0.0,0.0,0.0
2018-04-15 10:00:00,2018-04-15 11:00,3.31531,2.19669,0.0,0.41629,0.70233,0.0,0.0,0.0,0.0
2018-04-15 11:00:00,2018-04-15 12:00,2.61233,1.9132,0.0,0.003,0.69613,0.03935,0.0,0.0,0.03935
2018-04-15 12:00:00,2018-04-15 13:00,3.69736,1.86827,0.0,0.003,1.82609,0.01312,0.0,0.0,0.01312
2018-04-15 13:00:00,2018-04-15 14:00,3.06539,1.83443,0.0,0.43211,0.79885,0.0,0.0,0.0,0.0
2018-04-15 14:00:00,2018-04-15 15:00,2.69977,1.83942,0.0,0.09763,0.76272,0.0,0.0,0.0,0.0
2018-04-15 15:00:00,2018-04-15 16:00,2.57593,1.77193,0.0,0.10564,0.69836,0.0,0.0,0.0,0.0
2018-04-15 16:00:00,2018-04-15 17:00,2.85638,1.72658,0.0,0.4163,0.7135,0.0,0.0,0.0,0.0
2018-04-15 17:00:00,2018-04-15 18:00,3.0816,1.89893,0.0,0.43423,0.74844,0.0,0.0,0.0,0.0
2018-04-15 18:00:00,2018-04-15 19:00,2.96269,2.11991,0.0,0.03001,0.81277,0.0,0.0,0.0,0.0
2018-04-15 19:00:00,2018-04-15 20:00,2.8805,2.12335,0.0,0.003,0.75415,0.0,0.0,0.0,0.0
2018-04-15 20:00:00,2018-04-15 21:00,3.02972,2.10609,0.0,0.003,0.92063,0.0,0.0,0.0,0.0
2018-04-15 21:00:00,2018-04-15 22:00,3.08201,2.1972,0.0,0.003,0.88181,0.0,0.0,0.0,0.0
2018-04-15 22:00:00,2018-04-15 23:00,2.93289,2.28637,0.0,0.003,0.64352,0.0,0.0,0.0,0.0
2018-04-15 23:00:00,2018-04-16 00:00,3.17785,2.34585,0.0,0.32649,0.50551,0.0,0.0,0.0,0.0
2018-04-16 00:00:00,2018-04-16 01:00,3.04345,2.45119,0.0,0.12591,0.46635,0.0,0.0,0.0,0.0
2018-04-16 01:00:00,2018-04-16 02:00,2.99455,2.52946,0.0,0.003,0.46209,0.0,0.0,0.0,0.0
2018-04-16 02:00:00,2018-04-16 03:00,2.95366,2.49419,0.0,0.003,0.45647,0.0,0.0,0.0,0.0
2018-04-16 03:00:00,2018-04-16 04:00,2.93659,2.47974,0.0,0.003,0.45385,0.0,0.0,0.0,0.0
2018-04-16 04:00:00,2018-04-16 05:00,3.01489,2.45892,0.0,0.10846,0.44751,0.0,0.0,0.0,0.0
2018-04-16 05:00:00,2018-04-16 06:00,3.31845,2.41785,0.0,0.43503,0.46557,0.0,0.0,0.0,0.0
2018-04-16 06:00:00,2018-04-16 07:00,3.50738,2.52454,0.0,0.41907,0.56377,0.0,0.0,0.0,0.0
2018-04-16 07:00:00,2018-04-16 08:00,3.27557,2.29344,0.0,0.40489,0.57724,0.0,0.0,0.0,0.0
2018-04-16 08:00:00,2018-04-16 09:00,3.12342,2.14878,0.0,0.42508,0.54956,0.0,0.0,0.0,0.0
2018-04-16 09:00:00,2018-04-16 10:00,2.87347,2.14889,0.0,0.24429,0.48029,0.0,0.0,0.0,0.0
2018-04-16 10:00:00,2018-04-16 11:00,2.60018,2.08892,0.0,0.003,0.50826,0.0,0.0,0.0,0.0
2018-04-16 11:00:00,2018-04-16 12:00,2.37938,1.91202,0.0,0.003,0.46436,0.0,0.0,0.0,0.0
2018-04-16 12:00:00,2018-04-16 13:00,2.27518,1.79956,0.0,0.003,0.47262,0.0,0.0,0.0,0.0
2018-04-16 13:00:00,2018-04-16 14:00,2.26406,1.78734,0.0,0.003,0.47372,0.0,0.0,0.0,0.0
2018-04-16 14:00:00,2018-04-16 15:00,2.28869,1.4892,0.0,0.21704,0.58245,0.06745,0.0,0.0,0.06745
2018-04-16 15:00:00,2018-04-16 16:00,2.1465,1.34203,0.0,0.21887,0.5856,0.03746,0.0,0.0,0.03746
2018-04-16 16:00:00,2018-04-16 17:00,1.97948,1.29885,0.0,0.10561,0.57502,0.0,0.0,0.0,0.0
2018-04-16 17:00:00,2018-04-16 18:00,2.23598,1.21676,0.0,0.41266,0.60656,0.0,0.0,0.0,0.0
2018-04-16 18:00:00,2018-04-16 19:00,2.48572,1.32892,0.0,0.43585,0.72095,0.0,0.0,0.0,0.0
2018-04-16 19:00:00,2018-04-16 20:00,2.37125,1.14501,0.0,0.31916,0.90708,0.0,0.0,0.0,0.0
2018-04-16 20:00:00,2018-04-16 21:00,2.23134,1.02283,0.0,0.003,1.20551,0.0,0.0,0.0,0.0
2018-04-16 21:00:00,2018-04-16 22:00,1.98952,1.07092,0.0,0.003,0.9156,0.0,0.0,0.0,0.0
2018-04-16 22:00:00,2018-04-16 23:00,2.28048,1.20505,0.0,0.42559,0.64984,0.0,0.0,0.0,0.0
2018-04-16 23:00:00,2018-04-17 00:00,1.84705,1.3011,0.0,0.07364,0.47231,0.0,0.0,0.0,0.0
2018-04-17 00:00:00,2018-04-17 01:00,1.8769,1.40755,0.0,0.003,0.46635,0.0,0.0,0.0,0.0
2018-04-17 01:00:00,2018-04-17 02:00,2.01975,1.55466,0.0,0.003,0.46209,0.0,0.0,0.0,0.0
2018-04-17 02:00:00,2018-04-17 03:00,2.11259,1.65313,0.0,0.003,0.45646,0.0,0.0,0.0,0.0
2018-04-17 03:00:00,2018-04-17 04:00,2.25278,1.79556,0.0,0.003,0.45422,0.0,0.0,0.0,0.0
2018-04-17 04:00:00,2018-04-17 05:00,2.3462,1.89496,0.0,0.003,0.44824,0.0,0.0,0.0,0.0
2018-04-17 05:00:00,2018-04-17 06:00,2.42709,1.96913,0.0,0.003,0.45496,0.0,0.0,0.0,0.0
2018-04-17 06:00:00,2018-04-17 07:00,3.15115,2.26692,0.0,0.32044,0.56379,0.0,0.0,0.0,0.0
2018-04-17 07:00:00,2018-04-17 08:00,3.00689,2.04955,0.0,0.42733,0.53001,0.0,0.0,0.0,0.0
2018-04-17 08:00:00,2018-04-17 09:00,2.59103,1.61756,0.0,0.43063,0.54284,0.02622,0.0,0.0,0.02622
2018-04-17 09:00:00,2018-04-17 10:00,2.12864,1.5003,0.0,0.14487,0.48347,0.0,0.0,0.0,0.0
2018-04-17 10:00:00,2018-04-17 11:00,1.78286,1.31291,0.0,0.003,0.46695,0.0,0.0,0.0,0.0
2018-04-17 11:00:00,2018-04-17 12:00,1.61108,1.14374,0.0,0.003,0.46434,0.0,0.0,0.0,0.0
2018-04-17 12:00:00,2018-04-17 13:00,1.50705,1.03142,0.0,0.003,0.47263,0.0,0.0,0.0,0.0
2018-04-17 13:00:00,2018-04-17 14:00,1.33013,0.8534,0.0,0.003,0.47373,0.0,0.0,0.0,0.0
2018-04-17 14:00:00,2018-04-17 15:00,1.2064,0.7298,0.0,0.003,0.4736,0.0,0.0,0.0,0.0
2018-04-17 15:00:00,2018-04-17 16:00,1.16358,0.68877,0.0,0.003,0.47181,0.0,0.0,0.0,0.0
2018-04-17 16:00:00,2018-04-17 17:00,1.1656,0.67732,0.0,0.003,0.48528,0.0,0.0,0.0,0.0
2018-04-17 17:00:00,2018-04-17 18:00,1.22592,0.72296,0.0,0.003,0.49996,0.0,0.0,0.0,0.0
2018-04-17 18:00:00,2018-04-17 19:00,1.54463,0.81452,0.0,0.10904,0.62107,0.0,0.0,0.0,0.0
2018-04-17 19:00:00,2018-04-17 20:00,1.93622,0.59884,0.0,0.41378,0.9236,0.0,0.0,0.0,0.0
2018-04-17 20:00:00,2018-04-17 21:00,2.31112,0.61652,0.0,0.41888,1.27572,0.0,0.0,0.0,0.0
2018-04-17 21:00:00,2018-04-17 22:00,2.35116,0.65232,0.0,0.42563,1.27321,0.0,0.0,0.0,0.0
2018-04-17 22:00:00,2018-04-17 23:00,2.0804,0.75124,0.0,0.44392,0.88524,0.0,0.0,0.0,0.0
2018-04-17 23:00:00,2018-04-18 00:00,1.62711,0.93388,0.0,0.13727,0.55596,0.0,0.0,0.0,0.0
2018-04-18 00:00:00,2018-04-18 01:00,1.62949,1.158,0.0,0.003,0.46849,0.0,0.0,0.0,0.0
2018-04-18 01:00:00,2018-04-18 02:00,1.59253,1.12743,0.0,0.003,0.4621,0.0,0.0,0.0,0.0
2018-04-18 02:00:00,2018-04-18 03:00,1.66572,1.20625,0.0,0.003,0.45647,0.0,0.0,0.0,0.0
2018-04-18 03:00:00,2018-04-18 04:00,1.80011,1.34288,0.0,0.003,0.45423,0.0,0.0,0.0,0.0
2018-04-18 04:00:00,2018-04-18 05:00,1.81115,1.35992,0.0,0.003,0.44823,0.0,0.0,0.0,0.0
2018-04-18 05:00:00,2018-04-18 06:00,1.81854,1.36058,0.0,0.003,0.45496,0.0,0.0,0.0,0.0
2018-04-18 06:00:00,2018-04-18 07:00,2.46654,1.49489,0.0,0.42645,0.5452,0.0,0.0,0.0,0.0
2018-04-18 07:00:00,2018-04-18 08:00,2.38292,1.41679,0.0,0.42237,0.54376,0.0,0.0,0.0,0.0
2018-04-18 08:00:00,2018-04-18 09:00,2.38282,1.42727,0.0,0.41756,0.53799,0.0,0.0,0.0,0.0
2018-04-18 09:00:00,2018-04-18 10:00,2.4499,1.42022,0.0,0.43016,0.59952,0.0,0.0,0.0,0.0
2018-04-18 10:00:00,2018-04-18 11:00,2.22257,1.4625,0.0,0.20424,0.55583,0.0,0.0,0.0,0.0
2018-04-18 11:00:00,2018-04-18 12:00,1.96303,1.43185,0.0,0.003,0.52818,0.0,0.0,0.0,0.0
2018-04-18 12:00:00,2018-04-18 13:00,2.28725,1.3278,0.0,0.42305,0.5364,0.0,0.0,0.0,0.0
2018-04-18 13:00:00,2018-04-18 14:00,2.1668,1.2134,0.0,0.41293,0.54047,0.0,0.0,0.0,0.0
2018-04-18 14:00:00,2018-04-18 15:00,2.08451,1.13094,0.0,0.41145,0.54212,0.0,0.0,0.0,0.0
2018-04-18 15:00:00,2018-04-18 16:00,2.05069,1.12647,0.0,0.44122,0.483,0.0,0.0,0.0,0.0
2018-04-18 16:00:00,2018-04-18 17:00,1.58644,1.08391,0.0,0.01727,0.48526,0.0,0.0,0.0,0.0
2018-04-18 17:00:00,2018-04-18 18:00,1.50466,1.0017,0.0,0.003,0.49996,0.0,0.0,0.0,0.0
2018-04-18 18:00:00,2018-04-18 19:00,1.57295,0.93228,0.0,0.003,0.63767,0.0,0.0,0.0,0.0
2018-04-18 19:00:00,2018-04-18 20:00,1.72012,0.68128,0.0,0.003,1.03584,0.02622,0.0,0.0,0.02622
2018-04-18 20:00:00,2018-04-18 21:00,2.43922,0.73862,0.0,0.37211,1.32849,0.0,0.0,0.0,0.0
2018-04-18 21:00:00,2018-04-18 22:00,2.96136,0.81556,0.0,0.003,2.1428,0.0,0.0,0.0,0.0
2018-04-18 22:00:00,2018-04-18 23:00,3.8244,0.93108,0.0,0.003,2.89032,0.0,0.0,0.0,0.0
2018-04-18 23:00:00,2018-04-19 00:00,1.84541,0.95048,0.0,0.31938,0.57555,0.0,0.0,0.0,0.0
2018-04-19 00:00:00,2018-04-19 01:00,1.77852,1.04413,0.0,0.24211,0.49228,0.0,0.0,0.0,0.0
2018-04-19 01:00:00,2018-04-19 02:00,1.71435,1.24451,0.0,0.003,0.46684,0.0,0.0,0.0,0.0
2018-04-19 02:00:00,2018-04-19 03:00,1.80897,1.35244,0.0,0.003,0.45353,0.0,0.0,0.0,0.0
2018-04-19 03:00:00,2018-04-19 04:00,1.87934,1.42494,0.0,0.003,0.4514,0.0,0.0,0.0,0.0
2018-04-19 04:00:00,2018-04-19 05:00,1.96672,1.51548,0.0,0.003,0.44824,0.0,0.0,0.0,0.0
2018-04-19 05:00:00,2018-04-19 06:00,2.05138,1.58834,0.0,0.003,0.46004,0.0,0.0,0.0,0.0
2018-04-19 06:00:00,2018-04-19 07:00,2.71742,1.74325,0.0,0.41973,0.55444,0.0,0.0,0.0,0.0
2018-04-19 07:00:00,2018-04-19 08:00,2.39903,1.37261,0.0,0.43672,0.5897,0.02622,0.0,0.0,0.02622
2018-04-19 08:00:00,2018-04-19 09:00,1.93777,1.16012,0.0,0.22192,0.55573,0.0,0.0,0.0,0.0
2018-04-19 09:00:00,2018-04-19 10:00,1.44429,0.90466,0.0,0.003,0.53663,0.0,0.0,0.0,0.0
2018-04-19 10:00:00,2018-04-19 11:00,1.27415,0.74704,0.0,0.003,0.52411,0.0,0.0,0.0,0.0
2018-04-19 11:00:00,2018-04-19 12:00,1.11608,0.64872,0.0,0.003,0.46436,0.0,0.0,0.0,0.0
2018-04-19 12:00:00,2018-04-19 13:00,1.27406,0.54097,0.0,0.2128,0.52029,0.0,0.0,0.0,0.0
2018-04-19 13:00:00,2018-04-19 14:00,1.42356,0.4593,0.0,0.43383,0.53043,0.0,0.0,0.0,0.0
2018-04-19 14:00:00,2018-04-19 15:00,1.13954,0.41753,0.0,0.22123,0.50078,0.0,0.0,0.0,0.0
2018-04-19 15:00:00,2018-04-19 16:00,0.89523,0.35545,0.0,0.003,0.53678,0.0,0.0,0.0,0.0
2018-04-19 16:00:00,2018-04-19 17:00,0.91934,0.26504,0.0,0.003,0.6513,0.01124,0.0,0.0,0.01124
2018-04-19 17:00:00,2018-04-19 18:00,2.0278,0.1725,0.0,0.20967,1.64563,0.01498,0.0,0.0,0.01498
2018-04-19 18:00:00,2018-04-19 19:00,3.88955,0.37335,0.0,0.42712,3.08908,0.0,0.0,0.0,0.0
2018-04-19 19:00:00,2018-04-19 20:00,3.09056,0.27133,0.0,0.4416,2.37763,0.0,0.0,0.0,0.0
2018-04-19 20:00:00,2018-04-19 21:00,1.47582,0.1452,0.0,0.03745,1.29317,0.06745,0.0,0.0,0.06745
2018-04-19 21:00:00,2018-04-19 22:00,1.50051,0.33889,0.0,0.003,1.15862,0.01124,0.0,0.0,0.01124
2018-04-19 22:00:00,2018-04-19 23:00,1.21584,0.50036,0.0,0.003,0.71248,0.0,0.0,0.0,0.0
2018-04-19 23:00:00,2018-04-20 00:00,1.46291,0.66729,0.0,0.32333,0.47229,0.0,0.0,0.0,0.0
2018-04-20 00:00:00,2018-04-20 01:00,1.38483,0.85731,0.0,0.06115,0.46637,0.0,0.0,0.0,0.0
2018-04-20 01:00:00,2018-04-20 02:00,1.54051,1.07541,0.0,0.003,0.4621,0.0,0.0,0.0,0.0
2018-04-20 02:00:00,2018-04-20 03:00,1.58929,1.12983,0.0,0.003,0.45646,0.0,0.0,0.0,0.0
2018-04-20 03:00:00,2018-04-20 04:00,1.7051,1.24789,0.0,0.003,0.45421,0.0,0.0,0.0,0.0
2018-04-20 04:00:00,2018-04-20 05:00,1.86016,1.40874,0.0,0.003,0.44842,0.0,0.0,0.0,0.0
2018-04-20 05:00:00,2018-04-20 06:00,2.29566,1.51352,0.0,0.32181,0.46033,0.0,0.0,0.0,0.0
2018-04-20 06:00:00,2018-04-20 07:00,2.74799,1.80328,0.0,0.43432,0.51039,0.0,0.0,0.0,0.0
2018-04-20 07:00:00,2018-04-20 08:00,2.20079,1.53649,0.0,0.17783,0.48647,0.0,0.0,0.0,0.0
2018-04-20 08:00:00,2018-04-20 09:00,1.855,1.29756,0.0,0.003,0.55444,0.0,0.0,0.0,0.0
2018-04-20 09:00:00,2018-04-20 10:00,3.17125,1.07276,0.0,0.42638,1.67211,0.0,0.0,0.0,0.0
2018-04-20 10:00:00,2018-04-20 11:00,1.42399,0.71152,0.0,0.17557,0.5369,0.0,0.0,0.0,0.0
2018-04-20 11:00:00,2018-04-20 12:00,1.0769,0.47027,0.0,0.003,0.60363,0.01124,0.0,0.0,0.01124
2018-04-20 12:00:00,2018-04-20 13:00,1.26101,0.36482,0.0,0.31913,0.57706,0.01498,0.0,0.0,0.01498
2018-04-20 13:00:00,2018-04-20 14:00,1.04539,0.36053,0.0,0.15119,0.53367,0.0,0.0,0.0,0.0
2018-04-20 14:00:00,2018-04-20 15:00,0.79537,0.31878,0.0,0.003,0.47359,0.0,0.0,0.0,0.0
2018-04-20 15:00:00,2018-04-20 16:00,0.74396,0.26916,0.0,0.003,0.4718,0.0,0.0,0.0,0.0
2018-04-20 16:00:00,2018-04-20 17:00,0.72357,0.18084,0.0,0.003,0.53973,0.0,0.0,0.0,0.0
2018-04-20 17:00:00,2018-04-20 18:00,1.06146,0.07029,0.0,0.31962,0.67155,0.0,0.0,0.0,0.0
2018-04-20 18:00:00,2018-04-20 19:00,1.68675,0.10696,0.0,0.42949,1.1503,0.03935,0.0,0.0,0.03935
2018-04-20 19:00:00,2018-04-20 20:00,3.06402,0.12082,0.0,0.29475,2.64845,0.01312,0.0,0.0,0.01312
2018-04-20 20:00:00,2018-04-20 21:00,1.40874,0.05,0.0,0.10677,1.25197,0.02622,0.0,0.0,0.02622
2018-04-20 21:00:00,2018-04-20 22:00,1.72018,0.18909,0.0,0.37111,1.15998,0.0,0.0,0.0,0.0
2018-04-20 22:00:00,2018-04-20 23:00,1.02885,0.29417,0.0,0.003,0.73168,0.0,0.0,0.0,0.0
2018-04-20 23:00:00,2018-04-21 00:00,0.88624,0.41082,0.0,0.003,0.47242,0.0,0.0,0.0,0.0
2018-04-21 00:00:00,2018-04-21 01:00,1.0362,0.56558,0.0,0.003,0.46762,0.0,0.0,0.0,0.0
2018-04-21 01:00:00,2018-04-21 02:00,1.24682,0.78049,0.0,0.003,0.46333,0.0,0.0,0.0,0.0
2018-04-21 02:00:00,2018-04-21 03:00,1.37404,0.91331,0.0,0.003,0.45773,0.0,0.0,0.0,0.0
2018-04-21 03:00:00,2018-04-21 04:00,1.39998,0.94153,0.0,0.003,0.45545,0.0,0.0,0.0,0.0
2018-04-21 04:00:00,2018-04-21 05:00,1.39219,0.9397,0.0,0.003,0.44949,0.0,0.0,0.0,0.0
2018-04-21 05:00:00,2018-04-21 06:00,1.44573,0.99377,0.0,0.003,0.44896,0.0,0.0,0.0,0.0
2018-04-21 06:00:00,2018-04-21 07:00,1.65056,1.15974,0.0,0.003,0.48782,0.0,0.0,0.0,0.0
2018-04-21 07:00:00,2018-04-21 08:00,1.48879,1.01771,0.0,0.003,0.46808,0.0,0.0,0.0,0.0
2018-04-21 08:00:00,2018-04-21 09:00,1.47757,0.75226,0.0,0.22135,0.50396,0.0,0.0,0.0,0.0
2018-04-21 09:00:00,2018-04-21 10:00,1.59952,0.52796,0.0,0.44069,0.63087,0.0,0.0,0.0,0.0
2018-04-21 10:00:00,2018-04-21 11:00,1.52296,0.38793,0.0,0.43271,0.70232,0.0,0.0,0.0,0.0
2018-04-21 11:00:00,2018-04-21 12:00,1.25092,0.24749,0.0,0.29891,0.70452,0.0,0.0,0.0,0.0
2018-04-21 12:00:00,2018-04-21 13:00,0.85595,0.13413,0.0,0.003,0.71882,0.0,0.0,0.0,0.0
2018-04-21 13:00:00,2018-04-21 14:00,1.09809,0.04369,0.0,0.32237,0.73203,0.0,0.0,0.0,0.0
2018-04-21 14:00:00,2018-04-21 15:00,0.81955,0.0,0.0,0.10932,0.71023,0.0,0.0,0.0,0.0
2018-04-21 15:00:00,2018-04-21 16:00,2.24686,0.0,0.0,0.003,2.24386,0.0,0.0,0.0,0.0
2018-04-21 16:00:00,2018-04-21 17:00,2.66259,0.0,0.0,0.32194,2.34065,0.0,0.0,0.0,0.0
2018-04-21 17:00:00,2018-04-21 18:00,1.31503,0.0,0.0,0.31798,0.99705,0.0,0.0,0.0,0.0
2018-04-21 18:00:00,2018-04-21 19:00,1.13475,0.0,0.0,0.003,1.13175,0.01124,0.0,0.0,0.01124
2018-04-21 19:00:00,2018-04-21 20:00,1.2454,0.0,0.0,0.003,1.2424,0.01498,0.0,0.0,0.01498
2018-04-21 20:00:00,2018-04-21 21:00,1.67617,0.0,0.0,0.32819,1.34798,0.01124,0.0,0.0,0.01124
2018-04-21 21:00:00,2018-04-21 22:00,1.40826,0.0,0.0,0.11391,1.29435,0.01498,0.0,0.0,0.01498
2018-04-21 22:00:00,2018-04-21 23:00,0.90042,0.05,0.0,0.003,0.84742,0.0,0.0,0.0,0.0
2018-04-21 23:00:00,2018-04-22 00:00,0.57348,0.05,0.0,0.003,0.52048,0.0,0.0,0.0,0.0
2018-04-22 00:00:00,2018-04-22 01:00,0.64161,0.15638,0.0,0.003,0.48223,0.0,0.0,0.0,0.0
2018-04-22 01:00:00,2018-04-22 02:00,0.86099,0.39466,0.0,0.003,0.46333,0.0,0.0,0.0,0.0
2018-04-22 02:00:00,2018-04-22 03:00,0.986,0.52527,0.0,0.003,0.45773,0.0,0.0,0.0,0.0
2018-04-22 03:00:00,2018-04-22 04:00,1.12332,0.66486,0.0,0.003,0.45546,0.0,0.0,0.0,0.0
2018-04-22 04:00:00,2018-04-22 05:00,1.21914,0.76665,0.0,0.003,0.44949,0.0,0.0,0.0,0.0
2018-04-22 05:00:00,2018-04-22 06:00,1.32354,0.8681,0.0,0.003,0.45244,0.0,0.0,0.0,0.0
2018-04-22 06:00:00,2018-04-22 07:00,1.8436,1.09817,0.0,0.22076,0.52467,0.0,0.0,0.0,0.0
2018-04-22 07:00:00,2018-04-22 08:00,1.57974,0.77877,0.0,0.27008,0.53089,0.0,0.0,0.0,0.0
2018-04-22 08:00:00,2018-04-22 09:00,1.0762,0.43969,0.0,0.003,0.63351,0.01124,0.0,0.0,0.01124
2018-04-22 09:00:00,2018-04-22 10:00,1.1145,0.10456,0.0,0.21583,0.79411,0.06745,0.0,0.0,0.06745
2018-04-22 10:00:00,2018-04-22 11:00,1.09256,0.11714,0.0,0.2064,0.76902,0.0,0.0,0.0,0.0
2018-04-22 11:00:00,2018-04-22 12:00,0.832,0.04455,0.0,0.003,0.78445,0.0,0.0,0.0,0.0
2018-04-22 12:00:00,2018-04-22 13:00,0.98161,0.0,0.0,0.21864,0.76297,0.0,0.0,0.0,0.0
2018-04-22 13:00:00,2018-04-22 14:00,0.97753,0.0,0.0,0.22717,0.75036,0.0,0.0,0.0,0.0
2018-04-22 14:00:00,2018-04-22 15:00,0.69752,0.0,0.0,0.003,0.69452,0.0,0.0,0.0,0.0
2018-04-22 15:00:00,2018-04-22 16:00,0.81804,0.0,0.0,0.2171,0.60094,0.01124,0.0,0.0,0.01124
2018-04-22 16:00:00,2018-04-22 17:00,0.96726,0.0,0.0,0.23786,0.7294,0.01498,0.0,0.0,0.01498
2018-04-22 17:00:00,2018-04-22 18:00,0.67818,0.0,0.0,0.003,0.67518,0.0,0.0,0.0,0.0
2018-04-22 18:00:00,2018-04-22 19:00,0.79723,0.0,0.0,0.10947,0.68776,0.0,0.0,0.0,0.0
2018-04-22 19:00:00,2018-04-22 20:00,1.056,0.0,0.0,0.30026,0.75574,0.0,0.0,0.0,0.0
2018-04-22 20:00:00,2018-04-22 21:00,0.90436,0.0,0.0,0.003,0.90136,0.0,0.0,0.0,0.0
2018-04-22 21:00:00,2018-04-22 22:00,0.81751,0.0,0.0,0.003,0.81451,0.0,0.0,0.0,0.0
2018-04-22 22:00:00,2018-04-22 23:00,0.67252,0.0,0.0,0.003,0.66952,0.0,0.0,0.0,0.0
2018-04-22 23:00:00,2018-04-23 00:00,0.80761,0.05,0.0,0.21747,0.54014,0.0,0.0,0.0,0.0
2018-04-23 00:00:00,2018-04-23 01:00,0.72285,0.05,0.0,0.19267,0.48018,0.0,0.0,0.0,0.0
2018-04-23 01:00:00,2018-04-23 02:00,0.51665,0.05,0.0,0.003,0.46365,0.0,0.0,0.0,0.0
2018-04-23 02:00:00,2018-04-23 03:00,0.66651,0.20704,0.0,0.003,0.45647,0.0,0.0,0.0,0.0
2018-04-23 03:00:00,2018-04-23 04:00,0.78894,0.33173,0.0,0.003,0.45421,0.0,0.0,0.0,0.0
2018-04-23 04:00:00,2018-04-23 05:00,0.95524,0.50207,0.0,0.003,0.45017,0.0,0.0,0.0,0.0
2018-04-23 05:00:00,2018-04-23 06:00,1.49468,0.59595,0.0,0.43692,0.46181,0.0,0.0,0.0,0.0
2018-04-23 06:00:00,2018-04-23 07:00,1.56581,0.8244,0.0,0.24391,0.4975,0.0,0.0,0.0,0.0
2018-04-23 07:00:00,2018-04-23 08:00,0.99373,0.48491,0.0,0.003,0.50582,0.01124,0.0,0.0,0.01124
2018-04-23 08:00:00,2018-04-23 09:00,1.11798,0.17321,0.0,0.32014,0.62463,0.04123,0.0,0.0,0.04123
2018-04-23 09:00:00,2018-04-23 10:00,1.09235,0.12752,0.0,0.42505,0.53978,0.0,0.0,0.0,0.0
2018-04-23 10:00:00,2018-04-23 11:00,0.91033,0.06494,0.0,0.37844,0.46695,0.0,0.0,0.0,0.0
2018-04-23 11:00:00,2018-04-23 12:00,0.47335,0.00599,0.0,0.003,0.46436,0.0,0.0,0.0,0.0
2018-04-23 12:00:00,2018-04-23 13:00,0.47572,0.0,0.0,0.003,0.47272,0.0,0.0,0.0,0.0
2018-04-23 13:00:00,2018-04-23 14:00,0.47705,0.0,0.0,0.003,0.47405,0.0,0.0,0.0,0.0
2018-04-23 14:00:00,2018-04-23 15:00,0.47724,0.0,0.0,0.003,0.47424,0.0,0.0,0.0,0.0
2018-04-23 15:00:00,2018-04-23 16:00,0.47568,0.0,0.0,0.003,0.47268,0.0,0.0,0.0,0.0
2018-04-23 16:00:00,2018-04-23 17:00,0.52191,0.0,0.0,0.003,0.51891,0.0,0.0,0.0,0.0
2018-04-23 17:00:00,2018-04-23 18:00,0.94646,0.0,0.0,0.33766,0.6088,0.0,0.0,0.0,0.0
2018-04-23 18:00:00,2018-04-23 19:00,1.24861,0.0,0.11521,0.25529,0.87811,0.02622,0.0,0.0,0.02622
2018-04-23 19:00:00,2018-04-23 20:00,1.35449,0.0,0.08135,0.32257,0.95057,0.0,0.0,0.0,0.0
2018-04-23 20:00:00,2018-04-23 21:00,1.82026,0.0,0.09682,0.4459,1.27754,0.0,0.0,0.0,0.0
2018-04-23 21:00:00,2018-04-23 22:00,1.25773,0.0,0.06577,0.14309,1.04887,0.0,0.0,0.0,0.0
2018-04-23 22:00:00,2018-04-23 23:00,0.73808,0.0,0.01581,0.003,0.71927,0.0,0.0,0.0,0.0
2018-04-23 23:00:00,2018-04-24 00:00,0.53259,0.0125,0.0,0.003,0.51709,0.0,0.0,0.0,0.0
2018-04-24 00:00:00,2018-04-24 01:00,0.52179,0.0375,0.0,0.003,0.48129,0.0,0.0,0.0,0.0
2018-04-24 01:00:00,2018-04-24 02:00,0.51793,0.05,0.0,0.003,0.46493,0.0,0.0,0.0,0.0
2018-04-24 02:00:00,2018-04-24 03:00,0.51064,0.05,0.0,0.003,0.45764,0.0,0.0,0.0,0.0
2018-04-24 03:00:00,2018-04-24 04:00,0.50816,0.05,0.0,0.003,0.45516,0.0,0.0,0.0,0.0
2018-04-24 04:00:00,2018-04-24 05:00,0.50182,0.05,0.0,0.003,0.44882,0.0,0.0,0.0,0.0
2018-04-24 05:00:00,2018-04-24 06:00,0.63325,0.06792,0.0,0.11372,0.45161,0.0,0.0,0.0,0.0
2018-04-24 06:00:00,2018-04-24 07:00,1.14672,0.29094,0.0,0.31969,0.53609,0.0,0.0,0.0,0.0
2018-04-24 07:00:00,2018-04-24 08:00,0.87378,0.16395,0.0,0.11062,0.59921,0.0,0.0,0.0,0.0
2018-04-24 08:00:00,2018-04-24 09:00,1.02479,0.05348,0.0,0.43067,0.54064,0.0,0.0,0.0,0.0
2018-04-24 09:00:00,2018-04-24 10:00,0.93943,0.0,0.0,0.44033,0.4991,0.0,0.0,0.0,0.0
2018-04-24 10:00:00,2018-04-24 11:00,0.52353,0.0,0.0,0.05655,0.46698,0.0,0.0,0.0,0.0
2018-04-24 11:00:00,2018-04-24 12:00,0.46746,0.0,0.0,0.003,0.46446,0.0,0.0,0.0,0.0
2018-04-24 12:00:00,2018-04-24 13:00,0.55643,0.0,0.0,0.003,0.55343,0.02622,0.0,0.0,0.02622
2018-04-24 13:00:00,2018-04-24 14:00,0.76061,0.0,0.0,0.21962,0.54099,0.0,0.0,0.0,0.0
2018-04-24 14:00:00,2018-04-24 15:00,0.85316,0.0,0.0,0.36861,0.48455,0.0,0.0,0.0,0.0
2018-04-24 15:00:00,2018-04-24 16:00,0.6306,0.0,0.0,0.11179,0.51881,0.0,0.0,0.0,0.0
2018-04-24 16:00:00,2018-04-24 17:00,0.99904,0.0,0.0,0.44519,0.55385,0.0,0.0,0.0,0.0
2018-04-24 17:00:00,2018-04-24 18:00,0.66194,0.0,0.0,0.0151,0.64684,0.0,0.0,0.0,0.0
2018-04-24 18:00:00,2018-04-24 19:00,0.96067,0.0,0.0,0.003,0.95767,0.03935,0.0,0.0,0.03935
2018-04-24 19:00:00,2018-04-24 20:00,1.17542,0.0,0.0,0.003,1.17242,0.01312,0.0,0.0,0.01312
2018-04-24 20:00:00,2018-04-24 21:00,1.36687,0.0,0.0,0.10992,1.25695,0.0,0.0,0.0,0.0
2018-04-24 21:00:00,2018-04-24 22:00,1.64559,0.05,0.0,0.44668,1.14891,0.0,0.0,0.0,0.0
2018-04-24 22:00:00,2018-04-24 23:00,0.74645,0.05,0.0,0.00935,0.6871,0.0,0.0,0.0,0.0
2018-04-24 23:00:00,2018-04-25 00:00,0.56732,0.05,0.0,0.003,0.51432,0.0,0.0,0.0,0.0
2018-04-25 00:00:00,2018-04-25 01:00,0.51988,0.05,0.0,0.003,0.46688,0.0,0.0,0.0,0.0
2018-04-25 01:00:00,2018-04-25 02:00,0.60276,0.13759,0.0,0.003,0.46217,0.0,0.0,0.0,0.0
2018-04-25 02:00:00,2018-04-25 03:00,0.72561,0.26613,0.0,0.003,0.45648,0.0,0.0,0.0,0.0
2018-04-25 03:00:00,2018-04-25 04:00,0.86272,0.40569,0.0,0.003,0.45403,0.0,0.0,0.0,0.0
2018-04-25 04:00:00,2018-04-25 05:00,1.40353,0.52251,0.0,0.43416,0.44686,0.0,0.0,0.0,0.0
2018-04-25 05:00:00,2018-04-25 06:00,1.54189,0.6437,0.0,0.44682,0.45137,0.0,0.0,0.0,0.0
2018-04-25 06:00:00,2018-04-25 07:00,1.42019,0.82014,0.0,0.0675,0.53255,0.01124,0.0,0.0,0.01124
2018-04-25 07:00:00,2018-04-25 08:00,1.16874,0.38988,0.0,0.10795,0.67091,0.09367,0.0,0.0,0.09367
2018-04-25 08:00:00,2018-04-25 09:00,1.48682,0.49892,0.0,0.43219,0.55571,0.0,0.0,0.0,0.0
2018-04-25 09:00:00,2018-04-25 10:00,1.25989,0.36892,0.0,0.35435,0.53662,0.0,0.0,0.0,0.0
2018-04-25 10:00:00,2018-04-25 11:00,0.79622,0.26284,0.0,0.003,0.53038,0.0,0.0,0.0,0.0
2018-04-25 11:00:00,2018-04-25 12:00,1.15249,0.15052,0.0,0.43527,0.5667,0.0,0.0,0.0,0.0
2018-04-25 12:00:00,2018-04-25 13:00,0.79289,0.0475,0.0,0.18332,0.56207,0.0,0.0,0.0,0.0
2018-04-25 13:00:00,2018-04-25 14:00,0.49522,0.00851,0.0,0.003,0.48371,0.0,0.0,0.0,0.0
2018-04-25 14:00:00,2018-04-25 15:00,0.47668,0.0,0.0,0.003,0.47368,0.0,0.0,0.0,0.0
2018-04-25 15:00:00,2018-04-25 16:00,0.48386,0.0,0.0,0.003,0.48086,0.0,0.0,0.0,0.0
2018-04-25 16:00:00,2018-04-25 17:00,0.55654,0.0,0.0,0.003,0.55354,0.0,0.0,0.0,0.0
2018-04-25 17:00:00,2018-04-25 18:00,0.87635,0.0,0.0,0.2183,0.65805,0.01124,0.0,0.0,0.01124
2018-04-25 18:00:00,2018-04-25 19:00,1.32765,0.0,0.0,0.4538,0.87385,0.06745,0.0,0.0,0.06745
2018-04-25 19:00:00,2018-04-25 20:00,1.03894,0.0,0.0,0.21135,0.82759,0.0,0.0,0.0,0.0
2018-04-25 20:00:00,2018-04-25 21:00,0.72933,0.0,0.0,0.003,0.72633,0.0,0.0,0.0,0.0
2018-04-25 21:00:00,2018-04-25 22:00,1.05355,0.0,0.0,0.003,1.05055,0.0,0.0,0.0,0.0
2018-04-25 22:00:00,2018-04-25 23:00,0.88935,0.05,0.0,0.003,0.83635,0.0,0.0,0.0,0.0
2018-04-25 23:00:00,2018-04-26 00:00,0.56312,0.05,0.0,0.003,0.51012,0.0,0.0,0.0,0.0
2018-04-26 00:00:00,2018-04-26 01:00,0.52038,0.05,0.0,0.003,0.46738,0.0,0.0,0.0,0.0
2018-04-26 01:00:00,2018-04-26 02:00,0.51565,0.05,0.0,0.003,0.46265,0.0,0.0,0.0,0.0
2018-04-26 02:00:00,2018-04-26 03:00,0.57002,0.11041,0.0,0.003,0.45661,0.0,0.0,0.0,0.0
2018-04-26 03:00:00,2018-04-26 04:00,0.68646,0.22926,0.0,0.003,0.4542,0.0,0.0,0.0,0.0
2018-04-26 04:00:00,2018-04-26 05:00,0.75549,0.30425,0.0,0.003,0.44824,0.0,0.0,0.0,0.0
2018-04-26 05:00:00,2018-04-26 06:00,1.11201,0.31593,0.0,0.3335,0.46258,0.0,0.0,0.0,0.0
2018-04-26 06:00:00,2018-04-26 07:00,1.19858,0.44105,0.0,0.19375,0.56378,0.0,0.0,0.0,0.0
2018-04-26 07:00:00,2018-04-26 08:00,0.85146,0.36519,0.0,0.003,0.48327,0.0,0.0,0.0,0.0
2018-04-26 08:00:00,2018-04-26 09:00,0.72308,0.2488,0.0,0.003,0.47128,0.0,0.0,0.0,0.0
2018-04-26 09:00:00,2018-04-26 10:00,0.60899,0.13198,0.0,0.003,0.47401,0.0,0.0,0.0,0.0
2018-04-26 10:00:00,2018-04-26 11:00,0.9021,0.08746,0.0,0.33182,0.48282,0.0,0.0,0.0,0.0
2018-04-26 11:00:00,2018-04-26 12:00,0.64317,0.05224,0.0,0.12656,0.46437,0.0,0.0,0.0,0.0
2018-04-26 12:00:00,2018-04-26 13:00,0.51703,0.00303,0.0,0.003,0.511,0.0,0.0,0.0,0.0
2018-04-26 13:00:00,2018-04-26 14:00,0.93837,0.0,0.0,0.43784,0.50053,0.0,0.0,0.0,0.0
2018-04-26 14:00:00,2018-04-26 15:00,0.51648,0.0,0.0,0.01798,0.4985,0.0,0.0,0.0,0.0
2018-04-26 15:00:00,2018-04-26 16:00,0.97878,0.0,0.0,0.43878,0.54,0.0,0.0,0.0,0.0
2018-04-26 16:00:00,2018-04-26 17:00,0.57814,0.0,0.0,0.05954,0.5186,0.0,0.0,0.0,0.0
2018-04-26 17:00:00,2018-04-26 18:00,0.80761,0.0,0.0,0.10846,0.69915,0.0,0.0,0.0,0.0
2018-04-26 18:00:00,2018-04-26 19:00,1.29026,0.0,0.0,0.32235,0.96791,0.0,0.0,0.0,0.0
2018-04-26 19:00:00,2018-04-26 20:00,1.29363,0.0,0.0,0.10916,1.18447,0.0,0.0,0.0,0.0
2018-04-26 20:00:00,2018-04-26 21:00,1.46935,0.0,0.00805,0.44407,1.01723,0.0,0.0,0.0,0.0
2018-04-26 21:00:00,2018-04-26 22:00,0.9713,0.0,0.0,0.09629,0.87501,0.0,0.0,0.0,0.0
2018-04-26 22:00:00,2018-04-26 23:00,0.60454,0.0,0.0,0.003,0.60154,0.0,0.0,0.0,0.0
2018-04-26 23:00:00,2018-04-27 00:00,0.52691,0.05,0.0,0.003,0.47391,0.0,0.0,0.0,0.0
2018-04-27 00:00:00,2018-04-27 01:00,0.52068,0.05,0.0,0.003,0.46768,0.0,0.0,0.0,0.0
2018-04-27 01:00:00,2018-04-27 02:00,0.51586,0.05,0.0,0.003,0.46286,0.0,0.0,0.0,0.0
2018-04-27 02:00:00,2018-04-27 03:00,0.57219,0.1125,0.0,0.003,0.45669,0.0,0.0,0.0,0.0
2018-04-27 03:00:00,2018-04-27 04:00,0.78063,0.21654,0.0,0.11024,0.45385,0.0,0.0,0.0,0.0
2018-04-27 04:00:00,2018-04-27 05:00,1.14779,0.27425,0.0,0.42611,0.44743,0.0,0.0,0.0,0.0
2018-04-27 05:00:00,2018-04-27 06:00,0.82096,0.37024,0.0,0.003,0.44772,0.0,0.0,0.0,0.0
2018-04-27 06:00:00,2018-04-27 07:00,0.99878,0.50376,0.0,0.003,0.49202,0.0,0.0,0.0,0.0
2018-04-27 07:00:00,2018-04-27 08:00,1.08574,0.36647,0.0,0.21702,0.50225,0.0,0.0,0.0,0.0
2018-04-27 08:00:00,2018-04-27 09:00,0.97211,0.27661,0.0,0.2242,0.4713,0.0,0.0,0.0,0.0
2018-04-27 09:00:00,2018-04-27 10:00,0.66964,0.19264,0.0,0.003,0.474,0.0,0.0,0.0,0.0
2018-04-27 10:00:00,2018-04-27 11:00,0.5658,0.09587,0.0,0.003,0.46693,0.0,0.0,0.0,0.0
2018-04-27 11:00:00,2018-04-27 12:00,0.47332,0.00595,0.0,0.003,0.46437,0.0,0.0,0.0,0.0
2018-04-27 12:00:00,2018-04-27 13:00,0.50754,0.0,0.0,0.003,0.50454,0.0,0.0,0.0,0.0
2018-04-27 13:00:00,2018-04-27 14:00,0.47698,0.0,0.0,0.003,0.47398,0.0,0.0,0.0,0.0
2018-04-27 14:00:00,2018-04-27 15:00,0.47706,0.0,0.0,0.003,0.47406,0.0,0.0,0.0,0.0
2018-04-27 15:00:00,2018-04-27 16:00,0.47529,0.0,0.0,0.003,0.47229,0.0,0.0,0.0,0.0
2018-04-27 16:00:00,2018-04-27 17:00,0.62,0.0,0.0,0.1125,0.5075,0.01124,0.0,0.0,0.01124
2018-04-27 17:00:00,2018-04-27 18:00,0.9983,0.0,0.0,0.31387,0.68443,0.01498,0.0,0.0,0.01498
2018-04-27 18:00:00,2018-04-27 19:00,1.24593,0.0,0.0,0.003,1.24293,0.0,0.0,0.0,0.0
2018-04-27 19:00:00,2018-04-27 20:00,3.41501,0.0125,0.0,0.3113,3.09121,0.0,0.0,0.0,0.0
2018-04-27 20:00:00,2018-04-27 21:00,1.70558,0.05,0.0,0.41948,1.2361,0.0,0.0,0.0,0.0
2018-04-27 21:00:00,2018-04-27 22:00,1.5524,0.05,0.0,0.43503,1.06737,0.0,0.0,0.0,0.0
2018-04-27 22:00:00,2018-04-27 23:00,1.14523,0.05,0.0,0.40432,0.69091,0.0,0.0,0.0,0.0
2018-04-27 23:00:00,2018-04-28 00:00,0.74288,0.23098,0.0,0.003,0.5089,0.0,0.0,0.0,0.0
2018-04-28 00:00:00,2018-04-28 01:00,0.7829,0.31229,0.0,0.003,0.46761,0.0,0.0,0.0,0.0
2018-04-28 01:00:00,2018-04-28 02:00,0.93726,0.47112,0.0,0.003,0.46314,0.0,0.0,0.0,0.0
2018-04-28 02:00:00,2018-04-28 03:00,1.04147,0.58178,0.0,0.003,0.45669,0.0,0.0,0.0,0.0
2018-04-28 03:00:00,2018-04-28 04:00,1.11232,0.65585,0.0,0.003,0.45347,0.0,0.0,0.0,0.0
2018-04-28 04:00:00,2018-04-28 05:00,1.19818,0.74489,0.0,0.003,0.45029,0.0,0.0,0.0,0.0
2018-04-28 05:00:00,2018-04-28 06:00,1.6133,0.82419,0.0,0.32556,0.46355,0.0,0.0,0.0,0.0
2018-04-28 06:00:00,2018-04-28 07:00,2.45981,1.08447,0.0,0.003,1.37234,0.0,0.0,0.0,0.0
2018-04-28 07:00:00,2018-04-28 08:00,3.03573,0.8377,0.0,0.21936,1.97867,0.0,0.0,0.0,0.0
2018-04-28 08:00:00,2018-04-28 09:00,1.66075,0.5316,0.0,0.44694,0.68221,0.0,0.0,0.0,0.0
2018-04-28 09:00:00,2018-04-28 10:00,1.44477,0.30152,0.0,0.37207,0.77118,0.0,0.0,0.0,0.0
2018-04-28 10:00:00,2018-04-28 11:00,0.9192,0.1093,0.0,0.003,0.8069,0.02622,0.0,0.0,0.02622
2018-04-28 11:00:00,2018-04-28 12:00,0.93063,0.06789,0.0,0.10644,0.7563,0.0,0.0,0.0,0.0
2018-04-28 12:00:00,2018-04-28 13:00,1.138,0.00307,0.0,0.41612,0.71881,0.0,0.0,0.0,0.0
2018-04-28 13:00:00,2018-04-28 14:00,1.14656,0.0,0.0,0.41424,0.73232,0.0,0.0,0.0,0.0
2018-04-28 14:00:00,2018-04-28 15:00,1.5042,0.0,0.0,0.003,1.5012,0.0,0.0,0.0,0.0
2018-04-28 15:00:00,2018-04-28 16:00,2.90256,0.0,0.0,0.21718,2.68538,0.0,0.0,0.0,0.0
2018-04-28 16:00:00,2018-04-28 17:00,1.26697,0.0,0.0,0.3251,0.94187,0.0,0.0,0.0,0.0
2018-04-28 17:00:00,2018-04-28 18:00,1.00098,0.0,0.0,0.003,0.99798,0.0,0.0,0.0,0.0
2018-04-28 18:00:00,2018-04-28 19:00,1.23161,0.0,0.0,0.11009,1.12152,0.0,0.0,0.0,0.0
2018-04-28 19:00:00,2018-04-28 20:00,1.57617,0.0,0.01716,0.33082,1.22819,0.0,0.0,0.0,0.0
2018-04-28 20:00:00,2018-04-28 21:00,1.36605,0.0,0.02575,0.003,1.3373,0.0,0.0,0.0,0.0
2018-04-28 21:00:00,2018-04-28 22:00,1.3249,0.025,0.004,0.003,1.2929,0.0,0.0,0.0,0.0
2018-04-28 22:00:00,2018-04-28 23:00,0.92112,0.05,0.0,0.003,0.86812,0.0,0.0,0.0,0.0
2018-04-28 23:00:00,2018-04-29 00:00,0.5744,0.05,0.0,0.003,0.5214,0.0,0.0,0.0,0.0
2018-04-29 00:00:00,2018-04-29 01:00,0.85952,0.05,0.0,0.33417,0.47535,0.0,0.0,0.0,0.0
2018-04-29 01:00:00,2018-04-29 02:00,0.53096,0.05,0.0,0.01688,0.46408,0.0,0.0,0.0,0.0
2018-04-29 02:00:00,2018-04-29 03:00,0.57262,0.11174,0.0,0.003,0.45788,0.0,0.0,0.0,0.0
2018-04-29 03:00:00,2018-04-29 04:00,0.70304,0.24457,0.0,0.003,0.45547,0.0,0.0,0.0,0.0
2018-04-29 04:00:00,2018-04-29 05:00,0.80713,0.35465,0.0,0.003,0.44948,0.0,0.0,0.0,0.0
2018-04-29 05:00:00,2018-04-29 06:00,0.89043,0.43079,0.0,0.003,0.45664,0.0,0.0,0.0,0.0
2018-04-29 06:00:00,2018-04-29 07:00,1.44652,0.51915,0.0,0.39714,0.53023,0.0,0.0,0.0,0.0
2018-04-29 07:00:00,2018-04-29 08:00,0.8792,0.31632,0.0,0.003,0.55988,0.0,0.0,0.0,0.0
2018-04-29 08:00:00,2018-04-29 09:00,0.80946,0.17208,0.0,0.003,0.63438,0.0,0.0,0.0,0.0
2018-04-29 09:00:00,2018-04-29 10:00,0.74196,0.0713,0.0,0.003,0.66766,0.0,0.0,0.0,0.0
2018-04-29 10:00:00,2018-04-29 11:00,1.16778,0.00402,0.0,0.43862,0.72514,0.0,0.0,0.0,0.0
2018-04-29 11:00:00,2018-04-29 12:00,2.48516,0.0,0.0,0.4216,2.06356,0.0,0.0,0.0,0.0
2018-04-29 12:00:00,2018-04-29 13:00,2.66801,0.0,0.0,0.44094,2.22707,0.02622,0.0,0.0,0.02622
2018-04-29 13:00:00,2018-04-29 14:00,1.21422,0.0,0.0,0.43626,0.77796,0.0,0.0,0.0,0.0
2018-04-29 14:00:00,2018-04-29 15:00,0.8489,0.0,0.0,0.003,0.8459,0.0,0.0,0.0,0.0
2018-04-29 15:00:00,2018-04-29 16:00,0.94116,0.0,0.04335,0.003,0.89481,0.0,0.0,0.0,0.0
2018-04-29 16:00:00,2018-04-29 17:00,1.31581,0.0,0.14687,0.21487,0.95407,0.01124,0.0,0.0,0.01124
2018-04-29 17:00:00,2018-04-29 18:00,1.52388,0.0,0.20009,0.31018,1.01361,0.01498,0.0,0.0,0.01498
2018-04-29 18:00:00,2018-04-29 19:00,1.18876,0.0,0.1522,0.003,1.03356,0.0,0.0,0.0,0.0
2018-04-29 19:00:00,2018-04-29 20:00,1.20955,0.0,0.19283,0.003,1.01372,0.05247,0.0,0.0,0.05247
2018-04-29 20:00:00,2018-04-29 21:00,1.23029,0.0,0.11781,0.003,1.10948,0.0,0.0,0.0,0.0
2018-04-29 21:00:00,2018-04-29 22:00,0.90394,0.0,0.06833,0.003,0.83261,0.0,0.0,0.0,0.0
2018-04-29 22:00:00,2018-04-29 23:00,0.56376,0.0,0.01798,0.003,0.54278,0.0,0.0,0.0,0.0
2018-04-29 23:00:00,2018-04-30 00:00,0.51723,0.0,0.0,0.003,0.51423,0.0,0.0,0.0,0.0
2018-04-30 00:00:00,2018-04-30 01:00,0.48445,0.0,0.0,0.003,0.48145,0.0,0.0,0.0,0.0
2018-04-30 01:00:00,2018-04-30 02:00,0.46701,0.0,0.0,0.003,0.46401,0.0,0.0,0.0,0.0
2018-04-30 02:00:00,2018-04-30 03:00,0.4609,0.0,0.0,0.003,0.4579,0.0,0.0,0.0,0.0
2018-04-30 03:00:00,2018-04-30 04:00,0.4586,0.0,0.0,0.003,0.4556,0.0,0.0,0.0,0.0
2018-04-30 04:00:00,2018-04-30 05:00,0.56289,0.0,0.0,0.11347,0.44942,0.0,0.0,0.0,0.0
2018-04-30 05:00:00,2018-04-30 06:00,0.926,0.0,0.0,0.44608,0.47992,0.01124,0.0,0.0,0.01124
2018-04-30 06:00:00,2018-04-30 07:00,0.75695,0.0,0.0,0.12279,0.63416,0.04123,0.0,0.0,0.04123
2018-04-30 07:00:00,2018-04-30 08:00,0.8696,0.0,0.0,0.31857,0.55103,0.0,0.0,0.0,0.0
2018-04-30 08:00:00,2018-04-30 09:00,0.98408,0.0,0.0,0.44266,0.54142,0.0,0.0,0.0,0.0
2018-04-30 09:00:00,2018-04-30 10:00,0.68575,0.0,0.0,0.10142,0.58433,0.0,0.0,0.0,0.0
2018-04-30 10:00:00,2018-04-30 11:00,0.51179,0.0,0.0,0.003,0.50879,0.0,0.0,0.0,0.0
2018-04-30 11:00:00,2018-04-30 12:00,0.46779,0.0,0.0,0.003,0.46479,0.0,0.0,0.0,0.0
2018-04-30 12:00:00,2018-04-30 13:00,0.83412,0.0,0.0,0.36073,0.47339,0.0,0.0,0.0,0.0
2018-04-30 13:00:00,2018-04-30 14:00,0.47787,0.0,0.0,0.003,0.47487,0.0,0.0,0.0,0.0
2018-04-30 14:00:00,2018-04-30 15:00,0.56339,0.0,0.07746,0.003,0.48293,0.0,0.0,0.0,0.0
2018-04-30 15:00:00,2018-04-30 16:00,1.21382,0.0,0.33459,0.32914,0.55009,0.0,0.0,0.0,0.0
2018-04-30 16:00:00,2018-04-30 17:00,1.54444,0.0,0.51319,0.4216,0.60965,0.0,0.0,0.0,0.0
2018-04-30 17:00:00,2018-04-30 18:00,1.31227,0.0,0.55456,0.003,0.75471,0.0,0.0,0.0,0.0
2018-04-30 18:00:00,2018-04-30 19:00,1.63176,0.0,0.57219,0.21686,0.84271,0.0,0.0,0.0,0.0
2018-04-30 19:00:00,2018-04-30 20:00,1.84596,0.0,0.49852,0.26983,1.07761,0.0,0.0,0.0,0.0
2018-04-30 20:00:00,2018-04-30 21:00,1.7515,0.0,0.441,0.003,1.3075,0.0,0.0,0.0,0.0
2018-04-30 21:00:00,2018-04-30 22:00,1.54494,0.0,0.39237,0.003,1.14957,0.0,0.0,0.0,0.0
2018-04-30 22:00:00,2018-04-30 23:00,0.99084,0.0,0.33121,0.003,0.65663,0.0,0.0,0.0,0.0
2018-04-30 23:00:00,2018-05-01 00:00,0.76667,0.0,0.27065,0.003,0.49302,0.0,0.0,0.0,0.0
2018-05-01 00:00:00,2018-05-01 01:00,1.04271,0.0,0.24093,0.33331,0.46847,0.0,0.0,0.0,0.0
2018-05-01 01:00:00,2018-05-01 02:00,0.67327,0.0,0.20616,0.003,0.46411,0.0,0.0,0.0,0.0
2018-05-01 02:00:00,2018-05-01 03:00,0.61787,0.0,0.15678,0.003,0.45809,0.0,0.0,0.0,0.0
2018-05-01 03:00:00,2018-05-01 04:00,0.57785,0.0,0.11886,0.003,0.45599,0.0,0.0,0.0,0.0
2018-05-01 04:00:00,2018-05-01 05:00,0.54908,0.0,0.09619,0.003,0.44989,0.0,0.0,0.0,0.0
2018-05-01 05:00:00,2018-05-01 06:00,0.57159,0.0,0.09603,0.003,0.47256,0.01124,0.0,0.0,0.01124
2018-05-01 06:00:00,2018-05-01 07:00,0.77261,0.0,0.06522,0.11357,0.59382,0.01498,0.0,0.0,0.01498
2018-05-01 07:00:00,2018-05-01 08:00,1.15609,0.0,0.06988,0.44952,0.63669,0.02622,0.0,0.0,0.02622
2018-05-01 08:00:00,2018-05-01 09:00,0.54921,0.0,0.00656,0.03071,0.51194,0.0,0.0,0.0,0.0
2018-05-01 09:00:00,2018-05-01 10:00,0.49695,0.0,0.01829,0.003,0.47566,0.0,0.0,0.0,0.0
2018-05-01 10:00:00,2018-05-01 11:00,0.50463,0.0,0.03252,0.003,0.46911,0.0,0.0,0.0,0.0
2018-05-01 11:00:00,2018-05-01 12:00,0.58152,0.0,0.05867,0.003,0.51985,0.0,0.0,0.0,0.0
2018-05-01 12:00:00,2018-05-01 13:00,0.73678,0.0,0.08567,0.11321,0.5379,0.0,0.0,0.0,0.0
2018-05-01 13:00:00,2018-05-01 14:00,1.08279,0.0,0.1396,0.38399,0.5592,0.01124,0.0,0.0,0.01124
2018-05-01 14:00:00,2018-05-01 15:00,0.83191,0.0,0.20266,0.003,0.62625,0.01498,0.0,0.0,0.01498
2018-05-01 15:00:00,2018-05-01 16:00,0.98798,0.0,0.20375,0.22451,0.55972,0.0,0.0,0.0,0.0
2018-05-01 16:00:00,2018-05-01 17:00,1.18118,0.0,0.33906,0.19935,0.64277,0.06745,0.0,0.0,0.06745
2018-05-01 17:00:00,2018-05-01 18:00,1.02212,0.0,0.29759,0.003,0.72153,0.01312,0.0,0.0,0.01312
2018-05-01 18:00:00,2018-05-01 19:00,1.1124,0.0,0.25705,0.003,0.85235,0.0,0.0,0.0,0.0
2018-05-01 19:00:00,2018-05-01 20:00,1.1557,0.0,0.25832,0.003,0.89438,0.0,0.0,0.0,0.0
2018-05-01 20:00:00,2018-05-01 21:00,1.79308,0.0,0.28037,0.33746,1.17525,0.0,0.0,0.0,0.0
2018-05-01 21:00:00,2018-05-01 22:00,1.198,0.0,0.24248,0.05242,0.9031,0.0,0.0,0.0,0.0
2018-05-01 22:00:00,2018-05-01 23:00,0.92507,0.0,0.20013,0.003,0.72194,0.0,0.0,0.0,0.0
2018-05-01 23:00:00,2018-05-02 00:00,0.63243,0.0,0.10782,0.003,0.52161,0.0,0.0,0.0,0.0
2018-05-02 00:00:00,2018-05-02 01:00,0.50566,0.0,0.01577,0.003,0.48689,0.0,0.0,0.0,0.0
2018-05-02 01:00:00,2018-05-02 02:00,0.79468,0.0,0.00194,0.32076,0.47198,0.0,0.0,0.0,0.0
2018-05-02 02:00:00,2018-05-02 03:00,0.464,0.0,0.0,0.003,0.461,0.0,0.0,0.0,0.0
2018-05-02 03:00:00,2018-05-02 04:00,0.459,0.0,0.0,0.003,0.456,0.0,0.0,0.0,0.0
2018-05-02 04:00:00,2018-05-02 05:00,0.45231,0.0,0.0,0.003,0.44931,0.0,0.0,0.0,0.0
2018-05-02 05:00:00,2018-05-02 06:00,0.50172,0.05,0.0,0.003,0.44872,0.0,0.0,0.0,0.0
2018-05-02 06:00:00,2018-05-02 07:00,0.95465,0.05,0.0,0.33925,0.5654,0.0,0.0,0.0,0.0
2018-05-02 07:00:00,2018-05-02 08:00,0.96283,0.05,0.0,0.2839,0.62893,0.0,0.0,0.0,0.0
2018-05-02 08:00:00,2018-05-02 09:00,0.88044,0.05,0.0,0.21734,0.6131,0.0,0.0,0.0,0.0
2018-05-02 09:00:00,2018-05-02 10:00,1.12507,0.0375,0.0,0.44985,0.63772,0.0,0.0,0.0,0.0
2018-05-02 10:00:00,2018-05-02 11:00,0.61362,0.0,0.0,0.12733,0.48629,0.0,0.0,0.0,0.0
2018-05-02 11:00:00,2018-05-02 12:00,0.48999,0.0,0.0,0.003,0.48699,0.0,0.0,0.0,0.0
2018-05-02 12:00:00,2018-05-02 13:00,0.5398,0.0,0.0,0.003,0.5368,0.0,0.0,0.0,0.0
2018-05-02 13:00:00,2018-05-02 14:00,0.99139,0.0,0.0,0.44407,0.54732,0.0,0.0,0.0,0.0
2018-05-02 14:00:00,2018-05-02 15:00,0.98062,0.0,0.0,0.36965,0.61097,0.0,0.0,0.0,0.0
2018-05-02 15:00:00,2018-05-02 16:00,0.74086,0.0,0.08749,0.003,0.65037,0.02622,0.0,0.0,0.02622
2018-05-02 16:00:00,2018-05-02 17:00,0.74227,0.0,0.12912,0.003,0.61015,0.0,0.0,0.0,0.0
2018-05-02 17:00:00,2018-05-02 18:00,0.88138,0.0,0.18276,0.003,0.69562,0.0,0.0,0.0,0.0
2018-05-02 18:00:00,2018-05-02 19:00,1.0455,0.0,0.17753,0.003,0.86497,0.0,0.0,0.0,0.0
2018-05-02 19:00:00,2018-05-02 20:00,1.4475,0.0,0.17525,0.43678,0.83547,0.0,0.0,0.0,0.0
2018-05-02 20:00:00,2018-05-02 21:00,1.84933,0.0,0.21376,0.44104,1.19453,0.0,0.0,0.0,0.0
2018-05-02 21:00:00,2018-05-02 22:00,1.62723,0.0,0.17826,0.44897,1.0,0.0,0.0,0.0,0.0
2018-05-02 22:00:00,2018-05-02 23:00,0.99102,0.0,0.12778,0.13623,0.72701,0.0,0.0,0.0,0.0
2018-05-02 23:00:00,2018-05-03 00:00,0.66965,0.0,0.0973,0.003,0.56935,0.0,0.0,0.0,0.0
2018-05-03 00:00:00,2018-05-03 01:00,0.5821,0.0,0.09508,0.003,0.48402,0.0,0.0,0.0,0.0
2018-05-03 01:00:00,2018-05-03 02:00,0.53783,0.0,0.07071,0.003,0.46412,0.0,0.0,0.0,0.0
2018-05-03 02:00:00,2018-05-03 03:00,0.50687,0.0,0.04577,0.003,0.4581,0.0,0.0,0.0,0.0
2018-05-03 03:00:00,2018-05-03 04:00,0.47911,0.0,0.02014,0.003,0.45597,0.0,0.0,0.0,0.0
2018-05-03 04:00:00,2018-05-03 05:00,0.56764,0.0,0.00227,0.11407,0.4513,0.0,0.0,0.0,0.0
2018-05-03 05:00:00,2018-05-03 06:00,0.7062,0.0,0.0,0.23917,0.46703,0.0,0.0,0.0,0.0
2018-05-03 06:00:00,2018-05-03 07:00,0.55029,0.0,0.0,0.003,0.54729,0.01124,0.0,0.0,0.01124
2018-05-03 07:00:00,2018-05-03 08:00,0.88935,0.0,0.11208,0.11242,0.66485,0.11242,0.0,0.0,0.11242
2018-05-03 08:00:00,2018-05-03 09:00,0.93078,0.0,0.09596,0.2854,0.54942,0.03746,0.0,0.0,0.03746
2018-05-03 09:00:00,2018-05-03 10:00,0.60511,0.0,0.06476,0.003,0.53735,0.0,0.0,0.0,0.0
2018-05-03 10:00:00,2018-05-03 11:00,0.58767,0.0,0.09056,0.003,0.49411,0.0,0.0,0.0,0.0
2018-05-03 11:00:00,2018-05-03 12:00,0.59325,0.0,0.12384,0.003,0.46641,0.0,0.0,0.0,0.0
2018-05-03 12:00:00,2018-05-03 13:00,0.64688,0.0,0.16921,0.003,0.47467,0.0,0.0,0.0,0.0
2018-05-03 13:00:00,2018-05-03 14:00,1.00847,0.0,0.21197,0.32102,0.47548,0.0,0.0,0.0,0.0
2018-05-03 14:00:00,2018-05-03 15:00,0.74345,0.0,0.265,0.003,0.47545,0.0,0.0,0.0,0.0
2018-05-03 15:00:00,2018-05-03 16:00,0.78074,0.0,0.30444,0.003,0.4733,0.0,0.0,0.0,0.0
2018-05-03 16:00:00,2018-05-03 17:00,1.06754,0.0,0.40047,0.003,0.66407,0.02622,0.0,0.0,0.02622
2018-05-03 17:00:00,2018-05-03 18:00,1.31269,0.0,0.36717,0.22177,0.72375,0.0,0.0,0.0,0.0
2018-05-03 18:00:00,2018-05-03 19:00,1.60898,0.0,0.38014,0.2974,0.93144,0.0,0.0,0.0,0.0
2018-05-03 19:00:00,2018-05-03 20:00,1.51781,0.0,0.37844,0.003,1.13637,0.0,0.0,0.0,0.0
2018-05-03 20:00:00,2018-05-03 21:00,1.74944,0.0,0.36652,0.11162,1.2713,0.0,0.0,0.0,0.0
2018-05-03 21:00:00,2018-05-03 22:00,1.6879,0.0,0.32594,0.22322,1.13874,0.0,0.0,0.0,0.0
2018-05-03 22:00:00,2018-05-03 23:00,1.12439,0.0,0.27961,0.003,0.84178,0.0,0.0,0.0,0.0
2018-05-03 23:00:00,2018-05-04 00:00,0.75027,0.0,0.21992,0.003,0.52735,0.0,0.0,0.0,0.0
2018-05-04 00:00:00,2018-05-04 01:00,0.62313,0.0,0.15166,0.003,0.46847,0.0,0.0,0.0,0.0
2018-05-04 01:00:00,2018-05-04 02:00,0.58946,0.0,0.12235,0.003,0.46411,0.0,0.0,0.0,0.0
2018-05-04 02:00:00,2018-05-04 03:00,0.54262,0.0,0.08152,0.003,0.4581,0.0,0.0,0.0,0.0
2018-05-04 03:00:00,2018-05-04 04:00,0.49777,0.0,0.03878,0.003,0.45599,0.0,0.0,0.0,0.0
2018-05-04 04:00:00,2018-05-04 05:00,0.45804,0.0,0.00516,0.003,0.44988,0.0,0.0,0.0,0.0
2018-05-04 05:00:00,2018-05-04 06:00,0.59068,0.0,0.0,0.11432,0.47636,0.0,0.0,0.0,0.0
2018-05-04 06:00:00,2018-05-04 07:00,1.96037,0.0,0.0,0.44962,1.51075,0.0,0.0,0.0,0.0
2018-05-04 07:00:00,2018-05-04 08:00,2.3412,0.0,0.0,0.3284,2.0128,0.01124,0.0,0.0,0.01124
2018-05-04 08:00:00,2018-05-04 09:00,0.82444,0.0,0.10569,0.10735,0.6114,0.06933,0.0,0.0,0.06933
2018-05-04 09:00:00,2018-05-04 10:00,1.01752,0.0,0.03461,0.43928,0.54363,0.0,0.0,0.0,0.0
2018-05-04 10:00:00,2018-05-04 11:00,0.85723,0.0,0.13742,0.1788,0.54101,0.0,0.0,0.0,0.0
2018-05-04 11:00:00,2018-05-04 12:00,0.68218,0.0,0.20334,0.003,0.47584,0.0,0.0,0.0,0.0
2018-05-04 12:00:00,2018-05-04 13:00,0.75618,0.0,0.2785,0.003,0.47468,0.0,0.0,0.0,0.0
2018-05-04 13:00:00,2018-05-04 14:00,0.83609,0.0,0.35764,0.003,0.47545,0.0,0.0,0.0,0.0
2018-05-04 14:00:00,2018-05-04 15:00,1.1685,0.0,0.4178,0.22503,0.52567,0.0,0.0,0.0,0.0
2018-05-04 15:00:00,2018-05-04 16:00,0.99439,0.0,0.41145,0.10962,0.47332,0.0,0.0,0.0,0.0
2018-05-04 16:00:00,2018-05-04 17:00,1.06957,0.0,0.47238,0.003,0.59419,0.0,0.0,0.0,0.0
2018-05-04 17:00:00,2018-05-04 18:00,1.4685,0.0,0.56895,0.11157,0.78798,0.02622,0.0,0.0,0.02622
2018-05-04 18:00:00,2018-05-04 19:00,1.94321,0.0,0.55188,0.37795,1.01338,0.0,0.0,0.0,0.0
2018-05-04 19:00:00,2018-05-04 20:00,1.36747,0.0,0.4462,0.003,0.91827,0.0,0.0,0.0,0.0
2018-05-04 20:00:00,2018-05-04 21:00,1.63304,0.0,0.4068,0.003,1.22324,0.0,0.0,0.0,0.0
2018-05-04 21:00:00,2018-05-04 22:00,1.71757,0.0,0.32146,0.33488,1.06123,0.0,0.0,0.0,0.0
2018-05-04 22:00:00,2018-05-04 23:00,1.08342,0.0,0.25998,0.0455,0.77794,0.0,0.0,0.0,0.0
2018-05-04 23:00:00,2018-05-05 00:00,0.7242,0.0,0.20634,0.003,0.51486,0.0,0.0,0.0,0.0
2018-05-05 00:00:00,2018-05-05 01:00,0.69146,0.0,0.21873,0.003,0.46973,0.0,0.0,0.0,0.0
2018-05-05 01:00:00,2018-05-05 02:00,0.6499,0.0,0.18155,0.003,0.46535,0.0,0.0,0.0,0.0
2018-05-05 02:00:00,2018-05-05 03:00,0.62029,0.0,0.15797,0.003,0.45932,0.0,0.0,0.0,0.0
2018-05-05 03:00:00,2018-05-05 04:00,0.60443,0.0,0.1442,0.003,0.45723,0.0,0.0,0.0,0.0
2018-05-05 04:00:00,2018-05-05 05:00,0.57886,0.0,0.12473,0.003,0.45113,0.0,0.0,0.0,0.0
2018-05-05 05:00:00,2018-05-05 06:00,0.53947,0.0,0.08565,0.003,0.45082,0.0,0.0,0.0,0.0
2018-05-05 06:00:00,2018-05-05 07:00,0.69528,0.0,0.04539,0.11251,0.53738,0.01124,0.0,0.0,0.01124
2018-05-05 07:00:00,2018-05-05 08:00,1.22193,0.0,0.1155,0.4502,0.65623,0.01498,0.0,0.0,0.01498
2018-05-05 08:00:00,2018-05-05 09:00,0.99184,0.0,0.13076,0.24284,0.61824,0.0,0.0,0.0,0.0
2018-05-05 09:00:00,2018-05-05 10:00,1.16305,0.0,0.18492,0.28586,0.69227,0.0,0.0,0.0,0.0
2018-05-05 10:00:00,2018-05-05 11:00,1.0356,0.0,0.25393,0.003,0.77867,0.0,0.0,0.0,0.0
2018-05-05 11:00:00,2018-05-05 12:00,1.16871,0.0,0.35688,0.003,0.80883,0.02622,0.0,0.0,0.02622
2018-05-05 12:00:00,2018-05-05 13:00,1.52373,0.0,0.39142,0.33315,0.79916,0.0,0.0,0.0,0.0
2018-05-05 13:00:00,2018-05-05 14:00,1.32821,0.0,0.47429,0.08852,0.7654,0.0,0.0,0.0,0.0
2018-05-05 14:00:00,2018-05-05 15:00,1.2119,0.0,0.54269,0.003,0.66621,0.0,0.0,0.0,0.0
2018-05-05 15:00:00,2018-05-05 16:00,1.76606,0.0,0.63027,0.32855,0.80724,0.0,0.0,0.0,0.0
2018-05-05 16:00:00,2018-05-05 17:00,2.02348,0.0,0.72031,0.44644,0.85673,0.0,0.0,0.0,0.0
2018-05-05 17:00:00,2018-05-05 18:00,1.63972,0.0,0.77818,0.03444,0.8271,0.06745,0.0,0.0,0.06745
2018-05-05 18:00:00,2018-05-05 19:00,1.61965,0.0,0.59674,0.003,1.01991,0.06745,0.0,0.0,0.06745
2018-05-05 19:00:00,2018-05-05 20:00,1.29495,0.0,0.41458,0.003,0.87737,0.0,0.0,0.0,0.0
2018-05-05 20:00:00,2018-05-05 21:00,1.50347,0.0,0.37882,0.003,1.12165,0.0,0.0,0.0,0.0
2018-05-05 21:00:00,2018-05-05 22:00,1.65438,0.0,0.37356,0.003,1.27782,0.01124,0.0,0.0,0.01124
2018-05-05 22:00:00,2018-05-05 23:00,1.26231,0.0,0.37915,0.003,0.88016,0.04123,0.0,0.0,0.04123
2018-05-05 23:00:00,2018-05-06 00:00,1.09339,0.0,0.2346,0.33457,0.52422,0.0,0.0,0.0,0.0
2018-05-06 00:00:00,2018-05-06 01:00,0.65475,0.0,0.18203,0.003,0.46972,0.0,0.0,0.0,0.0
2018-05-06 01:00:00,2018-05-06 02:00,0.59978,0.0,0.13142,0.003,0.46536,0.0,0.0,0.0,0.0
2018-05-06 02:00:00,2018-05-06 03:00,0.56092,0.0,0.0984,0.003,0.45952,0.0,0.0,0.0,0.0
2018-05-06 03:00:00,2018-05-06 04:00,0.53544,0.0,0.07253,0.003,0.45991,0.0,0.0,0.0,0.0
2018-05-06 04:00:00,2018-05-06 05:00,0.52244,0.0,0.0683,0.003,0.45114,0.0,0.0,0.0,0.0
2018-05-06 05:00:00,2018-05-06 06:00,0.84583,0.0,0.05074,0.34044,0.45465,0.0,0.0,0.0,0.0
2018-05-06 06:00:00,2018-05-06 07:00,0.54079,0.0,0.00178,0.003,0.53601,0.0,0.0,0.0,0.0
2018-05-06 07:00:00,2018-05-06 08:00,0.74652,0.0,0.04809,0.11453,0.5839,0.0,0.0,0.0,0.0
2018-05-06 08:00:00,2018-05-06 09:00,1.20874,0.0,0.1002,0.45226,0.65628,0.0,0.0,0.0,0.0
2018-05-06 09:00:00,2018-05-06 10:00,1.0062,0.0,0.14437,0.0929,0.76893,0.0,0.0,0.0,0.0
2018-05-06 10:00:00,2018-05-06 11:00,0.91948,0.0,0.18433,0.003,0.73215,0.0,0.0,0.0,0.0
2018-05-06 11:00:00,2018-05-06 12:00,1.04911,0.0,0.23509,0.11086,0.70316,0.0,0.0,0.0,0.0
2018-05-06 12:00:00,2018-05-06 13:00,1.32869,0.0,0.3005,0.30172,0.72647,0.0,0.0,0.0,0.0
2018-05-06 13:00:00,2018-05-06 14:00,1.3565,0.0,0.40597,0.11144,0.83909,0.01124,0.0,0.0,0.01124
2018-05-06 14:00:00,2018-05-06 15:00,1.88781,0.0,0.55076,0.44,0.89705,0.04123,0.0,0.0,0.04123
2018-05-06 15:00:00,2018-05-06 16:00,1.64561,0.0,0.53839,0.21776,0.88946,0.0,0.0,0.0,0.0
2018-05-06 16:00:00,2018-05-06 17:00,1.87137,0.0,0.57966,0.3324,0.95931,0.0,0.0,0.0,0.0
2018-05-06 17:00:00,2018-05-06 18:00,3.75441,0.0,0.66285,0.28215,2.80941,0.0,0.0,0.0,0.0
2018-05-06 18:00:00,2018-05-06 19:00,2.99789,0.0,0.66209,0.003,2.3328,0.0,0.0,0.0,0.0
2018-05-06 19:00:00,2018-05-06 20:00,1.57893,0.0,0.56504,0.003,1.01089,0.0,0.0,0.0,0.0
2018-05-06 20:00:00,2018-05-06 21:00,1.94786,0.0,0.49832,0.42675,1.02279,0.0,0.0,0.0,0.0
2018-05-06 21:00:00,2018-05-06 22:00,1.52687,0.0,0.44913,0.003,1.07474,0.0,0.0,0.0,0.0
2018-05-06 22:00:00,2018-05-06 23:00,1.61482,0.0,0.37753,0.44576,0.79153,0.0,0.0,0.0,0.0
2018-05-06 23:00:00,2018-05-07 00:00,0.96408,0.0,0.31382,0.07506,0.5752,0.0,0.0,0.0,0.0
2018-05-07 00:00:00,2018-05-07 01:00,0.72267,0.0,0.23276,0.003,0.48691,0.0,0.0,0.0,0.0
2018-05-07 01:00:00,2018-05-07 02:00,0.65597,0.0,0.18098,0.003,0.47199,0.0,0.0,0.0,0.0
2018-05-07 02:00:00,2018-05-07 03:00,0.81916,0.0,0.13744,0.22066,0.46106,0.0,0.0,0.0,0.0
2018-05-07 03:00:00,2018-05-07 04:00,0.88736,0.0,0.1105,0.31873,0.45813,0.0,0.0,0.0,0.0
2018-05-07 04:00:00,2018-05-07 05:00,0.53907,0.0,0.08477,0.003,0.4513,0.0,0.0,0.0,0.0
2018-05-07 05:00:00,2018-05-07 06:00,0.53192,0.0,0.05782,0.003,0.4711,0.0,0.0,0.0,0.0
2018-05-07 06:00:00,2018-05-07 07:00,1.03426,0.0,0.02581,0.43521,0.57324,0.0,0.0,0.0,0.0
2018-05-07 07:00:00,2018-05-07 08:00,0.66291,0.0,0.07968,0.003,0.58023,0.0,0.0,0.0,0.0
2018-05-07 08:00:00,2018-05-07 09:00,1.14829,0.0,0.19182,0.33012,0.62635,0.03935,0.0,0.0,0.03935
2018-05-07 09:00:00,2018-05-07 10:00,1.24777,0.0,0.34609,0.30316,0.59852,0.06745,0.0,0.0,0.06745
2018-05-07 10:00:00,2018-05-07 11:00,0.76889,0.0,0.29676,0.003,0.46913,0.0,0.0,0.0,0.0
2018-05-07 11:00:00,2018-05-07 12:00,0.90959,0.0,0.40248,0.003,0.50411,0.0,0.0,0.0,0.0
2018-05-07 12:00:00,2018-05-07 13:00,1.06708,0.0,0.5328,0.003,0.53128,0.0,0.0,0.0,0.0
2018-05-07 13:00:00,2018-05-07 14:00,1.01901,0.0,0.54053,0.003,0.47548,0.0,0.0,0.0,0.0
2018-05-07 14:00:00,2018-05-07 15:00,1.04942,0.0,0.57095,0.003,0.47547,0.0,0.0,0.0,0.0
2018-05-07 15:00:00,2018-05-07 16:00,1.46661,0.0,0.70519,0.22395,0.53747,0.0,0.0,0.0,0.0
2018-05-07 16:00:00,2018-05-07 17:00,1.48095,0.0,0.76571,0.13993,0.57531,0.0,0.0,0.0,0.0
2018-05-07 17:00:00,2018-05-07 18:00,1.66167,0.0,0.89868,0.003,0.75999,0.02622,0.0,0.0,0.02622
2018-05-07 18:00:00,2018-05-07 19:00,1.789,0.0,0.9021,0.003,0.8839,0.0,0.0,0.0,0.0
2018-05-07 19:00:00,2018-05-07 20:00,1.98268,0.0,0.77005,0.33728,0.87535,0.0,0.0,0.0,0.0
2018-05-07 20:00:00,2018-05-07 21:00,1.55067,0.0,0.64073,0.02162,0.88832,0.0,0.0,0.0,0.0
2018-05-07 21:00:00,2018-05-07 22:00,1.59049,0.0,0.56812,0.003,1.01937,0.0,0.0,0.0,0.0
2018-05-07 22:00:00,2018-05-07 23:00,1.14764,0.0,0.48612,0.003,0.65852,0.0,0.0,0.0,0.0
2018-05-07 23:00:00,2018-05-08 00:00,0.94081,0.0,0.41821,0.003,0.5196,0.0,0.0,0.0,0.0
2018-05-08 00:00:00,2018-05-08 01:00,0.94864,0.0,0.36824,0.11193,0.46847,0.0,0.0,0.0,0.0
2018-05-08 01:00:00,2018-05-08 02:00,1.02851,0.0,0.34172,0.22267,0.46412,0.0,0.0,0.0,0.0
2018-05-08 02:00:00,2018-05-08 03:00,0.78256,0.0,0.32146,0.003,0.4581,0.0,0.0,0.0,0.0
2018-05-08 03:00:00,2018-05-08 04:00,0.75921,0.0,0.2999,0.003,0.45631,0.0,0.0,0.0,0.0
2018-05-08 04:00:00,2018-05-08 05:00,0.84953,0.0,0.28345,0.1112,0.45488,0.0,0.0,0.0,0.0
2018-05-08 05:00:00,2018-05-08 06:00,1.01029,0.0,0.26225,0.27696,0.47108,0.0,0.0,0.0,0.0
2018-05-08 06:00:00,2018-05-08 07:00,1.23076,0.0,0.23886,0.4391,0.5528,0.0,0.0,0.0,0.0
2018-05-08 07:00:00,2018-05-08 08:00,1.0832,0.0,0.23898,0.26999,0.57423,0.0,0.0,0.0,0.0
2018-05-08 08:00:00,2018-05-08 09:00,0.77147,0.0,0.23532,0.003,0.53315,0.0,0.0,0.0,0.0
2018-05-08 09:00:00,2018-05-08 10:00,1.20824,0.0,0.22948,0.44142,0.53734,0.0,0.0,0.0,0.0
2018-05-08 10:00:00,2018-05-08 11:00,0.84603,0.0,0.22125,0.09944,0.52534,0.0,0.0,0.0,0.0
2018-05-08 11:00:00,2018-05-08 12:00,0.67743,0.0,0.17666,0.003,0.49777,0.0,0.0,0.0,0.0
2018-05-08 12:00:00,2018-05-08 13:00,0.62812,0.0,0.14399,0.003,0.48113,0.0,0.0,0.0,0.0
2018-05-08 13:00:00,2018-05-08 14:00,0.63773,0.0,0.14944,0.003,0.48529,0.0,0.0,0.0,0.0
2018-05-08 14:00:00,2018-05-08 15:00,0.64957,0.0,0.17111,0.003,0.47546,0.0,0.0,0.0,0.0
2018-05-08 15:00:00,2018-05-08 16:00,0.72092,0.0,0.18046,0.003,0.53746,0.0,0.0,0.0,0.0
2018-05-08 16:00:00,2018-05-08 17:00,1.19537,0.0,0.15974,0.45008,0.58555,0.0,0.0,0.0,0.0
2018-05-08 17:00:00,2018-05-08 18:00,0.97469,0.0,0.17366,0.06604,0.73499,0.01124,0.0,0.0,0.01124
2018-05-08 18:00:00,2018-05-08 19:00,1.21305,0.0,0.20059,0.003,1.00946,0.01498,0.0,0.0,0.01498
2018-05-08 19:00:00,2018-05-08 20:00,1.25211,0.0,0.19231,0.003,1.0568,0.0,0.0,0.0,0.0
2018-05-08 20:00:00,2018-05-08 21:00,1.72293,0.0,0.21958,0.22081,1.28254,0.01124,0.0,0.0,0.01124
2018-05-08 21:00:00,2018-05-08 22:00,2.18931,0.0,0.36569,0.46264,1.36098,0.11242,0.0,0.0,0.11242
2018-05-08 22:00:00,2018-05-08 23:00,1.21536,0.0,0.19087,0.05725,0.96724,0.01124,0.0,0.0,0.01124
2018-05-08 23:00:00,2018-05-09 00:00,0.64105,0.0,0.09808,0.003,0.53997,0.0,0.0,0.0,0.0
2018-05-09 00:00:00,2018-05-09 01:00,0.47146,0.0,0.0,0.003,0.46846,0.0,0.0,0.0,0.0
2018-05-09 01:00:00,2018-05-09 02:00,0.46702,0.0,0.0,0.003,0.46402,0.0,0.0,0.0,0.0
2018-05-09 02:00:00,2018-05-09 03:00,0.46092,0.0,0.0,0.003,0.45792,0.0,0.0,0.0,0.0
2018-05-09 03:00:00,2018-05-09 04:00,0.4941,0.0,0.03514,0.003,0.45596,0.0,0.0,0.0,0.0
2018-05-09 04:00:00,2018-05-09 05:00,0.58368,0.0,0.01672,0.11369,0.45327,0.0,0.0,0.0,0.0
2018-05-09 05:00:00,2018-05-09 06:00,0.66394,0.0,0.0,0.20818,0.45576,0.0,0.0,0.0,0.0
2018-05-09 06:00:00,2018-05-09 07:00,0.75509,0.0,0.0,0.22441,0.53068,0.0,0.0,0.0,0.0
2018-05-09 07:00:00,2018-05-09 08:00,0.70289,0.0,0.0,0.17869,0.5242,0.0,0.0,0.0,0.0
2018-05-09 08:00:00,2018-05-09 09:00,0.55092,0.0,0.0,0.003,0.54792,0.0,0.0,0.0,0.0
2018-05-09 09:00:00,2018-05-09 10:00,0.8489,0.0,0.0,0.33345,0.51545,0.0,0.0,0.0,0.0
2018-05-09 10:00:00,2018-05-09 11:00,0.6293,0.0,0.0,0.1603,0.469,0.0,0.0,0.0,0.0
2018-05-09 11:00:00,2018-05-09 12:00,0.46928,0.0,0.0,0.003,0.46628,0.0,0.0,0.0,0.0
2018-05-09 12:00:00,2018-05-09 13:00,0.47757,0.0,0.0,0.003,0.47457,0.0,0.0,0.0,0.0
2018-05-09 13:00:00,2018-05-09 14:00,0.47842,0.0,0.0,0.003,0.47542,0.0,0.0,0.0,0.0
2018-05-09 14:00:00,2018-05-09 15:00,0.61585,0.0,0.0,0.11638,0.49947,0.0,0.0,0.0,0.0
2018-05-09 15:00:00,2018-05-09 16:00,0.6835,0.0,0.0,0.19909,0.48441,0.0,0.0,0.0,0.0
2018-05-09 16:00:00,2018-05-09 17:00,0.64075,0.0,0.0,0.003,0.63775,0.0,0.0,0.0,0.0
2018-05-09 17:00:00,2018-05-09 18:00,0.91646,0.0,0.15003,0.003,0.76343,0.05247,0.0,0.0,0.05247
2018-05-09 18:00:00,2018-05-09 19:00,1.02427,0.0,0.10925,0.11309,0.80193,0.0,0.0,0.0,0.0
2018-05-09 19:00:00,2018-05-09 20:00,1.69453,0.0,0.27313,0.43481,0.98659,0.05247,0.0,0.0,0.05247
2018-05-09 20:00:00,2018-05-09 21:00,1.14646,0.0,0.1842,0.003,0.95926,0.0,0.0,0.0,0.0
2018-05-09 21:00:00,2018-05-09 22:00,2.46875,0.0,0.14375,0.003,2.322,0.0,0.0,0.0,0.0
2018-05-09 22:00:00,2018-05-09 23:00,2.38536,0.0,0.07591,0.33848,1.97097,0.0,0.0,0.0,0.0
2018-05-09 23:00:00,2018-05-10 00:00,0.56998,0.0,0.04538,0.003,0.5216,0.0,0.0,0.0,0.0
2018-05-10 00:00:00,2018-05-10 01:00,0.53949,0.0,0.04959,0.003,0.4869,0.0,0.0,0.0,0.0
2018-05-10 01:00:00,2018-05-10 02:00,0.49819,0.0,0.02322,0.003,0.47197,0.0,0.0,0.0,0.0
2018-05-10 02:00:00,2018-05-10 03:00,0.57742,0.0,0.0026,0.11405,0.46077,0.0,0.0,0.0,0.0
2018-05-10 03:00:00,2018-05-10 04:00,0.66327,0.0,0.0,0.20733,0.45594,0.0,0.0,0.0,0.0
2018-05-10 04:00:00,2018-05-10 05:00,0.45261,0.0,0.0,0.003,0.44961,0.0,0.0,0.0,0.0
2018-05-10 05:00:00,2018-05-10 06:00,0.52338,0.0375,0.0,0.003,0.48288,0.02622,0.0,0.0,0.02622
2018-05-10 06:00:00,2018-05-10 07:00,0.60862,0.05,0.0,0.003,0.55562,0.0,0.0,0.0,0.0
2018-05-10 07:00:00,2018-05-10 08:00,1.09354,0.05,0.0,0.44496,0.59858,0.0,0.0,0.0,0.0
2018-05-10 08:00:00,2018-05-10 09:00,0.871,0.05,0.0,0.17515,0.64585,0.0,0.0,0.0,0.0
2018-05-10 09:00:00,2018-05-10 10:00,0.63813,0.0375,0.0,0.003,0.59763,0.0,0.0,0.0,0.0
2018-05-10 10:00:00,2018-05-10 11:00,0.78062,0.0,0.0,0.22565,0.55497,0.0,0.0,0.0,0.0
2018-05-10 11:00:00,2018-05-10 12:00,0.58273,0.0,0.0,0.1083,0.47443,0.0,0.0,0.0,0.0
2018-05-10 12:00:00,2018-05-10 13:00,0.47651,0.0,0.0,0.003,0.47351,0.0,0.0,0.0,0.0
2018-05-10 13:00:00,2018-05-10 14:00,0.4777,0.0,0.0,0.003,0.4747,0.0,0.0,0.0,0.0
2018-05-10 14:00:00,2018-05-10 15:00,0.47797,0.0,0.0,0.003,0.47497,0.0,0.0,0.0,0.0
2018-05-10 15:00:00,2018-05-10 16:00,0.67892,0.0,0.02886,0.11271,0.53735,0.0,0.0,0.0,0.0
2018-05-10 16:00:00,2018-05-10 17:00,0.99767,0.0,0.0766,0.31372,0.60735,0.0,0.0,0.0,0.0
2018-05-10 17:00:00,2018-05-10 18:00,0.9321,0.0,0.17878,0.003,0.75032,0.03935,0.0,0.0,0.03935
2018-05-10 18:00:00,2018-05-10 19:00,1.29192,0.0,0.14479,0.22148,0.92565,0.01312,0.0,0.0,0.01312
2018-05-10 19:00:00,2018-05-10 20:00,1.30366,0.0,0.14023,0.20542,0.95801,0.0,0.0,0.0,0.0
2018-05-10 20:00:00,2018-05-10 21:00,1.16392,0.0,0.12886,0.003,1.03206,0.0,0.0,0.0,0.0
2018-05-10 21:00:00,2018-05-10 22:00,1.04457,0.0,0.10261,0.003,0.93896,0.0,0.0,0.0,0.0
2018-05-10 22:00:00,2018-05-10 23:00,1.01435,0.0,0.06895,0.33776,0.60764,0.0,0.0,0.0,0.0
2018-05-10 23:00:00,2018-05-11 00:00,0.63239,0.0,0.03643,0.07435,0.52161,0.0,0.0,0.0,0.0
2018-05-11 00:00:00,2018-05-11 01:00,0.4792,0.0,0.0,0.003,0.4762,0.0,0.0,0.0,0.0
2018-05-11 01:00:00,2018-05-11 02:00,0.46686,0.0,0.0,0.003,0.46386,0.0,0.0,0.0,0.0
2018-05-11 02:00:00,2018-05-11 03:00,0.46069,0.0,0.0,0.003,0.45769,0.0,0.0,0.0,0.0
2018-05-11 03:00:00,2018-05-11 04:00,0.45832,0.0,0.0,0.003,0.45532,0.0,0.0,0.0,0.0
2018-05-11 04:00:00,2018-05-11 05:00,0.50331,0.05,0.0,0.003,0.45031,0.0,0.0,0.0,0.0
2018-05-11 05:00:00,2018-05-11 06:00,0.74241,0.05,0.0,0.22256,0.46985,0.0,0.0,0.0,0.0
2018-05-11 06:00:00,2018-05-11 07:00,1.04555,0.05,0.0,0.46024,0.53531,0.0,0.0,0.0,0.0
2018-05-11 07:00:00,2018-05-11 08:00,0.68892,0.05,0.0,0.08262,0.5563,0.0,0.0,0.0,0.0
2018-05-11 08:00:00,2018-05-11 09:00,1.05235,0.05,0.0,0.41692,0.58543,0.0,0.0,0.0,0.0
2018-05-11 09:00:00,2018-05-11 10:00,1.01499,0.05,0.0,0.43566,0.52933,0.0,0.0,0.0,0.0
2018-05-11 10:00:00,2018-05-11 11:00,0.81216,0.10375,0.0,0.24174,0.46667,0.0,0.0,0.0,0.0
2018-05-11 11:00:00,2018-05-11 12:00,0.60856,0.14152,0.0,0.003,0.46404,0.0,0.0,0.0,0.0
2018-05-11 12:00:00,2018-05-11 13:00,0.61657,0.14126,0.0,0.003,0.47231,0.0,0.0,0.0,0.0
2018-05-11 13:00:00,2018-05-11 14:00,0.59519,0.11881,0.0,0.003,0.47338,0.0,0.0,0.0,0.0
2018-05-11 14:00:00,2018-05-11 15:00,0.64037,0.10649,0.0,0.003,0.53088,0.0,0.0,0.0,0.0
2018-05-11 15:00:00,2018-05-11 16:00,1.13017,0.13171,0.0,0.45187,0.54659,0.0,0.0,0.0,0.0
2018-05-11 16:00:00,2018-05-11 17:00,0.677,0.0863,0.0,0.01736,0.57334,0.0,0.0,0.0,0.0
2018-05-11 17:00:00,2018-05-11 18:00,0.7417,0.01595,0.0,0.10928,0.61647,0.0,0.0,0.0,0.0
2018-05-11 18:00:00,2018-05-11 19:00,1.33375,0.01254,0.0,0.44283,0.87838,0.0,0.0,0.0,0.0
2018-05-11 19:00:00,2018-05-11 20:00,1.12137,0.0,0.0,0.06665,1.05472,0.0,0.0,0.0,0.0
2018-05-11 20:00:00,2018-05-11 21:00,1.27271,0.0,0.0,0.003,1.26971,0.0,0.0,0.0,0.0
2018-05-11 21:00:00,2018-05-11 22:00,1.24991,0.0,0.0,0.003,1.24691,0.0,0.0,0.0,0.0
2018-05-11 22:00:00,2018-05-11 23:00,0.76153,0.0,0.0,0.003,0.75853,0.0,0.0,0.0,0.0
2018-05-11 23:00:00,2018-05-12 00:00,0.52289,0.0,0.0,0.003,0.51989,0.0,0.0,0.0,0.0
2018-05-12 00:00:00,2018-05-12 01:00,0.49061,0.0,0.0,0.003,0.48761,0.0,0.0,0.0,0.0
2018-05-12 01:00:00,2018-05-12 02:00,0.47481,0.0,0.0,0.003,0.47181,0.0,0.0,0.0,0.0
2018-05-12 02:00:00,2018-05-12 03:00,0.48792,0.02411,0.0,0.003,0.46081,0.0,0.0,0.0,0.0
2018-05-12 03:00:00,2018-05-12 04:00,0.88813,0.11474,0.0,0.31619,0.4572,0.0,0.0,0.0,0.0
2018-05-12 04:00:00,2018-05-12 05:00,0.64096,0.18892,0.0,0.003,0.44904,0.0,0.0,0.0,0.0
2018-05-12 05:00:00,2018-05-12 06:00,0.66881,0.20684,0.0,0.003,0.45897,0.0,0.0,0.0,0.0
2018-05-12 06:00:00,2018-05-12 07:00,0.80279,0.07745,0.0,0.11148,0.61386,0.08058,0.0,0.0,0.08058
2018-05-12 07:00:00,2018-05-12 08:00,1.10588,0.05,0.0,0.4482,0.60768,0.02622,0.0,0.0,0.02622
2018-05-12 08:00:00,2018-05-12 09:00,0.78764,0.08308,0.0,0.09103,0.61353,0.0,0.0,0.0,0.0
2018-05-12 09:00:00,2018-05-12 10:00,1.03323,0.00615,0.0,0.33357,0.69351,0.0,0.0,0.0,0.0
2018-05-12 10:00:00,2018-05-12 11:00,1.14956,0.0,0.0,0.45061,0.69895,0.0,0.0,0.0,0.0
2018-05-12 11:00:00,2018-05-12 12:00,1.09205,0.0,0.0,0.43796,0.65409,0.0,0.0,0.0,0.0
2018-05-12 12:00:00,2018-05-12 13:00,0.86465,0.0,0.0,0.15432,0.71033,0.02622,0.0,0.0,0.02622
2018-05-12 13:00:00,2018-05-12 14:00,0.71038,0.0,0.0,0.003,0.70738,0.0,0.0,0.0,0.0
2018-05-12 14:00:00,2018-05-12 15:00,0.88545,0.0,0.0,0.22041,0.66504,0.0,0.0,0.0,0.0
2018-05-12 15:00:00,2018-05-12 16:00,0.89589,0.0,0.0,0.21453,0.68136,0.0,0.0,0.0,0.0
2018-05-12 16:00:00,2018-05-12 17:00,0.72855,0.0,0.0,0.003,0.72555,0.02622,0.0,0.0,0.02622
2018-05-12 17:00:00,2018-05-12 18:00,0.7004,0.0,0.0,0.003,0.6974,0.0,0.0,0.0,0.0
2018-05-12 18:00:00,2018-05-12 19:00,0.74309,0.0,0.0,0.003,0.74009,0.0,0.0,0.0,0.0
2018-05-12 19:00:00,2018-05-12 20:00,1.1278,0.0,0.0,0.44384,0.68396,0.0,0.0,0.0,0.0
2018-05-12 20:00:00,2018-05-12 21:00,0.83715,0.0,0.0,0.06304,0.77411,0.0,0.0,0.0,0.0
2018-05-12 21:00:00,2018-05-12 22:00,0.88542,0.0,0.0,0.003,0.88242,0.0,0.0,0.0,0.0
2018-05-12 22:00:00,2018-05-12 23:00,0.71885,0.0,0.0,0.003,0.71585,0.01124,0.0,0.0,0.01124
2018-05-12 23:00:00,2018-05-13 00:00,0.64577,0.0,0.0,0.003,0.64277,0.09556,0.0,0.0,0.09556
2018-05-13 00:00:00,2018-05-13 01:00,0.52954,0.0375,0.0,0.003,0.48904,0.0,0.0,0.0,0.0
2018-05-13 01:00:00,2018-05-13 02:00,0.52527,0.05,0.0,0.003,0.47227,0.0,0.0,0.0,0.0
2018-05-13 02:00:00,2018-05-13 03:00,0.51069,0.05,0.0,0.003,0.45769,0.0,0.0,0.0,0.0
2018-05-13 03:00:00,2018-05-13 04:00,0.55114,0.09302,0.0,0.003,0.45512,0.0,0.0,0.0,0.0
2018-05-13 04:00:00,2018-05-13 05:00,0.92866,0.17919,0.0,0.30043,0.44904,0.0,0.0,0.0,0.0
2018-05-13 05:00:00,2018-05-13 06:00,0.70127,0.24599,0.0,0.003,0.45228,0.0,0.0,0.0,0.0
2018-05-13 06:00:00,2018-05-13 07:00,0.81097,0.26903,0.0,0.003,0.53894,0.01124,0.0,0.0,0.01124
2018-05-13 07:00:00,2018-05-13 08:00,0.66782,0.09074,0.0,0.003,0.57408,0.01498,0.0,0.0,0.01498
2018-05-13 08:00:00,2018-05-13 09:00,0.60031,0.04077,0.0,0.003,0.55654,0.0,0.0,0.0,0.0
2018-05-13 09:00:00,2018-05-13 10:00,0.62356,0.0,0.0,0.003,0.62056,0.0,0.0,0.0,0.0
2018-05-13 10:00:00,2018-05-13 11:00,1.11917,0.0,0.0,0.42371,0.69546,0.0,0.0,0.0,0.0
2018-05-13 11:00:00,2018-05-13 12:00,0.77583,0.0,0.0,0.003,0.77283,0.0,0.0,0.0,0.0
2018-05-13 12:00:00,2018-05-13 13:00,1.03134,0.0,0.0,0.33476,0.69658,0.0,0.0,0.0,0.0
2018-05-13 13:00:00,2018-05-13 14:00,0.80404,0.0,0.0,0.06505,0.73899,0.0,0.0,0.0,0.0
2018-05-13 14:00:00,2018-05-13 15:00,1.11622,0.0,0.01234,0.33336,0.77052,0.0,0.0,0.0,0.0
2018-05-13 15:00:00,2018-05-13 16:00,1.50724,0.0,0.16053,0.45725,0.88946,0.0,0.0,0.0,0.0
2018-05-13 16:00:00,2018-05-13 17:00,1.19785,0.0,0.22429,0.04918,0.92438,0.0,0.0,0.0,0.0
2018-05-13 17:00:00,2018-05-13 18:00,1.15048,0.0,0.27989,0.003,0.86759,0.0,0.0,0.0,0.0
2018-05-13 18:00:00,2018-05-13 19:00,1.50305,0.0,0.31107,0.22254,0.96944,0.0,0.0,0.0,0.0
2018-05-13 19:00:00,2018-05-13 20:00,1.50856,0.0,0.29596,0.18193,1.03067,0.0,0.0,0.0,0.0
2018-05-13 20:00:00,2018-05-13 21:00,1.37727,0.0,0.27234,0.003,1.10193,0.0,0.0,0.0,0.0
2018-05-13 21:00:00,2018-05-13 22:00,1.29253,0.0,0.24133,0.003,1.0482,0.0,0.0,0.0,0.0
2018-05-13 22:00:00,2018-05-13 23:00,0.78809,0.0,0.1763,0.003,0.60879,0.0,0.0,0.0,0.0
2018-05-13 23:00:00,2018-05-14 00:00,0.62848,0.0,0.15017,0.003,0.47531,0.0,0.0,0.0,0.0
2018-05-14 00:00:00,2018-05-14 01:00,0.57153,0.0,0.10005,0.003,0.46848,0.0,0.0,0.0,0.0
2018-05-14 01:00:00,2018-05-14 02:00,0.52695,0.0,0.05984,0.003,0.46411,0.0,0.0,0.0,0.0
2018-05-14 02:00:00,2018-05-14 03:00,0.49797,0.0,0.03687,0.003,0.4581,0.0,0.0,0.0,0.0
2018-05-14 03:00:00,2018-05-14 04:00,0.85249,0.0,0.11255,0.23039,0.50955,0.05247,0.0,0.0,0.05247
2018-05-14 04:00:00,2018-05-14 05:00,0.53337,0.0,0.00424,0.07924,0.44989,0.0,0.0,0.0,0.0
2018-05-14 05:00:00,2018-05-14 06:00,0.47191,0.0,0.0,0.003,0.46891,0.01124,0.0,0.0,0.01124
2018-05-14 06:00:00,2018-05-14 07:00,0.56046,0.0,0.00552,0.003,0.55194,0.01498,0.0,0.0,0.01498
2018-05-14 07:00:00,2018-05-14 08:00,1.0189,0.0,0.0,0.45502,0.56388,0.0,0.0,0.0,0.0
2018-05-14 08:00:00,2018-05-14 09:00,0.89043,0.0,0.0,0.29466,0.59577,0.0,0.0,0.0,0.0
2018-05-14 09:00:00,2018-05-14 10:00,0.86825,0.0,0.0,0.33106,0.53719,0.0,0.0,0.0,0.0
2018-05-14 10:00:00,2018-05-14 11:00,0.93137,0.0,0.06491,0.33489,0.53157,0.0,0.0,0.0,0.0
2018-05-14 11:00:00,2018-05-14 12:00,0.67712,0.0,0.14475,0.003,0.52937,0.0,0.0,0.0,0.0
2018-05-14 12:00:00,2018-05-14 13:00,0.72392,0.0,0.20537,0.003,0.51555,0.0,0.0,0.0,0.0
2018-05-14 13:00:00,2018-05-14 14:00,0.73628,0.0,0.25117,0.003,0.48211,0.0,0.0,0.0,0.0
2018-05-14 14:00:00,2018-05-14 15:00,1.18899,0.0,0.38113,0.22525,0.58261,0.03935,0.0,0.0,0.03935
2018-05-14 15:00:00,2018-05-14 16:00,1.43409,0.0,0.36806,0.46574,0.60029,0.02437,0.0,0.0,0.02437
2018-05-14 16:00:00,2018-05-14 17:00,1.00238,0.0,0.31843,0.01527,0.66868,0.01498,0.0,0.0,0.01498
2018-05-14 17:00:00,2018-05-14 18:00,0.83171,0.0,0.20959,0.003,0.61912,0.0,0.0,0.0,0.0
2018-05-14 18:00:00,2018-05-14 19:00,1.28894,0.0,0.18647,0.22147,0.881,0.0,0.0,0.0,0.0
2018-05-14 19:00:00,2018-05-14 20:00,1.5234,0.0,0.20948,0.31632,0.9976,0.0,0.0,0.0,0.0
2018-05-14 20:00:00,2018-05-14 21:00,1.28733,0.0,0.20467,0.003,1.07966,0.0,0.0,0.0,0.0
2018-05-14 21:00:00,2018-05-14 22:00,1.37546,0.0,0.20152,0.003,1.17094,0.0,0.0,0.0,0.0
2018-05-14 22:00:00,2018-05-14 23:00,1.03005,0.0,0.16116,0.003,0.86589,0.0,0.0,0.0,0.0
2018-05-14 23:00:00,2018-05-15 00:00,0.9263,0.0,0.1069,0.23149,0.58791,0.0,0.0,0.0,0.0
2018-05-15 00:00:00,2018-05-15 01:00,0.82091,0.0,0.09862,0.23627,0.48602,0.0,0.0,0.0,0.0
2018-05-15 01:00:00,2018-05-15 02:00,0.53067,0.0,0.06355,0.003,0.46412,0.0,0.0,0.0,0.0
2018-05-15 02:00:00,2018-05-15 03:00,0.49694,0.0,0.03585,0.003,0.45809,0.0,0.0,0.0,0.0
2018-05-15 03:00:00,2018-05-15 04:00,0.58801,0.0,0.0173,0.11423,0.45648,0.0,0.0,0.0,0.0
2018-05-15 04:00:00,2018-05-15 05:00,0.68981,0.0,0.0,0.23853,0.45128,0.0,0.0,0.0,0.0
2018-05-15 05:00:00,2018-05-15 06:00,0.47391,0.0,0.0,0.003,0.47091,0.0,0.0,0.0,0.0
2018-05-15 06:00:00,2018-05-15 07:00,0.87783,0.0,0.0,0.33589,0.54194,0.0,0.0,0.0,0.0
2018-05-15 07:00:00,2018-05-15 08:00,1.0056,0.0,0.0,0.45968,0.54592,0.0,0.0,0.0,0.0
2018-05-15 08:00:00,2018-05-15 09:00,0.7174,0.0,0.0,0.22089,0.49651,0.0,0.0,0.0,0.0
2018-05-15 09:00:00,2018-05-15 10:00,0.48456,0.0,0.0,0.003,0.48156,0.0,0.0,0.0,0.0
2018-05-15 10:00:00,2018-05-15 11:00,0.54134,0.0,0.05988,0.003,0.47846,0.0,0.0,0.0,0.0
2018-05-15 11:00:00,2018-05-15 12:00,0.59685,0.0,0.12743,0.003,0.46642,0.0,0.0,0.0,0.0
2018-05-15 12:00:00,2018-05-15 13:00,0.6598,0.0,0.18213,0.003,0.47467,0.0,0.0,0.0,0.0
2018-05-15 13:00:00,2018-05-15 14:00,0.73163,0.0,0.25317,0.003,0.47546,0.0,0.0,0.0,0.0
2018-05-15 14:00:00,2018-05-15 15:00,0.83137,0.0,0.35292,0.003,0.47545,0.0,0.0,0.0,0.0
2018-05-15 15:00:00,2018-05-15 16:00,1.03726,0.0,0.44021,0.11511,0.48194,0.0,0.0,0.0,0.0
2018-05-15 16:00:00,2018-05-15 17:00,1.45414,0.0,0.53396,0.34485,0.57533,0.0,0.0,0.0,0.0
2018-05-15 17:00:00,2018-05-15 18:00,1.31598,0.0,0.60449,0.003,0.70849,0.0,0.0,0.0,0.0
2018-05-15 18:00:00,2018-05-15 19:00,1.89808,0.0,0.64732,0.4459,0.80486,0.0,0.0,0.0,0.0
2018-05-15 19:00:00,2018-05-15 20:00,1.67273,0.0,0.67409,0.003,0.99564,0.02622,0.0,0.0,0.02622
2018-05-15 20:00:00,2018-05-15 21:00,2.08806,0.0,0.59422,0.22252,1.27132,0.0,0.0,0.0,0.0
2018-05-15 21:00:00,2018-05-15 22:00,1.86288,0.0,0.5077,0.27769,1.07749,0.0,0.0,0.0,0.0
2018-05-15 22:00:00,2018-05-15 23:00,1.14295,0.0,0.41294,0.003,0.72701,0.0,0.0,0.0,0.0
2018-05-15 23:00:00,2018-05-16 00:00,0.82065,0.0,0.31564,0.003,0.50201,0.0,0.0,0.0,0.0
2018-05-16 00:00:00,2018-05-16 01:00,0.68679,0.0,0.21532,0.003,0.46847,0.0,0.0,0.0,0.0
2018-05-16 01:00:00,2018-05-16 02:00,0.62315,0.0,0.15605,0.003,0.4641,0.0,0.0,0.0,0.0
2018-05-16 02:00:00,2018-05-16 03:00,0.59179,0.0,0.13071,0.003,0.45808,0.0,0.0,0.0,0.0
2018-05-16 03:00:00,2018-05-16 04:00,0.55567,0.0,0.09669,0.003,0.45598,0.0,0.0,0.0,0.0
2018-05-16 04:00:00,2018-05-16 05:00,0.6265,0.0,0.06231,0.11431,0.44988,0.0,0.0,0.0,0.0
2018-05-16 05:00:00,2018-05-16 06:00,0.68363,0.0,0.0317,0.19422,0.45771,0.0,0.0,0.0,0.0
2018-05-16 06:00:00,2018-05-16 07:00,0.65125,0.0,0.0,0.11426,0.53699,0.0,0.0,0.0,0.0
2018-05-16 07:00:00,2018-05-16 08:00,0.90082,0.0,0.05643,0.34761,0.49678,0.0,0.0,0.0,0.0
2018-05-16 08:00:00,2018-05-16 09:00,0.62805,0.0,0.09808,0.003,0.52697,0.0,0.0,0.0,0.0
2018-05-16 09:00:00,2018-05-16 10:00,0.67635,0.0,0.19154,0.003,0.48181,0.0,0.0,0.0,0.0
2018-05-16 10:00:00,2018-05-16 11:00,1.11915,0.0,0.29423,0.33082,0.4941,0.0,0.0,0.0,0.0
2018-05-16 11:00:00,2018-05-16 12:00,0.87737,0.0,0.40796,0.003,0.46641,0.0,0.0,0.0,0.0
2018-05-16 12:00:00,2018-05-16 13:00,0.99094,0.0,0.51327,0.003,0.47467,0.0,0.0,0.0,0.0
2018-05-16 13:00:00,2018-05-16 14:00,1.25679,0.0,0.64241,0.1159,0.49848,0.0,0.0,0.0,0.0
2018-05-16 14:00:00,2018-05-16 15:00,1.57768,0.0,0.7118,0.31519,0.55069,0.0,0.0,0.0,0.0
2018-05-16 15:00:00,2018-05-16 16:00,1.43571,0.0,0.8085,0.003,0.62421,0.0,0.0,0.0,0.0
2018-05-16 16:00:00,2018-05-16 17:00,1.59096,0.0,0.85797,0.11261,0.62038,0.0,0.0,0.0,0.0
2018-05-16 17:00:00,2018-05-16 18:00,2.26091,0.0,1.00283,0.45948,0.7986,0.01124,0.0,0.0,0.01124
2018-05-16 18:00:00,2018-05-16 19:00,2.21687,0.0,1.10904,0.06336,1.04447,0.01498,0.0,0.0,0.01498
2018-05-16 19:00:00,2018-05-16 20:00,2.20493,0.0,0.92232,0.22125,1.06136,0.0,0.0,0.0,0.0
2018-05-16 20:00:00,2018-05-16 21:00,2.33919,0.0,0.90632,0.16402,1.26885,0.02622,0.0,0.0,0.02622
2018-05-16 21:00:00,2018-05-16 22:00,2.01276,0.0,0.76121,0.003,1.24855,0.0,0.0,0.0,0.0
2018-05-16 22:00:00,2018-05-16 23:00,1.61882,0.0,0.6701,0.003,0.94572,0.0,0.0,0.0,0.0
2018-05-16 23:00:00,2018-05-17 00:00,1.02718,0.0,0.54998,0.003,0.4742,0.0,0.0,0.0,0.0
2018-05-17 00:00:00,2018-05-17 01:00,0.94662,0.0,0.47516,0.003,0.46846,0.0,0.0,0.0,0.0
2018-05-17 01:00:00,2018-05-17 02:00,0.88293,0.0,0.41582,0.003,0.46411,0.0,0.0,0.0,0.0
2018-05-17 02:00:00,2018-05-17 03:00,0.82765,0.0,0.36657,0.003,0.45808,0.0,0.0,0.0,0.0
2018-05-17 03:00:00,2018-05-17 04:00,0.77649,0.0,0.3175,0.003,0.45599,0.0,0.0,0.0,0.0
2018-05-17 04:00:00,2018-05-17 05:00,0.73072,0.0,0.27784,0.003,0.44988,0.0,0.0,0.0,0.0
2018-05-17 05:00:00,2018-05-17 06:00,0.6822,0.0,0.22561,0.003,0.45359,0.0,0.0,0.0,0.0
2018-05-17 06:00:00,2018-05-17 07:00,1.00289,0.0,0.16996,0.30216,0.53077,0.0,0.0,0.0,0.0
2018-05-17 07:00:00,2018-05-17 08:00,0.77137,0.0,0.20423,0.003,0.56414,0.0,0.0,0.0,0.0
2018-05-17 08:00:00,2018-05-17 09:00,1.23128,0.0,0.24775,0.34222,0.64131,0.0,0.0,0.0,0.0
2018-05-17 09:00:00,2018-05-17 10:00,0.7979,0.0,0.2785,0.03453,0.48487,0.0,0.0,0.0,0.0
2018-05-17 10:00:00,2018-05-17 11:00,0.818,0.0,0.34589,0.003,0.46911,0.0,0.0,0.0,0.0
2018-05-17 11:00:00,2018-05-17 12:00,0.90694,0.0,0.43752,0.003,0.46642,0.0,0.0,0.0,0.0
2018-05-17 12:00:00,2018-05-17 13:00,1.23174,0.0,0.66362,0.003,0.56512,0.05247,0.0,0.0,0.05247
2018-05-17 13:00:00,2018-05-17 14:00,1.24561,0.0,0.70144,0.003,0.54117,0.0,0.0,0.0,0.0
2018-05-17 14:00:00,2018-05-17 15:00,1.84989,0.0,0.86663,0.44742,0.53584,0.0,0.0,0.0,0.0
2018-05-17 15:00:00,2018-05-17 16:00,1.47903,0.0,0.97559,0.003,0.50044,0.0,0.0,0.0,0.0
2018-05-17 16:00:00,2018-05-17 17:00,1.60672,0.0,0.99633,0.003,0.60739,0.0,0.0,0.0,0.0
2018-05-17 17:00:00,2018-05-17 18:00,2.1375,0.0,1.09419,0.33234,0.71097,0.0,0.0,0.0,0.0
2018-05-17 18:00:00,2018-05-17 19:00,2.12135,0.0,1.12315,0.18027,0.81793,0.0,0.0,0.0,0.0
2018-05-17 19:00:00,2018-05-17 20:00,2.21422,0.0,0.99589,0.22071,0.99762,0.0,0.0,0.0,0.0
2018-05-17 20:00:00,2018-05-17 21:00,2.30293,0.0,0.89926,0.34355,1.06012,0.0,0.0,0.0,0.0
2018-05-17 21:00:00,2018-05-17 22:00,1.8375,0.0,0.80241,0.003,1.03209,0.0,0.0,0.0,0.0
2018-05-17 22:00:00,2018-05-17 23:00,1.36657,0.0,0.69103,0.003,0.67254,0.0,0.0,0.0,0.0
2018-05-17 23:00:00,2018-05-18 00:00,1.05866,0.0,0.58146,0.003,0.4742,0.0,0.0,0.0,0.0
2018-05-18 00:00:00,2018-05-18 01:00,0.98554,0.0,0.51408,0.003,0.46846,0.0,0.0,0.0,0.0
2018-05-18 01:00:00,2018-05-18 02:00,0.90154,0.0,0.43443,0.003,0.46411,0.0,0.0,0.0,0.0
2018-05-18 02:00:00,2018-05-18 03:00,0.90064,0.0,0.32836,0.11418,0.4581,0.0,0.0,0.0,0.0
2018-05-18 03:00:00,2018-05-18 04:00,0.92149,0.0,0.26819,0.19682,0.45648,0.0,0.0,0.0,0.0
2018-05-18 04:00:00,2018-05-18 05:00,0.67943,0.0,0.22514,0.003,0.45129,0.0,0.0,0.0,0.0
2018-05-18 05:00:00,2018-05-18 06:00,0.89953,0.0,0.18558,0.22407,0.48988,0.0,0.0,0.0,0.0
2018-05-18 06:00:00,2018-05-18 07:00,2.71237,0.0,0.07829,0.26947,2.36461,0.0,0.0,0.0,0.0
2018-05-18 07:00:00,2018-05-18 08:00,1.48135,0.0,0.12884,0.003,1.34951,0.0,0.0,0.0,0.0
2018-05-18 08:00:00,2018-05-18 09:00,0.67062,0.0,0.1707,0.003,0.49692,0.0,0.0,0.0,0.0
2018-05-18 09:00:00,2018-05-18 10:00,0.72635,0.0,0.2477,0.003,0.47565,0.0,0.0,0.0,0.0
2018-05-18 10:00:00,2018-05-18 11:00,0.93949,0.0,0.35111,0.11303,0.47535,0.0,0.0,0.0,0.0
2018-05-18 11:00:00,2018-05-18 12:00,1.28969,0.0,0.45499,0.35885,0.47585,0.0,0.0,0.0,0.0
2018-05-18 12:00:00,2018-05-18 13:00,1.38625,0.0,0.7743,0.003,0.60895,0.08058,0.0,0.0,0.08058
2018-05-18 13:00:00,2018-05-18 14:00,1.51812,0.0,0.74671,0.22345,0.54796,0.0,0.0,0.0,0.0
2018-05-18 14:00:00,2018-05-18 15:00,1.7734,0.0,0.83803,0.37262,0.56275,0.0,0.0,0.0,0.0
2018-05-18 15:00:00,2018-05-18 16:00,1.3818,0.0,0.90551,0.003,0.47329,0.0,0.0,0.0,0.0
2018-05-18 16:00:00,2018-05-18 17:00,1.45978,0.0,0.9701,0.003,0.48668,0.0,0.0,0.0,0.0
2018-05-18 17:00:00,2018-05-18 18:00,1.81701,0.0,1.10753,0.003,0.70648,0.02622,0.0,0.0,0.02622
2018-05-18 18:00:00,2018-05-18 19:00,1.81426,0.0,1.00934,0.003,0.80192,0.0,0.0,0.0,0.0
2018-05-18 19:00:00,2018-05-18 20:00,2.10499,0.0,0.90687,0.22426,0.97386,0.0,0.0,0.0,0.0
2018-05-18 20:00:00,2018-05-18 21:00,2.28527,0.0,0.87495,0.1677,1.24262,0.0,0.0,0.0,0.0
2018-05-18 21:00:00,2018-05-18 22:00,2.03451,0.0,0.78297,0.003,1.24854,0.0,0.0,0.0,0.0
2018-05-18 22:00:00,2018-05-18 23:00,1.58999,0.0,0.69456,0.003,0.89243,0.0,0.0,0.0,0.0
2018-05-18 23:00:00,2018-05-19 00:00,1.1011,0.0,0.58337,0.003,0.51473,0.0,0.0,0.0,0.0
2018-05-19 00:00:00,2018-05-19 01:00,0.96195,0.0,0.48922,0.003,0.46973,0.0,0.0,0.0,0.0
2018-05-19 01:00:00,2018-05-19 02:00,0.91749,0.0,0.44913,0.003,0.46536,0.0,0.0,0.0,0.0
2018-05-19 02:00:00,2018-05-19 03:00,1.16761,0.0,0.39129,0.31698,0.45934,0.0,0.0,0.0,0.0
2018-05-19 03:00:00,2018-05-19 04:00,0.80272,0.0,0.34248,0.003,0.45724,0.0,0.0,0.0,0.0
2018-05-19 04:00:00,2018-05-19 05:00,0.76145,0.0,0.30732,0.003,0.45113,0.0,0.0,0.0,0.0
2018-05-19 05:00:00,2018-05-19 06:00,0.6684,0.0,0.21075,0.003,0.45465,0.0,0.0,0.0,0.0
2018-05-19 06:00:00,2018-05-19 07:00,0.6858,0.0,0.12717,0.003,0.55563,0.0,0.0,0.0,0.0
2018-05-19 07:00:00,2018-05-19 08:00,0.9623,0.0,0.1503,0.2281,0.5839,0.0,0.0,0.0,0.0
2018-05-19 08:00:00,2018-05-19 09:00,2.15137,0.0,0.13419,0.31146,1.70572,0.0,0.0,0.0,0.0
2018-05-19 09:00:00,2018-05-19 10:00,0.75966,0.0,0.13416,0.003,0.6225,0.0,0.0,0.0,0.0
2018-05-19 10:00:00,2018-05-19 11:00,0.87306,0.0,0.1611,0.003,0.70896,0.01124,0.0,0.0,0.01124
2018-05-19 11:00:00,2018-05-19 12:00,1.32277,0.0,0.19353,0.33964,0.7896,0.01498,0.0,0.0,0.01498
2018-05-19 12:00:00,2018-05-19 13:00,0.92031,0.0,0.16803,0.003,0.74928,0.0,0.0,0.0,0.0
2018-05-19 13:00:00,2018-05-19 14:00,1.99708,0.0,0.23817,0.003,1.75591,0.02622,0.0,0.0,0.02622
2018-05-19 14:00:00,2018-05-19 15:00,3.4923,0.0,0.17705,0.34036,2.97489,0.0,0.0,0.0,0.0
2018-05-19 15:00:00,2018-05-19 16:00,1.83508,0.0,0.15051,0.07358,1.61099,0.0,0.0,0.0,0.0
2018-05-19 16:00:00,2018-05-19 17:00,0.94794,0.0,0.12087,0.003,0.82407,0.0,0.0,0.0,0.0
2018-05-19 17:00:00,2018-05-19 18:00,1.02445,0.0,0.13994,0.003,0.88151,0.0,0.0,0.0,0.0
2018-05-19 18:00:00,2018-05-19 19:00,1.69238,0.0,0.12822,0.45273,1.11143,0.0,0.0,0.0,0.0
2018-05-19 19:00:00,2018-05-19 20:00,1.40041,0.0,0.11476,0.08237,1.20328,0.0,0.0,0.0,0.0
2018-05-19 20:00:00,2018-05-19 21:00,1.40913,0.0,0.10544,0.003,1.30069,0.0,0.0,0.0,0.0
2018-05-19 21:00:00,2018-05-19 22:00,1.35487,0.0,0.09868,0.003,1.25319,0.0,0.0,0.0,0.0
2018-05-19 22:00:00,2018-05-19 23:00,0.81138,0.0,0.01683,0.003,0.79155,0.0,0.0,0.0,0.0
2018-05-19 23:00:00,2018-05-20 00:00,0.57834,0.0,0.0,0.003,0.57534,0.0,0.0,0.0,0.0
2018-05-20 00:00:00,2018-05-20 01:00,0.4809,0.0,0.0,0.003,0.4779,0.0,0.0,0.0,0.0
2018-05-20 01:00:00,2018-05-20 02:00,0.46788,0.0,0.0,0.003,0.46488,0.0,0.0,0.0,0.0
2018-05-20 02:00:00,2018-05-20 03:00,0.51181,0.05,0.0,0.003,0.45881,0.0,0.0,0.0,0.0
2018-05-20 03:00:00,2018-05-20 04:00,0.50984,0.05,0.0,0.003,0.45684,0.0,0.0,0.0,0.0
2018-05-20 04:00:00,2018-05-20 05:00,0.50777,0.05,0.0,0.003,0.45477,0.0,0.0,0.0,0.0
2018-05-20 05:00:00,2018-05-20 06:00,0.81106,0.05,0.0,0.29582,0.46524,0.0,0.0,0.0,0.0
2018-05-20 06:00:00,2018-05-20 07:00,0.62931,0.05,0.0,0.003,0.57631,0.0,0.0,0.0,0.0
2018-05-20 07:00:00,2018-05-20 08:00,0.88102,0.05,0.0,0.003,0.82802,0.01124,0.0,0.0,0.01124
2018-05-20 08:00:00,2018-05-20 09:00,2.54948,0.025,0.0,0.003,2.52148,0.01498,0.0,0.0,0.01498
2018-05-20 09:00:00,2018-05-20 10:00,2.97199,0.0,0.0,0.3401,2.63189,0.0,0.0,0.0,0.0
2018-05-20 10:00:00,2018-05-20 11:00,0.71108,0.0,0.0,0.003,0.70808,0.0,0.0,0.0,0.0
2018-05-20 11:00:00,2018-05-20 12:00,0.78511,0.0,0.0,0.003,0.78211,0.0,0.0,0.0,0.0
2018-05-20 12:00:00,2018-05-20 13:00,0.82249,0.0,0.06934,0.003,0.75015,0.0,0.0,0.0,0.0
2018-05-20 13:00:00,2018-05-20 14:00,1.37813,0.0,0.16168,0.44546,0.77099,0.0,0.0,0.0,0.0
2018-05-20 14:00:00,2018-05-20 15:00,1.19664,0.0,0.23359,0.16463,0.79842,0.0,0.0,0.0,0.0
2018-05-20 15:00:00,2018-05-20 16:00,1.08966,0.0,0.31182,0.003,0.77484,0.0,0.0,0.0,0.0
2018-05-20 16:00:00,2018-05-20 17:00,1.23045,0.0,0.3656,0.11312,0.75173,0.0,0.0,0.0,0.0
2018-05-20 17:00:00,2018-05-20 18:00,1.60358,0.0,0.42009,0.32982,0.85367,0.0,0.0,0.0,0.0
2018-05-20 18:00:00,2018-05-20 19:00,1.34825,0.0,0.43146,0.003,0.91379,0.0,0.0,0.0,0.0
2018-05-20 19:00:00,2018-05-20 20:00,1.45021,0.0,0.41653,0.003,1.03068,0.0,0.0,0.0,0.0
2018-05-20 20:00:00,2018-05-20 21:00,1.49461,0.0,0.38968,0.003,1.10193,0.0,0.0,0.0,0.0
2018-05-20 21:00:00,2018-05-20 22:00,1.94922,0.0,0.37204,0.34034,1.23684,0.0,0.0,0.0,0.0
2018-05-20 22:00:00,2018-05-20 23:00,1.30869,0.0,0.32153,0.07096,0.9162,0.0,0.0,0.0,0.0
2018-05-20 23:00:00,2018-05-21 00:00,0.77194,0.0,0.25547,0.003,0.51347,0.0,0.0,0.0,0.0
2018-05-21 00:00:00,2018-05-21 01:00,0.67002,0.0,0.19854,0.003,0.46848,0.0,0.0,0.0,0.0
2018-05-21 01:00:00,2018-05-21 02:00,0.64147,0.0,0.17436,0.003,0.46411,0.0,0.0,0.0,0.0
2018-05-21 02:00:00,2018-05-21 03:00,0.59579,0.0,0.13469,0.003,0.4581,0.0,0.0,0.0,0.0
2018-05-21 03:00:00,2018-05-21 04:00,0.56053,0.0,0.10154,0.003,0.45599,0.0,0.0,0.0,0.0
2018-05-21 04:00:00,2018-05-21 05:00,0.54627,0.0,0.09338,0.003,0.44989,0.0,0.0,0.0,0.0
2018-05-21 05:00:00,2018-05-21 06:00,0.77643,0.0,0.08575,0.22189,0.46879,0.0,0.0,0.0,0.0
2018-05-21 06:00:00,2018-05-21 07:00,1.10241,0.0,0.05326,0.44414,0.60501,0.0,0.0,0.0,0.0
2018-05-21 07:00:00,2018-05-21 08:00,1.18944,0.0,0.07067,0.45237,0.6664,0.0,0.0,0.0,0.0
2018-05-21 08:00:00,2018-05-21 09:00,0.85241,0.0,0.04795,0.21745,0.58701,0.0,0.0,0.0,0.0
2018-05-21 09:00:00,2018-05-21 10:00,0.81663,0.0,0.06622,0.21305,0.53736,0.0,0.0,0.0,0.0
2018-05-21 10:00:00,2018-05-21 11:00,1.02769,0.0,0.07122,0.42486,0.53161,0.0,0.0,0.0,0.0
2018-05-21 11:00:00,2018-05-21 12:00,1.04799,0.0,0.07456,0.45041,0.52302,0.0,0.0,0.0,0.0
2018-05-21 12:00:00,2018-05-21 13:00,0.69577,0.0,0.08402,0.1371,0.47465,0.0,0.0,0.0,0.0
2018-05-21 13:00:00,2018-05-21 14:00,0.61293,0.0,0.13445,0.003,0.47548,0.0,0.0,0.0,0.0
2018-05-21 14:00:00,2018-05-21 15:00,0.68522,0.0,0.20678,0.003,0.47544,0.0,0.0,0.0,0.0
2018-05-21 15:00:00,2018-05-21 16:00,0.77279,0.0,0.26933,0.003,0.50046,0.0,0.0,0.0,0.0
2018-05-21 16:00:00,2018-05-21 17:00,0.89823,0.0,0.30967,0.003,0.58556,0.0,0.0,0.0,0.0
2018-05-21 17:00:00,2018-05-21 18:00,1.41475,0.0,0.33983,0.35118,0.72374,0.0,0.0,0.0,0.0
2018-05-21 18:00:00,2018-05-21 19:00,1.19617,0.0,0.30326,0.02456,0.86835,0.0,0.0,0.0,0.0
2018-05-21 19:00:00,2018-05-21 20:00,1.62788,0.0,0.30366,0.22758,1.09664,0.0,0.0,0.0,0.0
2018-05-21 20:00:00,2018-05-21 21:00,1.8284,0.0,0.29863,0.25846,1.27131,0.0,0.0,0.0,0.0
2018-05-21 21:00:00,2018-05-21 22:00,1.72585,0.0,0.25549,0.22181,1.24855,0.0,0.0,0.0,0.0
2018-05-21 22:00:00,2018-05-21 23:00,1.20218,0.0,0.18739,0.28629,0.7285,0.0,0.0,0.0,0.0
2018-05-21 23:00:00,2018-05-22 00:00,0.6655,0.0,0.15551,0.003,0.50699,0.0,0.0,0.0,0.0
2018-05-22 00:00:00,2018-05-22 01:00,0.63849,0.0,0.16703,0.003,0.46846,0.0,0.0,0.0,0.0
2018-05-22 01:00:00,2018-05-22 02:00,0.60627,0.0,0.13917,0.003,0.4641,0.0,0.0,0.0,0.0
2018-05-22 02:00:00,2018-05-22 03:00,0.57861,0.0,0.11753,0.003,0.45808,0.0,0.0,0.0,0.0
2018-05-22 03:00:00,2018-05-22 04:00,0.56467,0.0,0.10568,0.003,0.45599,0.0,0.0,0.0,0.0
2018-05-22 04:00:00,2018-05-22 05:00,0.5429,0.0,0.09003,0.003,0.44987,0.0,0.0,0.0,0.0
2018-05-22 05:00:00,2018-05-22 06:00,0.85883,0.0,0.06835,0.3373,0.45318,0.0,0.0,0.0,0.0
2018-05-22 06:00:00,2018-05-22 07:00,0.52855,0.0,0.03128,0.003,0.49427,0.0,0.0,0.0,0.0
2018-05-22 07:00:00,2018-05-22 08:00,0.89254,0.0,0.08782,0.22466,0.58006,0.0,0.0,0.0,0.0
2018-05-22 08:00:00,2018-05-22 09:00,1.08363,0.0,0.08696,0.46356,0.53311,0.0,0.0,0.0,0.0
2018-05-22 09:00:00,2018-05-22 10:00,0.71269,0.0,0.10698,0.06836,0.53735,0.0,0.0,0.0,0.0
2018-05-22 10:00:00,2018-05-22 11:00,0.86732,0.0,0.12108,0.22089,0.52535,0.0,0.0,0.0,0.0
2018-05-22 11:00:00,2018-05-22 12:00,0.82451,0.0,0.14157,0.21651,0.46643,0.0,0.0,0.0,0.0
2018-05-22 12:00:00,2018-05-22 13:00,0.67008,0.0,0.19242,0.003,0.47466,0.0,0.0,0.0,0.0
2018-05-22 13:00:00,2018-05-22 14:00,0.74318,0.0,0.25809,0.003,0.48209,0.0,0.0,0.0,0.0
2018-05-22 14:00:00,2018-05-22 15:00,1.00438,0.0,0.34758,0.11353,0.54327,0.0,0.0,0.0,0.0
2018-05-22 15:00:00,2018-05-22 16:00,1.46098,0.0,0.49715,0.32452,0.63931,0.02622,0.0,0.0,0.02622
2018-05-22 16:00:00,2018-05-22 17:00,1.19925,0.0,0.53228,0.003,0.66397,0.0,0.0,0.0,0.0
2018-05-22 17:00:00,2018-05-22 18:00,2.0373,0.0,0.60119,0.45279,0.98332,0.0,0.0,0.0,0.0
2018-05-22 18:00:00,2018-05-22 19:00,3.59047,0.0,0.74059,0.08332,2.76656,0.0,0.0,0.0,0.0
2018-05-22 19:00:00,2018-05-22 20:00,1.62055,0.0,0.64369,0.003,0.97386,0.0,0.0,0.0,0.0
2018-05-22 20:00:00,2018-05-22 21:00,1.85894,0.0,0.61332,0.003,1.24262,0.0,0.0,0.0,0.0
2018-05-22 21:00:00,2018-05-22 22:00,2.11609,0.0,0.5525,0.32786,1.23573,0.0,0.0,0.0,0.0
2018-05-22 22:00:00,2018-05-22 23:00,1.20886,0.0,0.46487,0.003,0.74099,0.0,0.0,0.0,0.0
2018-05-22 23:00:00,2018-05-23 00:00,0.89344,0.0,0.39609,0.003,0.49435,0.0,0.0,0.0,0.0
2018-05-23 00:00:00,2018-05-23 01:00,0.78939,0.0,0.3179,0.003,0.46849,0.0,0.0,0.0,0.0
2018-05-23 01:00:00,2018-05-23 02:00,0.74828,0.0,0.28118,0.003,0.4641,0.0,0.0,0.0,0.0
2018-05-23 02:00:00,2018-05-23 03:00,0.71431,0.0,0.25322,0.003,0.45809,0.0,0.0,0.0,0.0
2018-05-23 03:00:00,2018-05-23 04:00,0.69038,0.0,0.2314,0.003,0.45598,0.0,0.0,0.0,0.0
2018-05-23 04:00:00,2018-05-23 05:00,0.65373,0.0,0.20083,0.003,0.4499,0.0,0.0,0.0,0.0
2018-05-23 05:00:00,2018-05-23 06:00,0.63673,0.0,0.17271,0.003,0.46102,0.0,0.0,0.0,0.0
2018-05-23 06:00:00,2018-05-23 07:00,1.24419,0.0,0.20928,0.45177,0.58314,0.02622,0.0,0.0,0.02622
2018-05-23 07:00:00,2018-05-23 08:00,1.15661,0.0,0.2998,0.27159,0.58522,0.05247,0.0,0.0,0.05247
2018-05-23 08:00:00,2018-05-23 09:00,0.77615,0.0,0.24003,0.003,0.53312,0.0,0.0,0.0,0.0
2018-05-23 09:00:00,2018-05-23 10:00,1.2896,0.0,0.31608,0.45785,0.51567,0.0,0.0,0.0,0.0
2018-05-23 10:00:00,2018-05-23 11:00,0.87491,0.0,0.33179,0.07399,0.46913,0.0,0.0,0.0,0.0
2018-05-23 11:00:00,2018-05-23 12:00,0.8519,0.0,0.38249,0.003,0.46641,0.0,0.0,0.0,0.0
2018-05-23 12:00:00,2018-05-23 13:00,0.93912,0.0,0.43922,0.003,0.4969,0.0,0.0,0.0,0.0
2018-05-23 13:00:00,2018-05-23 14:00,1.35799,0.0,0.48296,0.33384,0.54119,0.0,0.0,0.0,0.0
2018-05-23 14:00:00,2018-05-23 15:00,1.3177,0.0,0.51385,0.30158,0.50227,0.0,0.0,0.0,0.0
2018-05-23 15:00:00,2018-05-23 16:00,1.26787,0.0,0.70118,0.003,0.56369,0.02622,0.0,0.0,0.02622
2018-05-23 16:00:00,2018-05-23 17:00,1.40397,0.0,0.79942,0.003,0.60155,0.02622,0.0,0.0,0.02622
2018-05-23 17:00:00,2018-05-23 18:00,1.56572,0.0,0.86709,0.003,0.69563,0.0,0.0,0.0,0.0
2018-05-23 18:00:00,2018-05-23 19:00,2.30604,0.0,0.99907,0.39445,0.91252,0.0,0.0,0.0,0.0
2018-05-23 19:00:00,2018-05-23 20:00,1.85862,0.0,0.87694,0.003,0.97868,0.0,0.0,0.0,0.0
2018-05-23 20:00:00,2018-05-23 21:00,1.92399,0.0,0.85868,0.003,1.06231,0.01124,0.0,0.0,0.01124
2018-05-23 21:00:00,2018-05-23 22:00,1.91931,0.0,0.84008,0.003,1.07623,0.01498,0.0,0.0,0.01498
2018-05-23 22:00:00,2018-05-23 23:00,1.44492,0.0,0.70581,0.003,0.73611,0.0,0.0,0.0,0.0
2018-05-23 23:00:00,2018-05-24 00:00,1.09367,0.0,0.61647,0.003,0.4742,0.0,0.0,0.0,0.0
2018-05-24 00:00:00,2018-05-24 01:00,1.04041,0.0,0.56893,0.003,0.46848,0.0,0.0,0.0,0.0
2018-05-24 01:00:00,2018-05-24 02:00,0.98497,0.0,0.51788,0.003,0.46409,0.0,0.0,0.0,0.0
2018-05-24 02:00:00,2018-05-24 03:00,0.92141,0.0,0.46032,0.003,0.45809,0.0,0.0,0.0,0.0
2018-05-24 03:00:00,2018-05-24 04:00,0.87679,0.0,0.41781,0.003,0.45598,0.0,0.0,0.0,0.0
2018-05-24 04:00:00,2018-05-24 05:00,0.97982,0.0,0.40871,0.11787,0.45324,0.0,0.0,0.0,0.0
2018-05-24 05:00:00,2018-05-24 06:00,1.32948,0.0,0.39325,0.46917,0.46706,0.0,0.0,0.0,0.0
2018-05-24 06:00:00,2018-05-24 07:00,0.97655,0.0,0.40645,0.003,0.5671,0.0,0.0,0.0,0.0
2018-05-24 07:00:00,2018-05-24 08:00,1.37876,0.0,0.42637,0.39983,0.55256,0.0,0.0,0.0,0.0
2018-05-24 08:00:00,2018-05-24 09:00,1.18731,0.0,0.49602,0.11312,0.57817,0.0,0.0,0.0,0.0
2018-05-24 09:00:00,2018-05-24 10:00,1.67426,0.0,0.62164,0.45348,0.59914,0.0,0.0,0.0,0.0
2018-05-24 10:00:00,2018-05-24 11:00,1.56686,0.0,0.8603,0.09196,0.6146,0.0,0.0,0.0,0.0
2018-05-24 11:00:00,2018-05-24 12:00,2.69144,0.0,1.09037,0.003,1.59807,0.0,0.0,0.0,0.0
2018-05-24 12:00:00,2018-05-24 13:00,1.75092,0.0,1.27324,0.003,0.47468,0.0,0.0,0.0,0.0
2018-05-24 13:00:00,2018-05-24 14:00,1.81539,0.0,1.33691,0.003,0.47548,0.0,0.0,0.0,0.0
2018-05-24 14:00:00,2018-05-24 15:00,1.90636,0.0,1.42791,0.003,0.47545,0.0,0.0,0.0,0.0
2018-05-24 15:00:00,2018-05-24 16:00,2.12584,0.0,1.47372,0.11466,0.53746,0.0,0.0,0.0,0.0
2018-05-24 16:00:00,2018-05-24 17:00,2.45391,0.0,1.52143,0.35714,0.57534,0.0,0.0,0.0,0.0
2018-05-24 17:00:00,2018-05-24 18:00,2.50433,0.0,1.69988,0.003,0.80145,0.06745,0.0,0.0,0.06745
2018-05-24 18:00:00,2018-05-24 19:00,2.3837,0.0,1.43615,0.003,0.94455,0.01312,0.0,0.0,0.01312
2018-05-24 19:00:00,2018-05-24 20:00,2.01288,0.0,1.01226,0.003,0.99762,0.0,0.0,0.0,0.0
2018-05-24 20:00:00,2018-05-24 21:00,2.00893,0.0,0.83057,0.003,1.17536,0.0,0.0,0.0,0.0
2018-05-24 21:00:00,2018-05-24 22:00,1.61899,0.0,0.72544,0.003,0.89055,0.0,0.0,0.0,0.0
2018-05-24 22:00:00,2018-05-24 23:00,1.25785,0.0,0.64722,0.003,0.60763,0.0,0.0,0.0,0.0
2018-05-24 23:00:00,2018-05-25 00:00,1.12522,0.0,0.60064,0.003,0.52158,0.0,0.0,0.0,0.0
2018-05-25 00:00:00,2018-05-25 01:00,1.26166,0.0,0.55144,0.23398,0.47624,0.0,0.0,0.0,0.0
2018-05-25 01:00:00,2018-05-25 02:00,1.01127,0.0,0.4915,0.05567,0.4641,0.0,0.0,0.0,0.0
2018-05-25 02:00:00,2018-05-25 03:00,0.9387,0.0,0.47761,0.003,0.45809,0.0,0.0,0.0,0.0
2018-05-25 03:00:00,2018-05-25 04:00,0.89637,0.0,0.4374,0.003,0.45597,0.0,0.0,0.0,0.0
2018-05-25 04:00:00,2018-05-25 05:00,0.87016,0.0,0.41393,0.003,0.45323,0.0,0.0,0.0,0.0
2018-05-25 05:00:00,2018-05-25 06:00,1.08792,0.0,0.37933,0.23006,0.47853,0.0,0.0,0.0,0.0
2018-05-25 06:00:00,2018-05-25 07:00,1.63929,0.0,0.50517,0.19492,0.9392,0.06745,0.0,0.0,0.06745
2018-05-25 07:00:00,2018-05-25 08:00,3.32911,0.0,0.49471,0.11345,2.72095,0.01312,0.0,0.0,0.01312
2018-05-25 08:00:00,2018-05-25 09:00,2.20336,0.0,0.5096,0.32936,1.3644,0.0,0.0,0.0,0.0
2018-05-25 09:00:00,2018-05-25 10:00,1.23682,0.0,0.54695,0.11234,0.57753,0.0,0.0,0.0,0.0
2018-05-25 10:00:00,2018-05-25 11:00,1.55515,0.0,0.63086,0.39269,0.5316,0.0,0.0,0.0,0.0
2018-05-25 11:00:00,2018-05-25 12:00,1.26368,0.0,0.7313,0.003,0.52938,0.0,0.0,0.0,0.0
2018-05-25 12:00:00,2018-05-25 13:00,1.35497,0.0,0.82071,0.003,0.53126,0.0,0.0,0.0,0.0
2018-05-25 13:00:00,2018-05-25 14:00,1.45132,0.0,0.93344,0.003,0.51488,0.0,0.0,0.0,0.0
2018-05-25 14:00:00,2018-05-25 15:00,1.84422,0.0,1.07374,0.22721,0.54327,0.0,0.0,0.0,0.0
2018-05-25 15:00:00,2018-05-25 16:00,1.95413,0.0,1.23964,0.18442,0.53007,0.0,0.0,0.0,0.0
2018-05-25 16:00:00,2018-05-25 17:00,1.97332,0.0,1.36298,0.003,0.60734,0.0,0.0,0.0,0.0
2018-05-25 17:00:00,2018-05-25 18:00,1.84302,0.0,1.10282,0.003,0.7372,0.02622,0.0,0.0,0.02622
2018-05-25 18:00:00,2018-05-25 19:00,1.87395,0.0,0.94245,0.003,0.9285,0.0,0.0,0.0,0.0
2018-05-25 19:00:00,2018-05-25 20:00,2.07328,0.0,0.91028,0.003,1.16,0.0,0.0,0.0,0.0
2018-05-25 20:00:00,2018-05-25 21:00,2.16494,0.0,0.82923,0.22746,1.10825,0.0,0.0,0.0,0.0
2018-05-25 21:00:00,2018-05-25 22:00,1.95273,0.0,0.74424,0.20849,1.0,0.0,0.0,0.0,0.0
2018-05-25 22:00:00,2018-05-25 23:00,1.33583,0.0,0.64254,0.003,0.69029,0.0,0.0,0.0,0.0
2018-05-25 23:00:00,2018-05-26 00:00,1.10303,0.0,0.57812,0.003,0.52191,0.0,0.0,0.0,0.0
2018-05-26 00:00:00,2018-05-26 01:00,0.99789,0.0,0.52201,0.003,0.47288,0.0,0.0,0.0,0.0
2018-05-26 01:00:00,2018-05-26 02:00,0.9434,0.0,0.47503,0.003,0.46537,0.0,0.0,0.0,0.0
2018-05-26 02:00:00,2018-05-26 03:00,0.89147,0.0,0.42913,0.003,0.45934,0.0,0.0,0.0,0.0
2018-05-26 03:00:00,2018-05-26 04:00,0.85126,0.0,0.39075,0.003,0.45751,0.0,0.0,0.0,0.0
2018-05-26 04:00:00,2018-05-26 05:00,1.05353,0.0,0.3696,0.23051,0.45342,0.0,0.0,0.0,0.0
2018-05-26 05:00:00,2018-05-26 06:00,0.91257,0.0,0.35065,0.11109,0.45083,0.0,0.0,0.0,0.0
2018-05-26 06:00:00,2018-05-26 07:00,0.83771,0.0,0.34472,0.003,0.48999,0.0,0.0,0.0,0.0
2018-05-26 07:00:00,2018-05-26 08:00,0.86673,0.0,0.38713,0.003,0.4766,0.0,0.0,0.0,0.0
2018-05-26 08:00:00,2018-05-26 09:00,1.03644,0.0,0.47363,0.003,0.55981,0.01124,0.0,0.0,0.01124
2018-05-26 09:00:00,2018-05-26 10:00,1.69683,0.0,0.60616,0.45318,0.63749,0.01498,0.0,0.0,0.01498
2018-05-26 10:00:00,2018-05-26 11:00,1.335,0.0,0.70763,0.003,0.62437,0.0,0.0,0.0,0.0
2018-05-26 11:00:00,2018-05-26 12:00,1.64382,0.0,0.96207,0.003,0.67875,0.02622,0.0,0.0,0.02622
2018-05-26 12:00:00,2018-05-26 13:00,1.95053,0.0,1.1182,0.11456,0.71777,0.0,0.0,0.0,0.0
2018-05-26 13:00:00,2018-05-26 14:00,2.368,0.0,1.34171,0.28658,0.73971,0.0,0.0,0.0,0.0
2018-05-26 14:00:00,2018-05-26 15:00,2.40389,0.0,1.58299,0.003,0.8179,0.0,0.0,0.0,0.0
2018-05-26 15:00:00,2018-05-26 16:00,2.79286,0.0,1.65617,0.33551,0.80118,0.0,0.0,0.0,0.0
2018-05-26 16:00:00,2018-05-26 17:00,2.71939,0.0,1.68871,0.2306,0.80008,0.0,0.0,0.0,0.0
2018-05-26 17:00:00,2018-05-26 18:00,2.47931,0.0,1.69717,0.11368,0.66846,0.0,0.0,0.0,0.0
2018-05-26 18:00:00,2018-05-26 19:00,3.09989,0.0,1.81513,0.45744,0.82732,0.0,0.0,0.0,0.0
2018-05-26 19:00:00,2018-05-26 20:00,2.71131,0.0,1.64133,0.21236,0.85762,0.0,0.0,0.0,0.0
2018-05-26 20:00:00,2018-05-26 21:00,2.57813,0.0,1.32663,0.27816,0.97334,0.0,0.0,0.0,0.0
2018-05-26 21:00:00,2018-05-26 22:00,2.1786,0.0,1.11409,0.003,1.06151,0.0,0.0,0.0,0.0
2018-05-26 22:00:00,2018-05-26 23:00,1.61618,0.0,0.94605,0.003,0.66713,0.0,0.0,0.0,0.0
2018-05-26 23:00:00,2018-05-27 00:00,1.32554,0.0,0.7983,0.003,0.52424,0.0,0.0,0.0,0.0
2018-05-27 00:00:00,2018-05-27 01:00,1.64535,0.0,0.70941,0.45465,0.48129,0.0,0.0,0.0,0.0
2018-05-27 01:00:00,2018-05-27 02:00,1.1258,0.0,0.63278,0.02631,0.46671,0.0,0.0,0.0,0.0
2018-05-27 02:00:00,2018-05-27 03:00,1.01949,0.0,0.55715,0.003,0.45934,0.0,0.0,0.0,0.0
2018-05-27 03:00:00,2018-05-27 04:00,0.97336,0.0,0.51312,0.003,0.45724,0.0,0.0,0.0,0.0
2018-05-27 04:00:00,2018-05-27 05:00,0.9329,0.0,0.47878,0.003,0.45112,0.0,0.0,0.0,0.0
2018-05-27 05:00:00,2018-05-27 06:00,0.9002,0.0,0.44637,0.003,0.45083,0.0,0.0,0.0,0.0
2018-05-27 06:00:00,2018-05-27 07:00,0.96322,0.0,0.43971,0.003,0.52051,0.0,0.0,0.0,0.0
2018-05-27 07:00:00,2018-05-27 08:00,1.07352,0.0,0.48661,0.003,0.58391,0.0,0.0,0.0,0.0
2018-05-27 08:00:00,2018-05-27 09:00,1.57438,0.0,0.59605,0.3293,0.64903,0.0,0.0,0.0,0.0
2018-05-27 09:00:00,2018-05-27 10:00,1.42285,0.0,0.75024,0.003,0.66961,0.0,0.0,0.0,0.0
2018-05-27 10:00:00,2018-05-27 11:00,1.66107,0.0,0.91531,0.11358,0.63218,0.0,0.0,0.0,0.0
2018-05-27 11:00:00,2018-05-27 12:00,2.19553,0.0,1.02486,0.44763,0.72304,0.0,0.0,0.0,0.0
2018-05-27 12:00:00,2018-05-27 13:00,1.84601,0.0,1.10524,0.003,0.73777,0.0,0.0,0.0,0.0
2018-05-27 13:00:00,2018-05-27 14:00,1.89781,0.0,1.19845,0.003,0.69636,0.0,0.0,0.0,0.0
2018-05-27 14:00:00,2018-05-27 15:00,2.48931,0.0,1.25259,0.4425,0.79422,0.0,0.0,0.0,0.0
2018-05-27 15:00:00,2018-05-27 16:00,2.13569,0.0,1.30587,0.003,0.82682,0.0,0.0,0.0,0.0
2018-05-27 16:00:00,2018-05-27 17:00,2.28623,0.0,1.45917,0.003,0.82406,0.0,0.0,0.0,0.0
2018-05-27 17:00:00,2018-05-27 18:00,2.8126,0.0,1.54813,0.39687,0.8676,0.0,0.0,0.0,0.0
2018-05-27 18:00:00,2018-05-27 19:00,2.43382,0.0,1.59971,0.003,0.83111,0.0,0.0,0.0,0.0
2018-05-27 19:00:00,2018-05-27 20:00,2.11154,0.0,1.40369,0.003,0.70485,0.0,0.0,0.0,0.0
2018-05-27 20:00:00,2018-05-27 21:00,2.33627,0.0,1.31834,0.11385,0.90408,0.0,0.0,0.0,0.0
2018-05-27 21:00:00,2018-05-27 22:00,2.2829,0.0,1.18383,0.21562,0.88345,0.0,0.0,0.0,0.0
2018-05-27 22:00:00,2018-05-27 23:00,1.93406,0.0,1.09299,0.003,0.83807,0.0,0.0,0.0,0.0
2018-05-27 23:00:00,2018-05-28 00:00,1.54172,0.0,1.01993,0.003,0.51879,0.0,0.0,0.0,0.0
2018-05-28 00:00:00,2018-05-28 01:00,1.43117,0.0,0.95892,0.003,0.46925,0.0,0.0,0.0,0.0
2018-05-28 01:00:00,2018-05-28 02:00,1.37581,0.0,0.90085,0.003,0.47196,0.0,0.0,0.0,0.0
2018-05-28 02:00:00,2018-05-28 03:00,1.31621,0.0,0.85396,0.003,0.45925,0.0,0.0,0.0,0.0
2018-05-28 03:00:00,2018-05-28 04:00,1.24029,0.0,0.78098,0.003,0.45631,0.0,0.0,0.0,0.0
2018-05-28 04:00:00,2018-05-28 05:00,1.26897,0.0,0.69933,0.11477,0.45487,0.0,0.0,0.0,0.0
2018-05-28 05:00:00,2018-05-28 06:00,1.3159,0.0,0.62231,0.2341,0.45949,0.0,0.0,0.0,0.0
2018-05-28 06:00:00,2018-05-28 07:00,1.28785,0.0,0.69895,0.003,0.5859,0.03935,0.0,0.0,0.03935
2018-05-28 07:00:00,2018-05-28 08:00,1.66772,0.0,0.73473,0.33964,0.59335,0.01312,0.0,0.0,0.01312
2018-05-28 08:00:00,2018-05-28 09:00,1.41245,0.0,0.77352,0.09066,0.54827,0.0,0.0,0.0,0.0
2018-05-28 09:00:00,2018-05-28 10:00,1.54901,0.0,0.87483,0.1121,0.56208,0.0,0.0,0.0,0.0
2018-05-28 10:00:00,2018-05-28 11:00,1.88091,0.0,1.01716,0.38526,0.47849,0.0,0.0,0.0,0.0
2018-05-28 11:00:00,2018-05-28 12:00,1.68585,0.0,1.21645,0.003,0.4664,0.0,0.0,0.0,0.0
2018-05-28 12:00:00,2018-05-28 13:00,1.98362,0.0,1.50594,0.003,0.47468,0.0,0.0,0.0,0.0
2018-05-28 13:00:00,2018-05-28 14:00,2.30385,0.0,1.82538,0.003,0.47547,0.0,0.0,0.0,0.0
2018-05-28 14:00:00,2018-05-28 15:00,2.68879,0.0,2.16005,0.003,0.52574,0.02622,0.0,0.0,0.02622
2018-05-28 15:00:00,2018-05-28 16:00,2.86897,0.0,2.28581,0.003,0.58016,0.0,0.0,0.0,0.0
2018-05-28 16:00:00,2018-05-28 17:00,2.95989,0.0,1.67991,0.22757,1.05241,0.0,0.0,0.0,0.0
2018-05-28 17:00:00,2018-05-28 18:00,3.11625,0.0,1.14202,0.4277,1.54653,0.0,0.0,0.0,0.0
2018-05-28 18:00:00,2018-05-28 19:00,1.83999,0.0,1.03507,0.003,0.80192,0.0,0.0,0.0,0.0
2018-05-28 19:00:00,2018-05-28 20:00,1.99277,0.0,0.96647,0.11274,0.91356,0.0,0.0,0.0,0.0
2018-05-28 20:00:00,2018-05-28 21:00,2.71657,0.0,0.97932,0.46594,1.27131,0.0,0.0,0.0,0.0
2018-05-28 21:00:00,2018-05-28 22:00,2.27481,0.0,0.942,0.08426,1.24855,0.0,0.0,0.0,0.0
2018-05-28 22:00:00,2018-05-28 23:00,1.69605,0.0,0.86423,0.003,0.82882,0.0,0.0,0.0,0.0
2018-05-28 23:00:00,2018-05-29 00:00,1.29412,0.0,0.73843,0.003,0.55269,0.0,0.0,0.0,0.0
2018-05-29 00:00:00,2018-05-29 01:00,1.15537,0.0,0.68312,0.003,0.46925,0.0,0.0,0.0,0.0
2018-05-29 01:00:00,2018-05-29 02:00,1.14217,0.0,0.67384,0.003,0.46533,0.0,0.0,0.0,0.0
2018-05-29 02:00:00,2018-05-29 03:00,1.12372,0.0,0.66263,0.003,0.45809,0.0,0.0,0.0,0.0
2018-05-29 03:00:00,2018-05-29 04:00,1.10448,0.0,0.64549,0.003,0.45599,0.0,0.0,0.0,0.0
2018-05-29 04:00:00,2018-05-29 05:00,1.05863,0.0,0.60573,0.003,0.4499,0.0,0.0,0.0,0.0
2018-05-29 05:00:00,2018-05-29 06:00,1.17722,0.0,0.58953,0.11511,0.47258,0.01124,0.0,0.0,0.01124
2018-05-29 06:00:00,2018-05-29 07:00,1.55389,0.0,0.63715,0.31824,0.5985,0.01498,0.0,0.0,0.01498
2018-05-29 07:00:00,2018-05-29 08:00,1.29173,0.0,0.61303,0.1122,0.5665,0.0,0.0,0.0,0.0
2018-05-29 08:00:00,2018-05-29 09:00,1.72954,0.0,0.6865,0.44989,0.59315,0.0,0.0,0.0,0.0
2018-05-29 09:00:00,2018-05-29 10:00,1.83619,0.0,0.79711,0.46152,0.57756,0.0,0.0,0.0,0.0
2018-05-29 10:00:00,2018-05-29 11:00,1.49396,0.0,0.95936,0.003,0.5316,0.0,0.0,0.0,0.0
2018-05-29 11:00:00,2018-05-29 12:00,1.91742,0.0,1.1698,0.22459,0.52303,0.0,0.0,0.0,0.0
2018-05-29 12:00:00,2018-05-29 13:00,2.0883,0.0,1.44952,0.16411,0.47467,0.0,0.0,0.0,0.0
2018-05-29 13:00:00,2018-05-29 14:00,2.25698,0.0,1.77851,0.003,0.47547,0.0,0.0,0.0,0.0
2018-05-29 14:00:00,2018-05-29 15:00,2.4515,0.0,1.97306,0.003,0.47544,0.0,0.0,0.0,0.0
2018-05-29 15:00:00,2018-05-29 16:00,2.42256,0.0,1.91913,0.003,0.50043,0.0,0.0,0.0,0.0
2018-05-29 16:00:00,2018-05-29 17:00,2.47405,0.0,1.61429,0.23064,0.62912,0.0,0.0,0.0,0.0
2018-05-29 17:00:00,2018-05-29 18:00,2.19129,0.0,1.18429,0.28233,0.72467,0.03935,0.0,0.0,0.03935
2018-05-29 18:00:00,2018-05-29 19:00,2.04305,0.0,1.06008,0.003,0.97997,0.06745,0.0,0.0,0.06745
2018-05-29 19:00:00,2018-05-29 20:00,2.23997,0.0,0.85683,0.34355,1.03959,0.0,0.0,0.0,0.0
2018-05-29 20:00:00,2018-05-29 21:00,3.05429,0.0,0.84062,0.05991,2.15376,0.0,0.0,0.0,0.0
2018-05-29 21:00:00,2018-05-29 22:00,3.19807,0.0,0.78319,0.003,2.41188,0.0,0.0,0.0,0.0
2018-05-29 22:00:00,2018-05-29 23:00,1.34648,0.0,0.68492,0.003,0.65856,0.0,0.0,0.0,0.0
2018-05-29 23:00:00,2018-05-30 00:00,1.15247,0.0,0.62786,0.003,0.52161,0.0,0.0,0.0,0.0
2018-05-30 00:00:00,2018-05-30 01:00,1.07842,0.0,0.58854,0.003,0.48688,0.0,0.0,0.0,0.0
2018-05-30 01:00:00,2018-05-30 02:00,1.36136,0.0,0.54692,0.3449,0.46954,0.0,0.0,0.0,0.0
2018-05-30 02:00:00,2018-05-30 03:00,1.02262,0.0,0.51321,0.05132,0.45809,0.0,0.0,0.0,0.0
2018-05-30 03:00:00,2018-05-30 04:00,0.95063,0.0,0.49165,0.003,0.45598,0.0,0.0,0.0,0.0
2018-05-30 04:00:00,2018-05-30 05:00,0.92644,0.0,0.47214,0.003,0.4513,0.0,0.0,0.0,0.0
2018-05-30 05:00:00,2018-05-30 06:00,0.92578,0.0,0.4517,0.003,0.47108,0.0,0.0,0.0,0.0
2018-05-30 06:00:00,2018-05-30 07:00,1.4858,0.0,0.44951,0.45194,0.58435,0.0,0.0,0.0,0.0
2018-05-30 07:00:00,2018-05-30 08:00,1.56915,0.0,0.46135,0.46308,0.64472,0.0,0.0,0.0,0.0
2018-05-30 08:00:00,2018-05-30 09:00,1.03622,0.0,0.45223,0.003,0.58099,0.0,0.0,0.0,0.0
2018-05-30 09:00:00,2018-05-30 10:00,0.91407,0.0,0.42621,0.003,0.48486,0.0,0.0,0.0,0.0
2018-05-30 10:00:00,2018-05-30 11:00,0.89483,0.0,0.42271,0.003,0.46912,0.0,0.0,0.0,0.0
2018-05-30 11:00:00,2018-05-30 12:00,0.89419,0.0,0.42478,0.003,0.46641,0.0,0.0,0.0,0.0
2018-05-30 12:00:00,2018-05-30 13:00,0.92363,0.0,0.43949,0.003,0.48114,0.0,0.0,0.0,0.0
2018-05-30 13:00:00,2018-05-30 14:00,1.02248,0.0,0.48502,0.003,0.53446,0.0,0.0,0.0,0.0
2018-05-30 14:00:00,2018-05-30 15:00,1.12968,0.0,0.53952,0.1147,0.47546,0.0,0.0,0.0,0.0
2018-05-30 15:00:00,2018-05-30 16:00,1.33013,0.0,0.60982,0.19255,0.52776,0.0,0.0,0.0,0.0
2018-05-30 16:00:00,2018-05-30 17:00,1.43549,0.0,0.69219,0.003,0.7403,0.01124,0.0,0.0,0.01124
2018-05-30 17:00:00,2018-05-30 18:00,1.34692,0.0,0.68173,0.003,0.66219,0.01498,0.0,0.0,0.01498
2018-05-30 18:00:00,2018-05-30 19:00,1.87393,0.0,0.687,0.45616,0.73077,0.01124,0.0,0.0,0.01124
2018-05-30 19:00:00,2018-05-30 20:00,1.6006,0.0,0.68737,0.06277,0.85046,0.01498,0.0,0.0,0.01498
2018-05-30 20:00:00,2018-05-30 21:00,1.78525,0.0,0.66428,0.003,1.11797,0.0,0.0,0.0,0.0
2018-05-30 21:00:00,2018-05-30 22:00,2.28401,0.0,0.64706,0.40123,1.23572,0.0,0.0,0.0,0.0
2018-05-30 22:00:00,2018-05-30 23:00,1.34026,0.0,0.56949,0.003,0.76777,0.0,0.0,0.0,0.0
2018-05-30 23:00:00,2018-05-31 00:00,0.97256,0.0,0.49536,0.003,0.4742,0.0,0.0,0.0,0.0
2018-05-31 00:00:00,2018-05-31 01:00,0.9251,0.0,0.45364,0.003,0.46846,0.0,0.0,0.0,0.0
2018-05-31 01:00:00,2018-05-31 02:00,0.89201,0.0,0.4249,0.003,0.46411,0.0,0.0,0.0,0.0
2018-05-31 02:00:00,2018-05-31 03:00,0.85848,0.0,0.39739,0.003,0.45809,0.0,0.0,0.0,0.0
2018-05-31 03:00:00,2018-05-31 04:00,0.82629,0.0,0.3673,0.003,0.45599,0.0,0.0,0.0,0.0
2018-05-31 04:00:00,2018-05-31 05:00,0.7974,0.0,0.34451,0.003,0.44989,0.0,0.0,0.0,0.0
2018-05-31 05:00:00,2018-05-31 06:00,0.78326,0.0,0.33069,0.003,0.44957,0.0,0.0,0.0,0.0
2018-05-31 06:00:00,2018-05-31 07:00,1.1902,0.0,0.45858,0.11344,0.61818,0.06745,0.0,0.0,0.06745
2018-05-31 07:00:00,2018-05-31 08:00,1.60459,0.0,0.5197,0.45704,0.62785,0.06745,0.0,0.0,0.06745
2018-05-31 08:00:00,2018-05-31 09:00,1.07737,0.0,0.40064,0.13744,0.53929,0.0,0.0,0.0,0.0
2018-05-31 09:00:00,2018-05-31 10:00,1.00631,0.0,0.43493,0.003,0.56838,0.0,0.0,0.0,0.0
2018-05-31 10:00:00,2018-05-31 11:00,1.34222,0.0,0.53034,0.22386,0.58802,0.0,0.0,0.0,0.0
2018-05-31 11:00:00,2018-05-31 12:00,1.39234,0.0,0.63812,0.22484,0.52938,0.0,0.0,0.0,0.0
2018-05-31 12:00:00,2018-05-31 13:00,1.21318,0.0,0.72609,0.003,0.48409,0.0,0.0,0.0,0.0
2018-05-31 13:00:00,2018-05-31 14:00,1.26789,0.0,0.78942,0.003,0.47547,0.0,0.0,0.0,0.0
2018-05-31 14:00:00,2018-05-31 15:00,1.39086,0.0,0.87155,0.003,0.51631,0.0,0.0,0.0,0.0
2018-05-31 15:00:00,2018-05-31 16:00,1.64852,0.0,1.05103,0.003,0.59449,0.0,0.0,0.0,0.0
2018-05-31 16:00:00,2018-05-31 17:00,2.04771,0.0,1.16316,0.23086,0.65369,0.0,0.0,0.0,0.0
2018-05-31 17:00:00,2018-05-31 18:00,2.00873,0.0,1.20628,0.10683,0.69562,0.0,0.0,0.0,0.0
2018-05-31 18:00:00,2018-05-31 19:00,2.00409,0.0,1.19916,0.003,0.80193,0.0,0.0,0.0,0.0
2018-05-31 19:00:00,2018-05-31 20:00,2.25173,0.0,1.09089,0.2267,0.93414,0.0,0.0,0.0,0.0
2018-05-31 20:00:00,2018-05-31 21:00,3.83014,0.0,1.09968,0.15846,2.572,0.0,0.0,0.0,0.0
2018-05-31 21:00:00,2018-05-31 22:00,3.9443,0.0,0.97851,0.003,2.96279,0.0,0.0,0.0,0.0
2018-05-31 22:00:00,2018-05-31 23:00,1.5843,0.0,0.79331,0.11339,0.6776,0.0,0.0,0.0,0.0
2018-05-31 23:00:00,2018-06-01 00:00,1.48382,0.0,0.69122,0.27195,0.52065,0.0,0.0,0.0,0.0
2018-06-01 00:00:00,2018-06-01 01:00,1.09154,0.0,0.6106,0.003,0.47794,0.0,0.0,0.0,0.0
2018-06-01 01:00:00,2018-06-01 02:00,1.01707,0.0,0.55125,0.003,0.46282,0.0,0.0,0.0,0.0
2018-06-01 02:00:00,2018-06-01 03:00,0.95827,0.0,0.50076,0.003,0.45451,0.0,0.0,0.0,0.0
2018-06-01 03:00:00,2018-06-01 04:00,0.91218,0.0,0.45195,0.003,0.45723,0.0,0.0,0.0,0.0
2018-06-01 04:00:00,2018-06-01 05:00,0.96841,0.0,0.40154,0.11499,0.45188,0.0,0.0,0.0,0.0
2018-06-01 05:00:00,2018-06-01 06:00,1.37116,0.0,0.51869,0.33868,0.51379,0.05247,0.0,0.0,0.05247
2018-06-01 06:00:00,2018-06-01 07:00,0.94915,0.0,0.42129,0.003,0.52486,0.0,0.0,0.0,0.0
2018-06-01 07:00:00,2018-06-01 08:00,1.43024,0.0,0.4206,0.44225,0.56739,0.0,0.0,0.0,0.0
2018-06-01 08:00:00,2018-06-01 09:00,1.37124,0.0,0.41645,0.38655,0.56824,0.0,0.0,0.0,0.0
2018-06-01 09:00:00,2018-06-01 10:00,0.94479,0.0,0.40936,0.003,0.53243,0.0,0.0,0.0,0.0
2018-06-01 10:00:00,2018-06-01 11:00,1.09321,0.0,0.46009,0.11345,0.51967,0.0,0.0,0.0,0.0
2018-06-01 11:00:00,2018-06-01 12:00,1.37266,0.0,0.53638,0.33621,0.50007,0.0,0.0,0.0,0.0
2018-06-01 12:00:00,2018-06-01 13:00,1.20306,0.0,0.68009,0.003,0.51997,0.02622,0.0,0.0,0.02622
2018-06-01 13:00:00,2018-06-01 14:00,1.28997,0.0,0.75745,0.003,0.52952,0.0,0.0,0.0,0.0
2018-06-01 14:00:00,2018-06-01 15:00,1.38127,0.0,0.84066,0.003,0.53761,0.0,0.0,0.0,0.0
2018-06-01 15:00:00,2018-06-01 16:00,1.78248,0.0,0.94709,0.22624,0.60915,0.01124,0.0,0.0,0.01124
2018-06-01 16:00:00,2018-06-01 17:00,1.99524,0.0,1.02752,0.30767,0.66005,0.01498,0.0,0.0,0.01498
2018-06-01 17:00:00,2018-06-01 18:00,1.64702,0.0,1.0035,0.003,0.64052,0.0,0.0,0.0,0.0
2018-06-01 18:00:00,2018-06-01 19:00,1.7571,0.0,0.99938,0.003,0.75472,0.0,0.0,0.0,0.0
2018-06-01 19:00:00,2018-06-01 20:00,2.18695,0.0,0.94191,0.38883,0.85621,0.0,0.0,0.0,0.0
2018-06-01 20:00:00,2018-06-01 21:00,1.97738,0.0,0.90404,0.003,1.07034,0.0,0.0,0.0,0.0
2018-06-01 21:00:00,2018-06-01 22:00,1.85053,0.0,0.83833,0.003,1.0092,0.0,0.0,0.0,0.0
2018-06-01 22:00:00,2018-06-01 23:00,1.50723,0.0,0.76003,0.003,0.7442,0.0,0.0,0.0,0.0
2018-06-01 23:00:00,2018-06-02 00:00,1.15853,0.0,0.66354,0.003,0.49199,0.0,0.0,0.0,0.0
2018-06-02 00:00:00,2018-06-02 01:00,1.0494,0.0,0.57534,0.003,0.47106,0.0,0.0,0.0,0.0
2018-06-02 01:00:00,2018-06-02 02:00,1.20224,0.0,0.50461,0.23097,0.46666,0.0,0.0,0.0,0.0
2018-06-02 02:00:00,2018-06-02 03:00,0.99177,0.0,0.4509,0.08023,0.46064,0.0,0.0,0.0,0.0
2018-06-02 03:00:00,2018-06-02 04:00,0.88449,0.0,0.42301,0.003,0.45848,0.0,0.0,0.0,0.0
2018-06-02 04:00:00,2018-06-02 05:00,0.86658,0.0,0.41126,0.003,0.45232,0.0,0.0,0.0,0.0
2018-06-02 05:00:00,2018-06-02 06:00,0.81204,0.0,0.35702,0.003,0.45202,0.0,0.0,0.0,0.0
2018-06-02 06:00:00,2018-06-02 07:00,0.77728,0.0,0.28306,0.003,0.49122,0.0,0.0,0.0,0.0
2018-06-02 07:00:00,2018-06-02 08:00,0.83206,0.0,0.3411,0.003,0.48796,0.01124,0.0,0.0,0.01124
2018-06-02 08:00:00,2018-06-02 09:00,1.05162,0.0,0.45454,0.003,0.59408,0.05247,0.0,0.0,0.05247
2018-06-02 09:00:00,2018-06-02 10:00,1.05651,0.0,0.39616,0.003,0.65735,0.01498,0.0,0.0,0.01498
2018-06-02 10:00:00,2018-06-02 11:00,1.39691,0.0,0.34727,0.34787,0.70177,0.0,0.0,0.0,0.0
2018-06-02 11:00:00,2018-06-02 12:00,1.57113,0.0,0.3443,0.16572,1.06111,0.0,0.0,0.0,0.0
2018-06-02 12:00:00,2018-06-02 13:00,3.25202,0.0,0.34715,0.003,2.90187,0.0,0.0,0.0,0.0
2018-06-02 13:00:00,2018-06-02 14:00,1.27667,0.0,0.34333,0.003,0.93034,0.0,0.0,0.0,0.0
2018-06-02 14:00:00,2018-06-02 15:00,1.46195,0.0,0.33851,0.44803,0.67541,0.0,0.0,0.0,0.0
2018-06-02 15:00:00,2018-06-02 16:00,1.02497,0.0,0.35442,0.003,0.66755,0.0,0.0,0.0,0.0
2018-06-02 16:00:00,2018-06-02 17:00,1.27687,0.0,0.45535,0.003,0.81852,0.01124,0.0,0.0,0.01124
2018-06-02 17:00:00,2018-06-02 18:00,2.12482,0.0,0.5293,0.33506,1.26046,0.01498,0.0,0.0,0.01498
2018-06-02 18:00:00,2018-06-02 19:00,4.05849,0.0,0.52096,0.46022,3.07731,0.0,0.0,0.0,0.0
2018-06-02 19:00:00,2018-06-02 20:00,1.87281,0.0,0.5104,0.0581,1.30431,0.01124,0.0,0.0,0.01124
2018-06-02 20:00:00,2018-06-02 21:00,1.64422,0.0,0.50398,0.003,1.13724,0.01498,0.0,0.0,0.01498
2018-06-02 21:00:00,2018-06-02 22:00,1.32751,0.0,0.40315,0.003,0.92136,0.0,0.0,0.0,0.0
2018-06-02 22:00:00,2018-06-02 23:00,1.15975,0.0,0.33484,0.11474,0.71017,0.0,0.0,0.0,0.0
2018-06-02 23:00:00,2018-06-03 00:00,0.9761,0.0,0.26336,0.21806,0.49468,0.0,0.0,0.0,0.0
2018-06-03 00:00:00,2018-06-03 01:00,0.68977,0.0,0.21572,0.003,0.47105,0.0,0.0,0.0,0.0
2018-06-03 01:00:00,2018-06-03 02:00,0.65959,0.0,0.18991,0.003,0.46668,0.0,0.0,0.0,0.0
2018-06-03 02:00:00,2018-06-03 03:00,0.62902,0.0,0.16542,0.003,0.4606,0.0,0.0,0.0,0.0
2018-06-03 03:00:00,2018-06-03 04:00,0.61015,0.0,0.14868,0.003,0.45847,0.0,0.0,0.0,0.0
2018-06-03 04:00:00,2018-06-03 05:00,0.5733,0.0,0.11795,0.003,0.45235,0.0,0.0,0.0,0.0
2018-06-03 05:00:00,2018-06-03 06:00,0.55824,0.0,0.10322,0.003,0.45202,0.0,0.0,0.0,0.0
2018-06-03 06:00:00,2018-06-03 07:00,0.57595,0.0,0.08169,0.003,0.49126,0.0,0.0,0.0,0.0
2018-06-03 07:00:00,2018-06-03 08:00,0.57193,0.0,0.09755,0.003,0.47138,0.0,0.0,0.0,0.0
2018-06-03 08:00:00,2018-06-03 09:00,0.58844,0.0,0.07719,0.003,0.50825,0.0,0.0,0.0,0.0
2018-06-03 09:00:00,2018-06-03 10:00,0.99898,0.0,0.07851,0.34646,0.57401,0.0,0.0,0.0,0.0
2018-06-03 10:00:00,2018-06-03 11:00,0.85349,0.0,0.08881,0.16515,0.59953,0.0,0.0,0.0,0.0
2018-06-03 11:00:00,2018-06-03 12:00,0.84715,0.0,0.17149,0.003,0.67266,0.02622,0.0,0.0,0.02622
2018-06-03 12:00:00,2018-06-03 13:00,1.16781,0.0,0.19088,0.22797,0.74896,0.0,0.0,0.0,0.0
2018-06-03 13:00:00,2018-06-03 14:00,1.25832,0.0,0.24525,0.23442,0.77865,0.0,0.0,0.0,0.0
2018-06-03 14:00:00,2018-06-03 15:00,1.13094,0.0,0.32042,0.003,0.80752,0.0,0.0,0.0,0.0
2018-06-03 15:00:00,2018-06-03 16:00,1.60157,0.0,0.37798,0.44896,0.77463,0.0,0.0,0.0,0.0
2018-06-03 16:00:00,2018-06-03 17:00,1.38838,0.0,0.42595,0.2763,0.68613,0.0,0.0,0.0,0.0
2018-06-03 17:00:00,2018-06-03 18:00,1.20738,0.0,0.47366,0.003,0.73072,0.0,0.0,0.0,0.0
2018-06-03 18:00:00,2018-06-03 19:00,1.44836,0.0,0.52096,0.003,0.9244,0.0,0.0,0.0,0.0
2018-06-03 19:00:00,2018-06-03 20:00,1.63095,0.0,0.52993,0.003,1.09802,0.0,0.0,0.0,0.0
2018-06-03 20:00:00,2018-06-03 21:00,1.74638,0.0,0.48621,0.22764,1.03253,0.0,0.0,0.0,0.0
2018-06-03 21:00:00,2018-06-03 22:00,1.36621,0.0,0.41493,0.10164,0.84964,0.0,0.0,0.0,0.0
2018-06-03 22:00:00,2018-06-03 23:00,1.06619,0.0,0.35306,0.003,0.71013,0.0,0.0,0.0,0.0
2018-06-03 23:00:00,2018-06-04 00:00,0.78936,0.0,0.26856,0.003,0.5178,0.0,0.0,0.0,0.0
2018-06-04 00:00:00,2018-06-04 01:00,0.66871,0.0,0.1922,0.003,0.47351,0.0,0.0,0.0,0.0
2018-06-04 01:00:00,2018-06-04 02:00,0.62768,0.0,0.15927,0.003,0.46541,0.0,0.0,0.0,0.0
2018-06-04 02:00:00,2018-06-04 03:00,0.59634,0.0,0.134,0.003,0.45934,0.0,0.0,0.0,0.0
2018-06-04 03:00:00,2018-06-04 04:00,0.57496,0.0,0.11472,0.003,0.45724,0.0,0.0,0.0,0.0
2018-06-04 04:00:00,2018-06-04 05:00,0.52938,0.0,0.07528,0.003,0.4511,0.0,0.0,0.0,0.0
2018-06-04 05:00:00,2018-06-04 06:00,0.4983,0.0,0.04454,0.003,0.45076,0.0,0.0,0.0,0.0
2018-06-04 06:00:00,2018-06-04 07:00,0.54025,0.0,0.02746,0.003,0.50979,0.01124,0.0,0.0,0.01124
2018-06-04 07:00:00,2018-06-04 08:00,1.18876,0.0,0.14453,0.46789,0.57634,0.01498,0.0,0.0,0.01498
2018-06-04 08:00:00,2018-06-04 09:00,0.86645,0.0,0.2489,0.003,0.61455,0.03935,0.0,0.0,0.03935
2018-06-04 09:00:00,2018-06-04 10:00,1.20655,0.0,0.31142,0.33759,0.55754,0.01312,0.0,0.0,0.01312
2018-06-04 10:00:00,2018-06-04 11:00,1.19157,0.0,0.34737,0.32453,0.51967,0.0,0.0,0.0,0.0
2018-06-04 11:00:00,2018-06-04 12:00,0.9361,0.0,0.41562,0.003,0.51748,0.0,0.0,0.0,0.0
2018-06-04 12:00:00,2018-06-04 13:00,1.22757,0.0,0.47914,0.2224,0.52603,0.0,0.0,0.0,0.0
2018-06-04 13:00:00,2018-06-04 14:00,1.24697,0.0,0.55346,0.20332,0.49019,0.0,0.0,0.0,0.0
2018-06-04 14:00:00,2018-06-04 15:00,1.21123,0.0,0.68271,0.003,0.52552,0.0,0.0,0.0,0.0
2018-06-04 15:00:00,2018-06-04 16:00,1.34263,0.0,0.84269,0.003,0.49694,0.0,0.0,0.0,0.0
2018-06-04 16:00:00,2018-06-04 17:00,1.51411,0.0,0.92901,0.003,0.5821,0.01124,0.0,0.0,0.01124
2018-06-04 17:00:00,2018-06-04 18:00,2.29024,0.0,1.13103,0.40284,0.75637,0.04123,0.0,0.0,0.04123
2018-06-04 18:00:00,2018-06-04 19:00,1.95688,0.0,1.12706,0.003,0.82682,0.01124,0.0,0.0,0.01124
2018-06-04 19:00:00,2018-06-04 20:00,1.9059,0.0,1.03171,0.003,0.87119,0.01498,0.0,0.0,0.01498
2018-06-04 20:00:00,2018-06-04 21:00,2.25528,0.0,0.90568,0.34007,1.00953,0.0,0.0,0.0,0.0
2018-06-04 21:00:00,2018-06-04 22:00,2.71691,0.0,0.80499,0.06149,1.85043,0.0,0.0,0.0,0.0
2018-06-04 22:00:00,2018-06-04 23:00,3.60919,0.0,0.73756,0.003,2.86863,0.0,0.0,0.0,0.0
2018-06-04 23:00:00,2018-06-05 00:00,1.34711,0.0,0.61564,0.003,0.72847,0.0,0.0,0.0,0.0
2018-06-05 00:00:00,2018-06-05 01:00,1.05595,0.0,0.57501,0.003,0.47794,0.0,0.0,0.0,0.0
2018-06-05 01:00:00,2018-06-05 02:00,0.99551,0.0,0.52969,0.003,0.46282,0.0,0.0,0.0,0.0
2018-06-05 02:00:00,2018-06-05 03:00,1.2502,0.0,0.46297,0.33459,0.45264,0.0,0.0,0.0,0.0
2018-06-05 03:00:00,2018-06-05 04:00,1.0583,0.0,0.41528,0.18579,0.45723,0.0,0.0,0.0,0.0
2018-06-05 04:00:00,2018-06-05 05:00,0.81787,0.0,0.3684,0.003,0.44647,0.0,0.0,0.0,0.0
2018-06-05 05:00:00,2018-06-05 06:00,1.00827,0.0,0.32379,0.22716,0.45732,0.0,0.0,0.0,0.0
2018-06-05 06:00:00,2018-06-05 07:00,1.24001,0.0,0.2833,0.43609,0.52062,0.0,0.0,0.0,0.0
2018-06-05 07:00:00,2018-06-05 08:00,0.81366,0.0,0.29742,0.003,0.51324,0.0,0.0,0.0,0.0
2018-06-05 08:00:00,2018-06-05 09:00,0.79537,0.0,0.31107,0.003,0.4813,0.0,0.0,0.0,0.0
2018-06-05 09:00:00,2018-06-05 10:00,0.84177,0.0,0.35677,0.003,0.482,0.0,0.0,0.0,0.0
2018-06-05 10:00:00,2018-06-05 11:00,0.94593,0.0,0.43658,0.003,0.50635,0.01124,0.0,0.0,0.01124
2018-06-05 11:00:00,2018-06-05 12:00,1.55839,0.0,0.57373,0.42595,0.55871,0.04123,0.0,0.0,0.04123
2018-06-05 12:00:00,2018-06-05 13:00,1.04268,0.0,0.54368,0.003,0.496,0.0,0.0,0.0,0.0
2018-06-05 13:00:00,2018-06-05 14:00,1.07563,0.0,0.5957,0.003,0.47693,0.0,0.0,0.0,0.0
2018-06-05 14:00:00,2018-06-05 15:00,1.14404,0.0,0.66412,0.003,0.47692,0.0,0.0,0.0,0.0
2018-06-05 15:00:00,2018-06-05 16:00,1.2222,0.0,0.74449,0.003,0.47471,0.0,0.0,0.0,0.0
2018-06-05 16:00:00,2018-06-05 17:00,1.27152,0.0,0.78039,0.003,0.48813,0.0,0.0,0.0,0.0
2018-06-05 17:00:00,2018-06-05 18:00,1.35795,0.0,0.84058,0.003,0.51437,0.0,0.0,0.0,0.0
2018-06-05 18:00:00,2018-06-05 19:00,1.63131,0.0,0.91746,0.003,0.71085,0.01124,0.0,0.0,0.01124
2018-06-05 19:00:00,2018-06-05 20:00,2.1402,0.0,0.89647,0.33689,0.90684,0.01498,0.0,0.0,0.01498
2018-06-05 20:00:00,2018-06-05 21:00,2.01046,0.0,0.83316,0.003,1.1743,0.0,0.0,0.0,0.0
2018-06-05 21:00:00,2018-06-05 22:00,2.01338,0.0,0.74835,0.003,1.26203,0.0,0.0,0.0,0.0
2018-06-05 22:00:00,2018-06-05 23:00,3.21156,0.0,0.67405,0.003,2.53451,0.0,0.0,0.0,0.0
2018-06-05 23:00:00,2018-06-06 00:00,1.82985,0.0,0.59166,0.003,1.23519,0.0,0.0,0.0,0.0
2018-06-06 00:00:00,2018-06-06 01:00,1.00795,0.0,0.53515,0.003,0.4698,0.0,0.0,0.0,0.0
2018-06-06 01:00:00,2018-06-06 02:00,0.94108,0.0,0.47267,0.003,0.46541,0.0,0.0,0.0,0.0
2018-06-06 02:00:00,2018-06-06 03:00,0.90915,0.0,0.44678,0.003,0.45937,0.0,0.0,0.0,0.0
2018-06-06 03:00:00,2018-06-06 04:00,0.98916,0.0,0.41584,0.11676,0.45656,0.0,0.0,0.0,0.0
2018-06-06 04:00:00,2018-06-06 05:00,1.13051,0.0,0.37141,0.31363,0.44547,0.0,0.0,0.0,0.0
2018-06-06 05:00:00,2018-06-06 06:00,0.82586,0.0,0.36554,0.003,0.45732,0.0,0.0,0.0,0.0
2018-06-06 06:00:00,2018-06-06 07:00,1.02993,0.0,0.4379,0.003,0.58903,0.05247,0.0,0.0,0.05247
2018-06-06 07:00:00,2018-06-06 08:00,1.18166,0.0,0.35519,0.22647,0.6,0.0,0.0,0.0,0.0
2018-06-06 08:00:00,2018-06-06 09:00,1.44315,0.0,0.37205,0.45601,0.61509,0.0,0.0,0.0,0.0
2018-06-06 09:00:00,2018-06-06 10:00,1.27476,0.0,0.38715,0.24332,0.64429,0.0,0.0,0.0,0.0
2018-06-06 10:00:00,2018-06-06 11:00,1.67464,0.0,0.44093,0.22474,1.00897,0.0,0.0,0.0,0.0
2018-06-06 11:00:00,2018-06-06 12:00,3.47753,0.0,0.53662,0.22608,2.71483,0.0,0.0,0.0,0.0
2018-06-06 12:00:00,2018-06-06 13:00,1.31365,0.0,0.56934,0.003,0.74131,0.0,0.0,0.0,0.0
2018-06-06 13:00:00,2018-06-06 14:00,1.38105,0.0,0.62591,0.22561,0.52953,0.0,0.0,0.0,0.0
2018-06-06 14:00:00,2018-06-06 15:00,2.32503,0.0,0.73121,0.25176,1.34206,0.0,0.0,0.0,0.0
2018-06-06 15:00:00,2018-06-06 16:00,3.56115,0.0,0.85396,0.003,2.70419,0.0,0.0,0.0,0.0
2018-06-06 16:00:00,2018-06-06 17:00,1.9699,0.0,0.85673,0.34446,0.76871,0.0,0.0,0.0,0.0
2018-06-06 17:00:00,2018-06-06 18:00,1.41543,0.0,0.88004,0.00995,0.52544,0.0,0.0,0.0,0.0
2018-06-06 18:00:00,2018-06-06 19:00,1.71534,0.0,0.94095,0.003,0.77139,0.0,0.0,0.0,0.0
2018-06-06 19:00:00,2018-06-06 20:00,1.69158,0.0,0.8853,0.003,0.80328,0.0,0.0,0.0,0.0
2018-06-06 20:00:00,2018-06-06 21:00,1.79073,0.0,0.84725,0.003,0.94048,0.0,0.0,0.0,0.0
2018-06-06 21:00:00,2018-06-06 22:00,1.94434,0.0,0.759,0.34563,0.83971,0.0,0.0,0.0,0.0
2018-06-06 22:00:00,2018-06-06 23:00,1.41281,0.0,0.6719,0.07058,0.67033,0.0,0.0,0.0,0.0
2018-06-06 23:00:00,2018-06-07 00:00,1.0522,0.0,0.56753,0.003,0.48167,0.0,0.0,0.0,0.0
2018-06-07 00:00:00,2018-06-07 01:00,0.98286,0.0,0.51005,0.003,0.46981,0.0,0.0,0.0,0.0
2018-06-07 01:00:00,2018-06-07 02:00,0.91286,0.0,0.44445,0.003,0.46541,0.0,0.0,0.0,0.0
2018-06-07 02:00:00,2018-06-07 03:00,0.86327,0.0,0.40091,0.003,0.45936,0.0,0.0,0.0,0.0
2018-06-07 03:00:00,2018-06-07 04:00,0.83738,0.0,0.37715,0.003,0.45723,0.0,0.0,0.0,0.0
2018-06-07 04:00:00,2018-06-07 05:00,0.7909,0.0,0.33682,0.003,0.45108,0.0,0.0,0.0,0.0
2018-06-07 05:00:00,2018-06-07 06:00,0.98145,0.0,0.29111,0.22974,0.4606,0.0,0.0,0.0,0.0
2018-06-07 06:00:00,2018-06-07 07:00,1.29086,0.0,0.26238,0.45506,0.57342,0.0,0.0,0.0,0.0
2018-06-07 07:00:00,2018-06-07 08:00,1.25504,0.0,0.27825,0.46354,0.51325,0.0,0.0,0.0,0.0
2018-06-07 08:00:00,2018-06-07 09:00,0.82229,0.0,0.29796,0.003,0.52133,0.0,0.0,0.0,0.0
2018-06-07 09:00:00,2018-06-07 10:00,0.87811,0.0,0.34988,0.003,0.52523,0.0,0.0,0.0,0.0
2018-06-07 10:00:00,2018-06-07 11:00,1.15666,0.0,0.41288,0.22411,0.51967,0.0,0.0,0.0,0.0
2018-06-07 11:00:00,2018-06-07 12:00,1.24606,0.0,0.46899,0.25958,0.51749,0.0,0.0,0.0,0.0
2018-06-07 12:00:00,2018-06-07 13:00,1.06063,0.0,0.54405,0.003,0.51358,0.0,0.0,0.0,0.0
2018-06-07 13:00:00,2018-06-07 14:00,1.15571,0.0,0.62862,0.003,0.52409,0.0,0.0,0.0,0.0
2018-06-07 14:00:00,2018-06-07 15:00,1.15613,0.0,0.67622,0.003,0.47691,0.0,0.0,0.0,0.0
2018-06-07 15:00:00,2018-06-07 16:00,1.34542,0.0,0.69945,0.11169,0.53428,0.0,0.0,0.0,0.0
2018-06-07 16:00:00,2018-06-07 17:00,1.75864,0.0,0.71812,0.39283,0.64769,0.01124,0.0,0.0,0.01124
2018-06-07 17:00:00,2018-06-07 18:00,1.45351,0.0,0.74217,0.003,0.70834,0.01498,0.0,0.0,0.01498
2018-06-07 18:00:00,2018-06-07 19:00,1.62236,0.0,0.73428,0.003,0.88508,0.0,0.0,0.0,0.0
2018-06-07 19:00:00,2018-06-07 20:00,1.66258,0.0,0.71073,0.003,0.94885,0.0,0.0,0.0,0.0
2018-06-07 20:00:00,2018-06-07 21:00,1.9915,0.0,0.70498,0.11223,1.17429,0.0,0.0,0.0,0.0
2018-06-07 21:00:00,2018-06-07 22:00,2.30671,0.0,0.67032,0.45747,1.17892,0.0,0.0,0.0,0.0
2018-06-07 22:00:00,2018-06-07 23:00,1.46849,0.0,0.61188,0.03012,0.82649,0.0,0.0,0.0,0.0
2018-06-07 23:00:00,2018-06-08 00:00,1.08602,0.0,0.53674,0.003,0.54628,0.0,0.0,0.0,0.0
2018-06-08 00:00:00,2018-06-08 01:00,0.97051,0.0,0.49399,0.003,0.47352,0.0,0.0,0.0,0.0
2018-06-08 01:00:00,2018-06-08 02:00,0.91404,0.0,0.44563,0.003,0.46541,0.0,0.0,0.0,0.0
2018-06-08 02:00:00,2018-06-08 03:00,0.85536,0.0,0.39299,0.003,0.45937,0.0,0.0,0.0,0.0
2018-06-08 03:00:00,2018-06-08 04:00,0.82179,0.0,0.36156,0.003,0.45723,0.0,0.0,0.0,0.0
2018-06-08 04:00:00,2018-06-08 05:00,0.7958,0.0,0.34172,0.003,0.45108,0.0,0.0,0.0,0.0
2018-06-08 05:00:00,2018-06-08 06:00,1.26359,0.0,0.33631,0.46468,0.4626,0.0,0.0,0.0,0.0
2018-06-08 06:00:00,2018-06-08 07:00,1.39233,0.0,0.3421,0.46816,0.58207,0.0,0.0,0.0,0.0
2018-06-08 07:00:00,2018-06-08 08:00,1.16685,0.0,0.34938,0.22221,0.59526,0.0,0.0,0.0,0.0
2018-06-08 08:00:00,2018-06-08 09:00,1.3688,0.0,0.35629,0.44906,0.56345,0.0,0.0,0.0,0.0
2018-06-08 09:00:00,2018-06-08 10:00,1.20413,0.0,0.36632,0.31743,0.52038,0.0,0.0,0.0,0.0
2018-06-08 10:00:00,2018-06-08 11:00,0.83507,0.0,0.36152,0.003,0.47055,0.0,0.0,0.0,0.0
2018-06-08 11:00:00,2018-06-08 12:00,0.85783,0.0,0.387,0.003,0.46783,0.0,0.0,0.0,0.0
2018-06-08 12:00:00,2018-06-08 13:00,0.93707,0.0,0.4579,0.003,0.47617,0.0,0.0,0.0,0.0
2018-06-08 13:00:00,2018-06-08 14:00,0.97481,0.0,0.49485,0.003,0.47696,0.0,0.0,0.0,0.0
2018-06-08 14:00:00,2018-06-08 15:00,0.95873,0.0,0.47882,0.003,0.47691,0.0,0.0,0.0,0.0
2018-06-08 15:00:00,2018-06-08 16:00,0.95217,0.0,0.47447,0.003,0.4747,0.0,0.0,0.0,0.0
2018-06-08 16:00:00,2018-06-08 17:00,0.98602,0.0,0.48622,0.003,0.4968,0.0,0.0,0.0,0.0
2018-06-08 17:00:00,2018-06-08 18:00,1.57526,0.0,0.58526,0.34951,0.64049,0.02622,0.0,0.0,0.02622
2018-06-08 18:00:00,2018-06-08 19:00,1.35107,0.0,0.57392,0.10501,0.67214,0.0,0.0,0.0,0.0
2018-06-08 19:00:00,2018-06-08 20:00,1.48661,0.0,0.65412,0.003,0.82949,0.02622,0.0,0.0,0.02622
2018-06-08 20:00:00,2018-06-08 21:00,1.62471,0.0,0.603,0.003,1.01871,0.0,0.0,0.0,0.0
2018-06-08 21:00:00,2018-06-08 22:00,2.00078,0.0,0.57716,0.34411,1.07951,0.0,0.0,0.0,0.0
2018-06-08 22:00:00,2018-06-08 23:00,1.26539,0.0,0.51397,0.003,0.74842,0.0,0.0,0.0,0.0
2018-06-08 23:00:00,2018-06-09 00:00,0.95389,0.0,0.41171,0.003,0.53918,0.0,0.0,0.0,0.0
2018-06-09 00:00:00,2018-06-09 01:00,0.89248,0.0,0.41843,0.003,0.47105,0.0,0.0,0.0,0.0
2018-06-09 01:00:00,2018-06-09 02:00,0.85551,0.0,0.38586,0.003,0.46665,0.0,0.0,0.0,0.0
2018-06-09 02:00:00,2018-06-09 03:00,1.13701,0.0,0.3626,0.31379,0.46062,0.0,0.0,0.0,0.0
2018-06-09 03:00:00,2018-06-09 04:00,0.79841,0.0,0.33693,0.003,0.45848,0.0,0.0,0.0,0.0
2018-06-09 04:00:00,2018-06-09 05:00,0.76869,0.0,0.31334,0.003,0.45235,0.0,0.0,0.0,0.0
2018-06-09 05:00:00,2018-06-09 06:00,0.75164,0.0,0.29665,0.003,0.45199,0.0,0.0,0.0,0.0
2018-06-09 06:00:00,2018-06-09 07:00,0.77755,0.0,0.27903,0.003,0.49552,0.0,0.0,0.0,0.0
2018-06-09 07:00:00,2018-06-09 08:00,0.77353,0.0,0.28724,0.003,0.48329,0.0,0.0,0.0,0.0
2018-06-09 08:00:00,2018-06-09 09:00,1.26024,0.0,0.31688,0.34837,0.59499,0.0,0.0,0.0,0.0
2018-06-09 09:00:00,2018-06-09 10:00,1.64015,0.0,0.4697,0.40983,0.76062,0.05247,0.0,0.0,0.05247
2018-06-09 10:00:00,2018-06-09 11:00,1.10157,0.0,0.37145,0.003,0.72712,0.0,0.0,0.0,0.0
2018-06-09 11:00:00,2018-06-09 12:00,1.30265,0.0,0.36781,0.22621,0.70863,0.0,0.0,0.0,0.0
2018-06-09 12:00:00,2018-06-09 13:00,1.20524,0.0,0.36584,0.13994,0.69946,0.01124,0.0,0.0,0.01124
2018-06-09 13:00:00,2018-06-09 14:00,1.2975,0.0,0.38921,0.11468,0.79361,0.01498,0.0,0.0,0.01498
2018-06-09 14:00:00,2018-06-09 15:00,1.3918,0.0,0.3715,0.21278,0.80752,0.0,0.0,0.0,0.0
2018-06-09 15:00:00,2018-06-09 16:00,1.24359,0.0,0.4014,0.003,0.83919,0.0,0.0,0.0,0.0
2018-06-09 16:00:00,2018-06-09 17:00,1.55383,0.0,0.44336,0.22728,0.88319,0.0,0.0,0.0,0.0
2018-06-09 17:00:00,2018-06-09 18:00,1.71278,0.0,0.46301,0.31803,0.93174,0.0,0.0,0.0,0.0
2018-06-09 18:00:00,2018-06-09 19:00,1.50681,0.0,0.48393,0.003,1.01988,0.0,0.0,0.0,0.0
2018-06-09 19:00:00,2018-06-09 20:00,1.64942,0.0,0.50719,0.003,1.13923,0.0,0.0,0.0,0.0
2018-06-09 20:00:00,2018-06-09 21:00,1.7378,0.0,0.50436,0.003,1.23044,0.0,0.0,0.0,0.0
2018-06-09 21:00:00,2018-06-09 22:00,1.67442,0.0,0.47392,0.003,1.1975,0.0,0.0,0.0,0.0
2018-06-09 22:00:00,2018-06-09 23:00,1.54823,0.0,0.44215,0.23158,0.8745,0.0,0.0,0.0,0.0
2018-06-09 23:00:00,2018-06-10 00:00,1.07932,0.0,0.40356,0.09892,0.57684,0.0,0.0,0.0,0.0
2018-06-10 00:00:00,2018-06-10 01:00,0.85298,0.0,0.36879,0.003,0.48119,0.0,0.0,0.0,0.0
2018-06-10 01:00:00,2018-06-10 02:00,0.80925,0.0,0.33958,0.003,0.46667,0.0,0.0,0.0,0.0
2018-06-10 02:00:00,2018-06-10 03:00,0.78528,0.0,0.32168,0.003,0.4606,0.0,0.0,0.0,0.0
2018-06-10 03:00:00,2018-06-10 04:00,0.76861,0.0,0.30713,0.003,0.45848,0.0,0.0,0.0,0.0
2018-06-10 04:00:00,2018-06-10 05:00,0.7426,0.0,0.28727,0.003,0.45233,0.0,0.0,0.0,0.0
2018-06-10 05:00:00,2018-06-10 06:00,0.75893,0.0,0.29004,0.003,0.46589,0.01124,0.0,0.0,0.01124
2018-06-10 06:00:00,2018-06-10 07:00,0.95335,0.0,0.37067,0.003,0.57968,0.04123,0.0,0.0,0.04123
2018-06-10 07:00:00,2018-06-10 08:00,1.11334,0.0,0.3169,0.236,0.56044,0.0,0.0,0.0,0.0
2018-06-10 08:00:00,2018-06-10 09:00,1.01479,0.0,0.34949,0.07548,0.58982,0.0,0.0,0.0,0.0
2018-06-10 09:00:00,2018-06-10 10:00,1.1692,0.0,0.39181,0.11384,0.66355,0.0,0.0,0.0,0.0
2018-06-10 10:00:00,2018-06-10 11:00,1.46112,0.0,0.41989,0.3684,0.67283,0.0,0.0,0.0,0.0
2018-06-10 11:00:00,2018-06-10 12:00,1.10705,0.0,0.43807,0.003,0.66598,0.0,0.0,0.0,0.0
2018-06-10 12:00:00,2018-06-10 13:00,1.31856,0.0,0.48035,0.11622,0.72199,0.0,0.0,0.0,0.0
2018-06-10 13:00:00,2018-06-10 14:00,1.84013,0.0,0.5772,0.45807,0.80486,0.02622,0.0,0.0,0.02622
2018-06-10 14:00:00,2018-06-10 15:00,1.36718,0.0,0.59514,0.003,0.76904,0.0,0.0,0.0,0.0
2018-06-10 15:00:00,2018-06-10 16:00,1.3172,0.0,0.65656,0.003,0.65764,0.0,0.0,0.0,0.0
2018-06-10 16:00:00,2018-06-10 17:00,1.75545,0.0,0.72566,0.34369,0.6861,0.0,0.0,0.0,0.0
2018-06-10 17:00:00,2018-06-10 18:00,1.56024,0.0,0.7525,0.07703,0.73071,0.0,0.0,0.0,0.0
2018-06-10 18:00:00,2018-06-10 19:00,1.68623,0.0,0.75884,0.003,0.92439,0.0,0.0,0.0,0.0
2018-06-10 19:00:00,2018-06-10 20:00,2.06882,0.0,0.70607,0.45698,0.90577,0.0,0.0,0.0,0.0
2018-06-10 20:00:00,2018-06-10 21:00,1.74142,0.0,0.68818,0.003,1.05024,0.0,0.0,0.0,0.0
2018-06-10 21:00:00,2018-06-10 22:00,2.23822,0.0,0.65696,0.22868,1.35258,0.0,0.0,0.0,0.0
2018-06-10 22:00:00,2018-06-10 23:00,3.61037,0.0,0.66028,0.18849,2.7616,0.0,0.0,0.0,0.0
2018-06-10 23:00:00,2018-06-11 00:00,1.07358,0.0,0.55278,0.003,0.5178,0.0,0.0,0.0,0.0
2018-06-11 00:00:00,2018-06-11 01:00,0.98386,0.0,0.50291,0.003,0.47795,0.0,0.0,0.0,0.0
2018-06-11 01:00:00,2018-06-11 02:00,0.87141,0.0,0.40482,0.003,0.46359,0.0,0.0,0.0,0.0
2018-06-11 02:00:00,2018-06-11 03:00,0.77438,0.0,0.31202,0.003,0.45936,0.0,0.0,0.0,0.0
2018-06-11 03:00:00,2018-06-11 04:00,1.03554,0.0,0.2668,0.31151,0.45723,0.0,0.0,0.0,0.0
2018-06-11 04:00:00,2018-06-11 05:00,0.68983,0.0,0.23535,0.003,0.45148,0.0,0.0,0.0,0.0
2018-06-11 05:00:00,2018-06-11 06:00,0.63782,0.0,0.1767,0.003,0.45812,0.0,0.0,0.0,0.0
2018-06-11 06:00:00,2018-06-11 07:00,0.90485,0.0,0.13398,0.23104,0.53983,0.0,0.0,0.0,0.0
2018-06-11 07:00:00,2018-06-11 08:00,0.84403,0.0,0.14023,0.19056,0.51324,0.0,0.0,0.0,0.0
2018-06-11 08:00:00,2018-06-11 09:00,0.6997,0.0,0.17537,0.003,0.52133,0.0,0.0,0.0,0.0
2018-06-11 09:00:00,2018-06-11 10:00,1.12631,0.0,0.22489,0.39306,0.50836,0.0,0.0,0.0,0.0
2018-06-11 10:00:00,2018-06-11 11:00,0.74755,0.0,0.274,0.003,0.47055,0.0,0.0,0.0,0.0
2018-06-11 11:00:00,2018-06-11 12:00,0.74444,0.0,0.27361,0.003,0.46783,0.0,0.0,0.0,0.0
2018-06-11 12:00:00,2018-06-11 13:00,0.78411,0.0,0.30493,0.003,0.47618,0.0,0.0,0.0,0.0
2018-06-11 13:00:00,2018-06-11 14:00,0.83183,0.0,0.35189,0.003,0.47694,0.0,0.0,0.0,0.0
2018-06-11 14:00:00,2018-06-11 15:00,0.83473,0.0,0.34887,0.003,0.48286,0.0,0.0,0.0,0.0
2018-06-11 15:00:00,2018-06-11 16:00,1.30185,0.0,0.3789,0.38681,0.53614,0.0,0.0,0.0,0.0
2018-06-11 16:00:00,2018-06-11 17:00,0.91521,0.0,0.37693,0.003,0.53528,0.0,0.0,0.0,0.0
2018-06-11 17:00:00,2018-06-11 18:00,1.27852,0.0,0.4303,0.23125,0.61697,0.02622,0.0,0.0,0.02622
2018-06-11 18:00:00,2018-06-11 19:00,1.61206,0.0,0.41155,0.23516,0.96535,0.0,0.0,0.0,0.0
2018-06-11 19:00:00,2018-06-11 20:00,2.21079,0.0,0.42788,0.003,1.77991,0.0,0.0,0.0,0.0
2018-06-11 20:00:00,2018-06-11 21:00,3.7724,0.0,0.51123,0.003,3.25817,0.0,0.0,0.0,0.0
2018-06-11 21:00:00,2018-06-11 22:00,2.0407,0.0,0.50718,0.11457,1.41895,0.0,0.0,0.0,0.0
2018-06-11 22:00:00,2018-06-11 23:00,1.55303,0.0,0.43584,0.34859,0.7686,0.0,0.0,0.0,0.0
2018-06-11 23:00:00,2018-06-12 00:00,0.84858,0.0,0.37007,0.003,0.47551,0.0,0.0,0.0,0.0
2018-06-12 00:00:00,2018-06-12 01:00,0.81695,0.0,0.34415,0.003,0.4698,0.0,0.0,0.0,0.0
2018-06-12 01:00:00,2018-06-12 02:00,0.79674,0.0,0.32833,0.003,0.46541,0.0,0.0,0.0,0.0
2018-06-12 02:00:00,2018-06-12 03:00,0.77396,0.0,0.3116,0.003,0.45936,0.0,0.0,0.0,0.0
2018-06-12 03:00:00,2018-06-12 04:00,0.76053,0.0,0.3003,0.003,0.45723,0.0,0.0,0.0,0.0
2018-06-12 04:00:00,2018-06-12 05:00,0.74454,0.0,0.29045,0.003,0.45109,0.0,0.0,0.0,0.0
2018-06-12 05:00:00,2018-06-12 06:00,0.74159,0.0,0.28499,0.003,0.4536,0.0,0.0,0.0,0.0
2018-06-12 06:00:00,2018-06-12 07:00,1.18923,0.0,0.29597,0.35352,0.53974,0.0,0.0,0.0,0.0
2018-06-12 07:00:00,2018-06-12 08:00,1.04189,0.0,0.28858,0.22278,0.53053,0.0,0.0,0.0,0.0
2018-06-12 08:00:00,2018-06-12 09:00,1.04398,0.0,0.29871,0.22394,0.52133,0.0,0.0,0.0,0.0
2018-06-12 09:00:00,2018-06-12 10:00,1.19539,0.0,0.32517,0.32101,0.54921,0.0,0.0,0.0,0.0
2018-06-12 10:00:00,2018-06-12 11:00,0.86284,0.0,0.34017,0.003,0.51967,0.0,0.0,0.0,0.0
2018-06-12 11:00:00,2018-06-12 12:00,1.303,0.0,0.3552,0.43031,0.51749,0.0,0.0,0.0,0.0
2018-06-12 12:00:00,2018-06-12 13:00,0.88748,0.0,0.37607,0.003,0.50841,0.0,0.0,0.0,0.0
2018-06-12 13:00:00,2018-06-12 14:00,0.88707,0.0,0.40171,0.003,0.48236,0.0,0.0,0.0,0.0
2018-06-12 14:00:00,2018-06-12 15:00,1.00112,0.0,0.46663,0.003,0.53149,0.0,0.0,0.0,0.0
2018-06-12 15:00:00,2018-06-12 16:00,1.20556,0.0,0.55395,0.11547,0.53614,0.0,0.0,0.0,0.0
2018-06-12 16:00:00,2018-06-12 17:00,1.43183,0.0,0.63424,0.2155,0.58209,0.01124,0.0,0.0,0.01124
2018-06-12 17:00:00,2018-06-12 18:00,1.43172,0.0,0.73137,0.003,0.69735,0.01498,0.0,0.0,0.01498
2018-06-12 18:00:00,2018-06-12 19:00,1.94589,0.0,0.74248,0.43203,0.77138,0.0,0.0,0.0,0.0
2018-06-12 19:00:00,2018-06-12 20:00,1.67689,0.0,0.72911,0.003,0.94478,0.0,0.0,0.0,0.0
2018-06-12 20:00:00,2018-06-12 21:00,1.92942,0.0,0.72635,0.003,1.20007,0.0,0.0,0.0,0.0
2018-06-12 21:00:00,2018-06-12 22:00,1.74848,0.0,0.66598,0.003,1.0795,0.0,0.0,0.0,0.0
2018-06-12 22:00:00,2018-06-12 23:00,1.63039,0.0,0.56439,0.31757,0.74843,0.0,0.0,0.0,0.0
2018-06-12 23:00:00,2018-06-13 00:00,1.00138,0.0,0.46867,0.003,0.52971,0.0,0.0,0.0,0.0
2018-06-13 00:00:00,2018-06-13 01:00,0.83006,0.0,0.35352,0.003,0.47354,0.0,0.0,0.0,0.0
2018-06-13 01:00:00,2018-06-13 02:00,0.76126,0.0,0.29284,0.003,0.46542,0.0,0.0,0.0,0.0
2018-06-13 02:00:00,2018-06-13 03:00,0.68977,0.0,0.22741,0.003,0.45936,0.0,0.0,0.0,0.0
2018-06-13 03:00:00,2018-06-13 04:00,0.75236,0.0,0.17863,0.11716,0.45657,0.0,0.0,0.0,0.0
2018-06-13 04:00:00,2018-06-13 05:00,0.79882,0.0,0.15113,0.20173,0.44596,0.0,0.0,0.0,0.0
2018-06-13 05:00:00,2018-06-13 06:00,0.56866,0.0,0.10646,0.003,0.4592,0.0,0.0,0.0,0.0
2018-06-13 06:00:00,2018-06-13 07:00,1.13625,0.0,0.19299,0.34686,0.5964,0.05247,0.0,0.0,0.05247
2018-06-13 07:00:00,2018-06-13 08:00,0.81639,0.0,0.19916,0.06954,0.54769,0.0,0.0,0.0,0.0
2018-06-13 08:00:00,2018-06-13 09:00,1.10425,0.0,0.25387,0.3456,0.50478,0.0,0.0,0.0,0.0
2018-06-13 09:00:00,2018-06-13 10:00,0.82502,0.0,0.32458,0.02334,0.4771,0.0,0.0,0.0,0.0
2018-06-13 10:00:00,2018-06-13 11:00,0.87202,0.0,0.39846,0.003,0.47056,0.0,0.0,0.0,0.0
2018-06-13 11:00:00,2018-06-13 12:00,0.93028,0.0,0.45945,0.003,0.46783,0.0,0.0,0.0,0.0
2018-06-13 12:00:00,2018-06-13 13:00,0.99333,0.0,0.51415,0.003,0.47618,0.0,0.0,0.0,0.0
2018-06-13 13:00:00,2018-06-13 14:00,1.14625,0.0,0.62161,0.003,0.52164,0.0,0.0,0.0,0.0
2018-06-13 14:00:00,2018-06-13 15:00,1.52317,0.0,0.64661,0.34507,0.53149,0.0,0.0,0.0,0.0
2018-06-13 15:00:00,2018-06-13 16:00,1.38502,0.0,0.70441,0.09174,0.58887,0.0,0.0,0.0,0.0
2018-06-13 16:00:00,2018-06-13 17:00,1.49968,0.0,0.74059,0.11402,0.64507,0.0,0.0,0.0,0.0
2018-06-13 17:00:00,2018-06-13 18:00,2.00442,0.0,0.86027,0.34658,0.79757,0.02622,0.0,0.0,0.02622
2018-06-13 18:00:00,2018-06-13 19:00,1.72347,0.0,0.83539,0.003,0.88508,0.0,0.0,0.0,0.0
2018-06-13 19:00:00,2018-06-13 20:00,2.34722,0.0,0.8125,0.45249,1.08223,0.02622,0.0,0.0,0.02622
2018-06-13 20:00:00,2018-06-13 21:00,1.73505,0.0,0.70509,0.003,1.02696,0.0,0.0,0.0,0.0
2018-06-13 21:00:00,2018-06-13 22:00,1.66582,0.0,0.65362,0.003,1.0092,0.0,0.0,0.0,0.0
2018-06-13 22:00:00,2018-06-13 23:00,1.40652,0.0,0.60239,0.003,0.80113,0.0,0.0,0.0,0.0
2018-06-13 23:00:00,2018-06-14 00:00,1.02723,0.0,0.53236,0.003,0.49187,0.0,0.0,0.0,0.0
2018-06-14 00:00:00,2018-06-14 01:00,0.94705,0.0,0.47426,0.003,0.46979,0.0,0.0,0.0,0.0
2018-06-14 01:00:00,2018-06-14 02:00,0.90162,0.0,0.4332,0.003,0.46542,0.0,0.0,0.0,0.0
2018-06-14 02:00:00,2018-06-14 03:00,0.87299,0.0,0.41063,0.003,0.45936,0.0,0.0,0.0,0.0
2018-06-14 03:00:00,2018-06-14 04:00,0.84787,0.0,0.38765,0.003,0.45722,0.0,0.0,0.0,0.0
2018-06-14 04:00:00,2018-06-14 05:00,1.04215,0.0,0.36016,0.23091,0.45108,0.0,0.0,0.0,0.0
2018-06-14 05:00:00,2018-06-14 06:00,0.86131,0.0,0.32806,0.07461,0.45864,0.0,0.0,0.0,0.0
2018-06-14 06:00:00,2018-06-14 07:00,1.33699,0.0,0.36561,0.37898,0.5924,0.02622,0.0,0.0,0.02622
2018-06-14 07:00:00,2018-06-14 08:00,0.88952,0.0,0.34052,0.003,0.546,0.0,0.0,0.0,0.0
2018-06-14 08:00:00,2018-06-14 09:00,1.28207,0.0,0.36881,0.34021,0.57305,0.0,0.0,0.0,0.0
2018-06-14 09:00:00,2018-06-14 10:00,1.33295,0.0,0.40905,0.33141,0.59249,0.0,0.0,0.0,0.0
2018-06-14 10:00:00,2018-06-14 11:00,1.50498,0.0,0.47875,0.45755,0.56868,0.0,0.0,0.0,0.0
2018-06-14 11:00:00,2018-06-14 12:00,1.29506,0.0,0.58006,0.15309,0.56191,0.0,0.0,0.0,0.0
2018-06-14 12:00:00,2018-06-14 13:00,1.51953,0.0,0.65599,0.33222,0.53132,0.0,0.0,0.0,0.0
2018-06-14 13:00:00,2018-06-14 14:00,1.49904,0.0,0.71483,0.24678,0.53743,0.0,0.0,0.0,0.0
2018-06-14 14:00:00,2018-06-14 15:00,1.25479,0.0,0.76679,0.003,0.485,0.0,0.0,0.0,0.0
2018-06-14 15:00:00,2018-06-14 16:00,1.30325,0.0,0.82553,0.003,0.47472,0.0,0.0,0.0,0.0
2018-06-14 16:00:00,2018-06-14 17:00,1.35217,0.0,0.86104,0.003,0.48813,0.0,0.0,0.0,0.0
2018-06-14 17:00:00,2018-06-14 18:00,1.45025,0.0,0.84547,0.003,0.60178,0.0,0.0,0.0,0.0
2018-06-14 18:00:00,2018-06-14 19:00,2.16754,0.0,0.84156,0.44091,0.88507,0.0,0.0,0.0,0.0
2018-06-14 19:00:00,2018-06-14 20:00,2.16757,0.0,0.80531,0.4134,0.94886,0.0,0.0,0.0,0.0
2018-06-14 20:00:00,2018-06-14 21:00,1.8555,0.0,0.78226,0.003,1.07024,0.0,0.0,0.0,0.0
2018-06-14 21:00:00,2018-06-14 22:00,1.59552,0.0,0.73797,0.003,0.85455,0.0,0.0,0.0,0.0
2018-06-14 22:00:00,2018-06-14 23:00,1.18937,0.0,0.65093,0.003,0.53544,0.0,0.0,0.0,0.0
2018-06-14 23:00:00,2018-06-15 00:00,1.05748,0.0,0.57896,0.003,0.47552,0.0,0.0,0.0,0.0
2018-06-15 00:00:00,2018-06-15 01:00,1.00867,0.0,0.53588,0.003,0.46979,0.0,0.0,0.0,0.0
2018-06-15 01:00:00,2018-06-15 02:00,0.97488,0.0,0.50647,0.003,0.46541,0.0,0.0,0.0,0.0
2018-06-15 02:00:00,2018-06-15 03:00,0.93389,0.0,0.47153,0.003,0.45936,0.0,0.0,0.0,0.0
2018-06-15 03:00:00,2018-06-15 04:00,0.90357,0.0,0.44333,0.003,0.45724,0.0,0.0,0.0,0.0
2018-06-15 04:00:00,2018-06-15 05:00,0.85893,0.0,0.40611,0.003,0.44982,0.0,0.0,0.0,0.0
2018-06-15 05:00:00,2018-06-15 06:00,1.20277,0.0,0.45008,0.29534,0.45735,0.0,0.0,0.0,0.0
2018-06-15 06:00:00,2018-06-15 07:00,0.97433,0.0,0.47276,0.003,0.49857,0.0,0.0,0.0,0.0
2018-06-15 07:00:00,2018-06-15 08:00,1.13072,0.0,0.50709,0.11632,0.50731,0.0,0.0,0.0,0.0
2018-06-15 08:00:00,2018-06-15 09:00,1.65717,0.0,0.62941,0.4643,0.56346,0.0,0.0,0.0,0.0
2018-06-15 09:00:00,2018-06-15 10:00,1.49744,0.0,0.77117,0.20104,0.52523,0.0,0.0,0.0,0.0
2018-06-15 10:00:00,2018-06-15 11:00,1.42474,0.0,0.90207,0.003,0.51967,0.0,0.0,0.0,0.0
2018-06-15 11:00:00,2018-06-15 12:00,1.83998,0.0,1.09548,0.22702,0.51748,0.0,0.0,0.0,0.0
2018-06-15 12:00:00,2018-06-15 13:00,2.26945,0.0,1.37092,0.38497,0.51356,0.0,0.0,0.0,0.0
2018-06-15 13:00:00,2018-06-15 14:00,2.0987,0.0,1.56618,0.003,0.52952,0.0,0.0,0.0,0.0
2018-06-15 14:00:00,2018-06-15 15:00,1.87021,0.0,1.33571,0.003,0.5315,0.0,0.0,0.0,0.0
2018-06-15 15:00:00,2018-06-15 16:00,1.86119,0.0,1.22719,0.11301,0.52099,0.0,0.0,0.0,0.0
2018-06-15 16:00:00,2018-06-15 17:00,2.32903,0.0,1.3072,0.45962,0.56221,0.0,0.0,0.0,0.0
2018-06-15 17:00:00,2018-06-15 18:00,2.28185,0.0,1.52561,0.1308,0.62544,0.0,0.0,0.0,0.0
2018-06-15 18:00:00,2018-06-15 19:00,2.47954,0.0,1.66322,0.003,0.81332,0.0,0.0,0.0,0.0
2018-06-15 19:00:00,2018-06-15 20:00,2.34693,0.0,1.48351,0.003,0.86042,0.0,0.0,0.0,0.0
2018-06-15 20:00:00,2018-06-15 21:00,2.59964,0.0,1.38514,0.23084,0.98366,0.0,0.0,0.0,0.0
2018-06-15 21:00:00,2018-06-15 22:00,2.25168,0.0,1.27587,0.1361,0.83971,0.0,0.0,0.0,0.0
2018-06-15 22:00:00,2018-06-15 23:00,1.78923,0.0,1.1484,0.003,0.63783,0.0,0.0,0.0,0.0
2018-06-15 23:00:00,2018-06-16 00:00,1.55028,0.0,1.07164,0.003,0.47564,0.0,0.0,0.0,0.0
2018-06-16 00:00:00,2018-06-16 01:00,1.49354,0.0,1.01949,0.003,0.47105,0.0,0.0,0.0,0.0
2018-06-16 01:00:00,2018-06-16 02:00,1.42365,0.0,0.95398,0.003,0.46667,0.0,0.0,0.0,0.0
2018-06-16 02:00:00,2018-06-16 03:00,1.3911,0.0,0.92749,0.003,0.46061,0.0,0.0,0.0,0.0
2018-06-16 03:00:00,2018-06-16 04:00,1.35024,0.0,0.88877,0.003,0.45847,0.0,0.0,0.0,0.0
2018-06-16 04:00:00,2018-06-16 05:00,1.29124,0.0,0.83591,0.003,0.45233,0.0,0.0,0.0,0.0
2018-06-16 05:00:00,2018-06-16 06:00,1.29991,0.0,0.84491,0.003,0.452,0.0,0.0,0.0,0.0
2018-06-16 06:00:00,2018-06-16 07:00,1.2768,0.0,0.78255,0.003,0.49125,0.0,0.0,0.0,0.0
2018-06-16 07:00:00,2018-06-16 08:00,1.41931,0.0,0.67746,0.23809,0.50376,0.0,0.0,0.0,0.0
2018-06-16 08:00:00,2018-06-16 09:00,1.33371,0.0,0.63297,0.0881,0.61264,0.0,0.0,0.0,0.0
2018-06-16 09:00:00,2018-06-16 10:00,2.63714,0.0,0.61933,0.22907,1.78874,0.0,0.0,0.0,0.0
2018-06-16 10:00:00,2018-06-16 11:00,1.57776,0.0,0.58785,0.3809,0.60901,0.0,0.0,0.0,0.0
2018-06-16 11:00:00,2018-06-16 12:00,1.21148,0.0,0.60811,0.003,0.60037,0.0,0.0,0.0,0.0
2018-06-16 12:00:00,2018-06-16 13:00,1.2402,0.0,0.61643,0.003,0.62077,0.0,0.0,0.0,0.0
2018-06-16 13:00:00,2018-06-16 14:00,1.30719,0.0,0.64576,0.003,0.65843,0.0,0.0,0.0,0.0
2018-06-16 14:00:00,2018-06-16 15:00,1.82417,0.0,0.78944,0.34229,0.69244,0.0,0.0,0.0,0.0
2018-06-16 15:00:00,2018-06-16 16:00,2.42245,0.0,1.17577,0.37805,0.86863,0.05247,0.0,0.0,0.05247
2018-06-16 16:00:00,2018-06-16 17:00,2.00905,0.0,1.2216,0.003,0.78445,0.0,0.0,0.0,0.0
2018-06-16 17:00:00,2018-06-16 18:00,2.14079,0.0,1.31294,0.003,0.82485,0.0,0.0,0.0,0.0
2018-06-16 18:00:00,2018-06-16 19:00,2.65629,0.0,1.66112,0.003,0.99217,0.05247,0.0,0.0,0.05247
2018-06-16 19:00:00,2018-06-16 20:00,3.02949,0.0,1.4781,0.41217,1.13922,0.0,0.0,0.0,0.0
2018-06-16 20:00:00,2018-06-16 21:00,2.63452,0.0,1.419,0.003,1.21252,0.0,0.0,0.0,0.0
2018-06-16 21:00:00,2018-06-16 22:00,2.35405,0.0,1.33981,0.003,1.01124,0.0,0.0,0.0,0.0
2018-06-16 22:00:00,2018-06-16 23:00,2.0222,0.0,1.31359,0.003,0.70561,0.0,0.0,0.0,0.0
2018-06-16 23:00:00,2018-06-17 00:00,1.79813,0.0,1.31837,0.003,0.47676,0.0,0.0,0.0,0.0
2018-06-17 00:00:00,2018-06-17 01:00,1.7194,0.0,1.24535,0.003,0.47105,0.0,0.0,0.0,0.0
2018-06-17 01:00:00,2018-06-17 02:00,1.67126,0.0,1.2016,0.003,0.46666,0.0,0.0,0.0,0.0
2018-06-17 02:00:00,2018-06-17 03:00,1.63658,0.0,1.17297,0.003,0.46061,0.0,0.0,0.0,0.0
2018-06-17 03:00:00,2018-06-17 04:00,1.4866,0.0,1.02583,0.003,0.45777,0.0,0.0,0.0,0.0
2018-06-17 04:00:00,2018-06-17 05:00,1.6135,0.0,0.92888,0.23831,0.44631,0.0,0.0,0.0,0.0
2018-06-17 05:00:00,2018-06-17 06:00,1.39562,0.0,0.85378,0.08761,0.45423,0.0,0.0,0.0,0.0
2018-06-17 06:00:00,2018-06-17 07:00,1.35626,0.0,0.86203,0.003,0.49123,0.0,0.0,0.0,0.0
2018-06-17 07:00:00,2018-06-17 08:00,1.345,0.0,0.84866,0.003,0.49334,0.01124,0.0,0.0,0.01124
2018-06-17 08:00:00,2018-06-17 09:00,1.9751,0.0,0.95599,0.42028,0.59883,0.01498,0.0,0.0,0.01498
2018-06-17 09:00:00,2018-06-17 10:00,1.9343,0.0,1.06898,0.11577,0.74955,0.0,0.0,0.0,0.0
2018-06-17 10:00:00,2018-06-17 11:00,3.74861,0.0,1.31436,0.32412,2.11013,0.0,0.0,0.0,0.0
2018-06-17 11:00:00,2018-06-17 12:00,4.85455,0.0,1.59268,0.33975,2.92212,0.03746,0.0,0.0,0.03746
2018-06-17 12:00:00,2018-06-17 13:00,3.25962,0.0,1.80373,0.43949,1.0164,0.11242,0.0,0.0,0.11242
2018-06-17 13:00:00,2018-06-17 14:00,2.26255,0.0,1.53824,0.003,0.72131,0.00936,0.0,0.0,0.00936
2018-06-17 14:00:00,2018-06-17 15:00,2.42976,0.0,1.61922,0.003,0.80754,0.0,0.0,0.0,0.0
2018-06-17 15:00:00,2018-06-17 16:00,2.80683,0.0,1.73796,0.22968,0.83919,0.0,0.0,0.0,0.0
2018-06-17 16:00:00,2018-06-17 17:00,2.91802,0.0,1.71149,0.32335,0.88318,0.0,0.0,0.0,0.0
2018-06-17 17:00:00,2018-06-17 18:00,2.52217,0.0,1.58743,0.003,0.93174,0.0,0.0,0.0,0.0
2018-06-17 18:00:00,2018-06-17 19:00,2.49207,0.0,1.45353,0.003,1.03554,0.0,0.0,0.0,0.0
2018-06-17 19:00:00,2018-06-17 20:00,2.1774,0.0,1.23001,0.003,0.94439,0.0,0.0,0.0,0.0
2018-06-17 20:00:00,2018-06-17 21:00,2.23665,0.0,1.18342,0.003,1.05023,0.0,0.0,0.0,0.0
2018-06-17 21:00:00,2018-06-17 22:00,2.13358,0.0,1.10732,0.003,1.02326,0.0,0.0,0.0,0.0
2018-06-17 22:00:00,2018-06-17 23:00,1.64324,0.0,0.94186,0.003,0.69838,0.0,0.0,0.0,0.0
2018-06-17 23:00:00,2018-06-18 00:00,1.32722,0.0,0.82968,0.003,0.49454,0.0,0.0,0.0,0.0
2018-06-18 00:00:00,2018-06-18 01:00,1.34983,0.0,0.7625,0.11752,0.46981,0.0,0.0,0.0,0.0
2018-06-18 01:00:00,2018-06-18 02:00,1.35404,0.0,0.71632,0.17231,0.46541,0.0,0.0,0.0,0.0
2018-06-18 02:00:00,2018-06-18 03:00,1.13605,0.0,0.67368,0.003,0.45937,0.0,0.0,0.0,0.0
2018-06-18 03:00:00,2018-06-18 04:00,1.10063,0.0,0.64039,0.003,0.45724,0.0,0.0,0.0,0.0
2018-06-18 04:00:00,2018-06-18 05:00,1.05428,0.0,0.59981,0.003,0.45147,0.0,0.0,0.0,0.0
2018-06-18 05:00:00,2018-06-18 06:00,1.46635,0.0,0.56003,0.1162,0.79012,0.0,0.0,0.0,0.0
2018-06-18 06:00:00,2018-06-18 07:00,3.7464,0.0,0.67163,0.34458,2.73019,0.05247,0.0,0.0,0.05247
2018-06-18 07:00:00,2018-06-18 08:00,1.27135,0.0,0.52242,0.003,0.74593,0.0,0.0,0.0,0.0
2018-06-18 08:00:00,2018-06-18 09:00,1.22413,0.0,0.47266,0.23016,0.52131,0.0,0.0,0.0,0.0
2018-06-18 09:00:00,2018-06-18 10:00,1.08016,0.0,0.45329,0.11369,0.51318,0.0,0.0,0.0,0.0
2018-06-18 10:00:00,2018-06-18 11:00,1.32643,0.0,0.45865,0.35307,0.51471,0.0,0.0,0.0,0.0
2018-06-18 11:00:00,2018-06-18 12:00,0.94585,0.0,0.45764,0.003,0.48521,0.0,0.0,0.0,0.0
2018-06-18 12:00:00,2018-06-18 13:00,0.97169,0.0,0.47269,0.003,0.496,0.0,0.0,0.0,0.0
2018-06-18 13:00:00,2018-06-18 14:00,0.97393,0.0,0.49399,0.003,0.47694,0.0,0.0,0.0,0.0
2018-06-18 14:00:00,2018-06-18 15:00,1.02064,0.0,0.54074,0.003,0.4769,0.0,0.0,0.0,0.0
2018-06-18 15:00:00,2018-06-18 16:00,1.08465,0.0,0.60692,0.003,0.47473,0.0,0.0,0.0,0.0
2018-06-18 16:00:00,2018-06-18 17:00,1.21705,0.0,0.67918,0.003,0.53487,0.01124,0.0,0.0,0.01124
2018-06-18 17:00:00,2018-06-18 18:00,1.63078,0.0,0.87798,0.003,0.7498,0.06745,0.0,0.0,0.06745
2018-06-18 18:00:00,2018-06-18 19:00,1.77202,0.0,0.76851,0.23211,0.7714,0.0,0.0,0.0,0.0
2018-06-18 19:00:00,2018-06-18 20:00,1.92306,0.0,0.85968,0.17187,0.89151,0.05247,0.0,0.0,0.05247
2018-06-18 20:00:00,2018-06-18 21:00,1.66606,0.0,0.74843,0.003,0.91463,0.0,0.0,0.0,0.0
2018-06-18 21:00:00,2018-06-18 22:00,1.96278,0.0,0.72544,0.22814,1.0092,0.0,0.0,0.0,0.0
2018-06-18 22:00:00,2018-06-18 23:00,1.65368,0.0,0.66878,0.2732,0.7117,0.0,0.0,0.0,0.0
2018-06-18 23:00:00,2018-06-19 00:00,1.08129,0.0,0.60276,0.003,0.47553,0.0,0.0,0.0,0.0
2018-06-19 00:00:00,2018-06-19 01:00,1.02982,0.0,0.55703,0.003,0.46979,0.0,0.0,0.0,0.0
2018-06-19 01:00:00,2018-06-19 02:00,0.98932,0.0,0.52092,0.003,0.4654,0.0,0.0,0.0,0.0
2018-06-19 02:00:00,2018-06-19 03:00,0.93992,0.0,0.47756,0.003,0.45936,0.0,0.0,0.0,0.0
2018-06-19 03:00:00,2018-06-19 04:00,0.89727,0.0,0.43704,0.003,0.45723,0.0,0.0,0.0,0.0
2018-06-19 04:00:00,2018-06-19 05:00,0.86297,0.0,0.40887,0.003,0.4511,0.0,0.0,0.0,0.0
2018-06-19 05:00:00,2018-06-19 06:00,1.18944,0.0,0.38031,0.3495,0.45963,0.0,0.0,0.0,0.0
2018-06-19 06:00:00,2018-06-19 07:00,1.37938,0.0,0.33665,0.47222,0.57051,0.0,0.0,0.0,0.0
2018-06-19 07:00:00,2018-06-19 08:00,0.91036,0.0,0.30509,0.06215,0.54312,0.0,0.0,0.0,0.0
2018-06-19 08:00:00,2018-06-19 09:00,0.74006,0.0,0.26277,0.003,0.47429,0.0,0.0,0.0,0.0
2018-06-19 09:00:00,2018-06-19 10:00,1.12224,0.0,0.2622,0.34205,0.51799,0.0,0.0,0.0,0.0
2018-06-19 10:00:00,2018-06-19 11:00,0.87091,0.0,0.25829,0.09297,0.51965,0.0,0.0,0.0,0.0
2018-06-19 11:00:00,2018-06-19 12:00,0.76545,0.0,0.24997,0.003,0.51248,0.0,0.0,0.0,0.0
2018-06-19 12:00:00,2018-06-19 13:00,0.7274,0.0,0.24302,0.003,0.48138,0.0,0.0,0.0,0.0
2018-06-19 13:00:00,2018-06-19 14:00,0.74787,0.0,0.26008,0.003,0.48479,0.0,0.0,0.0,0.0
2018-06-19 14:00:00,2018-06-19 15:00,0.74609,0.0,0.26619,0.003,0.4769,0.0,0.0,0.0,0.0
2018-06-19 15:00:00,2018-06-19 16:00,1.16936,0.0,0.29254,0.34979,0.52703,0.0,0.0,0.0,0.0
2018-06-19 16:00:00,2018-06-19 17:00,1.23745,0.0,0.32007,0.32842,0.58896,0.0,0.0,0.0,0.0
2018-06-19 17:00:00,2018-06-19 18:00,1.04095,0.0,0.34458,0.003,0.69337,0.0,0.0,0.0,0.0
2018-06-19 18:00:00,2018-06-19 19:00,1.41623,0.0,0.48976,0.003,0.92347,0.05247,0.0,0.0,0.05247
2018-06-19 19:00:00,2018-06-19 20:00,1.23664,0.0,0.41912,0.003,0.81452,0.01124,0.0,0.0,0.01124
2018-06-19 20:00:00,2018-06-19 21:00,1.39757,0.0,0.50002,0.003,0.89455,0.04123,0.0,0.0,0.04123
2018-06-19 21:00:00,2018-06-19 22:00,1.65819,0.0,0.39638,0.34224,0.91957,0.0,0.0,0.0,0.0
2018-06-19 22:00:00,2018-06-19 23:00,2.55178,0.0,0.36924,0.09652,2.08602,0.0,0.0,0.0,0.0
2018-06-19 23:00:00,2018-06-20 00:00,2.15378,0.0,0.33962,0.003,1.81116,0.0,0.0,0.0,0.0
2018-06-20 00:00:00,2018-06-20 01:00,0.76383,0.0,0.28269,0.003,0.47814,0.0,0.0,0.0,0.0
2018-06-20 01:00:00,2018-06-20 02:00,0.72986,0.0,0.26145,0.003,0.46541,0.0,0.0,0.0,0.0
2018-06-20 02:00:00,2018-06-20 03:00,0.71389,0.0,0.25154,0.003,0.45935,0.0,0.0,0.0,0.0
2018-06-20 03:00:00,2018-06-20 04:00,0.69377,0.0,0.23354,0.003,0.45723,0.0,0.0,0.0,0.0
2018-06-20 04:00:00,2018-06-20 05:00,0.68569,0.0,0.23122,0.003,0.45147,0.0,0.0,0.0,0.0
2018-06-20 05:00:00,2018-06-20 06:00,0.91027,0.0,0.22322,0.22972,0.45733,0.0,0.0,0.0,0.0
2018-06-20 06:00:00,2018-06-20 07:00,1.05171,0.0,0.19922,0.33185,0.52064,0.0,0.0,0.0,0.0
2018-06-20 07:00:00,2018-06-20 08:00,0.74665,0.0,0.22567,0.003,0.51798,0.0,0.0,0.0,0.0
2018-06-20 08:00:00,2018-06-20 09:00,1.11204,0.0,0.31298,0.23081,0.56825,0.0,0.0,0.0,0.0
2018-06-20 09:00:00,2018-06-20 10:00,1.27695,0.0,0.36525,0.34447,0.56723,0.0,0.0,0.0,0.0
2018-06-20 10:00:00,2018-06-20 11:00,2.87636,0.0,0.4895,0.003,2.38386,0.0,0.0,0.0,0.0
2018-06-20 11:00:00,2018-06-20 12:00,1.80203,0.0,0.53305,0.003,1.26598,0.0,0.0,0.0,0.0
2018-06-20 12:00:00,2018-06-20 13:00,1.0603,0.0,0.58114,0.003,0.47616,0.0,0.0,0.0,0.0
2018-06-20 13:00:00,2018-06-20 14:00,1.14049,0.0,0.66055,0.003,0.47694,0.0,0.0,0.0,0.0
2018-06-20 14:00:00,2018-06-20 15:00,1.18287,0.0,0.70296,0.003,0.47691,0.0,0.0,0.0,0.0
2018-06-20 15:00:00,2018-06-20 16:00,1.50654,0.0,0.77233,0.23001,0.5042,0.0,0.0,0.0,0.0
2018-06-20 16:00:00,2018-06-20 17:00,1.93054,0.0,0.82275,0.47134,0.63645,0.0,0.0,0.0,0.0
2018-06-20 17:00:00,2018-06-20 18:00,1.74676,0.0,0.94411,0.01345,0.7892,0.05247,0.0,0.0,0.05247
2018-06-20 18:00:00,2018-06-20 19:00,1.8414,0.0,0.85831,0.003,0.98009,0.0,0.0,0.0,0.0
2018-06-20 19:00:00,2018-06-20 20:00,2.8568,0.0,0.94239,0.22705,1.68736,0.05247,0.0,0.0,0.05247
2018-06-20 20:00:00,2018-06-20 21:00,2.23256,0.0,0.823,0.20949,1.20007,0.0,0.0,0.0,0.0
2018-06-20 21:00:00,2018-06-20 22:00,1.72073,0.0,0.73742,0.003,0.98031,0.0,0.0,0.0,0.0
2018-06-20 22:00:00,2018-06-20 23:00,1.21264,0.0,0.62872,0.003,0.58092,0.0,0.0,0.0,0.0
2018-06-20 23:00:00,2018-06-21 00:00,1.04359,0.0,0.56508,0.003,0.47551,0.0,0.0,0.0,0.0
2018-06-21 00:00:00,2018-06-21 01:00,0.99808,0.0,0.52528,0.003,0.4698,0.0,0.0,0.0,0.0
2018-06-21 01:00:00,2018-06-21 02:00,0.97521,0.0,0.50681,0.003,0.4654,0.0,0.0,0.0,0.0
2018-06-21 02:00:00,2018-06-21 03:00,0.94538,0.0,0.48758,0.003,0.4548,0.0,0.0,0.0,0.0
2018-06-21 03:00:00,2018-06-21 04:00,1.30447,0.0,0.46046,0.39411,0.4499,0.0,0.0,0.0,0.0
2018-06-21 04:00:00,2018-06-21 05:00,0.85971,0.0,0.40562,0.003,0.45109,0.0,0.0,0.0,0.0
2018-06-21 05:00:00,2018-06-21 06:00,0.81831,0.0,0.3617,0.003,0.45361,0.0,0.0,0.0,0.0
2018-06-21 06:00:00,2018-06-21 07:00,0.82916,0.0,0.3276,0.003,0.49856,0.0,0.0,0.0,0.0
2018-06-21 07:00:00,2018-06-21 08:00,0.85752,0.0,0.34586,0.003,0.50866,0.0,0.0,0.0,0.0
2018-06-21 08:00:00,2018-06-21 09:00,0.89176,0.0,0.35796,0.003,0.5308,0.0,0.0,0.0,0.0
2018-06-21 09:00:00,2018-06-21 10:00,1.30641,0.0,0.38553,0.34758,0.5733,0.0,0.0,0.0,0.0
2018-06-21 10:00:00,2018-06-21 11:00,1.16734,0.0,0.54823,0.003,0.61611,0.05247,0.0,0.0,0.05247
2018-06-21 11:00:00,2018-06-21 12:00,0.97994,0.0,0.47688,0.003,0.50006,0.0,0.0,0.0,0.0
2018-06-21 12:00:00,2018-06-21 13:00,0.99149,0.0,0.5123,0.003,0.47619,0.0,0.0,0.0,0.0
2018-06-21 13:00:00,2018-06-21 14:00,1.54948,0.0,0.60401,0.22988,0.71559,0.0,0.0,0.0,0.0
2018-06-21 14:00:00,2018-06-21 15:00,1.96679,0.0,0.64204,0.196,1.12875,0.0,0.0,0.0,0.0
2018-06-21 15:00:00,2018-06-21 16:00,1.20867,0.0,0.66954,0.003,0.53613,0.0,0.0,0.0,0.0
2018-06-21 16:00:00,2018-06-21 17:00,1.48434,0.0,0.82169,0.003,0.65965,0.05247,0.0,0.0,0.05247
2018-06-21 17:00:00,2018-06-21 18:00,1.87622,0.0,0.75915,0.3587,0.75837,0.0,0.0,0.0,0.0
2018-06-21 18:00:00,2018-06-21 19:00,1.68089,0.0,0.79281,0.003,0.88508,0.0,0.0,0.0,0.0
2018-06-21 19:00:00,2018-06-21 20:00,1.85465,0.0,0.74066,0.11207,1.00192,0.0,0.0,0.0,0.0
2018-06-21 20:00:00,2018-06-21 21:00,2.42777,0.0,0.78863,0.39456,1.24458,0.03935,0.0,0.0,0.03935
2018-06-21 21:00:00,2018-06-21 22:00,3.02573,0.0,0.91118,0.003,2.11155,0.11242,0.0,0.0,0.11242
2018-06-21 22:00:00,2018-06-21 23:00,2.6656,0.0,0.67226,0.003,1.99034,0.0075,0.0,0.0,0.0075
2018-06-21 23:00:00,2018-06-22 00:00,1.01468,0.0,0.53619,0.003,0.47549,0.0,0.0,0.0,0.0
2018-06-22 00:00:00,2018-06-22 01:00,0.94196,0.0,0.46917,0.003,0.46979,0.0,0.0,0.0,0.0
2018-06-22 01:00:00,2018-06-22 02:00,0.88581,0.0,0.41738,0.003,0.46543,0.0,0.0,0.0,0.0
2018-06-22 02:00:00,2018-06-22 03:00,0.82136,0.0,0.359,0.003,0.45936,0.0,0.0,0.0,0.0
2018-06-22 03:00:00,2018-06-22 04:00,0.78426,0.0,0.32403,0.003,0.45723,0.0,0.0,0.0,0.0
2018-06-22 04:00:00,2018-06-22 05:00,0.75188,0.0,0.2978,0.003,0.45108,0.0,0.0,0.0,0.0
2018-06-22 05:00:00,2018-06-22 06:00,0.73964,0.0,0.28586,0.003,0.45078,0.0,0.0,0.0,0.0
2018-06-22 06:00:00,2018-06-22 07:00,0.99922,0.0,0.26567,0.23497,0.49858,0.0,0.0,0.0,0.0
2018-06-22 07:00:00,2018-06-22 08:00,1.30515,0.0,0.28623,0.46226,0.55666,0.0,0.0,0.0,0.0
2018-06-22 08:00:00,2018-06-22 09:00,1.36358,0.0,0.33889,0.46123,0.56346,0.0,0.0,0.0,0.0
2018-06-22 09:00:00,2018-06-22 10:00,0.93395,0.0,0.40573,0.003,0.52522,0.0,0.0,0.0,0.0
2018-06-22 10:00:00,2018-06-22 11:00,1.23949,0.0,0.49351,0.22631,0.51967,0.0,0.0,0.0,0.0
2018-06-22 11:00:00,2018-06-22 12:00,1.16428,0.0,0.54204,0.14697,0.47527,0.0,0.0,0.0,0.0
2018-06-22 12:00:00,2018-06-22 13:00,1.12902,0.0,0.6334,0.003,0.49262,0.01124,0.0,0.0,0.01124
2018-06-22 13:00:00,2018-06-22 14:00,1.37466,0.0,0.80632,0.003,0.56534,0.04123,0.0,0.0,0.04123
2018-06-22 14:00:00,2018-06-22 15:00,1.1763,0.0,0.69638,0.003,0.47692,0.0,0.0,0.0,0.0
2018-06-22 15:00:00,2018-06-22 16:00,1.2661,0.0,0.7884,0.003,0.4747,0.0,0.0,0.0,0.0
2018-06-22 16:00:00,2018-06-22 17:00,1.36873,0.0,0.87759,0.003,0.48814,0.0,0.0,0.0,0.0
2018-06-22 17:00:00,2018-06-22 18:00,1.59335,0.0,0.90962,0.11534,0.56839,0.0,0.0,0.0,0.0
2018-06-22 18:00:00,2018-06-22 19:00,2.17026,0.0,0.9994,0.46034,0.71052,0.0,0.0,0.0,0.0
2018-06-22 19:00:00,2018-06-22 20:00,1.87667,0.0,0.91502,0.10545,0.8562,0.0,0.0,0.0,0.0
2018-06-22 20:00:00,2018-06-22 21:00,1.91958,0.0,0.86379,0.003,1.05279,0.0,0.0,0.0,0.0
2018-06-22 21:00:00,2018-06-22 22:00,1.58021,0.0,0.73749,0.003,0.83972,0.0,0.0,0.0,0.0
2018-06-22 22:00:00,2018-06-22 23:00,1.48452,0.0,0.66857,0.11293,0.70302,0.0,0.0,0.0,0.0
2018-06-22 23:00:00,2018-06-23 00:00,1.43737,0.0,0.60201,0.31675,0.51861,0.0,0.0,0.0,0.0
2018-06-23 00:00:00,2018-06-23 01:00,1.00605,0.0,0.532,0.003,0.47105,0.0,0.0,0.0,0.0
2018-06-23 01:00:00,2018-06-23 02:00,0.94865,0.0,0.47898,0.003,0.46667,0.0,0.0,0.0,0.0
2018-06-23 02:00:00,2018-06-23 03:00,0.89652,0.0,0.43291,0.003,0.46061,0.0,0.0,0.0,0.0
2018-06-23 03:00:00,2018-06-23 04:00,0.85943,0.0,0.39865,0.003,0.45778,0.0,0.0,0.0,0.0
2018-06-23 04:00:00,2018-06-23 05:00,0.82051,0.0,0.37122,0.003,0.44629,0.0,0.0,0.0,0.0
2018-06-23 05:00:00,2018-06-23 06:00,0.80351,0.0,0.3435,0.003,0.45701,0.0,0.0,0.0,0.0
2018-06-23 06:00:00,2018-06-23 07:00,0.873,0.0,0.33848,0.003,0.53152,0.01124,0.0,0.0,0.01124
2018-06-23 07:00:00,2018-06-23 08:00,1.3186,0.0,0.41306,0.34755,0.55799,0.01498,0.0,0.0,0.01498
2018-06-23 08:00:00,2018-06-23 09:00,1.04843,0.0,0.44977,0.003,0.59566,0.0,0.0,0.0,0.0
2018-06-23 09:00:00,2018-06-23 10:00,1.2463,0.0,0.52628,0.003,0.71702,0.0,0.0,0.0,0.0
2018-06-23 10:00:00,2018-06-23 11:00,1.52461,0.0,0.59881,0.23033,0.69547,0.0,0.0,0.0,0.0
2018-06-23 11:00:00,2018-06-23 12:00,1.53145,0.0,0.68356,0.11614,0.73175,0.0,0.0,0.0,0.0
2018-06-23 12:00:00,2018-06-23 13:00,1.50421,0.0,0.75223,0.003,0.74898,0.0,0.0,0.0,0.0
2018-06-23 13:00:00,2018-06-23 14:00,1.58359,0.0,0.81008,0.003,0.77051,0.0,0.0,0.0,0.0
2018-06-23 14:00:00,2018-06-23 15:00,1.62382,0.0,0.87287,0.003,0.74795,0.0,0.0,0.0,0.0
2018-06-23 15:00:00,2018-06-23 16:00,2.31651,0.0,0.94581,0.39431,0.97639,0.0,0.0,0.0,0.0
2018-06-23 16:00:00,2018-06-23 17:00,3.33092,0.0,1.10684,0.003,2.22108,0.02622,0.0,0.0,0.02622
2018-06-23 17:00:00,2018-06-23 18:00,3.3106,0.0,1.08665,0.003,2.22095,0.0,0.0,0.0,0.0
2018-06-23 18:00:00,2018-06-23 19:00,2.06774,0.0,1.03,0.11335,0.92439,0.0,0.0,0.0,0.0
2018-06-23 19:00:00,2018-06-23 20:00,2.33979,0.0,0.94801,0.27563,1.11615,0.0,0.0,0.0,0.0
2018-06-23 20:00:00,2018-06-23 21:00,2.09739,0.0,0.8819,0.003,1.21249,0.0,0.0,0.0,0.0
2018-06-23 21:00:00,2018-06-23 22:00,1.83711,0.0,0.81085,0.003,1.02326,0.0,0.0,0.0,0.0
2018-06-23 22:00:00,2018-06-23 23:00,1.55521,0.0,0.73023,0.003,0.82198,0.0,0.0,0.0,0.0
2018-06-23 23:00:00,2018-06-24 00:00,1.19665,0.0,0.63488,0.003,0.55877,0.0,0.0,0.0,0.0
2018-06-24 00:00:00,2018-06-24 01:00,1.04971,0.0,0.56552,0.003,0.48119,0.0,0.0,0.0,0.0
2018-06-24 01:00:00,2018-06-24 02:00,0.98278,0.0,0.51313,0.003,0.46665,0.0,0.0,0.0,0.0
2018-06-24 02:00:00,2018-06-24 03:00,0.94247,0.0,0.47886,0.003,0.46061,0.0,0.0,0.0,0.0
2018-06-24 03:00:00,2018-06-24 04:00,0.91336,0.0,0.45189,0.003,0.45847,0.0,0.0,0.0,0.0
2018-06-24 04:00:00,2018-06-24 05:00,1.1666,0.0,0.42064,0.29361,0.45235,0.0,0.0,0.0,0.0
2018-06-24 05:00:00,2018-06-24 06:00,0.8455,0.0,0.39048,0.003,0.45202,0.0,0.0,0.0,0.0
2018-06-24 06:00:00,2018-06-24 07:00,0.89303,0.0,0.39878,0.003,0.49125,0.0,0.0,0.0,0.0
2018-06-24 07:00:00,2018-06-24 08:00,0.95414,0.0,0.4578,0.003,0.49334,0.01124,0.0,0.0,0.01124
2018-06-24 08:00:00,2018-06-24 09:00,1.2837,0.0,0.6294,0.003,0.6513,0.06745,0.0,0.0,0.06745
2018-06-24 09:00:00,2018-06-24 10:00,1.49218,0.0,0.53966,0.34848,0.60404,0.0,0.0,0.0,0.0
2018-06-24 10:00:00,2018-06-24 11:00,1.31613,0.0,0.55662,0.08938,0.67013,0.0,0.0,0.0,0.0
2018-06-24 11:00:00,2018-06-24 12:00,1.25218,0.0,0.58006,0.003,0.66912,0.0,0.0,0.0,0.0
2018-06-24 12:00:00,2018-06-24 13:00,1.75477,0.0,0.62707,0.45687,0.67083,0.0,0.0,0.0,0.0
2018-06-24 13:00:00,2018-06-24 14:00,1.47333,0.0,0.69972,0.0698,0.70381,0.0,0.0,0.0,0.0
2018-06-24 14:00:00,2018-06-24 15:00,1.53953,0.0,0.8114,0.003,0.72513,0.0,0.0,0.0,0.0
2018-06-24 15:00:00,2018-06-24 16:00,1.6503,0.0,0.88932,0.003,0.75798,0.0,0.0,0.0,0.0
2018-06-24 16:00:00,2018-06-24 17:00,2.36342,0.0,1.06689,0.34589,0.95064,0.06745,0.0,0.0,0.06745
2018-06-24 17:00:00,2018-06-24 18:00,1.96393,0.0,0.98645,0.03449,0.94299,0.01124,0.0,0.0,0.01124
2018-06-24 18:00:00,2018-06-24 19:00,2.02194,0.0,0.96808,0.003,1.05086,0.0,0.0,0.0,0.0
2018-06-24 19:00:00,2018-06-24 20:00,2.26119,0.0,1.06495,0.003,1.19324,0.06745,0.0,0.0,0.06745
2018-06-24 20:00:00,2018-06-24 21:00,2.71955,0.0,0.91591,0.003,1.80064,0.01124,0.0,0.0,0.01124
2018-06-24 21:00:00,2018-06-24 22:00,4.08972,0.0,0.91054,0.003,3.17618,0.0,0.0,0.0,0.0
2018-06-24 22:00:00,2018-06-24 23:00,2.38884,0.0,0.80271,0.1154,1.47073,0.0,0.0,0.0,0.0
2018-06-24 23:00:00,2018-06-25 00:00,1.39307,0.0,0.69227,0.22322,0.47758,0.0,0.0,0.0,0.0
2018-06-25 00:00:00,2018-06-25 01:00,1.12039,0.0,0.63944,0.003,0.47795,0.0,0.0,0.0,0.0
2018-06-25 01:00:00,2018-06-25 02:00,1.05657,0.0,0.59074,0.003,0.46283,0.0,0.0,0.0,0.0
2018-06-25 02:00:00,2018-06-25 03:00,0.99309,0.0,0.53372,0.003,0.45637,0.0,0.0,0.0,0.0
2018-06-25 03:00:00,2018-06-25 04:00,0.95119,0.0,0.49097,0.003,0.45722,0.0,0.0,0.0,0.0
2018-06-25 04:00:00,2018-06-25 05:00,0.90801,0.0,0.45687,0.003,0.44814,0.0,0.0,0.0,0.0
2018-06-25 05:00:00,2018-06-25 06:00,0.88756,0.0,0.43217,0.003,0.45239,0.0,0.0,0.0,0.0
2018-06-25 06:00:00,2018-06-25 07:00,1.30937,0.0,0.43029,0.34703,0.53205,0.0,0.0,0.0,0.0
2018-06-25 07:00:00,2018-06-25 08:00,1.19091,0.0,0.4193,0.22392,0.54769,0.0,0.0,0.0,0.0
2018-06-25 08:00:00,2018-06-25 09:00,1.17968,0.0,0.41824,0.2284,0.53304,0.0,0.0,0.0,0.0
2018-06-25 09:00:00,2018-06-25 10:00,1.1205,0.0,0.47566,0.11961,0.52523,0.0,0.0,0.0,0.0
2018-06-25 10:00:00,2018-06-25 11:00,1.19759,0.0,0.56345,0.11447,0.51967,0.0,0.0,0.0,0.0
2018-06-25 11:00:00,2018-06-25 12:00,1.5169,0.0,0.67779,0.32163,0.51748,0.0,0.0,0.0,0.0
2018-06-25 12:00:00,2018-06-25 13:00,1.38633,0.0,0.74638,0.11393,0.52602,0.0,0.0,0.0,0.0
2018-06-25 13:00:00,2018-06-25 14:00,1.54053,0.0,0.82971,0.22602,0.4848,0.0,0.0,0.0,0.0
2018-06-25 14:00:00,2018-06-25 15:00,1.40273,0.0,0.9228,0.003,0.47693,0.0,0.0,0.0,0.0
2018-06-25 15:00:00,2018-06-25 16:00,1.4684,0.0,0.99069,0.003,0.47471,0.0,0.0,0.0,0.0
2018-06-25 16:00:00,2018-06-25 17:00,1.51759,0.0,1.01778,0.003,0.49681,0.0,0.0,0.0,0.0
2018-06-25 17:00:00,2018-06-25 18:00,1.63298,0.0,0.9935,0.003,0.63648,0.0,0.0,0.0,0.0
2018-06-25 18:00:00,2018-06-25 19:00,1.93817,0.0,0.99361,0.11456,0.83,0.0,0.0,0.0,0.0
2018-06-25 19:00:00,2018-06-25 20:00,2.1941,0.0,0.94014,0.30511,0.94885,0.0,0.0,0.0,0.0
2018-06-25 20:00:00,2018-06-25 21:00,1.94119,0.0,0.887,0.1138,0.94039,0.0,0.0,0.0,0.0
2018-06-25 21:00:00,2018-06-25 22:00,2.07671,0.0,0.84061,0.2269,1.0092,0.0,0.0,0.0,0.0
2018-06-25 22:00:00,2018-06-25 23:00,1.50232,0.0,0.75514,0.003,0.74418,0.0,0.0,0.0,0.0
2018-06-25 23:00:00,2018-06-26 00:00,1.21061,0.0,0.69444,0.003,0.51317,0.0,0.0,0.0,0.0
2018-06-26 00:00:00,2018-06-26 01:00,1.14532,0.0,0.6688,0.003,0.47352,0.0,0.0,0.0,0.0
2018-06-26 01:00:00,2018-06-26 02:00,1.03852,0.0,0.57011,0.003,0.46541,0.0,0.0,0.0,0.0
2018-06-26 02:00:00,2018-06-26 03:00,0.96244,0.0,0.50006,0.003,0.45938,0.0,0.0,0.0,0.0
2018-06-26 03:00:00,2018-06-26 04:00,0.92425,0.0,0.46402,0.003,0.45723,0.0,0.0,0.0,0.0
2018-06-26 04:00:00,2018-06-26 05:00,0.99112,0.0,0.42651,0.11647,0.44814,0.0,0.0,0.0,0.0
2018-06-26 05:00:00,2018-06-26 06:00,1.06024,0.0,0.41049,0.18329,0.46646,0.01124,0.0,0.0,0.01124
2018-06-26 06:00:00,2018-06-26 07:00,1.06172,0.0,0.48142,0.003,0.5773,0.05247,0.0,0.0,0.05247
2018-06-26 07:00:00,2018-06-26 08:00,0.96325,0.0,0.42549,0.003,0.53476,0.01498,0.0,0.0,0.01498
2018-06-26 08:00:00,2018-06-26 09:00,1.41513,0.0,0.40434,0.46131,0.54948,0.0,0.0,0.0,0.0
2018-06-26 09:00:00,2018-06-26 10:00,1.1151,0.0,0.41522,0.16032,0.53956,0.0,0.0,0.0,0.0
2018-06-26 10:00:00,2018-06-26 11:00,0.90611,0.0,0.43257,0.003,0.47054,0.0,0.0,0.0,0.0
2018-06-26 11:00:00,2018-06-26 12:00,0.91141,0.0,0.44058,0.003,0.46783,0.0,0.0,0.0,0.0
2018-06-26 12:00:00,2018-06-26 13:00,0.92298,0.0,0.44381,0.003,0.47617,0.0,0.0,0.0,0.0
2018-06-26 13:00:00,2018-06-26 14:00,0.96626,0.0,0.45472,0.003,0.50854,0.0,0.0,0.0,0.0
2018-06-26 14:00:00,2018-06-26 15:00,0.96506,0.0,0.46357,0.003,0.49849,0.0,0.0,0.0,0.0
2018-06-26 15:00:00,2018-06-26 16:00,0.96987,0.0,0.49214,0.003,0.47473,0.0,0.0,0.0,0.0
2018-06-26 16:00:00,2018-06-26 17:00,1.13727,0.0,0.5152,0.11587,0.5062,0.0,0.0,0.0,0.0
2018-06-26 17:00:00,2018-06-26 18:00,1.34968,0.0,0.55225,0.22835,0.56908,0.01124,0.0,0.0,0.01124
2018-06-26 18:00:00,2018-06-26 19:00,1.43014,0.0,0.61554,0.003,0.8116,0.01498,0.0,0.0,0.01498
2018-06-26 19:00:00,2018-06-26 20:00,1.90253,0.0,0.60006,0.22917,1.0733,0.0,0.0,0.0,0.0
2018-06-26 20:00:00,2018-06-26 21:00,2.12055,0.0,0.59869,0.33943,1.18243,0.0,0.0,0.0,0.0
2018-06-26 21:00:00,2018-06-26 22:00,1.55487,0.0,0.56557,0.003,0.9863,0.0,0.0,0.0,0.0
2018-06-26 22:00:00,2018-06-26 23:00,1.10835,0.0,0.50903,0.003,0.59632,0.0,0.0,0.0,0.0
2018-06-26 23:00:00,2018-06-27 00:00,0.98792,0.0,0.47174,0.003,0.51318,0.0,0.0,0.0,0.0
2018-06-27 00:00:00,2018-06-27 01:00,0.9237,0.0,0.44277,0.003,0.47793,0.0,0.0,0.0,0.0
2018-06-27 01:00:00,2018-06-27 02:00,0.88423,0.0,0.41663,0.003,0.4646,0.0,0.0,0.0,0.0
2018-06-27 02:00:00,2018-06-27 03:00,1.16826,0.0,0.39498,0.31393,0.45935,0.0,0.0,0.0,0.0
2018-06-27 03:00:00,2018-06-27 04:00,0.82766,0.0,0.36809,0.003,0.45657,0.0,0.0,0.0,0.0
2018-06-27 04:00:00,2018-06-27 05:00,0.79328,0.0,0.34188,0.003,0.4484,0.0,0.0,0.0,0.0
2018-06-27 05:00:00,2018-06-27 06:00,1.14518,0.0,0.34104,0.3445,0.45964,0.0,0.0,0.0,0.0
2018-06-27 06:00:00,2018-06-27 07:00,1.99345,0.0,0.40805,0.19708,1.38832,0.02622,0.0,0.0,0.02622
2018-06-27 07:00:00,2018-06-27 08:00,2.23286,0.0,0.38227,0.003,1.84759,0.0,0.0,0.0,0.0
2018-06-27 08:00:00,2018-06-27 09:00,0.84105,0.0,0.34501,0.003,0.49304,0.0,0.0,0.0,0.0
2018-06-27 09:00:00,2018-06-27 10:00,0.83647,0.0,0.35637,0.003,0.4771,0.0,0.0,0.0,0.0
2018-06-27 10:00:00,2018-06-27 11:00,1.18837,0.0,0.39372,0.3241,0.47055,0.0,0.0,0.0,0.0
2018-06-27 11:00:00,2018-06-27 12:00,0.92218,0.0,0.45133,0.003,0.46785,0.0,0.0,0.0,0.0
2018-06-27 12:00:00,2018-06-27 13:00,0.98823,0.0,0.50905,0.003,0.47618,0.0,0.0,0.0,0.0
2018-06-27 13:00:00,2018-06-27 14:00,1.07862,0.0,0.58019,0.003,0.49543,0.0,0.0,0.0,0.0
2018-06-27 14:00:00,2018-06-27 15:00,1.34209,0.0,0.68341,0.11593,0.54275,0.01124,0.0,0.0,0.01124
2018-06-27 15:00:00,2018-06-27 16:00,2.15213,0.0,1.01827,0.34559,0.78827,0.11242,0.0,0.0,0.11242
2018-06-27 16:00:00,2018-06-27 17:00,2.13511,0.0,1.00647,0.003,1.12564,0.03561,0.0,0.0,0.03561
2018-06-27 17:00:00,2018-06-27 18:00,4.09263,0.0,0.99516,0.22943,2.86804,0.0,0.0,0.0,0.0
2018-06-27 18:00:00,2018-06-27 19:00,4.15702,0.0,1.06218,0.15396,2.94088,0.0,0.0,0.0,0.0
2018-06-27 19:00:00,2018-06-27 20:00,3.01054,0.0,0.9668,0.003,2.04074,0.0,0.0,0.0,0.0
2018-06-27 20:00:00,2018-06-27 21:00,2.42047,0.0,0.90687,0.11398,1.39962,0.0,0.0,0.0,0.0
2018-06-27 21:00:00,2018-06-27 22:00,4.25877,0.0,0.87679,0.31921,3.06277,0.0,0.0,0.0,0.0
2018-06-27 22:00:00,2018-06-27 23:00,1.59576,0.0,0.73564,0.003,0.85712,0.0,0.0,0.0,0.0
2018-06-27 23:00:00,2018-06-28 00:00,1.16459,0.0,0.64844,0.003,0.51315,0.0,0.0,0.0,0.0
2018-06-28 00:00:00,2018-06-28 01:00,1.06984,0.0,0.58891,0.003,0.47793,0.0,0.0,0.0,0.0
2018-06-28 01:00:00,2018-06-28 02:00,1.01172,0.0,0.54588,0.003,0.46284,0.0,0.0,0.0,0.0
2018-06-28 02:00:00,2018-06-28 03:00,1.30011,0.0,0.49894,0.35004,0.45113,0.0,0.0,0.0,0.0
2018-06-28 03:00:00,2018-06-28 04:00,0.99626,0.0,0.45804,0.09132,0.4469,0.0,0.0,0.0,0.0
2018-06-28 04:00:00,2018-06-28 05:00,0.88505,0.0,0.43097,0.003,0.45108,0.0,0.0,0.0,0.0
2018-06-28 05:00:00,2018-06-28 06:00,0.85659,0.0,0.39999,0.003,0.4536,0.0,0.0,0.0,0.0
2018-06-28 06:00:00,2018-06-28 07:00,1.24541,0.0,0.39775,0.34186,0.5058,0.0,0.0,0.0,0.0
2018-06-28 07:00:00,2018-06-28 08:00,1.32525,0.0,0.55116,0.20365,0.57044,0.05247,0.0,0.0,0.05247
2018-06-28 08:00:00,2018-06-28 09:00,1.38578,0.0,0.75894,0.003,0.62384,0.09556,0.0,0.0,0.09556
2018-06-28 09:00:00,2018-06-28 10:00,1.31082,0.0,0.77402,0.003,0.5338,0.03746,0.0,0.0,0.03746
2018-06-28 10:00:00,2018-06-28 11:00,1.57142,0.0,0.77351,0.32738,0.47053,0.0,0.0,0.0,0.0
2018-06-28 11:00:00,2018-06-28 12:00,1.31933,0.0,0.84849,0.003,0.46784,0.0,0.0,0.0,0.0
2018-06-28 12:00:00,2018-06-28 13:00,1.44631,0.0,0.96714,0.003,0.47617,0.0,0.0,0.0,0.0
2018-06-28 13:00:00,2018-06-28 14:00,1.50594,0.0,1.02599,0.003,0.47695,0.0,0.0,0.0,0.0
2018-06-28 14:00:00,2018-06-28 15:00,1.54344,0.0,1.06353,0.003,0.47691,0.0,0.0,0.0,0.0
2018-06-28 15:00:00,2018-06-28 16:00,1.6017,0.0,1.124,0.003,0.4747,0.0,0.0,0.0,0.0
2018-06-28 16:00:00,2018-06-28 17:00,1.73811,0.0,1.20199,0.003,0.53312,0.0,0.0,0.0,0.0
2018-06-28 17:00:00,2018-06-28 18:00,2.49987,0.0,1.40191,0.42437,0.67359,0.02622,0.0,0.0,0.02622
2018-06-28 18:00:00,2018-06-28 19:00,2.32774,0.0,1.45623,0.003,0.86851,0.0,0.0,0.0,0.0
2018-06-28 19:00:00,2018-06-28 20:00,2.27625,0.0,1.32439,0.003,0.94886,0.0,0.0,0.0,0.0
2018-06-28 20:00:00,2018-06-28 21:00,2.29129,0.0,1.26133,0.003,1.02696,0.0,0.0,0.0,0.0
2018-06-28 21:00:00,2018-06-28 22:00,2.64263,0.0,1.18308,0.46179,0.99776,0.0,0.0,0.0,0.0
2018-06-28 22:00:00,2018-06-28 23:00,1.81741,0.0,1.07252,0.07457,0.67032,0.0,0.0,0.0,0.0
2018-06-28 23:00:00,2018-06-29 00:00,1.45942,0.0,0.97477,0.003,0.48165,0.0,0.0,0.0,0.0
2018-06-29 00:00:00,2018-06-29 01:00,1.37776,0.0,0.90498,0.003,0.46978,0.0,0.0,0.0,0.0
2018-06-29 01:00:00,2018-06-29 02:00,1.30353,0.0,0.83513,0.003,0.4654,0.0,0.0,0.0,0.0
2018-06-29 02:00:00,2018-06-29 03:00,1.25574,0.0,0.79339,0.003,0.45935,0.0,0.0,0.0,0.0
2018-06-29 03:00:00,2018-06-29 04:00,1.22625,0.0,0.76602,0.003,0.45723,0.0,0.0,0.0,0.0
2018-06-29 04:00:00,2018-06-29 05:00,1.21095,0.0,0.75686,0.003,0.45109,0.0,0.0,0.0,0.0
2018-06-29 05:00:00,2018-06-29 06:00,1.17881,0.0,0.72223,0.003,0.45358,0.0,0.0,0.0,0.0
2018-06-29 06:00:00,2018-06-29 07:00,1.54479,0.0,0.75768,0.23567,0.55144,0.0,0.0,0.0,0.0
2018-06-29 07:00:00,2018-06-29 08:00,1.81323,0.0,0.85107,0.3509,0.61126,0.01124,0.0,0.0,0.01124
2018-06-29 08:00:00,2018-06-29 09:00,1.78652,0.0,1.10918,0.003,0.67434,0.04123,0.0,0.0,0.04123
2018-06-29 09:00:00,2018-06-29 10:00,3.80065,0.0,1.36017,0.003,2.43748,0.0,0.0,0.0,0.0
2018-06-29 10:00:00,2018-06-29 11:00,3.25983,0.0,1.56873,0.3984,1.2927,0.0,0.0,0.0,0.0
2018-06-29 11:00:00,2018-06-29 12:00,2.27561,0.0,1.75514,0.003,0.51747,0.0,0.0,0.0,0.0
2018-06-29 12:00:00,2018-06-29 13:00,2.76401,0.0,2.23497,0.003,0.52604,0.0,0.0,0.0,0.0
2018-06-29 13:00:00,2018-06-29 14:00,2.98296,0.0,2.45044,0.003,0.52952,0.0,0.0,0.0,0.0
2018-06-29 14:00:00,2018-06-29 15:00,3.31806,0.0,2.44255,0.34402,0.53149,0.0,0.0,0.0,0.0
2018-06-29 15:00:00,2018-06-29 16:00,3.14014,0.0,2.601,0.003,0.53614,0.0,0.0,0.0,0.0
2018-06-29 16:00:00,2018-06-29 17:00,3.27843,0.0,2.71322,0.003,0.56221,0.0,0.0,0.0,0.0
2018-06-29 17:00:00,2018-06-29 18:00,3.67729,0.0,2.92635,0.003,0.74794,0.07869,0.0,0.0,0.07869
2018-06-29 18:00:00,2018-06-29 19:00,3.38736,0.0,2.51583,0.003,0.86853,0.0,0.0,0.0,0.0
2018-06-29 19:00:00,2018-06-29 20:00,3.46868,0.0,2.19204,0.23903,1.03761,0.0,0.0,0.0,0.0
2018-06-29 20:00:00,2018-06-29 21:00,3.26547,0.0,2.02158,0.06148,1.18241,0.0,0.0,0.0,0.0
2018-06-29 21:00:00,2018-06-29 22:00,2.87617,0.0,1.86397,0.003,1.0092,0.0,0.0,0.0,0.0
2018-06-29 22:00:00,2018-06-29 23:00,2.51622,0.0,1.71628,0.003,0.79694,0.0,0.0,0.0,0.0
2018-06-29 23:00:00,2018-06-30 00:00,2.03471,0.0,1.55607,0.003,0.47564,0.0,0.0,0.0,0.0
2018-06-30 00:00:00,2018-06-30 01:00,2.0046,0.0,1.53055,0.003,0.47105,0.0,0.0,0.0,0.0
2018-06-30 01:00:00,2018-06-30 02:00,1.99019,0.0,1.52052,0.003,0.46667,0.0,0.0,0.0,0.0
2018-06-30 02:00:00,2018-06-30 03:00,1.86487,0.0,1.40125,0.003,0.46062,0.0,0.0,0.0,0.0
2018-06-30 03:00:00,2018-06-30 04:00,1.69312,0.0,1.23165,0.003,0.45847,0.0,0.0,0.0,0.0
2018-06-30 04:00:00,2018-06-30 05:00,1.57636,0.0,1.12103,0.003,0.45233,0.0,0.0,0.0,0.0
2018-06-30 05:00:00,2018-06-30 06:00,1.86643,0.0,1.06873,0.3417,0.456,0.0,0.0,0.0,0.0
2018-06-30 06:00:00,2018-06-30 07:00,1.58286,0.0,1.05959,0.003,0.52027,0.0,0.0,0.0,0.0
2018-06-30 07:00:00,2018-06-30 08:00,1.66235,0.0,1.07947,0.003,0.57988,0.02622,0.0,0.0,0.02622
2018-06-30 08:00:00,2018-06-30 09:00,1.93499,0.0,1.01041,0.23853,0.68605,0.0,0.0,0.0,0.0
2018-06-30 09:00:00,2018-06-30 10:00,1.71617,0.0,1.04251,0.06708,0.60658,0.0,0.0,0.0,0.0
2018-06-30 10:00:00,2018-06-30 11:00,1.7318,0.0,1.12927,0.003,0.59953,0.0,0.0,0.0,0.0
2018-06-30 11:00:00,2018-06-30 12:00,1.87938,0.0,1.21355,0.003,0.66283,0.0,0.0,0.0,0.0
2018-06-30 12:00:00,2018-06-30 13:00,2.20712,0.0,1.4606,0.003,0.74352,0.02622,0.0,0.0,0.02622
2018-06-30 13:00:00,2018-06-30 14:00,2.47843,0.0,1.47676,0.30104,0.70063,0.0,0.0,0.0,0.0
2018-06-30 14:00:00,2018-06-30 15:00,2.33637,0.0,1.57601,0.003,0.75736,0.0,0.0,0.0,0.0
2018-06-30 15:00:00,2018-06-30 16:00,2.37422,0.0,1.50975,0.11625,0.74822,0.0,0.0,0.0,0.0
2018-06-30 16:00:00,2018-06-30 17:00,2.55888,0.0,1.48442,0.21292,0.86154,0.05247,0.0,0.0,0.05247
2018-06-30 17:00:00,2018-06-30 18:00,2.0717,0.0,1.28243,0.003,0.78627,0.0,0.0,0.0,0.0
2018-06-30 18:00:00,2018-06-30 19:00,2.02337,0.0,1.22216,0.003,0.79821,0.0,0.0,0.0,0.0
2018-06-30 19:00:00,2018-06-30 20:00,2.27877,0.0,1.16424,0.23192,0.88261,0.0,0.0,0.0,0.0
2018-06-30 20:00:00,2018-06-30 21:00,2.39711,0.0,1.11893,0.20988,1.0683,0.0,0.0,0.0,0.0
2018-06-30 21:00:00,2018-06-30 22:00,1.93768,0.0,1.03117,0.003,0.90351,0.0,0.0,0.0,0.0
2018-06-30 22:00:00,2018-06-30 23:00,1.6694,0.0,0.95173,0.003,0.71467,0.0,0.0,0.0,0.0
2018-06-30 23:00:00,2018-07-01 00:00,1.4312,0.0,0.88068,0.003,0.54752,0.0,0.0,0.0,0.0
2018-07-01 00:00:00,2018-07-01 01:00,1.29169,0.0,0.81323,0.003,0.47546,0.0,0.0,0.0,0.0
2018-07-01 01:00:00,2018-07-01 02:00,1.23962,0.0,0.76986,0.003,0.46676,0.0,0.0,0.0,0.0
2018-07-01 02:00:00,2018-07-01 03:00,1.18644,0.0,0.72272,0.003,0.46072,0.0,0.0,0.0,0.0
2018-07-01 03:00:00,2018-07-01 04:00,1.13518,0.0,0.67359,0.003,0.45859,0.0,0.0,0.0,0.0
2018-07-01 04:00:00,2018-07-01 05:00,1.07769,0.0,0.62226,0.003,0.45243,0.0,0.0,0.0,0.0
2018-07-01 05:00:00,2018-07-01 06:00,1.04057,0.0,0.58545,0.003,0.45212,0.0,0.0,0.0,0.0
2018-07-01 06:00:00,2018-07-01 07:00,1.06647,0.0,0.57212,0.003,0.49135,0.0,0.0,0.0,0.0
2018-07-01 07:00:00,2018-07-01 08:00,1.04068,0.0,0.56618,0.003,0.4715,0.0,0.0,0.0,0.0
2018-07-01 08:00:00,2018-07-01 09:00,1.28542,0.0,0.56365,0.2404,0.48137,0.0,0.0,0.0,0.0
2018-07-01 09:00:00,2018-07-01 10:00,1.16579,0.0,0.55832,0.06424,0.54323,0.0,0.0,0.0,0.0
2018-07-01 10:00:00,2018-07-01 11:00,1.26975,0.0,0.55708,0.11565,0.59702,0.0,0.0,0.0,0.0
2018-07-01 11:00:00,2018-07-01 12:00,1.35853,0.0,0.53543,0.21161,0.61149,0.0,0.0,0.0,0.0
2018-07-01 12:00:00,2018-07-01 13:00,1.18639,0.0,0.47925,0.003,0.70414,0.0,0.0,0.0,0.0
2018-07-01 13:00:00,2018-07-01 14:00,1.49493,0.0,0.5563,0.23012,0.70851,0.0,0.0,0.0,0.0
2018-07-01 14:00:00,2018-07-01 15:00,2.00065,0.0,0.67254,0.17602,1.15209,0.02622,0.0,0.0,0.02622
2018-07-01 15:00:00,2018-07-01 16:00,2.22101,0.0,0.612,0.003,1.60601,0.0,0.0,0.0,0.0
2018-07-01 16:00:00,2018-07-01 17:00,1.73216,0.0,0.60494,0.34595,0.78127,0.0,0.0,0.0,0.0
2018-07-01 17:00:00,2018-07-01 18:00,1.6343,0.0,0.71097,0.07774,0.84559,0.01124,0.0,0.0,0.01124
2018-07-01 18:00:00,2018-07-01 19:00,2.05558,0.0,0.93761,0.003,1.11497,0.06745,0.0,0.0,0.06745
2018-07-01 19:00:00,2018-07-01 20:00,1.92707,0.0,0.7874,0.003,1.13667,0.0,0.0,0.0,0.0
2018-07-01 20:00:00,2018-07-01 21:00,2.38752,0.0,0.75128,0.42458,1.21166,0.0,0.0,0.0,0.0
2018-07-01 21:00:00,2018-07-01 22:00,1.68944,0.0,0.66408,0.003,1.02236,0.0,0.0,0.0,0.0
2018-07-01 22:00:00,2018-07-01 23:00,1.54259,0.0,0.58688,0.22818,0.72753,0.0,0.0,0.0,0.0
2018-07-01 23:00:00,2018-07-02 00:00,1.1852,0.0,0.50451,0.16276,0.51793,0.0,0.0,0.0,0.0
2018-07-02 00:00:00,2018-07-02 01:00,0.91433,0.0,0.43367,0.003,0.47766,0.0,0.0,0.0,0.0
2018-07-02 01:00:00,2018-07-02 02:00,0.87614,0.0,0.41059,0.003,0.46255,0.0,0.0,0.0,0.0
2018-07-02 02:00:00,2018-07-02 03:00,0.84597,0.0,0.39148,0.003,0.45149,0.0,0.0,0.0,0.0
2018-07-02 03:00:00,2018-07-02 04:00,1.0616,0.0,0.38179,0.23021,0.4496,0.0,0.0,0.0,0.0
2018-07-02 04:00:00,2018-07-02 05:00,1.0317,0.0,0.43428,0.14557,0.45185,0.0,0.0,0.0,0.0
2018-07-02 05:00:00,2018-07-02 06:00,1.22374,0.0,0.42605,0.33829,0.4594,0.0,0.0,0.0,0.0
2018-07-02 06:00:00,2018-07-02 07:00,1.72261,0.0,0.6165,0.46014,0.64597,0.07869,0.0,0.0,0.07869
2018-07-02 07:00:00,2018-07-02 08:00,1.53319,0.0,0.50752,0.47066,0.55501,0.0,0.0,0.0,0.0
2018-07-02 08:00:00,2018-07-02 09:00,1.27056,0.0,0.56762,0.14147,0.56147,0.0,0.0,0.0,0.0
2018-07-02 09:00:00,2018-07-02 10:00,1.11105,0.0,0.62392,0.003,0.48413,0.0,0.0,0.0,0.0
2018-07-02 10:00:00,2018-07-02 11:00,1.20351,0.0,0.7299,0.003,0.47061,0.0,0.0,0.0,0.0
2018-07-02 11:00:00,2018-07-02 12:00,1.29255,0.0,0.82165,0.003,0.4679,0.0,0.0,0.0,0.0
2018-07-02 12:00:00,2018-07-02 13:00,1.42318,0.0,0.94394,0.003,0.47624,0.0,0.0,0.0,0.0
2018-07-02 13:00:00,2018-07-02 14:00,1.52446,0.0,1.04444,0.003,0.47702,0.0,0.0,0.0,0.0
2018-07-02 14:00:00,2018-07-02 15:00,1.58328,0.0,1.09738,0.003,0.4829,0.0,0.0,0.0,0.0
2018-07-02 15:00:00,2018-07-02 16:00,1.70036,0.0,1.18419,0.003,0.51317,0.0,0.0,0.0,0.0
2018-07-02 16:00:00,2018-07-02 17:00,2.07174,0.0,1.28488,0.29859,0.48827,0.0,0.0,0.0,0.0
2018-07-02 17:00:00,2018-07-02 18:00,1.92588,0.0,1.36556,0.003,0.55732,0.0,0.0,0.0,0.0
2018-07-02 18:00:00,2018-07-02 19:00,2.17215,0.0,1.41719,0.003,0.75196,0.02622,0.0,0.0,0.02622
2018-07-02 19:00:00,2018-07-02 20:00,2.16148,0.0,1.23225,0.003,0.92623,0.0,0.0,0.0,0.0
2018-07-02 20:00:00,2018-07-02 21:00,2.80113,0.0,1.16304,0.46502,1.17307,0.0,0.0,0.0,0.0
2018-07-02 21:00:00,2018-07-02 22:00,2.26038,0.0,1.08009,0.003,1.17729,0.0,0.0,0.0,0.0
2018-07-02 22:00:00,2018-07-02 23:00,1.78126,0.0,0.98514,0.003,0.79312,0.0,0.0,0.0,0.0
2018-07-02 23:00:00,2018-07-03 00:00,1.43184,0.0,0.89922,0.003,0.52962,0.0,0.0,0.0,0.0
2018-07-03 00:00:00,2018-07-03 01:00,1.30783,0.0,0.82714,0.003,0.47769,0.0,0.0,0.0,0.0
2018-07-03 01:00:00,2018-07-03 02:00,1.24366,0.0,0.77556,0.003,0.4651,0.0,0.0,0.0,0.0
2018-07-03 02:00:00,2018-07-03 03:00,1.18579,0.0,0.72331,0.003,0.45948,0.0,0.0,0.0,0.0
2018-07-03 03:00:00,2018-07-03 04:00,1.13741,0.0,0.67706,0.003,0.45735,0.0,0.0,0.0,0.0
2018-07-03 04:00:00,2018-07-03 05:00,1.08384,0.0,0.62962,0.003,0.45122,0.0,0.0,0.0,0.0
2018-07-03 05:00:00,2018-07-03 06:00,1.40673,0.0,0.59673,0.34874,0.46126,0.0,0.0,0.0,0.0
2018-07-03 06:00:00,2018-07-03 07:00,1.40232,0.0,0.6024,0.21275,0.58717,0.01124,0.0,0.0,0.01124
2018-07-03 07:00:00,2018-07-03 08:00,1.25302,0.0,0.58485,0.11325,0.55492,0.01498,0.0,0.0,0.01498
2018-07-03 08:00:00,2018-07-03 09:00,1.45075,0.0,0.50778,0.42279,0.52018,0.0,0.0,0.0,0.0
2018-07-03 09:00:00,2018-07-03 10:00,1.01192,0.0,0.48486,0.003,0.52406,0.0,0.0,0.0,0.0
2018-07-03 10:00:00,2018-07-03 11:00,1.11009,0.0,0.47819,0.11339,0.51851,0.0,0.0,0.0,0.0
2018-07-03 11:00:00,2018-07-03 12:00,1.26233,0.0,0.49095,0.28418,0.4872,0.0,0.0,0.0,0.0
2018-07-03 12:00:00,2018-07-03 13:00,1.01747,0.0,0.53825,0.003,0.47622,0.0,0.0,0.0,0.0
2018-07-03 13:00:00,2018-07-03 14:00,1.05947,0.0,0.57424,0.003,0.48223,0.0,0.0,0.0,0.0
2018-07-03 14:00:00,2018-07-03 15:00,1.13487,0.0,0.60737,0.003,0.5245,0.0,0.0,0.0,0.0
2018-07-03 15:00:00,2018-07-03 16:00,1.7557,0.0,0.90802,0.23221,0.61547,0.05247,0.0,0.0,0.05247
2018-07-03 16:00:00,2018-07-03 17:00,1.88744,0.0,1.04131,0.21214,0.63399,0.0,0.0,0.0,0.0
2018-07-03 17:00:00,2018-07-03 18:00,2.01409,0.0,1.25917,0.003,0.75192,0.03935,0.0,0.0,0.03935
2018-07-03 18:00:00,2018-07-03 19:00,2.39556,0.0,1.39091,0.11475,0.8899,0.03935,0.0,0.0,0.03935
2018-07-03 19:00:00,2018-07-03 20:00,4.32054,0.0,1.28232,0.22643,2.81179,0.0,0.0,0.0,0.0
2018-07-03 20:00:00,2018-07-03 21:00,3.39451,0.0,1.15696,0.003,2.23455,0.0,0.0,0.0,0.0
2018-07-03 21:00:00,2018-07-03 22:00,2.64165,0.0,1.06181,0.40256,1.17728,0.0,0.0,0.0,0.0
2018-07-03 22:00:00,2018-07-03 23:00,1.73577,0.0,1.00062,0.003,0.73215,0.0,0.0,0.0,0.0
2018-07-03 23:00:00,2018-07-04 00:00,1.41595,0.0,0.92104,0.003,0.49191,0.0,0.0,0.0,0.0
2018-07-04 00:00:00,2018-07-04 01:00,1.30785,0.0,0.83495,0.003,0.4699,0.0,0.0,0.0,0.0
2018-07-04 01:00:00,2018-07-04 02:00,1.24243,0.0,0.7739,0.003,0.46553,0.0,0.0,0.0,0.0
2018-07-04 02:00:00,2018-07-04 03:00,1.22354,0.0,0.76109,0.003,0.45945,0.0,0.0,0.0,0.0
2018-07-04 03:00:00,2018-07-04 04:00,1.20085,0.0,0.7412,0.003,0.45665,0.0,0.0,0.0,0.0
2018-07-04 04:00:00,2018-07-04 05:00,1.26491,0.0,0.70592,0.11685,0.44214,0.0,0.0,0.0,0.0
2018-07-04 05:00:00,2018-07-04 06:00,1.46066,0.0,0.685,0.31325,0.46241,0.0,0.0,0.0,0.0
2018-07-04 06:00:00,2018-07-04 07:00,1.33675,0.0,0.76511,0.003,0.56864,0.0,0.0,0.0,0.0
2018-07-04 07:00:00,2018-07-04 08:00,1.69963,0.0,0.80575,0.34761,0.54627,0.0,0.0,0.0,0.0
2018-07-04 08:00:00,2018-07-04 09:00,1.48935,0.0,0.87742,0.09175,0.52018,0.0,0.0,0.0,0.0
2018-07-04 09:00:00,2018-07-04 10:00,1.36042,0.0,0.83337,0.003,0.52405,0.0,0.0,0.0,0.0
2018-07-04 10:00:00,2018-07-04 11:00,1.42029,0.0,0.67451,0.23214,0.51364,0.0,0.0,0.0,0.0
2018-07-04 11:00:00,2018-07-04 12:00,1.30122,0.0,0.68867,0.10358,0.50897,0.0,0.0,0.0,0.0
2018-07-04 12:00:00,2018-07-04 13:00,1.48466,0.0,0.82059,0.11507,0.549,0.0,0.0,0.0,0.0
2018-07-04 13:00:00,2018-07-04 14:00,1.84375,0.0,0.84619,0.46916,0.5284,0.0,0.0,0.0,0.0
2018-07-04 14:00:00,2018-07-04 15:00,1.43902,0.0,0.73809,0.16463,0.5363,0.0,0.0,0.0,0.0
2018-07-04 15:00:00,2018-07-04 16:00,1.33645,0.0,0.71489,0.003,0.61856,0.0,0.0,0.0,0.0
2018-07-04 16:00:00,2018-07-04 17:00,3.37855,0.0,0.87736,0.003,2.49819,0.0,0.0,0.0,0.0
2018-07-04 17:00:00,2018-07-04 18:00,1.71644,0.0,0.91124,0.003,0.8022,0.0,0.0,0.0,0.0
2018-07-04 18:00:00,2018-07-04 19:00,2.24334,0.0,0.99236,0.43971,0.81127,0.0,0.0,0.0,0.0
2018-07-04 19:00:00,2018-07-04 20:00,1.92195,0.0,0.97135,0.003,0.9476,0.0,0.0,0.0,0.0
2018-07-04 20:00:00,2018-07-04 21:00,2.05091,0.0,0.96143,0.003,1.08648,0.0,0.0,0.0,0.0
2018-07-04 21:00:00,2018-07-04 22:00,2.49422,0.0,0.91314,0.42646,1.15462,0.0,0.0,0.0,0.0
2018-07-04 22:00:00,2018-07-04 23:00,1.45316,0.0,0.80884,0.003,0.64132,0.0,0.0,0.0,0.0
2018-07-04 23:00:00,2018-07-05 00:00,1.37239,0.0,0.75468,0.11476,0.50295,0.0,0.0,0.0,0.0
2018-07-05 00:00:00,2018-07-05 01:00,1.41579,0.0,0.70917,0.22895,0.47767,0.0,0.0,0.0,0.0
2018-07-05 01:00:00,2018-07-05 02:00,1.14301,0.0,0.67748,0.003,0.46253,0.0,0.0,0.0,0.0
2018-07-05 02:00:00,2018-07-05 03:00,1.34315,0.0,0.66475,0.22692,0.45148,0.0,0.0,0.0,0.0
2018-07-05 03:00:00,2018-07-05 04:00,1.56638,0.0,0.67603,0.4259,0.46445,0.01124,0.0,0.0,0.01124
2018-07-05 04:00:00,2018-07-05 05:00,1.42979,0.0,0.88662,0.003,0.54017,0.09367,0.0,0.0,0.09367
2018-07-05 05:00:00,2018-07-05 06:00,1.11327,0.0,0.65659,0.003,0.45368,0.0,0.0,0.0,0.0
2018-07-05 06:00:00,2018-07-05 07:00,1.15121,0.0,0.63963,0.003,0.50858,0.0,0.0,0.0,0.0
2018-07-05 07:00:00,2018-07-05 08:00,1.09672,0.0,0.61897,0.003,0.47475,0.0,0.0,0.0,0.0
2018-07-05 08:00:00,2018-07-05 09:00,1.46461,0.0,0.65942,0.31255,0.49264,0.0,0.0,0.0,0.0
2018-07-05 09:00:00,2018-07-05 10:00,1.19776,0.0,0.68952,0.003,0.50524,0.0,0.0,0.0,0.0
2018-07-05 10:00:00,2018-07-05 11:00,1.18367,0.0,0.69099,0.003,0.48968,0.0,0.0,0.0,0.0
2018-07-05 11:00:00,2018-07-05 12:00,1.2429,0.0,0.77201,0.003,0.46789,0.0,0.0,0.0,0.0
2018-07-05 12:00:00,2018-07-05 13:00,1.34305,0.0,0.86381,0.003,0.47624,0.0,0.0,0.0,0.0
2018-07-05 13:00:00,2018-07-05 14:00,1.37125,0.0,0.89122,0.003,0.47703,0.0,0.0,0.0,0.0
2018-07-05 14:00:00,2018-07-05 15:00,1.65717,0.0,0.9453,0.23486,0.47701,0.0,0.0,0.0,0.0
2018-07-05 15:00:00,2018-07-05 16:00,1.53101,0.0,0.99111,0.06509,0.47481,0.0,0.0,0.0,0.0
2018-07-05 16:00:00,2018-07-05 17:00,1.66036,0.0,1.11649,0.003,0.54087,0.02622,0.0,0.0,0.02622
2018-07-05 17:00:00,2018-07-05 18:00,1.69584,0.0,1.10122,0.003,0.59162,0.0,0.0,0.0,0.0
2018-07-05 18:00:00,2018-07-05 19:00,2.2208,0.0,1.11744,0.35007,0.75329,0.0,0.0,0.0,0.0
2018-07-05 19:00:00,2018-07-05 20:00,1.96654,0.0,1.04427,0.0316,0.89067,0.0,0.0,0.0,0.0
2018-07-05 20:00:00,2018-07-05 21:00,1.87847,0.0,0.9534,0.003,0.92207,0.0,0.0,0.0,0.0
2018-07-05 21:00:00,2018-07-05 22:00,1.67264,0.0,0.84193,0.003,0.82771,0.0,0.0,0.0,0.0
2018-07-05 22:00:00,2018-07-05 23:00,1.26912,0.0,0.73082,0.003,0.5353,0.0,0.0,0.0,0.0
2018-07-05 23:00:00,2018-07-06 00:00,1.12772,0.0,0.64906,0.003,0.47566,0.0,0.0,0.0,0.0
2018-07-06 00:00:00,2018-07-06 01:00,1.05522,0.0,0.58231,0.003,0.46991,0.0,0.0,0.0,0.0
2018-07-06 01:00:00,2018-07-06 02:00,1.11604,0.0,0.53406,0.11647,0.46551,0.0,0.0,0.0,0.0
2018-07-06 02:00:00,2018-07-06 03:00,1.12835,0.0,0.48449,0.18439,0.45947,0.0,0.0,0.0,0.0
2018-07-06 03:00:00,2018-07-06 04:00,0.90877,0.0,0.44844,0.003,0.45733,0.0,0.0,0.0,0.0
2018-07-06 04:00:00,2018-07-06 05:00,0.87176,0.0,0.41757,0.003,0.45119,0.0,0.0,0.0,0.0
2018-07-06 05:00:00,2018-07-06 06:00,0.86706,0.0,0.40384,0.003,0.46022,0.0,0.0,0.0,0.0
2018-07-06 06:00:00,2018-07-06 07:00,1.29394,0.0,0.3942,0.34556,0.55418,0.0,0.0,0.0,0.0
2018-07-06 07:00:00,2018-07-06 08:00,1.52944,0.0,0.46517,0.46675,0.59752,0.0,0.0,0.0,0.0
2018-07-06 08:00:00,2018-07-06 09:00,1.2956,0.0,0.53862,0.18872,0.56826,0.0,0.0,0.0,0.0
2018-07-06 09:00:00,2018-07-06 10:00,1.11812,0.0,0.59106,0.003,0.52406,0.0,0.0,0.0,0.0
2018-07-06 10:00:00,2018-07-06 11:00,1.51386,0.0,0.65565,0.3397,0.51851,0.0,0.0,0.0,0.0
2018-07-06 11:00:00,2018-07-06 12:00,1.46842,0.0,0.71086,0.27035,0.48721,0.0,0.0,0.0,0.0
2018-07-06 12:00:00,2018-07-06 13:00,1.27059,0.0,0.76205,0.003,0.50554,0.0,0.0,0.0,0.0
2018-07-06 13:00:00,2018-07-06 14:00,1.2901,0.0,0.80244,0.003,0.48466,0.0,0.0,0.0,0.0
2018-07-06 14:00:00,2018-07-06 15:00,1.33793,0.0,0.85791,0.003,0.47702,0.0,0.0,0.0,0.0
2018-07-06 15:00:00,2018-07-06 16:00,1.38272,0.0,0.9049,0.003,0.47482,0.0,0.0,0.0,0.0
2018-07-06 16:00:00,2018-07-06 17:00,1.91556,0.0,0.98945,0.33783,0.58828,0.01124,0.0,0.0,0.01124
2018-07-06 17:00:00,2018-07-06 18:00,2.2886,0.0,1.23093,0.25424,0.80343,0.11242,0.0,0.0,0.11242
2018-07-06 18:00:00,2018-07-06 19:00,1.96169,0.0,1.06839,0.003,0.8903,0.0075,0.0,0.0,0.0075
2018-07-06 19:00:00,2018-07-06 20:00,2.40249,0.0,1.02578,0.37649,1.00022,0.0,0.0,0.0,0.0
2018-07-06 20:00:00,2018-07-06 21:00,2.14876,0.0,0.9642,0.003,1.18156,0.0,0.0,0.0,0.0
2018-07-06 21:00:00,2018-07-06 22:00,1.80885,0.0,0.84165,0.003,0.9642,0.0,0.0,0.0,0.0
2018-07-06 22:00:00,2018-07-06 23:00,1.49052,0.0,0.7723,0.003,0.71522,0.0,0.0,0.0,0.0
2018-07-06 23:00:00,2018-07-07 00:00,1.20482,0.0,0.6882,0.003,0.51362,0.0,0.0,0.0,0.0
2018-07-07 00:00:00,2018-07-07 01:00,1.09668,0.0,0.61554,0.003,0.47814,0.0,0.0,0.0,0.0
2018-07-07 01:00:00,2018-07-07 02:00,1.04099,0.0,0.57121,0.003,0.46678,0.0,0.0,0.0,0.0
2018-07-07 02:00:00,2018-07-07 03:00,1.00444,0.0,0.54073,0.003,0.46071,0.0,0.0,0.0,0.0
2018-07-07 03:00:00,2018-07-07 04:00,0.976,0.0,0.51442,0.003,0.45858,0.0,0.0,0.0,0.0
2018-07-07 04:00:00,2018-07-07 05:00,1.16322,0.0,0.47722,0.23354,0.45246,0.0,0.0,0.0,0.0
2018-07-07 05:00:00,2018-07-07 06:00,0.97534,0.0,0.45843,0.0648,0.45211,0.0,0.0,0.0,0.0
2018-07-07 06:00:00,2018-07-07 07:00,1.07575,0.0,0.53117,0.003,0.54158,0.03935,0.0,0.0,0.03935
2018-07-07 07:00:00,2018-07-07 08:00,1.10508,0.0,0.54738,0.003,0.5547,0.01312,0.0,0.0,0.01312
2018-07-07 08:00:00,2018-07-07 09:00,1.17174,0.0,0.58693,0.003,0.58181,0.0,0.0,0.0,0.0
2018-07-07 09:00:00,2018-07-07 10:00,1.58581,0.0,0.67193,0.31232,0.60156,0.0,0.0,0.0,0.0
2018-07-07 10:00:00,2018-07-07 11:00,1.43339,0.0,0.77045,0.003,0.65994,0.0,0.0,0.0,0.0
2018-07-07 11:00:00,2018-07-07 12:00,1.56088,0.0,0.89514,0.003,0.66274,0.0,0.0,0.0,0.0
2018-07-07 12:00:00,2018-07-07 13:00,1.78654,0.0,0.98649,0.11486,0.68519,0.0,0.0,0.0,0.0
2018-07-07 13:00:00,2018-07-07 14:00,2.95171,0.0,1.09496,0.27165,1.5851,0.0,0.0,0.0,0.0
2018-07-07 14:00:00,2018-07-07 15:00,4.44336,0.0,1.26291,0.22409,2.95636,0.0,0.0,0.0,0.0
2018-07-07 15:00:00,2018-07-07 16:00,2.47778,0.0,1.2924,0.31007,0.87531,0.0,0.0,0.0,0.0
2018-07-07 16:00:00,2018-07-07 17:00,2.74834,0.0,1.40287,0.003,1.34247,0.0,0.0,0.0,0.0
2018-07-07 17:00:00,2018-07-07 18:00,2.46009,0.0,1.39867,0.22815,0.83327,0.01124,0.0,0.0,0.01124
2018-07-07 18:00:00,2018-07-07 19:00,2.58634,0.0,1.41749,0.18589,0.98296,0.01498,0.0,0.0,0.01498
2018-07-07 19:00:00,2018-07-07 20:00,2.46905,0.0,1.32939,0.003,1.13666,0.0,0.0,0.0,0.0
2018-07-07 20:00:00,2018-07-07 21:00,2.47225,0.0,1.23964,0.003,1.22961,0.0,0.0,0.0,0.0
2018-07-07 21:00:00,2018-07-07 22:00,2.24642,0.0,1.11656,0.003,1.12686,0.0,0.0,0.0,0.0
2018-07-07 22:00:00,2018-07-07 23:00,1.69434,0.0,0.97714,0.003,0.7142,0.0,0.0,0.0,0.0
2018-07-07 23:00:00,2018-07-08 00:00,1.44149,0.0,0.88008,0.003,0.55841,0.0,0.0,0.0,0.0
2018-07-08 00:00:00,2018-07-08 01:00,1.57049,0.0,0.7876,0.30743,0.47546,0.0,0.0,0.0,0.0
2018-07-08 01:00:00,2018-07-08 02:00,1.18116,0.0,0.7114,0.003,0.46676,0.0,0.0,0.0,0.0
2018-07-08 02:00:00,2018-07-08 03:00,1.1321,0.0,0.66838,0.003,0.46072,0.0,0.0,0.0,0.0
2018-07-08 03:00:00,2018-07-08 04:00,1.09271,0.0,0.63115,0.003,0.45856,0.0,0.0,0.0,0.0
2018-07-08 04:00:00,2018-07-08 05:00,1.05302,0.0,0.59758,0.003,0.45244,0.0,0.0,0.0,0.0
2018-07-08 05:00:00,2018-07-08 06:00,1.05948,0.0,0.58666,0.003,0.46982,0.01124,0.0,0.0,0.01124
2018-07-08 06:00:00,2018-07-08 07:00,1.27784,0.0,0.69224,0.003,0.5826,0.04123,0.0,0.0,0.04123
2018-07-08 07:00:00,2018-07-08 08:00,1.51154,0.0,0.63732,0.34212,0.5321,0.0,0.0,0.0,0.0
2018-07-08 08:00:00,2018-07-08 09:00,1.31711,0.0,0.75922,0.003,0.55489,0.02622,0.0,0.0,0.02622
2018-07-08 09:00:00,2018-07-08 10:00,1.34205,0.0,0.80208,0.003,0.53697,0.0,0.0,0.0,0.0
2018-07-08 10:00:00,2018-07-08 11:00,1.5122,0.0,0.92159,0.003,0.58761,0.0,0.0,0.0,0.0
2018-07-08 11:00:00,2018-07-08 12:00,1.70674,0.0,1.05066,0.003,0.65308,0.0,0.0,0.0,0.0
2018-07-08 12:00:00,2018-07-08 13:00,2.52076,0.0,1.4222,0.34203,0.75653,0.07869,0.0,0.0,0.07869
2018-07-08 13:00:00,2018-07-08 14:00,2.15341,0.0,1.427,0.003,0.72341,0.0,0.0,0.0,0.0
2018-07-08 14:00:00,2018-07-08 15:00,2.65688,0.0,1.60418,0.003,1.0497,0.0,0.0,0.0,0.0
2018-07-08 15:00:00,2018-07-08 16:00,4.42262,0.0,1.82135,0.11568,2.48559,0.0,0.0,0.0,0.0
2018-07-08 16:00:00,2018-07-08 17:00,2.6215,0.0,1.73327,0.23872,0.64951,0.0,0.0,0.0,0.0
2018-07-08 17:00:00,2018-07-08 18:00,2.5269,0.0,1.75908,0.003,0.76482,0.0,0.0,0.0,0.0
2018-07-08 18:00:00,2018-07-08 19:00,2.66233,0.0,1.73722,0.003,0.92211,0.0,0.0,0.0,0.0
2018-07-08 19:00:00,2018-07-08 20:00,2.41004,0.0,1.52027,0.003,0.88677,0.0,0.0,0.0,0.0
2018-07-08 20:00:00,2018-07-08 21:00,2.19237,0.0,1.32026,0.003,0.86911,0.0,0.0,0.0,0.0
2018-07-08 21:00:00,2018-07-08 22:00,2.01939,0.0,1.16729,0.003,0.8491,0.0,0.0,0.0,0.0
2018-07-08 22:00:00,2018-07-08 23:00,2.07924,0.0,1.10094,0.2345,0.7438,0.0,0.0,0.0,0.0
2018-07-08 23:00:00,2018-07-09 00:00,1.73316,0.0,1.00905,0.17729,0.54682,0.0,0.0,0.0,0.0
2018-07-09 00:00:00,2018-07-09 01:00,1.40183,0.0,0.92095,0.003,0.47788,0.0,0.0,0.0,0.0
2018-07-09 01:00:00,2018-07-09 02:00,1.33136,0.0,0.86287,0.003,0.46549,0.0,0.0,0.0,0.0
2018-07-09 02:00:00,2018-07-09 03:00,1.27262,0.0,0.81015,0.003,0.45947,0.0,0.0,0.0,0.0
2018-07-09 03:00:00,2018-07-09 04:00,1.19799,0.0,0.73767,0.003,0.45732,0.0,0.0,0.0,0.0
2018-07-09 04:00:00,2018-07-09 05:00,1.13397,0.0,0.67941,0.003,0.45156,0.0,0.0,0.0,0.0
2018-07-09 05:00:00,2018-07-09 06:00,1.33703,0.0,0.63898,0.23448,0.46357,0.0,0.0,0.0,0.0
2018-07-09 06:00:00,2018-07-09 07:00,1.45638,0.0,0.65991,0.22057,0.5759,0.0,0.0,0.0,0.0
2018-07-09 07:00:00,2018-07-09 08:00,1.29492,0.0,0.6731,0.11349,0.50833,0.0,0.0,0.0,0.0
2018-07-09 08:00:00,2018-07-09 09:00,1.7283,0.0,0.74636,0.46174,0.5202,0.0,0.0,0.0,0.0
2018-07-09 09:00:00,2018-07-09 10:00,1.42149,0.0,0.84335,0.05407,0.52407,0.0,0.0,0.0,0.0
2018-07-09 10:00:00,2018-07-09 11:00,1.40191,0.0,0.90921,0.003,0.4897,0.0,0.0,0.0,0.0
2018-07-09 11:00:00,2018-07-09 12:00,1.44953,0.0,0.97861,0.003,0.46792,0.0,0.0,0.0,0.0
2018-07-09 12:00:00,2018-07-09 13:00,1.65663,0.0,1.1774,0.003,0.47623,0.0,0.0,0.0,0.0
2018-07-09 13:00:00,2018-07-09 14:00,1.83046,0.0,1.35043,0.003,0.47703,0.0,0.0,0.0,0.0
2018-07-09 14:00:00,2018-07-09 15:00,1.89967,0.0,1.41969,0.003,0.47698,0.0,0.0,0.0,0.0
2018-07-09 15:00:00,2018-07-09 16:00,2.40749,0.0,1.53588,0.34533,0.52628,0.0,0.0,0.0,0.0
2018-07-09 16:00:00,2018-07-09 17:00,2.3391,0.0,1.65345,0.08852,0.59713,0.0,0.0,0.0,0.0
2018-07-09 17:00:00,2018-07-09 18:00,2.73492,0.0,1.96918,0.003,0.76274,0.09556,0.0,0.0,0.09556
2018-07-09 18:00:00,2018-07-09 19:00,2.66209,0.0,1.8537,0.003,0.80539,0.03561,0.0,0.0,0.03561
2018-07-09 19:00:00,2018-07-09 20:00,2.65171,0.0,1.51798,0.31423,0.8195,0.0,0.0,0.0,0.0
2018-07-09 20:00:00,2018-07-09 21:00,2.49602,0.0,1.33746,0.003,1.15556,0.0,0.0,0.0,0.0
2018-07-09 21:00:00,2018-07-09 22:00,2.11183,0.0,1.17692,0.003,0.93191,0.0,0.0,0.0,0.0
2018-07-09 22:00:00,2018-07-09 23:00,2.0309,0.0,1.02992,0.003,0.99798,0.0,0.0,0.0,0.0
2018-07-09 23:00:00,2018-07-10 00:00,3.60324,0.0,0.93404,0.003,2.6662,0.0,0.0,0.0,0.0
2018-07-10 00:00:00,2018-07-10 01:00,2.45724,0.0,0.79673,0.003,1.65751,0.0,0.0,0.0,0.0
2018-07-10 01:00:00,2018-07-10 02:00,1.18236,0.0,0.71383,0.003,0.46553,0.0,0.0,0.0,0.0
2018-07-10 02:00:00,2018-07-10 03:00,1.12636,0.0,0.66469,0.003,0.45867,0.0,0.0,0.0,0.0
2018-07-10 03:00:00,2018-07-10 04:00,1.51105,0.0,0.6182,0.44111,0.45174,0.0,0.0,0.0,0.0
2018-07-10 04:00:00,2018-07-10 05:00,1.0403,0.0,0.5875,0.003,0.4498,0.0,0.0,0.0,0.0
2018-07-10 05:00:00,2018-07-10 06:00,1.01544,0.0,0.54691,0.003,0.46553,0.0,0.0,0.0,0.0
2018-07-10 06:00:00,2018-07-10 07:00,1.69918,0.0,0.63287,0.44521,0.6211,0.05247,0.0,0.0,0.05247
2018-07-10 07:00:00,2018-07-10 08:00,1.60307,0.0,0.57554,0.47251,0.55502,0.0,0.0,0.0,0.0
2018-07-10 08:00:00,2018-07-10 09:00,1.18334,0.0,0.5789,0.03831,0.56613,0.0,0.0,0.0,0.0
2018-07-10 09:00:00,2018-07-10 10:00,1.32848,0.0,0.55773,0.22811,0.54264,0.0,0.0,0.0,0.0
2018-07-10 10:00:00,2018-07-10 11:00,1.30307,0.0,0.55311,0.23146,0.5185,0.0,0.0,0.0,0.0
2018-07-10 11:00:00,2018-07-10 12:00,1.04405,0.0,0.55383,0.003,0.48722,0.0,0.0,0.0,0.0
2018-07-10 12:00:00,2018-07-10 13:00,1.13394,0.0,0.61329,0.003,0.51765,0.0,0.0,0.0,0.0
2018-07-10 13:00:00,2018-07-10 14:00,1.23084,0.0,0.74317,0.003,0.48467,0.0,0.0,0.0,0.0
2018-07-10 14:00:00,2018-07-10 15:00,1.37152,0.0,0.89152,0.003,0.477,0.0,0.0,0.0,0.0
2018-07-10 15:00:00,2018-07-10 16:00,1.56086,0.0,1.01689,0.003,0.54097,0.0,0.0,0.0,0.0
2018-07-10 16:00:00,2018-07-10 17:00,2.01667,0.0,1.13397,0.31968,0.56302,0.01124,0.0,0.0,0.01124
2018-07-10 17:00:00,2018-07-10 18:00,1.93115,0.0,1.23313,0.003,0.69502,0.01498,0.0,0.0,0.01498
2018-07-10 18:00:00,2018-07-10 19:00,2.42381,0.0,1.23206,0.003,1.18875,0.0,0.0,0.0,0.0
2018-07-10 19:00:00,2018-07-10 20:00,4.69562,0.0,1.24302,0.22874,3.22386,0.0,0.0,0.0,0.0
2018-07-10 20:00:00,2018-07-10 21:00,4.24625,0.0,1.16298,0.19792,2.88535,0.0,0.0,0.0,0.0
2018-07-10 21:00:00,2018-07-10 22:00,2.07765,0.0,1.00777,0.003,1.06688,0.0,0.0,0.0,0.0
2018-07-10 22:00:00,2018-07-10 23:00,1.4391,0.0,0.88375,0.003,0.55235,0.0,0.0,0.0,0.0
2018-07-10 23:00:00,2018-07-11 00:00,1.2854,0.0,0.80676,0.003,0.47564,0.0,0.0,0.0,0.0
2018-07-11 00:00:00,2018-07-11 01:00,1.22146,0.0,0.74855,0.003,0.46991,0.0,0.0,0.0,0.0
2018-07-11 01:00:00,2018-07-11 02:00,1.16373,0.0,0.69523,0.003,0.4655,0.0,0.0,0.0,0.0
2018-07-11 02:00:00,2018-07-11 03:00,1.10681,0.0,0.64434,0.003,0.45947,0.0,0.0,0.0,0.0
2018-07-11 03:00:00,2018-07-11 04:00,1.06285,0.0,0.60254,0.003,0.45731,0.0,0.0,0.0,0.0
2018-07-11 04:00:00,2018-07-11 05:00,1.03021,0.0,0.57538,0.003,0.45183,0.0,0.0,0.0,0.0
2018-07-11 05:00:00,2018-07-11 06:00,1.34966,0.0,0.63082,0.22934,0.4895,0.02622,0.0,0.0,0.02622
2018-07-11 06:00:00,2018-07-11 07:00,1.37957,0.0,0.60223,0.23442,0.54292,0.0,0.0,0.0,0.0
2018-07-11 07:00:00,2018-07-11 08:00,1.16148,0.0,0.61855,0.003,0.53993,0.0,0.0,0.0,0.0
2018-07-11 08:00:00,2018-07-11 09:00,1.19435,0.0,0.67116,0.003,0.52019,0.0,0.0,0.0,0.0
2018-07-11 09:00:00,2018-07-11 10:00,1.55493,0.0,0.70752,0.34696,0.50045,0.0,0.0,0.0,0.0
2018-07-11 10:00:00,2018-07-11 11:00,1.39017,0.0,0.78818,0.08348,0.51851,0.0,0.0,0.0,0.0
2018-07-11 11:00:00,2018-07-11 12:00,1.5061,0.0,1.0038,0.003,0.4993,0.0,0.0,0.0,0.0
2018-07-11 12:00:00,2018-07-11 13:00,1.70509,0.0,1.22585,0.003,0.47624,0.0,0.0,0.0,0.0
2018-07-11 13:00:00,2018-07-11 14:00,1.85878,0.0,1.37876,0.003,0.47702,0.0,0.0,0.0,0.0
2018-07-11 14:00:00,2018-07-11 15:00,2.31266,0.0,1.58356,0.23311,0.49599,0.0,0.0,0.0,0.0
2018-07-11 15:00:00,2018-07-11 16:00,2.523,0.0,1.75555,0.23241,0.53504,0.0,0.0,0.0,0.0
2018-07-11 16:00:00,2018-07-11 17:00,2.30656,0.0,1.73384,0.003,0.56972,0.0,0.0,0.0,0.0
2018-07-11 17:00:00,2018-07-11 18:00,2.65807,0.0,1.70286,0.35074,0.60447,0.0,0.0,0.0,0.0
2018-07-11 18:00:00,2018-07-11 19:00,2.4672,0.0,1.75946,0.03717,0.67057,0.0,0.0,0.0,0.0
2018-07-11 19:00:00,2018-07-11 20:00,2.501,0.0,1.69566,0.003,0.80234,0.0,0.0,0.0,0.0
2018-07-11 20:00:00,2018-07-11 21:00,2.41827,0.0,1.56205,0.003,0.85322,0.0,0.0,0.0,0.0
2018-07-11 21:00:00,2018-07-11 22:00,2.6781,0.0,1.48054,0.32592,0.87164,0.0,0.0,0.0,0.0
2018-07-11 22:00:00,2018-07-11 23:00,2.06204,0.0,1.46328,0.003,0.59576,0.0,0.0,0.0,0.0
2018-07-11 23:00:00,2018-07-12 00:00,2.0661,0.0,1.34179,0.23238,0.49193,0.0,0.0,0.0,0.0
2018-07-12 00:00:00,2018-07-12 01:00,1.92769,0.0,1.20355,0.25422,0.46992,0.0,0.0,0.0,0.0
2018-07-12 01:00:00,2018-07-12 02:00,1.57589,0.0,1.10736,0.003,0.46553,0.0,0.0,0.0,0.0
2018-07-12 02:00:00,2018-07-12 03:00,1.49223,0.0,1.02975,0.003,0.45948,0.0,0.0,0.0,0.0
2018-07-12 03:00:00,2018-07-12 04:00,1.42718,0.0,0.96684,0.003,0.45734,0.0,0.0,0.0,0.0
2018-07-12 04:00:00,2018-07-12 05:00,1.4036,0.0,0.94942,0.003,0.45118,0.0,0.0,0.0,0.0
2018-07-12 05:00:00,2018-07-12 06:00,1.39713,0.0,0.92919,0.003,0.46494,0.01124,0.0,0.0,0.01124
2018-07-12 06:00:00,2018-07-12 07:00,1.46402,0.0,0.95174,0.003,0.50928,0.01498,0.0,0.0,0.01498
2018-07-12 07:00:00,2018-07-12 08:00,1.38192,0.0,0.88326,0.003,0.49566,0.0,0.0,0.0,0.0
2018-07-12 08:00:00,2018-07-12 09:00,1.62505,0.0,0.88564,0.23533,0.50408,0.0,0.0,0.0,0.0
2018-07-12 09:00:00,2018-07-12 10:00,1.56197,0.0,1.00649,0.0783,0.47718,0.0,0.0,0.0,0.0
2018-07-12 10:00:00,2018-07-12 11:00,1.67049,0.0,1.19689,0.003,0.4706,0.0,0.0,0.0,0.0
2018-07-12 11:00:00,2018-07-12 12:00,1.67448,0.0,1.20359,0.003,0.46789,0.0,0.0,0.0,0.0
2018-07-12 12:00:00,2018-07-12 13:00,1.77052,0.0,1.29128,0.003,0.47624,0.0,0.0,0.0,0.0
2018-07-12 13:00:00,2018-07-12 14:00,2.05953,0.0,1.5795,0.003,0.47703,0.0,0.0,0.0,0.0
2018-07-12 14:00:00,2018-07-12 15:00,2.27688,0.0,1.79688,0.003,0.477,0.0,0.0,0.0,0.0
2018-07-12 15:00:00,2018-07-12 16:00,2.54758,0.0,2.01838,0.003,0.5262,0.0,0.0,0.0,0.0
2018-07-12 16:00:00,2018-07-12 17:00,3.26434,0.0,2.22356,0.46849,0.57229,0.01124,0.0,0.0,0.01124
2018-07-12 17:00:00,2018-07-12 18:00,2.67262,0.0,1.78366,0.19584,0.69312,0.01498,0.0,0.0,0.01498
2018-07-12 18:00:00,2018-07-12 19:00,2.17616,0.0,1.29034,0.003,0.88282,0.0,0.0,0.0,0.0
2018-07-12 19:00:00,2018-07-12 20:00,2.08433,0.0,1.13375,0.003,0.94758,0.0,0.0,0.0,0.0
2018-07-12 20:00:00,2018-07-12 21:00,2.11242,0.0,1.08352,0.003,1.0259,0.0,0.0,0.0,0.0
2018-07-12 21:00:00,2018-07-12 22:00,2.26018,0.0,1.18183,0.003,1.07535,0.06745,0.0,0.0,0.06745
2018-07-12 22:00:00,2018-07-12 23:00,2.00353,0.0,1.01584,0.23262,0.75507,0.01124,0.0,0.0,0.01124
2018-07-12 23:00:00,2018-07-13 00:00,1.55864,0.0,0.88974,0.17698,0.49192,0.0,0.0,0.0,0.0
2018-07-13 00:00:00,2018-07-13 01:00,1.33765,0.0,0.86475,0.003,0.4699,0.0,0.0,0.0,0.0
2018-07-13 01:00:00,2018-07-13 02:00,1.3322,0.0,0.86367,0.003,0.46553,0.0,0.0,0.0,0.0
2018-07-13 02:00:00,2018-07-13 03:00,1.26671,0.0,0.80424,0.003,0.45947,0.0,0.0,0.0,0.0
2018-07-13 03:00:00,2018-07-13 04:00,1.20527,0.0,0.74493,0.003,0.45734,0.0,0.0,0.0,0.0
2018-07-13 04:00:00,2018-07-13 05:00,1.15765,0.0,0.7028,0.003,0.45185,0.0,0.0,0.0,0.0
2018-07-13 05:00:00,2018-07-13 06:00,1.35744,0.0,0.66736,0.23167,0.45841,0.0,0.0,0.0,0.0
2018-07-13 06:00:00,2018-07-13 07:00,1.64826,0.0,0.6584,0.46991,0.51995,0.0,0.0,0.0,0.0
2018-07-13 07:00:00,2018-07-13 08:00,1.4088,0.0,0.64262,0.23729,0.52889,0.0,0.0,0.0,0.0
2018-07-13 08:00:00,2018-07-13 09:00,1.07994,0.0,0.60254,0.003,0.4744,0.0,0.0,0.0,0.0
2018-07-13 09:00:00,2018-07-13 10:00,1.05815,0.0,0.57798,0.003,0.47717,0.0,0.0,0.0,0.0
2018-07-13 10:00:00,2018-07-13 11:00,1.06163,0.0,0.588,0.003,0.47063,0.0,0.0,0.0,0.0
2018-07-13 11:00:00,2018-07-13 12:00,1.09574,0.0,0.62483,0.003,0.46791,0.0,0.0,0.0,0.0
2018-07-13 12:00:00,2018-07-13 13:00,1.12656,0.0,0.64733,0.003,0.47623,0.0,0.0,0.0,0.0
2018-07-13 13:00:00,2018-07-13 14:00,1.17471,0.0,0.69468,0.003,0.47703,0.0,0.0,0.0,0.0
2018-07-13 14:00:00,2018-07-13 15:00,1.21061,0.0,0.73061,0.003,0.477,0.0,0.0,0.0,0.0
2018-07-13 15:00:00,2018-07-13 16:00,1.24613,0.0,0.76833,0.003,0.4748,0.0,0.0,0.0,0.0
2018-07-13 16:00:00,2018-07-13 17:00,1.51324,0.0,0.88746,0.11779,0.50799,0.01124,0.0,0.0,0.01124
2018-07-13 17:00:00,2018-07-13 18:00,2.10223,0.0,1.11565,0.32127,0.66531,0.0412,0.0,0.0,0.0412
2018-07-13 18:00:00,2018-07-13 19:00,2.1094,0.0,1.17119,0.003,0.93521,0.0,0.0,0.0,0.0
2018-07-13 19:00:00,2018-07-13 20:00,2.65388,0.0,1.10336,0.45842,1.0921,0.0,0.0,0.0,0.0
2018-07-13 20:00:00,2018-07-13 21:00,2.37841,0.0,1.05824,0.12106,1.19911,0.0,0.0,0.0,0.0
2018-07-13 21:00:00,2018-07-13 22:00,2.08298,0.0,0.95784,0.003,1.12214,0.0,0.0,0.0,0.0
2018-07-13 22:00:00,2018-07-13 23:00,1.66643,0.0,0.85876,0.003,0.80467,0.0,0.0,0.0,0.0
2018-07-13 23:00:00,2018-07-14 00:00,1.28252,0.0,0.77105,0.003,0.50847,0.0,0.0,0.0,0.0
2018-07-14 00:00:00,2018-07-14 01:00,1.18152,0.0,0.70738,0.003,0.47114,0.0,0.0,0.0,0.0
2018-07-14 01:00:00,2018-07-14 02:00,1.12278,0.0,0.65301,0.003,0.46677,0.0,0.0,0.0,0.0
2018-07-14 02:00:00,2018-07-14 03:00,1.30245,0.0,0.60921,0.23253,0.46071,0.0,0.0,0.0,0.0
2018-07-14 03:00:00,2018-07-14 04:00,1.11553,0.0,0.57697,0.07998,0.45858,0.0,0.0,0.0,0.0
2018-07-14 04:00:00,2018-07-14 05:00,1.00331,0.0,0.54787,0.003,0.45244,0.0,0.0,0.0,0.0
2018-07-14 05:00:00,2018-07-14 06:00,0.97634,0.0,0.52122,0.003,0.45212,0.0,0.0,0.0,0.0
2018-07-14 06:00:00,2018-07-14 07:00,1.02019,0.0,0.52158,0.003,0.49561,0.0,0.0,0.0,0.0
2018-07-14 07:00:00,2018-07-14 08:00,1.29675,0.0,0.54456,0.23223,0.51996,0.0,0.0,0.0,0.0
2018-07-14 08:00:00,2018-07-14 09:00,1.58659,0.0,0.80187,0.11852,0.6662,0.07869,0.0,0.0,0.07869
2018-07-14 09:00:00,2018-07-14 10:00,1.44605,0.0,0.78918,0.003,0.65387,0.0,0.0,0.0,0.0
2018-07-14 10:00:00,2018-07-14 11:00,1.5477,0.0,0.88478,0.003,0.65992,0.0,0.0,0.0,0.0
2018-07-14 11:00:00,2018-07-14 12:00,1.69653,0.0,0.99852,0.003,0.69501,0.0,0.0,0.0,0.0
2018-07-14 12:00:00,2018-07-14 13:00,2.32102,0.0,1.14593,0.44049,0.7346,0.0,0.0,0.0,0.0
2018-07-14 13:00:00,2018-07-14 14:00,2.15309,0.0,1.2726,0.11395,0.76654,0.0,0.0,0.0,0.0
2018-07-14 14:00:00,2018-07-14 15:00,2.56348,0.0,1.38818,0.46222,0.71308,0.0,0.0,0.0,0.0
2018-07-14 15:00:00,2018-07-14 16:00,2.2358,0.0,1.44936,0.07665,0.70979,0.0,0.0,0.0,0.0
2018-07-14 16:00:00,2018-07-14 17:00,2.30004,0.0,1.51577,0.003,0.78127,0.0,0.0,0.0,0.0
2018-07-14 17:00:00,2018-07-14 18:00,2.4618,0.0,1.54666,0.003,0.91214,0.0,0.0,0.0,0.0
2018-07-14 18:00:00,2018-07-14 19:00,2.72116,0.0,1.55895,0.11469,1.04752,0.0,0.0,0.0,0.0
2018-07-14 19:00:00,2018-07-14 20:00,2.87093,0.0,1.42885,0.30545,1.13663,0.0,0.0,0.0,0.0
2018-07-14 20:00:00,2018-07-14 21:00,2.37132,0.0,1.29214,0.003,1.07618,0.0,0.0,0.0,0.0
2018-07-14 21:00:00,2018-07-14 22:00,2.30717,0.0,1.14734,0.003,1.15683,0.0,0.0,0.0,0.0
2018-07-14 22:00:00,2018-07-14 23:00,1.80179,0.0,1.04148,0.003,0.75731,0.0,0.0,0.0,0.0
2018-07-14 23:00:00,2018-07-15 00:00,1.69168,0.0,0.94396,0.23064,0.51708,0.0,0.0,0.0,0.0
2018-07-15 00:00:00,2018-07-15 01:00,1.42829,0.0,0.84707,0.11007,0.47115,0.0,0.0,0.0,0.0
2018-07-15 01:00:00,2018-07-15 02:00,1.2459,0.0,0.77613,0.003,0.46677,0.0,0.0,0.0,0.0
2018-07-15 02:00:00,2018-07-15 03:00,1.19404,0.0,0.73033,0.003,0.46071,0.0,0.0,0.0,0.0
2018-07-15 03:00:00,2018-07-15 04:00,1.14726,0.0,0.68638,0.003,0.45788,0.0,0.0,0.0,0.0
2018-07-15 04:00:00,2018-07-15 05:00,1.10062,0.0,0.65169,0.003,0.44593,0.0,0.0,0.0,0.0
2018-07-15 05:00:00,2018-07-15 06:00,1.0887,0.0,0.6292,0.003,0.4565,0.0,0.0,0.0,0.0
2018-07-15 06:00:00,2018-07-15 07:00,1.1691,0.0,0.64658,0.003,0.51952,0.0,0.0,0.0,0.0
2018-07-15 07:00:00,2018-07-15 08:00,1.38608,0.0,0.81133,0.003,0.57175,0.06745,0.0,0.0,0.06745
2018-07-15 08:00:00,2018-07-15 09:00,2.08909,0.0,1.09309,0.3172,0.6788,0.11242,0.0,0.0,0.11242
2018-07-15 09:00:00,2018-07-15 10:00,1.79521,0.0,1.07937,0.003,0.71284,0.02998,0.0,0.0,0.02998
2018-07-15 10:00:00,2018-07-15 11:00,2.16197,0.0,1.07941,0.003,1.07956,0.0,0.0,0.0,0.0
2018-07-15 11:00:00,2018-07-15 12:00,3.79953,0.0,1.22777,0.003,2.56876,0.01124,0.0,0.0,0.01124
2018-07-15 12:00:00,2018-07-15 13:00,2.26916,0.0,1.27762,0.232,0.75954,0.01498,0.0,0.0,0.01498
2018-07-15 13:00:00,2018-07-15 14:00,2.3266,0.0,1.38391,0.17617,0.76652,0.0,0.0,0.0,0.0
2018-07-15 14:00:00,2018-07-15 15:00,2.24263,0.0,1.4974,0.003,0.74223,0.01124,0.0,0.0,0.01124
2018-07-15 15:00:00,2018-07-15 16:00,2.61655,0.0,1.73707,0.003,0.87648,0.04123,0.0,0.0,0.04123
2018-07-15 16:00:00,2018-07-15 17:00,2.69231,0.0,1.61663,0.23151,0.84417,0.0,0.0,0.0,0.0
2018-07-15 17:00:00,2018-07-15 18:00,2.57681,0.0,1.60015,0.15466,0.822,0.0,0.0,0.0,0.0
2018-07-15 18:00:00,2018-07-15 19:00,2.46154,0.0,1.53643,0.003,0.92211,0.0,0.0,0.0,0.0
2018-07-15 19:00:00,2018-07-15 20:00,2.36609,0.0,1.36399,0.003,0.9991,0.0,0.0,0.0,0.0
2018-07-15 20:00:00,2018-07-15 21:00,2.49631,0.0,1.2637,0.003,1.22961,0.0,0.0,0.0,0.0
2018-07-15 21:00:00,2018-07-15 22:00,2.64486,0.0,1.13964,0.37836,1.12686,0.0,0.0,0.0,0.0
2018-07-15 22:00:00,2018-07-15 23:00,1.70877,0.0,0.99157,0.003,0.7142,0.0,0.0,0.0,0.0
2018-07-15 23:00:00,2018-07-16 00:00,1.42612,0.0,0.86504,0.003,0.55808,0.0,0.0,0.0,0.0
2018-07-16 00:00:00,2018-07-16 01:00,1.25993,0.0,0.77926,0.003,0.47767,0.0,0.0,0.0,0.0
2018-07-16 01:00:00,2018-07-16 02:00,1.19012,0.0,0.72457,0.003,0.46255,0.0,0.0,0.0,0.0
2018-07-16 02:00:00,2018-07-16 03:00,1.47722,0.0,0.67511,0.34982,0.45229,0.0,0.0,0.0,0.0
2018-07-16 03:00:00,2018-07-16 04:00,1.08312,0.0,0.60741,0.01838,0.45733,0.0,0.0,0.0,0.0
2018-07-16 04:00:00,2018-07-16 05:00,0.98812,0.0,0.53392,0.003,0.4512,0.0,0.0,0.0,0.0
2018-07-16 05:00:00,2018-07-16 06:00,0.97437,0.0,0.50645,0.003,0.46492,0.01124,0.0,0.0,0.01124
2018-07-16 06:00:00,2018-07-16 07:00,1.07003,0.0,0.50933,0.003,0.5577,0.01498,0.0,0.0,0.01498
2018-07-16 07:00:00,2018-07-16 08:00,1.24618,0.0,0.5475,0.11628,0.5824,0.0,0.0,0.0,0.0
2018-07-16 08:00:00,2018-07-16 09:00,1.52143,0.0,0.63437,0.34175,0.54531,0.0,0.0,0.0,0.0
2018-07-16 09:00:00,2018-07-16 10:00,1.32771,0.0,0.78153,0.003,0.54318,0.02622,0.0,0.0,0.02622
2018-07-16 10:00:00,2018-07-16 11:00,1.58227,0.0,0.83728,0.22649,0.5185,0.0,0.0,0.0,0.0
2018-07-16 11:00:00,2018-07-16 12:00,1.8968,0.0,0.92023,0.46026,0.51631,0.0,0.0,0.0,0.0
2018-07-16 12:00:00,2018-07-16 13:00,1.47911,0.0,0.98056,0.003,0.49555,0.0,0.0,0.0,0.0
2018-07-16 13:00:00,2018-07-16 14:00,1.57194,0.0,1.06111,0.003,0.50783,0.0,0.0,0.0,0.0
2018-07-16 14:00:00,2018-07-16 15:00,1.69417,0.0,1.12827,0.003,0.5629,0.0,0.0,0.0,0.0
2018-07-16 15:00:00,2018-07-16 16:00,2.02624,0.0,1.36005,0.003,0.66319,0.06745,0.0,0.0,0.06745
2018-07-16 16:00:00,2018-07-16 17:00,2.48775,0.0,1.53449,0.22932,0.72394,0.08994,0.0,0.0,0.08994
2018-07-16 17:00:00,2018-07-16 18:00,2.20865,0.0,1.39031,0.19232,0.62602,0.0,0.0,0.0,0.0
2018-07-16 18:00:00,2018-07-16 19:00,2.23735,0.0,1.42665,0.003,0.8077,0.02622,0.0,0.0,0.02622
2018-07-16 19:00:00,2018-07-16 20:00,2.18259,0.0,1.24657,0.003,0.93302,0.0,0.0,0.0,0.0
2018-07-16 20:00:00,2018-07-16 21:00,1.99824,0.0,1.11628,0.003,0.87896,0.0,0.0,0.0,0.0
2018-07-16 21:00:00,2018-07-16 22:00,2.07737,0.0,1.00865,0.22956,0.83916,0.0,0.0,0.0,0.0
2018-07-16 22:00:00,2018-07-16 23:00,1.79247,0.0,0.9031,0.18698,0.70239,0.0,0.0,0.0,0.0
2018-07-16 23:00:00,2018-07-17 00:00,1.38405,0.0,0.82982,0.003,0.55123,0.0,0.0,0.0,0.0
2018-07-17 00:00:00,2018-07-17 01:00,1.23977,0.0,0.75771,0.003,0.47906,0.0,0.0,0.0,0.0
2018-07-17 01:00:00,2018-07-17 02:00,1.15944,0.0,0.69389,0.003,0.46255,0.0,0.0,0.0,0.0
2018-07-17 02:00:00,2018-07-17 03:00,1.49096,0.0,0.65344,0.38126,0.45626,0.0,0.0,0.0,0.0
2018-07-17 03:00:00,2018-07-17 04:00,1.0654,0.0,0.60508,0.003,0.45732,0.0,0.0,0.0,0.0
2018-07-17 04:00:00,2018-07-17 05:00,0.99094,0.0,0.53674,0.003,0.4512,0.0,0.0,0.0,0.0
2018-07-17 05:00:00,2018-07-17 06:00,0.95179,0.0,0.49512,0.003,0.45367,0.0,0.0,0.0,0.0
2018-07-17 06:00:00,2018-07-17 07:00,1.03156,0.0,0.49302,0.003,0.53554,0.0,0.0,0.0,0.0
2018-07-17 07:00:00,2018-07-17 08:00,1.43945,0.0,0.53516,0.34167,0.56262,0.0,0.0,0.0,0.0
2018-07-17 08:00:00,2018-07-17 09:00,1.12419,0.0,0.55405,0.09575,0.47439,0.0,0.0,0.0,0.0
2018-07-17 09:00:00,2018-07-17 10:00,1.08886,0.0,0.60868,0.003,0.47718,0.0,0.0,0.0,0.0
2018-07-17 10:00:00,2018-07-17 11:00,1.14218,0.0,0.66858,0.003,0.4706,0.0,0.0,0.0,0.0
2018-07-17 11:00:00,2018-07-17 12:00,1.20262,0.0,0.73171,0.003,0.46791,0.0,0.0,0.0,0.0
2018-07-17 12:00:00,2018-07-17 13:00,1.27976,0.0,0.80053,0.003,0.47623,0.0,0.0,0.0,0.0
2018-07-17 13:00:00,2018-07-17 14:00,1.32819,0.0,0.84817,0.003,0.47702,0.0,0.0,0.0,0.0
2018-07-17 14:00:00,2018-07-17 15:00,1.4416,0.0,0.91621,0.003,0.52239,0.0,0.0,0.0,0.0
2018-07-17 15:00:00,2018-07-17 16:00,1.93891,0.0,1.01394,0.34189,0.58308,0.01124,0.0,0.0,0.01124
2018-07-17 16:00:00,2018-07-17 17:00,2.08644,0.0,1.14979,0.26987,0.66678,0.04123,0.0,0.0,0.04123
2018-07-17 17:00:00,2018-07-17 18:00,1.75244,0.0,1.1038,0.003,0.64564,0.0,0.0,0.0,0.0
2018-07-17 18:00:00,2018-07-17 19:00,2.03227,0.0,1.14902,0.11348,0.76977,0.0,0.0,0.0,0.0
2018-07-17 19:00:00,2018-07-17 20:00,2.14506,0.0,1.07172,0.27101,0.80233,0.0,0.0,0.0,0.0
2018-07-17 20:00:00,2018-07-17 21:00,2.17302,0.0,1.02283,0.003,1.14719,0.0,0.0,0.0,0.0
2018-07-17 21:00:00,2018-07-17 22:00,2.04259,0.0,0.92876,0.003,1.11083,0.0,0.0,0.0,0.0
2018-07-17 22:00:00,2018-07-17 23:00,1.84461,0.0,0.83067,0.34412,0.66982,0.0,0.0,0.0,0.0
2018-07-17 23:00:00,2018-07-18 00:00,1.28654,0.0,0.73521,0.06963,0.4817,0.0,0.0,0.0,0.0
2018-07-18 00:00:00,2018-07-18 01:00,1.13941,0.0,0.6665,0.003,0.46991,0.0,0.0,0.0,0.0
2018-07-18 01:00:00,2018-07-18 02:00,1.07751,0.0,0.609,0.003,0.46551,0.0,0.0,0.0,0.0
2018-07-18 02:00:00,2018-07-18 03:00,1.02481,0.0,0.56234,0.003,0.45947,0.0,0.0,0.0,0.0
2018-07-18 03:00:00,2018-07-18 04:00,0.98175,0.0,0.52142,0.003,0.45733,0.0,0.0,0.0,0.0
2018-07-18 04:00:00,2018-07-18 05:00,0.94124,0.0,0.48667,0.003,0.45157,0.0,0.0,0.0,0.0
2018-07-18 05:00:00,2018-07-18 06:00,0.91829,0.0,0.45841,0.003,0.45688,0.0,0.0,0.0,0.0
2018-07-18 06:00:00,2018-07-18 07:00,1.4485,0.0,0.46546,0.3461,0.63694,0.0,0.0,0.0,0.0
2018-07-18 07:00:00,2018-07-18 08:00,3.40734,0.0,0.55438,0.46419,2.38877,0.0,0.0,0.0,0.0
2018-07-18 08:00:00,2018-07-18 09:00,1.47524,0.0,0.58953,0.18629,0.69942,0.0,0.0,0.0,0.0
2018-07-18 09:00:00,2018-07-18 10:00,1.17462,0.0,0.65933,0.003,0.51229,0.0,0.0,0.0,0.0
2018-07-18 10:00:00,2018-07-18 11:00,1.49364,0.0,0.75128,0.22386,0.5185,0.0,0.0,0.0,0.0
2018-07-18 11:00:00,2018-07-18 12:00,1.66529,0.0,0.82066,0.32833,0.5163,0.0,0.0,0.0,0.0
2018-07-18 12:00:00,2018-07-18 13:00,1.3835,0.0,0.88495,0.003,0.49555,0.0,0.0,0.0,0.0
2018-07-18 13:00:00,2018-07-18 14:00,1.42788,0.0,0.94784,0.003,0.47704,0.0,0.0,0.0,0.0
2018-07-18 14:00:00,2018-07-18 15:00,1.44513,0.0,0.96512,0.003,0.47701,0.0,0.0,0.0,0.0
2018-07-18 15:00:00,2018-07-18 16:00,1.47404,0.0,0.99622,0.003,0.47482,0.0,0.0,0.0,0.0
2018-07-18 16:00:00,2018-07-18 17:00,1.53613,0.0,1.03636,0.003,0.49677,0.0,0.0,0.0,0.0
2018-07-18 17:00:00,2018-07-18 18:00,2.17138,0.0,1.1376,0.34036,0.69342,0.02622,0.0,0.0,0.02622
2018-07-18 18:00:00,2018-07-18 19:00,2.20757,0.0,1.17006,0.17118,0.86633,0.0,0.0,0.0,0.0
2018-07-18 19:00:00,2018-07-18 20:00,2.17788,0.0,1.10394,0.003,1.07094,0.0,0.0,0.0,0.0
2018-07-18 20:00:00,2018-07-18 21:00,2.23788,0.0,1.03577,0.003,1.19911,0.0,0.0,0.0,0.0
2018-07-18 21:00:00,2018-07-18 22:00,2.14792,0.0,0.96763,0.003,1.17729,0.0,0.0,0.0,0.0
2018-07-18 22:00:00,2018-07-18 23:00,1.76127,0.0,0.87987,0.003,0.8784,0.0,0.0,0.0,0.0
2018-07-18 23:00:00,2018-07-19 00:00,1.74012,0.0,0.79425,0.41627,0.5296,0.0,0.0,0.0,0.0
2018-07-19 00:00:00,2018-07-19 01:00,1.20932,0.0,0.73514,0.003,0.47118,0.0,0.0,0.0,0.0
2018-07-19 01:00:00,2018-07-19 02:00,1.15093,0.0,0.68242,0.003,0.46551,0.0,0.0,0.0,0.0
2018-07-19 02:00:00,2018-07-19 03:00,1.10192,0.0,0.63946,0.003,0.45946,0.0,0.0,0.0,0.0
2018-07-19 03:00:00,2018-07-19 04:00,1.07134,0.0,0.61101,0.003,0.45733,0.0,0.0,0.0,0.0
2018-07-19 04:00:00,2018-07-19 05:00,1.03723,0.0,0.58265,0.003,0.45158,0.0,0.0,0.0,0.0
2018-07-19 05:00:00,2018-07-19 06:00,0.99863,0.0,0.54343,0.003,0.4522,0.0,0.0,0.0,0.0
2018-07-19 06:00:00,2018-07-19 07:00,1.51832,0.0,0.53828,0.46441,0.51563,0.0,0.0,0.0,0.0
2018-07-19 07:00:00,2018-07-19 08:00,1.08996,0.0,0.53144,0.06129,0.49723,0.0,0.0,0.0,0.0
2018-07-19 08:00:00,2018-07-19 09:00,0.99528,0.0,0.51789,0.003,0.47439,0.0,0.0,0.0,0.0
2018-07-19 09:00:00,2018-07-19 10:00,0.99896,0.0,0.51877,0.003,0.47719,0.0,0.0,0.0,0.0
2018-07-19 10:00:00,2018-07-19 11:00,0.98705,0.0,0.51344,0.003,0.47061,0.0,0.0,0.0,0.0
2018-07-19 11:00:00,2018-07-19 12:00,0.97225,0.0,0.50132,0.003,0.46793,0.0,0.0,0.0,0.0
2018-07-19 12:00:00,2018-07-19 13:00,1.00236,0.0,0.52313,0.003,0.47623,0.0,0.0,0.0,0.0
2018-07-19 13:00:00,2018-07-19 14:00,1.05612,0.0,0.57608,0.003,0.47704,0.0,0.0,0.0,0.0
2018-07-19 14:00:00,2018-07-19 15:00,1.0466,0.0,0.56659,0.003,0.47701,0.0,0.0,0.0,0.0
2018-07-19 15:00:00,2018-07-19 16:00,1.50428,0.0,0.61526,0.35135,0.53767,0.02622,0.0,0.0,0.02622
2018-07-19 16:00:00,2018-07-19 17:00,1.30044,0.0,0.57327,0.15747,0.5697,0.0,0.0,0.0,0.0
2018-07-19 17:00:00,2018-07-19 18:00,1.22735,0.0,0.55534,0.003,0.66901,0.0,0.0,0.0,0.0
2018-07-19 18:00:00,2018-07-19 19:00,1.53296,0.0,0.66771,0.003,0.86225,0.06745,0.0,0.0,0.06745
2018-07-19 19:00:00,2018-07-19 20:00,2.18931,0.0,0.63866,0.4593,1.09135,0.01124,0.0,0.0,0.01124
2018-07-19 20:00:00,2018-07-19 21:00,3.13236,0.0,0.6218,0.09646,2.4141,0.0,0.0,0.0,0.0
2018-07-19 21:00:00,2018-07-19 22:00,3.24905,0.0,0.59005,0.003,2.656,0.0,0.0,0.0,0.0
2018-07-19 22:00:00,2018-07-19 23:00,1.12207,0.0,0.52732,0.003,0.59175,0.0,0.0,0.0,0.0
2018-07-19 23:00:00,2018-07-20 00:00,0.96937,0.0,0.49071,0.003,0.47566,0.0,0.0,0.0,0.0
2018-07-20 00:00:00,2018-07-20 01:00,0.93482,0.0,0.46191,0.003,0.46991,0.0,0.0,0.0,0.0
2018-07-20 01:00:00,2018-07-20 02:00,0.90321,0.0,0.43469,0.003,0.46552,0.0,0.0,0.0,0.0
2018-07-20 02:00:00,2018-07-20 03:00,0.87919,0.0,0.41672,0.003,0.45947,0.0,0.0,0.0,0.0
2018-07-20 03:00:00,2018-07-20 04:00,0.86892,0.0,0.40859,0.003,0.45733,0.0,0.0,0.0,0.0
2018-07-20 04:00:00,2018-07-20 05:00,0.8547,0.0,0.40053,0.003,0.45117,0.0,0.0,0.0,0.0
2018-07-20 05:00:00,2018-07-20 06:00,0.9613,0.0,0.38865,0.11898,0.45367,0.0,0.0,0.0,0.0
2018-07-20 06:00:00,2018-07-20 07:00,1.42101,0.0,0.40164,0.47977,0.5396,0.01124,0.0,0.0,0.01124
2018-07-20 07:00:00,2018-07-20 08:00,1.11954,0.0,0.43512,0.11265,0.57177,0.01498,0.0,0.0,0.01498
2018-07-20 08:00:00,2018-07-20 09:00,1.03056,0.0,0.39269,0.113,0.52487,0.0,0.0,0.0,0.0
2018-07-20 09:00:00,2018-07-20 10:00,1.4023,0.0,0.40104,0.45863,0.54263,0.0,0.0,0.0,0.0
2018-07-20 10:00:00,2018-07-20 11:00,1.07459,0.0,0.44054,0.11555,0.5185,0.0,0.0,0.0,0.0
2018-07-20 11:00:00,2018-07-20 12:00,1.22188,0.0,0.49472,0.25205,0.47511,0.0,0.0,0.0,0.0
2018-07-20 12:00:00,2018-07-20 13:00,1.01822,0.0,0.53898,0.003,0.47624,0.0,0.0,0.0,0.0
2018-07-20 13:00:00,2018-07-20 14:00,1.13357,0.0,0.65354,0.003,0.47703,0.0,0.0,0.0,0.0
2018-07-20 14:00:00,2018-07-20 15:00,1.22868,0.0,0.74869,0.003,0.47699,0.0,0.0,0.0,0.0
2018-07-20 15:00:00,2018-07-20 16:00,1.31178,0.0,0.83398,0.003,0.4748,0.0,0.0,0.0,0.0
2018-07-20 16:00:00,2018-07-20 17:00,1.36803,0.0,0.87676,0.003,0.48827,0.0,0.0,0.0,0.0
2018-07-20 17:00:00,2018-07-20 18:00,1.43423,0.0,0.874,0.003,0.55723,0.0,0.0,0.0,0.0
2018-07-20 18:00:00,2018-07-20 19:00,1.71056,0.0,0.8434,0.11593,0.75123,0.01124,0.0,0.0,0.01124
2018-07-20 19:00:00,2018-07-20 20:00,2.18203,0.0,0.78982,0.30629,1.08592,0.01498,0.0,0.0,0.01498
2018-07-20 20:00:00,2018-07-20 21:00,1.79007,0.0,0.70953,0.003,1.07754,0.0,0.0,0.0,0.0
2018-07-20 21:00:00,2018-07-20 22:00,1.57442,0.0,0.6448,0.003,0.92662,0.0,0.0,0.0,0.0
2018-07-20 22:00:00,2018-07-20 23:00,1.2238,0.0,0.58351,0.003,0.63729,0.0,0.0,0.0,0.0
2018-07-20 23:00:00,2018-07-21 00:00,1.0054,0.0,0.5266,0.003,0.4758,0.0,0.0,0.0,0.0
2018-07-21 00:00:00,2018-07-21 01:00,0.96471,0.0,0.49053,0.003,0.47118,0.0,0.0,0.0,0.0
2018-07-21 01:00:00,2018-07-21 02:00,0.92611,0.0,0.45634,0.003,0.46677,0.0,0.0,0.0,0.0
2018-07-21 02:00:00,2018-07-21 03:00,0.89069,0.0,0.42697,0.003,0.46072,0.0,0.0,0.0,0.0
2018-07-21 03:00:00,2018-07-21 04:00,0.85815,0.0,0.39725,0.003,0.4579,0.0,0.0,0.0,0.0
2018-07-21 04:00:00,2018-07-21 05:00,0.82597,0.0,0.37704,0.003,0.44593,0.0,0.0,0.0,0.0
2018-07-21 05:00:00,2018-07-21 06:00,1.09658,0.0,0.36078,0.2793,0.4565,0.0,0.0,0.0,0.0
2018-07-21 06:00:00,2018-07-21 07:00,0.87132,0.0,0.3488,0.003,0.51952,0.0,0.0,0.0,0.0
2018-07-21 07:00:00,2018-07-21 08:00,0.95962,0.0,0.42012,0.003,0.5365,0.01124,0.0,0.0,0.01124
2018-07-21 08:00:00,2018-07-21 09:00,1.17098,0.0,0.51796,0.003,0.65002,0.01498,0.0,0.0,0.01498
2018-07-21 09:00:00,2018-07-21 10:00,1.22403,0.0,0.5672,0.003,0.65383,0.0,0.0,0.0,0.0
2018-07-21 10:00:00,2018-07-21 11:00,1.73162,0.0,0.64972,0.41566,0.66624,0.0,0.0,0.0,0.0
2018-07-21 11:00:00,2018-07-21 12:00,1.45347,0.0,0.72292,0.003,0.72755,0.0,0.0,0.0,0.0
2018-07-21 12:00:00,2018-07-21 13:00,2.2125,0.0,1.04695,0.003,1.16255,0.09556,0.0,0.0,0.09556
2018-07-21 13:00:00,2018-07-21 14:00,4.02372,0.0,1.08389,0.003,2.93683,0.00936,0.0,0.0,0.00936
2018-07-21 14:00:00,2018-07-21 15:00,2.29219,0.0,0.98029,0.34962,0.96228,0.0,0.0,0.0,0.0
2018-07-21 15:00:00,2018-07-21 16:00,1.86763,0.0,1.04594,0.04077,0.78092,0.0,0.0,0.0,0.0
2018-07-21 16:00:00,2018-07-21 17:00,2.08373,0.0,1.1092,0.22768,0.74685,0.0,0.0,0.0,0.0
2018-07-21 17:00:00,2018-07-21 18:00,2.06227,0.0,1.13526,0.21049,0.71652,0.0,0.0,0.0,0.0
2018-07-21 18:00:00,2018-07-21 19:00,2.00159,0.0,1.12575,0.003,0.87284,0.0,0.0,0.0,0.0
2018-07-21 19:00:00,2018-07-21 20:00,2.01316,0.0,1.04697,0.003,0.96319,0.0,0.0,0.0,0.0
2018-07-21 20:00:00,2018-07-21 21:00,1.85868,0.0,0.98656,0.003,0.86912,0.0,0.0,0.0,0.0
2018-07-21 21:00:00,2018-07-21 22:00,1.84436,0.0,0.90265,0.003,0.93871,0.0,0.0,0.0,0.0
2018-07-21 22:00:00,2018-07-21 23:00,1.5374,0.0,0.82021,0.003,0.71419,0.0,0.0,0.0,0.0
2018-07-21 23:00:00,2018-07-22 00:00,1.30264,0.0,0.76365,0.003,0.53599,0.0,0.0,0.0,0.0
2018-07-22 00:00:00,2018-07-22 01:00,1.17015,0.0,0.68628,0.003,0.48087,0.0,0.0,0.0,0.0
2018-07-22 01:00:00,2018-07-22 02:00,1.09228,0.0,0.62251,0.003,0.46677,0.0,0.0,0.0,0.0
2018-07-22 02:00:00,2018-07-22 03:00,1.02761,0.0,0.56471,0.003,0.4599,0.0,0.0,0.0,0.0
2018-07-22 03:00:00,2018-07-22 04:00,0.97565,0.0,0.52249,0.003,0.45016,0.0,0.0,0.0,0.0
2018-07-22 04:00:00,2018-07-22 05:00,1.05127,0.0,0.48626,0.11907,0.44594,0.0,0.0,0.0,0.0
2018-07-22 05:00:00,2018-07-22 06:00,1.06459,0.0,0.45566,0.15242,0.45651,0.0,0.0,0.0,0.0
2018-07-22 06:00:00,2018-07-22 07:00,0.95102,0.0,0.42848,0.003,0.51954,0.0,0.0,0.0,0.0
2018-07-22 07:00:00,2018-07-22 08:00,1.3692,0.0,0.45947,0.35152,0.55821,0.01124,0.0,0.0,0.01124
2018-07-22 08:00:00,2018-07-22 09:00,1.40958,0.0,0.60996,0.06525,0.73437,0.06745,0.0,0.0,0.06745
2018-07-22 09:00:00,2018-07-22 10:00,1.27395,0.0,0.53621,0.003,0.73474,0.0,0.0,0.0,0.0
2018-07-22 10:00:00,2018-07-22 11:00,3.64958,0.0,0.64177,0.4207,2.58711,0.0,0.0,0.0,0.0
2018-07-22 11:00:00,2018-07-22 12:00,2.07893,0.0,0.70251,0.003,1.37342,0.0,0.0,0.0,0.0
2018-07-22 12:00:00,2018-07-22 13:00,1.5102,0.0,0.76263,0.003,0.74457,0.0,0.0,0.0,0.0
2018-07-22 13:00:00,2018-07-22 14:00,1.63533,0.0,0.87288,0.003,0.75945,0.01124,0.0,0.0,0.01124
2018-07-22 14:00:00,2018-07-22 15:00,1.75319,0.0,0.98432,0.003,0.76587,0.01498,0.0,0.0,0.01498
2018-07-22 15:00:00,2018-07-22 16:00,2.10791,0.0,1.06254,0.22948,0.81589,0.0,0.0,0.0,0.0
2018-07-22 16:00:00,2018-07-22 17:00,1.87588,0.0,1.06448,0.18608,0.62532,0.0,0.0,0.0,0.0
2018-07-22 17:00:00,2018-07-22 18:00,1.78266,0.0,1.11976,0.003,0.6599,0.01124,0.0,0.0,0.01124
2018-07-22 18:00:00,2018-07-22 19:00,2.53766,0.0,1.24877,0.45151,0.83738,0.04123,0.0,0.0,0.04123
2018-07-22 19:00:00,2018-07-22 20:00,1.89764,0.0,1.06918,0.003,0.82546,0.0,0.0,0.0,0.0
2018-07-22 20:00:00,2018-07-22 21:00,2.1178,0.0,1.06647,0.003,1.04833,0.02622,0.0,0.0,0.02622
2018-07-22 21:00:00,2018-07-22 22:00,1.97184,0.0,0.94648,0.003,1.02236,0.0,0.0,0.0,0.0
2018-07-22 22:00:00,2018-07-22 23:00,1.66233,0.0,0.83806,0.003,0.82127,0.0,0.0,0.0,0.0
2018-07-22 23:00:00,2018-07-23 00:00,1.25088,0.0,0.72333,0.003,0.52455,0.0,0.0,0.0,0.0
2018-07-23 00:00:00,2018-07-23 01:00,1.59358,0.0,0.65917,0.46101,0.4734,0.0,0.0,0.0,0.0
2018-07-23 01:00:00,2018-07-23 02:00,1.09666,0.0,0.61125,0.0199,0.46551,0.0,0.0,0.0,0.0
2018-07-23 02:00:00,2018-07-23 03:00,1.01961,0.0,0.55714,0.003,0.45947,0.0,0.0,0.0,0.0
2018-07-23 03:00:00,2018-07-23 04:00,0.97411,0.0,0.51805,0.003,0.45306,0.0,0.0,0.0,0.0
2018-07-23 04:00:00,2018-07-23 05:00,0.94154,0.0,0.48699,0.003,0.45155,0.0,0.0,0.0,0.0
2018-07-23 05:00:00,2018-07-23 06:00,0.92164,0.0,0.46178,0.003,0.45686,0.0,0.0,0.0,0.0
2018-07-23 06:00:00,2018-07-23 07:00,1.43658,0.0,0.47332,0.42366,0.5396,0.01124,0.0,0.0,0.01124
2018-07-23 07:00:00,2018-07-23 08:00,1.15294,0.0,0.53741,0.003,0.61253,0.01498,0.0,0.0,0.01498
2018-07-23 08:00:00,2018-07-23 09:00,1.22826,0.0,0.52943,0.11441,0.58442,0.0,0.0,0.0,0.0
2018-07-23 09:00:00,2018-07-23 10:00,1.52758,0.0,0.59474,0.39496,0.53788,0.0,0.0,0.0,0.0
2018-07-23 10:00:00,2018-07-23 11:00,1.15174,0.0,0.67812,0.003,0.47062,0.0,0.0,0.0,0.0
2018-07-23 11:00:00,2018-07-23 12:00,1.23265,0.0,0.76175,0.003,0.4679,0.0,0.0,0.0,0.0
2018-07-23 12:00:00,2018-07-23 13:00,1.30481,0.0,0.82559,0.003,0.47622,0.0,0.0,0.0,0.0
2018-07-23 13:00:00,2018-07-23 14:00,1.3643,0.0,0.88429,0.003,0.47701,0.0,0.0,0.0,0.0
2018-07-23 14:00:00,2018-07-23 15:00,1.43617,0.0,0.92399,0.003,0.50918,0.0,0.0,0.0,0.0
2018-07-23 15:00:00,2018-07-23 16:00,1.71314,0.0,1.00477,0.11449,0.59388,0.0,0.0,0.0,0.0
2018-07-23 16:00:00,2018-07-23 17:00,2.18165,0.0,1.19647,0.2962,0.68898,0.02622,0.0,0.0,0.02622
2018-07-23 17:00:00,2018-07-23 18:00,1.88526,0.0,1.20222,0.003,0.68004,0.0,0.0,0.0,0.0
2018-07-23 18:00:00,2018-07-23 19:00,2.21675,0.0,1.32139,0.003,0.89236,0.03935,0.0,0.0,0.03935
2018-07-23 19:00:00,2018-07-23 20:00,2.78878,0.0,1.32024,0.3371,1.13144,0.03935,0.0,0.0,0.03935
2018-07-23 20:00:00,2018-07-23 21:00,2.29023,0.0,1.14885,0.003,1.13838,0.0,0.0,0.0,0.0
2018-07-23 21:00:00,2018-07-23 22:00,1.99212,0.0,0.99255,0.003,0.99657,0.0,0.0,0.0,0.0
2018-07-23 22:00:00,2018-07-23 23:00,1.55636,0.0,0.85491,0.003,0.69845,0.0,0.0,0.0,0.0
2018-07-23 23:00:00,2018-07-24 00:00,1.29756,0.0,0.78126,0.003,0.5133,0.0,0.0,0.0,0.0
2018-07-24 00:00:00,2018-07-24 01:00,1.19187,0.0,0.71545,0.003,0.47342,0.0,0.0,0.0,0.0
2018-07-24 01:00:00,2018-07-24 02:00,1.12485,0.0,0.65633,0.003,0.46552,0.0,0.0,0.0,0.0
2018-07-24 02:00:00,2018-07-24 03:00,1.07273,0.0,0.61027,0.003,0.45946,0.0,0.0,0.0,0.0
2018-07-24 03:00:00,2018-07-24 04:00,1.12328,0.0,0.55089,0.11718,0.45521,0.0,0.0,0.0,0.0
2018-07-24 04:00:00,2018-07-24 05:00,1.13661,0.0,0.50487,0.18016,0.45158,0.0,0.0,0.0,0.0
2018-07-24 05:00:00,2018-07-24 06:00,0.97042,0.0,0.49634,0.003,0.47108,0.01124,0.0,0.0,0.01124
2018-07-24 06:00:00,2018-07-24 07:00,1.39288,0.0,0.49634,0.34581,0.55073,0.01498,0.0,0.0,0.01498
2018-07-24 07:00:00,2018-07-24 08:00,1.16921,0.0,0.51447,0.09973,0.55501,0.0,0.0,0.0,0.0
2018-07-24 08:00:00,2018-07-24 09:00,1.34502,0.0,0.57889,0.2276,0.53853,0.0,0.0,0.0,0.0
2018-07-24 09:00:00,2018-07-24 10:00,1.54573,0.0,0.64727,0.37439,0.52407,0.0,0.0,0.0,0.0
2018-07-24 10:00:00,2018-07-24 11:00,1.24932,0.0,0.72781,0.003,0.51851,0.0,0.0,0.0,0.0
2018-07-24 11:00:00,2018-07-24 12:00,1.29158,0.0,0.80138,0.003,0.4872,0.0,0.0,0.0,0.0
2018-07-24 12:00:00,2018-07-24 13:00,1.34415,0.0,0.86492,0.003,0.47623,0.0,0.0,0.0,0.0
2018-07-24 13:00:00,2018-07-24 14:00,1.40608,0.0,0.92605,0.003,0.47703,0.0,0.0,0.0,0.0
2018-07-24 14:00:00,2018-07-24 15:00,1.50093,0.0,1.00785,0.003,0.49008,0.0,0.0,0.0,0.0
2018-07-24 15:00:00,2018-07-24 16:00,1.72607,0.0,1.11428,0.11509,0.4967,0.0,0.0,0.0,0.0
2018-07-24 16:00:00,2018-07-24 17:00,2.05988,0.0,1.17416,0.28681,0.59891,0.01124,0.0,0.0,0.01124
2018-07-24 17:00:00,2018-07-24 18:00,2.09836,0.0,1.34785,0.003,0.74751,0.06745,0.0,0.0,0.06745
2018-07-24 18:00:00,2018-07-24 19:00,1.98236,0.0,1.20961,0.003,0.76975,0.0,0.0,0.0,0.0
2018-07-24 19:00:00,2018-07-24 20:00,1.90478,0.0,1.08229,0.003,0.81949,0.0,0.0,0.0,0.0
2018-07-24 20:00:00,2018-07-24 21:00,2.42688,0.0,1.02296,0.23083,1.17309,0.0,0.0,0.0,0.0
2018-07-24 21:00:00,2018-07-24 22:00,2.07688,0.0,0.93802,0.10457,1.03429,0.0,0.0,0.0,0.0
2018-07-24 22:00:00,2018-07-24 23:00,1.65879,0.0,0.85113,0.003,0.80466,0.0,0.0,0.0,0.0
2018-07-24 23:00:00,2018-07-25 00:00,1.24672,0.0,0.7354,0.003,0.50832,0.0,0.0,0.0,0.0
2018-07-25 00:00:00,2018-07-25 01:00,1.12154,0.0,0.64862,0.003,0.46992,0.0,0.0,0.0,0.0
2018-07-25 01:00:00,2018-07-25 02:00,1.07804,0.0,0.60951,0.003,0.46553,0.0,0.0,0.0,0.0
2018-07-25 02:00:00,2018-07-25 03:00,1.02479,0.0,0.56231,0.003,0.45948,0.0,0.0,0.0,0.0
2018-07-25 03:00:00,2018-07-25 04:00,1.09794,0.0,0.52452,0.1161,0.45732,0.0,0.0,0.0,0.0
2018-07-25 04:00:00,2018-07-25 05:00,1.15074,0.0,0.50654,0.19302,0.45118,0.0,0.0,0.0,0.0
2018-07-25 05:00:00,2018-07-25 06:00,0.94366,0.0,0.484,0.003,0.45666,0.0,0.0,0.0,0.0
2018-07-25 06:00:00,2018-07-25 07:00,0.96346,0.0,0.44748,0.003,0.51298,0.0,0.0,0.0,0.0
2018-07-25 07:00:00,2018-07-25 08:00,1.33957,0.0,0.47583,0.34648,0.51726,0.01124,0.0,0.0,0.01124
2018-07-25 08:00:00,2018-07-25 09:00,1.09518,0.0,0.50483,0.0713,0.51905,0.01498,0.0,0.0,0.01498
2018-07-25 09:00:00,2018-07-25 10:00,0.94357,0.0,0.46339,0.003,0.47718,0.0,0.0,0.0,0.0
2018-07-25 10:00:00,2018-07-25 11:00,0.95412,0.0,0.4805,0.003,0.47062,0.0,0.0,0.0,0.0
2018-07-25 11:00:00,2018-07-25 12:00,1.02189,0.0,0.55097,0.003,0.46792,0.0,0.0,0.0,0.0
2018-07-25 12:00:00,2018-07-25 13:00,1.1307,0.0,0.64641,0.003,0.48129,0.0,0.0,0.0,0.0
2018-07-25 13:00:00,2018-07-25 14:00,1.61924,0.0,0.7811,0.2299,0.60824,0.0,0.0,0.0,0.0
2018-07-25 14:00:00,2018-07-25 15:00,2.5898,0.0,0.90844,0.17642,1.50494,0.0,0.0,0.0,0.0
2018-07-25 15:00:00,2018-07-25 16:00,1.38024,0.0,0.87244,0.003,0.5048,0.0,0.0,0.0,0.0
2018-07-25 16:00:00,2018-07-25 17:00,3.38726,0.0,0.95901,0.003,2.42525,0.0,0.0,0.0,0.0
2018-07-25 17:00:00,2018-07-25 18:00,2.8267,0.0,1.0144,0.003,1.8093,0.02622,0.0,0.0,0.02622
2018-07-25 18:00:00,2018-07-25 19:00,2.19412,0.0,0.96773,0.3436,0.88279,0.0,0.0,0.0,0.0
2018-07-25 19:00:00,2018-07-25 20:00,2.0784,0.0,0.92229,0.12054,1.03557,0.0,0.0,0.0,0.0
2018-07-25 20:00:00,2018-07-25 21:00,2.07311,0.0,0.87099,0.003,1.19912,0.0,0.0,0.0,0.0
2018-07-25 21:00:00,2018-07-25 22:00,2.05933,0.0,0.77865,0.11474,1.16594,0.0,0.0,0.0,0.0
2018-07-25 22:00:00,2018-07-25 23:00,1.93092,0.0,0.69098,0.43528,0.80466,0.0,0.0,0.0,0.0
2018-07-25 23:00:00,2018-07-26 00:00,1.1244,0.0,0.57015,0.003,0.55125,0.0,0.0,0.0,0.0
2018-07-26 00:00:00,2018-07-26 01:00,1.48041,0.0,0.53978,0.45923,0.4814,0.0,0.0,0.0,0.0
2018-07-26 01:00:00,2018-07-26 02:00,0.96774,0.0,0.48734,0.0171,0.4633,0.0,0.0,0.0,0.0
2018-07-26 02:00:00,2018-07-26 03:00,0.91248,0.0,0.45003,0.003,0.45945,0.0,0.0,0.0,0.0
2018-07-26 03:00:00,2018-07-26 04:00,0.87532,0.0,0.415,0.003,0.45732,0.0,0.0,0.0,0.0
2018-07-26 04:00:00,2018-07-26 05:00,0.8455,0.0,0.39092,0.003,0.45158,0.0,0.0,0.0,0.0
2018-07-26 05:00:00,2018-07-26 06:00,0.94278,0.0,0.3684,0.11455,0.45983,0.0,0.0,0.0,0.0
2018-07-26 06:00:00,2018-07-26 07:00,1.28103,0.0,0.36442,0.34813,0.56848,0.01124,0.0,0.0,0.01124
2018-07-26 07:00:00,2018-07-26 08:00,1.03387,0.0,0.43464,0.003,0.59623,0.04123,0.0,0.0,0.04123
2018-07-26 08:00:00,2018-07-26 09:00,1.03289,0.0,0.35247,0.11428,0.56614,0.0,0.0,0.0,0.0
2018-07-26 09:00:00,2018-07-26 10:00,1.20199,0.0,0.37783,0.27715,0.54701,0.01124,0.0,0.0,0.01124
2018-07-26 10:00:00,2018-07-26 11:00,1.04883,0.0,0.46707,0.003,0.57876,0.04123,0.0,0.0,0.04123
2018-07-26 11:00:00,2018-07-26 12:00,1.34791,0.0,0.41103,0.42548,0.5114,0.0,0.0,0.0,0.0
2018-07-26 12:00:00,2018-07-26 13:00,0.88197,0.0,0.40273,0.003,0.47624,0.0,0.0,0.0,0.0
2018-07-26 13:00:00,2018-07-26 14:00,0.91671,0.0,0.43669,0.003,0.47702,0.0,0.0,0.0,0.0
2018-07-26 14:00:00,2018-07-26 15:00,0.94414,0.0,0.46414,0.003,0.477,0.0,0.0,0.0,0.0
2018-07-26 15:00:00,2018-07-26 16:00,0.96107,0.0,0.48327,0.003,0.4748,0.0,0.0,0.0,0.0
2018-07-26 16:00:00,2018-07-26 17:00,1.00286,0.0,0.4803,0.003,0.51956,0.0,0.0,0.0,0.0
2018-07-26 17:00:00,2018-07-26 18:00,2.38314,0.0,0.54559,0.23195,1.6056,0.0,0.0,0.0,0.0
2018-07-26 18:00:00,2018-07-26 19:00,1.50851,0.0,0.60811,0.10441,0.79599,0.02622,0.0,0.0,0.02622
2018-07-26 19:00:00,2018-07-26 20:00,1.34415,0.0,0.53881,0.003,0.80234,0.0,0.0,0.0,0.0
2018-07-26 20:00:00,2018-07-26 21:00,1.79375,0.0,0.54995,0.003,1.2408,0.0,0.0,0.0,0.0
2018-07-26 21:00:00,2018-07-26 22:00,3.00251,0.0,0.55834,0.003,2.44117,0.0,0.0,0.0,0.0
2018-07-26 22:00:00,2018-07-26 23:00,2.48417,0.0,0.50606,0.003,1.97511,0.0,0.0,0.0,0.0
2018-07-26 23:00:00,2018-07-27 00:00,1.34677,0.0,0.43314,0.3943,0.51933,0.0,0.0,0.0,0.0
2018-07-27 00:00:00,2018-07-27 01:00,0.82607,0.0,0.3454,0.003,0.47767,0.0,0.0,0.0,0.0
2018-07-27 01:00:00,2018-07-27 02:00,0.77959,0.0,0.31209,0.003,0.4645,0.0,0.0,0.0,0.0
2018-07-27 02:00:00,2018-07-27 03:00,0.74658,0.0,0.28411,0.003,0.45947,0.0,0.0,0.0,0.0
2018-07-27 03:00:00,2018-07-27 04:00,0.73159,0.0,0.27127,0.003,0.45732,0.0,0.0,0.0,0.0
2018-07-27 04:00:00,2018-07-27 05:00,0.703,0.0,0.24882,0.003,0.45118,0.0,0.0,0.0,0.0
2018-07-27 05:00:00,2018-07-27 06:00,0.79227,0.0,0.21799,0.11579,0.45849,0.0,0.0,0.0,0.0
2018-07-27 06:00:00,2018-07-27 07:00,1.0527,0.0,0.19339,0.31352,0.54579,0.0,0.0,0.0,0.0
2018-07-27 07:00:00,2018-07-27 08:00,0.74136,0.0,0.2411,0.003,0.49726,0.0,0.0,0.0,0.0
2018-07-27 08:00:00,2018-07-27 09:00,0.87247,0.0,0.27837,0.1151,0.479,0.0,0.0,0.0,0.0
2018-07-27 09:00:00,2018-07-27 10:00,1.22571,0.0,0.385,0.31663,0.52408,0.0,0.0,0.0,0.0
2018-07-27 10:00:00,2018-07-27 11:00,0.99625,0.0,0.47474,0.003,0.51851,0.0,0.0,0.0,0.0
2018-07-27 11:00:00,2018-07-27 12:00,1.07176,0.0,0.54771,0.003,0.52105,0.0,0.0,0.0,0.0
2018-07-27 12:00:00,2018-07-27 13:00,1.65506,0.0,0.62718,0.45953,0.56835,0.0,0.0,0.0,0.0
2018-07-27 13:00:00,2018-07-27 14:00,1.23342,0.0,0.6718,0.03323,0.52839,0.0,0.0,0.0,0.0
2018-07-27 14:00:00,2018-07-27 15:00,1.26319,0.0,0.7298,0.003,0.53039,0.0,0.0,0.0,0.0
2018-07-27 15:00:00,2018-07-27 16:00,1.34871,0.0,0.81066,0.003,0.53505,0.0,0.0,0.0,0.0
2018-07-27 16:00:00,2018-07-27 17:00,1.55757,0.0,0.83676,0.11526,0.60555,0.0,0.0,0.0,0.0
2018-07-27 17:00:00,2018-07-27 18:00,1.92413,0.0,0.93804,0.28821,0.69788,0.03935,0.0,0.0,0.03935
2018-07-27 18:00:00,2018-07-27 19:00,1.70492,0.0,0.90482,0.003,0.7971,0.01312,0.0,0.0,0.01312
2018-07-27 19:00:00,2018-07-27 20:00,2.7935,0.0,0.85266,0.003,1.93784,0.0,0.0,0.0,0.0
2018-07-27 20:00:00,2018-07-27 21:00,1.80882,0.0,0.77992,0.003,1.0259,0.0,0.0,0.0,0.0
2018-07-27 21:00:00,2018-07-27 22:00,2.1367,0.0,0.70423,0.42459,1.00788,0.0,0.0,0.0,0.0
2018-07-27 22:00:00,2018-07-27 23:00,1.41483,0.0,0.60717,0.003,0.80466,0.0,0.0,0.0,0.0
2018-07-27 23:00:00,2018-07-28 00:00,1.08282,0.0,0.52916,0.003,0.55066,0.0,0.0,0.0,0.0
2018-07-28 00:00:00,2018-07-28 01:00,0.96904,0.0,0.49058,0.003,0.47546,0.0,0.0,0.0,0.0
2018-07-28 01:00:00,2018-07-28 02:00,0.91385,0.0,0.44406,0.003,0.46679,0.0,0.0,0.0,0.0
2018-07-28 02:00:00,2018-07-28 03:00,0.85351,0.0,0.39422,0.003,0.45629,0.0,0.0,0.0,0.0
2018-07-28 03:00:00,2018-07-28 04:00,1.21555,0.0,0.4068,0.33642,0.47233,0.02622,0.0,0.0,0.02622
2018-07-28 04:00:00,2018-07-28 05:00,0.79317,0.0,0.34448,0.003,0.44569,0.0,0.0,0.0,0.0
2018-07-28 05:00:00,2018-07-28 06:00,0.75702,0.0,0.3019,0.003,0.45212,0.0,0.0,0.0,0.0
2018-07-28 06:00:00,2018-07-28 07:00,0.78674,0.0,0.27264,0.003,0.5111,0.01124,0.0,0.0,0.01124
2018-07-28 07:00:00,2018-07-28 08:00,1.02084,0.0,0.41784,0.003,0.6,0.04123,0.0,0.0,0.04123
2018-07-28 08:00:00,2018-07-28 09:00,1.01208,0.0,0.42727,0.003,0.58181,0.0,0.0,0.0,0.0
2018-07-28 09:00:00,2018-07-28 10:00,1.10981,0.0,0.50527,0.003,0.60154,0.0,0.0,0.0,0.0
2018-07-28 10:00:00,2018-07-28 11:00,1.48014,0.0,0.58807,0.23213,0.65994,0.0,0.0,0.0,0.0
2018-07-28 11:00:00,2018-07-28 12:00,1.60699,0.0,0.63821,0.30602,0.66276,0.0,0.0,0.0,0.0
2018-07-28 12:00:00,2018-07-28 13:00,1.46604,0.0,0.73591,0.003,0.72713,0.0,0.0,0.0,0.0
2018-07-28 13:00:00,2018-07-28 14:00,1.83875,0.0,0.79265,0.34553,0.70057,0.0,0.0,0.0,0.0
2018-07-28 14:00:00,2018-07-28 15:00,1.62653,0.0,0.85705,0.04756,0.72192,0.0,0.0,0.0,0.0
2018-07-28 15:00:00,2018-07-28 16:00,1.63383,0.0,0.88573,0.003,0.7451,0.0,0.0,0.0,0.0
2018-07-28 16:00:00,2018-07-28 17:00,1.73386,0.0,0.95999,0.003,0.77087,0.0,0.0,0.0,0.0
2018-07-28 17:00:00,2018-07-28 18:00,1.75006,0.0,0.99549,0.003,0.75157,0.0,0.0,0.0,0.0
2018-07-28 18:00:00,2018-07-28 19:00,3.31368,0.0,1.04199,0.34655,1.92514,0.0,0.0,0.0,0.0
2018-07-28 19:00:00,2018-07-28 20:00,1.83585,0.0,0.85163,0.003,0.98122,0.0,0.0,0.0,0.0
2018-07-28 20:00:00,2018-07-28 21:00,2.00551,0.0,0.75382,0.11233,1.13936,0.0,0.0,0.0,0.0
2018-07-28 21:00:00,2018-07-28 22:00,1.86649,0.0,0.66029,0.33015,0.87605,0.0,0.0,0.0,0.0
2018-07-28 22:00:00,2018-07-28 23:00,1.30314,0.0,0.59488,0.003,0.70526,0.0,0.0,0.0,0.0
2018-07-28 23:00:00,2018-07-29 00:00,1.02208,0.0,0.54218,0.003,0.4769,0.0,0.0,0.0,0.0
2018-07-29 00:00:00,2018-07-29 01:00,0.97267,0.0,0.4985,0.003,0.47117,0.0,0.0,0.0,0.0
2018-07-29 01:00:00,2018-07-29 02:00,0.91566,0.0,0.44588,0.003,0.46678,0.0,0.0,0.0,0.0
2018-07-29 02:00:00,2018-07-29 03:00,0.88326,0.0,0.41954,0.003,0.46072,0.0,0.0,0.0,0.0
2018-07-29 03:00:00,2018-07-29 04:00,0.8544,0.0,0.39351,0.003,0.45789,0.0,0.0,0.0,0.0
2018-07-29 04:00:00,2018-07-29 05:00,0.80176,0.0,0.3512,0.003,0.44756,0.0,0.0,0.0,0.0
2018-07-29 05:00:00,2018-07-29 06:00,0.78155,0.0,0.3238,0.003,0.45475,0.0,0.0,0.0,0.0
2018-07-29 06:00:00,2018-07-29 07:00,1.01011,0.0,0.41072,0.003,0.59639,0.05247,0.0,0.0,0.05247
2018-07-29 07:00:00,2018-07-29 08:00,1.27694,0.0,0.40548,0.31268,0.55878,0.0,0.0,0.0,0.0
2018-07-29 08:00:00,2018-07-29 09:00,1.04354,0.0,0.45873,0.003,0.58181,0.0,0.0,0.0,0.0
2018-07-29 09:00:00,2018-07-29 10:00,1.1542,0.0,0.5352,0.003,0.616,0.0,0.0,0.0,0.0
2018-07-29 10:00:00,2018-07-29 11:00,1.5096,0.0,0.62278,0.22689,0.65993,0.0,0.0,0.0,0.0
2018-07-29 11:00:00,2018-07-29 12:00,1.64873,0.0,0.73013,0.24936,0.66924,0.0,0.0,0.0,0.0
2018-07-29 12:00:00,2018-07-29 13:00,1.65627,0.0,0.88249,0.003,0.77078,0.02622,0.0,0.0,0.02622
2018-07-29 13:00:00,2018-07-29 14:00,1.74172,0.0,0.85291,0.11426,0.77455,0.0,0.0,0.0,0.0
2018-07-29 14:00:00,2018-07-29 15:00,2.37583,0.0,0.93365,0.35042,1.09176,0.0,0.0,0.0,0.0
2018-07-29 15:00:00,2018-07-29 16:00,3.58045,0.0,1.02875,0.003,2.5487,0.0,0.0,0.0,0.0
2018-07-29 16:00:00,2018-07-29 17:00,2.15969,0.0,0.9871,0.2265,0.94609,0.06745,0.0,0.0,0.06745
2018-07-29 17:00:00,2018-07-29 18:00,2.37183,0.0,1.09103,0.2529,1.0279,0.11242,0.0,0.0,0.11242
2018-07-29 18:00:00,2018-07-29 19:00,2.00556,0.0,1.05047,0.003,0.95209,0.02998,0.0,0.0,0.02998
2018-07-29 19:00:00,2018-07-29 20:00,2.02104,0.0,0.92726,0.11255,0.98123,0.0,0.0,0.0,0.0
2018-07-29 20:00:00,2018-07-29 21:00,2.35357,0.0,0.84316,0.39825,1.11216,0.0,0.0,0.0,0.0
2018-07-29 21:00:00,2018-07-29 22:00,1.88942,0.0,0.75957,0.003,1.12685,0.0,0.0,0.0,0.0
2018-07-29 22:00:00,2018-07-29 23:00,1.38298,0.0,0.67035,0.003,0.70963,0.0,0.0,0.0,0.0
2018-07-29 23:00:00,2018-07-30 00:00,1.11269,0.0,0.59178,0.003,0.51791,0.0,0.0,0.0,0.0
2018-07-30 00:00:00,2018-07-30 01:00,1.00722,0.0,0.52655,0.003,0.47767,0.0,0.0,0.0,0.0
2018-07-30 01:00:00,2018-07-30 02:00,0.94303,0.0,0.4775,0.003,0.46253,0.0,0.0,0.0,0.0
2018-07-30 02:00:00,2018-07-30 03:00,0.89307,0.0,0.43858,0.003,0.45149,0.0,0.0,0.0,0.0
2018-07-30 03:00:00,2018-07-30 04:00,0.86328,0.0,0.40428,0.003,0.456,0.0,0.0,0.0,0.0
2018-07-30 04:00:00,2018-07-30 05:00,0.94216,0.0,0.37422,0.11638,0.45156,0.0,0.0,0.0,0.0
2018-07-30 05:00:00,2018-07-30 06:00,1.01849,0.0,0.35436,0.2102,0.45393,0.0,0.0,0.0,0.0
2018-07-30 06:00:00,2018-07-30 07:00,0.86085,0.0,0.3339,0.003,0.52395,0.01124,0.0,0.0,0.01124
2018-07-30 07:00:00,2018-07-30 08:00,1.47572,0.0,0.52386,0.34447,0.60739,0.06745,0.0,0.0,0.06745
2018-07-30 08:00:00,2018-07-30 09:00,1.39828,0.0,0.49116,0.38696,0.52016,0.0,0.0,0.0,0.0
2018-07-30 09:00:00,2018-07-30 10:00,1.10151,0.0,0.57443,0.003,0.52408,0.0,0.0,0.0,0.0
2018-07-30 10:00:00,2018-07-30 11:00,1.20349,0.0,0.65826,0.003,0.54223,0.0,0.0,0.0,0.0
2018-07-30 11:00:00,2018-07-30 12:00,1.60553,0.0,0.74575,0.34345,0.51633,0.0,0.0,0.0,0.0
2018-07-30 12:00:00,2018-07-30 13:00,1.42706,0.0,0.81932,0.10008,0.50766,0.0,0.0,0.0,0.0
2018-07-30 13:00:00,2018-07-30 14:00,1.35183,0.0,0.8718,0.003,0.47703,0.0,0.0,0.0,0.0
2018-07-30 14:00:00,2018-07-30 15:00,1.4601,0.0,0.93831,0.003,0.51879,0.0,0.0,0.0,0.0
2018-07-30 15:00:00,2018-07-30 16:00,2.8555,0.0,1.08752,0.3434,1.42458,0.0,0.0,0.0,0.0
2018-07-30 16:00:00,2018-07-30 17:00,3.80049,0.0,1.2261,0.14651,2.42788,0.0,0.0,0.0,0.0
2018-07-30 17:00:00,2018-07-30 18:00,1.84844,0.0,1.18692,0.003,0.65852,0.0,0.0,0.0,0.0
2018-07-30 18:00:00,2018-07-30 19:00,2.52168,0.0,1.47693,0.003,1.04175,0.09556,0.0,0.0,0.09556
2018-07-30 19:00:00,2018-07-30 20:00,4.14011,0.0,1.36945,0.34509,2.42557,0.03561,0.0,0.0,0.03561
2018-07-30 20:00:00,2018-07-30 21:00,4.09897,0.0,1.15603,0.003,2.93994,0.0,0.0,0.0,0.0
2018-07-30 21:00:00,2018-07-30 22:00,1.93873,0.0,0.92784,0.003,1.00789,0.0,0.0,0.0,0.0
2018-07-30 22:00:00,2018-07-30 23:00,1.69599,0.0,0.80822,0.2294,0.65837,0.0,0.0,0.0,0.0
2018-07-30 23:00:00,2018-07-31 00:00,1.38812,0.0,0.71024,0.18595,0.49193,0.0,0.0,0.0,0.0
2018-07-31 00:00:00,2018-07-31 01:00,1.11542,0.0,0.6425,0.003,0.46992,0.0,0.0,0.0,0.0
2018-07-31 01:00:00,2018-07-31 02:00,1.05273,0.0,0.5842,0.003,0.46553,0.0,0.0,0.0,0.0
2018-07-31 02:00:00,2018-07-31 03:00,0.99851,0.0,0.53603,0.003,0.45948,0.0,0.0,0.0,0.0
2018-07-31 03:00:00,2018-07-31 04:00,0.96289,0.0,0.50256,0.003,0.45733,0.0,0.0,0.0,0.0
2018-07-31 04:00:00,2018-07-31 05:00,0.91581,0.0,0.46163,0.003,0.45118,0.0,0.0,0.0,0.0
2018-07-31 05:00:00,2018-07-31 06:00,0.88919,0.0,0.4325,0.003,0.45369,0.0,0.0,0.0,0.0
2018-07-31 06:00:00,2018-07-31 07:00,1.18876,0.0,0.41202,0.23087,0.54587,0.0,0.0,0.0,0.0
2018-07-31 07:00:00,2018-07-31 08:00,1.26972,0.0,0.44372,0.28012,0.54588,0.0,0.0,0.0,0.0
2018-07-31 08:00:00,2018-07-31 09:00,0.96639,0.0,0.48901,0.003,0.47438,0.0,0.0,0.0,0.0
2018-07-31 09:00:00,2018-07-31 10:00,1.10701,0.0,0.62683,0.003,0.47718,0.0,0.0,0.0,0.0
2018-07-31 10:00:00,2018-07-31 11:00,1.22046,0.0,0.74684,0.003,0.47062,0.0,0.0,0.0,0.0
2018-07-31 11:00:00,2018-07-31 12:00,2.08769,0.0,1.05864,0.42452,0.60453,0.09556,0.0,0.0,0.09556
2018-07-31 12:00:00,2018-07-31 13:00,1.63306,0.0,1.0403,0.003,0.58976,0.03561,0.0,0.0,0.03561
2018-07-31 13:00:00,2018-07-31 14:00,1.5327,0.0,0.99895,0.003,0.53075,0.0,0.0,0.0,0.0
2018-07-31 14:00:00,2018-07-31 15:00,1.56019,0.0,1.04799,0.003,0.5092,0.0,0.0,0.0,0.0
2018-07-31 15:00:00,2018-07-31 16:00,1.99945,0.0,1.19102,0.22169,0.58674,0.0,0.0,0.0,0.0
2018-07-31 16:00:00,2018-07-31 17:00,2.34288,0.0,1.25446,0.45441,0.63401,0.0,0.0,0.0,0.0
2018-07-31 17:00:00,2018-07-31 18:00,2.28831,0.0,1.3533,0.17467,0.76034,0.02622,0.0,0.0,0.02622
2018-07-31 18:00:00,2018-07-31 19:00,2.18062,0.0,1.29483,0.003,0.88279,0.0,0.0,0.0,0.0
2018-07-31 19:00:00,2018-07-31 20:00,2.08288,0.0,1.13229,0.003,0.94759,0.0,0.0,0.0,0.0
2018-07-31 20:00:00,2018-07-31 21:00,2.21907,0.0,1.04297,0.003,1.1731,0.0,0.0,0.0,0.0
2018-07-31 21:00:00,2018-07-31 22:00,2.23286,0.0,0.93863,0.32641,0.96782,0.0,0.0,0.0,0.0
2018-07-31 22:00:00,2018-07-31 23:00,1.37784,0.0,0.81132,0.003,0.56352,0.0,0.0,0.0,0.0
2018-07-31 23:00:00,2018-08-01 00:00,1.20799,0.0,0.72933,0.003,0.47566,0.0,0.0,0.0,0.0
2018-08-01 00:00:00,2018-08-01 01:00,1.14872,0.0,0.67545,0.003,0.47027,0.0,0.0,0.0,0.0
2018-08-01 01:00:00,2018-08-01 02:00,1.08836,0.0,0.61953,0.003,0.46583,0.0,0.0,0.0,0.0
2018-08-01 02:00:00,2018-08-01 03:00,1.05312,0.0,0.59034,0.003,0.45978,0.0,0.0,0.0,0.0
2018-08-01 03:00:00,2018-08-01 04:00,1.03279,0.0,0.57216,0.003,0.45763,0.0,0.0,0.0,0.0
2018-08-01 04:00:00,2018-08-01 05:00,1.0186,0.0,0.56376,0.003,0.45184,0.0,0.0,0.0,0.0
2018-08-01 05:00:00,2018-08-01 06:00,1.13945,0.0,0.56171,0.11857,0.45917,0.0,0.0,0.0,0.0
2018-08-01 06:00:00,2018-08-01 07:00,1.57499,0.0,0.53855,0.46739,0.56905,0.0,0.0,0.0,0.0
2018-08-01 07:00:00,2018-08-01 08:00,1.42612,0.0,0.53476,0.30861,0.58275,0.0,0.0,0.0,0.0
2018-08-01 08:00:00,2018-08-01 09:00,1.14307,0.0,0.5459,0.003,0.59417,0.0,0.0,0.0,0.0
2018-08-01 09:00:00,2018-08-01 10:00,1.31201,0.0,0.5788,0.1148,0.61841,0.0,0.0,0.0,0.0
2018-08-01 10:00:00,2018-08-01 11:00,1.68433,0.0,0.65198,0.44666,0.58569,0.0,0.0,0.0,0.0
2018-08-01 11:00:00,2018-08-01 12:00,1.57989,0.0,0.69912,0.31596,0.56481,0.0,0.0,0.0,0.0
2018-08-01 12:00:00,2018-08-01 13:00,1.25758,0.0,0.72749,0.003,0.52709,0.0,0.0,0.0,0.0
2018-08-01 13:00:00,2018-08-01 14:00,1.27044,0.0,0.77223,0.003,0.49521,0.0,0.0,0.0,0.0
2018-08-01 14:00:00,2018-08-01 15:00,1.82359,0.0,0.86177,0.43141,0.53041,0.0,0.0,0.0,0.0
2018-08-01 15:00:00,2018-08-01 16:00,1.39573,0.0,0.85775,0.003,0.53498,0.0,0.0,0.0,0.0
2018-08-01 16:00:00,2018-08-01 17:00,1.27968,0.0,0.7577,0.003,0.51898,0.01124,0.0,0.0,0.01124
2018-08-01 17:00:00,2018-08-01 18:00,1.94558,0.0,0.90937,0.23068,0.80553,0.09556,0.0,0.0,0.09556
2018-08-01 18:00:00,2018-08-01 19:00,1.66791,0.0,0.69277,0.20405,0.77109,0.0,0.0,0.0,0.0
2018-08-01 19:00:00,2018-08-01 20:00,1.56665,0.0,0.66574,0.003,0.89791,0.0,0.0,0.0,0.0
2018-08-01 20:00:00,2018-08-01 21:00,1.76849,0.0,0.61778,0.003,1.14771,0.0,0.0,0.0,0.0
2018-08-01 21:00:00,2018-08-01 22:00,2.03803,0.0,0.57542,0.003,1.45961,0.0,0.0,0.0,0.0
2018-08-01 22:00:00,2018-08-01 23:00,3.54509,0.0,0.50203,0.11534,2.92772,0.0,0.0,0.0,0.0
2018-08-01 23:00:00,2018-08-02 00:00,1.26719,0.0,0.44579,0.27277,0.54863,0.0,0.0,0.0,0.0
2018-08-02 00:00:00,2018-08-02 01:00,0.92431,0.0,0.44372,0.003,0.47759,0.0,0.0,0.0,0.0
2018-08-02 01:00:00,2018-08-02 02:00,0.86823,0.0,0.40114,0.003,0.46409,0.0,0.0,0.0,0.0
2018-08-02 02:00:00,2018-08-02 03:00,0.84049,0.0,0.37772,0.003,0.45977,0.0,0.0,0.0,0.0
2018-08-02 03:00:00,2018-08-02 04:00,0.81527,0.0,0.35464,0.003,0.45763,0.0,0.0,0.0,0.0
2018-08-02 04:00:00,2018-08-02 05:00,0.77841,0.0,0.32718,0.003,0.44823,0.0,0.0,0.0,0.0
2018-08-02 05:00:00,2018-08-02 06:00,1.22471,0.0,0.30421,0.46046,0.46004,0.0,0.0,0.0,0.0
2018-08-02 06:00:00,2018-08-02 07:00,1.01206,0.0,0.25477,0.22533,0.53196,0.0,0.0,0.0,0.0
2018-08-02 07:00:00,2018-08-02 08:00,0.77969,0.0,0.27885,0.003,0.49784,0.0,0.0,0.0,0.0
2018-08-02 08:00:00,2018-08-02 09:00,0.76016,0.0,0.28251,0.003,0.47465,0.0,0.0,0.0,0.0
2018-08-02 09:00:00,2018-08-02 10:00,0.80691,0.0,0.31022,0.003,0.49369,0.0,0.0,0.0,0.0
2018-08-02 10:00:00,2018-08-02 11:00,0.9828,0.0,0.34858,0.11543,0.51879,0.0,0.0,0.0,0.0
2018-08-02 11:00:00,2018-08-02 12:00,1.09604,0.0,0.37262,0.20686,0.51656,0.0,0.0,0.0,0.0
2018-08-02 12:00:00,2018-08-02 13:00,0.94056,0.0,0.41766,0.003,0.5199,0.0,0.0,0.0,0.0
2018-08-02 13:00:00,2018-08-02 14:00,0.93493,0.0,0.45466,0.003,0.47727,0.0,0.0,0.0,0.0
2018-08-02 14:00:00,2018-08-02 15:00,1.00479,0.0,0.50564,0.003,0.49615,0.0,0.0,0.0,0.0
2018-08-02 15:00:00,2018-08-02 16:00,1.33385,0.0,0.57632,0.23012,0.52741,0.0,0.0,0.0,0.0
2018-08-02 16:00:00,2018-08-02 17:00,1.54408,0.0,0.65999,0.20639,0.6777,0.0,0.0,0.0,0.0
2018-08-02 17:00:00,2018-08-02 18:00,1.48941,0.0,0.71815,0.003,0.76826,0.0,0.0,0.0,0.0
2018-08-02 18:00:00,2018-08-02 19:00,1.60514,0.0,0.71701,0.003,0.88513,0.0,0.0,0.0,0.0
2018-08-02 19:00:00,2018-08-02 20:00,2.4407,0.0,0.69657,0.003,1.74113,0.01124,0.0,0.0,0.01124
2018-08-02 20:00:00,2018-08-02 21:00,2.88584,0.0,0.87442,0.1138,1.89762,0.11242,0.0,0.0,0.11242
2018-08-02 21:00:00,2018-08-02 22:00,2.5681,0.0,0.84695,0.41012,1.31103,0.11242,0.0,0.0,0.11242
2018-08-02 22:00:00,2018-08-02 23:00,1.62822,0.0,0.74531,0.003,0.87991,0.08805,0.0,0.0,0.08805
2018-08-02 23:00:00,2018-08-03 00:00,1.04112,0.0,0.52628,0.003,0.51184,0.0,0.0,0.0,0.0
2018-08-03 00:00:00,2018-08-03 01:00,0.89941,0.0,0.42617,0.003,0.47024,0.0,0.0,0.0,0.0
2018-08-03 01:00:00,2018-08-03 02:00,0.83842,0.0,0.36961,0.003,0.46581,0.0,0.0,0.0,0.0
2018-08-03 02:00:00,2018-08-03 03:00,0.80764,0.0,0.34485,0.003,0.45979,0.0,0.0,0.0,0.0
2018-08-03 03:00:00,2018-08-03 04:00,0.80706,0.0,0.34643,0.003,0.45763,0.0,0.0,0.0,0.0
2018-08-03 04:00:00,2018-08-03 05:00,0.77469,0.0,0.3202,0.003,0.45149,0.0,0.0,0.0,0.0
2018-08-03 05:00:00,2018-08-03 06:00,0.87136,0.0,0.3014,0.11595,0.45401,0.0,0.0,0.0,0.0
2018-08-03 06:00:00,2018-08-03 07:00,1.23582,0.0,0.29177,0.41232,0.53173,0.0,0.0,0.0,0.0
2018-08-03 07:00:00,2018-08-03 08:00,1.00152,0.0,0.32496,0.11522,0.56134,0.0,0.0,0.0,0.0
2018-08-03 08:00:00,2018-08-03 09:00,1.33277,0.0,0.35487,0.46192,0.51598,0.0,0.0,0.0,0.0
2018-08-03 09:00:00,2018-08-03 10:00,0.8762,0.0,0.32886,0.06994,0.4774,0.0,0.0,0.0,0.0
2018-08-03 10:00:00,2018-08-03 11:00,0.80229,0.0,0.32847,0.003,0.47082,0.0,0.0,0.0,0.0
2018-08-03 11:00:00,2018-08-03 12:00,0.9502,0.0,0.47908,0.003,0.46812,0.0,0.0,0.0,0.0
2018-08-03 12:00:00,2018-08-03 13:00,1.12092,0.0,0.64148,0.003,0.47644,0.0,0.0,0.0,0.0
2018-08-03 13:00:00,2018-08-03 14:00,1.29015,0.0,0.80987,0.003,0.47728,0.0,0.0,0.0,0.0
2018-08-03 14:00:00,2018-08-03 15:00,1.43037,0.0,0.9501,0.003,0.47727,0.0,0.0,0.0,0.0
2018-08-03 15:00:00,2018-08-03 16:00,1.58314,0.0,1.09795,0.003,0.48219,0.0,0.0,0.0,0.0
2018-08-03 16:00:00,2018-08-03 17:00,2.10258,0.0,1.26135,0.11682,0.72441,0.0,0.0,0.0,0.0
2018-08-03 17:00:00,2018-08-03 18:00,4.5481,0.0,1.56823,0.36805,2.61182,0.06745,0.0,0.0,0.06745
2018-08-03 18:00:00,2018-08-03 19:00,4.3529,0.0,1.73172,0.11666,2.50452,0.11242,0.0,0.0,0.11242
2018-08-03 19:00:00,2018-08-03 20:00,2.48056,0.0,1.29937,0.21615,0.96504,0.00936,0.0,0.0,0.00936
2018-08-03 20:00:00,2018-08-03 21:00,2.31941,0.0,1.12427,0.003,1.19214,0.0,0.0,0.0,0.0
2018-08-03 21:00:00,2018-08-03 22:00,2.49643,0.0,0.93044,0.3209,1.24509,0.0,0.0,0.0,0.0
2018-08-03 22:00:00,2018-08-03 23:00,3.52628,0.0,0.84782,0.003,2.67546,0.0,0.0,0.0,0.0
2018-08-03 23:00:00,2018-08-04 00:00,2.45276,0.0,0.78629,0.003,1.66347,0.0,0.0,0.0,0.0
2018-08-04 00:00:00,2018-08-04 01:00,1.22938,0.0,0.73175,0.003,0.49463,0.0,0.0,0.0,0.0
2018-08-04 01:00:00,2018-08-04 02:00,1.18132,0.0,0.71195,0.003,0.46637,0.0,0.0,0.0,0.0
2018-08-04 02:00:00,2018-08-04 03:00,1.15215,0.0,0.68814,0.003,0.46101,0.0,0.0,0.0,0.0
2018-08-04 03:00:00,2018-08-04 04:00,1.12487,0.0,0.66299,0.003,0.45888,0.0,0.0,0.0,0.0
2018-08-04 04:00:00,2018-08-04 05:00,1.09046,0.0,0.63473,0.003,0.45273,0.0,0.0,0.0,0.0
2018-08-04 05:00:00,2018-08-04 06:00,1.07224,0.0,0.61679,0.003,0.45245,0.0,0.0,0.0,0.0
2018-08-04 06:00:00,2018-08-04 07:00,1.12149,0.0,0.62674,0.003,0.49175,0.0,0.0,0.0,0.0
2018-08-04 07:00:00,2018-08-04 08:00,1.05698,0.0,0.58214,0.003,0.47184,0.0,0.0,0.0,0.0
2018-08-04 08:00:00,2018-08-04 09:00,1.07238,0.0,0.58776,0.003,0.48162,0.0,0.0,0.0,0.0
2018-08-04 09:00:00,2018-08-04 10:00,1.36965,0.0,0.58023,0.24011,0.54931,0.0,0.0,0.0,0.0
2018-08-04 10:00:00,2018-08-04 11:00,1.33091,0.0,0.61789,0.04817,0.66485,0.0,0.0,0.0,0.0
2018-08-04 11:00:00,2018-08-04 12:00,1.38307,0.0,0.65506,0.003,0.72501,0.0,0.0,0.0,0.0
2018-08-04 12:00:00,2018-08-04 13:00,1.37651,0.0,0.63901,0.003,0.7345,0.0,0.0,0.0,0.0
2018-08-04 13:00:00,2018-08-04 14:00,1.44186,0.0,0.62645,0.11787,0.69754,0.0,0.0,0.0,0.0
2018-08-04 14:00:00,2018-08-04 15:00,1.66994,0.0,0.65697,0.30328,0.70969,0.0,0.0,0.0,0.0
2018-08-04 15:00:00,2018-08-04 16:00,1.32943,0.0,0.67367,0.003,0.65276,0.0,0.0,0.0,0.0
2018-08-04 16:00:00,2018-08-04 17:00,1.495,0.0,0.6977,0.1157,0.6816,0.0,0.0,0.0,0.0
2018-08-04 17:00:00,2018-08-04 18:00,1.78036,0.0,0.7686,0.28561,0.72615,0.01124,0.0,0.0,0.01124
2018-08-04 18:00:00,2018-08-04 19:00,1.73938,0.0,0.8821,0.003,0.85428,0.02622,0.0,0.0,0.02622
2018-08-04 19:00:00,2018-08-04 20:00,2.07905,0.0,0.94615,0.003,1.1299,0.04123,0.0,0.0,0.04123
2018-08-04 20:00:00,2018-08-04 21:00,2.25931,0.0,0.79061,0.40522,1.06348,0.0,0.0,0.0,0.0
2018-08-04 21:00:00,2018-08-04 22:00,1.65731,0.0,0.73263,0.003,0.92168,0.0,0.0,0.0,0.0
2018-08-04 22:00:00,2018-08-04 23:00,1.31486,0.0,0.67823,0.003,0.63363,0.0,0.0,0.0,0.0
2018-08-04 23:00:00,2018-08-05 00:00,1.17695,0.0,0.65644,0.003,0.51751,0.0,0.0,0.0,0.0
2018-08-05 00:00:00,2018-08-05 01:00,1.10915,0.0,0.62809,0.003,0.47806,0.0,0.0,0.0,0.0
2018-08-05 01:00:00,2018-08-05 02:00,1.06589,0.0,0.59805,0.003,0.46484,0.0,0.0,0.0,0.0
2018-08-05 02:00:00,2018-08-05 03:00,1.02279,0.0,0.56628,0.003,0.45351,0.0,0.0,0.0,0.0
2018-08-05 03:00:00,2018-08-05 04:00,1.4077,0.0,0.55557,0.39458,0.45755,0.0,0.0,0.0,0.0
2018-08-05 04:00:00,2018-08-05 05:00,0.9973,0.0,0.54156,0.003,0.45274,0.0,0.0,0.0,0.0
2018-08-05 05:00:00,2018-08-05 06:00,0.98959,0.0,0.53413,0.003,0.45246,0.0,0.0,0.0,0.0
2018-08-05 06:00:00,2018-08-05 07:00,1.03848,0.0,0.54374,0.003,0.49174,0.0,0.0,0.0,0.0
2018-08-05 07:00:00,2018-08-05 08:00,1.04322,0.0,0.5419,0.003,0.49832,0.0,0.0,0.0,0.0
2018-08-05 08:00:00,2018-08-05 09:00,1.16786,0.0,0.63028,0.003,0.53458,0.0,0.0,0.0,0.0
2018-08-05 09:00:00,2018-08-05 10:00,1.81198,0.0,0.74617,0.46475,0.60106,0.0,0.0,0.0,0.0
2018-08-05 10:00:00,2018-08-05 11:00,1.64478,0.0,0.82318,0.21568,0.60592,0.0,0.0,0.0,0.0
2018-08-05 11:00:00,2018-08-05 12:00,1.54496,0.0,0.93339,0.003,0.60857,0.01124,0.0,0.0,0.01124
2018-08-05 12:00:00,2018-08-05 13:00,2.22898,0.0,1.20412,0.34577,0.67909,0.06933,0.0,0.0,0.06933
2018-08-05 13:00:00,2018-08-05 14:00,1.97339,0.0,1.10202,0.23902,0.63235,0.0,0.0,0.0,0.0
2018-08-05 14:00:00,2018-08-05 15:00,1.86479,0.0,1.09525,0.003,0.76654,0.0,0.0,0.0,0.0
2018-08-05 15:00:00,2018-08-05 16:00,1.85586,0.0,1.07646,0.003,0.7764,0.0,0.0,0.0,0.0
2018-08-05 16:00:00,2018-08-05 17:00,2.18249,0.0,1.05095,0.38793,0.74361,0.0,0.0,0.0,0.0
2018-08-05 17:00:00,2018-08-05 18:00,1.84121,0.0,1.03407,0.003,0.80414,0.0,0.0,0.0,0.0
2018-08-05 18:00:00,2018-08-05 19:00,2.32418,0.0,1.05598,0.34546,0.92274,0.0,0.0,0.0,0.0
2018-08-05 19:00:00,2018-08-05 20:00,2.10557,0.0,1.00403,0.11339,0.98815,0.0,0.0,0.0,0.0
2018-08-05 20:00:00,2018-08-05 21:00,2.02634,0.0,0.95986,0.003,1.06348,0.0,0.0,0.0,0.0
2018-08-05 21:00:00,2018-08-05 22:00,1.92743,0.0,0.88656,0.003,1.03787,0.0,0.0,0.0,0.0
2018-08-05 22:00:00,2018-08-05 23:00,1.52042,0.0,0.79234,0.003,0.72508,0.0,0.0,0.0,0.0
2018-08-05 23:00:00,2018-08-06 00:00,1.29245,0.0,0.69926,0.116,0.47719,0.0,0.0,0.0,0.0
2018-08-06 00:00:00,2018-08-06 01:00,1.32158,0.0,0.64692,0.20442,0.47024,0.0,0.0,0.0,0.0
2018-08-06 01:00:00,2018-08-06 02:00,1.0582,0.0,0.58937,0.003,0.46583,0.0,0.0,0.0,0.0
2018-08-06 02:00:00,2018-08-06 03:00,1.00393,0.0,0.54113,0.003,0.4598,0.0,0.0,0.0,0.0
2018-08-06 03:00:00,2018-08-06 04:00,0.96542,0.0,0.50479,0.003,0.45763,0.0,0.0,0.0,0.0
2018-08-06 04:00:00,2018-08-06 05:00,0.92521,0.0,0.47034,0.003,0.45187,0.0,0.0,0.0,0.0
2018-08-06 05:00:00,2018-08-06 06:00,1.02527,0.0,0.44434,0.11703,0.4639,0.0,0.0,0.0,0.0
2018-08-06 06:00:00,2018-08-06 07:00,1.46008,0.0,0.42384,0.46719,0.56905,0.0,0.0,0.0,0.0
2018-08-06 07:00:00,2018-08-06 08:00,1.01246,0.0,0.42562,0.06763,0.51921,0.0,0.0,0.0,0.0
2018-08-06 08:00:00,2018-08-06 09:00,0.93456,0.0,0.42707,0.003,0.50449,0.0,0.0,0.0,0.0
2018-08-06 09:00:00,2018-08-06 10:00,0.94454,0.0,0.46415,0.003,0.47739,0.0,0.0,0.0,0.0
2018-08-06 10:00:00,2018-08-06 11:00,1.16957,0.0,0.56247,0.11485,0.49225,0.0,0.0,0.0,0.0
2018-08-06 11:00:00,2018-08-06 12:00,1.65861,0.0,0.64537,0.44844,0.5648,0.0,0.0,0.0,0.0
2018-08-06 12:00:00,2018-08-06 13:00,1.31301,0.0,0.7545,0.003,0.55551,0.01124,0.0,0.0,0.01124
2018-08-06 13:00:00,2018-08-06 14:00,1.65281,0.0,0.88367,0.22568,0.54346,0.01498,0.0,0.0,0.01498
2018-08-06 14:00:00,2018-08-06 15:00,1.67159,0.0,0.91506,0.22611,0.53042,0.0,0.0,0.0,0.0
2018-08-06 15:00:00,2018-08-06 16:00,1.50047,0.0,0.98421,0.003,0.51326,0.0,0.0,0.0,0.0
2018-08-06 16:00:00,2018-08-06 17:00,1.52595,0.0,1.0343,0.003,0.48865,0.0,0.0,0.0,0.0
2018-08-06 17:00:00,2018-08-06 18:00,1.72994,0.0,1.14024,0.003,0.5867,0.03935,0.0,0.0,0.03935
2018-08-06 18:00:00,2018-08-06 19:00,2.05554,0.0,1.19806,0.003,0.85448,0.04123,0.0,0.0,0.04123
2018-08-06 19:00:00,2018-08-06 20:00,3.15964,0.0,1.04442,0.34899,1.76623,0.0,0.0,0.0,0.0
2018-08-06 20:00:00,2018-08-06 21:00,4.40005,0.0,1.0446,0.05484,3.30061,0.0,0.0,0.0,0.0
2018-08-06 21:00:00,2018-08-06 22:00,2.00693,0.0,0.91891,0.003,1.08502,0.0,0.0,0.0,0.0
2018-08-06 22:00:00,2018-08-06 23:00,1.40305,0.0,0.78964,0.003,0.61041,0.0,0.0,0.0,0.0
2018-08-06 23:00:00,2018-08-07 00:00,1.18956,0.0,0.71049,0.003,0.47607,0.0,0.0,0.0,0.0
2018-08-07 00:00:00,2018-08-07 01:00,1.10128,0.0,0.62802,0.003,0.47026,0.0,0.0,0.0,0.0
2018-08-07 01:00:00,2018-08-07 02:00,1.05144,0.0,0.5826,0.003,0.46584,0.0,0.0,0.0,0.0
2018-08-07 02:00:00,2018-08-07 03:00,0.99911,0.0,0.53633,0.003,0.45978,0.0,0.0,0.0,0.0
2018-08-07 03:00:00,2018-08-07 04:00,0.96297,0.0,0.50235,0.003,0.45762,0.0,0.0,0.0,0.0
2018-08-07 04:00:00,2018-08-07 05:00,1.05185,0.0,0.48199,0.11799,0.45187,0.0,0.0,0.0,0.0
2018-08-07 05:00:00,2018-08-07 06:00,1.08037,0.0,0.44764,0.17739,0.45534,0.0,0.0,0.0,0.0
2018-08-07 06:00:00,2018-08-07 07:00,0.93816,0.0,0.39621,0.003,0.53895,0.0,0.0,0.0,0.0
2018-08-07 07:00:00,2018-08-07 08:00,1.2841,0.0,0.41068,0.33913,0.53429,0.0,0.0,0.0,0.0
2018-08-07 08:00:00,2018-08-07 09:00,1.29711,0.0,0.4203,0.31016,0.56665,0.0,0.0,0.0,0.0
2018-08-07 09:00:00,2018-08-07 10:00,1.10235,0.0,0.41984,0.11593,0.56658,0.0,0.0,0.0,0.0
2018-08-07 10:00:00,2018-08-07 11:00,1.40381,0.0,0.41798,0.46703,0.5188,0.0,0.0,0.0,0.0
2018-08-07 11:00:00,2018-08-07 12:00,1.19335,0.0,0.46519,0.2116,0.51656,0.0,0.0,0.0,0.0
2018-08-07 12:00:00,2018-08-07 13:00,1.02396,0.0,0.52523,0.003,0.49573,0.0,0.0,0.0,0.0
2018-08-07 13:00:00,2018-08-07 14:00,1.04042,0.0,0.56015,0.003,0.47727,0.0,0.0,0.0,0.0
2018-08-07 14:00:00,2018-08-07 15:00,1.05181,0.0,0.57155,0.003,0.47726,0.0,0.0,0.0,0.0
2018-08-07 15:00:00,2018-08-07 16:00,1.27143,0.0,0.64492,0.115,0.51151,0.0,0.0,0.0,0.0
2018-08-07 16:00:00,2018-08-07 17:00,1.73255,0.0,0.78279,0.38022,0.56954,0.02622,0.0,0.0,0.02622
2018-08-07 17:00:00,2018-08-07 18:00,1.43765,0.0,0.82068,0.003,0.61397,0.0,0.0,0.0,0.0
2018-08-07 18:00:00,2018-08-07 19:00,1.96896,0.0,0.85765,0.22619,0.88512,0.0,0.0,0.0,0.0
2018-08-07 19:00:00,2018-08-07 20:00,2.13624,0.0,0.79776,0.3291,1.00938,0.0,0.0,0.0,0.0
2018-08-07 20:00:00,2018-08-07 21:00,1.88122,0.0,0.7663,0.003,1.11192,0.0,0.0,0.0,0.0
2018-08-07 21:00:00,2018-08-07 22:00,1.5395,0.0,0.67111,0.003,0.86539,0.0,0.0,0.0,0.0
2018-08-07 22:00:00,2018-08-07 23:00,1.12388,0.0,0.58474,0.003,0.53614,0.0,0.0,0.0,0.0
2018-08-07 23:00:00,2018-08-08 00:00,1.01875,0.0,0.5397,0.003,0.47605,0.0,0.0,0.0,0.0
2018-08-08 00:00:00,2018-08-08 01:00,0.97692,0.0,0.50368,0.003,0.47024,0.0,0.0,0.0,0.0
2018-08-08 01:00:00,2018-08-08 02:00,0.92587,0.0,0.45703,0.003,0.46584,0.0,0.0,0.0,0.0
2018-08-08 02:00:00,2018-08-08 03:00,0.86279,0.0,0.39999,0.003,0.4598,0.0,0.0,0.0,0.0
2018-08-08 03:00:00,2018-08-08 04:00,0.84129,0.0,0.38066,0.003,0.45763,0.0,0.0,0.0,0.0
2018-08-08 04:00:00,2018-08-08 05:00,1.04466,0.0,0.35802,0.23514,0.4515,0.0,0.0,0.0,0.0
2018-08-08 05:00:00,2018-08-08 06:00,0.84982,0.0,0.33433,0.05855,0.45694,0.0,0.0,0.0,0.0
2018-08-08 06:00:00,2018-08-08 07:00,1.07683,0.0,0.37607,0.11631,0.58445,0.01124,0.0,0.0,0.01124
2018-08-08 07:00:00,2018-08-08 08:00,1.59745,0.0,0.48561,0.47098,0.64086,0.04123,0.0,0.0,0.04123
2018-08-08 08:00:00,2018-08-08 09:00,1.0959,0.0,0.45425,0.09129,0.55036,0.0,0.0,0.0,0.0
2018-08-08 09:00:00,2018-08-08 10:00,1.06899,0.0,0.54152,0.003,0.52447,0.0,0.0,0.0,0.0
2018-08-08 10:00:00,2018-08-08 11:00,1.61783,0.0,0.63911,0.45992,0.5188,0.0,0.0,0.0,0.0
2018-08-08 11:00:00,2018-08-08 12:00,1.27864,0.0,0.7542,0.037,0.48744,0.0,0.0,0.0,0.0
2018-08-08 12:00:00,2018-08-08 13:00,1.3941,0.0,0.91464,0.003,0.47646,0.0,0.0,0.0,0.0
2018-08-08 13:00:00,2018-08-08 14:00,1.59533,0.0,1.11507,0.003,0.47726,0.0,0.0,0.0,0.0
2018-08-08 14:00:00,2018-08-08 15:00,1.73949,0.0,1.25924,0.003,0.47725,0.0,0.0,0.0,0.0
2018-08-08 15:00:00,2018-08-08 16:00,1.91827,0.0,1.40374,0.003,0.51153,0.0,0.0,0.0,0.0
2018-08-08 16:00:00,2018-08-08 17:00,2.21771,0.0,1.58046,0.003,0.63425,0.01124,0.0,0.0,0.01124
2018-08-08 17:00:00,2018-08-08 18:00,2.72053,0.0,1.63315,0.39224,0.69514,0.01498,0.0,0.0,0.01498
2018-08-08 18:00:00,2018-08-08 19:00,2.35318,0.0,1.55126,0.003,0.79892,0.0,0.0,0.0,0.0
2018-08-08 19:00:00,2018-08-08 20:00,2.2387,0.0,1.39886,0.003,0.83684,0.01124,0.0,0.0,0.01124
2018-08-08 20:00:00,2018-08-08 21:00,2.47556,0.0,1.37245,0.003,1.10011,0.04123,0.0,0.0,0.04123
2018-08-08 21:00:00,2018-08-08 22:00,2.33569,0.0,1.14543,0.003,1.18726,0.0,0.0,0.0,0.0
2018-08-08 22:00:00,2018-08-08 23:00,2.0784,0.0,0.97117,0.003,1.10423,0.0,0.0,0.0,0.0
2018-08-08 23:00:00,2018-08-09 00:00,2.49901,0.0,0.88964,0.344,1.26537,0.0,0.0,0.0,0.0
2018-08-09 00:00:00,2018-08-09 01:00,1.29345,0.0,0.82018,0.003,0.47027,0.0,0.0,0.0,0.0
2018-08-09 01:00:00,2018-08-09 02:00,1.2514,0.0,0.78255,0.003,0.46585,0.0,0.0,0.0,0.0
2018-08-09 02:00:00,2018-08-09 03:00,1.18724,0.0,0.72445,0.003,0.45979,0.0,0.0,0.0,0.0
2018-08-09 03:00:00,2018-08-09 04:00,1.11639,0.0,0.65793,0.003,0.45546,0.0,0.0,0.0,0.0
2018-08-09 04:00:00,2018-08-09 05:00,1.07215,0.0,0.61768,0.003,0.45147,0.0,0.0,0.0,0.0
2018-08-09 05:00:00,2018-08-09 06:00,1.02416,0.0,0.56712,0.003,0.45404,0.0,0.0,0.0,0.0
2018-08-09 06:00:00,2018-08-09 07:00,1.31136,0.0,0.54201,0.22624,0.54311,0.0,0.0,0.0,0.0
2018-08-09 07:00:00,2018-08-09 08:00,1.59947,0.0,0.56213,0.46512,0.57222,0.0,0.0,0.0,0.0
2018-08-09 08:00:00,2018-08-09 09:00,1.29874,0.0,0.63032,0.11806,0.55036,0.0,0.0,0.0,0.0
2018-08-09 09:00:00,2018-08-09 10:00,1.22485,0.0,0.7257,0.003,0.49615,0.0,0.0,0.0,0.0
2018-08-09 10:00:00,2018-08-09 11:00,1.33311,0.0,0.8593,0.003,0.47081,0.0,0.0,0.0,0.0
2018-08-09 11:00:00,2018-08-09 12:00,1.49128,0.0,1.02016,0.003,0.46812,0.0,0.0,0.0,0.0
2018-08-09 12:00:00,2018-08-09 13:00,1.62557,0.0,1.12905,0.003,0.49352,0.0,0.0,0.0,0.0
2018-08-09 13:00:00,2018-08-09 14:00,1.9819,0.0,1.22484,0.22857,0.52849,0.0,0.0,0.0,0.0
2018-08-09 14:00:00,2018-08-09 15:00,2.32274,0.0,1.35379,0.43265,0.5363,0.0,0.0,0.0,0.0
2018-08-09 15:00:00,2018-08-09 16:00,2.06601,0.0,1.48973,0.003,0.57328,0.0,0.0,0.0,0.0
2018-08-09 16:00:00,2018-08-09 17:00,2.03876,0.0,1.46598,0.003,0.56978,0.0,0.0,0.0,0.0
2018-08-09 17:00:00,2018-08-09 18:00,2.49299,0.0,1.43074,0.34982,0.71243,0.0,0.0,0.0,0.0
2018-08-09 18:00:00,2018-08-09 19:00,2.39402,0.0,1.42695,0.0675,0.89957,0.0,0.0,0.0,0.0
2018-08-09 19:00:00,2018-08-09 20:00,2.39919,0.0,1.29329,0.003,1.1029,0.0,0.0,0.0,0.0
2018-08-09 20:00:00,2018-08-09 21:00,2.72808,0.0,1.16202,0.34736,1.2187,0.0,0.0,0.0,0.0
2018-08-09 21:00:00,2018-08-09 22:00,2.15973,0.0,1.03262,0.03059,1.09652,0.0,0.0,0.0,0.0
2018-08-09 22:00:00,2018-08-09 23:00,1.63741,0.0,0.8922,0.003,0.74221,0.0,0.0,0.0,0.0
2018-08-09 23:00:00,2018-08-10 00:00,1.26577,0.0,0.78672,0.003,0.47605,0.0,0.0,0.0,0.0
2018-08-10 00:00:00,2018-08-10 01:00,1.20999,0.0,0.73674,0.003,0.47025,0.0,0.0,0.0,0.0
2018-08-10 01:00:00,2018-08-10 02:00,1.14818,0.0,0.67934,0.003,0.46584,0.0,0.0,0.0,0.0
2018-08-10 02:00:00,2018-08-10 03:00,1.09387,0.0,0.6351,0.003,0.45577,0.0,0.0,0.0,0.0
2018-08-10 03:00:00,2018-08-10 04:00,1.05812,0.0,0.59749,0.003,0.45763,0.0,0.0,0.0,0.0
2018-08-10 04:00:00,2018-08-10 05:00,1.0074,0.0,0.55292,0.003,0.45148,0.0,0.0,0.0,0.0
2018-08-10 05:00:00,2018-08-10 06:00,0.96964,0.0,0.51263,0.003,0.45401,0.0,0.0,0.0,0.0
2018-08-10 06:00:00,2018-08-10 07:00,1.36739,0.0,0.49169,0.33257,0.54313,0.0,0.0,0.0,0.0
2018-08-10 07:00:00,2018-08-10 08:00,1.15074,0.0,0.53928,0.003,0.60846,0.0,0.0,0.0,0.0
2018-08-10 08:00:00,2018-08-10 09:00,1.42346,0.0,0.59643,0.2307,0.59633,0.0,0.0,0.0,0.0
2018-08-10 09:00:00,2018-08-10 10:00,1.3405,0.0,0.69849,0.09882,0.54319,0.0,0.0,0.0,0.0
2018-08-10 10:00:00,2018-08-10 11:00,2.19592,0.0,0.86355,0.003,1.32937,0.0,0.0,0.0,0.0
2018-08-10 11:00:00,2018-08-10 12:00,2.88181,0.0,1.05008,0.11507,1.71666,0.01124,0.0,0.0,0.01124
2018-08-10 12:00:00,2018-08-10 13:00,2.10935,0.0,1.27131,0.22442,0.61362,0.06933,0.0,0.0,0.06933
2018-08-10 13:00:00,2018-08-10 14:00,1.73105,0.0,1.19956,0.003,0.52849,0.0,0.0,0.0,0.0
2018-08-10 14:00:00,2018-08-10 15:00,1.76787,0.0,1.27977,0.003,0.4851,0.0,0.0,0.0,0.0
2018-08-10 15:00:00,2018-08-10 16:00,1.83258,0.0,1.35447,0.003,0.47511,0.0,0.0,0.0,0.0
2018-08-10 16:00:00,2018-08-10 17:00,1.93114,0.0,1.41326,0.003,0.51488,0.0,0.0,0.0,0.0
2018-08-10 17:00:00,2018-08-10 18:00,2.51027,0.0,1.46429,0.33604,0.70994,0.0,0.0,0.0,0.0
2018-08-10 18:00:00,2018-08-10 19:00,2.4057,0.0,1.49338,0.003,0.90932,0.02622,0.0,0.0,0.02622
2018-08-10 19:00:00,2018-08-10 20:00,2.36631,0.0,1.27815,0.003,1.08516,0.0,0.0,0.0,0.0
2018-08-10 20:00:00,2018-08-10 21:00,2.34096,0.0,1.1639,0.003,1.17406,0.0,0.0,0.0,0.0
2018-08-10 21:00:00,2018-08-10 22:00,2.36342,0.0,1.02039,0.31906,1.02397,0.0,0.0,0.0,0.0
2018-08-10 22:00:00,2018-08-10 23:00,1.72051,0.0,0.91021,0.003,0.8073,0.0,0.0,0.0,0.0
2018-08-10 23:00:00,2018-08-11 00:00,1.37313,0.0,0.82228,0.003,0.54785,0.0,0.0,0.0,0.0
2018-08-11 00:00:00,2018-08-11 01:00,1.22828,0.0,0.75378,0.003,0.4715,0.0,0.0,0.0,0.0
2018-08-11 01:00:00,2018-08-11 02:00,1.15879,0.0,0.6887,0.003,0.46709,0.0,0.0,0.0,0.0
2018-08-11 02:00:00,2018-08-11 03:00,1.10079,0.0,0.63675,0.003,0.46104,0.0,0.0,0.0,0.0
2018-08-11 03:00:00,2018-08-11 04:00,1.06233,0.0,0.60045,0.003,0.45888,0.0,0.0,0.0,0.0
2018-08-11 04:00:00,2018-08-11 05:00,1.01566,0.0,0.55992,0.003,0.45274,0.0,0.0,0.0,0.0
2018-08-11 05:00:00,2018-08-11 06:00,0.9828,0.0,0.52736,0.003,0.45244,0.0,0.0,0.0,0.0
2018-08-11 06:00:00,2018-08-11 07:00,0.98973,0.0,0.49076,0.003,0.49597,0.0,0.0,0.0,0.0
2018-08-11 07:00:00,2018-08-11 08:00,1.3788,0.0,0.50753,0.35073,0.52054,0.0,0.0,0.0,0.0
2018-08-11 08:00:00,2018-08-11 09:00,1.1886,0.0,0.54932,0.003,0.63628,0.0,0.0,0.0,0.0
2018-08-11 09:00:00,2018-08-11 10:00,1.67833,0.0,0.63675,0.003,1.03858,0.0,0.0,0.0,0.0
2018-08-11 10:00:00,2018-08-11 11:00,1.59832,0.0,0.74731,0.003,0.84801,0.0,0.0,0.0,0.0
2018-08-11 11:00:00,2018-08-11 12:00,1.92085,0.0,0.86833,0.46188,0.59064,0.0,0.0,0.0,0.0
2018-08-11 12:00:00,2018-08-11 13:00,1.53451,0.0,0.99289,0.01438,0.52724,0.0,0.0,0.0,0.0
2018-08-11 13:00:00,2018-08-11 14:00,1.80392,0.0,1.22312,0.003,0.5778,0.02622,0.0,0.0,0.02622
2018-08-11 14:00:00,2018-08-11 15:00,1.8099,0.0,1.25964,0.003,0.54726,0.0,0.0,0.0,0.0
2018-08-11 15:00:00,2018-08-11 16:00,2.4357,0.0,1.34403,0.43891,0.65276,0.0,0.0,0.0,0.0
2018-08-11 16:00:00,2018-08-11 17:00,2.04759,0.0,1.36299,0.003,0.6816,0.0,0.0,0.0,0.0
2018-08-11 17:00:00,2018-08-11 18:00,2.00391,0.0,1.33639,0.003,0.66452,0.0,0.0,0.0,0.0
2018-08-11 18:00:00,2018-08-11 19:00,1.9285,0.0,1.27264,0.003,0.65286,0.0,0.0,0.0,0.0
2018-08-11 19:00:00,2018-08-11 20:00,1.91071,0.0,1.13974,0.003,0.76797,0.0,0.0,0.0,0.0
2018-08-11 20:00:00,2018-08-11 21:00,1.9589,0.0,1.05891,0.003,0.89699,0.0,0.0,0.0,0.0
2018-08-11 21:00:00,2018-08-11 22:00,2.49291,0.0,0.97154,0.42536,1.09601,0.0,0.0,0.0,0.0
2018-08-11 22:00:00,2018-08-11 23:00,1.66867,0.0,0.88413,0.003,0.78154,0.0,0.0,0.0,0.0
2018-08-11 23:00:00,2018-08-12 00:00,1.33257,0.0,0.80557,0.003,0.524,0.0,0.0,0.0,0.0
2018-08-12 00:00:00,2018-08-12 01:00,1.22788,0.0,0.74412,0.003,0.48076,0.0,0.0,0.0,0.0
2018-08-12 01:00:00,2018-08-12 02:00,1.15297,0.0,0.68288,0.003,0.46709,0.0,0.0,0.0,0.0
2018-08-12 02:00:00,2018-08-12 03:00,1.10548,0.0,0.64146,0.003,0.46102,0.0,0.0,0.0,0.0
2018-08-12 03:00:00,2018-08-12 04:00,1.06652,0.0,0.60464,0.003,0.45888,0.0,0.0,0.0,0.0
2018-08-12 04:00:00,2018-08-12 05:00,1.02936,0.0,0.57363,0.003,0.45273,0.0,0.0,0.0,0.0
2018-08-12 05:00:00,2018-08-12 06:00,1.00132,0.0,0.54325,0.003,0.45507,0.0,0.0,0.0,0.0
2018-08-12 06:00:00,2018-08-12 07:00,1.49456,0.0,0.51273,0.46177,0.52006,0.0,0.0,0.0,0.0
2018-08-12 07:00:00,2018-08-12 08:00,1.19622,0.0,0.53548,0.11342,0.54732,0.0,0.0,0.0,0.0
2018-08-12 08:00:00,2018-08-12 09:00,1.53431,0.0,0.58983,0.35496,0.58952,0.0,0.0,0.0,0.0
2018-08-12 09:00:00,2018-08-12 10:00,1.35403,0.0,0.73873,0.003,0.6123,0.01124,0.0,0.0,0.01124
2018-08-12 10:00:00,2018-08-12 11:00,1.77899,0.0,1.04805,0.003,0.72794,0.06933,0.0,0.0,0.06933
2018-08-12 11:00:00,2018-08-12 12:00,1.81463,0.0,1.06153,0.11457,0.63853,0.0,0.0,0.0,0.0
2018-08-12 12:00:00,2018-08-12 13:00,2.25935,0.0,1.21143,0.33573,0.71219,0.0,0.0,0.0,0.0
2018-08-12 13:00:00,2018-08-12 14:00,3.00104,0.0,1.37768,0.003,1.62036,0.0,0.0,0.0,0.0
2018-08-12 14:00:00,2018-08-12 15:00,3.92378,0.0,1.51994,0.11478,2.28906,0.0,0.0,0.0,0.0
2018-08-12 15:00:00,2018-08-12 16:00,2.63028,0.0,1.5757,0.34843,0.70615,0.0,0.0,0.0,0.0
2018-08-12 16:00:00,2018-08-12 17:00,2.45719,0.0,1.65484,0.003,0.79935,0.01124,0.0,0.0,0.01124
2018-08-12 17:00:00,2018-08-12 18:00,2.71531,0.0,1.74652,0.003,0.96579,0.04123,0.0,0.0,0.04123
2018-08-12 18:00:00,2018-08-12 19:00,2.52099,0.0,1.56168,0.003,0.95631,0.0,0.0,0.0,0.0
2018-08-12 19:00:00,2018-08-12 20:00,2.19627,0.0,1.36326,0.003,0.83001,0.0,0.0,0.0,0.0
2018-08-12 20:00:00,2018-08-12 21:00,2.50701,0.0,1.21077,0.35298,0.94326,0.0,0.0,0.0,0.0
2018-08-12 21:00:00,2018-08-12 22:00,2.18483,0.0,1.105,0.054,1.02583,0.0,0.0,0.0,0.0
2018-08-12 22:00:00,2018-08-12 23:00,1.72076,0.0,1.00202,0.003,0.71574,0.0,0.0,0.0,0.0
2018-08-12 23:00:00,2018-08-13 00:00,1.49973,0.0,0.94038,0.003,0.55635,0.0,0.0,0.0,0.0
2018-08-13 00:00:00,2018-08-13 01:00,1.38193,0.0,0.9011,0.003,0.47783,0.0,0.0,0.0,0.0
2018-08-13 01:00:00,2018-08-13 02:00,1.30203,0.0,0.8332,0.003,0.46583,0.0,0.0,0.0,0.0
2018-08-13 02:00:00,2018-08-13 03:00,1.23042,0.0,0.76762,0.003,0.4598,0.0,0.0,0.0,0.0
2018-08-13 03:00:00,2018-08-13 04:00,1.19366,0.0,0.7337,0.003,0.45696,0.0,0.0,0.0,0.0
2018-08-13 04:00:00,2018-08-13 05:00,1.145,0.0,0.6967,0.003,0.4453,0.0,0.0,0.0,0.0
2018-08-13 05:00:00,2018-08-13 06:00,1.46434,0.0,0.72853,0.2336,0.50221,0.03935,0.0,0.0,0.03935
2018-08-13 06:00:00,2018-08-13 07:00,1.59397,0.0,0.74704,0.25093,0.596,0.04123,0.0,0.0,0.04123
2018-08-13 07:00:00,2018-08-13 08:00,1.21338,0.0,0.66414,0.003,0.54624,0.0,0.0,0.0,0.0
2018-08-13 08:00:00,2018-08-13 09:00,1.17866,0.0,0.70101,0.003,0.47465,0.0,0.0,0.0,0.0
2018-08-13 09:00:00,2018-08-13 10:00,1.31279,0.0,0.8324,0.003,0.47739,0.0,0.0,0.0,0.0
2018-08-13 10:00:00,2018-08-13 11:00,1.51945,0.0,1.00494,0.003,0.51151,0.0,0.0,0.0,0.0
2018-08-13 11:00:00,2018-08-13 12:00,1.67334,0.0,1.16607,0.003,0.50427,0.0,0.0,0.0,0.0
2018-08-13 12:00:00,2018-08-13 13:00,2.1157,0.0,1.35786,0.23283,0.52501,0.0,0.0,0.0,0.0
2018-08-13 13:00:00,2018-08-13 14:00,2.42549,0.0,1.57161,0.32541,0.52847,0.0,0.0,0.0,0.0
2018-08-13 14:00:00,2018-08-13 15:00,2.16977,0.0,1.63634,0.003,0.53043,0.0,0.0,0.0,0.0
2018-08-13 15:00:00,2018-08-13 16:00,2.26782,0.0,1.72273,0.003,0.54209,0.0,0.0,0.0,0.0
2018-08-13 16:00:00,2018-08-13 17:00,2.7277,0.0,1.75276,0.40311,0.57183,0.0,0.0,0.0,0.0
2018-08-13 17:00:00,2018-08-13 18:00,2.5372,0.0,1.80845,0.003,0.72575,0.02622,0.0,0.0,0.02622
2018-08-13 18:00:00,2018-08-13 19:00,2.54838,0.0,1.70087,0.003,0.84451,0.0,0.0,0.0,0.0
2018-08-13 19:00:00,2018-08-13 20:00,2.79235,0.0,1.58036,0.003,1.20899,0.02622,0.0,0.0,0.02622
2018-08-13 20:00:00,2018-08-13 21:00,3.92936,0.0,1.39,0.31762,2.22174,0.0,0.0,0.0,0.0
2018-08-13 21:00:00,2018-08-13 22:00,2.24045,0.0,1.19754,0.003,1.03991,0.0,0.0,0.0,0.0
2018-08-13 22:00:00,2018-08-13 23:00,1.78572,0.0,1.08246,0.003,0.70026,0.0,0.0,0.0,0.0
2018-08-13 23:00:00,2018-08-14 00:00,1.48411,0.0,0.99916,0.003,0.48195,0.0,0.0,0.0,0.0
2018-08-14 00:00:00,2018-08-14 01:00,1.38872,0.0,0.91544,0.003,0.47028,0.0,0.0,0.0,0.0
2018-08-14 01:00:00,2018-08-14 02:00,1.31672,0.0,0.84788,0.003,0.46584,0.0,0.0,0.0,0.0
2018-08-14 02:00:00,2018-08-14 03:00,1.27285,0.0,0.81007,0.003,0.45978,0.0,0.0,0.0,0.0
2018-08-14 03:00:00,2018-08-14 04:00,1.54732,0.0,0.78307,0.30662,0.45763,0.0,0.0,0.0,0.0
2018-08-14 04:00:00,2018-08-14 05:00,1.18409,0.0,0.72924,0.003,0.45185,0.0,0.0,0.0,0.0
2018-08-14 05:00:00,2018-08-14 06:00,1.37807,0.0,0.68589,0.23214,0.46004,0.0,0.0,0.0,0.0
2018-08-14 06:00:00,2018-08-14 07:00,1.53276,0.0,0.68262,0.29962,0.55052,0.0,0.0,0.0,0.0
2018-08-14 07:00:00,2018-08-14 08:00,1.66972,0.0,0.70964,0.003,0.95708,0.0,0.0,0.0,0.0
2018-08-14 08:00:00,2018-08-14 09:00,3.10079,0.0,0.81385,0.45902,1.82792,0.0,0.0,0.0,0.0
2018-08-14 09:00:00,2018-08-14 10:00,1.5656,0.0,0.81113,0.18786,0.56661,0.0,0.0,0.0,0.0
2018-08-14 10:00:00,2018-08-14 11:00,1.39738,0.0,0.90443,0.003,0.48995,0.0,0.0,0.0,0.0
2018-08-14 11:00:00,2018-08-14 12:00,1.52347,0.0,1.05235,0.003,0.46812,0.0,0.0,0.0,0.0
2018-08-14 12:00:00,2018-08-14 13:00,1.54981,0.0,1.07034,0.003,0.47647,0.0,0.0,0.0,0.0
2018-08-14 13:00:00,2018-08-14 14:00,1.5506,0.0,1.07035,0.003,0.47725,0.0,0.0,0.0,0.0
2018-08-14 14:00:00,2018-08-14 15:00,1.6563,0.0,1.17603,0.003,0.47727,0.0,0.0,0.0,0.0
2018-08-14 15:00:00,2018-08-14 16:00,1.75257,0.0,1.27445,0.003,0.47512,0.0,0.0,0.0,0.0
2018-08-14 16:00:00,2018-08-14 17:00,1.99466,0.0,1.38588,0.003,0.60578,0.01124,0.0,0.0,0.01124
2018-08-14 17:00:00,2018-08-14 18:00,2.25208,0.0,1.49958,0.003,0.7495,0.06933,0.0,0.0,0.06933
2018-08-14 18:00:00,2018-08-14 19:00,2.34393,0.0,1.26133,0.31151,0.77109,0.0,0.0,0.0,0.0
2018-08-14 19:00:00,2018-08-14 20:00,2.21006,0.0,1.22924,0.003,0.97782,0.02622,0.0,0.0,0.02622
2018-08-14 20:00:00,2018-08-14 21:00,2.43666,0.0,1.2068,0.003,1.22686,0.02622,0.0,0.0,0.02622
2018-08-14 21:00:00,2018-08-14 22:00,2.07853,0.0,1.05156,0.003,1.02397,0.0,0.0,0.0,0.0
2018-08-14 22:00:00,2018-08-14 23:00,1.67423,0.0,0.95765,0.003,0.71358,0.0,0.0,0.0,0.0
2018-08-14 23:00:00,2018-08-15 00:00,1.34162,0.0,0.86258,0.003,0.47604,0.0,0.0,0.0,0.0
2018-08-15 00:00:00,2018-08-15 01:00,1.37494,0.0,0.78745,0.11724,0.47025,0.0,0.0,0.0,0.0
2018-08-15 01:00:00,2018-08-15 02:00,1.3841,0.0,0.7317,0.18656,0.46584,0.0,0.0,0.0,0.0
2018-08-15 02:00:00,2018-08-15 03:00,1.1375,0.0,0.67472,0.003,0.45978,0.0,0.0,0.0,0.0
2018-08-15 03:00:00,2018-08-15 04:00,1.08726,0.0,0.62732,0.003,0.45694,0.0,0.0,0.0,0.0
2018-08-15 04:00:00,2018-08-15 05:00,1.04494,0.0,0.59702,0.003,0.44492,0.0,0.0,0.0,0.0
2018-08-15 05:00:00,2018-08-15 06:00,1.32607,0.0,0.54165,0.003,0.78142,0.0,0.0,0.0,0.0
2018-08-15 06:00:00,2018-08-15 07:00,3.72827,0.0,0.54861,0.46945,2.71021,0.01124,0.0,0.0,0.01124
2018-08-15 07:00:00,2018-08-15 08:00,1.34134,0.0,0.66776,0.03474,0.63884,0.04123,0.0,0.0,0.04123
2018-08-15 08:00:00,2018-08-15 09:00,1.54023,0.0,0.62586,0.34771,0.56666,0.0,0.0,0.0,0.0
2018-08-15 09:00:00,2018-08-15 10:00,1.50167,0.0,0.69545,0.26783,0.53839,0.0,0.0,0.0,0.0
2018-08-15 10:00:00,2018-08-15 11:00,1.26507,0.0,0.79125,0.003,0.47082,0.0,0.0,0.0,0.0
2018-08-15 11:00:00,2018-08-15 12:00,1.42156,0.0,0.90673,0.003,0.51183,0.01124,0.0,0.0,0.01124
2018-08-15 12:00:00,2018-08-15 13:00,2.13343,0.0,1.14144,0.003,0.98899,0.04123,0.0,0.0,0.04123
2018-08-15 13:00:00,2018-08-15 14:00,3.4332,0.0,1.23061,0.003,2.19959,0.0,0.0,0.0,0.0
2018-08-15 14:00:00,2018-08-15 15:00,1.73107,0.0,1.25081,0.003,0.47726,0.0,0.0,0.0,0.0
2018-08-15 15:00:00,2018-08-15 16:00,1.81658,0.0,1.33846,0.003,0.47512,0.0,0.0,0.0,0.0
2018-08-15 16:00:00,2018-08-15 17:00,1.92691,0.0,1.40904,0.003,0.51487,0.0,0.0,0.0,0.0
2018-08-15 17:00:00,2018-08-15 18:00,2.45517,0.0,1.43102,0.35691,0.66724,0.0,0.0,0.0,0.0
2018-08-15 18:00:00,2018-08-15 19:00,2.18351,0.0,1.40942,0.003,0.77109,0.0,0.0,0.0,0.0
2018-08-15 19:00:00,2018-08-15 20:00,2.10768,0.0,1.24286,0.003,0.86182,0.0,0.0,0.0,0.0
2018-08-15 20:00:00,2018-08-15 21:00,2.6291,0.0,1.19182,0.34746,1.08982,0.02622,0.0,0.0,0.02622
2018-08-15 21:00:00,2018-08-15 22:00,3.23398,0.0,1.10536,0.0667,2.06192,0.0,0.0,0.0,0.0
2018-08-15 22:00:00,2018-08-15 23:00,2.41012,0.0,0.97899,0.003,1.42813,0.0,0.0,0.0,0.0
2018-08-15 23:00:00,2018-08-16 00:00,1.70682,0.0,0.85174,0.34236,0.51272,0.0,0.0,0.0,0.0
2018-08-16 00:00:00,2018-08-16 01:00,1.46595,0.0,0.79212,0.19601,0.47782,0.0,0.0,0.0,0.0
2018-08-16 01:00:00,2018-08-16 02:00,1.22289,0.0,0.75405,0.003,0.46584,0.0,0.0,0.0,0.0
2018-08-16 02:00:00,2018-08-16 03:00,1.17306,0.0,0.71028,0.003,0.45978,0.0,0.0,0.0,0.0
2018-08-16 03:00:00,2018-08-16 04:00,1.11553,0.0,0.65491,0.003,0.45762,0.0,0.0,0.0,0.0
2018-08-16 04:00:00,2018-08-16 05:00,1.07388,0.0,0.61902,0.003,0.45186,0.0,0.0,0.0,0.0
2018-08-16 05:00:00,2018-08-16 06:00,1.20918,0.0,0.69657,0.003,0.50961,0.05247,0.0,0.0,0.05247
2018-08-16 06:00:00,2018-08-16 07:00,1.5586,0.0,0.58595,0.44393,0.52872,0.0,0.0,0.0,0.0
2018-08-16 07:00:00,2018-08-16 08:00,1.19269,0.0,0.59653,0.003,0.59316,0.0,0.0,0.0,0.0
2018-08-16 08:00:00,2018-08-16 09:00,1.57094,0.0,0.62993,0.44124,0.49977,0.0,0.0,0.0,0.0
2018-08-16 09:00:00,2018-08-16 10:00,1.20554,0.0,0.72514,0.003,0.4774,0.0,0.0,0.0,0.0
2018-08-16 10:00:00,2018-08-16 11:00,1.30962,0.0,0.83579,0.003,0.47083,0.0,0.0,0.0,0.0
2018-08-16 11:00:00,2018-08-16 12:00,1.43651,0.0,0.9654,0.003,0.46811,0.0,0.0,0.0,0.0
2018-08-16 12:00:00,2018-08-16 13:00,1.56933,0.0,1.08989,0.003,0.47644,0.0,0.0,0.0,0.0
2018-08-16 13:00:00,2018-08-16 14:00,1.58865,0.0,1.10838,0.003,0.47727,0.0,0.0,0.0,0.0
2018-08-16 14:00:00,2018-08-16 15:00,1.48262,0.0,0.98935,0.003,0.49027,0.0,0.0,0.0,0.0
2018-08-16 15:00:00,2018-08-16 16:00,1.51438,0.0,1.00695,0.003,0.50443,0.0,0.0,0.0,0.0
2018-08-16 16:00:00,2018-08-16 17:00,1.84251,0.0,1.08728,0.23178,0.52345,0.0,0.0,0.0,0.0
2018-08-16 17:00:00,2018-08-16 18:00,2.3994,0.0,1.21507,0.46482,0.71951,0.03935,0.0,0.0,0.03935
2018-08-16 18:00:00,2018-08-16 19:00,2.10496,0.0,1.24747,0.003,0.85449,0.04123,0.0,0.0,0.04123
2018-08-16 19:00:00,2018-08-16 20:00,2.02117,0.0,1.06252,0.003,0.95565,0.0,0.0,0.0,0.0
2018-08-16 20:00:00,2018-08-16 21:00,2.17791,0.0,1.04528,0.003,1.12963,0.0,0.0,0.0,0.0
2018-08-16 21:00:00,2018-08-16 22:00,2.00614,0.0,0.99065,0.003,1.01249,0.0,0.0,0.0,0.0
2018-08-16 22:00:00,2018-08-16 23:00,1.59847,0.0,0.89124,0.003,0.70423,0.0,0.0,0.0,0.0
2018-08-16 23:00:00,2018-08-17 00:00,1.58655,0.0,0.80625,0.23163,0.54867,0.0,0.0,0.0,0.0
2018-08-17 00:00:00,2018-08-17 01:00,1.30547,0.0,0.73739,0.09049,0.47759,0.0,0.0,0.0,0.0
2018-08-17 01:00:00,2018-08-17 02:00,1.14693,0.0,0.67853,0.003,0.4654,0.0,0.0,0.0,0.0
2018-08-17 02:00:00,2018-08-17 03:00,1.10265,0.0,0.63987,0.003,0.45978,0.0,0.0,0.0,0.0
2018-08-17 03:00:00,2018-08-17 04:00,1.06251,0.0,0.60621,0.003,0.4533,0.0,0.0,0.0,0.0
2018-08-17 04:00:00,2018-08-17 05:00,1.0249,0.0,0.57003,0.003,0.45187,0.0,0.0,0.0,0.0
2018-08-17 05:00:00,2018-08-17 06:00,1.23255,0.0,0.53734,0.23234,0.46287,0.0,0.0,0.0,0.0
2018-08-17 06:00:00,2018-08-17 07:00,1.40966,0.0,0.5187,0.29189,0.59907,0.0,0.0,0.0,0.0
2018-08-17 07:00:00,2018-08-17 08:00,1.3456,0.0,0.52733,0.22915,0.58912,0.0,0.0,0.0,0.0
2018-08-17 08:00:00,2018-08-17 09:00,1.23329,0.0,0.56253,0.12041,0.55035,0.0,0.0,0.0,0.0
2018-08-17 09:00:00,2018-08-17 10:00,1.2019,0.0,0.6792,0.003,0.5197,0.0,0.0,0.0,0.0
2018-08-17 10:00:00,2018-08-17 11:00,1.52723,0.0,0.80001,0.22771,0.49951,0.0,0.0,0.0,0.0
2018-08-17 11:00:00,2018-08-17 12:00,1.5327,0.0,0.86582,0.15033,0.51655,0.0,0.0,0.0,0.0
2018-08-17 12:00:00,2018-08-17 13:00,1.40649,0.0,0.90774,0.003,0.49575,0.0,0.0,0.0,0.0
2018-08-17 13:00:00,2018-08-17 14:00,1.41016,0.0,0.92472,0.003,0.48244,0.0,0.0,0.0,0.0
2018-08-17 14:00:00,2018-08-17 15:00,1.52803,0.0,0.99461,0.003,0.53042,0.0,0.0,0.0,0.0
2018-08-17 15:00:00,2018-08-17 16:00,1.92612,0.0,1.11143,0.22838,0.58631,0.0,0.0,0.0,0.0
2018-08-17 16:00:00,2018-08-17 17:00,2.04246,0.0,1.21755,0.18004,0.64487,0.01124,0.0,0.0,0.01124
2018-08-17 17:00:00,2018-08-17 18:00,2.22089,0.0,1.40344,0.003,0.81445,0.08058,0.0,0.0,0.08058
2018-08-17 18:00:00,2018-08-17 19:00,2.60126,0.0,1.4877,0.11601,0.99755,0.11242,0.0,0.0,0.11242
2018-08-17 19:00:00,2018-08-17 20:00,2.66688,0.0,1.32382,0.23214,1.11092,0.06557,0.0,0.0,0.06557
2018-08-17 20:00:00,2018-08-17 21:00,3.14707,0.0,1.11479,0.003,2.02928,0.0,0.0,0.0,0.0
2018-08-17 21:00:00,2018-08-17 22:00,3.69537,0.0,1.00214,0.003,2.69023,0.0,0.0,0.0,0.0
2018-08-17 22:00:00,2018-08-17 23:00,1.62608,0.0,0.89262,0.003,0.73046,0.02622,0.0,0.0,0.02622
2018-08-17 23:00:00,2018-08-18 00:00,1.31422,0.0,0.76119,0.003,0.55003,0.0,0.0,0.0,0.0
2018-08-18 00:00:00,2018-08-18 01:00,1.43956,0.0,0.71747,0.23191,0.49018,0.0,0.0,0.0,0.0
2018-08-18 01:00:00,2018-08-18 02:00,1.31009,0.0,0.66119,0.18519,0.46371,0.0,0.0,0.0,0.0
2018-08-18 02:00:00,2018-08-18 03:00,1.06242,0.0,0.60508,0.003,0.45434,0.0,0.0,0.0,0.0
2018-08-18 03:00:00,2018-08-18 04:00,1.02603,0.0,0.56488,0.003,0.45815,0.0,0.0,0.0,0.0
2018-08-18 04:00:00,2018-08-18 05:00,0.97719,0.0,0.52806,0.003,0.44613,0.0,0.0,0.0,0.0
2018-08-18 05:00:00,2018-08-18 06:00,1.39786,0.0,0.48944,0.45157,0.45685,0.0,0.0,0.0,0.0
2018-08-18 06:00:00,2018-08-18 07:00,1.20618,0.0,0.50305,0.1526,0.55053,0.02622,0.0,0.0,0.02622
2018-08-18 07:00:00,2018-08-18 08:00,1.08783,0.0,0.50444,0.003,0.58039,0.0,0.0,0.0,0.0
2018-08-18 08:00:00,2018-08-18 09:00,1.11872,0.0,0.52827,0.003,0.58745,0.0,0.0,0.0,0.0
2018-08-18 09:00:00,2018-08-18 10:00,1.59363,0.0,0.59778,0.34266,0.65319,0.0,0.0,0.0,0.0
2018-08-18 10:00:00,2018-08-18 11:00,1.49893,0.0,0.70429,0.13605,0.65859,0.0,0.0,0.0,0.0
2018-08-18 11:00:00,2018-08-18 12:00,1.49036,0.0,0.82641,0.003,0.66095,0.0,0.0,0.0,0.0
2018-08-18 12:00:00,2018-08-18 13:00,1.69337,0.0,0.95848,0.003,0.73189,0.0,0.0,0.0,0.0
2018-08-18 13:00:00,2018-08-18 14:00,1.98406,0.0,1.09888,0.11479,0.77039,0.0,0.0,0.0,0.0
2018-08-18 14:00:00,2018-08-18 15:00,2.31649,0.0,1.21738,0.27813,0.82098,0.0,0.0,0.0,0.0
2018-08-18 15:00:00,2018-08-18 16:00,3.19044,0.0,1.35459,0.003,1.83285,0.0,0.0,0.0,0.0
2018-08-18 16:00:00,2018-08-18 17:00,2.31662,0.0,1.32738,0.11587,0.87337,0.0,0.0,0.0,0.0
2018-08-18 17:00:00,2018-08-18 18:00,2.41003,0.0,1.29517,0.22841,0.88645,0.0,0.0,0.0,0.0
2018-08-18 18:00:00,2018-08-18 19:00,2.13101,0.0,1.23583,0.003,0.89218,0.0,0.0,0.0,0.0
2018-08-18 19:00:00,2018-08-18 20:00,2.3784,0.0,1.29168,0.003,1.08372,0.09556,0.0,0.0,0.09556
2018-08-18 20:00:00,2018-08-18 21:00,2.37629,0.0,1.26214,0.003,1.11115,0.11242,0.0,0.0,0.11242
2018-08-18 21:00:00,2018-08-18 22:00,1.84779,0.0,0.97755,0.003,0.86724,0.0075,0.0,0.0,0.0075
2018-08-18 22:00:00,2018-08-18 23:00,1.57454,0.0,0.85582,0.003,0.71572,0.0,0.0,0.0,0.0
2018-08-18 23:00:00,2018-08-19 00:00,1.25942,0.0,0.75529,0.003,0.50113,0.0,0.0,0.0,0.0
2018-08-19 00:00:00,2018-08-19 01:00,1.16631,0.0,0.69181,0.003,0.4715,0.0,0.0,0.0,0.0
2018-08-19 01:00:00,2018-08-19 02:00,1.36329,0.0,0.66217,0.23404,0.46708,0.0,0.0,0.0,0.0
2018-08-19 02:00:00,2018-08-19 03:00,1.14951,0.0,0.61865,0.06985,0.46101,0.0,0.0,0.0,0.0
2018-08-19 03:00:00,2018-08-19 04:00,1.03651,0.0,0.57463,0.003,0.45888,0.0,0.0,0.0,0.0
2018-08-19 04:00:00,2018-08-19 05:00,1.00109,0.0,0.54535,0.003,0.45274,0.0,0.0,0.0,0.0
2018-08-19 05:00:00,2018-08-19 06:00,0.97213,0.0,0.51667,0.003,0.45246,0.0,0.0,0.0,0.0
2018-08-19 06:00:00,2018-08-19 07:00,0.99849,0.0,0.49951,0.003,0.49598,0.0,0.0,0.0,0.0
2018-08-19 07:00:00,2018-08-19 08:00,1.01475,0.0,0.51771,0.003,0.49404,0.0,0.0,0.0,0.0
2018-08-19 08:00:00,2018-08-19 09:00,1.52869,0.0,0.60826,0.3335,0.58693,0.02622,0.0,0.0,0.02622
2018-08-19 09:00:00,2018-08-19 10:00,1.24421,0.0,0.64016,0.003,0.60105,0.0,0.0,0.0,0.0
2018-08-19 10:00:00,2018-08-19 11:00,1.55284,0.0,0.7785,0.11574,0.6586,0.0,0.0,0.0,0.0
2018-08-19 11:00:00,2018-08-19 12:00,2.0593,0.0,0.87822,0.45899,0.72209,0.0,0.0,0.0,0.0
2018-08-19 12:00:00,2018-08-19 13:00,3.12243,0.0,1.00733,0.4716,1.6435,0.0,0.0,0.0,0.0
2018-08-19 13:00:00,2018-08-19 14:00,3.69685,0.0,1.19656,0.07935,2.42094,0.0,0.0,0.0,0.0
2018-08-19 14:00:00,2018-08-19 15:00,2.02091,0.0,1.21974,0.003,0.79817,0.0,0.0,0.0,0.0
2018-08-19 15:00:00,2018-08-19 16:00,2.58154,0.0,1.29639,0.45533,0.82982,0.0,0.0,0.0,0.0
2018-08-19 16:00:00,2018-08-19 17:00,2.33578,0.0,1.36572,0.09667,0.87339,0.0,0.0,0.0,0.0
2018-08-19 17:00:00,2018-08-19 18:00,2.27431,0.0,1.34675,0.003,0.92456,0.0,0.0,0.0,0.0
2018-08-19 18:00:00,2018-08-19 19:00,2.33787,0.0,1.2865,0.003,1.04837,0.0,0.0,0.0,0.0
2018-08-19 19:00:00,2018-08-19 20:00,2.64174,0.0,1.39729,0.003,1.24145,0.09556,0.0,0.0,0.09556
2018-08-19 20:00:00,2018-08-19 21:00,2.7778,0.0,1.26072,0.22966,1.28742,0.03935,0.0,0.0,0.03935
2018-08-19 21:00:00,2018-08-19 22:00,2.44278,0.0,1.12069,0.19902,1.12307,0.01124,0.0,0.0,0.01124
2018-08-19 22:00:00,2018-08-19 23:00,1.99651,0.0,1.16054,0.003,0.83297,0.06933,0.0,0.0,0.06933
2018-08-19 23:00:00,2018-08-20 00:00,1.44599,0.0,0.92019,0.003,0.5228,0.0,0.0,0.0,0.0
2018-08-20 00:00:00,2018-08-20 01:00,1.29494,0.0,0.82169,0.003,0.47025,0.0,0.0,0.0,0.0
2018-08-20 01:00:00,2018-08-20 02:00,1.22164,0.0,0.75282,0.003,0.46582,0.0,0.0,0.0,0.0
2018-08-20 02:00:00,2018-08-20 03:00,1.18671,0.0,0.72393,0.003,0.45978,0.0,0.0,0.0,0.0
2018-08-20 03:00:00,2018-08-20 04:00,1.13929,0.0,0.67934,0.003,0.45695,0.0,0.0,0.0,0.0
2018-08-20 04:00:00,2018-08-20 05:00,1.52882,0.0,0.63433,0.44595,0.44854,0.0,0.0,0.0,0.0
2018-08-20 05:00:00,2018-08-20 06:00,1.05942,0.0,0.60239,0.003,0.45403,0.0,0.0,0.0,0.0
2018-08-20 06:00:00,2018-08-20 07:00,1.13524,0.0,0.60351,0.003,0.52873,0.0,0.0,0.0,0.0
2018-08-20 07:00:00,2018-08-20 08:00,1.11415,0.0,0.57505,0.003,0.5361,0.0,0.0,0.0,0.0
2018-08-20 08:00:00,2018-08-20 09:00,1.34549,0.0,0.57963,0.22908,0.53678,0.0,0.0,0.0,0.0
2018-08-20 09:00:00,2018-08-20 10:00,1.52981,0.0,0.60934,0.34904,0.57143,0.0,0.0,0.0,0.0
2018-08-20 10:00:00,2018-08-20 11:00,1.31317,0.0,0.63147,0.11503,0.56667,0.0,0.0,0.0,0.0
2018-08-20 11:00:00,2018-08-20 12:00,1.59528,0.0,0.65142,0.42505,0.51881,0.0,0.0,0.0,0.0
2018-08-20 12:00:00,2018-08-20 13:00,1.18703,0.0,0.67843,0.003,0.5056,0.0,0.0,0.0,0.0
2018-08-20 13:00:00,2018-08-20 14:00,1.21185,0.0,0.68568,0.003,0.52317,0.0,0.0,0.0,0.0
2018-08-20 14:00:00,2018-08-20 15:00,1.18133,0.0,0.70107,0.003,0.47726,0.0,0.0,0.0,0.0
2018-08-20 15:00:00,2018-08-20 16:00,1.38071,0.0,0.76277,0.11397,0.50397,0.0,0.0,0.0,0.0
2018-08-20 16:00:00,2018-08-20 17:00,1.69091,0.0,0.80758,0.31151,0.57182,0.0,0.0,0.0,0.0
2018-08-20 17:00:00,2018-08-20 18:00,1.60458,0.0,0.90813,0.003,0.69345,0.02622,0.0,0.0,0.02622
2018-08-20 18:00:00,2018-08-20 19:00,1.5493,0.0,0.77521,0.003,0.77109,0.0,0.0,0.0,0.0
2018-08-20 19:00:00,2018-08-20 20:00,1.60411,0.0,0.70321,0.003,0.8979,0.0,0.0,0.0,0.0
2018-08-20 20:00:00,2018-08-20 21:00,2.56563,0.0,0.69069,0.4033,1.47164,0.0,0.0,0.0,0.0
2018-08-20 21:00:00,2018-08-20 22:00,3.79109,0.0,0.66785,0.003,3.12024,0.0,0.0,0.0,0.0
2018-08-20 22:00:00,2018-08-20 23:00,2.34684,0.0,0.60319,0.003,1.74065,0.0,0.0,0.0,0.0
2018-08-20 23:00:00,2018-08-21 00:00,1.03221,0.0,0.54727,0.003,0.48194,0.0,0.0,0.0,0.0
2018-08-21 00:00:00,2018-08-21 01:00,0.986,0.0,0.51275,0.003,0.47025,0.0,0.0,0.0,0.0
2018-08-21 01:00:00,2018-08-21 02:00,0.95294,0.0,0.4841,0.003,0.46584,0.0,0.0,0.0,0.0
2018-08-21 02:00:00,2018-08-21 03:00,0.9257,0.0,0.46292,0.003,0.45978,0.0,0.0,0.0,0.0
2018-08-21 03:00:00,2018-08-21 04:00,0.90003,0.0,0.4394,0.003,0.45763,0.0,0.0,0.0,0.0
2018-08-21 04:00:00,2018-08-21 05:00,0.85859,0.0,0.4041,0.003,0.45149,0.0,0.0,0.0,0.0
2018-08-21 05:00:00,2018-08-21 06:00,0.85406,0.0,0.39524,0.003,0.45582,0.0,0.0,0.0,0.0
2018-08-21 06:00:00,2018-08-21 07:00,1.30964,0.0,0.40196,0.34603,0.56165,0.01124,0.0,0.0,0.01124
2018-08-21 07:00:00,2018-08-21 08:00,1.07437,0.0,0.47301,0.003,0.59836,0.04123,0.0,0.0,0.04123
2018-08-21 08:00:00,2018-08-21 09:00,1.13664,0.0,0.38505,0.23089,0.5207,0.0,0.0,0.0,0.0
2018-08-21 09:00:00,2018-08-21 10:00,1.1503,0.0,0.40283,0.22297,0.5245,0.0,0.0,0.0,0.0
2018-08-21 10:00:00,2018-08-21 11:00,0.99291,0.0,0.43541,0.003,0.5545,0.0,0.0,0.0,0.0
2018-08-21 11:00:00,2018-08-21 12:00,0.89795,0.0,0.41965,0.003,0.4753,0.0,0.0,0.0,0.0
2018-08-21 12:00:00,2018-08-21 13:00,1.25288,0.0,0.44805,0.32839,0.47644,0.0,0.0,0.0,0.0
2018-08-21 13:00:00,2018-08-21 14:00,0.9554,0.0,0.47513,0.003,0.47727,0.0,0.0,0.0,0.0
2018-08-21 14:00:00,2018-08-21 15:00,1.0368,0.0,0.54353,0.003,0.49027,0.0,0.0,0.0,0.0
2018-08-21 15:00:00,2018-08-21 16:00,1.08108,0.0,0.60297,0.003,0.47511,0.0,0.0,0.0,0.0
2018-08-21 16:00:00,2018-08-21 17:00,1.13072,0.0,0.61283,0.003,0.51489,0.0,0.0,0.0,0.0
2018-08-21 17:00:00,2018-08-21 18:00,1.56797,0.0,0.66916,0.23159,0.66722,0.0,0.0,0.0,0.0
2018-08-21 18:00:00,2018-08-21 19:00,1.57161,0.0,0.66435,0.13617,0.77109,0.0,0.0,0.0,0.0
2018-08-21 19:00:00,2018-08-21 20:00,1.56077,0.0,0.62377,0.003,0.934,0.0,0.0,0.0,0.0
2018-08-21 20:00:00,2018-08-21 21:00,1.80993,0.0,0.61481,0.003,1.19212,0.0,0.0,0.0,0.0
2018-08-21 21:00:00,2018-08-21 22:00,2.00744,0.0,0.57944,0.22939,1.19861,0.0,0.0,0.0,0.0
2018-08-21 22:00:00,2018-08-21 23:00,1.65323,0.0,0.4899,0.25283,0.9105,0.0,0.0,0.0,0.0
2018-08-21 23:00:00,2018-08-22 00:00,0.96613,0.0,0.41359,0.003,0.54954,0.0,0.0,0.0,0.0
2018-08-22 00:00:00,2018-08-22 01:00,0.82833,0.0,0.34641,0.003,0.47892,0.0,0.0,0.0,0.0
2018-08-22 01:00:00,2018-08-22 02:00,0.78878,0.0,0.32105,0.003,0.46473,0.0,0.0,0.0,0.0
2018-08-22 02:00:00,2018-08-22 03:00,0.73057,0.0,0.2678,0.003,0.45977,0.0,0.0,0.0,0.0
2018-08-22 03:00:00,2018-08-22 04:00,0.82361,0.0,0.2497,0.11696,0.45695,0.0,0.0,0.0,0.0
2018-08-22 04:00:00,2018-08-22 05:00,0.99485,0.0,0.23756,0.312,0.44529,0.0,0.0,0.0,0.0
2018-08-22 05:00:00,2018-08-22 06:00,0.6368,0.0,0.18043,0.003,0.45337,0.0,0.0,0.0,0.0
2018-08-22 06:00:00,2018-08-22 07:00,0.87112,0.0,0.11062,0.22479,0.53571,0.01124,0.0,0.0,0.01124
2018-08-22 07:00:00,2018-08-22 08:00,1.09827,0.0,0.18109,0.31945,0.59773,0.01498,0.0,0.0,0.01498
2018-08-22 08:00:00,2018-08-22 09:00,0.77881,0.0,0.23688,0.003,0.53893,0.0,0.0,0.0,0.0
2018-08-22 09:00:00,2018-08-22 10:00,1.10601,0.0,0.35178,0.22975,0.52448,0.0,0.0,0.0,0.0
2018-08-22 10:00:00,2018-08-22 11:00,1.24856,0.0,0.4668,0.21143,0.57033,0.0,0.0,0.0,0.0
2018-08-22 11:00:00,2018-08-22 12:00,2.57394,0.0,0.62312,0.003,1.94782,0.0,0.0,0.0,0.0
2018-08-22 12:00:00,2018-08-22 13:00,1.73714,0.0,0.68319,0.36596,0.68799,0.0,0.0,0.0,0.0
2018-08-22 13:00:00,2018-08-22 14:00,1.26999,0.0,0.73852,0.003,0.52847,0.0,0.0,0.0,0.0
2018-08-22 14:00:00,2018-08-22 15:00,1.3769,0.0,0.84348,0.003,0.53042,0.0,0.0,0.0,0.0
2018-08-22 15:00:00,2018-08-22 16:00,1.4535,0.0,0.90842,0.003,0.54208,0.0,0.0,0.0,0.0
2018-08-22 16:00:00,2018-08-22 17:00,2.03647,0.0,0.97874,0.45957,0.59816,0.0,0.0,0.0,0.0
2018-08-22 17:00:00,2018-08-22 18:00,1.72001,0.0,0.97349,0.06634,0.68018,0.0,0.0,0.0,0.0
2018-08-22 18:00:00,2018-08-22 19:00,3.1105,0.0,0.98761,0.003,2.11989,0.0,0.0,0.0,0.0
2018-08-22 19:00:00,2018-08-22 20:00,2.38779,0.0,0.84101,0.003,1.54378,0.0,0.0,0.0,0.0
2018-08-22 20:00:00,2018-08-22 21:00,1.95317,0.0,0.75804,0.003,1.19213,0.0,0.0,0.0,0.0
2018-08-22 21:00:00,2018-08-22 22:00,2.16564,0.0,0.68545,0.3383,1.14189,0.0,0.0,0.0,0.0
2018-08-22 22:00:00,2018-08-22 23:00,1.56531,0.0,0.58207,0.26569,0.71755,0.0,0.0,0.0,0.0
2018-08-22 23:00:00,2018-08-23 00:00,0.97893,0.0,0.49398,0.003,0.48195,0.0,0.0,0.0,0.0
2018-08-23 00:00:00,2018-08-23 01:00,0.93845,0.0,0.46521,0.003,0.47024,0.0,0.0,0.0,0.0
2018-08-23 01:00:00,2018-08-23 02:00,0.89312,0.0,0.42429,0.003,0.46583,0.0,0.0,0.0,0.0
2018-08-23 02:00:00,2018-08-23 03:00,0.83295,0.0,0.37016,0.003,0.45979,0.0,0.0,0.0,0.0
2018-08-23 03:00:00,2018-08-23 04:00,0.79671,0.0,0.33608,0.003,0.45763,0.0,0.0,0.0,0.0
2018-08-23 04:00:00,2018-08-23 05:00,0.76213,0.0,0.30725,0.003,0.45188,0.0,0.0,0.0,0.0
2018-08-23 05:00:00,2018-08-23 06:00,0.96365,0.0,0.27469,0.2318,0.45716,0.0,0.0,0.0,0.0
2018-08-23 06:00:00,2018-08-23 07:00,0.96755,0.0,0.22454,0.23278,0.51023,0.0,0.0,0.0,0.0
2018-08-23 07:00:00,2018-08-23 08:00,1.02678,0.0,0.27065,0.22639,0.52974,0.0,0.0,0.0,0.0
2018-08-23 08:00:00,2018-08-23 09:00,1.18148,0.0,0.32231,0.33845,0.52072,0.0,0.0,0.0,0.0
2018-08-23 09:00:00,2018-08-23 10:00,0.90975,0.0,0.39883,0.003,0.50792,0.0,0.0,0.0,0.0
2018-08-23 10:00:00,2018-08-23 11:00,0.96071,0.0,0.48689,0.003,0.47082,0.0,0.0,0.0,0.0
2018-08-23 11:00:00,2018-08-23 12:00,1.05233,0.0,0.58123,0.003,0.4681,0.0,0.0,0.0,0.0
2018-08-23 12:00:00,2018-08-23 13:00,1.15604,0.0,0.67658,0.003,0.47646,0.0,0.0,0.0,0.0
2018-08-23 13:00:00,2018-08-23 14:00,1.2349,0.0,0.75463,0.003,0.47727,0.0,0.0,0.0,0.0
2018-08-23 14:00:00,2018-08-23 15:00,1.29118,0.0,0.81091,0.003,0.47727,0.0,0.0,0.0,0.0
2018-08-23 15:00:00,2018-08-23 16:00,1.32361,0.0,0.8455,0.003,0.47511,0.0,0.0,0.0,0.0
2018-08-23 16:00:00,2018-08-23 17:00,1.32391,0.0,0.83227,0.003,0.48864,0.0,0.0,0.0,0.0
2018-08-23 17:00:00,2018-08-23 18:00,1.3985,0.0,0.76559,0.11787,0.51504,0.0,0.0,0.0,0.0
2018-08-23 18:00:00,2018-08-23 19:00,1.6963,0.0,0.77104,0.22545,0.69981,0.0,0.0,0.0,0.0
2018-08-23 19:00:00,2018-08-23 20:00,1.99942,0.0,0.90529,0.003,1.09113,0.06745,0.0,0.0,0.06745
2018-08-23 20:00:00,2018-08-23 21:00,2.08294,0.0,0.88423,0.003,1.19571,0.03935,0.0,0.0,0.03935
2018-08-23 21:00:00,2018-08-23 22:00,1.77089,0.0,0.74393,0.003,1.02396,0.0,0.0,0.0,0.0
2018-08-23 22:00:00,2018-08-23 23:00,1.49681,0.0,0.68652,0.003,0.80729,0.0,0.0,0.0,0.0
2018-08-23 23:00:00,2018-08-24 00:00,1.56329,0.0,0.64012,0.39547,0.5277,0.0,0.0,0.0,0.0
2018-08-24 00:00:00,2018-08-24 01:00,1.06148,0.0,0.58823,0.003,0.47025,0.0,0.0,0.0,0.0
2018-08-24 01:00:00,2018-08-24 02:00,1.00308,0.0,0.53424,0.003,0.46584,0.0,0.0,0.0,0.0
2018-08-24 02:00:00,2018-08-24 03:00,0.95775,0.0,0.49496,0.003,0.45979,0.0,0.0,0.0,0.0
2018-08-24 03:00:00,2018-08-24 04:00,0.97273,0.0,0.50155,0.003,0.46818,0.01124,0.0,0.0,0.01124
2018-08-24 04:00:00,2018-08-24 05:00,0.97053,0.0,0.51027,0.003,0.45726,0.01498,0.0,0.0,0.01498
2018-08-24 05:00:00,2018-08-24 06:00,1.4672,0.0,0.45163,0.46931,0.54626,0.0,0.0,0.0,0.0
2018-08-24 06:00:00,2018-08-24 07:00,2.64296,0.0,0.44422,0.21666,1.98208,0.0,0.0,0.0,0.0
2018-08-24 07:00:00,2018-08-24 08:00,2.36252,0.0,0.44452,0.22705,1.69095,0.0,0.0,0.0,0.0
2018-08-24 08:00:00,2018-08-24 09:00,1.16717,0.0,0.41295,0.20385,0.55037,0.0,0.0,0.0,0.0
2018-08-24 09:00:00,2018-08-24 10:00,0.90063,0.0,0.38971,0.003,0.50792,0.0,0.0,0.0,0.0
2018-08-24 10:00:00,2018-08-24 11:00,0.85305,0.0,0.37922,0.003,0.47083,0.0,0.0,0.0,0.0
2018-08-24 11:00:00,2018-08-24 12:00,0.85407,0.0,0.38296,0.003,0.46811,0.0,0.0,0.0,0.0
2018-08-24 12:00:00,2018-08-24 13:00,0.85893,0.0,0.37949,0.003,0.47644,0.0,0.0,0.0,0.0
2018-08-24 13:00:00,2018-08-24 14:00,0.87674,0.0,0.39648,0.003,0.47726,0.0,0.0,0.0,0.0
2018-08-24 14:00:00,2018-08-24 15:00,1.17281,0.0,0.43503,0.22847,0.50931,0.0,0.0,0.0,0.0
2018-08-24 15:00:00,2018-08-24 16:00,1.94144,0.0,0.50998,0.46197,0.96949,0.02622,0.0,0.0,0.02622
2018-08-24 16:00:00,2018-08-24 17:00,1.9023,0.0,0.46406,0.11288,1.32536,0.0,0.0,0.0,0.0
2018-08-24 17:00:00,2018-08-24 18:00,1.21446,0.0,0.46339,0.11577,0.6353,0.0,0.0,0.0,0.0
2018-08-24 18:00:00,2018-08-24 19:00,1.94018,0.0,0.51636,0.46933,0.95449,0.0,0.0,0.0,0.0
2018-08-24 19:00:00,2018-08-24 20:00,1.57797,0.0,0.51998,0.02732,1.03067,0.0,0.0,0.0,0.0
2018-08-24 20:00:00,2018-08-24 21:00,1.73637,0.0,0.51467,0.003,1.2187,0.0,0.0,0.0,0.0
2018-08-24 21:00:00,2018-08-24 22:00,1.83751,0.0,0.51034,0.003,1.32417,0.0,0.0,0.0,0.0
2018-08-24 22:00:00,2018-08-24 23:00,1.98906,0.0,0.45278,0.003,1.53328,0.0,0.0,0.0,0.0
2018-08-24 23:00:00,2018-08-25 00:00,1.36627,0.0,0.40764,0.23137,0.72726,0.0,0.0,0.0,0.0
2018-08-25 00:00:00,2018-08-25 01:00,0.96186,0.0,0.38048,0.10986,0.47152,0.0,0.0,0.0,0.0
2018-08-25 01:00:00,2018-08-25 02:00,0.83516,0.0,0.36507,0.003,0.46709,0.0,0.0,0.0,0.0
2018-08-25 02:00:00,2018-08-25 03:00,0.81801,0.0,0.35397,0.003,0.46104,0.0,0.0,0.0,0.0
2018-08-25 03:00:00,2018-08-25 04:00,0.80352,0.0,0.34164,0.003,0.45888,0.0,0.0,0.0,0.0
2018-08-25 04:00:00,2018-08-25 05:00,0.78563,0.0,0.32991,0.003,0.45272,0.0,0.0,0.0,0.0
2018-08-25 05:00:00,2018-08-25 06:00,0.77738,0.0,0.32192,0.003,0.45246,0.0,0.0,0.0,0.0
2018-08-25 06:00:00,2018-08-25 07:00,0.79748,0.0,0.30274,0.003,0.49174,0.0,0.0,0.0,0.0
2018-08-25 07:00:00,2018-08-25 08:00,0.81157,0.0,0.32626,0.003,0.48231,0.0,0.0,0.0,0.0
2018-08-25 08:00:00,2018-08-25 09:00,1.24668,0.0,0.35297,0.23498,0.65873,0.0,0.0,0.0,0.0
2018-08-25 09:00:00,2018-08-25 10:00,1.29329,0.0,0.4442,0.11147,0.73762,0.02622,0.0,0.0,0.02622
2018-08-25 10:00:00,2018-08-25 11:00,1.14839,0.0,0.42444,0.003,0.72095,0.0,0.0,0.0,0.0
2018-08-25 11:00:00,2018-08-25 12:00,1.2655,0.0,0.4477,0.11524,0.70256,0.0,0.0,0.0,0.0
2018-08-25 12:00:00,2018-08-25 13:00,1.53837,0.0,0.48008,0.29563,0.76266,0.0,0.0,0.0,0.0
2018-08-25 13:00:00,2018-08-25 14:00,3.23098,0.0,0.59341,0.003,2.63457,0.0,0.0,0.0,0.0
2018-08-25 14:00:00,2018-08-25 15:00,2.53181,0.0,0.65421,0.003,1.8746,0.0,0.0,0.0,0.0
2018-08-25 15:00:00,2018-08-25 16:00,1.76214,0.0,0.70102,0.23129,0.82983,0.0,0.0,0.0,0.0
2018-08-25 16:00:00,2018-08-25 17:00,1.79392,0.0,0.77601,0.14453,0.87338,0.0,0.0,0.0,0.0
2018-08-25 17:00:00,2018-08-25 18:00,1.76847,0.0,0.84092,0.003,0.92455,0.0,0.0,0.0,0.0
2018-08-25 18:00:00,2018-08-25 19:00,2.12952,0.0,0.8527,0.22844,1.04838,0.0,0.0,0.0,0.0
2018-08-25 19:00:00,2018-08-25 20:00,2.19557,0.0,0.79293,0.25673,1.14591,0.0,0.0,0.0,0.0
2018-08-25 20:00:00,2018-08-25 21:00,1.98181,0.0,0.73073,0.003,1.24808,0.0,0.0,0.0,0.0
2018-08-25 21:00:00,2018-08-25 22:00,1.8679,0.0,0.67266,0.003,1.19224,0.0,0.0,0.0,0.0
2018-08-25 22:00:00,2018-08-25 23:00,1.30509,0.0,0.58635,0.003,0.71574,0.0,0.0,0.0,0.0
2018-08-25 23:00:00,2018-08-26 00:00,1.08488,0.0,0.52518,0.003,0.5567,0.0,0.0,0.0,0.0
2018-08-26 00:00:00,2018-08-26 01:00,0.96438,0.0,0.48063,0.003,0.48075,0.0,0.0,0.0,0.0
2018-08-26 01:00:00,2018-08-26 02:00,0.91964,0.0,0.44954,0.003,0.4671,0.0,0.0,0.0,0.0
2018-08-26 02:00:00,2018-08-26 03:00,0.89396,0.0,0.42991,0.003,0.46105,0.0,0.0,0.0,0.0
2018-08-26 03:00:00,2018-08-26 04:00,0.99765,0.0,0.4214,0.11737,0.45888,0.0,0.0,0.0,0.0
2018-08-26 04:00:00,2018-08-26 05:00,1.03481,0.0,0.40157,0.18049,0.45275,0.0,0.0,0.0,0.0
2018-08-26 05:00:00,2018-08-26 06:00,0.85794,0.0,0.40249,0.003,0.45245,0.0,0.0,0.0,0.0
2018-08-26 06:00:00,2018-08-26 07:00,0.89354,0.0,0.39878,0.003,0.49176,0.0,0.0,0.0,0.0
2018-08-26 07:00:00,2018-08-26 08:00,0.93315,0.0,0.43138,0.003,0.49877,0.01124,0.0,0.0,0.01124
2018-08-26 08:00:00,2018-08-26 09:00,1.49757,0.0,0.50096,0.34734,0.64927,0.01498,0.0,0.0,0.01498
2018-08-26 09:00:00,2018-08-26 10:00,1.3148,0.0,0.50497,0.15059,0.65924,0.0,0.0,0.0,0.0
2018-08-26 10:00:00,2018-08-26 11:00,1.28031,0.0,0.55638,0.003,0.72093,0.0,0.0,0.0,0.0
2018-08-26 11:00:00,2018-08-26 12:00,1.43265,0.0,0.59797,0.11611,0.71857,0.0,0.0,0.0,0.0
2018-08-26 12:00:00,2018-08-26 13:00,1.82423,0.0,0.82426,0.21561,0.78436,0.05247,0.0,0.0,0.05247
2018-08-26 13:00:00,2018-08-26 14:00,1.6367,0.0,0.87131,0.003,0.76239,0.0,0.0,0.0,0.0
2018-08-26 14:00:00,2018-08-26 15:00,1.88396,0.0,0.91583,0.23017,0.73796,0.0,0.0,0.0,0.0
2018-08-26 15:00:00,2018-08-26 16:00,2.02271,0.0,1.0713,0.21028,0.74113,0.0,0.0,0.0,0.0
2018-08-26 16:00:00,2018-08-26 17:00,1.97299,0.0,1.20253,0.003,0.76746,0.0,0.0,0.0,0.0
2018-08-26 17:00:00,2018-08-26 18:00,1.90496,0.0,1.18702,0.003,0.71494,0.0,0.0,0.0,0.0
2018-08-26 18:00:00,2018-08-26 19:00,2.20314,0.0,1.12846,0.23162,0.84306,0.0,0.0,0.0,0.0
2018-08-26 19:00:00,2018-08-26 20:00,2.11225,0.0,0.9936,0.13049,0.98816,0.0,0.0,0.0,0.0
2018-08-26 20:00:00,2018-08-26 21:00,2.00633,0.0,0.93984,0.003,1.06349,0.0,0.0,0.0,0.0
2018-08-26 21:00:00,2018-08-26 22:00,1.89013,0.0,0.90732,0.003,0.97981,0.0,0.0,0.0,0.0
2018-08-26 22:00:00,2018-08-26 23:00,1.54253,0.0,0.82807,0.003,0.71146,0.0,0.0,0.0,0.0
2018-08-26 23:00:00,2018-08-27 00:00,1.30605,0.0,0.77507,0.003,0.52798,0.0,0.0,0.0,0.0
2018-08-27 00:00:00,2018-08-27 01:00,1.46469,0.0,0.7506,0.23651,0.47758,0.0,0.0,0.0,0.0
2018-08-27 01:00:00,2018-08-27 02:00,1.29147,0.0,0.71831,0.1105,0.46266,0.0,0.0,0.0,0.0
2018-08-27 02:00:00,2018-08-27 03:00,1.16254,0.0,0.70784,0.003,0.4517,0.0,0.0,0.0,0.0
2018-08-27 03:00:00,2018-08-27 04:00,1.60416,0.0,0.73344,0.42158,0.44914,0.0,0.0,0.0,0.0
2018-08-27 04:00:00,2018-08-27 05:00,1.16386,0.0,0.71377,0.003,0.44709,0.0,0.0,0.0,0.0
2018-08-27 05:00:00,2018-08-27 06:00,1.37491,0.0,0.68898,0.22878,0.45715,0.0,0.0,0.0,0.0
2018-08-27 06:00:00,2018-08-27 07:00,1.4449,0.0,0.70049,0.20547,0.53894,0.0,0.0,0.0,0.0
2018-08-27 07:00:00,2018-08-27 08:00,1.21113,0.0,0.66189,0.003,0.54624,0.0,0.0,0.0,0.0
2018-08-27 08:00:00,2018-08-27 09:00,1.11184,0.0,0.63416,0.003,0.47468,0.0,0.0,0.0,0.0
2018-08-27 09:00:00,2018-08-27 10:00,1.15575,0.0,0.67534,0.003,0.47741,0.0,0.0,0.0,0.0
2018-08-27 10:00:00,2018-08-27 11:00,1.20702,0.0,0.73321,0.003,0.47081,0.0,0.0,0.0,0.0
2018-08-27 11:00:00,2018-08-27 12:00,1.50726,0.0,0.80377,0.23539,0.4681,0.0,0.0,0.0,0.0
2018-08-27 12:00:00,2018-08-27 13:00,1.3923,0.0,0.83894,0.07691,0.47645,0.0,0.0,0.0,0.0
2018-08-27 13:00:00,2018-08-27 14:00,1.33855,0.0,0.85828,0.003,0.47727,0.0,0.0,0.0,0.0
2018-08-27 14:00:00,2018-08-27 15:00,1.3605,0.0,0.88025,0.003,0.47725,0.0,0.0,0.0,0.0
2018-08-27 15:00:00,2018-08-27 16:00,1.43206,0.0,0.95396,0.003,0.4751,0.0,0.0,0.0,0.0
2018-08-27 16:00:00,2018-08-27 17:00,1.41309,0.0,0.92145,0.003,0.48864,0.0,0.0,0.0,0.0
2018-08-27 17:00:00,2018-08-27 18:00,1.35898,0.0,0.8196,0.003,0.53638,0.0,0.0,0.0,0.0
2018-08-27 18:00:00,2018-08-27 19:00,1.59433,0.0,0.85218,0.003,0.73915,0.03935,0.0,0.0,0.03935
2018-08-27 19:00:00,2018-08-27 20:00,2.24709,0.0,0.91716,0.23881,1.09112,0.06745,0.0,0.0,0.06745
2018-08-27 20:00:00,2018-08-27 21:00,2.00394,0.0,0.73196,0.05327,1.21871,0.0,0.0,0.0,0.0
2018-08-27 21:00:00,2018-08-27 22:00,1.87526,0.0,0.67364,0.003,1.19862,0.0,0.0,0.0,0.0
2018-08-27 22:00:00,2018-08-27 23:00,1.31707,0.0,0.58326,0.003,0.73081,0.0,0.0,0.0,0.0
2018-08-27 23:00:00,2018-08-28 00:00,0.98714,0.0,0.50808,0.003,0.47606,0.0,0.0,0.0,0.0
2018-08-28 00:00:00,2018-08-28 01:00,0.94208,0.0,0.46884,0.003,0.47024,0.0,0.0,0.0,0.0
2018-08-28 01:00:00,2018-08-28 02:00,0.90598,0.0,0.43716,0.003,0.46582,0.0,0.0,0.0,0.0
2018-08-28 02:00:00,2018-08-28 03:00,0.87629,0.0,0.41351,0.003,0.45978,0.0,0.0,0.0,0.0
2018-08-28 03:00:00,2018-08-28 04:00,0.83896,0.0,0.37833,0.003,0.45763,0.0,0.0,0.0,0.0
2018-08-28 04:00:00,2018-08-28 05:00,0.78175,0.0,0.32727,0.003,0.45148,0.0,0.0,0.0,0.0
2018-08-28 05:00:00,2018-08-28 06:00,0.76212,0.0,0.30511,0.003,0.45401,0.0,0.0,0.0,0.0
2018-08-28 06:00:00,2018-08-28 07:00,1.27894,0.0,0.3395,0.35571,0.58373,0.02622,0.0,0.0,0.02622
2018-08-28 07:00:00,2018-08-28 08:00,1.25017,0.0,0.31285,0.35456,0.58276,0.0,0.0,0.0,0.0
2018-08-28 08:00:00,2018-08-28 09:00,0.81433,0.0,0.27241,0.003,0.53892,0.0,0.0,0.0,0.0
2018-08-28 09:00:00,2018-08-28 10:00,1.01671,0.0,0.26758,0.22943,0.5197,0.0,0.0,0.0,0.0
2018-08-28 10:00:00,2018-08-28 11:00,0.85158,0.0,0.26024,0.12051,0.47083,0.0,0.0,0.0,0.0
2018-08-28 11:00:00,2018-08-28 12:00,0.73012,0.0,0.25901,0.003,0.46811,0.0,0.0,0.0,0.0
2018-08-28 12:00:00,2018-08-28 13:00,0.73745,0.0,0.25798,0.003,0.47647,0.0,0.0,0.0,0.0
2018-08-28 13:00:00,2018-08-28 14:00,0.74598,0.0,0.26571,0.003,0.47727,0.0,0.0,0.0,0.0
2018-08-28 14:00:00,2018-08-28 15:00,0.74597,0.0,0.26571,0.003,0.47726,0.0,0.0,0.0,0.0
2018-08-28 15:00:00,2018-08-28 16:00,0.76882,0.0,0.29071,0.003,0.47511,0.0,0.0,0.0,0.0
2018-08-28 16:00:00,2018-08-28 17:00,0.84564,0.0,0.30996,0.003,0.53268,0.0,0.0,0.0,0.0
2018-08-28 17:00:00,2018-08-28 18:00,1.12138,0.0,0.31659,0.23432,0.57047,0.0,0.0,0.0,0.0
2018-08-28 18:00:00,2018-08-28 19:00,1.14145,0.0,0.30298,0.18079,0.65768,0.0,0.0,0.0,0.0
2018-08-28 19:00:00,2018-08-28 20:00,1.11539,0.0,0.32619,0.003,0.7862,0.0,0.0,0.0,0.0
2018-08-28 20:00:00,2018-08-28 21:00,1.68064,0.0,0.3572,0.32731,0.99613,0.0,0.0,0.0,0.0
2018-08-28 21:00:00,2018-08-28 22:00,1.16785,0.0,0.31489,0.003,0.84996,0.0,0.0,0.0,0.0
2018-08-28 22:00:00,2018-08-28 23:00,1.02318,0.0,0.2653,0.11484,0.64304,0.0,0.0,0.0,0.0
2018-08-28 23:00:00,2018-08-29 00:00,0.98764,0.0,0.22604,0.27967,0.48193,0.0,0.0,0.0,0.0
2018-08-29 00:00:00,2018-08-29 01:00,0.63491,0.0,0.16167,0.003,0.47024,0.0,0.0,0.0,0.0
2018-08-29 01:00:00,2018-08-29 02:00,0.60373,0.0,0.1349,0.003,0.46583,0.0,0.0,0.0,0.0
2018-08-29 02:00:00,2018-08-29 03:00,0.56712,0.0,0.10434,0.003,0.45978,0.0,0.0,0.0,0.0
2018-08-29 03:00:00,2018-08-29 04:00,0.54595,0.0,0.08534,0.003,0.45761,0.0,0.0,0.0,0.0
2018-08-29 04:00:00,2018-08-29 05:00,0.52384,0.0,0.06935,0.003,0.45149,0.0,0.0,0.0,0.0
2018-08-29 05:00:00,2018-08-29 06:00,0.5016,0.0,0.0474,0.003,0.4512,0.0,0.0,0.0,0.0
2018-08-29 06:00:00,2018-08-29 07:00,0.49345,0.0,0.0,0.003,0.49045,0.0,0.0,0.0,0.0
2018-08-29 07:00:00,2018-08-29 08:00,0.52798,0.0,0.02894,0.003,0.49604,0.0,0.0,0.0,0.0
2018-08-29 08:00:00,2018-08-29 09:00,0.72399,0.0,0.08036,0.11828,0.52535,0.0,0.0,0.0,0.0
2018-08-29 09:00:00,2018-08-29 10:00,1.00003,0.0,0.16606,0.2344,0.59957,0.0,0.0,0.0,0.0
2018-08-29 10:00:00,2018-08-29 11:00,1.15909,0.0,0.24099,0.003,0.9151,0.0,0.0,0.0,0.0
2018-08-29 11:00:00,2018-08-29 12:00,3.24461,0.0,0.29509,0.2318,2.71772,0.0,0.0,0.0,0.0
2018-08-29 12:00:00,2018-08-29 13:00,2.58451,0.0,0.36862,0.13531,2.08058,0.0,0.0,0.0,0.0
2018-08-29 13:00:00,2018-08-29 14:00,1.01001,0.0,0.43251,0.003,0.5745,0.0,0.0,0.0,0.0
2018-08-29 14:00:00,2018-08-29 15:00,1.39754,0.0,0.48569,0.3493,0.56255,0.0,0.0,0.0,0.0
2018-08-29 15:00:00,2018-08-29 16:00,1.20569,0.0,0.55262,0.05791,0.59516,0.0,0.0,0.0,0.0
2018-08-29 16:00:00,2018-08-29 17:00,1.28554,0.0,0.63765,0.003,0.64489,0.01124,0.0,0.0,0.01124
2018-08-29 17:00:00,2018-08-29 18:00,1.7844,0.0,0.73129,0.33172,0.72139,0.04123,0.0,0.0,0.04123
2018-08-29 18:00:00,2018-08-29 19:00,1.43644,0.0,0.63438,0.003,0.79906,0.0,0.0,0.0,0.0
2018-08-29 19:00:00,2018-08-29 20:00,1.64957,0.0,0.58687,0.003,1.0597,0.0,0.0,0.0,0.0
2018-08-29 20:00:00,2018-08-29 21:00,1.93443,0.0,0.53121,0.2288,1.17442,0.0,0.0,0.0,0.0
2018-08-29 21:00:00,2018-08-29 22:00,1.78246,0.0,0.49525,0.21367,1.07354,0.0,0.0,0.0,0.0
2018-08-29 22:00:00,2018-08-29 23:00,0.99699,0.0,0.40087,0.003,0.59312,0.0,0.0,0.0,0.0
2018-08-29 23:00:00,2018-08-30 00:00,0.80194,0.0,0.32287,0.003,0.47607,0.0,0.0,0.0,0.0
2018-08-30 00:00:00,2018-08-30 01:00,0.77579,0.0,0.30254,0.003,0.47025,0.0,0.0,0.0,0.0
2018-08-30 01:00:00,2018-08-30 02:00,0.72408,0.0,0.25525,0.003,0.46583,0.0,0.0,0.0,0.0
2018-08-30 02:00:00,2018-08-30 03:00,0.69934,0.0,0.23657,0.003,0.45977,0.0,0.0,0.0,0.0
2018-08-30 03:00:00,2018-08-30 04:00,0.67865,0.0,0.21801,0.003,0.45764,0.0,0.0,0.0,0.0
2018-08-30 04:00:00,2018-08-30 05:00,0.97698,0.0,0.17938,0.34935,0.44825,0.0,0.0,0.0,0.0
2018-08-30 05:00:00,2018-08-30 06:00,0.84165,0.0,0.1618,0.21498,0.46487,0.0,0.0,0.0,0.0
2018-08-30 06:00:00,2018-08-30 07:00,0.70849,0.0,0.12521,0.003,0.58028,0.0,0.0,0.0,0.0
2018-08-30 07:00:00,2018-08-30 08:00,1.1079,0.0,0.18574,0.34336,0.5788,0.01124,0.0,0.0,0.01124
2018-08-30 08:00:00,2018-08-30 09:00,1.09974,0.0,0.33548,0.17892,0.58534,0.06933,0.0,0.0,0.06933
2018-08-30 09:00:00,2018-08-30 10:00,0.75229,0.0,0.2719,0.003,0.47739,0.0,0.0,0.0,0.0
2018-08-30 10:00:00,2018-08-30 11:00,0.82882,0.0,0.35499,0.003,0.47083,0.0,0.0,0.0,0.0
2018-08-30 11:00:00,2018-08-30 12:00,0.89869,0.0,0.42759,0.003,0.4681,0.0,0.0,0.0,0.0
2018-08-30 12:00:00,2018-08-30 13:00,1.17655,0.0,0.52781,0.11475,0.53399,0.01124,0.0,0.0,0.01124
2018-08-30 13:00:00,2018-08-30 14:00,1.70497,0.0,0.76142,0.32529,0.61826,0.06933,0.0,0.0,0.06933
2018-08-30 14:00:00,2018-08-30 15:00,1.21671,0.0,0.68329,0.003,0.53042,0.0,0.0,0.0,0.0
2018-08-30 15:00:00,2018-08-30 16:00,1.72225,0.0,0.77283,0.34829,0.60113,0.0,0.0,0.0,0.0
2018-08-30 16:00:00,2018-08-30 17:00,1.59572,0.0,0.85655,0.09703,0.64214,0.0,0.0,0.0,0.0
2018-08-30 17:00:00,2018-08-30 18:00,1.69322,0.0,0.82229,0.11364,0.75729,0.0,0.0,0.0,0.0
2018-08-30 18:00:00,2018-08-30 19:00,2.16996,0.0,0.78269,0.42223,0.96504,0.0,0.0,0.0,0.0
2018-08-30 19:00:00,2018-08-30 20:00,2.11991,0.0,0.75096,0.003,1.36595,0.0,0.0,0.0,0.0
2018-08-30 20:00:00,2018-08-30 21:00,1.5796,0.0,0.71329,0.003,0.86331,0.0,0.0,0.0,0.0
2018-08-30 21:00:00,2018-08-30 22:00,1.45605,0.0,0.6713,0.003,0.78175,0.0,0.0,0.0,0.0
2018-08-30 22:00:00,2018-08-30 23:00,1.1096,0.0,0.61602,0.003,0.49058,0.0,0.0,0.0,0.0
2018-08-30 23:00:00,2018-08-31 00:00,1.06342,0.0,0.58436,0.003,0.47606,0.0,0.0,0.0,0.0
2018-08-31 00:00:00,2018-08-31 01:00,1.05773,0.0,0.56188,0.003,0.49285,0.0,0.0,0.0,0.0
2018-08-31 01:00:00,2018-08-31 02:00,1.24774,0.0,0.55391,0.003,0.69083,0.0,0.0,0.0,0.0
2018-08-31 02:00:00,2018-08-31 03:00,3.27304,0.0,0.55235,0.40196,2.31873,0.0,0.0,0.0,0.0
2018-08-31 03:00:00,2018-08-31 04:00,1.54255,0.0,0.5078,0.003,1.03175,0.0,0.0,0.0,0.0
2018-08-31 04:00:00,2018-08-31 05:00,0.93483,0.0,0.48034,0.003,0.45149,0.0,0.0,0.0,0.0
2018-08-31 05:00:00,2018-08-31 06:00,0.92763,0.0,0.47062,0.003,0.45401,0.0,0.0,0.0,0.0
2018-08-31 06:00:00,2018-08-31 07:00,1.02676,0.0,0.47334,0.003,0.55042,0.0,0.0,0.0,0.0
2018-08-31 07:00:00,2018-08-31 08:00,1.34648,0.0,0.44901,0.35096,0.54651,0.0,0.0,0.0,0.0
2018-08-31 08:00:00,2018-08-31 09:00,0.99405,0.0,0.47036,0.003,0.52069,0.0,0.0,0.0,0.0
2018-08-31 09:00:00,2018-08-31 10:00,1.11919,0.0,0.59171,0.003,0.52448,0.0,0.0,0.0,0.0
2018-08-31 10:00:00,2018-08-31 11:00,1.14631,0.0,0.62451,0.003,0.5188,0.0,0.0,0.0,0.0
2018-08-31 11:00:00,2018-08-31 12:00,1.09683,0.0,0.57726,0.003,0.51657,0.0,0.0,0.0,0.0
2018-08-31 12:00:00,2018-08-31 13:00,1.52776,0.0,0.65533,0.35251,0.51992,0.0,0.0,0.0,0.0
2018-08-31 13:00:00,2018-08-31 14:00,1.31738,0.0,0.76525,0.07487,0.47726,0.0,0.0,0.0,0.0
2018-08-31 14:00:00,2018-08-31 15:00,1.38009,0.0,0.89985,0.003,0.47724,0.0,0.0,0.0,0.0
2018-08-31 15:00:00,2018-08-31 16:00,1.54491,0.0,1.0668,0.003,0.47511,0.0,0.0,0.0,0.0
2018-08-31 16:00:00,2018-08-31 17:00,1.68566,0.0,1.10584,0.003,0.57682,0.0,0.0,0.0,0.0
2018-08-31 17:00:00,2018-08-31 18:00,2.1399,0.0,1.30099,0.003,0.83591,0.08058,0.0,0.0,0.08058
2018-08-31 18:00:00,2018-08-31 19:00,2.18265,0.0,1.08528,0.30956,0.78781,0.0,0.0,0.0,0.0
2018-08-31 19:00:00,2018-08-31 20:00,1.82838,0.0,0.94598,0.003,0.8794,0.0,0.0,0.0,0.0
2018-08-31 20:00:00,2018-08-31 21:00,2.17172,0.0,0.9681,0.003,1.20062,0.0,0.0,0.0,0.0
2018-08-31 21:00:00,2018-08-31 22:00,1.95368,0.0,0.92672,0.003,1.02396,0.0,0.0,0.0,0.0
2018-08-31 22:00:00,2018-08-31 23:00,1.49782,0.0,0.83453,0.003,0.66029,0.0,0.0,0.0,0.0
2018-08-31 23:00:00,2018-09-01 00:00,1.26452,0.0,0.7483,0.003,0.51322,0.0,0.0,0.0,0.0
2018-09-01 00:00:00,2018-09-01 01:00,1.39025,0.0,0.67868,0.23683,0.47474,0.0,0.0,0.0,0.0
2018-09-01 01:00:00,2018-09-01 02:00,1.16768,0.0,0.63921,0.06085,0.46762,0.0,0.0,0.0,0.0
2018-09-01 02:00:00,2018-09-01 03:00,1.07828,0.0,0.61371,0.003,0.46157,0.0,0.0,0.0,0.0
2018-09-01 03:00:00,2018-09-01 04:00,1.04861,0.0,0.58622,0.003,0.45939,0.0,0.0,0.0,0.0
2018-09-01 04:00:00,2018-09-01 05:00,1.01508,0.0,0.5581,0.003,0.45398,0.0,0.0,0.0,0.0
2018-09-01 05:00:00,2018-09-01 06:00,1.00562,0.0,0.53988,0.003,0.46274,0.0,0.0,0.0,0.0
2018-09-01 06:00:00,2018-09-01 07:00,1.07038,0.0,0.53044,0.003,0.53694,0.0,0.0,0.0,0.0
2018-09-01 07:00:00,2018-09-01 08:00,1.46702,0.0,0.51873,0.34463,0.60366,0.0,0.0,0.0,0.0
2018-09-01 08:00:00,2018-09-01 09:00,1.23446,0.0,0.52752,0.11665,0.59029,0.0,0.0,0.0,0.0
2018-09-01 09:00:00,2018-09-01 10:00,1.51482,0.0,0.58112,0.31169,0.62201,0.0,0.0,0.0,0.0
2018-09-01 10:00:00,2018-09-01 11:00,1.34807,0.0,0.67322,0.003,0.67185,0.0,0.0,0.0,0.0
2018-09-01 11:00:00,2018-09-01 12:00,1.45452,0.0,0.77738,0.003,0.67414,0.0,0.0,0.0,0.0
2018-09-01 12:00:00,2018-09-01 13:00,2.18245,0.0,0.98387,0.44265,0.75593,0.02624,0.0,0.0,0.02624
2018-09-01 13:00:00,2018-09-01 14:00,1.85751,0.0,1.06157,0.003,0.79294,0.0,0.0,0.0,0.0
2018-09-01 14:00:00,2018-09-01 15:00,2.33005,0.0,1.18388,0.34792,0.79825,0.0,0.0,0.0,0.0
2018-09-01 15:00:00,2018-09-01 16:00,2.22118,0.0,1.36666,0.0938,0.76072,0.0,0.0,0.0,0.0
2018-09-01 16:00:00,2018-09-01 17:00,2.19186,0.0,1.38851,0.003,0.80035,0.0,0.0,0.0,0.0
2018-09-01 17:00:00,2018-09-01 18:00,2.29294,0.0,1.34191,0.003,0.94803,0.0,0.0,0.0,0.0
2018-09-01 18:00:00,2018-09-01 19:00,2.44887,0.0,1.31802,0.003,1.12785,0.0,0.0,0.0,0.0
2018-09-01 19:00:00,2018-09-01 20:00,2.40835,0.0,1.1592,0.003,1.24615,0.0,0.0,0.0,0.0
2018-09-01 20:00:00,2018-09-01 21:00,2.3894,0.0,1.05587,0.003,1.33053,0.0,0.0,0.0,0.0
2018-09-01 21:00:00,2018-09-01 22:00,2.21585,0.0,0.98984,0.003,1.22301,0.0,0.0,0.0,0.0
2018-09-01 22:00:00,2018-09-01 23:00,1.70225,0.0,0.88259,0.003,0.81666,0.0,0.0,0.0,0.0
2018-09-01 23:00:00,2018-09-02 00:00,1.33552,0.0,0.78566,0.003,0.54686,0.0,0.0,0.0,0.0
2018-09-02 00:00:00,2018-09-02 01:00,1.31822,0.0,0.71972,0.11812,0.48038,0.0,0.0,0.0,0.0
2018-09-02 01:00:00,2018-09-02 02:00,1.31111,0.0,0.67406,0.16943,0.46762,0.0,0.0,0.0,0.0
2018-09-02 02:00:00,2018-09-02 03:00,1.12562,0.0,0.66107,0.003,0.46155,0.0,0.0,0.0,0.0
2018-09-02 03:00:00,2018-09-02 04:00,1.11687,0.0,0.6545,0.003,0.45937,0.0,0.0,0.0,0.0
2018-09-02 04:00:00,2018-09-02 05:00,1.08479,0.0,0.62854,0.003,0.45325,0.0,0.0,0.0,0.0
2018-09-02 05:00:00,2018-09-02 06:00,1.04195,0.0,0.58595,0.003,0.453,0.0,0.0,0.0,0.0
2018-09-02 06:00:00,2018-09-02 07:00,1.04408,0.0,0.54872,0.003,0.49236,0.0,0.0,0.0,0.0
2018-09-02 07:00:00,2018-09-02 08:00,0.99636,0.0,0.52092,0.003,0.47244,0.0,0.0,0.0,0.0
2018-09-02 08:00:00,2018-09-02 09:00,1.04225,0.0,0.51379,0.003,0.52546,0.0,0.0,0.0,0.0
2018-09-02 09:00:00,2018-09-02 10:00,1.20622,0.0,0.51883,0.003,0.68439,0.0,0.0,0.0,0.0
2018-09-02 10:00:00,2018-09-02 11:00,1.60416,0.0,0.60341,0.23622,0.76453,0.02624,0.0,0.0,0.02624
2018-09-02 11:00:00,2018-09-02 12:00,1.56354,0.0,0.61834,0.20264,0.74256,0.0,0.0,0.0,0.0
2018-09-02 12:00:00,2018-09-02 13:00,1.6033,0.0,0.66462,0.11443,0.82425,0.0,0.0,0.0,0.0
2018-09-02 13:00:00,2018-09-02 14:00,3.25235,0.0,0.84077,0.41714,1.99444,0.0,0.0,0.0,0.0
2018-09-02 14:00:00,2018-09-02 15:00,2.68896,0.0,1.00171,0.003,1.68425,0.0,0.0,0.0,0.0
2018-09-02 15:00:00,2018-09-02 16:00,2.33318,0.0,1.07496,0.45262,0.8056,0.0,0.0,0.0,0.0
2018-09-02 16:00:00,2018-09-02 17:00,2.22443,0.0,1.07425,0.34986,0.80032,0.0,0.0,0.0,0.0
2018-09-02 17:00:00,2018-09-02 18:00,1.87303,0.0,1.01331,0.003,0.85672,0.0,0.0,0.0,0.0
2018-09-02 18:00:00,2018-09-02 19:00,1.98948,0.0,1.00402,0.003,0.98246,0.0,0.0,0.0,0.0
2018-09-02 19:00:00,2018-09-02 20:00,1.9778,0.0,0.91487,0.003,1.05993,0.0,0.0,0.0,0.0
2018-09-02 20:00:00,2018-09-02 21:00,1.85862,0.0,0.83011,0.003,1.02551,0.0,0.0,0.0,0.0
2018-09-02 21:00:00,2018-09-02 22:00,1.92746,0.0,0.76771,0.11683,1.04292,0.0,0.0,0.0,0.0
2018-09-02 22:00:00,2018-09-02 23:00,1.62753,0.0,0.68344,0.22995,0.71414,0.0,0.0,0.0,0.0
2018-09-02 23:00:00,2018-09-03 00:00,1.12984,0.0,0.61338,0.003,0.51346,0.0,0.0,0.0,0.0
2018-09-03 00:00:00,2018-09-03 01:00,1.05536,0.0,0.57338,0.003,0.47898,0.0,0.0,0.0,0.0
2018-09-03 01:00:00,2018-09-03 02:00,1.00443,0.0,0.53765,0.003,0.46378,0.0,0.0,0.0,0.0
2018-09-03 02:00:00,2018-09-03 03:00,1.08055,0.0,0.50714,0.11608,0.45733,0.0,0.0,0.0,0.0
2018-09-03 03:00:00,2018-09-03 04:00,1.14011,0.0,0.48482,0.19716,0.45813,0.0,0.0,0.0,0.0
2018-09-03 04:00:00,2018-09-03 05:00,0.92072,0.0,0.46575,0.003,0.45197,0.0,0.0,0.0,0.0
2018-09-03 05:00:00,2018-09-03 06:00,0.91421,0.0,0.45651,0.003,0.4547,0.0,0.0,0.0,0.0
2018-09-03 06:00:00,2018-09-03 07:00,1.19194,0.0,0.43749,0.22743,0.52702,0.0,0.0,0.0,0.0
2018-09-03 07:00:00,2018-09-03 08:00,1.39897,0.0,0.41865,0.42029,0.56003,0.0,0.0,0.0,0.0
2018-09-03 08:00:00,2018-09-03 09:00,0.9711,0.0,0.41768,0.003,0.55042,0.0,0.0,0.0,0.0
2018-09-03 09:00:00,2018-09-03 10:00,0.88986,0.0,0.4091,0.003,0.47776,0.0,0.0,0.0,0.0
2018-09-03 10:00:00,2018-09-03 11:00,0.91731,0.0,0.44315,0.003,0.47116,0.0,0.0,0.0,0.0
2018-09-03 11:00:00,2018-09-03 12:00,0.97035,0.0,0.4989,0.003,0.46845,0.0,0.0,0.0,0.0
2018-09-03 12:00:00,2018-09-03 13:00,1.03081,0.0,0.55099,0.003,0.47682,0.0,0.0,0.0,0.0
2018-09-03 13:00:00,2018-09-03 14:00,1.33636,0.0,0.59241,0.23341,0.51054,0.0,0.0,0.0,0.0
2018-09-03 14:00:00,2018-09-03 15:00,1.17933,0.0,0.60745,0.08579,0.48609,0.0,0.0,0.0,0.0
2018-09-03 15:00:00,2018-09-03 16:00,1.12377,0.0,0.64514,0.003,0.47563,0.0,0.0,0.0,0.0
2018-09-03 16:00:00,2018-09-03 17:00,1.13387,0.0,0.64161,0.003,0.48926,0.0,0.0,0.0,0.0
2018-09-03 17:00:00,2018-09-03 18:00,1.30136,0.0,0.6305,0.003,0.66786,0.0,0.0,0.0,0.0
2018-09-03 18:00:00,2018-09-03 19:00,1.45503,0.0,0.6434,0.003,0.80863,0.01124,0.0,0.0,0.01124
2018-09-03 19:00:00,2018-09-03 20:00,1.86924,0.0,0.729,0.23049,0.90975,0.04308,0.0,0.0,0.04308
2018-09-03 20:00:00,2018-09-03 21:00,1.97102,0.0,0.65756,0.20765,1.10581,0.0,0.0,0.0,0.0
2018-09-03 21:00:00,2018-09-03 22:00,1.81526,0.0,0.64663,0.003,1.16563,0.0,0.0,0.0,0.0
2018-09-03 22:00:00,2018-09-03 23:00,1.32035,0.0,0.59213,0.003,0.72522,0.0,0.0,0.0,0.0
2018-09-03 23:00:00,2018-09-04 00:00,1.02309,0.0,0.53722,0.003,0.48287,0.0,0.0,0.0,0.0
2018-09-04 00:00:00,2018-09-04 01:00,0.98485,0.0,0.51101,0.003,0.47084,0.0,0.0,0.0,0.0
2018-09-04 01:00:00,2018-09-04 02:00,0.96506,0.0,0.49569,0.003,0.46637,0.0,0.0,0.0,0.0
2018-09-04 02:00:00,2018-09-04 03:00,0.94192,0.0,0.4786,0.003,0.46032,0.0,0.0,0.0,0.0
2018-09-04 03:00:00,2018-09-04 04:00,0.92665,0.0,0.46553,0.003,0.45812,0.0,0.0,0.0,0.0
2018-09-04 04:00:00,2018-09-04 05:00,1.14317,0.0,0.45258,0.2386,0.45199,0.0,0.0,0.0,0.0
2018-09-04 05:00:00,2018-09-04 06:00,0.9737,0.0,0.45813,0.04349,0.47208,0.01124,0.0,0.0,0.01124
2018-09-04 06:00:00,2018-09-04 07:00,1.17927,0.0,0.55147,0.003,0.6248,0.04308,0.0,0.0,0.04308
2018-09-04 07:00:00,2018-09-04 08:00,1.16642,0.0,0.42228,0.23302,0.51112,0.0,0.0,0.0,0.0
2018-09-04 08:00:00,2018-09-04 09:00,1.31482,0.0,0.42018,0.37071,0.52393,0.0,0.0,0.0,0.0
2018-09-04 09:00:00,2018-09-04 10:00,1.0589,0.0,0.48896,0.003,0.56694,0.02622,0.0,0.0,0.02622
2018-09-04 10:00:00,2018-09-04 11:00,1.09027,0.0,0.45279,0.11508,0.5224,0.0,0.0,0.0,0.0
2018-09-04 11:00:00,2018-09-04 12:00,1.3521,0.0,0.48054,0.32546,0.5461,0.0,0.0,0.0,0.0
2018-09-04 12:00:00,2018-09-04 13:00,0.98877,0.0,0.48827,0.003,0.4975,0.0,0.0,0.0,0.0
2018-09-04 13:00:00,2018-09-04 14:00,0.97417,0.0,0.4879,0.003,0.48327,0.0,0.0,0.0,0.0
2018-09-04 14:00:00,2018-09-04 15:00,1.37246,0.0,0.49184,0.34622,0.5344,0.0,0.0,0.0,0.0
2018-09-04 15:00:00,2018-09-04 16:00,1.17348,0.0,0.48906,0.10576,0.57866,0.0,0.0,0.0,0.0
2018-09-04 16:00:00,2018-09-04 17:00,1.07455,0.0,0.48374,0.003,0.58781,0.0,0.0,0.0,0.0
2018-09-04 17:00:00,2018-09-04 18:00,0.99572,0.0,0.46451,0.003,0.52821,0.01124,0.0,0.0,0.01124
2018-09-04 18:00:00,2018-09-04 19:00,1.90291,0.0,0.70576,0.35104,0.84611,0.09744,0.0,0.0,0.09744
2018-09-04 19:00:00,2018-09-04 20:00,1.6063,0.0,0.54475,0.01199,1.04956,0.0,0.0,0.0,0.0
2018-09-04 20:00:00,2018-09-04 21:00,1.73459,0.0,0.54647,0.003,1.18512,0.0,0.0,0.0,0.0
2018-09-04 21:00:00,2018-09-04 22:00,1.57993,0.0,0.52139,0.003,1.05554,0.0,0.0,0.0,0.0
2018-09-04 22:00:00,2018-09-04 23:00,1.07715,0.0,0.45519,0.003,0.61896,0.0,0.0,0.0,0.0
2018-09-04 23:00:00,2018-09-05 00:00,0.90892,0.0,0.41286,0.003,0.49306,0.0,0.0,0.0,0.0
2018-09-05 00:00:00,2018-09-05 01:00,0.85767,0.0,0.38383,0.003,0.47084,0.0,0.0,0.0,0.0
2018-09-05 01:00:00,2018-09-05 02:00,0.8362,0.0,0.36684,0.003,0.46636,0.0,0.0,0.0,0.0
2018-09-05 02:00:00,2018-09-05 03:00,0.81649,0.0,0.35317,0.003,0.46032,0.0,0.0,0.0,0.0
2018-09-05 03:00:00,2018-09-05 04:00,0.80344,0.0,0.34231,0.003,0.45813,0.0,0.0,0.0,0.0
2018-09-05 04:00:00,2018-09-05 05:00,0.91061,0.0,0.33866,0.11953,0.45242,0.0,0.0,0.0,0.0
2018-09-05 05:00:00,2018-09-05 06:00,1.27855,0.0,0.33315,0.48106,0.46434,0.0,0.0,0.0,0.0
2018-09-05 06:00:00,2018-09-05 07:00,1.00017,0.0,0.33238,0.0893,0.57849,0.0,0.0,0.0,0.0
2018-09-05 07:00:00,2018-09-05 08:00,1.37559,0.0,0.30432,0.46483,0.60644,0.0,0.0,0.0,0.0
2018-09-05 08:00:00,2018-09-05 09:00,0.87627,0.0,0.22008,0.08365,0.57254,0.0,0.0,0.0,0.0
2018-09-05 09:00:00,2018-09-05 10:00,1.12905,0.0,0.20408,0.34639,0.57858,0.0,0.0,0.0,0.0
2018-09-05 10:00:00,2018-09-05 11:00,0.91928,0.0,0.21349,0.17565,0.53014,0.0,0.0,0.0,0.0
2018-09-05 11:00:00,2018-09-05 12:00,0.73178,0.0,0.25256,0.003,0.47622,0.0,0.0,0.0,0.0
2018-09-05 12:00:00,2018-09-05 13:00,0.7956,0.0,0.31577,0.003,0.47683,0.0,0.0,0.0,0.0
2018-09-05 13:00:00,2018-09-05 14:00,0.89977,0.0,0.41909,0.003,0.47768,0.0,0.0,0.0,0.0
2018-09-05 14:00:00,2018-09-05 15:00,1.09692,0.0,0.50211,0.003,0.59181,0.0,0.0,0.0,0.0
2018-09-05 15:00:00,2018-09-05 16:00,3.33375,0.0,0.72129,0.11528,2.49718,0.05433,0.0,0.0,0.05433
2018-09-05 16:00:00,2018-09-05 17:00,2.35402,0.0,0.63527,0.43784,1.28091,0.0,0.0,0.0,0.0
2018-09-05 17:00:00,2018-09-05 18:00,1.35949,0.0,0.65127,0.003,0.70522,0.01124,0.0,0.0,0.01124
2018-09-05 18:00:00,2018-09-05 19:00,1.59306,0.0,0.65142,0.003,0.93864,0.01498,0.0,0.0,0.01498
2018-09-05 19:00:00,2018-09-05 20:00,2.01365,0.0,0.537,0.4637,1.01295,0.0,0.0,0.0,0.0
2018-09-05 20:00:00,2018-09-05 21:00,1.54405,0.0,0.46959,0.03802,1.03644,0.0,0.0,0.0,0.0
2018-09-05 21:00:00,2018-09-05 22:00,1.28961,0.0,0.40744,0.003,0.87917,0.0,0.0,0.0,0.0
2018-09-05 22:00:00,2018-09-05 23:00,0.92904,0.0,0.3403,0.003,0.58574,0.0,0.0,0.0,0.0
2018-09-05 23:00:00,2018-09-06 00:00,0.76005,0.0,0.28033,0.003,0.47672,0.0,0.0,0.0,0.0
2018-09-06 00:00:00,2018-09-06 01:00,0.73921,0.0,0.26537,0.003,0.47084,0.0,0.0,0.0,0.0
2018-09-06 01:00:00,2018-09-06 02:00,0.70204,0.0,0.23267,0.003,0.46637,0.0,0.0,0.0,0.0
2018-09-06 02:00:00,2018-09-06 03:00,0.66948,0.0,0.20617,0.003,0.46031,0.0,0.0,0.0,0.0
2018-09-06 03:00:00,2018-09-06 04:00,0.86628,0.0,0.18424,0.22796,0.45408,0.0,0.0,0.0,0.0
2018-09-06 04:00:00,2018-09-06 05:00,0.82307,0.0,0.15806,0.21302,0.45199,0.0,0.0,0.0,0.0
2018-09-06 05:00:00,2018-09-06 06:00,0.5884,0.0,0.12838,0.003,0.45702,0.0,0.0,0.0,0.0
2018-09-06 06:00:00,2018-09-06 07:00,0.91923,0.0,0.05556,0.34864,0.51503,0.0,0.0,0.0,0.0
2018-09-06 07:00:00,2018-09-06 08:00,0.80902,0.0,0.10244,0.16908,0.5375,0.0,0.0,0.0,0.0
2018-09-06 08:00:00,2018-09-06 09:00,0.65703,0.0,0.14227,0.003,0.51176,0.0,0.0,0.0,0.0
2018-09-06 09:00:00,2018-09-06 10:00,0.96189,0.0,0.20587,0.22793,0.52809,0.0,0.0,0.0,0.0
2018-09-06 10:00:00,2018-09-06 11:00,1.04938,0.0,0.27111,0.25588,0.52239,0.0,0.0,0.0,0.0
2018-09-06 11:00:00,2018-09-06 12:00,0.8338,0.0,0.32872,0.003,0.50208,0.0,0.0,0.0,0.0
2018-09-06 12:00:00,2018-09-06 13:00,0.85021,0.0,0.37039,0.003,0.47682,0.0,0.0,0.0,0.0
2018-09-06 13:00:00,2018-09-06 14:00,0.90972,0.0,0.42905,0.003,0.47767,0.0,0.0,0.0,0.0
2018-09-06 14:00:00,2018-09-06 15:00,0.98381,0.0,0.50312,0.003,0.47769,0.0,0.0,0.0,0.0
2018-09-06 15:00:00,2018-09-06 16:00,1.07488,0.0,0.57315,0.003,0.49873,0.0,0.0,0.0,0.0
2018-09-06 16:00:00,2018-09-06 17:00,1.35671,0.0,0.64706,0.11479,0.59486,0.0,0.0,0.0,0.0
2018-09-06 17:00:00,2018-09-06 18:00,1.63507,0.0,0.65323,0.28618,0.69566,0.0,0.0,0.0,0.0
2018-09-06 18:00:00,2018-09-06 19:00,1.52771,0.0,0.61939,0.003,0.90532,0.0,0.0,0.0,0.0
2018-09-06 19:00:00,2018-09-06 20:00,1.67221,0.0,0.59556,0.003,1.07365,0.0,0.0,0.0,0.0
2018-09-06 20:00:00,2018-09-06 21:00,2.08633,0.0,0.55686,0.22525,1.30422,0.0,0.0,0.0,0.0
2018-09-06 21:00:00,2018-09-06 22:00,1.88778,0.0,0.48986,0.20302,1.1949,0.0,0.0,0.0,0.0
2018-09-06 22:00:00,2018-09-06 23:00,1.13813,0.0,0.4057,0.003,0.72943,0.0,0.0,0.0,0.0
2018-09-06 23:00:00,2018-09-07 00:00,0.97949,0.0,0.34527,0.11359,0.52063,0.0,0.0,0.0,0.0
2018-09-07 00:00:00,2018-09-07 01:00,1.04411,0.0,0.27478,0.2971,0.47223,0.0,0.0,0.0,0.0
2018-09-07 01:00:00,2018-09-07 02:00,0.71295,0.0,0.24358,0.003,0.46637,0.0,0.0,0.0,0.0
2018-09-07 02:00:00,2018-09-07 03:00,0.66786,0.0,0.20454,0.003,0.46032,0.0,0.0,0.0,0.0
2018-09-07 03:00:00,2018-09-07 04:00,0.64016,0.0,0.17902,0.003,0.45814,0.0,0.0,0.0,0.0
2018-09-07 04:00:00,2018-09-07 05:00,0.62248,0.0,0.16748,0.003,0.452,0.0,0.0,0.0,0.0
2018-09-07 05:00:00,2018-09-07 06:00,0.60324,0.0,0.14015,0.003,0.46009,0.0,0.0,0.0,0.0
2018-09-07 06:00:00,2018-09-07 07:00,1.07701,0.0,0.08778,0.44998,0.53925,0.0,0.0,0.0,0.0
2018-09-07 07:00:00,2018-09-07 08:00,1.21071,0.0,0.14968,0.4627,0.59833,0.01124,0.0,0.0,0.01124
2018-09-07 08:00:00,2018-09-07 09:00,1.26035,0.0,0.20895,0.08554,0.96586,0.01498,0.0,0.0,0.01498
2018-09-07 09:00:00,2018-09-07 10:00,3.45328,0.0,0.2392,0.46253,2.75155,0.0,0.0,0.0,0.0
2018-09-07 10:00:00,2018-09-07 11:00,1.09749,0.0,0.31384,0.1073,0.67635,0.0,0.0,0.0,0.0
2018-09-07 11:00:00,2018-09-07 12:00,0.91033,0.0,0.38711,0.003,0.52022,0.0,0.0,0.0,0.0
2018-09-07 12:00:00,2018-09-07 13:00,1.1976,0.0,0.4517,0.2225,0.5234,0.0,0.0,0.0,0.0
2018-09-07 13:00:00,2018-09-07 14:00,1.24974,0.0,0.51317,0.25889,0.47768,0.0,0.0,0.0,0.0
2018-09-07 14:00:00,2018-09-07 15:00,1.04855,0.0,0.56787,0.003,0.47768,0.0,0.0,0.0,0.0
2018-09-07 15:00:00,2018-09-07 16:00,1.10185,0.0,0.62324,0.003,0.47561,0.0,0.0,0.0,0.0
2018-09-07 16:00:00,2018-09-07 17:00,1.17839,0.0,0.68612,0.003,0.48927,0.0,0.0,0.0,0.0
2018-09-07 17:00:00,2018-09-07 18:00,1.19208,0.0,0.68424,0.003,0.50484,0.0,0.0,0.0,0.0
2018-09-07 18:00:00,2018-09-07 19:00,1.63919,0.0,0.74137,0.003,0.89482,0.02622,0.0,0.0,0.02622
2018-09-07 19:00:00,2018-09-07 20:00,1.66571,0.0,0.64976,0.003,1.01295,0.0,0.0,0.0,0.0
2018-09-07 20:00:00,2018-09-07 21:00,1.73864,0.0,0.61857,0.003,1.11707,0.01124,0.0,0.0,0.01124
2018-09-07 21:00:00,2018-09-07 22:00,1.53409,0.0,0.55863,0.003,0.97246,0.01498,0.0,0.0,0.01498
2018-09-07 22:00:00,2018-09-07 23:00,1.40583,0.0,0.4509,0.3694,0.58553,0.0,0.0,0.0,0.0
2018-09-07 23:00:00,2018-09-08 00:00,0.86224,0.0,0.38237,0.003,0.47687,0.0,0.0,0.0,0.0
2018-09-08 00:00:00,2018-09-08 01:00,0.8343,0.0,0.35922,0.003,0.47208,0.0,0.0,0.0,0.0
2018-09-08 01:00:00,2018-09-08 02:00,0.79283,0.0,0.32221,0.003,0.46762,0.0,0.0,0.0,0.0
2018-09-08 02:00:00,2018-09-08 03:00,0.74278,0.0,0.28041,0.003,0.45937,0.0,0.0,0.0,0.0
2018-09-08 03:00:00,2018-09-08 04:00,0.76946,0.0,0.28673,0.003,0.47973,0.02624,0.0,0.0,0.02624
2018-09-08 04:00:00,2018-09-08 05:00,0.68533,0.0,0.2291,0.003,0.45323,0.0,0.0,0.0,0.0
2018-09-08 05:00:00,2018-09-08 06:00,0.66168,0.0,0.2053,0.003,0.45338,0.0,0.0,0.0,0.0
2018-09-08 06:00:00,2018-09-08 07:00,1.14042,0.0,0.15614,0.43553,0.54875,0.0,0.0,0.0,0.0
2018-09-08 07:00:00,2018-09-08 08:00,0.809,0.0,0.19102,0.003,0.61498,0.0,0.0,0.0,0.0
2018-09-08 08:00:00,2018-09-08 09:00,0.89633,0.0,0.22976,0.003,0.66357,0.0,0.0,0.0,0.0
2018-09-08 09:00:00,2018-09-08 10:00,1.36076,0.0,0.30676,0.34175,0.71225,0.0,0.0,0.0,0.0
2018-09-08 10:00:00,2018-09-08 11:00,1.3444,0.0,0.38488,0.20882,0.7507,0.0,0.0,0.0,0.0
2018-09-08 11:00:00,2018-09-08 12:00,2.4356,0.0,0.4674,0.003,1.9652,0.0,0.0,0.0,0.0
2018-09-08 12:00:00,2018-09-08 13:00,2.90971,0.0,0.55516,0.22785,2.1267,0.0,0.0,0.0,0.0
2018-09-08 13:00:00,2018-09-08 14:00,1.64805,0.0,0.63787,0.191,0.81918,0.02624,0.0,0.0,0.02624
2018-09-08 14:00:00,2018-09-08 15:00,1.49948,0.0,0.67341,0.003,0.82307,0.0,0.0,0.0,0.0
2018-09-08 15:00:00,2018-09-08 16:00,1.94957,0.0,0.70585,0.4613,0.78242,0.0,0.0,0.0,0.0
2018-09-08 16:00:00,2018-09-08 17:00,1.5276,0.0,0.71573,0.01152,0.80035,0.0,0.0,0.0,0.0
2018-09-08 17:00:00,2018-09-08 18:00,1.63849,0.0,0.75254,0.003,0.88295,0.02624,0.0,0.0,0.02624
2018-09-08 18:00:00,2018-09-08 19:00,2.08964,0.0,0.66138,0.44581,0.98245,0.0,0.0,0.0,0.0
2018-09-08 19:00:00,2018-09-08 20:00,1.88758,0.0,0.59069,0.23342,1.06347,0.0,0.0,0.0,0.0
2018-09-08 20:00:00,2018-09-08 21:00,1.61023,0.0,0.52983,0.003,1.0774,0.0,0.0,0.0,0.0
2018-09-08 21:00:00,2018-09-08 22:00,1.72572,0.0,0.49973,0.003,1.22299,0.0,0.0,0.0,0.0
2018-09-08 22:00:00,2018-09-08 23:00,1.2547,0.0,0.42314,0.003,0.82856,0.0,0.0,0.0,0.0
2018-09-08 23:00:00,2018-09-09 00:00,0.93439,0.0,0.3511,0.003,0.58029,0.0,0.0,0.0,0.0
2018-09-09 00:00:00,2018-09-09 01:00,0.80734,0.0,0.3072,0.003,0.49714,0.0,0.0,0.0,0.0
2018-09-09 01:00:00,2018-09-09 02:00,1.04322,0.0,0.26052,0.31764,0.46506,0.0,0.0,0.0,0.0
2018-09-09 02:00:00,2018-09-09 03:00,0.68523,0.0,0.2256,0.003,0.45663,0.0,0.0,0.0,0.0
2018-09-09 03:00:00,2018-09-09 04:00,0.65615,0.0,0.19377,0.003,0.45938,0.0,0.0,0.0,0.0
2018-09-09 04:00:00,2018-09-09 05:00,0.63513,0.0,0.17891,0.003,0.45322,0.0,0.0,0.0,0.0
2018-09-09 05:00:00,2018-09-09 06:00,0.63195,0.0,0.16692,0.003,0.46203,0.0,0.0,0.0,0.0
2018-09-09 06:00:00,2018-09-09 07:00,0.70887,0.0,0.15473,0.003,0.55114,0.02624,0.0,0.0,0.02624
2018-09-09 07:00:00,2018-09-09 08:00,0.68149,0.0,0.15876,0.003,0.51973,0.0,0.0,0.0,0.0
2018-09-09 08:00:00,2018-09-09 09:00,0.74096,0.0,0.18829,0.003,0.54967,0.0,0.0,0.0,0.0
2018-09-09 09:00:00,2018-09-09 10:00,1.08004,0.0,0.24294,0.23269,0.60441,0.0,0.0,0.0,0.0
2018-09-09 10:00:00,2018-09-09 11:00,1.34053,0.0,0.32887,0.38832,0.62334,0.0,0.0,0.0,0.0
2018-09-09 11:00:00,2018-09-09 12:00,1.12432,0.0,0.41306,0.003,0.70826,0.0,0.0,0.0,0.0
2018-09-09 12:00:00,2018-09-09 13:00,1.20874,0.0,0.47605,0.003,0.72969,0.0,0.0,0.0,0.0
2018-09-09 13:00:00,2018-09-09 14:00,1.45545,0.0,0.54842,0.11409,0.79294,0.0,0.0,0.0,0.0
2018-09-09 14:00:00,2018-09-09 15:00,1.7163,0.0,0.60431,0.2889,0.82309,0.0,0.0,0.0,0.0
2018-09-09 15:00:00,2018-09-09 16:00,1.51837,0.0,0.65976,0.003,0.85561,0.0,0.0,0.0,0.0
2018-09-09 16:00:00,2018-09-09 17:00,1.73148,0.0,0.71393,0.11366,0.90389,0.0,0.0,0.0,0.0
2018-09-09 17:00:00,2018-09-09 18:00,1.83541,0.0,0.68677,0.29982,0.84882,0.0,0.0,0.0,0.0
2018-09-09 18:00:00,2018-09-09 19:00,1.6104,0.0,0.62493,0.003,0.98247,0.0,0.0,0.0,0.0
2018-09-09 19:00:00,2018-09-09 20:00,1.64306,0.0,0.57317,0.003,1.06689,0.0,0.0,0.0,0.0
2018-09-09 20:00:00,2018-09-09 21:00,1.90748,0.0,0.5079,0.22578,1.1738,0.0,0.0,0.0,0.0
2018-09-09 21:00:00,2018-09-09 22:00,1.70788,0.0,0.44583,0.18818,1.07387,0.0,0.0,0.0,0.0
2018-09-09 22:00:00,2018-09-09 23:00,1.11987,0.0,0.39091,0.003,0.72596,0.0,0.0,0.0,0.0
2018-09-09 23:00:00,2018-09-10 00:00,0.86424,0.0,0.31074,0.003,0.5505,0.0,0.0,0.0,0.0
2018-09-10 00:00:00,2018-09-10 01:00,0.71611,0.0,0.23412,0.003,0.47899,0.0,0.0,0.0,0.0
2018-09-10 01:00:00,2018-09-10 02:00,0.68671,0.0,0.21817,0.003,0.46554,0.0,0.0,0.0,0.0
2018-09-10 02:00:00,2018-09-10 03:00,0.66034,0.0,0.19704,0.003,0.4603,0.0,0.0,0.0,0.0
2018-09-10 03:00:00,2018-09-10 04:00,0.62784,0.0,0.17144,0.003,0.4534,0.0,0.0,0.0,0.0
2018-09-10 04:00:00,2018-09-10 05:00,0.58526,0.0,0.13579,0.003,0.44647,0.0,0.0,0.0,0.0
2018-09-10 05:00:00,2018-09-10 06:00,0.80133,0.0,0.11174,0.23077,0.45882,0.0,0.0,0.0,0.0
2018-09-10 06:00:00,2018-09-10 07:00,0.80994,0.0,0.05047,0.23676,0.52271,0.0,0.0,0.0,0.0
2018-09-10 07:00:00,2018-09-10 08:00,0.75815,0.0,0.0956,0.1153,0.54725,0.0,0.0,0.0,0.0
2018-09-10 08:00:00,2018-09-10 09:00,1.01853,0.0,0.14887,0.31905,0.55061,0.0,0.0,0.0,0.0
2018-09-10 09:00:00,2018-09-10 10:00,0.75059,0.0,0.21949,0.003,0.5281,0.0,0.0,0.0,0.0
2018-09-10 10:00:00,2018-09-10 11:00,0.84743,0.0,0.32205,0.003,0.52238,0.0,0.0,0.0,0.0
2018-09-10 11:00:00,2018-09-10 12:00,1.2847,0.0,0.4221,0.3424,0.5202,0.0,0.0,0.0,0.0
2018-09-10 12:00:00,2018-09-10 13:00,1.54263,0.0,0.52337,0.46447,0.55479,0.0,0.0,0.0,0.0
2018-09-10 13:00:00,2018-09-10 14:00,1.22235,0.0,0.64052,0.04949,0.53234,0.0,0.0,0.0,0.0
2018-09-10 14:00:00,2018-09-10 15:00,1.47578,0.0,0.87774,0.003,0.59504,0.05433,0.0,0.0,0.05433
2018-09-10 15:00:00,2018-09-10 16:00,1.87479,0.0,0.82272,0.44053,0.61154,0.0,0.0,0.0,0.0
2018-09-10 16:00:00,2018-09-10 17:00,1.54366,0.0,0.81895,0.003,0.72171,0.0,0.0,0.0,0.0
2018-09-10 17:00:00,2018-09-10 18:00,1.74181,0.0,0.83744,0.11339,0.79098,0.0,0.0,0.0,0.0
2018-09-10 18:00:00,2018-09-10 19:00,2.20287,0.0,0.95662,0.25513,0.99112,0.06745,0.0,0.0,0.06745
2018-09-10 19:00:00,2018-09-10 20:00,2.00309,0.0,0.89686,0.003,1.10323,0.06745,0.0,0.0,0.06745
2018-09-10 20:00:00,2018-09-10 21:00,3.83592,0.0,0.7439,0.003,3.08902,0.0,0.0,0.0,0.0
2018-09-10 21:00:00,2018-09-10 22:00,3.70992,0.0,0.67706,0.003,3.02986,0.0,0.0,0.0,0.0
2018-09-10 22:00:00,2018-09-10 23:00,1.64571,0.0,0.57882,0.003,1.06389,0.0,0.0,0.0,0.0
2018-09-10 23:00:00,2018-09-11 00:00,0.96629,0.0,0.48657,0.003,0.47672,0.0,0.0,0.0,0.0
2018-09-11 00:00:00,2018-09-11 01:00,1.27448,0.0,0.48035,0.32328,0.47085,0.0,0.0,0.0,0.0
2018-09-11 01:00:00,2018-09-11 02:00,0.90902,0.0,0.43966,0.003,0.46636,0.0,0.0,0.0,0.0
2018-09-11 02:00:00,2018-09-11 03:00,0.86648,0.0,0.40317,0.003,0.46031,0.0,0.0,0.0,0.0
2018-09-11 03:00:00,2018-09-11 04:00,0.84039,0.0,0.37927,0.003,0.45812,0.0,0.0,0.0,0.0
2018-09-11 04:00:00,2018-09-11 05:00,0.7984,0.0,0.34341,0.003,0.45199,0.0,0.0,0.0,0.0
2018-09-11 05:00:00,2018-09-11 06:00,1.01248,0.0,0.32289,0.23146,0.45813,0.0,0.0,0.0,0.0
2018-09-11 06:00:00,2018-09-11 07:00,1.14265,0.0,0.29548,0.32443,0.52274,0.0,0.0,0.0,0.0
2018-09-11 07:00:00,2018-09-11 08:00,0.87482,0.0,0.32457,0.003,0.54725,0.0,0.0,0.0,0.0
2018-09-11 08:00:00,2018-09-11 09:00,1.3951,0.0,0.36043,0.45485,0.57982,0.0,0.0,0.0,0.0
2018-09-11 09:00:00,2018-09-11 10:00,1.11615,0.0,0.46093,0.10691,0.54831,0.0,0.0,0.0,0.0
2018-09-11 10:00:00,2018-09-11 11:00,1.06304,0.0,0.56323,0.003,0.49681,0.0,0.0,0.0,0.0
2018-09-11 11:00:00,2018-09-11 12:00,1.20525,0.0,0.68723,0.003,0.51502,0.0,0.0,0.0,0.0
2018-09-11 12:00:00,2018-09-11 13:00,1.38959,0.0,0.8784,0.003,0.50819,0.0,0.0,0.0,0.0
2018-09-11 13:00:00,2018-09-11 14:00,1.52858,0.0,0.99883,0.003,0.52675,0.0,0.0,0.0,0.0
2018-09-11 14:00:00,2018-09-11 15:00,1.91823,0.0,1.04828,0.3517,0.51825,0.0,0.0,0.0,0.0
2018-09-11 15:00:00,2018-09-11 16:00,1.89257,0.0,1.17775,0.09547,0.61935,0.0,0.0,0.0,0.0
2018-09-11 16:00:00,2018-09-11 17:00,2.06976,0.0,1.20707,0.22766,0.63503,0.0,0.0,0.0,0.0
2018-09-11 17:00:00,2018-09-11 18:00,2.12781,0.0,1.08591,0.46503,0.57687,0.0,0.0,0.0,0.0
2018-09-11 18:00:00,2018-09-11 19:00,2.02834,0.0,1.10025,0.06156,0.86653,0.02622,0.0,0.0,0.02622
2018-09-11 19:00:00,2018-09-11 20:00,1.80008,0.0,0.93042,0.003,0.86666,0.0,0.0,0.0,0.0
2018-09-11 20:00:00,2018-09-11 21:00,2.35671,0.0,0.90502,0.2269,1.22479,0.0,0.0,0.0,0.0
2018-09-11 21:00:00,2018-09-11 22:00,2.08096,0.0,0.82735,0.26674,0.98687,0.0,0.0,0.0,0.0
2018-09-11 22:00:00,2018-09-11 23:00,1.40034,0.0,0.75287,0.003,0.64447,0.0,0.0,0.0,0.0
2018-09-11 23:00:00,2018-09-12 00:00,1.16173,0.0,0.682,0.003,0.47673,0.0,0.0,0.0,0.0
2018-09-12 00:00:00,2018-09-12 01:00,1.10151,0.0,0.62768,0.003,0.47083,0.0,0.0,0.0,0.0
2018-09-12 01:00:00,2018-09-12 02:00,1.04176,0.0,0.57242,0.003,0.46634,0.0,0.0,0.0,0.0
2018-09-12 02:00:00,2018-09-12 03:00,0.99754,0.0,0.53422,0.003,0.46032,0.0,0.0,0.0,0.0
2018-09-12 03:00:00,2018-09-12 04:00,0.97392,0.0,0.5128,0.003,0.45812,0.0,0.0,0.0,0.0
2018-09-12 04:00:00,2018-09-12 05:00,0.94099,0.0,0.48599,0.003,0.452,0.0,0.0,0.0,0.0
2018-09-12 05:00:00,2018-09-12 06:00,1.07382,0.0,0.48449,0.11799,0.47134,0.01124,0.0,0.0,0.01124
2018-09-12 06:00:00,2018-09-12 07:00,1.52068,0.0,0.53634,0.34746,0.63688,0.04308,0.0,0.0,0.04308
2018-09-12 07:00:00,2018-09-12 08:00,1.53626,0.0,0.47597,0.4269,0.63339,0.0,0.0,0.0,0.0
2018-09-12 08:00:00,2018-09-12 09:00,1.30746,0.0,0.50208,0.23054,0.57484,0.0,0.0,0.0,0.0
2018-09-12 09:00:00,2018-09-12 10:00,1.29188,0.0,0.55989,0.20389,0.5281,0.0,0.0,0.0,0.0
2018-09-12 10:00:00,2018-09-12 11:00,1.15654,0.0,0.66189,0.003,0.49165,0.0,0.0,0.0,0.0
2018-09-12 11:00:00,2018-09-12 12:00,1.26163,0.0,0.79019,0.003,0.46844,0.0,0.0,0.0,0.0
2018-09-12 12:00:00,2018-09-12 13:00,1.39949,0.0,0.91967,0.003,0.47682,0.0,0.0,0.0,0.0
2018-09-12 13:00:00,2018-09-12 14:00,1.4953,0.0,1.01463,0.003,0.47767,0.0,0.0,0.0,0.0
2018-09-12 14:00:00,2018-09-12 15:00,1.59416,0.0,1.09943,0.003,0.49173,0.0,0.0,0.0,0.0
2018-09-12 15:00:00,2018-09-12 16:00,1.6611,0.0,1.17497,0.003,0.48313,0.0,0.0,0.0,0.0
2018-09-12 16:00:00,2018-09-12 17:00,2.26687,0.0,1.22607,0.46479,0.57601,0.0,0.0,0.0,0.0
2018-09-12 17:00:00,2018-09-12 18:00,2.10266,0.0,1.27929,0.10149,0.72188,0.02622,0.0,0.0,0.02622
2018-09-12 18:00:00,2018-09-12 19:00,2.04433,0.0,1.16659,0.003,0.87474,0.0,0.0,0.0,0.0
2018-09-12 19:00:00,2018-09-12 20:00,2.00492,0.0,0.98897,0.003,1.01295,0.0,0.0,0.0,0.0
2018-09-12 20:00:00,2018-09-12 21:00,2.04506,0.0,0.88652,0.003,1.15554,0.0,0.0,0.0,0.0
2018-09-12 21:00:00,2018-09-12 22:00,2.16489,0.0,0.79241,0.42675,0.94573,0.0,0.0,0.0,0.0
2018-09-12 22:00:00,2018-09-12 23:00,1.30383,0.0,0.70359,0.003,0.59724,0.0,0.0,0.0,0.0
2018-09-12 23:00:00,2018-09-13 00:00,1.12093,0.0,0.64121,0.003,0.47672,0.0,0.0,0.0,0.0
2018-09-13 00:00:00,2018-09-13 01:00,1.05015,0.0,0.57631,0.003,0.47084,0.0,0.0,0.0,0.0
2018-09-13 01:00:00,2018-09-13 02:00,0.99049,0.0,0.5229,0.003,0.46459,0.0,0.0,0.0,0.0
2018-09-13 02:00:00,2018-09-13 03:00,0.93206,0.0,0.47172,0.003,0.45734,0.0,0.0,0.0,0.0
2018-09-13 03:00:00,2018-09-13 04:00,0.89874,0.0,0.43761,0.003,0.45813,0.0,0.0,0.0,0.0
2018-09-13 04:00:00,2018-09-13 05:00,0.86039,0.0,0.4054,0.003,0.45199,0.0,0.0,0.0,0.0
2018-09-13 05:00:00,2018-09-13 06:00,0.93907,0.0,0.36852,0.11586,0.45469,0.0,0.0,0.0,0.0
2018-09-13 06:00:00,2018-09-13 07:00,1.35472,0.0,0.34575,0.47095,0.53802,0.0,0.0,0.0,0.0
2018-09-13 07:00:00,2018-09-13 08:00,0.96445,0.0,0.35772,0.05195,0.55478,0.0,0.0,0.0,0.0
2018-09-13 08:00:00,2018-09-13 09:00,0.85953,0.0,0.38143,0.003,0.4751,0.0,0.0,0.0,0.0
2018-09-13 09:00:00,2018-09-13 10:00,0.97445,0.0,0.48857,0.003,0.48288,0.0,0.0,0.0,0.0
2018-09-13 10:00:00,2018-09-13 11:00,1.43639,0.0,0.60851,0.32342,0.50446,0.0,0.0,0.0,0.0
2018-09-13 11:00:00,2018-09-13 12:00,1.23819,0.0,0.76674,0.003,0.46845,0.0,0.0,0.0,0.0
2018-09-13 12:00:00,2018-09-13 13:00,1.39967,0.0,0.91986,0.003,0.47681,0.0,0.0,0.0,0.0
2018-09-13 13:00:00,2018-09-13 14:00,1.52189,0.0,1.0356,0.003,0.48329,0.0,0.0,0.0,0.0
2018-09-13 14:00:00,2018-09-13 15:00,1.70972,0.0,1.17852,0.003,0.5282,0.0,0.0,0.0,0.0
2018-09-13 15:00:00,2018-09-13 16:00,1.69313,0.0,1.20698,0.003,0.48315,0.0,0.0,0.0,0.0
2018-09-13 16:00:00,2018-09-13 17:00,2.21921,0.0,1.30732,0.34507,0.56682,0.0,0.0,0.0,0.0
2018-09-13 17:00:00,2018-09-13 18:00,2.09358,0.0,1.30101,0.19247,0.6001,0.0,0.0,0.0,0.0
2018-09-13 18:00:00,2018-09-13 19:00,1.90936,0.0,1.1577,0.003,0.74866,0.0,0.0,0.0,0.0
2018-09-13 19:00:00,2018-09-13 20:00,2.11275,0.0,1.03736,0.003,1.07239,0.0,0.0,0.0,0.0
2018-09-13 20:00:00,2018-09-13 21:00,2.87175,0.0,0.98856,0.35077,1.53242,0.0,0.0,0.0,0.0
2018-09-13 21:00:00,2018-09-13 22:00,3.61902,0.0,0.96507,0.04743,2.60652,0.0,0.0,0.0,0.0
2018-09-13 22:00:00,2018-09-13 23:00,2.88715,0.0,0.89167,0.003,1.99248,0.0,0.0,0.0,0.0
2018-09-13 23:00:00,2018-09-14 00:00,1.28565,0.0,0.76828,0.003,0.51437,0.0,0.0,0.0,0.0
2018-09-14 00:00:00,2018-09-14 01:00,1.412,0.0,0.70662,0.2264,0.47898,0.0,0.0,0.0,0.0
2018-09-14 01:00:00,2018-09-14 02:00,1.4276,0.0,0.65358,0.30796,0.46606,0.0,0.0,0.0,0.0
2018-09-14 02:00:00,2018-09-14 03:00,1.07315,0.0,0.60984,0.003,0.46031,0.0,0.0,0.0,0.0
2018-09-14 03:00:00,2018-09-14 04:00,1.07789,0.0,0.60618,0.003,0.46871,0.01124,0.0,0.0,0.01124
2018-09-14 04:00:00,2018-09-14 05:00,1.16738,0.0,0.6748,0.003,0.48958,0.04308,0.0,0.0,0.04308
2018-09-14 05:00:00,2018-09-14 06:00,1.38359,0.0,0.57781,0.34698,0.4588,0.0,0.0,0.0,0.0
2018-09-14 06:00:00,2018-09-14 07:00,1.31983,0.0,0.56108,0.23172,0.52703,0.0,0.0,0.0,0.0
2018-09-14 07:00:00,2018-09-14 08:00,1.31892,0.0,0.54266,0.22598,0.55028,0.0,0.0,0.0,0.0
2018-09-14 08:00:00,2018-09-14 09:00,1.25301,0.0,0.52418,0.24872,0.48011,0.0,0.0,0.0,0.0
2018-09-14 09:00:00,2018-09-14 10:00,1.08938,0.0,0.55827,0.003,0.52811,0.0,0.0,0.0,0.0
2018-09-14 10:00:00,2018-09-14 11:00,1.10041,0.0,0.61855,0.003,0.47886,0.0,0.0,0.0,0.0
2018-09-14 11:00:00,2018-09-14 12:00,1.14404,0.0,0.6726,0.003,0.46844,0.0,0.0,0.0,0.0
2018-09-14 12:00:00,2018-09-14 13:00,1.23325,0.0,0.75344,0.003,0.47681,0.0,0.0,0.0,0.0
2018-09-14 13:00:00,2018-09-14 14:00,1.40385,0.0,0.92318,0.003,0.47767,0.0,0.0,0.0,0.0
2018-09-14 14:00:00,2018-09-14 15:00,1.54225,0.0,1.06155,0.003,0.4777,0.0,0.0,0.0,0.0
2018-09-14 15:00:00,2018-09-14 16:00,1.81148,0.0,1.20983,0.11851,0.48314,0.0,0.0,0.0,0.0
2018-09-14 16:00:00,2018-09-14 17:00,2.05862,0.0,1.25286,0.22025,0.58551,0.0,0.0,0.0,0.0
2018-09-14 17:00:00,2018-09-14 18:00,1.97269,0.0,1.28789,0.003,0.6818,0.0,0.0,0.0,0.0
2018-09-14 18:00:00,2018-09-14 19:00,2.44457,0.0,1.27536,0.34122,0.82799,0.0,0.0,0.0,0.0
2018-09-14 19:00:00,2018-09-14 20:00,2.13579,0.0,1.12135,0.003,1.01144,0.0,0.0,0.0,0.0
2018-09-14 20:00:00,2018-09-14 21:00,3.19024,0.0,1.05715,0.11524,2.01785,0.0,0.0,0.0,0.0
2018-09-14 21:00:00,2018-09-14 22:00,3.41217,0.0,0.94923,0.20878,2.25416,0.0,0.0,0.0,0.0
2018-09-14 22:00:00,2018-09-14 23:00,1.3321,0.0,0.8377,0.003,0.4914,0.0,0.0,0.0,0.0
2018-09-14 23:00:00,2018-09-15 00:00,1.27013,0.0,0.79028,0.003,0.47685,0.0,0.0,0.0,0.0
2018-09-15 00:00:00,2018-09-15 01:00,1.21995,0.0,0.74487,0.003,0.47208,0.0,0.0,0.0,0.0
2018-09-15 01:00:00,2018-09-15 02:00,1.189,0.0,0.71838,0.003,0.46762,0.0,0.0,0.0,0.0
2018-09-15 02:00:00,2018-09-15 03:00,1.14836,0.0,0.6838,0.003,0.46156,0.0,0.0,0.0,0.0
2018-09-15 03:00:00,2018-09-15 04:00,1.1236,0.0,0.66312,0.003,0.45748,0.0,0.0,0.0,0.0
2018-09-15 04:00:00,2018-09-15 05:00,1.33911,0.0,0.6523,0.23692,0.44989,0.0,0.0,0.0,0.0
2018-09-15 05:00:00,2018-09-15 06:00,1.11714,0.0,0.60186,0.06156,0.45372,0.0,0.0,0.0,0.0
2018-09-15 06:00:00,2018-09-15 07:00,1.08787,0.0,0.58075,0.003,0.50412,0.0,0.0,0.0,0.0
2018-09-15 07:00:00,2018-09-15 08:00,1.10342,0.0,0.57985,0.003,0.52057,0.0,0.0,0.0,0.0
2018-09-15 08:00:00,2018-09-15 09:00,1.3613,0.0,0.65447,0.11654,0.59029,0.0,0.0,0.0,0.0
2018-09-15 09:00:00,2018-09-15 10:00,1.68813,0.0,0.78399,0.22126,0.68288,0.0,0.0,0.0,0.0
2018-09-15 10:00:00,2018-09-15 11:00,3.40376,0.0,1.12702,0.003,2.27374,0.02624,0.0,0.0,0.02624
2018-09-15 11:00:00,2018-09-15 12:00,2.00735,0.0,1.26178,0.003,0.74257,0.0,0.0,0.0,0.0
2018-09-15 12:00:00,2018-09-15 13:00,2.83692,0.0,1.60707,0.46646,0.76339,0.0,0.0,0.0,0.0
2018-09-15 13:00:00,2018-09-15 14:00,2.63227,0.0,1.83635,0.003,0.79292,0.0,0.0,0.0,0.0
2018-09-15 14:00:00,2018-09-15 15:00,3.04495,0.0,1.87453,0.34734,0.82308,0.0,0.0,0.0,0.0
2018-09-15 15:00:00,2018-09-15 16:00,3.08293,0.0,2.06875,0.13234,0.88184,0.02624,0.0,0.0,0.02624
2018-09-15 16:00:00,2018-09-15 17:00,2.96919,0.0,2.0623,0.003,0.90389,0.0,0.0,0.0,0.0
2018-09-15 17:00:00,2018-09-15 18:00,2.96261,0.0,1.92522,0.11493,0.92246,0.0,0.0,0.0,0.0
2018-09-15 18:00:00,2018-09-15 19:00,4.63879,0.0,1.85395,0.43435,2.35049,0.0,0.0,0.0,0.0
2018-09-15 19:00:00,2018-09-15 20:00,4.12117,0.0,1.50869,0.003,2.60948,0.0,0.0,0.0,0.0
2018-09-15 20:00:00,2018-09-15 21:00,2.69178,0.0,1.24767,0.11359,1.33052,0.0,0.0,0.0,0.0
2018-09-15 21:00:00,2018-09-15 22:00,2.67035,0.0,1.13252,0.39981,1.13802,0.0,0.0,0.0,0.0
2018-09-15 22:00:00,2018-09-15 23:00,1.73236,0.0,1.0322,0.003,0.69716,0.0,0.0,0.0,0.0
2018-09-15 23:00:00,2018-09-16 00:00,1.49811,0.0,0.97276,0.003,0.52235,0.0,0.0,0.0,0.0
2018-09-16 00:00:00,2018-09-16 01:00,1.39129,0.0,0.90823,0.003,0.48006,0.0,0.0,0.0,0.0
2018-09-16 01:00:00,2018-09-16 02:00,1.3078,0.0,0.83974,0.003,0.46506,0.0,0.0,0.0,0.0
2018-09-16 02:00:00,2018-09-16 03:00,1.24301,0.0,0.78558,0.003,0.45443,0.0,0.0,0.0,0.0
2018-09-16 03:00:00,2018-09-16 04:00,1.42726,0.0,0.74055,0.23323,0.45348,0.0,0.0,0.0,0.0
2018-09-16 04:00:00,2018-09-16 05:00,1.2307,0.0,0.68199,0.09548,0.45323,0.0,0.0,0.0,0.0
2018-09-16 05:00:00,2018-09-16 06:00,1.10192,0.0,0.64592,0.003,0.453,0.0,0.0,0.0,0.0
2018-09-16 06:00:00,2018-09-16 07:00,1.4744,0.0,0.82875,0.003,0.64265,0.08619,0.0,0.0,0.08619
2018-09-16 07:00:00,2018-09-16 08:00,1.61115,0.0,0.74461,0.22909,0.63745,0.02248,0.0,0.0,0.02248
2018-09-16 08:00:00,2018-09-16 09:00,1.73468,0.0,0.72781,0.35976,0.64711,0.0,0.0,0.0,0.0
2018-09-16 09:00:00,2018-09-16 10:00,1.54123,0.0,0.85384,0.003,0.68439,0.0,0.0,0.0,0.0
2018-09-16 10:00:00,2018-09-16 11:00,1.73977,0.0,1.0331,0.003,0.70367,0.0,0.0,0.0,0.0
2018-09-16 11:00:00,2018-09-16 12:00,2.35147,0.0,1.23708,0.4391,0.67529,0.0,0.0,0.0,0.0
2018-09-16 12:00:00,2018-09-16 13:00,2.37018,0.0,1.49119,0.1156,0.76339,0.0,0.0,0.0,0.0
2018-09-16 13:00:00,2018-09-16 14:00,2.66242,0.0,1.6197,0.27218,0.77054,0.0,0.0,0.0,0.0
2018-09-16 14:00:00,2018-09-16 15:00,2.62652,0.0,1.7233,0.003,0.90022,0.0,0.0,0.0,0.0
2018-09-16 15:00:00,2018-09-16 16:00,4.46149,0.0,1.89908,0.003,2.55941,0.0,0.0,0.0,0.0
2018-09-16 16:00:00,2018-09-16 17:00,4.26851,0.0,2.00386,0.003,2.26165,0.02998,0.0,0.0,0.02998
2018-09-16 17:00:00,2018-09-16 18:00,3.34252,0.0,1.9809,0.34537,1.01625,0.07869,0.0,0.0,0.07869
2018-09-16 18:00:00,2018-09-16 19:00,2.5777,0.0,1.59225,0.003,0.98245,0.0,0.0,0.0,0.0
2018-09-16 19:00:00,2018-09-16 20:00,2.44252,0.0,1.32115,0.003,1.11837,0.0,0.0,0.0,0.0
2018-09-16 20:00:00,2018-09-16 21:00,2.5385,0.0,1.20497,0.003,1.33053,0.0,0.0,0.0,0.0
2018-09-16 21:00:00,2018-09-16 22:00,2.36609,0.0,1.14012,0.003,1.22297,0.0,0.0,0.0,0.0
2018-09-16 22:00:00,2018-09-16 23:00,2.28821,0.0,1.01446,0.39615,0.8776,0.0,0.0,0.0,0.0
2018-09-16 23:00:00,2018-09-17 00:00,1.42931,0.0,0.88924,0.003,0.53707,0.0,0.0,0.0,0.0
2018-09-17 00:00:00,2018-09-17 01:00,1.30412,0.0,0.81329,0.003,0.48783,0.0,0.0,0.0,0.0
2018-09-17 01:00:00,2018-09-17 02:00,1.23417,0.0,0.76586,0.003,0.46531,0.0,0.0,0.0,0.0
2018-09-17 02:00:00,2018-09-17 03:00,1.19101,0.0,0.73523,0.003,0.45278,0.0,0.0,0.0,0.0
2018-09-17 03:00:00,2018-09-17 04:00,1.46915,0.0,0.70492,0.31464,0.44959,0.0,0.0,0.0,0.0
2018-09-17 04:00:00,2018-09-17 05:00,1.25366,0.0,0.67231,0.003,0.57835,0.0,0.0,0.0,0.0
2018-09-17 05:00:00,2018-09-17 06:00,3.157,0.0,0.69917,0.11315,2.34468,0.01124,0.0,0.0,0.01124
2018-09-17 06:00:00,2018-09-17 07:00,3.41449,0.0,0.71638,0.45496,2.24315,0.01498,0.0,0.0,0.01498
2018-09-17 07:00:00,2018-09-17 08:00,1.64486,0.0,0.76602,0.18281,0.69603,0.06745,0.0,0.0,0.06745
2018-09-17 08:00:00,2018-09-17 09:00,1.41638,0.0,0.80261,0.003,0.61077,0.06745,0.0,0.0,0.06745
2018-09-17 09:00:00,2018-09-17 10:00,1.18096,0.0,0.69264,0.003,0.48532,0.0,0.0,0.0,0.0
2018-09-17 10:00:00,2018-09-17 11:00,1.22184,0.0,0.74767,0.003,0.47117,0.0,0.0,0.0,0.0
2018-09-17 11:00:00,2018-09-17 12:00,1.28105,0.0,0.8096,0.003,0.46845,0.0,0.0,0.0,0.0
2018-09-17 12:00:00,2018-09-17 13:00,1.27437,0.0,0.79456,0.003,0.47681,0.0,0.0,0.0,0.0
2018-09-17 13:00:00,2018-09-17 14:00,1.1175,0.0,0.63684,0.003,0.47766,0.0,0.0,0.0,0.0
2018-09-17 14:00:00,2018-09-17 15:00,1.19571,0.0,0.4259,0.29211,0.4777,0.0,0.0,0.0,0.0
2018-09-17 15:00:00,2018-09-17 16:00,0.9671,0.0,0.41065,0.003,0.55345,0.0,0.0,0.0,0.0
2018-09-17 16:00:00,2018-09-17 17:00,1.07263,0.0,0.42528,0.003,0.64435,0.0,0.0,0.0,0.0
2018-09-17 17:00:00,2018-09-17 18:00,1.24042,0.0,0.45107,0.11657,0.67278,0.01124,0.0,0.0,0.01124
2018-09-17 18:00:00,2018-09-17 19:00,1.62758,0.0,0.48321,0.2219,0.92247,0.01498,0.0,0.0,0.01498
2018-09-17 19:00:00,2018-09-17 20:00,1.44579,0.0,0.47398,0.003,0.96881,0.0,0.0,0.0,0.0
2018-09-17 20:00:00,2018-09-17 21:00,1.34326,0.0,0.43379,0.003,0.90647,0.0,0.0,0.0,0.0
2018-09-17 21:00:00,2018-09-17 22:00,1.21206,0.0,0.3907,0.003,0.81836,0.0,0.0,0.0,0.0
2018-09-17 22:00:00,2018-09-17 23:00,1.19973,0.0,0.36906,0.23343,0.59724,0.0,0.0,0.0,0.0
2018-09-17 23:00:00,2018-09-18 00:00,0.92558,0.0,0.3479,0.10095,0.47673,0.0,0.0,0.0,0.0
2018-09-18 00:00:00,2018-09-18 01:00,0.83189,0.0,0.35806,0.003,0.47083,0.0,0.0,0.0,0.0
2018-09-18 01:00:00,2018-09-18 02:00,0.8066,0.0,0.33724,0.003,0.46636,0.0,0.0,0.0,0.0
2018-09-18 02:00:00,2018-09-18 03:00,0.78218,0.0,0.31887,0.003,0.46031,0.0,0.0,0.0,0.0
2018-09-18 03:00:00,2018-09-18 04:00,0.7627,0.0,0.30685,0.003,0.45285,0.0,0.0,0.0,0.0
2018-09-18 04:00:00,2018-09-18 05:00,1.04939,0.0,0.35139,0.23032,0.46768,0.02622,0.0,0.0,0.02622
2018-09-18 05:00:00,2018-09-18 06:00,1.06939,0.0,0.29565,0.30746,0.46628,0.0,0.0,0.0,0.0
2018-09-18 06:00:00,2018-09-18 07:00,0.95154,0.0,0.28489,0.11537,0.55128,0.0,0.0,0.0,0.0
2018-09-18 07:00:00,2018-09-18 08:00,1.26719,0.0,0.28677,0.44061,0.53981,0.0,0.0,0.0,0.0
2018-09-18 08:00:00,2018-09-18 09:00,1.22974,0.0,0.27507,0.003,0.95167,0.0,0.0,0.0,0.0
2018-09-18 09:00:00,2018-09-18 10:00,2.97735,0.0,0.25545,0.003,2.7189,0.0,0.0,0.0,0.0
2018-09-18 10:00:00,2018-09-18 11:00,1.07625,0.0,0.27891,0.11575,0.68159,0.0,0.0,0.0,0.0
2018-09-18 11:00:00,2018-09-18 12:00,1.06543,0.0,0.28703,0.21143,0.56697,0.0,0.0,0.0,0.0
2018-09-18 12:00:00,2018-09-18 13:00,0.78811,0.0,0.2876,0.003,0.49751,0.0,0.0,0.0,0.0
2018-09-18 13:00:00,2018-09-18 14:00,0.80946,0.0,0.32879,0.003,0.47767,0.0,0.0,0.0,0.0
2018-09-18 14:00:00,2018-09-18 15:00,0.83159,0.0,0.3509,0.003,0.47769,0.0,0.0,0.0,0.0
2018-09-18 15:00:00,2018-09-18 16:00,0.82804,0.0,0.34942,0.003,0.47562,0.0,0.0,0.0,0.0
2018-09-18 16:00:00,2018-09-18 17:00,1.14655,0.0,0.35879,0.23239,0.55537,0.0,0.0,0.0,0.0
2018-09-18 17:00:00,2018-09-18 18:00,1.06288,0.0,0.35652,0.10626,0.6001,0.0,0.0,0.0,0.0
2018-09-18 18:00:00,2018-09-18 19:00,1.14992,0.0,0.35146,0.003,0.79546,0.0,0.0,0.0,0.0
2018-09-18 19:00:00,2018-09-18 20:00,1.56303,0.0,0.49274,0.003,1.06729,0.05433,0.0,0.0,0.05433
2018-09-18 20:00:00,2018-09-18 21:00,1.51581,0.0,0.40699,0.003,1.10582,0.0,0.0,0.0,0.0
2018-09-18 21:00:00,2018-09-18 22:00,1.45086,0.0,0.38048,0.003,1.06738,0.0,0.0,0.0,0.0
2018-09-18 22:00:00,2018-09-18 23:00,1.39085,0.0,0.33768,0.38702,0.66615,0.0,0.0,0.0,0.0
2018-09-18 23:00:00,2018-09-19 00:00,0.82666,0.0,0.30926,0.003,0.5144,0.0,0.0,0.0,0.0
2018-09-19 00:00:00,2018-09-19 01:00,0.72781,0.0,0.25257,0.003,0.47224,0.0,0.0,0.0,0.0
2018-09-19 01:00:00,2018-09-19 02:00,0.7204,0.0,0.25104,0.003,0.46636,0.0,0.0,0.0,0.0
2018-09-19 02:00:00,2018-09-19 03:00,0.70173,0.0,0.23842,0.003,0.46031,0.0,0.0,0.0,0.0
2018-09-19 03:00:00,2018-09-19 04:00,0.68792,0.0,0.2268,0.003,0.45812,0.0,0.0,0.0,0.0
2018-09-19 04:00:00,2018-09-19 05:00,0.91069,0.0,0.22583,0.23519,0.44967,0.0,0.0,0.0,0.0
2018-09-19 05:00:00,2018-09-19 06:00,1.01779,0.0,0.21244,0.33908,0.46627,0.0,0.0,0.0,0.0
2018-09-19 06:00:00,2018-09-19 07:00,0.86237,0.0,0.18495,0.1142,0.56322,0.0,0.0,0.0,0.0
2018-09-19 07:00:00,2018-09-19 08:00,1.33868,0.0,0.22176,0.46764,0.64928,0.0,0.0,0.0,0.0
2018-09-19 08:00:00,2018-09-19 09:00,0.9141,0.0,0.20122,0.10131,0.61157,0.0,0.0,0.0,0.0
2018-09-19 09:00:00,2018-09-19 10:00,0.72711,0.0,0.14552,0.003,0.57859,0.0,0.0,0.0,0.0
2018-09-19 10:00:00,2018-09-19 11:00,0.8091,0.0,0.09141,0.2311,0.48659,0.0,0.0,0.0,0.0
2018-09-19 11:00:00,2018-09-19 12:00,0.65748,0.0,0.08959,0.09943,0.46846,0.0,0.0,0.0,0.0
2018-09-19 12:00:00,2018-09-19 13:00,0.60222,0.0,0.12239,0.003,0.47683,0.0,0.0,0.0,0.0
2018-09-19 13:00:00,2018-09-19 14:00,0.61039,0.0,0.12974,0.003,0.47765,0.0,0.0,0.0,0.0
2018-09-19 14:00:00,2018-09-19 15:00,0.63215,0.0,0.15147,0.003,0.47768,0.0,0.0,0.0,0.0
2018-09-19 15:00:00,2018-09-19 16:00,1.01447,0.0,0.4008,0.003,0.61067,0.08058,0.0,0.0,0.08058
2018-09-19 16:00:00,2018-09-19 17:00,0.8052,0.0,0.23537,0.003,0.56683,0.0,0.0,0.0,0.0
2018-09-19 17:00:00,2018-09-19 18:00,1.2334,0.0,0.27242,0.30236,0.65862,0.0,0.0,0.0,0.0
2018-09-19 18:00:00,2018-09-19 19:00,1.1692,0.0,0.28253,0.003,0.88367,0.03935,0.0,0.0,0.03935
2018-09-19 19:00:00,2018-09-19 20:00,1.39426,0.0,0.33708,0.003,1.05418,0.04123,0.0,0.0,0.04123
2018-09-19 20:00:00,2018-09-19 21:00,1.47393,0.0,0.24612,0.003,1.22481,0.0,0.0,0.0,0.0
2018-09-19 21:00:00,2018-09-19 22:00,1.45698,0.0,0.22187,0.003,1.23211,0.0,0.0,0.0,0.0
2018-09-19 22:00:00,2018-09-19 23:00,0.8209,0.0,0.17326,0.003,0.64464,0.0,0.0,0.0,0.0
2018-09-19 23:00:00,2018-09-20 00:00,0.6117,0.0,0.13196,0.003,0.47674,0.0,0.0,0.0,0.0
2018-09-20 00:00:00,2018-09-20 01:00,0.63488,0.0,0.16106,0.003,0.47082,0.0,0.0,0.0,0.0
2018-09-20 01:00:00,2018-09-20 02:00,0.61575,0.0,0.14638,0.003,0.46637,0.0,0.0,0.0,0.0
2018-09-20 02:00:00,2018-09-20 03:00,0.60021,0.0,0.1369,0.003,0.46031,0.0,0.0,0.0,0.0
2018-09-20 03:00:00,2018-09-20 04:00,0.60506,0.0,0.14393,0.003,0.45813,0.0,0.0,0.0,0.0
2018-09-20 04:00:00,2018-09-20 05:00,0.88863,0.0,0.16419,0.26078,0.46366,0.01124,0.0,0.0,0.01124
2018-09-20 05:00:00,2018-09-20 06:00,0.68486,0.0,0.19377,0.003,0.48809,0.02622,0.0,0.0,0.02622
2018-09-20 06:00:00,2018-09-20 07:00,1.06469,0.0,0.15,0.35409,0.5606,0.01498,0.0,0.0,0.01498
2018-09-20 07:00:00,2018-09-20 08:00,0.66403,0.0,0.12909,0.01004,0.5249,0.0,0.0,0.0,0.0
2018-09-20 08:00:00,2018-09-20 09:00,0.74007,0.0,0.10948,0.1166,0.51399,0.0,0.0,0.0,0.0
2018-09-20 09:00:00,2018-09-20 10:00,0.811,0.0,0.10067,0.21487,0.49546,0.0,0.0,0.0,0.0
2018-09-20 10:00:00,2018-09-20 11:00,0.87375,0.0,0.12214,0.22919,0.52242,0.0,0.0,0.0,0.0
2018-09-20 11:00:00,2018-09-20 12:00,0.82434,0.0,0.12776,0.20741,0.48917,0.0,0.0,0.0,0.0
2018-09-20 12:00:00,2018-09-20 13:00,0.61492,0.0,0.1351,0.003,0.47682,0.0,0.0,0.0,0.0
2018-09-20 13:00:00,2018-09-20 14:00,0.62331,0.0,0.14264,0.003,0.47767,0.0,0.0,0.0,0.0
2018-09-20 14:00:00,2018-09-20 15:00,0.63404,0.0,0.15336,0.003,0.47768,0.0,0.0,0.0,0.0
2018-09-20 15:00:00,2018-09-20 16:00,0.72003,0.0,0.17931,0.003,0.53772,0.0,0.0,0.0,0.0
2018-09-20 16:00:00,2018-09-20 17:00,0.94944,0.0,0.27587,0.003,0.67057,0.02622,0.0,0.0,0.02622
2018-09-20 17:00:00,2018-09-20 18:00,1.1717,0.0,0.24165,0.23438,0.69567,0.0,0.0,0.0,0.0
2018-09-20 18:00:00,2018-09-20 19:00,1.29435,0.0,0.24071,0.25623,0.79741,0.0,0.0,0.0,0.0
2018-09-20 19:00:00,2018-09-20 20:00,1.27235,0.0,0.33574,0.003,0.93361,0.02622,0.0,0.0,0.02622
2018-09-20 20:00:00,2018-09-20 21:00,1.45292,0.0,0.32446,0.003,1.12546,0.0,0.0,0.0,0.0
2018-09-20 21:00:00,2018-09-20 22:00,1.65767,0.0,0.3458,0.11696,1.19491,0.0,0.0,0.0,0.0
2018-09-20 22:00:00,2018-09-20 23:00,1.28855,0.0,0.29962,0.25949,0.72944,0.0,0.0,0.0,0.0
2018-09-20 23:00:00,2018-09-21 00:00,0.82771,0.0,0.27321,0.003,0.5515,0.0,0.0,0.0,0.0
2018-09-21 00:00:00,2018-09-21 01:00,0.66949,0.0,0.18752,0.003,0.47897,0.0,0.0,0.0,0.0
2018-09-21 01:00:00,2018-09-21 02:00,0.53435,0.0,0.06756,0.003,0.46379,0.0,0.0,0.0,0.0
2018-09-21 02:00:00,2018-09-21 03:00,0.49675,0.0,0.03643,0.003,0.45732,0.0,0.0,0.0,0.0
2018-09-21 03:00:00,2018-09-21 04:00,0.47408,0.0,0.01296,0.003,0.45812,0.0,0.0,0.0,0.0
2018-09-21 04:00:00,2018-09-21 05:00,0.45496,0.0,0.0,0.003,0.45196,0.0,0.0,0.0,0.0
2018-09-21 05:00:00,2018-09-21 06:00,0.45463,0.0,0.0,0.003,0.45163,0.0,0.0,0.0,0.0
2018-09-21 06:00:00,2018-09-21 07:00,0.74008,0.0,0.0,0.23739,0.50269,0.0,0.0,0.0,0.0
2018-09-21 07:00:00,2018-09-21 08:00,0.61067,0.0,0.0,0.09594,0.51473,0.0,0.0,0.0,0.0
2018-09-21 08:00:00,2018-09-21 09:00,0.5142,0.0,0.0,0.003,0.5112,0.0,0.0,0.0,0.0
2018-09-21 09:00:00,2018-09-21 10:00,0.87999,0.0,0.0,0.35256,0.52743,0.0,0.0,0.0,0.0
2018-09-21 10:00:00,2018-09-21 11:00,0.59757,0.0,0.0,0.08891,0.50866,0.0,0.0,0.0,0.0
2018-09-21 11:00:00,2018-09-21 12:00,0.50757,0.0,0.0,0.003,0.50457,0.01124,0.0,0.0,0.01124
2018-09-21 12:00:00,2018-09-21 13:00,0.54593,0.0,0.0,0.003,0.54293,0.01498,0.0,0.0,0.01498
2018-09-21 13:00:00,2018-09-21 14:00,0.48798,0.0,0.0,0.003,0.48498,0.0,0.0,0.0,0.0
2018-09-21 14:00:00,2018-09-21 15:00,0.47977,0.0,0.0,0.003,0.47677,0.0,0.0,0.0,0.0
2018-09-21 15:00:00,2018-09-21 16:00,0.48552,0.0,0.0,0.003,0.48252,0.0,0.0,0.0,0.0
2018-09-21 16:00:00,2018-09-21 17:00,1.04076,0.0,0.0841,0.33569,0.62097,0.05433,0.0,0.0,0.05433
2018-09-21 17:00:00,2018-09-21 18:00,0.62403,0.0,0.02096,0.003,0.60007,0.0,0.0,0.0,0.0
2018-09-21 18:00:00,2018-09-21 19:00,0.7331,0.0,0.03113,0.003,0.69897,0.01124,0.0,0.0,0.01124
2018-09-21 19:00:00,2018-09-21 20:00,1.57915,0.0,0.11632,0.45922,1.00361,0.01498,0.0,0.0,0.01498
2018-09-21 20:00:00,2018-09-21 21:00,1.18579,0.02438,0.05259,0.003,1.10582,0.0,0.0,0.0,0.0
2018-09-21 21:00:00,2018-09-21 22:00,1.12097,0.04958,0.01286,0.003,1.05553,0.0,0.0,0.0,0.0
2018-09-21 22:00:00,2018-09-21 23:00,0.73096,0.05,0.0,0.003,0.67796,0.0,0.0,0.0,0.0
2018-09-21 23:00:00,2018-09-22 00:00,0.56741,0.05,0.0,0.003,0.51441,0.0,0.0,0.0,0.0
2018-09-22 00:00:00,2018-09-22 01:00,0.53002,0.05,0.0,0.003,0.47702,0.0,0.0,0.0,0.0
2018-09-22 01:00:00,2018-09-22 02:00,0.8282,0.05,0.0,0.31129,0.46691,0.0,0.0,0.0,0.0
2018-09-22 02:00:00,2018-09-22 03:00,0.53785,0.05,0.0,0.003,0.48485,0.02624,0.0,0.0,0.02624
2018-09-22 03:00:00,2018-09-22 04:00,0.50564,0.05,0.0,0.003,0.45264,0.0,0.0,0.0,0.0
2018-09-22 04:00:00,2018-09-22 05:00,0.50513,0.05,0.0,0.003,0.45213,0.0,0.0,0.0,0.0
2018-09-22 05:00:00,2018-09-22 06:00,0.50449,0.05,0.0,0.003,0.45149,0.0,0.0,0.0,0.0
2018-09-22 06:00:00,2018-09-22 07:00,0.55495,0.05,0.0,0.003,0.50195,0.0,0.0,0.0,0.0
2018-09-22 07:00:00,2018-09-22 08:00,0.72077,0.05,0.0,0.11609,0.55468,0.0,0.0,0.0,0.0
2018-09-22 08:00:00,2018-09-22 09:00,0.91705,0.0375,0.0,0.2283,0.65125,0.02998,0.0,0.0,0.02998
2018-09-22 09:00:00,2018-09-22 10:00,0.81038,0.0,0.0,0.003,0.80738,0.07869,0.0,0.0,0.07869
2018-09-22 10:00:00,2018-09-22 11:00,1.89165,0.0,0.0,0.003,1.88865,0.0,0.0,0.0,0.0
2018-09-22 11:00:00,2018-09-22 12:00,2.86481,0.0,0.0,0.003,2.86181,0.0,0.0,0.0,0.0
2018-09-22 12:00:00,2018-09-22 13:00,1.35284,0.0,0.00306,0.40742,0.94236,0.0,0.0,0.0,0.0
2018-09-22 13:00:00,2018-09-22 14:00,0.94542,0.0,0.14949,0.003,0.79293,0.0,0.0,0.0,0.0
2018-09-22 14:00:00,2018-09-22 15:00,1.16268,0.0,0.22552,0.11407,0.82309,0.0,0.0,0.0,0.0
2018-09-22 15:00:00,2018-09-22 16:00,1.48908,0.0,0.29481,0.34035,0.85392,0.0,0.0,0.0,0.0
2018-09-22 16:00:00,2018-09-22 17:00,1.13598,0.0,0.33264,0.003,0.80034,0.0,0.0,0.0,0.0
2018-09-22 17:00:00,2018-09-22 18:00,1.13889,0.0,0.31514,0.003,0.82075,0.0,0.0,0.0,0.0
2018-09-22 18:00:00,2018-09-22 19:00,1.21696,0.0,0.26519,0.11475,0.83702,0.0,0.0,0.0,0.0
2018-09-22 19:00:00,2018-09-22 20:00,1.40501,0.0,0.23798,0.28661,0.88042,0.0,0.0,0.0,0.0
2018-09-22 20:00:00,2018-09-22 21:00,1.12538,0.0,0.20181,0.003,0.92057,0.0,0.0,0.0,0.0
2018-09-22 21:00:00,2018-09-22 22:00,1.04325,0.0,0.17695,0.003,0.8633,0.0,0.0,0.0,0.0
2018-09-22 22:00:00,2018-09-22 23:00,0.82676,0.0,0.13842,0.003,0.68534,0.0,0.0,0.0,0.0
2018-09-22 23:00:00,2018-09-23 00:00,0.62408,0.0,0.10608,0.003,0.515,0.0,0.0,0.0,0.0
2018-09-23 00:00:00,2018-09-23 01:00,0.58822,0.0,0.09657,0.003,0.48865,0.0,0.0,0.0,0.0
2018-09-23 01:00:00,2018-09-23 02:00,0.7697,0.0,0.07215,0.2325,0.46505,0.0,0.0,0.0,0.0
2018-09-23 02:00:00,2018-09-23 03:00,0.61481,0.0,0.05841,0.10197,0.45443,0.0,0.0,0.0,0.0
2018-09-23 03:00:00,2018-09-23 04:00,0.49649,0.0,0.04001,0.003,0.45348,0.0,0.0,0.0,0.0
2018-09-23 04:00:00,2018-09-23 05:00,0.47193,0.0,0.01569,0.003,0.45324,0.0,0.0,0.0,0.0
2018-09-23 05:00:00,2018-09-23 06:00,0.45667,0.0,0.00067,0.003,0.453,0.0,0.0,0.0,0.0
2018-09-23 06:00:00,2018-09-23 07:00,0.5078,0.0,0.0,0.003,0.5048,0.0,0.0,0.0,0.0
2018-09-23 07:00:00,2018-09-23 08:00,0.94883,0.0,0.0,0.34447,0.60436,0.0,0.0,0.0,0.0
2018-09-23 08:00:00,2018-09-23 09:00,0.84491,0.0,0.03161,0.1662,0.6471,0.0,0.0,0.0,0.0
2018-09-23 09:00:00,2018-09-23 10:00,0.73023,0.0,0.09445,0.003,0.63278,0.0,0.0,0.0,0.0
2018-09-23 10:00:00,2018-09-23 11:00,1.08725,0.0,0.16464,0.34772,0.57489,0.0,0.0,0.0,0.0
2018-09-23 11:00:00,2018-09-23 12:00,1.06525,0.0,0.27185,0.05841,0.73499,0.0,0.0,0.0,0.0
2018-09-23 12:00:00,2018-09-23 13:00,2.88481,0.0,0.39193,0.11452,2.37836,0.0,0.0,0.0,0.0
2018-09-23 13:00:00,2018-09-23 14:00,2.48762,0.0,0.47294,0.45256,1.56212,0.0,0.0,0.0,0.0
2018-09-23 14:00:00,2018-09-23 15:00,1.38375,0.0,0.55766,0.003,0.82309,0.0,0.0,0.0,0.0
2018-09-23 15:00:00,2018-09-23 16:00,1.41939,0.0,0.63397,0.003,0.78242,0.0,0.0,0.0,0.0
2018-09-23 16:00:00,2018-09-23 17:00,1.62133,0.0,0.67834,0.11324,0.82975,0.0,0.0,0.0,0.0
2018-09-23 17:00:00,2018-09-23 18:00,1.96036,0.0,0.70155,0.25899,0.99982,0.02624,0.0,0.0,0.02624
2018-09-23 18:00:00,2018-09-23 19:00,1.73324,0.0,0.60237,0.003,1.12787,0.0,0.0,0.0,0.0
2018-09-23 19:00:00,2018-09-23 20:00,1.80529,0.0,0.55612,0.003,1.24617,0.0,0.0,0.0,0.0
2018-09-23 20:00:00,2018-09-23 21:00,1.8631,0.0,0.52958,0.003,1.33052,0.0,0.0,0.0,0.0
2018-09-23 21:00:00,2018-09-23 22:00,1.65415,0.0,0.46115,0.003,1.19,0.0,0.0,0.0,0.0
2018-09-23 22:00:00,2018-09-23 23:00,1.51883,0.0,0.36522,0.39681,0.7568,0.0,0.0,0.0,0.0
2018-09-23 23:00:00,2018-09-24 00:00,0.85052,0.0,0.29808,0.003,0.54944,0.0,0.0,0.0,0.0
2018-09-24 00:00:00,2018-09-24 01:00,0.68787,0.0,0.20171,0.003,0.48316,0.0,0.0,0.0,0.0
2018-09-24 01:00:00,2018-09-24 02:00,0.6643,0.0,0.19494,0.003,0.46636,0.0,0.0,0.0,0.0
2018-09-24 02:00:00,2018-09-24 03:00,0.95404,0.0,0.17089,0.32285,0.4603,0.0,0.0,0.0,0.0
2018-09-24 03:00:00,2018-09-24 04:00,0.58426,0.0,0.12312,0.003,0.45814,0.0,0.0,0.0,0.0
2018-09-24 04:00:00,2018-09-24 05:00,0.54294,0.0,0.08796,0.003,0.45198,0.0,0.0,0.0,0.0
2018-09-24 05:00:00,2018-09-24 06:00,0.54419,0.0,0.0722,0.003,0.46899,0.01124,0.0,0.0,0.01124
2018-09-24 06:00:00,2018-09-24 07:00,0.94807,0.0,0.18942,0.11424,0.64441,0.09744,0.0,0.0,0.09744
2018-09-24 07:00:00,2018-09-24 08:00,1.04445,0.0,0.05022,0.46598,0.52825,0.0,0.0,0.0,0.0
2018-09-24 08:00:00,2018-09-24 09:00,0.56536,0.0,0.07404,0.0112,0.48012,0.0,0.0,0.0,0.0
2018-09-24 09:00:00,2018-09-24 10:00,0.62305,0.0,0.10964,0.003,0.51041,0.0,0.0,0.0,0.0
2018-09-24 10:00:00,2018-09-24 11:00,0.62741,0.0,0.15323,0.003,0.47118,0.0,0.0,0.0,0.0
2018-09-24 11:00:00,2018-09-24 12:00,0.76236,0.0,0.2909,0.003,0.46846,0.0,0.0,0.0,0.0
2018-09-24 12:00:00,2018-09-24 13:00,0.8625,0.0,0.38269,0.003,0.47681,0.0,0.0,0.0,0.0
2018-09-24 13:00:00,2018-09-24 14:00,1.24392,0.0,0.45883,0.30742,0.47767,0.0,0.0,0.0,0.0
2018-09-24 14:00:00,2018-09-24 15:00,0.98955,0.0,0.50887,0.003,0.47768,0.0,0.0,0.0,0.0
2018-09-24 15:00:00,2018-09-24 16:00,1.00112,0.0,0.5225,0.003,0.47562,0.0,0.0,0.0,0.0
2018-09-24 16:00:00,2018-09-24 17:00,1.05926,0.0,0.51989,0.003,0.53637,0.0,0.0,0.0,0.0
2018-09-24 17:00:00,2018-09-24 18:00,1.5647,0.0,0.5337,0.34919,0.68181,0.0,0.0,0.0,0.0
2018-09-24 18:00:00,2018-09-24 19:00,1.80836,0.0,0.71594,0.09155,1.00087,0.09556,0.0,0.0,0.09556
2018-09-24 19:00:00,2018-09-24 20:00,1.57411,0.0,0.48433,0.003,1.08678,0.01312,0.0,0.0,0.01312
2018-09-24 20:00:00,2018-09-24 21:00,2.2079,0.0,0.44058,0.46309,1.30423,0.0,0.0,0.0,0.0
2018-09-24 21:00:00,2018-09-24 22:00,1.70266,0.0,0.39317,0.06549,1.244,0.0,0.0,0.0,0.0
2018-09-24 22:00:00,2018-09-24 23:00,1.13308,0.0,0.31238,0.003,0.8177,0.0,0.0,0.0,0.0
2018-09-24 23:00:00,2018-09-25 00:00,0.80294,0.0,0.24752,0.003,0.55242,0.0,0.0,0.0,0.0
2018-09-25 00:00:00,2018-09-25 01:00,0.74066,0.0,0.24975,0.003,0.48791,0.0,0.0,0.0,0.0
2018-09-25 01:00:00,2018-09-25 02:00,0.67982,0.0,0.21046,0.003,0.46636,0.0,0.0,0.0,0.0
2018-09-25 02:00:00,2018-09-25 03:00,0.62888,0.0,0.16557,0.003,0.46031,0.0,0.0,0.0,0.0
2018-09-25 03:00:00,2018-09-25 04:00,0.58282,0.0,0.12169,0.003,0.45813,0.0,0.0,0.0,0.0
2018-09-25 04:00:00,2018-09-25 05:00,0.53675,0.0,0.08133,0.003,0.45242,0.0,0.0,0.0,0.0
2018-09-25 05:00:00,2018-09-25 06:00,0.95597,0.0,0.06194,0.43521,0.45882,0.0,0.0,0.0,0.0
2018-09-25 06:00:00,2018-09-25 07:00,0.64367,0.0,0.00265,0.11398,0.52704,0.0,0.0,0.0,0.0
2018-09-25 07:00:00,2018-09-25 08:00,0.87219,0.0,0.0,0.36591,0.50628,0.0,0.0,0.0,0.0
2018-09-25 08:00:00,2018-09-25 09:00,0.47799,0.0,0.0,0.003,0.47499,0.0,0.0,0.0,0.0
2018-09-25 09:00:00,2018-09-25 10:00,0.48056,0.0,0.0,0.003,0.47756,0.0,0.0,0.0,0.0
2018-09-25 10:00:00,2018-09-25 11:00,0.47379,0.0,0.0,0.003,0.47079,0.0,0.0,0.0,0.0
2018-09-25 11:00:00,2018-09-25 12:00,0.47108,0.0,0.0,0.003,0.46808,0.0,0.0,0.0,0.0
2018-09-25 12:00:00,2018-09-25 13:00,0.47943,0.0,0.0,0.003,0.47643,0.0,0.0,0.0,0.0
2018-09-25 13:00:00,2018-09-25 14:00,0.48026,0.0,0.0,0.003,0.47726,0.0,0.0,0.0,0.0
2018-09-25 14:00:00,2018-09-25 15:00,0.48019,0.0,0.0,0.003,0.47719,0.0,0.0,0.0,0.0
2018-09-25 15:00:00,2018-09-25 16:00,0.51693,0.0,0.0,0.003,0.51393,0.0,0.0,0.0,0.0
2018-09-25 16:00:00,2018-09-25 17:00,0.7903,0.0,0.0,0.23319,0.55711,0.0,0.0,0.0,0.0
2018-09-25 17:00:00,2018-09-25 18:00,0.66641,0.0,0.0,0.12672,0.53969,0.0,0.0,0.0,0.0
2018-09-25 18:00:00,2018-09-25 19:00,0.67413,0.0,0.0,0.003,0.67113,0.0,0.0,0.0,0.0
2018-09-25 19:00:00,2018-09-25 20:00,0.76455,0.0,0.0,0.003,0.76155,0.0,0.0,0.0,0.0
2018-09-25 20:00:00,2018-09-25 21:00,1.27453,0.0,0.0,0.34806,0.92647,0.0,0.0,0.0,0.0
2018-09-25 21:00:00,2018-09-25 22:00,0.89784,0.05,0.0,0.07874,0.7691,0.0,0.0,0.0,0.0
2018-09-25 22:00:00,2018-09-25 23:00,0.66527,0.05,0.0,0.003,0.61227,0.01124,0.0,0.0,0.01124
2018-09-25 23:00:00,2018-09-26 00:00,0.6103,0.05,0.0,0.003,0.5573,0.04308,0.0,0.0,0.04308
2018-09-26 00:00:00,2018-09-26 01:00,0.53151,0.05,0.0,0.003,0.47851,0.0,0.0,0.0,0.0
2018-09-26 01:00:00,2018-09-26 02:00,0.50352,0.0375,0.0,0.003,0.46302,0.0,0.0,0.0,0.0
2018-09-26 02:00:00,2018-09-26 03:00,0.84125,0.0,0.0,0.38841,0.45284,0.0,0.0,0.0,0.0
2018-09-26 03:00:00,2018-09-26 04:00,0.46022,0.0,0.0,0.003,0.45722,0.0,0.0,0.0,0.0
2018-09-26 04:00:00,2018-09-26 05:00,0.50394,0.05,0.0,0.003,0.45094,0.0,0.0,0.0,0.0
2018-09-26 05:00:00,2018-09-26 06:00,0.5099,0.05,0.0,0.003,0.4569,0.0,0.0,0.0,0.0
2018-09-26 06:00:00,2018-09-26 07:00,0.80356,0.05,0.0,0.22856,0.525,0.0,0.0,0.0,0.0
2018-09-26 07:00:00,2018-09-26 08:00,0.87387,0.05,0.0,0.27101,0.55286,0.0,0.0,0.0,0.0
2018-09-26 08:00:00,2018-09-26 09:00,0.79829,0.05,0.0,0.22621,0.52208,0.0,0.0,0.0,0.0
2018-09-26 09:00:00,2018-09-26 10:00,0.74964,0.0375,0.0,0.1858,0.52634,0.0,0.0,0.0,0.0
2018-09-26 10:00:00,2018-09-26 11:00,0.51833,0.0,0.0,0.003,0.51533,0.0,0.0,0.0,0.0
2018-09-26 11:00:00,2018-09-26 12:00,0.46996,0.0,0.0,0.003,0.46696,0.0,0.0,0.0,0.0
2018-09-26 12:00:00,2018-09-26 13:00,0.47864,0.0,0.0,0.003,0.47564,0.0,0.0,0.0,0.0
2018-09-26 13:00:00,2018-09-26 14:00,0.4799,0.0,0.0,0.003,0.4769,0.0,0.0,0.0,0.0
2018-09-26 14:00:00,2018-09-26 15:00,0.48015,0.0,0.0,0.003,0.47715,0.0,0.0,0.0,0.0
2018-09-26 15:00:00,2018-09-26 16:00,0.50149,0.0,0.0,0.003,0.49849,0.0,0.0,0.0,0.0
2018-09-26 16:00:00,2018-09-26 17:00,2.09287,0.0,0.10828,0.003,1.98159,0.0,0.0,0.0,0.0
2018-09-26 17:00:00,2018-09-26 18:00,3.45194,0.0,0.17041,0.34833,2.9332,0.02622,0.0,0.0,0.02622
2018-09-26 18:00:00,2018-09-26 19:00,2.53425,0.0,0.08336,0.09752,2.35337,0.0,0.0,0.0,0.0
2018-09-26 19:00:00,2018-09-26 20:00,0.93672,0.0,0.08697,0.003,0.84675,0.0,0.0,0.0,0.0
2018-09-26 20:00:00,2018-09-26 21:00,1.72018,0.0,0.18289,0.34444,1.19285,0.06745,0.0,0.0,0.06745
2018-09-26 21:00:00,2018-09-26 22:00,1.01566,0.0,0.1029,0.003,0.90976,0.01312,0.0,0.0,0.01312
2018-09-26 22:00:00,2018-09-26 23:00,0.63674,0.0,0.03648,0.003,0.59726,0.0,0.0,0.0,0.0
2018-09-26 23:00:00,2018-09-27 00:00,0.48706,0.0,0.00733,0.003,0.47673,0.0,0.0,0.0,0.0
2018-09-27 00:00:00,2018-09-27 01:00,0.52003,0.0,0.0462,0.003,0.47083,0.0,0.0,0.0,0.0
2018-09-27 01:00:00,2018-09-27 02:00,0.50902,0.0,0.03964,0.003,0.46638,0.0,0.0,0.0,0.0
2018-09-27 02:00:00,2018-09-27 03:00,0.49584,0.0,0.03254,0.003,0.4603,0.0,0.0,0.0,0.0
2018-09-27 03:00:00,2018-09-27 04:00,0.48201,0.0,0.02089,0.003,0.45812,0.0,0.0,0.0,0.0
2018-09-27 04:00:00,2018-09-27 05:00,0.4785,0.0,0.02352,0.003,0.45198,0.0,0.0,0.0,0.0
2018-09-27 05:00:00,2018-09-27 06:00,0.70636,0.0,0.01289,0.23212,0.46135,0.0,0.0,0.0,0.0
2018-09-27 06:00:00,2018-09-27 07:00,0.77256,0.0,0.0,0.2333,0.53926,0.0,0.0,0.0,0.0
2018-09-27 07:00:00,2018-09-27 08:00,0.74442,0.0,0.0,0.22265,0.52177,0.0,0.0,0.0,0.0
2018-09-27 08:00:00,2018-09-27 09:00,0.81381,0.0,0.0,0.29516,0.51865,0.0,0.0,0.0,0.0
2018-09-27 09:00:00,2018-09-27 10:00,0.48048,0.0,0.0,0.003,0.47748,0.0,0.0,0.0,0.0
2018-09-27 10:00:00,2018-09-27 11:00,0.4738,0.0,0.0,0.003,0.4708,0.0,0.0,0.0,0.0
2018-09-27 11:00:00,2018-09-27 12:00,0.47114,0.0,0.0,0.003,0.46814,0.0,0.0,0.0,0.0
2018-09-27 12:00:00,2018-09-27 13:00,0.47956,0.0,0.0,0.003,0.47656,0.0,0.0,0.0,0.0
2018-09-27 13:00:00,2018-09-27 14:00,0.48052,0.0,0.0,0.003,0.47752,0.0,0.0,0.0,0.0
2018-09-27 14:00:00,2018-09-27 15:00,0.51064,0.0,0.02997,0.003,0.47767,0.0,0.0,0.0,0.0
2018-09-27 15:00:00,2018-09-27 16:00,0.56517,0.0,0.0402,0.003,0.52197,0.0,0.0,0.0,0.0
2018-09-27 16:00:00,2018-09-27 17:00,1.04871,0.0,0.05635,0.348,0.64436,0.0,0.0,0.0,0.0
2018-09-27 17:00:00,2018-09-27 18:00,1.14472,0.0,0.07422,0.32853,0.74197,0.0,0.0,0.0,0.0
2018-09-27 18:00:00,2018-09-27 19:00,0.86908,0.0,0.03811,0.003,0.82797,0.0,0.0,0.0,0.0
2018-09-27 19:00:00,2018-09-27 20:00,1.04559,0.0,0.05396,0.003,0.98863,0.0,0.0,0.0,0.0
2018-09-27 20:00:00,2018-09-27 21:00,1.3634,0.0,0.03599,0.2216,1.10581,0.0,0.0,0.0,0.0
2018-09-27 21:00:00,2018-09-27 22:00,1.47001,0.0,0.01188,0.4026,1.05553,0.0,0.0,0.0,0.0
2018-09-27 22:00:00,2018-09-27 23:00,0.62205,0.0,0.0,0.003,0.61905,0.0,0.0,0.0,0.0
2018-09-27 23:00:00,2018-09-28 00:00,0.51057,0.025,0.0,0.003,0.48257,0.0,0.0,0.0,0.0
2018-09-28 00:00:00,2018-09-28 01:00,0.52324,0.05,0.0,0.003,0.47024,0.0,0.0,0.0,0.0
2018-09-28 01:00:00,2018-09-28 02:00,0.51842,0.05,0.0,0.003,0.46542,0.0,0.0,0.0,0.0
2018-09-28 02:00:00,2018-09-28 03:00,0.51224,0.05,0.0,0.003,0.45924,0.0,0.0,0.0,0.0
2018-09-28 03:00:00,2018-09-28 04:00,0.50982,0.05,0.0,0.003,0.45682,0.0,0.0,0.0,0.0
2018-09-28 04:00:00,2018-09-28 05:00,0.82815,0.05,0.0,0.33209,0.44606,0.0,0.0,0.0,0.0
2018-09-28 05:00:00,2018-09-28 06:00,0.97244,0.05,0.0,0.46236,0.46008,0.0,0.0,0.0,0.0
2018-09-28 06:00:00,2018-09-28 07:00,0.80612,0.05,0.0,0.18446,0.57166,0.0,0.0,0.0,0.0
2018-09-28 07:00:00,2018-09-28 08:00,0.90511,0.09781,0.0,0.22101,0.58629,0.0,0.0,0.0,0.0
2018-09-28 08:00:00,2018-09-28 09:00,1.14467,0.10778,0.0,0.45411,0.58278,0.0,0.0,0.0,0.0
2018-09-28 09:00:00,2018-09-28 10:00,0.85706,0.05604,0.0,0.22952,0.5715,0.0,0.0,0.0,0.0
2018-09-28 10:00:00,2018-09-28 11:00,0.53496,0.0375,0.0,0.003,0.49446,0.0,0.0,0.0,0.0
2018-09-28 11:00:00,2018-09-28 12:00,0.97279,0.0,0.0,0.44952,0.52327,0.0,0.0,0.0,0.0
2018-09-28 12:00:00,2018-09-28 13:00,0.66279,0.0,0.0,0.13365,0.52914,0.0,0.0,0.0,0.0
2018-09-28 13:00:00,2018-09-28 14:00,0.47907,0.0,0.0,0.003,0.47607,0.0,0.0,0.0,0.0
2018-09-28 14:00:00,2018-09-28 15:00,0.47928,0.0,0.0,0.003,0.47628,0.0,0.0,0.0,0.0
2018-09-28 15:00:00,2018-09-28 16:00,0.50063,0.0,0.0,0.003,0.49763,0.0,0.0,0.0,0.0
2018-09-28 16:00:00,2018-09-28 17:00,0.56905,0.0,0.0,0.003,0.56605,0.0,0.0,0.0,0.0
2018-09-28 17:00:00,2018-09-28 18:00,0.71027,0.0,0.0,0.003,0.70727,0.02622,0.0,0.0,0.02622
2018-09-28 18:00:00,2018-09-28 19:00,0.79959,0.0,0.0,0.003,0.79659,0.0,0.0,0.0,0.0
2018-09-28 19:00:00,2018-09-28 20:00,1.40053,0.05,0.0,0.34264,1.00789,0.0,0.0,0.0,0.0
2018-09-28 20:00:00,2018-09-28 21:00,1.43388,0.05,0.0,0.08011,1.30377,0.0,0.0,0.0,0.0
2018-09-28 21:00:00,2018-09-28 22:00,1.30822,0.05,0.0,0.003,1.25522,0.0,0.0,0.0,0.0
2018-09-28 22:00:00,2018-09-28 23:00,0.88772,0.05,0.0,0.003,0.83472,0.0,0.0,0.0,0.0
2018-09-28 23:00:00,2018-09-29 00:00,0.58296,0.05,0.0,0.003,0.52996,0.0,0.0,0.0,0.0
2018-09-29 00:00:00,2018-09-29 01:00,0.8603,0.05,0.0,0.33997,0.47033,0.0,0.0,0.0,0.0
2018-09-29 01:00:00,2018-09-29 02:00,0.51851,0.05,0.0,0.003,0.46551,0.0,0.0,0.0,0.0
2018-09-29 02:00:00,2018-09-29 03:00,0.66472,0.20223,0.0,0.003,0.45949,0.0,0.0,0.0,0.0
2018-09-29 03:00:00,2018-09-29 04:00,0.79071,0.33057,0.0,0.003,0.45714,0.0,0.0,0.0,0.0
2018-09-29 04:00:00,2018-09-29 05:00,0.82424,0.37011,0.0,0.003,0.45113,0.0,0.0,0.0,0.0
2018-09-29 05:00:00,2018-09-29 06:00,0.85681,0.40315,0.0,0.003,0.45066,0.0,0.0,0.0,0.0
2018-09-29 06:00:00,2018-09-29 07:00,1.05306,0.53676,0.0,0.003,0.5133,0.0,0.0,0.0,0.0
2018-09-29 07:00:00,2018-09-29 08:00,1.42238,0.41777,0.0,0.42508,0.57953,0.0,0.0,0.0,0.0
2018-09-29 08:00:00,2018-09-29 09:00,1.05854,0.39393,0.0,0.003,0.66161,0.0,0.0,0.0,0.0
2018-09-29 09:00:00,2018-09-29 10:00,1.26744,0.3156,0.0,0.22401,0.72783,0.0,0.0,0.0,0.0
2018-09-29 10:00:00,2018-09-29 11:00,1.30111,0.30178,0.0,0.29927,0.70006,0.0,0.0,0.0,0.0
2018-09-29 11:00:00,2018-09-29 12:00,0.90636,0.29963,0.0,0.003,0.60373,0.0,0.0,0.0,0.0
2018-09-29 12:00:00,2018-09-29 13:00,0.9659,0.24583,0.0,0.003,0.71707,0.0,0.0,0.0,0.0
2018-09-29 13:00:00,2018-09-29 14:00,1.7544,0.1824,0.0,0.22043,1.35157,0.0,0.0,0.0,0.0
2018-09-29 14:00:00,2018-09-29 15:00,1.37826,0.11237,0.0,0.39237,0.87352,0.0,0.0,0.0,0.0
2018-09-29 15:00:00,2018-09-29 16:00,2.60791,0.04748,0.0,0.003,2.55743,0.0,0.0,0.0,0.0
2018-09-29 16:00:00,2018-09-29 17:00,1.23454,0.05749,0.0,0.003,1.17405,0.00187,0.0,0.0,0.00187
2018-09-29 17:00:00,2018-09-29 18:00,1.40712,0.05,0.0,0.33346,1.02366,0.05247,0.0,0.0,0.05247
2018-09-29 18:00:00,2018-09-29 19:00,1.3504,0.11698,0.0,0.19108,1.04234,0.0,0.0,0.0,0.0
2018-09-29 19:00:00,2018-09-29 20:00,1.11845,0.08947,0.0,0.003,1.02598,0.00187,0.0,0.0,0.00187
2018-09-29 20:00:00,2018-09-29 21:00,1.43434,0.05,0.0,0.003,1.38134,0.05247,0.0,0.0,0.05247
2018-09-29 21:00:00,2018-09-29 22:00,1.14099,0.05,0.0,0.003,1.08799,0.0,0.0,0.0,0.0
2018-09-29 22:00:00,2018-09-29 23:00,0.88491,0.15818,0.0,0.003,0.72373,0.0,0.0,0.0,0.0
2018-09-29 23:00:00,2018-09-30 00:00,0.69698,0.17232,0.0,0.003,0.52166,0.0,0.0,0.0,0.0
2018-09-30 00:00:00,2018-09-30 01:00,0.65365,0.17323,0.0,0.003,0.47742,0.0,0.0,0.0,0.0
2018-09-30 01:00:00,2018-09-30 02:00,0.7647,0.18881,0.0,0.11333,0.46256,0.0,0.0,0.0,0.0
2018-09-30 02:00:00,2018-09-30 03:00,0.90683,0.21471,0.0,0.23979,0.45233,0.0,0.0,0.0,0.0
2018-09-30 03:00:00,2018-09-30 04:00,0.66972,0.21737,0.0,0.003,0.44935,0.0,0.0,0.0,0.0
2018-09-30 04:00:00,2018-09-30 05:00,0.67455,0.22469,0.0,0.003,0.44686,0.0,0.0,0.0,0.0
2018-09-30 05:00:00,2018-09-30 06:00,0.70629,0.23529,0.0,0.003,0.468,0.0,0.0,0.0,0.0
2018-09-30 06:00:00,2018-09-30 07:00,1.30772,0.31875,0.0,0.43397,0.555,0.0,0.0,0.0,0.0
2018-09-30 07:00:00,2018-09-30 08:00,0.80758,0.26181,0.0,0.003,0.54277,0.0,0.0,0.0,0.0
2018-09-30 08:00:00,2018-09-30 09:00,2.54174,0.24088,0.0,0.003,2.29786,0.02998,0.0,0.0,0.02998
2018-09-30 09:00:00,2018-09-30 10:00,3.35653,0.17692,0.0,0.33734,2.84227,0.02437,0.0,0.0,0.02437
2018-09-30 10:00:00,2018-09-30 11:00,1.19119,0.06909,0.0,0.22277,0.89933,0.08619,0.0,0.0,0.08619
2018-09-30 11:00:00,2018-09-30 12:00,0.78766,0.0375,0.0,0.003,0.74716,0.02248,0.0,0.0,0.02248
2018-09-30 12:00:00,2018-09-30 13:00,0.98477,0.0,0.0,0.2235,0.76127,0.0,0.0,0.0,0.0
2018-09-30 13:00:00,2018-09-30 14:00,0.95627,0.0,0.0,0.16529,0.79098,0.0,0.0,0.0,0.0
2018-09-30 14:00:00,2018-09-30 15:00,0.82415,0.0,0.0,0.003,0.82115,0.0,0.0,0.0,0.0
2018-09-30 15:00:00,2018-09-30 16:00,1.07603,0.0,0.0,0.22186,0.85417,0.0,0.0,0.0,0.0
2018-09-30 16:00:00,2018-09-30 17:00,1.22733,0.0,0.0,0.32459,0.90274,0.0,0.0,0.0,0.0
2018-09-30 17:00:00,2018-09-30 18:00,1.02986,0.0,0.0,0.003,1.02686,0.05435,0.0,0.0,0.05435
2018-09-30 18:00:00,2018-09-30 19:00,1.15969,0.0,0.0,0.1128,1.04689,0.0,0.0,0.0,0.0
2018-09-30 19:00:00,2018-09-30 20:00,1.43314,0.0,0.0,0.36721,1.06593,0.0,0.0,0.0,0.0
2018-09-30 20:00:00,2018-09-30 21:00,1.38276,0.05,0.0,0.003,1.32976,0.0,0.0,0.0,0.0
2018-09-30 21:00:00,2018-09-30 22:00,1.2422,0.05,0.0,0.003,1.1892,0.0,0.0,0.0,0.0
2018-09-30 22:00:00,2018-09-30 23:00,0.8632,0.0375,0.0,0.11253,0.71317,0.0,0.0,0.0,0.0
2018-09-30 23:00:00,2018-10-01 00:00,0.89963,0.05,0.0,0.33705,0.51258,0.0,0.0,0.0,0.0
2018-10-01 00:00:00,2018-10-01 01:00,0.50959,0.05,0.0,0.003,0.45659,0.0,0.0,0.0,0.0
2018-10-01 01:00:00,2018-10-01 02:00,0.49784,0.05,0.0,0.003,0.44484,0.0,0.0,0.0,0.0
2018-10-01 02:00:00,2018-10-01 03:00,0.48865,0.05,0.0,0.003,0.43565,0.0,0.0,0.0,0.0
2018-10-01 03:00:00,2018-10-01 04:00,0.93395,0.17407,0.0,0.32708,0.4328,0.0,0.0,0.0,0.0
2018-10-01 04:00:00,2018-10-01 05:00,0.96606,0.19909,0.0,0.33594,0.43103,0.0,0.0,0.0,0.0
2018-10-01 05:00:00,2018-10-01 06:00,0.64895,0.21536,0.0,0.003,0.43059,0.0,0.0,0.0,0.0
2018-10-01 06:00:00,2018-10-01 07:00,0.78465,0.27862,0.0,0.003,0.50303,0.01124,0.0,0.0,0.01124
2018-10-01 07:00:00,2018-10-01 08:00,0.65565,0.05,0.0,0.003,0.60265,0.10118,0.0,0.0,0.10118
2018-10-01 08:00:00,2018-10-01 09:00,1.02775,0.1757,0.0,0.34175,0.5103,0.0,0.0,0.0,0.0
2018-10-01 09:00:00,2018-10-01 10:00,0.95668,0.26056,0.0,0.18127,0.51485,0.0,0.0,0.0,0.0
2018-10-01 10:00:00,2018-10-01 11:00,0.91087,0.28387,0.0,0.11192,0.51508,0.0,0.0,0.0,0.0
2018-10-01 11:00:00,2018-10-01 12:00,1.30101,0.27776,0.0,0.455,0.56825,0.0,0.0,0.0,0.0
2018-10-01 12:00:00,2018-10-01 13:00,0.89649,0.26628,0.0,0.08293,0.54728,0.0,0.0,0.0,0.0
2018-10-01 13:00:00,2018-10-01 14:00,0.75477,0.29837,0.0,0.003,0.4534,0.0,0.0,0.0,0.0
2018-10-01 14:00:00,2018-10-01 15:00,0.77368,0.31736,0.0,0.003,0.45332,0.0,0.0,0.0,0.0
2018-10-01 15:00:00,2018-10-01 16:00,0.75483,0.26373,0.0,0.003,0.4881,0.0,0.0,0.0,0.0
2018-10-01 16:00:00,2018-10-01 17:00,0.7739,0.23076,0.0,0.003,0.54014,0.0,0.0,0.0,0.0
2018-10-01 17:00:00,2018-10-01 18:00,1.24482,0.20221,0.0,0.45451,0.5881,0.0,0.0,0.0,0.0
2018-10-01 18:00:00,2018-10-01 19:00,1.23304,0.25179,0.0,0.23214,0.74911,0.0,0.0,0.0,0.0
2018-10-01 19:00:00,2018-10-01 20:00,1.06105,0.18353,0.0,0.003,0.87452,0.0,0.0,0.0,0.0
2018-10-01 20:00:00,2018-10-01 21:00,1.24438,0.14283,0.0,0.003,1.09855,0.0,0.0,0.0,0.0
2018-10-01 21:00:00,2018-10-01 22:00,1.152,0.14137,0.0,0.003,1.00763,0.0,0.0,0.0,0.0
2018-10-01 22:00:00,2018-10-01 23:00,0.8536,0.17782,0.0,0.003,0.67278,0.0,0.0,0.0,0.0
2018-10-01 23:00:00,2018-10-02 00:00,1.13061,0.18831,0.0,0.44474,0.49756,0.0,0.0,0.0,0.0
2018-10-02 00:00:00,2018-10-02 01:00,0.64932,0.19905,0.0,0.003,0.44727,0.0,0.0,0.0,0.0
2018-10-02 01:00:00,2018-10-02 02:00,0.66725,0.22081,0.0,0.003,0.44344,0.0,0.0,0.0,0.0
2018-10-02 02:00:00,2018-10-02 03:00,0.68036,0.23906,0.0,0.003,0.4383,0.0,0.0,0.0,0.0
2018-10-02 03:00:00,2018-10-02 04:00,0.68316,0.24387,0.0,0.003,0.43629,0.0,0.0,0.0,0.0
2018-10-02 04:00:00,2018-10-02 05:00,0.68102,0.24776,0.0,0.003,0.43026,0.0,0.0,0.0,0.0
2018-10-02 05:00:00,2018-10-02 06:00,1.04514,0.25319,0.0,0.33724,0.45471,0.0,0.0,0.0,0.0
2018-10-02 06:00:00,2018-10-02 07:00,1.35156,0.32174,0.0,0.46241,0.56741,0.0,0.0,0.0,0.0
2018-10-02 07:00:00,2018-10-02 08:00,1.31364,0.26049,0.0,0.46483,0.58832,0.0,0.0,0.0,0.0
2018-10-02 08:00:00,2018-10-02 09:00,0.95313,0.27749,0.0,0.11844,0.5572,0.0,0.0,0.0,0.0
2018-10-02 09:00:00,2018-10-02 10:00,0.77469,0.29322,0.0,0.003,0.47847,0.0,0.0,0.0,0.0
2018-10-02 10:00:00,2018-10-02 11:00,0.74841,0.29788,0.0,0.003,0.44753,0.0,0.0,0.0,0.0
2018-10-02 11:00:00,2018-10-02 12:00,0.71569,0.26774,0.0,0.003,0.44495,0.0,0.0,0.0,0.0
2018-10-02 12:00:00,2018-10-02 13:00,0.66384,0.20228,0.0,0.003,0.45856,0.0,0.0,0.0,0.0
2018-10-02 13:00:00,2018-10-02 14:00,0.95311,0.20481,0.0,0.22449,0.52381,0.0,0.0,0.0,0.0
2018-10-02 14:00:00,2018-10-02 15:00,0.91683,0.1631,0.0,0.20114,0.55259,0.0,0.0,0.0,0.0
2018-10-02 15:00:00,2018-10-02 16:00,0.73819,0.13517,0.0,0.003,0.60002,0.0,0.0,0.0,0.0
2018-10-02 16:00:00,2018-10-02 17:00,0.74946,0.10363,0.0,0.003,0.64283,0.0,0.0,0.0,0.0
2018-10-02 17:00:00,2018-10-02 18:00,0.80752,0.10522,0.0,0.003,0.6993,0.0,0.0,0.0,0.0
2018-10-02 18:00:00,2018-10-02 19:00,1.05485,0.13596,0.0,0.11372,0.80517,0.0,0.0,0.0,0.0
2018-10-02 19:00:00,2018-10-02 20:00,1.54741,0.05122,0.0,0.31694,1.17925,0.0,0.0,0.0,0.0
2018-10-02 20:00:00,2018-10-02 21:00,2.32412,0.01272,0.0,0.003,2.3084,0.0,0.0,0.0,0.0
2018-10-02 21:00:00,2018-10-02 22:00,0.93251,0.01627,0.0,0.003,0.91324,0.0,0.0,0.0,0.0
2018-10-02 22:00:00,2018-10-02 23:00,0.73795,0.03463,0.0,0.003,0.70032,0.0,0.0,0.0,0.0
2018-10-02 23:00:00,2018-10-03 00:00,0.56285,0.05036,0.0,0.003,0.50949,0.0,0.0,0.0,0.0
2018-10-03 00:00:00,2018-10-03 01:00,0.51077,0.04892,0.0,0.003,0.45885,0.0,0.0,0.0,0.0
2018-10-03 01:00:00,2018-10-03 02:00,0.50709,0.06067,0.0,0.003,0.44342,0.0,0.0,0.0,0.0
2018-10-03 02:00:00,2018-10-03 03:00,0.49913,0.05782,0.0,0.003,0.43831,0.0,0.0,0.0,0.0
2018-10-03 03:00:00,2018-10-03 04:00,0.48789,0.04862,0.0,0.003,0.43627,0.0,0.0,0.0,0.0
2018-10-03 04:00:00,2018-10-03 05:00,0.93168,0.03813,0.0,0.46135,0.4322,0.0,0.0,0.0,0.0
2018-10-03 05:00:00,2018-10-03 06:00,0.59749,0.05254,0.0,0.08847,0.45648,0.0,0.0,0.0,0.0
2018-10-03 06:00:00,2018-10-03 07:00,0.85907,0.10587,0.0,0.22368,0.52952,0.0,0.0,0.0,0.0
2018-10-03 07:00:00,2018-10-03 08:00,0.98171,0.08055,0.0,0.40561,0.49555,0.0,0.0,0.0,0.0
2018-10-03 08:00:00,2018-10-03 09:00,0.53116,0.07662,0.0,0.003,0.45154,0.0,0.0,0.0,0.0
2018-10-03 09:00:00,2018-10-03 10:00,0.49465,0.03753,0.0,0.003,0.45412,0.0,0.0,0.0,0.0
2018-10-03 10:00:00,2018-10-03 11:00,0.45054,0.0,0.0,0.003,0.44754,0.0,0.0,0.0,0.0
2018-10-03 11:00:00,2018-10-03 12:00,0.44807,0.0,0.0,0.003,0.44507,0.0,0.0,0.0,0.0
2018-10-03 12:00:00,2018-10-03 13:00,0.45566,0.0,0.0,0.003,0.45266,0.0,0.0,0.0,0.0
2018-10-03 13:00:00,2018-10-03 14:00,0.45707,0.0,0.0,0.003,0.45407,0.0,0.0,0.0,0.0
2018-10-03 14:00:00,2018-10-03 15:00,0.45731,0.0,0.0,0.003,0.45431,0.0,0.0,0.0,0.0
2018-10-03 15:00:00,2018-10-03 16:00,0.51911,0.0,0.0,0.003,0.51611,0.0,0.0,0.0,0.0
2018-10-03 16:00:00,2018-10-03 17:00,0.98703,0.0,0.0,0.43213,0.5549,0.0,0.0,0.0,0.0
2018-10-03 17:00:00,2018-10-03 18:00,0.5935,0.0,0.0,0.003,0.5905,0.0,0.0,0.0,0.0
2018-10-03 18:00:00,2018-10-03 19:00,1.05408,0.0,0.11995,0.003,0.93113,0.05621,0.0,0.0,0.05621
2018-10-03 19:00:00,2018-10-03 20:00,1.39005,0.0,0.0,0.35114,1.03891,0.0,0.0,0.0,0.0
2018-10-03 20:00:00,2018-10-03 21:00,1.1555,0.0,0.0,0.05545,1.10005,0.0,0.0,0.0,0.0
2018-10-03 21:00:00,2018-10-03 22:00,1.00195,0.0375,0.0,0.003,0.96145,0.0,0.0,0.0,0.0
2018-10-03 22:00:00,2018-10-03 23:00,1.0785,0.206,0.0,0.23124,0.64126,0.0,0.0,0.0,0.0
2018-10-03 23:00:00,2018-10-04 00:00,1.01147,0.45166,0.0,0.10057,0.45924,0.0,0.0,0.0,0.0
2018-10-04 00:00:00,2018-10-04 01:00,0.87177,0.42149,0.0,0.003,0.44728,0.0,0.0,0.0,0.0
2018-10-04 01:00:00,2018-10-04 02:00,0.90819,0.46174,0.0,0.003,0.44345,0.0,0.0,0.0,0.0
2018-10-04 02:00:00,2018-10-04 03:00,0.91357,0.47226,0.0,0.003,0.43831,0.0,0.0,0.0,0.0
2018-10-04 03:00:00,2018-10-04 04:00,1.01223,0.57272,0.0,0.003,0.43651,0.0,0.0,0.0,0.0
2018-10-04 04:00:00,2018-10-04 05:00,1.18923,0.7552,0.0,0.003,0.43103,0.0,0.0,0.0,0.0
2018-10-04 05:00:00,2018-10-04 06:00,1.12547,0.67348,0.0,0.003,0.44899,0.01124,0.0,0.0,0.01124
2018-10-04 06:00:00,2018-10-04 07:00,1.16759,0.60808,0.0,0.003,0.55651,0.04497,0.0,0.0,0.04497
2018-10-04 07:00:00,2018-10-04 08:00,1.44657,0.71277,0.0,0.23246,0.50134,0.0,0.0,0.0,0.0
2018-10-04 08:00:00,2018-10-04 09:00,1.39358,0.72243,0.0,0.13385,0.5373,0.0,0.0,0.0,0.0
2018-10-04 09:00:00,2018-10-04 10:00,1.44348,0.52081,0.0,0.34382,0.57885,0.0,0.0,0.0,0.0
2018-10-04 10:00:00,2018-10-04 11:00,0.94258,0.38148,0.0,0.07366,0.48744,0.0,0.0,0.0,0.0
2018-10-04 11:00:00,2018-10-04 12:00,0.74829,0.30035,0.0,0.003,0.44494,0.0,0.0,0.0,0.0
2018-10-04 12:00:00,2018-10-04 13:00,0.6705,0.21525,0.0,0.003,0.45225,0.0,0.0,0.0,0.0
2018-10-04 13:00:00,2018-10-04 14:00,0.61586,0.15946,0.0,0.003,0.4534,0.0,0.0,0.0,0.0
2018-10-04 14:00:00,2018-10-04 15:00,0.66507,0.18536,0.0,0.003,0.47671,0.0,0.0,0.0,0.0
2018-10-04 15:00:00,2018-10-04 16:00,0.67816,0.1493,0.0,0.003,0.52586,0.0,0.0,0.0,0.0
2018-10-04 16:00:00,2018-10-04 17:00,1.03069,0.12402,0.0,0.3425,0.56417,0.0,0.0,0.0,0.0
2018-10-04 17:00:00,2018-10-04 18:00,0.87543,0.10697,0.0,0.06916,0.6993,0.0,0.0,0.0,0.0
2018-10-04 18:00:00,2018-10-04 19:00,1.16189,0.22664,0.0,0.11189,0.82336,0.0,0.0,0.0,0.0
2018-10-04 19:00:00,2018-10-04 20:00,1.44675,0.12732,0.0,0.26198,1.05745,0.0,0.0,0.0,0.0
2018-10-04 20:00:00,2018-10-04 21:00,1.40585,0.09949,0.0,0.003,1.30336,0.0,0.0,0.0,0.0
2018-10-04 21:00:00,2018-10-04 22:00,1.34928,0.14732,0.0,0.003,1.19896,0.0,0.0,0.0,0.0
2018-10-04 22:00:00,2018-10-04 23:00,1.0181,0.25437,0.0,0.003,0.76073,0.0,0.0,0.0,0.0
2018-10-04 23:00:00,2018-10-05 00:00,0.825,0.3125,0.0,0.003,0.5095,0.0,0.0,0.0,0.0
2018-10-05 00:00:00,2018-10-05 01:00,0.81586,0.36042,0.0,0.003,0.45244,0.0,0.0,0.0,0.0
2018-10-05 01:00:00,2018-10-05 02:00,0.8349,0.38846,0.0,0.003,0.44344,0.0,0.0,0.0,0.0
2018-10-05 02:00:00,2018-10-05 03:00,0.88583,0.44451,0.0,0.003,0.43832,0.0,0.0,0.0,0.0
2018-10-05 03:00:00,2018-10-05 04:00,0.88798,0.44868,0.0,0.003,0.4363,0.0,0.0,0.0,0.0
2018-10-05 04:00:00,2018-10-05 05:00,1.19873,0.45871,0.0,0.30972,0.4303,0.0,0.0,0.0,0.0
2018-10-05 05:00:00,2018-10-05 06:00,0.93177,0.49816,0.0,0.003,0.43061,0.0,0.0,0.0,0.0
2018-10-05 06:00:00,2018-10-05 07:00,1.08349,0.60126,0.0,0.003,0.47923,0.0,0.0,0.0,0.0
2018-10-05 07:00:00,2018-10-05 08:00,1.34981,0.4916,0.0,0.34108,0.51713,0.0,0.0,0.0,0.0
2018-10-05 08:00:00,2018-10-05 09:00,0.97933,0.4796,0.0,0.04819,0.45154,0.0,0.0,0.0,0.0
2018-10-05 09:00:00,2018-10-05 10:00,0.92096,0.46385,0.0,0.003,0.45411,0.0,0.0,0.0,0.0
2018-10-05 10:00:00,2018-10-05 11:00,0.88623,0.4357,0.0,0.003,0.44753,0.0,0.0,0.0,0.0
2018-10-05 11:00:00,2018-10-05 12:00,0.85963,0.40562,0.0,0.003,0.45101,0.0,0.0,0.0,0.0
2018-10-05 12:00:00,2018-10-05 13:00,0.86564,0.34915,0.0,0.003,0.51349,0.0,0.0,0.0,0.0
2018-10-05 13:00:00,2018-10-05 14:00,1.09767,0.21905,0.0,0.3397,0.53892,0.0281,0.0,0.0,0.0281
2018-10-05 14:00:00,2018-10-05 15:00,0.787,0.25092,0.0,0.08276,0.45332,0.0,0.0,0.0,0.0
2018-10-05 15:00:00,2018-10-05 16:00,0.68781,0.23269,0.0,0.003,0.45212,0.0,0.0,0.0,0.0
2018-10-05 16:00:00,2018-10-05 17:00,0.69536,0.22809,0.0,0.003,0.46427,0.0,0.0,0.0,0.0
2018-10-05 17:00:00,2018-10-05 18:00,0.76439,0.02569,0.0,0.003,0.7357,0.09556,0.0,0.0,0.09556
2018-10-05 18:00:00,2018-10-05 19:00,0.94781,0.10434,0.0,0.003,0.84047,0.01686,0.0,0.0,0.01686
2018-10-05 19:00:00,2018-10-05 20:00,1.73831,0.09115,0.0,0.45404,1.19312,0.0,0.0,0.0,0.0
2018-10-05 20:00:00,2018-10-05 21:00,1.59948,0.07301,0.0,0.22309,1.30338,0.0,0.0,0.0,0.0
2018-10-05 21:00:00,2018-10-05 22:00,1.23632,0.1145,0.0,0.003,1.11882,0.0,0.0,0.0,0.0
2018-10-05 22:00:00,2018-10-05 23:00,0.75162,0.17484,0.0,0.003,0.57378,0.0,0.0,0.0,0.0
2018-10-05 23:00:00,2018-10-06 00:00,0.86439,0.24172,0.0,0.11285,0.50982,0.0,0.0,0.0,0.0
2018-10-06 00:00:00,2018-10-06 01:00,0.98219,0.28898,0.0,0.23133,0.46188,0.0,0.0,0.0,0.0
2018-10-06 01:00:00,2018-10-06 02:00,0.77948,0.32921,0.0,0.003,0.44727,0.0,0.0,0.0,0.0
2018-10-06 02:00:00,2018-10-06 03:00,0.94976,0.39963,0.0,0.11292,0.43721,0.0,0.0,0.0,0.0
2018-10-06 03:00:00,2018-10-06 04:00,1.26982,0.40776,0.0,0.42729,0.43477,0.0,0.0,0.0,0.0
2018-10-06 04:00:00,2018-10-06 05:00,0.83043,0.39438,0.0,0.003,0.43305,0.0,0.0,0.0,0.0
2018-10-06 05:00:00,2018-10-06 06:00,0.87095,0.42556,0.0,0.003,0.44239,0.0,0.0,0.0,0.0
2018-10-06 06:00:00,2018-10-06 07:00,1.27121,0.53612,0.0,0.22377,0.51132,0.0,0.0,0.0,0.0
2018-10-06 07:00:00,2018-10-06 08:00,1.27609,0.54418,0.0,0.17308,0.55883,0.0,0.0,0.0,0.0
2018-10-06 08:00:00,2018-10-06 09:00,1.15088,0.53962,0.0,0.003,0.60826,0.01124,0.0,0.0,0.01124
2018-10-06 09:00:00,2018-10-06 10:00,1.18823,0.42885,0.0,0.003,0.75638,0.01686,0.0,0.0,0.01686
2018-10-06 10:00:00,2018-10-06 11:00,1.56607,0.48806,0.0,0.33885,0.73916,0.0,0.0,0.0,0.0
2018-10-06 11:00:00,2018-10-06 12:00,1.4203,0.51541,0.0,0.15154,0.75335,0.0,0.0,0.0,0.0
2018-10-06 12:00:00,2018-10-06 13:00,2.22869,0.50983,0.0,0.003,1.71586,0.0,0.0,0.0,0.0
2018-10-06 13:00:00,2018-10-06 14:00,2.8944,0.46341,0.0,0.003,2.42799,0.0,0.0,0.0,0.0
2018-10-06 14:00:00,2018-10-06 15:00,1.24353,0.32521,0.0,0.11278,0.80554,0.0,0.0,0.0,0.0
2018-10-06 15:00:00,2018-10-06 16:00,1.38164,0.29161,0.0,0.33857,0.75146,0.0,0.0,0.0,0.0
2018-10-06 16:00:00,2018-10-06 17:00,1.12972,0.23612,0.0,0.003,0.8906,0.0,0.0,0.0,0.0
2018-10-06 17:00:00,2018-10-06 18:00,1.17744,0.23625,0.0,0.003,0.93819,0.0,0.0,0.0,0.0
2018-10-06 18:00:00,2018-10-06 19:00,1.29309,0.30677,0.0,0.003,0.98332,0.0,0.0,0.0,0.0
2018-10-06 19:00:00,2018-10-06 20:00,1.28528,0.21586,0.0,0.003,1.06642,0.0,0.0,0.0,0.0
2018-10-06 20:00:00,2018-10-06 21:00,1.44902,0.21672,0.0,0.11361,1.11869,0.0,0.0,0.0,0.0
2018-10-06 21:00:00,2018-10-06 22:00,1.53901,0.24924,0.0,0.31846,0.97131,0.0,0.0,0.0,0.0
2018-10-06 22:00:00,2018-10-06 23:00,0.99951,0.31795,0.0,0.003,0.67856,0.0,0.0,0.0,0.0
2018-10-06 23:00:00,2018-10-07 00:00,0.87823,0.37975,0.0,0.003,0.49548,0.0,0.0,0.0,0.0
2018-10-07 00:00:00,2018-10-07 01:00,0.83929,0.38777,0.0,0.003,0.44852,0.0,0.0,0.0,0.0
2018-10-07 01:00:00,2018-10-07 02:00,0.84056,0.39286,0.0,0.003,0.4447,0.0,0.0,0.0,0.0
2018-10-07 02:00:00,2018-10-07 03:00,0.85276,0.4102,0.0,0.003,0.43956,0.0,0.0,0.0,0.0
2018-10-07 03:00:00,2018-10-07 04:00,0.86509,0.42431,0.0,0.003,0.43778,0.0,0.0,0.0,0.0
2018-10-07 04:00:00,2018-10-07 05:00,0.87522,0.43993,0.0,0.003,0.43229,0.0,0.0,0.0,0.0
2018-10-07 05:00:00,2018-10-07 06:00,0.90456,0.4697,0.0,0.003,0.43186,0.0,0.0,0.0,0.0
2018-10-07 06:00:00,2018-10-07 07:00,1.04836,0.57017,0.0,0.003,0.47519,0.0,0.0,0.0,0.0
2018-10-07 07:00:00,2018-10-07 08:00,0.98705,0.50019,0.0,0.003,0.48386,0.0,0.0,0.0,0.0
2018-10-07 08:00:00,2018-10-07 09:00,1.43629,0.45639,0.0,0.42522,0.55468,0.0,0.0,0.0,0.0
2018-10-07 09:00:00,2018-10-07 10:00,1.09287,0.42888,0.0,0.003,0.66099,0.0,0.0,0.0,0.0
2018-10-07 10:00:00,2018-10-07 11:00,1.28733,0.40102,0.0,0.22522,0.66109,0.0,0.0,0.0,0.0
2018-10-07 11:00:00,2018-10-07 12:00,1.31669,0.35717,0.0,0.28604,0.67348,0.0,0.0,0.0,0.0
2018-10-07 12:00:00,2018-10-07 13:00,0.89127,0.17464,0.0,0.003,0.71363,0.0281,0.0,0.0,0.0281
2018-10-07 13:00:00,2018-10-07 14:00,0.925,0.20722,0.0,0.003,0.71478,0.0,0.0,0.0,0.0
2018-10-07 14:00:00,2018-10-07 15:00,1.38798,0.25002,0.0,0.3324,0.80556,0.0,0.0,0.0,0.0
2018-10-07 15:00:00,2018-10-07 16:00,1.41703,0.2666,0.0,0.38806,0.76237,0.0,0.0,0.0,0.0
2018-10-07 16:00:00,2018-10-07 17:00,1.09993,0.22955,0.0,0.003,0.86738,0.0,0.0,0.0,0.0
2018-10-07 17:00:00,2018-10-07 18:00,1.09394,0.08395,0.0,0.003,1.00699,0.05621,0.0,0.0,0.05621
2018-10-07 18:00:00,2018-10-07 19:00,1.5343,0.32884,0.0,0.22215,0.98331,0.0,0.0,0.0,0.0
2018-10-07 19:00:00,2018-10-07 20:00,1.64318,0.25903,0.0,0.31774,1.06641,0.0,0.0,0.0,0.0
2018-10-07 20:00:00,2018-10-07 21:00,1.37244,0.27011,0.0,0.003,1.09933,0.0,0.0,0.0,0.0
2018-10-07 21:00:00,2018-10-07 22:00,1.28836,0.28356,0.0,0.003,1.0018,0.0,0.0,0.0,0.0
2018-10-07 22:00:00,2018-10-07 23:00,1.36664,0.29804,0.0,0.33941,0.72919,0.0,0.0,0.0,0.0
2018-10-07 23:00:00,2018-10-08 00:00,0.93663,0.33839,0.0,0.10749,0.49075,0.0,0.0,0.0,0.0
2018-10-08 00:00:00,2018-10-08 01:00,0.82835,0.37806,0.0,0.003,0.44729,0.0,0.0,0.0,0.0
2018-10-08 01:00:00,2018-10-08 02:00,0.83985,0.3934,0.0,0.003,0.44345,0.0,0.0,0.0,0.0
2018-10-08 02:00:00,2018-10-08 03:00,0.84103,0.39973,0.0,0.003,0.4383,0.0,0.0,0.0,0.0
2018-10-08 03:00:00,2018-10-08 04:00,0.84684,0.40732,0.0,0.003,0.43652,0.0,0.0,0.0,0.0
2018-10-08 04:00:00,2018-10-08 05:00,0.84891,0.41398,0.0,0.003,0.43193,0.0,0.0,0.0,0.0
2018-10-08 05:00:00,2018-10-08 06:00,1.31779,0.42284,0.0,0.45827,0.43668,0.0,0.0,0.0,0.0
2018-10-08 06:00:00,2018-10-08 07:00,1.07234,0.51391,0.0,0.06665,0.49178,0.0,0.0,0.0,0.0
2018-10-08 07:00:00,2018-10-08 08:00,1.19704,0.45766,0.0,0.22451,0.51487,0.0,0.0,0.0,0.0
2018-10-08 08:00:00,2018-10-08 09:00,1.16244,0.46236,0.0,0.22509,0.47499,0.0,0.0,0.0,0.0
2018-10-08 09:00:00,2018-10-08 10:00,0.90898,0.45186,0.0,0.003,0.45412,0.0,0.0,0.0,0.0
2018-10-08 10:00:00,2018-10-08 11:00,0.85841,0.40787,0.0,0.003,0.44754,0.0,0.0,0.0,0.0
2018-10-08 11:00:00,2018-10-08 12:00,0.77873,0.33078,0.0,0.003,0.44495,0.0,0.0,0.0,0.0
2018-10-08 12:00:00,2018-10-08 13:00,0.74322,0.28798,0.0,0.003,0.45224,0.0,0.0,0.0,0.0
2018-10-08 13:00:00,2018-10-08 14:00,0.71719,0.26078,0.0,0.003,0.45341,0.0,0.0,0.0,0.0
2018-10-08 14:00:00,2018-10-08 15:00,0.69417,0.22162,0.0,0.003,0.46955,0.0,0.0,0.0,0.0
2018-10-08 15:00:00,2018-10-08 16:00,0.66724,0.21213,0.0,0.003,0.45211,0.0,0.0,0.0,0.0
2018-10-08 16:00:00,2018-10-08 17:00,0.80588,0.22576,0.0,0.11584,0.46428,0.0,0.0,0.0,0.0
2018-10-08 17:00:00,2018-10-08 18:00,0.92797,0.23687,0.0,0.18588,0.50522,0.0,0.0,0.0,0.0
2018-10-08 18:00:00,2018-10-08 19:00,1.14284,0.24652,0.0,0.003,0.89332,0.0,0.0,0.0,0.0
2018-10-08 19:00:00,2018-10-08 20:00,1.31177,0.16124,0.0,0.11377,1.03676,0.0,0.0,0.0,0.0
2018-10-08 20:00:00,2018-10-08 21:00,1.72989,0.11655,0.0,0.35978,1.25356,0.0,0.0,0.0,0.0
2018-10-08 21:00:00,2018-10-08 22:00,1.14884,0.1382,0.0,0.003,1.00764,0.0,0.0,0.0,0.0
2018-10-08 22:00:00,2018-10-08 23:00,0.83278,0.18883,0.0,0.003,0.64095,0.0,0.0,0.0,0.0
2018-10-08 23:00:00,2018-10-09 00:00,0.69955,0.22666,0.0,0.003,0.46989,0.0,0.0,0.0,0.0
2018-10-09 00:00:00,2018-10-09 01:00,0.69534,0.24507,0.0,0.003,0.44727,0.0,0.0,0.0,0.0
2018-10-09 01:00:00,2018-10-09 02:00,0.92678,0.25321,0.0,0.23012,0.44345,0.0,0.0,0.0,0.0
2018-10-09 02:00:00,2018-10-09 03:00,0.86013,0.33101,0.0,0.09079,0.43833,0.0,0.0,0.0,0.0
2018-10-09 03:00:00,2018-10-09 04:00,0.80328,0.36399,0.0,0.003,0.43629,0.0,0.0,0.0,0.0
2018-10-09 04:00:00,2018-10-09 05:00,0.80984,0.37607,0.0,0.003,0.43077,0.0,0.0,0.0,0.0
2018-10-09 05:00:00,2018-10-09 06:00,0.83021,0.38477,0.0,0.003,0.44244,0.0,0.0,0.0,0.0
2018-10-09 06:00:00,2018-10-09 07:00,1.23051,0.45169,0.0,0.23132,0.5475,0.0,0.0,0.0,0.0
2018-10-09 07:00:00,2018-10-09 08:00,1.10204,0.43493,0.0,0.19809,0.46902,0.0,0.0,0.0,0.0
2018-10-09 08:00:00,2018-10-09 09:00,0.91415,0.45963,0.0,0.003,0.45152,0.0,0.0,0.0,0.0
2018-10-09 09:00:00,2018-10-09 10:00,0.94563,0.45208,0.0,0.003,0.49055,0.0,0.0,0.0,0.0
2018-10-09 10:00:00,2018-10-09 11:00,1.17626,0.41804,0.0,0.003,0.75522,0.0,0.0,0.0,0.0
2018-10-09 11:00:00,2018-10-09 12:00,3.46716,0.4538,0.0,0.45243,2.56093,0.0,0.0,0.0,0.0
2018-10-09 12:00:00,2018-10-09 13:00,1.74749,0.40066,0.0,0.18167,1.16516,0.0,0.0,0.0,0.0
2018-10-09 13:00:00,2018-10-09 14:00,1.06668,0.41066,0.0,0.11313,0.54289,0.0,0.0,0.0,0.0
2018-10-09 14:00:00,2018-10-09 15:00,1.39244,0.41206,0.0,0.46125,0.51913,0.0,0.0,0.0,0.0
2018-10-09 15:00:00,2018-10-09 16:00,0.98031,0.41333,0.0,0.04111,0.52587,0.0,0.0,0.0,0.0
2018-10-09 16:00:00,2018-10-09 17:00,0.99805,0.40909,0.0,0.003,0.58596,0.0,0.0,0.0,0.0
2018-10-09 17:00:00,2018-10-09 18:00,1.1542,0.42479,0.0,0.003,0.72641,0.0,0.0,0.0,0.0
2018-10-09 18:00:00,2018-10-09 19:00,1.63673,0.2382,0.0,0.37461,1.02392,0.09556,0.0,0.0,0.09556
2018-10-09 19:00:00,2018-10-09 20:00,1.47223,0.23112,0.0,0.003,1.23811,0.04497,0.0,0.0,0.04497
2018-10-09 20:00:00,2018-10-09 21:00,1.66794,0.36157,0.0,0.003,1.30337,0.0,0.0,0.0,0.0
2018-10-09 21:00:00,2018-10-09 22:00,1.55398,0.41012,0.0,0.003,1.14086,0.0,0.0,0.0,0.0
2018-10-09 22:00:00,2018-10-09 23:00,1.68835,0.4584,0.0,0.45767,0.77228,0.0,0.0,0.0,0.0
2018-10-09 23:00:00,2018-10-10 00:00,1.0793,0.50049,0.0,0.04781,0.531,0.0,0.0,0.0,0.0
2018-10-10 00:00:00,2018-10-10 01:00,0.97018,0.50811,0.0,0.003,0.45907,0.0,0.0,0.0,0.0
2018-10-10 01:00:00,2018-10-10 02:00,0.96103,0.51455,0.0,0.003,0.44348,0.0,0.0,0.0,0.0
2018-10-10 02:00:00,2018-10-10 03:00,1.22933,0.56814,0.0,0.22538,0.43581,0.0,0.0,0.0,0.0
2018-10-10 03:00:00,2018-10-10 04:00,1.27961,0.62443,0.0,0.21867,0.43651,0.0,0.0,0.0,0.0
2018-10-10 04:00:00,2018-10-10 05:00,1.06187,0.62694,0.0,0.003,0.43193,0.0,0.0,0.0,0.0
2018-10-10 05:00:00,2018-10-10 06:00,1.07856,0.6233,0.0,0.003,0.45226,0.0,0.0,0.0,0.0
2018-10-10 06:00:00,2018-10-10 07:00,1.57136,0.61402,0.0,0.34149,0.61585,0.03935,0.0,0.0,0.03935
2018-10-10 07:00:00,2018-10-10 08:00,1.14698,0.51501,0.0,0.10992,0.52205,0.04497,0.0,0.0,0.04497
2018-10-10 08:00:00,2018-10-10 09:00,1.03808,0.57753,0.0,0.003,0.45755,0.0,0.0,0.0,0.0
2018-10-10 09:00:00,2018-10-10 10:00,1.01452,0.49669,0.0,0.003,0.51483,0.0,0.0,0.0,0.0
2018-10-10 10:00:00,2018-10-10 11:00,1.12063,0.44457,0.0,0.11482,0.56124,0.0,0.0,0.0,0.0
2018-10-10 11:00:00,2018-10-10 12:00,1.42522,0.39216,0.0,0.45865,0.57441,0.0,0.0,0.0,0.0
2018-10-10 12:00:00,2018-10-10 13:00,1.2585,0.33631,0.0,0.30662,0.61557,0.0,0.0,0.0,0.0
2018-10-10 13:00:00,2018-10-10 14:00,0.89429,0.34839,0.0,0.003,0.5429,0.0,0.0,0.0,0.0
2018-10-10 14:00:00,2018-10-10 15:00,0.88408,0.36195,0.0,0.003,0.51913,0.0,0.0,0.0,0.0
2018-10-10 15:00:00,2018-10-10 16:00,0.89323,0.36435,0.0,0.003,0.52588,0.0,0.0,0.0,0.0
2018-10-10 16:00:00,2018-10-10 17:00,1.30551,0.41147,0.0,0.34066,0.55338,0.0,0.0,0.0,0.0
2018-10-10 17:00:00,2018-10-10 18:00,1.15096,0.37426,0.0,0.02794,0.74876,0.01124,0.0,0.0,0.01124
2018-10-10 18:00:00,2018-10-10 19:00,1.18701,0.26475,0.0,0.003,0.91926,0.07307,0.0,0.0,0.07307
2018-10-10 19:00:00,2018-10-10 20:00,2.03702,0.38221,0.0,0.003,1.65181,0.0,0.0,0.0,0.0
2018-10-10 20:00:00,2018-10-10 21:00,4.01815,0.55886,0.0,0.003,3.45629,0.0,0.0,0.0,0.0
2018-10-10 21:00:00,2018-10-10 22:00,1.74369,0.61098,0.0,0.003,1.12971,0.0,0.0,0.0,0.0
2018-10-10 22:00:00,2018-10-10 23:00,2.04158,0.86032,0.0,0.40898,0.77228,0.0,0.0,0.0,0.0
2018-10-10 23:00:00,2018-10-11 00:00,1.52164,1.01041,0.0,0.003,0.50823,0.0,0.0,0.0,0.0
2018-10-11 00:00:00,2018-10-11 01:00,1.50217,1.05191,0.0,0.003,0.44726,0.0,0.0,0.0,0.0
2018-10-11 01:00:00,2018-10-11 02:00,1.5608,1.11436,0.0,0.003,0.44344,0.0,0.0,0.0,0.0
2018-10-11 02:00:00,2018-10-11 03:00,1.69707,1.25575,0.0,0.003,0.43832,0.0,0.0,0.0,0.0
2018-10-11 03:00:00,2018-10-11 04:00,1.67804,1.23852,0.0,0.003,0.43652,0.0,0.0,0.0,0.0
2018-10-11 04:00:00,2018-10-11 05:00,1.70017,1.26611,0.0,0.003,0.43106,0.0,0.0,0.0,0.0
2018-10-11 05:00:00,2018-10-11 06:00,1.70694,1.2687,0.0,0.003,0.43524,0.0,0.0,0.0,0.0
2018-10-11 06:00:00,2018-10-11 07:00,2.19373,1.3494,0.0,0.34181,0.50252,0.0,0.0,0.0,0.0
2018-10-11 07:00:00,2018-10-11 08:00,2.38865,1.3169,0.0,0.46208,0.60967,0.0,0.0,0.0,0.0
2018-10-11 08:00:00,2018-10-11 09:00,2.39397,1.33479,0.0,0.45137,0.60781,0.0,0.0,0.0,0.0
2018-10-11 09:00:00,2018-10-11 10:00,1.90022,1.32439,0.0,0.02144,0.55439,0.0,0.0,0.0,0.0
2018-10-11 10:00:00,2018-10-11 11:00,1.98134,1.36236,0.0,0.11018,0.5088,0.0,0.0,0.0,0.0
2018-10-11 11:00:00,2018-10-11 12:00,2.27238,1.43463,0.0,0.33738,0.50037,0.0,0.0,0.0,0.0
2018-10-11 12:00:00,2018-10-11 13:00,1.7982,1.34296,0.0,0.003,0.45224,0.0,0.0,0.0,0.0
2018-10-11 13:00:00,2018-10-11 14:00,1.70958,1.25318,0.0,0.003,0.4534,0.0,0.0,0.0,0.0
2018-10-11 14:00:00,2018-10-11 15:00,1.63384,1.17751,0.0,0.003,0.45333,0.0,0.0,0.0,0.0
2018-10-11 15:00:00,2018-10-11 16:00,1.69687,1.13378,0.0,0.003,0.56009,0.0,0.0,0.0,0.0
2018-10-11 16:00:00,2018-10-11 17:00,2.01177,1.14527,0.0,0.22369,0.64281,0.0,0.0,0.0,0.0
2018-10-11 17:00:00,2018-10-11 18:00,1.88161,0.91484,0.0,0.13168,0.83509,0.06745,0.0,0.0,0.06745
2018-10-11 18:00:00,2018-10-11 19:00,2.03416,1.13514,0.0,0.003,0.89602,0.01686,0.0,0.0,0.01686
2018-10-11 19:00:00,2018-10-11 20:00,2.08632,1.11246,0.0,0.003,0.97086,0.0,0.0,0.0,0.0
2018-10-11 20:00:00,2018-10-11 21:00,2.16759,1.13009,0.0,0.003,1.0345,0.0,0.0,0.0,0.0
2018-10-11 21:00:00,2018-10-11 22:00,2.51196,1.11245,0.0,0.22243,1.17708,0.0,0.0,0.0,0.0
2018-10-11 22:00:00,2018-10-11 23:00,2.05374,1.21522,0.0,0.17003,0.66849,0.0,0.0,0.0,0.0
2018-10-11 23:00:00,2018-10-12 00:00,1.80779,1.33492,0.0,0.003,0.46987,0.0,0.0,0.0,0.0
2018-10-12 00:00:00,2018-10-12 01:00,1.78138,1.33112,0.0,0.003,0.44726,0.0,0.0,0.0,0.0
2018-10-12 01:00:00,2018-10-12 02:00,1.76061,1.31275,0.0,0.003,0.44486,0.0,0.0,0.0,0.0
2018-10-12 02:00:00,2018-10-12 03:00,1.74896,1.31014,0.0,0.003,0.43582,0.0,0.0,0.0,0.0
2018-10-12 03:00:00,2018-10-12 04:00,1.77613,1.33663,0.0,0.003,0.4365,0.0,0.0,0.0,0.0
2018-10-12 04:00:00,2018-10-12 05:00,1.78517,1.35113,0.0,0.003,0.43104,0.0,0.0,0.0,0.0
2018-10-12 05:00:00,2018-10-12 06:00,1.77836,1.34475,0.0,0.003,0.43061,0.0,0.0,0.0,0.0
2018-10-12 06:00:00,2018-10-12 07:00,2.46591,1.52853,0.0,0.44198,0.4954,0.0,0.0,0.0,0.0
2018-10-12 07:00:00,2018-10-12 08:00,1.9879,1.42286,0.0,0.11727,0.44777,0.0,0.0,0.0,0.0
2018-10-12 08:00:00,2018-10-12 09:00,1.84822,1.39368,0.0,0.003,0.45154,0.0,0.0,0.0,0.0
2018-10-12 09:00:00,2018-10-12 10:00,1.77933,1.3222,0.0,0.003,0.45413,0.0,0.0,0.0,0.0
2018-10-12 10:00:00,2018-10-12 11:00,1.67265,1.21602,0.0,0.003,0.45363,0.0,0.0,0.0,0.0
2018-10-12 11:00:00,2018-10-12 12:00,1.72689,1.10864,0.0,0.11181,0.50644,0.0,0.0,0.0,0.0
2018-10-12 12:00:00,2018-10-12 13:00,1.74853,0.94045,0.0,0.30088,0.5072,0.0,0.0,0.0,0.0
2018-10-12 13:00:00,2018-10-12 14:00,1.24897,0.75421,0.0,0.003,0.49176,0.0,0.0,0.0,0.0
2018-10-12 14:00:00,2018-10-12 15:00,1.10163,0.5795,0.0,0.003,0.51913,0.0,0.0,0.0,0.0
2018-10-12 15:00:00,2018-10-12 16:00,1.3455,0.43185,0.0,0.38777,0.52588,0.0,0.0,0.0,0.0
2018-10-12 16:00:00,2018-10-12 17:00,0.92101,0.40827,0.0,0.003,0.50974,0.0,0.0,0.0,0.0
2018-10-12 17:00:00,2018-10-12 18:00,0.93613,0.22074,0.0,0.003,0.71239,0.05621,0.0,0.0,0.05621
2018-10-12 18:00:00,2018-10-12 19:00,1.68044,0.50843,0.0,0.33051,0.8415,0.0,0.0,0.0,0.0
2018-10-12 19:00:00,2018-10-12 20:00,1.81521,0.49851,0.0,0.09647,1.22023,0.0,0.0,0.0,0.0
2018-10-12 20:00:00,2018-10-12 21:00,1.84482,0.60883,0.0,0.003,1.23299,0.0,0.0,0.0,0.0
2018-10-12 21:00:00,2018-10-12 22:00,1.76655,0.74508,0.0,0.003,1.01847,0.0,0.0,0.0,0.0
2018-10-12 22:00:00,2018-10-12 23:00,1.97319,0.84574,0.0,0.44239,0.68506,0.0,0.0,0.0,0.0
2018-10-12 23:00:00,2018-10-13 00:00,1.48825,0.96268,0.0,0.03281,0.49276,0.0,0.0,0.0,0.0
2018-10-13 00:00:00,2018-10-13 01:00,1.52086,1.05625,0.0,0.003,0.46161,0.0,0.0,0.0,0.0
2018-10-13 01:00:00,2018-10-13 02:00,1.56183,1.11413,0.0,0.003,0.4447,0.0,0.0,0.0,0.0
2018-10-13 02:00:00,2018-10-13 03:00,1.57503,1.13247,0.0,0.003,0.43956,0.0,0.0,0.0,0.0
2018-10-13 03:00:00,2018-10-13 04:00,1.60436,1.16527,0.0,0.003,0.43609,0.0,0.0,0.0,0.0
2018-10-13 04:00:00,2018-10-13 05:00,1.662,1.22672,0.0,0.003,0.43228,0.0,0.0,0.0,0.0
2018-10-13 05:00:00,2018-10-13 06:00,1.75147,1.31664,0.0,0.003,0.43183,0.0,0.0,0.0,0.0
2018-10-13 06:00:00,2018-10-13 07:00,1.87028,1.37503,0.0,0.003,0.49225,0.0,0.0,0.0,0.0
2018-10-13 07:00:00,2018-10-13 08:00,1.64962,1.11879,0.0,0.003,0.52783,0.01124,0.0,0.0,0.01124
2018-10-13 08:00:00,2018-10-13 09:00,1.75599,0.66187,0.0,0.34037,0.75375,0.11242,0.0,0.0,0.11242
2018-10-13 09:00:00,2018-10-13 10:00,1.35998,0.69038,0.0,0.04097,0.62863,0.01686,0.0,0.0,0.01686
2018-10-13 10:00:00,2018-10-13 11:00,1.3502,0.57756,0.0,0.003,0.76964,0.0,0.0,0.0,0.0
2018-10-13 11:00:00,2018-10-13 12:00,1.73134,0.43744,0.0,0.003,1.2909,0.0,0.0,0.0,0.0
2018-10-13 12:00:00,2018-10-13 13:00,3.21223,0.3131,0.0,0.003,2.89613,0.0,0.0,0.0,0.0
2018-10-13 13:00:00,2018-10-13 14:00,1.24553,0.19638,0.0,0.003,1.04615,0.0,0.0,0.0,0.0
2018-10-13 14:00:00,2018-10-13 15:00,3.06242,0.16914,0.0,0.37414,2.51914,0.0,0.0,0.0,0.0
2018-10-13 15:00:00,2018-10-13 16:00,0.92938,0.03417,0.0,0.003,0.89221,0.05621,0.0,0.0,0.05621
2018-10-13 16:00:00,2018-10-13 17:00,0.94321,0.03312,0.0,0.003,0.90709,0.0,0.0,0.0,0.0
2018-10-13 17:00:00,2018-10-13 18:00,1.51102,0.1297,0.0,0.44314,0.93818,0.0,0.0,0.0,0.0
2018-10-13 18:00:00,2018-10-13 19:00,1.399,0.26683,0.0,0.14885,0.98332,0.0,0.0,0.0,0.0
2018-10-13 19:00:00,2018-10-13 20:00,1.46874,0.28278,0.0,0.003,1.18296,0.0,0.0,0.0,0.0
2018-10-13 20:00:00,2018-10-13 21:00,1.46673,0.28482,0.0,0.003,1.17891,0.0281,0.0,0.0,0.0281
2018-10-13 21:00:00,2018-10-13 22:00,1.21698,0.39831,0.0,0.003,0.81567,0.0,0.0,0.0,0.0
2018-10-13 22:00:00,2018-10-13 23:00,1.04809,0.46963,0.0,0.003,0.57546,0.0,0.0,0.0,0.0
2018-10-13 23:00:00,2018-10-14 00:00,1.37567,0.51075,0.0,0.36801,0.49691,0.0,0.0,0.0,0.0
2018-10-14 00:00:00,2018-10-14 01:00,1.04303,0.57813,0.0,0.003,0.4619,0.0,0.0,0.0,0.0
2018-10-14 01:00:00,2018-10-14 02:00,1.11173,0.66145,0.0,0.003,0.44728,0.0,0.0,0.0,0.0
2018-10-14 02:00:00,2018-10-14 03:00,1.18191,0.7417,0.0,0.003,0.43721,0.0,0.0,0.0,0.0
2018-10-14 03:00:00,2018-10-14 04:00,1.24154,0.80125,0.0,0.003,0.43729,0.0,0.0,0.0,0.0
2018-10-14 04:00:00,2018-10-14 05:00,1.30066,0.86539,0.0,0.003,0.43227,0.0,0.0,0.0,0.0
2018-10-14 05:00:00,2018-10-14 06:00,1.31573,0.88086,0.0,0.003,0.43187,0.0,0.0,0.0,0.0
2018-10-14 06:00:00,2018-10-14 07:00,1.48289,1.01008,0.0,0.003,0.46981,0.0,0.0,0.0,0.0
2018-10-14 07:00:00,2018-10-14 08:00,1.64724,1.07689,0.0,0.11493,0.45542,0.0,0.0,0.0,0.0
2018-10-14 08:00:00,2018-10-14 09:00,1.96769,1.19202,0.0,0.21126,0.56441,0.0,0.0,0.0,0.0
2018-10-14 09:00:00,2018-10-14 10:00,2.00942,1.22239,0.0,0.11117,0.67586,0.0,0.0,0.0,0.0
2018-10-14 10:00:00,2018-10-14 11:00,2.38198,1.24092,0.0,0.39425,0.74681,0.0,0.0,0.0,0.0
2018-10-14 11:00:00,2018-10-14 12:00,1.95365,1.2012,0.0,0.003,0.74945,0.0,0.0,0.0,0.0
2018-10-14 12:00:00,2018-10-14 13:00,1.87519,1.15594,0.0,0.003,0.71625,0.0,0.0,0.0,0.0
2018-10-14 13:00:00,2018-10-14 14:00,2.31522,1.08155,0.0,0.33403,0.89964,0.0,0.0,0.0,0.0
2018-10-14 14:00:00,2018-10-14 15:00,3.44019,1.02562,0.0,0.17782,2.23675,0.0,0.0,0.0,0.0
2018-10-14 15:00:00,2018-10-14 16:00,2.02312,0.86982,0.0,0.33026,0.82304,0.0,0.0,0.0,0.0
2018-10-14 16:00:00,2018-10-14 17:00,1.93695,0.65835,0.0,0.45327,0.82533,0.05621,0.0,0.0,0.05621
2018-10-14 17:00:00,2018-10-14 18:00,2.00291,0.83337,0.0,0.31214,0.8574,0.0,0.0,0.0,0.0
2018-10-14 18:00:00,2018-10-14 19:00,2.07693,0.98304,0.0,0.11057,0.98332,0.0,0.0,0.0,0.0
2018-10-14 19:00:00,2018-10-14 20:00,2.51085,0.93555,0.0,0.43995,1.13535,0.0,0.0,0.0,0.0
2018-10-14 20:00:00,2018-10-14 21:00,2.27536,0.87483,0.0,0.07004,1.33049,0.0,0.0,0.0,0.0
2018-10-14 21:00:00,2018-10-14 22:00,2.1665,0.95983,0.0,0.003,1.20367,0.0,0.0,0.0,0.0
2018-10-14 22:00:00,2018-10-14 23:00,1.79141,1.00152,0.0,0.003,0.78689,0.0,0.0,0.0,0.0
2018-10-14 23:00:00,2018-10-15 00:00,1.51651,0.9986,0.0,0.003,0.51491,0.0,0.0,0.0,0.0
2018-10-15 00:00:00,2018-10-15 01:00,1.56026,1.09841,0.0,0.003,0.45885,0.0,0.0,0.0,0.0
2018-10-15 01:00:00,2018-10-15 02:00,1.61682,1.17038,0.0,0.003,0.44344,0.0,0.0,0.0,0.0
2018-10-15 02:00:00,2018-10-15 03:00,1.6286,1.18729,0.0,0.003,0.43831,0.0,0.0,0.0,0.0
2018-10-15 03:00:00,2018-10-15 04:00,1.63569,1.19618,0.0,0.003,0.43651,0.0,0.0,0.0,0.0
2018-10-15 04:00:00,2018-10-15 05:00,1.7456,1.31066,0.0,0.003,0.43194,0.0,0.0,0.0,0.0
2018-10-15 05:00:00,2018-10-15 06:00,2.28726,1.40857,0.0,0.43249,0.4462,0.0,0.0,0.0,0.0
2018-10-15 06:00:00,2018-10-15 07:00,2.12618,1.55586,0.0,0.003,0.56732,0.0,0.0,0.0,0.0
2018-10-15 07:00:00,2018-10-15 08:00,2.39518,1.52279,0.0,0.32803,0.54436,0.0,0.0,0.0,0.0
2018-10-15 08:00:00,2018-10-15 09:00,2.38726,1.42838,0.0,0.44867,0.51021,0.0,0.0,0.0,0.0
2018-10-15 09:00:00,2018-10-15 10:00,2.06786,1.30863,0.0,0.24439,0.51484,0.0,0.0,0.0,0.0
2018-10-15 10:00:00,2018-10-15 11:00,1.68511,1.17329,0.0,0.003,0.50882,0.0,0.0,0.0,0.0
2018-10-15 11:00:00,2018-10-15 12:00,1.50947,1.00004,0.0,0.003,0.50643,0.0,0.0,0.0,0.0
2018-10-15 12:00:00,2018-10-15 13:00,1.68939,0.76067,0.0,0.43676,0.49196,0.0,0.0,0.0,0.0
2018-10-15 13:00:00,2018-10-15 14:00,1.21588,0.64242,0.0,0.0817,0.49176,0.0,0.0,0.0,0.0
2018-10-15 14:00:00,2018-10-15 15:00,1.06921,0.54707,0.0,0.003,0.51914,0.0,0.0,0.0,0.0
2018-10-15 15:00:00,2018-10-15 16:00,1.03475,0.50589,0.0,0.003,0.52586,0.0,0.0,0.0,0.0
2018-10-15 16:00:00,2018-10-15 17:00,1.39358,0.48296,0.0,0.32912,0.5815,0.0281,0.0,0.0,0.0281
2018-10-15 17:00:00,2018-10-15 18:00,1.26633,0.48013,0.0,0.103,0.6832,0.0,0.0,0.0,0.0
2018-10-15 18:00:00,2018-10-15 19:00,1.38955,0.54629,0.0,0.003,0.84026,0.0,0.0,0.0,0.0
2018-10-15 19:00:00,2018-10-15 20:00,1.37982,0.5231,0.0,0.003,0.85372,0.0,0.0,0.0,0.0
2018-10-15 20:00:00,2018-10-15 21:00,1.58843,0.39126,0.0,0.003,1.19417,0.05621,0.0,0.0,0.05621
2018-10-15 21:00:00,2018-10-15 22:00,1.8091,0.61819,0.0,0.003,1.18791,0.0,0.0,0.0,0.0
2018-10-15 22:00:00,2018-10-15 23:00,1.83079,0.67653,0.0,0.43739,0.71687,0.0,0.0,0.0,0.0
2018-10-15 23:00:00,2018-10-16 00:00,1.38472,0.706,0.0,0.17988,0.49884,0.0,0.0,0.0,0.0
2018-10-16 00:00:00,2018-10-16 01:00,1.15944,0.69739,0.0,0.003,0.45905,0.0,0.0,0.0,0.0
2018-10-16 01:00:00,2018-10-16 02:00,1.12757,0.6802,0.0,0.003,0.44437,0.0,0.0,0.0,0.0
2018-10-16 02:00:00,2018-10-16 03:00,1.18336,0.74204,0.0,0.003,0.43832,0.0,0.0,0.0,0.0
2018-10-16 03:00:00,2018-10-16 04:00,1.19231,0.75302,0.0,0.003,0.43629,0.0,0.0,0.0,0.0
2018-10-16 04:00:00,2018-10-16 05:00,1.6202,0.75179,0.0,0.43815,0.43026,0.0,0.0,0.0,0.0
2018-10-16 05:00:00,2018-10-16 06:00,1.17786,0.73695,0.0,0.003,0.43791,0.0,0.0,0.0,0.0
2018-10-16 06:00:00,2018-10-16 07:00,1.40362,0.8658,0.0,0.003,0.53482,0.0,0.0,0.0,0.0
2018-10-16 07:00:00,2018-10-16 08:00,1.83236,0.74664,0.0,0.44198,0.64374,0.0281,0.0,0.0,0.0281
2018-10-16 08:00:00,2018-10-16 09:00,1.55935,0.68243,0.0,0.22475,0.65217,0.0,0.0,0.0,0.0
2018-10-16 09:00:00,2018-10-16 10:00,1.16204,0.55869,0.0,0.003,0.60035,0.0,0.0,0.0,0.0
2018-10-16 10:00:00,2018-10-16 11:00,1.28537,0.43993,0.0,0.32744,0.518,0.0,0.0,0.0,0.0
2018-10-16 11:00:00,2018-10-16 12:00,1.2744,0.31653,0.0,0.45144,0.50643,0.0,0.0,0.0,0.0
2018-10-16 12:00:00,2018-10-16 13:00,0.97215,0.22809,0.0,0.21288,0.53118,0.01124,0.0,0.0,0.01124
2018-10-16 13:00:00,2018-10-16 14:00,0.71044,0.10911,0.0,0.003,0.59833,0.01686,0.0,0.0,0.01686
2018-10-16 14:00:00,2018-10-16 15:00,0.77817,0.07401,0.0,0.10755,0.59661,0.01124,0.0,0.0,0.01124
2018-10-16 15:00:00,2018-10-16 16:00,1.08624,0.0,0.0,0.44255,0.64369,0.01686,0.0,0.0,0.01686
2018-10-16 16:00:00,2018-10-16 17:00,1.05616,0.0,0.0,0.28482,0.77134,0.03935,0.0,0.0,0.03935
2018-10-16 17:00:00,2018-10-16 18:00,0.85937,0.0,0.0,0.003,0.85637,0.04497,0.0,0.0,0.04497
2018-10-16 18:00:00,2018-10-16 19:00,0.97524,0.12885,0.0,0.003,0.84339,0.0,0.0,0.0,0.0
2018-10-16 19:00:00,2018-10-16 20:00,1.16316,0.26786,0.0,0.003,0.8923,0.0,0.0,0.0,0.0
2018-10-16 20:00:00,2018-10-16 21:00,1.45595,0.2509,0.0,0.003,1.20205,0.0,0.0,0.0,0.0
2018-10-16 21:00:00,2018-10-16 22:00,1.77374,0.3277,0.0,0.003,1.44304,0.0,0.0,0.0,0.0
2018-10-16 22:00:00,2018-10-16 23:00,3.07348,0.54502,0.0,0.2202,2.30826,0.0,0.0,0.0,0.0
2018-10-16 23:00:00,2018-10-17 00:00,1.18755,0.55008,0.0,0.16757,0.4699,0.0,0.0,0.0,0.0
2018-10-17 00:00:00,2018-10-17 01:00,1.02787,0.57761,0.0,0.003,0.44726,0.0,0.0,0.0,0.0
2018-10-17 01:00:00,2018-10-17 02:00,1.08681,0.64037,0.0,0.003,0.44344,0.0,0.0,0.0,0.0
2018-10-17 02:00:00,2018-10-17 03:00,1.12731,0.686,0.0,0.003,0.43831,0.0,0.0,0.0,0.0
2018-10-17 03:00:00,2018-10-17 04:00,1.15507,0.71577,0.0,0.003,0.4363,0.0,0.0,0.0,0.0
2018-10-17 04:00:00,2018-10-17 05:00,1.33786,0.79693,0.0,0.11066,0.43027,0.0,0.0,0.0,0.0
2018-10-17 05:00:00,2018-10-17 06:00,1.75515,0.86504,0.0,0.43898,0.45113,0.0,0.0,0.0,0.0
2018-10-17 06:00:00,2018-10-17 07:00,2.01883,1.02902,0.0,0.45492,0.53489,0.0,0.0,0.0,0.0
2018-10-17 07:00:00,2018-10-17 08:00,1.62798,0.95656,0.0,0.14482,0.5266,0.01124,0.0,0.0,0.01124
2018-10-17 08:00:00,2018-10-17 09:00,1.66387,0.88555,0.0,0.21308,0.56524,0.01686,0.0,0.0,0.01686
2018-10-17 09:00:00,2018-10-17 10:00,1.7307,0.75882,0.0,0.43564,0.53624,0.0,0.0,0.0,0.0
2018-10-17 10:00:00,2018-10-17 11:00,1.44416,0.65546,0.0,0.21822,0.57048,0.0,0.0,0.0,0.0
2018-10-17 11:00:00,2018-10-17 12:00,1.54489,0.58518,0.0,0.43473,0.52498,0.0,0.0,0.0,0.0
2018-10-17 12:00:00,2018-10-17 13:00,1.02726,0.41675,0.0,0.15194,0.45857,0.0,0.0,0.0,0.0
2018-10-17 13:00:00,2018-10-17 14:00,1.07086,0.35655,0.0,0.003,0.71131,0.0,0.0,0.0,0.0
2018-10-17 14:00:00,2018-10-17 15:00,3.0875,0.35615,0.0,0.21957,2.51178,0.0,0.0,0.0,0.0
2018-10-17 15:00:00,2018-10-17 16:00,2.19325,0.24443,0.0,0.36464,1.58418,0.0,0.0,0.0,0.0
2018-10-17 16:00:00,2018-10-17 17:00,0.7359,0.17951,0.0,0.003,0.55339,0.0,0.0,0.0,0.0
2018-10-17 17:00:00,2018-10-17 18:00,0.80339,0.11777,0.0,0.003,0.68262,0.03935,0.0,0.0,0.03935
2018-10-17 18:00:00,2018-10-17 19:00,1.95276,0.1325,0.0,0.21688,1.60338,0.04497,0.0,0.0,0.04497
2018-10-17 19:00:00,2018-10-17 20:00,1.55031,0.23298,0.0,0.28057,1.03676,0.0,0.0,0.0,0.0
2018-10-17 20:00:00,2018-10-17 21:00,1.81104,0.30157,0.0,0.003,1.50647,0.0,0.0,0.0,0.0
2018-10-17 21:00:00,2018-10-17 22:00,3.77826,0.61474,0.0,0.003,3.16052,0.0,0.0,0.0,0.0
2018-10-17 22:00:00,2018-10-17 23:00,1.38017,0.5607,0.0,0.003,0.81647,0.0,0.0,0.0,0.0
2018-10-17 23:00:00,2018-10-18 00:00,1.18816,0.66499,0.0,0.003,0.52017,0.0,0.0,0.0,0.0
2018-10-18 00:00:00,2018-10-18 01:00,1.24418,0.78212,0.0,0.003,0.45906,0.0,0.0,0.0,0.0
2018-10-18 01:00:00,2018-10-18 02:00,1.34028,0.89291,0.0,0.003,0.44437,0.0,0.0,0.0,0.0
2018-10-18 02:00:00,2018-10-18 03:00,1.42051,0.97919,0.0,0.003,0.43832,0.0,0.0,0.0,0.0
2018-10-18 03:00:00,2018-10-18 04:00,1.64769,0.98605,0.0,0.22534,0.4363,0.0,0.0,0.0,0.0
2018-10-18 04:00:00,2018-10-18 05:00,1.55963,0.96061,0.0,0.15752,0.4415,0.01124,0.0,0.0,0.01124
2018-10-18 05:00:00,2018-10-18 06:00,1.52203,0.63663,0.0,0.32678,0.55862,0.11242,0.0,0.0,0.11242
2018-10-18 06:00:00,2018-10-18 07:00,1.87107,1.00158,0.0,0.3142,0.55529,0.01686,0.0,0.0,0.01686
2018-10-18 07:00:00,2018-10-18 08:00,1.45521,0.9449,0.0,0.003,0.50731,0.0,0.0,0.0,0.0
2018-10-18 08:00:00,2018-10-18 09:00,1.72124,0.77563,0.0,0.42663,0.51898,0.0,0.0,0.0,0.0
2018-10-18 09:00:00,2018-10-18 10:00,1.54824,0.58988,0.0,0.44352,0.51484,0.0,0.0,0.0,0.0
2018-10-18 10:00:00,2018-10-18 11:00,1.31906,0.35861,0.0,0.45771,0.50274,0.0,0.0,0.0,0.0
2018-10-18 11:00:00,2018-10-18 12:00,0.69095,0.22562,0.0,0.02038,0.44495,0.0,0.0,0.0,0.0
2018-10-18 12:00:00,2018-10-18 13:00,0.555,0.09975,0.0,0.003,0.45225,0.0,0.0,0.0,0.0
2018-10-18 13:00:00,2018-10-18 14:00,0.46237,0.00596,0.0,0.003,0.45341,0.0,0.0,0.0,0.0
2018-10-18 14:00:00,2018-10-18 15:00,0.45648,0.0,0.0,0.003,0.45348,0.0,0.0,0.0,0.0
2018-10-18 15:00:00,2018-10-18 16:00,0.45562,0.0,0.0,0.003,0.45262,0.0,0.0,0.0,0.0
2018-10-18 16:00:00,2018-10-18 17:00,0.46825,0.0,0.0,0.003,0.46525,0.0,0.0,0.0,0.0
2018-10-18 17:00:00,2018-10-18 18:00,0.59066,0.0,0.0,0.003,0.58766,0.0,0.0,0.0,0.0
2018-10-18 18:00:00,2018-10-18 19:00,1.05334,0.0,0.0,0.22349,0.82985,0.0,0.0,0.0,0.0
2018-10-18 19:00:00,2018-10-18 20:00,1.96759,0.0,0.0,0.30186,1.66573,0.03935,0.0,0.0,0.03935
2018-10-18 20:00:00,2018-10-18 21:00,2.60308,0.0,0.02264,0.11039,2.47005,0.01686,0.0,0.0,0.01686
2018-10-18 21:00:00,2018-10-18 22:00,1.342,0.0,0.0,0.257,1.085,0.0,0.0,0.0,0.0
2018-10-18 22:00:00,2018-10-18 23:00,0.66919,0.0,0.0,0.003,0.66619,0.0,0.0,0.0,0.0
2018-10-18 23:00:00,2018-10-19 00:00,0.45776,0.0,0.0,0.003,0.45476,0.0,0.0,0.0,0.0
2018-10-19 00:00:00,2018-10-19 01:00,0.452,0.0,0.0,0.003,0.449,0.0,0.0,0.0,0.0
2018-10-19 01:00:00,2018-10-19 02:00,0.44787,0.0,0.0,0.003,0.44487,0.0,0.0,0.0,0.0
2018-10-19 02:00:00,2018-10-19 03:00,0.44234,0.0,0.0,0.003,0.43934,0.0,0.0,0.0,0.0
2018-10-19 03:00:00,2018-10-19 04:00,0.7775,0.0,0.0,0.34011,0.43739,0.0,0.0,0.0,0.0
2018-10-19 04:00:00,2018-10-19 05:00,0.43546,0.0,0.0,0.003,0.43246,0.0,0.0,0.0,0.0
2018-10-19 05:00:00,2018-10-19 06:00,0.66544,0.0,0.0,0.22268,0.44276,0.0,0.0,0.0,0.0
2018-10-19 06:00:00,2018-10-19 07:00,1.05942,0.12375,0.0,0.4242,0.51147,0.0,0.0,0.0,0.0
2018-10-19 07:00:00,2018-10-19 08:00,0.81258,0.0,0.0,0.22007,0.59251,0.05621,0.0,0.0,0.05621
2018-10-19 08:00:00,2018-10-19 09:00,0.97596,0.07873,0.0,0.38694,0.51029,0.0,0.0,0.0,0.0
2018-10-19 09:00:00,2018-10-19 10:00,0.53612,0.05467,0.0,0.003,0.47845,0.0,0.0,0.0,0.0
2018-10-19 10:00:00,2018-10-19 11:00,0.46422,0.00761,0.0,0.003,0.45361,0.0,0.0,0.0,0.0
2018-10-19 11:00:00,2018-10-19 12:00,0.48806,0.0,0.0,0.003,0.48506,0.0,0.0,0.0,0.0
2018-10-19 12:00:00,2018-10-19 13:00,0.45563,0.0,0.0,0.003,0.45263,0.0,0.0,0.0,0.0
2018-10-19 13:00:00,2018-10-19 14:00,0.45705,0.0,0.0,0.003,0.45405,0.0,0.0,0.0,0.0
2018-10-19 14:00:00,2018-10-19 15:00,0.45719,0.0,0.0,0.003,0.45419,0.0,0.0,0.0,0.0
2018-10-19 15:00:00,2018-10-19 16:00,0.95907,0.0,0.0,0.41622,0.54285,0.0,0.0,0.0,0.0
2018-10-19 16:00:00,2018-10-19 17:00,0.68652,0.0,0.0,0.003,0.68352,0.03935,0.0,0.0,0.03935
2018-10-19 17:00:00,2018-10-19 18:00,0.90617,0.0,0.00518,0.11302,0.78797,0.04497,0.0,0.0,0.04497
2018-10-19 18:00:00,2018-10-19 19:00,1.17389,0.0,0.0,0.23992,0.93397,0.0,0.0,0.0,0.0
2018-10-19 19:00:00,2018-10-19 20:00,1.01443,0.0,0.0,0.003,1.01143,0.0,0.0,0.0,0.0
2018-10-19 20:00:00,2018-10-19 21:00,1.15472,0.0,0.0,0.003,1.15172,0.0,0.0,0.0,0.0
2018-10-19 21:00:00,2018-10-19 22:00,0.90658,0.0,0.0,0.003,0.90358,0.0,0.0,0.0,0.0
2018-10-19 22:00:00,2018-10-19 23:00,0.82026,0.025,0.0,0.22447,0.57079,0.0,0.0,0.0,0.0
2018-10-19 23:00:00,2018-10-20 00:00,0.69474,0.05,0.0,0.15236,0.49238,0.0,0.0,0.0,0.0
2018-10-20 00:00:00,2018-10-20 01:00,0.50213,0.05,0.0,0.003,0.44913,0.0,0.0,0.0,0.0
2018-10-20 01:00:00,2018-10-20 02:00,0.53198,0.0841,0.0,0.003,0.44488,0.0,0.0,0.0,0.0
2018-10-20 02:00:00,2018-10-20 03:00,0.68433,0.24178,0.0,0.003,0.43955,0.0,0.0,0.0,0.0
2018-10-20 03:00:00,2018-10-20 04:00,0.75732,0.31657,0.0,0.003,0.43775,0.0,0.0,0.0,0.0
2018-10-20 04:00:00,2018-10-20 05:00,1.12061,0.68533,0.0,0.003,0.43228,0.0,0.0,0.0,0.0
2018-10-20 05:00:00,2018-10-20 06:00,1.41269,0.97783,0.0,0.003,0.43186,0.0,0.0,0.0,0.0
2018-10-20 06:00:00,2018-10-20 07:00,1.70487,1.22667,0.0,0.003,0.4752,0.0,0.0,0.0,0.0
2018-10-20 07:00:00,2018-10-20 08:00,1.95015,1.10431,0.0,0.33565,0.51019,0.0,0.0,0.0,0.0
2018-10-20 08:00:00,2018-10-20 09:00,1.82829,1.05514,0.0,0.1901,0.58305,0.0,0.0,0.0,0.0
2018-10-20 09:00:00,2018-10-20 10:00,1.791,1.07735,0.0,0.10921,0.60444,0.0,0.0,0.0,0.0
2018-10-20 10:00:00,2018-10-20 11:00,2.35645,1.16016,0.0,0.43639,0.7599,0.0,0.0,0.0,0.0
2018-10-20 11:00:00,2018-10-20 12:00,3.04959,0.74656,0.0,0.45582,1.84721,0.06745,0.0,0.0,0.06745
2018-10-20 12:00:00,2018-10-20 13:00,3.11225,0.6303,0.0,0.05147,2.43048,0.01686,0.0,0.0,0.01686
2018-10-20 13:00:00,2018-10-20 14:00,1.46675,0.59847,0.0,0.1082,0.76008,0.0,0.0,0.0,0.0
2018-10-20 14:00:00,2018-10-20 15:00,1.7414,0.51821,0.0,0.44343,0.77976,0.0,0.0,0.0,0.0
2018-10-20 15:00:00,2018-10-20 16:00,1.31861,0.39125,0.0,0.17201,0.75535,0.0,0.0,0.0,0.0
2018-10-20 16:00:00,2018-10-20 17:00,1.03427,0.29336,0.0,0.003,0.73791,0.0,0.0,0.0,0.0
2018-10-20 17:00:00,2018-10-20 18:00,1.23529,0.23689,0.0,0.003,0.9954,0.01124,0.0,0.0,0.01124
2018-10-20 18:00:00,2018-10-20 19:00,1.9334,0.34684,0.0,0.431,1.15556,0.01686,0.0,0.0,0.01686
2018-10-20 19:00:00,2018-10-20 20:00,1.77921,0.34643,0.0,0.17352,1.25926,0.0,0.0,0.0,0.0
2018-10-20 20:00:00,2018-10-20 21:00,1.77954,0.46532,0.0,0.003,1.31122,0.0,0.0,0.0,0.0
2018-10-20 21:00:00,2018-10-20 22:00,1.61088,0.58847,0.0,0.003,1.01941,0.0,0.0,0.0,0.0
2018-10-20 22:00:00,2018-10-20 23:00,1.40678,0.7205,0.0,0.003,0.68328,0.0,0.0,0.0,0.0
2018-10-20 23:00:00,2018-10-21 00:00,1.43401,0.89275,0.0,0.003,0.53826,0.0,0.0,0.0,0.0
2018-10-21 00:00:00,2018-10-21 01:00,1.44138,0.97649,0.0,0.003,0.46189,0.0,0.0,0.0,0.0
2018-10-21 01:00:00,2018-10-21 02:00,1.50622,1.05568,0.0,0.003,0.44754,0.0,0.0,0.0,0.0
2018-10-21 02:00:00,2018-10-21 03:00,1.61307,1.1705,0.0,0.003,0.43957,0.0,0.0,0.0,0.0
2018-10-21 03:00:00,2018-10-21 04:00,1.72474,1.28399,0.0,0.003,0.43775,0.0,0.0,0.0,0.0
2018-10-21 04:00:00,2018-10-21 05:00,1.81148,1.3762,0.0,0.003,0.43228,0.0,0.0,0.0,0.0
2018-10-21 05:00:00,2018-10-21 06:00,2.09642,1.43858,0.0,0.22597,0.43187,0.0,0.0,0.0,0.0
2018-10-21 06:00:00,2018-10-21 07:00,2.14234,1.58859,0.0,0.08395,0.4698,0.0,0.0,0.0,0.0
2018-10-21 07:00:00,2018-10-21 08:00,1.89225,1.44023,0.0,0.003,0.44902,0.0,0.0,0.0,0.0
2018-10-21 08:00:00,2018-10-21 09:00,1.74656,1.2838,0.0,0.003,0.45976,0.0,0.0,0.0,0.0
2018-10-21 09:00:00,2018-10-21 10:00,1.602,1.05058,0.0,0.003,0.54842,0.0,0.0,0.0,0.0
2018-10-21 10:00:00,2018-10-21 11:00,1.86915,0.79523,0.0,0.33474,0.73918,0.0,0.0,0.0,0.0
2018-10-21 11:00:00,2018-10-21 12:00,1.48949,0.62855,0.0,0.19511,0.66583,0.0,0.0,0.0,0.0
2018-10-21 12:00:00,2018-10-21 13:00,1.05041,0.41164,0.0,0.003,0.63577,0.0,0.0,0.0,0.0
2018-10-21 13:00:00,2018-10-21 14:00,0.97324,0.19967,0.0,0.10932,0.66425,0.0,0.0,0.0,0.0
2018-10-21 14:00:00,2018-10-21 15:00,1.17456,0.05032,0.0,0.399,0.72524,0.0,0.0,0.0,0.0
2018-10-21 15:00:00,2018-10-21 16:00,0.7545,0.0,0.0,0.003,0.7515,0.0,0.0,0.0,0.0
2018-10-21 16:00:00,2018-10-21 17:00,1.00692,0.0,0.0,0.2101,0.79682,0.0,0.0,0.0,0.0
2018-10-21 17:00:00,2018-10-21 18:00,1.28249,0.0,0.0,0.42451,0.85798,0.0,0.0,0.0,0.0
2018-10-21 18:00:00,2018-10-21 19:00,1.41513,0.0,0.0,0.43121,0.98392,0.0,0.0,0.0,0.0
2018-10-21 19:00:00,2018-10-21 20:00,1.4325,0.05,0.0,0.3158,1.0667,0.0,0.0,0.0,0.0
2018-10-21 20:00:00,2018-10-21 21:00,1.30686,0.05,0.0,0.003,1.25386,0.0281,0.0,0.0,0.0281
2018-10-21 21:00:00,2018-10-21 22:00,1.14388,0.11005,0.0,0.003,1.03083,0.0,0.0,0.0,0.0
2018-10-21 22:00:00,2018-10-21 23:00,0.98785,0.25563,0.0,0.003,0.72922,0.0,0.0,0.0,0.0
2018-10-21 23:00:00,2018-10-22 00:00,0.94256,0.40161,0.0,0.003,0.53795,0.0,0.0,0.0,0.0
2018-10-22 00:00:00,2018-10-22 01:00,0.97022,0.50814,0.0,0.003,0.45908,0.0,0.0,0.0,0.0
2018-10-22 01:00:00,2018-10-22 02:00,1.43884,0.63066,0.0,0.36296,0.44522,0.0,0.0,0.0,0.0
2018-10-22 02:00:00,2018-10-22 03:00,1.17328,0.73508,0.0,0.003,0.4352,0.0,0.0,0.0,0.0
2018-10-22 03:00:00,2018-10-22 04:00,1.25272,0.81885,0.0,0.003,0.43087,0.0,0.0,0.0,0.0
2018-10-22 04:00:00,2018-10-22 05:00,1.73864,0.95224,0.0,0.35538,0.43102,0.0,0.0,0.0,0.0
2018-10-22 05:00:00,2018-10-22 06:00,1.43127,0.99768,0.0,0.003,0.43059,0.0,0.0,0.0,0.0
2018-10-22 06:00:00,2018-10-22 07:00,1.65834,1.15285,0.0,0.003,0.50249,0.0,0.0,0.0,0.0
2018-10-22 07:00:00,2018-10-22 08:00,1.87103,1.09626,0.0,0.21708,0.55769,0.0,0.0,0.0,0.0
2018-10-22 08:00:00,2018-10-22 09:00,1.92131,1.03118,0.0,0.3799,0.51023,0.0,0.0,0.0,0.0
2018-10-22 09:00:00,2018-10-22 10:00,1.38369,0.6544,0.0,0.21444,0.51485,0.0,0.0,0.0,0.0
2018-10-22 10:00:00,2018-10-22 11:00,1.156,0.36466,0.0,0.33455,0.45679,0.0,0.0,0.0,0.0
2018-10-22 11:00:00,2018-10-22 12:00,0.66133,0.21338,0.0,0.003,0.44495,0.0,0.0,0.0,0.0
2018-10-22 12:00:00,2018-10-22 13:00,0.59884,0.14361,0.0,0.003,0.45223,0.0,0.0,0.0,0.0
2018-10-22 13:00:00,2018-10-22 14:00,0.49801,0.04161,0.0,0.003,0.4534,0.0,0.0,0.0,0.0
2018-10-22 14:00:00,2018-10-22 15:00,0.45633,0.0,0.0,0.003,0.45333,0.0,0.0,0.0,0.0
2018-10-22 15:00:00,2018-10-22 16:00,0.45519,0.0,0.0,0.003,0.45219,0.0,0.0,0.0,0.0
2018-10-22 16:00:00,2018-10-22 17:00,0.46747,0.0,0.0,0.003,0.46447,0.0,0.0,0.0,0.0
2018-10-22 17:00:00,2018-10-22 18:00,0.48051,0.0,0.0,0.003,0.47751,0.0,0.0,0.0,0.0
2018-10-22 18:00:00,2018-10-22 19:00,0.92161,0.0,0.0,0.11215,0.80946,0.0281,0.0,0.0,0.0281
2018-10-22 19:00:00,2018-10-22 20:00,1.23951,0.0,0.0,0.24777,0.99174,0.0,0.0,0.0,0.0
2018-10-22 20:00:00,2018-10-22 21:00,1.19079,0.0375,0.0,0.003,1.15029,0.0,0.0,0.0,0.0
2018-10-22 21:00:00,2018-10-22 22:00,1.04438,0.12812,0.0,0.003,0.91326,0.0,0.0,0.0,0.0
2018-10-22 22:00:00,2018-10-22 23:00,1.35266,0.23991,0.0,0.43997,0.67278,0.0,0.0,0.0,0.0
2018-10-22 23:00:00,2018-10-23 00:00,1.16057,0.32738,0.0,0.30353,0.52966,0.0,0.0,0.0,0.0
2018-10-23 00:00:00,2018-10-23 01:00,0.87266,0.4224,0.0,0.003,0.44726,0.0,0.0,0.0,0.0
2018-10-23 01:00:00,2018-10-23 02:00,0.97444,0.52799,0.0,0.003,0.44345,0.0,0.0,0.0,0.0
2018-10-23 02:00:00,2018-10-23 03:00,1.04152,0.60021,0.0,0.003,0.43831,0.0,0.0,0.0,0.0
2018-10-23 03:00:00,2018-10-23 04:00,1.15557,0.71628,0.0,0.003,0.43629,0.0,0.0,0.0,0.0
2018-10-23 04:00:00,2018-10-23 05:00,1.33892,0.79777,0.0,0.11089,0.43026,0.0,0.0,0.0,0.0
2018-10-23 05:00:00,2018-10-23 06:00,1.60409,0.86035,0.0,0.30474,0.439,0.0,0.0,0.0,0.0
2018-10-23 06:00:00,2018-10-23 07:00,1.56495,1.07016,0.0,0.003,0.49179,0.0,0.0,0.0,0.0
2018-10-23 07:00:00,2018-10-23 08:00,1.85106,1.02883,0.0,0.32088,0.50135,0.0,0.0,0.0,0.0
2018-10-23 08:00:00,2018-10-23 09:00,1.87757,0.92922,0.0,0.4441,0.50425,0.0,0.0,0.0,0.0
2018-10-23 09:00:00,2018-10-23 10:00,1.31181,0.75595,0.0,0.10176,0.4541,0.0,0.0,0.0,0.0
2018-10-23 10:00:00,2018-10-23 11:00,0.97594,0.52539,0.0,0.003,0.44755,0.0,0.0,0.0,0.0
2018-10-23 11:00:00,2018-10-23 12:00,0.8744,0.42645,0.0,0.003,0.44495,0.0,0.0,0.0,0.0
2018-10-23 12:00:00,2018-10-23 13:00,0.81612,0.33174,0.0,0.003,0.48138,0.0,0.0,0.0,0.0
2018-10-23 13:00:00,2018-10-23 14:00,2.19629,0.26734,0.0,0.003,1.92595,0.0,0.0,0.0,0.0
2018-10-23 14:00:00,2018-10-23 15:00,1.97323,0.20047,0.0,0.11196,1.6608,0.0,0.0,0.0,0.0
2018-10-23 15:00:00,2018-10-23 16:00,1.08105,0.06855,0.0,0.43213,0.58037,0.0,0.0,0.0,0.0
2018-10-23 16:00:00,2018-10-23 17:00,0.7109,0.05,0.0,0.003,0.6579,0.0281,0.0,0.0,0.0281
2018-10-23 17:00:00,2018-10-23 18:00,0.75256,0.05,0.0,0.003,0.69956,0.0,0.0,0.0,0.0
2018-10-23 18:00:00,2018-10-23 19:00,1.08431,0.24125,0.0,0.003,0.84006,0.0,0.0,0.0,0.0
2018-10-23 19:00:00,2018-10-23 20:00,1.56615,0.2325,0.0,0.43486,0.89879,0.0,0.0,0.0,0.0
2018-10-23 20:00:00,2018-10-23 21:00,1.69204,0.26275,0.0,0.20683,1.22246,0.0,0.0,0.0,0.0
2018-10-23 21:00:00,2018-10-23 22:00,1.56172,0.41417,0.0,0.003,1.14455,0.0,0.0,0.0,0.0
2018-10-23 22:00:00,2018-10-23 23:00,1.84638,0.59415,0.0,0.003,1.24923,0.0,0.0,0.0,0.0
2018-10-23 23:00:00,2018-10-24 00:00,1.1711,0.69821,0.0,0.003,0.46989,0.0,0.0,0.0,0.0
2018-10-24 00:00:00,2018-10-24 01:00,1.26028,0.81,0.0,0.003,0.44728,0.0,0.0,0.0,0.0
2018-10-24 01:00:00,2018-10-24 02:00,1.36319,0.91591,0.0,0.003,0.44428,0.0,0.0,0.0,0.0
2018-10-24 02:00:00,2018-10-24 03:00,1.88185,1.02543,0.0,0.41956,0.43686,0.0,0.0,0.0,0.0
2018-10-24 03:00:00,2018-10-24 04:00,1.53636,1.09985,0.0,0.003,0.43351,0.0,0.0,0.0,0.0
2018-10-24 04:00:00,2018-10-24 05:00,1.60376,1.16975,0.0,0.003,0.43101,0.0,0.0,0.0,0.0
2018-10-24 05:00:00,2018-10-24 06:00,1.76879,1.2194,0.0,0.11058,0.43881,0.0,0.0,0.0,0.0
2018-10-24 06:00:00,2018-10-24 07:00,2.21944,1.17309,0.0,0.44056,0.60579,0.06745,0.0,0.0,0.06745
2018-10-24 07:00:00,2018-10-24 08:00,1.74439,1.09558,0.0,0.10773,0.54108,0.04497,0.0,0.0,0.04497
2018-10-24 08:00:00,2018-10-24 09:00,1.69608,1.20347,0.0,0.003,0.48961,0.0,0.0,0.0,0.0
2018-10-24 09:00:00,2018-10-24 10:00,1.40399,0.94687,0.0,0.003,0.45412,0.0,0.0,0.0,0.0
2018-10-24 10:00:00,2018-10-24 11:00,1.0314,0.58088,0.0,0.003,0.44752,0.0,0.0,0.0,0.0
2018-10-24 11:00:00,2018-10-24 12:00,0.88232,0.43438,0.0,0.003,0.44494,0.0,0.0,0.0,0.0
2018-10-24 12:00:00,2018-10-24 13:00,0.84772,0.39248,0.0,0.003,0.45224,0.0,0.0,0.0,0.0
2018-10-24 13:00:00,2018-10-24 14:00,0.73535,0.27895,0.0,0.003,0.4534,0.0,0.0,0.0,0.0
2018-10-24 14:00:00,2018-10-24 15:00,0.63093,0.1746,0.0,0.003,0.45333,0.0,0.0,0.0,0.0
2018-10-24 15:00:00,2018-10-24 16:00,1.04181,0.07987,0.0,0.44698,0.51496,0.0,0.0,0.0,0.0
2018-10-24 16:00:00,2018-10-24 17:00,0.73517,0.0,0.0,0.08612,0.64905,0.09556,0.0,0.0,0.09556
2018-10-24 17:00:00,2018-10-24 18:00,0.74537,0.0,0.0,0.003,0.74237,0.11242,0.0,0.0,0.11242
2018-10-24 18:00:00,2018-10-24 19:00,1.13956,0.05,0.0,0.21786,0.8717,0.11242,0.0,0.0,0.11242
2018-10-24 19:00:00,2018-10-24 20:00,3.41459,0.05,0.0,0.4485,2.91609,0.07496,0.0,0.0,0.07496
2018-10-24 20:00:00,2018-10-24 21:00,2.22837,0.05695,0.0,0.09384,2.07758,0.0,0.0,0.0,0.0
2018-10-24 21:00:00,2018-10-24 22:00,1.37962,0.18596,0.0,0.21885,0.97481,0.0,0.0,0.0,0.0
2018-10-24 22:00:00,2018-10-24 23:00,2.15709,0.25883,0.0,0.20388,1.69438,0.0,0.0,0.0,0.0
2018-10-24 23:00:00,2018-10-25 00:00,0.7657,0.27024,0.0,0.003,0.49246,0.0,0.0,0.0,0.0
2018-10-25 00:00:00,2018-10-25 01:00,0.77337,0.31133,0.0,0.003,0.45904,0.0,0.0,0.0,0.0
2018-10-25 01:00:00,2018-10-25 02:00,0.79012,0.34161,0.0,0.003,0.44551,0.0,0.0,0.0,0.0
2018-10-25 02:00:00,2018-10-25 03:00,0.79557,0.35462,0.0,0.003,0.43795,0.0,0.0,0.0,0.0
2018-10-25 03:00:00,2018-10-25 04:00,0.80564,0.36913,0.0,0.003,0.43351,0.0,0.0,0.0,0.0
2018-10-25 04:00:00,2018-10-25 05:00,0.84088,0.40687,0.0,0.003,0.43101,0.0,0.0,0.0,0.0
2018-10-25 05:00:00,2018-10-25 06:00,0.97052,0.42351,0.0,0.11285,0.43416,0.0,0.0,0.0,0.0
2018-10-25 06:00:00,2018-10-25 07:00,1.48158,0.48356,0.0,0.45422,0.5438,0.0,0.0,0.0,0.0
2018-10-25 07:00:00,2018-10-25 08:00,1.19634,0.40095,0.0,0.15889,0.6365,0.0,0.0,0.0,0.0
2018-10-25 08:00:00,2018-10-25 09:00,1.42367,0.41111,0.0,0.44056,0.572,0.0,0.0,0.0,0.0
2018-10-25 09:00:00,2018-10-25 10:00,1.15143,0.42461,0.0,0.07507,0.65175,0.0,0.0,0.0,0.0
2018-10-25 10:00:00,2018-10-25 11:00,2.91428,0.44203,0.0,0.003,2.46925,0.0,0.0,0.0,0.0
2018-10-25 11:00:00,2018-10-25 12:00,1.858,0.34735,0.0,0.39441,1.11624,0.0,0.0,0.0,0.0
2018-10-25 12:00:00,2018-10-25 13:00,0.71956,0.25508,0.0,0.003,0.46148,0.0,0.0,0.0,0.0
2018-10-25 13:00:00,2018-10-25 14:00,0.67039,0.21398,0.0,0.003,0.45341,0.0,0.0,0.0,0.0
2018-10-25 14:00:00,2018-10-25 15:00,0.64979,0.19348,0.0,0.003,0.45331,0.0,0.0,0.0,0.0
2018-10-25 15:00:00,2018-10-25 16:00,0.67225,0.17234,0.0,0.003,0.49691,0.0,0.0,0.0,0.0
2018-10-25 16:00:00,2018-10-25 17:00,0.73304,0.17666,0.0,0.003,0.55338,0.0,0.0,0.0,0.0
2018-10-25 17:00:00,2018-10-25 18:00,0.79013,0.11866,0.0,0.003,0.66847,0.03935,0.0,0.0,0.03935
2018-10-25 18:00:00,2018-10-25 19:00,1.18978,0.0,0.0,0.22323,0.96655,0.07307,0.0,0.0,0.07307
2018-10-25 19:00:00,2018-10-25 20:00,1.56402,0.1348,0.0,0.32649,1.10273,0.0,0.0,0.0,0.0
2018-10-25 20:00:00,2018-10-25 21:00,1.41781,0.07208,0.0,0.003,1.34273,0.03935,0.0,0.0,0.03935
2018-10-25 21:00:00,2018-10-25 22:00,1.15304,0.05,0.0,0.003,1.10004,0.01686,0.0,0.0,0.01686
2018-10-25 22:00:00,2018-10-25 23:00,0.86613,0.24968,0.0,0.003,0.61345,0.0,0.0,0.0,0.0
2018-10-25 23:00:00,2018-10-26 00:00,0.78659,0.29112,0.0,0.003,0.49247,0.0,0.0,0.0,0.0
2018-10-26 00:00:00,2018-10-26 01:00,0.77791,0.32569,0.0,0.003,0.44922,0.0,0.0,0.0,0.0
2018-10-26 01:00:00,2018-10-26 02:00,0.79451,0.34807,0.0,0.003,0.44344,0.0,0.0,0.0,0.0
2018-10-26 02:00:00,2018-10-26 03:00,0.80645,0.36513,0.0,0.003,0.43832,0.0,0.0,0.0,0.0
2018-10-26 03:00:00,2018-10-26 04:00,0.83334,0.39404,0.0,0.003,0.4363,0.0,0.0,0.0,0.0
2018-10-26 04:00:00,2018-10-26 05:00,1.17609,0.41441,0.0,0.33142,0.43026,0.0,0.0,0.0,0.0
2018-10-26 05:00:00,2018-10-26 06:00,1.17261,0.40522,0.0,0.29672,0.47067,0.01124,0.0,0.0,0.01124
2018-10-26 06:00:00,2018-10-26 07:00,1.13072,0.37518,0.0,0.1107,0.64484,0.04497,0.0,0.0,0.04497
2018-10-26 07:00:00,2018-10-26 08:00,1.5099,0.47274,0.0,0.44683,0.59033,0.0,0.0,0.0,0.0
2018-10-26 08:00:00,2018-10-26 09:00,1.25427,0.51685,0.0,0.20375,0.53367,0.0,0.0,0.0,0.0
2018-10-26 09:00:00,2018-10-26 10:00,1.24168,0.51798,0.0,0.21493,0.50877,0.0,0.0,0.0,0.0
2018-10-26 10:00:00,2018-10-26 11:00,1.29254,0.52089,0.0,0.32413,0.44752,0.0,0.0,0.0,0.0
2018-10-26 11:00:00,2018-10-26 12:00,0.95461,0.50666,0.0,0.003,0.44495,0.0,0.0,0.0,0.0
2018-10-26 12:00:00,2018-10-26 13:00,0.93174,0.47649,0.0,0.003,0.45225,0.0,0.0,0.0,0.0
2018-10-26 13:00:00,2018-10-26 14:00,0.94018,0.48378,0.0,0.003,0.4534,0.0,0.0,0.0,0.0
2018-10-26 14:00:00,2018-10-26 15:00,0.97868,0.49899,0.0,0.003,0.47669,0.0,0.0,0.0,0.0
2018-10-26 15:00:00,2018-10-26 16:00,1.02219,0.48463,0.0,0.003,0.53456,0.0,0.0,0.0,0.0
2018-10-26 16:00:00,2018-10-26 17:00,1.55085,0.45804,0.0,0.44999,0.64282,0.0,0.0,0.0,0.0
2018-10-26 17:00:00,2018-10-26 18:00,1.13741,0.3683,0.0,0.03044,0.73867,0.03935,0.0,0.0,0.03935
2018-10-26 18:00:00,2018-10-26 19:00,1.24562,0.39249,0.0,0.003,0.85013,0.04497,0.0,0.0,0.04497
2018-10-26 19:00:00,2018-10-26 20:00,1.72122,0.44383,0.0,0.33352,0.94387,0.0,0.0,0.0,0.0
2018-10-26 20:00:00,2018-10-26 21:00,1.6134,0.42261,0.0,0.12336,1.06743,0.0,0.0,0.0,0.0
2018-10-26 21:00:00,2018-10-26 22:00,1.41677,0.40612,0.0,0.003,1.00765,0.0,0.0,0.0,0.0
2018-10-26 22:00:00,2018-10-26 23:00,1.06879,0.45663,0.0,0.003,0.60916,0.0,0.0,0.0,0.0
2018-10-26 23:00:00,2018-10-27 00:00,0.93777,0.48178,0.0,0.003,0.45299,0.0,0.0,0.0,0.0
2018-10-27 00:00:00,2018-10-27 01:00,0.95191,0.50039,0.0,0.003,0.44852,0.0,0.0,0.0,0.0
2018-10-27 01:00:00,2018-10-27 02:00,0.96949,0.52181,0.0,0.003,0.44468,0.0,0.0,0.0,0.0
2018-10-27 02:00:00,2018-10-27 03:00,0.96729,0.52473,0.0,0.003,0.43956,0.0,0.0,0.0,0.0
2018-10-27 03:00:00,2018-10-27 04:00,1.07258,0.52021,0.0,0.11484,0.43753,0.0,0.0,0.0,0.0
2018-10-27 04:00:00,2018-10-27 05:00,1.23215,0.52738,0.0,0.27365,0.43112,0.0,0.0,0.0,0.0
2018-10-27 05:00:00,2018-10-27 06:00,0.97903,0.53363,0.0,0.003,0.4424,0.0,0.0,0.0,0.0
2018-10-27 06:00:00,2018-10-27 07:00,1.12464,0.6103,0.0,0.003,0.51134,0.0,0.0,0.0,0.0
2018-10-27 07:00:00,2018-10-27 08:00,1.19155,0.52015,0.0,0.11258,0.55882,0.0,0.0,0.0,0.0
2018-10-27 08:00:00,2018-10-27 09:00,1.48389,0.48818,0.0,0.40555,0.59016,0.0,0.0,0.0,0.0
2018-10-27 09:00:00,2018-10-27 10:00,1.07511,0.42794,0.0,0.003,0.64417,0.01124,0.0,0.0,0.01124
2018-10-27 10:00:00,2018-10-27 11:00,0.97086,0.19953,0.0,0.003,0.76833,0.07307,0.0,0.0,0.07307
2018-10-27 11:00:00,2018-10-27 12:00,1.87511,0.31705,0.0,0.33544,1.22262,0.0,0.0,0.0,0.0
2018-10-27 12:00:00,2018-10-27 13:00,3.34447,0.30441,0.0,0.20158,2.83848,0.0,0.0,0.0,0.0
2018-10-27 13:00:00,2018-10-27 14:00,3.04794,0.24882,0.0,0.003,2.79612,0.0,0.0,0.0,0.0
2018-10-27 14:00:00,2018-10-27 15:00,1.40658,0.15001,0.0,0.45101,0.80556,0.0,0.0,0.0,0.0
2018-10-27 15:00:00,2018-10-27 16:00,1.04605,0.14309,0.0,0.20055,0.70241,0.0,0.0,0.0,0.0
2018-10-27 16:00:00,2018-10-27 17:00,0.97482,0.12238,0.0,0.11057,0.74187,0.0,0.0,0.0,0.0
2018-10-27 17:00:00,2018-10-27 18:00,1.52411,0.13229,0.0,0.45724,0.93458,0.0,0.0,0.0,0.0
2018-10-27 18:00:00,2018-10-27 19:00,1.32303,0.13441,0.0,0.02182,1.1668,0.0281,0.0,0.0,0.0281
2018-10-27 19:00:00,2018-10-27 20:00,1.37661,0.13564,0.0,0.003,1.23797,0.0,0.0,0.0,0.0
2018-10-27 20:00:00,2018-10-27 21:00,1.16642,0.1709,0.0,0.003,0.99252,0.0,0.0,0.0,0.0
2018-10-27 21:00:00,2018-10-27 22:00,1.11322,0.26368,0.0,0.003,0.84654,0.0,0.0,0.0,0.0
2018-10-27 22:00:00,2018-10-27 23:00,1.01299,0.32672,0.0,0.003,0.68327,0.0,0.0,0.0,0.0
2018-10-27 23:00:00,2018-10-28 00:00,0.89194,0.35069,0.0,0.003,0.53825,0.0,0.0,0.0,0.0
2018-10-28 00:00:00,2018-10-28 01:00,1.14196,0.34023,0.0,0.33985,0.46188,0.0,0.0,0.0,0.0
2018-10-28 01:00:00,2018-10-28 02:00,0.97171,0.46784,0.0,0.05713,0.44674,0.0,0.0,0.0,0.0
2018-10-28 02:00:00,2018-10-28 03:00,1.00211,0.55955,0.0,0.003,0.43956,0.0,0.0,0.0,0.0
2018-10-28 03:00:00,2018-10-28 04:00,1.10007,0.65931,0.0,0.003,0.43776,0.0,0.0,0.0,0.0
2018-10-28 04:00:00,2018-10-28 05:00,1.2241,0.78882,0.0,0.003,0.43228,0.0,0.0,0.0,0.0
2018-10-28 05:00:00,2018-10-28 06:00,1.24005,0.8052,0.0,0.003,0.43185,0.0,0.0,0.0,0.0
2018-10-28 06:00:00,2018-10-28 07:00,1.2928,0.81461,0.0,0.003,0.47519,0.0,0.0,0.0,0.0
2018-10-28 07:00:00,2018-10-28 08:00,1.18797,0.63542,0.0,0.003,0.54955,0.03935,0.0,0.0,0.03935
2018-10-28 08:00:00,2018-10-28 09:00,1.33207,0.44824,0.0,0.22771,0.65612,0.07307,0.0,0.0,0.07307
2018-10-28 09:00:00,2018-10-28 10:00,1.37459,0.5478,0.0,0.22235,0.60444,0.0,0.0,0.0,0.0
2018-10-28 10:00:00,2018-10-28 11:00,1.09901,0.42358,0.0,0.003,0.67243,0.0,0.0,0.0,0.0
2018-10-28 11:00:00,2018-10-28 12:00,0.93063,0.28445,0.0,0.003,0.64318,0.0,0.0,0.0,0.0
2018-10-28 12:00:00,2018-10-28 13:00,0.94092,0.17489,0.0,0.003,0.76303,0.0,0.0,0.0,0.0
2018-10-28 13:00:00,2018-10-28 14:00,0.80375,0.03348,0.0,0.003,0.76727,0.0281,0.0,0.0,0.0281
2018-10-28 14:00:00,2018-10-28 15:00,1.27385,0.02081,0.0,0.4509,0.80214,0.0,0.0,0.0,0.0
2018-10-28 15:00:00,2018-10-28 16:00,1.13837,0.01288,0.0,0.27484,0.85065,0.0,0.0,0.0,0.0
2018-10-28 16:00:00,2018-10-28 17:00,1.03065,0.01199,0.0,0.11167,0.90699,0.0,0.0,0.0,0.0
2018-10-28 17:00:00,2018-10-28 18:00,1.41736,0.05578,0.0,0.45447,0.90711,0.0,0.0,0.0,0.0
2018-10-28 18:00:00,2018-10-28 19:00,1.23538,0.13623,0.0,0.11583,0.98332,0.0,0.0,0.0,0.0
2018-10-28 19:00:00,2018-10-28 20:00,1.20382,0.05,0.0,0.003,1.15082,0.08431,0.0,0.0,0.08431
2018-10-28 20:00:00,2018-10-28 21:00,1.41206,0.10963,0.0,0.11095,1.19148,0.0,0.0,0.0,0.0
2018-10-28 21:00:00,2018-10-28 22:00,1.53486,0.21366,0.0,0.3211,1.0001,0.0,0.0,0.0,0.0
2018-10-28 22:00:00,2018-10-28 23:00,0.93389,0.28098,0.0,0.003,0.64991,0.0,0.0,0.0,0.0
2018-10-28 23:00:00,2018-10-29 00:00,0.80165,0.32629,0.0,0.003,0.47236,0.0,0.0,0.0,0.0
2018-10-29 00:00:00,2018-10-29 01:00,0.81819,0.36791,0.0,0.003,0.44728,0.0,0.0,0.0,0.0
2018-10-29 01:00:00,2018-10-29 02:00,0.95519,0.39998,0.0,0.11176,0.44345,0.0,0.0,0.0,0.0
2018-10-29 02:00:00,2018-10-29 03:00,1.12593,0.44546,0.0,0.24217,0.4383,0.0,0.0,0.0,0.0
2018-10-29 03:00:00,2018-10-29 04:00,0.95327,0.51376,0.0,0.003,0.43651,0.0,0.0,0.0,0.0
2018-10-29 04:00:00,2018-10-29 05:00,1.02821,0.59236,0.0,0.003,0.43285,0.0,0.0,0.0,0.0
2018-10-29 05:00:00,2018-10-29 06:00,1.42914,0.74397,0.0,0.22384,0.46133,0.01124,0.0,0.0,0.01124
2018-10-29 06:00:00,2018-10-29 07:00,1.66326,0.54694,0.0,0.46062,0.6557,0.10118,0.0,0.0,0.10118
2018-10-29 07:00:00,2018-10-29 08:00,1.45033,0.74392,0.0,0.09462,0.61179,0.0,0.0,0.0,0.0
2018-10-29 08:00:00,2018-10-29 09:00,1.35255,0.79231,0.0,0.003,0.55724,0.0,0.0,0.0,0.0
2018-10-29 09:00:00,2018-10-29 10:00,1.11992,0.6628,0.0,0.003,0.45412,0.0,0.0,0.0,0.0
2018-10-29 10:00:00,2018-10-29 11:00,1.02488,0.57436,0.0,0.003,0.44752,0.0,0.0,0.0,0.0
2018-10-29 11:00:00,2018-10-29 12:00,0.93263,0.48468,0.0,0.003,0.44495,0.0,0.0,0.0,0.0
2018-10-29 12:00:00,2018-10-29 13:00,0.87271,0.35653,0.0,0.003,0.51318,0.03935,0.0,0.0,0.03935
2018-10-29 13:00:00,2018-10-29 14:00,1.222,0.2178,0.0,0.41377,0.59043,0.07307,0.0,0.0,0.07307
2018-10-29 14:00:00,2018-10-29 15:00,0.87869,0.35655,0.0,0.003,0.51914,0.0,0.0,0.0,0.0
2018-10-29 15:00:00,2018-10-29 16:00,0.78336,0.29939,0.0,0.003,0.48097,0.0,0.0,0.0,0.0
2018-10-29 16:00:00,2018-10-29 17:00,0.77002,0.30274,0.0,0.003,0.46428,0.0,0.0,0.0,0.0
2018-10-29 17:00:00,2018-10-29 18:00,0.84101,0.36081,0.0,0.003,0.4772,0.0,0.0,0.0,0.0
2018-10-29 18:00:00,2018-10-29 19:00,1.3574,0.47443,0.0,0.22498,0.65799,0.0,0.0,0.0,0.0
2018-10-29 19:00:00,2018-10-29 20:00,1.75696,0.27369,0.0,0.28928,1.19399,0.0281,0.0,0.0,0.0281
2018-10-29 20:00:00,2018-10-29 21:00,1.63276,0.34522,0.0,0.003,1.28454,0.0,0.0,0.0,0.0
2018-10-29 21:00:00,2018-10-29 22:00,1.74271,0.3884,0.0,0.33583,1.01848,0.0,0.0,0.0,0.0
2018-10-29 22:00:00,2018-10-29 23:00,1.24086,0.42071,0.0,0.0436,0.77655,0.0,0.0,0.0,0.0
2018-10-29 23:00:00,2018-10-30 00:00,1.01646,0.45423,0.0,0.003,0.55923,0.0,0.0,0.0,0.0
2018-10-30 00:00:00,2018-10-30 01:00,0.93852,0.48308,0.0,0.003,0.45244,0.0,0.0,0.0,0.0
2018-10-30 01:00:00,2018-10-30 02:00,0.94566,0.4992,0.0,0.003,0.44346,0.0,0.0,0.0,0.0
2018-10-30 02:00:00,2018-10-30 03:00,0.92203,0.48073,0.0,0.003,0.4383,0.0,0.0,0.0,0.0
2018-10-30 03:00:00,2018-10-30 04:00,0.92828,0.48879,0.0,0.003,0.43649,0.0,0.0,0.0,0.0
2018-10-30 04:00:00,2018-10-30 05:00,0.93383,0.49883,0.0,0.003,0.432,0.0,0.0,0.0,0.0
2018-10-30 05:00:00,2018-10-30 06:00,1.29508,0.49046,0.0,0.33837,0.46625,0.01124,0.0,0.0,0.01124
2018-10-30 06:00:00,2018-10-30 07:00,1.27262,0.438,0.0,0.20807,0.62655,0.04497,0.0,0.0,0.04497
2018-10-30 07:00:00,2018-10-30 08:00,1.11769,0.51631,0.0,0.003,0.59838,0.0,0.0,0.0,0.0
2018-10-30 08:00:00,2018-10-30 09:00,1.46413,0.53598,0.0,0.33595,0.5922,0.0,0.0,0.0,0.0
2018-10-30 09:00:00,2018-10-30 10:00,1.75858,0.52173,0.0,0.11193,1.12492,0.0,0.0,0.0,0.0
2018-10-30 10:00:00,2018-10-30 11:00,1.70035,0.4873,0.0,0.003,1.21005,0.0,0.0,0.0,0.0
2018-10-30 11:00:00,2018-10-30 12:00,1.0107,0.39386,0.0,0.11039,0.50645,0.0,0.0,0.0,0.0
2018-10-30 12:00:00,2018-10-30 13:00,1.25716,0.29169,0.0,0.45197,0.5135,0.0,0.0,0.0,0.0
2018-10-30 13:00:00,2018-10-30 14:00,0.84497,0.2384,0.0,0.08924,0.51733,0.0,0.0,0.0,0.0
2018-10-30 14:00:00,2018-10-30 15:00,0.7064,0.18426,0.0,0.003,0.51914,0.0,0.0,0.0,0.0
2018-10-30 15:00:00,2018-10-30 16:00,0.67179,0.16977,0.0,0.003,0.49902,0.0,0.0,0.0,0.0
2018-10-30 16:00:00,2018-10-30 17:00,0.7054,0.20561,0.0,0.003,0.49679,0.0,0.0,0.0,0.0
2018-10-30 17:00:00,2018-10-30 18:00,1.08078,0.20321,0.0,0.22139,0.65618,0.0,0.0,0.0,0.0
2018-10-30 18:00:00,2018-10-30 19:00,1.45826,0.32594,0.0,0.32715,0.80517,0.0,0.0,0.0,0.0
2018-10-30 19:00:00,2018-10-30 20:00,1.16539,0.30868,0.0,0.003,0.85371,0.0,0.0,0.0,0.0
2018-10-30 20:00:00,2018-10-30 21:00,1.33938,0.32072,0.0,0.003,1.01566,0.0,0.0,0.0,0.0
2018-10-30 21:00:00,2018-10-30 22:00,1.37683,0.35536,0.0,0.003,1.01847,0.0,0.0,0.0,0.0
2018-10-30 22:00:00,2018-10-30 23:00,1.20869,0.4931,0.0,0.003,0.71259,0.0,0.0,0.0,0.0
2018-10-30 23:00:00,2018-10-31 00:00,1.36599,0.64941,0.0,0.22411,0.49247,0.0,0.0,0.0,0.0
2018-10-31 00:00:00,2018-10-31 01:00,1.47486,0.70954,0.0,0.30948,0.45584,0.0,0.0,0.0,0.0
2018-10-31 01:00:00,2018-10-31 02:00,1.23722,0.78984,0.0,0.003,0.44438,0.0,0.0,0.0,0.0
2018-10-31 02:00:00,2018-10-31 03:00,1.34859,0.90728,0.0,0.003,0.43831,0.0,0.0,0.0,0.0
2018-10-31 03:00:00,2018-10-31 04:00,1.41156,0.97204,0.0,0.003,0.43652,0.0,0.0,0.0,0.0
2018-10-31 04:00:00,2018-10-31 05:00,1.42413,0.98919,0.0,0.003,0.43194,0.0,0.0,0.0,0.0
2018-10-31 05:00:00,2018-10-31 06:00,1.67717,1.00238,0.0,0.22364,0.45115,0.0,0.0,0.0,0.0
2018-10-31 06:00:00,2018-10-31 07:00,2.01409,1.15706,0.0,0.26645,0.59058,0.0,0.0,0.0,0.0
2018-10-31 07:00:00,2018-10-31 08:00,2.07719,1.08403,0.0,0.42137,0.57179,0.0,0.0,0.0,0.0
2018-10-31 08:00:00,2018-10-31 09:00,2.05078,1.07351,0.0,0.4494,0.52787,0.0,0.0,0.0,0.0
2018-10-31 09:00:00,2018-10-31 10:00,1.50991,0.89005,0.0,0.16574,0.45412,0.0,0.0,0.0,0.0
2018-10-31 10:00:00,2018-10-31 11:00,1.05269,0.60216,0.0,0.003,0.44753,0.0,0.0,0.0,0.0
2018-10-31 11:00:00,2018-10-31 12:00,0.94255,0.46389,0.0,0.003,0.47566,0.0,0.0,0.0,0.0
2018-10-31 12:00:00,2018-10-31 13:00,0.7883,0.33305,0.0,0.003,0.45225,0.0,0.0,0.0,0.0
2018-10-31 13:00:00,2018-10-31 14:00,0.66604,0.20964,0.0,0.003,0.4534,0.0,0.0,0.0,0.0
2018-10-31 14:00:00,2018-10-31 15:00,0.60947,0.13691,0.0,0.003,0.46956,0.0,0.0,0.0,0.0
2018-10-31 15:00:00,2018-10-31 16:00,0.55859,0.07674,0.0,0.003,0.47885,0.0,0.0,0.0,0.0
2018-10-31 16:00:00,2018-10-31 17:00,0.97036,0.05836,0.0,0.35862,0.55338,0.0,0.0,0.0,0.0
2018-10-31 17:00:00,2018-10-31 18:00,0.71619,0.05701,0.0,0.003,0.65618,0.0,0.0,0.0,0.0
2018-10-31 18:00:00,2018-10-31 19:00,1.28058,0.2005,0.0,0.22187,0.85821,0.0,0.0,0.0,0.0
2018-10-31 19:00:00,2018-10-31 20:00,1.69129,0.16897,0.0,0.44204,1.08028,0.0,0.0,0.0,0.0
2018-10-31 20:00:00,2018-10-31 21:00,3.02432,0.27095,0.0,0.003,2.75037,0.0,0.0,0.0,0.0
2018-10-31 21:00:00,2018-10-31 22:00,3.75955,0.42659,0.0,0.003,3.32996,0.0,0.0,0.0,0.0
2018-10-31 22:00:00,2018-10-31 23:00,3.32021,0.59657,0.0,0.44048,2.28316,0.0,0.0,0.0,0.0
2018-10-31 23:00:00,2018-11-01 00:00,1.2933,0.57995,0.0,0.22091,0.49244,0.0,0.0,0.0,0.0
2018-11-01 00:00:00,2018-11-01 01:00,1.15371,0.6923,0.0,0.003,0.45841,0.0,0.0,0.0,0.0
2018-11-01 01:00:00,2018-11-01 02:00,1.2572,0.81107,0.0,0.003,0.44313,0.0,0.0,0.0,0.0
2018-11-01 02:00:00,2018-11-01 03:00,1.38302,0.94197,0.0,0.003,0.43805,0.0,0.0,0.0,0.0
2018-11-01 03:00:00,2018-11-01 04:00,1.37166,0.93242,0.0,0.003,0.43624,0.0,0.0,0.0,0.0
2018-11-01 04:00:00,2018-11-01 05:00,1.37889,0.94511,0.0,0.003,0.43078,0.0,0.0,0.0,0.0
2018-11-01 05:00:00,2018-11-01 06:00,1.42019,0.97942,0.0,0.003,0.43777,0.0,0.0,0.0,0.0
2018-11-01 06:00:00,2018-11-01 07:00,1.9862,1.17764,0.0,0.21986,0.5887,0.0,0.0,0.0,0.0
2018-11-01 07:00:00,2018-11-01 08:00,2.13037,1.10072,0.0,0.4382,0.59145,0.01124,0.0,0.0,0.01124
2018-11-01 08:00:00,2018-11-01 09:00,2.00203,0.98221,0.0,0.44917,0.57065,0.01875,0.0,0.0,0.01875
2018-11-01 09:00:00,2018-11-01 10:00,1.61784,0.89037,0.0,0.20985,0.51762,0.0,0.0,0.0,0.0
2018-11-01 10:00:00,2018-11-01 11:00,1.44418,0.60382,0.0,0.32876,0.5116,0.0,0.0,0.0,0.0
2018-11-01 11:00:00,2018-11-01 12:00,1.2801,0.48938,0.0,0.28186,0.50886,0.0,0.0,0.0,0.0
2018-11-01 12:00:00,2018-11-01 13:00,0.86902,0.38865,0.0,0.003,0.47737,0.0,0.0,0.0,0.0
2018-11-01 13:00:00,2018-11-01 14:00,0.74172,0.28576,0.0,0.003,0.45296,0.0,0.0,0.0,0.0
2018-11-01 14:00:00,2018-11-01 15:00,0.62887,0.17298,0.0,0.003,0.45289,0.0,0.0,0.0,0.0
2018-11-01 15:00:00,2018-11-01 16:00,0.53582,0.07036,0.0,0.003,0.46246,0.0,0.0,0.0,0.0
2018-11-01 16:00:00,2018-11-01 17:00,0.91397,0.12296,0.0,0.21664,0.57437,0.0,0.0,0.0,0.0
2018-11-01 17:00:00,2018-11-01 18:00,1.18099,0.09474,0.0,0.35651,0.72974,0.03935,0.0,0.0,0.03935
2018-11-01 18:00:00,2018-11-01 19:00,1.20924,0.05,0.0,0.003,1.15624,0.05247,0.0,0.0,0.05247
2018-11-01 19:00:00,2018-11-01 20:00,1.3525,0.09393,0.0,0.003,1.25557,0.0,0.0,0.0,0.0
2018-11-01 20:00:00,2018-11-01 21:00,1.30216,0.17847,0.0,0.003,1.12069,0.0,0.0,0.0,0.0
2018-11-01 21:00:00,2018-11-01 22:00,1.06231,0.25219,0.0,0.003,0.80712,0.0,0.0,0.0,0.0
2018-11-01 22:00:00,2018-11-01 23:00,0.97359,0.3577,0.0,0.003,0.61289,0.0,0.0,0.0,0.0
2018-11-01 23:00:00,2018-11-02 00:00,0.9379,0.42586,0.0,0.003,0.50904,0.0,0.0,0.0,0.0
2018-11-02 00:00:00,2018-11-02 01:00,0.95117,0.49616,0.0,0.003,0.45201,0.0,0.0,0.0,0.0
2018-11-02 01:00:00,2018-11-02 02:00,1.02846,0.58232,0.0,0.003,0.44314,0.0,0.0,0.0,0.0
2018-11-02 02:00:00,2018-11-02 03:00,1.0974,0.65637,0.0,0.003,0.43803,0.0,0.0,0.0,0.0
2018-11-02 03:00:00,2018-11-02 04:00,1.25493,0.70409,0.0,0.11459,0.43625,0.0,0.0,0.0,0.0
2018-11-02 04:00:00,2018-11-02 05:00,1.38018,0.76472,0.0,0.18466,0.4308,0.0,0.0,0.0,0.0
2018-11-02 05:00:00,2018-11-02 06:00,1.25141,0.80687,0.0,0.003,0.44154,0.0,0.0,0.0,0.0
2018-11-02 06:00:00,2018-11-02 07:00,1.90582,1.01872,0.0,0.003,0.8841,0.0,0.0,0.0,0.0
2018-11-02 07:00:00,2018-11-02 08:00,4.14137,1.07192,0.0,0.32838,2.74107,0.02999,0.0,0.0,0.02999
2018-11-02 08:00:00,2018-11-02 09:00,2.33349,0.8937,0.0,0.43121,1.00858,0.02999,0.0,0.0,0.02999
2018-11-02 09:00:00,2018-11-02 10:00,1.37195,0.82567,0.0,0.003,0.54328,0.0,0.0,0.0,0.0
2018-11-02 10:00:00,2018-11-02 11:00,1.13294,0.62489,0.0,0.003,0.50505,0.0,0.0,0.0,0.0
2018-11-02 11:00:00,2018-11-02 12:00,1.05458,0.60709,0.0,0.003,0.44449,0.0,0.0,0.0,0.0
2018-11-02 12:00:00,2018-11-02 13:00,0.91866,0.36522,0.0,0.003,0.55044,0.05995,0.0,0.0,0.05995
2018-11-02 13:00:00,2018-11-02 14:00,1.19505,0.34264,0.0,0.33267,0.51974,0.0,0.0,0.0,0.0
2018-11-02 14:00:00,2018-11-02 15:00,0.9722,0.25244,0.0,0.19643,0.52333,0.0,0.0,0.0,0.0
2018-11-02 15:00:00,2018-11-02 16:00,0.76397,0.21422,0.0,0.003,0.54675,0.0,0.0,0.0,0.0
2018-11-02 16:00:00,2018-11-02 17:00,0.97857,0.22254,0.0,0.003,0.75303,0.0,0.0,0.0,0.0
2018-11-02 17:00:00,2018-11-02 18:00,1.51914,0.26254,0.0,0.43568,0.82092,0.0,0.0,0.0,0.0
2018-11-02 18:00:00,2018-11-02 19:00,1.16526,0.40168,0.0,0.003,0.76058,0.0,0.0,0.0,0.0
2018-11-02 19:00:00,2018-11-02 20:00,1.05329,0.37115,0.0,0.003,0.67914,0.0,0.0,0.0,0.0
2018-11-02 20:00:00,2018-11-02 21:00,1.6358,0.36565,0.0,0.21938,1.05077,0.0,0.0,0.0,0.0
2018-11-02 21:00:00,2018-11-02 22:00,1.88088,0.38606,0.0,0.40395,1.09087,0.0,0.0,0.0,0.0
2018-11-02 22:00:00,2018-11-02 23:00,1.28404,0.48058,0.0,0.003,0.80046,0.0,0.0,0.0,0.0
2018-11-02 23:00:00,2018-11-03 00:00,1.08851,0.60515,0.0,0.003,0.48036,0.0,0.0,0.0,0.0
2018-11-03 00:00:00,2018-11-03 01:00,1.13761,0.68636,0.0,0.003,0.44825,0.0,0.0,0.0,0.0
2018-11-03 01:00:00,2018-11-03 02:00,1.23841,0.791,0.0,0.003,0.44441,0.0,0.0,0.0,0.0
2018-11-03 02:00:00,2018-11-03 03:00,1.31483,0.87253,0.0,0.003,0.4393,0.0,0.0,0.0,0.0
2018-11-03 03:00:00,2018-11-03 04:00,1.32529,0.88481,0.0,0.003,0.43748,0.0,0.0,0.0,0.0
2018-11-03 04:00:00,2018-11-03 05:00,1.34183,0.90679,0.0,0.003,0.43204,0.0,0.0,0.0,0.0
2018-11-03 05:00:00,2018-11-03 06:00,1.60611,0.94673,0.0,0.22001,0.43937,0.0,0.0,0.0,0.0
2018-11-03 06:00:00,2018-11-03 07:00,1.96177,1.08309,0.0,0.37176,0.50692,0.0,0.0,0.0,0.0
2018-11-03 07:00:00,2018-11-03 08:00,1.49269,0.98457,0.0,0.003,0.50512,0.0,0.0,0.0,0.0
2018-11-03 08:00:00,2018-11-03 09:00,1.46967,0.9208,0.0,0.003,0.54587,0.01124,0.0,0.0,0.01124
2018-11-03 09:00:00,2018-11-03 10:00,1.94325,0.80522,0.0,0.44276,0.69527,0.01875,0.0,0.0,0.01875
2018-11-03 10:00:00,2018-11-03 11:00,1.45228,0.71173,0.0,0.0524,0.68815,0.0,0.0,0.0,0.0
2018-11-03 11:00:00,2018-11-03 12:00,1.57708,0.59979,0.0,0.21721,0.76008,0.0,0.0,0.0,0.0
2018-11-03 12:00:00,2018-11-03 13:00,1.68736,0.54549,0.0,0.36824,0.77363,0.0,0.0,0.0,0.0
2018-11-03 13:00:00,2018-11-03 14:00,1.2755,0.47203,0.0,0.003,0.80047,0.0,0.0,0.0,0.0
2018-11-03 14:00:00,2018-11-03 15:00,1.27267,0.44806,0.0,0.003,0.82161,0.0,0.0,0.0,0.0
2018-11-03 15:00:00,2018-11-03 16:00,1.24909,0.46451,0.0,0.003,0.78158,0.0,0.0,0.0,0.0
2018-11-03 16:00:00,2018-11-03 17:00,2.84594,0.48972,0.0,0.003,2.35322,0.0,0.0,0.0,0.0
2018-11-03 17:00:00,2018-11-03 18:00,2.23587,0.29873,0.0,0.4406,1.49654,0.05995,0.0,0.0,0.05995
2018-11-03 18:00:00,2018-11-03 19:00,1.86195,0.52057,0.0,0.0809,1.26048,0.0,0.0,0.0,0.0
2018-11-03 19:00:00,2018-11-03 20:00,1.72576,0.39867,0.0,0.003,1.32409,0.02999,0.0,0.0,0.02999
2018-11-03 20:00:00,2018-11-03 21:00,1.78776,0.52697,0.0,0.003,1.25779,0.0,0.0,0.0,0.0
2018-11-03 21:00:00,2018-11-03 22:00,1.59101,0.57377,0.0,0.003,1.01424,0.0,0.0,0.0,0.0
2018-11-03 22:00:00,2018-11-03 23:00,1.51202,0.67878,0.0,0.11235,0.72089,0.0,0.0,0.0,0.0
2018-11-03 23:00:00,2018-11-04 00:00,1.71489,0.88506,0.0,0.31659,0.51324,0.0,0.0,0.0,0.0
2018-11-04 00:00:00,2018-11-04 01:00,1.42354,0.97229,0.0,0.003,0.44825,0.0,0.0,0.0,0.0
2018-11-04 01:00:00,2018-11-04 01:00,1.43747,0.99006,0.0,0.003,0.44441,0.0,0.0,0.0,0.0
2018-11-04 02:00:00,2018-11-04 02:00,1.53297,1.09067,0.0,0.003,0.4393,0.0,0.0,0.0,0.0
2018-11-04 03:00:00,2018-11-04 03:00,1.54117,1.10068,0.0,0.003,0.43749,0.0,0.0,0.0,0.0
2018-11-04 04:00:00,2018-11-04 04:00,1.53622,1.10118,0.0,0.003,0.43204,0.0,0.0,0.0,0.0
2018-11-04 05:00:00,2018-11-04 05:00,1.59191,1.15726,0.0,0.003,0.43165,0.0,0.0,0.0,0.0
2018-11-04 06:00:00,2018-11-04 06:00,1.7502,1.27756,0.0,0.003,0.46964,0.0,0.0,0.0,0.0
2018-11-04 07:00:00,2018-11-04 07:00,1.70116,1.23599,0.0,0.003,0.46217,0.0,0.0,0.0,0.0
2018-11-04 08:00:00,2018-11-04 08:00,2.2535,1.22137,0.0,0.44505,0.58708,0.0,0.0,0.0,0.0
2018-11-04 09:00:00,2018-11-04 09:00,2.13513,1.12895,0.0,0.33973,0.66645,0.01124,0.0,0.0,0.01124
2018-11-04 10:00:00,2018-11-04 10:00,1.67091,0.82384,0.0,0.003,0.84407,0.0862,0.0,0.0,0.0862
2018-11-04 11:00:00,2018-11-04 11:00,1.99614,0.99333,0.0,0.21835,0.78446,0.02437,0.0,0.0,0.02437
2018-11-04 12:00:00,2018-11-04 12:00,2.14725,1.10998,0.0,0.30336,0.73391,0.0,0.0,0.0,0.0
2018-11-04 13:00:00,2018-11-04 13:00,1.86679,1.07268,0.0,0.003,0.79111,0.0,0.0,0.0,0.0
2018-11-04 14:00:00,2018-11-04 14:00,2.16958,1.06708,0.0,0.44527,0.65723,0.0,0.0,0.0,0.0
2018-11-04 15:00:00,2018-11-04 15:00,1.71145,0.93637,0.0,0.06036,0.71472,0.02999,0.0,0.0,0.02999
2018-11-04 16:00:00,2018-11-04 16:00,1.87966,0.96911,0.0,0.003,0.90755,0.0,0.0,0.0,0.0
2018-11-04 17:00:00,2018-11-04 17:00,2.5109,0.95491,0.0,0.44234,1.11365,0.0,0.0,0.0,0.0
2018-11-04 18:00:00,2018-11-04 18:00,2.31068,1.04719,0.0,0.003,1.26049,0.0,0.0,0.0,0.0
2018-11-04 19:00:00,2018-11-04 19:00,2.25489,0.9578,0.0,0.003,1.29409,0.0,0.0,0.0,0.0
2018-11-04 20:00:00,2018-11-04 20:00,2.32311,0.97009,0.0,0.11148,1.24154,0.0,0.0,0.0,0.0
2018-11-04 21:00:00,2018-11-04 21:00,2.28494,0.99992,0.0,0.33584,0.94918,0.0,0.0,0.0,0.0
2018-11-04 22:00:00,2018-11-04 22:00,1.82687,1.04741,0.0,0.003,0.77646,0.0,0.0,0.0,0.0
2018-11-04 23:00:00,2018-11-04 23:00,1.63066,1.10192,0.0,0.003,0.52574,0.0,0.0,0.0,0.0
2018-11-05 00:00:00,2018-11-05 00:00,1.58843,1.13342,0.0,0.003,0.45201,0.0,0.0,0.0,0.0
2018-11-05 01:00:00,2018-11-05 01:00,1.85721,1.1832,0.0,0.22235,0.45166,0.0,0.0,0.0,0.0
2018-11-05 02:00:00,2018-11-05 02:00,1.75656,1.17997,0.0,0.13552,0.44107,0.0,0.0,0.0,0.0
2018-11-05 03:00:00,2018-11-05 03:00,1.66102,1.21844,0.0,0.003,0.43958,0.0,0.0,0.0,0.0
2018-11-05 04:00:00,2018-11-05 04:00,1.68759,1.25263,0.0,0.003,0.43196,0.0,0.0,0.0,0.0
2018-11-05 05:00:00,2018-11-05 05:00,1.69629,1.26357,0.0,0.003,0.42972,0.0,0.0,0.0,0.0
2018-11-05 06:00:00,2018-11-05 06:00,1.8056,1.24792,0.0,0.11124,0.44644,0.01124,0.0,0.0,0.01124
2018-11-05 07:00:00,2018-11-05 07:00,2.25663,1.27878,0.0,0.43905,0.5388,0.01875,0.0,0.0,0.01875
2018-11-05 08:00:00,2018-11-05 08:00,2.17661,1.18554,0.0,0.45246,0.53861,0.0,0.0,0.0,0.0
2018-11-05 09:00:00,2018-11-05 09:00,1.86743,1.16379,0.0,0.18501,0.51863,0.0,0.0,0.0,0.0
2018-11-05 10:00:00,2018-11-05 10:00,1.57176,1.11854,0.0,0.003,0.45022,0.0,0.0,0.0,0.0
2018-11-05 11:00:00,2018-11-05 11:00,1.31128,0.8638,0.0,0.003,0.44448,0.0,0.0,0.0,0.0
2018-11-05 12:00:00,2018-11-05 12:00,1.24179,0.79321,0.0,0.003,0.44558,0.0,0.0,0.0,0.0
2018-11-05 13:00:00,2018-11-05 13:00,1.24504,0.78957,0.0,0.003,0.45247,0.0,0.0,0.0,0.0
2018-11-05 14:00:00,2018-11-05 14:00,1.23804,0.78248,0.0,0.003,0.45256,0.0,0.0,0.0,0.0
2018-11-05 15:00:00,2018-11-05 15:00,1.23421,0.77727,0.0,0.003,0.45394,0.0,0.0,0.0,0.0
2018-11-05 16:00:00,2018-11-05 16:00,1.23102,0.77455,0.0,0.003,0.45347,0.0,0.0,0.0,0.0
2018-11-05 17:00:00,2018-11-05 17:00,1.50834,0.71443,0.0,0.22534,0.56857,0.01124,0.0,0.0,0.01124
2018-11-05 18:00:00,2018-11-05 18:00,1.47252,0.55429,0.0,0.19381,0.72442,0.04871,0.0,0.0,0.04871
2018-11-05 19:00:00,2018-11-05 19:00,1.60284,0.63551,0.0,0.003,0.96433,0.02999,0.0,0.0,0.02999
2018-11-05 20:00:00,2018-11-05 20:00,1.72561,0.60082,0.0,0.11083,1.01396,0.0,0.0,0.0,0.0
2018-11-05 21:00:00,2018-11-05 21:00,2.11166,0.58398,0.0,0.32748,1.2002,0.0,0.0,0.0,0.0
2018-11-05 22:00:00,2018-11-05 22:00,1.66759,0.58727,0.0,0.003,1.07732,0.0,0.0,0.0,0.0
2018-11-05 23:00:00,2018-11-05 23:00,1.54813,0.62862,0.0,0.21784,0.70167,0.0,0.0,0.0,0.0
2018-11-06 00:00:00,2018-11-06 00:00,1.57807,0.66874,0.0,0.43058,0.47875,0.0,0.0,0.0,0.0
2018-11-06 01:00:00,2018-11-06 01:00,1.14005,0.69041,0.0,0.003,0.44664,0.0,0.0,0.0,0.0
2018-11-06 02:00:00,2018-11-06 02:00,1.16581,0.72176,0.0,0.003,0.44105,0.0,0.0,0.0,0.0
2018-11-06 03:00:00,2018-11-06 03:00,1.18282,0.74025,0.0,0.003,0.43957,0.0,0.0,0.0,0.0
2018-11-06 04:00:00,2018-11-06 04:00,1.1805,0.74372,0.0,0.003,0.43378,0.0,0.0,0.0,0.0
2018-11-06 05:00:00,2018-11-06 05:00,1.18154,0.74783,0.0,0.003,0.43071,0.0,0.0,0.0,0.0
2018-11-06 06:00:00,2018-11-06 06:00,1.66668,0.77335,0.0,0.45057,0.44276,0.0,0.0,0.0,0.0
2018-11-06 07:00:00,2018-11-06 07:00,1.56195,0.87914,0.0,0.10901,0.5738,0.0,0.0,0.0,0.0
2018-11-06 08:00:00,2018-11-06 08:00,2.15297,1.12066,0.0,0.44981,0.5825,0.0,0.0,0.0,0.0
2018-11-06 09:00:00,2018-11-06 09:00,2.12698,1.31996,0.0,0.23005,0.57697,0.0,0.0,0.0,0.0
2018-11-06 10:00:00,2018-11-06 10:00,1.9616,1.3803,0.0,0.003,0.5783,0.0,0.0,0.0,0.0
2018-11-06 11:00:00,2018-11-06 11:00,2.08289,1.46522,0.0,0.003,0.61467,0.0,0.0,0.0,0.0
2018-11-06 12:00:00,2018-11-06 12:00,3.35483,1.48541,0.0,0.22083,1.64859,0.0,0.0,0.0,0.0
2018-11-06 13:00:00,2018-11-06 13:00,2.12785,1.50576,0.0,0.16006,0.46203,0.0,0.0,0.0,0.0
2018-11-06 14:00:00,2018-11-06 14:00,1.9958,1.54023,0.0,0.003,0.45257,0.0,0.0,0.0,0.0
2018-11-06 15:00:00,2018-11-06 15:00,1.99065,1.49098,0.0,0.003,0.49667,0.0,0.0,0.0,0.0
2018-11-06 16:00:00,2018-11-06 16:00,2.08821,1.47533,0.0,0.003,0.60988,0.0,0.0,0.0,0.0
2018-11-06 17:00:00,2018-11-06 17:00,2.17247,1.48503,0.0,0.003,0.68444,0.0,0.0,0.0,0.0
2018-11-06 18:00:00,2018-11-06 18:00,2.55996,1.50006,0.0,0.33408,0.72582,0.01124,0.0,0.0,0.01124
2018-11-06 19:00:00,2018-11-06 19:00,2.59649,1.55482,0.0,0.11474,0.92693,0.01875,0.0,0.0,0.01875
2018-11-06 20:00:00,2018-11-06 20:00,2.88797,1.49558,0.0,0.33027,1.06212,0.0,0.0,0.0,0.0
2018-11-06 21:00:00,2018-11-06 21:00,2.69504,1.56449,0.0,0.08858,1.04197,0.0,0.0,0.0,0.0
2018-11-06 22:00:00,2018-11-06 22:00,2.47546,1.53842,0.0,0.003,0.93404,0.0,0.0,0.0,0.0
2018-11-06 23:00:00,2018-11-06 23:00,2.3645,1.59137,0.0,0.003,0.77013,0.01124,0.0,0.0,0.01124
2018-11-07 00:00:00,2018-11-07 00:00,2.01676,1.42563,0.0,0.003,0.58813,0.08058,0.0,0.0,0.08058
2018-11-07 01:00:00,2018-11-07 01:00,2.47868,1.68607,0.0,0.33426,0.45835,0.0,0.0,0.0,0.0
2018-11-07 02:00:00,2018-11-07 02:00,2.22814,1.75616,0.0,0.03066,0.44132,0.0,0.0,0.0,0.0
2018-11-07 03:00:00,2018-11-07 03:00,2.23779,1.79522,0.0,0.003,0.43957,0.0,0.0,0.0,0.0
2018-11-07 04:00:00,2018-11-07 04:00,2.17874,1.74195,0.0,0.003,0.43379,0.0,0.0,0.0,0.0
2018-11-07 05:00:00,2018-11-07 05:00,2.17877,1.74603,0.0,0.003,0.42974,0.0,0.0,0.0,0.0
2018-11-07 06:00:00,2018-11-07 06:00,2.19083,1.7152,0.0,0.003,0.47263,0.02999,0.0,0.0,0.02999
2018-11-07 07:00:00,2018-11-07 07:00,2.47685,1.95765,0.0,0.003,0.5162,0.0,0.0,0.0,0.0
2018-11-07 08:00:00,2018-11-07 08:00,2.70442,1.88803,0.0,0.2224,0.59399,0.0,0.0,0.0,0.0
2018-11-07 09:00:00,2018-11-07 09:00,2.96323,1.91195,0.0,0.44073,0.61055,0.0,0.0,0.0,0.0
2018-11-07 10:00:00,2018-11-07 10:00,2.74239,1.87468,0.0,0.3535,0.51421,0.0,0.0,0.0,0.0
2018-11-07 11:00:00,2018-11-07 11:00,2.34156,1.85225,0.0,0.003,0.48631,0.0,0.0,0.0,0.0
2018-11-07 12:00:00,2018-11-07 12:00,2.24572,1.77954,0.0,0.003,0.46318,0.01124,0.0,0.0,0.01124
2018-11-07 13:00:00,2018-11-07 13:00,2.15226,1.58364,0.0,0.003,0.56562,0.04871,0.0,0.0,0.04871
2018-11-07 14:00:00,2018-11-07 14:00,2.15467,1.68923,0.0,0.003,0.46244,0.0,0.0,0.0,0.0
2018-11-07 15:00:00,2018-11-07 15:00,2.15692,1.69999,0.0,0.003,0.45393,0.0,0.0,0.0,0.0
2018-11-07 16:00:00,2018-11-07 16:00,2.51896,1.79774,0.0,0.21626,0.50496,0.0,0.0,0.0,0.0
2018-11-07 17:00:00,2018-11-07 17:00,2.79698,1.77291,0.0,0.43946,0.58461,0.01124,0.0,0.0,0.01124
2018-11-07 18:00:00,2018-11-07 18:00,2.51316,1.67786,0.0,0.07059,0.76471,0.01875,0.0,0.0,0.01875
2018-11-07 19:00:00,2018-11-07 19:00,2.80919,1.87188,0.0,0.003,0.93431,0.0,0.0,0.0,0.0
2018-11-07 20:00:00,2018-11-07 20:00,3.2773,1.74423,0.0,0.32647,1.2066,0.0,0.0,0.0,0.0
2018-11-07 21:00:00,2018-11-07 21:00,2.96136,1.7319,0.0,0.18749,1.04197,0.0,0.0,0.0,0.0
2018-11-07 22:00:00,2018-11-07 22:00,2.73203,1.84532,0.0,0.003,0.88371,0.0,0.0,0.0,0.0
2018-11-07 23:00:00,2018-11-07 23:00,2.8111,1.9876,0.0,0.21771,0.60579,0.0,0.0,0.0,0.0
2018-11-08 00:00:00,2018-11-08 00:00,2.6457,2.0024,0.0,0.18577,0.45753,0.0,0.0,0.0,0.0
2018-11-08 01:00:00,2018-11-08 01:00,2.52,2.07035,0.0,0.003,0.44665,0.0,0.0,0.0,0.0
2018-11-08 02:00:00,2018-11-08 02:00,2.56439,2.12032,0.0,0.003,0.44107,0.0,0.0,0.0,0.0
2018-11-08 03:00:00,2018-11-08 03:00,2.73677,2.29417,0.0,0.003,0.4396,0.0,0.0,0.0,0.0
2018-11-08 04:00:00,2018-11-08 04:00,2.82175,2.38496,0.0,0.003,0.43379,0.0,0.0,0.0,0.0
2018-11-08 05:00:00,2018-11-08 05:00,2.78188,2.34915,0.0,0.003,0.42973,0.0,0.0,0.0,0.0
2018-11-08 06:00:00,2018-11-08 06:00,2.7981,2.35498,0.0,0.003,0.44012,0.0,0.0,0.0,0.0
2018-11-08 07:00:00,2018-11-08 07:00,3.44675,2.50576,0.0,0.43026,0.51073,0.0,0.0,0.0,0.0
2018-11-08 08:00:00,2018-11-08 08:00,3.32151,2.33241,0.0,0.42911,0.55999,0.0,0.0,0.0,0.0
2018-11-08 09:00:00,2018-11-08 09:00,3.28169,2.32364,0.0,0.44218,0.51587,0.0,0.0,0.0,0.0
2018-11-08 10:00:00,2018-11-08 10:00,2.85474,2.28178,0.0,0.05877,0.51419,0.0,0.0,0.0,0.0
2018-11-08 11:00:00,2018-11-08 11:00,2.67697,2.21994,0.0,0.003,0.45403,0.0,0.0,0.0,0.0
2018-11-08 12:00:00,2018-11-08 12:00,2.5579,2.10931,0.0,0.003,0.44559,0.0,0.0,0.0,0.0
2018-11-08 13:00:00,2018-11-08 13:00,2.45496,1.99952,0.0,0.003,0.45244,0.0,0.0,0.0,0.0
2018-11-08 14:00:00,2018-11-08 14:00,2.39832,1.94277,0.0,0.003,0.45255,0.0,0.0,0.0,0.0
2018-11-08 15:00:00,2018-11-08 15:00,2.39123,1.93429,0.0,0.003,0.45394,0.0,0.0,0.0,0.0
2018-11-08 16:00:00,2018-11-08 16:00,2.41623,1.93936,0.0,0.003,0.47387,0.0,0.0,0.0,0.0
2018-11-08 17:00:00,2018-11-08 17:00,2.48967,2.00971,0.0,0.003,0.47696,0.0,0.0,0.0,0.0
2018-11-08 18:00:00,2018-11-08 18:00,3.46155,2.08496,0.0,0.43131,0.94528,0.0,0.0,0.0,0.0
2018-11-08 19:00:00,2018-11-08 19:00,5.98753,2.60852,0.0,0.39762,2.98139,0.0,0.0,0.0,0.0
2018-11-08 20:00:00,2018-11-08 20:00,3.42747,1.98329,0.0,0.003,1.44118,0.02999,0.0,0.0,0.02999
2018-11-08 21:00:00,2018-11-08 21:00,3.48377,2.05654,0.0,0.21436,1.21287,0.0,0.0,0.0,0.0
2018-11-08 22:00:00,2018-11-08 22:00,3.37839,2.12726,0.0,0.32772,0.92341,0.0,0.0,0.0,0.0
2018-11-08 23:00:00,2018-11-08 23:00,2.77736,2.19534,0.0,0.003,0.57902,0.0,0.0,0.0,0.0
2018-11-09 00:00:00,2018-11-09 00:00,2.72656,2.23419,0.0,0.003,0.48937,0.0,0.0,0.0,0.0
2018-11-09 01:00:00,2018-11-09 01:00,2.77496,2.3253,0.0,0.003,0.44666,0.0,0.0,0.0,0.0
2018-11-09 02:00:00,2018-11-09 02:00,2.82816,2.38411,0.0,0.003,0.44105,0.0,0.0,0.0,0.0
2018-11-09 03:00:00,2018-11-09 03:00,2.8448,2.40222,0.0,0.003,0.43958,0.0,0.0,0.0,0.0
2018-11-09 04:00:00,2018-11-09 04:00,2.88171,2.44491,0.0,0.003,0.4338,0.0,0.0,0.0,0.0
2018-11-09 05:00:00,2018-11-09 05:00,2.97982,2.54709,0.0,0.003,0.42973,0.0,0.0,0.0,0.0
2018-11-09 06:00:00,2018-11-09 06:00,3.17346,2.73157,0.0,0.003,0.43889,0.0,0.0,0.0,0.0
2018-11-09 07:00:00,2018-11-09 07:00,4.0481,3.04602,0.0,0.41864,0.58344,0.02999,0.0,0.0,0.02999
2018-11-09 08:00:00,2018-11-09 08:00,3.93664,3.02055,0.0,0.44083,0.47526,0.01124,0.0,0.0,0.01124
2018-11-09 09:00:00,2018-11-09 09:00,3.35199,2.83657,0.0,0.003,0.51242,0.04871,0.0,0.0,0.04871
2018-11-09 10:00:00,2018-11-09 10:00,3.46544,3.01221,0.0,0.003,0.45023,0.0,0.0,0.0,0.0
2018-11-09 11:00:00,2018-11-09 11:00,3.15102,2.5532,0.0,0.003,0.59482,0.09556,0.0,0.0,0.09556
2018-11-09 12:00:00,2018-11-09 12:00,3.13898,2.59979,0.0,0.003,0.53619,0.02622,0.0,0.0,0.02622
2018-11-09 13:00:00,2018-11-09 13:00,3.15979,2.67869,0.0,0.003,0.4781,0.0,0.0,0.0,0.0
2018-11-09 14:00:00,2018-11-09 14:00,3.16365,2.49133,0.0,0.21977,0.45255,0.0,0.0,0.0,0.0
2018-11-09 15:00:00,2018-11-09 15:00,3.01007,2.41779,0.0,0.13022,0.46206,0.0,0.0,0.0,0.0
2018-11-09 16:00:00,2018-11-09 16:00,3.274,2.63816,0.0,0.003,0.63284,0.0,0.0,0.0,0.0
2018-11-09 17:00:00,2018-11-09 17:00,3.95308,2.73277,0.0,0.32184,0.89847,0.0,0.0,0.0,0.0
2018-11-09 18:00:00,2018-11-09 18:00,5.02655,2.81048,0.0,0.33086,1.88521,0.02999,0.0,0.0,0.02999
2018-11-09 19:00:00,2018-11-09 19:00,4.16889,2.99628,0.0,0.10694,1.06567,0.0,0.0,0.0,0.0
2018-11-09 20:00:00,2018-11-09 20:00,4.51192,2.84812,0.0,0.4095,1.2543,0.0,0.0,0.0,0.0
2018-11-09 21:00:00,2018-11-09 21:00,4.36761,2.99885,0.0,0.003,1.36576,0.0,0.0,0.0,0.0
2018-11-09 22:00:00,2018-11-09 22:00,6.29871,3.30844,0.0,0.003,2.98727,0.0,0.0,0.0,0.0
2018-11-09 23:00:00,2018-11-09 23:00,6.25505,3.4734,0.0,0.21147,2.57018,0.0,0.0,0.0,0.0
2018-11-10 00:00:00,2018-11-10 00:00,4.68744,3.37426,0.0,0.3396,0.97358,0.0,0.0,0.0,0.0
2018-11-10 01:00:00,2018-11-10 01:00,6.17699,3.5599,0.0,0.003,2.61409,0.0,0.0,0.0,0.0
2018-11-10 02:00:00,2018-11-10 02:00,5.34212,3.49488,0.0,0.003,1.84424,0.0,0.0,0.0,0.0
2018-11-10 03:00:00,2018-11-10 03:00,3.91278,3.47135,0.0,0.003,0.43843,0.0,0.0,0.0,0.0
2018-11-10 04:00:00,2018-11-10 04:00,4.06875,3.63395,0.0,0.003,0.4318,0.0,0.0,0.0,0.0
2018-11-10 05:00:00,2018-11-10 05:00,4.4508,3.81089,0.0,0.20994,0.42997,0.0,0.0,0.0,0.0
2018-11-10 06:00:00,2018-11-10 06:00,4.74123,3.8707,0.0,0.4266,0.44393,0.0,0.0,0.0,0.0
2018-11-10 07:00:00,2018-11-10 07:00,4.99773,4.18129,0.0,0.30589,0.51055,0.0,0.0,0.0,0.0
2018-11-10 08:00:00,2018-11-10 08:00,4.44764,3.97151,0.0,0.003,0.47313,0.0,0.0,0.0,0.0
2018-11-10 09:00:00,2018-11-10 09:00,4.02936,3.41255,0.0,0.003,0.61381,0.05995,0.0,0.0,0.05995
2018-11-10 10:00:00,2018-11-10 10:00,3.7768,3.11876,0.0,0.003,0.65504,0.01124,0.0,0.0,0.01124
2018-11-10 11:00:00,2018-11-10 11:00,3.85786,2.67406,0.0,0.43015,0.75365,0.04871,0.0,0.0,0.04871
2018-11-10 12:00:00,2018-11-10 12:00,3.60344,2.74756,0.0,0.09471,0.76117,0.0,0.0,0.0,0.0
2018-11-10 13:00:00,2018-11-10 13:00,3.36079,2.58347,0.0,0.003,0.77432,0.0,0.0,0.0,0.0
2018-11-10 14:00:00,2018-11-10 14:00,3.17443,2.38074,0.0,0.003,0.79069,0.0,0.0,0.0,0.0
2018-11-10 15:00:00,2018-11-10 15:00,3.46443,2.30316,0.0,0.42265,0.73862,0.0,0.0,0.0,0.0
2018-11-10 16:00:00,2018-11-10 16:00,3.70878,2.42203,0.0,0.43657,0.85018,0.0,0.0,0.0,0.0
2018-11-10 17:00:00,2018-11-10 17:00,3.68477,2.5226,0.0,0.17152,0.99065,0.0,0.0,0.0,0.0
2018-11-10 18:00:00,2018-11-10 18:00,3.62733,2.52659,0.0,0.003,1.09774,0.0,0.0,0.0,0.0
2018-11-10 19:00:00,2018-11-10 19:00,3.89193,2.65038,0.0,0.003,1.23855,0.0,0.0,0.0,0.0
2018-11-10 20:00:00,2018-11-10 20:00,4.08795,2.45905,0.0,0.40619,1.22271,0.0,0.0,0.0,0.0
2018-11-10 21:00:00,2018-11-10 21:00,3.42668,2.33171,0.0,0.003,1.09197,0.02999,0.0,0.0,0.02999
2018-11-10 22:00:00,2018-11-10 22:00,3.2679,2.41065,0.0,0.003,0.85425,0.0,0.0,0.0,0.0
2018-11-10 23:00:00,2018-11-10 23:00,3.02702,2.46624,0.0,0.003,0.55778,0.0,0.0,0.0,0.0
2018-11-11 00:00:00,2018-11-11 00:00,2.92072,2.42273,0.0,0.003,0.49499,0.0,0.0,0.0,0.0
2018-11-11 01:00:00,2018-11-11 01:00,2.78495,2.32078,0.0,0.003,0.46117,0.0,0.0,0.0,0.0
2018-11-11 02:00:00,2018-11-11 02:00,2.75426,2.3078,0.0,0.003,0.44346,0.0,0.0,0.0,0.0
2018-11-11 03:00:00,2018-11-11 03:00,2.73063,2.28679,0.0,0.003,0.44084,0.0,0.0,0.0,0.0
2018-11-11 04:00:00,2018-11-11 04:00,2.63814,2.20008,0.0,0.003,0.43506,0.0,0.0,0.0,0.0
2018-11-11 05:00:00,2018-11-11 05:00,2.61152,2.17753,0.0,0.003,0.43099,0.0,0.0,0.0,0.0
2018-11-11 06:00:00,2018-11-11 06:00,2.58474,2.14895,0.0,0.003,0.43279,0.0,0.0,0.0,0.0
2018-11-11 07:00:00,2018-11-11 07:00,2.8608,2.25407,0.0,0.1103,0.49643,0.0,0.0,0.0,0.0
2018-11-11 08:00:00,2018-11-11 08:00,2.96241,2.04387,0.0,0.40453,0.51401,0.0,0.0,0.0,0.0
2018-11-11 09:00:00,2018-11-11 09:00,2.51442,1.90961,0.0,0.003,0.60181,0.01124,0.0,0.0,0.01124
2018-11-11 10:00:00,2018-11-11 10:00,2.76609,1.95043,0.0,0.10821,0.70745,0.01875,0.0,0.0,0.01875
2018-11-11 11:00:00,2018-11-11 11:00,3.21854,2.09314,0.0,0.37011,0.75529,0.0,0.0,0.0,0.0
2018-11-11 12:00:00,2018-11-11 12:00,2.69261,1.92843,0.0,0.003,0.76118,0.0,0.0,0.0,0.0
2018-11-11 13:00:00,2018-11-11 13:00,2.67683,1.8995,0.0,0.003,0.77433,0.0,0.0,0.0,0.0
2018-11-11 14:00:00,2018-11-11 14:00,3.00855,1.89032,0.0,0.31813,0.8001,0.0,0.0,0.0,0.0
2018-11-11 15:00:00,2018-11-11 15:00,2.99744,1.86796,0.0,0.30681,0.82267,0.0,0.0,0.0,0.0
2018-11-11 16:00:00,2018-11-11 16:00,2.63493,1.94189,0.0,0.003,0.69004,0.0,0.0,0.0,0.0
2018-11-11 17:00:00,2018-11-11 17:00,2.61245,1.96458,0.0,0.003,0.64487,0.02999,0.0,0.0,0.02999
2018-11-11 18:00:00,2018-11-11 18:00,3.02341,2.054,0.0,0.21488,0.75453,0.03935,0.0,0.0,0.03935
2018-11-11 19:00:00,2018-11-11 19:00,3.50546,2.13397,0.0,0.27018,1.10131,0.0206,0.0,0.0,0.0206
2018-11-11 20:00:00,2018-11-11 20:00,3.21669,2.12235,0.0,0.003,1.09134,0.0,0.0,0.0,0.0
2018-11-11 21:00:00,2018-11-11 21:00,3.22843,2.16345,0.0,0.003,1.06198,0.0,0.0,0.0,0.0
2018-11-11 22:00:00,2018-11-11 22:00,3.29007,2.20377,0.0,0.003,1.0833,0.0,0.0,0.0,0.0
2018-11-11 23:00:00,2018-11-11 23:00,5.16952,2.48738,0.0,0.32279,2.35935,0.0,0.0,0.0,0.0
2018-11-12 00:00:00,2018-11-12 00:00,3.34334,2.59757,0.0,0.25104,0.49473,0.0,0.0,0.0,0.0
2018-11-12 01:00:00,2018-11-12 01:00,3.14583,2.68448,0.0,0.003,0.45835,0.0,0.0,0.0,0.0
2018-11-12 02:00:00,2018-11-12 02:00,3.13556,2.69069,0.0,0.003,0.44187,0.0,0.0,0.0,0.0
2018-11-12 03:00:00,2018-11-12 03:00,3.173,2.73042,0.0,0.003,0.43958,0.0,0.0,0.0,0.0
2018-11-12 04:00:00,2018-11-12 04:00,3.35973,2.92294,0.0,0.003,0.43379,0.0,0.0,0.0,0.0
2018-11-12 05:00:00,2018-11-12 05:00,3.28981,2.85706,0.0,0.003,0.42975,0.0,0.0,0.0,0.0
2018-11-12 06:00:00,2018-11-12 06:00,3.17761,2.74307,0.0,0.003,0.43154,0.0,0.0,0.0,0.0
2018-11-12 07:00:00,2018-11-12 07:00,3.90844,2.93828,0.0,0.42999,0.54017,0.0,0.0,0.0,0.0
2018-11-12 08:00:00,2018-11-12 08:00,3.95732,2.935,0.0,0.43168,0.59064,0.0,0.0,0.0,0.0
2018-11-12 09:00:00,2018-11-12 09:00,3.82781,2.95056,0.0,0.32185,0.5554,0.0,0.0,0.0,0.0
2018-11-12 10:00:00,2018-11-12 10:00,3.39417,2.88355,0.0,0.003,0.50762,0.0,0.0,0.0,0.0
2018-11-12 11:00:00,2018-11-12 11:00,3.22026,2.77277,0.0,0.003,0.44449,0.0,0.0,0.0,0.0
2018-11-12 12:00:00,2018-11-12 12:00,3.15833,2.70974,0.0,0.003,0.44559,0.0,0.0,0.0,0.0
2018-11-12 13:00:00,2018-11-12 13:00,3.11836,2.6629,0.0,0.003,0.45246,0.0,0.0,0.0,0.0
2018-11-12 14:00:00,2018-11-12 14:00,3.43396,2.6227,0.0,0.31857,0.49269,0.0,0.0,0.0,0.0
2018-11-12 15:00:00,2018-11-12 15:00,3.40975,2.45218,0.0,0.43318,0.52439,0.0,0.0,0.0,0.0
2018-11-12 16:00:00,2018-11-12 16:00,3.1358,2.55563,0.0,0.0425,0.53767,0.0,0.0,0.0,0.0
2018-11-12 17:00:00,2018-11-12 17:00,3.37565,2.68247,0.0,0.10571,0.58747,0.0,0.0,0.0,0.0
2018-11-12 18:00:00,2018-11-12 18:00,3.87353,2.58454,0.0,0.42286,0.86613,0.01124,0.0,0.0,0.01124
2018-11-12 19:00:00,2018-11-12 19:00,4.16731,2.48885,0.0,0.4345,1.24396,0.04871,0.0,0.0,0.04871
2018-11-12 20:00:00,2018-11-12 20:00,4.23313,2.55039,0.0,0.42842,1.25432,0.0,0.0,0.0,0.0
2018-11-12 21:00:00,2018-11-12 21:00,3.95783,2.72599,0.0,0.003,1.22884,0.0,0.0,0.0,0.0
2018-11-12 22:00:00,2018-11-12 22:00,3.89108,2.77002,0.0,0.003,1.11806,0.02999,0.0,0.0,0.02999
2018-11-12 23:00:00,2018-11-12 23:00,3.94043,3.07835,0.0,0.003,0.85908,0.0,0.0,0.0,0.0
2018-11-13 00:00:00,2018-11-13 00:00,3.9296,3.40321,0.0,0.003,0.52339,0.0,0.0,0.0,0.0
2018-11-13 01:00:00,2018-11-13 01:00,4.04655,3.59689,0.0,0.003,0.44666,0.0,0.0,0.0,0.0
2018-11-13 02:00:00,2018-11-13 02:00,4.2081,3.76406,0.0,0.003,0.44104,0.0,0.0,0.0,0.0
2018-11-13 03:00:00,2018-11-13 03:00,4.78911,4.02651,0.0,0.32301,0.43959,0.0,0.0,0.0,0.0
2018-11-13 04:00:00,2018-11-13 04:00,4.66513,4.16669,0.0,0.06467,0.43377,0.0,0.0,0.0,0.0
2018-11-13 05:00:00,2018-11-13 05:00,4.64069,4.20795,0.0,0.003,0.42974,0.0,0.0,0.0,0.0
2018-11-13 06:00:00,2018-11-13 06:00,4.77143,4.32333,0.0,0.003,0.4451,0.0,0.0,0.0,0.0
2018-11-13 07:00:00,2018-11-13 07:00,5.25294,4.60549,0.0,0.10673,0.54072,0.02999,0.0,0.0,0.02999
2018-11-13 08:00:00,2018-11-13 08:00,5.39068,4.44129,0.0,0.43214,0.51725,0.0,0.0,0.0,0.0
2018-11-13 09:00:00,2018-11-13 09:00,4.7213,3.83811,0.0,0.32492,0.55827,0.0,0.0,0.0,0.0
2018-11-13 10:00:00,2018-11-13 10:00,3.85281,3.39956,0.0,0.003,0.45025,0.0,0.0,0.0,0.0
2018-11-13 11:00:00,2018-11-13 11:00,3.59771,3.15023,0.0,0.003,0.44448,0.0,0.0,0.0,0.0
2018-11-13 12:00:00,2018-11-13 12:00,3.34363,2.89504,0.0,0.003,0.44559,0.0,0.0,0.0,0.0
2018-11-13 13:00:00,2018-11-13 13:00,3.0367,2.58125,0.0,0.003,0.45245,0.0,0.0,0.0,0.0
2018-11-13 14:00:00,2018-11-13 14:00,2.78308,2.32752,0.0,0.003,0.45256,0.0,0.0,0.0,0.0
2018-11-13 15:00:00,2018-11-13 15:00,2.62474,2.16781,0.0,0.003,0.45393,0.0,0.0,0.0,0.0
2018-11-13 16:00:00,2018-11-13 16:00,2.62877,2.15093,0.0,0.003,0.47484,0.0,0.0,0.0,0.0
2018-11-13 17:00:00,2018-11-13 17:00,3.3554,2.24521,0.0,0.42575,0.68444,0.0,0.0,0.0,0.0
2018-11-13 18:00:00,2018-11-13 18:00,3.46099,2.24026,0.0,0.42518,0.79555,0.01124,0.0,0.0,0.01124
2018-11-13 19:00:00,2018-11-13 19:00,3.8625,2.36063,0.0,0.43659,1.06528,0.01875,0.0,0.0,0.01875
2018-11-13 20:00:00,2018-11-13 20:00,3.58064,2.37803,0.0,0.02517,1.17744,0.0,0.0,0.0,0.0
2018-11-13 21:00:00,2018-11-13 21:00,4.04586,2.4332,0.0,0.41562,1.19704,0.0,0.0,0.0,0.0
2018-11-13 22:00:00,2018-11-13 22:00,3.70751,2.63352,0.0,0.38335,0.69064,0.0,0.0,0.0,0.0
2018-11-13 23:00:00,2018-11-13 23:00,3.31311,2.75151,0.0,0.003,0.5586,0.0,0.0,0.0,0.0
2018-11-14 00:00:00,2018-11-14 00:00,3.34388,2.88972,0.0,0.003,0.45116,0.0,0.0,0.0,0.0
2018-11-14 01:00:00,2018-11-14 01:00,3.34899,2.89933,0.0,0.003,0.44666,0.0,0.0,0.0,0.0
2018-11-14 02:00:00,2018-11-14 02:00,3.47968,3.03561,0.0,0.003,0.44107,0.0,0.0,0.0,0.0
2018-11-14 03:00:00,2018-11-14 03:00,3.47021,3.02762,0.0,0.003,0.43959,0.0,0.0,0.0,0.0
2018-11-14 04:00:00,2018-11-14 04:00,3.46133,3.02455,0.0,0.003,0.43378,0.0,0.0,0.0,0.0
2018-11-14 05:00:00,2018-11-14 05:00,3.52895,3.09523,0.0,0.003,0.43072,0.0,0.0,0.0,0.0
2018-11-14 06:00:00,2018-11-14 06:00,3.96712,3.20946,0.0,0.31356,0.4441,0.0,0.0,0.0,0.0
2018-11-14 07:00:00,2018-11-14 07:00,4.32368,3.38276,0.0,0.42472,0.5162,0.0,0.0,0.0,0.0
2018-11-14 08:00:00,2018-11-14 08:00,3.99361,3.01776,0.0,0.42143,0.55442,0.0,0.0,0.0,0.0
2018-11-14 09:00:00,2018-11-14 09:00,3.62914,2.67888,0.0,0.43439,0.51587,0.0,0.0,0.0,0.0
2018-11-14 10:00:00,2018-11-14 10:00,3.02372,2.086,0.0,0.43009,0.50763,0.0,0.0,0.0,0.0
2018-11-14 11:00:00,2018-11-14 11:00,2.16354,1.69355,0.0,0.003,0.46699,0.0,0.0,0.0,0.0
2018-11-14 12:00:00,2018-11-14 12:00,1.87666,1.41848,0.0,0.003,0.45518,0.0,0.0,0.0,0.0
2018-11-14 13:00:00,2018-11-14 13:00,1.62127,1.16581,0.0,0.003,0.45246,0.0,0.0,0.0,0.0
2018-11-14 14:00:00,2018-11-14 14:00,1.44502,0.98946,0.0,0.003,0.45256,0.0,0.0,0.0,0.0
2018-11-14 15:00:00,2018-11-14 15:00,1.39701,0.94007,0.0,0.003,0.45394,0.0,0.0,0.0,0.0
2018-11-14 16:00:00,2018-11-14 16:00,1.37188,0.91541,0.0,0.003,0.45347,0.0,0.0,0.0,0.0
2018-11-14 17:00:00,2018-11-14 17:00,1.45023,0.94747,0.0,0.003,0.49976,0.0,0.0,0.0,0.0
2018-11-14 18:00:00,2018-11-14 18:00,2.05423,0.88012,0.0,0.21322,0.96089,0.03935,0.0,0.0,0.03935
2018-11-14 19:00:00,2018-11-14 19:00,3.96009,1.03752,0.0,0.43767,2.4849,0.05247,0.0,0.0,0.05247
2018-11-14 20:00:00,2018-11-14 20:00,3.92928,1.14959,0.0,0.04384,2.73585,0.0,0.0,0.0,0.0
2018-11-14 21:00:00,2018-11-14 21:00,2.05551,1.19819,0.0,0.003,0.85432,0.0,0.0,0.0,0.0
2018-11-14 22:00:00,2018-11-14 22:00,2.25719,1.27451,0.0,0.21281,0.76987,0.0,0.0,0.0,0.0
2018-11-14 23:00:00,2018-11-14 23:00,2.19238,1.4259,0.0,0.26083,0.50565,0.0,0.0,0.0,0.0
2018-11-15 00:00:00,2018-11-15 00:00,2.00312,1.54894,0.0,0.003,0.45118,0.0,0.0,0.0,0.0
2018-11-15 01:00:00,2018-11-15 01:00,2.03009,1.58042,0.0,0.003,0.44667,0.0,0.0,0.0,0.0
2018-11-15 02:00:00,2018-11-15 02:00,2.09723,1.65317,0.0,0.003,0.44106,0.0,0.0,0.0,0.0
2018-11-15 03:00:00,2018-11-15 03:00,2.20047,1.75789,0.0,0.003,0.43958,0.0,0.0,0.0,0.0
2018-11-15 04:00:00,2018-11-15 04:00,2.23656,1.79998,0.0,0.003,0.43358,0.0,0.0,0.0,0.0
2018-11-15 05:00:00,2018-11-15 05:00,2.21756,1.7852,0.0,0.003,0.42936,0.0,0.0,0.0,0.0
2018-11-15 06:00:00,2018-11-15 06:00,2.20529,1.76708,0.0,0.003,0.43521,0.0,0.0,0.0,0.0
2018-11-15 07:00:00,2018-11-15 07:00,2.78674,1.89815,0.0,0.32156,0.56703,0.0,0.0,0.0,0.0
2018-11-15 08:00:00,2018-11-15 08:00,4.70992,1.85735,0.0,0.40172,2.45085,0.0,0.0,0.0,0.0
2018-11-15 09:00:00,2018-11-15 09:00,3.67792,1.68809,0.0,0.003,1.98683,0.0,0.0,0.0,0.0
2018-11-15 10:00:00,2018-11-15 10:00,2.04056,1.52335,0.0,0.003,0.51421,0.0,0.0,0.0,0.0
2018-11-15 11:00:00,2018-11-15 11:00,2.1494,1.39235,0.0,0.2094,0.54765,0.0,0.0,0.0,0.0
2018-11-15 12:00:00,2018-11-15 12:00,2.24103,1.23718,0.0,0.42931,0.57454,0.0,0.0,0.0,0.0
2018-11-15 13:00:00,2018-11-15 13:00,1.92567,0.91957,0.0,0.44007,0.56603,0.03935,0.0,0.0,0.03935
2018-11-15 14:00:00,2018-11-15 14:00,1.23964,0.66481,0.0,0.003,0.57183,0.05247,0.0,0.0,0.05247
2018-11-15 15:00:00,2018-11-15 15:00,1.21976,0.75252,0.0,0.003,0.46424,0.0,0.0,0.0,0.0
2018-11-15 16:00:00,2018-11-15 16:00,1.17145,0.71497,0.0,0.003,0.45348,0.0,0.0,0.0,0.0
2018-11-15 17:00:00,2018-11-15 17:00,1.25443,0.76166,0.0,0.003,0.48977,0.0,0.0,0.0,0.0
2018-11-15 18:00:00,2018-11-15 18:00,1.71756,0.79192,0.0,0.32359,0.60205,0.0,0.0,0.0,0.0
2018-11-15 19:00:00,2018-11-15 19:00,2.06011,0.8805,0.0,0.27116,0.90845,0.0,0.0,0.0,0.0
2018-11-15 20:00:00,2018-11-15 20:00,1.9696,0.6811,0.0,0.003,1.2855,0.05995,0.0,0.0,0.05995
2018-11-15 21:00:00,2018-11-15 21:00,2.19396,0.97809,0.0,0.003,1.21287,0.0,0.0,0.0,0.0
2018-11-15 22:00:00,2018-11-15 22:00,2.49331,1.14696,0.0,0.42295,0.9234,0.0,0.0,0.0,0.0
2018-11-15 23:00:00,2018-11-15 23:00,1.98153,1.34184,0.0,0.003,0.63669,0.0,0.0,0.0,0.0
2018-11-16 00:00:00,2018-11-16 00:00,2.02993,1.50878,0.0,0.003,0.51815,0.0,0.0,0.0,0.0
2018-11-16 01:00:00,2018-11-16 01:00,2.1607,1.70604,0.0,0.003,0.45166,0.0,0.0,0.0,0.0
2018-11-16 02:00:00,2018-11-16 02:00,2.17671,1.73265,0.0,0.003,0.44106,0.0,0.0,0.0,0.0
2018-11-16 03:00:00,2018-11-16 03:00,2.20071,1.75813,0.0,0.003,0.43958,0.0,0.0,0.0,0.0
2018-11-16 04:00:00,2018-11-16 04:00,2.28003,1.84322,0.0,0.003,0.43381,0.0,0.0,0.0,0.0
2018-11-16 05:00:00,2018-11-16 05:00,2.36501,1.93228,0.0,0.003,0.42973,0.0,0.0,0.0,0.0
2018-11-16 06:00:00,2018-11-16 06:00,2.37623,1.94169,0.0,0.003,0.43154,0.0,0.0,0.0,0.0
2018-11-16 07:00:00,2018-11-16 07:00,2.92438,2.09753,0.0,0.32544,0.50141,0.0,0.0,0.0,0.0
2018-11-16 08:00:00,2018-11-16 08:00,2.82162,1.78508,0.0,0.4306,0.60594,0.03935,0.0,0.0,0.03935
2018-11-16 09:00:00,2018-11-16 09:00,2.81655,1.78798,0.0,0.44331,0.58526,0.0206,0.0,0.0,0.0206
2018-11-16 10:00:00,2018-11-16 10:00,2.64012,1.93247,0.0,0.23196,0.47569,0.0,0.0,0.0,0.0
2018-11-16 11:00:00,2018-11-16 11:00,2.35459,1.90711,0.0,0.003,0.44448,0.0,0.0,0.0,0.0
2018-11-16 12:00:00,2018-11-16 12:00,2.27555,1.82699,0.0,0.003,0.44556,0.0,0.0,0.0,0.0
2018-11-16 13:00:00,2018-11-16 13:00,2.20838,1.73699,0.0,0.003,0.46839,0.0,0.0,0.0,0.0
2018-11-16 14:00:00,2018-11-16 14:00,2.11566,1.6601,0.0,0.003,0.45256,0.0,0.0,0.0,0.0
2018-11-16 15:00:00,2018-11-16 15:00,2.04744,1.5905,0.0,0.003,0.45394,0.0,0.0,0.0,0.0
2018-11-16 16:00:00,2018-11-16 16:00,2.04687,1.54958,0.0,0.003,0.49429,0.0,0.0,0.0,0.0
2018-11-16 17:00:00,2018-11-16 17:00,2.19774,1.55781,0.0,0.10937,0.53056,0.0,0.0,0.0,0.0
2018-11-16 18:00:00,2018-11-16 18:00,2.65345,1.51205,0.0,0.43568,0.70572,0.02999,0.0,0.0,0.02999
2018-11-16 19:00:00,2018-11-16 19:00,3.23342,1.69119,0.0,0.43527,1.10696,0.0,0.0,0.0,0.0
2018-11-16 20:00:00,2018-11-16 20:00,2.66557,1.58148,0.0,0.003,1.08109,0.0,0.0,0.0,0.0
2018-11-16 21:00:00,2018-11-16 21:00,3.03763,1.5949,0.0,0.2139,1.22883,0.0,0.0,0.0,0.0
2018-11-16 22:00:00,2018-11-16 22:00,2.80104,1.65786,0.0,0.23548,0.9077,0.0,0.0,0.0,0.0
2018-11-16 23:00:00,2018-11-16 23:00,2.50594,1.83959,0.0,0.003,0.66335,0.0,0.0,0.0,0.0
2018-11-17 00:00:00,2018-11-17 00:00,2.50257,1.97044,0.0,0.003,0.52913,0.0,0.0,0.0,0.0
2018-11-17 01:00:00,2018-11-17 01:00,2.54583,2.09283,0.0,0.003,0.45,0.0,0.0,0.0,0.0
2018-11-17 02:00:00,2018-11-17 02:00,2.60308,2.15777,0.0,0.003,0.44231,0.0,0.0,0.0,0.0
2018-11-17 03:00:00,2018-11-17 03:00,2.63796,2.19412,0.0,0.003,0.44084,0.0,0.0,0.0,0.0
2018-11-17 04:00:00,2018-11-17 04:00,2.75286,2.31482,0.0,0.003,0.43504,0.0,0.0,0.0,0.0
2018-11-17 05:00:00,2018-11-17 05:00,2.80182,2.36805,0.0,0.003,0.43077,0.0,0.0,0.0,0.0
2018-11-17 06:00:00,2018-11-17 06:00,3.24464,2.48519,0.0,0.31553,0.44392,0.0,0.0,0.0,0.0
2018-11-17 07:00:00,2018-11-17 07:00,3.5374,2.61304,0.0,0.41715,0.50721,0.0,0.0,0.0,0.0
2018-11-17 08:00:00,2018-11-17 08:00,3.5058,2.50567,0.0,0.4363,0.56383,0.0,0.0,0.0,0.0
2018-11-17 09:00:00,2018-11-17 09:00,3.00653,2.41296,0.0,0.003,0.59057,0.0,0.0,0.0,0.0
2018-11-17 10:00:00,2018-11-17 10:00,2.97788,2.35975,0.0,0.003,0.61513,0.0,0.0,0.0,0.0
2018-11-17 11:00:00,2018-11-17 11:00,2.98133,2.11712,0.0,0.10892,0.75529,0.0,0.0,0.0,0.0
2018-11-17 12:00:00,2018-11-17 12:00,3.03111,1.85774,0.0,0.43174,0.74163,0.0,0.0,0.0,0.0
2018-11-17 13:00:00,2018-11-17 13:00,2.63313,1.67743,0.0,0.18138,0.77432,0.0,0.0,0.0,0.0
2018-11-17 14:00:00,2018-11-17 14:00,2.36201,1.56831,0.0,0.003,0.7907,0.0,0.0,0.0,0.0
2018-11-17 15:00:00,2018-11-17 15:00,2.30297,1.52727,0.0,0.003,0.7727,0.0,0.0,0.0,0.0
2018-11-17 16:00:00,2018-11-17 16:00,2.8039,1.48785,0.0,0.42262,0.89343,0.0,0.0,0.0,0.0
2018-11-17 17:00:00,2018-11-17 17:00,2.97496,1.54313,0.0,0.44118,0.99065,0.0,0.0,0.0,0.0
2018-11-17 18:00:00,2018-11-17 18:00,2.87504,1.71751,0.0,0.04139,1.11614,0.0,0.0,0.0,0.0
2018-11-17 19:00:00,2018-11-17 19:00,3.24466,1.93633,0.0,0.003,1.30533,0.03935,0.0,0.0,0.03935
2018-11-17 20:00:00,2018-11-17 20:00,3.08086,1.82324,0.0,0.003,1.25462,0.08243,0.0,0.0,0.08243
2018-11-17 21:00:00,2018-11-17 21:00,3.98999,2.51467,0.0,0.41336,1.06196,0.0,0.0,0.0,0.0
2018-11-17 22:00:00,2018-11-17 22:00,3.85132,2.90193,0.0,0.003,0.94639,0.0,0.0,0.0,0.0
2018-11-17 23:00:00,2018-11-17 23:00,4.12064,3.29533,0.0,0.10738,0.71793,0.0,0.0,0.0,0.0
2018-11-18 00:00:00,2018-11-18 00:00,4.56293,3.67953,0.0,0.34746,0.53594,0.0,0.0,0.0,0.0
2018-11-18 01:00:00,2018-11-18 01:00,4.40954,3.94536,0.0,0.003,0.46118,0.0,0.0,0.0,0.0
2018-11-18 02:00:00,2018-11-18 02:00,4.65147,4.20361,0.0,0.003,0.44486,0.0,0.0,0.0,0.0
2018-11-18 03:00:00,2018-11-18 03:00,4.92913,4.48628,0.0,0.003,0.43985,0.0,0.0,0.0,0.0
2018-11-18 04:00:00,2018-11-18 04:00,5.1039,4.66587,0.0,0.003,0.43503,0.0,0.0,0.0,0.0
2018-11-18 05:00:00,2018-11-18 05:00,5.20405,4.77007,0.0,0.003,0.43098,0.0,0.0,0.0,0.0
2018-11-18 06:00:00,2018-11-18 06:00,5.26816,4.83237,0.0,0.003,0.43279,0.0,0.0,0.0,0.0
2018-11-18 07:00:00,2018-11-18 07:00,5.64197,5.16016,0.0,0.003,0.47881,0.0,0.0,0.0,0.0
2018-11-18 08:00:00,2018-11-18 08:00,5.5847,4.96104,0.0,0.10965,0.51401,0.0,0.0,0.0,0.0
2018-11-18 09:00:00,2018-11-18 09:00,5.45425,4.42882,0.0,0.43485,0.59058,0.0,0.0,0.0,0.0
2018-11-18 10:00:00,2018-11-18 10:00,4.27548,3.58401,0.0,0.08036,0.61111,0.02999,0.0,0.0,0.02999
2018-11-18 11:00:00,2018-11-18 11:00,3.74821,3.1293,0.0,0.003,0.61591,0.0,0.0,0.0,0.0
2018-11-18 12:00:00,2018-11-18 12:00,3.40697,2.6428,0.0,0.003,0.76117,0.0,0.0,0.0,0.0
2018-11-18 13:00:00,2018-11-18 13:00,3.29894,2.32764,0.0,0.003,0.9683,0.0,0.0,0.0,0.0
2018-11-18 14:00:00,2018-11-18 14:00,5.02825,2.32005,0.0,0.40784,2.30036,0.0,0.0,0.0,0.0
2018-11-18 15:00:00,2018-11-18 15:00,4.01348,2.06614,0.0,0.4112,1.53614,0.02999,0.0,0.0,0.02999
2018-11-18 16:00:00,2018-11-18 16:00,3.35042,2.06738,0.0,0.43285,0.85019,0.0,0.0,0.0,0.0
2018-11-18 17:00:00,2018-11-18 17:00,3.30691,2.13361,0.0,0.19828,0.97502,0.0,0.0,0.0,0.0
2018-11-18 18:00:00,2018-11-18 18:00,3.16421,2.2038,0.0,0.003,0.95741,0.0,0.0,0.0,0.0
2018-11-18 19:00:00,2018-11-18 19:00,3.4205,2.33677,0.0,0.003,1.08073,0.0,0.0,0.0,0.0
2018-11-18 20:00:00,2018-11-18 20:00,3.24913,2.13512,0.0,0.003,1.11101,0.0,0.0,0.0,0.0
2018-11-18 21:00:00,2018-11-18 21:00,3.28486,2.01567,0.0,0.003,1.26619,0.01124,0.0,0.0,0.01124
2018-11-18 22:00:00,2018-11-18 22:00,3.21351,1.71513,0.0,0.32515,1.17323,0.08058,0.0,0.0,0.08058
2018-11-18 23:00:00,2018-11-18 23:00,2.87515,1.98031,0.0,0.13062,0.76422,0.0,0.0,0.0,0.0
2018-11-19 00:00:00,2018-11-19 00:00,2.46007,2.00479,0.0,0.003,0.45228,0.0,0.0,0.0,0.0
2018-11-19 01:00:00,2018-11-19 01:00,2.43989,1.99025,0.0,0.003,0.44664,0.0,0.0,0.0,0.0
2018-11-19 02:00:00,2018-11-19 02:00,2.44565,2.0016,0.0,0.003,0.44105,0.0,0.0,0.0,0.0
2018-11-19 03:00:00,2018-11-19 03:00,2.45887,2.01629,0.0,0.003,0.43958,0.0,0.0,0.0,0.0
2018-11-19 04:00:00,2018-11-19 04:00,2.46215,2.02536,0.0,0.003,0.43379,0.0,0.0,0.0,0.0
2018-11-19 05:00:00,2018-11-19 05:00,2.49559,2.06287,0.0,0.003,0.42972,0.0,0.0,0.0,0.0
2018-11-19 06:00:00,2018-11-19 06:00,2.58978,2.15289,0.0,0.003,0.43389,0.0,0.0,0.0,0.0
2018-11-19 07:00:00,2018-11-19 07:00,2.86245,2.38195,0.0,0.003,0.4775,0.0,0.0,0.0,0.0
2018-11-19 08:00:00,2018-11-19 08:00,3.1277,2.28695,0.0,0.32945,0.5113,0.0,0.0,0.0,0.0
2018-11-19 09:00:00,2018-11-19 09:00,3.21456,2.27471,0.0,0.2057,0.73415,0.0,0.0,0.0,0.0
2018-11-19 10:00:00,2018-11-19 10:00,4.94515,2.45782,0.0,0.003,2.48433,0.0,0.0,0.0,0.0
2018-11-19 11:00:00,2018-11-19 11:00,4.18387,2.37303,0.0,0.003,1.80784,0.0,0.0,0.0,0.0
2018-11-19 12:00:00,2018-11-19 12:00,2.71844,2.23128,0.0,0.003,0.48416,0.0,0.0,0.0,0.0
2018-11-19 13:00:00,2018-11-19 13:00,2.99564,2.16347,0.0,0.31527,0.5169,0.0,0.0,0.0,0.0
2018-11-19 14:00:00,2018-11-19 14:00,3.05866,2.11537,0.0,0.42396,0.51933,0.0,0.0,0.0,0.0
2018-11-19 15:00:00,2018-11-19 15:00,3.11478,2.17649,0.0,0.42218,0.51611,0.0,0.0,0.0,0.0
2018-11-19 16:00:00,2018-11-19 16:00,3.1055,2.29049,0.0,0.36154,0.45347,0.0,0.0,0.0,0.0
2018-11-19 17:00:00,2018-11-19 17:00,2.70391,2.01572,0.0,0.003,0.68519,0.05995,0.0,0.0,0.05995
2018-11-19 18:00:00,2018-11-19 18:00,3.18667,2.20439,0.0,0.21512,0.76716,0.0,0.0,0.0,0.0
2018-11-19 19:00:00,2018-11-19 19:00,3.57236,2.40312,0.0,0.25419,0.91505,0.0,0.0,0.0,0.0
2018-11-19 20:00:00,2018-11-19 20:00,3.29473,2.40292,0.0,0.003,0.88881,0.0,0.0,0.0,0.0
2018-11-19 21:00:00,2018-11-19 21:00,3.51084,2.40264,0.0,0.003,1.1052,0.0,0.0,0.0,0.0
2018-11-19 22:00:00,2018-11-19 22:00,3.49484,2.41453,0.0,0.003,1.07731,0.0,0.0,0.0,0.0
2018-11-19 23:00:00,2018-11-19 23:00,3.15609,2.56229,0.0,0.003,0.5908,0.0,0.0,0.0,0.0
2018-11-20 00:00:00,2018-11-20 00:00,3.21501,2.65545,0.0,0.10838,0.45118,0.0,0.0,0.0,0.0
2018-11-20 01:00:00,2018-11-20 01:00,3.40338,2.69061,0.0,0.26613,0.44664,0.0,0.0,0.0,0.0
2018-11-20 02:00:00,2018-11-20 02:00,3.2027,2.75865,0.0,0.003,0.44105,0.0,0.0,0.0,0.0
2018-11-20 03:00:00,2018-11-20 03:00,3.5327,3.09012,0.0,0.003,0.43958,0.0,0.0,0.0,0.0
2018-11-20 04:00:00,2018-11-20 04:00,3.77168,3.3349,0.0,0.003,0.43378,0.0,0.0,0.0,0.0
2018-11-20 05:00:00,2018-11-20 05:00,3.92484,3.49209,0.0,0.003,0.42975,0.0,0.0,0.0,0.0
2018-11-20 06:00:00,2018-11-20 06:00,4.14808,3.69744,0.0,0.003,0.44764,0.0,0.0,0.0,0.0
2018-11-20 07:00:00,2018-11-20 07:00,5.17159,4.30471,0.0,0.31162,0.55526,0.0,0.0,0.0,0.0
2018-11-20 08:00:00,2018-11-20 08:00,5.37353,4.37304,0.0,0.42635,0.57414,0.0,0.0,0.0,0.0
2018-11-20 09:00:00,2018-11-20 09:00,5.32195,4.36035,0.0,0.43658,0.52502,0.0,0.0,0.0,0.0
2018-11-20 10:00:00,2018-11-20 10:00,4.80212,4.22196,0.0,0.12046,0.4597,0.0,0.0,0.0,0.0
2018-11-20 11:00:00,2018-11-20 11:00,4.20221,3.75475,0.0,0.003,0.44446,0.0,0.0,0.0,0.0
2018-11-20 12:00:00,2018-11-20 12:00,3.77482,3.32623,0.0,0.003,0.44559,0.0,0.0,0.0,0.0
2018-11-20 13:00:00,2018-11-20 13:00,3.35524,2.89979,0.0,0.003,0.45245,0.0,0.0,0.0,0.0
2018-11-20 14:00:00,2018-11-20 14:00,3.02122,2.56567,0.0,0.003,0.45255,0.0,0.0,0.0,0.0
2018-11-20 15:00:00,2018-11-20 15:00,2.85758,2.40065,0.0,0.003,0.45393,0.0,0.0,0.0,0.0
2018-11-20 16:00:00,2018-11-20 16:00,2.55577,1.98036,0.0,0.003,0.57241,0.06745,0.0,0.0,0.06745
2018-11-20 17:00:00,2018-11-20 17:00,2.84356,1.78744,0.0,0.42843,0.62769,0.05433,0.0,0.0,0.05433
2018-11-20 18:00:00,2018-11-20 18:00,2.53121,1.88751,0.0,0.003,0.6407,0.0,0.0,0.0,0.0
2018-11-20 19:00:00,2018-11-20 19:00,3.00416,1.91809,0.0,0.003,1.08307,0.0,0.0,0.0,0.0
2018-11-20 20:00:00,2018-11-20 20:00,3.21029,1.65584,0.0,0.41464,1.13981,0.02999,0.0,0.0,0.02999
2018-11-20 21:00:00,2018-11-20 21:00,2.84363,1.62775,0.0,0.003,1.21288,0.0,0.0,0.0,0.0
2018-11-20 22:00:00,2018-11-20 22:00,2.56886,1.63182,0.0,0.003,0.93404,0.0,0.0,0.0,0.0
2018-11-20 23:00:00,2018-11-20 23:00,2.5912,1.64999,0.0,0.10675,0.83446,0.0,0.0,0.0,0.0
2018-11-21 00:00:00,2018-11-21 00:00,3.26511,1.77495,0.0,0.41866,1.0715,0.0,0.0,0.0,0.0
2018-11-21 01:00:00,2018-11-21 01:00,4.15905,1.86774,0.0,0.003,2.28831,0.0,0.0,0.0,0.0
2018-11-21 02:00:00,2018-11-21 02:00,2.2678,1.822,0.0,0.003,0.4428,0.0,0.0,0.0,0.0
2018-11-21 03:00:00,2018-11-21 03:00,2.72433,1.85905,0.0,0.42857,0.43671,0.0,0.0,0.0,0.0
2018-11-21 04:00:00,2018-11-21 04:00,2.46,1.86557,0.0,0.16379,0.43064,0.0,0.0,0.0,0.0
2018-11-21 05:00:00,2018-11-21 05:00,2.42883,1.99611,0.0,0.003,0.42972,0.0,0.0,0.0,0.0
2018-11-21 06:00:00,2018-11-21 06:00,2.55017,2.1096,0.0,0.003,0.43757,0.0,0.0,0.0,0.0
2018-11-21 07:00:00,2018-11-21 07:00,3.04031,2.31397,0.0,0.21016,0.51618,0.0,0.0,0.0,0.0
2018-11-21 08:00:00,2018-11-21 08:00,3.24848,2.30277,0.0,0.4324,0.51331,0.0,0.0,0.0,0.0
2018-11-21 09:00:00,2018-11-21 09:00,3.01041,2.331,0.0,0.19409,0.48532,0.0,0.0,0.0,0.0
2018-11-21 10:00:00,2018-11-21 10:00,3.09486,2.36729,0.0,0.21336,0.51421,0.0,0.0,0.0,0.0
2018-11-21 11:00:00,2018-11-21 11:00,3.22008,2.34141,0.0,0.39236,0.48631,0.0,0.0,0.0,0.0
2018-11-21 12:00:00,2018-11-21 12:00,2.78832,2.33973,0.0,0.003,0.44559,0.0,0.0,0.0,0.0
2018-11-21 13:00:00,2018-11-21 13:00,2.69738,2.24193,0.0,0.003,0.45245,0.0,0.0,0.0,0.0
2018-11-21 14:00:00,2018-11-21 14:00,2.51229,2.05673,0.0,0.003,0.45256,0.0,0.0,0.0,0.0
2018-11-21 15:00:00,2018-11-21 15:00,2.42634,1.90938,0.0,0.003,0.51396,0.0,0.0,0.0,0.0
2018-11-21 16:00:00,2018-11-21 16:00,2.41744,1.94868,0.0,0.003,0.46576,0.0,0.0,0.0,0.0
2018-11-21 17:00:00,2018-11-21 17:00,2.49648,2.03051,0.0,0.003,0.46297,0.0,0.0,0.0,0.0
2018-11-21 18:00:00,2018-11-21 18:00,2.86997,2.04176,0.0,0.10857,0.71964,0.02999,0.0,0.0,0.02999
2018-11-21 19:00:00,2018-11-21 19:00,3.58881,2.23227,0.0,0.31665,1.03989,0.0,0.0,0.0,0.0
2018-11-21 20:00:00,2018-11-21 20:00,3.28353,2.02621,0.0,0.003,1.25432,0.0,0.0,0.0,0.0
2018-11-21 21:00:00,2018-11-21 21:00,3.24839,2.01655,0.0,0.003,1.22884,0.0,0.0,0.0,0.0
2018-11-21 22:00:00,2018-11-21 22:00,3.27887,2.07999,0.0,0.21184,0.98704,0.0,0.0,0.0,0.0
2018-11-21 23:00:00,2018-11-21 23:00,3.32773,2.20651,0.0,0.43542,0.6858,0.0,0.0,0.0,0.0
2018-11-22 00:00:00,2018-11-22 00:00,2.81173,2.33253,0.0,0.01106,0.46814,0.0,0.0,0.0,0.0
2018-11-22 01:00:00,2018-11-22 01:00,2.86014,2.41049,0.0,0.003,0.44665,0.0,0.0,0.0,0.0
2018-11-22 02:00:00,2018-11-22 02:00,2.80681,2.36274,0.0,0.003,0.44107,0.0,0.0,0.0,0.0
2018-11-22 03:00:00,2018-11-22 03:00,2.71683,2.27427,0.0,0.003,0.43956,0.0,0.0,0.0,0.0
2018-11-22 04:00:00,2018-11-22 04:00,2.64634,2.20976,0.0,0.003,0.43358,0.0,0.0,0.0,0.0
2018-11-22 05:00:00,2018-11-22 05:00,2.95772,2.1914,0.0,0.32597,0.44035,0.01124,0.0,0.0,0.01124
2018-11-22 06:00:00,2018-11-22 06:00,2.67859,2.02628,0.0,0.15587,0.49644,0.04871,0.0,0.0,0.04871
2018-11-22 07:00:00,2018-11-22 07:00,3.11435,2.33361,0.0,0.20696,0.57378,0.0,0.0,0.0,0.0
2018-11-22 08:00:00,2018-11-22 08:00,3.27964,2.28366,0.0,0.42729,0.56869,0.0,0.0,0.0,0.0
2018-11-22 09:00:00,2018-11-22 09:00,3.09329,2.20691,0.0,0.3526,0.53378,0.0,0.0,0.0,0.0
2018-11-22 10:00:00,2018-11-22 10:00,2.62516,2.16552,0.0,0.003,0.45664,0.0,0.0,0.0,0.0
2018-11-22 11:00:00,2018-11-22 11:00,2.67196,2.15992,0.0,0.003,0.50904,0.0,0.0,0.0,0.0
2018-11-22 12:00:00,2018-11-22 12:00,3.29594,2.16364,0.0,0.31776,0.81454,0.0,0.0,0.0,0.0
2018-11-22 13:00:00,2018-11-22 13:00,3.8681,2.06556,0.0,0.42447,1.37807,0.0,0.0,0.0,0.0
2018-11-22 14:00:00,2018-11-22 14:00,2.77176,1.90575,0.0,0.30638,0.55963,0.0,0.0,0.0,0.0
2018-11-22 15:00:00,2018-11-22 15:00,2.50251,1.85187,0.0,0.10762,0.54302,0.0,0.0,0.0,0.0
2018-11-22 16:00:00,2018-11-22 16:00,2.76207,1.86117,0.0,0.4024,0.4985,0.0,0.0,0.0,0.0
2018-11-22 17:00:00,2018-11-22 17:00,2.31131,1.82015,0.0,0.003,0.48816,0.01124,0.0,0.0,0.01124
2018-11-22 18:00:00,2018-11-22 18:00,2.28333,1.55905,0.0,0.003,0.72128,0.08058,0.0,0.0,0.08058
2018-11-22 19:00:00,2018-11-22 19:00,2.75424,1.74375,0.0,0.003,1.00749,0.02999,0.0,0.0,0.02999
2018-11-22 20:00:00,2018-11-22 20:00,2.78503,1.70096,0.0,0.003,1.08107,0.0,0.0,0.0,0.0
2018-11-22 21:00:00,2018-11-22 21:00,2.93523,1.34848,0.0,0.32583,1.26092,0.09556,0.0,0.0,0.09556
2018-11-22 22:00:00,2018-11-22 22:00,2.4981,1.51156,0.0,0.1666,0.81994,0.02622,0.0,0.0,0.02622
2018-11-22 23:00:00,2018-11-22 23:00,2.09645,1.58781,0.0,0.003,0.50564,0.0,0.0,0.0,0.0
2018-11-23 00:00:00,2018-11-23 00:00,2.02786,1.57369,0.0,0.003,0.45117,0.0,0.0,0.0,0.0
2018-11-23 01:00:00,2018-11-23 01:00,1.9877,1.53804,0.0,0.003,0.44666,0.0,0.0,0.0,0.0
2018-11-23 02:00:00,2018-11-23 02:00,1.93871,1.49466,0.0,0.003,0.44105,0.0,0.0,0.0,0.0
2018-11-23 03:00:00,2018-11-23 03:00,1.8891,1.44651,0.0,0.003,0.43959,0.0,0.0,0.0,0.0
2018-11-23 04:00:00,2018-11-23 04:00,1.87811,1.44133,0.0,0.003,0.43378,0.0,0.0,0.0,0.0
2018-11-23 05:00:00,2018-11-23 05:00,1.68382,1.25013,0.0,0.003,0.43069,0.0,0.0,0.0,0.0
2018-11-23 06:00:00,2018-11-23 06:00,2.18574,1.30185,0.0,0.4398,0.44409,0.0,0.0,0.0,0.0
2018-11-23 07:00:00,2018-11-23 07:00,2.4405,1.44632,0.0,0.4408,0.55338,0.0,0.0,0.0,0.0
2018-11-23 08:00:00,2018-11-23 08:00,1.96246,1.17891,0.0,0.21696,0.56659,0.0,0.0,0.0,0.0
2018-11-23 09:00:00,2018-11-23 09:00,1.9917,1.14696,0.0,0.21261,0.63213,0.0,0.0,0.0,0.0
2018-11-23 10:00:00,2018-11-23 10:00,2.01436,0.97982,0.0,0.43262,0.60192,0.02999,0.0,0.0,0.02999
2018-11-23 11:00:00,2018-11-23 11:00,1.9229,0.98259,0.0,0.43128,0.50903,0.0,0.0,0.0,0.0
2018-11-23 12:00:00,2018-11-23 12:00,1.48721,0.97427,0.0,0.003,0.50994,0.0,0.0,0.0,0.0
2018-11-23 13:00:00,2018-11-23 13:00,1.48423,0.96432,0.0,0.003,0.51691,0.0,0.0,0.0,0.0
2018-11-23 14:00:00,2018-11-23 14:00,1.45451,0.93219,0.0,0.003,0.51932,0.0,0.0,0.0,0.0
2018-11-23 15:00:00,2018-11-23 15:00,1.86218,0.99402,0.0,0.3264,0.54176,0.0,0.0,0.0,0.0
2018-11-23 16:00:00,2018-11-23 16:00,1.66447,1.07645,0.0,0.12228,0.46574,0.0,0.0,0.0,0.0
2018-11-23 17:00:00,2018-11-23 17:00,1.69026,1.12996,0.0,0.003,0.5573,0.0,0.0,0.0,0.0
2018-11-23 18:00:00,2018-11-23 18:00,2.09185,1.30899,0.0,0.21202,0.57084,0.0,0.0,0.0,0.0
2018-11-23 19:00:00,2018-11-23 19:00,2.42105,1.05079,0.0,0.41535,0.95491,0.09182,0.0,0.0,0.09182
2018-11-23 20:00:00,2018-11-23 20:00,2.0761,1.18427,0.0,0.003,0.88883,0.0,0.0,0.0,0.0
2018-11-23 21:00:00,2018-11-23 21:00,2.33985,1.13665,0.0,0.003,1.2002,0.0,0.0,0.0,0.0
2018-11-23 22:00:00,2018-11-23 22:00,2.6041,1.15521,0.0,0.3822,1.06669,0.0,0.0,0.0,0.0
2018-11-23 23:00:00,2018-11-23 23:00,1.7589,1.23413,0.0,0.003,0.52177,0.0,0.0,0.0,0.0
2018-11-24 00:00:00,2018-11-24 00:00,1.7139,1.25959,0.0,0.003,0.45131,0.0,0.0,0.0,0.0
2018-11-24 01:00:00,2018-11-24 01:00,1.7277,1.27679,0.0,0.003,0.44791,0.0,0.0,0.0,0.0
2018-11-24 02:00:00,2018-11-24 02:00,1.777,1.3317,0.0,0.003,0.4423,0.0,0.0,0.0,0.0
2018-11-24 03:00:00,2018-11-24 03:00,1.81979,1.37596,0.0,0.003,0.44083,0.0,0.0,0.0,0.0
2018-11-24 04:00:00,2018-11-24 04:00,1.87091,1.43288,0.0,0.003,0.43503,0.0,0.0,0.0,0.0
2018-11-24 05:00:00,2018-11-24 05:00,1.88371,1.44972,0.0,0.003,0.43099,0.0,0.0,0.0,0.0
2018-11-24 06:00:00,2018-11-24 06:00,1.87171,1.43592,0.0,0.003,0.43279,0.0,0.0,0.0,0.0
2018-11-24 07:00:00,2018-11-24 07:00,2.07646,1.59467,0.0,0.003,0.47879,0.0,0.0,0.0,0.0
2018-11-24 08:00:00,2018-11-24 08:00,2.17905,1.55735,0.0,0.11429,0.50741,0.0,0.0,0.0,0.0
2018-11-24 09:00:00,2018-11-24 09:00,2.65448,1.67509,0.0,0.45611,0.52328,0.0,0.0,0.0,0.0
2018-11-24 10:00:00,2018-11-24 10:00,2.49081,1.5855,0.0,0.32378,0.58153,0.02999,0.0,0.0,0.02999
2018-11-24 11:00:00,2018-11-24 11:00,2.23454,1.53822,0.0,0.003,0.69332,0.0,0.0,0.0,0.0
2018-11-24 12:00:00,2018-11-24 12:00,2.51687,1.48402,0.0,0.32698,0.70587,0.0,0.0,0.0,0.0
2018-11-24 13:00:00,2018-11-24 13:00,2.22089,1.50354,0.0,0.10331,0.61404,0.0,0.0,0.0,0.0
2018-11-24 14:00:00,2018-11-24 14:00,2.12629,1.49664,0.0,0.003,0.62665,0.0,0.0,0.0,0.0
2018-11-24 15:00:00,2018-11-24 15:00,2.16662,1.53,0.0,0.003,0.63362,0.0,0.0,0.0,0.0
2018-11-24 16:00:00,2018-11-24 16:00,2.58888,1.50039,0.0,0.44484,0.64365,0.0,0.0,0.0,0.0
2018-11-24 17:00:00,2018-11-24 17:00,2.39069,1.42195,0.0,0.12563,0.84311,0.0,0.0,0.0,0.0
2018-11-24 18:00:00,2018-11-24 18:00,2.76384,1.54826,0.0,0.39862,0.81696,0.0,0.0,0.0,0.0
2018-11-24 19:00:00,2018-11-24 19:00,2.80223,1.71852,0.0,0.003,1.08071,0.0,0.0,0.0,0.0
2018-11-24 20:00:00,2018-11-24 20:00,2.87899,1.76497,0.0,0.003,1.11102,0.0,0.0,0.0,0.0
2018-11-24 21:00:00,2018-11-24 21:00,3.14001,1.77567,0.0,0.1094,1.25494,0.0,0.0,0.0,0.0
2018-11-24 22:00:00,2018-11-24 22:00,3.12951,1.72486,0.0,0.44491,0.95974,0.0,0.0,0.0,0.0
2018-11-24 23:00:00,2018-11-24 23:00,2.52297,1.80712,0.0,0.04255,0.6733,0.0,0.0,0.0,0.0
2018-11-25 00:00:00,2018-11-25 00:00,2.38441,1.86822,0.0,0.003,0.51319,0.0,0.0,0.0,0.0
2018-11-25 01:00:00,2018-11-25 01:00,2.38346,1.92687,0.0,0.003,0.45359,0.0,0.0,0.0,0.0
2018-11-25 02:00:00,2018-11-25 02:00,2.38571,1.94039,0.0,0.003,0.44232,0.0,0.0,0.0,0.0
2018-11-25 03:00:00,2018-11-25 03:00,2.43908,1.99528,0.0,0.003,0.4408,0.0,0.0,0.0,0.0
2018-11-25 04:00:00,2018-11-25 04:00,2.77967,2.12449,0.0,0.22013,0.43505,0.0,0.0,0.0,0.0
2018-11-25 05:00:00,2018-11-25 05:00,2.72694,2.16163,0.0,0.13432,0.43099,0.0,0.0,0.0,0.0
2018-11-25 06:00:00,2018-11-25 06:00,2.70381,2.26803,0.0,0.003,0.43278,0.0,0.0,0.0,0.0
2018-11-25 07:00:00,2018-11-25 07:00,2.86855,2.37551,0.0,0.003,0.49004,0.01124,0.0,0.0,0.01124
2018-11-25 08:00:00,2018-11-25 08:00,2.76452,2.16434,0.0,0.003,0.59718,0.04871,0.0,0.0,0.04871
2018-11-25 09:00:00,2018-11-25 09:00,3.30579,2.3204,0.0,0.32735,0.65804,0.0,0.0,0.0,0.0
2018-11-25 10:00:00,2018-11-25 10:00,3.0692,2.21497,0.0,0.18877,0.66546,0.0,0.0,0.0,0.0
2018-11-25 11:00:00,2018-11-25 11:00,2.70587,2.03671,0.0,0.003,0.66616,0.0,0.0,0.0,0.0
2018-11-25 12:00:00,2018-11-25 12:00,2.84961,1.84482,0.0,0.31471,0.69008,0.0,0.0,0.0,0.0
2018-11-25 13:00:00,2018-11-25 13:00,2.94763,1.76701,0.0,0.42623,0.75439,0.0,0.0,0.0,0.0
2018-11-25 14:00:00,2018-11-25 14:00,3.04075,1.79616,0.0,0.44451,0.80008,0.0,0.0,0.0,0.0
2018-11-25 15:00:00,2018-11-25 15:00,2.85905,1.80108,0.0,0.21328,0.84469,0.01124,0.0,0.0,0.01124
2018-11-25 16:00:00,2018-11-25 16:00,2.45673,1.48954,0.0,0.003,0.96419,0.11054,0.0,0.0,0.11054
2018-11-25 17:00:00,2018-11-25 17:00,3.08823,1.90786,0.0,0.32152,0.85885,0.0,0.0,0.0,0.0
2018-11-25 18:00:00,2018-11-25 18:00,3.49531,2.22744,0.0,0.31044,0.95743,0.0,0.0,0.0,0.0
2018-11-25 19:00:00,2018-11-25 19:00,3.67672,2.59302,0.0,0.003,1.0807,0.0,0.0,0.0,0.0
2018-11-25 20:00:00,2018-11-25 20:00,3.51277,2.53909,0.0,0.003,0.97068,0.0,0.0,0.0,0.0
2018-11-25 21:00:00,2018-11-25 21:00,3.55649,2.53741,0.0,0.003,1.01608,0.0,0.0,0.0,0.0
2018-11-25 22:00:00,2018-11-25 22:00,3.59483,2.61647,0.0,0.10786,0.8705,0.0,0.0,0.0,0.0
2018-11-25 23:00:00,2018-11-25 23:00,3.73919,2.82119,0.0,0.27687,0.64113,0.0,0.0,0.0,0.0
2018-11-26 00:00:00,2018-11-26 00:00,3.47998,2.98226,0.0,0.003,0.49472,0.0,0.0,0.0,0.0
2018-11-26 01:00:00,2018-11-26 01:00,3.55595,3.10129,0.0,0.003,0.45166,0.0,0.0,0.0,0.0
2018-11-26 02:00:00,2018-11-26 02:00,3.62808,3.18402,0.0,0.003,0.44106,0.0,0.0,0.0,0.0
2018-11-26 03:00:00,2018-11-26 03:00,3.6828,3.2402,0.0,0.003,0.4396,0.0,0.0,0.0,0.0
2018-11-26 04:00:00,2018-11-26 04:00,3.72399,3.2872,0.0,0.003,0.43379,0.0,0.0,0.0,0.0
2018-11-26 05:00:00,2018-11-26 05:00,3.98834,3.34132,0.0,0.2173,0.42972,0.0,0.0,0.0,0.0
2018-11-26 06:00:00,2018-11-26 06:00,4.06447,3.28878,0.0,0.33556,0.44013,0.0,0.0,0.0,0.0
2018-11-26 07:00:00,2018-11-26 07:00,3.97608,3.49006,0.0,0.003,0.48302,0.0,0.0,0.0,0.0
2018-11-26 08:00:00,2018-11-26 08:00,4.19385,3.46973,0.0,0.21136,0.51276,0.0,0.0,0.0,0.0
2018-11-26 09:00:00,2018-11-26 09:00,4.29121,3.40992,0.0,0.39627,0.48502,0.0,0.0,0.0,0.0
2018-11-26 10:00:00,2018-11-26 10:00,3.71288,3.25966,0.0,0.003,0.45022,0.0,0.0,0.0,0.0
2018-11-26 11:00:00,2018-11-26 11:00,3.69055,3.24307,0.0,0.003,0.44448,0.0,0.0,0.0,0.0
2018-11-26 12:00:00,2018-11-26 12:00,3.37246,2.92388,0.0,0.003,0.44558,0.0,0.0,0.0,0.0
2018-11-26 13:00:00,2018-11-26 13:00,3.1386,2.68315,0.0,0.003,0.45245,0.0,0.0,0.0,0.0
2018-11-26 14:00:00,2018-11-26 14:00,3.0523,2.59674,0.0,0.003,0.45256,0.0,0.0,0.0,0.0
2018-11-26 15:00:00,2018-11-26 15:00,2.95379,2.49686,0.0,0.003,0.45393,0.0,0.0,0.0,0.0
2018-11-26 16:00:00,2018-11-26 16:00,2.90864,2.45217,0.0,0.003,0.45347,0.0,0.0,0.0,0.0
2018-11-26 17:00:00,2018-11-26 17:00,3.39137,2.48259,0.0,0.32457,0.58421,0.0,0.0,0.0,0.0
2018-11-26 18:00:00,2018-11-26 18:00,3.34354,2.31708,0.0,0.22055,0.80591,0.05995,0.0,0.0,0.05995
2018-11-26 19:00:00,2018-11-26 19:00,3.97553,2.76303,0.0,0.31786,0.89464,0.0,0.0,0.0,0.0
2018-11-26 20:00:00,2018-11-26 20:00,5.52447,3.00684,0.0,0.20081,2.31682,0.0,0.0,0.0,0.0
2018-11-26 21:00:00,2018-11-26 21:00,5.5864,3.12353,0.0,0.003,2.45987,0.0,0.0,0.0,0.0
2018-11-26 22:00:00,2018-11-26 22:00,4.00611,3.19879,0.0,0.003,0.80432,0.0,0.0,0.0,0.0
2018-11-26 23:00:00,2018-11-26 23:00,3.97322,3.28778,0.0,0.10643,0.57901,0.0,0.0,0.0,0.0
2018-11-27 00:00:00,2018-11-27 00:00,4.15782,3.30589,0.0,0.37318,0.47875,0.0,0.0,0.0,0.0
2018-11-27 01:00:00,2018-11-27 01:00,3.93837,3.48873,0.0,0.003,0.44664,0.0,0.0,0.0,0.0
2018-11-27 02:00:00,2018-11-27 02:00,4.10889,3.66485,0.0,0.003,0.44104,0.0,0.0,0.0,0.0
2018-11-27 03:00:00,2018-11-27 03:00,4.15116,3.70857,0.0,0.003,0.43959,0.0,0.0,0.0,0.0
2018-11-27 04:00:00,2018-11-27 04:00,4.15757,3.72077,0.0,0.003,0.4338,0.0,0.0,0.0,0.0
2018-11-27 05:00:00,2018-11-27 05:00,4.15562,3.72285,0.0,0.003,0.42977,0.0,0.0,0.0,0.0
2018-11-27 06:00:00,2018-11-27 06:00,4.15387,3.71181,0.0,0.003,0.43906,0.0,0.0,0.0,0.0
2018-11-27 07:00:00,2018-11-27 07:00,4.72229,3.96826,0.0,0.21367,0.54036,0.0,0.0,0.0,0.0
2018-11-27 08:00:00,2018-11-27 08:00,4.65578,3.6054,0.0,0.42041,0.62997,0.0,0.0,0.0,0.0
2018-11-27 09:00:00,2018-11-27 09:00,4.53578,3.55241,0.0,0.43393,0.54944,0.0,0.0,0.0,0.0
2018-11-27 10:00:00,2018-11-27 10:00,4.10447,3.58726,0.0,0.003,0.51421,0.0,0.0,0.0,0.0
2018-11-27 11:00:00,2018-11-27 11:00,3.68687,3.19756,0.0,0.003,0.48631,0.0,0.0,0.0,0.0
2018-11-27 12:00:00,2018-11-27 12:00,3.48693,2.99977,0.0,0.003,0.48416,0.0,0.0,0.0,0.0
2018-11-27 13:00:00,2018-11-27 13:00,3.67874,2.73502,0.0,0.42681,0.51691,0.0,0.0,0.0,0.0
2018-11-27 14:00:00,2018-11-27 14:00,2.90309,2.24235,0.0,0.07395,0.58679,0.06745,0.0,0.0,0.06745
2018-11-27 15:00:00,2018-11-27 15:00,2.67688,1.83141,0.0,0.20866,0.63681,0.11242,0.0,0.0,0.11242
2018-11-27 16:00:00,2018-11-27 16:00,2.86812,1.89074,0.0,0.42563,0.55175,0.06557,0.0,0.0,0.06557
2018-11-27 17:00:00,2018-11-27 17:00,2.57402,1.81681,0.0,0.10433,0.65288,0.09556,0.0,0.0,0.09556
2018-11-27 18:00:00,2018-11-27 18:00,2.69374,2.00664,0.0,0.003,0.6841,0.02622,0.0,0.0,0.02622
2018-11-27 19:00:00,2018-11-27 19:00,3.56838,2.31122,0.0,0.21065,1.04651,0.0,0.0,0.0,0.0
2018-11-27 20:00:00,2018-11-27 20:00,3.80476,2.36381,0.0,0.37886,1.06209,0.0,0.0,0.0,0.0
2018-11-27 21:00:00,2018-11-27 21:00,3.57548,2.53052,0.0,0.003,1.04196,0.0,0.0,0.0,0.0
2018-11-27 22:00:00,2018-11-27 22:00,3.74805,2.70232,0.0,0.003,1.04273,0.0,0.0,0.0,0.0
2018-11-27 23:00:00,2018-11-27 23:00,3.53285,2.95483,0.0,0.003,0.57502,0.0,0.0,0.0,0.0
2018-11-28 00:00:00,2018-11-28 00:00,3.59378,3.13961,0.0,0.003,0.45117,0.0,0.0,0.0,0.0
2018-11-28 01:00:00,2018-11-28 01:00,3.73024,3.28058,0.0,0.003,0.44666,0.0,0.0,0.0,0.0
2018-11-28 02:00:00,2018-11-28 02:00,3.85487,3.41083,0.0,0.003,0.44104,0.0,0.0,0.0,0.0
2018-11-28 03:00:00,2018-11-28 03:00,3.92754,3.48497,0.0,0.003,0.43957,0.0,0.0,0.0,0.0
2018-11-28 04:00:00,2018-11-28 04:00,3.94434,3.50775,0.0,0.003,0.43359,0.0,0.0,0.0,0.0
2018-11-28 05:00:00,2018-11-28 05:00,4.32452,3.45945,0.0,0.43597,0.4291,0.0,0.0,0.0,0.0
2018-11-28 06:00:00,2018-11-28 06:00,3.96928,3.44877,0.0,0.08512,0.43539,0.0,0.0,0.0,0.0
2018-11-28 07:00:00,2018-11-28 07:00,4.23554,3.59359,0.0,0.10715,0.5348,0.0,0.0,0.0,0.0
2018-11-28 08:00:00,2018-11-28 08:00,4.27488,3.28072,0.0,0.42229,0.57187,0.0,0.0,0.0,0.0
2018-11-28 09:00:00,2018-11-28 09:00,6.10171,3.25237,0.0,0.43704,2.4123,0.0,0.0,0.0,0.0
2018-11-28 10:00:00,2018-11-28 10:00,5.82352,3.06927,0.0,0.08712,2.66713,0.0,0.0,0.0,0.0
2018-11-28 11:00:00,2018-11-28 11:00,5.06594,2.7004,0.0,0.31343,2.05211,0.0,0.0,0.0,0.0
2018-11-28 12:00:00,2018-11-28 12:00,3.1348,2.3832,0.0,0.26421,0.48739,0.0,0.0,0.0,0.0
2018-11-28 13:00:00,2018-11-28 13:00,2.87744,2.42199,0.0,0.003,0.45245,0.0,0.0,0.0,0.0
2018-11-28 14:00:00,2018-11-28 14:00,2.87794,2.42238,0.0,0.003,0.45256,0.0,0.0,0.0,0.0
2018-11-28 15:00:00,2018-11-28 15:00,2.9011,2.44417,0.0,0.003,0.45393,0.0,0.0,0.0,0.0
2018-11-28 16:00:00,2018-11-28 16:00,2.96598,2.47843,0.0,0.003,0.48455,0.0,0.0,0.0,0.0
2018-11-28 17:00:00,2018-11-28 17:00,3.0268,2.37948,0.0,0.003,0.64432,0.02999,0.0,0.0,0.02999
2018-11-28 18:00:00,2018-11-28 18:00,3.44293,2.36835,0.0,0.32483,0.74975,0.0,0.0,0.0,0.0
2018-11-28 19:00:00,2018-11-28 19:00,3.26464,2.49383,0.0,0.05479,0.71602,0.0,0.0,0.0,0.0
2018-11-28 20:00:00,2018-11-28 20:00,3.39782,2.0884,0.0,0.20876,1.10066,0.06745,0.0,0.0,0.06745
2018-11-28 21:00:00,2018-11-28 21:00,3.4652,2.04661,0.0,0.32228,1.09631,0.05433,0.0,0.0,0.05433
2018-11-28 22:00:00,2018-11-28 22:00,3.04374,2.24703,0.0,0.003,0.79371,0.0,0.0,0.0,0.0
2018-11-28 23:00:00,2018-11-28 23:00,2.87191,2.30601,0.0,0.003,0.5629,0.0,0.0,0.0,0.0
2018-11-29 00:00:00,2018-11-29 00:00,2.83476,2.34114,0.0,0.003,0.49062,0.0,0.0,0.0,0.0
2018-11-29 01:00:00,2018-11-29 01:00,3.19705,2.3453,0.0,0.40007,0.45168,0.0,0.0,0.0,0.0
2018-11-29 02:00:00,2018-11-29 02:00,2.80094,2.35688,0.0,0.003,0.44106,0.0,0.0,0.0,0.0
2018-11-29 03:00:00,2018-11-29 03:00,2.86315,2.42059,0.0,0.003,0.43956,0.0,0.0,0.0,0.0
2018-11-29 04:00:00,2018-11-29 04:00,2.90117,2.46437,0.0,0.003,0.4338,0.0,0.0,0.0,0.0
2018-11-29 05:00:00,2018-11-29 05:00,2.88766,2.45492,0.0,0.003,0.42974,0.0,0.0,0.0,0.0
2018-11-29 06:00:00,2018-11-29 06:00,2.87438,2.43982,0.0,0.003,0.43156,0.0,0.0,0.0,0.0
2018-11-29 07:00:00,2018-11-29 07:00,3.07047,2.5606,0.0,0.003,0.50687,0.0,0.0,0.0,0.0
2018-11-29 08:00:00,2018-11-29 08:00,3.44544,2.41069,0.0,0.4186,0.61615,0.0,0.0,0.0,0.0
2018-11-29 09:00:00,2018-11-29 09:00,3.33112,2.34802,0.0,0.39688,0.58622,0.0,0.0,0.0,0.0
2018-11-29 10:00:00,2018-11-29 10:00,3.21986,2.27186,0.0,0.40814,0.53986,0.0,0.0,0.0,0.0
2018-11-29 11:00:00,2018-11-29 11:00,3.12458,2.19279,0.0,0.42279,0.509,0.0,0.0,0.0,0.0
2018-11-29 12:00:00,2018-11-29 12:00,3.09459,2.14992,0.0,0.43471,0.50996,0.0,0.0,0.0,0.0
2018-11-29 13:00:00,2018-11-29 13:00,2.81457,2.15708,0.0,0.14732,0.51017,0.0,0.0,0.0,0.0
2018-11-29 14:00:00,2018-11-29 14:00,2.57065,2.1151,0.0,0.003,0.45255,0.0,0.0,0.0,0.0
2018-11-29 15:00:00,2018-11-29 15:00,2.4922,2.03527,0.0,0.003,0.45393,0.0,0.0,0.0,0.0
2018-11-29 16:00:00,2018-11-29 16:00,2.51946,2.0006,0.0,0.003,0.51586,0.0,0.0,0.0,0.0
2018-11-29 17:00:00,2018-11-29 17:00,3.0107,1.96098,0.0,0.43328,0.61644,0.0,0.0,0.0,0.0
2018-11-29 18:00:00,2018-11-29 18:00,2.99685,1.94776,0.0,0.42585,0.62324,0.0,0.0,0.0,0.0
2018-11-29 19:00:00,2018-11-29 19:00,3.34241,2.03649,0.0,0.39771,0.90821,0.0,0.0,0.0,0.0
2018-11-29 20:00:00,2018-11-29 20:00,2.85969,1.63074,0.0,0.003,1.22595,0.06745,0.0,0.0,0.06745
2018-11-29 21:00:00,2018-11-29 21:00,2.70568,1.6064,0.0,0.003,1.09628,0.05433,0.0,0.0,0.05433
2018-11-29 22:00:00,2018-11-29 22:00,2.67127,1.8349,0.0,0.003,0.83337,0.0,0.0,0.0,0.0
2018-11-29 23:00:00,2018-11-29 23:00,2.40688,1.89825,0.0,0.003,0.50563,0.0,0.0,0.0,0.0
2018-11-30 00:00:00,2018-11-30 00:00,2.75346,1.93161,0.0,0.37068,0.45117,0.0,0.0,0.0,0.0
2018-11-30 01:00:00,2018-11-30 01:00,2.40933,1.95967,0.0,0.003,0.44666,0.0,0.0,0.0,0.0
2018-11-30 02:00:00,2018-11-30 02:00,2.41774,1.97368,0.0,0.003,0.44106,0.0,0.0,0.0,0.0
2018-11-30 03:00:00,2018-11-30 03:00,2.42331,1.98073,0.0,0.003,0.43958,0.0,0.0,0.0,0.0
2018-11-30 04:00:00,2018-11-30 04:00,2.42693,1.99014,0.0,0.003,0.43379,0.0,0.0,0.0,0.0
2018-11-30 05:00:00,2018-11-30 05:00,2.37219,1.93946,0.0,0.003,0.42973,0.0,0.0,0.0,0.0
2018-11-30 06:00:00,2018-11-30 06:00,2.39153,1.95334,0.0,0.003,0.43519,0.0,0.0,0.0,0.0
2018-11-30 07:00:00,2018-11-30 07:00,2.62567,2.10649,0.0,0.003,0.51618,0.0,0.0,0.0,0.0
2018-11-30 08:00:00,2018-11-30 08:00,2.90044,1.98738,0.0,0.32978,0.58328,0.0,0.0,0.0,0.0
2018-11-30 09:00:00,2018-11-30 09:00,4.33374,2.09383,0.0,0.25268,1.98723,0.0,0.0,0.0,0.0
2018-11-30 10:00:00,2018-11-30 10:00,4.57953,2.08228,0.0,0.003,2.49425,0.0,0.0,0.0,0.0
2018-11-30 11:00:00,2018-11-30 11:00,2.53021,1.84903,0.0,0.10771,0.57347,0.0,0.0,0.0,0.0
2018-11-30 12:00:00,2018-11-30 12:00,2.77972,1.77563,0.0,0.42955,0.57454,0.0,0.0,0.0,0.0
2018-11-30 13:00:00,2018-11-30 13:00,2.68852,1.77599,0.0,0.331,0.58153,0.0,0.0,0.0,0.0
2018-11-30 14:00:00,2018-11-30 14:00,2.36817,1.77879,0.0,0.003,0.58638,0.0,0.0,0.0,0.0
2018-11-30 15:00:00,2018-11-30 15:00,2.3236,1.7256,0.0,0.003,0.595,0.0,0.0,0.0,0.0
2018-11-30 16:00:00,2018-11-30 16:00,2.71606,1.71351,0.0,0.43219,0.57036,0.0,0.0,0.0,0.0
2018-11-30 17:00:00,2018-11-30 17:00,2.68159,1.8227,0.0,0.28552,0.57337,0.0,0.0,0.0,0.0
2018-11-30 18:00:00,2018-11-30 18:00,3.55259,1.90714,0.0,0.003,1.64245,0.0,0.0,0.0,0.0
2018-11-30 19:00:00,2018-11-30 19:00,3.48486,1.95544,0.0,0.321,1.20842,0.01124,0.0,0.0,0.01124
2018-11-30 20:00:00,2018-11-30 20:00,3.11871,1.70456,0.0,0.14109,1.27306,0.01875,0.0,0.0,0.01875
2018-11-30 21:00:00,2018-11-30 21:00,3.01974,1.80387,0.0,0.003,1.21287,0.0,0.0,0.0,0.0
2018-11-30 22:00:00,2018-11-30 22:00,3.33135,1.83652,0.0,0.43073,1.0641,0.0,0.0,0.0,0.0
2018-11-30 23:00:00,2018-11-30 23:00,2.65797,1.89318,0.0,0.13124,0.63355,0.0,0.0,0.0,0.0
2018-12-01 00:00:00,2018-12-01 00:00,2.44673,1.99242,0.0,0.003,0.45131,0.0,0.0,0.0,0.0
2018-12-01 01:00:00,2018-12-01 01:00,2.5136,2.0739,0.0,0.003,0.4367,0.0,0.0,0.0,0.0
2018-12-01 02:00:00,2018-12-01 02:00,2.57862,2.14426,0.0,0.003,0.43136,0.0,0.0,0.0,0.0
2018-12-01 03:00:00,2018-12-01 03:00,2.64356,2.21036,0.0,0.003,0.4302,0.0,0.0,0.0,0.0
2018-12-01 04:00:00,2018-12-01 04:00,2.68238,2.25471,0.0,0.003,0.42467,0.0,0.0,0.0,0.0
2018-12-01 05:00:00,2018-12-01 05:00,2.65215,2.22827,0.0,0.003,0.42088,0.0,0.0,0.0,0.0
2018-12-01 06:00:00,2018-12-01 06:00,2.66773,2.24202,0.0,0.003,0.42271,0.0,0.0,0.0,0.0
2018-12-01 07:00:00,2018-12-01 07:00,2.95812,2.36283,0.0,0.11098,0.48431,0.0,0.0,0.0,0.0
2018-12-01 08:00:00,2018-12-01 08:00,3.25521,2.28778,0.0,0.44723,0.5202,0.0,0.0,0.0,0.0
2018-12-01 09:00:00,2018-12-01 09:00,3.02148,2.27499,0.0,0.2073,0.53919,0.0,0.0,0.0,0.0
2018-12-01 10:00:00,2018-12-01 10:00,2.68778,2.0109,0.0,0.003,0.67388,0.06745,0.0,0.0,0.06745
2018-12-01 11:00:00,2018-12-01 11:00,2.65305,1.9602,0.0,0.10695,0.5859,0.02622,0.0,0.0,0.02622
2018-12-01 12:00:00,2018-12-01 12:00,3.16301,2.0774,0.0,0.43367,0.65194,0.0,0.0,0.0,0.0
2018-12-01 13:00:00,2018-12-01 13:00,2.90395,2.01384,0.0,0.10753,0.78258,0.0,0.0,0.0,0.0
2018-12-01 14:00:00,2018-12-01 14:00,2.69314,1.88221,0.0,0.003,0.80793,0.0,0.0,0.0,0.0
2018-12-01 15:00:00,2018-12-01 15:00,2.84435,1.89534,0.0,0.10805,0.84096,0.0,0.0,0.0,0.0
2018-12-01 16:00:00,2018-12-01 16:00,3.37671,2.0331,0.0,0.42874,0.91487,0.0,0.0,0.0,0.0
2018-12-01 17:00:00,2018-12-01 17:00,3.55856,1.95682,0.0,0.43794,1.1638,0.0,0.0,0.0,0.0
2018-12-01 18:00:00,2018-12-01 18:00,3.98623,1.77059,0.0,0.0402,2.17544,0.02999,0.0,0.0,0.02999
2018-12-01 19:00:00,2018-12-01 19:00,4.40613,1.97581,0.0,0.003,2.42732,0.0,0.0,0.0,0.0
2018-12-01 20:00:00,2018-12-01 20:00,3.49915,1.79451,0.0,0.2154,1.48924,0.0,0.0,0.0,0.0
2018-12-01 21:00:00,2018-12-01 21:00,3.51544,1.76244,0.0,0.30055,1.45245,0.0,0.0,0.0,0.0
2018-12-01 22:00:00,2018-12-01 22:00,3.13047,1.84392,0.0,0.003,1.28355,0.0,0.0,0.0,0.0
2018-12-01 23:00:00,2018-12-01 23:00,2.80393,1.91969,0.0,0.003,0.88124,0.0,0.0,0.0,0.0
2018-12-02 00:00:00,2018-12-02 00:00,2.48912,1.97755,0.0,0.003,0.50857,0.0,0.0,0.0,0.0
2018-12-02 01:00:00,2018-12-02 01:00,2.46866,1.99602,0.0,0.003,0.46964,0.0,0.0,0.0,0.0
2018-12-02 02:00:00,2018-12-02 02:00,2.43524,1.98052,0.0,0.003,0.45172,0.0,0.0,0.0,0.0
2018-12-02 03:00:00,2018-12-02 03:00,2.9043,2.01966,0.0,0.43992,0.44472,0.0,0.0,0.0,0.0
2018-12-02 04:00:00,2018-12-02 04:00,2.63566,2.04278,0.0,0.1563,0.43658,0.0,0.0,0.0,0.0
2018-12-02 05:00:00,2018-12-02 05:00,2.47709,2.05321,0.0,0.003,0.42088,0.0,0.0,0.0,0.0
2018-12-02 06:00:00,2018-12-02 06:00,2.47651,2.0508,0.0,0.003,0.42271,0.0,0.0,0.0,0.0
2018-12-02 07:00:00,2018-12-02 07:00,2.56288,2.09722,0.0,0.003,0.46266,0.0,0.0,0.0,0.0
2018-12-02 08:00:00,2018-12-02 08:00,2.54603,2.08448,0.0,0.003,0.45855,0.0,0.0,0.0,0.0
2018-12-02 09:00:00,2018-12-02 09:00,2.87808,2.12335,0.0,0.10924,0.64549,0.01124,0.0,0.0,0.01124
2018-12-02 10:00:00,2018-12-02 10:00,3.1419,1.99937,0.0,0.44404,0.69849,0.05059,0.0,0.0,0.05059
2018-12-02 11:00:00,2018-12-02 11:00,2.7657,2.07072,0.0,0.09726,0.59772,0.0,0.0,0.0,0.0
2018-12-02 12:00:00,2018-12-02 12:00,2.73787,1.96227,0.0,0.10679,0.66881,0.0,0.0,0.0,0.0
2018-12-02 13:00:00,2018-12-02 13:00,3.12754,1.94238,0.0,0.40258,0.78258,0.0,0.0,0.0,0.0
2018-12-02 14:00:00,2018-12-02 14:00,2.77329,1.96237,0.0,0.003,0.80792,0.0,0.0,0.0,0.0
2018-12-02 15:00:00,2018-12-02 15:00,3.10466,1.87577,0.0,0.43558,0.79331,0.0,0.0,0.0,0.0
2018-12-02 16:00:00,2018-12-02 16:00,2.79419,1.83674,0.0,0.21148,0.74597,0.0,0.0,0.0,0.0
2018-12-02 17:00:00,2018-12-02 17:00,2.9693,1.83926,0.0,0.3221,0.80794,0.0,0.0,0.0,0.0
2018-12-02 18:00:00,2018-12-02 18:00,2.78043,1.89242,0.0,0.003,0.88501,0.0,0.0,0.0,0.0
2018-12-02 19:00:00,2018-12-02 19:00,3.19747,2.0087,0.0,0.003,1.18577,0.0,0.0,0.0,0.0
2018-12-02 20:00:00,2018-12-02 20:00,4.09401,1.8608,0.0,0.003,2.23021,0.0,0.0,0.0,0.0
2018-12-02 21:00:00,2018-12-02 21:00,4.66893,1.87478,0.0,0.4354,2.35875,0.0,0.0,0.0,0.0
2018-12-02 22:00:00,2018-12-02 22:00,3.11857,1.83364,0.0,0.01622,1.26871,0.0,0.0,0.0,0.0
2018-12-02 23:00:00,2018-12-02 23:00,2.67984,1.89215,0.0,0.003,0.78469,0.0,0.0,0.0,0.0
2018-12-03 00:00:00,2018-12-03 00:00,2.44399,1.93277,0.0,0.003,0.50822,0.0,0.0,0.0,0.0
2018-12-03 01:00:00,2018-12-03 01:00,2.47458,2.0054,0.0,0.003,0.46618,0.0,0.0,0.0,0.0
2018-12-03 02:00:00,2018-12-03 02:00,2.47245,2.02012,0.0,0.003,0.44933,0.0,0.0,0.0,0.0
2018-12-03 03:00:00,2018-12-03 03:00,2.6866,2.03396,0.0,0.21819,0.43445,0.0,0.0,0.0,0.0
2018-12-03 04:00:00,2018-12-03 04:00,2.59386,2.02603,0.0,0.14442,0.42341,0.0,0.0,0.0,0.0
2018-12-03 05:00:00,2018-12-03 05:00,2.52746,2.09087,0.0,0.003,0.43359,0.01124,0.0,0.0,0.01124
2018-12-03 06:00:00,2018-12-03 06:00,2.52576,2.05184,0.0,0.003,0.47092,0.01875,0.0,0.0,0.01875
2018-12-03 07:00:00,2018-12-03 07:00,3.18887,2.25873,0.0,0.43803,0.49211,0.0,0.0,0.0,0.0
2018-12-03 08:00:00,2018-12-03 08:00,2.71613,2.12493,0.0,0.06251,0.52869,0.01124,0.0,0.0,0.01124
2018-12-03 09:00:00,2018-12-03 09:00,2.59648,2.00199,0.0,0.003,0.59149,0.06183,0.0,0.0,0.06183
2018-12-03 10:00:00,2018-12-03 10:00,2.66664,2.11548,0.0,0.003,0.54816,0.01875,0.0,0.0,0.01875
2018-12-03 11:00:00,2018-12-03 11:00,3.1323,2.17533,0.0,0.43184,0.52513,0.0,0.0,0.0,0.0
2018-12-03 12:00:00,2018-12-03 12:00,2.71485,2.19859,0.0,0.04513,0.47113,0.0,0.0,0.0,0.0
2018-12-03 13:00:00,2018-12-03 13:00,2.60043,2.15685,0.0,0.003,0.44058,0.0,0.0,0.0,0.0
2018-12-03 14:00:00,2018-12-03 14:00,2.57884,2.13513,0.0,0.003,0.44071,0.0,0.0,0.0,0.0
2018-12-03 15:00:00,2018-12-03 15:00,2.50567,2.06056,0.0,0.003,0.44211,0.0,0.0,0.0,0.0
2018-12-03 16:00:00,2018-12-03 16:00,2.60117,2.05578,0.0,0.003,0.54239,0.0,0.0,0.0,0.0
2018-12-03 17:00:00,2018-12-03 17:00,2.88609,2.05667,0.0,0.21771,0.61171,0.01124,0.0,0.0,0.01124
2018-12-03 18:00:00,2018-12-03 18:00,2.75823,1.6351,0.0,0.14824,0.97489,0.11242,0.0,0.0,0.11242
2018-12-03 19:00:00,2018-12-03 19:00,2.93521,1.73165,0.0,0.003,1.20056,0.11242,0.0,0.0,0.11242
2018-12-03 20:00:00,2018-12-03 20:00,2.98745,1.54633,0.0,0.10807,1.33305,0.11242,0.0,0.0,0.11242
2018-12-03 21:00:00,2018-12-03 21:00,3.63712,1.77389,0.0,0.43434,1.42889,0.03184,0.0,0.0,0.03184
2018-12-03 22:00:00,2018-12-03 22:00,3.2296,2.06132,0.0,0.10647,1.06181,0.0,0.0,0.0,0.0
2018-12-03 23:00:00,2018-12-03 23:00,2.95939,2.18701,0.0,0.003,0.76938,0.0,0.0,0.0,0.0
2018-12-04 00:00:00,2018-12-04 00:00,2.75317,2.28377,0.0,0.003,0.4664,0.0,0.0,0.0,0.0
2018-12-04 01:00:00,2018-12-04 01:00,2.81668,2.37823,0.0,0.003,0.43545,0.0,0.0,0.0,0.0
2018-12-04 02:00:00,2018-12-04 02:00,2.89093,2.45781,0.0,0.003,0.43012,0.0,0.0,0.0,0.0
2018-12-04 03:00:00,2018-12-04 03:00,2.91656,2.48463,0.0,0.003,0.42893,0.0,0.0,0.0,0.0
2018-12-04 04:00:00,2018-12-04 04:00,2.97621,2.54981,0.0,0.003,0.4234,0.0,0.0,0.0,0.0
2018-12-04 05:00:00,2018-12-04 05:00,2.95613,2.53079,0.0,0.003,0.42234,0.0,0.0,0.0,0.0
2018-12-04 06:00:00,2018-12-04 06:00,3.18784,2.49771,0.0,0.218,0.47213,0.0,0.0,0.0,0.0
2018-12-04 07:00:00,2018-12-04 07:00,3.74764,2.71955,0.0,0.43943,0.58866,0.0,0.0,0.0,0.0
2018-12-04 08:00:00,2018-12-04 08:00,3.70043,2.6502,0.0,0.41414,0.63609,0.0,0.0,0.0,0.0
2018-12-04 09:00:00,2018-12-04 09:00,3.88863,2.71851,0.0,0.40384,0.76628,0.0,0.0,0.0,0.0
2018-12-04 10:00:00,2018-12-04 10:00,5.76197,2.89249,0.0,0.40733,2.46215,0.0,0.0,0.0,0.0
2018-12-04 11:00:00,2018-12-04 11:00,4.17398,2.76397,0.0,0.41501,0.995,0.0,0.0,0.0,0.0
2018-12-04 12:00:00,2018-12-04 12:00,3.58851,2.72988,0.0,0.42435,0.43428,0.0,0.0,0.0,0.0
2018-12-04 13:00:00,2018-12-04 13:00,3.55971,2.69812,0.0,0.39803,0.46356,0.0,0.0,0.0,0.0
2018-12-04 14:00:00,2018-12-04 14:00,3.13146,2.68776,0.0,0.003,0.4407,0.0,0.0,0.0,0.0
2018-12-04 15:00:00,2018-12-04 15:00,3.16198,2.70545,0.0,0.003,0.45353,0.0,0.0,0.0,0.0
2018-12-04 16:00:00,2018-12-04 16:00,3.21044,2.64786,0.0,0.003,0.55958,0.0,0.0,0.0,0.0
2018-12-04 17:00:00,2018-12-04 17:00,3.22421,2.60211,0.0,0.003,0.6191,0.0,0.0,0.0,0.0
2018-12-04 18:00:00,2018-12-04 18:00,3.85295,2.56849,0.0,0.44074,0.84372,0.0,0.0,0.0,0.0
2018-12-04 19:00:00,2018-12-04 19:00,3.58279,2.75466,0.0,0.00891,0.81922,0.0,0.0,0.0,0.0
2018-12-04 20:00:00,2018-12-04 20:00,3.32189,2.51761,0.0,0.003,0.80128,0.03935,0.0,0.0,0.03935
2018-12-04 21:00:00,2018-12-04 21:00,3.7783,2.18894,0.0,0.32316,1.2662,0.08619,0.0,0.0,0.08619
2018-12-04 22:00:00,2018-12-04 22:00,3.45132,2.52903,0.0,0.09573,0.82656,0.0,0.0,0.0,0.0
2018-12-04 23:00:00,2018-12-04 23:00,3.14846,2.5672,0.0,0.003,0.57826,0.0,0.0,0.0,0.0
2018-12-05 00:00:00,2018-12-05 00:00,3.0337,2.59099,0.0,0.003,0.43971,0.0,0.0,0.0,0.0
2018-12-05 01:00:00,2018-12-05 01:00,2.96958,2.53113,0.0,0.003,0.43545,0.0,0.0,0.0,0.0
2018-12-05 02:00:00,2018-12-05 02:00,2.9462,2.51309,0.0,0.003,0.43011,0.0,0.0,0.0,0.0
2018-12-05 03:00:00,2018-12-05 03:00,2.91439,2.48248,0.0,0.003,0.42891,0.0,0.0,0.0,0.0
2018-12-05 04:00:00,2018-12-05 04:00,2.9096,2.48319,0.0,0.003,0.42341,0.0,0.0,0.0,0.0
2018-12-05 05:00:00,2018-12-05 05:00,3.01613,2.47635,0.0,0.10986,0.42992,0.0,0.0,0.0,0.0
2018-12-05 06:00:00,2018-12-05 06:00,3.32296,2.43269,0.0,0.41236,0.47791,0.0,0.0,0.0,0.0
2018-12-05 07:00:00,2018-12-05 07:00,3.61203,2.57621,0.0,0.40323,0.63259,0.0,0.0,0.0,0.0
2018-12-05 08:00:00,2018-12-05 08:00,3.41731,2.48131,0.0,0.39601,0.53999,0.0,0.0,0.0,0.0
2018-12-05 09:00:00,2018-12-05 09:00,3.39924,2.52893,0.0,0.42721,0.4431,0.0,0.0,0.0,0.0
2018-12-05 10:00:00,2018-12-05 10:00,3.34208,2.46209,0.0,0.43223,0.44776,0.0,0.0,0.0,0.0
2018-12-05 11:00:00,2018-12-05 11:00,2.79304,2.32017,0.0,0.003,0.46987,0.0,0.0,0.0,0.0
2018-12-05 12:00:00,2018-12-05 12:00,2.62645,2.18919,0.0,0.003,0.43426,0.0,0.0,0.0,0.0
2018-12-05 13:00:00,2018-12-05 13:00,2.50313,2.05954,0.0,0.003,0.44059,0.0,0.0,0.0,0.0
2018-12-05 14:00:00,2018-12-05 14:00,2.37738,1.93367,0.0,0.003,0.44071,0.0,0.0,0.0,0.0
2018-12-05 15:00:00,2018-12-05 15:00,2.37568,1.9306,0.0,0.003,0.44208,0.0,0.0,0.0,0.0
2018-12-05 16:00:00,2018-12-05 16:00,2.44577,2.00085,0.0,0.003,0.44192,0.0,0.0,0.0,0.0
2018-12-05 17:00:00,2018-12-05 17:00,2.87029,2.05011,0.0,0.22296,0.59722,0.0,0.0,0.0,0.0
2018-12-05 18:00:00,2018-12-05 18:00,3.19528,2.06224,0.0,0.28934,0.8437,0.0,0.0,0.0,0.0
2018-12-05 19:00:00,2018-12-05 19:00,3.31773,2.17151,0.0,0.003,1.14322,0.0,0.0,0.0,0.0
2018-12-05 20:00:00,2018-12-05 20:00,3.81961,2.16633,0.0,0.43264,1.22064,0.0,0.0,0.0,0.0
2018-12-05 21:00:00,2018-12-05 21:00,3.66731,2.26726,0.0,0.003,1.39705,0.0,0.0,0.0,0.0
2018-12-05 22:00:00,2018-12-05 22:00,3.35678,2.40972,0.0,0.003,0.94406,0.0,0.0,0.0,0.0
2018-12-05 23:00:00,2018-12-05 23:00,3.22254,2.50041,0.0,0.003,0.71913,0.0,0.0,0.0,0.0
2018-12-06 00:00:00,2018-12-06 00:00,3.18513,2.61848,0.0,0.003,0.56365,0.0,0.0,0.0,0.0
2018-12-06 01:00:00,2018-12-06 01:00,3.54837,2.87341,0.0,0.2108,0.46416,0.0,0.0,0.0,0.0
2018-12-06 02:00:00,2018-12-06 02:00,3.68355,2.94523,0.0,0.3082,0.43012,0.0,0.0,0.0,0.0
2018-12-06 03:00:00,2018-12-06 03:00,3.35239,2.92046,0.0,0.003,0.42893,0.0,0.0,0.0,0.0
2018-12-06 04:00:00,2018-12-06 04:00,3.34517,2.91877,0.0,0.003,0.4234,0.0,0.0,0.0,0.0
2018-12-06 05:00:00,2018-12-06 05:00,3.29224,2.8696,0.0,0.003,0.41964,0.0,0.0,0.0,0.0
2018-12-06 06:00:00,2018-12-06 06:00,3.29986,2.8697,0.0,0.003,0.42716,0.0,0.0,0.0,0.0
2018-12-06 07:00:00,2018-12-06 07:00,3.68384,2.99911,0.0,0.10793,0.5768,0.01124,0.0,0.0,0.01124
2018-12-06 08:00:00,2018-12-06 08:00,3.94918,2.87825,0.0,0.43333,0.6376,0.01875,0.0,0.0,0.01875
2018-12-06 09:00:00,2018-12-06 09:00,3.62212,2.99909,0.0,0.09334,0.52969,0.0,0.0,0.0,0.0
2018-12-06 10:00:00,2018-12-06 10:00,3.94658,2.99253,0.0,0.42463,0.52942,0.0,0.0,0.0,0.0
2018-12-06 11:00:00,2018-12-06 11:00,3.89527,3.01479,0.0,0.36467,0.51581,0.0,0.0,0.0,0.0
2018-12-06 12:00:00,2018-12-06 12:00,3.48905,3.05177,0.0,0.003,0.43428,0.0,0.0,0.0,0.0
2018-12-06 13:00:00,2018-12-06 13:00,3.43177,2.98819,0.0,0.003,0.44058,0.0,0.0,0.0,0.0
2018-12-06 14:00:00,2018-12-06 14:00,3.26108,2.75971,0.0,0.003,0.49837,0.0,0.0,0.0,0.0
2018-12-06 15:00:00,2018-12-06 15:00,3.59111,2.6639,0.0,0.31061,0.6166,0.0,0.0,0.0,0.0
2018-12-06 16:00:00,2018-12-06 16:00,3.72896,2.74071,0.0,0.42868,0.55957,0.0,0.0,0.0,0.0
2018-12-06 17:00:00,2018-12-06 17:00,3.66777,2.94327,0.0,0.12402,0.60048,0.0,0.0,0.0,0.0
2018-12-06 18:00:00,2018-12-06 18:00,4.09902,3.21159,0.0,0.003,0.88443,0.0,0.0,0.0,0.0
2018-12-06 19:00:00,2018-12-06 19:00,4.80466,3.515,0.0,0.003,1.28666,0.0,0.0,0.0,0.0
2018-12-06 20:00:00,2018-12-06 20:00,4.63809,3.43848,0.0,0.003,1.19661,0.0,0.0,0.0,0.0
2018-12-06 21:00:00,2018-12-06 21:00,5.40005,3.75852,0.0,0.32025,1.32128,0.0,0.0,0.0,0.0
2018-12-06 22:00:00,2018-12-06 22:00,5.53357,4.07003,0.0,0.20112,1.26242,0.0,0.0,0.0,0.0
2018-12-06 23:00:00,2018-12-06 23:00,5.21856,4.46045,0.0,0.003,0.75511,0.0,0.0,0.0,0.0
2018-12-07 00:00:00,2018-12-07 00:00,5.28011,4.77729,0.0,0.003,0.49982,0.0,0.0,0.0,0.0
2018-12-07 01:00:00,2018-12-07 01:00,5.3356,4.89715,0.0,0.003,0.43545,0.0,0.0,0.0,0.0
2018-12-07 02:00:00,2018-12-07 02:00,5.45232,5.01921,0.0,0.003,0.43011,0.0,0.0,0.0,0.0
2018-12-07 03:00:00,2018-12-07 03:00,5.44296,5.01105,0.0,0.003,0.42891,0.0,0.0,0.0,0.0
2018-12-07 04:00:00,2018-12-07 04:00,5.1596,4.73317,0.0,0.003,0.42343,0.0,0.0,0.0,0.0
2018-12-07 05:00:00,2018-12-07 05:00,4.86002,4.43738,0.0,0.003,0.41964,0.0,0.0,0.0,0.0
2018-12-07 06:00:00,2018-12-07 06:00,5.12496,4.25924,0.0,0.42471,0.44101,0.0,0.0,0.0,0.0
2018-12-07 07:00:00,2018-12-07 07:00,5.21093,4.24908,0.0,0.43292,0.52893,0.0,0.0,0.0,0.0
2018-12-07 08:00:00,2018-12-07 08:00,4.88866,3.94833,0.0,0.33532,0.60501,0.0,0.0,0.0,0.0
2018-12-07 09:00:00,2018-12-07 09:00,4.6678,3.72389,0.0,0.10358,0.84033,0.0,0.0,0.0,0.0
2018-12-07 10:00:00,2018-12-07 10:00,6.64728,3.70642,0.0,0.41049,2.53037,0.0,0.0,0.0,0.0
2018-12-07 11:00:00,2018-12-07 11:00,5.51878,3.41142,0.0,0.43319,1.67417,0.0,0.0,0.0,0.0
2018-12-07 12:00:00,2018-12-07 12:00,3.71082,3.02626,0.0,0.15792,0.52664,0.0,0.0,0.0,0.0
2018-12-07 13:00:00,2018-12-07 13:00,3.16639,2.66273,0.0,0.003,0.50066,0.0,0.0,0.0,0.0
2018-12-07 14:00:00,2018-12-07 14:00,2.92168,2.47797,0.0,0.003,0.44071,0.0,0.0,0.0,0.0
2018-12-07 15:00:00,2018-12-07 15:00,2.92819,2.4831,0.0,0.003,0.44209,0.0,0.0,0.0,0.0
2018-12-07 16:00:00,2018-12-07 16:00,3.01517,2.57021,0.0,0.003,0.44196,0.0,0.0,0.0,0.0
2018-12-07 17:00:00,2018-12-07 17:00,3.18762,2.679,0.0,0.003,0.50562,0.0,0.0,0.0,0.0
2018-12-07 18:00:00,2018-12-07 18:00,3.8598,2.78236,0.0,0.42262,0.65482,0.0,0.0,0.0,0.0
2018-12-07 19:00:00,2018-12-07 19:00,4.13081,3.04702,0.0,0.16303,0.92076,0.0,0.0,0.0,0.0
2018-12-07 20:00:00,2018-12-07 20:00,4.08981,3.04712,0.0,0.003,1.03969,0.0,0.0,0.0,0.0
2018-12-07 21:00:00,2018-12-07 21:00,4.45473,3.0702,0.0,0.003,1.38153,0.0,0.0,0.0,0.0
2018-12-07 22:00:00,2018-12-07 22:00,4.75105,3.29132,0.0,0.21145,1.24828,0.0,0.0,0.0,0.0
2018-12-07 23:00:00,2018-12-07 23:00,4.58402,3.50317,0.0,0.35368,0.72717,0.0,0.0,0.0,0.0
2018-12-08 00:00:00,2018-12-08 00:00,4.1497,3.70686,0.0,0.003,0.43984,0.0,0.0,0.0,0.0
2018-12-08 01:00:00,2018-12-08 01:00,4.39555,3.95585,0.0,0.003,0.4367,0.0,0.0,0.0,0.0
2018-12-08 02:00:00,2018-12-08 02:00,4.58265,4.14828,0.0,0.003,0.43137,0.0,0.0,0.0,0.0
2018-12-08 03:00:00,2018-12-08 03:00,4.57291,4.13975,0.0,0.003,0.43016,0.0,0.0,0.0,0.0
2018-12-08 04:00:00,2018-12-08 04:00,4.57441,4.11355,0.0,0.003,0.45786,0.02999,0.0,0.0,0.02999
2018-12-08 05:00:00,2018-12-08 05:00,4.65057,4.22669,0.0,0.003,0.42088,0.0,0.0,0.0,0.0
2018-12-08 06:00:00,2018-12-08 06:00,4.53312,4.10741,0.0,0.003,0.42271,0.0,0.0,0.0,0.0
2018-12-08 07:00:00,2018-12-08 07:00,4.69443,4.22879,0.0,0.003,0.46264,0.0,0.0,0.0,0.0
2018-12-08 08:00:00,2018-12-08 08:00,4.33497,3.84336,0.0,0.003,0.48861,0.0,0.0,0.0,0.0
2018-12-08 09:00:00,2018-12-08 09:00,4.45861,3.35973,0.0,0.43024,0.66864,0.06183,0.0,0.0,0.06183
2018-12-08 10:00:00,2018-12-08 10:00,4.35379,3.16789,0.0,0.43376,0.75214,0.0,0.0,0.0,0.0
2018-12-08 11:00:00,2018-12-08 11:00,3.84831,2.91704,0.0,0.1428,0.78847,0.0,0.0,0.0,0.0
2018-12-08 12:00:00,2018-12-08 12:00,3.51538,2.74399,0.0,0.003,0.76839,0.0,0.0,0.0,0.0
2018-12-08 13:00:00,2018-12-08 13:00,3.46056,2.57152,0.0,0.10647,0.78257,0.0,0.0,0.0,0.0
2018-12-08 14:00:00,2018-12-08 14:00,3.54007,2.42997,0.0,0.37574,0.73436,0.0,0.0,0.0,0.0
2018-12-08 15:00:00,2018-12-08 15:00,3.03271,2.33646,0.0,0.003,0.69325,0.0,0.0,0.0,0.0
2018-12-08 16:00:00,2018-12-08 16:00,3.15586,2.31516,0.0,0.20889,0.63181,0.0,0.0,0.0,0.0
2018-12-08 17:00:00,2018-12-08 17:00,3.40812,2.33182,0.0,0.42627,0.65003,0.0,0.0,0.0,0.0
2018-12-08 18:00:00,2018-12-08 18:00,3.49288,2.23516,0.0,0.36146,0.89626,0.01124,0.0,0.0,0.01124
2018-12-08 19:00:00,2018-12-08 19:00,3.23586,2.14092,0.0,0.003,1.09194,0.08243,0.0,0.0,0.08243
2018-12-08 20:00:00,2018-12-08 20:00,3.65255,2.4145,0.0,0.003,1.23505,0.0,0.0,0.0,0.0
2018-12-08 21:00:00,2018-12-08 21:00,3.93273,2.72317,0.0,0.003,1.20656,0.0,0.0,0.0,0.0
2018-12-08 22:00:00,2018-12-08 22:00,4.09543,2.84076,0.0,0.003,1.25167,0.0,0.0,0.0,0.0
2018-12-08 23:00:00,2018-12-08 23:00,3.8303,2.83506,0.0,0.003,0.99224,0.0,0.0,0.0,0.0
2018-12-09 00:00:00,2018-12-09 00:00,3.66691,2.83441,0.0,0.32392,0.50858,0.0,0.0,0.0,0.0
2018-12-09 01:00:00,2018-12-09 01:00,3.36692,2.84101,0.0,0.0584,0.46751,0.0,0.0,0.0,0.0
2018-12-09 02:00:00,2018-12-09 02:00,3.38016,2.9458,0.0,0.003,0.43136,0.0,0.0,0.0,0.0
2018-12-09 03:00:00,2018-12-09 03:00,3.49546,3.06227,0.0,0.003,0.43019,0.0,0.0,0.0,0.0
2018-12-09 04:00:00,2018-12-09 04:00,3.60282,3.17373,0.0,0.003,0.42609,0.0,0.0,0.0,0.0
2018-12-09 05:00:00,2018-12-09 05:00,4.09374,3.23526,0.0,0.42158,0.4369,0.0,0.0,0.0,0.0
2018-12-09 06:00:00,2018-12-09 06:00,3.99214,3.23123,0.0,0.30927,0.45164,0.0,0.0,0.0,0.0
2018-12-09 07:00:00,2018-12-09 07:00,3.99875,3.47529,0.0,0.003,0.52046,0.0,0.0,0.0,0.0
2018-12-09 08:00:00,2018-12-09 08:00,3.91875,3.37675,0.0,0.003,0.539,0.0,0.0,0.0,0.0
2018-12-09 09:00:00,2018-12-09 09:00,4.1719,3.23064,0.0,0.21173,0.72953,0.0,0.0,0.0,0.0
2018-12-09 10:00:00,2018-12-09 10:00,3.89987,2.87244,0.0,0.34176,0.68567,0.01124,0.0,0.0,0.01124
2018-12-09 11:00:00,2018-12-09 11:00,3.02019,2.108,0.0,0.003,0.90919,0.08243,0.0,0.0,0.08243
2018-12-09 12:00:00,2018-12-09 12:00,2.99786,2.11523,0.0,0.003,0.87963,0.0,0.0,0.0,0.0
2018-12-09 13:00:00,2018-12-09 13:00,3.15214,2.04409,0.0,0.21197,0.89608,0.0,0.0,0.0,0.0
2018-12-09 14:00:00,2018-12-09 14:00,3.30994,1.94948,0.0,0.4303,0.93016,0.0,0.0,0.0,0.0
2018-12-09 15:00:00,2018-12-09 15:00,2.85095,1.88951,0.0,0.003,0.95844,0.0,0.0,0.0,0.0
2018-12-09 16:00:00,2018-12-09 16:00,2.76425,1.99299,0.0,0.003,0.76826,0.0,0.0,0.0,0.0
2018-12-09 17:00:00,2018-12-09 17:00,3.2261,2.17023,0.0,0.003,1.05287,0.0,0.0,0.0,0.0
2018-12-09 18:00:00,2018-12-09 18:00,5.27438,2.44518,0.0,0.32026,2.50894,0.0,0.0,0.0,0.0
2018-12-09 19:00:00,2018-12-09 19:00,6.57811,3.0082,0.0,0.19584,3.37407,0.0,0.0,0.0,0.0
2018-12-09 20:00:00,2018-12-09 20:00,6.18725,2.79627,0.0,0.003,3.38798,0.0,0.0,0.0,0.0
2018-12-09 21:00:00,2018-12-09 21:00,6.37594,2.95108,0.0,0.003,3.42186,0.0,0.0,0.0,0.0
2018-12-09 22:00:00,2018-12-09 22:00,6.69538,3.14207,0.0,0.32241,3.2309,0.0,0.0,0.0,0.0
2018-12-09 23:00:00,2018-12-09 23:00,4.96234,3.31196,0.0,0.11295,1.53743,0.0,0.0,0.0,0.0
2018-12-10 00:00:00,2018-12-10 00:00,4.05228,3.54107,0.0,0.003,0.50821,0.0,0.0,0.0,0.0
2018-12-10 01:00:00,2018-12-10 01:00,4.11582,3.64866,0.0,0.003,0.46416,0.0,0.0,0.0,0.0
2018-12-10 02:00:00,2018-12-10 02:00,4.20633,3.77319,0.0,0.003,0.43014,0.0,0.0,0.0,0.0
2018-12-10 03:00:00,2018-12-10 03:00,4.26875,3.83683,0.0,0.003,0.42892,0.0,0.0,0.0,0.0
2018-12-10 04:00:00,2018-12-10 04:00,4.18033,3.71591,0.0,0.003,0.46142,0.02999,0.0,0.0,0.02999
2018-12-10 05:00:00,2018-12-10 05:00,4.33538,3.68454,0.0,0.21192,0.43892,0.0,0.0,0.0,0.0
2018-12-10 06:00:00,2018-12-10 06:00,4.44048,3.53908,0.0,0.41799,0.48341,0.0,0.0,0.0,0.0
2018-12-10 07:00:00,2018-12-10 07:00,4.50786,3.51194,0.0,0.43065,0.56527,0.0,0.0,0.0,0.0
2018-12-10 08:00:00,2018-12-10 08:00,3.90138,3.29829,0.0,0.14731,0.45578,0.0,0.0,0.0,0.0
2018-12-10 09:00:00,2018-12-10 09:00,4.0727,3.26376,0.0,0.21087,0.59807,0.0,0.0,0.0,0.0
2018-12-10 10:00:00,2018-12-10 10:00,3.91276,3.21042,0.0,0.2637,0.43864,0.0,0.0,0.0,0.0
2018-12-10 11:00:00,2018-12-10 11:00,3.47777,3.0416,0.0,0.003,0.43317,0.0,0.0,0.0,0.0
2018-12-10 12:00:00,2018-12-10 12:00,3.3771,2.93984,0.0,0.003,0.43426,0.0,0.0,0.0,0.0
2018-12-10 13:00:00,2018-12-10 13:00,3.41593,2.9031,0.0,0.003,0.50983,0.0,0.0,0.0,0.0
2018-12-10 14:00:00,2018-12-10 14:00,3.26045,2.81673,0.0,0.003,0.44072,0.0,0.0,0.0,0.0
2018-12-10 15:00:00,2018-12-10 15:00,3.14508,2.68854,0.0,0.003,0.45354,0.0,0.0,0.0,0.0
2018-12-10 16:00:00,2018-12-10 16:00,3.57937,2.5557,0.0,0.42074,0.60293,0.0,0.0,0.0,0.0
2018-12-10 17:00:00,2018-12-10 17:00,3.63429,2.57217,0.0,0.31096,0.75116,0.0,0.0,0.0,0.0
2018-12-10 18:00:00,2018-12-10 18:00,3.57266,2.72594,0.0,0.003,0.84372,0.0,0.0,0.0,0.0
2018-12-10 19:00:00,2018-12-10 19:00,4.10852,2.93818,0.0,0.003,1.16734,0.0,0.0,0.0,0.0
2018-12-10 20:00:00,2018-12-10 20:00,4.19774,2.61437,0.0,0.10588,1.47749,0.03935,0.0,0.0,0.03935
2018-12-10 21:00:00,2018-12-10 21:00,4.45937,2.55922,0.0,0.42815,1.472,0.05433,0.0,0.0,0.05433
2018-12-10 22:00:00,2018-12-10 22:00,4.29169,2.92467,0.0,0.13288,1.23414,0.0,0.0,0.0,0.0
2018-12-10 23:00:00,2018-12-10 23:00,3.80718,3.19784,0.0,0.003,0.60634,0.0,0.0,0.0,0.0
2018-12-11 00:00:00,2018-12-11 00:00,3.81353,3.30749,0.0,0.003,0.50304,0.0,0.0,0.0,0.0
2018-12-11 01:00:00,2018-12-11 01:00,3.82372,3.35455,0.0,0.003,0.46617,0.0,0.0,0.0,0.0
2018-12-11 02:00:00,2018-12-11 02:00,4.18441,3.35137,0.0,0.38517,0.44787,0.0,0.0,0.0,0.0
2018-12-11 03:00:00,2018-12-11 03:00,3.93454,3.50263,0.0,0.003,0.42891,0.0,0.0,0.0,0.0
2018-12-11 04:00:00,2018-12-11 04:00,4.04827,3.62185,0.0,0.003,0.42342,0.0,0.0,0.0,0.0
2018-12-11 05:00:00,2018-12-11 05:00,4.19065,3.768,0.0,0.003,0.41965,0.0,0.0,0.0,0.0
2018-12-11 06:00:00,2018-12-11 06:00,4.41999,3.95541,0.0,0.003,0.46158,0.0,0.0,0.0,0.0
2018-12-11 07:00:00,2018-12-11 07:00,7.39329,4.40437,0.0,0.4221,2.56682,0.02999,0.0,0.0,0.02999
2018-12-11 08:00:00,2018-12-11 08:00,6.1319,3.9081,0.0,0.41481,1.80899,0.02999,0.0,0.0,0.02999
2018-12-11 09:00:00,2018-12-11 09:00,4.90155,3.87498,0.0,0.42964,0.59693,0.01124,0.0,0.0,0.01124
2018-12-11 10:00:00,2018-12-11 10:00,4.25287,3.50943,0.0,0.19527,0.54817,0.01875,0.0,0.0,0.01875
2018-12-11 11:00:00,2018-12-11 11:00,3.56076,3.0879,0.0,0.003,0.46986,0.0,0.0,0.0,0.0
2018-12-11 12:00:00,2018-12-11 12:00,3.1834,2.74613,0.0,0.003,0.43427,0.0,0.0,0.0,0.0
2018-12-11 13:00:00,2018-12-11 13:00,2.85756,2.41398,0.0,0.003,0.44058,0.0,0.0,0.0,0.0
2018-12-11 14:00:00,2018-12-11 14:00,2.62266,2.17895,0.0,0.003,0.44071,0.0,0.0,0.0,0.0
2018-12-11 15:00:00,2018-12-11 15:00,2.55046,2.10537,0.0,0.003,0.44209,0.0,0.0,0.0,0.0
2018-12-11 16:00:00,2018-12-11 16:00,2.54084,2.0959,0.0,0.003,0.44194,0.0,0.0,0.0,0.0
2018-12-11 17:00:00,2018-12-11 17:00,2.63207,2.09346,0.0,0.003,0.53561,0.02999,0.0,0.0,0.02999
2018-12-11 18:00:00,2018-12-11 18:00,3.47519,2.24221,0.0,0.41705,0.81593,0.0,0.0,0.0,0.0
2018-12-11 19:00:00,2018-12-11 19:00,3.3847,2.40368,0.0,0.003,0.97802,0.0,0.0,0.0,0.0
2018-12-11 20:00:00,2018-12-11 20:00,3.61193,2.28428,0.0,0.10703,1.22062,0.0,0.0,0.0,0.0
2018-12-11 21:00:00,2018-12-11 21:00,4.04734,2.29573,0.0,0.33392,1.41769,0.0,0.0,0.0,0.0
2018-12-11 22:00:00,2018-12-11 22:00,3.61703,2.35162,0.0,0.003,1.26241,0.0,0.0,0.0,0.0
2018-12-11 23:00:00,2018-12-11 23:00,3.38332,2.47658,0.0,0.003,0.90374,0.0,0.0,0.0,0.0
2018-12-12 00:00:00,2018-12-12 00:00,3.08578,2.55286,0.0,0.003,0.52992,0.0,0.0,0.0,0.0
2018-12-12 01:00:00,2018-12-12 01:00,2.97525,2.50808,0.0,0.003,0.46417,0.0,0.0,0.0,0.0
2018-12-12 02:00:00,2018-12-12 02:00,2.94564,2.51255,0.0,0.003,0.43009,0.0,0.0,0.0,0.0
2018-12-12 03:00:00,2018-12-12 03:00,2.96423,2.53229,0.0,0.003,0.42894,0.0,0.0,0.0,0.0
2018-12-12 04:00:00,2018-12-12 04:00,2.89711,2.46926,0.0,0.003,0.42485,0.0,0.0,0.0,0.0
2018-12-12 05:00:00,2018-12-12 05:00,3.33344,2.46842,0.0,0.43667,0.42835,0.0,0.0,0.0,0.0
2018-12-12 06:00:00,2018-12-12 06:00,3.04045,2.51241,0.0,0.04309,0.48495,0.0,0.0,0.0,0.0
2018-12-12 07:00:00,2018-12-12 07:00,3.69843,2.63928,0.0,0.42655,0.6326,0.0,0.0,0.0,0.0
2018-12-12 08:00:00,2018-12-12 08:00,3.4578,2.53808,0.0,0.38206,0.53766,0.0,0.0,0.0,0.0
2018-12-12 09:00:00,2018-12-12 09:00,3.13171,2.51233,0.0,0.003,0.61638,0.0,0.0,0.0,0.0
2018-12-12 10:00:00,2018-12-12 10:00,3.15016,2.42392,0.0,0.10595,0.62029,0.0,0.0,0.0,0.0
2018-12-12 11:00:00,2018-12-12 11:00,3.26008,2.28998,0.0,0.40828,0.56182,0.0,0.0,0.0,0.0
2018-12-12 12:00:00,2018-12-12 12:00,2.74226,2.21261,0.0,0.003,0.52665,0.0,0.0,0.0,0.0
2018-12-12 13:00:00,2018-12-12 13:00,3.05431,2.10619,0.0,0.42434,0.52378,0.0,0.0,0.0,0.0
2018-12-12 14:00:00,2018-12-12 14:00,2.66523,1.93884,0.0,0.1741,0.55229,0.02999,0.0,0.0,0.02999
2018-12-12 15:00:00,2018-12-12 15:00,2.58267,1.98742,0.0,0.003,0.59225,0.0,0.0,0.0,0.0
2018-12-12 16:00:00,2018-12-12 16:00,2.68258,2.08844,0.0,0.10643,0.48771,0.0,0.0,0.0,0.0
2018-12-12 17:00:00,2018-12-12 17:00,3.08961,2.12487,0.0,0.36753,0.59721,0.0,0.0,0.0,0.0
2018-12-12 18:00:00,2018-12-12 18:00,2.95363,2.10692,0.0,0.003,0.84371,0.0,0.0,0.0,0.0
2018-12-12 19:00:00,2018-12-12 19:00,3.49915,2.25666,0.0,0.1074,1.13509,0.0,0.0,0.0,0.0
2018-12-12 20:00:00,2018-12-12 20:00,4.59858,2.12052,0.0,0.43523,2.04283,0.0,0.0,0.0,0.0
2018-12-12 21:00:00,2018-12-12 21:00,3.62426,2.12613,0.0,0.08044,1.41769,0.0,0.0,0.0,0.0
2018-12-12 22:00:00,2018-12-12 22:00,3.32723,2.17953,0.0,0.003,1.1447,0.0,0.0,0.0,0.0
2018-12-12 23:00:00,2018-12-12 23:00,3.46261,2.33726,0.0,0.42682,0.69853,0.0,0.0,0.0,0.0
2018-12-13 00:00:00,2018-12-13 00:00,3.01752,2.42628,0.0,0.0882,0.50304,0.0,0.0,0.0,0.0
2018-12-13 01:00:00,2018-12-13 01:00,2.9766,2.50744,0.0,0.003,0.46616,0.0,0.0,0.0,0.0
2018-12-13 02:00:00,2018-12-13 02:00,3.00626,2.5554,0.0,0.003,0.44786,0.0,0.0,0.0,0.0
2018-12-13 03:00:00,2018-12-13 03:00,2.98625,2.55433,0.0,0.003,0.42892,0.0,0.0,0.0,0.0
2018-12-13 04:00:00,2018-12-13 04:00,2.96974,2.54332,0.0,0.003,0.42342,0.0,0.0,0.0,0.0
2018-12-13 05:00:00,2018-12-13 05:00,3.04414,2.62151,0.0,0.003,0.41963,0.0,0.0,0.0,0.0
2018-12-13 06:00:00,2018-12-13 06:00,2.95816,2.42676,0.0,0.003,0.5284,0.06745,0.0,0.0,0.06745
2018-12-13 07:00:00,2018-12-13 07:00,3.55033,2.54697,0.0,0.32305,0.68031,0.02622,0.0,0.0,0.02622
2018-12-13 08:00:00,2018-12-13 08:00,3.5932,2.49965,0.0,0.4347,0.65885,0.0,0.0,0.0,0.0
2018-12-13 09:00:00,2018-12-13 09:00,3.47319,2.55432,0.0,0.42853,0.49034,0.0,0.0,0.0,0.0
2018-12-13 10:00:00,2018-12-13 10:00,3.10465,2.46007,0.0,0.20591,0.43867,0.0,0.0,0.0,0.0
2018-12-13 11:00:00,2018-12-13 11:00,2.82113,2.38495,0.0,0.003,0.43318,0.0,0.0,0.0,0.0
2018-12-13 12:00:00,2018-12-13 12:00,2.77363,2.21167,0.0,0.003,0.55896,0.0,0.0,0.0,0.0
2018-12-13 13:00:00,2018-12-13 13:00,2.93468,2.08339,0.0,0.3178,0.53349,0.0,0.0,0.0,0.0
2018-12-13 14:00:00,2018-12-13 14:00,2.93896,1.96412,0.0,0.43809,0.53675,0.0,0.0,0.0,0.0
2018-12-13 15:00:00,2018-12-13 15:00,2.49918,1.62987,0.0,0.19811,0.6712,0.06745,0.0,0.0,0.06745
2018-12-13 16:00:00,2018-12-13 16:00,2.12522,1.33252,0.0,0.003,0.7897,0.11242,0.0,0.0,0.11242
2018-12-13 17:00:00,2018-12-13 17:00,2.5526,1.40699,0.0,0.32137,0.82424,0.07307,0.0,0.0,0.07307
2018-12-13 18:00:00,2018-12-13 18:00,2.64219,1.71313,0.0,0.08536,0.8437,0.0,0.0,0.0,0.0
2018-12-13 19:00:00,2018-12-13 19:00,2.78042,1.79941,0.0,0.003,0.97801,0.0,0.0,0.0,0.0
2018-12-13 20:00:00,2018-12-13 20:00,3.00697,1.60212,0.0,0.003,1.40185,0.0,0.0,0.0,0.0
2018-12-13 21:00:00,2018-12-13 21:00,3.25123,1.66323,0.0,0.21168,1.37632,0.0,0.0,0.0,0.0
2018-12-13 22:00:00,2018-12-13 22:00,3.06811,1.80227,0.0,0.40465,0.86119,0.0,0.0,0.0,0.0
2018-12-13 23:00:00,2018-12-13 23:00,2.58022,1.86463,0.0,0.003,0.71259,0.0,0.0,0.0,0.0
2018-12-14 00:00:00,2018-12-14 00:00,2.42267,1.96997,0.0,0.003,0.4497,0.0,0.0,0.0,0.0
2018-12-14 01:00:00,2018-12-14 01:00,2.49884,2.06038,0.0,0.003,0.43546,0.0,0.0,0.0,0.0
2018-12-14 02:00:00,2018-12-14 02:00,2.58175,2.14863,0.0,0.003,0.43012,0.0,0.0,0.0,0.0
2018-12-14 03:00:00,2018-12-14 03:00,2.60318,2.17125,0.0,0.003,0.42893,0.0,0.0,0.0,0.0
2018-12-14 04:00:00,2018-12-14 04:00,2.65369,2.22728,0.0,0.003,0.42341,0.0,0.0,0.0,0.0
2018-12-14 05:00:00,2018-12-14 05:00,2.74809,2.31992,0.0,0.003,0.42517,0.0,0.0,0.0,0.0
2018-12-14 06:00:00,2018-12-14 06:00,3.32419,2.4064,0.0,0.42859,0.4892,0.0,0.0,0.0,0.0
2018-12-14 07:00:00,2018-12-14 07:00,3.67796,2.61661,0.0,0.42096,0.64039,0.0,0.0,0.0,0.0
2018-12-14 08:00:00,2018-12-14 08:00,3.56104,2.489,0.0,0.41453,0.65751,0.02999,0.0,0.0,0.02999
2018-12-14 09:00:00,2018-12-14 09:00,3.44135,2.51607,0.0,0.43496,0.49032,0.0,0.0,0.0,0.0
2018-12-14 10:00:00,2018-12-14 10:00,2.83377,2.25243,0.0,0.14269,0.43865,0.0,0.0,0.0,0.0
2018-12-14 11:00:00,2018-12-14 11:00,2.47668,2.0405,0.0,0.003,0.43318,0.0,0.0,0.0,0.0
2018-12-14 12:00:00,2018-12-14 12:00,2.25839,1.82112,0.0,0.003,0.43427,0.0,0.0,0.0,0.0
2018-12-14 13:00:00,2018-12-14 13:00,1.99601,1.54292,0.0,0.003,0.45009,0.0,0.0,0.0,0.0
2018-12-14 14:00:00,2018-12-14 14:00,2.03455,1.27748,0.0,0.2203,0.53677,0.0,0.0,0.0,0.0
2018-12-14 15:00:00,2018-12-14 15:00,1.9319,1.15354,0.0,0.29661,0.48175,0.0,0.0,0.0,0.0
2018-12-14 16:00:00,2018-12-14 16:00,1.69173,1.23223,0.0,0.003,0.4565,0.0,0.0,0.0,0.0
2018-12-14 17:00:00,2018-12-14 17:00,1.87248,1.36042,0.0,0.003,0.50906,0.0,0.0,0.0,0.0
2018-12-14 18:00:00,2018-12-14 18:00,2.32787,1.55728,0.0,0.21406,0.55653,0.0,0.0,0.0,0.0
2018-12-14 19:00:00,2018-12-14 19:00,3.10808,1.77835,0.0,0.43106,0.89867,0.0,0.0,0.0,0.0
2018-12-14 20:00:00,2018-12-14 20:00,3.60946,1.69298,0.0,0.30999,1.60649,0.0,0.0,0.0,0.0
2018-12-14 21:00:00,2018-12-14 21:00,5.49456,1.92099,0.0,0.003,3.57057,0.0,0.0,0.0,0.0
2018-12-14 22:00:00,2018-12-14 22:00,4.31671,1.93155,0.0,0.003,2.38216,0.0,0.0,0.0,0.0
2018-12-14 23:00:00,2018-12-14 23:00,2.61338,2.00405,0.0,0.003,0.60633,0.0,0.0,0.0,0.0
2018-12-15 00:00:00,2018-12-15 00:00,2.6564,2.17016,0.0,0.003,0.48324,0.0,0.0,0.0,0.0
2018-12-15 01:00:00,2018-12-15 01:00,2.83955,2.39985,0.0,0.003,0.4367,0.0,0.0,0.0,0.0
2018-12-15 02:00:00,2018-12-15 02:00,3.06295,2.52269,0.0,0.10889,0.43137,0.0,0.0,0.0,0.0
2018-12-15 03:00:00,2018-12-15 03:00,3.22901,2.55017,0.0,0.24866,0.43018,0.0,0.0,0.0,0.0
2018-12-15 04:00:00,2018-12-15 04:00,3.05393,2.62628,0.0,0.003,0.42465,0.0,0.0,0.0,0.0
2018-12-15 05:00:00,2018-12-15 05:00,3.18651,2.76262,0.0,0.003,0.42089,0.0,0.0,0.0,0.0
2018-12-15 06:00:00,2018-12-15 06:00,3.18892,2.7632,0.0,0.003,0.42272,0.0,0.0,0.0,0.0
2018-12-15 07:00:00,2018-12-15 07:00,3.40947,2.90031,0.0,0.003,0.50616,0.0,0.0,0.0,0.0
2018-12-15 08:00:00,2018-12-15 08:00,3.532,2.70485,0.0,0.10911,0.71804,0.0,0.0,0.0,0.0
2018-12-15 09:00:00,2018-12-15 09:00,3.79832,2.54323,0.0,0.43074,0.82435,0.0,0.0,0.0,0.0
2018-12-15 10:00:00,2018-12-15 10:00,3.0356,2.09378,0.0,0.08585,0.85597,0.0,0.0,0.0,0.0
2018-12-15 11:00:00,2018-12-15 11:00,2.41986,1.54652,0.0,0.003,0.87034,0.0,0.0,0.0,0.0
2018-12-15 12:00:00,2018-12-15 12:00,2.1556,1.16854,0.0,0.10741,0.87965,0.0,0.0,0.0,0.0
2018-12-15 13:00:00,2018-12-15 13:00,2.23845,1.04255,0.0,0.43674,0.75916,0.0,0.0,0.0,0.0
2018-12-15 14:00:00,2018-12-15 14:00,1.9049,0.9604,0.0,0.24532,0.69918,0.0,0.0,0.0,0.0
2018-12-15 15:00:00,2018-12-15 15:00,1.69154,0.84757,0.0,0.003,0.84097,0.0,0.0,0.0,0.0
2018-12-15 16:00:00,2018-12-15 16:00,1.74576,0.84545,0.0,0.003,0.89731,0.0,0.0,0.0,0.0
2018-12-15 17:00:00,2018-12-15 17:00,2.15605,0.78325,0.0,0.31934,1.05346,0.06745,0.0,0.0,0.06745
2018-12-15 18:00:00,2018-12-15 18:00,2.45777,0.90388,0.0,0.40213,1.15176,0.05808,0.0,0.0,0.05808
2018-12-15 19:00:00,2018-12-15 19:00,2.48008,1.25594,0.0,0.003,1.22114,0.0,0.0,0.0,0.0
2018-12-15 20:00:00,2018-12-15 20:00,2.61571,1.16522,0.0,0.21543,1.23506,0.0,0.0,0.0,0.0
2018-12-15 21:00:00,2018-12-15 21:00,2.87396,1.09292,0.0,0.366,1.41504,0.0,0.0,0.0,0.0
2018-12-15 22:00:00,2018-12-15 22:00,2.35819,1.10119,0.0,0.003,1.254,0.0,0.0,0.0,0.0
2018-12-15 23:00:00,2018-12-15 23:00,1.93977,1.21141,0.0,0.003,0.72536,0.0,0.0,0.0,0.0
2018-12-16 00:00:00,2018-12-16 00:00,1.80733,1.33487,0.0,0.003,0.46946,0.0,0.0,0.0,0.0
2018-12-16 01:00:00,2018-12-16 01:00,1.90633,1.46663,0.0,0.003,0.4367,0.0,0.0,0.0,0.0
2018-12-16 02:00:00,2018-12-16 02:00,1.9673,1.53293,0.0,0.003,0.43137,0.0,0.0,0.0,0.0
2018-12-16 03:00:00,2018-12-16 03:00,2.0556,1.62242,0.0,0.003,0.43018,0.0,0.0,0.0,0.0
2018-12-16 04:00:00,2018-12-16 04:00,2.21957,1.68431,0.0,0.10917,0.42609,0.0,0.0,0.0,0.0
2018-12-16 05:00:00,2018-12-16 05:00,2.51001,1.75985,0.0,0.31326,0.4369,0.0,0.0,0.0,0.0
2018-12-16 06:00:00,2018-12-16 06:00,2.35045,1.7912,0.0,0.1076,0.45165,0.0,0.0,0.0,0.0
2018-12-16 07:00:00,2018-12-16 07:00,2.82683,1.88172,0.0,0.42465,0.52046,0.0,0.0,0.0,0.0
2018-12-16 08:00:00,2018-12-16 08:00,2.52577,1.80039,0.0,0.15633,0.56905,0.0,0.0,0.0,0.0
2018-12-16 09:00:00,2018-12-16 09:00,2.39666,1.70192,0.0,0.003,0.69174,0.0,0.0,0.0,0.0
2018-12-16 10:00:00,2018-12-16 10:00,2.40495,1.43632,0.0,0.21649,0.75214,0.0,0.0,0.0,0.0
2018-12-16 11:00:00,2018-12-16 11:00,2.39128,1.18717,0.0,0.44273,0.76138,0.0,0.0,0.0,0.0
2018-12-16 12:00:00,2018-12-16 12:00,1.77937,0.91125,0.0,0.08848,0.77964,0.01124,0.0,0.0,0.01124
2018-12-16 13:00:00,2018-12-16 13:00,1.46091,0.61264,0.0,0.003,0.84527,0.05059,0.0,0.0,0.05059
2018-12-16 14:00:00,2018-12-16 14:00,2.19028,0.65809,0.0,0.31049,1.2217,0.0,0.0,0.0,0.0
2018-12-16 15:00:00,2018-12-16 15:00,4.13182,0.68149,0.0,0.43045,3.01988,0.01124,0.0,0.0,0.01124
2018-12-16 16:00:00,2018-12-16 16:00,3.80489,0.53326,0.0,0.14853,3.1231,0.05059,0.0,0.0,0.05059
2018-12-16 17:00:00,2018-12-16 17:00,3.22969,0.75548,0.0,0.10933,2.36488,0.0,0.0,0.0,0.0
2018-12-16 18:00:00,2018-12-16 18:00,2.22869,0.8702,0.0,0.38707,0.97142,0.01124,0.0,0.0,0.01124
2018-12-16 19:00:00,2018-12-16 19:00,2.4436,0.99869,0.0,0.003,1.44191,0.01875,0.0,0.0,0.01875
2018-12-16 20:00:00,2018-12-16 20:00,2.50816,1.01593,0.0,0.003,1.48923,0.0,0.0,0.0,0.0
2018-12-16 21:00:00,2018-12-16 21:00,2.58278,1.12733,0.0,0.003,1.45245,0.0,0.0,0.0,0.0
2018-12-16 22:00:00,2018-12-16 22:00,2.69172,1.22169,0.0,0.32206,1.14797,0.0,0.0,0.0,0.0
2018-12-16 23:00:00,2018-12-16 23:00,2.32366,1.31263,0.0,0.27856,0.73247,0.0,0.0,0.0,0.0
2018-12-17 00:00:00,2018-12-17 00:00,2.00214,1.42961,0.0,0.003,0.56953,0.0,0.0,0.0,0.0
2018-12-17 01:00:00,2018-12-17 01:00,2.03138,1.59296,0.0,0.003,0.43542,0.0,0.0,0.0,0.0
2018-12-17 02:00:00,2018-12-17 02:00,2.18057,1.74747,0.0,0.003,0.4301,0.0,0.0,0.0,0.0
2018-12-17 03:00:00,2018-12-17 03:00,2.24297,1.81103,0.0,0.003,0.42894,0.0,0.0,0.0,0.0
2018-12-17 04:00:00,2018-12-17 04:00,2.31235,1.88593,0.0,0.003,0.42342,0.0,0.0,0.0,0.0
2018-12-17 05:00:00,2018-12-17 05:00,2.41275,1.99011,0.0,0.003,0.41964,0.0,0.0,0.0,0.0
2018-12-17 06:00:00,2018-12-17 06:00,2.51136,2.08688,0.0,0.003,0.42148,0.0,0.0,0.0,0.0
2018-12-17 07:00:00,2018-12-17 07:00,2.8523,2.32915,0.0,0.003,0.52015,0.0,0.0,0.0,0.0
2018-12-17 08:00:00,2018-12-17 08:00,3.26033,2.31801,0.0,0.43268,0.50964,0.0,0.0,0.0,0.0
2018-12-17 09:00:00,2018-12-17 09:00,2.96632,2.20489,0.0,0.26248,0.49895,0.0,0.0,0.0,0.0
2018-12-17 10:00:00,2018-12-17 10:00,2.34539,1.8834,0.0,0.003,0.45899,0.01124,0.0,0.0,0.01124
2018-12-17 11:00:00,2018-12-17 11:00,2.11761,1.57076,0.0,0.003,0.54385,0.01875,0.0,0.0,0.01875
2018-12-17 12:00:00,2018-12-17 12:00,1.95354,1.196,0.0,0.10786,0.64968,0.06745,0.0,0.0,0.06745
2018-12-17 13:00:00,2018-12-17 13:00,2.02338,0.85287,0.0,0.43155,0.73896,0.11242,0.0,0.0,0.11242
2018-12-17 14:00:00,2018-12-17 14:00,1.88475,0.65579,0.0,0.29932,0.92964,0.11242,0.0,0.0,0.11242
2018-12-17 15:00:00,2018-12-17 15:00,3.28036,0.75013,0.0,0.003,2.52723,0.08805,0.0,0.0,0.08805
2018-12-17 16:00:00,2018-12-17 16:00,3.73424,1.06667,0.0,0.32111,2.34646,0.0,0.0,0.0,0.0
2018-12-17 17:00:00,2018-12-17 17:00,2.64905,1.30014,0.0,0.32817,1.02074,0.0,0.0,0.0,0.0
2018-12-17 18:00:00,2018-12-17 18:00,4.53852,1.6236,0.0,0.1072,2.80772,0.0,0.0,0.0,0.0
2018-12-17 19:00:00,2018-12-17 19:00,4.18988,1.79786,0.0,0.43384,1.95818,0.0,0.0,0.0,0.0
2018-12-17 20:00:00,2018-12-17 20:00,3.19126,1.57021,0.0,0.43656,1.18449,0.0,0.0,0.0,0.0
2018-12-17 21:00:00,2018-12-17 21:00,3.21087,1.5959,0.0,0.19729,1.41768,0.0,0.0,0.0,0.0
2018-12-17 22:00:00,2018-12-17 22:00,2.78538,1.62367,0.0,0.003,1.15871,0.0,0.0,0.0,0.0
2018-12-17 23:00:00,2018-12-17 23:00,2.81626,1.69002,0.0,0.003,1.12324,0.0,0.0,0.0,0.0
2018-12-18 00:00:00,2018-12-18 00:00,4.53281,1.9372,0.0,0.003,2.59261,0.0,0.0,0.0,0.0
2018-12-18 01:00:00,2018-12-18 01:00,2.826,1.81344,0.0,0.003,1.00956,0.0,0.0,0.0,0.0
2018-12-18 02:00:00,2018-12-18 02:00,2.185,1.75189,0.0,0.003,0.43011,0.0,0.0,0.0,0.0
2018-12-18 03:00:00,2018-12-18 03:00,2.19197,1.76004,0.0,0.003,0.42893,0.0,0.0,0.0,0.0
2018-12-18 04:00:00,2018-12-18 04:00,2.22454,1.79813,0.0,0.003,0.42341,0.0,0.0,0.0,0.0
2018-12-18 05:00:00,2018-12-18 05:00,2.3666,1.72247,0.0,0.21702,0.42711,0.0,0.0,0.0,0.0
2018-12-18 06:00:00,2018-12-18 06:00,2.29113,1.66657,0.0,0.19629,0.42827,0.0,0.0,0.0,0.0
2018-12-18 07:00:00,2018-12-18 07:00,2.28986,1.78105,0.0,0.003,0.50581,0.0,0.0,0.0,0.0
2018-12-18 08:00:00,2018-12-18 08:00,2.2079,1.74286,0.0,0.003,0.46204,0.0,0.0,0.0,0.0
2018-12-18 09:00:00,2018-12-18 09:00,2.33947,1.6506,0.0,0.21516,0.47371,0.0,0.0,0.0,0.0
2018-12-18 10:00:00,2018-12-18 10:00,2.42853,1.44014,0.0,0.43639,0.552,0.0,0.0,0.0,0.0
2018-12-18 11:00:00,2018-12-18 11:00,2.09632,1.35597,0.0,0.1923,0.54805,0.0,0.0,0.0,0.0
2018-12-18 12:00:00,2018-12-18 12:00,1.67759,1.14795,0.0,0.003,0.52664,0.0,0.0,0.0,0.0
2018-12-18 13:00:00,2018-12-18 13:00,1.53153,0.99503,0.0,0.003,0.5335,0.0,0.0,0.0,0.0
2018-12-18 14:00:00,2018-12-18 14:00,1.66801,0.91787,0.0,0.21339,0.53675,0.0,0.0,0.0,0.0
2018-12-18 15:00:00,2018-12-18 15:00,1.62763,0.92686,0.0,0.21903,0.48174,0.0,0.0,0.0,0.0
2018-12-18 16:00:00,2018-12-18 16:00,1.50818,1.06322,0.0,0.003,0.44196,0.0,0.0,0.0,0.0
2018-12-18 17:00:00,2018-12-18 17:00,1.78903,1.20745,0.0,0.003,0.57858,0.0,0.0,0.0,0.0
2018-12-18 18:00:00,2018-12-18 18:00,2.28184,1.241,0.0,0.31751,0.72333,0.0,0.0,0.0,0.0
2018-12-18 19:00:00,2018-12-18 19:00,2.90878,1.33189,0.0,0.43368,1.14321,0.0,0.0,0.0,0.0
2018-12-18 20:00:00,2018-12-18 20:00,2.86402,1.2542,0.0,0.41323,1.19659,0.0,0.0,0.0,0.0
2018-12-18 21:00:00,2018-12-18 21:00,3.75895,1.3368,0.0,0.43888,1.98327,0.0,0.0,0.0,0.0
2018-12-18 22:00:00,2018-12-18 22:00,4.98561,1.47103,0.0,0.28284,3.23174,0.0,0.0,0.0,0.0
2018-12-18 23:00:00,2018-12-18 23:00,2.59034,1.44874,0.0,0.003,1.1386,0.0,0.0,0.0,0.0
2018-12-19 00:00:00,2018-12-19 00:00,1.87117,1.42844,0.0,0.003,0.43973,0.0,0.0,0.0,0.0
2018-12-19 01:00:00,2018-12-19 01:00,1.96824,1.5298,0.0,0.003,0.43544,0.0,0.0,0.0,0.0
2018-12-19 02:00:00,2018-12-19 02:00,2.03524,1.60212,0.0,0.003,0.43012,0.0,0.0,0.0,0.0
2018-12-19 03:00:00,2018-12-19 03:00,2.0152,1.58328,0.0,0.003,0.42892,0.0,0.0,0.0,0.0
2018-12-19 04:00:00,2018-12-19 04:00,2.00958,1.58315,0.0,0.003,0.42343,0.0,0.0,0.0,0.0
2018-12-19 05:00:00,2018-12-19 05:00,1.98854,1.5659,0.0,0.003,0.41964,0.0,0.0,0.0,0.0
2018-12-19 06:00:00,2018-12-19 06:00,1.97634,1.52914,0.0,0.003,0.4442,0.01124,0.0,0.0,0.01124
2018-12-19 07:00:00,2018-12-19 07:00,2.40191,1.47816,0.0,0.32901,0.59474,0.05059,0.0,0.0,0.05059
2018-12-19 08:00:00,2018-12-19 08:00,2.22662,1.52231,0.0,0.18685,0.51746,0.0,0.0,0.0,0.0
2018-12-19 09:00:00,2018-12-19 09:00,2.36161,1.51319,0.0,0.31873,0.52969,0.0,0.0,0.0,0.0
2018-12-19 10:00:00,2018-12-19 10:00,2.30654,1.43127,0.0,0.34586,0.52941,0.0,0.0,0.0,0.0
2018-12-19 11:00:00,2018-12-19 11:00,1.63958,1.11147,0.0,0.003,0.52511,0.0,0.0,0.0,0.0
2018-12-19 12:00:00,2018-12-19 12:00,1.65805,1.17474,0.0,0.003,0.48031,0.0,0.0,0.0,0.0
2018-12-19 13:00:00,2018-12-19 13:00,2.21853,1.27574,0.0,0.43259,0.5102,0.0,0.0,0.0,0.0
2018-12-19 14:00:00,2018-12-19 14:00,2.00716,1.2183,0.0,0.262,0.52686,0.0,0.0,0.0,0.0
2018-12-19 15:00:00,2018-12-19 15:00,1.67554,1.23043,0.0,0.003,0.44211,0.0,0.0,0.0,0.0
2018-12-19 16:00:00,2018-12-19 16:00,1.8859,1.23893,0.0,0.10457,0.5424,0.0,0.0,0.0,0.0
2018-12-19 17:00:00,2018-12-19 17:00,2.4707,1.32554,0.0,0.41605,0.72911,0.0,0.0,0.0,0.0
2018-12-19 18:00:00,2018-12-19 18:00,2.73427,1.42032,0.0,0.44826,0.86569,0.0,0.0,0.0,0.0
2018-12-19 19:00:00,2018-12-19 19:00,2.60454,1.54972,0.0,0.01291,1.04191,0.0,0.0,0.0,0.0
2018-12-19 20:00:00,2018-12-19 20:00,2.73666,1.46157,0.0,0.32004,0.95505,0.0,0.0,0.0,0.0
2018-12-19 21:00:00,2018-12-19 21:00,2.61877,1.1108,0.0,0.32883,1.17914,0.09556,0.0,0.0,0.09556
2018-12-19 22:00:00,2018-12-19 22:00,2.35586,1.27511,0.0,0.003,1.07775,0.02998,0.0,0.0,0.02998
2018-12-19 23:00:00,2018-12-19 23:00,2.0211,1.52469,0.0,0.003,0.49341,0.0,0.0,0.0,0.0
2018-12-20 00:00:00,2018-12-20 00:00,2.04055,1.59783,0.0,0.003,0.43972,0.0,0.0,0.0,0.0
2018-12-20 01:00:00,2018-12-20 01:00,2.05386,1.61542,0.0,0.003,0.43544,0.0,0.0,0.0,0.0
2018-12-20 02:00:00,2018-12-20 02:00,2.04936,1.61624,0.0,0.003,0.43012,0.0,0.0,0.0,0.0
2018-12-20 03:00:00,2018-12-20 03:00,1.99448,1.56255,0.0,0.003,0.42893,0.0,0.0,0.0,0.0
2018-12-20 04:00:00,2018-12-20 04:00,2.01078,1.58437,0.0,0.003,0.42341,0.0,0.0,0.0,0.0
2018-12-20 05:00:00,2018-12-20 05:00,2.01996,1.59732,0.0,0.003,0.41964,0.0,0.0,0.0,0.0
2018-12-20 06:00:00,2018-12-20 06:00,2.39493,1.61822,0.0,0.32987,0.44684,0.0,0.0,0.0,0.0
2018-12-20 07:00:00,2018-12-20 07:00,2.76381,1.75233,0.0,0.41638,0.5951,0.0,0.0,0.0,0.0
2018-12-20 08:00:00,2018-12-20 08:00,2.6129,1.57064,0.0,0.41569,0.62657,0.04123,0.0,0.0,0.04123
2018-12-20 09:00:00,2018-12-20 09:00,2.96587,1.5844,0.0,0.44265,0.93882,0.05059,0.0,0.0,0.05059
2018-12-20 10:00:00,2018-12-20 10:00,3.61922,1.81171,0.0,0.25316,1.55435,0.0,0.0,0.0,0.0
2018-12-20 11:00:00,2018-12-20 11:00,2.78907,1.77458,0.0,0.003,1.01149,0.0,0.0,0.0,0.0
2018-12-20 12:00:00,2018-12-20 12:00,2.72178,1.77988,0.0,0.32249,0.61941,0.0,0.0,0.0,0.0
2018-12-20 13:00:00,2018-12-20 13:00,2.62394,1.8279,0.0,0.28155,0.51449,0.0,0.0,0.0,0.0
2018-12-20 14:00:00,2018-12-20 14:00,2.3856,1.94189,0.0,0.003,0.44071,0.0,0.0,0.0,0.0
2018-12-20 15:00:00,2018-12-20 15:00,2.41626,1.97115,0.0,0.003,0.44211,0.0,0.0,0.0,0.0
2018-12-20 16:00:00,2018-12-20 16:00,2.37044,1.91095,0.0,0.003,0.45649,0.0,0.0,0.0,0.0
2018-12-20 17:00:00,2018-12-20 17:00,2.51106,1.90761,0.0,0.003,0.60045,0.0,0.0,0.0,0.0
2018-12-20 18:00:00,2018-12-20 18:00,2.57141,1.91361,0.0,0.003,0.6548,0.0,0.0,0.0,0.0
2018-12-20 19:00:00,2018-12-20 19:00,3.35578,1.97202,0.0,0.32873,1.05503,0.0,0.0,0.0,0.0
2018-12-20 20:00:00,2018-12-20 20:00,3.30408,1.80966,0.0,0.29782,1.1966,0.0,0.0,0.0,0.0
2018-12-20 21:00:00,2018-12-20 21:00,3.04188,1.87962,0.0,0.003,1.15926,0.0,0.0,0.0,0.0
2018-12-20 22:00:00,2018-12-20 22:00,2.87165,2.0216,0.0,0.003,0.84705,0.0,0.0,0.0,0.0
2018-12-20 23:00:00,2018-12-20 23:00,2.72701,2.13893,0.0,0.003,0.58508,0.0,0.0,0.0,0.0
2018-12-21 00:00:00,2018-12-21 00:00,2.69435,2.19152,0.0,0.003,0.49983,0.0,0.0,0.0,0.0
2018-12-21 01:00:00,2018-12-21 01:00,2.62905,2.19061,0.0,0.003,0.43544,0.0,0.0,0.0,0.0
2018-12-21 02:00:00,2018-12-21 02:00,2.75944,2.32632,0.0,0.003,0.43012,0.0,0.0,0.0,0.0
2018-12-21 03:00:00,2018-12-21 03:00,2.80337,2.37143,0.0,0.003,0.42894,0.0,0.0,0.0,0.0
2018-12-21 04:00:00,2018-12-21 04:00,2.77944,2.35159,0.0,0.003,0.42485,0.0,0.0,0.0,0.0
2018-12-21 05:00:00,2018-12-21 05:00,3.1789,2.36926,0.0,0.3802,0.42944,0.0,0.0,0.0,0.0
2018-12-21 06:00:00,2018-12-21 06:00,2.87697,2.44681,0.0,0.003,0.42716,0.0,0.0,0.0,0.0
2018-12-21 07:00:00,2018-12-21 07:00,3.09221,2.56029,0.0,0.003,0.52892,0.0,0.0,0.0,0.0
2018-12-21 08:00:00,2018-12-21 08:00,3.14473,2.28592,0.0,0.21293,0.64588,0.02999,0.0,0.0,0.02999
2018-12-21 09:00:00,2018-12-21 09:00,3.5368,2.49103,0.0,0.42938,0.61639,0.0,0.0,0.0,0.0
2018-12-21 10:00:00,2018-12-21 10:00,3.46702,2.56222,0.0,0.39362,0.51118,0.0,0.0,0.0,0.0
2018-12-21 11:00:00,2018-12-21 11:00,3.00483,2.56864,0.0,0.003,0.43319,0.0,0.0,0.0,0.0
2018-12-21 12:00:00,2018-12-21 12:00,2.98073,2.54345,0.0,0.003,0.43428,0.0,0.0,0.0,0.0
2018-12-21 13:00:00,2018-12-21 13:00,2.91608,2.4398,0.0,0.003,0.47328,0.0,0.0,0.0,0.0
2018-12-21 14:00:00,2018-12-21 14:00,2.8737,2.35795,0.0,0.003,0.51275,0.0,0.0,0.0,0.0
2018-12-21 15:00:00,2018-12-21 15:00,3.28048,2.36791,0.0,0.43081,0.48176,0.0,0.0,0.0,0.0
2018-12-21 16:00:00,2018-12-21 16:00,2.8283,2.38338,0.0,0.003,0.44192,0.0,0.0,0.0,0.0
2018-12-21 17:00:00,2018-12-21 17:00,2.84477,2.39113,0.0,0.003,0.45064,0.0,0.0,0.0,0.0
2018-12-21 18:00:00,2018-12-21 18:00,3.12652,2.45238,0.0,0.003,0.67114,0.0,0.0,0.0,0.0
2018-12-21 19:00:00,2018-12-21 19:00,3.56824,2.32147,0.0,0.003,1.24377,0.06745,0.0,0.0,0.06745
2018-12-21 20:00:00,2018-12-21 20:00,3.83311,2.26876,0.0,0.31749,1.24686,0.02622,0.0,0.0,0.02622
2018-12-21 21:00:00,2018-12-21 21:00,4.2895,2.29673,0.0,0.38113,1.61164,0.0,0.0,0.0,0.0
2018-12-21 22:00:00,2018-12-21 22:00,4.66329,2.43303,0.0,0.003,2.22726,0.0,0.0,0.0,0.0
2018-12-21 23:00:00,2018-12-21 23:00,2.97406,2.38599,0.0,0.003,0.58507,0.0,0.0,0.0,0.0
2018-12-22 00:00:00,2018-12-22 00:00,2.89626,2.39329,0.0,0.003,0.49997,0.0,0.0,0.0,0.0
2018-12-22 01:00:00,2018-12-22 01:00,2.87221,2.43252,0.0,0.003,0.43669,0.0,0.0,0.0,0.0
2018-12-22 02:00:00,2018-12-22 02:00,2.90934,2.47499,0.0,0.003,0.43135,0.0,0.0,0.0,0.0
2018-12-22 03:00:00,2018-12-22 03:00,2.9635,2.53032,0.0,0.003,0.43018,0.0,0.0,0.0,0.0
2018-12-22 04:00:00,2018-12-22 04:00,2.99862,2.57096,0.0,0.003,0.42466,0.0,0.0,0.0,0.0
2018-12-22 05:00:00,2018-12-22 05:00,2.9614,2.53752,0.0,0.003,0.42088,0.0,0.0,0.0,0.0
2018-12-22 06:00:00,2018-12-22 06:00,3.04921,2.51054,0.0,0.11048,0.42819,0.0,0.0,0.0,0.0
2018-12-22 07:00:00,2018-12-22 07:00,3.59371,2.64594,0.0,0.4273,0.52047,0.0,0.0,0.0,0.0
2018-12-22 08:00:00,2018-12-22 08:00,3.37123,2.34775,0.0,0.44145,0.58203,0.06183,0.0,0.0,0.06183
2018-12-22 09:00:00,2018-12-22 09:00,3.08712,2.46262,0.0,0.06467,0.55983,0.0,0.0,0.0,0.0
2018-12-22 10:00:00,2018-12-22 10:00,3.14386,2.38874,0.0,0.003,0.75212,0.0,0.0,0.0,0.0
2018-12-22 11:00:00,2018-12-22 11:00,3.62877,2.3441,0.0,0.31844,0.96623,0.0,0.0,0.0,0.0
2018-12-22 12:00:00,2018-12-22 12:00,5.49833,2.43276,0.0,0.2895,2.77607,0.0,0.0,0.0,0.0
2018-12-22 13:00:00,2018-12-22 13:00,4.28463,2.27319,0.0,0.003,2.00844,0.0,0.0,0.0,0.0
2018-12-22 14:00:00,2018-12-22 14:00,2.97191,2.11243,0.0,0.003,0.85648,0.0,0.0,0.0,0.0
2018-12-22 15:00:00,2018-12-22 15:00,3.14369,2.09029,0.0,0.21241,0.84099,0.0,0.0,0.0,0.0
2018-12-22 16:00:00,2018-12-22 16:00,3.45839,2.03611,0.0,0.43286,0.98942,0.0,0.0,0.0,0.0
2018-12-22 17:00:00,2018-12-22 17:00,3.20846,1.94715,0.0,0.0975,1.16381,0.0,0.0,0.0,0.0
2018-12-22 18:00:00,2018-12-22 18:00,3.16928,1.83366,0.0,0.003,1.33262,0.02999,0.0,0.0,0.02999
2018-12-22 19:00:00,2018-12-22 19:00,3.71827,2.07204,0.0,0.21312,1.43311,0.0,0.0,0.0,0.0
2018-12-22 20:00:00,2018-12-22 20:00,3.71591,2.0529,0.0,0.42794,1.23507,0.0,0.0,0.0,0.0
2018-12-22 21:00:00,2018-12-22 21:00,3.43218,2.03382,0.0,0.17064,1.22772,0.0,0.0,0.0,0.0
2018-12-22 22:00:00,2018-12-22 22:00,3.25691,1.9852,0.0,0.003,1.26871,0.0,0.0,0.0,0.0
2018-12-22 23:00:00,2018-12-22 23:00,2.82923,2.04876,0.0,0.003,0.77747,0.0,0.0,0.0,0.0
2018-12-23 00:00:00,2018-12-23 00:00,2.50527,2.0613,0.0,0.003,0.44097,0.0,0.0,0.0,0.0
2018-12-23 01:00:00,2018-12-23 01:00,2.46313,2.02344,0.0,0.003,0.43669,0.0,0.0,0.0,0.0
2018-12-23 02:00:00,2018-12-23 02:00,2.5339,2.09955,0.0,0.003,0.43135,0.0,0.0,0.0,0.0
2018-12-23 03:00:00,2018-12-23 03:00,2.62955,2.19636,0.0,0.003,0.43019,0.0,0.0,0.0,0.0
2018-12-23 04:00:00,2018-12-23 04:00,2.95557,2.19999,0.0,0.33092,0.42466,0.0,0.0,0.0,0.0
2018-12-23 05:00:00,2018-12-23 05:00,2.66854,2.22821,0.0,0.01692,0.42341,0.0,0.0,0.0,0.0
2018-12-23 06:00:00,2018-12-23 06:00,2.66475,2.21011,0.0,0.003,0.45164,0.0,0.0,0.0,0.0
2018-12-23 07:00:00,2018-12-23 07:00,2.96859,2.43717,0.0,0.003,0.52842,0.0,0.0,0.0,0.0
2018-12-23 08:00:00,2018-12-23 08:00,3.08219,2.4785,0.0,0.003,0.60069,0.0,0.0,0.0,0.0
2018-12-23 09:00:00,2018-12-23 09:00,3.17664,2.49272,0.0,0.10917,0.57475,0.01124,0.0,0.0,0.01124
2018-12-23 10:00:00,2018-12-23 10:00,3.3034,2.38968,0.0,0.24708,0.66664,0.01875,0.0,0.0,0.01875
2018-12-23 11:00:00,2018-12-23 11:00,3.25334,2.46926,0.0,0.003,0.78108,0.0,0.0,0.0,0.0
2018-12-23 12:00:00,2018-12-23 12:00,5.35267,2.57359,0.0,0.003,2.77608,0.0,0.0,0.0,0.0
2018-12-23 13:00:00,2018-12-23 13:00,4.38901,2.31576,0.0,0.003,2.07025,0.06183,0.0,0.0,0.06183
2018-12-23 14:00:00,2018-12-23 14:00,3.35574,2.42257,0.0,0.003,0.93017,0.0,0.0,0.0,0.0
2018-12-23 15:00:00,2018-12-23 15:00,3.76958,2.36481,0.0,0.43155,0.97322,0.0,0.0,0.0,0.0
2018-12-23 16:00:00,2018-12-23 16:00,3.51689,2.3541,0.0,0.11361,1.04918,0.0,0.0,0.0,0.0
2018-12-23 17:00:00,2018-12-23 17:00,3.46622,2.36372,0.0,0.003,1.0995,0.0,0.0,0.0,0.0
2018-12-23 18:00:00,2018-12-23 18:00,3.66429,2.46344,0.0,0.10715,1.0937,0.0,0.0,0.0,0.0
2018-12-23 19:00:00,2018-12-23 19:00,4.2795,2.63715,0.0,0.4212,1.22115,0.0,0.0,0.0,0.0
2018-12-23 20:00:00,2018-12-23 20:00,3.78445,2.44428,0.0,0.10512,1.23505,0.0,0.0,0.0,0.0
2018-12-23 21:00:00,2018-12-23 21:00,4.10764,2.48354,0.0,0.40631,1.21779,0.01124,0.0,0.0,0.01124
2018-12-23 22:00:00,2018-12-23 22:00,3.64797,2.66912,0.0,0.003,0.97585,0.01875,0.0,0.0,0.01875
2018-12-23 23:00:00,2018-12-23 23:00,3.46052,2.85018,0.0,0.003,0.60734,0.0,0.0,0.0,0.0
2018-12-24 00:00:00,2018-12-24 00:00,3.36125,2.91429,0.0,0.003,0.44396,0.0,0.0,0.0,0.0
2018-12-24 01:00:00,2018-12-24 01:00,3.93104,3.0692,0.0,0.39769,0.46415,0.0,0.0,0.0,0.0
2018-12-24 02:00:00,2018-12-24 02:00,3.73502,3.3019,0.0,0.003,0.43012,0.0,0.0,0.0,0.0
2018-12-24 03:00:00,2018-12-24 03:00,3.91762,3.4857,0.0,0.003,0.42892,0.0,0.0,0.0,0.0
2018-12-24 04:00:00,2018-12-24 04:00,4.07195,3.64554,0.0,0.003,0.42341,0.0,0.0,0.0,0.0
2018-12-24 05:00:00,2018-12-24 05:00,4.06871,3.63971,0.0,0.003,0.426,0.0,0.0,0.0,0.0
2018-12-24 06:00:00,2018-12-24 06:00,4.41583,3.85017,0.0,0.10765,0.45801,0.0,0.0,0.0,0.0
2018-12-24 07:00:00,2018-12-24 07:00,4.98065,3.8831,0.0,0.43303,0.66452,0.03935,0.0,0.0,0.03935
2018-12-24 08:00:00,2018-12-24 08:00,4.53716,3.32697,0.0,0.42617,0.78402,0.08619,0.0,0.0,0.08619
2018-12-24 09:00:00,2018-12-24 09:00,4.40179,3.62186,0.0,0.2068,0.57313,0.0,0.0,0.0,0.0
2018-12-24 10:00:00,2018-12-24 10:00,3.93556,3.36684,0.0,0.003,0.56572,0.0,0.0,0.0,0.0
2018-12-24 11:00:00,2018-12-24 11:00,3.59187,3.14197,0.0,0.003,0.4469,0.0,0.0,0.0,0.0
2018-12-24 12:00:00,2018-12-24 12:00,3.32086,2.88359,0.0,0.003,0.43427,0.0,0.0,0.0,0.0
2018-12-24 13:00:00,2018-12-24 13:00,3.02028,2.5767,0.0,0.003,0.44058,0.0,0.0,0.0,0.0
2018-12-24 14:00:00,2018-12-24 14:00,2.75145,2.30776,0.0,0.003,0.44069,0.0,0.0,0.0,0.0
2018-12-24 15:00:00,2018-12-24 15:00,2.47129,2.02619,0.0,0.003,0.4421,0.0,0.0,0.0,0.0
2018-12-24 16:00:00,2018-12-24 16:00,2.6697,1.97241,0.0,0.21215,0.48514,0.0,0.0,0.0,0.0
2018-12-24 17:00:00,2018-12-24 17:00,3.23787,2.13598,0.0,0.43481,0.66708,0.02999,0.0,0.0,0.02999
2018-12-24 18:00:00,2018-12-24 18:00,3.19883,2.4154,0.0,0.0601,0.72333,0.0,0.0,0.0,0.0
2018-12-24 19:00:00,2018-12-24 19:00,3.55808,2.46694,0.0,0.003,1.08814,0.0,0.0,0.0,0.0
2018-12-24 20:00:00,2018-12-24 20:00,3.7577,2.2658,0.0,0.21091,1.28099,0.0,0.0,0.0,0.0
2018-12-24 21:00:00,2018-12-24 21:00,4.03039,2.26472,0.0,0.36862,1.39705,0.0,0.0,0.0,0.0
2018-12-24 22:00:00,2018-12-24 22:00,3.44996,2.39919,0.0,0.003,1.04777,0.0,0.0,0.0,0.0
2018-12-24 23:00:00,2018-12-24 23:00,3.25598,2.54039,0.0,0.003,0.71259,0.0,0.0,0.0,0.0
2018-12-25 00:00:00,2018-12-25 00:00,3.51405,2.58951,0.0,0.42472,0.49982,0.0,0.0,0.0,0.0
2018-12-25 01:00:00,2018-12-25 01:00,3.13277,2.69433,0.0,0.003,0.43544,0.0,0.0,0.0,0.0
2018-12-25 02:00:00,2018-12-25 02:00,3.25418,2.82107,0.0,0.003,0.43011,0.0,0.0,0.0,0.0
2018-12-25 03:00:00,2018-12-25 03:00,3.37244,2.94052,0.0,0.003,0.42892,0.0,0.0,0.0,0.0
2018-12-25 04:00:00,2018-12-25 04:00,3.36061,2.93419,0.0,0.003,0.42342,0.0,0.0,0.0,0.0
2018-12-25 05:00:00,2018-12-25 05:00,3.20806,2.77231,0.0,0.003,0.43275,0.0,0.0,0.0,0.0
2018-12-25 06:00:00,2018-12-25 06:00,3.61878,2.71444,0.0,0.42671,0.47763,0.0,0.0,0.0,0.0
2018-12-25 07:00:00,2018-12-25 07:00,3.73728,2.67732,0.0,0.42908,0.63088,0.02999,0.0,0.0,0.02999
2018-12-25 08:00:00,2018-12-25 08:00,3.6518,2.58426,0.0,0.42356,0.64398,0.0,0.0,0.0,0.0
2018-12-25 09:00:00,2018-12-25 09:00,3.61111,2.56316,0.0,0.41857,0.62938,0.0,0.0,0.0,0.0
2018-12-25 10:00:00,2018-12-25 10:00,3.32772,2.45705,0.0,0.33693,0.53374,0.0,0.0,0.0,0.0
2018-12-25 11:00:00,2018-12-25 11:00,2.83322,2.38788,0.0,0.003,0.44234,0.0,0.0,0.0,0.0
2018-12-25 12:00:00,2018-12-25 12:00,2.72892,2.25491,0.0,0.003,0.47101,0.0,0.0,0.0,0.0
2018-12-25 13:00:00,2018-12-25 13:00,2.65494,2.21135,0.0,0.003,0.44059,0.0,0.0,0.0,0.0
2018-12-25 14:00:00,2018-12-25 14:00,2.66441,2.2207,0.0,0.003,0.44071,0.0,0.0,0.0,0.0
2018-12-25 15:00:00,2018-12-25 15:00,2.67595,2.21943,0.0,0.003,0.45352,0.0,0.0,0.0,0.0
2018-12-25 16:00:00,2018-12-25 16:00,3.19655,2.20592,0.0,0.43104,0.55959,0.0,0.0,0.0,0.0
2018-12-25 17:00:00,2018-12-25 17:00,3.30567,2.26863,0.0,0.43658,0.60046,0.0,0.0,0.0,0.0
2018-12-25 18:00:00,2018-12-25 18:00,2.93849,2.02801,0.0,0.01052,0.89996,0.06183,0.0,0.0,0.06183
2018-12-25 19:00:00,2018-12-25 19:00,3.36227,2.17172,0.0,0.003,1.18755,0.01124,0.0,0.0,0.01124
2018-12-25 20:00:00,2018-12-25 20:00,3.11149,2.07444,0.0,0.003,1.03405,0.01875,0.0,0.0,0.01875
2018-12-25 21:00:00,2018-12-25 21:00,3.67879,2.12681,0.0,0.3117,1.24028,0.0,0.0,0.0,0.0
2018-12-25 22:00:00,2018-12-25 22:00,3.45656,2.1265,0.0,0.38601,0.94405,0.0,0.0,0.0,0.0
2018-12-25 23:00:00,2018-12-25 23:00,2.90713,2.19155,0.0,0.003,0.71258,0.0,0.0,0.0,0.0
2018-12-26 00:00:00,2018-12-26 00:00,2.8274,2.32134,0.0,0.003,0.50306,0.0,0.0,0.0,0.0
2018-12-26 01:00:00,2018-12-26 01:00,2.83228,2.38112,0.0,0.003,0.44816,0.0,0.0,0.0,0.0
2018-12-26 02:00:00,2018-12-26 02:00,2.83796,2.40484,0.0,0.003,0.43012,0.0,0.0,0.0,0.0
2018-12-26 03:00:00,2018-12-26 03:00,2.89905,2.4671,0.0,0.003,0.42895,0.0,0.0,0.0,0.0
2018-12-26 04:00:00,2018-12-26 04:00,3.17075,2.63767,0.0,0.10822,0.42486,0.0,0.0,0.0,0.0
2018-12-26 05:00:00,2018-12-26 05:00,3.57935,2.71307,0.0,0.43791,0.42837,0.0,0.0,0.0,0.0
2018-12-26 06:00:00,2018-12-26 06:00,3.29135,2.66293,0.0,0.18205,0.44637,0.0,0.0,0.0,0.0
2018-12-26 07:00:00,2018-12-26 07:00,3.34514,2.86522,0.0,0.003,0.47692,0.0,0.0,0.0,0.0
2018-12-26 08:00:00,2018-12-26 08:00,3.4547,2.69934,0.0,0.20669,0.54867,0.0,0.0,0.0,0.0
2018-12-26 09:00:00,2018-12-26 09:00,3.57996,2.68417,0.0,0.41835,0.47744,0.0,0.0,0.0,0.0
2018-12-26 10:00:00,2018-12-26 10:00,3.21881,2.56116,0.0,0.219,0.43865,0.0,0.0,0.0,0.0
2018-12-26 11:00:00,2018-12-26 11:00,2.8651,2.42891,0.0,0.003,0.43319,0.0,0.0,0.0,0.0
2018-12-26 12:00:00,2018-12-26 12:00,2.75685,2.31958,0.0,0.003,0.43427,0.0,0.0,0.0,0.0
2018-12-26 13:00:00,2018-12-26 13:00,2.6761,2.23252,0.0,0.003,0.44058,0.0,0.0,0.0,0.0
2018-12-26 14:00:00,2018-12-26 14:00,2.61627,2.17256,0.0,0.003,0.44071,0.0,0.0,0.0,0.0
2018-12-26 15:00:00,2018-12-26 15:00,2.58232,2.13723,0.0,0.003,0.44209,0.0,0.0,0.0,0.0
2018-12-26 16:00:00,2018-12-26 16:00,2.58252,2.13757,0.0,0.003,0.44195,0.0,0.0,0.0,0.0
2018-12-26 17:00:00,2018-12-26 17:00,2.63443,2.10778,0.0,0.003,0.52365,0.0,0.0,0.0,0.0
2018-12-26 18:00:00,2018-12-26 18:00,2.92959,1.88962,0.0,0.32334,0.71663,0.06745,0.0,0.0,0.06745
2018-12-26 19:00:00,2018-12-26 19:00,3.20265,1.62147,0.0,0.4357,1.14548,0.11242,0.0,0.0,0.11242
2018-12-26 20:00:00,2018-12-26 20:00,3.21085,1.80432,0.0,0.20057,1.20596,0.00936,0.0,0.0,0.00936
2018-12-26 21:00:00,2018-12-26 21:00,3.54076,1.95468,0.0,0.43448,1.1516,0.01124,0.0,0.0,0.01124
2018-12-26 22:00:00,2018-12-26 22:00,3.01015,1.75379,0.0,0.0434,1.21296,0.08243,0.0,0.0,0.08243
2018-12-26 23:00:00,2018-12-26 23:00,2.82399,2.10185,0.0,0.003,0.71914,0.0,0.0,0.0,0.0
2018-12-27 00:00:00,2018-12-27 00:00,2.68876,2.13903,0.0,0.003,0.54673,0.0,0.0,0.0,0.0
2018-12-27 01:00:00,2018-12-27 01:00,2.63136,2.18016,0.0,0.003,0.4482,0.0,0.0,0.0,0.0
2018-12-27 02:00:00,2018-12-27 02:00,2.52762,2.09451,0.0,0.003,0.43011,0.0,0.0,0.0,0.0
2018-12-27 03:00:00,2018-12-27 03:00,2.46424,2.03232,0.0,0.003,0.42892,0.0,0.0,0.0,0.0
2018-12-27 04:00:00,2018-12-27 04:00,2.81369,2.03267,0.0,0.35762,0.4234,0.0,0.0,0.0,0.0
2018-12-27 05:00:00,2018-12-27 05:00,2.43359,2.00826,0.0,0.003,0.42233,0.0,0.0,0.0,0.0
2018-12-27 06:00:00,2018-12-27 06:00,2.42899,1.968,0.0,0.003,0.45799,0.0,0.0,0.0,0.0
2018-12-27 07:00:00,2018-12-27 07:00,3.04388,2.00824,0.0,0.41828,0.61736,0.0,0.0,0.0,0.0
2018-12-27 08:00:00,2018-12-27 08:00,3.0185,1.92596,0.0,0.41744,0.6751,0.0,0.0,0.0,0.0
2018-12-27 09:00:00,2018-12-27 09:00,2.93858,1.86297,0.0,0.42458,0.65103,0.0,0.0,0.0,0.0
2018-12-27 10:00:00,2018-12-27 10:00,2.83931,1.79119,0.0,0.43699,0.61113,0.0,0.0,0.0,0.0
2018-12-27 11:00:00,2018-12-27 11:00,2.40455,1.8061,0.0,0.07332,0.52513,0.0,0.0,0.0,0.0
2018-12-27 12:00:00,2018-12-27 12:00,2.30272,1.82857,0.0,0.003,0.47115,0.0,0.0,0.0,0.0
2018-12-27 13:00:00,2018-12-27 13:00,2.54212,1.82967,0.0,0.21605,0.4964,0.0,0.0,0.0,0.0
2018-12-27 14:00:00,2018-12-27 14:00,2.65075,1.82062,0.0,0.35116,0.47897,0.0,0.0,0.0,0.0
2018-12-27 15:00:00,2018-12-27 15:00,2.28701,1.80583,0.0,0.003,0.47818,0.0,0.0,0.0,0.0
2018-12-27 16:00:00,2018-12-27 16:00,2.28896,1.76963,0.0,0.003,0.51633,0.0,0.0,0.0,0.0
2018-12-27 17:00:00,2018-12-27 17:00,2.46517,1.79764,0.0,0.10681,0.56072,0.0,0.0,0.0,0.0
2018-12-27 18:00:00,2018-12-27 18:00,3.00099,1.72219,0.0,0.4351,0.8437,0.0,0.0,0.0,0.0
2018-12-27 19:00:00,2018-12-27 19:00,3.11936,1.59743,0.0,0.29264,1.22929,0.06183,0.0,0.0,0.06183
2018-12-27 20:00:00,2018-12-27 20:00,3.07993,1.63879,0.0,0.003,1.43814,0.0,0.0,0.0,0.0
2018-12-27 21:00:00,2018-12-27 21:00,3.05633,1.65628,0.0,0.003,1.39705,0.0,0.0,0.0,0.0
2018-12-27 22:00:00,2018-12-27 22:00,2.73678,1.78971,0.0,0.003,0.94407,0.0,0.0,0.0,0.0
2018-12-27 23:00:00,2018-12-27 23:00,2.60944,1.88737,0.0,0.10907,0.613,0.0,0.0,0.0,0.0
2018-12-28 00:00:00,2018-12-28 00:00,2.95875,1.9513,0.0,0.4438,0.56365,0.0,0.0,0.0,0.0
2018-12-28 01:00:00,2018-12-28 01:00,2.55086,2.01174,0.0,0.07294,0.46618,0.0,0.0,0.0,0.0
2018-12-28 02:00:00,2018-12-28 02:00,2.54364,2.09132,0.0,0.003,0.44932,0.0,0.0,0.0,0.0
2018-12-28 03:00:00,2018-12-28 03:00,2.75816,2.31239,0.0,0.003,0.44277,0.0,0.0,0.0,0.0
2018-12-28 04:00:00,2018-12-28 04:00,3.24293,2.43725,0.0,0.37047,0.43521,0.0,0.0,0.0,0.0
2018-12-28 05:00:00,2018-12-28 05:00,2.94626,2.52091,0.0,0.003,0.42235,0.0,0.0,0.0,0.0
2018-12-28 06:00:00,2018-12-28 06:00,3.15414,2.69898,0.0,0.003,0.45216,0.0,0.0,0.0,0.0
2018-12-28 07:00:00,2018-12-28 07:00,3.85603,2.94837,0.0,0.31993,0.58773,0.02999,0.0,0.0,0.02999
2018-12-28 08:00:00,2018-12-28 08:00,3.87357,3.05987,0.0,0.21725,0.59645,0.0,0.0,0.0,0.0
2018-12-28 09:00:00,2018-12-28 09:00,3.99045,3.109,0.0,0.31732,0.56413,0.0,0.0,0.0,0.0
2018-12-28 10:00:00,2018-12-28 10:00,4.13673,3.17047,0.0,0.43683,0.52943,0.0,0.0,0.0,0.0
2018-12-28 11:00:00,2018-12-28 11:00,3.88638,3.21502,0.0,0.14625,0.52511,0.0,0.0,0.0,0.0
2018-12-28 12:00:00,2018-12-28 12:00,3.6099,3.08959,0.0,0.003,0.51731,0.0,0.0,0.0,0.0
2018-12-28 13:00:00,2018-12-28 13:00,3.76895,3.32537,0.0,0.003,0.44058,0.0,0.0,0.0,0.0
2018-12-28 14:00:00,2018-12-28 14:00,3.90656,3.46284,0.0,0.003,0.44072,0.0,0.0,0.0,0.0
2018-12-28 15:00:00,2018-12-28 15:00,3.94674,3.50165,0.0,0.003,0.44209,0.0,0.0,0.0,0.0
2018-12-28 16:00:00,2018-12-28 16:00,4.05898,3.36685,0.0,0.10637,0.58576,0.0,0.0,0.0,0.0
2018-12-28 17:00:00,2018-12-28 17:00,4.52035,3.32465,0.0,0.40812,0.78758,0.0,0.0,0.0,0.0
2018-12-28 18:00:00,2018-12-28 18:00,4.84883,3.42932,0.0,0.41441,1.0051,0.0,0.0,0.0,0.0
2018-12-28 19:00:00,2018-12-28 19:00,5.30652,3.70131,0.0,0.4289,1.17631,0.0,0.0,0.0,0.0
2018-12-28 20:00:00,2018-12-28 20:00,4.86961,3.42005,0.0,0.16712,1.28244,0.06183,0.0,0.0,0.06183
2018-12-28 21:00:00,2018-12-28 21:00,5.00962,3.58895,0.0,0.003,1.41767,0.0,0.0,0.0,0.0
2018-12-28 22:00:00,2018-12-28 22:00,4.92965,3.63242,0.0,0.32209,0.97514,0.0,0.0,0.0,0.0
2018-12-28 23:00:00,2018-12-28 23:00,4.58021,3.73441,0.0,0.20406,0.64174,0.0,0.0,0.0,0.0
2018-12-29 00:00:00,2018-12-29 00:00,4.3195,3.84998,0.0,0.003,0.46652,0.0,0.0,0.0,0.0
2018-12-29 01:00:00,2018-12-29 01:00,4.37037,3.93067,0.0,0.003,0.4367,0.0,0.0,0.0,0.0
2018-12-29 02:00:00,2018-12-29 02:00,4.43091,3.99653,0.0,0.003,0.43138,0.0,0.0,0.0,0.0
2018-12-29 03:00:00,2018-12-29 03:00,4.5557,4.12252,0.0,0.003,0.43018,0.0,0.0,0.0,0.0
2018-12-29 04:00:00,2018-12-29 04:00,4.5662,4.13854,0.0,0.003,0.42466,0.0,0.0,0.0,0.0
2018-12-29 05:00:00,2018-12-29 05:00,4.53847,4.11456,0.0,0.003,0.42091,0.0,0.0,0.0,0.0
2018-12-29 06:00:00,2018-12-29 06:00,4.58155,4.15583,0.0,0.003,0.42272,0.0,0.0,0.0,0.0
2018-12-29 07:00:00,2018-12-29 07:00,4.93388,4.46824,0.0,0.003,0.46264,0.0,0.0,0.0,0.0
2018-12-29 08:00:00,2018-12-29 08:00,4.8356,4.27652,0.0,0.003,0.55608,0.06745,0.0,0.0,0.06745
2018-12-29 09:00:00,2018-12-29 09:00,5.05987,4.34326,0.0,0.10908,0.60753,0.05808,0.0,0.0,0.05808
2018-12-29 10:00:00,2018-12-29 10:00,5.677,4.62642,0.0,0.42846,0.62212,0.0,0.0,0.0,0.0
2018-12-29 11:00:00,2018-12-29 11:00,5.60779,4.59745,0.0,0.35823,0.65211,0.0,0.0,0.0,0.0
2018-12-29 12:00:00,2018-12-29 12:00,5.18229,4.52158,0.0,0.003,0.65771,0.0,0.0,0.0,0.0
2018-12-29 13:00:00,2018-12-29 13:00,4.96553,4.28145,0.0,0.003,0.68108,0.0,0.0,0.0,0.0
2018-12-29 14:00:00,2018-12-29 14:00,4.98009,3.96378,0.0,0.20838,0.80793,0.0,0.0,0.0,0.0
2018-12-29 15:00:00,2018-12-29 15:00,4.9632,3.67525,0.0,0.43218,0.85577,0.0,0.0,0.0,0.0
2018-12-29 16:00:00,2018-12-29 16:00,5.00075,3.53516,0.0,0.40517,1.06042,0.01124,0.0,0.0,0.01124
2018-12-29 17:00:00,2018-12-29 17:00,4.63405,3.43718,0.0,0.003,1.19387,0.05059,0.0,0.0,0.05059
2018-12-29 18:00:00,2018-12-29 18:00,4.94385,3.82365,0.0,0.003,1.1172,0.0,0.0,0.0,0.0
2018-12-29 19:00:00,2018-12-29 19:00,5.48717,4.02566,0.0,0.003,1.45851,0.0,0.0,0.0,0.0
2018-12-29 20:00:00,2018-12-29 20:00,5.59172,3.67991,0.0,0.42261,1.4892,0.0,0.0,0.0,0.0
2018-12-29 21:00:00,2018-12-29 21:00,5.17501,3.70583,0.0,0.03777,1.43141,0.0,0.0,0.0,0.0
2018-12-29 22:00:00,2018-12-29 22:00,4.83046,3.76407,0.0,0.003,1.06339,0.0,0.0,0.0,0.0
2018-12-29 23:00:00,2018-12-29 23:00,4.36395,3.71663,0.0,0.003,0.64432,0.0,0.0,0.0,0.0
2018-12-30 00:00:00,2018-12-30 00:00,4.172,3.72801,0.0,0.003,0.44099,0.0,0.0,0.0,0.0
2018-12-30 01:00:00,2018-12-30 01:00,4.1916,3.75191,0.0,0.003,0.43669,0.0,0.0,0.0,0.0
2018-12-30 02:00:00,2018-12-30 02:00,4.17728,3.74291,0.0,0.003,0.43137,0.0,0.0,0.0,0.0
2018-12-30 03:00:00,2018-12-30 03:00,4.04281,3.60965,0.0,0.003,0.43016,0.0,0.0,0.0,0.0
2018-12-30 04:00:00,2018-12-30 04:00,3.83428,3.40663,0.0,0.003,0.42465,0.0,0.0,0.0,0.0
2018-12-30 05:00:00,2018-12-30 05:00,3.71975,3.29584,0.0,0.003,0.42091,0.0,0.0,0.0,0.0
2018-12-30 06:00:00,2018-12-30 06:00,3.65235,3.22664,0.0,0.003,0.42271,0.0,0.0,0.0,0.0
2018-12-30 07:00:00,2018-12-30 07:00,3.6983,3.19712,0.0,0.003,0.49818,0.0,0.0,0.0,0.0
2018-12-30 08:00:00,2018-12-30 08:00,3.9115,2.94509,0.0,0.31942,0.64699,0.0,0.0,0.0,0.0
2018-12-30 09:00:00,2018-12-30 09:00,4.09137,2.82167,0.0,0.4341,0.8356,0.01124,0.0,0.0,0.01124
2018-12-30 10:00:00,2018-12-30 10:00,3.44047,2.51852,0.0,0.07794,0.84401,0.05059,0.0,0.0,0.05059
2018-12-30 11:00:00,2018-12-30 11:00,3.40915,2.44901,0.0,0.20991,0.75023,0.0,0.0,0.0,0.0
2018-12-30 12:00:00,2018-12-30 12:00,3.29698,2.21742,0.0,0.42185,0.65771,0.0,0.0,0.0,0.0
2018-12-30 13:00:00,2018-12-30 13:00,3.1623,2.06958,0.0,0.42868,0.66404,0.01124,0.0,0.0,0.01124
2018-12-30 14:00:00,2018-12-30 14:00,3.08345,1.8337,0.0,0.42308,0.82667,0.01875,0.0,0.0,0.01875
2018-12-30 15:00:00,2018-12-30 15:00,3.18856,1.83398,0.0,0.4337,0.92088,0.0,0.0,0.0,0.0
2018-12-30 16:00:00,2018-12-30 16:00,2.8899,1.83771,0.0,0.003,1.04919,0.0,0.0,0.0,0.0
2018-12-30 17:00:00,2018-12-30 17:00,3.13622,1.86675,0.0,0.10566,1.16381,0.0,0.0,0.0,0.0
2018-12-30 18:00:00,2018-12-30 18:00,3.61293,1.87221,0.0,0.42682,1.3139,0.01124,0.0,0.0,0.01124
2018-12-30 19:00:00,2018-12-30 19:00,3.43691,1.93227,0.0,0.02739,1.47725,0.01875,0.0,0.0,0.01875
2018-12-30 20:00:00,2018-12-30 20:00,3.2875,1.82016,0.0,0.003,1.46434,0.0,0.0,0.0,0.0
2018-12-30 21:00:00,2018-12-30 21:00,2.93489,1.66353,0.0,0.003,1.26836,0.06183,0.0,0.0,0.06183
2018-12-30 22:00:00,2018-12-30 22:00,2.89781,1.81681,0.0,0.003,1.078,0.0,0.0,0.0,0.0
2018-12-30 23:00:00,2018-12-30 23:00,2.64993,1.85513,0.0,0.003,0.7918,0.0,0.0,0.0,0.0
2018-12-31 00:00:00,2018-12-31 00:00,2.43988,1.90325,0.0,0.003,0.53363,0.0,0.0,0.0,0.0
2018-12-31 01:00:00,2018-12-31 01:00,2.4354,1.99695,0.0,0.003,0.43545,0.0,0.0,0.0,0.0
2018-12-31 02:00:00,2018-12-31 02:00,2.47916,2.04604,0.0,0.003,0.43012,0.0,0.0,0.0,0.0
2018-12-31 03:00:00,2018-12-31 03:00,2.4843,2.05237,0.0,0.003,0.42893,0.0,0.0,0.0,0.0
2018-12-31 04:00:00,2018-12-31 04:00,2.6017,2.06726,0.0,0.10957,0.42487,0.0,0.0,0.0,0.0
2018-12-31 05:00:00,2018-12-31 05:00,2.93395,2.11566,0.0,0.38221,0.43608,0.0,0.0,0.0,0.0
2018-12-31 06:00:00,2018-12-31 06:00,2.79117,2.1344,0.0,0.21167,0.4451,0.0,0.0,0.0,0.0
2018-12-31 07:00:00,2018-12-31 07:00,3.07068,2.24232,0.0,0.32176,0.5066,0.0,0.0,0.0,0.0
2018-12-31 08:00:00,2018-12-31 08:00,2.7664,2.14329,0.0,0.10563,0.51748,0.0,0.0,0.0,0.0
2018-12-31 09:00:00,2018-12-31 09:00,3.19538,2.19561,0.0,0.41795,0.58182,0.0,0.0,0.0,0.0
2018-12-31 10:00:00,2018-12-31 10:00,3.13628,2.04171,0.0,0.42161,0.67296,0.06183,0.0,0.0,0.06183
2018-12-31 11:00:00,2018-12-31 11:00,3.30047,2.35026,0.0,0.42511,0.5251,0.0,0.0,0.0,0.0
2018-12-31 12:00:00,2018-12-31 12:00,3.09772,2.41935,0.0,0.20724,0.47113,0.0,0.0,0.0,0.0
2018-12-31 13:00:00,2018-12-31 13:00,3.04846,2.60488,0.0,0.003,0.44058,0.0,0.0,0.0,0.0
2018-12-31 14:00:00,2018-12-31 14:00,3.21192,2.76823,0.0,0.003,0.44069,0.0,0.0,0.0,0.0
2018-12-31 15:00:00,2018-12-31 15:00,3.24146,2.79635,0.0,0.003,0.44211,0.0,0.0,0.0,0.0
2018-12-31 16:00:00,2018-12-31 16:00,3.3206,2.87565,0.0,0.003,0.44195,0.0,0.0,0.0,0.0
2018-12-31 17:00:00,2018-12-31 17:00,3.48049,3.02684,0.0,0.003,0.45065,0.0,0.0,0.0,0.0
2018-12-31 18:00:00,2018-12-31 18:00,3.63173,3.09441,0.0,0.003,0.53432,0.0,0.0,0.0,0.0
2018-12-31 19:00:00,2018-12-31 19:00,4.48417,3.26514,0.0,0.10892,1.11011,0.0,0.0,0.0,0.0
2018-12-31 20:00:00,2018-12-31 20:00,4.97898,3.13848,0.0,0.43865,1.40185,0.0,0.0,0.0,0.0
2018-12-31 21:00:00,2018-12-31 21:00,4.96334,3.30131,0.0,0.42697,1.23506,0.0,0.0,0.0,0.0
2018-12-31 22:00:00,2018-12-31 22:00,4.53971,3.55651,0.0,0.30794,0.67526,0.0,0.0,0.0,0.0
2018-12-31 23:00:00,2018-12-31 23:00,4.47599,3.83125,0.0,0.003,0.64174,0.0,0.0,0.0,0.0
